date,open,high,low,close,volume,amount,raw_open,raw_high,raw_low,raw_close,tradable,name,provisional
2016-01-04,305.85,307.01,279.851,280.316,895965.0,931803600.0,11.5,11.55,10.38,10.4,True,金 融 街,False
2016-01-05,270.798,287.279,268.245,283.333,1001312.0,1054381536.0,9.99,10.7,9.88,10.53,True,金 融 街,False
2016-01-06,281.244,288.208,277.066,287.047,885074.0,946144106.0,10.44,10.74,10.26,10.69,True,金 融 街,False
2016-01-07,280.548,280.78,262.209,262.674,223825.0,215767300.0,10.41,10.42,9.62,9.64,True,金 融 街,False
2016-01-08,267.781,279.387,255.478,271.495,1016835.0,1018868670.0,9.86,10.36,9.33,10.02,True,金 融 街,False
2016-01-11,266.388,269.638,248.978,250.603,752984.0,686721408.0,9.8,9.94,9.05,9.12,True,金 融 街,False
2016-01-12,253.156,270.798,249.907,263.37,1069767.0,1034464689.0,9.23,9.99,9.09,9.67,True,金 融 街,False
2016-01-13,262.442,272.655,254.781,258.263,752343.0,710964135.0,9.63,10.07,9.3,9.45,True,金 融 街,False
2016-01-14,250.139,274.28,248.05,271.727,899494.0,902192482.0,9.1,10.14,9.01,10.03,True,金 融 街,False
2016-01-15,268.709,279.619,263.138,265.924,929213.0,908770314.0,9.9,10.37,9.66,9.78,True,金 融 街,False
2016-01-18,261.745,274.28,257.799,268.709,657837.0,651258630.0,9.6,10.14,9.43,9.9,True,金 融 街,False
2016-01-19,266.388,281.476,262.209,276.602,874455.0,895441920.0,9.8,10.45,9.62,10.24,True,金 融 街,False
2016-01-20,274.048,274.048,265.227,267.084,640653.0,629761899.0,10.13,10.13,9.75,9.83,True,金 融 街,False
2016-01-21,263.138,267.781,254.085,255.942,567059.0,530200165.0,9.66,9.86,9.27,9.35,True,金 融 街,False
2016-01-22,258.031,259.888,251.532,258.031,430051.0,405968144.0,9.44,9.52,9.16,9.44,True,金 融 街,False
2016-01-25,258.495,261.745,254.317,256.871,339972.0,319233708.0,9.46,9.6,9.28,9.39,True,金 融 街,False
2016-01-26,254.781,256.406,235.05,235.05,637307.0,538524415.0,9.3,9.37,8.45,8.45,True,金 融 街,False
2016-01-27,235.282,238.997,224.837,237.14,566236.0,483565544.0,8.46,8.62,8.01,8.54,True,金 融 街,False
2016-01-28,234.122,238.068,228.783,229.711,348634.0,286577148.0,8.41,8.58,8.18,8.22,True,金 融 街,False
2016-01-29,229.479,241.782,229.015,238.764,443589.0,381930129.0,8.21,8.74,8.19,8.61,True,金 融 街,False
2016-02-01,237.372,243.175,235.05,239.461,421882.0,364506048.0,8.55,8.8,8.45,8.64,True,金 融 街,False
2016-02-02,239.693,251.996,238.764,248.978,492298.0,445529690.00000006,8.65,9.18,8.61,9.05,True,金 融 街,False
2016-02-03,248.978,254.549,247.121,249.21,424238.0,384359628.0,9.05,9.29,8.97,9.06,True,金 融 街,False
2016-02-04,249.442,251.764,246.889,248.746,394920.0,357007679.99999994,9.07,9.17,8.96,9.04,True,金 融 街,False
2016-02-05,249.21,250.371,246.657,247.817,263212.0,236890800.0,9.06,9.11,8.95,9.0,True,金 融 街,False
2016-02-15,240.621,247.817,239.461,247.353,250322.0,224789156.0,8.69,9.0,8.64,8.98,True,金 融 街,False
2016-02-16,248.514,254.085,247.817,253.621,285382.0,263978350.0,9.03,9.27,9.0,9.25,True,金 融 街,False
2016-02-17,252.46,253.389,248.978,252.228,264219.0,242817261.0,9.2,9.24,9.05,9.19,True,金 融 街,False
2016-02-18,254.317,258.031,248.746,249.442,365937.0,331904859.0,9.28,9.44,9.04,9.07,True,金 融 街,False
2016-02-19,249.442,250.835,245.032,247.817,267568.0,240811200.0,9.07,9.13,8.88,9.0,True,金 融 街,False
2016-02-22,251.299,257.799,251.299,256.871,490737.0,460802043.0,9.15,9.43,9.15,9.39,True,金 融 街,False
2016-02-23,255.942,256.174,248.978,251.764,299977.0,275078909.0,9.35,9.36,9.05,9.17,True,金 融 街,False
2016-02-24,250.371,254.317,248.978,254.085,245206.0,227305962.0,9.11,9.28,9.05,9.27,True,金 融 街,False
2016-02-25,255.942,255.942,232.497,232.961,433258.0,362203688.0,9.35,9.35,8.34,8.36,True,金 融 街,False
2016-02-26,235.282,239.693,232.961,236.443,271976.0,231451576.0,8.46,8.65,8.36,8.51,True,金 融 街,False
2016-02-29,239.925,252.692,236.907,242.711,581664.0,510700992.0,8.66,9.21,8.53,8.78,True,金 融 街,False
2016-03-01,244.568,260.585,241.55,252.46,693971.0,638453320.0,8.86,9.55,8.73,9.2,True,金 融 街,False
2016-03-02,251.764,273.816,250.139,271.959,1129509.0,1134027036.0,9.17,10.12,9.1,10.04,True,金 融 街,False
2016-03-03,272.655,274.744,262.906,264.067,1037958.0,1006819260.0,10.07,10.16,9.65,9.7,True,金 融 街,False
2016-03-04,263.138,268.941,259.656,262.674,685542.0,660862488.0,9.66,9.91,9.51,9.64,True,金 融 街,False
2016-03-07,268.709,268.709,259.424,261.513,345820.0,331641380.0,9.9,9.9,9.5,9.59,True,金 融 街,False
2016-03-08,262.674,262.674,249.21,257.335,375995.0,353811295.0,9.64,9.64,9.06,9.41,True,金 融 街,False
2016-03-09,252.46,254.085,249.21,250.835,187634.0,171309842.0,9.2,9.27,9.06,9.13,True,金 融 街,False
2016-03-10,251.067,253.389,246.425,247.817,199340.0,179406000.0,9.14,9.24,8.94,9.0,True,金 融 街,False
2016-03-11,245.96,247.585,243.175,245.032,206097.0,183014136.00000003,8.92,8.99,8.8,8.88,True,金 融 街,False
2016-03-14,247.817,253.621,246.889,250.835,269902.0,246420526.00000003,9.0,9.25,8.96,9.13,True,金 融 街,False
2016-03-15,250.139,251.299,244.568,247.817,237298.0,213568200.0,9.1,9.15,8.86,9.0,True,金 融 街,False
2016-03-16,248.514,248.978,245.032,246.889,180082.0,161353472.00000003,9.03,9.05,8.88,8.96,True,金 融 街,False
2016-03-17,247.585,252.924,246.657,251.067,278475.0,254526150.00000003,8.99,9.22,8.95,9.14,True,金 融 街,False
2016-03-18,251.532,258.031,250.371,256.174,409709.0,383487624.0,9.16,9.44,9.11,9.36,True,金 融 街,False
2016-03-21,259.424,264.067,257.335,261.281,478426.0,458332108.0,9.5,9.7,9.41,9.58,True,金 融 街,False
2016-03-22,259.424,260.352,256.406,256.871,264145.0,248032155.00000003,9.5,9.54,9.37,9.39,True,金 融 街,False
2016-03-23,255.942,258.263,254.317,256.638,197740.0,185480120.00000003,9.35,9.45,9.28,9.38,True,金 融 街,False
2016-03-24,255.246,260.817,253.156,255.942,348006.0,325385610.0,9.32,9.56,9.23,9.35,True,金 融 街,False
2016-03-25,257.335,263.834,257.103,259.424,307775.0,292386250.0,9.41,9.69,9.4,9.5,True,金 融 街,False
2016-03-28,260.585,260.585,253.853,254.317,334663.0,310567264.0,9.55,9.55,9.26,9.28,True,金 融 街,False
2016-03-29,254.549,254.781,247.353,248.978,221245.0,200226725.00000003,9.29,9.3,8.98,9.05,True,金 融 街,False
2016-03-30,250.603,255.478,249.674,254.781,203345.0,189110850.0,9.12,9.33,9.08,9.3,True,金 融 街,False
2016-03-31,255.71,256.406,252.924,254.781,187287.0,174176910.0,9.34,9.37,9.22,9.3,True,金 融 街,False
2016-04-01,253.853,254.549,250.139,253.621,157972.0,146124100.0,9.26,9.29,9.1,9.25,True,金 融 街,False
2016-04-05,253.621,258.728,252.46,258.031,242166.0,228604704.0,9.25,9.47,9.2,9.44,True,金 融 街,False
2016-04-06,257.567,258.031,254.085,255.942,215488.0,201481280.0,9.42,9.44,9.27,9.35,True,金 融 街,False
2016-04-07,256.871,258.031,253.156,253.156,219964.0,203026772.0,9.39,9.44,9.23,9.23,True,金 融 街,False
2016-04-08,252.924,254.549,249.674,251.764,164146.0,150521882.0,9.22,9.29,9.08,9.17,True,金 融 街,False
2016-04-11,252.692,255.942,252.692,254.549,180726.0,167894453.99999997,9.21,9.35,9.21,9.29,True,金 融 街,False
2016-04-12,254.317,255.478,250.371,251.996,169415.0,155522970.0,9.28,9.33,9.11,9.18,True,金 融 街,False
2016-04-13,253.621,258.031,253.156,255.71,298893.0,279166062.0,9.25,9.44,9.23,9.34,True,金 融 街,False
2016-04-14,257.335,258.495,255.942,257.567,186253.0,175450326.0,9.41,9.46,9.35,9.42,True,金 融 街,False
2016-04-15,257.567,259.424,256.871,258.031,254283.0,240043152.0,9.42,9.5,9.39,9.44,True,金 融 街,False
2016-04-18,258.031,258.031,252.924,253.853,154077.0,142675302.0,9.44,9.44,9.22,9.26,True,金 融 街,False
2016-04-19,255.942,256.174,253.156,255.013,110314.0,102702334.0,9.35,9.36,9.23,9.31,True,金 融 街,False
2016-04-20,255.478,255.478,244.568,248.05,239958.0,216202158.0,9.33,9.33,8.86,9.01,True,金 融 街,False
2016-04-21,248.282,250.139,246.193,246.425,107049.0,95701806.0,9.02,9.1,8.93,8.94,True,金 融 街,False
2016-04-22,246.425,251.764,245.496,249.907,152296.0,138437064.0,8.94,9.17,8.9,9.09,True,金 融 街,False
2016-04-25,249.907,249.907,244.568,246.889,119777.0,107320192.0,9.09,9.09,8.86,8.96,True,金 融 街,False
2016-04-26,246.657,248.978,245.96,248.05,88028.0,79313228.0,8.95,9.05,8.92,9.01,True,金 融 街,False
2016-04-27,248.514,250.835,247.585,248.282,99835.0,90051170.0,9.03,9.13,8.99,9.02,True,金 融 街,False
2016-04-28,248.514,249.21,245.264,246.889,106821.0,95711616.0,9.03,9.06,8.89,8.96,True,金 融 街,False
2016-04-29,246.657,249.442,246.193,248.514,80695.0,72867585.0,8.95,9.07,8.93,9.03,True,金 融 街,False
2016-05-03,248.978,252.228,247.585,251.996,204473.0,187706214.0,9.05,9.19,8.99,9.18,True,金 融 街,False
2016-05-04,251.532,255.478,251.067,253.853,208920.0,193459920.0,9.16,9.33,9.14,9.26,True,金 融 街,False
2016-05-05,254.781,263.602,253.621,263.37,574105.0,555159535.0,9.3,9.68,9.25,9.67,True,金 融 街,False
2016-05-06,263.37,265.691,258.728,260.12,567360.0,540694080.0,9.67,9.77,9.47,9.53,True,金 融 街,False
2016-05-09,257.799,265.227,252.692,263.138,484383.0,467913978.0,9.43,9.75,9.21,9.66,True,金 融 街,False
2016-05-10,261.745,276.369,260.585,274.28,729753.0,739969542.0,9.6,10.23,9.55,10.14,True,金 融 街,False
2016-05-11,271.727,287.279,269.87,283.565,745385.0,785635789.9999999,10.03,10.7,9.95,10.54,True,金 融 街,False
2016-05-12,279.387,279.387,271.03,272.655,427027.0,430016189.0,10.36,10.36,10.0,10.07,True,金 融 街,False
2016-05-13,271.03,272.423,266.62,267.316,329497.0,324225048.0,10.0,10.06,9.81,9.84,True,金 融 街,False
2016-05-16,267.548,273.12,265.924,270.566,320970.0,320328060.0,9.85,10.09,9.78,9.98,True,金 融 街,False
2016-05-17,268.941,270.102,262.209,263.37,288158.0,278648786.0,9.91,9.96,9.62,9.67,True,金 融 街,False
2016-05-18,262.209,270.102,261.281,270.102,351295.0,349889820.00000006,9.62,9.96,9.58,9.96,True,金 融 街,False
2016-05-19,268.709,276.137,267.548,272.887,450974.0,454581792.0,9.9,10.22,9.85,10.08,True,金 融 街,False
2016-05-20,269.638,278.226,268.709,271.495,282030.0,282594060.0,9.94,10.31,9.9,10.02,True,金 融 街,False
2016-05-23,270.334,272.423,268.941,270.566,176939.0,176585122.0,9.97,10.06,9.91,9.98,True,金 融 街,False
2016-05-24,270.798,272.191,264.067,264.531,188204.0,182934288.0,9.99,10.05,9.7,9.72,True,金 融 街,False
2016-05-25,265.459,268.013,262.906,264.067,140977.0,136747690.0,9.76,9.87,9.65,9.7,True,金 融 街,False
2016-05-26,264.067,264.995,257.103,261.745,163834.0,157280640.0,9.7,9.74,9.4,9.6,True,金 融 街,False
2016-05-27,260.352,264.763,259.192,262.442,127155.0,122450265.0,9.54,9.73,9.49,9.63,True,金 融 街,False
2016-05-30,262.906,265.924,260.817,262.906,97037.0,93640705.0,9.65,9.78,9.56,9.65,True,金 融 街,False
2016-05-31,262.442,273.816,262.442,270.798,344836.0,344491164.0,9.63,10.12,9.63,9.99,True,金 融 街,False
2016-06-01,271.03,272.423,268.709,270.566,261292.0,260769416.0,10.0,10.06,9.9,9.98,True,金 融 街,False
2016-06-02,270.334,271.959,268.245,270.102,183576.0,182841696.00000003,9.97,10.04,9.88,9.96,True,金 融 街,False
2016-06-03,271.03,276.602,268.941,274.744,263744.0,267963904.0,10.0,10.24,9.91,10.16,True,金 融 街,False
2016-06-06,277.994,278.459,271.263,271.727,239488.0,240206464.0,10.3,10.32,10.01,10.03,True,金 融 街,False
2016-06-07,271.263,272.423,268.245,269.406,153774.0,152697582.0,10.01,10.06,9.88,9.93,True,金 融 街,False
2016-06-08,268.709,271.263,268.013,268.941,113397.0,112376427.0,9.9,10.01,9.87,9.91,True,金 融 街,False
2016-06-13,267.084,267.084,259.656,259.656,151038.0,143637138.0,9.83,9.83,9.51,9.51,True,金 融 街,False
2016-06-14,259.424,261.513,257.799,259.888,95371.0,90793192.0,9.5,9.59,9.43,9.52,True,金 融 街,False
2016-06-15,257.799,263.602,257.335,261.513,328509.0,315040131.0,9.43,9.68,9.41,9.59,True,金 融 街,False
2016-06-16,260.12,261.281,258.263,258.728,163906.0,155218982.0,9.53,9.58,9.45,9.47,True,金 融 街,False
2016-06-17,259.656,263.602,259.424,261.049,147521.0,141177597.0,9.51,9.68,9.5,9.57,True,金 融 街,False
2016-06-20,261.513,262.674,259.424,261.977,129145.0,124108345.0,9.59,9.64,9.5,9.61,True,金 融 街,False
2016-06-21,262.209,264.067,259.656,260.585,168511.0,160928005.0,9.62,9.7,9.51,9.55,True,金 融 街,False
2016-06-22,260.585,261.745,258.263,261.049,102980.0,98551860.0,9.55,9.6,9.45,9.57,True,金 融 街,False
2016-06-23,261.049,261.513,258.728,259.656,105233.0,100076583.0,9.57,9.59,9.47,9.51,True,金 融 街,False
2016-06-24,260.817,261.049,251.299,255.013,191909.0,178667279.0,9.56,9.57,9.15,9.31,True,金 融 街,False
2016-06-27,254.085,257.567,253.389,257.567,161743.0,152361906.0,9.27,9.42,9.24,9.42,True,金 融 街,False
2016-06-28,256.406,258.728,255.71,258.495,131861.0,124740506.0,9.37,9.47,9.34,9.46,True,金 融 街,False
2016-06-29,260.12,265.691,259.888,265.227,314360.0,306501000.0,9.53,9.77,9.52,9.75,True,金 融 街,False
2016-06-30,264.531,267.548,263.834,264.531,196895.0,191381940.0,9.72,9.85,9.69,9.72,True,金 融 街,False
2016-07-01,264.531,267.084,264.299,265.691,175541.0,171503557.0,9.72,9.83,9.71,9.77,True,金 融 街,False
2016-07-04,264.763,273.584,263.602,271.959,291310.0,292475240.0,9.73,10.11,9.68,10.04,True,金 融 街,False
2016-07-05,272.887,273.12,270.102,272.887,286784.0,289078272.0,10.08,10.09,9.96,10.08,True,金 融 街,False
2016-07-06,275.441,276.834,271.727,273.584,385828.0,374638988.00000006,9.79,9.85,9.63,9.71,True,金 融 街,False
2016-07-07,271.263,273.584,268.245,269.87,256841.0,245283155.00000003,9.61,9.71,9.48,9.55,True,金 融 街,False
2016-07-08,269.638,274.977,268.245,274.512,348812.0,340091700.0,9.54,9.77,9.48,9.75,True,金 融 街,False
2016-07-11,274.048,275.673,271.727,272.423,217431.0,210038346.0,9.73,9.8,9.63,9.66,True,金 融 街,False
2016-07-12,272.423,281.012,271.495,280.316,379976.0,379976000.0,9.66,10.03,9.62,10.0,True,金 融 街,False
2016-07-13,280.083,287.512,279.851,281.244,325936.0,327239744.0,9.99,10.31,9.98,10.04,True,金 融 街,False
2016-07-14,280.083,283.333,278.923,280.316,192103.0,192103000.0,9.99,10.13,9.94,10.0,True,金 融 街,False
2016-07-15,279.387,283.333,277.994,281.244,270043.0,271123172.0,9.96,10.13,9.9,10.04,True,金 融 街,False
2016-07-18,279.851,281.012,276.834,277.298,191656.0,189164472.0,9.98,10.03,9.85,9.87,True,金 融 街,False
2016-07-19,278.226,279.155,272.423,274.977,193254.0,188809158.0,9.91,9.95,9.66,9.77,True,金 融 街,False
2016-07-20,274.28,277.066,274.28,274.744,120579.0,117685104.0,9.74,9.86,9.74,9.76,True,金 融 街,False
2016-07-21,274.744,279.619,274.512,277.53,143923.0,142195924.0,9.76,9.97,9.75,9.88,True,金 融 街,False
2016-07-22,277.53,278.226,273.816,274.28,132309.0,128868966.0,9.88,9.91,9.72,9.74,True,金 融 街,False
2016-07-25,274.048,278.691,273.584,277.066,144973.0,142943378.0,9.73,9.93,9.71,9.86,True,金 融 街,False
2016-07-26,276.369,284.262,276.369,283.101,243531.0,246453372.0,9.83,10.17,9.83,10.12,True,金 融 街,False
2016-07-27,282.173,286.815,272.887,277.298,252536.0,249253032.0,10.08,10.28,9.68,9.87,True,金 融 街,False
2016-07-28,276.834,296.333,276.369,291.69,499705.0,524190545.0,9.85,10.69,9.83,10.49,True,金 融 街,False
2016-07-29,290.065,300.047,289.369,289.601,408066.0,424388640.0,10.42,10.85,10.39,10.4,True,金 融 街,False
2016-08-01,288.44,290.297,280.78,286.119,201542.0,206580550.0,10.35,10.43,10.02,10.25,True,金 融 街,False
2016-08-02,285.655,296.333,282.637,294.243,261751.0,277456060.0,10.23,10.69,10.1,10.6,True,金 融 街,False
2016-08-03,292.386,297.029,289.601,294.011,188376.0,199490184.0,10.52,10.72,10.4,10.59,True,金 融 街,False
2016-08-04,292.386,300.279,285.655,298.422,325971.0,351396738.0,10.52,10.86,10.23,10.78,True,金 融 街,False
2016-08-05,303.296,316.528,300.279,303.064,715627.0,785758446.0,10.99,11.56,10.86,10.98,True,金 融 街,False
2016-08-08,301.904,314.671,299.118,304.921,576131.0,637200886.0,10.93,11.48,10.81,11.06,True,金 融 街,False
2016-08-09,305.386,308.171,300.279,302.832,322908.0,354230076.0,11.08,11.2,10.86,10.97,True,金 融 街,False
2016-08-10,303.529,304.225,296.333,298.19,283483.0,305311191.0,11.0,11.03,10.69,10.77,True,金 融 街,False
2016-08-11,297.725,299.814,294.708,295.868,218130.0,232744710.0,10.75,10.84,10.62,10.67,True,金 融 街,False
2016-08-12,295.172,320.706,292.851,320.706,779808.0,915494592.0,10.64,11.74,10.54,11.74,True,金 融 街,False
2016-08-15,329.295,347.865,326.741,347.865,1935329.0,2498509739.0,12.11,12.91,12.0,12.91,True,金 融 街,False
2016-08-16,349.722,352.74,332.08,334.402,1595764.0,1967577012.0,12.99,13.12,12.23,12.33,True,金 融 街,False
2016-08-17,332.08,334.17,325.349,329.527,961508.0,1165347696.0,12.23,12.32,11.94,12.12,True,金 融 街,False
2016-08-18,341.598,357.615,338.812,357.615,871703.0,1161980099.0,12.64,13.33,12.52,13.33,True,金 融 街,False
2016-08-19,368.293,383.149,362.954,366.204,2394004.0,3279785480.0,13.79,14.43,13.56,13.7,True,金 融 街,False
2016-08-22,363.882,376.417,354.597,357.15,1390328.0,1850526568.0,13.6,14.14,13.2,13.31,True,金 融 街,False
2016-08-23,354.597,355.758,342.294,348.562,1169478.0,1513304532.0,13.2,13.25,12.67,12.94,True,金 融 街,False
2016-08-24,346.472,352.276,341.134,345.312,723032.0,925480960.0,12.85,13.1,12.62,12.8,True,金 融 街,False
2016-08-25,334.866,335.098,322.331,328.599,1094462.0,1322110096.0,12.35,12.36,11.81,12.08,True,金 融 街,False
2016-08-26,330.92,331.152,323.027,324.42,582298.0,692934620.0,12.18,12.19,11.84,11.9,True,金 融 街,False
2016-08-29,325.349,329.759,323.956,326.277,464856.0,556897488.0,11.94,12.13,11.88,11.98,True,金 融 街,False
2016-08-30,326.045,329.759,321.403,323.027,447085.0,529348640.0,11.97,12.13,11.77,11.84,True,金 融 街,False
2016-08-31,321.635,344.848,321.17,337.884,1251516.0,1561891968.0,11.78,12.78,11.76,12.48,True,金 融 街,False
2016-09-01,332.313,332.545,319.081,319.778,754873.0,883201410.0,12.24,12.25,11.67,11.7,True,金 融 街,False
2016-09-02,318.153,324.884,315.831,318.849,460814.0,537309124.0,11.63,11.92,11.53,11.66,True,金 融 街,False
2016-09-05,320.01,320.938,315.599,319.778,290955.0,340417350.0,11.71,11.75,11.52,11.7,True,金 融 街,False
2016-09-06,318.153,323.26,314.903,322.099,354560.0,418380800.0,11.63,11.85,11.49,11.8,True,金 融 街,False
2016-09-07,321.17,323.492,318.849,320.01,348747.0,408382737.0,11.76,11.86,11.66,11.71,True,金 融 街,False
2016-09-08,319.313,324.42,317.456,319.313,297571.0,347562928.0,11.68,11.9,11.6,11.68,True,金 融 街,False
2016-09-09,318.153,319.778,313.974,314.206,251336.0,288031056.0,11.63,11.7,11.45,11.46,True,金 融 街,False
2016-09-12,308.171,311.885,304.689,307.243,359257.0,400930812.0,11.2,11.36,11.05,11.16,True,金 融 街,False
2016-09-13,307.939,310.028,306.546,308.403,225902.0,253236142.00000003,11.19,11.28,11.13,11.21,True,金 融 街,False
2016-09-14,306.778,309.796,304.689,306.546,182500.0,203122500.0,11.14,11.27,11.05,11.13,True,金 融 街,False
2016-09-19,308.171,309.796,306.082,308.635,179728.0,201654816.0,11.2,11.27,11.11,11.22,True,金 融 街,False
2016-09-20,309.1,321.635,307.243,316.76,526516.0,609179012.0,11.24,11.78,11.16,11.57,True,金 融 街,False
2016-09-21,314.206,319.545,312.582,319.313,315307.0,368278576.0,11.46,11.69,11.39,11.68,True,金 融 街,False
2016-09-22,322.099,337.187,321.867,332.545,981353.0,1202157425.0,11.8,12.45,11.79,12.25,True,金 融 街,False
2016-09-23,328.599,330.223,322.099,322.563,437448.0,517063536.0,12.08,12.15,11.8,11.82,True,金 融 街,False
2016-09-26,320.474,322.563,315.599,316.064,271419.0,313217526.0,11.73,11.82,11.52,11.54,True,金 融 街,False
2016-09-27,315.831,325.349,313.51,322.563,372401.0,440177982.0,11.53,11.94,11.43,11.82,True,金 融 街,False
2016-09-28,322.099,328.599,317.456,322.563,289660.0,342378120.0,11.8,12.08,11.6,11.82,True,金 融 街,False
2016-09-29,322.099,323.956,318.617,319.545,240807.0,281503383.0,11.8,11.88,11.65,11.69,True,金 融 街,False
2016-09-30,319.313,326.277,317.688,321.867,267196.0,315024084.0,11.68,11.98,11.61,11.79,True,金 融 街,False
2016-10-10,312.814,312.814,300.743,308.171,560245.0,627474400.0,11.4,11.4,10.88,11.2,True,金 融 街,False
2016-10-11,306.314,314.206,306.082,308.868,315588.0,354405324.0,11.12,11.46,11.11,11.23,True,金 融 街,False
2016-10-12,308.635,309.1,305.153,307.243,277946.0,310187736.0,11.22,11.24,11.07,11.16,True,金 融 街,False
2016-10-13,306.778,308.403,305.153,307.707,205583.0,229841794.0,11.14,11.21,11.07,11.18,True,金 融 街,False
2016-10-14,306.778,307.243,303.296,303.993,264919.0,291940738.0,11.14,11.16,10.99,11.02,True,金 融 街,False
2016-10-17,303.064,304.457,298.422,298.422,243523.0,262517794.0,10.98,11.04,10.78,10.78,True,金 融 街,False
2016-10-18,298.654,302.136,298.19,301.904,166728.0,182233704.0,10.79,10.94,10.77,10.93,True,金 融 街,False
2016-10-19,302.136,304.689,301.207,302.368,158408.0,173456760.0,10.94,11.05,10.9,10.95,True,金 融 街,False
2016-10-20,302.368,307.707,301.904,306.082,265128.0,294557208.0,10.95,11.18,10.93,11.11,True,金 融 街,False
2016-10-21,304.921,305.618,300.047,301.904,180975.0,197805675.0,11.06,11.09,10.85,10.93,True,金 融 街,False
2016-10-24,302.368,308.868,302.136,308.171,346752.0,388362240.0,10.95,11.23,10.94,11.2,True,金 融 街,False
2016-10-25,307.475,310.492,306.314,308.868,244053.0,274071519.0,11.17,11.3,11.12,11.23,True,金 融 街,False
2016-10-26,308.635,308.868,304.689,307.243,151312.0,168864192.0,11.22,11.23,11.05,11.16,True,金 融 街,False
2016-10-27,307.243,308.868,305.386,306.314,103332.0,114905184.0,11.16,11.23,11.08,11.12,True,金 融 街,False
2016-10-28,307.01,310.26,305.386,306.546,172226.0,191687538.0,11.15,11.29,11.08,11.13,True,金 融 街,False
2016-10-31,305.85,310.725,304.921,309.564,216856.0,244179856.0,11.1,11.31,11.06,11.26,True,金 融 街,False
2016-11-01,309.796,314.671,308.403,312.814,304545.0,347181300.0,11.27,11.48,11.21,11.4,True,金 融 街,False
2016-11-02,311.421,312.349,306.546,306.778,180839.0,201454646.0,11.34,11.38,11.13,11.14,True,金 融 街,False
2016-11-03,305.85,308.868,305.153,306.546,131167.0,145988871.0,11.1,11.23,11.07,11.13,True,金 融 街,False
2016-11-04,307.475,307.939,303.529,303.761,139453.0,153537753.0,11.17,11.19,11.0,11.01,True,金 融 街,False
2016-11-07,303.761,310.26,302.6,308.868,212353.0,238472419.0,11.01,11.29,10.96,11.23,True,金 融 街,False
2016-11-08,308.403,309.796,306.082,307.243,105433.0,117663228.0,11.21,11.27,11.11,11.16,True,金 融 街,False
2016-11-09,307.939,311.653,301.904,307.475,340088.0,379878296.0,11.19,11.35,10.93,11.17,True,金 融 街,False
2016-11-10,308.403,312.349,306.082,308.868,209623.0,235406629.0,11.21,11.38,11.11,11.23,True,金 融 街,False
2016-11-11,308.171,308.868,304.457,307.01,234738.0,261732870.0,11.2,11.23,11.04,11.15,True,金 融 街,False
2016-11-14,306.082,307.475,305.153,306.082,204752.0,227479472.0,11.11,11.17,11.07,11.11,True,金 融 街,False
2016-11-15,306.082,312.117,305.386,310.26,345681.0,390273849.0,11.11,11.37,11.08,11.29,True,金 融 街,False
2016-11-16,311.653,311.885,308.403,311.653,237204.0,269226540.0,11.35,11.36,11.21,11.35,True,金 融 街,False
2016-11-17,310.26,318.617,309.796,316.296,372475.0,430208625.0,11.29,11.65,11.27,11.55,True,金 融 街,False
2016-11-18,320.938,326.741,315.367,316.064,432233.0,498796882.0,11.75,12.0,11.51,11.54,True,金 融 街,False
2016-11-21,316.064,326.509,314.206,317.688,405187.0,470422107.0,11.54,11.99,11.46,11.61,True,金 融 街,False
2016-11-22,317.921,323.956,316.528,317.688,381982.0,443481102.0,11.62,11.88,11.56,11.61,True,金 融 街,False
2016-11-23,318.617,334.634,316.296,325.813,698679.0,835620084.0,11.65,12.34,11.55,11.96,True,金 融 街,False
2016-11-24,323.956,338.116,322.099,337.187,687977.0,856531365.0,11.88,12.49,11.8,12.45,True,金 融 街,False
2016-11-25,336.491,344.151,332.545,333.705,575669.0,708072870.0,12.42,12.75,12.25,12.3,True,金 融 街,False
2016-11-28,335.795,344.151,331.616,335.795,502135.0,622145265.0,12.39,12.75,12.21,12.39,True,金 融 街,False
2016-11-29,333.241,342.758,327.206,335.795,603246.0,747421794.0,12.28,12.69,12.02,12.39,True,金 融 街,False
2016-11-30,335.098,337.419,324.42,325.349,514576.0,614403744.0,12.36,12.46,11.9,11.94,True,金 融 街,False
2016-12-01,324.652,338.348,323.956,337.419,577100.0,719066600.0,11.91,12.5,11.88,12.46,True,金 融 街,False
2016-12-02,334.866,337.187,324.652,326.277,400113.0,479335374.0,12.35,12.45,11.91,11.98,True,金 融 街,False
2016-12-05,317.456,317.921,307.243,309.796,515574.0,581051898.0,11.6,11.62,11.16,11.27,True,金 融 街,False
2016-12-06,309.564,311.189,305.618,310.957,275662.0,312049384.0,11.26,11.33,11.09,11.32,True,金 融 街,False
2016-12-07,309.1,311.421,306.778,310.492,134675.0,152182750.0,11.24,11.34,11.14,11.3,True,金 融 街,False
2016-12-08,310.725,312.117,306.778,307.243,177809.0,198434844.0,11.31,11.37,11.14,11.16,True,金 融 街,False
2016-12-09,307.475,311.189,306.778,308.635,178146.0,199879812.0,11.17,11.33,11.14,11.22,True,金 融 街,False
2016-12-12,307.475,308.403,289.137,293.315,440976.0,465670656.0,11.17,11.21,10.38,10.56,True,金 融 街,False
2016-12-13,292.386,297.029,290.761,296.333,137275.0,146746975.0,10.52,10.72,10.45,10.69,True,金 融 街,False
2016-12-14,295.868,295.868,289.833,290.529,168579.0,175996476.0,10.67,10.67,10.41,10.44,True,金 融 街,False
2016-12-15,289.137,292.386,286.815,288.672,169864.0,175979104.0,10.38,10.52,10.28,10.36,True,金 融 街,False
2016-12-16,288.208,290.761,287.976,289.601,87796.0,91307840.0,10.34,10.45,10.33,10.4,True,金 融 街,False
2016-12-19,289.601,289.601,285.19,286.815,128461.0,132057908.0,10.4,10.4,10.21,10.28,True,金 融 街,False
2016-12-20,287.047,287.279,283.101,284.03,108081.0,109810296.0,10.29,10.3,10.12,10.16,True,金 融 街,False
2016-12-21,284.494,288.208,284.494,287.047,103897.0,106910013.0,10.18,10.34,10.18,10.29,True,金 融 街,False
2016-12-22,286.119,290.297,285.655,289.601,99414.0,103390560.0,10.25,10.43,10.23,10.4,True,金 融 街,False
2016-12-23,289.137,292.618,286.119,288.672,156300.0,161926800.0,10.38,10.53,10.25,10.36,True,金 融 街,False
2016-12-26,288.672,296.1,287.744,295.636,172052.0,183407432.0,10.36,10.68,10.32,10.66,True,金 融 街,False
2016-12-27,294.708,298.422,292.851,293.779,125428.0,132702824.0,10.62,10.78,10.54,10.58,True,金 融 街,False
2016-12-28,293.315,294.243,290.297,290.297,73587.0,76751241.0,10.56,10.6,10.43,10.43,True,金 融 街,False
2016-12-29,288.904,291.226,287.976,288.208,92042.0,95171428.0,10.37,10.47,10.33,10.34,True,金 融 街,False
2016-12-30,288.208,292.851,286.351,287.279,101658.0,104707740.0,10.34,10.54,10.26,10.3,True,金 融 街,False
2017-01-03,287.976,292.386,287.047,291.458,124258.0,130222384.0,10.33,10.52,10.29,10.48,True,金 融 街,False
2017-01-04,290.994,295.172,290.529,293.315,128683.0,135889248.0,10.46,10.64,10.44,10.56,True,金 融 街,False
2017-01-05,293.547,295.404,292.851,293.315,67855.0,71654880.0,10.57,10.65,10.54,10.56,True,金 融 街,False
2017-01-06,293.547,294.708,291.226,293.547,101622.0,107414454.0,10.57,10.62,10.47,10.57,True,金 融 街,False
2017-01-09,292.851,293.779,290.065,292.851,88073.0,92828942.0,10.54,10.58,10.42,10.54,True,金 融 街,False
2017-01-10,292.386,294.011,291.458,292.618,67428.0,71001684.0,10.52,10.59,10.48,10.53,True,金 融 街,False
2017-01-11,292.154,292.386,287.279,289.137,88370.0,91728060.0,10.51,10.52,10.3,10.38,True,金 融 街,False
2017-01-12,288.44,290.761,284.958,284.958,78427.0,79995540.0,10.35,10.45,10.2,10.2,True,金 融 街,False
2017-01-13,286.351,288.208,282.637,282.637,155953.0,157512530.0,10.26,10.34,10.1,10.1,True,金 融 街,False
2017-01-16,282.405,282.405,273.12,277.53,157018.0,155133784.0,10.09,10.09,9.69,9.88,True,金 融 街,False
2017-01-17,277.53,280.083,276.369,278.923,90607.0,90063358.0,9.88,9.99,9.83,9.94,True,金 融 街,False
2017-01-18,279.387,284.262,278.226,283.798,121140.0,122957100.0,9.96,10.17,9.91,10.15,True,金 融 街,False
2017-01-19,283.333,285.422,282.869,283.798,82299.0,83533485.0,10.13,10.22,10.11,10.15,True,金 融 街,False
2017-01-20,283.333,287.744,283.333,287.047,99615.0,102503835.0,10.13,10.32,10.13,10.29,True,金 融 街,False
2017-01-23,287.047,289.369,286.351,287.976,52292.0,54017636.0,10.29,10.39,10.26,10.33,True,金 融 街,False
2017-01-24,287.512,288.44,286.583,287.047,37426.0,38511354.0,10.31,10.35,10.27,10.29,True,金 融 街,False
2017-01-25,287.279,288.672,286.583,288.44,70586.0,73056510.0,10.3,10.36,10.27,10.35,True,金 融 街,False
2017-01-26,289.601,291.922,289.137,291.458,102135.0,107037480.0,10.4,10.5,10.38,10.48,True,金 融 街,False
2017-02-03,291.922,292.386,289.833,290.761,43231.0,45176395.0,10.5,10.52,10.41,10.45,True,金 融 街,False
2017-02-06,290.529,293.315,290.065,292.618,84296.0,88763688.0,10.44,10.56,10.42,10.53,True,金 融 街,False
2017-02-07,292.386,300.743,290.761,295.636,139296.0,148489536.0,10.52,10.88,10.45,10.66,True,金 融 街,False
2017-02-08,294.243,297.261,293.779,295.636,88833.0,94695978.0,10.6,10.73,10.58,10.66,True,金 融 街,False
2017-02-09,296.1,305.153,295.404,299.814,269732.0,292389488.0,10.68,11.07,10.65,10.84,True,金 融 街,False
2017-02-10,299.814,302.368,297.957,298.19,101282.0,109080714.0,10.84,10.95,10.76,10.77,True,金 融 街,False
2017-02-13,300.047,302.368,298.19,300.511,100260.0,108982620.0,10.85,10.95,10.77,10.87,True,金 融 街,False
2017-02-14,301.439,302.136,299.118,299.35,75431.0,81616342.0,10.91,10.94,10.81,10.82,True,金 融 街,False
2017-02-15,299.582,300.279,295.868,296.333,95970.0,102591930.0,10.83,10.86,10.67,10.69,True,金 融 街,False
2017-02-16,295.868,297.725,295.404,297.261,88287.0,94731951.0,10.67,10.75,10.65,10.73,True,金 融 街,False
2017-02-17,296.797,297.725,293.547,293.547,66940.0,70755580.0,10.71,10.75,10.57,10.57,True,金 融 街,False
2017-02-20,293.779,302.368,292.386,302.136,171170.0,187259980.0,10.58,10.95,10.52,10.94,True,金 融 街,False
2017-02-21,301.672,308.635,301.207,303.993,158468.0,174631736.0,10.92,11.22,10.9,11.02,True,金 融 街,False
2017-02-22,303.529,308.868,302.832,307.939,140217.0,156902823.0,11.0,11.23,10.97,11.19,True,金 融 街,False
2017-02-23,305.85,309.332,302.832,303.761,121756.0,134053356.0,11.1,11.25,10.97,11.01,True,金 融 街,False
2017-02-24,304.457,305.386,302.136,304.457,59593.0,65790671.99999999,11.04,11.08,10.94,11.04,True,金 融 街,False
2017-02-27,303.993,304.457,299.35,299.582,74687.0,80886021.0,11.02,11.04,10.82,10.83,True,金 融 街,False
2017-02-28,299.35,302.6,299.35,300.743,60617.0,65951296.00000001,10.82,10.96,10.82,10.88,True,金 融 街,False
2017-03-01,300.975,303.993,299.814,302.368,122447.0,134079465.0,10.89,11.02,10.84,10.95,True,金 融 街,False
2017-03-02,302.6,303.064,299.814,301.439,54806.0,59793346.0,10.96,10.98,10.84,10.91,True,金 融 街,False
2017-03-03,300.975,301.207,296.333,298.19,107328.0,115592256.0,10.89,10.9,10.69,10.77,True,金 融 街,False
2017-03-06,298.654,304.457,297.957,300.743,118392.0,128810496.0,10.79,11.04,10.76,10.88,True,金 融 街,False
2017-03-07,301.439,302.832,299.35,300.743,65966.0,71771008.0,10.91,10.97,10.82,10.88,True,金 融 街,False
2017-03-08,302.136,306.314,300.975,303.296,149746.0,164570854.0,10.94,11.12,10.89,10.99,True,金 融 街,False
2017-03-09,302.832,304.225,299.118,300.279,78305.0,85039230.0,10.97,11.03,10.81,10.86,True,金 融 街,False
2017-03-10,299.35,306.314,299.35,303.064,156360.0,171683280.0,10.82,11.12,10.82,10.98,True,金 融 街,False
2017-03-13,302.6,309.564,300.975,307.475,210792.0,235454664.0,10.96,11.26,10.89,11.17,True,金 融 街,False
2017-03-14,308.171,314.671,306.546,308.868,279471.0,313845933.0,11.2,11.48,11.13,11.23,True,金 融 街,False
2017-03-15,308.403,312.117,304.921,308.171,141171.0,158111520.0,11.21,11.37,11.06,11.2,True,金 融 街,False
2017-03-16,307.475,311.189,307.243,309.332,159474.0,179408250.0,11.17,11.33,11.16,11.25,True,金 融 街,False
2017-03-17,310.028,315.831,309.1,309.796,259705.0,292687535.0,11.28,11.53,11.24,11.27,True,金 融 街,False
2017-03-20,308.635,309.796,302.832,303.529,167563.0,184319300.0,11.22,11.27,10.97,11.0,True,金 融 街,False
2017-03-21,303.296,307.243,303.064,306.778,112382.0,125193548.0,10.99,11.16,10.98,11.14,True,金 融 街,False
2017-03-22,305.618,305.85,298.886,300.047,155474.0,168689290.0,11.09,11.1,10.8,10.85,True,金 融 街,False
2017-03-23,300.511,304.689,300.511,302.6,122652.0,134426592.0,10.87,11.05,10.87,10.96,True,金 融 街,False
2017-03-24,303.064,305.85,302.368,305.153,105929.0,117263403.0,10.98,11.1,10.95,11.07,True,金 融 街,False
2017-03-27,304.689,309.332,303.761,305.153,170628.0,188885196.0,11.05,11.25,11.01,11.07,True,金 融 街,False
2017-03-28,303.529,306.082,303.529,305.85,111845.0,124147950.0,11.0,11.11,11.0,11.1,True,金 融 街,False
2017-03-29,307.707,308.171,302.6,303.761,102684.0,113055084.0,11.18,11.2,10.96,11.01,True,金 融 街,False
2017-03-30,303.529,305.153,298.886,300.743,122770.0,133573760.0,11.0,11.07,10.8,10.88,True,金 融 街,False
2017-03-31,300.743,305.386,300.743,305.386,95578.0,105900424.0,10.88,11.08,10.88,11.08,True,金 融 街,False
2017-04-05,325.581,331.152,319.545,325.813,1102197.0,1318227612.0,11.95,12.19,11.69,11.96,True,金 融 街,False
2017-04-06,319.778,323.027,314.671,319.778,444888.0,520518960.0,11.7,11.84,11.48,11.7,True,金 融 街,False
2017-04-07,318.153,318.153,312.814,313.51,330166.0,377379738.0,11.63,11.63,11.4,11.43,True,金 融 街,False
2017-04-10,314.671,339.973,311.189,339.973,1095480.0,1377018360.0,11.48,12.57,11.33,12.57,True,金 融 街,False
2017-04-11,339.509,366.204,336.723,346.705,1224365.0,1574533390.0,12.55,13.7,12.43,12.86,True,金 融 街,False
2017-04-12,337.884,344.848,331.384,332.08,603081.0,737568063.0,12.48,12.78,12.2,12.23,True,金 融 街,False
2017-04-13,332.313,360.4,332.313,348.562,956048.0,1237126112.0,12.24,13.45,12.24,12.94,True,金 融 街,False
2017-04-14,347.169,362.722,344.151,351.811,756713.0,989780604.0,12.88,13.55,12.75,13.08,True,金 融 街,False
2017-04-17,349.954,352.74,335.098,340.205,428854.0,539498332.0,13.0,13.12,12.36,12.58,True,金 融 街,False
2017-04-18,341.83,356.918,337.884,349.49,470927.0,611263246.0,12.65,13.3,12.48,12.98,True,金 融 街,False
2017-04-19,346.008,361.097,344.848,356.454,632354.0,839766112.0,12.83,13.48,12.78,13.28,True,金 融 街,False
2017-04-20,356.222,357.847,342.991,346.937,455060.0,585662220.0,13.27,13.34,12.7,12.87,True,金 融 街,False
2017-04-21,346.008,349.49,339.973,341.134,312590.0,394488580.0,12.83,12.98,12.57,12.62,True,金 融 街,False
2017-04-24,338.348,342.526,317.456,333.938,465297.0,572780607.0,12.5,12.68,11.6,12.31,True,金 融 街,False
2017-04-25,333.009,343.919,326.741,339.973,378137.0,475318209.0,12.27,12.74,12.0,12.57,True,金 融 街,False
2017-04-26,337.652,345.08,335.098,342.991,317075.0,402685250.0,12.47,12.79,12.36,12.7,True,金 融 街,False
2017-04-27,338.348,338.58,313.51,317.456,829671.0,962418360.0,12.5,12.51,11.43,11.6,True,金 融 街,False
2017-04-28,317.688,325.581,316.528,321.17,335577.0,394638552.0,11.61,11.95,11.56,11.76,True,金 融 街,False
2017-05-02,313.974,314.671,304.689,310.957,352512.0,399043584.0,11.45,11.48,11.05,11.32,True,金 融 街,False
2017-05-03,310.957,318.153,309.564,310.26,233776.0,263933104.0,11.32,11.63,11.26,11.29,True,金 融 街,False
2017-05-04,310.26,316.992,305.153,315.599,315850.0,363859200.0,11.29,11.58,11.07,11.52,True,金 融 街,False
2017-05-05,313.278,313.742,305.386,305.618,254614.0,282366926.0,11.42,11.44,11.08,11.09,True,金 融 街,False
2017-05-08,305.85,306.778,295.404,296.333,242266.0,258982354.0,11.1,11.14,10.65,10.69,True,金 融 街,False
2017-05-09,295.404,299.35,294.708,297.725,149668.0,160893100.0,10.65,10.82,10.62,10.75,True,金 融 街,False
2017-05-10,297.725,301.439,289.601,290.065,223472.0,232857824.0,10.75,10.91,10.4,10.42,True,金 融 街,False
2017-05-11,288.904,292.386,280.78,290.529,274489.0,286566516.0,10.37,10.52,10.02,10.44,True,金 融 街,False
2017-05-12,290.761,300.975,289.601,300.743,245205.0,266783040.00000003,10.45,10.89,10.4,10.88,True,金 融 街,False
2017-05-15,299.814,326.045,297.725,318.617,501577.0,584337205.0,10.84,11.97,10.75,11.65,True,金 融 街,False
2017-05-16,315.135,322.099,308.868,321.17,331641.0,390009816.0,11.5,11.8,11.23,11.76,True,金 融 街,False
2017-05-17,317.456,323.26,314.671,315.831,229375.0,264469375.0,11.6,11.85,11.48,11.53,True,金 融 街,False
2017-05-18,309.796,321.403,308.868,316.992,287635.0,333081330.0,11.27,11.77,11.23,11.58,True,金 融 街,False
2017-05-19,317.456,318.617,309.796,310.492,140275.0,158510750.0,11.6,11.65,11.27,11.3,True,金 融 街,False
2017-05-22,310.028,312.349,303.993,307.707,140983.0,157618994.0,11.28,11.38,11.02,11.18,True,金 融 街,False
2017-05-23,307.939,316.76,306.314,312.814,214839.0,244916460.0,11.19,11.57,11.12,11.4,True,金 融 街,False
2017-05-24,311.653,320.01,307.01,317.456,184673.0,214220680.0,11.35,11.71,11.15,11.6,True,金 融 街,False
2017-05-25,318.617,329.991,316.992,322.331,317171.0,374578951.0,11.65,12.14,11.58,11.81,True,金 融 街,False
2017-05-26,323.724,328.599,319.313,320.706,184927.0,217104298.0,11.87,12.08,11.68,11.74,True,金 融 街,False
2017-05-31,327.438,329.527,316.992,318.617,190582.0,222028030.0,12.03,12.12,11.58,11.65,True,金 融 街,False
2017-06-01,318.849,325.349,316.064,319.313,157205.0,183615440.0,11.66,11.94,11.54,11.68,True,金 融 街,False
2017-06-02,318.617,324.188,313.046,322.099,177158.0,209046440.0,11.65,11.89,11.41,11.8,True,金 融 街,False
2017-06-05,321.867,326.741,318.617,321.867,139394.0,164345526.0,11.79,12.0,11.65,11.79,True,金 融 街,False
2017-06-06,321.17,324.652,320.01,323.492,111765.0,132553290.0,11.76,11.91,11.71,11.86,True,金 融 街,False
2017-06-07,323.26,328.599,322.331,327.438,228027.0,274316481.0,11.85,12.08,11.81,12.03,True,金 融 街,False
2017-06-08,324.884,327.902,323.26,325.117,165885.0,197900805.0,11.92,12.05,11.85,11.93,True,金 融 街,False
2017-06-09,326.045,335.795,321.635,331.384,303645.0,370446900.0,11.97,12.39,11.78,12.2,True,金 融 街,False
2017-06-12,328.831,334.634,327.67,328.831,216751.0,262051959.0,12.09,12.34,12.04,12.09,True,金 融 街,False
2017-06-13,329.527,330.688,324.42,325.813,165850.0,198356600.0,12.12,12.17,11.9,11.96,True,金 融 街,False
2017-06-14,320.01,321.403,316.528,316.528,286445.0,331130420.0,11.71,11.77,11.56,11.56,True,金 融 街,False
2017-06-15,315.367,322.795,315.367,321.867,213469.0,251679951.0,11.51,11.83,11.51,11.79,True,金 融 街,False
2017-06-16,321.867,321.867,316.992,316.992,131054.0,146518372.0,11.39,11.39,11.18,11.18,True,金 融 街,False
2017-06-19,317.456,322.099,315.599,321.867,152239.0,173400221.0,11.2,11.4,11.12,11.39,True,金 融 街,False
2017-06-20,322.099,322.795,319.778,321.17,104281.0,118463216.0,11.4,11.43,11.3,11.36,True,金 融 街,False
2017-06-21,322.331,324.884,319.545,324.652,129367.0,148901417.0,11.41,11.52,11.29,11.51,True,金 融 街,False
2017-06-22,325.349,332.313,323.956,326.277,241569.0,279736902.0,11.54,11.84,11.48,11.58,True,金 融 街,False
2017-06-23,325.581,337.187,324.884,335.562,321174.0,384766452.0,11.55,12.05,11.52,11.98,True,金 融 街,False
2017-06-26,335.562,340.669,334.402,336.491,386638.0,464738876.0,11.98,12.2,11.93,12.02,True,金 融 街,False
2017-06-27,335.098,336.491,331.616,333.705,209037.0,248754030.0,11.96,12.02,11.81,11.9,True,金 融 街,False
2017-06-28,332.777,333.938,328.366,329.063,158534.0,185484780.0,11.86,11.91,11.67,11.7,True,金 融 街,False
2017-06-29,329.991,332.777,329.295,329.991,123784.0,145322416.0,11.74,11.86,11.71,11.74,True,金 融 街,False
2017-06-30,328.599,330.92,326.509,329.527,117893.0,138170596.0,11.68,11.78,11.59,11.72,True,金 融 街,False
2017-07-03,330.223,333.473,329.295,332.777,131238.0,155648268.0,11.75,11.89,11.71,11.86,True,金 融 街,False
2017-07-04,333.009,333.473,323.956,324.42,235345.0,270646750.0,11.87,11.89,11.48,11.5,True,金 融 街,False
2017-07-05,324.188,326.509,321.867,325.581,131061.0,151375455.0,11.49,11.59,11.39,11.55,True,金 融 街,False
2017-07-06,325.581,326.741,321.17,323.027,161342.0,184575248.0,11.55,11.6,11.36,11.44,True,金 融 街,False
2017-07-07,322.099,329.527,321.867,326.741,181832.0,210925120.0,11.4,11.72,11.39,11.6,True,金 融 街,False
2017-07-10,326.045,332.08,325.581,328.599,212067.0,247694256.0,11.57,11.83,11.55,11.68,True,金 融 街,False
2017-07-11,328.134,330.223,325.581,326.741,163642.0,189824720.0,11.66,11.75,11.55,11.6,True,金 融 街,False
2017-07-12,326.509,331.384,326.277,327.67,200709.0,233625276.0,11.59,11.8,11.58,11.64,True,金 融 街,False
2017-07-13,327.206,330.456,323.724,330.456,229687.0,270111912.0,11.62,11.76,11.47,11.76,True,金 融 街,False
2017-07-14,331.848,336.723,329.759,335.795,317900.0,381162100.0,11.82,12.03,11.73,11.99,True,金 融 街,False
2017-07-17,336.955,344.848,331.616,334.634,556957.0,665006658.0,12.04,12.38,11.81,11.94,True,金 融 街,False
2017-07-18,332.545,340.669,331.848,339.973,315404.0,383846668.0,11.85,12.2,11.82,12.17,True,金 融 街,False
2017-07-19,339.044,347.401,336.259,345.312,384483.0,476758920.0,12.13,12.49,12.01,12.4,True,金 融 街,False
2017-07-20,342.991,351.579,342.294,344.615,345942.0,427930254.0,12.3,12.67,12.27,12.37,True,金 融 街,False
2017-07-21,343.687,344.151,336.491,339.509,268365.0,326063475.0,12.33,12.35,12.02,12.15,True,金 融 街,False
2017-07-24,339.276,345.08,337.884,344.383,260513.0,321994068.0,12.14,12.39,12.08,12.36,True,金 融 街,False
2017-07-25,345.08,346.472,333.938,336.027,264501.0,317401200.0,12.39,12.45,11.91,12.0,True,金 融 街,False
2017-07-26,333.705,337.187,330.223,331.384,201037.0,237223660.0,11.9,12.05,11.75,11.8,True,金 融 街,False
2017-07-27,330.92,333.705,328.366,331.848,168587.0,199269834.0,11.78,11.9,11.67,11.82,True,金 融 街,False
2017-07-28,331.616,335.098,330.688,331.384,139997.0,165196460.0,11.81,11.96,11.77,11.8,True,金 融 街,False
2017-07-31,331.384,333.705,329.063,330.688,158076.0,186055452.0,11.8,11.9,11.7,11.77,True,金 融 街,False
2017-08-01,330.456,336.027,329.295,334.866,228843.0,273467385.0,11.76,12.0,11.71,11.95,True,金 融 街,False
2017-08-02,334.17,335.562,329.063,329.295,183596.0,214990916.00000003,11.92,11.98,11.7,11.71,True,金 融 街,False
2017-08-03,328.831,329.991,323.027,324.188,241374.0,277338726.0,11.69,11.74,11.44,11.49,True,金 融 街,False
2017-08-04,324.42,327.206,324.42,324.884,106245.0,122394240.0,11.5,11.62,11.5,11.52,True,金 融 街,False
2017-08-07,323.724,325.349,321.17,325.117,98427.0,113486331.0,11.47,11.54,11.36,11.53,True,金 融 街,False
2017-08-08,324.884,327.902,321.867,323.027,151848.0,173714112.0,11.52,11.65,11.39,11.44,True,金 融 街,False
2017-08-09,322.563,324.42,321.17,323.724,90385.0,103671595.0,11.42,11.5,11.36,11.47,True,金 融 街,False
2017-08-10,323.26,325.117,318.617,320.01,117582.0,132985242.0,11.45,11.53,11.25,11.31,True,金 融 街,False
2017-08-11,317.921,318.617,312.349,312.349,164238.0,180333324.0,11.22,11.25,10.98,10.98,True,金 融 街,False
2017-08-14,313.742,317.688,313.046,316.528,109604.0,122318064.0,11.04,11.21,11.01,11.16,True,金 融 街,False
2017-08-15,317.224,319.778,316.296,318.617,80239.0,90268875.0,11.19,11.3,11.15,11.25,True,金 融 街,False
2017-08-16,318.617,318.617,315.831,317.456,74273.0,83185760.0,11.25,11.25,11.13,11.2,True,金 融 街,False
2017-08-17,317.224,320.938,316.528,320.474,86961.0,98526813.0,11.19,11.35,11.16,11.33,True,金 融 街,False
2017-08-18,321.635,332.08,321.635,328.831,297239.0,347472391.0,11.38,11.83,11.38,11.69,True,金 融 街,False
2017-08-21,327.902,341.598,327.902,337.652,439377.0,530328039.0,11.65,12.24,11.65,12.07,True,金 融 街,False
2017-08-22,336.027,337.652,331.152,333.705,213705.0,254308950.0,12.0,12.07,11.79,11.9,True,金 融 街,False
2017-08-23,333.705,335.795,331.384,334.402,112496.0,134207728.0,11.9,11.99,11.8,11.93,True,金 融 街,False
2017-08-24,334.402,335.33,330.688,332.777,163385.0,193774610.0,11.93,11.97,11.77,11.86,True,金 融 街,False
2017-08-25,333.473,338.116,330.223,337.419,216213.0,260752878.0,11.89,12.09,11.75,12.06,True,金 融 街,False
2017-08-28,337.419,340.669,331.848,333.705,341328.0,406180320.0,12.06,12.2,11.82,11.9,True,金 融 街,False
2017-08-29,332.777,336.259,332.08,333.938,137434.0,163683894.0,11.86,12.01,11.83,11.91,True,金 融 街,False
2017-08-30,333.938,340.437,333.009,338.116,225704.0,272876136.0,11.91,12.19,11.87,12.09,True,金 融 街,False
2017-08-31,336.955,337.652,329.527,332.545,240038.0,284445030.0,12.04,12.07,11.72,11.85,True,金 融 街,False
2017-09-01,332.777,333.473,328.134,332.08,170723.0,201965309.0,11.86,11.89,11.66,11.83,True,金 融 街,False
2017-09-04,331.616,331.848,328.831,329.295,153203.0,179400713.0,11.81,11.82,11.69,11.71,True,金 融 街,False
2017-09-05,329.527,334.866,328.134,332.777,144198.0,171018828.0,11.72,11.95,11.66,11.86,True,金 融 街,False
2017-09-06,331.848,332.545,329.063,329.991,117043.0,137408482.0,11.82,11.85,11.7,11.74,True,金 融 街,False
2017-09-07,329.759,340.205,329.759,336.027,387814.0,465376800.0,11.73,12.18,11.73,12.0,True,金 融 街,False
2017-09-08,335.098,341.83,332.777,341.598,307237.0,376058088.0,11.96,12.25,11.86,12.24,True,金 融 街,False
2017-09-11,340.901,343.919,335.795,337.187,244005.0,294026025.0,12.21,12.34,11.99,12.05,True,金 融 街,False
2017-09-12,336.027,338.348,331.384,333.009,197837.0,234832519.0,12.0,12.1,11.8,11.87,True,金 融 街,False
2017-09-13,333.009,334.402,330.92,332.545,122431.0,145080735.0,11.87,11.93,11.78,11.85,True,金 融 街,False
2017-09-14,332.313,339.973,330.92,338.812,310226.0,375993912.0,11.84,12.17,11.78,12.12,True,金 融 街,False
2017-09-15,337.652,351.115,337.419,343.687,586395.0,723025035.0,12.07,12.65,12.06,12.33,True,金 融 街,False
2017-09-18,345.08,349.49,342.758,346.472,480588.0,598332060.0,12.39,12.58,12.29,12.45,True,金 融 街,False
2017-09-19,346.705,369.685,346.705,358.775,762020.0,989101960.0,12.46,13.45,12.46,12.98,True,金 融 街,False
2017-09-20,355.758,365.739,353.436,362.489,456089.0,599300946.0,12.85,13.28,12.75,13.14,True,金 融 街,False
2017-09-21,360.632,361.097,350.651,352.74,264876.0,336922272.0,13.06,13.08,12.63,12.72,True,金 融 街,False
2017-09-22,352.972,361.097,352.74,357.615,320375.0,414244875.0,12.73,13.08,12.72,12.93,True,金 融 街,False
2017-09-25,352.276,353.436,335.795,336.723,443571.0,533615913.0,12.7,12.75,11.99,12.03,True,金 融 街,False
2017-09-26,334.634,341.366,334.634,338.812,220726.0,267519912.0,11.94,12.23,11.94,12.12,True,金 融 街,False
2017-09-27,338.348,360.4,338.348,356.918,437542.0,564429180.0,12.1,13.05,12.1,12.9,True,金 融 街,False
2017-09-28,354.597,354.597,339.973,343.687,402614.0,496423062.0,12.8,12.8,12.17,12.33,True,金 融 街,False
2017-09-29,341.83,347.401,339.509,340.437,205860.0,250943340.0,12.25,12.49,12.15,12.19,True,金 融 街,False
2017-10-09,347.169,347.633,340.205,341.83,261163.0,319924675.0,12.48,12.5,12.18,12.25,True,金 融 街,False
2017-10-10,341.366,341.366,337.187,338.116,177294.0,214348446.0,12.23,12.23,12.05,12.09,True,金 融 街,False
2017-10-11,338.116,339.973,336.491,338.812,157863.0,191329956.0,12.09,12.17,12.02,12.12,True,金 融 街,False
2017-10-12,338.812,338.812,333.241,335.33,142927.0,171083619.0,12.12,12.12,11.88,11.97,True,金 融 街,False
2017-10-13,334.402,338.116,334.402,337.652,87062.0,105083834.0,11.93,12.09,11.93,12.07,True,金 融 街,False
2017-10-16,337.187,338.348,329.527,330.92,178595.0,210384910.0,12.05,12.1,11.72,11.78,True,金 融 街,False
2017-10-17,330.456,332.777,326.045,327.902,181517.0,211467305.0,11.76,11.86,11.57,11.65,True,金 融 街,False
2017-10-18,327.67,329.527,326.741,328.134,76774.0,89518484.0,11.64,11.72,11.6,11.66,True,金 融 街,False
2017-10-19,328.134,330.688,327.67,327.67,78984.0,91937376.0,11.66,11.77,11.64,11.64,True,金 融 街,False
2017-10-20,327.438,330.223,327.206,329.759,66246.0,77706558.0,11.63,11.75,11.62,11.73,True,金 融 街,False
2017-10-23,329.759,333.473,329.295,332.313,108088.0,127976192.0,11.73,11.89,11.71,11.84,True,金 融 街,False
2017-10-24,332.313,338.812,331.152,336.027,195033.0,234039600.0,11.84,12.12,11.79,12.0,True,金 融 街,False
2017-10-25,337.187,339.276,335.098,336.491,140129.0,168435058.0,12.05,12.14,11.96,12.02,True,金 融 街,False
2017-10-26,335.562,336.491,332.313,334.402,130136.0,155252248.0,11.98,12.02,11.84,11.93,True,金 融 街,False
2017-10-27,334.866,336.723,329.991,331.384,102394.0,120824920.0,11.95,12.03,11.74,11.8,True,金 融 街,False
2017-10-30,331.384,332.08,322.099,324.42,187061.0,215120150.0,11.8,11.83,11.4,11.5,True,金 融 街,False
2017-10-31,322.795,326.974,322.795,326.741,114860.0,133237600.0,11.43,11.61,11.43,11.6,True,金 融 街,False
2017-11-01,326.974,329.527,322.563,324.884,154560.0,178053120.0,11.61,11.72,11.42,11.52,True,金 融 街,False
2017-11-02,324.188,324.884,318.385,323.492,206454.0,236596284.00000003,11.49,11.52,11.24,11.46,True,金 融 街,False
2017-11-03,322.331,323.027,314.439,317.688,193204.0,216581684.00000003,11.41,11.44,11.07,11.21,True,金 融 街,False
2017-11-06,317.456,317.921,311.653,317.224,172089.0,192567591.0,11.2,11.22,10.95,11.19,True,金 融 街,False
2017-11-07,317.224,319.313,315.831,318.385,139851.0,157192524.0,11.19,11.28,11.13,11.24,True,金 融 街,False
2017-11-08,317.688,320.938,317.456,319.545,131007.0,147906903.0,11.21,11.35,11.2,11.29,True,金 融 街,False
2017-11-09,320.242,320.242,316.064,318.153,116932.0,131314636.0,11.32,11.32,11.14,11.23,True,金 融 街,False
2017-11-10,317.456,318.617,313.974,314.903,113149.0,125482241.0,11.2,11.25,11.05,11.09,True,金 融 街,False
2017-11-13,314.671,316.296,313.278,315.599,86898.0,96630576.0,11.08,11.15,11.02,11.12,True,金 融 街,False
2017-11-14,315.599,319.313,314.671,316.76,123430.0,137871310.0,11.12,11.28,11.08,11.17,True,金 融 街,False
2017-11-15,315.831,319.081,314.903,318.153,113951.0,127966973.0,11.13,11.27,11.09,11.23,True,金 融 街,False
2017-11-16,318.153,323.027,317.456,320.706,198484.0,225080856.0,11.23,11.44,11.2,11.34,True,金 融 街,False
2017-11-17,320.938,321.17,311.653,316.064,248408.0,276726512.0,11.35,11.36,10.95,11.14,True,金 融 街,False
2017-11-20,315.135,315.367,306.314,310.957,177359.0,193676028.0,11.1,11.11,10.72,10.92,True,金 融 街,False
2017-11-21,309.332,318.849,309.332,316.064,213648.0,238003872.0,10.85,11.26,10.85,11.14,True,金 融 街,False
2017-11-22,316.528,319.545,315.135,316.992,210634.0,235488812.0,11.16,11.29,11.1,11.18,True,金 融 街,False
2017-11-23,317.688,318.617,311.885,313.742,155843.0,172050672.0,11.21,11.25,10.96,11.04,True,金 融 街,False
2017-11-24,312.814,317.224,311.653,316.76,111922.0,125016874.0,11.0,11.19,10.95,11.17,True,金 融 街,False
2017-11-27,316.528,318.385,314.903,317.456,136139.0,152475680.0,11.16,11.24,11.09,11.2,True,金 融 街,False
2017-11-28,317.456,317.921,312.582,315.135,81206.0,90138660.0,11.2,11.22,10.99,11.1,True,金 融 街,False
2017-11-29,315.599,324.42,313.278,323.492,312066.0,357627636.0,11.12,11.5,11.02,11.46,True,金 融 街,False
2017-11-30,323.26,323.26,315.599,316.992,247639.0,276860402.0,11.45,11.45,11.12,11.18,True,金 融 街,False
2017-12-01,316.528,319.778,316.064,317.688,97085.0,108832285.0,11.16,11.3,11.14,11.21,True,金 融 街,False
2017-12-04,316.296,316.992,313.974,315.135,102418.0,113683980.0,11.15,11.18,11.05,11.1,True,金 融 街,False
2017-12-05,314.206,319.313,313.046,316.992,231969.0,259341342.0,11.06,11.28,11.01,11.18,True,金 融 街,False
2017-12-06,316.296,318.617,314.206,317.456,95160.0,106579200.0,11.15,11.25,11.06,11.2,True,金 融 街,False
2017-12-07,316.992,321.17,316.064,317.456,95028.0,106431360.0,11.18,11.36,11.14,11.2,True,金 融 街,False
2017-12-08,316.76,318.153,314.671,316.76,85469.0,95468873.0,11.17,11.23,11.08,11.17,True,金 融 街,False
2017-12-11,316.76,317.456,314.903,317.456,100376.0,112421120.0,11.17,11.2,11.09,11.2,True,金 融 街,False
2017-12-12,317.224,317.688,314.439,314.671,85253.0,94460324.0,11.19,11.21,11.07,11.08,True,金 融 街,False
2017-12-13,315.367,315.831,312.814,313.974,85645.0,94637725.0,11.11,11.13,11.0,11.05,True,金 融 街,False
2017-12-14,313.974,314.206,308.403,309.1,126712.0,137355808.0,11.05,11.06,10.81,10.84,True,金 融 街,False
2017-12-15,308.171,308.635,305.85,306.778,73007.0,78409518.0,10.8,10.82,10.7,10.74,True,金 融 街,False
2017-12-18,306.546,307.939,303.064,304.457,72495.0,77134680.0,10.73,10.79,10.58,10.64,True,金 融 街,False
2017-12-19,304.225,305.85,302.136,304.921,62374.0,66490684.0,10.63,10.7,10.54,10.66,True,金 融 街,False
2017-12-20,304.921,306.546,298.654,299.35,133800.0,139419600.0,10.66,10.73,10.39,10.42,True,金 融 街,False
2017-12-21,300.511,309.796,300.047,306.778,163824.0,175946976.0,10.47,10.87,10.45,10.74,True,金 融 街,False
2017-12-22,305.618,309.564,304.689,307.01,95357.0,102508775.0,10.69,10.86,10.65,10.75,True,金 融 街,False
2017-12-25,307.475,313.742,305.85,307.475,115581.0,124480737.0,10.77,11.04,10.7,10.77,True,金 融 街,False
2017-12-26,306.546,311.189,306.546,310.028,90007.0,97927616.0,10.73,10.93,10.73,10.88,True,金 融 街,False
2017-12-27,309.332,314.671,309.1,312.117,135613.0,148767461.0,10.85,11.08,10.84,10.97,True,金 融 街,False
2017-12-28,311.189,313.742,310.725,312.349,94495.0,103755510.0,10.93,11.04,10.91,10.98,True,金 融 街,False
2017-12-29,313.046,316.76,311.189,315.367,146942.0,163252562.0,11.01,11.17,10.93,11.11,True,金 融 街,False
2018-01-02,316.528,323.26,316.064,320.938,277656.0,315139560.0,11.16,11.45,11.14,11.35,True,金 融 街,False
2018-01-03,320.242,323.26,319.313,320.242,232120.0,262759840.0,11.32,11.45,11.28,11.32,True,金 融 街,False
2018-01-04,320.01,320.01,314.903,316.76,207549.0,231832233.0,11.31,11.31,11.09,11.17,True,金 融 街,False
2018-01-05,317.688,339.973,316.992,330.688,726961.0,855633097.0,11.21,12.17,11.18,11.77,True,金 融 街,False
2018-01-08,330.688,339.509,329.295,332.545,655889.0,777228465.0,11.77,12.15,11.71,11.85,True,金 融 街,False
2018-01-09,331.152,336.027,328.134,329.295,347088.0,406440048.0,11.79,12.0,11.66,11.71,True,金 融 街,False
2018-01-10,331.152,335.098,325.349,327.438,333855.0,388273365.0,11.79,11.96,11.54,11.63,True,金 融 街,False
2018-01-11,328.366,329.527,323.724,326.741,214589.0,248923240.0,11.67,11.72,11.47,11.6,True,金 融 街,False
2018-01-12,326.277,335.795,326.277,329.759,399660.0,468801180.0,11.58,11.99,11.58,11.73,True,金 融 街,False
2018-01-15,329.527,336.259,325.581,332.777,427252.0,506720872.0,11.72,12.01,11.55,11.86,True,金 融 街,False
2018-01-16,331.616,354.597,330.456,348.794,819896.0,1028969480.0,11.81,12.8,11.76,12.55,True,金 融 街,False
2018-01-17,347.401,347.633,335.795,341.83,531390.0,650952750.0,12.49,12.5,11.99,12.25,True,金 融 街,False
2018-01-18,339.973,343.687,337.187,339.044,249142.0,302209246.0,12.17,12.33,12.05,12.13,True,金 融 街,False
2018-01-19,339.741,344.151,333.705,334.634,343289.0,409887066.0,12.16,12.35,11.9,11.94,True,金 融 街,False
2018-01-22,333.009,338.116,331.384,335.795,210622.0,252535778.0,11.87,12.09,11.8,11.99,True,金 融 街,False
2018-01-23,335.562,343.223,334.866,341.366,361082.0,441603286.0,11.98,12.31,11.95,12.23,True,金 融 街,False
2018-01-24,340.437,346.937,338.116,340.437,367676.0,448197044.0,12.19,12.47,12.09,12.19,True,金 融 街,False
2018-01-25,339.741,339.973,331.848,334.402,299452.0,357246236.0,12.16,12.17,11.82,11.93,True,金 融 街,False
2018-01-26,335.562,344.383,334.402,341.134,422658.0,516488076.0,11.98,12.36,11.93,12.22,True,金 融 街,False
2018-01-29,341.366,345.08,334.17,337.884,345240.0,417049920.0,12.23,12.39,11.92,12.08,True,金 融 街,False
2018-01-30,336.491,342.526,327.438,328.366,418529.0,488423343.0,12.02,12.28,11.63,11.67,True,金 融 街,False
2018-01-31,327.206,334.866,327.206,331.384,360462.0,425345160.0,11.62,11.95,11.62,11.8,True,金 融 街,False
2018-02-01,330.688,334.634,321.403,324.884,357323.0,411636096.0,11.77,11.94,11.37,11.52,True,金 融 街,False
2018-02-02,323.492,324.188,312.814,320.01,293043.0,331431633.0,11.46,11.49,11.0,11.31,True,金 融 街,False
2018-02-05,316.992,326.741,315.831,324.42,251532.0,289261800.0,11.18,11.6,11.13,11.5,True,金 融 街,False
2018-02-06,320.242,320.706,312.814,313.974,386772.0,427383060.0,11.32,11.34,11.0,11.05,True,金 融 街,False
2018-02-07,317.688,319.313,303.993,305.85,376835.0,403213450.0,11.21,11.28,10.62,10.7,True,金 融 街,False
2018-02-08,305.386,309.332,301.672,307.243,194537.0,209321812.0,10.68,10.85,10.52,10.76,True,金 融 街,False
2018-02-09,301.207,302.832,284.03,291.922,337866.0,341244660.0,10.5,10.57,9.76,10.1,True,金 融 街,False
2018-02-12,293.779,295.636,288.672,292.154,220057.0,222477627.0,10.18,10.26,9.96,10.11,True,金 融 街,False
2018-02-13,294.011,297.725,291.458,292.618,217839.0,220670907.00000003,10.19,10.35,10.08,10.13,True,金 融 街,False
2018-02-14,292.851,293.083,289.137,291.922,109624.0,110720240.0,10.14,10.15,9.98,10.1,True,金 融 街,False
2018-02-22,294.243,296.797,293.779,296.1,170728.0,175508384.0,10.2,10.31,10.18,10.28,True,金 融 街,False
2018-02-23,297.029,302.6,295.868,300.511,269258.0,281913126.0,10.32,10.56,10.27,10.47,True,金 融 街,False
2018-02-26,301.904,303.993,295.868,302.6,230224.0,243116544.0,10.53,10.62,10.27,10.56,True,金 融 街,False
2018-02-27,301.207,301.439,295.868,296.333,169688.0,174608952.0,10.5,10.51,10.27,10.29,True,金 融 街,False
2018-02-28,295.868,298.654,292.851,296.565,123966.0,127684980.0,10.27,10.39,10.14,10.3,True,金 融 街,False
2018-03-01,294.94,300.047,294.243,299.814,171114.0,178643016.0,10.23,10.45,10.2,10.44,True,金 融 街,False
2018-03-02,297.725,299.118,295.868,297.261,74014.0,76456462.0,10.35,10.41,10.27,10.33,True,金 融 街,False
2018-03-05,297.261,299.582,296.797,298.19,92323.0,95738951.0,10.33,10.43,10.31,10.37,True,金 融 街,False
2018-03-06,297.957,302.368,297.957,300.975,132723.0,139226427.0,10.36,10.55,10.36,10.49,True,金 融 街,False
2018-03-07,300.279,302.368,298.422,298.886,90163.0,93769520.0,10.46,10.55,10.38,10.4,True,金 融 街,False
2018-03-08,298.422,299.814,297.493,299.582,68778.0,71735454.0,10.38,10.44,10.34,10.43,True,金 融 街,False
2018-03-09,299.814,300.279,298.422,300.279,72668.0,76010728.0,10.44,10.46,10.38,10.46,True,金 融 街,False
2018-03-12,300.279,300.511,294.243,298.422,204132.0,211889016.00000003,10.46,10.47,10.2,10.38,True,金 融 街,False
2018-03-13,297.493,301.207,297.261,297.725,127452.0,131912820.0,10.34,10.5,10.33,10.35,True,金 融 街,False
2018-03-14,297.029,297.261,294.94,296.1,100946.0,103772488.0,10.32,10.33,10.23,10.28,True,金 融 街,False
2018-03-15,295.172,297.029,292.386,294.243,112864.0,115121280.0,10.24,10.32,10.12,10.2,True,金 融 街,False
2018-03-16,294.243,295.636,293.779,294.243,75687.0,77200740.0,10.2,10.26,10.18,10.2,True,金 融 街,False
2018-03-19,294.243,294.708,289.601,290.297,97571.0,97863713.0,10.2,10.22,10.0,10.03,True,金 融 街,False
2018-03-20,289.369,291.226,287.744,290.065,94376.0,94564752.0,9.99,10.07,9.92,10.02,True,金 融 街,False
2018-03-21,290.065,293.315,289.601,290.529,88792.0,89147167.99999999,10.02,10.16,10.0,10.04,True,金 融 街,False
2018-03-22,290.529,290.994,288.44,289.369,66373.0,66306627.0,10.04,10.06,9.95,9.99,True,金 融 街,False
2018-03-23,285.422,286.351,276.602,284.262,199008.0,194430816.0,9.82,9.86,9.44,9.77,True,金 融 街,False
2018-03-26,282.173,288.44,278.226,286.583,126052.0,124413324.0,9.68,9.95,9.51,9.87,True,金 融 街,False
2018-03-27,287.976,288.672,284.494,286.119,125503.0,123620455.0,9.93,9.96,9.78,9.85,True,金 融 街,False
2018-03-28,284.494,287.279,281.708,282.637,107092.0,103879240.0,9.78,9.9,9.66,9.7,True,金 融 街,False
2018-03-29,282.637,290.297,280.548,288.208,206782.0,205541308.0,9.7,10.03,9.61,9.94,True,金 融 街,False
2018-03-30,287.976,287.976,284.03,284.958,125750.0,123235000.0,9.93,9.93,9.76,9.8,True,金 融 街,False
2018-04-02,285.422,286.583,282.869,283.565,119843.0,116727082.0,9.82,9.87,9.71,9.74,True,金 融 街,False
2018-04-03,281.476,281.708,277.994,279.155,112588.0,107521540.0,9.65,9.66,9.5,9.55,True,金 融 街,False
2018-04-04,279.387,280.78,277.298,277.53,81285.0,77058180.0,9.56,9.62,9.47,9.48,True,金 融 街,False
2018-04-09,276.137,277.994,274.512,275.441,106739.0,100227921.0,9.42,9.5,9.35,9.39,True,金 融 街,False
2018-04-10,276.137,280.548,275.209,279.851,93179.0,89265482.0,9.42,9.61,9.38,9.58,True,金 融 街,False
2018-04-11,280.083,283.565,279.619,281.244,128758.0,124122712.0,9.59,9.74,9.57,9.64,True,金 融 街,False
2018-04-12,281.012,281.94,279.155,279.387,53334.0,50987304.0,9.63,9.67,9.55,9.56,True,金 融 街,False
2018-04-13,280.78,281.244,278.691,279.387,48669.0,46527564.0,9.62,9.64,9.53,9.56,True,金 融 街,False
2018-04-16,279.851,279.851,272.887,273.352,132660.0,123373800.0,9.58,9.58,9.28,9.3,True,金 融 街,False
2018-04-17,274.048,274.28,269.87,270.102,85021.0,77879236.0,9.33,9.34,9.15,9.16,True,金 融 街,False
2018-04-18,271.959,273.12,268.941,271.495,83317.0,76818274.0,9.24,9.29,9.11,9.22,True,金 融 街,False
2018-04-19,271.727,272.191,266.388,271.727,72980.0,67360540.0,9.23,9.25,9.0,9.23,True,金 融 街,False
2018-04-20,271.495,271.495,266.388,268.709,95157.0,86592870.0,9.22,9.22,9.0,9.1,True,金 融 街,False
2018-04-23,268.013,269.638,266.388,268.941,50670.0,46160370.0,9.07,9.14,9.0,9.11,True,金 融 街,False
2018-04-24,268.709,273.816,268.709,272.191,76156.0,70444300.0,9.1,9.32,9.1,9.25,True,金 融 街,False
2018-04-25,271.03,271.495,269.173,270.334,52414.0,48063638.0,9.2,9.22,9.12,9.17,True,金 融 街,False
2018-04-26,270.566,271.263,267.316,268.245,59589.0,54106812.0,9.18,9.21,9.04,9.08,True,金 融 街,False
2018-04-27,268.709,269.173,266.156,267.781,70781.0,64127586.0,9.1,9.12,8.99,9.06,True,金 融 街,False
2018-05-02,266.62,268.013,263.834,265.227,74654.0,66815329.99999999,9.01,9.07,8.89,8.95,True,金 融 街,False
2018-05-03,265.227,265.227,261.513,263.602,82865.0,73584120.0,8.95,8.95,8.79,8.88,True,金 融 街,False
2018-05-04,263.602,264.299,259.888,260.585,163454.0,143022250.0,8.88,8.91,8.72,8.75,True,金 融 街,False
2018-05-07,260.817,263.834,260.817,263.602,109951.0,97636488.0,8.76,8.89,8.76,8.88,True,金 融 街,False
2018-05-08,263.834,267.781,262.906,265.924,132453.0,118942794.0,8.89,9.06,8.85,8.98,True,金 融 街,False
2018-05-09,265.924,266.388,263.138,264.067,106409.0,94704010.0,8.98,9.0,8.86,8.9,True,金 融 街,False
2018-05-10,264.531,265.691,263.602,264.995,84491.0,75534954.0,8.92,8.97,8.88,8.94,True,金 融 街,False
2018-05-11,264.995,265.459,263.37,263.602,63666.0,56535408.00000001,8.94,8.96,8.87,8.88,True,金 融 街,False
2018-05-14,263.834,267.316,263.602,266.388,82168.0,73951200.0,8.89,9.04,8.88,9.0,True,金 融 街,False
2018-05-15,266.852,268.245,265.691,267.084,100880.0,91094640.0,9.02,9.08,8.97,9.03,True,金 融 街,False
2018-05-16,266.852,267.548,265.459,267.084,68716.0,62050547.99999999,9.02,9.05,8.96,9.03,True,金 融 街,False
2018-05-17,267.084,271.495,266.852,270.102,135359.0,123988844.0,9.03,9.22,9.02,9.16,True,金 融 街,False
2018-05-18,269.638,274.512,269.173,274.048,150130.0,140071290.0,9.14,9.35,9.12,9.33,True,金 融 街,False
2018-05-21,274.512,277.994,274.512,275.673,141599.0,133103060.0,9.35,9.5,9.35,9.4,True,金 融 街,False
2018-05-22,275.905,276.137,270.566,273.584,151167.0,140736477.0,9.41,9.42,9.18,9.31,True,金 融 街,False
2018-05-23,272.423,273.12,269.406,271.263,88752.0,81740592.00000001,9.26,9.29,9.13,9.21,True,金 融 街,False
2018-05-24,270.798,274.048,270.566,274.048,101848.0,95024184.0,9.19,9.33,9.18,9.33,True,金 融 街,False
2018-05-25,273.352,275.441,272.655,273.352,64444.0,59932920.00000001,9.3,9.39,9.27,9.3,True,金 融 街,False
2018-05-28,273.352,275.209,271.263,274.977,63301.0,59313036.99999999,9.3,9.38,9.21,9.37,True,金 融 街,False
2018-05-29,274.512,276.369,272.423,274.048,65073.0,60713109.0,9.35,9.43,9.26,9.33,True,金 融 街,False
2018-05-30,272.191,272.191,268.477,269.638,67887.0,62048718.00000001,9.25,9.25,9.09,9.14,True,金 融 街,False
2018-05-31,269.87,272.887,269.87,272.655,61231.0,56761137.0,9.15,9.28,9.15,9.27,True,金 融 街,False
2018-06-01,272.423,276.137,271.727,273.12,104684.0,97251436.0,9.26,9.42,9.23,9.29,True,金 融 街,False
2018-06-04,273.12,276.834,273.12,276.369,79427.0,74899661.0,9.29,9.45,9.29,9.43,True,金 融 街,False
2018-06-05,277.066,277.298,274.744,276.369,59440.0,56051920.0,9.46,9.47,9.36,9.43,True,金 融 街,False
2018-06-06,275.905,275.905,273.816,275.673,45272.0,42555680.0,9.41,9.41,9.32,9.4,True,金 融 街,False
2018-06-07,276.602,279.619,275.441,278.923,112019.0,106866126.0,9.44,9.57,9.39,9.54,True,金 融 街,False
2018-06-08,278.226,278.691,274.744,275.905,69906.0,65781546.0,9.51,9.53,9.36,9.41,True,金 融 街,False
2018-06-11,275.441,277.298,271.03,272.423,51830.0,47994580.0,9.39,9.47,9.2,9.26,True,金 融 街,False
2018-06-12,272.423,274.048,271.727,273.584,48033.0,44718723.0,9.26,9.33,9.23,9.31,True,金 融 街,False
2018-06-13,273.12,275.673,271.959,272.423,53847.0,49862322.0,9.29,9.4,9.24,9.26,True,金 融 街,False
2018-06-14,271.263,273.584,268.245,269.406,79163.0,72275819.0,9.21,9.31,9.08,9.13,True,金 融 街,False
2018-06-15,270.102,275.209,269.173,269.406,77120.0,68096960.0,8.86,9.08,8.82,8.83,True,金 融 街,False
2018-06-19,267.781,267.781,256.871,258.495,164482.0,137506952.0,8.76,8.76,8.29,8.36,True,金 融 街,False
2018-06-20,258.728,261.049,257.799,258.728,75025.0,62795924.99999999,8.37,8.47,8.33,8.37,True,金 融 街,False
2018-06-21,259.424,262.674,255.942,258.263,82281.0,68704635.0,8.4,8.54,8.25,8.35,True,金 融 街,False
2018-06-22,257.799,260.352,256.638,260.352,62457.0,52713708.0,8.33,8.44,8.28,8.44,True,金 融 街,False
2018-06-25,261.977,262.209,258.728,258.96,68858.0,57703004.00000001,8.51,8.52,8.37,8.38,True,金 融 街,False
2018-06-26,256.638,258.263,251.996,254.085,78783.0,64365711.0,8.28,8.35,8.08,8.17,True,金 融 街,False
2018-06-27,253.853,255.478,251.532,252.46,58931.0,47734110.0,8.16,8.23,8.06,8.1,True,金 融 街,False
2018-06-28,252.924,253.389,247.817,248.746,79669.0,63257186.0,8.12,8.14,7.9,7.94,True,金 融 街,False
2018-06-29,248.978,251.764,246.889,251.299,79729.0,64181845.00000001,7.95,8.07,7.86,8.05,True,金 融 街,False
2018-07-02,250.371,250.603,239.229,240.854,126657.0,96259320.0,8.01,8.02,7.53,7.6,True,金 融 街,False
2018-07-03,241.318,242.711,237.14,239.461,125234.0,94426436.0,7.62,7.68,7.44,7.54,True,金 融 街,False
2018-07-04,238.532,239.693,231.104,231.801,177682.0,128108722.0,7.5,7.55,7.18,7.21,True,金 融 街,False
2018-07-05,232.033,233.658,226.926,228.319,194210.0,137112260.0,7.22,7.29,7.0,7.06,True,金 融 街,False
2018-07-06,228.319,230.408,222.98,226.694,204248.0,142769352.0,7.06,7.15,6.83,6.99,True,金 融 街,False
2018-07-09,227.39,232.729,227.158,232.033,153250.0,110646500.0,7.02,7.25,7.01,7.22,True,金 融 街,False
2018-07-10,232.497,234.818,230.176,232.729,124274.0,90098650.0,7.24,7.34,7.14,7.25,True,金 融 街,False
2018-07-11,229.015,229.711,226.229,227.39,97109.0,68170518.0,7.09,7.12,6.97,7.02,True,金 融 街,False
2018-07-12,227.854,232.961,227.622,231.801,111557.0,80432597.0,7.04,7.26,7.03,7.21,True,金 融 街,False
2018-07-13,233.425,235.979,232.265,233.658,114006.0,83110374.0,7.28,7.39,7.23,7.29,True,金 融 街,False
2018-07-16,232.497,232.729,230.176,232.265,71508.0,51700284.0,7.24,7.25,7.14,7.23,True,金 融 街,False
2018-07-17,232.033,232.265,229.943,231.568,53721.0,38679120.0,7.22,7.23,7.13,7.2,True,金 融 街,False
2018-07-18,231.336,232.033,230.176,230.64,56463.0,40427508.0,7.19,7.22,7.14,7.16,True,金 融 街,False
2018-07-19,230.64,231.568,229.015,229.479,62918.0,44734698.0,7.16,7.2,7.09,7.11,True,金 融 街,False
2018-07-20,229.015,233.193,227.39,232.033,73851.0,53320422.0,7.09,7.27,7.02,7.22,True,金 融 街,False
2018-07-23,230.872,235.515,230.176,235.282,109155.0,80338080.0,7.17,7.37,7.14,7.36,True,金 融 街,False
2018-07-24,235.515,240.854,235.05,238.997,144030.0,108310560.0,7.37,7.6,7.35,7.52,True,金 融 街,False
2018-07-25,239.461,239.461,237.14,237.372,72625.0,54105625.0,7.54,7.54,7.44,7.45,True,金 融 街,False
2018-07-26,237.372,239.461,235.747,237.14,99715.0,74187960.0,7.45,7.54,7.38,7.44,True,金 融 街,False
2018-07-27,236.675,237.14,235.05,235.515,57353.0,42269161.0,7.42,7.44,7.35,7.37,True,金 融 街,False
2018-07-30,235.515,237.14,234.354,235.747,74168.0,54735984.0,7.37,7.44,7.32,7.38,True,金 融 街,False
2018-07-31,235.515,239.229,235.05,238.068,67949.0,50825852.0,7.37,7.53,7.35,7.48,True,金 融 街,False
2018-08-01,237.14,237.604,233.425,233.658,90561.0,66018969.0,7.44,7.46,7.28,7.29,True,金 融 街,False
2018-08-02,233.425,233.658,225.997,228.551,79565.0,56252455.0,7.28,7.29,6.96,7.07,True,金 融 街,False
2018-08-03,228.551,229.247,226.694,226.926,36825.0,25777500.0,7.07,7.1,6.99,7.0,True,金 融 街,False
2018-08-06,226.926,228.319,223.676,223.908,60718.0,41713266.0,7.0,7.06,6.86,6.87,True,金 融 街,False
2018-08-07,224.837,229.247,224.605,229.015,59512.0,42194008.0,6.91,7.1,6.9,7.09,True,金 融 街,False
2018-08-08,228.086,229.711,227.622,228.086,57902.0,40820910.0,7.05,7.12,7.03,7.05,True,金 融 街,False
2018-08-09,227.854,232.497,227.39,231.336,80460.0,57850740.0,7.04,7.24,7.02,7.19,True,金 融 街,False
2018-08-10,231.104,235.515,231.104,233.193,84346.0,61319542.0,7.18,7.37,7.18,7.27,True,金 融 街,False
2018-08-13,231.104,231.801,228.319,231.104,63097.0,45303646.0,7.18,7.21,7.06,7.18,True,金 融 街,False
2018-08-14,230.408,231.568,229.943,231.104,33463.0,24026434.0,7.15,7.2,7.13,7.18,True,金 融 街,False
2018-08-15,230.64,231.336,227.622,227.854,44278.0,31171712.0,7.16,7.19,7.03,7.04,True,金 融 街,False
2018-08-16,226.926,229.015,225.301,227.39,45652.0,32047704.0,7.0,7.09,6.93,7.02,True,金 融 街,False
2018-08-17,228.319,229.015,224.605,225.301,46187.0,32007591.0,7.06,7.09,6.9,6.93,True,金 融 街,False
2018-08-20,224.372,227.622,224.372,226.229,70172.0,48909884.0,6.89,7.03,6.89,6.97,True,金 融 街,False
2018-08-21,225.997,228.319,225.301,227.854,69893.0,49204672.0,6.96,7.06,6.93,7.04,True,金 融 街,False
2018-08-22,227.622,229.015,227.158,227.158,33871.0,23743571.0,7.03,7.09,7.01,7.01,True,金 融 街,False
2018-08-23,227.854,228.319,225.997,227.158,43946.0,30806146.0,7.04,7.06,6.96,7.01,True,金 融 街,False
2018-08-24,227.158,227.39,223.212,225.301,144373.0,100050489.0,7.01,7.02,6.84,6.93,True,金 融 街,False
2018-08-27,225.301,228.551,225.069,228.551,98131.0,69378617.0,6.93,7.07,6.92,7.07,True,金 融 街,False
2018-08-28,228.551,229.943,228.086,229.015,72506.0,51406754.0,7.07,7.13,7.05,7.09,True,金 融 街,False
2018-08-29,229.015,230.176,227.622,227.854,60638.0,42689152.0,7.09,7.14,7.03,7.04,True,金 融 街,False
2018-08-30,227.622,228.551,224.605,224.837,69729.0,48182739.0,7.03,7.07,6.9,6.91,True,金 融 街,False
2018-08-31,225.301,226.926,223.676,225.997,70543.0,49097928.0,6.93,7.0,6.86,6.96,True,金 融 街,False
2018-09-03,225.069,225.533,223.676,224.605,60104.0,41471760.0,6.92,6.94,6.86,6.9,True,金 融 街,False
2018-09-04,224.605,226.694,223.676,226.462,55618.0,38821364.0,6.9,6.99,6.86,6.98,True,金 融 街,False
2018-09-05,225.997,226.462,223.908,224.372,56717.0,39078013.0,6.96,6.98,6.87,6.89,True,金 融 街,False
2018-09-06,224.14,224.605,222.283,222.515,70607.0,48083367.0,6.88,6.9,6.8,6.81,True,金 融 街,False
2018-09-07,222.283,224.14,220.426,220.89,80342.0,54150508.0,6.8,6.88,6.72,6.74,True,金 融 街,False
2018-09-10,220.658,221.819,220.426,220.658,60734.0,40873982.0,6.73,6.78,6.72,6.73,True,金 融 街,False
2018-09-11,220.426,221.587,219.266,219.962,63270.0,42390900.0,6.72,6.77,6.67,6.7,True,金 融 街,False
2018-09-12,219.962,221.355,219.266,220.89,38455.0,25918670.0,6.7,6.76,6.67,6.74,True,金 融 街,False
2018-09-13,221.587,222.747,220.658,221.819,50348.0,34135944.0,6.77,6.82,6.73,6.78,True,金 融 街,False
2018-09-14,221.819,223.212,221.123,222.515,55173.0,37572813.0,6.78,6.84,6.75,6.81,True,金 融 街,False
2018-09-17,222.283,222.515,220.426,222.283,39529.0,26879720.0,6.8,6.81,6.72,6.8,True,金 融 街,False
2018-09-18,221.819,224.372,221.123,223.908,63151.0,43384737.0,6.78,6.89,6.75,6.87,True,金 融 街,False
2018-09-19,223.444,229.479,223.212,227.854,138407.0,97438528.0,6.85,7.11,6.84,7.04,True,金 融 街,False
2018-09-20,227.39,228.783,226.926,227.39,55991.0,39305682.0,7.02,7.08,7.0,7.02,True,金 融 街,False
2018-09-21,228.086,232.033,227.622,231.336,116702.0,83908738.0,7.05,7.22,7.03,7.19,True,金 融 街,False
2018-09-25,229.247,229.247,227.622,228.319,90559.0,63934654.0,7.1,7.1,7.03,7.06,True,金 融 街,False
2018-09-26,228.783,230.872,227.854,228.783,75449.0,53417892.0,7.08,7.17,7.04,7.08,True,金 融 街,False
2018-09-27,228.783,229.479,227.622,228.086,39179.0,27621195.0,7.08,7.11,7.03,7.05,True,金 融 街,False
2018-09-28,228.319,229.247,227.622,227.854,48541.0,34172864.0,7.06,7.1,7.03,7.04,True,金 融 街,False
2018-10-08,226.229,226.229,220.89,221.355,90877.0,61432852.0,6.97,6.97,6.74,6.76,True,金 融 街,False
2018-10-09,221.123,222.283,220.426,220.658,40725.0,27407925.0,6.75,6.8,6.72,6.73,True,金 融 街,False
2018-10-10,221.355,221.587,219.498,220.194,52867.0,35473757.0,6.76,6.77,6.68,6.71,True,金 融 街,False
2018-10-11,216.944,217.408,205.106,206.731,145952.0,89468576.0,6.57,6.59,6.06,6.13,True,金 融 街,False
2018-10-12,206.731,208.123,203.481,206.731,77328.0,47402064.0,6.13,6.19,5.99,6.13,True,金 融 街,False
2018-10-15,206.266,208.123,203.713,204.177,67830.0,40833660.0,6.11,6.19,6.0,6.02,True,金 融 街,False
2018-10-16,204.874,205.802,197.677,198.838,94333.0,54618807.0,6.05,6.09,5.74,5.79,True,金 融 街,False
2018-10-17,200.463,202.32,199.302,201.159,60042.0,35364738.0,5.86,5.94,5.81,5.89,True,金 融 街,False
2018-10-18,201.159,201.159,199.07,199.302,48444.0,28145964.0,5.89,5.89,5.8,5.81,True,金 融 街,False
2018-10-19,199.302,205.106,197.677,204.641,112075.0,67693300.0,5.81,6.06,5.74,6.04,True,金 融 街,False
2018-10-22,205.802,212.998,205.802,211.141,141215.0,89247880.0,6.09,6.4,6.09,6.32,True,金 融 街,False
2018-10-23,211.373,212.07,207.427,208.355,90805.0,56299100.0,6.33,6.36,6.16,6.2,True,金 融 街,False
2018-10-24,207.891,212.534,207.659,209.98,66605.0,41761335.0,6.18,6.38,6.17,6.27,True,金 融 街,False
2018-10-25,207.659,212.534,207.195,212.534,91991.0,58690258.0,6.17,6.38,6.15,6.38,True,金 融 街,False
2018-10-26,212.998,220.658,212.302,215.784,132657.0,86492364.0,6.4,6.73,6.37,6.52,True,金 融 街,False
2018-10-29,215.087,217.641,212.766,213.927,97351.0,62694044.00000001,6.49,6.6,6.39,6.44,True,金 融 街,False
2018-10-30,212.534,218.337,212.07,216.48,97910.0,64131050.0,6.38,6.63,6.36,6.55,True,金 融 街,False
2018-10-31,216.48,217.641,213.927,216.016,63693.0,41591529.0,6.55,6.6,6.44,6.53,True,金 融 街,False
2018-11-01,216.944,219.498,216.248,216.944,98824.0,64927368.0,6.57,6.68,6.54,6.57,True,金 融 街,False
2018-11-02,218.337,220.426,216.248,219.962,150311.0,100708370.0,6.63,6.72,6.54,6.7,True,金 融 街,False
2018-11-05,219.498,220.194,216.48,219.962,112161.0,75147870.0,6.68,6.71,6.55,6.7,True,金 融 街,False
2018-11-06,219.962,221.587,218.569,221.587,105646.0,71522342.0,6.7,6.77,6.64,6.77,True,金 融 街,False
2018-11-07,221.587,226.229,220.426,225.533,150322.0,104323468.0,6.77,6.97,6.72,6.94,True,金 融 街,False
2018-11-08,225.301,226.229,223.212,223.444,108256.0,74155360.0,6.93,6.97,6.84,6.85,True,金 融 街,False
2018-11-09,223.444,225.997,223.444,224.14,73411.0,50506768.0,6.85,6.96,6.85,6.88,True,金 融 街,False
2018-11-12,224.372,227.854,224.372,227.622,72284.0,50815652.0,6.89,7.04,6.89,7.03,True,金 融 街,False
2018-11-13,225.997,230.64,225.533,229.479,72559.0,51589449.0,6.96,7.16,6.94,7.11,True,金 融 街,False
2018-11-14,229.479,231.801,229.015,230.176,65061.0,46453554.0,7.11,7.21,7.09,7.14,True,金 融 街,False
2018-11-15,229.479,232.033,229.015,231.568,57079.0,41096880.0,7.11,7.22,7.09,7.2,True,金 融 街,False
2018-11-16,232.033,235.747,232.033,234.586,85703.0,62820299.0,7.22,7.38,7.22,7.33,True,金 融 街,False
2018-11-19,234.354,239.693,234.354,237.14,98128.0,73007232.0,7.32,7.55,7.32,7.44,True,金 融 街,False
2018-11-20,237.836,238.997,228.086,229.479,131487.0,93487257.0,7.47,7.52,7.05,7.11,True,金 融 街,False
2018-11-21,228.086,232.265,227.622,231.336,79441.0,57118079.0,7.05,7.23,7.03,7.19,True,金 融 街,False
2018-11-22,231.336,233.425,230.408,231.336,48974.0,35212306.0,7.19,7.28,7.15,7.19,True,金 融 街,False
2018-11-23,232.265,232.265,225.069,225.301,66708.0,46228644.0,7.23,7.23,6.92,6.93,True,金 融 街,False
2018-11-26,224.837,228.551,224.837,225.997,32604.0,22692384.0,6.91,7.07,6.91,6.96,True,金 融 街,False
2018-11-27,227.158,227.854,224.372,225.069,38749.0,26814308.0,7.01,7.04,6.89,6.92,True,金 融 街,False
2018-11-28,225.301,227.39,224.605,226.926,42231.0,29561700.0,6.93,7.02,6.9,7.0,True,金 融 街,False
2018-11-29,227.854,228.551,222.051,223.212,57612.0,39406608.0,7.04,7.07,6.79,6.84,True,金 融 街,False
2018-11-30,223.444,223.676,220.658,221.819,44595.0,30235410.0,6.85,6.86,6.73,6.78,True,金 融 街,False
2018-12-03,224.372,227.622,224.372,227.158,81488.0,57123088.0,6.89,7.03,6.89,7.01,True,金 融 街,False
2018-12-04,226.694,227.158,224.605,225.997,46467.0,32341032.0,6.99,7.01,6.9,6.96,True,金 融 街,False
2018-12-05,224.372,226.462,223.444,224.372,38299.0,26388011.0,6.89,6.98,6.85,6.89,True,金 融 街,False
2018-12-06,224.372,225.069,221.355,221.587,38424.0,26013048.0,6.89,6.92,6.76,6.77,True,金 融 街,False
2018-12-07,221.355,222.98,221.123,222.283,29162.0,19830160.0,6.76,6.83,6.75,6.8,True,金 融 街,False
2018-12-10,220.89,221.819,217.873,218.801,51204.0,34050660.0,6.74,6.78,6.61,6.65,True,金 融 街,False
2018-12-11,219.266,221.355,218.337,220.194,28960.0,19432160.0,6.67,6.76,6.63,6.71,True,金 融 街,False
2018-12-12,220.194,225.533,220.194,221.819,81402.0,55190556.0,6.71,6.94,6.71,6.78,True,金 融 街,False
2018-12-13,222.515,226.462,220.89,225.301,114077.0,79055361.0,6.81,6.98,6.74,6.93,True,金 融 街,False
2018-12-14,224.372,225.301,222.515,222.515,73476.0,50037156.0,6.89,6.93,6.81,6.81,True,金 融 街,False
2018-12-17,222.515,225.765,221.355,225.533,65192.0,45243248.0,6.81,6.95,6.76,6.94,True,金 融 街,False
2018-12-18,224.14,225.533,217.176,220.194,78632.0,52762072.0,6.88,6.94,6.58,6.71,True,金 融 街,False
2018-12-19,220.426,222.051,217.176,217.408,76539.0,50439201.0,6.72,6.79,6.58,6.59,True,金 融 街,False
2018-12-20,218.337,220.89,216.944,217.873,87994.0,58164034.0,6.63,6.74,6.57,6.61,True,金 融 街,False
2018-12-21,217.873,218.337,214.623,217.641,89595.0,59132700.0,6.61,6.63,6.47,6.6,True,金 融 街,False
2018-12-24,216.48,220.658,216.016,219.73,56880.0,38052720.0,6.55,6.73,6.53,6.69,True,金 融 街,False
2018-12-25,218.801,218.801,213.23,216.712,45809.0,30050704.0,6.65,6.65,6.41,6.56,True,金 融 街,False
2018-12-26,216.248,216.712,214.159,216.248,33061.0,21621894.0,6.54,6.56,6.45,6.54,True,金 融 街,False
2018-12-27,218.105,218.569,212.998,213.927,48811.0,31434284.000000004,6.62,6.64,6.4,6.44,True,金 融 街,False
2018-12-28,213.927,215.319,213.23,213.927,36327.0,23394588.0,6.44,6.5,6.41,6.44,True,金 融 街,False
2019-01-02,214.391,214.391,210.909,211.605,43339.0,27476926.0,6.46,6.46,6.31,6.34,True,金 融 街,False
2019-01-03,212.302,214.623,206.963,209.052,69058.0,43023134.0,6.37,6.47,6.14,6.23,True,金 融 街,False
2019-01-04,208.355,214.623,207.659,214.623,73627.0,47636669.0,6.2,6.47,6.17,6.47,True,金 融 街,False
2019-01-07,216.016,220.194,215.784,219.033,87075.0,57991950.0,6.53,6.71,6.52,6.66,True,金 融 街,False
2019-01-08,219.033,221.587,217.176,219.498,50951.0,34035268.0,6.66,6.77,6.58,6.68,True,金 融 街,False
2019-01-09,220.426,224.605,219.962,223.212,120089.0,82140876.0,6.72,6.9,6.7,6.84,True,金 融 街,False
2019-01-10,222.747,222.747,219.962,221.819,63693.0,43183854.0,6.82,6.82,6.7,6.78,True,金 融 街,False
2019-01-11,221.819,222.515,220.426,221.819,29856.0,20242368.0,6.78,6.81,6.72,6.78,True,金 融 街,False
2019-01-14,221.587,222.515,220.194,222.051,34412.0,23365748.0,6.77,6.81,6.71,6.79,True,金 融 街,False
2019-01-15,222.051,224.372,219.962,222.98,43928.0,30002824.0,6.79,6.89,6.7,6.83,True,金 融 街,False
2019-01-16,222.747,223.676,219.73,220.658,65785.0,44273305.0,6.82,6.86,6.69,6.73,True,金 融 街,False
2019-01-17,220.89,223.444,220.658,220.89,56377.0,37998098.0,6.74,6.85,6.73,6.74,True,金 融 街,False
2019-01-18,221.355,223.444,220.426,222.98,71690.0,48964270.0,6.76,6.85,6.72,6.83,True,金 融 街,False
2019-01-21,222.98,224.605,222.515,223.212,44261.0,30274524.0,6.83,6.9,6.81,6.84,True,金 融 街,False
2019-01-22,222.515,225.069,221.123,221.123,42665.0,28798875.0,6.81,6.92,6.75,6.75,True,金 融 街,False
2019-01-23,221.355,222.98,220.426,221.587,27740.0,18779980.0,6.76,6.83,6.72,6.77,True,金 融 街,False
2019-01-24,221.587,222.98,220.426,222.051,40351.0,27398329.0,6.77,6.83,6.72,6.79,True,金 融 街,False
2019-01-25,222.515,224.605,221.355,223.444,54681.0,37456485.0,6.81,6.9,6.76,6.85,True,金 融 街,False
2019-01-28,224.372,224.837,223.212,223.676,66671.0,45736306.0,6.89,6.91,6.84,6.86,True,金 融 街,False
2019-01-29,223.212,229.015,223.212,229.015,182065.0,129084085.0,6.84,7.09,6.84,7.09,True,金 融 街,False
2019-01-30,228.319,231.104,224.605,226.926,110891.0,77623700.0,7.06,7.18,6.9,7.0,True,金 融 街,False
2019-01-31,229.015,229.943,226.229,228.086,70810.0,49921050.0,7.09,7.13,6.97,7.05,True,金 融 街,False
2019-02-01,228.551,230.64,226.926,230.176,86793.0,61970202.0,7.07,7.16,7.0,7.14,True,金 融 街,False
2019-02-11,229.711,231.336,227.854,231.104,92853.0,66668454.0,7.12,7.19,7.04,7.18,True,金 融 街,False
2019-02-12,230.64,232.729,229.711,231.104,84030.0,60333540.0,7.16,7.25,7.12,7.18,True,金 融 街,False
2019-02-13,231.336,233.658,230.64,233.425,90142.0,65623376.0,7.19,7.29,7.16,7.28,True,金 融 街,False
2019-02-14,232.729,236.211,232.033,235.515,103381.0,76191797.0,7.25,7.4,7.22,7.37,True,金 融 街,False
2019-02-15,235.05,235.979,233.658,233.658,76671.0,55893159.0,7.35,7.39,7.29,7.29,True,金 融 街,False
2019-02-18,234.122,236.907,234.122,236.211,73085.0,54082900.0,7.31,7.43,7.31,7.4,True,金 融 街,False
2019-02-19,236.443,238.997,234.586,235.747,102172.0,75402936.0,7.41,7.52,7.33,7.38,True,金 融 街,False
2019-02-20,235.282,236.443,234.354,235.282,71777.0,52827872.0,7.36,7.41,7.32,7.36,True,金 融 街,False
2019-02-21,235.282,236.211,232.265,232.729,100395.0,72786375.0,7.36,7.4,7.23,7.25,True,金 融 街,False
2019-02-22,232.729,235.747,232.265,235.747,84786.0,62572068.0,7.25,7.38,7.23,7.38,True,金 融 街,False
2019-02-25,236.675,245.496,236.675,244.8,259371.0,201531267.0,7.42,7.8,7.42,7.77,True,金 融 街,False
2019-02-26,245.496,256.406,245.496,247.817,318010.0,251227900.0,7.8,8.27,7.8,7.9,True,金 融 街,False
2019-02-27,247.817,253.621,247.121,250.603,216138.0,173342676.0,7.9,8.15,7.87,8.02,True,金 融 街,False
2019-02-28,250.603,253.621,248.514,250.139,123542.0,98833600.0,8.02,8.15,7.93,8.0,True,金 融 街,False
2019-03-01,251.299,252.228,246.889,250.371,121248.0,97119648.0,8.05,8.09,7.86,8.01,True,金 融 街,False
2019-03-04,251.996,257.799,250.835,253.621,255516.0,208245540.0,8.08,8.33,8.03,8.15,True,金 融 街,False
2019-03-05,254.085,257.799,252.692,257.335,161628.0,134312868.0,8.17,8.33,8.11,8.31,True,金 融 街,False
2019-03-06,257.567,259.192,255.71,258.031,141916.0,118357944.0,8.32,8.39,8.24,8.34,True,金 融 街,False
2019-03-07,258.031,258.96,253.156,255.478,224718.0,184942914.0,8.34,8.38,8.13,8.23,True,金 融 街,False
2019-03-08,253.389,254.085,245.728,246.193,203125.0,159046875.0,8.14,8.17,7.81,7.83,True,金 融 街,False
2019-03-11,243.639,248.978,243.407,248.514,155553.0,123353529.0,7.72,7.95,7.71,7.93,True,金 融 街,False
2019-03-12,248.978,252.692,248.05,249.674,141015.0,112529970.0,7.95,8.11,7.91,7.98,True,金 融 街,False
2019-03-13,251.764,255.942,250.139,253.389,178091.0,144966074.0,8.07,8.25,8.0,8.14,True,金 融 街,False
2019-03-14,252.924,255.478,246.425,248.746,136340.0,108253960.0,8.12,8.23,7.84,7.94,True,金 融 街,False
2019-03-15,249.674,253.853,248.05,252.692,142950.0,115932450.0,7.98,8.16,7.91,8.11,True,金 融 街,False
2019-03-18,254.085,258.96,252.692,258.96,222697.0,186620086.00000003,8.17,8.38,8.11,8.38,True,金 融 街,False
2019-03-19,258.263,260.585,255.246,256.174,163301.0,134886626.0,8.35,8.45,8.22,8.26,True,金 融 街,False
2019-03-20,255.478,257.799,253.389,256.406,125690.0,103945630.0,8.23,8.33,8.14,8.27,True,金 融 街,False
2019-03-21,256.871,259.192,256.174,256.406,127171.0,105170417.0,8.29,8.39,8.26,8.27,True,金 融 街,False
2019-03-22,256.174,258.728,254.781,258.728,133324.0,111592188.0,8.26,8.37,8.2,8.37,True,金 融 街,False
2019-03-25,256.871,259.424,255.246,255.71,129213.0,106471512.0,8.29,8.4,8.22,8.24,True,金 融 街,False
2019-03-26,256.871,257.103,249.674,250.371,127599.0,102206799.0,8.29,8.3,7.98,8.01,True,金 融 街,False
2019-03-27,251.532,253.156,250.371,252.228,91914.0,74358426.0,8.06,8.13,8.01,8.09,True,金 融 街,False
2019-03-28,252.46,253.156,247.817,247.817,87718.0,69297220.0,8.1,8.13,7.9,7.9,True,金 融 街,False
2019-03-29,249.442,264.299,249.21,263.602,418523.0,359092734.0,7.97,8.61,7.96,8.58,True,金 融 街,False
2019-04-01,266.156,272.191,264.067,267.548,424009.0,371007875.0,8.69,8.95,8.6,8.75,True,金 融 街,False
2019-04-02,266.852,270.102,265.924,268.013,259110.0,227239470.0,8.72,8.86,8.68,8.77,True,金 融 街,False
2019-04-03,265.924,274.512,265.227,272.887,294938.0,264854324.0,8.68,9.05,8.65,8.98,True,金 融 街,False
2019-04-04,272.887,276.834,271.495,276.834,302644.0,276919260.0,8.98,9.15,8.92,9.15,True,金 融 街,False
2019-04-08,277.53,284.262,274.744,275.673,297341.0,270580310.0,9.18,9.47,9.06,9.1,True,金 融 街,False
2019-04-09,276.369,284.03,276.369,280.316,259836.0,241647480.00000003,9.13,9.46,9.13,9.3,True,金 融 街,False
2019-04-10,278.691,281.708,277.762,279.619,171325.0,158818275.0,9.23,9.36,9.19,9.27,True,金 融 街,False
2019-04-11,279.619,281.476,274.048,277.298,210676.0,193189892.0,9.27,9.35,9.03,9.17,True,金 融 街,False
2019-04-12,280.316,280.316,274.048,275.441,105871.0,96236739.0,9.3,9.3,9.03,9.09,True,金 融 街,False
2019-04-15,278.226,280.316,272.191,272.423,143571.0,128639616.0,9.21,9.3,8.95,8.96,True,金 融 街,False
2019-04-16,272.191,276.137,267.316,275.673,168836.0,153640760.0,8.95,9.12,8.74,9.1,True,金 融 街,False
2019-04-17,275.673,276.834,271.959,273.12,125251.0,112600649.0,9.1,9.15,8.94,8.99,True,金 融 街,False
2019-04-18,272.655,273.816,271.263,271.727,86099.0,76886407.0,8.97,9.02,8.91,8.93,True,金 融 街,False
2019-04-19,272.887,273.352,268.941,272.191,96814.0,86648530.0,8.98,9.0,8.81,8.95,True,金 融 街,False
2019-04-22,271.959,272.423,261.745,263.138,224007.0,191749992.0,8.94,8.96,8.5,8.56,True,金 融 街,False
2019-04-23,263.138,264.531,261.977,262.906,114099.0,97554645.0,8.56,8.62,8.51,8.55,True,金 融 街,False
2019-04-24,263.138,263.602,260.352,262.906,119368.0,102059640.0,8.56,8.58,8.44,8.55,True,金 融 街,False
2019-04-25,261.977,263.37,257.103,257.799,92258.0,76850914.0,8.51,8.57,8.3,8.33,True,金 融 街,False
2019-04-26,257.799,260.12,255.013,255.246,102283.0,84076626.0,8.33,8.43,8.21,8.22,True,金 融 街,False
2019-04-29,254.781,256.638,253.853,255.71,114747.0,94551528.0,8.2,8.28,8.16,8.24,True,金 融 街,False
2019-04-30,255.478,256.174,254.085,255.478,135555.0,111561765.0,8.23,8.26,8.17,8.23,True,金 融 街,False
2019-05-06,250.835,251.532,241.086,243.175,145366.0,111931820.0,8.03,8.06,7.61,7.7,True,金 融 街,False
2019-05-07,243.639,246.657,243.639,246.425,93853.0,73580752.0,7.72,7.85,7.72,7.84,True,金 融 街,False
2019-05-08,244.568,249.674,243.407,248.746,113371.0,90016574.0,7.76,7.98,7.71,7.94,True,金 融 街,False
2019-05-09,247.817,248.746,242.246,244.336,82298.0,63780950.0,7.9,7.94,7.66,7.75,True,金 融 街,False
2019-05-10,244.568,248.746,244.336,248.282,81212.0,64319904.0,7.76,7.94,7.75,7.92,True,金 融 街,False
2019-05-13,246.889,249.21,246.425,248.05,50696.0,40100536.0,7.86,7.96,7.84,7.91,True,金 融 街,False
2019-05-14,245.728,247.121,243.175,244.568,92533.0,71805608.0,7.81,7.87,7.7,7.76,True,金 融 街,False
2019-05-15,245.496,248.282,244.8,247.585,78566.0,61988574.0,7.8,7.92,7.77,7.89,True,金 融 街,False
2019-05-16,248.05,249.442,246.889,248.746,57267.0,45469998.0,7.91,7.97,7.86,7.94,True,金 融 街,False
2019-05-17,249.21,249.674,242.711,243.175,66667.0,51333590.0,7.96,7.98,7.68,7.7,True,金 融 街,False
2019-05-20,244.336,245.496,239.229,240.854,73355.0,55749800.0,7.75,7.8,7.53,7.6,True,金 融 街,False
2019-05-21,241.55,244.8,240.854,243.175,74218.0,57147860.0,7.63,7.77,7.6,7.7,True,金 融 街,False
2019-05-22,243.871,244.568,241.55,242.246,82276.0,63023416.0,7.73,7.76,7.63,7.66,True,金 融 街,False
2019-05-23,241.55,242.478,237.836,238.764,74541.0,55980291.0,7.63,7.67,7.47,7.51,True,金 融 街,False
2019-05-24,238.3,242.246,238.3,240.389,74913.0,56784054.0,7.49,7.66,7.49,7.58,True,金 融 街,False
2019-05-27,240.854,242.014,237.604,241.086,122963.0,93574843.0,7.6,7.65,7.46,7.61,True,金 融 街,False
2019-05-28,240.621,242.014,239.461,240.621,100217.0,76064703.0,7.59,7.65,7.54,7.59,True,金 融 街,False
2019-05-29,240.157,240.621,238.532,239.229,67049.0,50487897.0,7.57,7.59,7.5,7.53,True,金 融 街,False
2019-05-30,239.229,239.925,233.193,234.586,157694.0,115589702.0,7.53,7.56,7.27,7.33,True,金 融 街,False
2019-05-31,234.818,236.443,234.122,234.586,87462.0,64109646.0,7.34,7.41,7.31,7.33,True,金 融 街,False
2019-06-03,234.586,235.747,230.872,232.497,101296.0,73338304.0,7.33,7.38,7.17,7.24,True,金 融 街,False
2019-06-04,232.497,233.89,231.568,233.193,74852.0,54417404.0,7.24,7.3,7.2,7.27,True,金 融 街,False
2019-06-05,234.586,237.14,233.89,235.515,92429.0,68120173.0,7.33,7.44,7.3,7.37,True,金 融 街,False
2019-06-06,235.05,237.14,234.818,235.515,70022.0,51606214.0,7.35,7.44,7.34,7.37,True,金 融 街,False
2019-06-10,235.515,238.068,234.586,237.14,61630.0,45852720.0,7.37,7.48,7.33,7.44,True,金 融 街,False
2019-06-11,237.372,242.246,237.372,242.246,122927.0,94162082.0,7.45,7.66,7.45,7.66,True,金 融 街,False
2019-06-12,242.943,242.943,238.997,239.925,111714.0,81104364.0,7.39,7.39,7.22,7.26,True,金 融 街,False
2019-06-13,240.157,240.621,238.3,239.461,56303.0,40763372.0,7.27,7.29,7.19,7.24,True,金 融 街,False
2019-06-14,239.925,241.086,238.3,238.997,61235.0,44211670.0,7.26,7.31,7.19,7.22,True,金 融 街,False
2019-06-17,238.764,239.925,238.3,238.764,36759.0,26503239.0,7.21,7.26,7.19,7.21,True,金 融 街,False
2019-06-18,238.764,239.461,237.372,238.532,51006.0,36724320.0,7.21,7.24,7.15,7.2,True,金 融 街,False
2019-06-19,240.621,242.943,240.157,240.854,107510.0,78482300.0,7.29,7.39,7.27,7.3,True,金 融 街,False
2019-06-20,240.854,246.193,240.621,245.264,95861.0,71799889.0,7.3,7.53,7.29,7.49,True,金 融 街,False
2019-06-21,246.193,248.282,246.193,246.657,97278.0,73444890.0,7.53,7.62,7.53,7.55,True,金 融 街,False
2019-06-24,246.889,248.978,246.889,248.746,67832.0,51823648.0,7.56,7.65,7.56,7.64,True,金 融 街,False
2019-06-25,248.746,249.442,245.264,247.817,91065.0,69209400.0,7.64,7.67,7.49,7.6,True,金 融 街,False
2019-06-26,246.889,251.067,246.889,250.603,66974.0,51703928.0,7.56,7.74,7.56,7.72,True,金 融 街,False
2019-06-27,251.067,251.996,248.978,251.996,91472.0,71165216.0,7.74,7.78,7.65,7.78,True,金 融 街,False
2019-06-28,251.067,253.389,249.21,253.389,79635.0,62433840.0,7.74,7.84,7.66,7.84,True,金 融 街,False
2019-07-01,253.853,256.406,253.853,255.478,133203.0,105629979.0,7.86,7.97,7.86,7.93,True,金 融 街,False
2019-07-02,255.246,256.638,253.853,255.71,80278.0,63740732.0,7.92,7.98,7.86,7.94,True,金 融 街,False
2019-07-03,255.71,259.656,254.317,256.871,97215.0,77674785.0,7.94,8.11,7.88,7.99,True,金 融 街,False
2019-07-04,257.799,261.281,256.638,260.12,98136.0,79784568.00000001,8.03,8.18,7.98,8.13,True,金 融 街,False
2019-07-05,260.12,260.12,257.799,258.263,58115.0,46782575.00000001,8.13,8.13,8.03,8.05,True,金 融 街,False
2019-07-08,259.192,259.192,251.532,255.246,107486.0,85128912.0,8.09,8.09,7.76,7.92,True,金 融 街,False
2019-07-09,254.549,256.638,253.389,254.549,56446.0,44535894.0,7.89,7.98,7.84,7.89,True,金 融 街,False
2019-07-10,254.549,255.246,251.996,252.924,41468.0,32427976.0,7.89,7.92,7.78,7.82,True,金 融 街,False
2019-07-11,253.389,255.013,252.228,252.692,39456.0,30815136.0,7.84,7.91,7.79,7.81,True,金 融 街,False
2019-07-12,255.478,255.478,253.156,254.317,50433.0,39741204.0,7.93,7.93,7.83,7.88,True,金 融 街,False
2019-07-15,255.013,255.71,250.835,253.621,51095.0,40109575.0,7.91,7.94,7.73,7.85,True,金 融 街,False
2019-07-16,254.317,255.478,253.156,254.317,44184.0,34816992.0,7.88,7.93,7.83,7.88,True,金 融 街,False
2019-07-17,253.853,255.478,252.46,253.389,48986.0,38405024.0,7.86,7.93,7.8,7.84,True,金 融 街,False
2019-07-18,252.692,252.692,249.674,249.907,45432.0,34937208.0,7.81,7.81,7.68,7.69,True,金 融 街,False
2019-07-19,250.603,255.71,249.907,255.013,79329.0,62749239.0,7.72,7.94,7.69,7.91,True,金 融 街,False
2019-07-22,255.013,257.567,248.05,249.674,123583.0,94911744.0,7.91,8.02,7.61,7.68,True,金 融 街,False
2019-07-23,249.21,253.853,245.496,251.299,90651.0,70254525.0,7.66,7.86,7.5,7.75,True,金 融 街,False
2019-07-24,251.764,253.389,246.657,249.674,105383.0,80934144.0,7.77,7.84,7.55,7.68,True,金 融 街,False
2019-07-25,249.21,251.299,248.514,251.067,50464.0,39059136.0,7.66,7.75,7.63,7.74,True,金 融 街,False
2019-07-26,251.067,251.996,250.139,251.764,38014.0,29536878.0,7.74,7.78,7.7,7.77,True,金 融 街,False
2019-07-29,251.532,252.228,250.603,251.532,32396.0,25139296.0,7.76,7.79,7.72,7.76,True,金 融 街,False
2019-07-30,250.603,253.156,250.603,252.46,41906.0,32686680.0,7.72,7.83,7.72,7.8,True,金 融 街,False
2019-07-31,251.532,251.996,247.817,248.514,64499.0,49212737.0,7.76,7.78,7.6,7.63,True,金 融 街,False
2019-08-01,247.817,248.978,244.103,244.8,91639.0,68454333.0,7.6,7.65,7.44,7.47,True,金 融 街,False
2019-08-02,242.711,243.407,240.854,242.246,77284.0,56881024.0,7.38,7.41,7.3,7.36,True,金 融 街,False
2019-08-05,242.246,242.246,238.532,238.532,59651.0,42948720.0,7.36,7.36,7.2,7.2,True,金 融 街,False
2019-08-06,235.979,237.836,233.425,236.675,88397.0,62938664.0,7.09,7.17,6.98,7.12,True,金 融 街,False
2019-08-07,237.604,238.532,236.443,236.443,38816.0,27598176.0,7.16,7.2,7.11,7.11,True,金 融 街,False
2019-08-08,237.604,240.621,237.14,239.229,61372.0,44371956.0,7.16,7.29,7.14,7.23,True,金 融 街,False
2019-08-09,239.229,240.621,236.675,237.604,43994.0,31499704.0,7.23,7.29,7.12,7.16,True,金 融 街,False
2019-08-12,238.764,243.175,238.532,242.943,61528.0,45469192.0,7.21,7.4,7.2,7.39,True,金 融 街,False
2019-08-13,242.711,245.264,241.782,245.264,56602.0,42394898.0,7.38,7.49,7.34,7.49,True,金 融 街,False
2019-08-14,246.425,249.21,245.96,247.585,61481.0,46664079.0,7.54,7.66,7.52,7.59,True,金 融 街,False
2019-08-15,245.264,249.907,244.336,249.442,76982.0,59045194.0,7.49,7.69,7.45,7.67,True,金 融 街,False
2019-08-16,249.674,250.603,247.585,248.746,47842.0,36551288.0,7.68,7.72,7.59,7.64,True,金 融 街,False
2019-08-19,249.442,253.621,249.21,252.46,69990.0,54592200.0,7.67,7.85,7.66,7.8,True,金 融 街,False
2019-08-20,253.389,253.389,249.907,250.371,67173.0,51790383.0,7.84,7.84,7.69,7.71,True,金 融 街,False
2019-08-21,250.835,254.085,248.746,250.371,74019.0,57068649.0,7.73,7.87,7.64,7.71,True,金 融 街,False
2019-08-22,251.764,251.996,248.514,250.139,43076.0,33168520.0,7.77,7.78,7.63,7.7,True,金 融 街,False
2019-08-23,249.442,250.371,247.121,247.817,51513.0,39149880.0,7.67,7.71,7.57,7.6,True,金 融 街,False
2019-08-26,245.96,246.193,243.407,244.103,69500.0,51708000.0,7.52,7.53,7.41,7.44,True,金 融 街,False
2019-08-27,244.8,248.746,244.8,245.264,81202.0,60820298.0,7.47,7.64,7.47,7.49,True,金 融 街,False
2019-08-28,246.657,248.05,244.8,245.96,58833.0,44242416.0,7.55,7.61,7.47,7.52,True,金 融 街,False
2019-08-29,246.657,247.121,242.943,243.175,60765.0,44966100.0,7.55,7.57,7.39,7.4,True,金 融 街,False
2019-08-30,243.871,244.8,239.925,241.55,64316.0,47143628.0,7.43,7.47,7.26,7.33,True,金 融 街,False
2019-09-02,241.55,244.568,240.621,243.639,62504.0,46377968.0,7.33,7.46,7.29,7.42,True,金 融 街,False
2019-09-03,243.639,244.336,241.782,243.407,51598.0,38234118.0,7.42,7.45,7.34,7.41,True,金 融 街,False
2019-09-04,242.943,247.585,242.246,247.585,93441.0,70921719.0,7.39,7.59,7.36,7.59,True,金 融 街,False
2019-09-05,248.05,251.299,247.353,251.299,131011.0,101533525.0,7.61,7.75,7.58,7.75,True,金 融 街,False
2019-09-06,250.603,252.46,248.05,251.764,112898.0,87721746.0,7.72,7.8,7.61,7.77,True,金 融 街,False
2019-09-09,253.853,255.71,251.996,252.692,92967.0,72607227.0,7.86,7.94,7.78,7.81,True,金 融 街,False
2019-09-10,252.692,253.156,250.603,252.228,55795.0,43464305.0,7.81,7.83,7.72,7.79,True,金 融 街,False
2019-09-11,252.228,253.156,250.603,252.692,59164.0,46207084.0,7.79,7.83,7.72,7.81,True,金 融 街,False
2019-09-12,253.156,255.478,252.924,254.317,84588.0,66655344.0,7.83,7.93,7.82,7.88,True,金 融 街,False
2019-09-16,253.853,255.942,253.853,255.013,71670.0,56690970.0,7.86,7.95,7.86,7.91,True,金 融 街,False
2019-09-17,255.013,256.174,251.299,252.924,95747.0,74874154.0,7.91,7.96,7.75,7.82,True,金 融 街,False
2019-09-18,253.156,256.174,251.996,253.621,76170.0,59793450.0,7.83,7.96,7.78,7.85,True,金 融 街,False
2019-09-19,254.549,255.013,253.389,254.549,46030.0,36317670.0,7.89,7.91,7.84,7.89,True,金 融 街,False
2019-09-20,254.085,255.246,252.692,253.853,58852.0,46257672.0,7.87,7.92,7.81,7.86,True,金 融 街,False
2019-09-23,253.853,253.853,249.21,251.067,50449.0,39047526.0,7.86,7.86,7.66,7.74,True,金 融 街,False
2019-09-24,251.067,253.156,250.371,252.46,56627.0,44169060.0,7.74,7.83,7.71,7.8,True,金 融 街,False
2019-09-25,252.46,252.46,249.674,250.371,40721.0,31395891.0,7.8,7.8,7.68,7.71,True,金 融 街,False
2019-09-26,250.603,253.389,248.514,248.978,65414.0,50041710.0,7.72,7.84,7.63,7.65,True,金 融 街,False
2019-09-27,248.978,250.371,246.425,247.121,54641.0,41363237.0,7.65,7.71,7.54,7.57,True,金 融 街,False
2019-09-30,248.746,251.996,246.425,250.139,86956.0,66956120.0,7.64,7.78,7.54,7.7,True,金 融 街,False
2019-10-08,249.442,251.067,248.05,250.139,79227.0,61004790.0,7.67,7.74,7.61,7.7,True,金 融 街,False
2019-10-09,249.674,254.549,248.746,254.317,82259.0,64820092.0,7.68,7.89,7.64,7.88,True,金 融 街,False
2019-10-10,254.549,254.781,253.156,254.317,56758.0,44725304.0,7.89,7.9,7.83,7.88,True,金 融 街,False
2019-10-11,255.013,256.638,253.389,255.942,88439.0,70309005.0,7.91,7.98,7.84,7.95,True,金 融 街,False
2019-10-14,257.103,259.424,256.174,256.638,88008.0,70230384.0,8.0,8.1,7.96,7.98,True,金 融 街,False
2019-10-15,258.031,261.049,257.335,258.495,104511.0,84235866.0,8.04,8.17,8.01,8.06,True,金 融 街,False
2019-10-16,258.728,262.209,257.799,259.656,97257.0,78875427.0,8.07,8.22,8.03,8.11,True,金 融 街,False
2019-10-17,260.352,260.817,257.335,257.799,55021.0,44181863.0,8.14,8.16,8.01,8.03,True,金 融 街,False
2019-10-18,257.567,259.656,252.46,254.549,89430.0,70560270.0,8.02,8.11,7.8,7.89,True,金 融 街,False
2019-10-21,253.389,255.478,251.764,253.853,66509.0,52276074.0,7.84,7.93,7.77,7.86,True,金 融 街,False
2019-10-22,254.085,256.406,252.924,255.71,52909.0,42009746.0,7.87,7.97,7.82,7.94,True,金 融 街,False
2019-10-23,255.246,258.495,254.549,257.799,97321.0,78148763.0,7.92,8.06,7.89,8.03,True,金 融 街,False
2019-10-24,256.871,261.745,256.871,261.745,114142.0,93596440.0,7.99,8.2,7.99,8.2,True,金 融 街,False
2019-10-25,261.745,263.138,259.888,262.209,80779.0,66400338.00000001,8.2,8.26,8.12,8.22,True,金 融 街,False
2019-10-28,261.745,263.37,258.96,259.424,75257.0,60958170.0,8.2,8.27,8.08,8.1,True,金 融 街,False
2019-10-29,259.192,260.12,255.942,256.871,56021.0,44760779.0,8.09,8.13,7.95,7.99,True,金 融 街,False
2019-10-30,255.942,257.103,255.246,256.174,47951.0,38168996.0,7.95,8.0,7.92,7.96,True,金 融 街,False
2019-10-31,257.103,257.567,253.156,253.853,63524.0,49929864.0,8.0,8.02,7.83,7.86,True,金 融 街,False
2019-11-01,252.692,260.12,252.692,257.799,98724.0,79275372.0,7.81,8.13,7.81,8.03,True,金 融 街,False
2019-11-04,258.96,261.281,258.031,258.96,75196.0,60758368.0,8.08,8.18,8.04,8.08,True,金 融 街,False
2019-11-05,260.12,260.585,257.799,258.96,76053.0,61450824.0,8.13,8.15,8.03,8.08,True,金 融 街,False
2019-11-06,259.656,259.888,255.942,256.871,56827.0,45404773.0,8.11,8.12,7.95,7.99,True,金 融 街,False
2019-11-07,257.799,258.96,256.174,256.638,58190.0,46435620.0,8.03,8.08,7.96,7.98,True,金 融 街,False
2019-11-08,257.567,258.263,252.924,253.389,94859.0,74369456.0,8.02,8.05,7.82,7.84,True,金 融 街,False
2019-11-11,252.692,252.924,248.282,248.514,75694.0,57754522.0,7.81,7.82,7.62,7.63,True,金 融 街,False
2019-11-12,248.282,249.21,247.353,248.282,57702.0,43968924.0,7.62,7.66,7.58,7.62,True,金 融 街,False
2019-11-13,248.746,248.746,245.032,245.728,72804.0,54675804.0,7.64,7.64,7.48,7.51,True,金 融 街,False
2019-11-14,246.193,249.674,245.728,247.817,74200.0,56392000.0,7.53,7.68,7.51,7.6,True,金 融 街,False
2019-11-15,248.514,249.674,246.657,246.657,42837.0,32341935.0,7.63,7.68,7.55,7.55,True,金 融 街,False
2019-11-18,241.318,248.746,241.318,247.353,83136.0,63017088.0,7.32,7.64,7.32,7.58,True,金 融 街,False
2019-11-19,247.353,251.299,246.657,251.067,54085.0,41861790.0,7.58,7.75,7.55,7.74,True,金 融 街,False
2019-11-20,250.139,251.532,248.05,248.05,39558.0,30103638.0,7.7,7.76,7.61,7.61,True,金 融 街,False
2019-11-21,248.282,249.21,247.585,248.746,37659.0,28771476.0,7.62,7.66,7.59,7.64,True,金 融 街,False
2019-11-22,248.05,250.371,245.496,247.121,60418.0,45736426.0,7.61,7.71,7.5,7.57,True,金 融 街,False
2019-11-25,247.353,251.996,247.353,250.603,67219.0,51893068.0,7.58,7.78,7.58,7.72,True,金 融 街,False
2019-11-26,251.067,252.228,249.442,249.442,79237.0,60774779.0,7.74,7.79,7.67,7.67,True,金 融 街,False
2019-11-27,250.139,252.46,249.442,251.299,57532.0,44587300.0,7.7,7.8,7.67,7.75,True,金 融 街,False
2019-11-28,251.067,251.764,249.674,250.835,36592.0,28285616.0,7.74,7.77,7.68,7.73,True,金 融 街,False
2019-11-29,250.603,251.764,249.674,250.835,45135.0,34889355.0,7.72,7.77,7.68,7.73,True,金 融 街,False
2019-12-02,251.299,254.085,251.299,252.228,62902.0,49000658.0,7.75,7.87,7.75,7.79,True,金 融 街,False
2019-12-03,251.532,255.942,251.299,255.478,86795.0,68828435.0,7.76,7.95,7.75,7.93,True,金 融 街,False
2019-12-04,255.71,257.103,253.853,255.246,66562.0,52717104.0,7.94,8.0,7.86,7.92,True,金 融 街,False
2019-12-05,255.71,256.406,254.781,255.478,46913.0,37202009.0,7.94,7.97,7.9,7.93,True,金 融 街,False
2019-12-06,255.246,256.406,253.389,254.549,52753.0,41622117.0,7.92,7.97,7.84,7.89,True,金 融 街,False
2019-12-09,254.549,257.103,254.317,257.103,86995.0,69596000.0,7.89,8.0,7.88,8.0,True,金 融 街,False
2019-12-10,256.871,256.871,255.246,255.942,55200.0,43884000.0,7.99,7.99,7.92,7.95,True,金 融 街,False
2019-12-11,255.942,257.103,254.549,254.781,84968.0,67124720.0,7.95,8.0,7.89,7.9,True,金 融 街,False
2019-12-12,254.549,255.013,252.228,252.924,100975.0,78962450.0,7.89,7.91,7.79,7.82,True,金 融 街,False
2019-12-13,253.853,255.013,252.228,254.549,210546.0,166120794.0,7.86,7.91,7.79,7.89,True,金 融 街,False
2019-12-16,254.317,254.317,251.764,254.085,121834.0,95883358.0,7.88,7.88,7.77,7.87,True,金 融 街,False
2019-12-17,254.085,259.192,252.46,258.96,194177.0,156895016.0,7.87,8.09,7.8,8.08,True,金 融 街,False
2019-12-18,258.031,261.745,257.567,259.192,149890.0,121261010.0,8.04,8.2,8.02,8.09,True,金 融 街,False
2019-12-19,259.424,261.513,258.728,260.817,102337.0,83506992.0,8.1,8.19,8.07,8.16,True,金 融 街,False
2019-12-20,261.049,262.209,260.12,260.12,100657.0,81834141.00000001,8.17,8.22,8.13,8.13,True,金 融 街,False
2019-12-23,260.12,261.281,255.478,256.174,84648.0,67379808.0,8.13,8.18,7.93,7.96,True,金 融 街,False
2019-12-24,257.103,257.799,255.71,257.103,68713.0,54970400.0,8.0,8.03,7.94,8.0,True,金 融 街,False
2019-12-25,257.103,258.031,255.013,255.71,46322.0,36779668.0,8.0,8.04,7.91,7.94,True,金 融 街,False
2019-12-26,256.174,259.656,255.71,257.567,97073.0,77852546.0,7.96,8.11,7.94,8.02,True,金 融 街,False
2019-12-27,257.567,259.888,256.174,257.335,108945.0,87264945.0,8.02,8.12,7.96,8.01,True,金 融 街,False
2019-12-30,256.638,259.192,256.638,258.96,131226.0,106030608.0,7.98,8.09,7.98,8.08,True,金 融 街,False
2019-12-31,258.728,260.352,256.871,259.888,89676.0,72816912.0,8.07,8.14,7.99,8.12,True,金 融 街,False
2020-01-02,261.049,263.37,260.12,260.585,142588.0,116209220.0,8.17,8.27,8.13,8.15,True,金 融 街,False
2020-01-03,260.817,261.049,258.495,260.12,100936.0,82060968.00000001,8.16,8.17,8.06,8.13,True,金 融 街,False
2020-01-06,258.96,260.352,256.638,257.567,158700.0,127277400.0,8.08,8.14,7.98,8.02,True,金 融 街,False
2020-01-07,258.031,259.424,257.567,259.192,84336.0,68227824.0,8.04,8.1,8.02,8.09,True,金 融 街,False
2020-01-08,258.495,258.495,255.478,255.71,111919.0,88863686.0,8.06,8.06,7.93,7.94,True,金 融 街,False
2020-01-09,257.103,258.031,255.942,257.335,77082.0,61742682.0,8.0,8.04,7.95,8.01,True,金 融 街,False
2020-01-10,257.335,257.799,255.246,256.174,79924.0,63619504.0,8.01,8.03,7.92,7.96,True,金 融 街,False
2020-01-13,255.71,256.638,254.317,256.638,82115.0,65527770.0,7.94,7.98,7.88,7.98,True,金 融 街,False
2020-01-14,256.871,257.799,255.71,255.71,54896.0,43587424.0,7.99,8.03,7.94,7.94,True,金 融 街,False
2020-01-15,255.71,255.942,253.621,253.621,68907.0,54091995.0,7.94,7.95,7.85,7.85,True,金 融 街,False
2020-01-16,253.853,254.317,251.764,251.996,78655.0,61193590.0,7.86,7.88,7.77,7.78,True,金 融 街,False
2020-01-17,252.924,253.389,250.835,251.299,68269.0,52908475.0,7.82,7.84,7.73,7.75,True,金 融 街,False
2020-01-20,251.532,251.996,250.139,251.764,90277.0,70145229.0,7.76,7.78,7.7,7.77,True,金 融 街,False
2020-01-21,251.764,251.764,248.514,249.442,92838.0,71206746.0,7.77,7.77,7.63,7.67,True,金 融 街,False
2020-01-22,249.21,251.067,246.889,250.835,94318.0,72907814.0,7.66,7.74,7.56,7.73,True,金 融 街,False
2020-01-23,249.21,249.674,245.032,245.496,110521.0,82890750.0,7.66,7.68,7.48,7.5,True,金 融 街,False
2020-02-03,228.086,229.015,228.086,228.086,110902.0,74858850.0,6.75,6.79,6.75,6.75,True,金 融 街,False
2020-02-04,223.908,231.568,223.212,230.64,164281.0,112696766.0,6.57,6.9,6.54,6.86,True,金 融 街,False
2020-02-05,231.104,233.193,229.479,231.336,96871.0,66744119.0,6.88,6.97,6.81,6.89,True,金 融 街,False
2020-02-06,231.568,232.265,229.015,231.801,107385.0,74203035.0,6.9,6.93,6.79,6.91,True,金 融 街,False
2020-02-07,231.104,231.104,229.479,230.872,63941.0,43927467.0,6.88,6.88,6.81,6.87,True,金 融 街,False
2020-02-10,230.408,233.193,228.783,232.265,104660.0,72529380.0,6.85,6.97,6.78,6.93,True,金 融 街,False
2020-02-11,232.033,234.122,231.568,232.497,94489.0,65575366.0,6.92,7.01,6.9,6.94,True,金 融 街,False
2020-02-12,232.265,232.961,230.176,232.729,82813.0,57555035.0,6.93,6.96,6.84,6.95,True,金 融 街,False
2020-02-13,232.265,236.907,232.033,233.193,120619.0,84071443.0,6.93,7.13,6.92,6.97,True,金 融 街,False
2020-02-14,233.425,236.675,232.265,235.979,102499.0,72671791.0,6.98,7.12,6.93,7.09,True,金 融 街,False
2020-02-17,235.747,238.764,235.515,238.532,112655.0,81111600.0,7.08,7.21,7.07,7.2,True,金 融 街,False
2020-02-18,238.764,238.764,235.979,237.372,98564.0,70473260.0,7.21,7.21,7.09,7.15,True,金 融 街,False
2020-02-19,237.14,240.621,236.443,237.836,95078.0,68170926.0,7.14,7.29,7.11,7.17,True,金 融 街,False
2020-02-20,237.836,240.389,236.443,239.925,103712.0,75294912.0,7.17,7.28,7.11,7.26,True,金 融 街,False
2020-02-21,238.764,240.157,238.068,239.229,100576.0,72716448.0,7.21,7.27,7.18,7.23,True,金 融 街,False
2020-02-24,238.532,238.764,235.515,235.979,128278.0,90949102.0,7.2,7.21,7.07,7.09,True,金 融 街,False
2020-02-25,235.979,236.211,230.872,233.193,162847.0,113504359.0,7.09,7.1,6.87,6.97,True,金 融 街,False
2020-02-26,232.033,237.836,230.872,235.979,195392.0,138532928.0,6.92,7.17,6.87,7.09,True,金 融 街,False
2020-02-27,236.443,238.068,234.122,234.818,112666.0,79316864.0,7.11,7.18,7.01,7.04,True,金 融 街,False
2020-02-28,232.497,235.282,229.247,232.497,147303.0,102228282.0,6.94,7.06,6.8,6.94,True,金 融 街,False
2020-03-02,232.497,238.3,232.497,237.372,165057.0,118015755.0,6.94,7.19,6.94,7.15,True,金 融 街,False
2020-03-03,238.532,239.461,236.211,236.907,110761.0,78972593.0,7.2,7.24,7.1,7.13,True,金 融 街,False
2020-03-04,238.068,241.782,236.675,241.55,226710.0,166178430.0,7.18,7.34,7.12,7.33,True,金 融 街,False
2020-03-05,241.086,242.478,240.389,242.246,186946.0,137592256.0,7.31,7.37,7.28,7.36,True,金 融 街,False
2020-03-06,240.621,241.086,238.3,239.229,110645.0,79996335.0,7.29,7.31,7.19,7.23,True,金 融 街,False
2020-03-09,237.372,237.604,234.122,235.747,138166.0,97821528.0,7.15,7.16,7.01,7.08,True,金 融 街,False
2020-03-10,233.89,240.389,233.89,238.532,170184.0,122532480.0,7.0,7.28,7.0,7.2,True,金 融 街,False
2020-03-11,238.997,238.997,236.675,237.14,93366.0,66663324.0,7.22,7.22,7.12,7.14,True,金 融 街,False
2020-03-12,235.747,236.443,233.425,234.354,111546.0,78305292.0,7.08,7.11,6.98,7.02,True,金 融 街,False
2020-03-13,228.319,233.658,227.39,232.729,145728.0,101280960.0,6.76,6.99,6.72,6.95,True,金 融 街,False
2020-03-16,233.89,234.586,229.247,229.711,106760.0,72810320.0,7.0,7.03,6.8,6.82,True,金 融 街,False
2020-03-17,229.943,231.801,226.926,228.783,108918.0,73846404.0,6.83,6.91,6.7,6.78,True,金 融 街,False
2020-03-18,229.015,229.943,224.837,225.069,115644.0,76556328.0,6.79,6.83,6.61,6.62,True,金 融 街,False
2020-03-19,224.605,225.997,220.194,221.587,144564.0,93532908.0,6.6,6.66,6.41,6.47,True,金 融 街,False
2020-03-20,222.515,225.301,221.123,225.069,94170.0,62340540.0,6.51,6.63,6.45,6.62,True,金 融 街,False
2020-03-23,222.283,222.98,219.73,220.194,76693.0,49160213.0,6.5,6.53,6.39,6.41,True,金 融 街,False
2020-03-24,222.051,225.069,221.819,224.14,84759.0,55771422.0,6.49,6.62,6.48,6.58,True,金 融 街,False
2020-03-25,227.158,230.64,223.676,227.622,135298.0,91055554.0,6.71,6.86,6.56,6.73,True,金 融 街,False
2020-03-26,227.158,227.622,224.837,225.069,93811.0,62102882.0,6.71,6.73,6.61,6.62,True,金 融 街,False
2020-03-27,226.229,227.854,225.301,225.533,132433.0,87935512.0,6.67,6.74,6.63,6.64,True,金 融 街,False
2020-03-30,224.372,226.229,222.283,224.837,66768.0,44133648.0,6.59,6.67,6.5,6.61,True,金 融 街,False
2020-03-31,226.229,226.926,222.747,223.212,86734.0,56724036.0,6.67,6.7,6.52,6.54,True,金 融 街,False
2020-04-01,223.444,225.301,222.747,223.676,57289.0,37581584.0,6.55,6.63,6.52,6.56,True,金 融 街,False
2020-04-02,222.747,225.765,222.283,225.765,61096.0,40628840.0,6.52,6.65,6.5,6.65,True,金 融 街,False
2020-04-03,225.997,226.462,224.837,225.997,64408.0,42895728.0,6.66,6.68,6.61,6.66,True,金 融 街,False
2020-04-07,227.158,229.015,226.694,228.086,77123.0,52058025.0,6.71,6.79,6.69,6.75,True,金 融 街,False
2020-04-08,228.086,228.086,226.694,227.39,48861.0,32834592.0,6.75,6.75,6.69,6.72,True,金 融 街,False
2020-04-09,228.783,228.783,226.926,227.39,37624.0,25283328.0,6.78,6.78,6.7,6.72,True,金 融 街,False
2020-04-10,228.086,228.783,226.694,226.926,44419.0,29760730.0,6.75,6.78,6.69,6.7,True,金 融 街,False
2020-04-13,226.926,227.39,225.301,225.533,32944.0,21874816.0,6.7,6.72,6.63,6.64,True,金 融 街,False
2020-04-14,225.301,228.783,225.301,228.783,65114.0,44147292.0,6.63,6.78,6.63,6.78,True,金 融 街,False
2020-04-15,227.854,230.408,226.462,228.319,84166.0,56896216.0,6.74,6.85,6.68,6.76,True,金 融 街,False
2020-04-16,228.086,229.015,227.39,228.086,43656.0,29467800.0,6.75,6.79,6.72,6.75,True,金 融 街,False
2020-04-17,228.086,229.247,227.158,227.854,52406.0,35321644.0,6.75,6.8,6.71,6.74,True,金 融 街,False
2020-04-20,227.854,231.104,226.926,230.176,94835.0,64867140.0,6.74,6.88,6.7,6.84,True,金 融 街,False
2020-04-21,229.943,229.943,227.158,228.086,49993.0,33745275.0,6.83,6.83,6.71,6.75,True,金 融 街,False
2020-04-22,227.39,228.319,226.462,227.39,50096.0,33664512.0,6.72,6.76,6.68,6.72,True,金 融 街,False
2020-04-23,228.086,228.551,226.694,226.694,49447.0,33080043.000000004,6.75,6.77,6.69,6.69,True,金 融 街,False
2020-04-24,226.694,227.158,223.444,223.908,64090.0,42107130.0,6.69,6.71,6.55,6.57,True,金 融 街,False
2020-04-27,224.14,226.694,223.908,225.533,43776.0,29067264.0,6.58,6.69,6.57,6.64,True,金 融 街,False
2020-04-28,225.533,226.229,221.819,224.605,78227.0,51629820.0,6.64,6.67,6.48,6.6,True,金 融 街,False
2020-04-29,224.605,228.086,223.676,228.086,85188.0,57501900.0,6.6,6.75,6.56,6.75,True,金 融 街,False
2020-04-30,227.158,232.961,226.694,232.497,154559.0,107263946.0,6.71,6.96,6.69,6.94,True,金 融 街,False
2020-05-06,230.872,231.104,224.837,226.462,261853.0,174917804.0,6.87,6.88,6.61,6.68,True,金 融 街,False
2020-05-07,225.765,225.997,224.372,224.372,116449.0,76739891.0,6.65,6.66,6.59,6.59,True,金 融 街,False
2020-05-08,225.069,225.765,224.372,225.533,72204.0,47943456.0,6.62,6.65,6.59,6.64,True,金 融 街,False
2020-05-11,225.533,226.229,225.069,225.069,79744.0,52790528.0,6.64,6.67,6.62,6.62,True,金 融 街,False
2020-05-12,225.069,225.997,224.837,224.837,54844.0,36251884.0,6.62,6.66,6.61,6.61,True,金 融 街,False
2020-05-13,224.837,225.069,224.14,224.605,44543.0,29398380.0,6.61,6.62,6.58,6.6,True,金 融 街,False
2020-05-14,223.908,224.372,223.212,223.676,52106.0,34181536.0,6.57,6.59,6.54,6.56,True,金 融 街,False
2020-05-15,223.676,224.372,223.212,223.444,39777.0,26053935.0,6.56,6.59,6.54,6.55,True,金 融 街,False
2020-05-18,223.676,224.605,222.98,223.676,44295.0,29057520.0,6.56,6.6,6.53,6.56,True,金 融 街,False
2020-05-19,224.14,224.372,223.212,223.444,41917.0,27455635.0,6.58,6.59,6.54,6.55,True,金 融 街,False
2020-05-20,223.212,224.14,222.283,222.515,49068.0,31943268.0,6.54,6.58,6.5,6.51,True,金 融 街,False
2020-05-21,222.98,222.98,221.355,221.587,38281.0,24767807.0,6.53,6.53,6.46,6.47,True,金 融 街,False
2020-05-22,221.587,221.587,219.73,219.962,54226.0,34704640.0,6.47,6.47,6.39,6.4,True,金 融 街,False
2020-05-25,220.426,222.051,219.266,221.587,38074.0,24633878.0,6.42,6.49,6.37,6.47,True,金 融 街,False
2020-05-26,222.051,223.676,221.587,222.98,39108.0,25537524.0,6.49,6.56,6.47,6.53,True,金 融 街,False
2020-05-27,223.444,224.837,222.747,224.372,51155.0,33711145.0,6.55,6.61,6.52,6.59,True,金 融 街,False
2020-05-28,224.14,225.765,223.908,225.069,59064.0,39100368.0,6.58,6.65,6.57,6.62,True,金 融 街,False
2020-05-29,224.837,225.301,223.444,224.837,46914.0,31010154.0,6.61,6.63,6.55,6.61,True,金 融 街,False
2020-06-01,225.069,226.694,223.908,226.694,77019.0,51525711.0,6.62,6.69,6.57,6.69,True,金 融 街,False
2020-06-02,226.229,228.783,226.229,228.319,84506.0,57126056.0,6.67,6.78,6.67,6.76,True,金 融 街,False
2020-06-03,228.551,229.015,226.229,226.229,58078.0,38738026.0,6.77,6.79,6.67,6.67,True,金 融 街,False
2020-06-04,226.926,227.39,225.997,225.997,37333.0,24863778.0,6.7,6.72,6.66,6.66,True,金 融 街,False
2020-06-05,226.462,227.39,224.837,225.301,32914.0,21821982.0,6.68,6.72,6.61,6.63,True,金 融 街,False
2020-06-08,226.229,226.694,225.301,225.765,36228.0,24091620.0,6.67,6.69,6.63,6.65,True,金 融 街,False
2020-06-09,225.997,226.462,225.533,225.533,31005.0,20587320.0,6.66,6.68,6.64,6.64,True,金 融 街,False
2020-06-10,225.533,226.462,224.372,224.837,39574.0,26158414.0,6.64,6.68,6.59,6.61,True,金 融 街,False
2020-06-11,225.069,225.765,224.14,224.372,40578.0,26740902.0,6.62,6.65,6.58,6.59,True,金 融 街,False
2020-06-12,222.98,224.14,222.051,223.676,51400.0,33718400.0,6.53,6.58,6.49,6.56,True,金 融 街,False
2020-06-15,222.98,225.069,222.747,224.14,48747.0,32075526.0,6.53,6.62,6.52,6.58,True,金 融 街,False
2020-06-16,224.372,226.462,224.14,226.462,55036.0,36764048.0,6.59,6.68,6.58,6.68,True,金 融 街,False
2020-06-17,226.229,226.694,225.533,226.462,38282.0,25572376.0,6.67,6.69,6.64,6.68,True,金 融 街,False
2020-06-18,226.229,227.622,225.765,227.158,60951.0,40898121.0,6.67,6.73,6.65,6.71,True,金 融 街,False
2020-06-19,227.39,227.854,226.462,227.158,74393.0,49917703.0,6.72,6.74,6.68,6.71,True,金 融 街,False
2020-06-22,227.39,227.622,225.301,225.301,79194.0,52505622.0,6.72,6.73,6.63,6.63,True,金 融 街,False
2020-06-23,225.765,225.997,224.372,224.372,46823.0,30856357.0,6.65,6.66,6.59,6.59,True,金 融 街,False
2020-06-24,224.605,226.462,224.372,225.765,42278.0,28114870.0,6.6,6.68,6.59,6.65,True,金 融 街,False
2020-06-29,225.765,226.462,223.212,223.444,55493.0,36347915.0,6.65,6.68,6.54,6.55,True,金 融 街,False
2020-06-30,223.444,225.997,223.444,225.533,50680.0,33651520.0,6.55,6.66,6.55,6.64,True,金 融 街,False
2020-07-01,225.765,231.801,225.069,229.943,160149.0,109381767.0,6.65,6.91,6.62,6.83,True,金 融 街,False
2020-07-02,229.943,234.586,229.015,233.658,185011.0,129322689.0,6.83,7.03,6.79,6.99,True,金 融 街,False
2020-07-03,234.122,236.907,234.122,236.211,196928.0,139818880.0,7.01,7.13,7.01,7.1,True,金 融 街,False
2020-07-06,239.229,252.692,238.764,252.692,425677.0,332453737.0,7.23,7.81,7.21,7.81,True,金 融 街,False
2020-07-07,262.209,262.209,248.05,250.139,505418.0,389171860.0,8.22,8.22,7.61,7.7,True,金 融 街,False
2020-07-08,248.05,253.156,247.817,251.299,270544.0,209671600.0,7.61,7.83,7.6,7.75,True,金 融 街,False
2020-07-09,251.532,254.317,250.139,253.389,278413.0,218275792.0,7.76,7.88,7.7,7.84,True,金 融 街,False
2020-07-10,254.085,254.085,249.442,250.139,208596.0,154361040.0,7.57,7.57,7.37,7.4,True,金 融 街,False
2020-07-13,248.514,253.156,247.817,252.228,181184.0,135706816.0,7.33,7.53,7.3,7.49,True,金 融 街,False
2020-07-14,252.228,254.085,247.353,249.907,164005.0,121199695.0,7.49,7.57,7.28,7.39,True,金 融 街,False
2020-07-15,249.21,251.067,243.175,243.407,203880.0,144958680.0,7.36,7.44,7.1,7.11,True,金 融 街,False
2020-07-16,244.336,247.353,240.854,241.086,155912.0,109294312.0,7.15,7.28,7.0,7.01,True,金 融 街,False
2020-07-17,241.55,242.711,238.764,238.997,121263.0,83913996.0,7.03,7.08,6.91,6.92,True,金 融 街,False
2020-07-20,241.318,245.032,239.925,244.336,121532.0,86895380.0,7.02,7.18,6.96,7.15,True,金 融 街,False
2020-07-21,245.032,245.728,241.782,242.711,109677.0,77651316.0,7.18,7.21,7.04,7.08,True,金 融 街,False
2020-07-22,241.782,245.264,241.318,242.014,105847.0,74622135.0,7.04,7.19,7.02,7.05,True,金 融 街,False
2020-07-23,241.318,241.782,237.604,239.925,141796.0,98690016.0,7.02,7.04,6.86,6.96,True,金 融 街,False
2020-07-24,239.693,242.478,235.282,235.979,127566.0,86617314.0,6.95,7.07,6.76,6.79,True,金 融 街,False
2020-07-27,236.907,236.907,232.729,233.658,78622.0,52598118.0,6.83,6.83,6.65,6.69,True,金 融 街,False
2020-07-28,234.354,235.747,233.658,234.354,51759.0,34782048.0,6.72,6.78,6.69,6.72,True,金 融 街,False
2020-07-29,234.354,237.604,233.425,237.372,71858.0,49222730.0,6.72,6.86,6.68,6.85,True,金 融 街,False
2020-07-30,237.604,238.3,236.675,237.604,57740.0,39609640.0,6.86,6.89,6.82,6.86,True,金 融 街,False
2020-07-31,237.836,239.461,235.747,238.532,95071.0,65598990.0,6.87,6.94,6.78,6.9,True,金 融 街,False
2020-08-03,239.229,240.157,238.997,240.157,80857.0,56357329.0,6.93,6.97,6.92,6.97,True,金 融 街,False
2020-08-04,240.621,242.014,238.997,240.854,102966.0,72076200.0,6.99,7.05,6.92,7.0,True,金 融 街,False
2020-08-05,240.854,241.782,238.3,238.764,85317.0,58954047.0,7.0,7.04,6.89,6.91,True,金 融 街,False
2020-08-06,238.997,240.157,236.907,238.532,71563.0,49378470.0,6.92,6.97,6.83,6.9,True,金 融 街,False
2020-08-07,238.3,238.532,235.515,236.907,70856.0,48394648.0,6.89,6.9,6.77,6.83,True,金 融 街,False
2020-08-10,237.604,239.693,236.907,239.229,82368.0,57081024.0,6.86,6.95,6.83,6.93,True,金 融 街,False
2020-08-11,239.229,239.925,236.675,236.675,77404.0,52789528.0,6.93,6.96,6.82,6.82,True,金 融 街,False
2020-08-12,236.675,238.3,235.515,237.836,79761.0,54795807.0,6.82,6.89,6.77,6.87,True,金 融 街,False
2020-08-13,237.836,239.229,237.372,238.532,55785.0,38491650.0,6.87,6.93,6.85,6.9,True,金 融 街,False
2020-08-14,238.532,240.854,237.604,240.621,94510.0,66062490.0,6.9,7.0,6.86,6.99,True,金 融 街,False
2020-08-17,240.389,243.871,239.461,242.943,167196.0,118541964.0,6.98,7.13,6.94,7.09,True,金 融 街,False
2020-08-18,242.943,243.639,240.621,241.086,95878.0,67210478.0,7.09,7.12,6.99,7.01,True,金 融 街,False
2020-08-19,241.086,241.55,238.997,239.461,68263.0,47374522.0,7.01,7.03,6.92,6.94,True,金 融 街,False
2020-08-20,238.997,239.693,238.3,238.532,48562.0,33507780.0,6.92,6.95,6.89,6.9,True,金 融 街,False
2020-08-21,238.532,239.693,238.532,239.229,57075.0,39552975.0,6.9,6.95,6.9,6.93,True,金 融 街,False
2020-08-24,239.693,241.318,238.764,238.997,66138.0,45767496.0,6.95,7.02,6.91,6.92,True,金 融 街,False
2020-08-25,239.925,239.925,237.604,238.3,49953.0,34417617.0,6.96,6.96,6.86,6.89,True,金 融 街,False
2020-08-26,238.068,238.764,236.907,237.604,51709.0,35472374.0,6.88,6.91,6.83,6.86,True,金 融 街,False
2020-08-27,237.604,238.068,236.443,237.14,54153.0,37040652.0,6.86,6.88,6.81,6.84,True,金 融 街,False
2020-08-28,237.604,239.925,237.372,239.229,79566.0,55139238.0,6.86,6.96,6.85,6.93,True,金 融 街,False
2020-08-31,238.997,239.693,237.14,237.14,93188.0,63740592.0,6.92,6.95,6.84,6.84,True,金 融 街,False
2020-09-01,236.907,238.3,236.675,237.836,41446.0,28473402.0,6.83,6.89,6.82,6.87,True,金 融 街,False
2020-09-02,237.836,238.3,236.211,237.14,53825.0,36816300.0,6.87,6.89,6.8,6.84,True,金 融 街,False
2020-09-03,236.907,237.836,235.979,236.211,53684.0,36505120.0,6.83,6.87,6.79,6.8,True,金 融 街,False
2020-09-04,235.515,236.211,234.354,235.747,42668.0,28928904.0,6.77,6.8,6.72,6.78,True,金 融 街,False
2020-09-07,235.515,236.907,234.354,234.818,76491.0,51554934.0,6.77,6.83,6.72,6.74,True,金 融 街,False
2020-09-08,234.586,236.211,234.354,235.515,71638.0,48498926.0,6.73,6.8,6.72,6.77,True,金 融 街,False
2020-09-09,235.282,236.211,234.354,235.979,89406.0,60706674.0,6.76,6.8,6.72,6.79,True,金 融 街,False
2020-09-10,235.979,238.532,234.122,234.586,103706.0,69794138.0,6.79,6.9,6.71,6.73,True,金 融 街,False
2020-09-11,233.658,235.05,232.961,234.354,58339.0,39203808.0,6.69,6.75,6.66,6.72,True,金 融 街,False
2020-09-14,234.354,235.05,233.658,234.818,43358.0,29223292.0,6.72,6.75,6.69,6.74,True,金 融 街,False
2020-09-15,234.586,238.068,234.122,237.836,85473.0,58719951.0,6.73,6.88,6.71,6.87,True,金 融 街,False
2020-09-16,237.836,239.693,236.907,238.764,102047.0,70514477.0,6.87,6.95,6.83,6.91,True,金 融 街,False
2020-09-17,238.764,239.461,237.372,238.068,60987.0,41959056.0,6.91,6.94,6.85,6.88,True,金 融 街,False
2020-09-18,238.532,240.389,237.836,239.693,90479.0,62882905.0,6.9,6.98,6.87,6.95,True,金 融 街,False
2020-09-21,239.693,240.389,238.068,239.925,76950.0,53557200.0,6.95,6.98,6.88,6.96,True,金 融 街,False
2020-09-22,239.229,241.086,238.997,240.389,79798.0,55699004.0,6.93,7.01,6.92,6.98,True,金 融 街,False
2020-09-23,240.621,241.086,237.372,237.372,73329.0,50230365.0,6.99,7.01,6.85,6.85,True,金 融 街,False
2020-09-24,237.14,237.604,235.05,235.05,53737.0,36272475.0,6.84,6.86,6.75,6.75,True,金 融 街,False
2020-09-25,235.05,235.747,232.729,233.193,63496.0,42351832.0,6.75,6.78,6.65,6.67,True,金 融 街,False
2020-09-28,233.658,234.818,233.193,234.354,40167.0,26992224.0,6.69,6.74,6.67,6.72,True,金 融 街,False
2020-09-29,233.658,235.979,232.961,232.961,48134.0,32057244.0,6.69,6.79,6.66,6.66,True,金 融 街,False
2020-09-30,233.425,233.425,228.551,229.711,95177.0,62055403.99999999,6.68,6.68,6.47,6.52,True,金 融 街,False
2020-10-09,230.64,233.89,230.408,232.265,79654.0,52810602.0,6.56,6.7,6.55,6.63,True,金 融 街,False
2020-10-12,232.961,235.747,232.033,235.515,45971.0,31122367.0,6.66,6.78,6.62,6.77,True,金 融 街,False
2020-10-13,235.515,235.747,233.658,233.89,36569.0,24501230.0,6.77,6.78,6.69,6.7,True,金 融 街,False
2020-10-14,233.425,234.354,232.961,233.425,24738.0,16524984.0,6.68,6.72,6.66,6.68,True,金 融 街,False
2020-10-15,232.961,234.586,232.497,233.658,34041.0,22773429.0,6.66,6.73,6.64,6.69,True,金 融 街,False
2020-10-16,233.89,235.282,233.425,234.122,37767.0,25341657.0,6.7,6.76,6.68,6.71,True,金 融 街,False
2020-10-19,234.122,237.14,233.89,233.89,52008.0,34845360.0,6.71,6.84,6.7,6.7,True,金 融 街,False
2020-10-20,233.89,234.586,233.193,234.354,26911.0,18084192.0,6.7,6.73,6.67,6.72,True,金 融 街,False
2020-10-21,234.354,236.907,233.193,236.443,60288.0,41056128.0,6.72,6.83,6.67,6.81,True,金 融 街,False
2020-10-22,235.747,236.907,234.818,236.211,37078.0,25213040.0,6.78,6.83,6.74,6.8,True,金 融 街,False
2020-10-23,236.675,237.372,235.747,236.907,38492.0,26290036.0,6.82,6.85,6.78,6.83,True,金 融 街,False
2020-10-26,236.675,237.604,234.586,236.211,44547.0,30291960.0,6.82,6.86,6.73,6.8,True,金 融 街,False
2020-10-27,235.515,235.979,234.122,234.354,33151.0,22277472.0,6.77,6.79,6.71,6.72,True,金 融 街,False
2020-10-28,234.354,235.05,232.961,233.658,26144.0,17490336.0,6.72,6.75,6.66,6.69,True,金 融 街,False
2020-10-29,233.425,234.818,232.729,233.425,30545.0,20404060.0,6.68,6.74,6.65,6.68,True,金 融 街,False
2020-10-30,233.425,236.675,232.729,233.193,53053.0,35386351.0,6.68,6.82,6.65,6.67,True,金 融 街,False
2020-11-02,233.193,236.443,232.497,235.515,66315.0,44895255.0,6.67,6.81,6.64,6.77,True,金 融 街,False
2020-11-03,235.515,238.3,235.515,238.068,55974.0,38510112.0,6.77,6.89,6.77,6.88,True,金 融 街,False
2020-11-04,238.3,238.532,236.211,237.14,46753.0,31979052.0,6.89,6.9,6.8,6.84,True,金 融 街,False
2020-11-05,237.836,239.229,236.211,238.764,55690.0,38481790.0,6.87,6.93,6.8,6.91,True,金 融 街,False
2020-11-06,237.604,238.764,236.675,237.372,55274.0,37862690.0,6.86,6.91,6.82,6.85,True,金 融 街,False
2020-11-09,238.068,240.157,237.14,238.068,151404.0,104165952.0,6.88,6.97,6.84,6.88,True,金 融 街,False
2020-11-10,238.068,239.925,237.604,238.532,82259.0,56758710.0,6.88,6.96,6.86,6.9,True,金 融 街,False
2020-11-11,238.997,240.854,238.068,240.157,100248.0,69872856.0,6.92,7.0,6.88,6.97,True,金 融 街,False
2020-11-12,240.389,241.782,239.229,240.854,77826.0,54478200.0,6.98,7.04,6.93,7.0,True,金 融 街,False
2020-11-13,240.157,240.389,237.604,238.764,75985.0,52505635.0,6.97,6.98,6.86,6.91,True,金 融 街,False
2020-11-16,238.532,240.621,238.068,239.693,48366.0,33614370.0,6.9,6.99,6.88,6.95,True,金 融 街,False
2020-11-17,239.925,242.246,238.997,241.318,85109.0,59746518.0,6.96,7.06,6.92,7.02,True,金 融 街,False
2020-11-18,242.014,242.478,239.693,241.318,67596.0,47452392.0,7.05,7.07,6.95,7.02,True,金 融 街,False
2020-11-19,242.246,242.711,240.621,240.854,56503.0,39552100.0,7.06,7.08,6.99,7.0,True,金 融 街,False
2020-11-20,241.318,241.782,240.621,241.55,40842.0,28711926.0,7.02,7.04,6.99,7.03,True,金 融 街,False
2020-11-23,241.318,242.478,240.389,240.854,88842.0,62189400.0,7.02,7.07,6.98,7.0,True,金 融 街,False
2020-11-24,241.55,241.55,238.997,238.997,59625.0,41260500.0,7.03,7.03,6.92,6.92,True,金 融 街,False
2020-11-25,239.925,241.086,238.532,238.764,52535.0,36301685.0,6.96,7.01,6.9,6.91,True,金 融 街,False
2020-11-26,238.764,240.389,237.836,240.157,45741.0,31881477.0,6.91,6.98,6.87,6.97,True,金 融 街,False
2020-11-27,240.157,242.478,239.229,240.854,58338.0,40836600.0,6.97,7.07,6.93,7.0,True,金 融 街,False
2020-11-30,240.854,243.871,238.997,239.925,165159.0,114950664.0,7.0,7.13,6.92,6.96,True,金 融 街,False
2020-12-01,239.461,240.157,236.907,239.925,102360.0,71242560.0,6.94,6.97,6.83,6.96,True,金 融 街,False
2020-12-02,239.461,241.086,238.068,238.764,94432.0,65252512.0,6.94,7.01,6.88,6.91,True,金 融 街,False
2020-12-03,239.925,239.925,237.836,238.997,57641.0,39887572.0,6.96,6.96,6.87,6.92,True,金 融 街,False
2020-12-04,238.764,238.997,237.14,237.604,49922.0,34246492.0,6.91,6.92,6.84,6.86,True,金 融 街,False
2020-12-07,237.372,237.604,235.05,235.282,56537.0,38219012.0,6.85,6.86,6.75,6.76,True,金 融 街,False
2020-12-08,235.282,236.211,235.282,235.515,36141.0,24467457.0,6.76,6.8,6.76,6.77,True,金 融 街,False
2020-12-09,236.211,236.211,233.89,234.354,43914.0,29510208.0,6.8,6.8,6.7,6.72,True,金 融 街,False
2020-12-10,233.89,235.282,233.425,234.818,43063.0,29024462.0,6.7,6.76,6.68,6.74,True,金 融 街,False
2020-12-11,233.89,234.586,232.961,233.193,39482.0,26334494.0,6.7,6.73,6.66,6.67,True,金 融 街,False
2020-12-14,232.961,234.818,232.265,234.586,30178.0,20309794.0,6.66,6.74,6.63,6.73,True,金 融 街,False
2020-12-15,234.354,234.354,232.961,233.658,29387.0,19659903.0,6.72,6.72,6.66,6.69,True,金 融 街,False
2020-12-16,234.586,234.586,232.729,233.658,37950.0,25388550.0,6.73,6.73,6.65,6.69,True,金 融 街,False
2020-12-17,233.193,235.05,232.497,233.658,49265.0,32958285.000000004,6.67,6.75,6.64,6.69,True,金 融 街,False
2020-12-18,233.658,234.122,232.265,233.425,56370.0,37655160.0,6.69,6.71,6.63,6.68,True,金 融 街,False
2020-12-21,233.193,233.89,232.033,232.961,37017.0,24653322.0,6.67,6.7,6.62,6.66,True,金 融 街,False
2020-12-22,232.729,233.193,230.408,231.336,51635.0,34027465.0,6.65,6.67,6.55,6.59,True,金 融 街,False
2020-12-23,230.64,232.729,230.408,231.104,34416.0,22645728.0,6.56,6.65,6.55,6.58,True,金 融 街,False
2020-12-24,231.104,231.336,228.319,229.015,53649.0,34818201.0,6.58,6.59,6.46,6.49,True,金 融 街,False
2020-12-25,229.015,231.336,228.783,229.247,58445.0,37989250.0,6.49,6.59,6.48,6.5,True,金 融 街,False
2020-12-28,229.247,229.479,227.622,228.319,45340.0,29289640.0,6.5,6.51,6.43,6.46,True,金 融 街,False
2020-12-29,227.854,229.943,227.854,229.015,37152.0,24111648.0,6.44,6.53,6.44,6.49,True,金 融 街,False
2020-12-30,229.247,229.943,227.854,228.319,32272.0,20847712.0,6.5,6.53,6.44,6.46,True,金 融 街,False
2020-12-31,228.319,229.247,227.158,228.086,69094.0,44565630.0,6.46,6.5,6.41,6.45,True,金 融 街,False
2021-01-04,228.086,232.033,225.997,227.854,134932.0,86896208.0,6.45,6.62,6.36,6.44,True,金 融 街,False
2021-01-05,226.462,226.694,224.605,225.997,86147.0,54789492.0,6.38,6.39,6.3,6.36,True,金 融 街,False
2021-01-06,225.997,226.229,225.069,225.301,42555.0,26937315.0,6.36,6.37,6.32,6.33,True,金 融 街,False
2021-01-07,225.997,225.997,222.051,222.515,69097.0,42909237.0,6.36,6.36,6.19,6.21,True,金 融 街,False
2021-01-08,222.747,225.069,222.051,224.372,59667.0,37530543.0,6.22,6.32,6.19,6.29,True,金 融 街,False
2021-01-11,223.444,224.14,222.051,222.283,58079.0,36008980.0,6.25,6.28,6.19,6.2,True,金 融 街,False
2021-01-12,222.515,224.14,221.587,222.515,54986.0,34146306.0,6.21,6.28,6.17,6.21,True,金 融 街,False
2021-01-13,221.819,222.283,220.426,222.283,56200.0,34844000.0,6.18,6.2,6.12,6.2,True,金 融 街,False
2021-01-14,222.051,224.605,221.819,223.212,57191.0,35687184.0,6.19,6.3,6.18,6.24,True,金 融 街,False
2021-01-15,223.908,225.301,223.444,223.908,51910.0,32547570.0,6.27,6.33,6.25,6.27,True,金 融 街,False
2021-01-18,223.908,225.069,223.212,223.908,62535.0,39209445.0,6.27,6.32,6.24,6.27,True,金 融 街,False
2021-01-19,223.908,227.622,222.283,225.765,105145.0,66767074.99999999,6.27,6.43,6.2,6.35,True,金 融 街,False
2021-01-20,225.765,226.694,224.372,225.069,46487.0,29379784.0,6.35,6.39,6.29,6.32,True,金 融 街,False
2021-01-21,224.605,225.301,223.676,224.14,42929.0,26959412.0,6.3,6.33,6.26,6.28,True,金 融 街,False
2021-01-22,223.444,224.372,222.051,222.283,49762.0,30852440.0,6.25,6.29,6.19,6.2,True,金 融 街,False
2021-01-25,222.283,222.98,220.194,220.658,50078.0,30697814.0,6.2,6.23,6.11,6.13,True,金 融 街,False
2021-01-26,219.962,221.587,219.962,220.89,33653.0,20662942.0,6.1,6.17,6.1,6.14,True,金 融 街,False
2021-01-27,220.194,222.515,219.962,220.194,37998.0,23216778.0,6.11,6.21,6.1,6.11,True,金 融 街,False
2021-01-28,220.426,220.89,218.337,219.962,46803.0,28549830.0,6.12,6.14,6.03,6.1,True,金 融 街,False
2021-01-29,219.962,221.587,218.337,218.569,41588.0,25119152.0,6.1,6.17,6.03,6.04,True,金 融 街,False
2021-02-01,219.033,220.194,217.873,219.033,40783.0,24714498.0,6.06,6.11,6.01,6.06,True,金 融 街,False
2021-02-02,218.569,219.73,216.016,216.712,61825.0,36847700.0,6.04,6.09,5.93,5.96,True,金 融 街,False
2021-02-03,216.712,216.712,214.159,214.855,47674.0,28032312.0,5.96,5.96,5.85,5.88,True,金 融 街,False
2021-02-04,213.462,215.551,212.998,213.694,44734.0,26079922.0,5.82,5.91,5.8,5.83,True,金 融 街,False
2021-02-05,213.462,215.784,213.462,214.623,40194.0,23593878.0,5.82,5.92,5.82,5.87,True,金 融 街,False
2021-02-08,215.784,217.641,214.159,215.551,59414.0,35113674.0,5.92,6.0,5.85,5.91,True,金 融 街,False
2021-02-09,214.855,215.087,213.23,214.391,60209.0,35282474.0,5.88,5.89,5.81,5.86,True,金 融 街,False
2021-02-10,214.855,215.319,213.694,213.927,44536.0,26009024.0,5.88,5.9,5.83,5.84,True,金 融 街,False
2021-02-18,214.855,215.319,213.694,214.855,144539.0,84988932.0,5.88,5.9,5.83,5.88,True,金 融 街,False
2021-02-19,214.391,219.033,213.927,218.801,134647.0,81461435.0,5.86,6.06,5.84,6.05,True,金 融 街,False
2021-02-22,218.105,222.051,217.873,219.962,107146.0,65359059.99999999,6.02,6.19,6.01,6.1,True,金 融 街,False
2021-02-23,219.498,220.89,218.337,219.033,54447.0,32994882.0,6.08,6.14,6.03,6.06,True,金 融 街,False
2021-02-24,219.73,221.355,218.337,219.962,72763.0,44385430.0,6.09,6.16,6.03,6.1,True,金 融 街,False
2021-02-25,220.89,226.926,220.194,223.676,246847.0,154526222.0,6.14,6.4,6.11,6.26,True,金 融 街,False
2021-02-26,222.051,223.676,219.266,219.266,127289.0,77264423.0,6.19,6.26,6.07,6.07,True,金 融 街,False
2021-03-01,219.73,221.355,219.498,219.962,72765.0,44386650.0,6.09,6.16,6.08,6.1,True,金 融 街,False
2021-03-02,220.658,222.283,219.73,220.426,100946.0,61778952.0,6.13,6.2,6.09,6.12,True,金 融 街,False
2021-03-03,220.426,223.212,219.962,220.658,254477.0,155994401.0,6.12,6.24,6.1,6.13,True,金 融 街,False
2021-03-04,220.194,222.747,219.962,222.051,159775.0,98900725.0,6.11,6.22,6.1,6.19,True,金 融 街,False
2021-03-05,222.051,222.98,220.426,221.587,111876.0,69027492.0,6.19,6.23,6.12,6.17,True,金 融 街,False
2021-03-08,221.587,224.14,221.123,224.14,202221.0,126994788.0,6.17,6.28,6.15,6.28,True,金 融 街,False
2021-03-09,223.444,223.676,219.498,221.355,181207.0,111623512.0,6.25,6.26,6.08,6.16,True,金 融 街,False
2021-03-10,221.123,229.015,220.658,225.533,303538.0,192443092.0,6.15,6.49,6.13,6.34,True,金 融 街,False
2021-03-11,232.729,240.157,231.568,233.89,564635.0,378305450.0,6.65,6.97,6.6,6.7,True,金 融 街,False
2021-03-12,230.64,247.817,229.711,239.229,723430.0,501336990.0,6.56,7.3,6.52,6.93,True,金 融 街,False
2021-03-15,237.372,239.693,232.265,232.961,513922.0,342272052.0,6.85,6.95,6.63,6.66,True,金 融 街,False
2021-03-16,235.05,240.621,232.265,239.693,617249.0,428988055.0,6.75,6.99,6.63,6.95,True,金 融 街,False
2021-03-17,236.211,236.443,231.336,232.729,381466.0,253674890.0,6.8,6.81,6.59,6.65,True,金 融 街,False
2021-03-18,231.801,235.515,230.176,232.729,325721.0,216604465.0,6.61,6.77,6.54,6.65,True,金 融 街,False
2021-03-19,229.479,236.675,227.622,234.354,410120.0,275600640.0,6.51,6.82,6.43,6.72,True,金 融 街,False
2021-03-22,236.211,246.657,235.747,241.55,593833.0,417464599.0,6.8,7.25,6.78,7.03,True,金 融 街,False
2021-03-23,238.764,239.229,234.586,235.747,370131.0,250948818.0,6.91,6.93,6.73,6.78,True,金 融 街,False
2021-03-24,233.658,251.532,233.193,251.532,773300.0,576881800.0,6.69,7.46,6.67,7.46,True,金 融 街,False
2021-03-25,258.728,266.156,243.639,244.568,1295197.0,927361052.0,7.77,8.09,7.12,7.16,True,金 融 街,False
2021-03-26,242.246,256.638,242.246,244.568,956079.0,684552564.0,7.06,7.68,7.06,7.16,True,金 融 街,False
2021-03-29,243.175,251.764,241.086,247.353,791139.0,575949192.0,7.1,7.47,7.01,7.28,True,金 融 街,False
2021-03-30,244.336,245.264,235.515,239.229,669312.0,463833216.0,7.15,7.19,6.77,6.93,True,金 融 街,False
2021-03-31,235.747,238.532,233.425,236.907,388635.0,265437705.0,6.78,6.9,6.68,6.83,True,金 融 街,False
2021-04-01,236.211,238.068,233.89,237.604,355367.0,243781762.0,6.8,6.88,6.7,6.86,True,金 融 街,False
2021-04-02,236.675,251.532,234.122,240.854,629581.0,440706700.0,6.82,7.46,6.71,7.0,True,金 融 街,False
2021-04-06,239.925,244.103,237.372,240.621,441975.0,308940525.0,6.96,7.14,6.85,6.99,True,金 融 街,False
2021-04-07,239.229,243.407,238.068,241.318,366453.0,257250006.0,6.93,7.11,6.88,7.02,True,金 融 街,False
2021-04-08,239.693,241.318,234.586,234.586,398347.0,268087531.00000003,6.95,7.02,6.73,6.73,True,金 融 街,False
2021-04-09,234.122,238.532,233.89,235.05,211835.0,142988625.0,6.71,6.9,6.7,6.75,True,金 融 街,False
2021-04-12,234.586,237.14,233.658,235.05,259834.0,175387950.0,6.73,6.84,6.69,6.75,True,金 融 街,False
2021-04-13,234.818,235.282,228.783,229.479,319598.0,208058298.0,6.74,6.76,6.48,6.51,True,金 融 街,False
2021-04-14,229.015,231.104,229.015,229.943,133630.0,87260390.0,6.49,6.58,6.49,6.53,True,金 融 街,False
2021-04-15,230.408,231.336,228.551,231.104,160964.0,105914312.0,6.55,6.59,6.47,6.58,True,金 融 街,False
2021-04-16,230.176,232.497,229.247,232.497,173132.0,114959648.0,6.54,6.64,6.5,6.64,True,金 融 街,False
2021-04-19,232.265,233.425,231.801,232.265,189322.0,125520486.0,6.63,6.68,6.61,6.63,True,金 融 街,False
2021-04-20,231.801,233.193,229.479,230.64,152376.0,99958656.0,6.61,6.67,6.51,6.56,True,金 融 街,False
2021-04-21,229.943,231.336,229.479,230.872,119401.0,78446457.0,6.53,6.59,6.51,6.57,True,金 融 街,False
2021-04-22,230.64,231.801,228.783,229.247,159734.0,103827100.0,6.56,6.61,6.48,6.5,True,金 融 街,False
2021-04-23,229.479,229.711,225.301,225.997,206353.0,131240508.0,6.51,6.52,6.33,6.36,True,金 融 街,False
2021-04-26,225.533,226.694,223.676,223.676,146199.0,91520574.0,6.34,6.39,6.26,6.26,True,金 融 街,False
2021-04-27,223.908,224.837,222.747,223.676,91300.0,57153800.0,6.27,6.31,6.22,6.26,True,金 融 街,False
2021-04-28,223.676,224.14,222.515,223.676,74209.0,46454834.0,6.26,6.28,6.21,6.26,True,金 融 街,False
2021-04-29,223.908,225.301,223.212,224.605,107475.0,67709250.0,6.27,6.33,6.24,6.3,True,金 融 街,False
2021-04-30,224.605,224.605,222.051,222.283,120385.0,74638700.0,6.3,6.3,6.19,6.2,True,金 融 街,False
2021-05-06,223.212,225.765,222.98,224.605,127789.0,80507070.0,6.24,6.35,6.23,6.3,True,金 融 街,False
2021-05-07,224.14,225.765,223.908,225.301,104183.0,65947839.0,6.28,6.35,6.27,6.33,True,金 融 街,False
2021-05-10,225.301,227.158,223.212,225.301,106384.0,67341072.0,6.33,6.41,6.24,6.33,True,金 融 街,False
2021-05-11,224.837,229.247,224.372,229.015,235644.0,152932956.0,6.31,6.5,6.29,6.49,True,金 融 街,False
2021-05-12,227.622,228.783,226.462,228.319,129006.0,83337876.0,6.43,6.48,6.38,6.46,True,金 融 街,False
2021-05-13,227.622,232.729,227.622,230.872,239851.0,157582107.0,6.43,6.65,6.43,6.57,True,金 融 街,False
2021-05-14,232.961,239.693,231.568,235.05,676546.0,456668550.0,6.66,6.95,6.6,6.75,True,金 融 街,False
2021-05-17,234.354,239.925,233.89,236.211,407539.0,277126520.0,6.72,6.96,6.7,6.8,True,金 融 街,False
2021-05-18,236.211,237.604,232.265,235.282,345168.0,233333568.0,6.8,6.86,6.63,6.76,True,金 融 街,False
2021-05-19,235.05,238.068,233.193,237.836,317047.0,217811289.0,6.75,6.88,6.67,6.87,True,金 融 街,False
2021-05-20,237.604,242.014,234.818,237.372,470567.0,322338395.0,6.86,7.05,6.74,6.85,True,金 融 街,False
2021-05-21,235.515,237.372,233.89,235.747,287912.0,195204336.0,6.77,6.85,6.7,6.78,True,金 融 街,False
2021-05-24,238.3,251.532,238.3,251.532,384886.0,287124956.0,6.89,7.46,6.89,7.46,True,金 融 街,False
2021-05-25,252.228,255.942,245.264,249.674,849279.0,626767902.0,7.49,7.65,7.19,7.38,True,金 融 街,False
2021-05-26,250.603,263.138,248.05,254.781,927786.0,705117360.0,7.42,7.96,7.31,7.6,True,金 融 街,False
2021-05-27,251.996,257.567,250.139,251.532,567328.0,423226688.0,7.48,7.72,7.4,7.46,True,金 融 街,False
2021-05-28,252.924,255.71,249.442,251.299,423934.0,315830830.0,7.52,7.64,7.37,7.45,True,金 融 街,False
2021-05-31,251.532,260.12,246.889,257.335,639509.0,493061439.0,7.46,7.83,7.26,7.71,True,金 融 街,False
2021-06-01,254.317,254.549,248.282,249.907,494123.0,365156897.0,7.58,7.59,7.32,7.39,True,金 融 街,False
2021-06-02,249.907,251.299,244.336,244.8,423930.0,303957810.0,7.39,7.45,7.15,7.17,True,金 融 街,False
2021-06-03,245.728,247.121,242.711,243.871,295784.0,210893992.0,7.21,7.27,7.08,7.13,True,金 融 街,False
2021-06-04,243.639,246.657,242.711,243.639,228514.0,162701968.0,7.12,7.25,7.08,7.12,True,金 融 街,False
2021-06-07,243.175,248.05,243.175,245.496,224717.0,161796240.0,7.1,7.31,7.1,7.2,True,金 融 街,False
2021-06-08,245.264,245.264,239.925,240.854,308919.0,216243300.0,7.19,7.19,6.96,7.0,True,金 融 街,False
2021-06-09,240.621,242.478,239.229,241.086,157762.0,110591162.0,6.99,7.07,6.93,7.01,True,金 融 街,False
2021-06-10,240.854,241.086,238.3,238.997,230922.0,159798024.0,7.0,7.01,6.89,6.92,True,金 融 街,False
2021-06-11,240.389,242.711,239.229,241.782,228232.0,160675328.0,6.98,7.08,6.93,7.04,True,金 融 街,False
2021-06-15,241.318,241.55,237.372,238.3,177299.0,122159011.0,7.02,7.03,6.85,6.89,True,金 融 街,False
2021-06-16,237.836,239.925,237.14,238.532,128635.0,88758150.0,6.87,6.96,6.84,6.9,True,金 融 街,False
2021-06-17,238.3,239.461,235.282,235.747,152286.0,103249908.0,6.89,6.94,6.76,6.78,True,金 融 街,False
2021-06-18,235.515,238.068,233.658,236.675,146507.0,99917774.0,6.77,6.88,6.69,6.82,True,金 融 街,False
2021-06-21,236.675,240.157,234.586,238.764,199520.0,137868320.0,6.82,6.97,6.73,6.91,True,金 融 街,False
2021-06-22,239.229,242.711,237.604,240.854,266226.0,186358200.0,6.93,7.08,6.86,7.0,True,金 融 街,False
2021-06-23,241.55,242.711,239.461,239.925,182153.0,126778488.0,7.03,7.08,6.94,6.96,True,金 融 街,False
2021-06-24,239.925,245.032,238.764,242.478,306862.0,216951434.0,6.96,7.18,6.91,7.07,True,金 融 街,False
2021-06-25,242.478,243.639,240.157,241.086,203391.0,142577091.0,7.07,7.12,6.97,7.01,True,金 融 街,False
2021-06-28,241.086,241.782,237.604,237.836,177969.0,122264703.0,7.01,7.04,6.86,6.87,True,金 融 街,False
2021-06-29,237.604,238.3,235.515,235.979,130584.0,88666536.0,6.86,6.89,6.77,6.79,True,金 融 街,False
2021-06-30,235.515,236.907,234.586,235.05,94935.0,64081125.0,6.77,6.83,6.73,6.75,True,金 融 街,False
2021-07-01,235.515,237.836,234.818,235.747,108879.0,73819962.0,6.77,6.87,6.74,6.78,True,金 融 街,False
2021-07-02,235.979,237.372,235.05,235.515,110622.0,74891094.0,6.79,6.85,6.75,6.77,True,金 融 街,False
2021-07-05,235.979,237.14,233.89,234.586,121565.0,81813245.0,6.79,6.84,6.7,6.73,True,金 融 街,False
2021-07-06,234.818,238.3,234.122,237.604,154559.0,106027474.0,6.74,6.89,6.71,6.86,True,金 融 街,False
2021-07-07,237.372,237.372,235.515,236.907,116256.0,79402848.0,6.85,6.85,6.77,6.83,True,金 融 街,False
2021-07-08,237.604,239.461,236.907,238.068,187348.0,128895424.0,6.86,6.94,6.83,6.88,True,金 融 街,False
2021-07-09,238.068,238.3,234.586,236.443,162088.0,105519288.0,6.58,6.59,6.43,6.51,True,金 融 街,False
2021-07-12,237.372,238.3,235.979,236.675,124833.0,81391116.0,6.55,6.59,6.49,6.52,True,金 融 街,False
2021-07-13,236.675,242.943,234.818,241.318,298074.0,200305728.0,6.52,6.79,6.44,6.72,True,金 融 街,False
2021-07-14,244.8,249.674,240.621,241.55,484199.0,325865927.0,6.87,7.08,6.69,6.73,True,金 融 街,False
2021-07-15,240.157,240.157,234.122,237.14,285065.0,186432510.0,6.67,6.67,6.41,6.54,True,金 融 街,False
2021-07-16,237.372,239.229,235.515,235.747,203508.0,131873184.0,6.55,6.63,6.47,6.48,True,金 融 街,False
2021-07-19,235.05,235.282,228.086,229.711,284766.0,177124452.0,6.45,6.46,6.15,6.22,True,金 融 街,False
2021-07-20,229.015,229.711,226.694,227.158,155439.0,94973229.0,6.19,6.22,6.09,6.11,True,金 融 街,False
2021-07-21,227.854,228.319,226.926,227.39,109373.0,66936276.0,6.14,6.16,6.1,6.12,True,金 融 街,False
2021-07-22,227.622,228.319,226.229,227.158,103847.0,63450517.0,6.13,6.16,6.07,6.11,True,金 融 街,False
2021-07-23,227.39,227.622,225.997,225.997,120280.0,72889680.0,6.12,6.13,6.06,6.06,True,金 融 街,False
2021-07-26,225.997,226.229,221.123,221.819,169850.0,99871800.0,6.06,6.07,5.85,5.88,True,金 融 街,False
2021-07-27,221.355,222.515,217.176,217.176,177417.0,100772856.0,5.86,5.91,5.68,5.68,True,金 融 街,False
2021-07-28,217.408,217.873,214.391,215.319,136366.0,76364960.0,5.69,5.71,5.56,5.6,True,金 融 街,False
2021-07-29,216.48,217.641,215.087,215.784,97707.0,54911334.0,5.65,5.7,5.59,5.62,True,金 融 街,False
2021-07-30,215.784,216.944,213.23,216.712,93732.0,53052312.0,5.62,5.67,5.51,5.66,True,金 融 街,False
2021-08-02,216.712,218.801,214.623,218.105,104380.0,59705360.0,5.66,5.75,5.57,5.72,True,金 融 街,False
2021-08-03,217.408,219.033,216.944,218.569,92115.0,52874010.0,5.69,5.76,5.67,5.74,True,金 融 街,False
2021-08-04,218.337,218.569,217.176,217.641,70968.0,40451760.0,5.73,5.74,5.68,5.7,True,金 融 街,False
2021-08-05,217.641,220.658,216.48,218.105,114078.0,65252616.0,5.7,5.83,5.65,5.72,True,金 融 街,False
2021-08-06,218.105,218.105,215.319,217.176,70291.0,39925288.0,5.72,5.72,5.6,5.68,True,金 融 街,False
2021-08-09,217.641,221.819,217.176,220.89,126086.0,73634224.0,5.7,5.88,5.68,5.84,True,金 融 街,False
2021-08-10,220.194,223.676,218.801,221.819,134407.0,79031316.0,5.81,5.96,5.75,5.88,True,金 融 街,False
2021-08-11,222.283,226.462,222.283,224.14,190089.0,113673222.0,5.9,6.08,5.9,5.98,True,金 融 街,False
2021-08-12,223.444,224.605,222.515,222.747,91829.0,54362768.0,5.95,6.0,5.91,5.92,True,金 融 街,False
2021-08-13,222.98,224.14,220.426,222.98,125642.0,74505706.0,5.93,5.98,5.82,5.93,True,金 融 街,False
2021-08-16,222.283,224.837,221.819,223.212,86328.0,51278832.0,5.9,6.01,5.88,5.94,True,金 融 街,False
2021-08-17,223.444,224.605,220.89,221.123,99742.0,58349070.0,5.95,6.0,5.84,5.85,True,金 融 街,False
2021-08-18,221.123,223.212,220.194,222.98,103853.0,61584829.0,5.85,5.94,5.81,5.93,True,金 融 街,False
2021-08-19,222.051,222.515,220.658,220.658,69245.0,40369835.0,5.89,5.91,5.83,5.83,True,金 融 街,False
2021-08-20,220.658,221.355,219.266,220.658,67567.0,39391561.0,5.83,5.86,5.77,5.83,True,金 融 街,False
2021-08-23,219.73,222.051,218.801,220.194,79388.0,46124428.0,5.79,5.89,5.75,5.81,True,金 融 街,False
2021-08-24,220.194,221.355,219.73,220.658,76958.0,44866514.0,5.81,5.86,5.79,5.83,True,金 融 街,False
2021-08-25,220.89,220.89,219.498,220.658,58306.0,33992398.0,5.84,5.84,5.78,5.83,True,金 融 街,False
2021-08-26,220.426,221.123,219.266,220.194,74593.0,43338533.0,5.82,5.85,5.77,5.81,True,金 融 街,False
2021-08-27,219.962,225.301,218.801,222.98,241510.0,143215430.0,5.8,6.03,5.75,5.93,True,金 融 街,False
2021-08-30,222.051,230.408,222.051,227.854,393680.0,241719520.0,5.89,6.25,5.89,6.14,True,金 融 街,False
2021-08-31,227.622,239.229,225.765,235.979,635668.0,412548532.0,6.13,6.63,6.05,6.49,True,金 融 街,False
2021-09-01,232.961,232.961,228.086,230.408,435408.0,272130000.0,6.36,6.36,6.15,6.25,True,金 融 街,False
2021-09-02,230.64,236.211,229.711,231.801,405609.0,255939279.0,6.26,6.5,6.22,6.31,True,金 融 街,False
2021-09-03,246.425,246.425,242.014,246.425,680511.0,472274634.0,6.94,6.94,6.75,6.94,True,金 融 街,False
2021-09-06,244.336,252.228,238.532,241.086,1066878.0,715875138.0,6.85,7.19,6.6,6.71,True,金 融 街,False
2021-09-07,239.693,240.389,233.425,235.979,775000.0,502975000.0,6.65,6.68,6.38,6.49,True,金 融 街,False
2021-09-08,235.282,235.979,234.122,234.354,350269.0,224872698.0,6.46,6.49,6.41,6.42,True,金 融 街,False
2021-09-09,234.586,236.907,234.354,235.515,323954.0,209598238.0,6.43,6.53,6.42,6.47,True,金 融 街,False
2021-09-10,235.282,235.282,232.265,232.497,298157.0,189031538.0,6.46,6.46,6.33,6.34,True,金 融 街,False
2021-09-13,233.193,235.282,231.336,233.89,230787.0,147703680.0,6.37,6.46,6.29,6.4,True,金 融 街,False
2021-09-14,233.425,233.89,229.479,229.479,223860.0,139017060.0,6.38,6.4,6.21,6.21,True,金 融 街,False
2021-09-15,229.015,230.408,228.319,229.015,128519.0,79553261.0,6.19,6.25,6.16,6.19,True,金 融 街,False
2021-09-16,229.015,232.729,228.551,229.943,201648.0,125626704.0,6.19,6.35,6.17,6.23,True,金 融 街,False
2021-09-17,229.247,229.943,226.694,227.158,175189.0,107040479.0,6.2,6.23,6.09,6.11,True,金 融 街,False
2021-09-22,224.605,228.086,223.908,226.694,193743.0,117989487.0,6.0,6.15,5.97,6.09,True,金 融 街,False
2021-09-23,227.158,230.176,226.694,227.39,231857.0,141896484.0,6.11,6.24,6.09,6.12,True,金 融 街,False
2021-09-24,227.39,228.319,225.533,225.997,146800.0,88960800.0,6.12,6.16,6.04,6.06,True,金 融 街,False
2021-09-27,225.533,225.997,223.212,223.908,140672.0,83981184.0,6.04,6.06,5.94,5.97,True,金 融 街,False
2021-09-28,223.676,227.158,223.676,226.462,119311.0,72541088.0,5.96,6.11,5.96,6.08,True,金 融 街,False
2021-09-29,225.533,225.997,223.908,224.837,102609.0,61668009.0,6.04,6.06,5.97,6.01,True,金 融 街,False
2021-09-30,224.837,226.229,224.605,224.605,90824.0,54494400.0,6.01,6.07,6.0,6.0,True,金 融 街,False
2021-10-08,225.765,227.158,225.301,226.694,102281.0,62289129.0,6.05,6.11,6.03,6.09,True,金 融 街,False
2021-10-11,226.926,227.854,225.997,226.229,106069.0,64383883.0,6.1,6.14,6.06,6.07,True,金 融 街,False
2021-10-12,225.997,226.694,224.14,224.837,110240.0,66254240.0,6.06,6.09,5.98,6.01,True,金 融 街,False
2021-10-13,225.069,225.533,224.14,225.069,51620.0,31075240.0,6.02,6.04,5.98,6.02,True,金 融 街,False
2021-10-14,225.765,225.765,224.372,224.605,58642.0,35185200.0,6.05,6.05,5.99,6.0,True,金 融 街,False
2021-10-15,224.14,224.605,222.747,222.98,84060.0,49847580.0,5.98,6.0,5.92,5.93,True,金 融 街,False
2021-10-18,222.98,224.14,222.051,222.747,81410.0,48194720.0,5.93,5.98,5.89,5.92,True,金 融 街,False
2021-10-19,222.283,222.515,221.123,221.355,89884.0,52672024.0,5.9,5.91,5.85,5.86,True,金 融 街,False
2021-10-20,221.355,222.283,220.89,221.819,62279.0,36620052.0,5.86,5.9,5.84,5.88,True,金 融 街,False
2021-10-21,221.587,224.372,221.355,223.212,98923.0,58760262.00000001,5.87,5.99,5.86,5.94,True,金 融 街,False
2021-10-22,223.908,227.622,223.444,225.997,162246.0,98321076.0,5.97,6.13,5.95,6.06,True,金 融 街,False
2021-10-25,225.069,225.533,222.515,223.444,95173.0,56627935.0,6.02,6.04,5.91,5.95,True,金 融 街,False
2021-10-26,223.212,223.444,221.587,222.051,67012.0,39470068.0,5.94,5.95,5.87,5.89,True,金 融 街,False
2021-10-27,222.051,222.283,218.801,219.033,86600.0,49881600.0,5.89,5.9,5.75,5.76,True,金 融 街,False
2021-10-28,219.033,219.498,217.176,219.498,73264.0,42346592.0,5.76,5.78,5.68,5.78,True,金 融 街,False
2021-10-29,219.266,220.89,218.801,220.89,54381.0,31758504.0,5.77,5.84,5.75,5.84,True,金 融 街,False
2021-11-01,221.587,224.372,220.194,223.676,88351.0,52657196.0,5.87,5.99,5.81,5.96,True,金 融 街,False
2021-11-02,223.212,223.444,221.123,222.747,85857.0,50827344.0,5.94,5.95,5.85,5.92,True,金 融 街,False
2021-11-03,222.747,224.14,221.819,223.212,63256.0,37574064.0,5.92,5.98,5.88,5.94,True,金 融 街,False
2021-11-04,222.98,223.444,222.283,222.98,39819.0,23612667.0,5.93,5.95,5.9,5.93,True,金 融 街,False
2021-11-05,223.444,223.444,221.587,222.747,52808.0,31262336.0,5.95,5.95,5.87,5.92,True,金 融 街,False
2021-11-08,223.212,223.908,221.819,223.212,49290.0,29278260.000000004,5.94,5.97,5.88,5.94,True,金 融 街,False
2021-11-09,223.676,224.372,222.747,222.98,46324.0,27470132.0,5.96,5.99,5.92,5.93,True,金 融 街,False
2021-11-10,222.747,223.444,220.426,223.444,77491.0,46107145.0,5.92,5.95,5.82,5.95,True,金 融 街,False
2021-11-11,223.444,228.319,222.98,227.854,232352.0,142664128.0,5.95,6.16,5.93,6.14,True,金 融 街,False
2021-11-12,227.622,227.854,225.069,225.997,156725.0,94975350.0,6.13,6.14,6.02,6.06,True,金 融 街,False
2021-11-15,225.997,226.462,218.801,219.498,370587.0,214199286.0,6.06,6.08,5.75,5.78,True,金 融 街,False
2021-11-16,220.426,220.426,218.801,219.266,107884.0,62249067.99999999,5.82,5.82,5.75,5.77,True,金 融 街,False
2021-11-17,219.266,219.266,218.337,218.569,94248.0,54098352.0,5.77,5.77,5.73,5.74,True,金 融 街,False
2021-11-18,218.569,218.569,215.551,216.248,183342.0,103404888.0,5.74,5.74,5.61,5.64,True,金 融 街,False
2021-11-19,216.48,217.873,215.784,217.408,113827.0,64767563.00000001,5.65,5.71,5.62,5.69,True,金 融 街,False
2021-11-22,217.408,217.641,216.016,216.248,93688.0,52840032.0,5.69,5.7,5.63,5.64,True,金 融 街,False
2021-11-23,216.248,218.801,216.016,217.408,123356.0,70189564.0,5.64,5.75,5.63,5.69,True,金 融 街,False
2021-11-24,217.176,218.105,217.176,217.873,109355.0,62441705.0,5.68,5.72,5.68,5.71,True,金 融 街,False
2021-11-25,218.105,218.105,216.712,217.176,69341.0,39385688.0,5.72,5.72,5.66,5.68,True,金 融 街,False
2021-11-26,216.944,220.658,215.784,218.105,131365.0,75140780.0,5.67,5.83,5.62,5.72,True,金 融 街,False
2021-11-29,215.551,216.248,214.623,215.087,113883.0,63660597.0,5.61,5.64,5.57,5.59,True,金 融 街,False
2021-11-30,214.855,215.784,213.23,213.23,205992.0,113501592.0,5.58,5.62,5.51,5.51,True,金 融 街,False
2021-12-01,213.927,215.087,213.694,214.391,111720.0,62116319.99999999,5.54,5.59,5.53,5.56,True,金 融 街,False
2021-12-02,214.391,215.319,213.927,214.391,106330.0,59119479.99999999,5.56,5.6,5.54,5.56,True,金 融 街,False
2021-12-03,214.855,216.248,214.159,215.784,111830.0,62848460.0,5.58,5.64,5.55,5.62,True,金 融 街,False
2021-12-06,216.48,217.408,214.623,214.855,130286.0,72699588.0,5.65,5.69,5.57,5.58,True,金 融 街,False
2021-12-07,216.016,217.641,215.319,216.712,180150.0,101964900.0,5.63,5.7,5.6,5.66,True,金 融 街,False
2021-12-08,216.48,216.712,215.551,216.712,106109.0,60057694.0,5.65,5.66,5.61,5.66,True,金 融 街,False
2021-12-09,216.248,218.337,216.016,217.873,181488.0,103629648.0,5.64,5.73,5.63,5.71,True,金 融 街,False
2021-12-10,217.408,218.105,216.248,216.248,152180.0,85829520.0,5.69,5.72,5.64,5.64,True,金 融 街,False
2021-12-13,216.944,217.641,215.784,216.016,149746.0,84306998.0,5.67,5.7,5.62,5.63,True,金 融 街,False
2021-12-14,215.551,216.248,214.855,215.319,95579.0,53524240.0,5.61,5.64,5.58,5.6,True,金 融 街,False
2021-12-15,214.855,217.408,214.855,216.48,145222.0,82050430.0,5.58,5.69,5.58,5.65,True,金 融 街,False
2021-12-16,216.248,219.033,215.784,218.337,256171.0,146785983.0,5.64,5.76,5.62,5.73,True,金 融 街,False
2021-12-17,218.105,219.266,217.641,218.569,194329.0,111544846.0,5.72,5.77,5.7,5.74,True,金 融 街,False
2021-12-20,217.873,220.426,217.641,218.569,227455.0,130559170.0,5.71,5.82,5.7,5.74,True,金 融 街,False
2021-12-21,219.266,224.372,218.801,224.14,538354.0,321935692.0,5.77,5.99,5.75,5.98,True,金 融 街,False
2021-12-22,223.908,225.069,221.123,221.587,348759.0,204721533.0,5.97,6.02,5.85,5.87,True,金 融 街,False
2021-12-23,221.123,221.587,216.944,217.176,522658.0,296869744.0,5.85,5.87,5.67,5.68,True,金 融 街,False
2021-12-24,217.176,218.105,215.784,216.48,170619.0,96399735.0,5.68,5.72,5.62,5.65,True,金 融 街,False
2021-12-27,216.944,218.337,216.712,216.944,162219.0,91978173.0,5.67,5.73,5.66,5.67,True,金 融 街,False
2021-12-28,217.176,217.176,216.016,216.712,110701.0,62656766.0,5.68,5.68,5.63,5.66,True,金 融 街,False
2021-12-29,216.712,217.176,216.016,216.016,100868.0,56788684.0,5.66,5.68,5.63,5.63,True,金 融 街,False
2021-12-30,216.712,216.944,216.016,216.248,122563.0,69125532.0,5.66,5.67,5.63,5.64,True,金 融 街,False
2021-12-31,216.248,217.408,216.248,216.712,133491.0,75555906.0,5.64,5.69,5.64,5.66,True,金 融 街,False
2022-01-04,216.48,218.337,216.248,218.105,189666.0,108488952.0,5.65,5.73,5.64,5.72,True,金 融 街,False
2022-01-05,218.105,219.962,217.873,218.337,202415.0,115983795.0,5.72,5.8,5.71,5.73,True,金 融 街,False
2022-01-06,218.105,219.962,217.873,218.801,188901.0,108618075.0,5.72,5.8,5.71,5.75,True,金 融 街,False
2022-01-07,218.569,222.283,218.569,220.89,387364.0,226220576.0,5.74,5.9,5.74,5.84,True,金 融 街,False
2022-01-10,220.89,222.98,219.266,222.747,291546.0,172595232.0,5.84,5.93,5.77,5.92,True,金 融 街,False
2022-01-11,222.051,224.837,221.819,223.676,356005.0,212178980.0,5.89,6.01,5.88,5.96,True,金 融 街,False
2022-01-12,222.98,223.676,221.355,222.98,217592.0,129032056.0,5.93,5.96,5.86,5.93,True,金 融 街,False
2022-01-13,222.747,225.301,222.515,223.212,201143.0,119478942.0,5.92,6.03,5.91,5.94,True,金 融 街,False
2022-01-14,223.444,223.444,220.194,220.658,206079.0,120144057.0,5.95,5.95,5.81,5.83,True,金 融 街,False
2022-01-17,220.194,221.819,219.962,220.658,110233.0,64265839.0,5.81,5.88,5.8,5.83,True,金 融 街,False
2022-01-18,220.89,222.283,219.498,221.355,174191.0,102075926.0,5.84,5.9,5.78,5.86,True,金 融 街,False
2022-01-19,221.123,223.212,220.658,221.819,154542.0,90870696.0,5.85,5.94,5.83,5.88,True,金 融 街,False
2022-01-20,222.283,224.14,221.819,223.444,246390.0,146602050.0,5.9,5.98,5.88,5.95,True,金 融 街,False
2022-01-21,222.747,223.444,221.587,222.747,162227.0,96038384.0,5.92,5.95,5.87,5.92,True,金 融 街,False
2022-01-24,222.515,223.444,220.658,222.98,124306.0,73713458.0,5.91,5.95,5.83,5.93,True,金 融 街,False
2022-01-25,222.515,223.444,218.801,219.033,158604.0,91355904.0,5.91,5.95,5.75,5.76,True,金 融 街,False
2022-01-26,219.033,221.123,218.337,220.194,113522.0,65956281.99999999,5.76,5.85,5.73,5.81,True,金 融 街,False
2022-01-27,219.962,221.123,215.319,216.248,230314.0,129897096.0,5.8,5.85,5.6,5.64,True,金 融 街,False
2022-01-28,217.873,218.337,216.712,217.176,117166.0,66550288.0,5.71,5.73,5.66,5.68,True,金 融 街,False
2022-02-07,217.641,219.498,216.48,219.033,128850.0,74217600.0,5.7,5.78,5.65,5.76,True,金 融 街,False
2022-02-08,219.033,222.98,218.569,222.747,191566.0,113407072.0,5.76,5.93,5.74,5.92,True,金 融 街,False
2022-02-09,222.283,224.372,221.819,221.819,153889.0,90486732.0,5.9,5.99,5.88,5.88,True,金 融 街,False
2022-02-10,222.051,223.444,220.658,222.98,141434.0,83870362.0,5.89,5.95,5.83,5.93,True,金 融 街,False
2022-02-11,222.747,225.069,222.515,222.98,208092.0,123398556.0,5.92,6.02,5.91,5.93,True,金 融 街,False
2022-02-14,221.819,222.98,219.498,219.962,194690.0,112920200.0,5.88,5.93,5.78,5.8,True,金 融 街,False
2022-02-15,219.962,220.426,217.641,218.337,147128.0,84304344.0,5.8,5.82,5.7,5.73,True,金 融 街,False
2022-02-16,218.801,219.498,218.337,219.266,113872.0,65704143.99999999,5.75,5.78,5.73,5.77,True,金 融 街,False
2022-02-17,219.266,219.498,217.641,217.873,130902.0,74745042.0,5.77,5.78,5.7,5.71,True,金 融 街,False
2022-02-18,217.641,222.051,217.176,221.587,227388.0,133476756.0,5.7,5.89,5.68,5.87,True,金 融 街,False
2022-02-21,221.355,224.14,219.73,223.444,208672.0,124159840.0,5.86,5.98,5.79,5.95,True,金 融 街,False
2022-02-22,222.98,223.908,221.123,221.819,138483.0,81428004.0,5.93,5.97,5.85,5.88,True,金 融 街,False
2022-02-23,221.819,222.283,219.962,220.194,144331.0,83856311.0,5.88,5.9,5.8,5.81,True,金 融 街,False
2022-02-24,219.962,221.819,216.944,218.105,206582.0,118164904.0,5.8,5.88,5.67,5.72,True,金 融 街,False
2022-02-25,218.337,219.266,217.176,217.408,154287.0,87789303.0,5.73,5.77,5.68,5.69,True,金 融 街,False
2022-02-28,217.408,217.408,215.319,216.016,149247.0,84026061.0,5.69,5.69,5.6,5.63,True,金 融 街,False
2022-03-01,216.016,217.408,215.784,216.944,106986.0,60661062.0,5.63,5.69,5.62,5.67,True,金 融 街,False
2022-03-02,216.712,218.569,216.48,218.105,100797.0,57655884.0,5.66,5.74,5.65,5.72,True,金 融 街,False
2022-03-03,219.033,221.355,218.569,220.658,235640.0,137378120.0,5.76,5.86,5.74,5.83,True,金 融 街,False
2022-03-04,220.426,220.426,218.337,219.266,139482.0,80481114.0,5.82,5.82,5.73,5.77,True,金 融 街,False
2022-03-07,218.569,220.194,217.408,217.873,125705.0,71777555.0,5.74,5.81,5.69,5.71,True,金 融 街,False
2022-03-08,218.569,218.569,214.391,214.855,163766.0,91381428.0,5.74,5.74,5.56,5.58,True,金 融 街,False
2022-03-09,215.319,215.784,207.659,210.445,230636.0,124312804.0,5.6,5.62,5.27,5.39,True,金 融 街,False
2022-03-10,212.07,212.302,210.445,210.909,120213.0,65035233.0,5.46,5.47,5.39,5.41,True,金 融 街,False
2022-03-11,209.98,211.605,207.891,211.373,104207.0,56584401.0,5.37,5.44,5.28,5.43,True,金 融 街,False
2022-03-14,210.212,212.07,208.82,208.82,83376.0,44356032.0,5.38,5.46,5.32,5.32,True,金 融 街,False
2022-03-15,208.588,208.82,200.927,200.927,159968.0,79664064.0,5.31,5.32,4.98,4.98,True,金 融 街,False
2022-03-16,203.481,207.659,199.767,206.963,153991.0,80691284.0,5.09,5.27,4.93,5.24,True,金 融 街,False
2022-03-17,208.588,210.909,208.123,208.82,141652.0,75358864.0,5.31,5.41,5.29,5.32,True,金 融 街,False
2022-03-18,207.891,212.998,207.195,212.766,154032.0,84563568.0,5.28,5.5,5.25,5.49,True,金 融 街,False
2022-03-21,211.837,213.694,210.909,211.373,129856.0,70511808.0,5.45,5.53,5.41,5.43,True,金 融 街,False
2022-03-22,211.373,218.105,210.677,216.48,311405.0,175943825.0,5.43,5.72,5.4,5.65,True,金 融 街,False
2022-03-23,215.319,221.123,214.391,219.962,370341.0,214797780.0,5.6,5.85,5.56,5.8,True,金 融 街,False
2022-03-24,218.105,225.069,218.105,219.498,476538.0,275438964.0,5.72,6.02,5.72,5.78,True,金 融 街,False
2022-03-25,218.569,222.98,216.944,221.123,325411.0,190365435.0,5.74,5.93,5.67,5.85,True,金 融 街,False
2022-03-28,220.194,224.372,219.033,223.444,348473.0,207341435.0,5.81,5.99,5.76,5.95,True,金 融 街,False
2022-03-29,222.051,223.212,219.73,220.89,255360.0,149130240.0,5.89,5.94,5.79,5.84,True,金 融 街,False
2022-03-30,220.194,227.622,219.962,225.997,552165.0,334611990.0,5.81,6.13,5.8,6.06,True,金 融 街,False
2022-03-31,223.676,232.033,222.98,227.622,824460.0,505393980.0,5.96,6.32,5.93,6.13,True,金 融 街,False
2022-04-01,226.694,232.497,225.301,231.104,725333.0,455509124.0,6.09,6.34,6.03,6.28,True,金 融 街,False
2022-04-06,232.265,240.389,229.943,237.14,1048241.0,685549614.0,6.33,6.68,6.23,6.54,True,金 融 街,False
2022-04-07,233.193,238.3,229.479,229.943,706084.0,439890332.00000006,6.37,6.59,6.21,6.23,True,金 融 街,False
2022-04-08,228.086,243.175,227.854,242.014,1248279.0,842588325.0,6.15,6.8,6.14,6.75,True,金 融 街,False
2022-04-11,239.693,248.514,235.747,240.157,1248532.0,832770844.0,6.65,7.03,6.48,6.67,True,金 融 街,False
2022-04-12,238.532,242.014,233.425,235.05,706265.0,455540925.0,6.6,6.75,6.38,6.45,True,金 融 街,False
2022-04-13,235.282,236.443,229.711,232.729,515129.0,327106915.0,6.46,6.51,6.22,6.35,True,金 融 街,False
2022-04-14,231.801,247.585,231.801,246.657,1101003.0,765197085.0,6.31,6.99,6.31,6.95,True,金 融 街,False
2022-04-15,243.175,262.906,241.086,253.621,1694913.0,1228811925.0,6.8,7.65,6.71,7.25,True,金 融 街,False
2022-04-18,252.46,255.71,241.086,243.175,910135.0,618891800.0,7.2,7.34,6.71,6.8,True,金 融 街,False
2022-04-19,243.871,245.496,235.05,241.318,701690.0,471535680.0,6.83,6.9,6.45,6.72,True,金 融 街,False
2022-04-20,239.693,240.854,227.622,228.319,759833.0,468057128.0,6.65,6.7,6.13,6.16,True,金 融 街,False
2022-04-21,226.926,228.551,221.819,222.515,504736.0,298298976.0,6.1,6.17,5.88,5.91,True,金 融 街,False
2022-04-22,221.819,227.622,220.658,225.765,375286.0,227048030.0,5.88,6.13,5.83,6.05,True,金 融 街,False
2022-04-25,224.605,225.069,214.159,214.855,579808.0,323532864.0,6.0,6.02,5.55,5.58,True,金 融 街,False
2022-04-26,214.391,219.73,213.23,214.623,407280.0,226854960.0,5.56,5.79,5.51,5.57,True,金 融 街,False
2022-04-27,212.998,215.551,208.355,213.23,469011.0,258425061.0,5.5,5.61,5.3,5.51,True,金 融 街,False
2022-04-28,215.087,225.997,212.998,225.997,1028757.0,623426742.0,5.59,6.06,5.5,6.06,True,金 融 街,False
2022-04-29,226.926,238.3,225.533,234.818,1011084.0,651138096.0,6.1,6.59,6.04,6.44,True,金 融 街,False
2022-05-05,235.05,238.3,227.854,234.818,949986.0,611790984.0,6.45,6.59,6.14,6.44,True,金 融 街,False
2022-05-06,226.926,231.568,225.533,225.997,631771.0,382853226.0,6.1,6.3,6.04,6.06,True,金 融 街,False
2022-05-09,228.551,229.479,224.14,229.015,490640.0,303706160.0,6.17,6.21,5.98,6.19,True,金 融 街,False
2022-05-10,225.765,231.336,224.837,230.408,471413.0,294633125.0,6.05,6.29,6.01,6.25,True,金 融 街,False
2022-05-11,230.176,233.89,227.158,227.854,502446.0,308501844.0,6.24,6.4,6.11,6.14,True,金 融 街,False
2022-05-12,225.997,228.086,224.605,226.694,346627.0,211095843.0,6.06,6.15,6.0,6.09,True,金 融 街,False
2022-05-13,227.854,236.675,224.372,234.354,657738.0,422267796.0,6.14,6.52,5.99,6.42,True,金 融 街,False
2022-05-16,236.675,239.229,232.265,234.818,690461.0,444656884.0,6.52,6.63,6.33,6.44,True,金 融 街,False
2022-05-17,233.658,235.282,229.943,231.801,393311.0,248179241.0,6.39,6.46,6.23,6.31,True,金 融 街,False
2022-05-18,231.104,232.033,228.783,229.711,288439.0,179409058.0,6.28,6.32,6.18,6.22,True,金 融 街,False
2022-05-19,227.158,233.658,226.926,232.033,360917.0,228099544.0,6.11,6.39,6.1,6.32,True,金 融 街,False
2022-05-20,231.801,233.193,229.943,230.872,372168.0,233349336.0,6.31,6.37,6.23,6.27,True,金 融 街,False
2022-05-23,229.943,230.872,225.765,227.39,429587.0,262907244.0,6.23,6.27,6.05,6.12,True,金 融 街,False
2022-05-24,227.39,227.622,220.89,221.123,459840.0,269006400.0,6.12,6.13,5.84,5.85,True,金 融 街,False
2022-05-25,220.89,222.747,219.498,222.051,323557.0,190575073.0,5.84,5.92,5.78,5.89,True,金 融 街,False
2022-05-26,222.051,223.676,220.89,222.515,345535.0,204211185.0,5.89,5.96,5.84,5.91,True,金 融 街,False
2022-05-27,222.515,222.747,220.658,221.355,209552.0,122797472.0,5.91,5.92,5.83,5.86,True,金 融 街,False
2022-05-30,221.587,222.283,217.176,218.337,444136.0,254489928.00000003,5.87,5.9,5.68,5.73,True,金 融 街,False
2022-05-31,218.801,219.266,216.944,218.801,275506.0,158415950.0,5.75,5.77,5.67,5.75,True,金 融 街,False
2022-06-01,218.569,220.194,217.408,218.569,227685.0,130691190.0,5.74,5.81,5.69,5.74,True,金 融 街,False
2022-06-02,218.337,219.266,215.551,218.569,323559.0,185722866.0,5.73,5.77,5.61,5.74,True,金 融 街,False
2022-06-06,217.873,220.89,217.176,220.426,312968.0,182147376.0,5.71,5.84,5.68,5.82,True,金 融 街,False
2022-06-07,220.426,222.051,219.73,221.587,233805.0,137243535.0,5.82,5.89,5.79,5.87,True,金 融 街,False
2022-06-08,221.123,221.819,218.105,219.73,232720.0,134744880.0,5.85,5.88,5.72,5.79,True,金 融 街,False
2022-06-09,219.498,220.89,218.569,219.498,236237.0,136544986.0,5.78,5.84,5.74,5.78,True,金 融 街,False
2022-06-10,218.569,220.194,218.105,219.266,178006.0,102709462.0,5.74,5.81,5.72,5.77,True,金 融 街,False
2022-06-13,218.569,218.801,215.087,216.248,252336.0,142317504.0,5.74,5.75,5.59,5.64,True,金 融 街,False
2022-06-14,215.319,218.105,214.159,217.873,207550.0,118511050.0,5.6,5.72,5.55,5.71,True,金 融 街,False
2022-06-15,217.873,222.515,217.641,220.89,395342.0,230879728.0,5.71,5.91,5.7,5.84,True,金 融 街,False
2022-06-16,220.89,222.98,219.033,219.266,240247.0,138622519.0,5.84,5.93,5.76,5.77,True,金 融 街,False
2022-06-17,218.337,218.801,215.784,217.641,290709.0,165704130.0,5.73,5.75,5.62,5.7,True,金 融 街,False
2022-06-20,217.641,220.89,217.176,219.73,232896.0,134846784.0,5.7,5.84,5.68,5.79,True,金 融 街,False
2022-06-21,219.962,221.819,218.337,219.266,192869.0,111285413.0,5.8,5.88,5.73,5.77,True,金 融 街,False
2022-06-22,219.266,220.426,217.873,218.105,176878.0,101174216.0,5.77,5.82,5.71,5.72,True,金 融 街,False
2022-06-23,218.337,219.033,216.712,219.033,162840.0,93795840.0,5.73,5.76,5.66,5.76,True,金 融 街,False
2022-06-24,219.266,220.426,218.801,219.266,167347.0,96559219.0,5.77,5.82,5.75,5.77,True,金 融 街,False
2022-06-27,219.498,221.123,219.033,219.266,230785.0,133162945.0,5.78,5.85,5.76,5.77,True,金 融 街,False
2022-06-28,219.266,220.89,218.801,219.498,222380.0,128535640.0,5.77,5.84,5.75,5.78,True,金 融 街,False
2022-06-29,219.498,223.444,219.266,222.051,448786.0,264334954.0,5.78,5.95,5.77,5.89,True,金 融 街,False
2022-06-30,222.515,225.533,221.123,223.444,432357.0,257252415.0,5.91,6.04,5.85,5.95,True,金 融 街,False
2022-07-01,223.444,226.462,223.212,223.676,270033.0,160939668.0,5.95,6.08,5.94,5.96,True,金 融 街,False
2022-07-04,223.444,224.14,221.355,222.747,196320.0,116221440.0,5.95,5.98,5.86,5.92,True,金 融 街,False
2022-07-05,222.98,223.212,221.587,223.212,189143.0,112350942.0,5.93,5.94,5.87,5.94,True,金 融 街,False
2022-07-06,222.747,223.212,218.337,219.033,200141.0,115281216.0,5.92,5.94,5.73,5.76,True,金 融 街,False
2022-07-07,218.801,219.73,216.48,216.944,235852.0,133728084.0,5.75,5.79,5.65,5.67,True,金 融 街,False
2022-07-08,217.408,218.105,216.712,217.176,123348.0,69691620.0,5.66,5.69,5.63,5.65,True,金 融 街,False
2022-07-11,217.176,217.873,215.087,215.551,178149.0,99407142.0,5.65,5.68,5.56,5.58,True,金 融 街,False
2022-07-12,215.784,216.016,213.927,214.391,285204.0,157717812.0,5.59,5.6,5.51,5.53,True,金 融 街,False
2022-07-13,214.623,216.48,214.159,216.248,198611.0,111420771.0,5.54,5.62,5.52,5.61,True,金 融 街,False
2022-07-14,216.016,216.016,212.998,213.694,205142.0,112828100.0,5.6,5.6,5.47,5.5,True,金 融 街,False
2022-07-15,214.855,215.087,209.052,209.516,303116.0,161257712.0,5.55,5.56,5.3,5.32,True,金 融 街,False
2022-07-18,210.212,214.391,208.588,214.159,240205.0,132593160.0,5.35,5.53,5.28,5.52,True,金 融 街,False
2022-07-19,214.623,216.944,213.694,216.248,232247.0,130290567.0,5.54,5.64,5.5,5.61,True,金 融 街,False
2022-07-20,217.176,217.873,215.087,215.319,135449.0,75445093.0,5.65,5.68,5.56,5.57,True,金 融 街,False
2022-07-21,215.319,217.873,215.087,216.248,187835.0,105375435.0,5.57,5.68,5.56,5.61,True,金 融 街,False
2022-07-22,216.016,217.873,215.319,216.48,129698.0,72890276.0,5.6,5.68,5.57,5.62,True,金 融 街,False
2022-07-25,216.48,219.498,216.016,217.408,168393.0,95310438.0,5.62,5.75,5.6,5.66,True,金 融 街,False
2022-07-26,217.408,221.123,216.944,220.89,244429.0,142013249.0,5.66,5.82,5.64,5.81,True,金 融 街,False
2022-07-27,220.89,221.355,219.266,220.658,164641.0,95491780.0,5.81,5.83,5.74,5.8,True,金 融 街,False
2022-07-28,220.89,221.819,219.498,219.962,179709.0,103692093.0,5.81,5.85,5.75,5.77,True,金 融 街,False
2022-07-29,220.658,220.89,218.569,219.033,211298.0,121073754.0,5.8,5.81,5.71,5.73,True,金 融 街,False
2022-08-01,219.962,219.962,215.551,216.48,175984.0,98903008.0,5.77,5.77,5.58,5.62,True,金 融 街,False
2022-08-02,215.319,215.551,210.445,211.837,183557.0,99487894.0,5.57,5.58,5.36,5.42,True,金 融 街,False
2022-08-03,212.534,213.927,209.516,209.98,143075.0,76402050.0,5.45,5.51,5.32,5.34,True,金 融 街,False
2022-08-04,210.677,212.07,209.98,211.837,137715.0,74641530.0,5.37,5.43,5.34,5.42,True,金 融 街,False
2022-08-05,212.07,214.391,211.141,213.927,109747.0,60470597.0,5.43,5.53,5.39,5.51,True,金 融 街,False
2022-08-08,214.855,216.016,213.694,215.551,138038.0,77025204.0,5.55,5.6,5.5,5.58,True,金 融 街,False
2022-08-09,214.855,215.784,213.462,213.927,107746.0,59368046.0,5.55,5.59,5.49,5.51,True,金 融 街,False
2022-08-10,214.159,214.391,212.534,212.766,73858.0,40326468.0,5.52,5.53,5.45,5.46,True,金 融 街,False
2022-08-11,213.694,216.016,213.23,215.784,131513.0,73515767.0,5.5,5.6,5.48,5.59,True,金 融 街,False
2022-08-12,215.087,216.48,214.623,215.784,113110.0,63228490.0,5.56,5.62,5.54,5.59,True,金 融 街,False
2022-08-15,215.551,216.712,214.855,215.087,112330.0,62455479.99999999,5.58,5.63,5.55,5.56,True,金 融 街,False
2022-08-16,216.016,218.105,215.551,217.408,131304.0,74318064.0,5.6,5.69,5.58,5.66,True,金 融 街,False
2022-08-17,217.176,219.033,216.48,218.337,118987.0,67822590.0,5.65,5.73,5.62,5.7,True,金 融 街,False
2022-08-18,218.105,218.105,216.248,217.176,109115.0,61649975.00000001,5.69,5.69,5.61,5.65,True,金 融 街,False
2022-08-19,216.712,219.033,216.248,217.873,201888.0,114672384.0,5.63,5.73,5.61,5.68,True,金 融 街,False
2022-08-22,217.176,217.176,213.927,214.855,368589.0,204566895.0,5.65,5.65,5.51,5.55,True,金 融 街,False
2022-08-23,213.927,214.623,211.373,211.837,310277.0,168170134.0,5.51,5.54,5.4,5.42,True,金 融 街,False
2022-08-24,212.534,212.998,209.516,209.516,256353.0,136379796.0,5.45,5.47,5.32,5.32,True,金 融 街,False
2022-08-25,209.98,210.677,209.284,210.445,170983.0,91646888.0,5.34,5.37,5.31,5.36,True,金 融 街,False
2022-08-26,210.909,211.605,209.98,210.445,144558.0,77483088.0,5.38,5.41,5.34,5.36,True,金 融 街,False
2022-08-29,209.748,210.909,208.355,210.677,159335.0,85562895.0,5.33,5.38,5.27,5.37,True,金 融 街,False
2022-08-30,210.445,212.766,209.98,212.534,188450.0,102705250.0,5.36,5.46,5.34,5.45,True,金 融 街,False
2022-08-31,212.302,212.998,211.141,211.837,149300.0,80920600.0,5.44,5.47,5.39,5.42,True,金 融 街,False
2022-09-01,211.605,215.087,210.909,213.462,228939.0,125687511.0,5.41,5.56,5.38,5.49,True,金 融 街,False
2022-09-02,212.998,213.462,210.445,211.141,204129.0,110025531.0,5.47,5.49,5.36,5.39,True,金 融 街,False
2022-09-05,210.909,214.391,210.677,214.159,288774.0,159403248.0,5.38,5.53,5.37,5.52,True,金 融 街,False
2022-09-06,214.159,216.48,213.694,216.016,256201.0,143472560.0,5.52,5.62,5.5,5.6,True,金 融 街,False
2022-09-07,216.016,216.48,214.159,215.784,186692.0,104360828.0,5.6,5.62,5.52,5.59,True,金 融 街,False
2022-09-08,216.248,216.944,214.159,216.248,147680.0,82848480.0,5.61,5.64,5.52,5.61,True,金 融 街,False
2022-09-09,216.48,219.962,215.551,219.498,296526.0,170502450.0,5.62,5.77,5.58,5.75,True,金 融 街,False
2022-09-13,219.033,219.266,216.016,216.48,236857.0,133113634.0,5.73,5.74,5.6,5.62,True,金 融 街,False
2022-09-14,215.087,217.408,214.855,215.784,165607.0,92574313.0,5.56,5.66,5.55,5.59,True,金 融 街,False
2022-09-15,217.176,219.962,214.855,217.873,278996.0,158469728.0,5.65,5.77,5.55,5.68,True,金 融 街,False
2022-09-16,216.712,218.801,212.534,212.534,265322.0,144600490.0,5.63,5.72,5.45,5.45,True,金 融 街,False
2022-09-19,212.534,213.462,209.748,212.534,175814.0,95818630.0,5.45,5.49,5.33,5.45,True,金 融 街,False
2022-09-20,213.462,216.016,210.909,211.373,204703.0,110539620.0,5.49,5.6,5.38,5.4,True,金 融 街,False
2022-09-21,210.677,215.319,208.588,214.159,216633.0,119581416.0,5.37,5.57,5.28,5.52,True,金 融 街,False
2022-09-22,213.694,214.623,210.212,210.677,213545.0,114673665.0,5.5,5.54,5.35,5.37,True,金 融 街,False
2022-09-23,210.909,215.319,210.445,210.909,338148.0,181923624.0,5.38,5.57,5.36,5.38,True,金 融 街,False
2022-09-26,210.909,211.605,207.195,207.427,325282.0,170122486.0,5.38,5.41,5.22,5.23,True,金 融 街,False
2022-09-27,207.891,209.052,204.641,207.427,254356.0,133028188.0,5.25,5.3,5.11,5.23,True,金 融 街,False
2022-09-28,206.963,207.195,204.177,204.641,239036.0,122147396.0,5.21,5.22,5.09,5.11,True,金 融 街,False
2022-09-29,205.57,206.266,202.32,202.784,217938.0,109622814.0,5.15,5.18,5.01,5.03,True,金 融 街,False
2022-09-30,203.481,205.57,202.088,203.945,198358.0,100765864.0,5.06,5.15,5.0,5.08,True,金 融 街,False
2022-10-10,204.641,206.963,202.552,202.784,275489.0,138570967.0,5.11,5.21,5.02,5.03,True,金 融 街,False
2022-10-11,203.016,203.249,201.159,203.016,138047.0,69575688.0,5.04,5.05,4.96,5.04,True,金 融 街,False
2022-10-12,202.552,204.874,201.856,204.641,142542.0,72838962.0,5.02,5.12,4.99,5.11,True,金 融 街,False
2022-10-13,204.409,204.641,202.552,203.016,135749.0,68417496.0,5.1,5.11,5.02,5.04,True,金 融 街,False
2022-10-14,203.713,205.106,203.481,204.874,175603.0,89908736.0,5.07,5.13,5.06,5.12,True,金 融 街,False
2022-10-17,204.177,206.034,203.016,205.57,179206.0,92291090.0,5.09,5.17,5.04,5.15,True,金 融 街,False
2022-10-18,206.034,206.266,204.177,204.409,132711.0,67682610.0,5.17,5.18,5.09,5.1,True,金 融 街,False
2022-10-19,204.409,205.106,203.016,203.249,145580.0,73517900.0,5.1,5.13,5.04,5.05,True,金 融 街,False
2022-10-20,203.016,203.481,201.624,202.088,146431.0,73215500.0,5.04,5.06,4.98,5.0,True,金 融 街,False
2022-10-21,202.784,203.249,201.159,201.624,125240.0,62369520.00000001,5.03,5.05,4.96,4.98,True,金 融 街,False
2022-10-24,201.856,202.552,198.142,199.535,181166.0,88590174.0,4.99,5.02,4.83,4.89,True,金 融 街,False
2022-10-25,198.838,199.302,196.749,197.445,119958.0,57579840.0,4.86,4.88,4.77,4.8,True,金 融 街,False
2022-10-26,197.677,199.302,197.677,197.91,87832.0,42335024.0,4.81,4.88,4.81,4.82,True,金 融 街,False
2022-10-27,198.374,200.231,197.677,199.535,129113.0,63136256.99999999,4.84,4.92,4.81,4.89,True,金 融 街,False
2022-10-28,198.838,199.767,194.428,195.124,227571.0,106958370.0,4.86,4.9,4.67,4.7,True,金 融 街,False
2022-10-31,194.892,195.124,191.874,193.499,224315.0,103857845.0,4.69,4.7,4.56,4.63,True,金 融 街,False
2022-11-01,193.731,195.588,193.499,195.588,156960.0,74085120.0,4.64,4.72,4.63,4.72,True,金 融 街,False
2022-11-02,195.588,197.91,194.66,197.445,161105.0,77330400.0,4.72,4.82,4.68,4.8,True,金 融 街,False
2022-11-03,196.749,197.677,196.285,196.981,93528.0,44706384.0,4.77,4.81,4.75,4.78,True,金 融 街,False
2022-11-04,196.981,198.606,196.981,198.142,123525.0,59662575.0,4.78,4.85,4.78,4.83,True,金 融 街,False
2022-11-07,198.374,199.535,197.677,199.07,146231.0,71214497.0,4.84,4.89,4.81,4.87,True,金 融 街,False
2022-11-08,199.07,199.999,198.374,198.838,92747.0,45075042.0,4.87,4.91,4.84,4.86,True,金 融 街,False
2022-11-09,199.302,202.32,199.07,201.159,186771.0,92638416.0,4.88,5.01,4.87,4.96,True,金 融 街,False
2022-11-10,200.927,202.088,199.302,201.392,125849.0,62546953.0,4.95,5.0,4.88,4.97,True,金 融 街,False
2022-11-11,202.552,207.891,202.552,206.498,410083.0,212833077.00000003,5.02,5.25,5.02,5.19,True,金 融 街,False
2022-11-14,210.212,210.445,206.963,207.659,426366.0,223415784.0,5.35,5.36,5.21,5.24,True,金 融 街,False
2022-11-15,206.963,209.748,206.498,208.123,261697.0,137652622.0,5.21,5.33,5.19,5.26,True,金 融 街,False
2022-11-16,207.659,208.588,205.802,206.266,182763.0,94671234.0,5.24,5.28,5.16,5.18,True,金 融 街,False
2022-11-17,205.802,207.659,205.802,206.731,119751.0,62270520.0,5.16,5.24,5.16,5.2,True,金 融 街,False
2022-11-18,206.731,207.195,205.338,205.802,115728.0,59715648.0,5.2,5.22,5.14,5.16,True,金 融 街,False
2022-11-21,205.57,205.802,202.552,203.945,133382.0,67758056.0,5.15,5.16,5.02,5.08,True,金 融 街,False
2022-11-22,204.177,206.731,203.249,204.641,154521.0,78960231.0,5.09,5.2,5.05,5.11,True,金 融 街,False
2022-11-23,204.177,205.57,203.945,205.106,106927.0,54853551.0,5.09,5.15,5.08,5.13,True,金 融 街,False
2022-11-24,206.731,209.052,205.57,206.266,238043.0,123306274.0,5.2,5.3,5.15,5.18,True,金 融 街,False
2022-11-25,205.57,210.445,205.57,209.748,358530.0,191096490.0,5.15,5.36,5.15,5.33,True,金 融 街,False
2022-11-28,207.427,209.98,205.802,209.516,281198.0,149597336.0,5.23,5.34,5.16,5.32,True,金 融 街,False
2022-11-29,216.016,221.819,214.855,221.819,791771.0,463186035.0,5.6,5.85,5.55,5.85,True,金 融 街,False
2022-11-30,222.051,234.586,220.426,228.783,1606437.0,987958755.0,5.86,6.4,5.79,6.15,True,金 融 街,False
2022-12-01,225.997,236.211,225.069,229.711,1121326.0,694100794.0,6.03,6.47,5.99,6.19,True,金 融 街,False
2022-12-02,228.086,228.319,222.515,225.765,687645.0,413962290.0,6.12,6.13,5.88,6.02,True,金 融 街,False
2022-12-05,226.462,229.711,225.765,225.765,516926.0,311189452.0,6.05,6.19,6.02,6.02,True,金 融 街,False
2022-12-06,225.765,230.64,224.14,226.462,506409.0,306377445.0,6.02,6.23,5.95,6.05,True,金 融 街,False
2022-12-07,225.301,225.533,221.587,222.747,440039.0,259182971.0,6.0,6.01,5.84,5.89,True,金 融 街,False
2022-12-08,222.747,228.319,222.051,225.301,440554.0,264332400.0,5.89,6.13,5.86,6.0,True,金 融 街,False
2022-12-09,226.229,228.319,223.444,226.462,391162.0,236653010.0,6.04,6.13,5.92,6.05,True,金 融 街,False
2022-12-12,225.069,225.069,220.194,220.89,333950.0,194024950.0,5.99,5.99,5.78,5.81,True,金 融 街,False
2022-12-13,221.587,222.515,219.033,221.587,217813.0,127202792.0,5.84,5.88,5.73,5.84,True,金 融 街,False
2022-12-14,220.658,221.819,218.569,219.498,206681.0,118841575.0,5.8,5.85,5.71,5.75,True,金 融 街,False
2022-12-15,219.962,219.962,216.712,218.569,192209.0,109751339.0,5.77,5.77,5.63,5.71,True,金 融 街,False
2022-12-16,219.033,221.819,218.569,219.962,261672.0,150984744.0,5.73,5.85,5.71,5.77,True,金 融 街,False
2022-12-19,219.033,222.283,216.016,216.944,217204.0,122503056.0,5.73,5.87,5.6,5.64,True,金 融 街,False
2022-12-20,218.337,218.337,212.534,213.694,262021.0,144111550.0,5.7,5.7,5.45,5.5,True,金 融 街,False
2022-12-21,213.927,215.087,212.302,213.462,154603.0,84877047.0,5.51,5.56,5.44,5.49,True,金 融 街,False
2022-12-22,215.087,215.784,213.23,213.462,190202.0,104420898.0,5.56,5.59,5.48,5.49,True,金 融 街,False
2022-12-23,212.534,215.319,212.534,214.159,107305.0,59232359.99999999,5.45,5.57,5.45,5.52,True,金 融 街,False
2022-12-26,214.159,214.159,210.445,211.141,178475.0,96198025.0,5.52,5.52,5.36,5.39,True,金 融 街,False
2022-12-27,211.605,212.766,210.212,211.605,172324.0,93227284.0,5.41,5.46,5.35,5.41,True,金 融 街,False
2022-12-28,210.445,212.766,209.284,212.07,154405.0,83841915.0,5.36,5.46,5.31,5.43,True,金 融 街,False
2022-12-29,212.534,213.23,207.427,208.355,297796.0,156938492.0,5.45,5.48,5.23,5.27,True,金 融 街,False
2022-12-30,209.748,209.98,207.427,207.891,196426.0,103123650.0,5.33,5.34,5.23,5.25,True,金 融 街,False
2023-01-03,207.659,209.052,206.498,208.588,193435.0,102133680.0,5.24,5.3,5.19,5.28,True,金 融 街,False
2023-01-04,210.212,214.855,209.284,212.534,438664.0,239071880.0,5.35,5.55,5.31,5.45,True,金 融 街,False
2023-01-05,212.07,212.07,209.516,211.141,355931.0,191846809.0,5.43,5.43,5.32,5.39,True,金 融 街,False
2023-01-06,213.462,213.694,208.82,209.284,275025.0,146038275.0,5.49,5.5,5.29,5.31,True,金 融 街,False
2023-01-09,209.284,209.748,206.498,206.731,315183.0,163895160.0,5.31,5.33,5.19,5.2,True,金 融 街,False
2023-01-10,206.731,207.195,205.338,205.802,176625.0,91138500.0,5.2,5.22,5.14,5.16,True,金 融 街,False
2023-01-11,206.034,207.427,204.177,205.106,313880.0,161020440.0,5.17,5.23,5.09,5.13,True,金 融 街,False
2023-01-12,204.874,204.874,202.552,203.016,277843.0,140032872.0,5.12,5.12,5.02,5.04,True,金 融 街,False
2023-01-13,203.016,203.945,202.784,203.945,226853.0,115241324.0,5.04,5.08,5.03,5.08,True,金 融 街,False
2023-01-16,203.945,205.338,202.784,204.874,227073.0,116261376.0,5.08,5.14,5.03,5.12,True,金 融 街,False
2023-01-17,204.874,205.338,203.945,204.177,177873.0,90537357.0,5.12,5.14,5.08,5.09,True,金 融 街,False
2023-01-18,204.641,205.57,204.177,204.409,155413.0,79260630.0,5.11,5.15,5.09,5.1,True,金 融 街,False
2023-01-19,204.177,205.338,203.481,205.106,219948.0,112833324.0,5.09,5.14,5.06,5.13,True,金 融 街,False
2023-01-20,205.338,206.963,204.874,206.731,242751.0,126230520.0,5.14,5.21,5.12,5.2,True,金 融 街,False
2023-01-30,208.123,208.82,206.266,206.498,308371.0,160044549.0,5.26,5.29,5.18,5.19,True,金 融 街,False
2023-01-31,206.266,207.891,205.57,207.659,239296.0,125391104.0,5.18,5.25,5.15,5.24,True,金 融 街,False
2023-02-01,207.659,208.82,206.731,208.588,266115.0,140508720.0,5.24,5.29,5.2,5.28,True,金 融 街,False
2023-02-02,208.82,209.516,207.659,209.052,226310.0,119944300.0,5.29,5.32,5.24,5.3,True,金 融 街,False
2023-02-03,208.82,208.82,206.731,207.427,197994.0,103550862.0,5.29,5.29,5.2,5.23,True,金 融 街,False
2023-02-06,207.427,208.123,206.266,207.659,191752.0,100478048.0,5.23,5.26,5.18,5.24,True,金 融 街,False
2023-02-07,207.427,209.516,207.427,208.82,240665.0,127311785.0,5.23,5.32,5.23,5.29,True,金 融 街,False
2023-02-08,208.355,209.516,207.659,207.891,165882.0,87088050.0,5.27,5.32,5.24,5.25,True,金 融 街,False
2023-02-09,207.891,208.82,207.195,208.355,183604.0,96759308.0,5.25,5.29,5.22,5.27,True,金 融 街,False
2023-02-10,207.659,209.284,207.659,208.588,186191.0,98308848.0,5.24,5.31,5.24,5.28,True,金 融 街,False
2023-02-13,208.588,209.052,207.891,208.588,232118.0,122558304.0,5.28,5.3,5.25,5.28,True,金 融 街,False
2023-02-14,208.588,209.748,208.355,209.052,230267.0,122041510.0,5.28,5.33,5.27,5.3,True,金 融 街,False
2023-02-15,209.052,209.052,207.427,207.659,207911.0,108945364.0,5.3,5.3,5.23,5.24,True,金 融 街,False
2023-02-16,207.659,209.516,205.57,206.498,368894.0,191455986.0,5.24,5.32,5.15,5.19,True,金 融 街,False
2023-02-17,206.731,207.427,206.034,206.266,155279.0,80434522.0,5.2,5.23,5.17,5.18,True,金 融 街,False
2023-02-20,206.498,208.588,205.802,208.355,197251.0,103951277.0,5.19,5.28,5.16,5.27,True,金 融 街,False
2023-02-21,209.516,210.445,208.123,209.052,293045.0,155313850.0,5.32,5.36,5.26,5.3,True,金 融 街,False
2023-02-22,208.355,209.284,208.123,208.82,146306.0,77395874.0,5.27,5.31,5.26,5.29,True,金 融 街,False
2023-02-23,209.052,210.909,209.052,210.212,365293.0,195431755.0,5.3,5.38,5.3,5.35,True,金 融 街,False
2023-02-24,209.98,210.212,207.891,208.355,236210.0,124482670.0,5.34,5.35,5.25,5.27,True,金 融 街,False
2023-02-27,208.588,209.052,207.891,208.355,155854.0,82135058.0,5.28,5.3,5.25,5.27,True,金 融 街,False
2023-02-28,208.355,208.82,207.195,208.82,180883.0,95687107.0,5.27,5.29,5.22,5.29,True,金 融 街,False
2023-03-01,208.82,209.748,208.355,209.516,205125.0,109126500.0,5.29,5.33,5.27,5.32,True,金 融 街,False
2023-03-02,209.516,210.212,209.052,209.516,216764.0,115318448.0,5.32,5.35,5.3,5.32,True,金 融 街,False
2023-03-03,209.516,210.445,208.82,210.445,223445.0,119766520.0,5.32,5.36,5.29,5.36,True,金 融 街,False
2023-03-06,210.445,210.677,208.355,208.588,264053.0,139419984.0,5.36,5.37,5.27,5.28,True,金 融 街,False
2023-03-07,208.588,209.052,206.963,207.195,223554.0,116695188.0,5.28,5.3,5.21,5.22,True,金 融 街,False
2023-03-08,206.963,207.659,206.498,207.427,141011.0,73748753.0,5.21,5.24,5.19,5.23,True,金 融 街,False
2023-03-09,207.659,207.659,206.498,207.195,104036.0,54306792.0,5.24,5.24,5.19,5.22,True,金 融 街,False
2023-03-10,206.498,206.731,203.945,204.177,238735.0,121516115.0,5.19,5.2,5.08,5.09,True,金 融 街,False
2023-03-13,203.713,204.874,203.016,203.945,149428.0,75909424.0,5.07,5.12,5.04,5.08,True,金 融 街,False
2023-03-14,203.945,204.409,202.32,203.016,175180.0,88290720.0,5.08,5.1,5.01,5.04,True,金 融 街,False
2023-03-15,203.249,204.874,203.249,204.641,130234.0,66549574.00000001,5.05,5.12,5.05,5.11,True,金 融 街,False
2023-03-16,204.177,204.874,203.481,203.481,148498.0,75139988.0,5.09,5.12,5.06,5.06,True,金 融 街,False
2023-03-17,204.177,205.338,203.945,204.177,122660.0,62433940.0,5.09,5.14,5.08,5.09,True,金 融 街,False
2023-03-20,204.641,205.338,203.249,203.249,149320.0,75406600.0,5.11,5.14,5.05,5.05,True,金 融 街,False
2023-03-21,203.945,204.177,203.249,203.945,98531.0,50053748.0,5.08,5.09,5.05,5.08,True,金 融 街,False
2023-03-22,203.713,204.641,203.249,204.409,117684.0,60018839.99999999,5.07,5.11,5.05,5.1,True,金 融 街,False
2023-03-23,204.177,204.409,203.481,204.177,98562.0,50168058.0,5.09,5.1,5.06,5.09,True,金 融 街,False
2023-03-24,204.177,205.57,203.481,205.106,213035.0,109286955.0,5.09,5.15,5.06,5.13,True,金 融 街,False
2023-03-27,205.106,206.034,203.249,203.713,242101.0,122745207.0,5.13,5.17,5.05,5.07,True,金 融 街,False
2023-03-28,203.945,204.177,203.016,203.481,100252.0,50727511.99999999,5.08,5.09,5.04,5.06,True,金 融 街,False
2023-03-29,203.713,203.713,202.32,202.784,150798.0,75851394.0,5.07,5.07,5.01,5.03,True,金 融 街,False
2023-03-30,202.552,202.784,201.159,202.552,148511.0,74552522.0,5.02,5.03,4.96,5.02,True,金 融 街,False
2023-03-31,202.552,203.945,202.32,202.552,137995.0,69273490.0,5.02,5.08,5.01,5.02,True,金 融 街,False
2023-04-03,202.784,203.945,202.088,203.713,143870.0,72942090.0,5.03,5.08,5.0,5.07,True,金 融 街,False
2023-04-04,203.945,204.409,203.016,203.249,120582.0,60893910.0,5.08,5.1,5.04,5.05,True,金 融 街,False
2023-04-06,203.249,203.945,202.552,203.016,95265.0,48013560.0,5.05,5.08,5.02,5.04,True,金 融 街,False
2023-04-07,203.249,205.338,202.784,205.106,217823.0,111743199.0,5.05,5.14,5.03,5.13,True,金 融 街,False
2023-04-10,204.874,205.338,203.945,204.641,114405.0,58460955.0,5.12,5.14,5.08,5.11,True,金 融 街,False
2023-04-11,204.409,205.57,203.713,205.57,152355.0,78462825.0,5.1,5.15,5.07,5.15,True,金 融 街,False
2023-04-12,205.802,206.498,205.106,206.266,145267.0,75248306.0,5.16,5.19,5.13,5.18,True,金 融 街,False
2023-04-13,206.034,206.498,205.57,205.802,141122.0,72818952.0,5.17,5.19,5.15,5.16,True,金 融 街,False
2023-04-14,206.266,206.498,205.106,205.57,97453.0,50188295.0,5.18,5.19,5.13,5.15,True,金 融 街,False
2023-04-17,205.57,206.034,204.641,206.034,139031.0,71879027.0,5.15,5.17,5.11,5.17,True,金 融 街,False
2023-04-18,205.802,206.266,205.338,205.57,130041.0,66971115.00000001,5.16,5.18,5.14,5.15,True,金 融 街,False
2023-04-19,205.57,205.57,204.177,204.409,136452.0,69590520.0,5.15,5.15,5.09,5.1,True,金 融 街,False
2023-04-20,204.177,204.641,203.481,203.945,118319.0,60106052.0,5.09,5.11,5.06,5.08,True,金 融 街,False
2023-04-21,204.177,205.106,202.552,202.784,126464.0,63611392.0,5.09,5.13,5.02,5.03,True,金 融 街,False
2023-04-24,203.481,203.481,201.159,201.856,139297.0,69509203.0,5.06,5.06,4.96,4.99,True,金 融 街,False
2023-04-25,202.088,202.088,200.695,201.624,120016.0,59767968.00000001,5.0,5.0,4.94,4.98,True,金 融 街,False
2023-04-26,201.392,202.32,200.231,201.856,80797.0,40317703.0,4.97,5.01,4.92,4.99,True,金 融 街,False
2023-04-27,201.392,202.32,200.463,201.856,104829.0,52309671.0,4.97,5.01,4.93,4.99,True,金 融 街,False
2023-04-28,201.392,203.249,201.159,203.016,112717.0,56809368.0,4.97,5.05,4.96,5.04,True,金 融 街,False
2023-05-04,199.302,199.535,195.588,198.374,313282.0,151628488.0,4.88,4.89,4.72,4.84,True,金 融 街,False
2023-05-05,198.142,201.159,197.677,200.463,232630.0,114686590.0,4.83,4.96,4.81,4.93,True,金 融 街,False
2023-05-08,200.695,202.552,198.606,201.624,267494.0,133212012.0,4.94,5.02,4.85,4.98,True,金 融 街,False
2023-05-09,201.159,205.106,200.927,203.713,373697.0,189464379.0,4.96,5.13,4.95,5.07,True,金 融 街,False
2023-05-10,203.713,203.713,200.927,201.624,212630.0,105889740.0,5.07,5.07,4.95,4.98,True,金 融 街,False
2023-05-11,201.856,202.32,200.695,201.856,150912.0,75305088.0,4.99,5.01,4.94,4.99,True,金 融 街,False
2023-05-12,201.624,202.32,200.231,200.463,99334.0,48971662.0,4.98,5.01,4.92,4.93,True,金 融 街,False
2023-05-15,200.463,200.695,197.677,199.302,229204.0,111851552.0,4.93,4.94,4.81,4.88,True,金 融 街,False
2023-05-16,199.07,199.302,197.445,197.677,132799.0,63876318.99999999,4.87,4.88,4.8,4.81,True,金 融 街,False
2023-05-17,197.445,198.142,196.749,196.981,136447.0,65221666.0,4.8,4.83,4.77,4.78,True,金 融 街,False
2023-05-18,197.213,197.445,196.285,196.517,89467.0,42586292.0,4.79,4.8,4.75,4.76,True,金 融 街,False
2023-05-19,196.517,196.981,195.82,196.285,81955.0,38928625.0,4.76,4.78,4.73,4.75,True,金 融 街,False
2023-05-22,196.053,196.285,194.892,195.588,98422.0,46455184.0,4.74,4.75,4.69,4.72,True,金 融 街,False
2023-05-23,195.356,196.053,193.499,193.731,219281.0,101746384.0,4.71,4.74,4.63,4.64,True,金 融 街,False
2023-05-24,193.267,193.731,192.106,192.571,120508.0,55313172.0,4.62,4.64,4.57,4.59,True,金 融 街,False
2023-05-25,192.106,193.035,191.642,192.803,77078.0,35455880.0,4.57,4.61,4.55,4.6,True,金 融 街,False
2023-05-26,192.339,193.731,191.874,193.499,62589.0,28978707.0,4.58,4.64,4.56,4.63,True,金 融 街,False
2023-05-29,193.267,193.963,192.106,192.339,58511.0,26798038.0,4.62,4.65,4.57,4.58,True,金 融 街,False
2023-05-30,192.106,193.499,190.481,193.499,120626.0,55849838.0,4.57,4.63,4.5,4.63,True,金 融 街,False
2023-05-31,192.803,193.731,191.874,192.106,71156.0,32518292.000000004,4.6,4.64,4.56,4.57,True,金 融 街,False
2023-06-01,191.874,192.571,191.178,191.178,64223.0,29093019.0,4.56,4.59,4.53,4.53,True,金 融 街,False
2023-06-02,191.178,194.66,191.178,194.428,148559.0,69377053.0,4.53,4.68,4.53,4.67,True,金 融 街,False
2023-06-05,194.428,195.124,193.499,194.66,88221.0,41287428.0,4.67,4.7,4.63,4.68,True,金 融 街,False
2023-06-06,194.196,196.981,193.963,194.196,130979.0,61036214.0,4.66,4.78,4.65,4.66,True,金 融 街,False
2023-06-07,194.428,197.445,194.196,196.981,220651.0,105471178.0,4.67,4.8,4.66,4.78,True,金 融 街,False
2023-06-08,196.285,198.606,195.82,198.374,184211.0,89158124.0,4.75,4.85,4.73,4.84,True,金 融 街,False
2023-06-09,198.374,199.07,197.213,198.142,183480.0,88620840.0,4.84,4.87,4.79,4.83,True,金 融 街,False
2023-06-12,197.91,198.374,196.053,197.445,120794.0,57981120.0,4.82,4.84,4.74,4.8,True,金 融 街,False
2023-06-13,197.213,198.838,196.749,196.749,76494.0,36487638.0,4.79,4.86,4.77,4.77,True,金 融 街,False
2023-06-14,197.445,198.374,196.053,196.285,92233.0,43810675.0,4.8,4.84,4.74,4.75,True,金 融 街,False
2023-06-15,196.053,196.981,195.82,196.749,62601.0,29860677.0,4.74,4.78,4.73,4.77,True,金 融 街,False
2023-06-16,196.285,198.142,196.285,196.749,114887.0,54801098.99999999,4.75,4.83,4.75,4.77,True,金 融 街,False
2023-06-19,196.517,196.749,193.267,193.499,128271.0,59389473.0,4.76,4.77,4.62,4.63,True,金 融 街,False
2023-06-20,193.499,193.963,191.642,192.106,114952.0,52533064.0,4.63,4.65,4.55,4.57,True,金 融 街,False
2023-06-21,191.642,192.339,190.714,190.714,119955.0,54099705.0,4.55,4.58,4.51,4.51,True,金 融 街,False
2023-06-26,190.714,190.714,188.392,188.857,118049.0,52295707.0,4.51,4.51,4.41,4.43,True,金 融 街,False
2023-06-27,188.857,192.106,188.857,191.178,86771.0,39307263.0,4.43,4.57,4.43,4.53,True,金 融 街,False
2023-06-28,191.642,191.642,190.017,191.178,59841.0,27107973.0,4.55,4.55,4.48,4.53,True,金 融 街,False
2023-06-29,191.178,191.178,189.785,190.017,56709.0,25405632.000000004,4.53,4.53,4.47,4.48,True,金 融 街,False
2023-06-30,190.249,192.339,190.249,190.946,73903.0,33404156.0,4.49,4.58,4.49,4.52,True,金 融 街,False
2023-07-03,191.41,192.571,191.178,192.106,73664.0,33664448.0,4.54,4.59,4.53,4.57,True,金 融 街,False
2023-07-04,192.339,192.339,190.481,191.874,63368.0,28895808.0,4.58,4.58,4.5,4.56,True,金 融 街,False
2023-07-05,191.41,192.571,190.946,191.642,52677.0,23968035.0,4.54,4.59,4.52,4.55,True,金 融 街,False
2023-07-06,191.178,192.571,190.714,191.874,76977.0,35101512.0,4.53,4.59,4.51,4.56,True,金 融 街,False
2023-07-07,191.41,192.571,191.41,191.874,64487.0,29406072.0,4.54,4.59,4.54,4.56,True,金 融 街,False
2023-07-10,192.106,192.339,191.178,191.642,62825.0,28585375.0,4.57,4.58,4.53,4.55,True,金 融 街,False
2023-07-11,192.339,192.803,191.874,192.339,63949.0,29288642.0,4.58,4.6,4.56,4.58,True,金 融 街,False
2023-07-12,192.455,192.687,191.062,191.294,63030.0,28489560.0,4.57,4.58,4.51,4.52,True,金 融 街,False
2023-07-13,191.294,192.455,191.294,192.222,53177.0,24248712.0,4.52,4.57,4.52,4.56,True,金 融 街,False
2023-07-14,192.455,192.687,191.758,192.222,49326.0,22492656.0,4.57,4.58,4.54,4.56,True,金 融 街,False
2023-07-17,190.598,190.83,188.508,190.598,91102.0,40904798.0,4.49,4.5,4.4,4.49,True,金 融 街,False
2023-07-18,190.598,191.526,189.669,191.062,73944.0,33348744.0,4.49,4.53,4.45,4.51,True,金 融 街,False
2023-07-19,190.83,192.455,190.598,192.455,84990.0,38840430.0,4.5,4.57,4.49,4.57,True,金 融 街,False
2023-07-20,192.687,194.544,191.99,193.615,154626.0,71437212.0,4.58,4.66,4.55,4.62,True,金 融 街,False
2023-07-21,192.919,195.008,192.687,194.312,122810.0,57106650.00000001,4.59,4.68,4.58,4.65,True,金 融 街,False
2023-07-24,194.776,195.24,193.151,194.776,113755.0,53123585.0,4.67,4.69,4.6,4.67,True,金 融 街,False
2023-07-25,195.472,199.186,195.24,198.722,280892.0,135951728.0,4.7,4.86,4.69,4.84,True,金 融 街,False
2023-07-26,198.258,201.275,197.794,200.579,315719.0,155333748.0,4.82,4.95,4.8,4.92,True,金 融 街,False
2023-07-27,199.186,203.597,198.258,201.275,332254.0,164465730.0,4.86,5.05,4.82,4.95,True,金 融 街,False
2023-07-28,201.275,203.829,200.811,203.365,293312.0,147829248.0,4.95,5.06,4.93,5.04,True,金 融 街,False
2023-07-31,203.597,207.311,203.597,206.15,439799.0,226936284.0,5.05,5.21,5.05,5.16,True,金 融 街,False
2023-08-01,205.918,206.614,203.829,204.525,315658.0,160669922.0,5.15,5.18,5.06,5.09,True,金 融 街,False
2023-08-02,204.757,207.543,204.525,206.15,311951.0,160966716.0,5.1,5.22,5.09,5.16,True,金 融 街,False
2023-08-03,206.15,207.311,204.293,206.847,225444.0,117005436.0,5.16,5.21,5.08,5.19,True,金 融 街,False
2023-08-04,208.239,208.704,205.918,206.382,216992.0,112184864.0,5.25,5.27,5.15,5.17,True,金 融 街,False
2023-08-07,205.918,205.918,203.597,204.757,243635.0,124253850.0,5.15,5.15,5.05,5.1,True,金 融 街,False
2023-08-08,204.525,205.222,202.668,203.133,147249.0,74066247.0,5.09,5.12,5.01,5.03,True,金 融 街,False
2023-08-09,203.133,204.293,202.436,202.668,102836.0,51520836.0,5.03,5.08,5.0,5.01,True,金 融 街,False
2023-08-10,202.9,203.829,201.972,202.668,88297.0,44236797.0,5.02,5.06,4.98,5.01,True,金 融 街,False
2023-08-11,203.597,204.061,201.043,201.74,125421.0,62334237.0,5.05,5.07,4.94,4.97,True,金 融 街,False
2023-08-14,201.043,201.043,198.722,200.347,122720.0,60255520.0,4.94,4.94,4.84,4.91,True,金 融 街,False
2023-08-15,200.347,200.811,198.49,199.651,95959.0,46827992.0,4.91,4.93,4.83,4.88,True,金 融 街,False
2023-08-16,198.954,203.133,198.49,201.74,157728.0,78390816.0,4.85,5.03,4.83,4.97,True,金 融 街,False
2023-08-17,200.811,202.204,200.115,200.579,110712.0,54470304.0,4.93,4.99,4.9,4.92,True,金 融 街,False
2023-08-18,201.043,202.204,198.954,198.954,139926.0,67864110.0,4.94,4.99,4.85,4.85,True,金 融 街,False
2023-08-21,198.722,200.347,196.633,196.865,145513.0,69264188.0,4.84,4.91,4.75,4.76,True,金 融 街,False
2023-08-22,197.097,197.794,195.704,196.633,102849.0,48853275.0,4.77,4.8,4.71,4.75,True,金 融 街,False
2023-08-23,196.401,197.329,195.24,195.24,92096.0,43193024.0,4.74,4.78,4.69,4.69,True,金 融 街,False
2023-08-24,195.472,196.169,193.847,194.079,105665.0,49028560.0,4.7,4.73,4.63,4.64,True,金 融 街,False
2023-08-25,194.544,196.633,194.079,195.24,109130.0,51181970.00000001,4.66,4.75,4.64,4.69,True,金 融 街,False
2023-08-28,205.454,205.454,199.186,200.115,368817.0,180720330.0,5.13,5.13,4.86,4.9,True,金 融 街,False
2023-08-29,199.418,202.668,198.49,202.204,296114.0,147760886.0,4.87,5.01,4.83,4.99,True,金 融 街,False
2023-08-30,201.74,202.436,199.418,199.418,147532.0,71848084.0,4.97,5.0,4.87,4.87,True,金 融 街,False
2023-08-31,199.651,200.347,193.151,193.151,276569.0,127221740.0,4.88,4.91,4.6,4.6,True,金 融 街,False
2023-09-01,194.312,195.008,192.687,192.919,153404.0,70412436.0,4.65,4.68,4.58,4.59,True,金 融 街,False
2023-09-04,194.079,195.008,193.615,194.079,155977.0,72373328.0,4.64,4.68,4.62,4.64,True,金 融 街,False
2023-09-05,194.079,194.079,191.526,191.758,164012.0,74461448.0,4.64,4.64,4.53,4.54,True,金 融 街,False
2023-09-06,191.99,193.383,191.062,192.687,153073.0,70107434.0,4.55,4.61,4.51,4.58,True,金 融 街,False
2023-09-07,192.687,193.847,191.062,191.294,160427.0,72513004.0,4.58,4.63,4.51,4.52,True,金 融 街,False
2023-09-08,191.294,191.99,189.901,190.365,125336.0,56150528.00000001,4.52,4.55,4.46,4.48,True,金 融 街,False
2023-09-11,191.294,191.526,189.901,190.83,185933.0,83669850.0,4.52,4.53,4.46,4.5,True,金 融 街,False
2023-09-12,190.83,191.062,189.901,190.133,134661.0,60193467.0,4.5,4.51,4.46,4.47,True,金 融 街,False
2023-09-13,190.365,191.062,188.741,189.205,236835.0,104917905.0,4.48,4.51,4.41,4.43,True,金 融 街,False
2023-09-14,189.437,189.669,188.508,189.205,145336.0,64383847.99999999,4.44,4.45,4.4,4.43,True,金 融 街,False
2023-09-15,189.669,190.365,189.205,189.205,130675.0,57889025.0,4.45,4.48,4.43,4.43,True,金 融 街,False
2023-09-18,189.205,189.669,187.812,189.205,183631.0,81348533.0,4.43,4.45,4.37,4.43,True,金 融 街,False
2023-09-19,189.205,189.669,188.741,189.205,108510.0,48069930.0,4.43,4.45,4.41,4.43,True,金 融 街,False
2023-09-20,189.205,190.133,188.276,189.437,133311.0,59190084.00000001,4.43,4.47,4.39,4.44,True,金 融 街,False
2023-09-21,189.205,190.83,188.973,189.901,151261.0,67462406.0,4.43,4.5,4.42,4.46,True,金 融 街,False
2023-09-22,189.669,191.062,189.205,190.83,136001.0,61200450.0,4.45,4.51,4.43,4.5,True,金 融 街,False
2023-09-25,190.83,190.83,188.276,188.973,183990.0,81323580.0,4.5,4.5,4.39,4.42,True,金 融 街,False
2023-09-26,188.741,189.205,188.276,188.508,85780.0,37743200.0,4.41,4.43,4.39,4.4,True,金 融 街,False
2023-09-27,188.508,188.741,187.58,187.58,146511.0,63878796.00000001,4.4,4.41,4.36,4.36,True,金 融 街,False
2023-09-28,187.58,188.044,187.348,187.58,88377.0,38532372.0,4.36,4.38,4.35,4.36,True,金 融 街,False
2023-10-09,187.58,187.58,182.705,183.169,283252.0,118116084.0,4.36,4.36,4.15,4.17,True,金 融 街,False
2023-10-10,183.402,184.098,182.705,182.937,113982.0,47416512.0,4.18,4.21,4.15,4.16,True,金 融 街,False
2023-10-11,182.937,183.402,182.009,182.241,116990.0,48316870.0,4.16,4.18,4.12,4.13,True,金 融 街,False
2023-10-12,182.705,185.259,182.241,184.562,173124.0,73231452.0,4.15,4.26,4.13,4.23,True,金 融 街,False
2023-10-13,184.098,184.794,183.634,184.098,84743.0,35676803.0,4.21,4.24,4.19,4.21,True,金 融 街,False
2023-10-16,184.098,184.794,182.009,182.937,146959.0,61134944.0,4.21,4.24,4.12,4.16,True,金 融 街,False
2023-10-17,183.169,183.169,182.009,182.473,72306.0,29934684.0,4.17,4.17,4.12,4.14,True,金 融 街,False
2023-10-18,182.009,182.473,179.92,180.152,109951.0,44420204.0,4.12,4.14,4.03,4.04,True,金 融 街,False
2023-10-19,180.616,181.312,179.223,179.223,93569.0,37427600.0,4.06,4.09,4.0,4.0,True,金 融 街,False
2023-10-20,179.92,181.777,179.223,180.848,127078.0,51720746.0,4.03,4.11,4.0,4.07,True,金 融 街,False
2023-10-23,180.616,180.616,177.83,178.063,131959.0,52123805.0,4.06,4.06,3.94,3.95,True,金 融 街,False
2023-10-24,178.527,180.384,178.295,180.152,143423.0,57942892.0,3.97,4.05,3.96,4.04,True,金 融 街,False
2023-10-25,180.848,181.777,180.616,180.616,111487.0,45263721.99999999,4.07,4.11,4.06,4.06,True,金 融 街,False
2023-10-26,180.384,180.616,179.455,179.92,86591.0,34896173.0,4.05,4.06,4.01,4.03,True,金 融 街,False
2023-10-27,179.92,181.312,179.687,181.08,110137.0,44935896.0,4.03,4.09,4.02,4.08,True,金 融 街,False
2023-10-30,180.616,181.777,180.152,181.312,114564.0,46856676.0,4.06,4.11,4.04,4.09,True,金 融 街,False
2023-10-31,181.08,182.241,179.92,182.009,140627.0,57938324.0,4.08,4.13,4.03,4.12,True,金 融 街,False
2023-11-01,181.777,182.009,180.848,181.08,86196.0,35167968.0,4.11,4.12,4.07,4.08,True,金 融 街,False
2023-11-02,181.08,182.473,181.08,181.777,99124.0,40739964.0,4.08,4.14,4.08,4.11,True,金 融 街,False
2023-11-03,181.544,182.241,179.92,180.152,123370.0,49841480.0,4.1,4.13,4.03,4.04,True,金 融 街,False
2023-11-06,180.384,182.473,180.152,181.777,130956.0,53822916.00000001,4.05,4.14,4.04,4.11,True,金 融 街,False
2023-11-07,181.777,182.705,181.312,182.009,111927.0,46113924.0,4.11,4.15,4.09,4.12,True,金 融 街,False
2023-11-08,182.009,183.402,181.777,182.241,108862.0,44960006.0,4.12,4.18,4.11,4.13,True,金 融 街,False
2023-11-09,182.241,183.402,181.777,182.009,103910.0,42810920.0,4.13,4.18,4.11,4.12,True,金 融 街,False
2023-11-10,181.544,182.009,179.92,180.384,102388.0,41467140.0,4.1,4.12,4.03,4.05,True,金 融 街,False
2023-11-13,180.616,181.544,179.92,181.312,99287.0,40608383.0,4.06,4.1,4.03,4.09,True,金 融 街,False
2023-11-14,181.08,182.705,181.08,182.473,100904.0,41774256.0,4.08,4.15,4.08,4.14,True,金 融 街,False
2023-11-15,183.169,183.169,181.777,182.009,86338.0,35571256.0,4.17,4.17,4.11,4.12,True,金 融 街,False
2023-11-16,181.777,182.473,180.848,181.777,105146.0,43215006.0,4.11,4.14,4.07,4.11,True,金 融 街,False
2023-11-17,181.544,182.009,180.616,181.08,90622.0,36973776.0,4.1,4.12,4.06,4.08,True,金 融 街,False
2023-11-20,181.08,181.777,180.384,181.544,97038.0,39785580.0,4.08,4.11,4.05,4.1,True,金 融 街,False
2023-11-21,181.777,183.866,181.544,183.169,186922.0,77946474.0,4.11,4.2,4.1,4.17,True,金 融 街,False
2023-11-22,182.937,184.794,182.705,182.705,176125.0,73091875.0,4.16,4.24,4.15,4.15,True,金 融 街,False
2023-11-23,183.169,184.794,181.544,184.33,200127.0,84453594.0,4.17,4.24,4.1,4.22,True,金 融 街,False
2023-11-24,184.562,185.259,183.634,184.098,130496.0,54938816.0,4.23,4.26,4.19,4.21,True,金 融 街,False
2023-11-27,183.634,184.33,181.312,181.544,166042.0,68077220.0,4.19,4.22,4.09,4.1,True,金 融 街,False
2023-11-28,181.544,181.777,180.616,180.848,123731.0,50358517.0,4.1,4.11,4.06,4.07,True,金 融 街,False
2023-11-29,181.08,181.312,178.527,178.759,158120.0,62931760.0,4.08,4.09,3.97,3.98,True,金 融 街,False
2023-11-30,178.991,179.455,178.063,178.527,154221.0,61225737.0,3.99,4.01,3.95,3.97,True,金 融 街,False
2023-12-01,178.527,179.687,177.83,178.527,175981.0,69864457.0,3.97,4.02,3.94,3.97,True,金 融 街,False
2023-12-04,178.759,179.223,177.134,177.598,200667.0,78862131.0,3.98,4.0,3.91,3.93,True,金 融 街,False
2023-12-05,177.598,177.598,175.973,175.973,129985.0,50174210.0,3.93,3.93,3.86,3.86,True,金 融 街,False
2023-12-06,176.206,176.67,175.277,175.741,147305.0,56712425.0,3.87,3.89,3.83,3.85,True,金 融 街,False
2023-12-07,176.206,177.598,175.741,177.134,180052.0,70400332.0,3.87,3.93,3.85,3.91,True,金 融 街,False
2023-12-08,176.902,177.366,174.813,175.277,304185.0,116502855.0,3.9,3.92,3.81,3.83,True,金 融 街,False
2023-12-11,174.813,174.813,172.027,173.884,264764.0,99816028.0,3.81,3.81,3.69,3.77,True,金 融 街,False
2023-12-12,173.884,176.438,173.652,176.206,243800.0,94350600.0,3.77,3.88,3.76,3.87,True,金 融 街,False
2023-12-13,175.509,175.973,174.581,174.581,130422.0,49560360.0,3.84,3.86,3.8,3.8,True,金 融 街,False
2023-12-14,174.813,175.741,174.348,174.581,135088.0,51333440.0,3.81,3.85,3.79,3.8,True,金 融 街,False
2023-12-15,175.045,176.67,174.813,175.509,178580.0,68574720.0,3.82,3.89,3.81,3.84,True,金 融 街,False
2023-12-18,175.045,176.438,173.652,173.884,166179.0,62649483.0,3.82,3.88,3.76,3.77,True,金 融 街,False
2023-12-19,173.42,173.884,171.331,172.027,159727.0,58939263.0,3.75,3.77,3.66,3.69,True,金 融 街,False
2023-12-20,172.027,172.491,170.402,170.402,122173.0,44226626.0,3.69,3.71,3.62,3.62,True,金 融 街,False
2023-12-21,170.402,171.795,169.474,171.331,131522.0,48137052.0,3.62,3.68,3.58,3.66,True,金 融 街,False
2023-12-22,171.795,172.027,169.938,170.402,150284.0,54402808.0,3.68,3.69,3.6,3.62,True,金 融 街,False
2023-12-25,170.634,170.867,169.474,169.938,112574.0,40526640.0,3.63,3.64,3.58,3.6,True,金 融 街,False
2023-12-26,169.706,170.17,168.545,168.777,104136.0,36968280.0,3.59,3.61,3.54,3.55,True,金 融 街,False
2023-12-27,168.777,169.706,168.545,169.474,84753.0,30341574.0,3.55,3.59,3.54,3.58,True,金 融 街,False
2023-12-28,169.242,171.795,168.545,171.563,154557.0,56722419.0,3.57,3.68,3.54,3.67,True,金 融 街,False
2023-12-29,171.099,171.795,170.17,170.634,136292.0,49473996.0,3.65,3.68,3.61,3.63,True,金 融 街,False
2024-01-02,170.402,170.634,169.009,169.242,159204.0,56835828.0,3.62,3.63,3.56,3.57,True,金 融 街,False
2024-01-03,169.009,170.17,169.009,169.938,125194.0,45069840.0,3.56,3.61,3.56,3.6,True,金 融 街,False
2024-01-04,169.938,169.938,168.313,169.009,115104.0,40977024.0,3.6,3.6,3.53,3.56,True,金 融 街,False
2024-01-05,169.009,170.634,168.545,169.242,204491.0,73003287.0,3.56,3.63,3.54,3.57,True,金 融 街,False
2024-01-08,169.474,169.706,166.688,166.92,179017.0,62118899.0,3.58,3.59,3.46,3.47,True,金 融 街,False
2024-01-09,166.688,168.313,166.456,167.385,118325.0,41295425.0,3.46,3.53,3.45,3.49,True,金 融 街,False
2024-01-10,167.152,168.313,166.456,167.385,104082.0,36324618.0,3.48,3.53,3.45,3.49,True,金 融 街,False
2024-01-11,167.385,168.777,166.92,168.545,112775.0,39922350.0,3.49,3.55,3.47,3.54,True,金 融 街,False
2024-01-12,168.081,169.706,167.849,168.545,128465.0,45476610.0,3.52,3.59,3.51,3.54,True,金 融 街,False
2024-01-15,168.545,169.474,166.92,168.777,124749.0,44285895.0,3.54,3.58,3.47,3.55,True,金 融 街,False
2024-01-16,168.777,169.474,166.456,167.385,187923.0,65585127.00000001,3.55,3.58,3.45,3.49,True,金 融 街,False
2024-01-17,166.92,167.152,164.831,164.831,140056.0,47338928.0,3.47,3.48,3.38,3.38,True,金 融 街,False
2024-01-18,164.599,164.831,162.278,164.367,180753.0,60733008.0,3.37,3.38,3.27,3.36,True,金 融 街,False
2024-01-19,164.599,165.992,164.367,164.599,123659.0,41673083.0,3.37,3.43,3.36,3.37,True,金 融 街,False
2024-01-22,164.367,164.367,160.189,160.189,164079.0,52177122.0,3.36,3.36,3.18,3.18,True,金 融 街,False
2024-01-23,160.189,161.581,158.796,161.117,164771.0,53056262.0,3.18,3.24,3.12,3.22,True,金 融 街,False
2024-01-24,161.581,165.063,161.117,165.063,232849.0,78935811.0,3.24,3.39,3.22,3.39,True,金 融 街,False
2024-01-25,165.528,169.474,165.295,169.242,246391.0,87961587.0,3.41,3.58,3.4,3.57,True,金 融 街,False
2024-01-26,169.706,173.42,169.474,171.563,325554.0,119478318.0,3.59,3.75,3.58,3.67,True,金 融 街,False
2024-01-29,172.724,172.956,169.242,169.474,224303.0,80300474.0,3.72,3.73,3.57,3.58,True,金 融 街,False
2024-01-30,169.242,169.938,166.688,166.92,205685.0,71372695.0,3.57,3.6,3.46,3.47,True,金 融 街,False
2024-01-31,166.456,167.617,162.974,163.438,222944.0,74017408.0,3.45,3.5,3.3,3.32,True,金 融 街,False
2024-02-01,162.742,163.671,160.653,161.581,239582.0,77624568.0,3.29,3.33,3.2,3.24,True,金 融 街,False
2024-02-02,161.581,164.831,158.332,160.189,259368.0,82479024.0,3.24,3.38,3.1,3.18,True,金 融 街,False
2024-02-05,160.653,160.653,153.225,154.617,333067.0,97921698.0,3.2,3.2,2.88,2.94,True,金 融 街,False
2024-02-06,153.689,159.492,151.832,158.796,366297.0,114284664.0,2.9,3.15,2.82,3.12,True,金 融 街,False
2024-02-07,158.332,163.438,158.332,162.742,413477.0,136033933.0,3.1,3.32,3.1,3.29,True,金 融 街,False
2024-02-08,162.51,170.402,162.278,170.402,363761.0,131681482.0,3.28,3.62,3.27,3.62,True,金 融 街,False
2024-02-19,172.027,172.027,164.599,165.992,457957.0,157079251.0,3.69,3.69,3.37,3.43,True,金 融 街,False
2024-02-20,165.76,166.456,164.367,165.295,275214.0,93572760.0,3.42,3.45,3.36,3.4,True,金 融 街,False
2024-02-21,164.367,169.474,163.671,166.92,346664.0,120292408.0,3.36,3.58,3.33,3.47,True,金 融 街,False
2024-02-22,166.224,167.152,165.295,166.224,224417.0,77199448.0,3.44,3.48,3.4,3.44,True,金 融 街,False
2024-02-23,166.224,166.688,164.831,166.456,229654.0,79230630.0,3.44,3.46,3.38,3.45,True,金 融 街,False
2024-02-26,165.992,166.688,164.599,165.528,223825.0,76324325.0,3.43,3.46,3.37,3.41,True,金 融 街,False
2024-02-27,165.063,166.688,164.831,166.688,200412.0,69342552.0,3.39,3.46,3.38,3.46,True,金 融 街,False
2024-02-28,166.456,168.081,164.831,165.295,336301.0,114342340.0,3.45,3.52,3.38,3.4,True,金 融 街,False
2024-02-29,164.831,166.224,164.599,165.992,221440.0,75953920.0,3.38,3.44,3.37,3.43,True,金 融 街,False
2024-03-01,165.992,166.92,164.831,165.528,202792.0,69152072.0,3.43,3.47,3.38,3.41,True,金 融 街,False
2024-03-04,165.295,165.528,163.438,164.135,186398.0,62443330.0,3.4,3.41,3.32,3.35,True,金 融 街,False
2024-03-05,163.671,163.903,162.046,163.671,195817.0,65207061.0,3.33,3.34,3.26,3.33,True,金 融 街,False
2024-03-06,162.974,163.671,162.278,162.742,118020.0,38828580.0,3.3,3.33,3.27,3.29,True,金 融 街,False
2024-03-07,162.51,163.438,161.581,161.813,174391.0,56677075.0,3.28,3.32,3.24,3.25,True,金 融 街,False
2024-03-08,161.813,162.278,160.421,161.349,142361.0,45982603.0,3.25,3.27,3.19,3.23,True,金 融 街,False
2024-03-11,161.349,163.206,161.349,162.974,131742.0,43474860.0,3.23,3.31,3.23,3.3,True,金 融 街,False
2024-03-12,162.974,166.456,162.51,165.528,260619.0,88871079.0,3.3,3.45,3.28,3.41,True,金 融 街,False
2024-03-13,165.295,165.295,163.206,163.903,177120.0,59158080.0,3.4,3.4,3.31,3.34,True,金 融 街,False
2024-03-14,163.903,165.295,163.438,164.599,152425.0,51367225.0,3.34,3.4,3.32,3.37,True,金 融 街,False
2024-03-15,164.135,164.831,163.671,164.599,105593.0,35584841.0,3.35,3.38,3.33,3.37,True,金 融 街,False
2024-03-18,164.367,164.831,163.671,164.831,128071.0,43287998.0,3.36,3.38,3.33,3.38,True,金 融 街,False
2024-03-19,164.599,164.831,163.438,163.671,126946.0,42273018.0,3.37,3.38,3.32,3.33,True,金 融 街,False
2024-03-20,163.438,164.135,162.974,163.671,141988.0,47282004.0,3.32,3.35,3.3,3.33,True,金 融 街,False
2024-03-21,163.438,164.599,162.974,163.206,167151.0,55326981.0,3.32,3.37,3.3,3.31,True,金 融 街,False
2024-03-22,163.206,163.438,160.189,160.885,216126.0,69376446.0,3.31,3.32,3.18,3.21,True,金 融 街,False
2024-03-25,160.885,162.742,159.956,160.653,217009.0,69442880.0,3.21,3.29,3.17,3.2,True,金 融 街,False
2024-03-26,160.421,162.046,160.421,161.581,220399.0,71409276.0,3.19,3.26,3.19,3.24,True,金 融 街,False
2024-03-27,161.581,161.813,159.724,159.724,197540.0,62422640.0,3.24,3.25,3.16,3.16,True,金 融 街,False
2024-03-28,159.956,160.421,159.028,159.492,167270.0,52690050.0,3.17,3.19,3.13,3.15,True,金 融 街,False
2024-03-29,159.26,159.26,157.867,158.564,167864.0,52205704.0,3.14,3.14,3.08,3.11,True,金 融 街,False
2024-04-01,158.332,159.956,158.099,159.492,148854.0,46889010.0,3.1,3.17,3.09,3.15,True,金 融 街,False
2024-04-02,159.492,160.421,158.796,159.724,176702.0,55837832.0,3.15,3.19,3.12,3.16,True,金 融 街,False
2024-04-03,159.26,159.492,158.332,158.564,139700.0,43446700.0,3.14,3.15,3.1,3.11,True,金 融 街,False
2024-04-08,158.099,158.564,156.475,156.475,160652.0,48516904.0,3.09,3.11,3.02,3.02,True,金 融 街,False
2024-04-09,156.475,157.867,156.242,157.635,130168.0,39961576.0,3.02,3.08,3.01,3.07,True,金 融 街,False
2024-04-10,157.403,157.635,155.546,156.242,149745.0,45073245.0,3.06,3.07,2.98,3.01,True,金 融 街,False
2024-04-11,155.778,156.939,155.082,156.01,128202.0,38460600.0,2.99,3.04,2.96,3.0,True,金 融 街,False
2024-04-12,156.707,157.171,154.617,155.314,192169.0,57074193.00000001,3.03,3.05,2.94,2.97,True,金 融 街,False
2024-04-15,154.385,155.314,151.832,153.457,251909.0,72801701.0,2.93,2.97,2.82,2.89,True,金 融 街,False
2024-04-16,152.993,153.457,151.368,151.6,191882.0,53918842.0,2.87,2.89,2.8,2.81,True,金 融 街,False
2024-04-17,151.832,153.921,151.832,153.457,198947.0,57495683.0,2.82,2.91,2.82,2.89,True,金 融 街,False
2024-04-18,153.457,153.689,151.832,152.064,223274.0,63186542.0,2.89,2.9,2.82,2.83,True,金 融 街,False
2024-04-19,151.6,152.064,150.439,150.671,212891.0,58970807.0,2.81,2.83,2.76,2.77,True,金 融 街,False
2024-04-22,150.903,152.296,150.671,151.136,186561.0,52050519.0,2.78,2.84,2.77,2.79,True,金 融 街,False
2024-04-23,150.903,151.368,149.743,149.975,185419.0,50804806.00000001,2.78,2.8,2.73,2.74,True,金 融 街,False
2024-04-24,149.975,150.207,148.814,149.511,161738.0,43992736.0,2.74,2.75,2.69,2.72,True,金 融 街,False
2024-04-25,149.046,150.439,148.582,149.743,183504.0,50096592.0,2.7,2.76,2.68,2.73,True,金 融 街,False
2024-04-26,149.278,152.528,148.814,152.296,344969.0,97971196.0,2.71,2.85,2.69,2.84,True,金 融 街,False
2024-04-29,152.76,158.564,152.064,157.635,537719.0,165079733.0,2.86,3.11,2.83,3.07,True,金 融 街,False
2024-04-30,157.171,158.564,156.475,158.099,508008.0,156974472.0,3.05,3.11,3.02,3.09,True,金 融 街,False
2024-05-06,159.724,160.885,157.171,157.403,482331.0,147593286.0,3.16,3.21,3.05,3.06,True,金 融 街,False
2024-05-07,157.171,158.796,155.778,157.403,426455.0,130495230.0,3.05,3.12,2.99,3.06,True,金 融 街,False
2024-05-08,156.707,156.939,154.385,154.617,258282.0,75934908.0,3.03,3.04,2.93,2.94,True,金 融 街,False
2024-05-09,155.314,156.01,153.921,154.85,325257.0,95950815.0,2.97,3.0,2.91,2.95,True,金 融 街,False
2024-05-10,154.85,158.099,154.153,157.171,509665.0,155447825.0,2.95,3.09,2.92,3.05,True,金 融 街,False
2024-05-13,156.475,156.475,154.85,155.778,280305.0,83811195.0,3.02,3.02,2.95,2.99,True,金 融 街,False
2024-05-14,156.01,157.171,155.082,155.778,255184.0,76300016.0,3.0,3.05,2.96,2.99,True,金 融 街,False
2024-05-15,155.314,157.635,155.314,156.475,378959.0,114445618.0,2.97,3.07,2.97,3.02,True,金 融 街,False
2024-05-16,155.778,159.956,155.778,159.028,759976.0,237872488.0,2.99,3.17,2.99,3.13,True,金 融 街,False
2024-05-17,159.724,165.76,158.564,165.76,1222342.0,418040964.0,3.16,3.42,3.11,3.42,True,金 融 街,False
2024-05-20,164.831,165.063,161.581,162.046,1137118.0,370700468.0,3.38,3.39,3.24,3.26,True,金 融 街,False
2024-05-21,161.581,163.438,161.349,162.51,505298.0,165737744.0,3.24,3.32,3.23,3.28,True,金 融 街,False
2024-05-22,162.046,167.617,161.813,165.063,1178041.0,399355899.0,3.26,3.5,3.25,3.39,True,金 融 街,False
2024-05-23,163.903,164.367,161.581,162.51,643132.0,210947296.0,3.34,3.36,3.24,3.28,True,金 融 街,False
2024-05-24,162.742,162.974,160.189,160.421,356264.0,113648216.0,3.29,3.3,3.18,3.19,True,金 融 街,False
2024-05-27,159.956,160.421,157.635,159.492,369565.0,116412975.0,3.17,3.19,3.07,3.15,True,金 融 街,False
2024-05-28,159.956,160.885,157.403,157.635,319160.0,97982120.0,3.17,3.21,3.06,3.07,True,金 融 街,False
2024-05-29,157.403,159.26,157.171,157.867,269145.0,82896660.0,3.06,3.14,3.05,3.08,True,金 融 街,False
2024-05-30,157.171,157.403,155.546,156.01,271318.0,81395400.0,3.05,3.06,2.98,3.0,True,金 融 街,False
2024-05-31,156.01,156.475,154.85,155.082,225503.0,66748888.0,3.0,3.02,2.95,2.96,True,金 融 街,False
2024-06-03,154.617,154.85,151.136,151.832,483230.0,136270860.0,2.94,2.95,2.79,2.82,True,金 融 街,False
2024-06-04,151.832,153.457,150.671,152.993,409125.0,117418875.0,2.82,2.89,2.77,2.87,True,金 融 街,False
2024-06-05,152.296,152.528,150.903,150.903,247606.0,68834468.0,2.84,2.85,2.78,2.78,True,金 融 街,False
2024-06-06,150.671,151.6,148.35,149.278,340489.0,92272519.0,2.77,2.81,2.67,2.71,True,金 融 街,False
2024-06-07,150.207,151.368,149.511,151.136,320825.0,89510175.0,2.75,2.8,2.72,2.79,True,金 融 街,False
2024-06-11,151.368,151.368,149.511,149.975,261704.0,71706896.0,2.8,2.8,2.72,2.74,True,金 融 街,False
2024-06-12,149.975,150.207,148.814,149.278,254645.0,69008795.0,2.74,2.75,2.69,2.71,True,金 融 街,False
2024-06-13,149.511,149.975,146.957,147.421,381297.0,100281111.0,2.72,2.74,2.61,2.63,True,金 融 街,False
2024-06-14,147.421,148.582,146.493,147.886,481353.0,127558545.0,2.63,2.68,2.59,2.65,True,金 融 街,False
2024-06-17,147.189,147.421,145.797,146.261,421717.0,108802986.0,2.62,2.63,2.56,2.58,True,金 融 街,False
2024-06-18,146.493,146.957,145.332,145.564,325662.0,83043810.0,2.59,2.61,2.54,2.55,True,金 融 街,False
2024-06-19,145.332,145.797,144.636,144.868,247929.0,62478108.0,2.54,2.56,2.51,2.52,True,金 融 街,False
2024-06-20,144.404,144.636,142.779,142.779,280522.0,68166846.0,2.5,2.51,2.43,2.43,True,金 融 街,False
2024-06-21,143.475,143.94,143.011,143.243,243161.0,59574445.00000001,2.46,2.48,2.44,2.45,True,金 融 街,False
2024-06-24,143.243,143.243,140.922,140.922,280731.0,65971785.0,2.45,2.45,2.35,2.35,True,金 融 街,False
2024-06-25,140.922,142.779,140.458,141.85,289266.0,69134574.0,2.35,2.43,2.33,2.39,True,金 融 街,False
2024-06-26,141.85,143.243,141.386,143.011,258136.0,62985184.0,2.39,2.45,2.37,2.44,True,金 融 街,False
2024-06-27,143.707,143.94,141.618,141.85,215552.0,51516928.0,2.47,2.48,2.38,2.39,True,金 融 街,False
2024-06-28,141.618,142.315,140.458,140.922,239280.0,56230800.0,2.38,2.41,2.33,2.35,True,金 融 街,False
2024-07-01,140.69,143.243,140.458,143.011,330085.0,80540740.0,2.34,2.45,2.33,2.44,True,金 融 街,False
2024-07-02,142.547,144.636,142.315,143.243,314205.0,76980225.0,2.42,2.51,2.41,2.45,True,金 融 街,False
2024-07-03,143.475,144.636,142.779,143.94,260677.0,64647896.0,2.46,2.51,2.43,2.48,True,金 融 街,False
2024-07-04,143.94,144.172,141.386,141.618,262711.0,62525218.0,2.48,2.49,2.37,2.38,True,金 融 街,False
2024-07-05,141.386,142.082,140.69,141.618,217825.0,51842350.0,2.37,2.4,2.34,2.38,True,金 融 街,False
2024-07-08,139.297,139.529,137.208,137.672,503646.0,111305766.0,2.28,2.29,2.19,2.21,True,金 融 街,False
2024-07-09,137.44,138.136,136.279,137.44,346897.0,76317340.0,2.2,2.23,2.15,2.2,True,金 融 街,False
2024-07-10,137.44,138.368,136.047,137.208,248505.0,54422595.0,2.2,2.24,2.14,2.19,True,金 融 街,False
2024-07-11,138.136,139.529,137.672,139.297,253557.0,57810995.99999999,2.23,2.29,2.21,2.28,True,金 融 街,False
2024-07-12,139.065,142.082,139.065,140.69,346189.0,81008226.0,2.27,2.4,2.27,2.34,True,金 融 街,False
2024-07-15,140.458,140.69,138.368,139.065,220611.0,50078697.0,2.33,2.34,2.24,2.27,True,金 融 街,False
2024-07-16,138.833,139.761,138.601,139.065,169921.0,38572067.0,2.26,2.3,2.25,2.27,True,金 融 街,False
2024-07-17,139.065,140.69,139.065,139.761,224641.0,51667429.99999999,2.27,2.34,2.27,2.3,True,金 融 街,False
2024-07-18,139.761,140.225,138.833,140.225,184845.0,42884040.0,2.3,2.32,2.26,2.32,True,金 融 街,False
2024-07-19,139.761,139.993,138.136,138.833,198377.0,44833201.99999999,2.3,2.31,2.23,2.26,True,金 融 街,False
2024-07-22,138.833,139.297,138.136,138.833,124304.0,28092704.0,2.26,2.28,2.23,2.26,True,金 融 街,False
2024-07-23,138.601,139.993,137.904,137.904,170021.0,37744662.0,2.25,2.31,2.22,2.22,True,金 融 街,False
2024-07-24,138.136,138.136,136.279,136.279,231004.0,49665860.0,2.23,2.23,2.15,2.15,True,金 融 街,False
2024-07-25,136.047,136.976,135.583,136.279,174797.0,37581355.0,2.14,2.18,2.12,2.15,True,金 融 街,False
2024-07-26,136.511,137.672,136.279,136.976,180899.0,39435982.0,2.16,2.21,2.15,2.18,True,金 融 街,False
2024-07-29,136.976,137.208,135.119,136.511,242659.0,52414344.0,2.18,2.19,2.1,2.16,True,金 融 街,False
2024-07-30,136.743,137.904,136.279,137.672,269356.0,59527676.0,2.17,2.22,2.15,2.21,True,金 融 街,False
2024-07-31,137.44,139.529,137.208,139.529,364861.0,83553169.0,2.2,2.29,2.19,2.29,True,金 融 街,False
2024-08-01,139.761,139.993,138.368,138.368,235822.0,52824128.00000001,2.3,2.31,2.24,2.24,True,金 融 街,False
2024-08-02,138.136,139.297,137.904,138.136,268773.0,59936379.0,2.23,2.28,2.22,2.23,True,金 融 街,False
2024-08-05,138.136,139.529,137.44,137.672,313400.0,69261400.0,2.23,2.29,2.2,2.21,True,金 融 街,False
2024-08-06,138.368,139.297,137.904,139.065,250630.0,56893010.0,2.24,2.28,2.22,2.27,True,金 融 街,False
2024-08-07,138.833,139.065,137.672,138.136,248424.0,55398552.0,2.26,2.27,2.21,2.23,True,金 融 街,False
2024-08-08,138.368,140.922,137.904,139.529,400274.0,91662746.0,2.24,2.35,2.22,2.29,True,金 融 街,False
2024-08-09,139.529,144.868,139.297,141.85,1240301.0,296431939.0,2.29,2.52,2.28,2.39,True,金 融 街,False
2024-08-12,141.618,142.547,139.065,139.529,640973.0,146782817.0,2.38,2.42,2.27,2.29,True,金 融 街,False
2024-08-13,139.529,139.529,138.136,138.833,330825.0,74766450.0,2.29,2.29,2.23,2.26,True,金 融 街,False
2024-08-14,139.065,139.297,138.368,138.368,255834.0,57306816.00000001,2.27,2.28,2.24,2.24,True,金 融 街,False
2024-08-15,138.368,139.993,137.672,139.993,487527.0,112618737.0,2.24,2.31,2.21,2.31,True,金 融 街,False
2024-08-16,139.529,140.225,137.904,138.136,442257.0,98623311.0,2.29,2.32,2.22,2.23,True,金 融 街,False
2024-08-19,137.672,138.136,136.511,137.208,374770.0,82074630.0,2.21,2.23,2.16,2.19,True,金 融 街,False
2024-08-20,137.44,137.672,136.511,136.743,263188.0,57111796.0,2.2,2.21,2.16,2.17,True,金 融 街,False
2024-08-21,136.511,136.976,135.815,136.279,188699.0,40570285.0,2.16,2.18,2.13,2.15,True,金 融 街,False
2024-08-22,136.511,137.208,135.351,135.815,236893.0,50458209.0,2.16,2.19,2.11,2.13,True,金 融 街,False
2024-08-23,135.351,135.815,134.19,134.654,268889.0,55928912.0,2.11,2.13,2.06,2.08,True,金 融 街,False
2024-08-26,134.422,135.815,134.19,135.119,221005.0,46411050.0,2.07,2.13,2.06,2.1,True,金 融 街,False
2024-08-27,135.119,135.351,132.565,132.797,404874.0,80974800.0,2.1,2.11,1.99,2.0,True,金 融 街,False
2024-08-28,132.797,133.029,132.101,132.333,252421.0,49979358.0,2.0,2.01,1.97,1.98,True,金 融 街,False
2024-08-29,132.101,133.029,131.637,132.565,191055.0,38019945.0,1.97,2.01,1.95,1.99,True,金 融 街,False
2024-08-30,132.565,136.976,132.101,135.583,630688.0,133705856.0,1.99,2.18,1.97,2.12,True,金 融 街,False
2024-09-02,135.119,135.815,134.19,134.422,303014.0,62723897.99999999,2.1,2.13,2.06,2.07,True,金 融 街,False
2024-09-03,134.19,136.047,134.19,135.351,258411.0,54524721.0,2.06,2.14,2.06,2.11,True,金 融 街,False
2024-09-04,134.886,136.511,134.19,134.422,213301.0,44153307.0,2.09,2.16,2.06,2.07,True,金 融 街,False
2024-09-05,135.351,136.976,134.886,136.511,426179.0,92054664.0,2.11,2.18,2.09,2.16,True,金 融 街,False
2024-09-06,136.047,136.976,135.815,136.047,270418.0,57869452.0,2.14,2.18,2.13,2.14,True,金 融 街,False
2024-09-09,135.815,136.743,135.119,135.815,186592.0,39744096.0,2.13,2.17,2.1,2.13,True,金 融 街,False
2024-09-10,136.047,136.047,134.19,134.886,215596.0,45059564.0,2.14,2.14,2.06,2.09,True,金 融 街,False
2024-09-11,134.654,135.119,133.958,134.422,145506.0,30119742.0,2.08,2.1,2.05,2.07,True,金 融 街,False
2024-09-12,134.654,135.351,134.19,134.886,127243.0,26593787.0,2.08,2.11,2.06,2.09,True,金 融 街,False
2024-09-13,134.654,135.815,134.422,135.119,187652.0,39406920.0,2.08,2.13,2.07,2.1,True,金 融 街,False
2024-09-18,134.886,136.743,134.19,136.047,239070.0,51160980.0,2.09,2.17,2.06,2.14,True,金 融 街,False
2024-09-19,136.511,138.833,136.047,138.136,413494.0,92209162.0,2.16,2.26,2.14,2.23,True,金 融 街,False
2024-09-20,137.672,139.297,137.208,139.065,425049.0,96486123.0,2.21,2.28,2.19,2.27,True,金 融 街,False
2024-09-23,138.601,139.529,137.904,138.833,254689.0,57559713.99999999,2.25,2.29,2.22,2.26,True,金 融 街,False
2024-09-24,139.761,142.547,138.601,141.85,744836.0,178015804.0,2.3,2.42,2.25,2.39,True,金 融 街,False
2024-09-25,145.564,147.421,145.564,147.421,558160.0,146796080.0,2.55,2.63,2.55,2.63,True,金 融 街,False
2024-09-26,149.046,153.457,147.421,153.457,1843292.0,532711388.0,2.7,2.89,2.63,2.89,True,金 融 街,False
2024-09-27,160.189,160.189,160.189,160.189,237015.0,75370770.0,3.18,3.18,3.18,3.18,True,金 融 街,False
2024-09-30,167.617,167.617,167.617,167.617,128999.0,45149650.0,3.5,3.5,3.5,3.5,True,金 融 街,False
2024-10-08,175.741,175.741,167.849,175.741,2295142.0,883629670.0,3.85,3.85,3.51,3.85,True,金 融 街,False
2024-10-09,169.938,175.741,166.92,166.92,3432918.0,1191222546.0,3.6,3.85,3.47,3.47,True,金 融 街,False
2024-10-10,165.295,166.92,159.028,160.885,2065473.0,663016833.0,3.4,3.47,3.13,3.21,True,金 融 街,False
2024-10-11,159.956,165.528,159.492,162.046,1654714.0,539436764.0,3.17,3.41,3.15,3.26,True,金 融 街,False
2024-10-14,163.903,165.295,159.26,162.278,1724269.0,563835963.0,3.34,3.4,3.14,3.27,True,金 融 街,False
2024-10-15,160.189,163.438,159.26,159.492,1294792.0,407859480.0,3.18,3.32,3.14,3.15,True,金 融 街,False
2024-10-16,161.349,166.92,161.117,166.92,2113920.0,733530240.0,3.23,3.47,3.22,3.47,True,金 融 街,False
2024-10-17,167.617,168.081,159.724,160.421,2458802.0,784357838.0,3.5,3.52,3.16,3.19,True,金 融 街,False
2024-10-18,159.028,163.206,157.635,161.581,1562609.0,506285316.00000006,3.13,3.31,3.07,3.24,True,金 融 街,False
2024-10-21,161.117,162.974,159.724,160.421,1049550.0,334806450.0,3.22,3.3,3.16,3.19,True,金 融 街,False
2024-10-22,159.956,161.581,159.724,160.653,714984.0,228794880.0,3.17,3.24,3.16,3.2,True,金 融 街,False
2024-10-23,160.421,162.742,159.724,161.813,1035850.0,336651250.0,3.19,3.29,3.16,3.25,True,金 融 街,False
2024-10-24,161.117,165.528,160.653,161.349,1050314.0,339251422.0,3.22,3.41,3.2,3.23,True,金 融 街,False
2024-10-25,161.349,164.831,161.349,162.742,1108191.0,364594839.0,3.23,3.38,3.23,3.29,True,金 融 街,False
2024-10-28,162.278,165.528,162.278,165.063,1231307.0,417413073.0,3.27,3.41,3.27,3.39,True,金 融 街,False
2024-10-29,163.671,165.76,161.581,161.813,973714.0,316457050.0,3.33,3.42,3.24,3.25,True,金 融 街,False
2024-10-30,161.581,166.92,161.349,164.599,1265697.0,426539889.0,3.24,3.47,3.23,3.37,True,金 融 街,False
2024-10-31,163.438,172.259,163.206,169.242,1852315.0,661276455.0,3.32,3.7,3.31,3.57,True,金 融 街,False
2024-11-01,167.849,171.099,165.992,167.617,1286370.0,450229500.0,3.51,3.65,3.43,3.5,True,金 融 街,False
2024-11-04,168.545,169.009,164.367,166.688,786398.0,272093708.0,3.54,3.56,3.36,3.46,True,金 融 街,False
2024-11-05,166.224,174.581,165.295,172.724,1462999.0,544235628.0,3.44,3.8,3.4,3.72,True,金 融 街,False
2024-11-06,171.795,181.312,168.777,179.687,2466053.0,991353306.0,3.68,4.09,3.55,4.02,True,金 融 街,False
2024-11-07,177.134,188.973,176.67,188.973,2074427.0,916896734.0,3.91,4.42,3.89,4.42,True,金 融 街,False
2024-11-08,195.472,195.704,182.705,183.634,3003894.0,1258631586.0,4.7,4.71,4.15,4.19,True,金 融 街,False
2024-11-11,180.616,183.402,177.134,179.223,1540897.0,616358800.0,4.06,4.18,3.91,4.0,True,金 融 街,False
2024-11-12,178.527,181.777,175.973,177.134,991759.0,387777769.0,3.97,4.11,3.86,3.91,True,金 融 街,False
2024-11-13,176.438,183.402,174.581,180.152,1284305.0,518859220.0,3.88,4.18,3.8,4.04,True,金 融 街,False
2024-11-14,182.473,182.705,173.884,174.116,1062968.0,401801904.0,4.14,4.15,3.77,3.78,True,金 融 街,False
2024-11-15,173.652,174.813,169.009,169.242,807766.0,288372462.0,3.76,3.81,3.56,3.57,True,金 融 街,False
2024-11-18,172.724,177.598,172.491,177.598,1574824.0,618905832.0,3.72,3.93,3.71,3.93,True,金 融 街,False
2024-11-19,175.045,176.206,170.17,174.348,1695372.0,642545988.0,3.82,3.87,3.61,3.79,True,金 融 街,False
2024-11-20,172.956,177.366,171.563,176.206,1138467.0,440586729.0,3.73,3.92,3.67,3.87,True,金 融 街,False
2024-11-21,175.045,178.295,173.42,177.598,1097759.0,431419287.0,3.82,3.96,3.75,3.93,True,金 融 街,False
2024-11-22,176.438,180.384,175.045,176.438,1226127.0,475737276.0,3.88,4.05,3.82,3.88,True,金 融 街,False
2024-11-25,175.045,177.134,171.563,173.652,772112.0,290314112.0,3.82,3.91,3.67,3.76,True,金 融 街,False
2024-11-26,172.956,175.045,172.491,173.652,557077.0,209460952.0,3.73,3.82,3.71,3.76,True,金 融 街,False
2024-11-27,172.724,174.581,170.867,174.348,566204.0,214591316.0,3.72,3.8,3.64,3.79,True,金 融 街,False
2024-11-28,174.348,183.169,173.652,180.384,1867783.0,756452115.0,3.79,4.17,3.76,4.05,True,金 融 街,False
2024-11-29,178.759,182.937,178.063,179.223,1471106.0,588442400.0,3.98,4.16,3.95,4.0,True,金 融 街,False
2024-12-02,179.223,183.866,177.598,180.848,1278833.0,520485031.00000006,4.0,4.2,3.93,4.07,True,金 融 街,False
2024-12-03,180.152,181.312,178.295,180.616,1005954.0,408417324.0,4.04,4.09,3.96,4.06,True,金 融 街,False
2024-12-04,180.152,180.384,176.438,176.67,789643.0,307171127.0,4.04,4.05,3.88,3.89,True,金 融 街,False
2024-12-05,176.206,177.83,174.581,177.366,707820.0,277465440.0,3.87,3.94,3.8,3.92,True,金 融 街,False
2024-12-06,177.134,183.169,176.902,180.152,1352417.0,546376468.0,3.91,4.17,3.9,4.04,True,金 融 街,False
2024-12-09,179.455,182.937,176.902,179.687,1211379.0,486974358.0,4.01,4.16,3.9,4.02,True,金 融 街,False
2024-12-10,188.973,188.973,181.08,181.312,2287531.0,935600179.0,4.42,4.42,4.08,4.09,True,金 融 街,False
2024-12-11,179.687,183.634,178.991,182.009,1615849.0,665729788.0,4.02,4.19,3.99,4.12,True,金 融 街,False
2024-12-12,181.777,184.33,180.848,182.937,1146647.0,477005152.0,4.11,4.22,4.07,4.16,True,金 融 街,False
2024-12-13,181.08,182.473,177.598,177.598,1360296.0,534596328.0,4.08,4.14,3.93,3.93,True,金 融 街,False
2024-12-16,176.902,177.598,173.884,174.581,801309.0,304497420.0,3.9,3.93,3.77,3.8,True,金 融 街,False
2024-12-17,175.045,175.509,171.563,172.259,578873.0,214183010.0,3.82,3.84,3.67,3.7,True,金 融 街,False
2024-12-18,174.348,174.348,172.259,172.724,419238.0,155956536.0,3.79,3.79,3.7,3.72,True,金 融 街,False
2024-12-19,171.331,172.027,169.706,170.867,453838.0,165197032.0,3.66,3.69,3.59,3.64,True,金 融 街,False
2024-12-20,170.402,171.563,170.17,171.331,335869.0,122928054.0,3.62,3.67,3.61,3.66,True,金 融 街,False
2024-12-23,171.099,171.099,166.456,167.152,486285.0,169227180.0,3.65,3.65,3.45,3.48,True,金 融 街,False
2024-12-24,166.456,169.938,165.76,168.545,404638.0,143241852.0,3.45,3.6,3.42,3.54,True,金 融 街,False
2024-12-25,168.313,168.545,165.76,166.92,369442.0,128196374.0,3.53,3.54,3.42,3.47,True,金 融 街,False
2024-12-26,166.92,168.313,166.688,167.152,237169.0,82534812.0,3.47,3.53,3.46,3.48,True,金 融 街,False
2024-12-27,167.152,168.777,166.92,167.849,326758.0,114692058.0,3.48,3.55,3.47,3.51,True,金 融 街,False
2024-12-30,169.009,169.706,165.063,165.295,373741.0,127071940.0,3.56,3.59,3.39,3.4,True,金 融 街,False
2024-12-31,165.295,166.224,162.046,162.046,365056.0,119008256.0,3.4,3.44,3.26,3.26,True,金 融 街,False
2025-01-02,162.046,164.367,159.956,162.278,455085.0,148812795.0,3.26,3.36,3.17,3.27,True,金 融 街,False
2025-01-03,162.278,163.206,160.653,160.885,404346.0,129795066.0,3.27,3.31,3.2,3.21,True,金 融 街,False
2025-01-06,160.189,160.653,158.796,159.956,301880.0,95695960.0,3.18,3.2,3.12,3.17,True,金 融 街,False
2025-01-07,159.724,160.653,158.796,160.653,223049.0,71375680.0,3.16,3.2,3.12,3.2,True,金 融 街,False
2025-01-08,160.189,160.653,157.171,159.028,303705.0,95059665.0,3.18,3.2,3.05,3.13,True,金 融 街,False
2025-01-09,158.796,159.956,158.332,159.26,222750.0,69943500.0,3.12,3.17,3.1,3.14,True,金 融 街,False
2025-01-10,159.492,159.956,156.01,156.01,263298.0,78989400.0,3.15,3.17,3.0,3.0,True,金 融 街,False
2025-01-13,155.082,157.171,153.921,157.171,294914.0,89948770.0,2.96,3.05,2.91,3.05,True,金 融 街,False
2025-01-14,156.939,159.26,156.707,159.028,348256.0,109004128.0,3.04,3.14,3.03,3.13,True,金 融 街,False
2025-01-15,159.028,160.885,157.635,159.956,436148.0,138258916.0,3.13,3.21,3.07,3.17,True,金 融 街,False
2025-01-16,160.189,161.813,159.028,159.492,267727.0,84334005.0,3.18,3.25,3.13,3.15,True,金 融 街,False
2025-01-17,158.796,162.51,158.099,160.421,488142.0,155717298.0,3.12,3.28,3.09,3.19,True,金 融 街,False
2025-01-20,160.421,162.278,158.564,161.117,407234.0,131129348.0,3.19,3.27,3.11,3.22,True,金 融 街,False
2025-01-21,161.117,164.367,159.956,161.581,756486.0,245101464.00000003,3.22,3.36,3.17,3.24,True,金 融 街,False
2025-01-22,160.885,161.349,158.332,159.956,531732.0,168559044.0,3.21,3.23,3.1,3.17,True,金 融 街,False
2025-01-23,160.653,162.742,160.653,161.117,452315.0,145645430.0,3.2,3.29,3.2,3.22,True,金 融 街,False
2025-01-24,156.939,158.796,155.082,155.778,768103.0,229662797.00000003,3.04,3.12,2.96,2.99,True,金 融 街,False
2025-01-27,156.242,158.099,156.01,156.475,365864.0,110490928.0,3.01,3.09,3.0,3.02,True,金 融 街,False
2025-02-05,157.171,157.403,156.01,157.171,229905.0,70121025.0,3.05,3.06,3.0,3.05,True,金 融 街,False
2025-02-06,156.939,157.635,156.242,157.403,270782.0,82859292.0,3.04,3.07,3.01,3.06,True,金 融 街,False
2025-02-07,157.403,159.956,156.707,159.028,426009.0,133340817.0,3.06,3.17,3.03,3.13,True,金 融 街,False
2025-02-10,159.492,160.421,158.564,160.421,321422.0,102533618.0,3.15,3.19,3.11,3.19,True,金 融 街,False
2025-02-11,160.653,161.349,157.867,158.332,330623.0,102493130.0,3.2,3.23,3.08,3.1,True,金 融 街,False
2025-02-12,158.564,160.421,157.171,160.421,468274.0,149379406.0,3.11,3.19,3.05,3.19,True,金 融 街,False
2025-02-13,159.492,163.671,158.796,162.046,846697.0,276023222.0,3.15,3.33,3.12,3.26,True,金 融 街,False
2025-02-14,162.046,162.046,159.26,159.724,460373.0,145477868.0,3.26,3.26,3.14,3.16,True,金 融 街,False
2025-02-17,159.956,161.581,158.796,160.653,436904.0,139809280.0,3.17,3.24,3.12,3.2,True,金 融 街,False
2025-02-18,160.653,160.885,157.635,158.099,359140.0,110974260.0,3.2,3.21,3.07,3.09,True,金 融 街,False
2025-02-19,157.867,158.564,157.635,158.099,264738.0,81804042.0,3.08,3.11,3.07,3.09,True,金 融 街,False
2025-02-20,158.796,159.724,157.403,158.796,315164.0,98331168.0,3.12,3.16,3.06,3.12,True,金 融 街,False
2025-02-21,159.028,159.26,156.939,157.867,357665.0,110160820.0,3.13,3.14,3.04,3.08,True,金 融 街,False
2025-02-24,158.099,160.885,157.635,158.796,438891.0,136933992.0,3.09,3.21,3.07,3.12,True,金 融 街,False
2025-02-25,158.332,159.26,157.635,157.867,351103.0,108139724.0,3.1,3.14,3.07,3.08,True,金 融 街,False
2025-02-26,158.099,159.956,157.635,159.724,473521.0,149632636.0,3.09,3.17,3.07,3.16,True,金 融 街,False
2025-02-27,159.26,161.117,158.796,159.956,364110.0,115422870.0,3.14,3.22,3.12,3.17,True,金 融 街,False
2025-02-28,159.492,160.421,156.939,157.171,574778.0,175307290.0,3.15,3.19,3.04,3.05,True,金 融 街,False
2025-03-03,157.171,158.796,157.171,157.635,353567.0,108545069.0,3.05,3.12,3.05,3.07,True,金 融 街,False
2025-03-04,157.171,157.403,156.242,157.171,298896.0,91163280.0,3.05,3.06,3.01,3.05,True,金 融 街,False
2025-03-05,157.171,157.171,155.314,156.475,308920.0,93293840.0,3.05,3.05,2.97,3.02,True,金 融 街,False
2025-03-06,156.475,158.099,156.01,158.099,392278.0,121213902.0,3.02,3.09,3.0,3.09,True,金 融 街,False
2025-03-07,157.635,157.867,155.778,156.01,317815.0,95344500.0,3.07,3.08,2.99,3.0,True,金 融 街,False
2025-03-10,156.01,157.403,155.546,156.707,297171.0,90042813.0,3.0,3.06,2.98,3.03,True,金 融 街,False
2025-03-11,156.242,156.242,155.314,156.242,165110.0,49698110.0,3.01,3.01,2.97,3.01,True,金 融 街,False
2025-03-12,156.242,156.475,155.546,156.01,151708.0,45512400.0,3.01,3.02,2.98,3.0,True,金 融 街,False
2025-03-13,155.778,156.242,155.082,155.314,192545.0,57185865.00000001,2.99,3.01,2.96,2.97,True,金 融 街,False
2025-03-14,155.314,156.939,155.314,156.939,358778.0,109068512.0,2.97,3.04,2.97,3.04,True,金 融 街,False
2025-03-17,156.939,158.332,156.939,157.635,380753.0,116891171.0,3.04,3.1,3.04,3.07,True,金 融 街,False
2025-03-18,157.867,158.099,156.475,156.707,300824.0,91149672.0,3.08,3.09,3.02,3.03,True,金 融 街,False
2025-03-19,156.707,156.707,156.01,156.242,158515.0,47713015.0,3.03,3.03,3.0,3.01,True,金 融 街,False
2025-03-20,156.242,156.939,156.01,156.242,182445.0,54915944.99999999,3.01,3.04,3.0,3.01,True,金 融 街,False
2025-03-21,156.242,156.707,155.314,155.314,265856.0,78959232.0,3.01,3.03,2.97,2.97,True,金 融 街,False
2025-03-24,155.546,155.546,152.528,153.225,349746.0,100726848.0,2.98,2.98,2.85,2.88,True,金 融 街,False
2025-03-25,152.993,154.153,152.296,153.457,191002.0,55199578.0,2.87,2.92,2.84,2.89,True,金 融 街,False
2025-03-26,153.457,154.617,153.225,153.689,188947.0,54794630.0,2.89,2.94,2.88,2.9,True,金 融 街,False
2025-03-27,153.689,153.921,152.76,153.457,133708.0,38641612.0,2.9,2.91,2.86,2.89,True,金 融 街,False
2025-03-28,153.689,153.689,152.296,152.993,130375.0,37417625.0,2.9,2.9,2.84,2.87,True,金 融 街,False
2025-03-31,152.76,152.993,150.207,150.903,260792.0,72500176.0,2.86,2.87,2.75,2.78,True,金 融 街,False
2025-04-01,150.903,152.064,150.903,151.368,172755.0,48371400.0,2.78,2.83,2.78,2.8,True,金 融 街,False
2025-04-02,151.6,151.832,151.136,151.368,86444.0,24204320.0,2.81,2.82,2.79,2.8,True,金 融 街,False
2025-04-03,150.903,153.225,150.671,152.528,233791.0,66630435.0,2.78,2.88,2.77,2.85,True,金 融 街,False
2025-04-07,149.278,149.743,146.029,146.029,290144.0,74567008.0,2.71,2.73,2.57,2.57,True,金 融 街,False
2025-04-08,146.029,146.725,144.172,146.029,361730.0,92964610.0,2.57,2.6,2.49,2.57,True,金 融 街,False
2025-04-09,145.332,150.671,142.547,149.278,511631.0,138652001.0,2.54,2.77,2.42,2.71,True,金 融 街,False
2025-04-10,149.046,150.903,148.582,150.439,354242.0,97770792.0,2.7,2.78,2.68,2.76,True,金 融 街,False
2025-04-11,149.975,150.207,148.814,149.046,252258.0,68109660.0,2.74,2.75,2.69,2.7,True,金 融 街,False
2025-04-14,149.046,150.207,149.046,149.511,169190.0,46019680.0,2.7,2.75,2.7,2.72,True,金 融 街,False
2025-04-15,149.511,149.743,148.35,148.582,162839.0,43640852.0,2.72,2.73,2.67,2.68,True,金 融 街,False
2025-04-16,148.814,150.903,148.582,149.278,413146.0,111962566.0,2.69,2.78,2.68,2.71,True,金 融 街,False
2025-04-17,149.046,152.064,148.814,150.439,484510.0,133724760.0,2.7,2.83,2.69,2.76,True,金 融 街,False
2025-04-18,150.439,156.939,149.975,156.939,1086890.0,330414560.0,2.76,3.04,2.74,3.04,True,金 融 街,False
2025-04-21,155.778,156.707,152.993,155.082,1061804.0,314293984.0,2.99,3.03,2.87,2.96,True,金 融 街,False
2025-04-22,155.082,156.01,154.153,155.314,718885.0,213508845.0,2.96,3.0,2.92,2.97,True,金 融 街,False
2025-04-23,155.314,155.546,153.921,154.153,434721.0,126938532.0,2.97,2.98,2.91,2.92,True,金 融 街,False
2025-04-24,154.153,155.778,153.457,154.85,459031.0,135414145.0,2.92,2.99,2.89,2.95,True,金 融 街,False
2025-04-25,154.385,157.867,154.153,154.617,922440.0,271197360.0,2.93,3.08,2.92,2.94,True,金 融 街,False
2025-04-28,153.457,153.689,149.046,149.511,751199.0,204326128.0,2.89,2.9,2.7,2.72,True,金 融 街,False
2025-04-29,149.046,149.975,148.582,149.511,271367.0,73811824.0,2.7,2.74,2.68,2.72,True,金 融 街,False
2025-04-30,149.511,151.368,149.511,150.439,322431.0,88990956.0,2.72,2.8,2.72,2.76,True,金 融 街,False
2025-05-06,150.903,151.136,149.975,150.903,279094.0,77588132.0,2.78,2.79,2.74,2.78,True,金 融 街,False
2025-05-07,153.225,154.617,151.368,151.6,436489.0,122653409.0,2.88,2.94,2.8,2.81,True,金 融 街,False
2025-05-08,151.832,152.296,150.671,151.832,229824.0,64810368.0,2.82,2.84,2.77,2.82,True,金 融 街,False
2025-05-09,151.832,152.296,149.975,149.975,258591.0,70853934.0,2.82,2.84,2.74,2.74,True,金 融 街,False
2025-05-12,150.207,150.903,149.511,150.671,166175.0,46030475.0,2.75,2.78,2.72,2.77,True,金 融 街,False
2025-05-13,151.136,151.368,150.439,150.903,165025.0,45876950.0,2.79,2.8,2.76,2.78,True,金 融 街,False
2025-05-14,150.671,151.832,149.975,151.832,239090.0,67423380.0,2.77,2.82,2.74,2.82,True,金 融 街,False
2025-05-15,151.6,152.296,150.439,150.671,200723.0,55600271.0,2.81,2.84,2.76,2.77,True,金 融 街,False
2025-05-16,150.671,151.136,149.975,150.207,133199.0,36629725.0,2.77,2.79,2.74,2.75,True,金 融 街,False
2025-05-19,149.743,152.993,149.743,152.528,468826.0,133615410.0,2.73,2.87,2.73,2.85,True,金 融 街,False
2025-05-20,152.528,153.225,151.6,152.296,228541.0,64905644.0,2.85,2.88,2.81,2.84,True,金 融 街,False
2025-05-21,152.296,152.528,151.368,151.368,183857.0,51479960.0,2.84,2.85,2.8,2.8,True,金 融 街,False
2025-05-22,151.368,151.6,149.278,149.743,301620.0,82342260.0,2.8,2.81,2.71,2.73,True,金 融 街,False
2025-05-23,149.511,149.975,148.582,148.814,180387.0,48524103.0,2.72,2.74,2.68,2.69,True,金 融 街,False
2025-05-26,148.814,149.743,148.35,149.278,95544.0,25892424.0,2.69,2.73,2.67,2.71,True,金 融 街,False
2025-05-27,149.278,149.975,149.046,149.743,115788.0,31610124.0,2.71,2.74,2.7,2.73,True,金 融 街,False
2025-05-28,149.743,150.207,148.814,149.046,95649.0,25825230.0,2.73,2.75,2.69,2.7,True,金 融 街,False
2025-05-29,149.046,150.207,148.814,149.743,146806.0,40078038.0,2.7,2.75,2.69,2.73,True,金 融 街,False
2025-05-30,149.743,150.903,149.278,149.975,179119.0,49078606.00000001,2.73,2.78,2.71,2.74,True,金 融 街,False
2025-06-03,149.511,150.207,149.046,149.511,142023.0,38630256.0,2.72,2.75,2.7,2.72,True,金 融 街,False
2025-06-04,149.743,150.903,149.511,150.671,177353.0,49126781.0,2.73,2.78,2.72,2.77,True,金 融 街,False
2025-06-05,151.368,155.082,151.368,152.064,706167.0,199845261.0,2.8,2.96,2.8,2.83,True,金 融 街,False
2025-06-06,151.832,152.296,151.368,151.832,282556.0,79680792.0,2.82,2.84,2.8,2.82,True,金 融 街,False
2025-06-09,151.832,152.064,150.903,151.6,296485.0,83312285.0,2.82,2.83,2.78,2.81,True,金 融 街,False
2025-06-10,151.6,152.296,150.671,151.6,242840.0,68238040.0,2.81,2.84,2.77,2.81,True,金 融 街,False
2025-06-11,151.368,152.296,151.136,151.832,199760.0,56332320.0,2.8,2.84,2.79,2.82,True,金 融 街,False
2025-06-12,151.832,151.832,150.671,151.136,192937.0,53829423.0,2.82,2.82,2.77,2.79,True,金 融 街,False
2025-06-13,150.903,150.903,149.511,149.511,202785.0,55157520.00000001,2.78,2.78,2.72,2.72,True,金 融 街,False
2025-06-16,149.511,151.6,149.511,150.903,271363.0,75438914.0,2.72,2.81,2.72,2.78,True,金 融 街,False
2025-06-17,150.903,151.832,150.439,151.368,179833.0,50353240.0,2.78,2.82,2.76,2.8,True,金 融 街,False
2025-06-18,151.136,151.6,149.975,151.368,241063.0,67497640.0,2.79,2.81,2.74,2.8,True,金 融 街,False
2025-06-19,151.136,151.368,149.743,149.975,158610.0,43459140.0,2.79,2.8,2.73,2.74,True,金 融 街,False
2025-06-20,150.207,150.439,149.278,149.278,100536.0,27245256.0,2.75,2.76,2.71,2.71,True,金 融 街,False
2025-06-23,149.046,150.207,148.814,149.975,111655.0,30593470.000000004,2.7,2.75,2.69,2.74,True,金 融 街,False
2025-06-24,149.975,151.6,149.975,151.368,222931.0,62420679.99999999,2.74,2.81,2.74,2.8,True,金 融 街,False
2025-06-25,151.136,152.993,150.671,152.993,387777.0,111291999.0,2.79,2.87,2.77,2.87,True,金 融 街,False
2025-06-26,153.225,153.225,151.6,152.064,347098.0,98228734.0,2.88,2.88,2.81,2.83,True,金 融 街,False
2025-06-27,152.064,153.457,152.064,152.064,278401.0,78787483.0,2.83,2.89,2.83,2.83,True,金 融 街,False
2025-06-30,152.296,152.528,151.6,151.832,211810.0,59730420.0,2.84,2.85,2.81,2.82,True,金 融 街,False
2025-07-01,152.064,152.064,150.903,151.368,188743.0,52848040.0,2.83,2.83,2.78,2.8,True,金 融 街,False
2025-07-02,151.136,152.528,151.136,152.296,245464.0,69711776.0,2.79,2.85,2.79,2.84,True,金 融 街,False
2025-07-03,152.296,152.993,151.832,152.296,258398.0,73385032.0,2.84,2.87,2.82,2.84,True,金 融 街,False
2025-07-04,152.296,152.76,151.832,152.064,224845.0,63631135.0,2.84,2.86,2.82,2.83,True,金 融 街,False
2025-07-07,152.064,153.457,151.832,153.225,348878.0,100476864.0,2.83,2.89,2.82,2.88,True,金 融 街,False
2025-07-08,152.993,153.689,152.76,153.689,257460.0,74663400.0,2.87,2.9,2.86,2.9,True,金 融 街,False
2025-07-09,153.689,154.385,153.457,153.921,306162.0,89093142.0,2.9,2.93,2.89,2.91,True,金 融 街,False
2025-07-10,153.689,160.189,153.689,159.492,1319733.0,415715895.0,2.9,3.18,2.9,3.15,True,金 融 街,False
2025-07-11,159.028,159.956,157.867,158.564,911474.0,283468414.0,3.13,3.17,3.08,3.11,True,金 融 街,False
2025-07-14,158.099,158.332,156.01,156.475,498439.0,150528578.0,3.09,3.1,3.0,3.02,True,金 融 街,False
2025-07-15,156.242,156.707,153.921,155.314,488788.0,145170036.0,3.01,3.03,2.91,2.97,True,金 融 街,False
2025-07-16,155.082,155.778,154.385,154.85,337055.0,99431225.0,2.96,2.99,2.93,2.95,True,金 融 街,False
2025-07-17,155.082,155.546,154.153,154.85,275473.0,81264535.0,2.96,2.98,2.92,2.95,True,金 融 街,False
2025-07-18,155.082,155.082,154.153,154.85,242484.0,71532780.0,2.96,2.96,2.92,2.95,True,金 融 街,False
2025-07-21,155.082,156.707,154.85,156.475,431100.0,130192200.0,2.96,3.03,2.95,3.02,True,金 融 街,False
2025-07-22,156.707,157.403,155.546,157.403,411284.0,125852904.0,3.03,3.06,2.98,3.06,True,金 融 街,False
2025-07-23,157.171,158.796,156.939,156.939,397843.0,120944272.0,3.05,3.12,3.04,3.04,True,金 融 街,False
2025-07-24,156.939,159.028,156.475,158.564,537350.0,167115850.0,3.04,3.13,3.02,3.11,True,金 融 街,False
2025-07-25,158.796,158.796,157.171,157.635,317655.0,97520085.0,3.12,3.12,3.05,3.07,True,金 融 街,False
2025-07-28,157.867,158.099,156.475,157.403,219994.0,67318164.0,3.08,3.09,3.02,3.06,True,金 融 街,False
2025-07-29,157.635,157.635,156.475,157.635,214770.0,65934390.0,3.07,3.07,3.02,3.07,True,金 融 街,False
2025-07-30,157.403,158.332,156.242,156.707,327214.0,99145842.0,3.06,3.1,3.01,3.03,True,金 融 街,False
2025-07-31,156.475,156.475,153.921,154.385,379815.0,111285795.0,3.02,3.02,2.91,2.93,True,金 融 街,False
2025-08-01,154.617,155.314,154.153,154.617,221632.0,65159808.0,2.94,2.97,2.92,2.94,True,金 融 街,False
2025-08-04,154.617,155.546,153.921,154.617,213509.0,62771646.0,2.94,2.98,2.91,2.94,True,金 融 街,False
2025-08-05,155.082,155.314,154.385,155.082,185510.0,54910960.0,2.96,2.97,2.93,2.96,True,金 融 街,False
2025-08-06,155.082,155.082,154.153,154.617,183750.0,54022500.0,2.96,2.96,2.92,2.94,True,金 融 街,False
2025-08-07,154.617,155.082,154.153,154.85,223095.0,65813025.00000001,2.94,2.96,2.92,2.95,True,金 融 街,False
2025-08-08,154.617,155.082,154.153,154.85,170372.0,50259740.0,2.94,2.96,2.92,2.95,True,金 融 街,False
2025-08-11,155.546,156.939,155.546,156.242,430278.0,129513678.0,2.98,3.04,2.98,3.01,True,金 融 街,False
2025-08-12,156.01,157.635,155.546,156.939,337851.0,102706704.0,3.0,3.07,2.98,3.04,True,金 融 街,False
2025-08-13,157.171,157.867,156.475,156.707,297900.0,90263700.0,3.05,3.08,3.02,3.03,True,金 融 街,False
2025-08-14,156.707,157.403,154.85,154.85,355826.0,104968670.0,3.03,3.06,2.95,2.95,True,金 融 街,False
2025-08-15,155.314,157.171,154.85,156.475,409065.0,123537630.0,2.97,3.05,2.95,3.02,True,金 融 街,False
2025-08-18,157.403,157.635,156.01,156.475,292070.0,88205140.0,3.06,3.07,3.0,3.02,True,金 融 街,False
2025-08-19,156.475,157.867,156.242,156.939,506047.0,153838288.0,3.02,3.08,3.01,3.04,True,金 融 街,False
2025-08-20,156.707,157.171,156.01,157.171,268103.0,81771415.0,3.03,3.05,3.0,3.05,True,金 融 街,False
2025-08-21,157.171,157.403,156.475,156.939,301514.0,91660256.0,3.05,3.06,3.02,3.04,True,金 融 街,False
2025-08-22,156.707,156.939,155.778,156.707,324453.0,98309259.0,3.03,3.04,2.99,3.03,True,金 融 街,False
2025-08-25,156.939,160.885,156.939,159.724,953422.0,301281352.0,3.04,3.21,3.04,3.16,True,金 融 街,False
2025-08-26,159.492,159.956,158.796,159.26,437244.0,137294616.0,3.15,3.17,3.12,3.14,True,金 融 街,False
2025-08-27,158.796,159.028,156.01,156.242,487539.0,146749239.0,3.12,3.13,3.0,3.01,True,金 融 街,False
2025-08-28,156.242,157.171,154.385,156.242,468899.0,141138599.0,3.01,3.05,2.93,3.01,True,金 融 街,False
2025-08-29,156.939,157.635,155.314,155.546,385856.0,114985088.0,3.04,3.07,2.97,2.98,True,金 融 街,False
2025-09-01,155.546,156.01,154.617,155.314,274278.0,81460566.0,2.98,3.0,2.94,2.97,True,金 融 街,False
2025-09-02,155.082,156.01,154.385,155.082,294951.0,87305496.0,2.96,3.0,2.93,2.96,True,金 融 街,False
2025-09-03,155.082,155.546,154.153,154.385,254398.0,74538614.0,2.96,2.98,2.92,2.93,True,金 融 街,False
2025-09-04,154.385,155.546,153.225,153.689,412389.0,119592810.0,2.93,2.98,2.88,2.9,True,金 融 街,False
2025-09-05,153.921,155.314,153.457,155.314,346641.0,102952377.0,2.91,2.97,2.89,2.97,True,金 融 街,False
2025-09-08,155.314,156.939,155.082,156.707,372211.0,112779933.0,2.97,3.04,2.96,3.03,True,金 融 街,False
2025-09-09,156.707,159.26,156.242,159.26,755555.0,237244270.0,3.03,3.14,3.01,3.14,True,金 融 街,False
2025-09-10,159.028,160.885,158.332,160.885,792850.0,254504850.0,3.13,3.21,3.1,3.21,True,金 融 街,False
2025-09-11,160.653,160.653,159.028,159.956,519982.0,164834294.0,3.2,3.2,3.13,3.17,True,金 融 街,False
2025-09-12,159.956,166.456,159.724,163.671,1160460.0,386433180.0,3.17,3.45,3.16,3.33,True,金 融 街,False
2025-09-15,162.742,163.903,160.189,162.51,842689.0,276401992.0,3.29,3.34,3.18,3.28,True,金 融 街,False
2025-09-16,162.278,164.135,161.813,163.903,929703.0,310520802.0,3.27,3.35,3.25,3.34,True,金 融 街,False
2025-09-17,163.903,164.367,161.581,164.135,690010.0,231153350.0,3.34,3.36,3.24,3.35,True,金 融 街,False
2025-09-18,164.135,164.599,159.956,160.885,751014.0,241075494.0,3.35,3.37,3.17,3.21,True,金 融 街,False
2025-09-19,161.117,161.581,157.867,160.421,619838.0,197728322.0,3.22,3.24,3.08,3.19,True,金 融 街,False
2025-09-22,159.724,159.956,156.939,159.492,519622.0,163680930.0,3.16,3.17,3.04,3.15,True,金 融 街,False
2025-09-23,159.26,159.26,154.617,155.778,639989.0,191356711.0,3.14,3.14,2.94,2.99,True,金 融 街,False
2025-09-24,156.01,158.099,155.082,156.939,483027.0,146840208.0,3.0,3.09,2.96,3.04,True,金 融 街,False
2025-09-25,156.939,157.171,155.546,155.546,365651.0,108963998.0,3.04,3.05,2.98,2.98,True,金 融 街,False
2025-09-26,155.546,158.099,155.082,156.01,406773.0,122031900.0,2.98,3.09,2.96,3.0,True,金 融 街,False
2025-09-29,156.01,157.403,154.385,156.939,367249.0,111643696.0,3.0,3.06,2.93,3.04,True,金 融 街,False
2025-09-30,156.939,158.099,156.01,157.635,421894.0,129521458.0,3.04,3.09,3.0,3.07,True,金 融 街,False
2025-10-09,157.635,157.867,154.617,156.939,503491.0,153061264.0,3.07,3.08,2.94,3.04,True,金 融 街,False
2025-10-10,156.475,158.332,156.242,157.403,490668.0,150144408.0,3.02,3.1,3.01,3.06,True,金 融 街,False
2025-10-13,155.546,156.707,154.85,156.475,342925.0,103563350.0,2.98,3.03,2.95,3.02,True,金 融 街,False
2025-10-14,156.939,159.724,156.939,157.171,606206.0,184892830.0,3.04,3.16,3.04,3.05,True,金 融 街,False
2025-10-15,157.403,158.564,156.475,157.171,358010.0,109193050.0,3.06,3.11,3.02,3.05,True,金 融 街,False
2025-10-16,157.171,157.403,155.546,156.01,364694.0,109408200.0,3.05,3.06,2.98,3.0,True,金 融 街,False
2025-10-17,156.01,160.189,155.778,156.242,949325.0,285746825.0,3.0,3.18,2.99,3.01,True,金 融 街,False
2025-10-20,156.475,157.635,155.778,156.939,533722.0,162251488.0,3.02,3.07,2.99,3.04,True,金 融 街,False
2025-10-21,156.707,159.26,156.01,159.028,708816.0,221859408.0,3.03,3.14,3.0,3.13,True,金 融 街,False
2025-10-22,158.564,161.813,158.564,161.117,806904.0,259823088.00000003,3.11,3.25,3.11,3.22,True,金 融 街,False
2025-10-23,161.349,161.581,158.796,160.189,480271.0,152726178.0,3.23,3.24,3.12,3.18,True,金 融 街,False
2025-10-24,160.189,160.421,157.867,157.867,581338.0,179052104.0,3.18,3.19,3.08,3.08,True,金 融 街,False
2025-10-27,158.099,158.332,157.171,157.403,416196.0,127355976.0,3.09,3.1,3.05,3.06,True,金 融 街,False
2025-10-28,157.403,157.867,156.707,156.939,342858.0,104228832.0,3.06,3.08,3.03,3.04,True,金 融 街,False
2025-10-29,156.939,157.635,156.01,157.403,337211.0,103186566.0,3.04,3.07,3.0,3.06,True,金 融 街,False
2025-10-30,157.171,157.403,156.01,156.01,360990.0,108297000.0,3.05,3.06,3.0,3.0,True,金 融 街,False
2025-10-31,156.475,157.171,156.01,156.475,287831.0,86924962.0,3.02,3.05,3.0,3.02,True,金 融 街,False
2025-11-03,156.475,156.707,155.778,156.475,310658.0,93818716.0,3.02,3.03,2.99,3.02,True,金 融 街,False
2025-11-04,156.475,156.939,155.778,156.475,340597.0,102860294.0,3.02,3.04,2.99,3.02,True,金 融 街,False
2025-11-05,156.242,157.171,155.778,156.939,264544.0,80421376.0,3.01,3.05,2.99,3.04,True,金 融 街,False
2025-11-06,156.939,157.171,156.242,156.475,221099.0,66771898.0,3.04,3.05,3.01,3.02,True,金 融 街,False
2025-11-07,156.475,156.939,156.01,156.01,240271.0,72081300.0,3.02,3.04,3.0,3.0,True,金 融 街,False
2025-11-10,156.242,157.867,155.778,157.635,489255.0,150201285.0,3.01,3.08,2.99,3.07,True,金 融 街,False
2025-11-11,157.635,159.492,157.403,159.028,504820.0,158008660.0,3.07,3.15,3.06,3.13,True,金 融 街,False
2025-11-12,158.796,159.492,157.867,158.564,294310.0,91530410.0,3.12,3.15,3.08,3.11,True,金 融 街,False
2025-11-13,158.332,159.956,157.403,159.956,457722.0,145097874.0,3.1,3.17,3.06,3.17,True,金 融 街,False
2025-11-14,159.492,161.581,159.26,160.421,464228.0,148088732.0,3.15,3.24,3.14,3.19,True,金 融 街,False
2025-11-17,160.189,161.349,159.724,161.117,342512.0,110288864.0,3.18,3.23,3.16,3.22,True,金 融 街,False
2025-11-18,160.885,161.117,157.171,158.332,637314.0,197567340.0,3.21,3.22,3.05,3.1,True,金 融 街,False
2025-11-19,158.099,158.564,156.242,156.475,399298.0,120587996.0,3.09,3.11,3.01,3.02,True,金 融 街,False
2025-11-20,156.707,159.028,155.546,157.171,625775.0,190861375.0,3.03,3.13,2.98,3.05,True,金 融 街,False
2025-11-21,156.707,157.867,155.082,155.082,492253.0,145706888.0,3.03,3.08,2.96,2.96,True,金 融 街,False
2025-11-24,155.546,156.475,154.385,154.617,436079.0,128207226.0,2.98,3.02,2.93,2.94,True,金 融 街,False
2025-11-25,154.85,155.082,153.921,154.385,470282.0,137792626.0,2.95,2.96,2.91,2.93,True,金 融 街,False
2025-11-26,154.385,154.85,152.993,153.225,475584.0,136968192.0,2.93,2.95,2.87,2.88,True,金 融 街,False
2025-11-27,152.993,152.993,151.136,152.296,382558.0,108646472.0,2.87,2.87,2.79,2.84,True,金 融 街,False
2025-11-28,152.296,152.993,151.136,152.993,266966.0,76619242.0,2.84,2.87,2.79,2.87,True,金 融 街,False
2025-12-01,152.76,153.225,152.296,152.528,204706.0,58341210.0,2.86,2.88,2.84,2.85,True,金 融 街,False
2025-12-02,152.528,152.76,151.832,152.76,228693.0,65406198.0,2.85,2.86,2.82,2.86,True,金 融 街,False
2025-12-03,152.528,152.76,151.368,151.368,285500.0,79940000.0,2.85,2.86,2.8,2.8,True,金 融 街,False
2025-12-04,151.6,152.76,150.671,152.064,343090.0,97094470.0,2.81,2.86,2.77,2.83,True,金 融 街,False
2025-12-05,151.832,152.296,151.136,152.296,208673.0,59263132.0,2.82,2.84,2.79,2.84,True,金 融 街,False
2025-12-08,152.296,152.993,152.064,152.528,227114.0,64727490.0,2.84,2.87,2.83,2.85,True,金 融 街,False
2025-12-09,152.296,152.296,150.671,150.671,248144.0,68735888.0,2.84,2.84,2.77,2.77,True,金 融 街,False
2025-12-10,150.903,153.689,150.207,152.993,560849.0,160963663.0,2.78,2.9,2.75,2.87,True,金 融 街,False
2025-12-11,152.76,152.76,150.903,150.903,327588.0,91069464.0,2.86,2.86,2.78,2.78,True,金 融 街,False
2025-12-12,151.368,151.832,150.903,151.368,189516.0,53064480.0,2.8,2.82,2.78,2.8,True,金 融 街,False
2025-12-15,150.903,151.368,150.671,150.671,163238.0,45216926.0,2.78,2.8,2.77,2.77,True,金 融 街,False
2025-12-16,150.671,151.368,149.743,150.207,206590.0,56812250.0,2.77,2.8,2.73,2.75,True,金 融 街,False
2025-12-17,149.975,150.439,149.278,149.975,173706.0,47595444.0,2.74,2.76,2.71,2.74,True,金 融 街,False
2025-12-18,149.975,150.439,149.743,150.207,94728.0,26050200.0,2.74,2.76,2.73,2.75,True,金 融 街,False
2025-12-19,149.975,151.368,149.975,150.903,164404.0,45704312.0,2.74,2.8,2.74,2.78,True,金 融 街,False
2025-12-22,151.136,151.368,150.439,150.903,176565.0,49085070.0,2.79,2.8,2.76,2.78,True,金 融 街,False
2025-12-23,150.903,150.903,149.511,149.975,177869.0,48736106.00000001,2.78,2.78,2.72,2.74,True,金 融 街,False
2025-12-24,149.743,150.439,149.743,150.207,125944.0,34634600.0,2.73,2.76,2.73,2.75,True,金 融 街,False
2025-12-25,151.368,152.064,150.671,151.136,214249.0,59775471.0,2.8,2.83,2.77,2.79,True,金 融 街,False
2025-12-26,150.671,151.136,150.207,150.671,187749.0,52006473.0,2.77,2.79,2.75,2.77,True,金 融 街,False
2025-12-29,150.439,150.903,150.207,150.207,133942.0,36834050.0,2.76,2.78,2.75,2.75,True,金 融 街,False
2025-12-30,150.207,150.207,149.743,149.743,96703.0,26399919.0,2.75,2.75,2.73,2.73,True,金 融 街,False
2025-12-31,150.207,150.439,149.743,150.207,131204.0,36081100.0,2.75,2.76,2.73,2.75,True,金 融 街,False
2026-01-05,150.439,151.368,150.207,151.136,214553.0,59860287.0,2.76,2.8,2.75,2.79,True,金 融 街,False
2026-01-06,151.136,152.296,150.903,151.832,315021.0,88835922.0,2.79,2.84,2.78,2.82,True,金 融 街,False
2026-01-07,151.832,152.528,151.368,151.6,219166.0,61585646.0,2.82,2.85,2.8,2.81,True,金 融 街,False
2026-01-08,151.368,152.993,151.136,152.528,295628.0,84253980.0,2.8,2.87,2.79,2.85,True,金 融 街,False
2026-01-09,152.296,152.76,151.832,152.296,255766.0,72637544.0,2.84,2.86,2.82,2.84,True,金 融 街,False
2026-01-12,152.064,152.528,151.6,151.832,270731.0,76346142.0,2.83,2.85,2.81,2.82,True,金 融 街,False
2026-01-13,152.064,152.296,151.368,151.368,258675.0,72429000.0,2.83,2.84,2.8,2.8,True,金 融 街,False
2026-01-14,151.368,152.064,150.671,151.368,339061.0,94937080.0,2.8,2.83,2.77,2.8,True,金 融 街,False
2026-01-15,151.136,151.832,150.903,151.6,242352.0,68100912.0,2.79,2.82,2.78,2.81,True,金 融 街,False
2026-01-16,152.064,152.064,150.439,150.439,214928.0,59320127.99999999,2.83,2.83,2.76,2.76,True,金 融 街,False
2026-01-19,150.207,151.136,149.743,150.671,147343.0,40814011.0,2.75,2.79,2.73,2.77,True,金 融 街,False
2026-01-20,150.439,152.296,150.439,152.064,425905.0,120531115.0,2.76,2.84,2.76,2.83,True,金 融 街,False
2026-01-21,151.832,152.76,151.368,152.296,290705.0,82560220.0,2.82,2.86,2.8,2.84,True,金 融 街,False
2026-01-22,152.064,152.993,151.832,152.993,283957.0,81495659.0,2.83,2.87,2.82,2.87,True,金 融 街,False
2026-01-23,152.76,152.993,152.064,152.296,321001.0,91164284.0,2.86,2.87,2.83,2.84,True,金 融 街,False
2026-01-26,152.296,152.76,151.368,151.832,303288.0,85527216.0,2.84,2.86,2.8,2.82,True,金 融 街,False
2026-01-27,151.832,151.832,150.207,150.671,288094.0,79802038.0,2.82,2.82,2.75,2.77,True,金 融 街,False
2026-01-28,150.671,151.6,150.439,151.368,268099.0,75067720.0,2.77,2.81,2.76,2.8,True,金 融 街,False
2026-01-29,151.136,154.385,150.903,154.153,875436.0,255627312.0,2.79,2.93,2.78,2.92,True,金 融 街,False
2026-01-30,153.689,153.921,151.368,152.064,451635.0,127812705.0,2.9,2.91,2.8,2.83,True,金 融 街,False
2026-02-02,151.6,152.064,149.278,149.743,452620.0,123565260.0,2.81,2.83,2.71,2.73,True,金 融 街,False
2026-02-03,151.368,152.76,150.903,151.6,354166.0,99520646.0,2.8,2.86,2.78,2.81,True,金 融 街,False
2026-02-04,151.6,154.385,150.903,154.153,700277.0,204480884.0,2.81,2.93,2.78,2.92,True,金 融 街,False
2026-02-05,153.921,155.082,153.457,154.153,439870.0,128442040.0,2.91,2.96,2.89,2.92,True,金 融 街,False
2026-02-06,153.689,154.153,152.76,153.225,333285.0,95986080.0,2.9,2.92,2.86,2.88,True,金 融 街,False
2026-02-09,153.689,155.546,153.457,154.617,371422.0,109198068.0,2.9,2.98,2.89,2.94,True,金 融 街,False
2026-02-10,154.617,154.617,153.225,153.457,262951.0,75992839.0,2.94,2.94,2.88,2.89,True,金 融 街,False
2026-02-11,153.689,153.689,152.993,153.457,214932.0,62115348.0,2.9,2.9,2.87,2.89,True,金 融 街,False
2026-02-12,153.457,153.921,152.296,152.528,259432.0,73938120.0,2.89,2.91,2.84,2.85,True,金 融 街,False
2026-02-13,152.296,152.76,151.6,151.6,208911.0,58703991.0,2.84,2.86,2.81,2.81,True,金 融 街,False
2026-02-24,152.064,152.296,151.368,151.832,167167.0,47141094.0,2.83,2.84,2.8,2.82,True,金 融 街,False
2026-02-25,151.832,154.153,151.832,153.689,450268.0,130577720.0,2.82,2.92,2.82,2.9,True,金 融 街,False
2026-02-26,153.689,153.921,151.368,151.6,454348.0,127671788.0,2.9,2.91,2.8,2.81,True,金 融 街,False
2026-02-27,151.6,152.064,151.368,152.064,170391.0,48220653.0,2.81,2.83,2.8,2.83,True,金 融 街,False
2026-03-02,151.368,151.6,150.439,150.903,278315.0,77371570.0,2.8,2.81,2.76,2.78,True,金 融 街,False
2026-03-03,150.903,151.136,149.743,149.743,246857.0,67391961.0,2.78,2.79,2.73,2.73,True,金 融 街,False
2026-03-04,149.511,149.975,148.582,149.046,257295.0,69469650.0,2.72,2.74,2.68,2.7,True,金 融 街,False
2026-03-05,149.511,149.975,149.046,149.511,131745.0,35834640.0,2.72,2.74,2.7,2.72,True,金 融 街,False
2026-03-06,149.278,150.207,149.046,149.975,147461.0,40404314.0,2.71,2.75,2.7,2.74,True,金 融 街,False
2026-03-09,149.743,149.743,148.814,149.511,163014.0,44339808.0,2.73,2.73,2.69,2.72,True,金 融 街,False
2026-03-10,149.743,149.975,149.511,149.975,116385.0,31889490.000000004,2.73,2.74,2.72,2.74,True,金 融 街,False
2026-03-11,149.975,149.975,149.278,149.743,130079.0,35511567.0,2.74,2.74,2.71,2.73,True,金 融 街,False
2026-03-12,149.743,150.671,149.511,150.207,199063.0,54742325.0,2.73,2.77,2.72,2.75,True,金 融 街,False
2026-03-13,150.207,151.136,149.975,149.975,211129.0,57849346.00000001,2.75,2.79,2.74,2.74,True,金 融 街,False
2026-03-16,150.439,151.368,150.207,150.439,239862.0,66201911.99999999,2.76,2.8,2.75,2.76,True,金 融 街,False
2026-03-17,150.671,152.528,150.439,151.368,481449.0,134805720.0,2.77,2.85,2.76,2.8,True,金 融 街,False
2026-03-18,151.6,151.6,149.511,149.975,309717.0,84862458.0,2.81,2.81,2.72,2.74,True,金 融 街,False
2026-03-19,149.743,150.207,148.814,149.046,207542.0,56036340.0,2.73,2.75,2.69,2.7,True,金 融 街,False
2026-03-20,149.278,149.278,147.886,148.118,224185.0,59633210.0,2.71,2.71,2.65,2.66,True,金 融 街,False
2026-03-23,147.654,147.654,143.475,143.707,278599.0,68813953.0,2.64,2.64,2.46,2.47,True,金 融 街,False
2026-03-24,145.797,146.029,143.94,145.797,175035.0,44808960.0,2.56,2.57,2.48,2.56,True,金 融 街,False
2026-03-25,145.564,146.725,145.332,146.261,175289.0,45224562.0,2.55,2.6,2.54,2.58,True,金 融 街,False
2026-03-26,146.261,146.957,145.564,145.797,162203.0,41523968.0,2.58,2.61,2.55,2.56,True,金 融 街,False
2026-03-27,145.332,146.261,145.1,146.261,127516.0,32899128.0,2.54,2.58,2.53,2.58,True,金 融 街,False
2026-03-30,145.564,146.493,144.868,146.029,139882.0,35949674.0,2.55,2.59,2.52,2.57,True,金 融 街,False
2026-03-31,146.261,147.189,145.564,145.797,149930.0,38382080.0,2.58,2.62,2.55,2.56,True,金 融 街,False
2026-04-01,146.261,146.493,145.332,146.029,130616.0,33568312.0,2.58,2.59,2.54,2.57,True,金 融 街,False
2026-04-02,145.797,146.029,144.172,144.636,138164.0,34679164.0,2.56,2.57,2.49,2.51,True,金 融 街,False
2026-04-03,144.636,144.868,143.475,143.475,95447.0,23479962.0,2.51,2.52,2.46,2.46,True,金 融 街,False
2026-04-07,143.475,144.404,143.243,144.172,100823.0,25104927.000000004,2.46,2.5,2.45,2.49,True,金 融 街,False
2026-04-08,144.636,146.029,144.636,145.797,156308.0,40014848.0,2.51,2.57,2.51,2.56,True,金 融 街,False
2026-04-09,145.564,145.797,144.636,145.1,100857.0,25516821.0,2.55,2.56,2.51,2.53,True,金 融 街,False
2026-04-10,147.421,150.903,147.421,150.903,628908.0,174836424.0,2.63,2.78,2.63,2.78,True,金 融 街,False
2026-04-13,150.903,157.403,150.439,157.403,1466659.0,448797654.0,2.78,3.06,2.76,3.06,True,金 融 街,False
2026-04-14,157.635,161.117,155.314,157.403,2326828.0,712009368.0,3.07,3.22,2.97,3.06,True,金 融 街,False
2026-04-15,156.01,157.171,152.296,153.225,1582743.0,455829984.0,3.0,3.05,2.84,2.88,True,金 融 街,False
2026-04-16,152.76,153.225,151.136,152.296,844874.0,239944216.0,2.86,2.88,2.79,2.84,True,金 融 街,False
2026-04-17,151.832,154.617,151.136,151.6,891670.0,250559270.0,2.82,2.94,2.79,2.81,True,金 融 街,False
2026-04-20,151.136,151.136,149.046,150.903,682671.0,189782538.0,2.79,2.79,2.7,2.78,True,金 融 街,False
2026-04-21,150.671,150.903,149.278,149.743,408905.0,111631065.0,2.77,2.78,2.71,2.73,True,金 融 街,False
2026-04-22,149.511,150.207,149.046,150.207,308568.0,84856200.0,2.72,2.75,2.7,2.75,True,金 融 街,False
2026-04-23,149.975,149.975,148.118,148.582,376976.0,101029568.0,2.74,2.74,2.66,2.68,True,金 融 街,False
2026-04-24,148.35,148.582,147.421,147.886,275795.0,73085675.0,2.67,2.68,2.63,2.65,True,金 融 街,False
2026-04-27,147.654,148.118,146.261,147.654,316530.0,83563920.0,2.64,2.66,2.58,2.64,True,金 融 街,False
2026-04-28,147.654,148.35,146.493,147.189,232620.0,60946440.0,2.64,2.67,2.59,2.62,True,金 融 街,False
2026-04-29,153.225,153.225,153.225,153.225,236648.0,68154624.0,2.88,2.88,2.88,2.88,True,金 融 街,False
2026-04-30,158.564,159.956,156.475,159.956,1225360.0,388439120.0,3.11,3.17,3.02,3.17,True,金 融 街,False
2026-05-06,159.956,167.385,157.867,167.385,2158037.0,753154913.0,3.17,3.49,3.08,3.49,True,金 融 街,False
2026-05-07,165.992,167.152,162.974,164.135,2557567.0,856784945.0,3.43,3.48,3.3,3.35,True,金 融 街,False
2026-05-08,163.671,166.224,161.349,162.278,1784474.0,583522998.0,3.33,3.44,3.23,3.27,True,金 融 街,False
2026-05-11,161.349,165.063,160.189,163.671,1595474.0,531292842.0,3.23,3.39,3.18,3.33,True,金 融 街,False
2026-05-12,163.206,163.671,160.421,161.581,1307934.0,423770616.0,3.31,3.33,3.19,3.24,True,金 融 街,False
2026-05-13,160.885,162.046,158.796,159.724,1059087.0,334671492.0,3.21,3.26,3.12,3.16,True,金 融 街,False
2026-05-14,160.421,160.653,156.475,156.939,855244.0,259994176.0,3.19,3.2,3.02,3.04,True,金 融 街,False
2026-05-15,157.171,158.332,155.546,156.242,948469.0,285489169.0,3.05,3.1,2.98,3.01,True,金 融 街,False
2026-05-18,155.778,156.01,154.385,155.082,645083.0,190944568.0,2.99,3.0,2.93,2.96,True,金 融 街,False
2026-05-19,155.314,156.939,154.617,156.707,868145.0,263047935.0,2.97,3.04,2.94,3.03,True,金 融 街,False
2026-05-20,157.403,158.099,154.617,156.939,924289.0,280983856.0,3.06,3.09,2.94,3.04,True,金 融 街,False
2026-05-21,156.475,156.939,152.76,152.993,796516.0,228600092.0,3.02,3.04,2.86,2.87,True,金 融 街,False
2026-05-22,153.457,154.85,152.76,154.385,589715.0,172786495.0,2.89,2.95,2.86,2.93,True,金 融 街,False
2026-05-25,153.921,156.242,153.689,156.01,546432.0,163929600.0,2.91,3.01,2.9,3.0,True,金 融 街,False
2026-05-26,155.546,155.778,153.921,155.546,531031.0,158247238.0,2.98,2.99,2.91,2.98,True,金 融 街,False
2026-05-27,155.314,155.314,152.064,153.225,495975.0,142840800.0,2.97,2.97,2.83,2.88,True,金 融 街,False
2026-05-28,152.76,155.314,152.528,154.385,457630.0,134085590.0,2.86,2.97,2.85,2.93,True,金 融 街,False
2026-05-29,154.617,161.117,154.617,158.099,1891937.0,584608533.0,2.94,3.22,2.94,3.09,True,金 融 街,False
2026-06-01,158.564,159.956,156.475,159.028,1516816.0,474763408.0,3.11,3.17,3.02,3.13,True,金 融 街,False
2026-06-02,158.564,159.028,156.707,157.171,888664.0,271042520.0,3.11,3.13,3.03,3.05,True,金 融 街,False
2026-06-03,156.939,157.171,153.921,155.546,905986.0,269983828.0,3.04,3.05,2.91,2.98,True,金 融 街,False
2026-06-04,155.082,156.939,152.76,153.457,766234.0,221441626.0,2.96,3.04,2.86,2.89,True,金 融 街,False
2026-06-05,153.689,157.635,153.689,154.385,869538.0,254774634.0,2.9,3.07,2.9,2.93,True,金 融 街,False
2026-06-08,152.528,154.617,151.368,152.993,741752.0,212882824.0,2.85,2.94,2.8,2.87,True,金 融 街,False
2026-06-09,152.993,153.457,149.975,151.136,584501.0,163075779.0,2.87,2.89,2.74,2.79,True,金 融 街,False
2026-06-10,150.671,151.6,149.975,150.903,413696.0,115007488.0,2.77,2.81,2.74,2.78,True,金 融 街,False
2026-06-11,150.671,150.903,149.278,150.207,395892.0,108870300.0,2.77,2.78,2.71,2.75,True,金 融 街,False
2026-06-12,150.903,151.6,149.743,150.439,510187.0,140811612.0,2.78,2.81,2.73,2.76,True,金 融 街,False
2026-06-15,150.671,152.528,150.207,150.903,504869.0,140353582.0,2.77,2.85,2.75,2.78,True,金 融 街,False
2026-06-16,150.903,151.136,148.814,149.743,471501.0,128719773.0,2.78,2.79,2.69,2.73,True,金 融 街,False
2026-06-17,149.278,149.511,148.582,149.278,367192.0,99509032.0,2.71,2.72,2.68,2.71,True,金 融 街,False
2026-06-18,148.814,149.046,147.654,148.35,343065.0,91598355.0,2.69,2.7,2.64,2.67,True,金 融 街,False
2026-06-22,147.886,149.278,146.029,149.046,479391.0,129435570.0,2.65,2.71,2.57,2.7,True,金 融 街,False
2026-06-23,148.582,151.368,148.35,149.975,592201.0,162263074.0,2.68,2.8,2.67,2.74,True,金 融 街,False
2026-06-24,149.743,149.975,146.261,147.189,524708.0,137473496.0,2.73,2.74,2.58,2.62,True,金 融 街,False
2026-06-25,146.957,147.654,146.261,147.189,342891.0,89837442.0,2.61,2.64,2.58,2.62,True,金 融 街,False
2026-06-26,147.421,148.118,145.797,145.797,493017.0,126212352.0,2.63,2.66,2.56,2.56,True,金 融 街,False
2026-06-29,145.1,145.564,143.94,144.636,556639.0,139716389.0,2.53,2.55,2.48,2.51,True,金 融 街,False
2026-06-30,144.172,144.404,141.85,142.315,582760.0,140445160.0,2.49,2.5,2.39,2.41,True,金 融 街,False
2026-07-01,141.85,145.1,141.618,143.707,488292.0,120608124.0,2.39,2.53,2.38,2.47,True,金 融 街,False
2026-07-02,143.707,145.1,142.547,143.011,429414.0,104777016.0,2.47,2.53,2.42,2.44,True,金 融 街,False
2026-07-03,143.243,144.172,142.779,143.475,366940.0,90267240.0,2.45,2.49,2.43,2.46,True,金 融 街,False
2026-07-06,143.707,144.404,143.011,143.94,362182.0,89821136.0,2.47,2.5,2.44,2.48,True,金 融 街,False
2026-07-07,143.707,143.707,141.386,141.618,367923.0,87565674.0,2.47,2.47,2.37,2.38,True,金 融 街,False
2026-07-08,141.618,143.011,140.922,142.547,313613.0,75894346.0,2.38,2.44,2.35,2.42,True,金 融 街,False
2026-07-09,142.315,143.011,141.154,142.082,385824.0,92597760.0,2.41,2.44,2.36,2.4,True,金 融 街,False
2026-07-10,141.618,145.1,141.154,143.94,579486.0,143712528.0,2.38,2.53,2.36,2.48,True,金 融 街,False
2026-07-13,143.243,143.94,141.386,141.618,425903.0,101364914.0,2.45,2.48,2.37,2.38,True,金 融 街,False
2026-07-14,141.618,143.243,140.922,143.011,345319.0,84257836.0,2.38,2.45,2.35,2.44,True,金 融 街,False
2026-07-15,142.082,144.172,141.618,143.475,503467.0,123852882.0,2.4,2.49,2.38,2.46,True,金 融 街,False
2026-07-16,143.94,144.636,142.547,143.94,497469.0,123372312.0,2.48,2.51,2.42,2.48,True,金 融 街,False
2026-07-17,143.475,145.332,141.618,141.85,581028.0,138865692.0,2.46,2.54,2.38,2.39,True,金 融 街,False
2026-07-20,141.85,143.011,141.618,142.547,365366.0,88418572.0,2.39,2.44,2.38,2.42,True,金 融 街,False
2026-07-21,142.315,142.547,141.154,141.618,391616.0,93204608.0,2.41,2.42,2.36,2.38,True,金 融 街,False
2026-07-22,141.386,142.082,140.922,141.85,299207.0,71510473.0,2.37,2.4,2.35,2.39,True,金 融 街,False
2026-07-23,141.618,142.779,141.386,142.779,326499.0,79339257.0,2.38,2.43,2.37,2.43,True,金 融 街,False
2026-07-24,142.315,142.779,141.154,141.154,300382.0,70890152.0,2.41,2.43,2.36,2.36,True,金 融 街,False
2026-07-27,141.154,142.082,140.922,141.85,294538.0,70394582.0,2.36,2.4,2.35,2.39,True,金 融 街,False
2026-07-28,141.618,142.779,141.386,141.85,362940.0,86742660.0,2.38,2.43,2.37,2.39,True,金 融 街,False
2026-07-29,141.85,143.243,141.85,143.011,550092.0,134222448.0,2.39,2.45,2.39,2.44,True,金 融 街,False
2026-07-30,142.547,144.172,142.547,143.475,512882.0,126168972.0,2.42,2.49,2.42,2.46,True,金 融 街,False
2026-07-31,143.243,144.172,143.011,144.172,418822.0,104286678.0,2.45,2.49,2.44,2.49,True,金 融 街,False
2026-08-03,144.172,145.1,143.94,144.868,371665.0,93659580.0,2.49,2.53,2.48,2.52,True,金 融 街,False
2026-08-04,144.868,145.1,143.707,143.94,367763.0,91205224.0,2.52,2.53,2.47,2.48,True,金 融 街,False
2026-08-05,143.94,144.404,143.243,144.172,317830.0,79139670.0,2.48,2.5,2.45,2.49,True,金 融 街,False
2026-08-06,143.94,144.636,143.243,144.636,428330.0,107510830.0,2.48,2.51,2.45,2.51,True,金 融 街,False
2026-08-07,144.404,144.636,142.779,143.475,417898.0,102802908.0,2.5,2.51,2.43,2.46,True,金 融 街,False
2026-08-10,144.636,146.725,144.636,145.1,628161.0,158924733.0,2.51,2.6,2.51,2.53,True,金 融 街,False
2026-08-11,144.636,146.493,144.404,145.332,582735.0,148014690.0,2.51,2.59,2.5,2.54,True,金 融 街,False
2026-08-12,145.1,148.582,144.868,148.118,933741.0,248375106.0,2.53,2.68,2.52,2.66,True,金 融 街,False
2026-08-13,147.886,148.118,145.564,145.797,699729.0,179130624.0,2.65,2.66,2.55,2.56,True,金 融 街,False
2026-08-14,145.797,145.797,143.707,144.172,470396.0,117128604.0,2.56,2.56,2.47,2.49,True,金 融 街,False
2026-08-17,144.172,144.172,140.69797590361446,143.59299598393574,364513.0,89640000.0,2.49,2.49,2.43,2.48,True,金 融 街,True
2026-08-24,142.43498795180722,143.59299598393574,140.1189718875502,140.69797590361446,287642.0,70110000.0,2.46,2.48,2.42,2.43,True,金 融 街,True
2026-08-25,140.1189718875502,144.17200000000005,140.1189718875502,143.59299598393574,377975.0,93230000.0,2.42,2.49,2.42,2.48,True,金 融 街,True
2026-08-27,145.3300080321285,146.488016064257,143.59299598393574,144.75100401606426,269112.0,67260000.0,2.51,2.53,2.48,2.5,True,金 融 街,True
