date,open,high,low,close,volume,amount,raw_open,raw_high,raw_low,raw_close,tradable,name,provisional
2016-01-04,166.304,174.508,157.622,160.091,459711.0,884943675.0,19.97,21.0,18.88,19.25,True,国安股份,False
2016-01-05,156.587,173.313,156.587,171.959,731227.0,1512177436.0,18.75,20.85,18.75,20.68,True,国安股份,False
2016-01-06,172.039,176.897,169.012,175.304,558197.0,1177795670.0,20.69,21.3,20.31,21.1,True,国安股份,False
2016-01-07,170.207,171.72,158.498,158.578,135181.0,256843900.0,20.46,20.65,18.99,19.0,True,国安股份,False
2016-01-08,164.95,164.95,143.524,156.348,492313.0,921609936.0,19.8,19.8,17.11,18.72,True,国安股份,False
2016-01-11,153.799,158.02,141.453,141.453,492734.0,830256790.0000001,18.4,18.93,16.85,16.85,True,国安股份,False
2016-01-12,140.099,142.489,128.072,131.099,872542.0,1356802810.0,16.68,16.98,15.17,15.55,True,国安股份,False
2016-01-13,131.497,135.479,124.01,126.16,576046.0,860036678.0,15.6,16.1,14.66,14.93,True,国安股份,False
2016-01-14,119.231,135.161,114.691,132.532,1178334.0,1853519382.0,14.06,16.06,13.49,15.73,True,国安股份,False
2016-01-15,128.311,130.462,122.258,123.532,773354.0,1129096840.0,15.2,15.47,14.44,14.6,True,国安股份,False
2016-01-18,119.549,129.904,119.549,127.037,602577.0,906275808.0,14.1,15.4,14.1,15.04,True,国安股份,False
2016-01-19,126.479,135.479,124.806,133.648,696952.0,1106062824.0,14.97,16.1,14.76,15.87,True,国安股份,False
2016-01-20,131.577,133.249,127.514,130.063,574941.0,886559022.0,15.61,15.82,15.1,15.42,True,国安股份,False
2016-01-21,127.913,133.09,122.735,122.735,463988.0,672782600.0,15.15,15.8,14.5,14.5,True,国安股份,False
2016-01-22,125.125,127.514,120.426,125.364,368590.0,546618970.0,14.8,15.1,14.21,14.83,True,国安股份,False
2016-01-25,127.355,128.47,122.258,124.647,327538.0,482791012.0,15.08,15.22,14.44,14.74,True,国安股份,False
2016-01-26,122.656,122.974,112.939,112.939,516154.0,684936358.0,14.49,14.53,13.27,13.27,True,国安股份,False
2016-01-27,109.991,112.381,102.345,105.372,804309.0,990908688.0,12.9,13.2,11.94,12.32,True,国安股份,False
2016-01-28,103.619,106.646,98.522,101.389,471380.0,557171160.0,12.1,12.48,11.46,11.82,True,国安股份,False
2016-01-29,101.389,109.832,100.433,107.841,548792.0,693124296.0,11.82,12.88,11.7,12.63,True,国安股份,False
2016-02-01,113.177,115.567,109.354,110.788,1078559.0,1402126700.0,13.3,13.6,12.82,13.0,True,国安股份,False
2016-02-02,112.222,121.142,110.868,121.142,587707.0,840421010.0,13.18,14.3,13.01,14.3,True,国安股份,False
2016-02-03,121.142,129.506,119.788,125.284,1167900.0,1730827800.0,14.3,15.35,14.13,14.82,True,国安股份,False
2016-02-04,123.293,130.302,123.293,127.913,769319.0,1165518285.0,14.57,15.45,14.57,15.15,True,国安股份,False
2016-02-05,127.992,128.789,122.815,123.612,542796.0,793024956.0,15.16,15.26,14.51,14.61,True,国安股份,False
2016-02-15,120.346,129.267,120.027,127.992,665482.0,1008870712.0,14.2,15.32,14.16,15.16,True,国安股份,False
2016-02-16,127.514,133.09,126.798,131.099,771796.0,1200142780.0,15.1,15.8,15.01,15.55,True,国安股份,False
2016-02-17,129.824,133.488,126.718,132.055,783820.0,1228245940.0,15.39,15.85,15.0,15.67,True,国安股份,False
2016-02-18,132.692,133.727,129.107,129.107,605628.0,926610840.0,15.75,15.88,15.3,15.3,True,国安股份,False
2016-02-19,128.072,132.134,127.514,130.223,566743.0,875051192.0,15.17,15.68,15.1,15.44,True,国安股份,False
2016-02-22,131.736,132.931,129.107,132.692,699066.0,1101028950.0,15.63,15.78,15.3,15.75,True,国安股份,False
2016-02-23,132.692,134.285,127.514,129.506,589028.0,904157980.0,15.75,15.95,15.1,15.35,True,国安股份,False
2016-02-24,128.311,129.665,123.691,128.231,560525.0,851437475.0,15.2,15.37,14.62,15.19,True,国安股份,False
2016-02-25,128.311,128.869,116.125,116.125,644316.0,880779972.0,15.2,15.27,13.67,13.67,True,国安股份,False
2016-02-26,116.125,116.762,111.266,112.7,503460.0,666581040.0,13.67,13.75,13.06,13.24,True,国安股份,False
2016-02-29,112.301,112.301,102.186,102.186,584100.0,696247200.0,13.19,13.19,11.92,11.92,True,国安股份,False
2016-03-01,102.743,107.204,99.398,105.053,497194.0,610554232.0,11.99,12.55,11.57,12.28,True,国安股份,False
2016-03-02,105.212,114.452,104.257,113.576,609831.0,814124385.0,12.3,13.46,12.18,13.35,True,国安股份,False
2016-03-03,113.177,116.363,111.823,113.018,574679.0,763173712.0,13.3,13.7,13.13,13.28,True,国安股份,False
2016-03-04,112.54,114.293,104.416,106.407,568100.0,707284500.0,13.22,13.44,12.2,12.45,True,国安股份,False
2016-03-07,107.522,112.062,107.522,110.151,382749.0,494511708.0,12.59,13.16,12.59,12.92,True,国安股份,False
2016-03-08,109.514,115.248,103.779,113.576,570740.0,761937900.0,12.84,13.56,12.12,13.35,True,国安股份,False
2016-03-09,110.629,111.584,108.558,109.036,352790.0,450865620.0,12.98,13.1,12.72,12.78,True,国安股份,False
2016-03-10,109.434,111.983,108.08,108.239,363359.0,460739212.0,12.83,13.15,12.66,12.68,True,国安股份,False
2016-03-11,106.805,108.717,105.292,107.761,265007.0,334438834.0,12.5,12.74,12.31,12.62,True,国安股份,False
2016-03-14,109.115,116.602,109.115,112.859,673743.0,893383218.0,12.79,13.73,12.79,13.26,True,国安股份,False
2016-03-15,112.779,115.726,111.425,112.54,481854.0,637010988.0,13.25,13.62,13.08,13.22,True,国安股份,False
2016-03-16,112.859,113.815,108.797,109.753,406644.0,523350828.0,13.26,13.38,12.75,12.87,True,国安股份,False
2016-03-17,109.991,120.027,109.991,120.027,735234.0,1041091344.0,12.9,14.16,12.9,14.16,True,国安股份,False
2016-03-18,122.735,130.7,120.824,127.594,1135539.0,1715799429.0,14.5,15.5,14.26,15.11,True,国安股份,False
2016-03-21,128.391,131.975,127.116,131.975,979328.0,1533627648.0,15.21,15.66,15.05,15.66,True,国安股份,False
2016-03-22,129.904,133.727,128.47,132.214,831553.0,1304706657.0,15.4,15.88,15.22,15.69,True,国安股份,False
2016-03-23,134.683,143.365,133.249,137.789,1687464.0,2765753496.0,16.0,17.09,15.82,16.39,True,国安股份,False
2016-03-24,135.479,146.471,133.329,140.975,1454336.0,2441830144.0,16.1,17.48,15.83,16.79,True,国安股份,False
2016-03-25,141.055,142.489,136.276,138.267,776920.0,1278033400.0,16.8,16.98,16.2,16.45,True,国安股份,False
2016-03-28,139.542,141.533,134.842,135.32,712131.0,1145106647.9999998,16.61,16.86,16.02,16.08,True,国安股份,False
2016-03-29,135.081,142.489,133.09,138.825,902932.0,1491643664.0,16.05,16.98,15.8,16.52,True,国安股份,False
2016-03-30,140.816,151.409,138.347,150.135,1123843.0,2016174342.0,16.77,18.1,16.46,17.94,True,国安股份,False
2016-03-31,149.896,158.02,148.462,148.861,1361515.0,2420773670.0,17.91,18.93,17.73,17.78,True,国安股份,False
2016-04-01,150.613,163.038,147.586,163.038,1629090.0,3186500040.0,18.0,19.56,17.62,19.56,True,国安股份,False
2016-04-05,168.534,176.101,165.746,173.791,1683272.0,3519721752.0,20.25,21.2,19.9,20.91,True,国安股份,False
2016-04-06,170.446,173.313,167.977,171.242,1054718.0,2171664362.0,20.49,20.85,20.18,20.59,True,国安股份,False
2016-04-07,172.198,187.172,172.198,178.092,1458852.0,3129237540.0,20.71,22.59,20.71,21.45,True,国安股份,False
2016-04-08,174.508,181.438,167.817,171.8,1243498.0,2569066868.0,21.0,21.87,20.16,20.66,True,国安股份,False
2016-04-11,174.428,179.207,170.525,174.508,930400.0,1953840000.0,20.99,21.59,20.5,21.0,True,国安股份,False
2016-04-12,172.995,188.128,166.623,183.349,1484167.0,3281493237.0,20.81,22.71,20.01,22.11,True,国安股份,False
2016-04-13,181.278,189.323,176.977,177.933,1406625.0,3014397375.0,21.85,22.86,21.31,21.43,True,国安股份,False
2016-04-14,177.853,179.845,172.198,176.42,847535.0,1800164339.9999998,21.42,21.67,20.71,21.24,True,国安股份,False
2016-04-15,176.021,181.597,174.747,177.535,671391.0,1435433958.0,21.19,21.89,21.03,21.38,True,国安股份,False
2016-04-18,174.508,184.862,172.118,181.278,982243.0,2146200955.0,21.0,22.3,20.7,21.85,True,国安股份,False
2016-04-19,180.88,182.314,167.738,169.649,1063534.0,2168545826.0,21.8,21.98,20.15,20.39,True,国安股份,False
2016-04-20,169.649,170.764,154.994,160.808,1185868.0,2286353504.0,20.39,20.53,18.55,19.28,True,国安股份,False
2016-04-21,160.251,163.118,152.843,154.277,836815.0,1544760490.0,19.21,19.57,18.28,18.46,True,国安股份,False
2016-04-22,152.843,162.799,152.764,160.49,955438.0,1838262712.0,18.28,19.53,18.27,19.24,True,国安股份,False
2016-04-25,158.578,164.95,157.144,160.251,689567.0,1324658207.0,19.0,19.8,18.82,19.21,True,国安股份,False
2016-04-26,160.171,174.986,159.454,174.588,1190498.0,2501236298.0,19.2,21.06,19.11,21.01,True,国安股份,False
2016-04-27,174.508,179.287,172.915,175.942,1138672.0,2411707296.0,21.0,21.6,20.8,21.18,True,国安股份,False
2016-04-28,175.384,180.482,171.163,176.26,1078182.0,2287902204.0,21.11,21.75,20.58,21.22,True,国安股份,False
2016-04-29,176.897,178.49,169.171,171.322,802523.0,1653197380.0,21.3,21.5,20.33,20.6,True,国安股份,False
2016-05-03,170.366,178.729,169.888,178.092,801181.0,1718533245.0,20.48,21.53,20.42,21.45,True,国安股份,False
2016-05-04,177.455,179.685,173.791,176.659,773611.0,1645470597.0,21.37,21.65,20.91,21.27,True,国安股份,False
2016-05-05,176.499,180.163,176.101,177.296,797636.0,1702952860.0,21.25,21.71,21.2,21.35,True,国安股份,False
2016-05-06,173.711,175.225,160.33,160.33,1674117.0,3217652874.0,20.9,21.09,19.22,19.22,True,国安股份,False
2016-05-09,153.64,154.675,145.037,145.436,1046270.0,1815278450.0,18.38,18.51,17.3,17.35,True,国安股份,False
2016-05-10,142.648,146.153,139.542,141.533,739803.0,1247307858.0,17.0,17.44,16.61,16.86,True,国安股份,False
2016-05-11,145.197,146.153,138.586,139.303,786283.0,1303657213.9999998,17.32,17.44,16.49,16.58,True,国安股份,False
2016-05-12,136.276,144.639,132.373,144.002,966334.0,1659195478.0000002,16.2,17.25,15.71,17.17,True,国安股份,False
2016-05-13,142.648,151.171,141.851,147.825,1138953.0,2010252045.0,17.0,18.07,16.9,17.65,True,国安股份,False
2016-05-16,150.852,152.047,146.073,150.772,814957.0,1468552514.0,18.03,18.18,17.43,18.02,True,国安股份,False
2016-05-17,149.816,150.294,146.551,147.427,645987.0,1136937120.0,17.9,17.96,17.49,17.6,True,国安股份,False
2016-05-18,144.4,144.4,135.559,137.949,655062.0,1074956742.0,17.22,17.22,16.11,16.41,True,国安股份,False
2016-05-19,138.347,143.922,138.347,139.462,572951.0,951098660.0,16.46,17.16,16.46,16.6,True,国安股份,False
2016-05-20,136.674,142.568,136.117,142.329,466677.0,791484192.0,16.25,16.99,16.18,16.96,True,国安股份,False
2016-05-23,142.648,149.418,141.533,148.064,781715.0,1382072120.0,17.0,17.85,16.86,17.68,True,国安股份,False
2016-05-24,147.427,147.825,142.25,143.524,516754.0,884166094.0,17.6,17.65,16.95,17.11,True,国安股份,False
2016-05-25,145.356,147.746,142.728,143.365,519683.0,888138247.0,17.34,17.64,17.01,17.09,True,国安股份,False
2016-05-26,142.967,145.675,139.223,145.356,513010.0,889559340.0,17.04,17.38,16.57,17.34,True,国安股份,False
2016-05-27,145.037,146.869,143.206,143.444,441568.0,755081280.0000001,17.3,17.53,17.07,17.1,True,国安股份,False
2016-05-30,141.055,147.108,140.258,144.48,500425.0,862232275.0,16.8,17.56,16.7,17.23,True,国安股份,False
2016-05-31,144.639,152.604,144.241,151.648,846839.0,1535319107.0,17.25,18.25,17.2,18.13,True,国安股份,False
2016-06-01,151.409,157.383,150.772,152.764,790845.0,1444873815.0,18.1,18.85,18.02,18.27,True,国安股份,False
2016-06-02,152.206,159.374,151.648,157.065,818012.0,1538680572.0,18.2,19.1,18.13,18.81,True,国安股份,False
2016-06-03,157.861,160.012,154.595,157.861,645110.0,1219903010.0,18.91,19.18,18.5,18.91,True,国安股份,False
2016-06-06,158.817,159.852,155.153,158.339,576122.0,1092903434.0,19.03,19.16,18.57,18.97,True,国安股份,False
2016-06-07,158.578,159.374,156.826,158.419,420587.0,798274126.0,19.0,19.1,18.78,18.98,True,国安股份,False
2016-06-08,158.18,159.852,154.675,157.144,546012.0,1027594584.0,18.95,19.16,18.51,18.82,True,国安股份,False
2016-06-13,154.197,156.348,142.17,142.17,746831.0,1265131714.0,18.45,18.72,16.94,16.94,True,国安股份,False
2016-06-14,139.94,144.241,139.94,142.329,444231.0,753415776.0,16.66,17.2,16.66,16.96,True,国安股份,False
2016-06-15,140.338,150.215,138.665,148.144,620274.0,1097264706.0,16.71,17.95,16.5,17.69,True,国安股份,False
2016-06-16,147.586,150.135,145.914,146.71,446046.0,781026546.0000001,17.62,17.94,17.41,17.51,True,国安股份,False
2016-06-17,147.427,151.489,146.71,147.905,474774.0,838450884.0,17.6,18.11,17.51,17.66,True,国安股份,False
2016-06-20,146.71,147.825,142.887,144.719,405681.0,700205406.0000001,17.51,17.65,17.03,17.26,True,国安股份,False
2016-06-21,146.63,158.498,146.63,156.507,1337788.0,2507014712.0,17.5,18.99,17.5,18.74,True,国安股份,False
2016-06-22,154.516,158.897,153.082,157.543,830389.0,1566944043.0,18.49,19.04,18.31,18.87,True,国安股份,False
2016-06-23,155.472,161.366,155.472,156.985,720786.0,1355077680.0,18.61,19.35,18.61,18.8,True,国安股份,False
2016-06-24,159.613,171.561,158.02,165.03,1561309.0,3092953129.0,19.13,20.63,18.93,19.81,True,国安股份,False
2016-06-27,164.95,171.8,163.516,171.72,966058.0,1994909770.0,19.8,20.66,19.62,20.65,True,国安股份,False
2016-06-28,169.649,172.596,167.419,169.968,684031.0,1397475333.0,20.39,20.76,20.11,20.43,True,国安股份,False
2016-06-29,172.278,179.207,167.339,168.136,1041612.0,2104056240.0,20.72,21.59,20.1,20.2,True,国安股份,False
2016-06-30,166.623,178.411,165.03,176.977,1136068.0,2420960908.0,20.01,21.49,19.81,21.31,True,国安股份,False
2016-07-01,176.897,177.216,171.163,171.402,796759.0,1642120299.0,21.3,21.34,20.58,20.61,True,国安股份,False
2016-07-04,169.968,182.314,169.729,179.446,969462.0,2095976844.0,20.43,21.98,20.4,21.62,True,国安股份,False
2016-07-05,178.57,180.88,176.101,179.367,665816.0,1438828376.0,21.51,21.8,21.2,21.61,True,国安股份,False
2016-07-06,179.048,183.588,176.499,179.845,643132.0,1393667044.0,21.57,22.14,21.25,21.67,True,国安股份,False
2016-07-07,178.49,179.048,174.827,176.579,575710.0,1223959460.0,21.5,21.57,21.04,21.26,True,国安股份,False
2016-07-08,178.49,181.676,176.181,176.738,541564.0,1152448192.0,21.5,21.9,21.21,21.28,True,国安股份,False
2016-07-11,176.101,180.243,172.676,172.676,592245.0,1230092865.0,21.2,21.72,20.77,20.77,True,国安股份,False
2016-07-12,172.915,174.03,166.224,172.198,681129.0,1410618159.0,20.8,20.94,19.96,20.71,True,国安股份,False
2016-07-13,172.835,181.278,170.207,180.88,973863.0,2123021340.0,20.79,21.85,20.46,21.8,True,国安股份,False
2016-07-14,179.446,183.668,178.889,183.11,771614.0,1703723711.9999998,21.62,22.15,21.55,22.08,True,国安股份,False
2016-07-15,188.765,199.916,183.747,194.42,1465938.0,3444954300.0,22.79,24.19,22.16,23.5,True,国安股份,False
2016-07-18,193.624,211.067,192.27,204.456,1472206.0,3645182056.0,23.4,25.59,23.23,24.76,True,国安股份,False
2016-07-19,203.182,208.757,198.403,204.456,1066130.0,2639737880.0,24.6,25.3,24.0,24.76,True,国安股份,False
2016-07-20,202.545,205.89,199.04,202.306,687918.0,1684711182.0,24.52,24.94,24.08,24.49,True,国安股份,False
2016-07-21,201.509,212.581,201.031,208.757,1095747.0,2772239910.0,24.39,25.78,24.33,25.3,True,国安股份,False
2016-07-22,207.802,228.909,205.094,228.67,1492073.0,4147962940.0,25.18,27.83,24.84,27.8,True,国安股份,False
2016-07-25,226.28,237.272,221.103,221.342,1617115.0,4346805120.0,27.5,28.88,26.85,26.88,True,国安股份,False
2016-07-26,219.829,232.652,210.35,214.333,1880177.0,4888460200.0,26.69,28.3,25.5,26.0,True,国安股份,False
2016-07-27,211.864,216.484,199.438,214.731,1533626.0,3995095730.0,25.69,26.27,24.13,26.05,True,国安股份,False
2016-07-28,211.147,214.253,204.138,206.766,1087223.0,2723493615.0,25.6,25.99,24.72,25.05,True,国安股份,False
2016-07-29,207.164,216.125,197.208,197.606,2689514.0,2560417328.0,10.0,10.45,9.5,9.52,True,国安股份,False
2016-08-01,192.23,192.23,178.69,178.69,2955001.0,2532435857.0,9.25,9.25,8.57,8.57,True,国安股份,False
2016-08-02,175.105,189.243,174.906,188.248,2547472.0,2305462160.0,8.39,9.1,8.38,9.05,True,国安股份,False
2016-08-03,184.464,190.239,183.07,187.65,1979159.0,1785201418.0,8.86,9.15,8.79,9.02,True,国安股份,False
2016-08-04,186.057,199.0,186.057,194.819,2533726.0,2376634988.0,8.94,9.59,8.94,9.38,True,国安股份,False
2016-08-05,193.226,198.204,191.832,193.226,1860505.0,1730269650.0000002,9.3,9.55,9.23,9.3,True,国安股份,False
2016-08-08,193.027,196.213,189.442,195.615,1498937.0,1411998654.0,9.29,9.45,9.11,9.42,True,国安股份,False
2016-08-09,193.823,214.333,192.628,214.333,3493349.0,3619109564.0,9.33,10.36,9.27,10.36,True,国安股份,False
2016-08-10,211.147,223.891,211.147,216.125,4053341.0,4235741345.0,10.2,10.84,10.2,10.45,True,国安股份,False
2016-08-11,214.93,224.687,212.143,219.709,3223453.0,3426530539.0000005,10.39,10.88,10.25,10.63,True,国安股份,False
2016-08-12,216.125,222.895,213.736,219.51,2396396.0,2544972552.0,10.45,10.79,10.33,10.62,True,国安股份,False
2016-08-15,221.302,233.847,216.324,226.679,3741232.0,4107872736.0,10.71,11.34,10.46,10.98,True,国安股份,False
2016-08-16,223.294,227.276,219.908,221.103,3194931.0,3418576170.0,10.81,11.01,10.64,10.7,True,国安股份,False
2016-08-17,221.501,242.41,220.108,242.41,4382218.0,5157870586.0,10.72,11.77,10.65,11.77,True,国安股份,False
2016-08-18,246.591,251.968,241.016,242.609,5191928.0,6116091184.0,11.98,12.25,11.7,11.78,True,国安股份,False
2016-08-19,238.825,264.313,237.431,257.145,4714299.0,5897588049.0,11.59,12.87,11.52,12.51,True,国安股份,False
2016-08-22,254.556,256.946,246.989,249.777,3130769.0,3800753566.0,12.38,12.5,12.0,12.14,True,国安股份,False
2016-08-23,240.02,243.206,225.882,233.449,3804692.0,4306911344.0,11.65,11.81,10.94,11.32,True,国安股份,False
2016-08-24,233.449,240.219,233.051,237.033,2236717.0,2572224550.0,11.32,11.66,11.3,11.5,True,国安股份,False
2016-08-25,233.051,234.843,224.488,230.462,2095429.0,2340594193.0,11.3,11.39,10.87,11.17,True,国安股份,False
2016-08-26,232.652,248.184,230.86,240.617,3116830.0,3640457440.0,11.28,12.06,11.19,11.68,True,国安股份,False
2016-08-29,238.427,253.76,237.033,250.574,2821119.0,3436122942.0,11.57,12.34,11.5,12.18,True,国安股份,False
2016-08-30,252.565,254.357,245.396,249.976,2259431.0,2745208665.0,12.28,12.37,11.92,12.15,True,国安股份,False
2016-08-31,250.972,258.14,248.184,253.76,2701801.0,3334022434.0,12.2,12.56,12.06,12.34,True,国安股份,False
2016-09-01,251.37,274.07,249.18,263.716,4164630.0,5347384920.0,12.22,13.36,12.11,12.84,True,国安股份,False
2016-09-02,261.526,268.296,259.136,260.132,2937906.0,3719388996.0,12.73,13.07,12.61,12.66,True,国安股份,False
2016-09-05,258.937,264.712,251.768,253.76,2836995.0,3500851830.0,12.6,12.89,12.24,12.34,True,国安股份,False
2016-09-06,253.162,268.097,252.167,266.504,3383885.0,4392282730.0,12.31,13.06,12.26,12.98,True,国安股份,False
2016-09-07,264.512,268.296,260.928,263.517,2419424.0,3104120992.0,12.88,13.07,12.7,12.83,True,国安股份,False
2016-09-08,263.517,266.703,257.941,265.309,1992512.0,2574325504.0,12.83,12.99,12.55,12.92,True,国安股份,False
2016-09-09,267.101,267.898,259.933,259.933,1752600.0,2217039000.0,13.01,13.05,12.65,12.65,True,国安股份,False
2016-09-12,248.582,252.963,239.024,242.808,2635535.0,3107295765.0,12.08,12.3,11.6,11.79,True,国安股份,False
2016-09-13,244.799,251.569,241.613,250.175,2042787.0,2484028992.0,11.89,12.23,11.73,12.16,True,国安股份,False
2016-09-14,247.189,266.305,244.401,255.751,2686935.0,3342547140.0,12.01,12.97,11.87,12.44,True,国安股份,False
2016-09-19,256.747,258.34,253.162,256.348,1379821.0,1720636787.0,12.49,12.57,12.31,12.47,True,国安股份,False
2016-09-20,256.747,259.733,250.574,251.968,1432788.0,1755165300.0,12.49,12.64,12.18,12.25,True,国安股份,False
2016-09-21,251.37,253.162,246.193,248.383,1506465.0,1818303255.0,12.22,12.31,11.96,12.07,True,国安股份,False
2016-09-22,249.777,258.539,247.786,257.543,2138982.0,2680144446.0,12.14,12.58,12.04,12.53,True,国安股份,False
2016-09-23,255.95,258.14,246.989,247.388,1872149.0,2250323098.0,12.45,12.56,12.0,12.02,True,国安股份,False
2016-09-26,245.994,245.994,229.267,233.449,1941988.0,2198330416.0,11.95,11.95,11.11,11.32,True,国安股份,False
2016-09-27,231.657,236.635,227.475,235.639,1376558.0,1573405794.0,11.23,11.48,11.02,11.43,True,国安股份,False
2016-09-28,234.046,236.834,230.661,232.254,933440.0,1051053440.0,11.35,11.49,11.18,11.26,True,国安股份,False
2016-09-29,232.652,234.445,229.666,230.263,920762.0,1027570392.0,11.28,11.37,11.13,11.16,True,国安股份,False
2016-09-30,230.263,233.449,229.865,230.86,736228.0,823839132.0,11.16,11.32,11.14,11.19,True,国安股份,False
2016-10-10,234.644,240.219,232.055,239.224,1236480.0,1435553280.0,11.38,11.66,11.25,11.61,True,国安股份,False
2016-10-11,239.423,240.219,236.237,238.029,1068368.0,1233965040.0,11.62,11.66,11.46,11.55,True,国安股份,False
2016-10-12,236.237,252.764,234.644,248.582,2660179.0,3213496232.0,11.46,12.29,11.38,12.08,True,国安股份,False
2016-10-13,245.197,251.171,244.6,245.596,1693545.0,2020399185.0,11.91,12.21,11.88,11.93,True,国安股份,False
2016-10-14,246.392,251.37,244.003,246.591,1500217.0,1797259966.0,11.97,12.22,11.85,11.98,True,国安股份,False
2016-10-17,246.989,248.184,237.83,240.418,1303671.0,1521384057.0,12.0,12.06,11.54,11.67,True,国安股份,False
2016-10-18,239.224,246.193,239.224,244.401,1147358.0,1361913946.0,11.61,11.96,11.61,11.87,True,国安股份,False
2016-10-19,244.401,252.565,241.215,249.578,2289539.0,2777210807.0,11.87,12.28,11.71,12.13,True,国安股份,False
2016-10-20,246.989,248.981,244.003,244.799,1367836.0,1626357004.0,12.0,12.1,11.85,11.89,True,国安股份,False
2016-10-21,244.202,246.193,239.024,240.617,1234166.0,1441505888.0,11.86,11.96,11.6,11.68,True,国安股份,False
2016-10-24,240.817,243.405,238.228,240.817,900378.0,1052541882.0,11.69,11.82,11.56,11.69,True,国安股份,False
2016-10-25,240.817,244.202,239.224,239.622,1138830.0,1324459290.0,11.69,11.86,11.61,11.63,True,国安股份,False
2016-10-26,238.427,244.401,237.232,240.817,1336440.0,1562298360.0,11.57,11.87,11.51,11.69,True,国安股份,False
2016-10-27,241.016,241.215,231.458,233.847,1542784.0,1749517056.0,11.7,11.71,11.22,11.34,True,国安股份,False
2016-10-28,231.059,234.046,230.064,230.661,1053984.0,1178354112.0,11.2,11.35,11.15,11.18,True,国安股份,False
2016-10-31,230.86,230.86,221.701,227.475,1119730.0,1233942460.0,11.19,11.19,10.73,11.02,True,国安股份,False
2016-11-01,226.48,232.652,224.09,231.657,1057033.0,1187048059.0,10.97,11.28,10.85,11.23,True,国安股份,False
2016-11-02,229.865,235.838,229.666,232.652,1184639.0,1336272792.0,11.14,11.44,11.13,11.28,True,国安股份,False
2016-11-03,231.259,233.648,229.267,230.263,1085681.0,1211619996.0,11.21,11.33,11.11,11.16,True,国安股份,False
2016-11-04,230.263,232.055,225.285,226.28,854987.0,937065752.0,11.16,11.25,10.91,10.96,True,国安股份,False
2016-11-07,224.687,224.687,218.315,219.709,1011562.0,1075290406.0,10.88,10.88,10.56,10.63,True,国安股份,False
2016-11-08,220.904,226.081,220.904,221.9,843244.0,905644056.0,10.69,10.95,10.69,10.74,True,国安股份,False
2016-11-09,221.701,221.701,210.948,215.926,1254516.0,1309714704.0,10.73,10.73,10.19,10.44,True,国安股份,False
2016-11-10,218.315,219.311,214.731,216.324,847593.0,886582278.0000001,10.56,10.61,10.38,10.46,True,国安股份,False
2016-11-11,216.125,222.099,213.138,220.307,1428276.0,1522542216.0,10.45,10.75,10.3,10.66,True,国安股份,False
2016-11-14,218.714,222.099,218.315,219.908,945139.0,1005627896.0,10.58,10.75,10.56,10.64,True,国安股份,False
2016-11-15,220.307,222.497,219.51,220.904,758593.0,810935917.0,10.66,10.77,10.62,10.69,True,国安股份,False
2016-11-16,221.103,231.856,219.908,227.674,1937048.0,2136563944.0,10.7,11.24,10.64,11.03,True,国安股份,False
2016-11-17,226.28,227.077,220.705,222.696,985849.0,1062745222.0,10.96,11.0,10.68,10.78,True,国安股份,False
2016-11-18,223.692,223.692,218.913,219.908,572478.0,609116592.0,10.83,10.83,10.59,10.64,True,国安股份,False
2016-11-21,219.51,220.705,217.121,220.307,576205.0,614234530.0,10.62,10.68,10.5,10.66,True,国安股份,False
2016-11-22,219.709,222.497,218.515,221.103,592137.0,633586590.0,10.63,10.77,10.57,10.7,True,国安股份,False
2016-11-23,220.108,224.09,219.112,219.112,725837.0,769387220.0,10.65,10.85,10.6,10.6,True,国安股份,False
2016-11-24,219.709,222.099,216.324,221.501,1018501.0,1091833072.0,10.63,10.75,10.46,10.72,True,国安股份,False
2016-11-25,219.311,221.701,214.333,218.116,740453.0,781177915.0,10.61,10.73,10.36,10.55,True,国安股份,False
2016-11-28,218.116,218.913,214.333,214.532,777305.0,806065284.9999999,10.55,10.59,10.36,10.37,True,国安股份,False
2016-11-29,213.536,216.324,211.346,211.545,715976.0,731727472.0,10.32,10.46,10.21,10.22,True,国安股份,False
2016-11-30,211.147,214.532,207.164,210.55,762997.0,775967949.0,10.2,10.37,10.0,10.17,True,国安股份,False
2016-12-01,211.147,218.116,210.948,215.727,935191.0,975404213.0,10.2,10.55,10.19,10.43,True,国安股份,False
2016-12-02,216.922,218.714,210.749,211.545,713457.0,729153054.0,10.49,10.58,10.18,10.22,True,国安股份,False
2016-12-05,207.364,211.744,207.164,208.359,523328.0,526467968.0,10.01,10.23,10.0,10.06,True,国安股份,False
2016-12-06,209.554,223.891,207.762,217.718,1679174.0,1768170222.0,10.12,10.84,10.03,10.53,True,国安股份,False
2016-12-07,216.125,218.315,213.736,216.922,818443.0,858546707.0,10.45,10.56,10.33,10.49,True,国安股份,False
2016-12-08,216.324,222.497,215.129,218.116,1126421.0,1188374155.0,10.46,10.77,10.4,10.55,True,国安股份,False
2016-12-09,217.121,217.121,212.143,212.939,734841.0,756151388.9999999,10.5,10.5,10.25,10.29,True,国安股份,False
2016-12-12,211.943,215.926,204.377,204.576,1022753.0,1009457211.0,10.24,10.44,9.86,9.87,True,国安股份,False
2016-12-13,202.585,211.943,201.191,207.563,792733.0,794318466.0,9.77,10.24,9.7,10.02,True,国安股份,False
2016-12-14,207.563,208.359,202.186,202.385,734081.0,716463056.0,10.02,10.06,9.75,9.76,True,国安股份,False
2016-12-15,201.788,209.753,200.195,204.576,729754.0,720267198.0,9.73,10.13,9.65,9.87,True,国安股份,False
2016-12-16,204.974,209.156,203.381,206.169,549426.0,546678870.0,9.89,10.1,9.81,9.95,True,国安股份,False
2016-12-19,205.97,207.164,203.381,204.576,432620.0,426995940.0,9.94,10.0,9.81,9.87,True,国安股份,False
2016-12-20,204.576,205.771,203.182,204.178,365543.0,360059855.0,9.87,9.93,9.8,9.85,True,国安股份,False
2016-12-21,204.576,205.97,203.58,204.974,393964.0,389630396.0,9.87,9.94,9.82,9.89,True,国安股份,False
2016-12-22,204.775,204.974,201.39,201.589,464843.0,451827396.0,9.88,9.89,9.71,9.72,True,国安股份,False
2016-12-23,201.39,202.186,193.425,194.022,760716.0,710508744.0,9.71,9.75,9.31,9.34,True,国安股份,False
2016-12-26,193.226,193.624,188.845,192.628,515291.0,477674757.0,9.3,9.32,9.08,9.27,True,国安股份,False
2016-12-27,192.628,195.814,192.031,192.628,405402.0,375807654.0,9.27,9.43,9.24,9.27,True,国安股份,False
2016-12-28,193.425,194.221,191.234,191.434,308380.0,284017980.0,9.31,9.35,9.2,9.21,True,国安股份,False
2016-12-29,191.035,192.429,190.04,190.438,328815.0,301194540.0,9.19,9.26,9.14,9.16,True,国安股份,False
2016-12-30,190.637,194.022,190.04,190.836,331953.0,304732854.0,9.17,9.34,9.14,9.18,True,国安股份,False
2017-01-03,191.633,194.221,190.04,192.429,333959.0,309246034.0,9.22,9.35,9.14,9.26,True,国安股份,False
2017-01-04,192.23,195.615,191.434,195.615,534084.0,503107128.0,9.25,9.42,9.21,9.42,True,国安股份,False
2017-01-05,195.416,196.611,193.823,194.221,451791.0,422424585.0,9.41,9.47,9.33,9.35,True,国安股份,False
2017-01-06,194.221,195.018,190.239,190.637,453208.0,415591736.0,9.35,9.39,9.15,9.17,True,国安股份,False
2017-01-09,190.637,199.0,189.841,195.814,726861.0,685429923.0,9.17,9.59,9.13,9.43,True,国安股份,False
2017-01-10,194.42,196.611,192.827,193.624,411782.0,383780824.0,9.36,9.47,9.28,9.32,True,国安股份,False
2017-01-11,192.827,193.823,190.836,190.836,280519.0,257516442.0,9.28,9.33,9.18,9.18,True,国安股份,False
2017-01-12,190.836,194.022,190.04,191.234,334350.0,307602000.0,9.18,9.34,9.14,9.2,True,国安股份,False
2017-01-13,192.031,192.628,184.663,185.659,525234.0,468508728.0,9.24,9.27,8.87,8.92,True,国安股份,False
2017-01-16,184.862,185.659,167.937,171.322,896061.0,734770019.9999999,8.88,8.92,8.03,8.2,True,国安股份,False
2017-01-17,171.322,173.114,165.348,172.517,519358.0,428989708.0,8.2,8.29,7.9,8.26,True,国安股份,False
2017-01-18,171.322,173.911,170.525,171.123,318768.0,261070992.0,8.2,8.33,8.16,8.19,True,国安股份,False
2017-01-19,171.322,172.716,168.733,169.729,300260.0,243811120.0,8.2,8.27,8.07,8.12,True,国安股份,False
2017-01-20,169.331,174.707,169.331,174.11,489177.0,407973618.0,8.1,8.37,8.1,8.34,True,国安股份,False
2017-01-23,173.711,177.694,173.313,174.707,465977.0,390022749.0,8.32,8.52,8.3,8.37,True,国安股份,False
2017-01-24,174.508,175.703,172.118,172.318,253616.0,209233200.0,8.36,8.42,8.24,8.25,True,国安股份,False
2017-01-25,172.318,179.884,171.521,178.49,681136.0,583052416.0,8.25,8.63,8.21,8.56,True,国安股份,False
2017-01-26,176.897,180.283,176.698,178.49,562874.0,481820144.0,8.48,8.65,8.47,8.56,True,国安股份,False
2017-02-03,178.291,178.49,174.508,175.304,296163.0,248776920.0,8.55,8.56,8.36,8.4,True,国安股份,False
2017-02-06,175.504,178.092,174.309,177.296,286165.0,243240250.0,8.41,8.54,8.35,8.5,True,国安股份,False
2017-02-07,176.499,179.884,175.504,177.893,415868.0,354735404.0,8.46,8.63,8.41,8.53,True,国安股份,False
2017-02-08,177.296,178.889,175.703,178.291,357976.0,306069480.0,8.5,8.58,8.42,8.55,True,国安股份,False
2017-02-09,176.897,181.676,176.897,178.889,474403.0,407037774.0,8.48,8.72,8.48,8.58,True,国安股份,False
2017-02-10,179.088,182.274,178.49,180.083,579456.0,500649984.00000006,8.59,8.75,8.56,8.64,True,国安股份,False
2017-02-13,179.486,180.681,177.097,179.287,390231.0,335598660.0,8.61,8.67,8.49,8.6,True,国安股份,False
2017-02-14,179.287,181.079,178.291,179.287,320252.0,275416720.0,8.6,8.69,8.55,8.6,True,国安股份,False
2017-02-15,178.49,179.486,175.304,175.902,462293.0,389712999.0,8.56,8.61,8.4,8.43,True,国安股份,False
2017-02-16,175.504,176.698,174.906,175.902,259455.0,218720565.0,8.41,8.47,8.38,8.43,True,国安股份,False
2017-02-17,175.703,192.628,173.911,192.628,1878915.0,1741754205.0,8.42,9.27,8.33,9.27,True,国安股份,False
2017-02-20,196.611,210.35,192.628,203.381,3086482.0,3027838842.0,9.47,10.16,9.27,9.81,True,国安股份,False
2017-02-21,201.191,205.771,198.204,204.178,1646399.0,1621703015.0,9.7,9.93,9.55,9.85,True,国安股份,False
2017-02-22,202.784,204.178,199.797,202.784,1056469.0,1033226682.0,9.78,9.85,9.63,9.78,True,国安股份,False
2017-02-23,201.39,213.138,201.39,208.757,2112361.0,2129259888.0,9.71,10.3,9.71,10.08,True,国安股份,False
2017-02-24,207.164,209.952,204.775,207.364,959285.0,960244285.0,10.0,10.14,9.88,10.01,True,国安股份,False
2017-02-27,219.112,225.484,208.16,208.558,1902965.0,1916285755.0,10.6,10.92,10.05,10.07,True,国安股份,False
2017-02-28,207.364,228.67,204.775,228.67,2418109.0,2679264772.0,10.01,11.08,9.88,11.08,True,国安股份,False
2017-03-01,230.661,246.989,228.073,236.436,4454206.0,5108974282.0,11.18,12.0,11.05,11.47,True,国安股份,False
2017-03-02,234.644,243.007,233.25,239.821,2709192.0,3153499488.0,11.38,11.8,11.31,11.64,True,国安股份,False
2017-03-03,237.033,241.613,231.657,234.445,1899224.0,2159417688.0,11.5,11.73,11.23,11.37,True,国安股份,False
2017-03-06,235.44,240.617,232.453,235.042,1497864.0,1707564960.0,11.42,11.68,11.27,11.4,True,国安股份,False
2017-03-07,236.436,240.219,231.259,234.644,1854455.0,2110369790.0,11.47,11.66,11.21,11.38,True,国安股份,False
2017-03-08,233.051,233.449,226.48,227.873,1852408.0,2045058432.0,11.3,11.32,10.97,11.04,True,国安股份,False
2017-03-09,228.67,232.055,227.077,227.276,1536052.0,1691193252.0,11.08,11.25,11.0,11.01,True,国安股份,False
2017-03-10,226.081,226.081,219.311,220.904,1911861.0,2043779409.0,10.95,10.95,10.61,10.69,True,国安股份,False
2017-03-13,220.904,242.011,219.112,237.232,2803002.0,3226255302.0,10.69,11.75,10.6,11.51,True,国安股份,False
2017-03-14,233.847,238.228,231.059,232.254,1922479.0,2164711354.0,11.34,11.56,11.2,11.26,True,国安股份,False
2017-03-15,232.254,240.02,230.86,233.648,1635886.0,1853458838.0,11.26,11.65,11.19,11.33,True,国安股份,False
2017-03-16,234.245,248.981,232.254,242.609,3270453.0,3852593634.0,11.36,12.1,11.26,11.78,True,国安股份,False
2017-03-17,240.219,246.193,239.622,240.418,1956995.0,2283813165.0,11.66,11.96,11.63,11.67,True,国安股份,False
2017-03-20,237.83,239.821,229.267,234.843,1759879.0,2004502181.0,11.54,11.64,11.11,11.39,True,国安股份,False
2017-03-21,234.445,238.427,232.254,234.843,1056466.0,1203314774.0,11.37,11.57,11.26,11.39,True,国安股份,False
2017-03-22,232.254,244.6,229.865,240.02,1933133.0,2252099945.0,11.26,11.88,11.14,11.65,True,国安股份,False
2017-03-23,239.024,248.981,238.228,244.401,2941232.0,3491242384.0,11.6,12.1,11.56,11.87,True,国安股份,False
2017-03-24,251.37,253.959,241.414,241.812,2877531.0,3378221394.0,12.22,12.35,11.72,11.74,True,国安股份,False
2017-03-27,240.418,244.6,235.639,242.609,1649922.0,1943608116.0,11.67,11.88,11.43,11.78,True,国安股份,False
2017-03-28,242.609,252.565,229.068,229.865,4095811.0,4562733454.0,11.78,12.28,11.1,11.14,True,国安股份,False
2017-03-29,227.077,227.077,217.121,221.701,2712736.0,2910765728.0,11.0,11.0,10.5,10.73,True,国安股份,False
2017-03-30,222.497,223.891,209.952,211.943,1896128.0,1941635072.0,10.77,10.84,10.14,10.24,True,国安股份,False
2017-03-31,212.74,214.333,210.35,211.545,924850.0,945196700.0,10.28,10.36,10.16,10.22,True,国安股份,False
2017-04-05,211.545,220.108,211.545,217.121,1242923.0,1305069150.0,10.22,10.65,10.22,10.5,True,国安股份,False
2017-04-06,217.917,218.913,213.935,216.523,970892.0,1016523924.0,10.54,10.59,10.34,10.47,True,国安股份,False
2017-04-07,216.722,218.315,214.532,214.731,667388.0,692748744.0,10.48,10.56,10.37,10.38,True,国安股份,False
2017-04-10,213.536,213.536,207.164,207.762,1135830.0,1139237490.0,10.32,10.32,10.0,10.03,True,国安股份,False
2017-04-11,207.164,213.138,206.368,211.943,1027616.0,1052278784.0,10.0,10.3,9.96,10.24,True,国安股份,False
2017-04-12,210.749,224.687,207.364,219.311,1793926.0,1903355486.0,10.18,10.88,10.01,10.61,True,国安股份,False
2017-04-13,217.121,219.709,214.134,214.532,907009.0,940568333.0,10.5,10.63,10.35,10.37,True,国安股份,False
2017-04-14,212.939,217.519,210.35,210.948,671207.0,683959933.0,10.29,10.52,10.16,10.19,True,国安股份,False
2017-04-17,208.757,213.138,208.16,210.749,501450.0,510476100.0,10.08,10.3,10.05,10.18,True,国安股份,False
2017-04-18,210.749,216.125,209.156,210.948,645899.0,658171081.0,10.18,10.45,10.1,10.19,True,国安股份,False
2017-04-19,209.156,210.151,199.199,199.399,1110044.0,1066752284.0,10.1,10.15,9.6,9.61,True,国安股份,False
2017-04-20,199.996,202.186,189.442,193.027,875671.0,813498358.9999999,9.64,9.75,9.11,9.29,True,国安股份,False
2017-04-21,192.031,194.62,187.053,189.243,632222.0,575322020.0,9.24,9.37,8.99,9.1,True,国安股份,False
2017-04-24,187.451,188.646,180.083,181.079,642038.0,557931022.0,9.01,9.07,8.64,8.69,True,国安股份,False
2017-04-25,180.283,186.655,180.283,183.867,535465.0,472815595.0,8.65,8.97,8.65,8.83,True,国安股份,False
2017-04-26,183.867,194.62,183.668,189.044,750591.0,682287219.0,8.83,9.37,8.82,9.09,True,国安股份,False
2017-04-27,189.044,194.42,183.269,190.438,763431.0,699302796.0,9.09,9.36,8.8,9.16,True,国安股份,False
2017-04-28,188.447,193.624,187.252,189.841,551328.0,503362464.00000006,9.06,9.32,9.0,9.13,True,国安股份,False
2017-05-02,188.248,192.23,187.65,190.637,458057.0,420038269.0,9.05,9.25,9.02,9.17,True,国安股份,False
2017-05-03,190.438,193.226,189.243,192.628,594658.0,551247966.0,9.16,9.3,9.1,9.27,True,国安股份,False
2017-05-04,191.234,194.42,189.641,190.637,579915.0,531782055.0,9.2,9.36,9.12,9.17,True,国安股份,False
2017-05-05,190.438,191.234,183.668,184.464,619391.0,548780426.0,9.16,9.2,8.82,8.86,True,国安股份,False
2017-05-08,183.668,186.057,179.287,179.287,464766.0,399698760.0,8.82,8.94,8.6,8.6,True,国安股份,False
2017-05-09,178.092,184.066,177.296,183.668,418232.0,368880624.0,8.54,8.84,8.5,8.82,True,国安股份,False
2017-05-10,183.668,186.256,179.486,180.283,490445.0,424234925.0,8.82,8.95,8.61,8.65,True,国安股份,False
2017-05-11,178.69,180.88,165.946,174.309,831329.0,694159715.0,8.57,8.68,7.93,8.35,True,国安股份,False
2017-05-12,174.508,176.698,171.72,173.313,377592.0,313401360.0,8.36,8.47,8.22,8.3,True,国安股份,False
2017-05-15,179.287,189.841,178.49,187.252,1763700.0,1587330000.0,8.6,9.13,8.56,9.0,True,国安股份,False
2017-05-16,184.265,187.849,180.283,186.854,1302362.0,1169521076.0,8.85,9.03,8.65,8.98,True,国安股份,False
2017-05-17,184.862,189.044,183.867,185.46,716718.0,638595738.0,8.88,9.09,8.83,8.91,True,国安股份,False
2017-05-18,183.269,192.23,182.274,187.252,885988.0,797389200.0,8.8,9.25,8.75,9.0,True,国安股份,False
2017-05-19,187.053,190.239,185.261,185.46,504331.0,449358921.0,8.99,9.15,8.9,8.91,True,国安股份,False
2017-05-22,184.862,186.854,179.486,179.486,462227.0,397977447.0,8.88,8.98,8.61,8.61,True,国安股份,False
2017-05-23,179.088,181.876,173.313,173.911,534000.0,444822000.0,8.59,8.73,8.3,8.33,True,国安股份,False
2017-05-24,172.915,178.291,171.322,176.698,449677.0,380876419.0,8.28,8.55,8.2,8.47,True,国安股份,False
2017-05-25,179.088,189.243,177.495,183.269,776796.0,683580480.0,8.59,9.1,8.51,8.8,True,国安股份,False
2017-05-26,182.274,187.252,182.274,183.668,582749.0,513984618.0,8.75,9.0,8.75,8.82,True,国安股份,False
2017-05-31,186.455,187.252,182.274,182.871,357428.0,313821784.0,8.96,9.0,8.75,8.78,True,国安股份,False
2017-06-01,182.075,186.057,181.278,181.676,506385.0,441567720.00000006,8.74,8.94,8.7,8.72,True,国安股份,False
2017-06-02,179.486,183.07,175.703,182.274,459190.0,401791250.0,8.61,8.79,8.42,8.75,True,国安股份,False
2017-06-05,182.871,186.256,182.274,184.464,419398.0,371586628.0,8.78,8.95,8.75,8.86,True,国安股份,False
2017-06-06,184.066,190.836,183.269,188.248,789601.0,714588905.0,8.84,9.18,8.8,9.05,True,国安股份,False
2017-06-07,187.252,193.027,187.053,191.633,984342.0,907563324.0,9.0,9.29,8.99,9.22,True,国安股份,False
2017-06-08,190.438,192.23,188.646,189.442,660725.0,601920475.0,9.16,9.25,9.07,9.11,True,国安股份,False
2017-06-09,188.845,189.841,187.451,188.845,464114.0,421415512.0,9.08,9.13,9.01,9.08,True,国安股份,False
2017-06-12,189.641,191.832,187.252,187.65,501637.0,452476574.0,9.12,9.23,9.0,9.02,True,国安股份,False
2017-06-13,187.252,192.628,186.854,191.633,740010.0,682289220.0,9.0,9.27,8.98,9.22,True,国安股份,False
2017-06-14,190.637,192.429,188.646,190.239,624973.0,571850295.0,9.17,9.26,9.07,9.15,True,国安股份,False
2017-06-15,189.243,194.221,189.243,190.836,606304.0,556587072.0,9.1,9.35,9.1,9.18,True,国安股份,False
2017-06-16,191.035,192.827,190.04,190.836,414490.0,380501820.0,9.19,9.28,9.14,9.18,True,国安股份,False
2017-06-19,190.239,192.23,189.442,191.035,386022.0,354754218.0,9.15,9.25,9.11,9.19,True,国安股份,False
2017-06-20,191.035,193.624,190.836,191.234,590912.0,543639040.0,9.19,9.32,9.18,9.2,True,国安股份,False
2017-06-21,192.429,192.827,189.442,190.836,435086.0,399408948.0,9.26,9.28,9.11,9.18,True,国安股份,False
2017-06-22,191.035,192.23,185.261,186.854,553909.0,497410282.0,9.19,9.25,8.9,8.98,True,国安股份,False
2017-06-23,188.048,189.044,182.075,185.659,572270.0,510464840.0,9.04,9.09,8.74,8.92,True,国安股份,False
2017-06-26,184.862,189.641,183.867,188.845,525591.0,477236628.0,8.88,9.12,8.83,9.08,True,国安股份,False
2017-06-27,187.849,190.438,187.252,189.044,418168.0,380114712.0,9.03,9.16,9.0,9.09,True,国安股份,False
2017-06-28,189.841,203.182,187.053,197.407,1563487.0,1486876137.0,9.13,9.8,8.99,9.51,True,国安股份,False
2017-06-29,195.217,199.598,195.018,196.412,871603.0,824536438.0000001,9.4,9.62,9.39,9.46,True,国安股份,False
2017-06-30,195.416,210.749,195.416,206.965,1938813.0,1936874187.0,9.41,10.18,9.41,9.99,True,国安股份,False
2017-07-03,205.173,213.536,204.178,208.957,1527352.0,1541098168.0,9.9,10.32,9.85,10.09,True,国安股份,False
2017-07-04,208.359,214.532,207.762,210.151,1252464.0,1271250960.0,10.06,10.37,10.03,10.15,True,国安股份,False
2017-07-05,209.952,213.138,207.364,212.74,1197490.0,1231019720.0,10.14,10.3,10.01,10.28,True,国安股份,False
2017-07-06,211.943,213.736,207.364,210.35,1268193.0,1288484088.0,10.24,10.33,10.01,10.16,True,国安股份,False
2017-07-07,210.151,216.324,209.156,213.337,1674394.0,1726300214.0,10.15,10.46,10.1,10.31,True,国安股份,False
2017-07-10,211.147,212.541,205.173,205.372,1374276.0,1361907516.0,10.2,10.27,9.9,9.91,True,国安股份,False
2017-07-11,204.178,208.16,201.191,201.39,921037.0,894326927.0000001,9.85,10.05,9.7,9.71,True,国安股份,False
2017-07-12,202.385,207.164,200.593,206.169,817223.0,813136885.0,9.76,10.0,9.67,9.95,True,国安股份,False
2017-07-13,205.372,206.965,202.385,204.178,643630.0,633975550.0,9.91,9.99,9.76,9.85,True,国安股份,False
2017-07-14,204.178,205.97,201.589,204.178,520119.0,512317215.0,9.85,9.94,9.72,9.85,True,国安股份,False
2017-07-17,202.585,203.779,185.858,185.858,1287526.0,1149760718.0,9.77,9.83,8.93,8.93,True,国安股份,False
2017-07-18,185.261,189.044,182.871,188.845,585685.0,531801980.0,8.9,9.09,8.78,9.08,True,国安股份,False
2017-07-19,187.849,194.221,186.854,193.823,753422.0,702942726.0,9.03,9.35,8.98,9.33,True,国安股份,False
2017-07-20,193.425,198.801,191.434,194.819,796127.0,746767126.0000001,9.31,9.58,9.21,9.38,True,国安股份,False
2017-07-21,193.823,195.814,192.23,192.827,511259.0,474448352.0,9.33,9.43,9.25,9.28,True,国安股份,False
2017-07-24,192.628,198.005,191.434,195.217,573345.0,538944300.0,9.27,9.54,9.21,9.4,True,国安股份,False
2017-07-25,195.217,195.814,189.841,191.434,523143.0,481814703.00000006,9.4,9.43,9.13,9.21,True,国安股份,False
2017-07-26,191.234,192.429,188.248,189.641,451950.0,412178400.0,9.2,9.26,9.05,9.12,True,国安股份,False
2017-07-27,189.442,193.823,186.455,192.429,584888.0,541606288.0,9.11,9.33,8.96,9.26,True,国安股份,False
2017-07-28,191.633,197.208,190.836,195.615,829486.0,781375812.0,9.22,9.5,9.18,9.42,True,国安股份,False
2017-07-31,195.217,198.602,193.425,196.013,698130.0,659034720.0,9.4,9.57,9.31,9.44,True,国安股份,False
2017-08-01,195.814,197.009,192.031,195.018,599419.0,562854441.0,9.43,9.49,9.24,9.39,True,国安股份,False
2017-08-02,194.62,206.368,192.628,202.983,1685229.0,1649839190.9999998,9.37,9.96,9.27,9.79,True,国安股份,False
2017-08-03,201.39,205.97,200.195,204.775,971672.0,960011936.0,9.71,9.94,9.65,9.88,True,国安股份,False
2017-08-04,204.178,206.169,198.801,198.801,814467.0,780259386.0,9.85,9.95,9.58,9.58,True,国安股份,False
2017-08-07,197.407,201.191,197.009,199.598,427090.0,410860580.0,9.51,9.7,9.49,9.62,True,国安股份,False
2017-08-08,198.602,201.589,197.806,199.797,393376.0,378821088.00000006,9.57,9.72,9.53,9.63,True,国安股份,False
2017-08-09,198.602,199.0,195.018,197.009,506109.0,480297441.0,9.57,9.59,9.39,9.49,True,国安股份,False
2017-08-10,196.611,198.801,193.425,194.42,528645.0,494811720.0,9.47,9.58,9.31,9.36,True,国安股份,False
2017-08-11,192.429,196.213,191.633,192.628,474305.0,439680735.0,9.26,9.45,9.22,9.27,True,国安股份,False
2017-08-14,193.027,198.204,192.23,196.611,562786.0,532958342.00000006,9.29,9.55,9.25,9.47,True,国安股份,False
2017-08-15,196.611,205.97,196.213,203.779,1303387.0,1281229421.0,9.47,9.94,9.45,9.83,True,国安股份,False
2017-08-16,202.983,204.576,199.996,203.779,869014.0,854240762.0,9.79,9.87,9.64,9.83,True,国安股份,False
2017-08-17,202.585,208.16,200.792,205.771,1117907.0,1110081651.0,9.77,10.05,9.68,9.93,True,国安股份,False
2017-08-18,204.377,205.571,201.788,201.987,653673.0,633409137.0,9.81,9.87,9.68,9.69,True,国安股份,False
2017-08-21,201.987,217.121,201.987,214.134,1922022.0,1979682660.0,9.69,10.45,9.69,10.3,True,国安股份,False
2017-08-22,212.939,214.333,209.753,212.342,1095648.0,1118656608.0,10.24,10.31,10.08,10.21,True,国安股份,False
2017-08-23,211.744,216.922,210.55,212.143,1176497.0,1200026940.0,10.18,10.44,10.12,10.2,True,国安股份,False
2017-08-24,211.545,214.532,205.372,205.97,1037125.0,1025716625.0,10.17,10.32,9.86,9.89,True,国安股份,False
2017-08-25,205.97,212.143,205.571,208.957,839043.0,842399171.9999999,9.89,10.2,9.87,10.04,True,国安股份,False
2017-08-28,208.16,211.943,207.164,207.961,908443.0,907534557.0,10.0,10.19,9.95,9.99,True,国安股份,False
2017-08-29,208.757,221.302,208.558,216.125,2224441.0,2313418640.0,10.03,10.66,10.02,10.4,True,国安股份,False
2017-08-30,215.129,218.913,214.532,217.718,1244060.0,1303774880.0,10.35,10.54,10.32,10.48,True,国安股份,False
2017-08-31,218.116,227.276,216.125,224.09,2123993.0,2293912440.0,10.5,10.96,10.4,10.8,True,国安股份,False
2017-09-01,224.09,226.878,222.497,225.683,1286206.0,1399392128.0,10.8,10.94,10.72,10.88,True,国安股份,False
2017-09-04,226.48,241.016,226.48,231.657,2558346.0,2860230828.0,10.92,11.65,10.92,11.18,True,国安股份,False
2017-09-05,231.657,234.644,227.077,230.86,1404421.0,1564524994.0,11.18,11.33,10.95,11.14,True,国安股份,False
2017-09-06,237.631,245.795,232.453,233.648,3292706.0,3714172368.0,11.48,11.89,11.22,11.28,True,国安股份,False
2017-09-07,235.44,240.817,227.674,237.83,2437749.0,2800973601.0,11.37,11.64,10.98,11.49,True,国安股份,False
2017-09-08,235.44,241.812,234.245,238.825,1714185.0,1978169490.0,11.37,11.69,11.31,11.54,True,国安股份,False
2017-09-11,237.033,241.812,233.648,239.024,1782239.0,2058486045.0,11.45,11.69,11.28,11.55,True,国安股份,False
2017-09-12,238.825,238.825,226.679,226.679,2337577.0,2554971661.0,11.54,11.54,10.93,10.93,True,国安股份,False
2017-09-13,226.48,229.666,223.094,228.471,1530880.0,1687029760.0,10.92,11.08,10.75,11.02,True,国安股份,False
2017-09-14,227.475,231.259,224.09,229.068,1207241.0,1334001305.0,10.97,11.16,10.8,11.05,True,国安股份,False
2017-09-15,229.068,251.171,225.285,245.596,3227556.0,3834336528.000001,11.05,12.16,10.86,11.88,True,国安股份,False
2017-09-18,242.21,246.193,241.016,244.401,1746375.0,2064215250.0,11.71,11.91,11.65,11.82,True,国安股份,False
2017-09-19,243.405,251.569,241.016,245.197,2175745.0,2580433570.0,11.77,12.18,11.65,11.86,True,国安股份,False
2017-09-20,244.003,251.968,242.609,247.587,1926123.0,2307495354.0,11.8,12.2,11.73,11.98,True,国安股份,False
2017-09-21,247.985,249.379,237.232,237.431,1839621.0,2110045287.0,12.0,12.07,11.46,11.47,True,国安股份,False
2017-09-22,237.431,241.016,235.44,236.436,882154.0,1007419868.0,11.47,11.65,11.37,11.42,True,国安股份,False
2017-09-25,236.038,237.033,224.09,224.887,1208354.0,1309855736.0,11.4,11.45,10.8,10.84,True,国安股份,False
2017-09-26,225.285,230.661,224.488,226.878,740207.0,809786458.0,10.86,11.13,10.82,10.94,True,国安股份,False
2017-09-27,225.882,230.263,225.086,228.471,659867.0,727173434.0,10.89,11.11,10.85,11.02,True,国安股份,False
2017-09-28,228.869,239.224,228.471,231.059,1361276.0,1517822740.0,11.04,11.56,11.02,11.15,True,国安股份,False
2017-09-29,231.657,233.847,229.865,232.055,663102.0,742674240.0,11.18,11.29,11.09,11.2,True,国安股份,False
2017-10-09,235.241,238.825,233.051,233.847,849015.0,958537935.0,11.36,11.54,11.25,11.29,True,国安股份,False
2017-10-10,233.648,241.016,232.852,239.423,1194277.0,1381778489.0,11.28,11.65,11.24,11.57,True,国安股份,False
2017-10-11,237.033,238.029,227.873,230.064,1526204.0,1694086440.0,11.45,11.5,10.99,11.1,True,国安股份,False
2017-10-12,228.272,229.466,222.497,225.683,851051.0,925943488.0,11.01,11.07,10.72,10.88,True,国安股份,False
2017-10-13,224.687,228.471,224.488,227.276,460191.0,504369336.00000006,10.83,11.02,10.82,10.96,True,国安股份,False
2017-10-16,227.276,227.873,221.302,221.501,620001.0,661541067.0,10.96,10.99,10.66,10.67,True,国安股份,False
2017-10-17,221.302,227.077,221.103,224.289,556870.0,601976470.0,10.66,10.95,10.65,10.81,True,国安股份,False
2017-10-18,224.09,226.878,219.112,220.108,464302.0,492160120.0,10.8,10.94,10.55,10.6,True,国安股份,False
2017-10-19,219.709,220.705,213.736,215.129,698268.0,722707380.0,10.58,10.63,10.28,10.35,True,国安股份,False
2017-10-20,214.93,219.311,214.93,218.913,394226.0,415514204.0,10.34,10.56,10.34,10.54,True,国安股份,False
2017-10-23,218.116,220.108,216.922,219.908,338304.0,358263936.0,10.5,10.6,10.44,10.59,True,国安股份,False
2017-10-24,219.709,229.068,218.116,225.882,885469.0,964275741.0,10.58,11.05,10.5,10.89,True,国安股份,False
2017-10-25,225.086,229.068,223.891,226.679,653277.0,714031761.0,10.85,11.05,10.79,10.93,True,国安股份,False
2017-10-26,226.878,228.869,225.683,227.077,575997.0,630716715.0,10.94,11.04,10.88,10.95,True,国安股份,False
2017-10-27,227.674,234.046,225.683,231.657,1116281.0,1248002158.0,10.98,11.3,10.88,11.18,True,国安股份,False
2017-10-30,230.661,233.25,221.701,223.493,1059362.0,1140932874.0,11.13,11.26,10.68,10.77,True,国安股份,False
2017-10-31,218.714,232.852,218.116,232.652,900223.0,1010950429.0,10.53,11.24,10.5,11.23,True,国安股份,False
2017-11-01,232.652,236.635,231.059,234.245,889821.0,1006387551.0,11.23,11.43,11.15,11.31,True,国安股份,False
2017-11-02,235.639,235.639,229.865,231.856,684315.0,765748485.0,11.38,11.38,11.09,11.19,True,国安股份,False
2017-11-03,254.158,254.158,236.237,237.033,5109509.0,5850387805.0,12.31,12.31,11.41,11.45,True,国安股份,False
2017-11-06,237.631,241.016,232.453,235.44,2038691.0,2317991667.0,11.48,11.65,11.22,11.37,True,国安股份,False
2017-11-07,243.604,258.14,240.219,258.14,4867161.0,6088818411.0,11.78,12.51,11.61,12.51,True,国安股份,False
2017-11-08,263.716,283.031,258.14,283.031,5240865.0,7211430240.0,12.79,13.76,12.51,13.76,True,国安股份,False
2017-11-09,291.394,291.593,273.871,274.07,5071558.0,6750243698.0,14.18,14.19,13.3,13.31,True,国安股份,False
2017-11-10,269.491,287.213,268.495,279.845,3418600.0,4649296000.0,13.08,13.97,13.03,13.6,True,国安股份,False
2017-11-13,282.235,289.005,273.871,275.863,2971204.0,3981413360.0,13.72,14.06,13.3,13.4,True,国安股份,False
2017-11-14,271.681,277.655,262.123,267.898,2803157.0,3644104100.0,13.19,13.49,12.71,13.0,True,国安股份,False
2017-11-15,266.902,270.486,262.123,262.72,1868607.0,2380605318.0,12.95,13.13,12.71,12.74,True,国安股份,False
2017-11-16,258.14,264.313,255.751,257.543,1632581.0,2037461088.0,12.51,12.82,12.39,12.48,True,国安股份,False
2017-11-17,258.937,262.322,232.652,232.652,3482878.0,3911271994.0,12.55,12.72,11.23,11.23,True,国安股份,False
2017-11-20,226.081,227.873,216.324,227.276,1911055.0,2094516280.0,10.9,10.99,10.41,10.96,True,国安股份,False
2017-11-21,228.869,233.648,224.687,231.059,1574200.0,1755233000.0,11.04,11.28,10.83,11.15,True,国安股份,False
2017-11-22,229.666,231.259,223.294,225.882,1230068.0,1339544052.0,11.08,11.16,10.76,10.89,True,国安股份,False
2017-11-23,227.873,229.068,208.757,213.337,1485723.0,1524351798.0,10.99,11.05,10.03,10.26,True,国安股份,False
2017-11-24,211.943,218.913,211.346,215.129,1053318.0,1090184130.0,10.19,10.54,10.16,10.35,True,国安股份,False
2017-11-27,214.333,217.519,209.554,210.151,1022331.0,1032554310.0,10.31,10.47,10.07,10.1,True,国安股份,False
2017-11-28,211.147,212.74,206.766,212.143,993617.0,1013489340.0,10.15,10.23,9.93,10.2,True,国安股份,False
2017-11-29,212.541,213.138,206.368,208.757,1024027.0,1027099081.0,10.22,10.25,9.91,10.03,True,国安股份,False
2017-11-30,205.372,205.372,190.836,195.814,1678053.0,1574013714.0000002,9.86,9.86,9.13,9.38,True,国安股份,False
2017-12-01,192.23,197.407,191.234,192.628,1010046.0,931262412.0,9.2,9.46,9.15,9.22,True,国安股份,False
2017-12-04,189.841,191.434,184.862,185.062,1140522.0,1008221448.0,9.08,9.16,8.83,8.84,True,国安股份,False
2017-12-05,185.062,189.641,182.871,185.261,1001891.0,886673535.0,8.84,9.07,8.73,8.85,True,国安股份,False
2017-12-06,185.858,189.641,184.663,189.243,780879.0,706695495.0,8.88,9.07,8.82,9.05,True,国安股份,False
2017-12-07,189.442,198.005,186.256,194.022,1347332.0,1251671428.0,9.06,9.49,8.9,9.29,True,国安股份,False
2017-12-08,191.234,195.217,191.234,192.031,870174.0,799689906.0,9.15,9.35,9.15,9.19,True,国安股份,False
2017-12-11,191.832,195.814,191.832,193.823,759365.0,704690720.0,9.18,9.38,9.18,9.28,True,国安股份,False
2017-12-12,194.221,196.611,189.841,189.841,756091.0,686530628.0,9.3,9.42,9.08,9.08,True,国安股份,False
2017-12-13,188.646,190.637,187.849,190.438,494239.0,450251729.0,9.02,9.12,8.98,9.11,True,国安股份,False
2017-12-14,189.641,191.434,188.248,190.04,492157.0,447370713.0,9.07,9.16,9.0,9.09,True,国安股份,False
2017-12-15,189.841,191.832,188.646,189.641,477778.0,433344646.0,9.08,9.18,9.02,9.07,True,国安股份,False
2017-12-18,188.845,189.641,184.464,185.062,602205.0,532349220.0,9.03,9.07,8.81,8.84,True,国安股份,False
2017-12-19,187.451,187.451,185.659,186.057,351102.0,312129678.0,8.96,8.96,8.87,8.89,True,国安股份,False
2017-12-20,186.057,186.854,179.884,181.876,776554.0,674048872.0,8.89,8.93,8.58,8.68,True,国安股份,False
2017-12-21,182.672,183.07,176.897,180.283,560001.0,481600860.0,8.72,8.74,8.43,8.6,True,国安股份,False
2017-12-22,181.079,187.252,180.482,185.46,786436.0,696782296.0,8.64,8.95,8.61,8.86,True,国安股份,False
2017-12-25,184.663,187.053,182.672,184.663,442076.0,389911032.0,8.82,8.94,8.72,8.82,True,国安股份,False
2017-12-26,185.062,186.256,183.668,186.256,349480.0,311037200.0,8.84,8.9,8.77,8.9,True,国安股份,False
2017-12-27,186.455,195.217,186.256,192.628,1060826.0,978081572.0,8.91,9.35,8.9,9.22,True,国安股份,False
2017-12-28,192.031,194.62,190.438,193.823,660979.0,613388512.0,9.19,9.32,9.11,9.28,True,国安股份,False
2017-12-29,195.217,204.974,194.62,199.996,1383727.0,1326994193.0,9.35,9.84,9.32,9.59,True,国安股份,False
2018-01-02,201.788,207.961,198.204,199.199,1367842.0,1306289110.0,9.68,9.99,9.5,9.55,True,国安股份,False
2018-01-03,200.593,203.182,195.018,200.195,1174953.0,1127954880.0,9.62,9.75,9.34,9.6,True,国安股份,False
2018-01-04,199.199,206.965,198.403,201.191,1016078.0,980515270.0,9.55,9.94,9.51,9.65,True,国安股份,False
2018-01-05,199.996,200.195,191.832,192.031,1372108.0,1260967252.0,9.59,9.6,9.18,9.19,True,国安股份,False
2018-01-08,191.234,192.628,188.447,190.438,729863.0,664905193.0,9.15,9.22,9.01,9.11,True,国安股份,False
2018-01-09,190.438,192.031,189.442,190.637,449527.0,409968624.0,9.11,9.19,9.06,9.12,True,国安股份,False
2018-01-10,191.035,192.628,187.252,188.845,601194.0,542878182.0,9.14,9.22,8.95,9.03,True,国安股份,False
2018-01-11,188.845,191.234,186.057,189.641,552553.0,501165571.0,9.03,9.15,8.89,9.07,True,国安股份,False
2018-01-12,189.044,189.841,188.248,188.248,380286.0,342257400.0,9.04,9.08,9.0,9.0,True,国安股份,False
2018-01-15,187.849,187.849,181.278,181.876,601472.0,522077696.0,8.98,8.98,8.65,8.68,True,国安股份,False
2018-01-16,181.477,184.265,179.884,184.265,512731.0,451203280.00000006,8.66,8.8,8.58,8.8,True,国安股份,False
2018-01-17,183.668,186.655,181.477,184.862,474619.0,419088577.0,8.77,8.92,8.66,8.83,True,国安股份,False
2018-01-18,184.066,187.451,184.066,186.057,442118.0,393042902.0,8.79,8.96,8.79,8.89,True,国安股份,False
2018-01-19,185.858,186.455,183.07,183.668,435893.0,382278161.0,8.88,8.91,8.74,8.77,True,国安股份,False
2018-01-22,182.871,184.066,180.88,183.07,352724.0,308280776.0,8.73,8.79,8.63,8.74,True,国安股份,False
2018-01-23,182.274,186.854,182.274,185.062,461566.0,408024344.0,8.7,8.93,8.7,8.84,True,国安股份,False
2018-01-24,184.663,186.057,183.269,185.659,381469.0,338363002.99999994,8.82,8.89,8.75,8.87,True,国安股份,False
2018-01-25,185.659,190.239,184.663,187.65,700613.0,628449861.0,8.87,9.1,8.82,8.97,True,国安股份,False
2018-01-26,186.854,187.65,184.464,184.862,412409.0,364157147.0,8.93,8.97,8.81,8.83,True,国安股份,False
2018-01-29,185.46,187.252,182.075,184.862,440076.0,388587108.0,8.86,8.95,8.69,8.83,True,国安股份,False
2018-01-30,185.858,187.65,185.062,186.655,486291.0,433771572.0,8.88,8.97,8.84,8.92,True,国安股份,False
2018-01-31,185.46,186.057,177.893,178.291,732437.0,622571450.0,8.86,8.89,8.48,8.5,True,国安股份,False
2018-02-01,178.69,181.676,165.348,166.742,717836.0,568526112.0,8.52,8.67,7.85,7.92,True,国安股份,False
2018-02-02,169.53,174.309,164.751,170.924,504509.0,410165817.00000006,8.06,8.3,7.82,8.13,True,国安股份,False
2018-02-05,168.335,172.716,166.543,169.132,332389.0,267240756.0,8.0,8.22,7.91,8.04,True,国安股份,False
2018-02-06,165.348,167.937,153.202,153.202,959562.0,694722888.0,7.85,7.98,7.24,7.24,True,国安股份,False
2018-02-07,156.188,158.976,149.219,153.401,590588.0,428176300.0,7.39,7.53,7.04,7.25,True,国安股份,False
2018-02-08,152.206,155.392,148.622,153.799,333844.0,242704588.0,7.19,7.35,7.01,7.27,True,国安股份,False
2018-02-09,149.219,150.613,140.856,143.843,654647.0,443196019.0,7.04,7.11,6.62,6.77,True,国安股份,False
2018-02-12,145.635,149.617,145.436,148.024,341984.0,238704832.0,6.86,7.06,6.85,6.98,True,国安股份,False
2018-02-13,149.816,154.795,149.02,151.808,461970.0,331232490.0,7.07,7.32,7.03,7.17,True,国安股份,False
2018-02-14,153.202,155.193,152.206,153.799,268056.0,194876712.0,7.24,7.34,7.19,7.27,True,国安股份,False
2018-02-22,155.79,159.574,154.795,158.777,393146.0,295645792.0,7.37,7.56,7.32,7.52,True,国安股份,False
2018-02-23,160.37,160.37,156.786,158.578,315338.0,236818838.0,7.6,7.6,7.42,7.51,True,国安股份,False
2018-02-26,160.967,165.149,158.578,163.755,492806.0,382910262.0,7.63,7.84,7.51,7.77,True,国安股份,False
2018-02-27,163.755,170.924,162.361,169.53,716514.0,577510284.0,7.77,8.13,7.7,8.06,True,国安股份,False
2018-02-28,166.941,167.339,161.366,164.751,610210.0,477184220.0,7.93,7.95,7.65,7.82,True,国安股份,False
2018-03-01,162.361,165.547,161.565,164.353,387411.0,302180580.0,7.7,7.86,7.66,7.8,True,国安股份,False
2018-03-02,164.153,165.746,162.76,164.552,318099.0,248435319.0,7.79,7.87,7.72,7.81,True,国安股份,False
2018-03-05,164.552,164.95,162.361,163.357,307337.0,238186175.0,7.81,7.83,7.7,7.75,True,国安股份,False
2018-03-06,163.158,165.149,163.158,164.353,313595.0,244604100.0,7.74,7.84,7.74,7.8,True,国安股份,False
2018-03-07,164.353,165.348,159.972,160.768,417819.0,318378078.0,7.8,7.85,7.58,7.62,True,国安股份,False
2018-03-08,159.374,162.959,159.374,161.764,275785.0,211527095.0,7.55,7.73,7.55,7.67,True,国安股份,False
2018-03-09,162.162,166.742,161.963,166.344,562518.0,444389220.0,7.69,7.92,7.68,7.9,True,国安股份,False
2018-03-12,167.339,168.733,165.946,167.937,477874.0,381343452.0,7.95,8.02,7.88,7.98,True,国安股份,False
2018-03-13,167.339,170.525,164.353,169.132,696296.0,559821984.0,7.95,8.11,7.8,8.04,True,国安股份,False
2018-03-14,167.14,167.937,163.755,164.353,487587.0,380317860.0,7.94,7.98,7.77,7.8,True,国安股份,False
2018-03-15,163.357,165.149,161.963,162.56,351207.0,270780597.0,7.75,7.84,7.68,7.71,True,国安股份,False
2018-03-16,162.76,167.539,162.56,165.547,569232.0,447416352.0,7.72,7.96,7.71,7.86,True,国安股份,False
2018-03-19,165.547,165.746,161.963,161.963,336751.0,258624768.0,7.86,7.87,7.68,7.68,True,国安股份,False
2018-03-20,160.37,160.37,155.392,157.383,566578.0,422100610.0,7.6,7.6,7.35,7.45,True,国安股份,False
2018-03-21,157.981,160.171,156.188,156.587,357167.0,264660747.0,7.48,7.59,7.39,7.41,True,国安股份,False
2018-03-22,157.383,157.981,154.197,154.595,320184.0,234054504.0,7.45,7.48,7.29,7.31,True,国安股份,False
2018-03-23,149.02,149.617,140.458,143.644,741253.0,501087028.0,7.03,7.06,6.6,6.76,True,国安股份,False
2018-03-26,141.453,146.232,136.873,145.635,410699.0,281739514.0,6.65,6.89,6.42,6.86,True,国安股份,False
2018-03-27,148.622,150.812,147.825,149.816,381545.0,269752315.0,7.01,7.12,6.97,7.07,True,国安股份,False
2018-03-28,147.427,149.617,146.83,147.825,274648.0,191429656.0,6.95,7.06,6.92,6.97,True,国安股份,False
2018-03-29,149.02,150.016,147.626,149.219,230694.0,162408576.0,7.03,7.08,6.96,7.04,True,国安股份,False
2018-03-30,150.414,153.202,149.617,151.409,358689.0,256462635.0,7.1,7.24,7.06,7.15,True,国安股份,False
2018-04-02,151.21,155.392,151.011,152.803,370515.0,267511830.0,7.14,7.35,7.13,7.22,True,国安股份,False
2018-04-03,151.21,151.409,147.427,148.622,325106.0,227899306.0,7.14,7.15,6.95,7.01,True,国安股份,False
2018-04-04,151.011,152.803,148.622,149.02,284172.0,199772916.0,7.13,7.22,7.01,7.03,True,国安股份,False
2018-04-09,148.223,149.02,144.241,147.029,314222.0,217755846.0,6.99,7.03,6.79,6.93,True,国安股份,False
2018-04-10,147.029,149.02,147.029,148.622,252408.0,176938008.0,6.93,7.03,6.93,7.01,True,国安股份,False
2018-04-11,149.617,151.011,149.02,149.219,259457.0,182657728.0,7.06,7.13,7.03,7.04,True,国安股份,False
2018-04-12,148.223,149.418,146.63,147.029,240979.0,166998447.0,6.99,7.05,6.91,6.93,True,国安股份,False
2018-04-13,148.024,149.219,146.83,147.029,174150.0,120685950.0,6.98,7.04,6.92,6.93,True,国安股份,False
2018-04-16,146.431,147.427,143.245,144.042,280295.0,190040010.0,6.9,6.95,6.74,6.78,True,国安股份,False
2018-04-17,144.241,146.033,140.657,142.25,282778.0,189178482.0,6.79,6.88,6.61,6.69,True,国安股份,False
2018-04-18,143.444,144.44,139.86,143.245,313510.0,211305740.0,6.75,6.8,6.57,6.74,True,国安股份,False
2018-04-19,143.444,150.016,142.051,148.423,596509.0,417556300.0,6.75,7.08,6.68,7.0,True,国安股份,False
2018-04-20,147.029,147.825,143.843,144.042,370355.0,251100690.0,6.93,6.97,6.77,6.78,True,国安股份,False
2018-04-23,144.838,145.436,141.254,143.046,269293.0,181234189.0,6.82,6.85,6.64,6.73,True,国安股份,False
2018-04-24,142.847,145.834,142.449,145.635,298717.0,204919862.0,6.72,6.87,6.7,6.86,True,国安股份,False
2018-04-25,145.237,146.83,144.639,145.237,291606.0,199458504.0,6.84,6.92,6.81,6.84,True,国安股份,False
2018-04-26,144.838,145.436,140.458,140.856,372621.0,246675102.0,6.82,6.85,6.6,6.62,True,国安股份,False
2018-04-27,141.851,142.648,138.865,139.661,278200.0,182499200.0,6.67,6.71,6.52,6.56,True,国安股份,False
2018-05-02,140.059,140.856,137.471,138.665,249084.0,162153684.0,6.58,6.62,6.45,6.51,True,国安股份,False
2018-05-03,138.865,140.458,136.873,139.86,240344.0,157906008.0,6.52,6.6,6.42,6.57,True,国安股份,False
2018-05-04,139.064,140.856,138.466,138.665,176419.0,114848769.0,6.53,6.62,6.5,6.51,True,国安股份,False
2018-05-07,138.865,141.254,138.665,140.856,263959.0,174740858.0,6.52,6.64,6.51,6.62,True,国安股份,False
2018-05-08,141.453,142.051,139.86,141.453,279866.0,186110890.0,6.65,6.68,6.57,6.65,True,国安股份,False
2018-05-09,140.657,143.046,140.657,141.851,247120.0,164829040.0,6.61,6.73,6.61,6.67,True,国安股份,False
2018-05-10,142.051,142.648,140.258,141.254,210875.0,140021000.0,6.68,6.71,6.59,6.64,True,国安股份,False
2018-05-11,141.453,142.25,140.258,141.652,233689.0,155636874.0,6.65,6.69,6.59,6.66,True,国安股份,False
2018-05-14,142.051,144.241,141.055,143.444,374903.0,253059525.0,6.68,6.79,6.63,6.75,True,国安股份,False
2018-05-15,144.241,144.639,141.851,143.644,275850.0,186474600.0,6.79,6.81,6.67,6.76,True,国安股份,False
2018-05-16,142.648,145.037,142.051,142.25,259498.0,173604162.0,6.71,6.83,6.68,6.69,True,国安股份,False
2018-05-17,141.851,142.051,139.263,139.661,247325.0,162245200.0,6.67,6.68,6.54,6.56,True,国安股份,False
2018-05-18,139.661,140.258,138.466,140.258,183351.0,120828309.0,6.56,6.59,6.5,6.59,True,国安股份,False
2018-05-21,140.856,143.444,140.856,142.25,273857.0,183210333.0,6.62,6.75,6.62,6.69,True,国安股份,False
2018-05-22,142.25,143.444,141.453,143.245,273336.0,184228464.0,6.69,6.75,6.65,6.74,True,国安股份,False
2018-05-23,143.046,143.046,140.657,140.856,224499.0,148618338.0,6.73,6.73,6.61,6.62,True,国安股份,False
2018-05-24,141.254,141.652,139.462,139.462,183905.0,120457775.0,6.64,6.66,6.55,6.55,True,国安股份,False
2018-05-25,139.462,140.059,136.873,137.471,224713.0,144939885.0,6.55,6.58,6.42,6.45,True,国安股份,False
2018-05-28,138.267,138.267,133.488,135.28,298481.0,189236954.0,6.49,6.49,6.25,6.34,True,国安股份,False
2018-05-29,135.28,136.674,134.086,136.475,205185.0,131318400.0,6.34,6.41,6.28,6.4,True,国安股份,False
2018-05-30,134.683,135.081,131.696,135.081,311341.0,197078853.0,6.31,6.33,6.16,6.33,True,国安股份,False
2018-05-31,134.683,136.276,133.886,136.077,212458.0,135548204.0,6.31,6.39,6.27,6.38,True,国安股份,False
2018-06-01,135.878,135.878,133.09,135.081,184783.0,116967639.0,6.37,6.37,6.23,6.33,True,国安股份,False
2018-06-04,135.081,135.479,133.289,135.28,176720.0,112040480.0,6.33,6.35,6.24,6.34,True,国安股份,False
2018-06-05,134.683,136.077,133.687,135.878,176392.0,112361704.0,6.31,6.38,6.26,6.37,True,国安股份,False
2018-06-06,135.081,135.479,134.086,135.081,173701.0,109952733.0,6.33,6.35,6.28,6.33,True,国安股份,False
2018-06-07,134.683,135.28,134.285,134.882,160469.0,101416408.0,6.31,6.34,6.29,6.32,True,国安股份,False
2018-06-08,138.267,141.453,135.28,135.679,618675.0,393477300.0,6.49,6.65,6.34,6.36,True,国安股份,False
2018-06-11,132.493,134.882,126.121,134.882,603855.0,381636360.0,6.2,6.32,5.88,6.32,True,国安股份,False
2018-06-12,132.493,134.882,130.9,134.882,278218.0,175833776.0,6.2,6.32,6.12,6.32,True,国安股份,False
2018-06-13,133.488,134.086,132.493,134.086,199826.0,125490728.0,6.25,6.28,6.2,6.28,True,国安股份,False
2018-06-14,132.493,133.886,131.099,133.886,351270.0,220246290.0,6.2,6.27,6.13,6.27,True,国安股份,False
2018-06-15,132.891,133.289,128.51,128.709,248532.0,149367732.0,6.22,6.24,6.0,6.01,True,国安股份,False
2018-06-19,123.93,125.324,116.762,116.762,564221.0,305243561.0,5.77,5.84,5.41,5.41,True,国安股份,False
2018-06-20,110.589,113.775,106.009,108.797,728950.0,365203950.0,5.1,5.26,4.87,5.01,True,国安股份,False
2018-06-21,109.195,111.186,98.84,101.23,860117.0,398234171.0,5.03,5.13,4.51,4.63,True,国安股份,False
2018-06-22,99.637,102.624,97.845,101.827,552371.0,257404886.0,4.55,4.7,4.46,4.66,True,国安股份,False
2018-06-25,102.026,103.619,100.832,101.23,309848.0,143459624.0,4.67,4.75,4.61,4.63,True,国安股份,False
2018-06-26,98.243,102.425,97.646,102.026,322339.0,150532313.0,4.48,4.69,4.45,4.67,True,国安股份,False
2018-06-27,103.022,103.42,101.031,102.226,343416.0,160718688.0,4.72,4.74,4.62,4.68,True,国安股份,False
2018-06-28,102.226,102.425,100.433,101.23,285266.0,132078158.0,4.68,4.69,4.59,4.63,True,国安股份,False
2018-06-29,101.23,103.619,100.433,103.221,392029.0,185429717.00000003,4.63,4.75,4.59,4.73,True,国安股份,False
2018-07-02,103.022,103.221,100.234,101.23,329513.0,152564519.0,4.72,4.73,4.58,4.63,True,国安股份,False
2018-07-03,101.628,108.199,98.84,104.615,544283.0,261255840.0,4.65,4.98,4.51,4.8,True,国安股份,False
2018-07-04,104.217,104.217,101.429,101.827,328717.0,153182122.0,4.78,4.78,4.64,4.66,True,国安股份,False
2018-07-05,101.429,104.615,100.234,101.23,343543.0,159060409.0,4.64,4.8,4.58,4.63,True,国安股份,False
2018-07-06,100.832,102.624,98.84,101.031,281841.0,130210542.0,4.61,4.7,4.51,4.62,True,国安股份,False
2018-07-09,101.23,103.022,101.031,102.425,201727.0,94609963.0,4.63,4.72,4.62,4.69,True,国安股份,False
2018-07-10,102.624,103.42,101.628,102.624,242933.0,114178510.0,4.7,4.74,4.65,4.7,True,国安股份,False
2018-07-11,101.628,101.628,97.646,99.637,355981.0,161971355.0,4.65,4.65,4.45,4.55,True,国安股份,False
2018-07-12,100.035,104.416,99.637,102.425,514812.0,241446828.00000003,4.57,4.79,4.55,4.69,True,国安股份,False
2018-07-13,102.026,103.619,101.827,102.026,295820.0,138147940.0,4.67,4.75,4.66,4.67,True,国安股份,False
2018-07-16,101.031,101.23,99.836,101.031,271161.0,125276382.0,4.62,4.63,4.56,4.62,True,国安股份,False
2018-07-17,101.429,103.619,100.433,102.823,447419.0,210734349.0,4.64,4.75,4.59,4.71,True,国安股份,False
2018-07-18,103.42,105.212,102.226,102.624,453864.0,213316080.0,4.74,4.83,4.68,4.7,True,国安股份,False
2018-07-19,102.823,103.022,100.633,101.031,262921.0,121469502.0,4.71,4.72,4.6,4.62,True,国安股份,False
2018-07-20,100.633,102.425,99.239,101.827,243190.0,113326540.0,4.6,4.69,4.53,4.66,True,国安股份,False
2018-07-23,101.429,103.022,100.633,102.624,283207.0,133107290.0,4.64,4.72,4.6,4.7,True,国安股份,False
2018-07-24,103.221,106.009,102.425,105.212,563635.0,272235705.0,4.73,4.87,4.69,4.83,True,国安股份,False
2018-07-25,104.814,106.805,104.416,105.412,442188.0,214018992.0,4.81,4.91,4.79,4.84,True,国安股份,False
2018-07-26,105.81,114.173,105.412,111.983,1256325.0,649520025.0,4.86,5.28,4.84,5.17,True,国安股份,False
2018-07-27,110.987,112.182,108.996,109.394,653229.0,329227416.0,5.12,5.18,5.02,5.04,True,国安股份,False
2018-07-30,109.195,109.593,106.009,106.606,401929.0,196945210.0,5.03,5.05,4.87,4.9,True,国安股份,False
2018-07-31,106.805,107.403,105.611,106.606,194013.0,95066370.0,4.91,4.94,4.85,4.9,True,国安股份,False
2018-08-01,107.005,107.403,103.42,103.819,309799.0,147464324.0,4.92,4.94,4.74,4.76,True,国安股份,False
2018-08-02,103.022,104.416,97.048,99.637,453838.0,206496290.0,4.72,4.79,4.42,4.55,True,国安股份,False
2018-08-03,99.637,100.633,99.04,99.637,170934.0,77774970.0,4.55,4.6,4.52,4.55,True,国安股份,False
2018-08-06,99.438,100.234,96.252,99.637,261770.0,119105350.0,4.54,4.58,4.38,4.55,True,国安股份,False
2018-08-07,99.637,101.628,98.243,101.429,270712.0,125610368.0,4.55,4.65,4.48,4.64,True,国安股份,False
2018-08-08,101.23,102.823,99.836,100.234,254431.0,116529398.0,4.63,4.71,4.56,4.58,True,国安股份,False
2018-08-09,99.836,102.226,99.239,101.628,323424.0,150392160.0,4.56,4.68,4.53,4.65,True,国安股份,False
2018-08-10,101.628,104.217,100.633,102.226,343213.0,160623684.0,4.65,4.78,4.6,4.68,True,国安股份,False
2018-08-13,100.433,101.628,99.637,101.429,237143.0,110034352.0,4.59,4.65,4.55,4.64,True,国安股份,False
2018-08-14,101.23,103.42,101.031,102.425,305515.0,143286535.0,4.63,4.74,4.62,4.69,True,国安股份,False
2018-08-15,102.026,102.823,99.438,99.836,219443.0,100066008.0,4.67,4.71,4.54,4.56,True,国安股份,False
2018-08-16,98.641,99.836,97.845,99.637,259284.0,117974220.0,4.5,4.56,4.46,4.55,True,国安股份,False
2018-08-17,99.836,100.035,97.447,98.84,220345.0,99375595.0,4.56,4.57,4.44,4.51,True,国安股份,False
2018-08-20,98.243,98.84,96.65,98.84,244015.0,110050765.0,4.48,4.51,4.4,4.51,True,国安股份,False
2018-08-21,98.84,99.637,98.044,99.04,202092.0,91345584.0,4.51,4.55,4.47,4.52,True,国安股份,False
2018-08-22,98.641,99.04,97.646,98.641,170395.0,76677750.0,4.5,4.52,4.45,4.5,True,国安股份,False
2018-08-23,98.044,98.641,97.247,98.641,181816.0,81817200.0,4.47,4.5,4.43,4.5,True,国安股份,False
2018-08-24,98.442,98.641,97.845,98.641,136017.0,61207650.0,4.49,4.5,4.46,4.5,True,国安股份,False
2018-08-27,98.84,100.433,98.641,99.637,246362.0,110862900.0,4.46,4.54,4.45,4.5,True,国安股份,False
2018-08-28,99.637,100.633,99.239,100.035,198071.0,89528091.99999999,4.5,4.55,4.48,4.52,True,国安股份,False
2018-08-29,100.035,102.026,99.438,100.433,385198.0,174879892.0,4.52,4.62,4.49,4.54,True,国安股份,False
2018-08-30,100.234,100.433,97.048,98.641,262306.0,116726170.0,4.53,4.54,4.37,4.45,True,国安股份,False
2018-08-31,98.243,98.243,95.654,96.849,298496.0,130144256.0,4.43,4.43,4.3,4.36,True,国安股份,False
2018-09-03,96.451,96.849,93.464,95.057,253678.0,108320506.0,4.34,4.36,4.19,4.27,True,国安股份,False
2018-09-04,94.659,96.053,94.061,95.256,209954.0,89860312.0,4.25,4.32,4.22,4.28,True,国安股份,False
2018-09-05,95.256,96.053,94.061,94.858,218884.0,93244584.0,4.28,4.32,4.22,4.26,True,国安股份,False
2018-09-06,94.261,96.252,93.464,95.057,288751.0,123296677.0,4.23,4.33,4.19,4.27,True,国安股份,False
2018-09-07,95.455,95.654,93.862,95.057,208782.0,89149913.99999999,4.29,4.3,4.21,4.27,True,国安股份,False
2018-09-10,94.659,95.057,92.468,93.464,263051.0,110218369.0,4.25,4.27,4.14,4.19,True,国安股份,False
2018-09-11,92.867,93.066,88.685,90.477,355350.0,143561400.0,4.16,4.17,3.95,4.04,True,国安股份,False
2018-09-12,90.875,91.075,89.681,90.278,175443.0,70703529.0,4.06,4.07,4.0,4.03,True,国安股份,False
2018-09-13,90.477,91.075,89.083,90.278,171196.0,68991988.0,4.04,4.07,3.97,4.03,True,国安股份,False
2018-09-14,90.676,91.473,90.079,90.278,196717.0,79276951.0,4.05,4.09,4.02,4.03,True,国安股份,False
2018-09-17,90.278,90.278,86.296,86.296,288663.0,110557929.0,4.03,4.03,3.83,3.83,True,国安股份,False
2018-09-18,86.296,87.689,86.096,87.291,183776.0,71305088.0,3.83,3.9,3.82,3.88,True,国安股份,False
2018-09-19,87.291,88.685,86.694,88.088,203414.0,79738288.0,3.88,3.95,3.85,3.92,True,国安股份,False
2018-09-20,88.088,88.685,87.291,87.49,168921.0,65710269.0,3.92,3.95,3.88,3.89,True,国安股份,False
2018-09-21,87.49,89.083,87.49,88.685,217030.0,85726850.0,3.89,3.97,3.89,3.95,True,国安股份,False
2018-09-25,88.486,88.685,87.889,88.088,127220.0,49870240.0,3.94,3.95,3.91,3.92,True,国安股份,False
2018-09-26,88.685,89.083,88.088,88.884,181165.0,71741340.0,3.95,3.97,3.92,3.96,True,国安股份,False
2018-09-27,88.685,88.884,86.694,86.694,224379.0,86385915.0,3.95,3.96,3.85,3.85,True,国安股份,False
2018-09-28,87.092,87.49,86.893,87.092,112920.0,43700040.0,3.87,3.89,3.86,3.87,True,国安股份,False
2018-10-08,85.698,86.096,82.313,82.313,282522.0,102555486.0,3.8,3.82,3.63,3.63,True,国安股份,False
2018-10-09,82.512,83.309,81.915,82.313,196228.0,71230764.0,3.64,3.68,3.61,3.63,True,国安股份,False
2018-10-10,82.91,82.91,81.915,82.313,138880.0,50413440.0,3.66,3.66,3.61,3.63,True,国安股份,False
2018-10-11,80.322,80.322,75.145,75.145,553862.0,181112874.0,3.53,3.53,3.27,3.27,True,国安股份,False
2018-10-12,72.954,73.153,68.573,71.361,912483.0,281044764.0,3.16,3.17,2.94,3.08,True,国安股份,False
2018-10-15,71.56,71.759,68.573,68.773,317123.0,93551285.0,3.09,3.1,2.94,2.95,True,国安股份,False
2018-10-16,68.972,69.967,67.777,67.777,307814.0,89266060.0,2.96,3.01,2.9,2.9,True,国安股份,False
2018-10-17,68.773,69.37,66.781,68.175,264774.0,77314008.0,2.95,2.98,2.85,2.92,True,国安股份,False
2018-10-18,68.573,68.573,65.985,66.184,288939.0,81480798.0,2.94,2.94,2.81,2.82,True,国安股份,False
2018-10-19,64.989,68.175,64.989,68.175,302509.0,88332628.0,2.76,2.92,2.76,2.92,True,国安股份,False
2018-10-22,68.972,73.751,68.573,72.158,448358.0,139887696.0,2.96,3.2,2.94,3.12,True,国安股份,False
2018-10-23,72.954,73.153,69.967,70.366,328762.0,99614886.0,3.16,3.17,3.01,3.03,True,国安股份,False
2018-10-24,70.366,71.759,70.166,70.565,204389.0,62134256.0,3.03,3.1,3.02,3.04,True,国安股份,False
2018-10-25,67.777,70.166,66.98,69.768,266658.0,79997400.0,2.9,3.02,2.86,3.0,True,国安股份,False
2018-10-26,70.565,72.755,70.366,71.959,351902.0,109441522.0,3.04,3.15,3.03,3.11,True,国安股份,False
2018-10-29,71.759,72.158,70.166,70.764,215591.0,65755254.99999999,3.1,3.12,3.02,3.05,True,国安股份,False
2018-10-30,70.764,71.959,69.967,71.56,208721.0,64494789.0,3.05,3.11,3.01,3.09,True,国安股份,False
2018-10-31,71.959,72.755,71.361,71.959,251980.0,78365780.0,3.11,3.15,3.08,3.11,True,国安股份,False
2018-11-01,72.357,78.131,71.959,74.945,790044.0,257554344.0,3.13,3.42,3.11,3.26,True,国安股份,False
2018-11-02,74.746,75.941,74.149,75.742,516142.0,170326860.0,3.25,3.31,3.22,3.3,True,国安股份,False
2018-11-05,75.543,77.335,74.945,76.538,394965.0,131918310.0,3.29,3.38,3.26,3.34,True,国安股份,False
2018-11-06,76.937,78.131,76.14,77.932,441352.0,150501032.0,3.36,3.42,3.32,3.41,True,国安股份,False
2018-11-07,78.729,78.729,76.538,76.937,407658.0,136973088.0,3.45,3.45,3.34,3.36,True,国安股份,False
2018-11-08,76.937,78.131,76.738,76.937,309082.0,103851552.0,3.36,3.42,3.35,3.36,True,国安股份,False
2018-11-09,76.738,77.335,75.742,75.941,245688.0,81322728.0,3.35,3.38,3.3,3.31,True,国安股份,False
2018-11-12,75.941,79.525,75.742,79.127,583429.0,202449863.0,3.31,3.49,3.3,3.47,True,国安股份,False
2018-11-13,78.131,84.304,77.733,83.11,876382.0,321632194.0,3.42,3.73,3.4,3.67,True,国安股份,False
2018-11-14,81.716,84.105,81.716,82.711,507322.0,185172530.0,3.6,3.72,3.6,3.65,True,国安股份,False
2018-11-15,83.309,85.3,82.114,84.304,591855.0,220761915.0,3.68,3.78,3.62,3.73,True,国安股份,False
2018-11-16,85.3,85.499,83.508,84.105,488222.0,181618584.0,3.78,3.79,3.69,3.72,True,国安股份,False
2018-11-19,84.105,84.703,82.114,83.11,409638.0,150337146.0,3.72,3.75,3.62,3.67,True,国安股份,False
2018-11-20,82.313,85.3,82.114,82.512,483802.0,176103928.0,3.63,3.78,3.62,3.64,True,国安股份,False
2018-11-21,80.919,87.689,80.72,85.499,607567.0,230267893.0,3.56,3.9,3.55,3.79,True,国安股份,False
2018-11-22,86.296,86.893,83.906,84.105,404273.0,150389556.0,3.83,3.86,3.71,3.72,True,国安股份,False
2018-11-23,84.105,84.304,79.326,79.924,405880.0,142463880.0,3.72,3.73,3.48,3.51,True,国安股份,False
2018-11-26,80.521,82.114,79.924,80.322,257233.0,90803249.0,3.54,3.62,3.51,3.53,True,国安股份,False
2018-11-27,81.118,82.114,80.322,81.317,221824.0,79412992.0,3.57,3.62,3.53,3.58,True,国安股份,False
2018-11-28,81.517,88.486,79.127,88.486,1661614.0,654675916.0,3.59,3.94,3.47,3.94,True,国安股份,False
2018-11-29,89.681,91.274,85.101,85.3,1669169.0,630945882.0,4.0,4.08,3.77,3.78,True,国安股份,False
2018-11-30,84.703,86.296,83.11,86.096,727480.0,277897360.0,3.75,3.83,3.67,3.82,True,国安股份,False
2018-12-03,87.49,89.482,87.49,87.689,737087.0,287463930.0,3.89,3.99,3.89,3.9,True,国安股份,False
2018-12-04,87.889,88.486,86.495,87.689,399557.0,155827230.0,3.91,3.94,3.84,3.9,True,国安股份,False
2018-12-05,86.096,87.49,85.499,86.296,342170.0,131051110.0,3.82,3.89,3.79,3.83,True,国安股份,False
2018-12-06,85.698,86.296,83.508,83.508,397879.0,146817351.0,3.8,3.83,3.69,3.69,True,国安股份,False
2018-12-07,83.707,84.503,82.313,83.11,225737.0,82845479.0,3.7,3.74,3.63,3.67,True,国安股份,False
2018-12-10,82.114,83.508,81.915,82.114,196083.0,70982046.0,3.62,3.69,3.61,3.62,True,国安股份,False
2018-12-11,82.91,85.101,82.512,84.503,363251.0,135855874.0,3.66,3.77,3.64,3.74,True,国安股份,False
2018-12-12,84.503,84.902,83.11,83.309,205750.0,75716000.0,3.74,3.76,3.67,3.68,True,国安股份,False
2018-12-13,83.906,84.304,82.91,84.105,225368.0,83836896.0,3.71,3.73,3.66,3.72,True,国安股份,False
2018-12-14,83.906,83.906,80.72,81.118,293341.0,104722737.0,3.71,3.71,3.55,3.57,True,国安股份,False
2018-12-17,80.919,81.716,80.123,81.517,154399.0,55429241.0,3.56,3.6,3.52,3.59,True,国安股份,False
2018-12-18,80.521,81.517,79.525,80.521,176238.0,62388252.0,3.54,3.59,3.49,3.54,True,国安股份,False
2018-12-19,80.919,80.919,78.729,78.729,144682.0,49915290.0,3.56,3.56,3.45,3.45,True,国安股份,False
2018-12-20,79.127,80.322,78.729,79.525,148324.0,51765076.0,3.47,3.53,3.45,3.49,True,国安股份,False
2018-12-21,79.326,79.724,78.131,78.53,168083.0,57820552.0,3.48,3.5,3.42,3.44,True,国安股份,False
2018-12-24,77.932,80.322,77.534,79.924,177326.0,62241425.99999999,3.41,3.53,3.39,3.51,True,国安股份,False
2018-12-25,79.127,81.716,76.538,80.521,361186.0,127859844.0,3.47,3.6,3.34,3.54,True,国安股份,False
2018-12-26,80.72,81.915,79.924,80.123,257054.0,90483008.0,3.55,3.61,3.51,3.52,True,国安股份,False
2018-12-27,80.72,81.517,77.932,78.131,271345.0,92799990.0,3.55,3.59,3.41,3.42,True,国安股份,False
2018-12-28,78.729,79.127,76.937,77.136,194683.0,65608171.0,3.45,3.47,3.36,3.37,True,国安股份,False
2019-01-02,77.733,78.729,77.335,77.733,169897.0,57764980.0,3.4,3.45,3.38,3.4,True,国安股份,False
2019-01-03,78.131,80.123,77.534,78.729,244044.0,84195180.0,3.42,3.52,3.39,3.45,True,国安股份,False
2019-01-04,78.53,81.517,77.534,80.919,357917.0,127418452.0,3.44,3.59,3.39,3.56,True,国安股份,False
2019-01-07,81.317,83.309,81.118,82.91,349168.0,127795488.0,3.58,3.68,3.57,3.66,True,国安股份,False
2019-01-08,83.309,83.309,81.915,82.114,240696.0,87131952.0,3.68,3.68,3.61,3.62,True,国安股份,False
2019-01-09,83.11,84.703,81.517,81.517,467656.0,167888504.0,3.67,3.75,3.59,3.59,True,国安股份,False
2019-01-10,82.313,84.703,81.517,82.313,398479.0,144647877.0,3.63,3.75,3.59,3.63,True,国安股份,False
2019-01-11,82.313,83.309,81.118,82.91,315310.0,115403460.0,3.63,3.68,3.57,3.66,True,国安股份,False
2019-01-14,83.309,83.309,80.521,81.517,334681.0,120150479.0,3.68,3.68,3.54,3.59,True,国安股份,False
2019-01-15,81.517,82.711,80.919,81.915,277879.0,100314319.0,3.59,3.65,3.56,3.61,True,国安股份,False
2019-01-16,81.716,81.915,74.945,75.742,1166108.0,384815640.0,3.6,3.61,3.26,3.3,True,国安股份,False
2019-01-17,73.352,75.941,72.755,74.547,485509.0,157304916.0,3.18,3.31,3.15,3.24,True,国安股份,False
2019-01-18,74.547,75.344,73.352,74.348,406300.0,131234900.0,3.24,3.28,3.18,3.23,True,国安股份,False
2019-01-21,73.95,76.14,73.95,75.543,365291.0,120180739.0,3.21,3.32,3.21,3.29,True,国安股份,False
2019-01-22,75.344,76.738,74.945,74.945,272388.0,88798488.0,3.28,3.35,3.26,3.26,True,国安股份,False
2019-01-23,74.945,75.742,73.95,75.145,223518.0,73090386.0,3.26,3.3,3.21,3.27,True,国安股份,False
2019-01-24,75.145,75.145,74.149,74.149,206374.0,66452428.00000001,3.27,3.27,3.22,3.22,True,国安股份,False
2019-01-25,77.136,80.521,76.339,80.521,907184.0,321143136.0,3.37,3.54,3.33,3.54,True,国安股份,False
2019-01-28,81.915,82.114,78.131,79.326,959053.0,333750444.0,3.61,3.62,3.42,3.48,True,国安股份,False
2019-01-29,78.131,78.729,74.945,76.538,514362.0,171796908.0,3.42,3.45,3.26,3.34,True,国安股份,False
2019-01-30,76.538,76.937,75.344,75.543,291784.0,95996936.0,3.34,3.36,3.28,3.29,True,国安股份,False
2019-01-31,75.742,77.335,75.344,75.742,395973.0,130671090.0,3.3,3.38,3.28,3.3,True,国安股份,False
2019-02-01,76.14,77.335,75.941,77.136,293579.0,98936123.0,3.32,3.38,3.31,3.37,True,国安股份,False
2019-02-11,77.335,78.729,76.937,78.53,447592.0,153971648.0,3.38,3.45,3.36,3.44,True,国安股份,False
2019-02-12,78.331,81.517,78.131,80.123,632238.0,222547776.0,3.43,3.59,3.42,3.52,True,国安股份,False
2019-02-13,80.123,83.11,78.928,82.711,931377.0,339952605.0,3.52,3.67,3.46,3.65,True,国安股份,False
2019-02-14,82.512,82.711,81.317,82.114,578497.0,209415914.0,3.64,3.65,3.58,3.62,True,国安股份,False
2019-02-15,82.114,84.304,81.716,82.512,656548.0,238983472.0,3.62,3.73,3.6,3.64,True,国安股份,False
2019-02-18,83.11,84.902,82.711,84.703,795313.0,298242375.0,3.67,3.76,3.65,3.75,True,国安股份,False
2019-02-19,84.902,85.499,83.11,84.503,759075.0,283894050.0,3.76,3.79,3.67,3.74,True,国安股份,False
2019-02-20,84.304,91.075,83.309,88.685,1386053.0,547490935.0,3.73,4.07,3.68,3.95,True,国安股份,False
2019-02-21,87.49,90.278,86.694,87.092,1084009.0,419511483.0,3.89,4.03,3.85,3.87,True,国安股份,False
2019-02-22,87.092,94.858,86.296,94.858,1521145.0,648007770.0,3.87,4.26,3.83,4.26,True,国安股份,False
2019-02-25,99.637,103.42,98.044,101.628,3022815.0,1390494900.0,4.5,4.69,4.42,4.6,True,国安股份,False
2019-02-26,100.633,106.208,98.84,101.628,2373921.0,1092003660.0,4.55,4.83,4.46,4.6,True,国安股份,False
2019-02-27,100.234,109.394,100.234,105.013,2133957.0,1017897489.0,4.53,4.99,4.53,4.77,True,国安股份,False
2019-02-28,103.819,104.814,100.633,101.827,1324266.0,610486626.0,4.71,4.76,4.55,4.61,True,国安股份,False
2019-03-01,101.429,103.221,98.641,102.026,1032140.0,476848680.0,4.59,4.68,4.45,4.62,True,国安股份,False
2019-03-04,104.814,108.398,102.823,104.814,1839057.0,875391132.0,4.76,4.94,4.66,4.76,True,国安股份,False
2019-03-05,104.814,114.372,103.221,114.372,2219110.0,1162813640.0,4.76,5.24,4.68,5.24,True,国安股份,False
2019-03-06,119.549,124.727,113.576,122.735,3179674.0,1799695484.0,5.5,5.76,5.2,5.66,True,国安股份,False
2019-03-07,119.549,131.099,118.156,126.519,2764550.0,1617261750.0,5.5,6.08,5.43,5.85,True,国安股份,False
2019-03-08,122.138,126.121,115.766,115.965,2169477.0,1154161764.0,5.63,5.83,5.31,5.32,True,国安股份,False
2019-03-11,118.355,124.528,113.576,123.333,1682122.0,957127418.0,5.44,5.75,5.2,5.69,True,国安股份,False
2019-03-12,122.935,134.683,122.138,132.493,3239782.0,1992465930.0,5.67,6.26,5.63,6.15,True,国安股份,False
2019-03-13,136.276,144.838,133.09,144.838,4416631.0,2990059187.0,6.34,6.77,6.18,6.77,True,国安股份,False
2019-03-14,144.838,146.232,131.298,131.298,2910517.0,1772504853.0,6.77,6.84,6.09,6.09,True,国安股份,False
2019-03-15,132.493,139.661,125.125,133.488,2943527.0,1824986740.0,6.15,6.51,5.78,6.2,True,国安股份,False
2019-03-18,130.501,131.497,126.121,130.103,2003754.0,1208263662.0,6.05,6.1,5.83,6.03,True,国安股份,False
2019-03-19,129.307,139.661,127.514,139.661,2582860.0,1681441860.0,5.99,6.51,5.9,6.51,True,国安股份,False
2019-03-20,140.657,143.444,135.479,138.068,2492061.0,1602395223.0,6.56,6.7,6.3,6.43,True,国安股份,False
2019-03-21,141.453,150.812,132.493,150.812,3632549.0,2568212143.0,6.6,7.07,6.15,7.07,True,国安股份,False
2019-03-22,147.427,151.011,140.657,144.838,3639789.0,2464137153.0,6.9,7.08,6.56,6.77,True,国安股份,False
2019-03-25,137.869,140.059,132.094,134.683,2446413.0,1531454538.0,6.42,6.53,6.13,6.26,True,国安股份,False
2019-03-26,134.484,136.475,127.116,127.714,1635641.0,966663831.0,6.25,6.35,5.88,5.91,True,国安股份,False
2019-03-27,129.506,129.705,121.342,125.523,1434692.0,832121360.0,6.0,6.01,5.59,5.8,True,国安股份,False
2019-03-28,124.727,128.51,122.337,125.125,1131830.0,654197740.0,5.76,5.95,5.64,5.78,True,国安股份,False
2019-03-29,124.926,129.904,120.943,128.311,1399222.0,831137868.0,5.77,6.02,5.57,5.94,True,国安股份,False
2019-04-01,126.519,133.488,126.519,132.293,1459332.0,896029848.0,5.85,6.2,5.85,6.14,True,国安股份,False
2019-04-02,132.293,136.077,130.9,131.696,1426134.0,871367874.0,6.14,6.33,6.07,6.11,True,国安股份,False
2019-04-03,130.7,132.891,129.107,131.696,902267.0,551285137.0,6.06,6.17,5.98,6.11,True,国安股份,False
2019-04-04,133.09,134.086,130.501,131.895,1168623.0,715197276.0,6.18,6.23,6.05,6.12,True,国安股份,False
2019-04-08,132.094,132.493,126.121,127.514,1213426.0,715921340.0,6.13,6.15,5.83,5.9,True,国安股份,False
2019-04-09,126.32,129.904,123.532,126.718,666968.0,390843248.0,5.84,6.02,5.7,5.86,True,国安股份,False
2019-04-10,126.519,126.519,122.735,123.731,799711.0,456634981.0,5.85,5.85,5.66,5.71,True,国安股份,False
2019-04-11,123.333,125.324,121.541,121.74,684644.0,384085284.0,5.69,5.79,5.6,5.61,True,国安股份,False
2019-04-12,122.337,122.935,116.961,118.554,973604.0,530614180.0,5.64,5.67,5.37,5.45,True,国安股份,False
2019-04-15,119.749,126.917,119.749,121.939,1211640.0,680941680.0,5.51,5.87,5.51,5.62,True,国安股份,False
2019-04-16,120.943,125.523,120.147,124.727,804273.0,463261248.0,5.57,5.8,5.53,5.76,True,国安股份,False
2019-04-17,124.727,125.921,123.134,123.532,677703.0,386290710.0,5.76,5.82,5.68,5.7,True,国安股份,False
2019-04-18,114.571,118.156,112.58,115.169,2206303.0,1164927984.0,5.25,5.43,5.15,5.28,True,国安股份,False
2019-04-19,113.177,114.77,110.589,111.983,1596284.0,817297408.0,5.18,5.26,5.05,5.12,True,国安股份,False
2019-04-22,111.983,112.779,104.416,106.407,1642550.0,794994200.0,5.12,5.16,4.74,4.84,True,国安股份,False
2019-04-23,107.204,110.987,106.805,107.602,1406151.0,689013990.0,4.88,5.07,4.86,4.9,True,国安股份,False
2019-04-24,107.602,109.195,104.814,108.598,1019052.0,504430740.0,4.9,4.98,4.76,4.95,True,国安股份,False
2019-04-25,108.797,109.394,104.416,104.416,1093937.0,518526138.0,4.96,4.99,4.74,4.74,True,国安股份,False
2019-04-26,103.619,106.009,101.23,101.429,820349.0,376540191.0,4.7,4.82,4.58,4.59,True,国安股份,False
2019-04-29,101.031,104.615,99.04,99.239,972810.0,435818880.00000006,4.57,4.75,4.47,4.48,True,国安股份,False
2019-04-30,99.836,105.212,99.836,103.022,1133712.0,529443504.0,4.51,4.78,4.51,4.67,True,国安股份,False
2019-05-06,99.836,101.628,93.862,94.858,1014855.0,432328230.0,4.51,4.6,4.21,4.26,True,国安股份,False
2019-05-07,96.451,99.438,96.252,97.646,886289.0,389967160.00000006,4.34,4.49,4.33,4.4,True,国安股份,False
2019-05-08,96.65,100.633,96.053,98.243,777913.0,344615459.0,4.35,4.55,4.32,4.43,True,国安股份,False
2019-05-09,96.451,98.442,95.654,96.451,611129.0,265229986.0,4.34,4.44,4.3,4.34,True,国安股份,False
2019-05-10,97.646,99.836,93.862,99.239,878283.0,393470784.00000006,4.4,4.51,4.21,4.48,True,国安股份,False
2019-05-13,98.84,98.84,95.256,96.252,680910.0,294834030.0,4.46,4.46,4.28,4.33,True,国安股份,False
2019-05-14,94.858,99.04,94.659,96.65,835699.0,363529065.0,4.26,4.47,4.25,4.35,True,国安股份,False
2019-05-15,97.845,98.044,96.252,97.447,660990.0,290174610.0,4.41,4.42,4.33,4.39,True,国安股份,False
2019-05-16,97.646,100.035,97.048,98.84,869816.0,387937936.0,4.4,4.52,4.37,4.46,True,国安股份,False
2019-05-17,98.641,98.641,90.477,91.274,1253225.0,511315800.0,4.45,4.45,4.04,4.08,True,国安股份,False
2019-05-20,91.274,93.066,88.287,91.672,661926.0,271389660.0,4.08,4.17,3.93,4.1,True,国安股份,False
2019-05-21,92.07,93.663,90.875,92.867,592537.0,246495392.0,4.12,4.2,4.06,4.16,True,国安股份,False
2019-05-22,92.468,93.066,90.079,90.875,537613.0,218270878.0,4.14,4.17,4.02,4.06,True,国安股份,False
2019-05-23,91.274,91.473,86.893,87.889,687866.0,268955606.0,4.08,4.09,3.86,3.91,True,国安股份,False
2019-05-24,88.287,88.685,86.296,86.893,405427.0,156494822.0,3.93,3.95,3.83,3.86,True,国安股份,False
2019-05-27,87.092,89.282,86.296,88.685,531779.0,210052705.0,3.87,3.98,3.83,3.95,True,国安股份,False
2019-05-28,89.482,93.464,89.083,91.274,1052409.0,429382872.0,3.99,4.19,3.97,4.08,True,国安股份,False
2019-05-29,90.875,92.468,90.079,91.473,508728.0,208069752.0,4.06,4.14,4.02,4.09,True,国安股份,False
2019-05-30,91.075,91.274,88.685,90.278,469450.0,189188350.0,4.07,4.08,3.95,4.03,True,国安股份,False
2019-05-31,90.278,91.075,89.282,89.482,382856.0,152759544.0,4.03,4.07,3.98,3.99,True,国安股份,False
2019-06-03,89.482,91.075,87.49,89.681,602158.0,240863200.0,3.99,4.07,3.89,4.0,True,国安股份,False
2019-06-04,90.278,96.65,90.079,94.659,1602275.0,680966875.0,4.03,4.35,4.02,4.25,True,国安股份,False
2019-06-05,92.867,97.447,92.468,96.252,1340261.0,580333013.0,4.16,4.39,4.14,4.33,True,国安股份,False
2019-06-06,95.654,102.823,94.261,99.637,1995230.0,897853500.0,4.3,4.66,4.23,4.5,True,国安股份,False
2019-06-10,100.234,102.425,97.845,100.433,1342132.0,609327928.0,4.53,4.64,4.41,4.54,True,国安股份,False
2019-06-11,98.641,102.026,97.247,101.628,1653539.0,760627940.0,4.45,4.62,4.38,4.6,True,国安股份,False
2019-06-12,100.234,101.031,97.048,97.447,1224945.0,537750855.0,4.53,4.57,4.37,4.39,True,国安股份,False
2019-06-13,96.849,98.243,95.654,96.849,787037.0,343148132.0,4.36,4.43,4.3,4.36,True,国安股份,False
2019-06-14,96.849,97.646,92.468,93.464,1091224.0,457222856.00000006,4.36,4.4,4.14,4.19,True,国安股份,False
2019-06-17,93.862,94.261,91.274,92.07,550185.0,226676220.0,4.21,4.23,4.08,4.12,True,国安股份,False
2019-06-18,92.269,92.668,90.477,91.274,402566.0,164246928.0,4.13,4.15,4.04,4.08,True,国安股份,False
2019-06-19,93.464,94.659,91.473,91.871,522456.0,214729416.00000003,4.19,4.25,4.09,4.11,True,国安股份,False
2019-06-20,91.871,94.46,91.274,93.862,648215.0,272898515.0,4.11,4.24,4.08,4.21,True,国安股份,False
2019-06-21,94.261,97.447,94.261,96.053,846351.0,365623632.0,4.23,4.39,4.23,4.32,True,国安股份,False
2019-06-24,96.252,96.451,94.061,94.46,511282.0,216783568.0,4.33,4.34,4.22,4.24,True,国安股份,False
2019-06-25,94.061,94.061,91.274,92.269,594340.0,245462420.0,4.22,4.22,4.08,4.13,True,国安股份,False
2019-06-26,90.875,94.261,90.875,92.867,453972.0,188852352.0,4.06,4.23,4.06,4.16,True,国安股份,False
2019-06-27,93.464,93.663,91.672,92.269,390583.0,161310779.0,4.19,4.2,4.1,4.13,True,国安股份,False
2019-06-28,91.871,91.871,89.482,90.079,508685.0,204491370.0,4.11,4.11,3.99,4.02,True,国安股份,False
2019-07-01,91.672,92.867,90.875,92.867,549670.0,228662720.0,4.1,4.16,4.06,4.16,True,国安股份,False
2019-07-02,93.265,93.265,91.672,91.871,392687.0,161394357.0,4.18,4.18,4.1,4.11,True,国安股份,False
2019-07-03,92.07,92.269,90.278,90.676,335751.0,135979155.0,4.12,4.13,4.03,4.05,True,国安股份,False
2019-07-04,90.875,91.274,89.681,90.079,303834.0,122141268.0,4.06,4.08,4.0,4.02,True,国安股份,False
2019-07-05,89.88,90.875,89.681,90.477,207984.0,84025536.0,4.01,4.06,4.0,4.04,True,国安股份,False
2019-07-08,90.477,90.676,86.893,87.49,417522.0,162416058.0,4.04,4.05,3.86,3.89,True,国安股份,False
2019-07-09,87.49,88.287,86.893,87.889,201917.0,78949547.0,3.89,3.93,3.86,3.91,True,国安股份,False
2019-07-10,87.889,88.088,85.897,86.296,229198.0,87782834.0,3.91,3.92,3.81,3.83,True,国安股份,False
2019-07-11,86.694,87.49,84.105,84.703,351708.0,131890500.0,3.85,3.89,3.72,3.75,True,国安股份,False
2019-07-12,84.902,85.101,83.309,83.906,290013.0,107594823.0,3.76,3.77,3.68,3.71,True,国安股份,False
2019-07-15,84.503,88.685,84.105,88.287,673177.0,264558561.0,3.74,3.95,3.72,3.93,True,国安股份,False
2019-07-16,88.287,89.282,87.291,87.889,306788.0,119954108.0,3.93,3.98,3.88,3.91,True,国安股份,False
2019-07-17,87.889,88.287,87.49,87.689,228786.0,89226540.0,3.91,3.93,3.89,3.9,True,国安股份,False
2019-07-18,87.291,87.49,85.698,85.897,249230.0,94956630.0,3.88,3.89,3.8,3.81,True,国安股份,False
2019-07-19,86.296,87.291,86.096,86.694,203771.0,78451835.0,3.83,3.88,3.82,3.85,True,国安股份,False
2019-07-22,86.893,86.893,83.707,84.105,308989.0,114943908.0,3.86,3.86,3.7,3.72,True,国安股份,False
2019-07-23,83.707,85.101,83.707,85.101,161299.0,60809723.0,3.7,3.77,3.7,3.77,True,国安股份,False
2019-07-24,85.3,86.495,84.902,85.698,229664.0,87272320.0,3.78,3.84,3.76,3.8,True,国安股份,False
2019-07-25,85.897,86.495,85.698,86.096,198102.0,75674964.0,3.81,3.84,3.8,3.82,True,国安股份,False
2019-07-26,86.096,86.694,85.499,85.698,157062.0,59683560.0,3.82,3.85,3.79,3.8,True,国安股份,False
2019-07-29,85.499,88.287,85.101,86.893,377441.0,145692226.0,3.79,3.93,3.77,3.86,True,国安股份,False
2019-07-30,87.092,88.088,86.694,87.291,254633.0,98797604.0,3.87,3.92,3.85,3.88,True,国安股份,False
2019-07-31,87.49,87.49,86.296,86.694,184486.0,71027110.0,3.89,3.89,3.83,3.85,True,国安股份,False
2019-08-01,86.296,86.296,85.3,85.499,194277.0,73630983.0,3.83,3.83,3.78,3.79,True,国安股份,False
2019-08-02,83.11,83.906,82.114,83.707,302541.0,111940170.0,3.67,3.71,3.62,3.7,True,国安股份,False
2019-08-05,83.309,84.703,81.915,82.114,292665.0,105944730.0,3.68,3.75,3.61,3.62,True,国安股份,False
2019-08-06,80.919,80.919,76.14,78.928,465870.0,161191020.0,3.56,3.56,3.32,3.46,True,国安股份,False
2019-08-07,78.729,79.724,77.534,77.733,265534.0,90281560.0,3.45,3.5,3.39,3.4,True,国安股份,False
2019-08-08,77.335,78.53,77.136,77.932,245911.0,83855651.0,3.38,3.44,3.37,3.41,True,国安股份,False
2019-08-09,78.729,78.928,76.937,77.136,213238.0,71861206.0,3.45,3.46,3.36,3.37,True,国安股份,False
2019-08-12,77.733,78.53,77.335,78.53,228085.0,78461240.0,3.4,3.44,3.38,3.44,True,国安股份,False
2019-08-13,77.932,79.326,77.733,78.53,182743.0,62863592.0,3.41,3.48,3.4,3.44,True,国安股份,False
2019-08-14,79.326,80.123,78.729,78.928,208440.0,72120240.0,3.48,3.52,3.45,3.46,True,国安股份,False
2019-08-15,77.534,79.525,76.738,79.525,227956.0,79556644.0,3.39,3.49,3.35,3.49,True,国安股份,False
2019-08-16,79.326,80.123,78.928,79.326,239423.0,83319204.0,3.48,3.52,3.46,3.48,True,国安股份,False
2019-08-19,79.724,82.313,79.525,81.915,460591.0,166273351.0,3.5,3.63,3.49,3.61,True,国安股份,False
2019-08-20,83.11,88.287,82.91,84.105,772156.0,287242032.0,3.67,3.93,3.66,3.72,True,国安股份,False
2019-08-21,84.105,84.902,82.711,83.11,287127.0,105375609.0,3.72,3.76,3.65,3.67,True,国安股份,False
2019-08-22,83.707,84.503,82.711,83.906,232610.0,86298310.0,3.7,3.74,3.65,3.71,True,国安股份,False
2019-08-23,83.309,84.503,82.711,83.11,206653.0,75841651.0,3.68,3.74,3.65,3.67,True,国安股份,False
2019-08-26,80.521,82.512,79.924,81.915,305165.0,110164565.0,3.54,3.64,3.51,3.61,True,国安股份,False
2019-08-27,82.313,87.092,82.313,84.503,596817.0,223209558.0,3.63,3.87,3.63,3.74,True,国安股份,False
2019-08-28,84.503,86.495,83.707,85.3,472381.0,178560018.0,3.74,3.84,3.7,3.78,True,国安股份,False
2019-08-29,85.499,86.893,84.703,85.698,397681.0,151118780.0,3.79,3.86,3.75,3.8,True,国安股份,False
2019-08-30,86.296,86.893,82.91,83.707,361346.0,133698020.0,3.83,3.86,3.66,3.7,True,国安股份,False
2019-09-02,83.707,86.096,83.508,86.096,395451.0,151062282.0,3.7,3.82,3.69,3.82,True,国安股份,False
2019-09-03,86.694,92.269,86.495,90.875,1384143.0,561962058.0,3.85,4.13,3.84,4.06,True,国安股份,False
2019-09-04,89.681,91.274,88.884,89.88,755331.0,302887731.0,4.0,4.08,3.96,4.01,True,国安股份,False
2019-09-05,90.477,93.265,90.278,90.875,985496.0,400111376.0,4.04,4.18,4.03,4.06,True,国安股份,False
2019-09-06,91.274,91.871,90.079,90.676,516248.0,209080440.0,4.08,4.11,4.02,4.05,True,国安股份,False
2019-09-09,91.672,93.464,90.676,92.867,949137.0,394840992.0,4.1,4.19,4.05,4.16,True,国安股份,False
2019-09-10,92.867,93.066,90.875,91.672,611826.0,250848660.0,4.16,4.17,4.06,4.1,True,国安股份,False
2019-09-11,91.871,92.07,90.079,90.079,494263.0,198693726.0,4.11,4.12,4.02,4.02,True,国安股份,False
2019-09-12,90.477,91.075,89.482,90.676,359800.0,145719000.0,4.04,4.07,3.99,4.05,True,国安股份,False
2019-09-16,91.075,91.473,90.079,90.477,386275.0,156055100.0,4.07,4.09,4.02,4.04,True,国安股份,False
2019-09-17,90.079,90.278,86.893,87.49,545602.0,212239178.0,4.02,4.03,3.86,3.89,True,国安股份,False
2019-09-18,87.49,87.889,86.694,86.893,268232.0,103537552.0,3.89,3.91,3.85,3.86,True,国安股份,False
2019-09-19,86.893,88.088,86.096,87.889,286567.0,112047697.0,3.86,3.92,3.82,3.91,True,国安股份,False
2019-09-20,87.889,88.088,86.694,87.291,257270.0,99820760.0,3.91,3.92,3.85,3.88,True,国安股份,False
2019-09-23,86.694,86.694,84.503,85.3,280560.0,106051680.0,3.85,3.85,3.74,3.78,True,国安股份,False
2019-09-24,85.3,86.694,84.902,85.698,232158.0,88220040.0,3.78,3.85,3.76,3.8,True,国安股份,False
2019-09-25,85.101,85.3,83.508,83.707,261896.0,96901520.0,3.77,3.78,3.69,3.7,True,国安股份,False
2019-09-26,84.105,84.304,81.517,81.517,278064.0,99824976.0,3.72,3.73,3.59,3.59,True,国安股份,False
2019-09-27,81.317,83.309,81.317,81.915,173759.0,62726999.0,3.58,3.68,3.58,3.61,True,国安股份,False
2019-09-30,82.114,82.711,81.716,81.915,134948.0,48716228.0,3.62,3.65,3.6,3.61,True,国安股份,False
2019-10-08,81.915,82.711,81.517,81.517,182678.0,65581402.0,3.61,3.65,3.59,3.59,True,国安股份,False
2019-10-09,81.317,82.512,80.322,82.512,154363.0,56188132.0,3.58,3.64,3.53,3.64,True,国安股份,False
2019-10-10,82.313,83.309,82.114,83.11,186039.0,68276313.0,3.63,3.68,3.62,3.67,True,国安股份,False
2019-10-11,83.309,84.105,82.313,83.508,201920.0,74508480.0,3.68,3.72,3.63,3.69,True,国安股份,False
2019-10-14,83.906,86.495,83.906,85.3,298948.0,113002344.0,3.71,3.84,3.71,3.78,True,国安股份,False
2019-10-15,84.902,85.101,83.906,84.703,185748.0,69655500.0,3.76,3.77,3.71,3.75,True,国安股份,False
2019-10-16,84.902,85.698,84.503,84.703,181656.0,68121000.0,3.76,3.8,3.74,3.75,True,国安股份,False
2019-10-17,84.703,86.096,84.503,85.101,218532.0,82386564.0,3.75,3.82,3.74,3.77,True,国安股份,False
2019-10-18,85.3,85.698,82.711,82.91,237808.0,87037728.0,3.78,3.8,3.65,3.66,True,国安股份,False
2019-10-21,82.91,83.11,81.317,82.512,154850.0,56365400.0,3.66,3.67,3.58,3.64,True,国安股份,False
2019-10-22,82.512,83.11,82.114,82.711,127154.0,46411210.0,3.64,3.67,3.62,3.65,True,国安股份,False
2019-10-23,82.91,82.91,82.114,82.313,138057.0,50114691.0,3.66,3.66,3.62,3.63,True,国安股份,False
2019-10-24,81.915,82.114,81.317,81.517,156627.0,56229093.0,3.61,3.62,3.58,3.59,True,国安股份,False
2019-10-25,81.716,82.313,80.521,82.313,180629.0,65568327.0,3.6,3.63,3.54,3.63,True,国安股份,False
2019-10-28,82.91,85.101,82.313,85.101,398992.0,150419984.0,3.66,3.77,3.63,3.77,True,国安股份,False
2019-10-29,84.902,85.101,82.91,82.91,249890.0,91459740.0,3.76,3.77,3.66,3.66,True,国安股份,False
2019-10-30,82.91,82.91,80.919,81.118,229659.0,81988263.0,3.66,3.66,3.56,3.57,True,国安股份,False
2019-10-31,80.72,81.517,78.53,78.928,335099.0,115944254.0,3.55,3.59,3.44,3.46,True,国安股份,False
2019-11-01,78.331,80.123,78.131,79.525,175499.0,61249151.00000001,3.43,3.52,3.42,3.49,True,国安股份,False
2019-11-04,79.525,80.322,79.127,79.326,181255.0,63076740.0,3.49,3.53,3.47,3.48,True,国安股份,False
2019-11-05,79.326,79.724,78.131,78.729,236102.0,81455190.0,3.48,3.5,3.42,3.45,True,国安股份,False
2019-11-06,78.729,79.326,78.331,78.729,130389.0,44984205.0,3.45,3.48,3.43,3.45,True,国安股份,False
2019-11-07,78.331,78.928,77.335,78.729,131509.0,45370605.0,3.43,3.46,3.38,3.45,True,国安股份,False
2019-11-08,79.326,79.525,78.131,78.331,135262.0,46394866.0,3.48,3.49,3.42,3.43,True,国安股份,False
2019-11-11,78.131,78.131,76.339,76.937,181911.0,61122096.0,3.42,3.42,3.33,3.36,True,国安股份,False
2019-11-12,76.738,77.136,74.746,76.14,224698.0,74599736.0,3.35,3.37,3.25,3.32,True,国安股份,False
2019-11-13,76.14,76.14,74.746,75.344,130375.0,42763000.0,3.32,3.32,3.25,3.28,True,国安股份,False
2019-11-14,75.344,76.14,75.145,76.14,129813.0,43097916.0,3.28,3.32,3.27,3.32,True,国安股份,False
2019-11-15,75.941,76.14,74.746,74.746,129833.0,42195725.0,3.31,3.32,3.25,3.25,True,国安股份,False
2019-11-18,74.746,76.339,74.746,75.941,132572.0,43881332.0,3.25,3.33,3.25,3.31,True,国安股份,False
2019-11-19,75.941,77.932,75.742,77.932,206897.0,70551877.0,3.31,3.41,3.3,3.41,True,国安股份,False
2019-11-20,78.331,78.331,76.937,76.937,144595.0,48583920.0,3.43,3.43,3.36,3.36,True,国安股份,False
2019-11-21,76.937,77.335,76.14,76.538,114497.0,38241998.0,3.36,3.38,3.32,3.34,True,国安股份,False
2019-11-22,76.738,77.932,76.339,76.937,143399.0,48182064.0,3.35,3.41,3.33,3.36,True,国安股份,False
2019-11-25,77.335,77.534,76.14,77.136,125955.0,42446835.0,3.38,3.39,3.32,3.37,True,国安股份,False
2019-11-26,76.738,77.932,76.738,76.937,140191.0,47104176.0,3.35,3.41,3.35,3.36,True,国安股份,False
2019-11-27,76.937,77.534,76.339,76.937,128170.0,43065120.0,3.36,3.39,3.33,3.36,True,国安股份,False
2019-11-28,76.738,77.136,75.941,75.941,138309.0,45780279.0,3.35,3.37,3.31,3.31,True,国安股份,False
2019-11-29,75.742,76.538,75.742,76.339,104124.0,34673292.0,3.3,3.34,3.3,3.33,True,国安股份,False
2019-12-02,76.339,79.326,75.344,77.335,333450.0,112706100.0,3.33,3.48,3.28,3.38,True,国安股份,False
2019-12-03,76.738,77.733,76.339,77.733,151885.0,51640900.0,3.35,3.4,3.33,3.4,True,国安股份,False
2019-12-04,77.534,77.932,76.937,77.335,163398.0,55228524.0,3.39,3.41,3.36,3.38,True,国安股份,False
2019-12-05,77.136,77.733,76.937,77.335,183260.0,61941880.0,3.37,3.4,3.36,3.38,True,国安股份,False
2019-12-06,77.335,77.733,76.937,77.733,162035.0,55091900.0,3.38,3.4,3.36,3.4,True,国安股份,False
2019-12-09,77.733,77.932,77.136,77.335,158923.0,53715974.0,3.4,3.41,3.37,3.38,True,国安股份,False
2019-12-10,77.335,78.53,76.738,78.131,290932.0,99498744.0,3.38,3.44,3.35,3.42,True,国安股份,False
2019-12-11,78.331,78.729,77.733,77.733,164996.0,56098640.0,3.43,3.45,3.4,3.4,True,国安股份,False
2019-12-12,77.534,77.733,76.937,76.937,160963.0,54083568.0,3.39,3.4,3.36,3.36,True,国安股份,False
2019-12-13,77.534,77.932,76.937,77.733,248194.0,84385960.0,3.39,3.41,3.36,3.4,True,国安股份,False
2019-12-16,77.932,79.326,77.733,79.326,404165.0,140649420.0,3.41,3.48,3.4,3.48,True,国安股份,False
2019-12-17,78.729,81.317,78.53,80.919,621624.0,221298144.0,3.45,3.58,3.44,3.56,True,国安股份,False
2019-12-18,80.322,81.118,79.924,79.924,435563.0,152882613.0,3.53,3.57,3.51,3.51,True,国安股份,False
2019-12-19,79.924,82.114,79.724,81.317,489170.0,175122860.0,3.51,3.62,3.5,3.58,True,国安股份,False
2019-12-20,81.118,81.317,79.127,79.326,401668.0,139780464.0,3.57,3.58,3.47,3.48,True,国安股份,False
2019-12-23,78.729,78.729,76.14,76.339,466481.0,155338173.0,3.45,3.45,3.32,3.33,True,国安股份,False
2019-12-24,76.339,77.335,76.339,77.335,228660.0,77287080.0,3.33,3.38,3.33,3.38,True,国安股份,False
2019-12-25,77.335,77.335,76.538,77.136,165714.0,55845618.0,3.38,3.38,3.34,3.37,True,国安股份,False
2019-12-26,76.738,79.525,76.538,78.331,443840.0,152237120.0,3.35,3.49,3.34,3.43,True,国安股份,False
2019-12-27,77.932,80.919,77.733,79.127,755498.0,262157806.0,3.41,3.56,3.4,3.47,True,国安股份,False
2019-12-30,78.331,80.72,77.335,79.924,521671.0,183106521.0,3.43,3.55,3.38,3.51,True,国安股份,False
2019-12-31,79.724,81.317,79.127,80.521,481592.0,170483568.0,3.5,3.58,3.47,3.54,True,国安股份,False
2020-01-02,81.317,82.512,80.919,81.118,629832.0,224850024.0,3.58,3.64,3.56,3.57,True,国安股份,False
2020-01-03,81.118,81.517,80.521,81.118,441557.0,157635849.0,3.57,3.59,3.54,3.57,True,国安股份,False
2020-01-06,80.72,83.707,80.123,82.512,811863.0,295518132.0,3.55,3.7,3.52,3.64,True,国安股份,False
2020-01-07,82.91,85.3,82.512,85.3,860414.0,325236492.0,3.66,3.78,3.64,3.78,True,国安股份,False
2020-01-08,84.503,84.703,82.512,82.91,750330.0,274620780.0,3.74,3.75,3.64,3.66,True,国安股份,False
2020-01-09,83.707,84.703,83.309,83.707,444739.0,164553430.0,3.7,3.75,3.68,3.7,True,国安股份,False
2020-01-10,84.105,84.304,81.517,81.915,461002.0,166421722.0,3.72,3.73,3.59,3.61,True,国安股份,False
2020-01-13,81.317,82.711,81.317,82.313,279029.0,101287527.0,3.58,3.65,3.58,3.63,True,国安股份,False
2020-01-14,82.711,89.083,82.313,85.698,1301785.0,494678300.0,3.65,3.97,3.63,3.8,True,国安股份,False
2020-01-15,85.101,86.893,84.105,84.902,632912.0,237974912.0,3.77,3.86,3.72,3.76,True,国安股份,False
2020-01-16,85.3,85.499,82.512,83.309,549915.0,202368720.0,3.78,3.79,3.64,3.68,True,国安股份,False
2020-01-17,83.309,83.707,82.114,82.114,349620.0,126562440.0,3.68,3.7,3.62,3.62,True,国安股份,False
2020-01-20,82.114,82.91,81.317,82.313,366244.0,132946572.0,3.62,3.66,3.58,3.63,True,国安股份,False
2020-01-21,82.114,82.313,80.123,80.123,358698.0,126261696.0,3.62,3.63,3.52,3.52,True,国安股份,False
2020-01-22,79.326,81.118,78.53,80.919,318059.0,113229004.0,3.48,3.57,3.44,3.56,True,国安股份,False
2020-01-23,79.924,80.72,77.733,78.53,402822.0,138570768.0,3.51,3.55,3.4,3.44,True,国安股份,False
2020-02-03,71.759,71.759,71.759,71.759,83828.0,25986680.0,3.1,3.1,3.1,3.1,True,国安股份,False
2020-02-04,65.587,70.764,65.587,69.569,690278.0,206393122.0,2.79,3.05,2.79,2.99,True,国安股份,False
2020-02-05,69.37,72.158,69.37,70.764,424455.0,129458775.0,2.98,3.12,2.98,3.05,True,国安股份,False
2020-02-06,70.963,74.547,69.967,72.954,611336.0,193182176.0,3.06,3.24,3.01,3.16,True,国安股份,False
2020-02-07,73.153,75.145,72.158,73.751,580228.0,185672960.0,3.17,3.27,3.12,3.2,True,国安股份,False
2020-02-10,74.149,74.547,72.954,74.348,360470.0,116431810.0,3.22,3.24,3.16,3.23,True,国安股份,False
2020-02-11,74.746,74.746,73.352,73.751,280844.0,89870080.0,3.25,3.25,3.18,3.2,True,国安股份,False
2020-02-12,73.352,75.742,73.153,75.344,459417.0,150688776.0,3.18,3.3,3.17,3.28,True,国安股份,False
2020-02-13,75.145,75.742,73.751,74.149,378800.0,121973600.0,3.27,3.3,3.2,3.22,True,国安股份,False
2020-02-14,73.552,74.348,73.153,73.751,256876.0,82200320.0,3.19,3.23,3.17,3.2,True,国安股份,False
2020-02-17,73.552,75.941,73.552,75.742,529976.0,174892080.0,3.19,3.31,3.19,3.3,True,国安股份,False
2020-02-18,76.339,78.729,75.941,78.131,743778.0,254372076.0,3.33,3.45,3.31,3.42,True,国安股份,False
2020-02-19,78.729,80.919,76.937,77.136,651915.0,219695355.0,3.45,3.56,3.36,3.37,True,国安股份,False
2020-02-20,77.136,80.521,76.738,79.924,819276.0,287565876.0,3.37,3.54,3.35,3.51,True,国安股份,False
2020-02-21,80.72,83.309,79.924,80.919,963687.0,343072572.0,3.55,3.68,3.51,3.56,True,国安股份,False
2020-02-24,79.724,88.088,79.127,88.088,1222347.0,479160024.0,3.5,3.92,3.47,3.92,True,国安股份,False
2020-02-25,90.079,92.867,85.698,91.473,3354067.0,1371813403.0,4.02,4.16,3.8,4.09,True,国安股份,False
2020-02-26,90.676,93.663,87.092,88.287,2066685.0,812207205.0,4.05,4.2,3.87,3.93,True,国安股份,False
2020-02-27,88.685,88.884,83.707,84.703,1173521.0,440070375.0,3.95,3.96,3.7,3.75,True,国安股份,False
2020-02-28,81.716,82.711,78.53,78.928,1101974.0,381283004.0,3.6,3.65,3.44,3.46,True,国安股份,False
2020-03-02,79.525,82.711,79.525,82.114,748490.0,270953380.0,3.49,3.65,3.49,3.62,True,国安股份,False
2020-03-03,85.499,86.495,80.919,82.114,870872.0,315255664.0,3.79,3.84,3.56,3.62,True,国安股份,False
2020-03-04,81.118,82.711,80.322,82.313,520130.0,188807190.0,3.57,3.65,3.53,3.63,True,国安股份,False
2020-03-05,83.508,84.503,82.313,83.906,713139.0,264574569.0,3.69,3.74,3.63,3.71,True,国安股份,False
2020-03-06,82.711,83.11,81.915,82.313,494211.0,179398593.0,3.65,3.67,3.61,3.63,True,国安股份,False
2020-03-09,81.317,82.313,80.123,80.521,521131.0,184480374.0,3.58,3.63,3.52,3.54,True,国安股份,False
2020-03-10,78.331,82.114,77.335,81.915,791380.0,285688180.0,3.43,3.62,3.38,3.61,True,国安股份,False
2020-03-11,81.915,82.91,80.72,80.72,595660.0,211459300.0,3.61,3.66,3.55,3.55,True,国安股份,False
2020-03-12,79.525,80.123,77.932,78.729,476190.0,164285550.0,3.49,3.52,3.41,3.45,True,国安股份,False
2020-03-13,74.547,78.53,73.95,77.733,544780.0,185225200.0,3.24,3.44,3.21,3.4,True,国安股份,False
2020-03-16,77.932,79.326,75.145,75.344,466096.0,152879488.0,3.41,3.48,3.27,3.28,True,国安股份,False
2020-03-17,74.945,76.538,72.755,75.145,408710.0,133648170.0,3.26,3.34,3.15,3.27,True,国安股份,False
2020-03-18,76.14,76.937,73.95,74.149,329189.0,105998858.0,3.32,3.36,3.21,3.22,True,国安股份,False
2020-03-19,73.751,74.945,72.755,74.348,386457.0,124825611.0,3.2,3.26,3.15,3.23,True,国安股份,False
2020-03-20,75.742,75.941,73.751,74.945,252483.0,82309458.0,3.3,3.31,3.2,3.26,True,国安股份,False
2020-03-23,73.751,74.149,71.959,72.158,305064.0,95179968.0,3.2,3.22,3.11,3.12,True,国安股份,False
2020-03-24,73.153,73.552,71.959,73.352,237840.0,75633120.0,3.17,3.19,3.11,3.18,True,国安股份,False
2020-03-25,74.149,75.344,74.149,74.945,301294.0,98221844.0,3.22,3.28,3.22,3.26,True,国安股份,False
2020-03-26,74.945,74.945,73.552,73.751,215195.0,68862400.0,3.26,3.26,3.19,3.2,True,国安股份,False
2020-03-27,74.746,74.945,73.751,73.751,179974.0,57591680.0,3.25,3.26,3.2,3.2,True,国安股份,False
2020-03-30,72.755,72.954,71.759,72.158,230961.0,72059832.0,3.15,3.16,3.1,3.12,True,国安股份,False
2020-03-31,72.556,72.755,71.759,72.158,131260.0,40953120.0,3.14,3.15,3.1,3.12,True,国安股份,False
2020-04-01,71.759,72.755,71.56,72.158,134264.0,41890368.0,3.1,3.15,3.09,3.12,True,国安股份,False
2020-04-02,71.959,73.153,70.963,73.153,215235.0,68229495.0,3.11,3.17,3.06,3.17,True,国安股份,False
2020-04-03,72.954,72.954,71.959,72.158,130239.0,40634568.0,3.16,3.16,3.11,3.12,True,国安股份,False
2020-04-07,73.153,77.136,72.954,75.742,472295.0,155857350.0,3.17,3.37,3.16,3.3,True,国安股份,False
2020-04-08,74.746,76.738,73.95,75.742,437674.0,144432420.0,3.25,3.35,3.21,3.3,True,国安股份,False
2020-04-09,76.937,82.313,76.14,82.313,841963.0,305632569.0,3.36,3.63,3.32,3.63,True,国安股份,False
2020-04-10,83.707,83.707,77.335,78.131,1301093.0,444973806.0,3.7,3.7,3.38,3.42,True,国安股份,False
2020-04-13,76.738,82.313,75.742,80.521,944524.0,334361496.0,3.35,3.63,3.3,3.54,True,国安股份,False
2020-04-14,79.525,82.91,79.326,80.919,798960.0,284429760.0,3.49,3.66,3.48,3.56,True,国安股份,False
2020-04-15,79.924,80.521,78.131,78.331,549946.0,188631478.0,3.51,3.54,3.42,3.43,True,国安股份,False
2020-04-16,77.733,79.127,77.335,77.932,332131.0,113256671.0,3.4,3.47,3.38,3.41,True,国安股份,False
2020-04-17,78.331,80.72,78.131,78.53,524515.0,180433160.0,3.43,3.55,3.42,3.44,True,国安股份,False
2020-04-20,78.331,79.127,77.335,78.331,364523.0,125031389.0,3.43,3.47,3.38,3.43,True,国安股份,False
2020-04-21,77.534,77.733,76.538,77.136,296660.0,99974420.0,3.39,3.4,3.34,3.37,True,国安股份,False
2020-04-22,76.738,78.331,76.14,77.932,319915.0,109091015.0,3.35,3.43,3.32,3.41,True,国安股份,False
2020-04-23,77.932,78.53,76.738,76.738,299748.0,100415580.0,3.41,3.44,3.35,3.35,True,国安股份,False
2020-04-24,76.738,77.335,74.746,74.945,338737.0,110428262.0,3.35,3.38,3.25,3.26,True,国安股份,False
2020-04-27,75.543,75.941,74.547,74.746,202097.0,65681525.0,3.29,3.31,3.24,3.25,True,国安股份,False
2020-04-28,74.746,75.344,71.56,73.153,344930.0,109342810.0,3.25,3.28,3.09,3.17,True,国安股份,False
2020-04-29,72.954,74.149,72.357,73.153,191085.0,60573945.0,3.16,3.22,3.13,3.17,True,国安股份,False
2020-04-30,73.552,75.145,73.552,74.746,246982.0,80269150.0,3.19,3.27,3.19,3.25,True,国安股份,False
2020-05-06,73.95,75.742,73.751,75.543,274794.0,90407226.0,3.21,3.3,3.2,3.29,True,国安股份,False
2020-05-07,75.543,76.14,74.746,74.945,200726.0,65436675.99999999,3.29,3.32,3.25,3.26,True,国安股份,False
2020-05-08,75.344,76.14,74.945,75.742,241093.0,79560690.0,3.28,3.32,3.26,3.3,True,国安股份,False
2020-05-11,76.14,76.14,74.746,75.145,196765.0,64342155.0,3.32,3.32,3.25,3.27,True,国安股份,False
2020-05-12,74.945,75.145,73.352,74.348,213995.0,69120385.0,3.26,3.27,3.18,3.23,True,国安股份,False
2020-05-13,73.95,74.149,73.153,73.751,162931.0,52137920.0,3.21,3.22,3.17,3.2,True,国安股份,False
2020-05-14,73.751,73.751,72.556,73.751,250716.0,80229120.0,3.2,3.2,3.14,3.2,True,国安股份,False
2020-05-15,73.751,74.348,73.153,73.153,203238.0,64426446.0,3.2,3.23,3.17,3.17,True,国安股份,False
2020-05-18,66.781,66.781,66.781,66.781,284757.0,81155745.0,2.85,2.85,2.85,2.85,True,国安股份,False
2020-05-19,61.206,61.206,61.206,61.206,292870.0,75267590.0,2.57,2.57,2.57,2.57,True,国安股份,False
2020-05-20,59.812,64.591,59.812,62.401,1899151.0,499476713.0,2.5,2.74,2.5,2.63,True,国安股份,False
2020-05-21,60.808,61.803,57.223,59.015,1775099.0,436674354.0,2.55,2.6,2.37,2.46,True,国安股份,False
2020-05-22,58.219,58.617,55.63,56.228,1029221.0,238779272.0,2.42,2.44,2.29,2.32,True,国安股份,False
2020-05-25,56.029,57.223,55.033,57.024,557187.0,131496132.0,2.31,2.37,2.26,2.36,True,国安股份,False
2020-05-26,56.825,58.02,56.626,57.223,511993.0,121342341.0,2.35,2.41,2.34,2.37,True,国安股份,False
2020-05-27,57.223,57.422,56.228,56.626,365412.0,85506408.0,2.37,2.38,2.32,2.34,True,国安股份,False
2020-05-28,56.825,58.617,56.825,57.223,574068.0,136054116.0,2.35,2.44,2.35,2.37,True,国安股份,False
2020-05-29,58.02,60.21,57.622,58.219,922222.0,223177724.0,2.41,2.52,2.39,2.42,True,国安股份,False
2020-06-01,58.418,60.608,58.418,60.409,780019.0,197344807.0,2.43,2.54,2.43,2.53,True,国安股份,False
2020-06-02,60.608,61.405,60.21,60.409,564388.0,142790164.0,2.54,2.58,2.52,2.53,True,国安股份,False
2020-06-03,60.808,61.206,60.011,60.21,483037.0,121725324.0,2.55,2.57,2.51,2.52,True,国安股份,False
2020-06-04,61.007,61.206,59.414,59.812,345229.0,86307250.0,2.56,2.57,2.48,2.5,True,国安股份,False
2020-06-05,59.812,64.591,59.414,62.401,1068729.0,281075727.0,2.5,2.74,2.48,2.63,True,国安股份,False
2020-06-08,61.803,61.803,60.608,60.608,558972.0,141978888.0,2.6,2.6,2.54,2.54,True,国安股份,False
2020-06-09,60.808,61.803,60.21,61.206,390231.0,100289367.0,2.55,2.6,2.52,2.57,True,国安股份,False
2020-06-10,61.007,61.007,59.812,60.011,342811.0,86045561.0,2.56,2.56,2.5,2.51,True,国安股份,False
2020-06-11,59.812,60.409,58.816,59.215,336511.0,83118217.0,2.5,2.53,2.45,2.47,True,国安股份,False
2020-06-12,58.02,60.011,58.02,59.414,401287.0,99519176.0,2.41,2.51,2.41,2.48,True,国安股份,False
2020-06-15,59.414,60.608,59.015,59.215,368625.0,91050375.0,2.48,2.54,2.46,2.47,True,国安股份,False
2020-06-16,59.414,60.608,59.215,60.011,321808.0,80773808.0,2.48,2.54,2.47,2.51,True,国安股份,False
2020-06-17,60.011,60.21,59.015,59.613,251931.0,62730819.00000001,2.51,2.52,2.46,2.49,True,国安股份,False
2020-06-18,59.613,60.011,59.015,59.414,223380.0,55398240.0,2.49,2.51,2.46,2.48,True,国安股份,False
2020-06-19,59.414,60.21,59.215,60.011,310540.0,77945540.0,2.48,2.52,2.47,2.51,True,国安股份,False
2020-06-22,60.011,60.21,59.414,59.812,324110.0,81027500.0,2.51,2.52,2.48,2.5,True,国安股份,False
2020-06-23,59.812,59.812,59.015,59.015,235633.0,57965718.0,2.5,2.5,2.46,2.46,True,国安股份,False
2020-06-24,59.215,59.414,58.418,58.617,198613.0,48461572.0,2.47,2.48,2.43,2.44,True,国安股份,False
2020-06-29,58.418,58.418,57.422,57.422,228700.0,54430600.0,2.43,2.43,2.38,2.38,True,国安股份,False
2020-06-30,57.622,58.02,57.422,57.422,167580.0,39884040.0,2.39,2.41,2.38,2.38,True,国安股份,False
2020-07-01,57.622,58.02,57.223,57.821,309710.0,74330400.0,2.39,2.41,2.37,2.4,True,国安股份,False
2020-07-02,57.622,59.015,57.622,58.816,382243.0,93649535.0,2.39,2.46,2.39,2.45,True,国安股份,False
2020-07-03,59.015,63.794,58.816,63.794,805536.0,217494720.0,2.46,2.7,2.45,2.7,True,国安股份,False
2020-07-06,67.18,69.171,65.387,69.171,2212144.0,657006768.0,2.87,2.97,2.78,2.97,True,国安股份,False
2020-07-07,71.959,75.145,69.768,72.755,3016855.0,950309325.0,3.11,3.27,3.0,3.15,True,国安股份,False
2020-07-08,70.166,72.158,69.37,71.759,1844829.0,571896990.0,3.02,3.12,2.98,3.1,True,国安股份,False
2020-07-09,71.361,74.547,70.166,72.158,1404753.0,438282936.0,3.08,3.24,3.02,3.12,True,国安股份,False
2020-07-10,71.56,73.153,70.166,70.764,1103352.0,336522360.0,3.09,3.17,3.02,3.05,True,国安股份,False
2020-07-13,71.56,72.755,69.967,72.158,1030697.0,321577464.0,3.09,3.15,3.01,3.12,True,国安股份,False
2020-07-14,72.556,73.153,70.565,71.162,918191.0,281884637.0,3.14,3.17,3.04,3.07,True,国安股份,False
2020-07-15,70.764,70.963,66.781,67.18,1308536.0,375549832.0,3.05,3.06,2.85,2.87,True,国安股份,False
2020-07-16,67.18,67.578,64.392,64.989,698669.0,192832644.0,2.87,2.89,2.73,2.76,True,国安股份,False
2020-07-17,64.989,66.184,63.994,64.79,433882.0,119317550.0,2.76,2.82,2.71,2.75,True,国安股份,False
2020-07-20,65.587,67.379,65.387,67.18,512997.0,147230139.0,2.79,2.88,2.78,2.87,True,国安股份,False
2020-07-21,67.379,68.175,65.985,66.582,382919.0,108748996.0,2.88,2.92,2.81,2.84,True,国安股份,False
2020-07-22,66.781,67.379,65.985,66.781,387353.0,110395605.0,2.85,2.88,2.81,2.85,True,国安股份,False
2020-07-23,66.582,66.582,64.392,65.587,415471.0,115916409.0,2.84,2.84,2.73,2.79,True,国安股份,False
2020-07-24,65.587,65.985,62.998,63.595,453402.0,121965138.0,2.79,2.81,2.66,2.69,True,国安股份,False
2020-07-27,63.595,64.193,62.401,63.994,275506.0,74662126.0,2.69,2.72,2.63,2.71,True,国安股份,False
2020-07-28,64.392,65.188,63.994,64.79,259885.0,71468375.0,2.73,2.77,2.71,2.75,True,国安股份,False
2020-07-29,64.79,66.184,64.193,65.985,368746.0,103617626.0,2.75,2.82,2.72,2.81,True,国安股份,False
2020-07-30,65.786,66.184,64.989,65.188,305599.0,84650923.0,2.8,2.82,2.76,2.77,True,国安股份,False
2020-07-31,64.989,65.985,64.591,65.188,317125.0,87843625.0,2.76,2.81,2.74,2.77,True,国安股份,False
2020-08-03,65.587,67.578,65.188,67.379,621901.0,179107488.0,2.79,2.89,2.77,2.88,True,国安股份,False
2020-08-04,67.18,67.777,65.985,66.184,474011.0,133671102.0,2.87,2.9,2.81,2.82,True,国安股份,False
2020-08-05,66.184,66.582,64.989,66.184,356348.0,100490136.0,2.82,2.84,2.76,2.82,True,国安股份,False
2020-08-06,66.582,66.582,64.989,65.985,374229.0,105158349.0,2.84,2.84,2.76,2.81,True,国安股份,False
2020-08-07,65.587,67.578,63.994,66.582,625128.0,177536352.0,2.79,2.89,2.71,2.84,True,国安股份,False
2020-08-10,66.184,69.171,65.985,68.374,911911.0,267189923.0,2.82,2.97,2.81,2.93,True,国安股份,False
2020-08-11,68.374,68.573,65.786,65.985,606744.0,170495064.0,2.93,2.94,2.8,2.81,True,国安股份,False
2020-08-12,65.587,67.18,65.188,66.781,444865.0,126786525.0,2.79,2.87,2.77,2.85,True,国安股份,False
2020-08-13,66.184,67.379,66.184,66.582,317624.0,90205216.0,2.82,2.88,2.82,2.84,True,国安股份,False
2020-08-14,66.781,66.781,65.587,66.781,271831.0,77471835.0,2.85,2.85,2.79,2.85,True,国安股份,False
2020-08-17,66.781,67.976,66.383,67.379,417403.0,120212064.0,2.85,2.91,2.83,2.88,True,国安股份,False
2020-08-18,67.578,67.777,66.781,67.379,391980.0,112890240.0,2.89,2.9,2.85,2.88,True,国安股份,False
2020-08-19,67.578,71.162,66.383,68.573,1005303.0,295559082.0,2.89,3.07,2.83,2.94,True,国安股份,False
2020-08-20,68.175,70.166,66.98,69.37,917911.0,273537478.0,2.92,3.02,2.86,2.98,True,国安股份,False
2020-08-21,68.773,71.56,68.773,70.166,828584.0,250232368.0,2.95,3.09,2.95,3.02,True,国安股份,False
2020-08-24,70.565,70.565,68.573,68.773,510265.0,150528175.0,3.04,3.04,2.94,2.95,True,国安股份,False
2020-08-25,68.573,68.972,67.18,67.379,459166.0,132239808.0,2.94,2.96,2.87,2.88,True,国安股份,False
2020-08-26,67.777,67.777,65.786,66.184,340980.0,96156360.0,2.9,2.9,2.8,2.82,True,国安股份,False
2020-08-27,67.18,67.777,66.184,66.781,311319.0,88725915.0,2.87,2.9,2.82,2.85,True,国安股份,False
2020-08-28,66.184,66.582,65.387,66.184,287050.0,80948100.0,2.82,2.84,2.78,2.82,True,国安股份,False
2020-08-31,66.184,67.18,65.985,66.184,262723.0,74087886.0,2.82,2.87,2.81,2.82,True,国安股份,False
2020-09-01,66.184,66.582,65.786,66.582,163570.0,46453880.0,2.82,2.84,2.8,2.84,True,国安股份,False
2020-09-02,66.98,66.98,65.587,65.985,269292.0,75671052.0,2.86,2.86,2.79,2.81,True,国安股份,False
2020-09-03,65.985,66.184,65.188,65.387,277684.0,77196152.0,2.81,2.82,2.77,2.78,True,国安股份,False
2020-09-04,64.392,65.188,63.994,64.989,226649.0,62555123.99999999,2.73,2.77,2.71,2.76,True,国安股份,False
2020-09-07,64.989,66.184,64.79,65.188,290939.0,80590103.0,2.76,2.82,2.75,2.77,True,国安股份,False
2020-09-08,65.188,68.175,64.79,67.777,731479.0,212128910.0,2.77,2.92,2.75,2.9,True,国安股份,False
2020-09-09,67.18,69.967,66.98,68.374,1039408.0,304546544.0,2.87,3.01,2.86,2.93,True,国安股份,False
2020-09-10,68.374,68.773,64.79,65.188,679633.0,188258341.0,2.93,2.95,2.75,2.77,True,国安股份,False
2020-09-11,64.591,65.387,63.595,64.591,439602.0,120450948.0,2.74,2.78,2.69,2.74,True,国安股份,False
2020-09-14,64.193,65.387,64.193,64.989,232882.0,64275431.99999999,2.72,2.78,2.72,2.76,True,国安股份,False
2020-09-15,64.79,64.989,64.193,64.591,192954.0,52869396.00000001,2.75,2.76,2.72,2.74,True,国安股份,False
2020-09-16,64.392,64.79,63.994,64.392,143998.0,39311454.0,2.73,2.75,2.71,2.73,True,国安股份,False
2020-09-17,63.994,64.392,62.998,63.595,271894.0,73139486.0,2.71,2.73,2.66,2.69,True,国安股份,False
2020-09-18,63.595,64.591,63.396,64.392,232812.0,63557676.0,2.69,2.74,2.68,2.73,True,国安股份,False
2020-09-21,64.392,64.989,63.994,64.193,199565.0,54281680.00000001,2.73,2.76,2.71,2.72,True,国安股份,False
2020-09-22,63.994,64.193,63.396,63.595,158557.0,42651833.0,2.71,2.72,2.68,2.69,True,国安股份,False
2020-09-23,63.595,63.994,63.396,63.794,110963.0,29960010.000000004,2.69,2.71,2.68,2.7,True,国安股份,False
2020-09-24,63.595,63.595,62.201,62.201,213520.0,55942240.0,2.69,2.69,2.62,2.62,True,国安股份,False
2020-09-25,62.401,62.6,61.405,61.604,163585.0,42368515.0,2.63,2.64,2.58,2.59,True,国安股份,False
2020-09-28,61.604,62.201,60.808,60.808,114106.0,29097030.0,2.59,2.62,2.55,2.55,True,国安股份,False
2020-09-29,61.007,61.206,60.21,61.206,159514.0,40995098.0,2.56,2.57,2.52,2.57,True,国安股份,False
2020-09-30,61.206,61.206,60.409,60.808,110065.0,28066575.0,2.57,2.57,2.53,2.55,True,国安股份,False
2020-10-09,61.604,62.401,61.405,62.002,146662.0,38278782.0,2.59,2.63,2.58,2.61,True,国安股份,False
2020-10-12,62.201,63.595,62.002,63.396,199122.0,53364696.0,2.62,2.69,2.61,2.68,True,国安股份,False
2020-10-13,63.595,63.794,62.799,62.998,114430.0,30438380.0,2.69,2.7,2.65,2.66,True,国安股份,False
2020-10-14,62.799,62.998,62.002,62.201,131964.0,34574568.0,2.65,2.66,2.61,2.62,True,国安股份,False
2020-10-15,62.002,62.201,61.206,61.206,145100.0,37290700.0,2.61,2.62,2.57,2.57,True,国安股份,False
2020-10-16,61.405,61.604,60.808,61.405,148692.0,38362536.0,2.58,2.59,2.55,2.58,True,国安股份,False
2020-10-19,64.591,66.582,63.794,66.582,849285.0,241196940.0,2.74,2.84,2.7,2.84,True,国安股份,False
2020-10-20,66.582,66.582,64.193,65.188,1004525.0,278253425.0,2.84,2.84,2.72,2.77,True,国安股份,False
2020-10-21,64.392,66.98,62.998,66.781,777293.0,221528505.0,2.73,2.86,2.66,2.85,True,国安股份,False
2020-10-22,65.786,66.184,64.79,64.79,503959.0,138588725.0,2.8,2.82,2.75,2.75,True,国安股份,False
2020-10-23,64.392,65.188,63.794,63.994,255202.0,69159742.0,2.73,2.77,2.7,2.71,True,国安股份,False
2020-10-26,63.794,63.994,62.799,63.197,207491.0,55400097.0,2.7,2.71,2.65,2.67,True,国安股份,False
2020-10-27,62.6,62.998,62.201,62.799,150339.0,39839835.0,2.64,2.66,2.62,2.65,True,国安股份,False
2020-10-28,62.799,63.595,62.002,63.197,171593.0,45815331.0,2.65,2.69,2.61,2.67,True,国安股份,False
2020-10-29,62.201,63.197,61.604,62.401,288277.0,75816851.0,2.62,2.67,2.59,2.63,True,国安股份,False
2020-10-30,62.401,62.799,61.007,61.206,215800.0,55460600.0,2.63,2.65,2.56,2.57,True,国安股份,False
2020-11-02,60.608,61.206,60.011,60.409,204197.0,51661840.99999999,2.54,2.57,2.51,2.53,True,国安股份,False
2020-11-03,60.409,61.604,60.409,61.405,160796.0,41485368.0,2.53,2.59,2.53,2.58,True,国安股份,False
2020-11-04,61.206,61.405,60.608,61.206,116147.0,29849779.0,2.57,2.58,2.54,2.57,True,国安股份,False
2020-11-05,61.405,63.197,61.206,62.201,286176.0,74978112.0,2.58,2.67,2.57,2.62,True,国安股份,False
2020-11-06,62.201,62.6,61.604,62.002,167169.0,43631109.0,2.62,2.64,2.59,2.61,True,国安股份,False
2020-11-09,62.002,63.197,62.002,62.799,259793.0,68845145.0,2.61,2.67,2.61,2.65,True,国安股份,False
2020-11-10,62.799,62.799,62.002,62.201,181917.0,47662254.0,2.65,2.65,2.61,2.62,True,国安股份,False
2020-11-11,62.401,62.401,61.405,61.604,167767.0,43451653.0,2.63,2.63,2.58,2.59,True,国安股份,False
2020-11-12,61.405,61.803,61.206,61.604,117859.0,30525481.0,2.58,2.6,2.57,2.59,True,国安股份,False
2020-11-13,61.604,62.6,61.007,62.401,227488.0,59829344.0,2.59,2.64,2.56,2.63,True,国安股份,False
2020-11-16,62.002,62.799,62.002,62.799,262063.0,69446695.0,2.61,2.65,2.61,2.65,True,国安股份,False
2020-11-17,62.799,63.396,62.201,62.401,232922.0,61258486.0,2.65,2.68,2.62,2.63,True,国安股份,False
2020-11-18,62.401,62.6,62.002,62.002,193031.0,50381091.0,2.63,2.64,2.61,2.61,True,国安股份,False
2020-11-19,61.803,62.002,61.405,61.604,158009.0,40924331.0,2.6,2.61,2.58,2.59,True,国安股份,False
2020-11-20,61.604,63.396,61.405,62.6,311490.0,82233360.0,2.59,2.68,2.58,2.64,True,国安股份,False
2020-11-23,62.401,62.998,62.002,62.401,318100.0,83660300.0,2.63,2.66,2.61,2.63,True,国安股份,False
2020-11-24,62.6,64.193,62.401,63.396,472782.0,126705576.0,2.64,2.72,2.63,2.68,True,国安股份,False
2020-11-25,63.197,64.392,62.401,62.6,346156.0,91385184.0,2.67,2.73,2.63,2.64,True,国安股份,False
2020-11-26,62.401,62.6,61.803,62.201,174928.0,45831136.0,2.63,2.64,2.6,2.62,True,国安股份,False
2020-11-27,62.201,62.6,61.803,62.401,180753.0,47538039.0,2.62,2.64,2.6,2.63,True,国安股份,False
2020-11-30,62.401,63.197,62.201,62.6,201325.0,53149800.0,2.63,2.67,2.62,2.64,True,国安股份,False
2020-12-01,62.401,63.197,62.201,62.799,230305.0,61030825.0,2.63,2.67,2.62,2.65,True,国安股份,False
2020-12-02,62.799,63.197,62.401,62.998,232215.0,61769190.0,2.65,2.67,2.63,2.66,True,国安股份,False
2020-12-03,63.197,64.591,62.799,63.595,474872.0,127740568.0,2.67,2.74,2.65,2.69,True,国安股份,False
2020-12-04,63.396,63.595,62.799,63.197,203280.0,54275760.0,2.68,2.69,2.65,2.67,True,国安股份,False
2020-12-07,63.197,63.396,62.401,62.6,172675.0,45586200.0,2.67,2.68,2.63,2.64,True,国安股份,False
2020-12-08,62.6,63.197,62.401,62.6,163054.0,43046256.0,2.64,2.67,2.63,2.64,True,国安股份,False
2020-12-09,62.799,62.799,61.405,61.405,251264.0,64826112.0,2.65,2.65,2.58,2.58,True,国安股份,False
2020-12-10,61.206,61.405,60.808,61.206,156310.0,40171670.0,2.57,2.58,2.55,2.57,True,国安股份,False
2020-12-11,61.405,61.604,60.21,60.409,207663.0,52538738.99999999,2.58,2.59,2.52,2.53,True,国安股份,False
2020-12-14,60.409,60.808,60.011,60.409,134860.0,34119580.0,2.53,2.55,2.51,2.53,True,国安股份,False
2020-12-15,60.011,60.21,56.825,58.02,432980.0,104348180.0,2.51,2.52,2.35,2.41,True,国安股份,False
2020-12-16,57.821,58.219,57.223,57.622,190512.0,45532368.0,2.4,2.42,2.37,2.39,True,国安股份,False
2020-12-17,57.622,58.219,56.228,58.02,250715.0,60422315.0,2.39,2.42,2.32,2.41,True,国安股份,False
2020-12-18,58.219,59.414,57.821,58.816,244932.0,60008340.00000001,2.42,2.48,2.4,2.45,True,国安股份,False
2020-12-21,58.816,59.215,58.219,58.617,131299.0,32036956.0,2.45,2.47,2.42,2.44,True,国安股份,False
2020-12-22,58.219,58.617,57.024,57.223,191232.0,45321984.0,2.42,2.44,2.36,2.37,True,国安股份,False
2020-12-23,57.223,58.02,57.024,57.223,150497.0,35667789.0,2.37,2.41,2.36,2.37,True,国安股份,False
2020-12-24,57.422,57.422,56.029,56.228,190984.0,44308288.0,2.38,2.38,2.31,2.32,True,国安股份,False
2020-12-25,56.228,57.024,55.63,57.024,150511.0,35520596.0,2.32,2.36,2.29,2.36,True,国安股份,False
2020-12-28,57.024,57.024,56.029,56.427,119903.0,27937399.0,2.36,2.36,2.31,2.33,True,国安股份,False
2020-12-29,56.427,58.02,56.228,57.422,226211.0,53838218.0,2.33,2.41,2.32,2.38,True,国安股份,False
2020-12-30,57.422,57.422,56.029,56.825,235849.0,55424515.0,2.38,2.38,2.31,2.35,True,国安股份,False
2020-12-31,56.825,57.422,56.626,57.024,162958.0,38458088.0,2.35,2.38,2.34,2.36,True,国安股份,False
2021-01-04,57.223,57.223,56.427,56.825,203127.0,47734845.0,2.37,2.37,2.33,2.35,True,国安股份,False
2021-01-05,56.825,57.024,55.829,56.228,243844.0,56571807.99999999,2.35,2.36,2.3,2.32,True,国安股份,False
2021-01-06,56.228,56.427,55.431,55.63,203802.0,46670658.0,2.32,2.33,2.28,2.29,True,国安股份,False
2021-01-07,55.829,56.029,52.843,53.241,498476.0,108169292.0,2.3,2.31,2.15,2.17,True,国安股份,False
2021-01-08,53.44,54.635,52.245,54.436,286261.0,63836203.0,2.18,2.24,2.12,2.23,True,国安股份,False
2021-01-11,54.436,54.635,52.843,53.241,229324.0,49763308.0,2.23,2.24,2.15,2.17,True,国安股份,False
2021-01-12,52.843,53.639,52.643,53.241,141039.0,30605463.0,2.15,2.19,2.14,2.17,True,国安股份,False
2021-01-13,53.042,53.241,51.05,51.449,353500.0,73528000.0,2.16,2.17,2.06,2.08,True,国安股份,False
2021-01-14,51.25,52.245,50.453,52.046,254204.0,53637044.0,2.07,2.12,2.03,2.11,True,国安股份,False
2021-01-15,52.046,54.635,51.648,53.44,335260.0,73086680.0,2.11,2.24,2.09,2.18,True,国安股份,False
2021-01-18,53.241,54.436,53.042,53.44,201615.0,43952070.0,2.17,2.23,2.16,2.18,True,国安股份,False
2021-01-19,53.241,57.024,52.643,54.834,485095.0,109146375.0,2.17,2.36,2.14,2.25,True,国安股份,False
2021-01-20,54.236,54.635,53.241,53.639,253661.0,55551759.0,2.22,2.24,2.17,2.19,True,国安股份,False
2021-01-21,53.44,58.02,53.241,58.02,738780.0,178045980.0,2.18,2.41,2.17,2.41,True,国安股份,False
2021-01-22,57.622,57.821,55.033,55.829,862323.0,198334290.0,2.39,2.4,2.26,2.3,True,国安股份,False
2021-01-25,55.232,55.63,54.236,54.635,351413.0,78716512.00000001,2.27,2.29,2.22,2.24,True,国安股份,False
2021-01-26,54.037,57.024,53.838,54.635,405543.0,90841632.0,2.21,2.36,2.2,2.24,True,国安股份,False
2021-01-27,54.037,55.232,53.44,54.436,309308.0,68975684.0,2.21,2.27,2.18,2.23,True,国安股份,False
2021-01-28,53.639,54.635,53.639,53.639,207437.0,45428703.0,2.19,2.24,2.19,2.19,True,国安股份,False
2021-01-29,53.838,54.037,52.444,52.843,218571.0,46992765.0,2.2,2.21,2.13,2.15,True,国安股份,False
2021-02-01,49.457,52.046,49.457,51.05,365398.0,75271988.0,1.98,2.11,1.98,2.06,True,国安股份,False
2021-02-02,50.851,51.648,50.453,51.05,165854.0,34165924.0,2.05,2.09,2.03,2.06,True,国安股份,False
2021-02-03,51.05,51.25,50.254,50.254,174195.0,35187390.0,2.06,2.07,2.02,2.02,True,国安股份,False
2021-02-04,50.254,50.254,48.263,48.661,296443.0,57509942.0,2.02,2.02,1.92,1.94,True,国安股份,False
2021-02-05,48.661,50.254,48.462,48.86,173503.0,33833085.0,1.94,2.02,1.93,1.95,True,国安股份,False
2021-02-08,48.86,50.652,48.661,49.856,219170.0,43834000.0,1.95,2.04,1.94,2.0,True,国安股份,False
2021-02-09,49.856,50.652,49.657,50.055,226137.0,45453536.99999999,2.0,2.04,1.99,2.01,True,国安股份,False
2021-02-10,50.055,50.851,49.856,50.453,155761.0,31619483.0,2.01,2.05,2.0,2.03,True,国安股份,False
2021-02-18,51.05,52.046,50.652,51.847,279047.0,58599870.0,2.06,2.11,2.04,2.1,True,国安股份,False
2021-02-19,51.847,53.838,51.648,53.639,310946.0,68097174.0,2.1,2.2,2.09,2.19,True,国安股份,False
2021-02-22,53.838,56.029,53.838,54.635,452684.0,101401216.0,2.2,2.31,2.2,2.24,True,国安股份,False
2021-02-23,54.436,55.431,53.838,54.436,272202.0,60701046.0,2.23,2.28,2.2,2.23,True,国安股份,False
2021-02-24,54.436,55.232,53.838,54.436,203369.0,45351287.0,2.23,2.27,2.2,2.23,True,国安股份,False
2021-02-25,54.436,54.635,53.241,53.241,179814.0,39019638.0,2.23,2.24,2.17,2.17,True,国安股份,False
2021-02-26,53.241,53.838,52.643,53.241,200746.0,43561882.0,2.17,2.2,2.14,2.17,True,国安股份,False
2021-03-01,52.843,53.639,52.643,53.44,271254.0,59133372.00000001,2.15,2.19,2.14,2.18,True,国安股份,False
2021-03-02,53.44,53.639,52.643,53.042,243089.0,52507224.0,2.18,2.19,2.14,2.16,True,国安股份,False
2021-03-03,53.241,54.236,52.643,53.639,288264.0,63129816.0,2.17,2.22,2.14,2.19,True,国安股份,False
2021-03-04,53.44,54.834,53.241,53.838,411944.0,90627680.0,2.18,2.25,2.17,2.2,True,国安股份,False
2021-03-05,54.436,55.63,53.838,54.236,365562.0,81154764.0,2.23,2.29,2.2,2.22,True,国安股份,False
2021-03-08,53.838,54.037,52.643,52.643,366946.0,78526444.0,2.2,2.21,2.14,2.14,True,国安股份,False
2021-03-09,52.444,52.843,50.453,51.449,336702.0,70034016.0,2.13,2.15,2.03,2.08,True,国安股份,False
2021-03-10,51.449,51.847,50.652,50.652,208818.0,42598872.0,2.08,2.1,2.04,2.04,True,国安股份,False
2021-03-11,50.652,51.847,50.453,51.648,194508.0,40652172.0,2.04,2.1,2.03,2.09,True,国安股份,False
2021-03-12,52.046,52.245,51.449,51.847,157190.0,33009900.0,2.11,2.12,2.08,2.1,True,国安股份,False
2021-03-15,51.847,54.236,51.449,53.241,407496.0,88426632.0,2.1,2.22,2.08,2.17,True,国安股份,False
2021-03-16,53.44,53.838,53.042,53.241,206288.0,44764496.0,2.18,2.2,2.16,2.17,True,国安股份,False
2021-03-17,53.44,53.639,52.843,53.241,136016.0,29515472.0,2.18,2.19,2.15,2.17,True,国安股份,False
2021-03-18,53.44,53.44,52.444,52.643,165828.0,35487192.0,2.18,2.18,2.13,2.14,True,国安股份,False
2021-03-19,52.444,53.042,51.847,52.444,118912.0,25328256.0,2.13,2.16,2.1,2.13,True,国安股份,False
2021-03-22,52.643,53.241,52.444,53.241,152372.0,33064724.0,2.14,2.17,2.13,2.17,True,国安股份,False
2021-03-23,53.042,53.44,52.444,52.643,166789.0,35692846.0,2.16,2.18,2.13,2.14,True,国安股份,False
2021-03-24,52.444,52.843,52.046,52.444,121052.0,25784076.0,2.13,2.15,2.11,2.13,True,国安股份,False
2021-03-25,52.843,53.241,52.046,52.643,171497.0,36700358.0,2.15,2.17,2.11,2.14,True,国安股份,False
2021-03-26,52.643,53.44,52.444,52.843,166166.0,35725690.0,2.14,2.18,2.13,2.15,True,国安股份,False
2021-03-29,52.843,53.042,52.245,52.245,142898.0,30294376.0,2.15,2.16,2.12,2.12,True,国安股份,False
2021-03-30,52.245,52.444,50.453,51.25,235892.0,48829643.99999999,2.12,2.13,2.03,2.07,True,国安股份,False
2021-03-31,51.25,51.648,50.851,51.25,141850.0,29362950.0,2.07,2.09,2.05,2.07,True,国安股份,False
2021-04-01,51.25,51.449,50.453,50.851,188531.0,38648855.0,2.07,2.08,2.03,2.05,True,国安股份,False
2021-04-02,50.851,52.245,50.652,51.648,256157.0,53536813.0,2.05,2.12,2.04,2.09,True,国安股份,False
2021-04-06,51.449,52.046,51.05,51.847,202440.0,42512400.0,2.08,2.11,2.06,2.1,True,国安股份,False
2021-04-07,52.843,53.838,51.847,53.042,386287.0,83437992.0,2.15,2.2,2.1,2.16,True,国安股份,False
2021-04-08,53.639,53.838,52.643,52.843,261591.0,56242065.0,2.19,2.2,2.14,2.15,True,国安股份,False
2021-04-09,52.643,53.241,52.643,52.843,154559.0,33230185.0,2.14,2.17,2.14,2.15,True,国安股份,False
2021-04-12,52.643,52.843,52.245,52.444,164570.0,35053410.0,2.14,2.15,2.12,2.13,True,国安股份,False
2021-04-13,52.444,52.643,51.648,52.245,156625.0,33204500.0,2.13,2.14,2.09,2.12,True,国安股份,False
2021-04-14,52.046,52.643,51.648,52.444,125626.0,26758338.0,2.11,2.14,2.09,2.13,True,国安股份,False
2021-04-15,51.847,52.444,51.648,52.046,106706.0,22514966.0,2.1,2.13,2.09,2.11,True,国安股份,False
2021-04-16,52.245,53.44,52.046,53.042,317096.0,68492736.0,2.12,2.18,2.11,2.16,True,国安股份,False
2021-04-19,53.44,53.639,52.843,53.042,244741.0,52864056.0,2.18,2.19,2.15,2.16,True,国安股份,False
2021-04-20,53.042,53.44,52.444,52.444,189964.0,40462332.0,2.16,2.18,2.13,2.13,True,国安股份,False
2021-04-21,52.046,52.444,51.847,52.046,183545.0,38727995.0,2.11,2.13,2.1,2.11,True,国安股份,False
2021-04-22,51.847,52.444,51.449,51.648,190348.0,39782732.0,2.1,2.13,2.08,2.09,True,国安股份,False
2021-04-23,51.449,51.648,50.851,50.851,188333.0,38608265.0,2.08,2.09,2.05,2.05,True,国安股份,False
2021-04-26,50.851,51.05,50.652,50.652,144871.0,29553684.0,2.05,2.06,2.04,2.04,True,国安股份,False
2021-04-27,50.652,50.652,49.457,50.055,188904.0,37969703.99999999,2.04,2.04,1.98,2.01,True,国安股份,False
2021-04-28,50.055,50.851,49.657,50.453,135226.0,27450878.0,2.01,2.05,1.99,2.03,True,国安股份,False
2021-04-29,50.453,50.453,49.657,49.856,174009.0,34801800.0,2.03,2.03,1.99,2.0,True,国安股份,False
2021-04-30,49.856,50.055,49.657,49.856,116167.0,23233400.0,2.0,2.01,1.99,2.0,True,国安股份,False
2021-05-06,49.856,53.838,49.457,51.847,510632.0,107232720.0,2.0,2.2,1.98,2.1,True,国安股份,False
2021-05-07,51.648,51.648,50.652,50.851,334778.0,68629490.0,2.09,2.09,2.04,2.05,True,国安股份,False
2021-05-10,50.851,52.245,50.652,51.847,296102.0,62181420.0,2.05,2.12,2.04,2.1,True,国安股份,False
2021-05-11,51.449,53.44,51.449,52.843,476765.0,102504475.0,2.08,2.18,2.08,2.15,True,国安股份,False
2021-05-12,52.643,53.639,52.444,53.042,327747.0,70793352.0,2.14,2.19,2.13,2.16,True,国安股份,False
2021-05-13,53.042,53.838,52.444,52.843,300829.0,64678235.0,2.16,2.2,2.13,2.15,True,国安股份,False
2021-05-14,52.843,53.241,52.643,53.241,225856.0,49010752.0,2.15,2.17,2.14,2.17,True,国安股份,False
2021-05-17,53.241,53.241,52.046,52.046,262446.0,55376106.0,2.17,2.17,2.11,2.11,True,国安股份,False
2021-05-18,52.046,53.042,51.648,52.843,241413.0,51903795.0,2.11,2.16,2.09,2.15,True,国安股份,False
2021-05-19,53.042,57.223,52.643,57.223,1623435.0,384754095.0,2.16,2.37,2.14,2.37,True,国安股份,False
2021-05-20,56.427,56.626,54.635,54.834,1625283.0,365688675.0,2.33,2.34,2.24,2.25,True,国安股份,False
2021-05-21,54.436,56.626,54.236,55.033,950467.0,214805542.0,2.23,2.34,2.22,2.26,True,国安股份,False
2021-05-24,54.834,55.829,54.436,54.436,590896.0,131769808.0,2.25,2.3,2.23,2.23,True,国安股份,False
2021-05-25,54.236,54.635,53.44,53.838,534511.0,117592420.0,2.22,2.24,2.18,2.2,True,国安股份,False
2021-05-26,53.838,55.829,53.44,54.635,553888.0,124070912.0,2.2,2.3,2.18,2.24,True,国安股份,False
2021-05-27,54.635,55.431,54.236,54.834,386172.0,86888700.0,2.24,2.28,2.22,2.25,True,国安股份,False
2021-05-28,55.033,55.431,54.236,54.635,350402.0,78490048.00000001,2.26,2.28,2.22,2.24,True,国安股份,False
2021-05-31,54.635,54.834,53.639,54.037,328294.0,72552974.0,2.24,2.25,2.19,2.21,True,国安股份,False
2021-06-01,54.236,54.834,53.838,54.635,351783.0,78799392.00000001,2.22,2.25,2.2,2.24,True,国安股份,False
2021-06-02,54.236,55.431,53.838,54.635,393685.0,88185440.00000001,2.22,2.28,2.2,2.24,True,国安股份,False
2021-06-03,54.436,56.825,54.436,55.033,511465.0,115591090.0,2.23,2.35,2.23,2.26,True,国安股份,False
2021-06-04,54.635,54.834,53.838,54.037,332440.0,73469240.0,2.24,2.25,2.2,2.21,True,国安股份,False
2021-06-07,54.236,54.834,53.838,54.436,258339.0,57609597.0,2.22,2.25,2.2,2.23,True,国安股份,False
2021-06-08,54.236,54.436,53.241,53.44,360111.0,78504198.0,2.22,2.23,2.17,2.18,True,国安股份,False
2021-06-09,53.44,54.236,53.241,54.037,250669.0,55397849.0,2.18,2.22,2.17,2.21,True,国安股份,False
2021-06-10,54.236,54.236,53.639,54.037,215555.0,47637655.0,2.22,2.22,2.19,2.21,True,国安股份,False
2021-06-11,54.037,54.236,53.44,54.037,253239.0,55965819.0,2.21,2.22,2.18,2.21,True,国安股份,False
2021-06-15,54.037,54.436,52.843,53.042,343988.0,74301408.0,2.21,2.23,2.15,2.16,True,国安股份,False
2021-06-16,53.241,53.44,52.245,52.245,236811.0,50203932.0,2.17,2.18,2.12,2.12,True,国安股份,False
2021-06-17,52.245,52.245,51.449,51.648,231688.0,48422792.0,2.12,2.12,2.08,2.09,True,国安股份,False
2021-06-18,52.046,52.444,51.648,52.444,159569.0,33988197.0,2.11,2.13,2.09,2.13,True,国安股份,False
2021-06-21,52.245,52.643,51.648,51.847,188518.0,39588780.0,2.12,2.14,2.09,2.1,True,国安股份,False
2021-06-22,52.046,52.444,51.648,52.046,180135.0,38008485.0,2.11,2.13,2.09,2.11,True,国安股份,False
2021-06-23,52.245,52.245,51.648,51.847,216867.0,45542070.0,2.12,2.12,2.09,2.1,True,国安股份,False
2021-06-24,51.847,51.847,51.25,51.648,216671.0,45284239.0,2.1,2.1,2.07,2.09,True,国安股份,False
2021-06-25,51.847,51.847,51.25,51.648,175790.0,36740110.0,2.1,2.1,2.07,2.09,True,国安股份,False
2021-06-28,51.648,51.847,51.449,51.449,143861.0,29923088.0,2.09,2.1,2.08,2.08,True,国安股份,False
2021-06-29,51.449,51.648,51.05,51.05,156303.0,32198418.0,2.08,2.09,2.06,2.06,True,国安股份,False
2021-06-30,51.05,51.648,50.851,51.25,158287.0,32765409.0,2.06,2.09,2.05,2.07,True,国安股份,False
2021-07-01,51.449,51.449,51.05,51.05,134642.0,27736252.0,2.08,2.08,2.06,2.06,True,国安股份,False
2021-07-02,51.05,51.25,50.652,50.851,129739.0,26596495.0,2.06,2.07,2.04,2.05,True,国安股份,False
2021-07-05,50.851,51.25,50.453,51.25,144859.0,29985813.0,2.05,2.07,2.03,2.07,True,国安股份,False
2021-07-06,51.05,52.245,50.851,51.648,249060.0,52053540.0,2.06,2.12,2.05,2.09,True,国安股份,False
2021-07-07,51.648,51.847,51.25,51.449,154913.0,32221904.0,2.09,2.1,2.07,2.08,True,国安股份,False
2021-07-08,51.449,51.449,50.851,51.05,152225.0,31358350.0,2.08,2.08,2.05,2.06,True,国安股份,False
2021-07-09,51.05,52.843,50.652,52.444,382022.0,81370686.0,2.06,2.15,2.04,2.13,True,国安股份,False
2021-07-12,52.843,53.639,52.245,52.643,376754.0,80625356.0,2.15,2.19,2.12,2.14,True,国安股份,False
2021-07-13,53.042,56.825,52.046,55.63,1865958.0,427304382.0,2.16,2.35,2.11,2.29,True,国安股份,False
2021-07-14,54.635,54.834,53.44,53.44,1187125.0,258793250.00000003,2.24,2.25,2.18,2.18,True,国安股份,False
2021-07-15,52.843,53.639,52.444,52.643,590893.0,126451102.0,2.15,2.19,2.13,2.14,True,国安股份,False
2021-07-16,52.843,53.241,52.046,52.245,392195.0,83145340.0,2.15,2.17,2.11,2.12,True,国安股份,False
2021-07-19,52.046,52.245,51.449,52.245,251702.0,53360824.0,2.11,2.12,2.08,2.12,True,国安股份,False
2021-07-20,51.847,52.046,51.648,51.847,184582.0,38762220.0,2.1,2.11,2.09,2.1,True,国安股份,False
2021-07-21,52.046,54.236,51.847,53.639,598955.0,131171145.0,2.11,2.22,2.1,2.19,True,国安股份,False
2021-07-22,53.44,55.033,53.042,53.838,502128.0,110468160.0,2.18,2.26,2.16,2.2,True,国安股份,False
2021-07-23,54.236,55.033,53.838,54.834,488070.0,109815750.0,2.22,2.26,2.2,2.25,True,国安股份,False
2021-07-26,54.834,55.63,53.639,54.635,460083.0,103058592.0,2.25,2.29,2.19,2.24,True,国安股份,False
2021-07-27,54.635,54.635,52.643,53.042,368565.0,79610040.0,2.24,2.24,2.14,2.16,True,国安股份,False
2021-07-28,52.843,53.241,51.847,52.046,305097.0,64375466.99999999,2.15,2.17,2.1,2.11,True,国安股份,False
2021-07-29,52.245,52.643,51.847,52.245,223812.0,47448144.0,2.12,2.14,2.1,2.12,True,国安股份,False
2021-07-30,52.245,52.643,51.847,52.444,193545.0,41225085.0,2.12,2.14,2.1,2.13,True,国安股份,False
2021-08-02,52.444,54.635,52.046,53.639,469908.0,102909852.0,2.13,2.24,2.11,2.19,True,国安股份,False
2021-08-03,53.44,54.834,53.241,54.236,401847.0,89210034.00000001,2.18,2.25,2.17,2.22,True,国安股份,False
2021-08-04,54.236,55.431,53.639,54.834,533977.0,120144825.0,2.22,2.28,2.19,2.25,True,国安股份,False
2021-08-05,54.635,57.223,54.436,55.033,630651.0,142527126.0,2.24,2.37,2.23,2.26,True,国安股份,False
2021-08-06,54.635,59.613,54.236,57.622,1313095.0,313829705.0,2.24,2.49,2.22,2.39,True,国安股份,False
2021-08-09,57.024,57.622,56.029,56.626,707835.0,165633390.0,2.36,2.39,2.31,2.34,True,国安股份,False
2021-08-10,56.825,57.223,55.232,55.829,618756.0,142313880.0,2.35,2.37,2.27,2.3,True,国安股份,False
2021-08-11,55.431,56.228,55.232,55.63,396967.0,90905443.0,2.28,2.32,2.27,2.29,True,国安股份,False
2021-08-12,55.431,57.622,55.431,56.626,679022.0,158891148.0,2.28,2.39,2.28,2.34,True,国安股份,False
2021-08-13,56.825,61.206,56.228,61.206,2088162.0,536657634.0,2.35,2.57,2.32,2.57,True,国安股份,False
2021-08-16,59.812,62.002,59.215,59.812,2023553.0,505888250.0,2.5,2.61,2.47,2.5,True,国安股份,False
2021-08-17,60.608,64.79,60.21,62.201,1913295.0,501283290.0,2.54,2.75,2.52,2.62,True,国安股份,False
2021-08-18,61.405,62.799,60.409,61.604,1063745.0,275509955.0,2.58,2.65,2.53,2.59,True,国安股份,False
2021-08-19,61.206,62.799,59.812,62.201,901049.0,236074838.0,2.57,2.65,2.5,2.62,True,国安股份,False
2021-08-20,61.405,61.604,59.812,60.808,693720.0,176898600.0,2.58,2.59,2.5,2.55,True,国安股份,False
2021-08-23,61.007,62.998,60.21,62.201,760309.0,199200958.0,2.56,2.66,2.52,2.62,True,国安股份,False
2021-08-24,62.002,62.002,60.608,61.007,570219.0,145976064.0,2.61,2.61,2.54,2.56,True,国安股份,False
2021-08-25,60.608,61.007,59.215,60.808,591431.0,150814905.0,2.54,2.56,2.47,2.55,True,国安股份,False
2021-08-26,60.608,65.786,60.409,63.595,1278130.0,343816970.0,2.54,2.8,2.53,2.69,True,国安股份,False
2021-08-27,64.591,66.781,63.794,65.786,1045167.0,292646760.0,2.74,2.85,2.7,2.8,True,国安股份,False
2021-08-30,65.188,71.162,64.79,69.171,1445807.0,429404679.0,2.77,3.07,2.75,2.97,True,国安股份,False
2021-08-31,68.573,73.751,67.379,71.361,1572274.0,484260392.0,2.94,3.2,2.88,3.08,True,国安股份,False
2021-09-01,71.56,75.344,69.171,69.768,1702188.0,510656400.0,3.09,3.28,2.97,3.0,True,国安股份,False
2021-09-02,70.565,72.954,69.569,72.755,1059565.0,333762975.0,3.04,3.16,2.99,3.15,True,国安股份,False
2021-09-03,73.153,74.746,67.976,69.768,1344636.0,403390800.0,3.17,3.25,2.91,3.0,True,国安股份,False
2021-09-06,69.967,71.56,68.175,68.972,653141.0,193329736.0,3.01,3.09,2.92,2.96,True,国安股份,False
2021-09-07,68.573,72.556,68.374,71.56,889798.0,274947582.0,2.94,3.14,2.93,3.09,True,国安股份,False
2021-09-08,72.357,72.357,70.764,71.162,603178.0,185175646.0,3.13,3.13,3.05,3.07,True,国安股份,False
2021-09-09,71.162,71.759,69.768,70.565,507069.0,154148976.0,3.07,3.1,3.0,3.04,True,国安股份,False
2021-09-10,69.768,70.565,68.175,69.569,677765.0,202651735.0,3.0,3.04,2.92,2.99,True,国安股份,False
2021-09-13,70.166,71.361,68.773,70.366,551718.0,167170554.0,3.02,3.08,2.95,3.03,True,国安股份,False
2021-09-14,70.166,70.565,68.374,68.374,552008.0,161738344.0,3.02,3.04,2.93,2.93,True,国安股份,False
2021-09-15,68.573,71.361,67.777,69.967,596910.0,179669910.0,2.94,3.08,2.9,3.01,True,国安股份,False
2021-09-16,69.967,70.963,67.777,68.374,586845.0,171945585.0,3.01,3.06,2.9,2.93,True,国安股份,False
2021-09-17,67.777,68.374,63.794,65.786,698920.0,195697600.0,2.9,2.93,2.7,2.8,True,国安股份,False
2021-09-22,64.79,66.781,64.392,66.184,303669.0,85634658.0,2.75,2.85,2.73,2.82,True,国安股份,False
2021-09-23,66.383,67.379,65.786,66.383,329184.0,93159072.0,2.83,2.88,2.8,2.83,True,国安股份,False
2021-09-24,66.184,67.18,64.79,64.989,348634.0,96222984.0,2.82,2.87,2.75,2.76,True,国安股份,False
2021-09-27,64.193,64.392,60.011,61.007,738834.0,189141504.0,2.72,2.73,2.51,2.56,True,国安股份,False
2021-09-28,61.803,62.401,60.608,62.002,391501.0,102181761.0,2.6,2.63,2.54,2.61,True,国安股份,False
2021-09-29,61.803,63.197,60.808,61.007,348154.0,89127424.0,2.6,2.67,2.55,2.56,True,国安股份,False
2021-09-30,61.604,62.002,60.409,62.002,274608.0,71672688.0,2.59,2.61,2.53,2.61,True,国安股份,False
2021-10-08,62.401,62.998,61.604,62.201,279696.0,73280352.0,2.63,2.66,2.59,2.62,True,国安股份,False
2021-10-11,62.6,62.998,61.405,61.803,223338.0,58067880.0,2.64,2.66,2.58,2.6,True,国安股份,False
2021-10-12,61.803,61.803,59.015,59.613,404239.0,100655511.0,2.6,2.6,2.46,2.49,True,国安股份,False
2021-10-13,60.21,60.409,58.816,59.812,180705.0,45176250.0,2.52,2.53,2.45,2.5,True,国安股份,False
2021-10-14,59.414,60.409,58.219,59.812,248814.0,62203500.0,2.48,2.53,2.42,2.5,True,国安股份,False
2021-10-15,59.613,59.613,58.02,58.219,294159.0,71186478.0,2.49,2.49,2.41,2.42,True,国安股份,False
2021-10-18,57.622,60.011,57.622,59.414,302286.0,74966928.0,2.39,2.51,2.39,2.48,True,国安股份,False
2021-10-19,59.215,59.414,57.821,58.02,278122.0,67027402.00000001,2.47,2.48,2.4,2.41,True,国安股份,False
2021-10-20,57.821,58.02,56.825,57.622,256325.0,61261675.0,2.4,2.41,2.35,2.39,True,国安股份,False
2021-10-21,57.422,57.821,56.029,56.626,336136.0,78655824.0,2.38,2.4,2.31,2.34,True,国安股份,False
2021-10-22,56.626,56.825,55.63,56.029,291105.0,67245255.0,2.34,2.35,2.29,2.31,True,国安股份,False
2021-10-25,55.63,56.228,54.834,55.829,300459.0,69105570.0,2.29,2.32,2.25,2.3,True,国安股份,False
2021-10-26,55.63,57.422,55.431,56.029,355039.0,82014009.0,2.29,2.38,2.28,2.31,True,国安股份,False
2021-10-27,55.829,56.427,54.436,54.834,290281.0,65313225.0,2.3,2.33,2.23,2.25,True,国安股份,False
2021-10-28,54.436,56.029,53.838,54.236,330586.0,73390092.0,2.23,2.31,2.2,2.22,True,国安股份,False
2021-10-29,53.838,55.033,53.639,54.834,239521.0,53892225.0,2.2,2.26,2.19,2.25,True,国安股份,False
2021-11-01,55.033,55.63,54.436,55.431,221112.0,50413535.99999999,2.26,2.29,2.23,2.28,True,国安股份,False
2021-11-02,55.431,55.829,53.042,53.639,363426.0,79590294.0,2.28,2.3,2.16,2.19,True,国安股份,False
2021-11-03,53.241,54.236,53.042,53.639,206773.0,45283287.0,2.17,2.22,2.16,2.19,True,国安股份,False
2021-11-04,53.44,54.037,53.241,54.037,182639.0,40363219.0,2.18,2.21,2.17,2.21,True,国安股份,False
2021-11-05,53.838,54.236,53.44,53.44,204179.0,44511022.0,2.2,2.22,2.18,2.18,True,国安股份,False
2021-11-08,53.44,55.232,53.042,54.436,341240.0,76096520.0,2.18,2.27,2.16,2.23,True,国安股份,False
2021-11-09,54.635,54.834,54.037,54.834,193890.0,43625250.0,2.24,2.25,2.21,2.25,True,国安股份,False
2021-11-10,54.834,54.834,53.838,54.236,213420.0,47379240.00000001,2.25,2.25,2.2,2.22,True,国安股份,False
2021-11-11,54.236,55.033,53.838,54.834,268178.0,60340050.0,2.22,2.26,2.2,2.25,True,国安股份,False
2021-11-12,54.834,55.232,54.236,54.635,181861.0,40736864.00000001,2.25,2.27,2.22,2.24,True,国安股份,False
2021-11-15,54.635,55.033,54.037,55.033,272212.0,61519911.99999999,2.24,2.26,2.21,2.26,True,国安股份,False
2021-11-16,55.033,59.414,54.635,57.223,1017746.0,241205802.0,2.26,2.48,2.24,2.37,True,国安股份,False
2021-11-17,56.825,58.617,56.228,58.02,583693.0,140670013.0,2.35,2.44,2.32,2.41,True,国安股份,False
2021-11-18,57.821,58.02,56.626,56.626,340836.0,79755624.0,2.4,2.41,2.34,2.34,True,国安股份,False
2021-11-19,56.825,57.223,56.029,57.024,246093.0,58077948.0,2.35,2.37,2.31,2.36,True,国安股份,False
2021-11-22,56.825,57.024,56.029,56.626,205460.0,48077640.0,2.35,2.36,2.31,2.34,True,国安股份,False
2021-11-23,56.427,57.223,56.228,56.825,178057.0,41843395.0,2.33,2.37,2.32,2.35,True,国安股份,False
2021-11-24,56.626,58.219,56.427,57.622,313473.0,74920047.0,2.34,2.42,2.33,2.39,True,国安股份,False
2021-11-25,57.422,60.608,57.422,59.812,718927.0,179731750.0,2.38,2.54,2.38,2.5,True,国安股份,False
2021-11-26,60.011,62.401,58.816,60.21,693454.0,174750408.0,2.51,2.63,2.45,2.52,True,国安股份,False
2021-11-29,59.215,59.812,58.219,58.418,384589.0,93455127.0,2.47,2.5,2.42,2.43,True,国安股份,False
2021-11-30,58.219,59.414,58.02,58.418,249321.0,60585003.00000001,2.42,2.48,2.41,2.43,True,国安股份,False
2021-12-01,58.02,58.617,57.622,58.219,214411.0,51887462.0,2.41,2.44,2.39,2.42,True,国安股份,False
2021-12-02,58.02,58.418,56.825,57.024,274926.0,64882536.0,2.41,2.43,2.35,2.36,True,国安股份,False
2021-12-03,57.024,58.219,57.024,58.02,195369.0,47083929.0,2.36,2.42,2.36,2.41,True,国安股份,False
2021-12-06,58.219,58.816,57.422,57.821,277996.0,66719040.0,2.42,2.45,2.38,2.4,True,国安股份,False
2021-12-07,57.821,58.219,56.626,57.024,196992.0,46490112.0,2.4,2.42,2.34,2.36,True,国安股份,False
2021-12-08,57.223,57.622,56.825,57.223,168643.0,39968391.0,2.37,2.39,2.35,2.37,True,国安股份,False
2021-12-09,57.024,58.219,56.825,57.821,211922.0,50861280.0,2.36,2.42,2.35,2.4,True,国安股份,False
2021-12-10,57.422,58.219,57.223,57.821,171694.0,41206560.0,2.38,2.42,2.37,2.4,True,国安股份,False
2021-12-13,58.02,58.617,57.622,58.219,215779.0,52218518.0,2.41,2.44,2.39,2.42,True,国安股份,False
2021-12-14,58.418,60.011,58.02,59.613,411653.0,102501597.0,2.43,2.51,2.41,2.49,True,国安股份,False
2021-12-15,59.613,59.613,58.617,59.015,251345.0,61830870.0,2.49,2.49,2.44,2.46,True,国安股份,False
2021-12-16,59.414,61.803,58.816,60.409,461174.0,116677022.0,2.48,2.6,2.45,2.53,True,国安股份,False
2021-12-17,60.21,61.007,59.613,59.812,321225.0,80306250.0,2.52,2.56,2.49,2.5,True,国安股份,False
2021-12-20,59.812,59.812,58.617,59.015,285738.0,70291548.0,2.5,2.5,2.44,2.46,True,国安股份,False
2021-12-21,59.414,61.604,59.015,61.206,626946.0,161125122.0,2.48,2.59,2.46,2.57,True,国安股份,False
2021-12-22,61.405,62.002,60.409,60.608,314804.0,79960216.0,2.58,2.61,2.53,2.54,True,国安股份,False
2021-12-23,60.808,62.401,60.011,60.608,466634.0,118525036.0,2.55,2.63,2.51,2.54,True,国安股份,False
2021-12-24,60.011,60.21,58.418,58.418,358616.0,87143688.0,2.51,2.52,2.43,2.43,True,国安股份,False
2021-12-27,57.821,58.617,57.821,58.219,206887.0,50066654.0,2.4,2.44,2.4,2.42,True,国安股份,False
2021-12-28,58.418,58.816,57.622,58.02,218239.0,52595599.0,2.43,2.45,2.39,2.41,True,国安股份,False
2021-12-29,58.219,58.219,57.422,57.821,126823.0,30437520.0,2.42,2.42,2.38,2.4,True,国安股份,False
2021-12-30,57.422,59.215,57.422,58.617,219923.0,53661212.0,2.38,2.47,2.38,2.44,True,国安股份,False
2021-12-31,59.015,63.396,59.015,63.396,1075734.0,288296712.0,2.46,2.68,2.46,2.68,True,国安股份,False
2022-01-04,64.193,66.383,61.803,65.387,1673614.0,465264692.0,2.72,2.83,2.6,2.78,True,国安股份,False
2022-01-05,64.392,65.786,63.595,63.994,829127.0,224693417.0,2.73,2.8,2.69,2.71,True,国安股份,False
2022-01-06,64.193,69.37,63.994,68.175,1599457.0,467041444.0,2.72,2.98,2.71,2.92,True,国安股份,False
2022-01-07,66.98,68.573,66.184,66.383,907720.0,256884760.0,2.86,2.94,2.82,2.83,True,国安股份,False
2022-01-10,66.582,66.98,64.591,65.188,631112.0,174818024.0,2.84,2.86,2.74,2.77,True,国安股份,False
2022-01-11,65.188,65.587,64.193,64.392,401496.0,109608408.0,2.77,2.79,2.72,2.73,True,国安股份,False
2022-01-12,64.392,65.587,64.193,64.591,347925.0,95331450.0,2.73,2.79,2.72,2.74,True,国安股份,False
2022-01-13,64.591,64.989,63.794,63.994,341571.0,92565741.0,2.74,2.76,2.7,2.71,True,国安股份,False
2022-01-14,63.794,64.193,62.201,62.6,382847.0,101071608.0,2.7,2.72,2.62,2.64,True,国安股份,False
2022-01-17,62.002,63.794,61.604,63.197,402152.0,107374584.0,2.61,2.7,2.59,2.67,True,国安股份,False
2022-01-18,63.396,65.786,62.401,62.799,587456.0,155675840.0,2.68,2.8,2.63,2.65,True,国安股份,False
2022-01-19,63.197,63.197,61.803,62.6,293861.0,77579304.0,2.67,2.67,2.6,2.64,True,国安股份,False
2022-01-20,63.197,63.197,60.409,60.608,437695.0,111174530.0,2.67,2.67,2.53,2.54,True,国安股份,False
2022-01-21,60.808,62.201,60.21,60.808,310430.0,79159650.0,2.55,2.62,2.52,2.55,True,国安股份,False
2022-01-24,60.608,61.007,59.812,60.21,196460.0,49507920.0,2.54,2.56,2.5,2.52,True,国安股份,False
2022-01-25,60.011,60.21,57.422,57.622,407856.0,97477584.0,2.51,2.52,2.38,2.39,True,国安股份,False
2022-01-26,57.821,58.617,57.422,58.219,202398.0,48980316.0,2.4,2.44,2.38,2.42,True,国安股份,False
2022-01-27,58.617,58.617,56.427,56.626,255682.0,59829588.0,2.44,2.44,2.33,2.34,True,国安股份,False
2022-01-28,56.626,59.414,56.626,58.816,358545.0,87843525.0,2.34,2.48,2.34,2.45,True,国安股份,False
2022-02-07,58.418,61.604,58.219,60.011,368573.0,92511823.0,2.43,2.59,2.42,2.51,True,国安股份,False
2022-02-08,60.21,61.405,59.613,61.206,269721.0,69318297.0,2.52,2.58,2.49,2.57,True,国安股份,False
2022-02-09,61.007,61.803,60.808,61.604,252473.0,65390507.0,2.56,2.6,2.55,2.59,True,国安股份,False
2022-02-10,61.206,61.803,60.608,61.007,211299.0,54092544.0,2.57,2.6,2.54,2.56,True,国安股份,False
2022-02-11,60.808,61.405,59.812,60.011,268942.0,67504442.0,2.55,2.58,2.5,2.51,True,国安股份,False
2022-02-14,60.011,62.799,59.613,60.808,365833.0,93287415.0,2.51,2.65,2.49,2.55,True,国安股份,False
2022-02-15,61.206,61.405,59.613,60.011,283560.0,71173560.0,2.57,2.58,2.49,2.51,True,国安股份,False
2022-02-16,60.011,60.808,59.812,60.409,226950.0,57418349.99999999,2.51,2.55,2.5,2.53,True,国安股份,False
2022-02-17,60.409,60.409,58.816,59.015,273394.0,67254924.0,2.53,2.53,2.45,2.46,True,国安股份,False
2022-02-18,58.816,60.808,58.816,60.608,250186.0,63547244.0,2.45,2.55,2.45,2.54,True,国安股份,False
2022-02-21,61.007,63.396,60.808,62.002,389940.0,101774340.0,2.56,2.68,2.55,2.61,True,国安股份,False
2022-02-22,62.401,62.401,60.409,60.808,289797.0,73898235.0,2.63,2.63,2.53,2.55,True,国安股份,False
2022-02-23,60.808,63.197,60.608,62.6,495676.0,130858464.0,2.55,2.67,2.54,2.64,True,国安股份,False
2022-02-24,62.201,62.401,59.812,60.608,484015.0,122939810.0,2.62,2.63,2.5,2.54,True,国安股份,False
2022-02-25,60.808,61.405,60.21,60.21,231491.0,58335732.0,2.55,2.58,2.52,2.52,True,国安股份,False
2022-02-28,60.409,60.608,59.414,60.21,252921.0,63736092.0,2.53,2.54,2.48,2.52,True,国安股份,False
2022-03-01,60.011,62.6,59.812,61.803,449110.0,116768600.0,2.51,2.64,2.5,2.6,True,国安股份,False
2022-03-02,61.405,62.201,60.808,61.604,361560.0,93644040.0,2.58,2.62,2.55,2.59,True,国安股份,False
2022-03-03,61.803,62.201,60.409,60.808,382109.0,97437795.0,2.6,2.62,2.53,2.55,True,国安股份,False
2022-03-04,60.808,60.808,58.816,59.015,469813.0,115573998.0,2.55,2.55,2.45,2.46,True,国安股份,False
2022-03-07,59.015,59.613,58.02,58.219,323948.0,78395416.0,2.46,2.49,2.41,2.42,True,国安股份,False
2022-03-08,58.219,58.617,56.626,57.024,302067.0,71287812.0,2.42,2.44,2.34,2.36,True,国安股份,False
2022-03-09,57.223,57.622,53.639,56.029,443611.0,102474141.0,2.37,2.39,2.19,2.31,True,国安股份,False
2022-03-10,56.825,57.223,56.029,56.427,224016.0,52195728.0,2.35,2.37,2.31,2.33,True,国安股份,False
2022-03-11,55.829,57.024,54.635,56.626,252023.0,58973382.0,2.3,2.36,2.24,2.34,True,国安股份,False
2022-03-14,56.427,56.626,55.431,55.431,229323.0,52285643.99999999,2.33,2.34,2.28,2.28,True,国安股份,False
2022-03-15,55.431,55.63,52.643,52.843,410547.0,88267605.0,2.28,2.29,2.14,2.15,True,国安股份,False
2022-03-16,53.241,54.834,52.643,54.635,332914.0,74572736.0,2.17,2.25,2.14,2.24,True,国安股份,False
2022-03-17,55.232,55.829,54.834,55.232,250302.0,56818554.0,2.27,2.3,2.25,2.27,True,国安股份,False
2022-03-18,55.829,56.626,55.232,56.427,268030.0,62450990.0,2.3,2.34,2.27,2.33,True,国安股份,False
2022-03-21,56.626,57.422,55.63,56.228,199071.0,46184472.0,2.34,2.38,2.29,2.32,True,国安股份,False
2022-03-22,55.829,57.024,55.431,56.427,180648.0,42090984.0,2.3,2.36,2.28,2.33,True,国安股份,False
2022-03-23,56.626,56.825,55.829,56.029,191901.0,44329131.0,2.34,2.35,2.3,2.31,True,国安股份,False
2022-03-24,55.829,56.029,55.232,55.431,173917.0,39653076.0,2.3,2.31,2.27,2.28,True,国安股份,False
2022-03-25,55.232,55.829,54.834,55.033,222389.0,50259913.99999999,2.27,2.3,2.25,2.26,True,国安股份,False
2022-03-28,55.033,55.829,54.236,55.431,189146.0,43125288.0,2.26,2.3,2.22,2.28,True,国安股份,False
2022-03-29,55.232,55.63,54.635,54.834,161238.0,36278550.0,2.27,2.29,2.24,2.25,True,国安股份,False
2022-03-30,55.232,55.63,54.635,55.63,171909.0,39367161.0,2.27,2.29,2.24,2.29,True,国安股份,False
2022-03-31,55.829,56.029,55.033,55.232,232702.0,52823354.0,2.3,2.31,2.26,2.27,True,国安股份,False
2022-04-01,55.232,55.431,54.635,55.431,194354.0,44312711.99999999,2.27,2.28,2.24,2.28,True,国安股份,False
2022-04-06,55.232,57.024,55.033,56.825,349174.0,82055890.0,2.27,2.36,2.26,2.35,True,国安股份,False
2022-04-07,56.626,56.626,55.63,55.63,239398.0,54822142.0,2.34,2.34,2.29,2.29,True,国安股份,False
2022-04-08,55.63,55.63,54.635,55.232,226991.0,51526957.0,2.29,2.29,2.24,2.27,True,国安股份,False
2022-04-11,55.232,55.232,53.639,54.037,248946.0,55017066.0,2.27,2.27,2.19,2.21,True,国安股份,False
2022-04-12,54.037,55.033,53.44,54.834,221448.0,49825800.0,2.21,2.26,2.18,2.25,True,国安股份,False
2022-04-13,55.033,55.033,53.838,54.037,151089.0,33390669.0,2.26,2.26,2.2,2.21,True,国安股份,False
2022-04-14,54.037,54.635,54.037,54.236,130777.0,29032494.000000004,2.21,2.24,2.21,2.22,True,国安股份,False
2022-04-15,54.236,54.236,53.44,53.838,176011.0,38722420.0,2.22,2.22,2.18,2.2,True,国安股份,False
2022-04-18,53.44,53.838,52.843,53.639,164410.0,36005790.0,2.18,2.2,2.15,2.19,True,国安股份,False
2022-04-19,53.241,53.838,53.042,53.241,157490.0,34175330.0,2.17,2.2,2.16,2.17,True,国安股份,False
2022-04-20,53.639,54.436,53.241,53.44,196278.0,42788604.0,2.19,2.23,2.17,2.18,True,国安股份,False
2022-04-21,55.829,57.821,55.63,57.821,758180.0,181963200.0,2.3,2.4,2.29,2.4,True,国安股份,False
2022-04-22,60.21,62.6,58.02,62.6,1894775.0,500220600.0,2.52,2.64,2.41,2.64,True,国安股份,False
2022-04-25,62.6,67.379,59.215,59.414,2837125.0,703607000.0,2.64,2.88,2.47,2.48,True,国安股份,False
2022-04-26,56.228,64.392,56.228,64.392,2921776.0,797644848.0,2.32,2.73,2.32,2.73,True,国安股份,False
2022-04-27,61.803,69.768,61.206,69.768,3052153.0,915645900.0,2.6,3.0,2.57,3.0,True,国安股份,False
2022-04-28,74.348,75.742,71.759,75.742,1596824.0,526951920.0,3.23,3.3,3.1,3.3,True,国安股份,False
2022-04-29,78.729,82.114,71.759,71.759,5209425.0,1614921750.0,3.45,3.62,3.1,3.1,True,国安股份,False
2022-05-06,68.773,68.773,68.773,68.773,6542.0,1929890.0,2.95,2.95,2.95,2.95,True,国安股份,False
2022-05-09,65.786,65.786,65.786,65.786,9662.0,2705360.0,2.8,2.8,2.8,2.8,True,国安股份,False
2022-05-10,62.998,62.998,62.998,62.998,15665.0,4166890.0,2.66,2.66,2.66,2.66,True,国安股份,False
2022-05-11,60.409,60.409,60.409,60.409,28163.0,7125238.999999999,2.53,2.53,2.53,2.53,True,国安股份,False
2022-05-12,57.821,57.821,57.821,57.821,24725.0,5934000.0,2.4,2.4,2.4,2.4,True,国安股份,False
2022-05-13,55.431,55.431,55.431,55.431,41769.0,9523332.0,2.28,2.28,2.28,2.28,True,国安股份,False
2022-05-16,53.241,53.241,53.241,53.241,95976.0,20826792.0,2.17,2.17,2.17,2.17,True,国安股份,False
2022-05-17,51.05,51.05,51.05,51.05,102631.0,21141986.0,2.06,2.06,2.06,2.06,True,国安股份,False
2022-05-18,49.059,53.042,49.059,52.444,3508844.0,747383772.0,1.96,2.16,1.96,2.13,True,国安股份,False
2022-05-19,51.25,52.046,50.254,50.254,2132634.0,430792068.0,2.07,2.11,2.02,2.02,True,国安股份,False
2022-05-20,50.851,52.046,50.254,51.05,1385328.0,285377568.0,2.05,2.11,2.02,2.06,True,国安股份,False
2022-05-23,51.05,53.042,51.05,51.847,1030202.0,216342420.0,2.06,2.16,2.06,2.1,True,国安股份,False
2022-05-24,51.847,52.444,50.055,50.254,1124518.0,227152636.0,2.1,2.13,2.01,2.02,True,国安股份,False
2022-05-25,49.856,50.851,49.457,50.453,703512.0,142812936.0,2.0,2.05,1.98,2.03,True,国安股份,False
2022-05-26,50.254,50.453,49.657,49.657,652508.0,129849092.0,2.02,2.03,1.99,1.99,True,国安股份,False
2022-05-27,49.657,50.055,47.665,47.665,1217626.0,230131314.0,1.99,2.01,1.89,1.89,True,国安股份,False
2022-05-30,47.665,49.059,45.873,48.86,1204752.0,234926640.0,1.89,1.96,1.8,1.95,True,国安股份,False
2022-05-31,48.064,48.661,47.665,48.064,544273.0,103956143.0,1.91,1.94,1.89,1.91,True,国安股份,False
2022-06-01,47.864,48.661,47.665,48.064,403209.0,77012919.0,1.9,1.94,1.89,1.91,True,国安股份,False
2022-06-02,47.864,48.263,46.67,47.466,460519.0,86577572.0,1.9,1.92,1.84,1.88,True,国安股份,False
2022-06-06,49.258,49.258,49.258,49.258,74781.0,14731857.0,1.97,1.97,1.97,1.97,True,国安股份,False
2022-06-07,51.25,51.25,51.25,51.25,33890.0,7015229.999999999,2.07,2.07,2.07,2.07,True,国安股份,False
2022-06-08,53.241,53.241,51.847,53.241,1621080.0,351774360.0,2.17,2.17,2.1,2.17,True,国安股份,False
2022-06-09,52.643,55.232,52.245,53.838,1392231.0,306290820.0,2.14,2.27,2.12,2.2,True,国安股份,False
2022-06-10,53.042,55.033,52.843,53.241,777648.0,168749616.0,2.16,2.26,2.15,2.17,True,国安股份,False
2022-06-13,52.843,53.241,51.05,51.449,784180.0,163109440.0,2.15,2.17,2.06,2.08,True,国安股份,False
2022-06-14,51.05,52.643,50.652,52.245,593685.0,125861220.0,2.06,2.14,2.04,2.12,True,国安股份,False
2022-06-15,51.847,52.245,51.449,51.648,410671.0,85830239.0,2.1,2.12,2.08,2.09,True,国安股份,False
2022-06-16,51.847,52.444,51.648,52.046,289017.0,60982587.0,2.1,2.13,2.09,2.11,True,国安股份,False
2022-06-17,51.847,52.046,51.25,51.25,320947.0,66436028.99999999,2.1,2.11,2.07,2.07,True,国安股份,False
2022-06-20,51.05,51.25,50.652,50.851,370935.0,76041675.0,2.06,2.07,2.04,2.05,True,国安股份,False
2022-06-21,50.851,51.05,50.254,50.453,305131.0,61941592.99999999,2.05,2.06,2.02,2.03,True,国安股份,False
2022-06-22,50.851,52.444,50.652,52.444,592087.0,126114531.0,2.05,2.13,2.04,2.13,True,国安股份,False
2022-06-23,52.046,52.643,51.05,51.847,485575.0,101970750.0,2.11,2.14,2.06,2.1,True,国安股份,False
2022-06-24,51.648,53.241,51.648,52.643,380978.0,81529292.0,2.09,2.17,2.09,2.14,True,国安股份,False
2022-06-27,52.444,53.44,52.046,52.643,327381.0,70059534.0,2.13,2.18,2.11,2.14,True,国安股份,False
2022-06-28,52.444,53.042,52.046,52.046,354551.0,74810261.0,2.13,2.16,2.11,2.11,True,国安股份,False
2022-06-29,51.847,52.643,51.449,51.449,351922.0,73199776.0,2.1,2.14,2.08,2.08,True,国安股份,False
2022-06-30,51.648,52.444,51.449,51.648,218719.0,45712271.0,2.09,2.13,2.08,2.09,True,国安股份,False
2022-07-01,51.847,52.245,51.25,51.847,250038.0,52507980.0,2.1,2.12,2.07,2.1,True,国安股份,False
2022-07-04,51.847,52.046,51.449,51.847,197562.0,41488020.0,2.1,2.11,2.08,2.1,True,国安股份,False
2022-07-05,51.847,51.847,51.25,51.449,209517.0,43579536.0,2.1,2.1,2.07,2.08,True,国安股份,False
2022-07-06,51.25,52.444,51.05,51.847,312526.0,65630460.0,2.07,2.13,2.06,2.1,True,国安股份,False
2022-07-07,51.648,52.046,51.449,51.847,163754.0,34388340.0,2.09,2.11,2.08,2.1,True,国安股份,False
2022-07-08,51.847,52.046,51.648,51.847,175612.0,36878520.0,2.1,2.11,2.09,2.1,True,国安股份,False
2022-07-11,51.847,51.847,51.449,51.648,176834.0,36958306.0,2.1,2.1,2.08,2.09,True,国安股份,False
2022-07-12,51.648,52.643,51.449,52.245,253164.0,53670768.0,2.09,2.14,2.08,2.12,True,国安股份,False
2022-07-13,52.046,52.444,51.648,52.245,169639.0,35963468.0,2.11,2.13,2.09,2.12,True,国安股份,False
2022-07-14,52.046,52.245,51.847,52.046,161609.0,34099499.0,2.11,2.12,2.1,2.11,True,国安股份,False
2022-07-15,51.648,51.847,49.856,50.652,382189.0,77966556.0,2.09,2.1,2.0,2.04,True,国安股份,False
2022-07-18,50.453,51.25,50.055,50.851,151908.0,31141140.0,2.03,2.07,2.01,2.05,True,国安股份,False
2022-07-19,50.851,51.449,50.851,51.25,144041.0,29816487.0,2.05,2.08,2.05,2.07,True,国安股份,False
2022-07-20,51.25,53.241,51.25,53.241,394880.0,85688960.0,2.07,2.17,2.07,2.17,True,国安股份,False
2022-07-21,53.838,54.037,52.444,52.643,443656.0,94942384.0,2.2,2.21,2.13,2.14,True,国安股份,False
2022-07-22,52.444,54.834,52.444,54.834,612441.0,137799225.0,2.13,2.25,2.13,2.25,True,国安股份,False
2022-07-25,55.829,57.024,55.431,57.024,206558.0,48747688.0,2.3,2.36,2.28,2.36,True,国安股份,False
2022-07-26,59.414,59.414,59.414,59.414,61217.0,15181816.0,2.48,2.48,2.48,2.48,True,国安股份,False
2022-07-27,61.803,61.803,57.821,58.219,1344599.0,325392958.0,2.6,2.6,2.4,2.42,True,国安股份,False
2022-07-28,59.015,60.608,59.015,60.608,428405.0,108814870.0,2.46,2.54,2.46,2.54,True,国安股份,False
2022-07-29,60.808,63.197,59.215,62.6,962724.0,254159136.0,2.55,2.67,2.47,2.64,True,国安股份,False
2022-08-01,61.803,65.188,61.206,65.188,434116.0,120250132.0,2.6,2.77,2.57,2.77,True,国安股份,False
2022-08-02,66.383,67.18,62.401,65.188,1159667.0,321227759.0,2.83,2.87,2.63,2.77,True,国安股份,False
2022-08-03,64.591,66.781,62.401,62.401,819339.0,215486157.0,2.74,2.85,2.63,2.63,True,国安股份,False
2022-08-04,62.002,63.396,59.812,60.011,824261.0,206889511.0,2.61,2.68,2.5,2.51,True,国安股份,False
2022-08-05,60.011,62.6,60.011,62.6,573749.0,151469736.0,2.51,2.64,2.51,2.64,True,国安股份,False
2022-08-08,63.794,64.591,62.201,63.396,571224.0,153088032.0,2.7,2.74,2.62,2.68,True,国安股份,False
2022-08-09,63.396,63.396,60.808,61.007,573702.0,146867712.0,2.68,2.68,2.55,2.56,True,国安股份,False
2022-08-10,61.405,63.197,60.808,62.201,429484.0,112524808.0,2.58,2.67,2.55,2.62,True,国安股份,False
2022-08-11,63.396,63.396,60.409,61.604,505039.0,130805101.0,2.68,2.68,2.53,2.59,True,国安股份,False
2022-08-12,61.803,62.002,60.608,60.808,339361.0,86537055.0,2.6,2.61,2.54,2.55,True,国安股份,False
2022-08-15,60.808,62.201,60.608,61.405,310005.0,79981290.0,2.55,2.62,2.54,2.58,True,国安股份,False
2022-08-16,61.206,62.6,60.808,62.002,328205.0,85661505.0,2.57,2.64,2.55,2.61,True,国安股份,False
2022-08-17,62.002,64.591,61.405,64.591,675072.0,184969728.0,2.61,2.74,2.58,2.74,True,国安股份,False
2022-08-18,64.392,64.989,63.197,64.392,509098.0,138983754.0,2.73,2.76,2.67,2.73,True,国安股份,False
2022-08-19,63.994,66.98,63.994,66.184,460439.0,129843798.0,2.71,2.86,2.71,2.82,True,国安股份,False
2022-08-22,65.786,68.773,65.387,68.374,512248.0,150088664.0,2.8,2.95,2.78,2.93,True,国安股份,False
2022-08-23,68.175,69.569,66.383,66.98,488960.0,139842560.0,2.92,2.99,2.83,2.86,True,国安股份,False
2022-08-24,66.582,66.98,64.193,64.193,510071.0,138739312.0,2.84,2.86,2.72,2.72,True,国安股份,False
2022-08-25,65.387,65.587,62.799,64.79,382159.0,105093725.0,2.78,2.79,2.65,2.75,True,国安股份,False
2022-08-26,64.591,66.582,63.994,65.188,301367.0,83478659.0,2.74,2.84,2.71,2.77,True,国安股份,False
2022-08-29,64.193,65.587,63.794,64.193,257266.0,69976352.0,2.72,2.79,2.7,2.72,True,国安股份,False
2022-08-30,64.392,65.387,63.595,64.591,205828.0,56396872.00000001,2.73,2.78,2.69,2.74,True,国安股份,False
2022-08-31,64.591,66.184,63.396,64.989,303224.0,83689824.0,2.74,2.82,2.68,2.76,True,国安股份,False
2022-09-01,64.989,65.786,64.392,64.79,198677.0,54636175.0,2.76,2.8,2.73,2.75,True,国安股份,False
2022-09-02,64.591,65.188,63.794,63.994,187568.0,50830928.0,2.74,2.77,2.7,2.71,True,国安股份,False
2022-09-05,64.193,64.392,61.206,61.206,402309.0,103393413.0,2.72,2.73,2.57,2.57,True,国安股份,False
2022-09-06,60.808,62.201,60.011,61.405,184686.0,47648988.0,2.55,2.62,2.51,2.58,True,国安股份,False
2022-09-07,61.007,63.595,60.409,62.799,269238.0,71348070.0,2.56,2.69,2.53,2.65,True,国安股份,False
2022-09-08,62.401,63.197,62.002,62.002,145690.0,38025090.0,2.63,2.67,2.61,2.61,True,国安股份,False
2022-09-09,62.002,62.6,61.405,62.201,123839.0,32445818.0,2.61,2.64,2.58,2.62,True,国安股份,False
2022-09-13,64.392,64.79,63.794,64.79,177132.0,48711300.0,2.73,2.75,2.7,2.75,True,国安股份,False
2022-09-14,65.786,66.781,64.591,65.188,463758.0,128460966.0,2.8,2.85,2.74,2.77,True,国安股份,False
2022-09-15,64.79,66.383,63.994,64.392,323542.0,88326966.0,2.75,2.83,2.71,2.73,True,国安股份,False
2022-09-16,64.392,66.781,63.794,65.985,324768.0,91259808.0,2.73,2.85,2.7,2.81,True,国安股份,False
2022-09-19,65.786,65.985,63.595,63.994,288521.0,78189191.0,2.8,2.81,2.69,2.71,True,国安股份,False
2022-09-20,64.591,64.591,63.595,63.794,150958.0,40758660.0,2.74,2.74,2.69,2.7,True,国安股份,False
2022-09-21,63.396,63.794,62.201,63.595,170693.0,45916417.0,2.68,2.7,2.62,2.69,True,国安股份,False
2022-09-22,62.998,64.591,62.799,63.396,135726.0,36374568.0,2.66,2.74,2.65,2.68,True,国安股份,False
2022-09-23,63.794,63.794,61.803,62.6,163854.0,43257456.0,2.7,2.7,2.6,2.64,True,国安股份,False
2022-09-26,61.803,62.6,60.808,61.206,196448.0,50487136.0,2.6,2.64,2.55,2.57,True,国安股份,False
2022-09-27,61.405,63.396,61.007,62.799,205536.0,54467040.0,2.58,2.68,2.56,2.65,True,国安股份,False
2022-09-28,62.401,63.595,61.803,61.803,151319.0,39342940.0,2.63,2.69,2.6,2.6,True,国安股份,False
2022-09-29,62.401,62.401,60.808,61.604,153356.0,39719204.0,2.63,2.63,2.55,2.59,True,国安股份,False
2022-09-30,61.206,62.799,61.007,62.201,142187.0,37252994.0,2.57,2.65,2.56,2.62,True,国安股份,False
2022-10-10,62.002,63.794,61.405,61.803,197638.0,51385880.0,2.61,2.7,2.58,2.6,True,国安股份,False
2022-10-11,61.803,62.002,59.215,59.215,331951.0,81991897.0,2.6,2.61,2.47,2.47,True,国安股份,False
2022-10-12,57.422,58.418,56.825,57.622,365870.0,87442930.0,2.38,2.43,2.35,2.39,True,国安股份,False
2022-10-13,57.622,57.821,55.63,56.228,254619.0,59071607.99999999,2.39,2.4,2.29,2.32,True,国安股份,False
2022-10-14,56.427,57.622,56.427,57.422,187559.0,44639042.0,2.33,2.39,2.33,2.38,True,国安股份,False
2022-10-17,57.223,57.422,56.427,57.422,188312.0,44818256.0,2.37,2.38,2.33,2.38,True,国安股份,False
2022-10-18,57.422,59.414,57.223,58.418,236149.0,57384207.00000001,2.38,2.48,2.37,2.43,True,国安股份,False
2022-10-19,58.418,58.617,57.024,57.024,157865.0,37256140.0,2.43,2.44,2.36,2.36,True,国安股份,False
2022-10-20,57.223,58.02,56.427,56.825,156382.0,36749770.0,2.37,2.41,2.33,2.35,True,国安股份,False
2022-10-21,56.825,57.223,56.427,57.223,125904.0,29839248.0,2.35,2.37,2.33,2.37,True,国安股份,False
2022-10-24,57.024,57.422,55.033,55.431,230357.0,52521395.99999999,2.36,2.38,2.26,2.28,True,国安股份,False
2022-10-25,54.635,55.033,53.241,53.639,341877.0,74871063.0,2.24,2.26,2.17,2.19,True,国安股份,False
2022-10-26,53.838,54.834,53.639,54.436,169045.0,37697035.0,2.2,2.25,2.19,2.23,True,国安股份,False
2022-10-27,54.436,54.436,53.838,54.037,127274.0,28127554.0,2.23,2.23,2.2,2.21,True,国安股份,False
2022-10-28,53.639,56.228,52.046,54.635,387310.0,86757440.00000001,2.19,2.32,2.11,2.24,True,国安股份,False
2022-10-31,54.635,56.825,54.037,56.029,268258.0,61967598.0,2.24,2.35,2.21,2.31,True,国安股份,False
2022-11-01,56.427,57.622,55.829,57.422,201036.0,47846568.0,2.33,2.39,2.3,2.38,True,国安股份,False
2022-11-02,57.024,58.02,57.024,57.223,174205.0,41286585.0,2.36,2.41,2.36,2.37,True,国安股份,False
2022-11-03,56.825,56.825,55.829,55.829,189827.0,43660210.0,2.35,2.35,2.3,2.3,True,国安股份,False
2022-11-04,55.829,57.821,55.829,57.422,220818.0,52554684.0,2.3,2.4,2.3,2.38,True,国安股份,False
2022-11-07,57.223,59.215,57.024,58.617,208495.0,50872780.0,2.37,2.47,2.36,2.44,True,国安股份,False
2022-11-08,58.418,59.414,58.02,59.015,158747.0,39051762.0,2.43,2.48,2.41,2.46,True,国安股份,False
2022-11-09,58.617,61.405,58.418,60.808,408698.0,104217990.0,2.44,2.58,2.43,2.55,True,国安股份,False
2022-11-10,60.409,61.405,59.812,60.011,282298.0,70856798.0,2.53,2.58,2.5,2.51,True,国安股份,False
2022-11-11,60.808,61.405,60.011,60.409,233093.0,58972528.99999999,2.55,2.58,2.51,2.53,True,国安股份,False
2022-11-14,60.21,60.608,58.816,59.414,240966.0,59759568.0,2.52,2.54,2.45,2.48,True,国安股份,False
2022-11-15,59.215,61.803,59.015,60.808,222863.0,56830064.99999999,2.47,2.6,2.46,2.55,True,国安股份,False
2022-11-16,60.608,62.6,60.409,61.405,210733.0,54369114.0,2.54,2.64,2.53,2.58,True,国安股份,False
2022-11-17,61.007,62.6,61.007,61.604,194542.0,50386378.0,2.56,2.64,2.56,2.59,True,国安股份,False
2022-11-18,61.405,61.803,60.011,60.21,264176.0,66572352.0,2.58,2.6,2.51,2.52,True,国安股份,False
2022-11-21,60.011,62.002,58.816,61.405,280690.0,72418020.0,2.51,2.61,2.45,2.58,True,国安股份,False
2022-11-22,61.206,62.002,60.808,61.007,190566.0,48784896.0,2.57,2.61,2.55,2.56,True,国安股份,False
2022-11-23,61.007,61.803,60.21,60.808,136670.0,34850850.0,2.56,2.6,2.52,2.55,True,国安股份,False
2022-11-24,61.206,61.604,60.608,60.608,127582.0,32405828.0,2.57,2.59,2.54,2.54,True,国安股份,False
2022-11-25,60.808,61.405,60.21,61.007,151991.0,38909696.0,2.55,2.58,2.52,2.56,True,国安股份,False
2022-11-28,60.409,62.799,60.011,62.201,240773.0,63082526.0,2.53,2.65,2.51,2.62,True,国安股份,False
2022-11-29,62.002,64.193,61.604,63.396,329169.0,88217292.0,2.61,2.72,2.59,2.68,True,国安股份,False
2022-11-30,62.998,63.994,62.6,62.998,229311.0,60996726.0,2.66,2.71,2.64,2.66,True,国安股份,False
2022-12-01,63.197,64.392,62.998,63.994,263779.0,71484109.0,2.67,2.73,2.66,2.71,True,国安股份,False
2022-12-02,63.794,65.387,63.595,64.989,260181.0,71809956.0,2.7,2.78,2.69,2.76,True,国安股份,False
2022-12-05,67.379,67.777,64.591,64.591,1055155.0,289112470.0,2.88,2.9,2.74,2.74,True,国安股份,False
2022-12-06,63.794,64.989,62.799,63.396,486250.0,130315000.0,2.7,2.76,2.65,2.68,True,国安股份,False
2022-12-07,62.998,65.786,62.998,65.387,375779.0,104466562.0,2.66,2.8,2.66,2.78,True,国安股份,False
2022-12-08,65.188,65.985,63.595,63.595,342201.0,92052069.0,2.77,2.81,2.69,2.69,True,国安股份,False
2022-12-09,63.396,63.595,61.803,62.401,359762.0,94617406.0,2.68,2.69,2.6,2.63,True,国安股份,False
2022-12-12,62.002,62.799,61.405,62.201,171813.0,45015006.0,2.61,2.65,2.58,2.62,True,国安股份,False
2022-12-13,61.803,62.002,61.405,61.604,157126.0,40695634.0,2.6,2.61,2.58,2.59,True,国安股份,False
2022-12-14,61.405,62.002,61.405,61.604,137254.0,35548786.0,2.58,2.61,2.58,2.59,True,国安股份,False
2022-12-15,61.206,62.6,61.206,62.201,135667.0,35544754.0,2.57,2.64,2.57,2.62,True,国安股份,False
2022-12-16,61.803,62.799,61.803,62.201,135886.0,35602132.0,2.6,2.65,2.6,2.62,True,国安股份,False
2022-12-19,62.201,62.401,61.206,61.405,152317.0,39297786.0,2.62,2.63,2.57,2.58,True,国安股份,False
2022-12-20,61.206,62.002,61.206,61.803,115337.0,29987620.0,2.57,2.61,2.57,2.6,True,国安股份,False
2022-12-21,61.803,63.396,61.803,62.401,208828.0,54921764.0,2.6,2.68,2.6,2.63,True,国安股份,False
2022-12-22,62.401,62.998,62.002,62.201,142241.0,37267142.0,2.63,2.66,2.61,2.62,True,国安股份,False
2022-12-23,61.803,62.401,59.613,59.812,348267.0,87066750.0,2.6,2.63,2.49,2.5,True,国安股份,False
2022-12-26,59.215,61.803,59.215,61.604,182963.0,47387417.0,2.47,2.6,2.47,2.59,True,国安股份,False
2022-12-27,61.803,63.396,61.405,63.396,228285.0,61180380.0,2.6,2.68,2.58,2.68,True,国安股份,False
2022-12-28,63.595,64.193,61.803,61.803,191774.0,49861240.0,2.69,2.72,2.6,2.6,True,国安股份,False
2022-12-29,61.405,61.604,59.414,60.409,264061.0,66807432.99999999,2.58,2.59,2.48,2.53,True,国安股份,False
2022-12-30,60.011,60.608,59.613,60.409,99762.0,25239786.0,2.51,2.54,2.49,2.53,True,国安股份,False
2023-01-03,60.608,61.206,59.812,61.007,99916.0,25578496.0,2.54,2.57,2.5,2.56,True,国安股份,False
2023-01-04,61.007,61.405,60.21,60.608,117431.0,29827474.0,2.56,2.58,2.52,2.54,True,国安股份,False
2023-01-05,60.808,61.007,60.21,60.608,101915.0,25886410.0,2.55,2.56,2.52,2.54,True,国安股份,False
2023-01-06,60.608,63.197,60.011,62.998,281214.0,74802924.0,2.54,2.67,2.51,2.66,True,国安股份,False
2023-01-09,62.6,63.396,61.405,62.401,234631.0,61707953.0,2.64,2.68,2.58,2.63,True,国安股份,False
2023-01-10,61.405,61.803,60.608,61.007,140430.0,35950080.0,2.58,2.6,2.54,2.56,True,国安股份,False
2023-01-11,60.409,60.409,58.617,58.816,355670.0,87139150.0,2.53,2.53,2.44,2.45,True,国安股份,False
2023-01-12,58.617,59.613,58.219,59.215,120579.0,29783013.000000004,2.44,2.49,2.42,2.47,True,国安股份,False
2023-01-13,59.414,60.409,59.215,60.011,107471.0,26975221.0,2.48,2.53,2.47,2.51,True,国安股份,False
2023-01-16,60.011,60.808,59.613,60.21,128224.0,32312448.0,2.51,2.55,2.49,2.52,True,国安股份,False
2023-01-17,60.409,60.808,60.011,60.011,103726.0,26035226.0,2.53,2.55,2.51,2.51,True,国安股份,False
2023-01-18,60.011,60.608,60.011,60.21,68638.0,17296776.0,2.51,2.54,2.51,2.52,True,国安股份,False
2023-01-19,60.21,62.799,60.21,62.201,352103.0,92250986.0,2.52,2.65,2.52,2.62,True,国安股份,False
2023-01-20,62.201,64.591,61.803,62.201,447303.0,117193386.0,2.62,2.74,2.6,2.62,True,国安股份,False
2023-01-30,62.998,63.396,62.201,62.401,328402.0,86369726.0,2.66,2.68,2.62,2.63,True,国安股份,False
2023-01-31,62.401,62.998,61.405,61.803,253186.0,65828360.0,2.63,2.66,2.58,2.6,True,国安股份,False
2023-02-01,61.604,62.002,60.011,61.206,427766.0,109935862.0,2.59,2.61,2.51,2.57,True,国安股份,False
2023-02-02,61.007,62.6,60.409,61.604,298878.0,77409402.0,2.56,2.64,2.53,2.59,True,国安股份,False
2023-02-03,61.206,62.002,61.206,61.803,165932.0,43142320.0,2.57,2.61,2.57,2.6,True,国安股份,False
2023-02-06,61.604,61.803,61.007,61.206,151647.0,38973279.0,2.59,2.6,2.56,2.57,True,国安股份,False
2023-02-07,61.405,62.002,61.007,61.604,135511.0,35097349.0,2.58,2.61,2.56,2.59,True,国安股份,False
2023-02-08,61.604,61.604,61.007,61.206,123275.0,31681675.0,2.59,2.59,2.56,2.57,True,国安股份,False
2023-02-09,61.007,61.604,60.808,61.405,104686.0,27008988.0,2.56,2.59,2.55,2.58,True,国安股份,False
2023-02-10,61.206,62.002,61.206,61.604,138667.0,35914753.0,2.57,2.61,2.57,2.59,True,国安股份,False
2023-02-13,62.002,62.6,61.405,61.803,205488.0,53426880.0,2.61,2.64,2.58,2.6,True,国安股份,False
2023-02-14,61.803,62.002,61.206,61.405,133846.0,34532268.0,2.6,2.61,2.57,2.58,True,国安股份,False
2023-02-15,61.206,61.405,61.007,61.206,105632.0,27147424.0,2.57,2.58,2.56,2.57,True,国安股份,False
2023-02-16,61.206,61.405,60.409,60.409,202607.0,51259570.99999999,2.57,2.58,2.53,2.53,True,国安股份,False
2023-02-17,60.409,60.808,60.21,60.608,130487.0,33143698.0,2.53,2.55,2.52,2.54,True,国安股份,False
2023-02-20,60.21,60.409,58.02,58.816,410431.0,100555595.0,2.52,2.53,2.41,2.45,True,国安股份,False
2023-02-21,61.007,61.206,60.409,61.206,157862.0,40570534.0,2.56,2.57,2.53,2.57,True,国安股份,False
2023-02-22,63.595,63.794,61.405,61.604,1054322.0,273069398.0,2.69,2.7,2.58,2.59,True,国安股份,False
2023-02-23,60.808,61.803,60.608,60.808,366272.0,93399360.0,2.55,2.6,2.54,2.55,True,国安股份,False
2023-02-24,60.608,60.808,60.011,60.011,226209.0,56778458.99999999,2.54,2.55,2.51,2.51,True,国安股份,False
2023-02-27,60.011,60.011,58.617,58.816,282122.0,69119890.0,2.51,2.51,2.44,2.45,True,国安股份,False
2023-02-28,58.816,59.414,58.816,59.414,156163.0,38728424.0,2.45,2.48,2.45,2.48,True,国安股份,False
2023-03-01,59.215,59.613,59.015,59.414,162150.0,40213200.0,2.47,2.49,2.46,2.48,True,国安股份,False
2023-03-02,59.215,59.414,58.816,59.015,148483.0,36526818.0,2.47,2.48,2.45,2.46,True,国安股份,False
2023-03-03,59.015,60.21,58.816,59.812,198378.0,49594500.0,2.46,2.52,2.45,2.5,True,国安股份,False
2023-03-06,59.812,59.812,59.215,59.414,109605.0,27182040.0,2.5,2.5,2.47,2.48,True,国安股份,False
2023-03-07,59.414,59.613,59.015,59.015,106080.0,26095680.0,2.48,2.49,2.46,2.46,True,国安股份,False
2023-03-08,59.215,60.21,58.816,60.011,188725.0,47369974.99999999,2.47,2.52,2.45,2.51,True,国安股份,False
2023-03-09,60.409,60.808,59.613,60.011,147182.0,36942682.0,2.53,2.55,2.49,2.51,True,国安股份,False
2023-03-10,59.812,60.808,59.414,60.21,173101.0,43621452.0,2.5,2.55,2.48,2.52,True,国安股份,False
2023-03-13,59.812,60.011,59.215,59.613,140863.0,35074887.0,2.5,2.51,2.47,2.49,True,国安股份,False
2023-03-14,59.414,59.812,59.215,59.414,138237.0,34282776.0,2.48,2.5,2.47,2.48,True,国安股份,False
2023-03-15,59.812,60.011,59.414,59.613,99960.0,24890040.000000004,2.5,2.51,2.48,2.49,True,国安股份,False
2023-03-16,59.414,59.812,59.015,59.015,107003.0,26322738.0,2.48,2.5,2.46,2.46,True,国安股份,False
2023-03-17,59.414,59.613,59.215,59.215,97702.0,24132394.000000004,2.48,2.49,2.47,2.47,True,国安股份,False
2023-03-20,59.414,59.414,58.617,58.816,132869.0,32552905.000000004,2.48,2.48,2.44,2.45,True,国安股份,False
2023-03-21,58.617,59.414,58.418,59.015,97027.0,23868642.0,2.44,2.48,2.43,2.46,True,国安股份,False
2023-03-22,59.215,59.414,58.617,59.015,121874.0,29981004.0,2.47,2.48,2.44,2.46,True,国安股份,False
2023-03-23,59.015,59.015,58.219,58.816,160510.0,39324950.0,2.46,2.46,2.42,2.45,True,国安股份,False
2023-03-24,58.617,59.015,58.219,58.816,121941.0,29875545.000000004,2.44,2.46,2.42,2.45,True,国安股份,False
2023-03-27,58.617,58.617,57.622,58.02,175909.0,42394069.0,2.44,2.44,2.39,2.41,True,国安股份,False
2023-03-28,58.02,58.02,56.626,56.825,187276.0,44009860.0,2.41,2.41,2.34,2.35,True,国安股份,False
2023-03-29,57.024,57.024,55.63,56.626,171292.0,40082328.0,2.36,2.36,2.29,2.34,True,国安股份,False
2023-03-30,56.427,56.626,55.829,56.029,118026.0,27264006.0,2.33,2.34,2.3,2.31,True,国安股份,False
2023-03-31,56.029,58.418,56.029,58.418,340055.0,82633365.0,2.31,2.43,2.31,2.43,True,国安股份,False
2023-04-03,57.821,58.219,57.422,57.821,199275.0,47826000.0,2.4,2.42,2.38,2.4,True,国安股份,False
2023-04-04,57.821,60.011,57.821,58.219,270813.0,65536746.0,2.4,2.51,2.4,2.42,True,国安股份,False
2023-04-06,58.816,59.812,58.617,58.816,188678.0,46226110.0,2.45,2.5,2.44,2.45,True,国安股份,False
2023-04-07,59.215,59.215,58.418,58.617,119089.0,29057716.0,2.47,2.47,2.43,2.44,True,国安股份,False
2023-04-10,58.418,58.617,57.223,57.422,169377.0,40311726.0,2.43,2.44,2.37,2.38,True,国安股份,False
2023-04-11,57.223,58.617,57.223,57.821,110597.0,26543280.0,2.37,2.44,2.37,2.4,True,国安股份,False
2023-04-12,57.821,58.219,57.622,58.02,76923.0,18538443.0,2.4,2.42,2.39,2.41,True,国安股份,False
2023-04-13,57.821,57.821,57.223,57.422,95881.0,22819678.0,2.4,2.4,2.37,2.38,True,国安股份,False
2023-04-14,57.422,57.821,57.223,57.622,76079.0,18182881.0,2.38,2.4,2.37,2.39,True,国安股份,False
2023-04-17,57.024,57.422,56.626,56.825,167119.0,39272965.0,2.36,2.38,2.34,2.35,True,国安股份,False
2023-04-18,56.825,57.622,56.626,57.024,120214.0,28370504.0,2.35,2.39,2.34,2.36,True,国安股份,False
2023-04-19,57.024,57.024,56.228,56.228,122189.0,28347848.0,2.36,2.36,2.32,2.32,True,国安股份,False
2023-04-20,56.228,57.024,56.029,56.626,123151.0,28817334.0,2.32,2.36,2.31,2.34,True,国安股份,False
2023-04-21,56.427,56.825,55.63,55.829,172087.0,39580010.0,2.33,2.35,2.29,2.3,True,国安股份,False
2023-04-24,56.029,56.228,54.635,55.033,131339.0,29682614.0,2.31,2.32,2.24,2.26,True,国安股份,False
2023-04-25,54.834,55.232,53.042,53.838,221535.0,48737700.00000001,2.25,2.27,2.16,2.2,True,国安股份,False
2023-04-26,53.838,55.232,53.042,54.834,174442.0,39249450.0,2.2,2.27,2.16,2.25,True,国安股份,False
2023-04-27,55.033,55.232,53.241,53.838,181833.0,40003260.0,2.26,2.27,2.17,2.2,True,国安股份,False
2023-04-28,53.838,55.829,53.838,55.431,194842.0,44423975.99999999,2.2,2.3,2.2,2.28,True,国安股份,False
2023-05-04,55.431,56.427,55.431,55.63,151566.0,34708614.0,2.28,2.33,2.28,2.29,True,国安股份,False
2023-05-05,55.431,55.63,54.834,55.033,121263.0,27405438.0,2.28,2.29,2.25,2.26,True,国安股份,False
2023-05-08,55.033,56.029,54.834,55.431,157479.0,35905212.0,2.26,2.31,2.25,2.28,True,国安股份,False
2023-05-09,55.033,55.232,54.236,54.436,168235.0,37516405.0,2.26,2.27,2.22,2.23,True,国安股份,False
2023-05-10,54.635,54.635,53.838,54.037,131066.0,28965586.0,2.24,2.24,2.2,2.21,True,国安股份,False
2023-05-11,54.037,54.834,53.44,54.436,156616.0,34925368.0,2.21,2.25,2.18,2.23,True,国安股份,False
2023-05-12,54.236,54.236,53.639,53.639,99145.0,21712755.0,2.22,2.22,2.19,2.19,True,国安股份,False
2023-05-15,53.44,54.236,53.44,53.838,111099.0,24441780.000000004,2.18,2.22,2.18,2.2,True,国安股份,False
2023-05-16,53.838,53.838,53.241,53.241,104213.0,22614221.0,2.2,2.2,2.17,2.17,True,国安股份,False
2023-05-17,53.241,53.639,53.042,53.44,68868.0,15013224.000000002,2.17,2.19,2.16,2.18,True,国安股份,False
2023-05-18,53.44,54.436,53.241,54.236,119905.0,26618910.000000004,2.18,2.23,2.17,2.22,True,国安股份,False
2023-05-19,53.838,54.037,52.444,53.241,159671.0,34648607.0,2.2,2.21,2.13,2.17,True,国安股份,False
2023-05-22,53.241,53.44,52.643,53.042,119149.0,25736184.0,2.17,2.18,2.14,2.16,True,国安股份,False
2023-05-23,52.843,53.241,52.643,52.843,104982.0,22571130.0,2.15,2.17,2.14,2.15,True,国安股份,False
2023-05-24,52.643,52.843,52.245,52.444,108374.0,23083662.0,2.14,2.15,2.12,2.13,True,国安股份,False
2023-05-25,52.245,52.444,50.851,51.05,219812.0,45281272.0,2.12,2.13,2.05,2.06,True,国安股份,False
2023-05-26,51.05,51.847,49.856,51.449,214595.0,44635760.0,2.06,2.1,2.0,2.08,True,国安股份,False
2023-05-29,51.449,51.449,49.457,50.055,236969.0,47630768.99999999,2.08,2.08,1.98,2.01,True,国安股份,False
2023-05-30,49.657,49.657,48.064,48.064,367551.0,70202241.0,1.99,1.99,1.91,1.91,True,国安股份,False
2023-05-31,47.665,49.258,47.466,48.462,180645.0,34864485.0,1.89,1.97,1.88,1.93,True,国安股份,False
2023-06-01,48.263,50.453,48.263,50.453,299510.0,60800529.99999999,1.92,2.03,1.92,2.03,True,国安股份,False
2023-06-02,50.055,50.652,49.657,50.453,163988.0,33289564.0,2.01,2.04,1.99,2.03,True,国安股份,False
2023-06-05,50.652,52.046,50.055,50.254,230323.0,46525246.0,2.04,2.11,2.01,2.02,True,国安股份,False
2023-06-06,50.055,50.851,49.657,50.055,130151.0,26160351.0,2.01,2.05,1.99,2.01,True,国安股份,False
2023-06-07,50.055,50.254,49.457,50.055,104332.0,20970732.0,2.01,2.02,1.98,2.01,True,国安股份,False
2023-06-08,50.652,51.847,49.856,51.25,242258.0,50147405.99999999,2.04,2.1,2.0,2.07,True,国安股份,False
2023-06-09,51.05,51.648,50.851,51.05,121525.0,25034150.0,2.06,2.09,2.05,2.06,True,国安股份,False
2023-06-12,51.05,51.648,50.851,51.05,99852.0,20569512.0,2.06,2.09,2.05,2.06,True,国安股份,False
2023-06-13,50.851,52.245,50.851,51.847,161075.0,33825750.0,2.05,2.12,2.05,2.1,True,国安股份,False
2023-06-14,51.847,52.643,51.648,51.847,148651.0,31216710.0,2.1,2.14,2.09,2.1,True,国安股份,False
2023-06-15,51.847,52.046,51.25,51.648,117158.0,24486022.0,2.1,2.11,2.07,2.09,True,国安股份,False
2023-06-16,51.847,52.444,51.648,51.847,107822.0,22642620.0,2.1,2.13,2.09,2.1,True,国安股份,False
2023-06-19,51.847,52.245,51.449,51.449,104722.0,21782176.0,2.1,2.12,2.08,2.08,True,国安股份,False
2023-06-20,51.449,51.449,50.254,50.453,199751.0,40549452.99999999,2.08,2.08,2.02,2.03,True,国安股份,False
2023-06-21,50.254,50.851,49.856,49.856,118756.0,23751200.0,2.02,2.05,2.0,2.0,True,国安股份,False
2023-06-26,49.457,50.254,49.258,49.657,104607.0,20816793.0,1.98,2.02,1.97,1.99,True,国安股份,False
2023-06-27,49.856,50.652,49.856,50.453,91456.0,18565568.0,2.0,2.04,2.0,2.03,True,国安股份,False
2023-06-28,50.453,50.851,50.055,50.652,113682.0,23191128.0,2.03,2.05,2.01,2.04,True,国安股份,False
2023-06-29,50.652,50.851,50.453,50.453,66938.0,13588413.999999998,2.04,2.05,2.03,2.03,True,国安股份,False
2023-06-30,50.453,52.046,50.254,51.648,149425.0,31229825.0,2.03,2.11,2.02,2.09,True,国安股份,False
2023-07-03,52.843,53.639,52.444,53.639,253456.0,55506864.0,2.15,2.19,2.13,2.19,True,国安股份,False
2023-07-04,54.635,55.033,53.639,53.838,380714.0,83757080.0,2.24,2.26,2.19,2.2,True,国安股份,False
2023-07-05,53.639,56.029,53.44,56.029,468156.0,108144036.0,2.19,2.31,2.18,2.31,True,国安股份,False
2023-07-06,55.63,58.219,55.63,57.024,539047.0,127215092.0,2.29,2.42,2.29,2.36,True,国安股份,False
2023-07-07,57.223,57.223,56.029,56.626,263812.0,61732007.99999999,2.37,2.37,2.31,2.34,True,国安股份,False
2023-07-10,56.825,57.422,55.232,55.431,251226.0,57279527.99999999,2.35,2.38,2.27,2.28,True,国安股份,False
2023-07-11,55.63,56.427,55.033,55.829,174522.0,40140060.0,2.29,2.33,2.26,2.3,True,国安股份,False
2023-07-12,55.63,56.029,54.436,54.834,222056.0,49962600.0,2.29,2.31,2.23,2.25,True,国安股份,False
2023-07-13,55.033,55.63,54.834,55.033,137440.0,31061440.0,2.26,2.29,2.25,2.26,True,国安股份,False
2023-07-14,55.829,57.223,55.829,56.626,289626.0,67772484.0,2.3,2.37,2.3,2.34,True,国安股份,False
2023-07-17,56.228,57.622,55.829,57.223,204186.0,48392082.0,2.32,2.39,2.3,2.37,True,国安股份,False
2023-07-18,57.024,58.02,56.825,56.825,169758.0,39893130.0,2.36,2.41,2.35,2.35,True,国安股份,False
2023-07-19,56.825,56.825,55.63,56.029,175260.0,40485060.0,2.35,2.35,2.29,2.31,True,国安股份,False
2023-07-20,55.829,56.228,55.232,55.431,123039.0,28052892.0,2.3,2.32,2.27,2.28,True,国安股份,False
2023-07-21,55.431,56.427,55.232,55.829,111953.0,25749190.0,2.28,2.33,2.27,2.3,True,国安股份,False
2023-07-24,55.829,56.029,54.834,55.033,131246.0,29661596.0,2.3,2.31,2.25,2.26,True,国安股份,False
2023-07-25,55.63,56.228,55.232,55.829,123896.0,28496080.0,2.29,2.32,2.27,2.3,True,国安股份,False
2023-07-26,55.829,57.223,55.63,56.626,231817.0,54245178.0,2.3,2.37,2.29,2.34,True,国安股份,False
2023-07-27,56.427,57.422,56.427,56.427,161296.0,37581968.0,2.33,2.38,2.33,2.33,True,国安股份,False
2023-07-28,56.427,57.024,56.228,56.825,109615.0,25759525.0,2.33,2.36,2.32,2.35,True,国安股份,False
2023-07-31,56.626,57.024,56.228,57.024,176816.0,41728576.0,2.34,2.36,2.32,2.36,True,国安股份,False
2023-08-01,57.024,58.617,56.626,57.622,231129.0,55239831.0,2.36,2.44,2.34,2.39,True,国安股份,False
2023-08-02,57.422,58.02,57.223,57.223,147854.0,35041398.0,2.38,2.41,2.37,2.37,True,国安股份,False
2023-08-03,57.024,57.223,56.228,56.626,142937.0,33447258.0,2.36,2.37,2.32,2.34,True,国安股份,False
2023-08-04,56.825,57.821,56.626,57.024,183143.0,43221748.0,2.35,2.4,2.34,2.36,True,国安股份,False
2023-08-07,57.024,57.024,56.427,56.626,117329.0,27454986.0,2.36,2.36,2.33,2.34,True,国安股份,False
2023-08-08,56.825,57.422,56.626,57.223,113644.0,26933628.0,2.35,2.38,2.34,2.37,True,国安股份,False
2023-08-09,57.223,58.02,57.024,57.622,145096.0,34677944.0,2.37,2.41,2.36,2.39,True,国安股份,False
2023-08-10,57.622,59.015,57.422,59.015,284314.0,69941244.0,2.39,2.46,2.38,2.46,True,国安股份,False
2023-08-11,58.816,59.613,58.219,58.617,223660.0,54573040.0,2.45,2.49,2.42,2.44,True,国安股份,False
2023-08-14,57.821,58.219,56.626,57.622,198985.0,47557415.0,2.4,2.42,2.34,2.39,True,国安股份,False
2023-08-15,57.821,57.821,56.825,57.024,128999.0,30443764.0,2.4,2.4,2.35,2.36,True,国安股份,False
2023-08-16,56.825,57.223,56.626,56.825,99739.0,23438665.0,2.35,2.37,2.34,2.35,True,国安股份,False
2023-08-17,56.626,56.626,55.431,56.626,163647.0,38293398.0,2.34,2.34,2.28,2.34,True,国安股份,False
2023-08-18,56.427,57.024,56.228,56.427,98267.0,22896211.0,2.33,2.36,2.32,2.33,True,国安股份,False
2023-08-21,56.029,56.626,55.829,55.829,74811.0,17206530.0,2.31,2.34,2.3,2.3,True,国安股份,False
2023-08-22,56.029,56.825,55.431,56.825,128958.0,30305130.0,2.31,2.35,2.28,2.35,True,国安股份,False
2023-08-23,56.427,56.626,55.63,55.63,95112.0,21780648.0,2.33,2.34,2.29,2.29,True,国安股份,False
2023-08-24,55.033,56.029,55.033,55.431,84435.0,19251180.0,2.26,2.31,2.26,2.28,True,国安股份,False
2023-08-25,55.431,55.829,55.033,55.232,80248.0,18216296.0,2.28,2.3,2.26,2.27,True,国安股份,False
2023-08-28,57.024,57.223,55.033,55.232,121545.0,27590715.0,2.36,2.37,2.26,2.27,True,国安股份,False
2023-08-29,55.232,56.228,55.033,56.228,74856.0,17366592.0,2.27,2.32,2.26,2.32,True,国安股份,False
2023-08-30,56.427,56.626,56.029,56.626,85211.0,19939374.0,2.33,2.34,2.31,2.34,True,国安股份,False
2023-08-31,56.626,56.626,55.431,55.431,111306.0,25377768.0,2.34,2.34,2.28,2.28,True,国安股份,False
2023-09-01,55.829,55.829,55.232,55.829,71451.0,16433729.999999998,2.3,2.3,2.27,2.3,True,国安股份,False
2023-09-04,55.829,56.228,55.431,56.029,99965.0,23091915.0,2.3,2.32,2.28,2.31,True,国安股份,False
2023-09-05,56.029,56.029,55.232,55.63,103340.0,23664860.0,2.31,2.31,2.27,2.29,True,国安股份,False
2023-09-06,55.431,55.829,55.232,55.63,65667.0,15037743.0,2.28,2.3,2.27,2.29,True,国安股份,False
2023-09-07,55.63,55.63,55.033,55.232,72914.0,16551478.0,2.29,2.29,2.26,2.27,True,国安股份,False
2023-09-08,55.033,55.232,54.834,55.033,64435.0,14562309.999999998,2.26,2.27,2.25,2.26,True,国安股份,False
2023-09-11,55.033,55.232,54.635,54.635,96593.0,21636832.000000004,2.26,2.27,2.24,2.24,True,国安股份,False
2023-09-12,54.635,55.033,54.635,54.635,43881.0,9829344.000000002,2.24,2.26,2.24,2.24,True,国安股份,False
2023-09-13,54.635,54.834,53.241,54.037,128654.0,28432534.0,2.24,2.25,2.17,2.21,True,国安股份,False
2023-09-14,53.838,54.037,53.44,53.639,70512.0,15442128.0,2.2,2.21,2.18,2.19,True,国安股份,False
2023-09-15,54.037,54.236,53.44,53.639,78480.0,17187120.0,2.21,2.22,2.18,2.19,True,国安股份,False
2023-09-18,53.639,54.236,53.042,53.639,91279.0,19990101.0,2.19,2.22,2.16,2.19,True,国安股份,False
2023-09-19,53.639,53.639,52.643,52.843,120888.0,25990920.0,2.19,2.19,2.14,2.15,True,国安股份,False
2023-09-20,52.843,55.033,52.643,55.033,251587.0,56858661.99999999,2.15,2.26,2.14,2.26,True,国安股份,False
2023-09-21,54.834,54.834,53.241,53.44,210291.0,45843438.0,2.25,2.25,2.17,2.18,True,国安股份,False
2023-09-22,53.241,55.033,53.241,54.236,140859.0,31270698.000000004,2.17,2.26,2.17,2.22,True,国安股份,False
2023-09-25,54.037,54.037,53.042,53.042,134980.0,29155680.000000004,2.21,2.21,2.16,2.16,True,国安股份,False
2023-09-26,53.042,53.639,53.042,53.241,62112.0,13478304.0,2.16,2.19,2.16,2.17,True,国安股份,False
2023-09-27,53.241,53.639,53.042,53.042,83972.0,18137952.0,2.17,2.19,2.16,2.16,True,国安股份,False
2023-09-28,53.042,53.838,53.042,53.639,77718.0,17020242.0,2.16,2.2,2.16,2.19,True,国安股份,False
2023-10-09,53.44,53.44,53.042,53.241,72433.0,15717961.0,2.18,2.18,2.16,2.17,True,国安股份,False
2023-10-10,53.241,53.44,52.643,53.042,96995.0,20950920.0,2.17,2.18,2.14,2.16,True,国安股份,False
2023-10-11,52.843,53.241,52.843,53.042,63037.0,13615992.0,2.15,2.17,2.15,2.16,True,国安股份,False
2023-10-12,53.042,53.241,52.643,53.241,83041.0,18019897.0,2.16,2.17,2.14,2.17,True,国安股份,False
2023-10-13,53.042,54.436,52.843,53.44,157466.0,34327588.0,2.16,2.23,2.15,2.18,True,国安股份,False
2023-10-16,53.44,53.44,53.042,53.042,107616.0,23245056.0,2.18,2.18,2.16,2.16,True,国安股份,False
2023-10-17,53.042,54.236,53.042,53.44,115407.0,25158726.0,2.16,2.22,2.16,2.18,True,国安股份,False
2023-10-18,53.241,53.639,53.042,53.639,93518.0,20480442.0,2.17,2.19,2.16,2.19,True,国安股份,False
2023-10-19,53.44,53.44,52.843,53.042,97855.0,21136680.0,2.18,2.18,2.15,2.16,True,国安股份,False
2023-10-20,53.042,53.44,52.843,53.44,84524.0,18426232.0,2.16,2.18,2.15,2.18,True,国安股份,False
2023-10-23,53.44,53.44,52.444,52.843,97501.0,20962715.0,2.18,2.18,2.13,2.15,True,国安股份,False
2023-10-24,52.643,53.241,52.643,53.042,71947.0,15540552.000000002,2.14,2.17,2.14,2.16,True,国安股份,False
2023-10-25,53.042,54.236,53.042,53.838,144808.0,31857760.000000004,2.16,2.22,2.16,2.2,True,国安股份,False
2023-10-26,53.639,54.037,53.44,53.639,93588.0,20495772.0,2.19,2.21,2.18,2.19,True,国安股份,False
2023-10-27,53.639,54.635,53.639,54.236,157195.0,34897290.0,2.19,2.24,2.19,2.22,True,国安股份,False
2023-10-30,54.037,54.635,53.838,54.436,121309.0,27051907.0,2.21,2.24,2.2,2.23,True,国安股份,False
2023-10-31,54.236,54.436,53.241,53.44,146730.0,31987140.000000004,2.22,2.23,2.17,2.18,True,国安股份,False
2023-11-01,53.639,53.838,53.44,53.639,76812.0,16821828.0,2.19,2.2,2.18,2.19,True,国安股份,False
2023-11-02,54.436,55.829,54.436,55.829,526174.0,121020020.0,2.23,2.3,2.23,2.3,True,国安股份,False
2023-11-03,55.232,55.63,55.033,55.431,294135.0,67062779.99999999,2.27,2.29,2.26,2.28,True,国安股份,False
2023-11-06,55.431,56.626,55.431,55.829,224453.0,51624189.99999999,2.28,2.34,2.28,2.3,True,国安股份,False
2023-11-07,55.829,56.029,55.232,55.829,182379.0,41947170.0,2.3,2.31,2.27,2.3,True,国安股份,False
2023-11-08,55.63,55.829,55.232,55.431,139725.0,31857300.0,2.29,2.3,2.27,2.28,True,国安股份,False
2023-11-09,55.431,55.829,55.232,55.63,102513.0,23475477.0,2.28,2.3,2.27,2.29,True,国安股份,False
2023-11-10,55.431,55.63,54.834,55.232,101585.0,23059795.0,2.28,2.29,2.25,2.27,True,国安股份,False
2023-11-13,55.232,56.626,55.033,56.029,187132.0,43227492.0,2.27,2.34,2.26,2.31,True,国安股份,False
2023-11-14,55.829,56.626,55.829,55.829,112243.0,25815890.0,2.3,2.34,2.3,2.3,True,国安股份,False
2023-11-15,55.829,56.228,55.63,56.029,103597.0,23930907.0,2.3,2.32,2.29,2.31,True,国安股份,False
2023-11-16,56.029,56.228,55.63,55.63,99058.0,22684282.0,2.31,2.32,2.29,2.29,True,国安股份,False
2023-11-17,55.431,56.228,55.431,55.63,123848.0,28361192.0,2.28,2.32,2.28,2.29,True,国安股份,False
2023-11-20,56.626,57.024,55.829,56.029,141650.0,32721150.0,2.34,2.36,2.3,2.31,True,国安股份,False
2023-11-21,56.029,56.626,55.829,56.228,130368.0,30245376.0,2.31,2.34,2.3,2.32,True,国安股份,False
2023-11-22,56.228,57.821,56.029,56.825,276228.0,64913580.0,2.32,2.4,2.31,2.35,True,国安股份,False
2023-11-23,56.626,57.422,56.427,57.422,179543.0,42731234.0,2.34,2.38,2.33,2.38,True,国安股份,False
2023-11-24,57.223,59.414,57.024,58.617,376818.0,91943592.0,2.37,2.48,2.36,2.44,True,国安股份,False
2023-11-27,58.617,58.617,57.422,57.422,242206.0,57645028.0,2.44,2.44,2.38,2.38,True,国安股份,False
2023-11-28,57.024,57.422,56.228,56.626,168848.0,39510432.0,2.36,2.38,2.32,2.34,True,国安股份,False
2023-11-29,56.626,57.223,56.427,56.825,86351.0,20292485.0,2.34,2.37,2.33,2.35,True,国安股份,False
2023-11-30,56.825,56.825,55.829,56.228,125067.0,29015544.0,2.35,2.35,2.3,2.32,True,国安股份,False
2023-12-01,55.829,56.228,55.232,56.029,155234.0,35859054.0,2.3,2.32,2.27,2.31,True,国安股份,False
2023-12-04,56.029,56.029,55.63,55.63,87651.0,20072079.0,2.31,2.31,2.29,2.29,True,国安股份,False
2023-12-05,55.63,56.228,55.232,55.63,122870.0,28137230.0,2.29,2.32,2.27,2.29,True,国安股份,False
2023-12-06,55.63,56.029,55.431,55.829,97571.0,22441330.0,2.29,2.31,2.28,2.3,True,国安股份,False
2023-12-07,55.63,56.228,55.63,55.829,115700.0,26611000.0,2.29,2.32,2.29,2.3,True,国安股份,False
2023-12-08,56.029,56.626,55.829,56.427,140109.0,32645397.0,2.31,2.34,2.3,2.33,True,国安股份,False
2023-12-11,56.427,56.825,56.029,56.825,123650.0,29057750.0,2.33,2.35,2.31,2.35,True,国安股份,False
2023-12-12,56.626,57.422,56.427,56.626,136575.0,31958550.0,2.34,2.38,2.33,2.34,True,国安股份,False
2023-12-13,56.427,56.626,55.829,55.829,79762.0,18345260.0,2.33,2.34,2.3,2.3,True,国安股份,False
2023-12-14,56.029,56.228,55.829,55.829,87784.0,20190320.0,2.31,2.32,2.3,2.3,True,国安股份,False
2023-12-15,55.829,56.228,55.829,56.029,50675.0,11705925.0,2.3,2.32,2.3,2.31,True,国安股份,False
2023-12-18,55.829,56.029,55.232,55.232,83759.0,19013293.0,2.3,2.31,2.27,2.27,True,国安股份,False
2023-12-19,55.232,55.63,55.033,55.431,70830.0,16149239.999999998,2.27,2.29,2.26,2.28,True,国安股份,False
2023-12-20,55.431,55.63,55.033,55.232,59759.0,13565293.0,2.28,2.29,2.26,2.27,True,国安股份,False
2023-12-21,55.033,55.232,54.236,54.834,90472.0,20356200.0,2.26,2.27,2.22,2.25,True,国安股份,False
2023-12-22,54.834,55.431,54.635,55.033,86199.0,19480974.0,2.25,2.28,2.24,2.26,True,国安股份,False
2023-12-25,54.834,55.033,54.436,54.834,58312.0,13120200.0,2.25,2.26,2.23,2.25,True,国安股份,False
2023-12-26,54.635,55.033,54.436,54.436,52315.0,11666245.0,2.24,2.26,2.23,2.23,True,国安股份,False
2023-12-27,54.436,54.834,54.236,54.834,45962.0,10341450.0,2.23,2.25,2.22,2.25,True,国安股份,False
2023-12-28,54.834,55.431,54.436,55.431,95772.0,21836016.0,2.25,2.28,2.23,2.28,True,国安股份,False
2023-12-29,55.232,55.829,55.232,55.63,88609.0,20291461.0,2.27,2.3,2.27,2.29,True,国安股份,False
2024-01-02,55.63,55.63,55.232,55.232,63213.0,14349351.0,2.29,2.29,2.27,2.27,True,国安股份,False
2024-01-03,55.232,55.232,54.436,54.635,79795.0,17874080.0,2.27,2.27,2.23,2.24,True,国安股份,False
2024-01-04,54.635,56.825,54.436,55.63,201988.0,46255252.0,2.24,2.35,2.23,2.29,True,国安股份,False
2024-01-05,55.63,56.427,55.033,55.431,134575.0,30683100.0,2.29,2.33,2.26,2.28,True,国安股份,False
2024-01-08,55.232,55.232,54.436,54.436,99381.0,22161963.0,2.27,2.27,2.23,2.23,True,国安股份,False
2024-01-09,54.436,55.033,54.236,54.436,83816.0,18690968.0,2.23,2.26,2.22,2.23,True,国安股份,False
2024-01-10,54.635,54.635,53.838,54.236,79121.0,17564862.0,2.24,2.24,2.2,2.22,True,国安股份,False
2024-01-11,54.037,54.635,54.037,54.436,74655.0,16648065.0,2.21,2.24,2.21,2.23,True,国安股份,False
2024-01-12,54.236,54.635,54.037,54.236,65160.0,14465520.000000002,2.22,2.24,2.21,2.22,True,国安股份,False
2024-01-15,54.037,54.436,53.838,54.037,58533.0,12935793.0,2.21,2.23,2.2,2.21,True,国安股份,False
2024-01-16,54.037,54.236,53.838,54.037,58996.0,13038116.0,2.21,2.22,2.2,2.21,True,国安股份,False
2024-01-17,54.037,54.236,53.241,53.241,72899.0,15819083.0,2.21,2.22,2.17,2.17,True,国安股份,False
2024-01-18,53.241,53.838,52.843,53.639,133317.0,29196423.0,2.17,2.2,2.15,2.19,True,国安股份,False
2024-01-19,53.44,53.639,53.042,53.241,76124.0,16518908.0,2.18,2.19,2.16,2.17,True,国安股份,False
2024-01-22,53.042,53.44,52.046,52.245,119645.0,25364740.0,2.16,2.18,2.11,2.12,True,国安股份,False
2024-01-23,52.046,52.444,51.648,52.245,99433.0,21079796.0,2.11,2.13,2.09,2.12,True,国安股份,False
2024-01-24,52.046,53.241,51.847,53.241,118214.0,25652438.0,2.11,2.17,2.1,2.17,True,国安股份,False
2024-01-25,53.241,54.037,52.843,53.838,127062.0,27953640.000000004,2.17,2.21,2.15,2.2,True,国安股份,False
2024-01-26,53.838,56.029,53.838,55.033,237242.0,53616691.99999999,2.2,2.31,2.2,2.26,True,国安股份,False
2024-01-29,55.033,55.232,53.838,54.037,122629.0,27101009.0,2.26,2.27,2.2,2.21,True,国安股份,False
2024-01-30,53.838,54.436,53.241,53.44,99565.0,21705170.0,2.2,2.23,2.17,2.18,True,国安股份,False
2024-01-31,52.643,52.843,51.25,51.25,245626.0,50844581.99999999,2.14,2.15,2.07,2.07,True,国安股份,False
2024-02-01,50.851,51.05,49.258,49.657,250462.0,49841938.0,2.05,2.06,1.97,1.99,True,国安股份,False
2024-02-02,49.457,50.254,47.665,48.064,208464.0,39816624.0,1.98,2.02,1.89,1.91,True,国安股份,False
2024-02-05,47.864,48.064,46.072,46.072,262572.0,47525532.0,1.9,1.91,1.81,1.81,True,国安股份,False
2024-02-06,45.077,47.068,44.28,46.271,304706.0,55456492.0,1.76,1.86,1.72,1.82,True,国安股份,False
2024-02-07,46.271,47.068,45.674,46.271,166852.0,30367064.0,1.82,1.86,1.79,1.82,True,国安股份,False
2024-02-08,46.271,48.064,46.271,48.064,178897.0,34169327.0,1.82,1.91,1.82,1.91,True,国安股份,False
2024-02-19,48.263,49.856,48.263,49.258,182742.0,36000174.0,1.92,2.0,1.92,1.97,True,国安股份,False
2024-02-20,49.856,50.453,49.457,49.856,139680.0,27936000.0,2.0,2.03,1.98,2.0,True,国安股份,False
2024-02-21,49.657,50.453,49.059,49.856,178284.0,35656800.0,1.99,2.03,1.96,2.0,True,国安股份,False
2024-02-22,49.457,50.254,49.457,50.254,116471.0,23527142.0,1.98,2.02,1.98,2.02,True,国安股份,False
2024-02-23,50.254,50.453,49.856,50.254,113423.0,22911446.0,2.02,2.03,2.0,2.02,True,国安股份,False
2024-02-26,50.055,51.25,50.055,50.851,155220.0,31820100.0,2.01,2.07,2.01,2.05,True,国安股份,False
2024-02-27,50.652,51.25,50.453,51.05,130322.0,26846332.0,2.04,2.07,2.03,2.06,True,国安股份,False
2024-02-28,50.851,52.046,49.657,49.856,202764.0,40552800.0,2.05,2.11,1.99,2.0,True,国安股份,False
2024-02-29,49.059,50.652,49.059,50.254,122547.0,24754494.0,1.96,2.04,1.96,2.02,True,国安股份,False
2024-03-01,50.453,50.851,50.055,50.453,110532.0,22437996.0,2.03,2.05,2.01,2.03,True,国安股份,False
2024-03-04,50.453,50.453,49.457,49.657,114681.0,22821519.0,2.03,2.03,1.98,1.99,True,国安股份,False
2024-03-05,49.657,49.856,49.457,49.657,95188.0,18942412.0,1.99,2.0,1.98,1.99,True,国安股份,False
2024-03-06,49.457,50.254,49.258,50.055,103268.0,20756868.0,1.98,2.02,1.97,2.01,True,国安股份,False
2024-03-07,50.254,51.449,50.055,50.254,168705.0,34078410.0,2.02,2.08,2.01,2.02,True,国安股份,False
2024-03-08,50.055,50.254,49.657,50.055,99875.0,20074875.0,2.01,2.02,1.99,2.01,True,国安股份,False
2024-03-11,49.856,50.851,49.657,50.453,115298.0,23405494.0,2.0,2.05,1.99,2.03,True,国安股份,False
2024-03-12,50.254,50.652,50.055,50.453,101978.0,20701534.0,2.02,2.04,2.01,2.03,True,国安股份,False
2024-03-13,51.05,52.245,50.851,51.05,202303.0,41674418.0,2.06,2.12,2.05,2.06,True,国安股份,False
2024-03-14,51.05,51.847,50.851,51.25,147203.0,30471021.0,2.06,2.1,2.05,2.07,True,国安股份,False
2024-03-15,51.25,51.449,50.851,51.449,94355.0,19625840.0,2.07,2.08,2.05,2.08,True,国安股份,False
2024-03-18,51.648,51.847,51.25,51.449,109807.0,22839856.0,2.09,2.1,2.07,2.08,True,国安股份,False
2024-03-19,51.648,51.648,50.851,51.05,118394.0,24389164.0,2.09,2.09,2.05,2.06,True,国安股份,False
2024-03-20,50.851,51.25,50.851,51.05,93419.0,19244314.0,2.05,2.07,2.05,2.06,True,国安股份,False
2024-03-21,50.851,51.25,50.652,51.05,101559.0,20921154.0,2.05,2.07,2.04,2.06,True,国安股份,False
2024-03-22,50.851,51.05,49.657,50.254,179291.0,36216782.0,2.05,2.06,1.99,2.02,True,国安股份,False
2024-03-25,50.055,50.055,49.457,49.856,110927.0,22185400.0,2.01,2.01,1.98,2.0,True,国安股份,False
2024-03-26,49.657,50.055,49.457,49.856,85273.0,17054600.0,1.99,2.01,1.98,2.0,True,国安股份,False
2024-03-27,49.657,49.856,48.462,48.661,130093.0,25238042.0,1.99,2.0,1.93,1.94,True,国安股份,False
2024-03-28,48.86,49.059,48.661,49.059,92146.0,18060616.0,1.95,1.96,1.94,1.96,True,国安股份,False
2024-03-29,48.86,49.059,48.462,48.86,75419.0,14706705.0,1.95,1.96,1.93,1.95,True,国安股份,False
2024-04-01,49.059,50.453,48.86,50.254,163043.0,32934686.0,1.96,2.03,1.95,2.02,True,国安股份,False
2024-04-02,50.254,50.453,49.657,50.055,83357.0,16754756.999999998,2.02,2.03,1.99,2.01,True,国安股份,False
2024-04-03,50.055,50.055,49.457,49.856,64386.0,12877200.0,2.01,2.01,1.98,2.0,True,国安股份,False
2024-04-08,49.856,51.449,49.657,50.851,192539.0,39470495.0,2.0,2.08,1.99,2.05,True,国安股份,False
2024-04-09,50.851,51.25,50.254,50.851,118040.0,24198200.0,2.05,2.07,2.02,2.05,True,国安股份,False
2024-04-10,51.05,51.05,50.055,50.254,80130.0,16186260.0,2.06,2.06,2.01,2.02,True,国安股份,False
2024-04-11,50.055,50.254,49.657,49.657,101109.0,20120691.0,2.01,2.02,1.99,1.99,True,国安股份,False
2024-04-12,49.657,49.856,49.457,49.657,63029.0,12542771.0,1.99,2.0,1.98,1.99,True,国安股份,False
2024-04-15,48.661,49.657,47.665,47.665,304512.0,57552768.0,1.94,1.99,1.89,1.89,True,国安股份,False
2024-04-16,46.67,46.869,45.873,45.873,248336.0,44700480.0,1.84,1.85,1.8,1.8,True,国安股份,False
2024-04-17,45.276,46.67,45.077,46.471,178891.0,32737053.0,1.77,1.84,1.76,1.83,True,国安股份,False
2024-04-18,46.471,46.471,45.873,45.873,113088.0,20355840.0,1.83,1.83,1.8,1.8,True,国安股份,False
2024-04-19,45.873,47.665,45.674,46.67,149679.0,27540936.0,1.8,1.89,1.79,1.84,True,国安股份,False
2024-04-22,46.471,47.466,46.072,47.068,129201.0,24031386.0,1.83,1.88,1.81,1.86,True,国安股份,False
2024-04-23,46.869,47.466,46.271,46.471,106976.0,19576608.0,1.85,1.88,1.82,1.83,True,国安股份,False
2024-04-24,46.67,46.869,46.072,46.271,95655.0,17409210.0,1.84,1.85,1.81,1.82,True,国安股份,False
2024-04-25,48.064,48.064,48.064,48.064,52097.0,9950527.0,1.91,1.91,1.91,1.91,True,国安股份,False
2024-04-26,50.055,50.055,49.856,50.055,258655.0,51989654.99999999,2.01,2.01,2.0,2.01,True,国安股份,False
2024-04-29,51.648,52.046,50.453,51.449,439308.0,91376064.0,2.09,2.11,2.03,2.08,True,国安股份,False
2024-04-30,51.449,53.44,51.05,53.44,354099.0,77193582.0,2.08,2.18,2.06,2.18,True,国安股份,False
2024-05-06,53.241,54.834,52.245,53.838,378437.0,83256140.0,2.17,2.25,2.12,2.2,True,国安股份,False
2024-05-07,53.838,54.635,52.843,53.838,214945.0,47287900.00000001,2.2,2.24,2.15,2.2,True,国安股份,False
2024-05-08,54.436,54.635,53.241,53.44,150871.0,32889878.000000004,2.23,2.24,2.17,2.18,True,国安股份,False
2024-05-09,53.241,54.037,53.241,53.639,163125.0,35724375.0,2.17,2.21,2.17,2.19,True,国安股份,False
2024-05-10,54.037,54.236,53.44,54.037,144478.0,31929638.0,2.21,2.22,2.18,2.21,True,国安股份,False
2024-05-13,54.236,56.228,53.639,56.228,344539.0,79933048.0,2.22,2.32,2.19,2.32,True,国安股份,False
2024-05-14,56.228,58.219,55.829,56.029,409805.0,94664955.0,2.32,2.42,2.3,2.31,True,国安股份,False
2024-05-15,56.228,58.219,56.228,57.622,335881.0,80275559.0,2.32,2.42,2.32,2.39,True,国安股份,False
2024-05-16,57.821,59.015,57.622,58.617,268157.0,65430308.0,2.4,2.46,2.39,2.44,True,国安股份,False
2024-05-17,59.414,61.007,59.015,61.007,531254.0,136001024.0,2.48,2.56,2.46,2.56,True,国安股份,False
2024-05-20,60.608,61.007,58.418,58.617,522969.0,127604436.0,2.54,2.56,2.43,2.44,True,国安股份,False
2024-05-21,59.215,60.808,59.215,60.21,314454.0,79242408.0,2.47,2.55,2.47,2.52,True,国安股份,False
2024-05-22,59.613,60.011,58.617,60.011,259704.0,65185703.99999999,2.49,2.51,2.44,2.51,True,国安股份,False
2024-05-23,59.613,60.808,59.015,59.812,209618.0,52404500.0,2.49,2.55,2.46,2.5,True,国安股份,False
2024-05-24,59.812,62.002,59.613,61.007,375934.0,96239104.0,2.5,2.61,2.49,2.56,True,国安股份,False
2024-05-27,60.409,61.007,59.414,60.21,218023.0,54941796.0,2.53,2.56,2.48,2.52,True,国安股份,False
2024-05-28,59.613,61.007,57.821,58.02,386359.0,93112519.0,2.49,2.56,2.4,2.41,True,国安股份,False
2024-05-29,58.02,58.816,57.821,58.418,260689.0,63347427.00000001,2.41,2.45,2.4,2.43,True,国安股份,False
2024-05-30,59.215,60.808,58.816,60.808,422474.0,107730870.0,2.47,2.55,2.45,2.55,True,国安股份,False
2024-05-31,60.808,61.405,59.812,61.405,284170.0,73315860.0,2.55,2.58,2.5,2.58,True,国安股份,False
2024-06-03,60.608,61.007,58.816,58.816,424582.0,104022590.0,2.54,2.56,2.45,2.45,True,国安股份,False
2024-06-04,58.02,59.414,56.626,59.215,305504.0,75459488.0,2.41,2.48,2.34,2.47,True,国安股份,False
2024-06-05,59.015,59.812,58.418,59.215,157944.0,39012168.0,2.46,2.5,2.43,2.47,True,国安股份,False
2024-06-06,58.816,59.015,56.825,57.024,316008.0,74577888.0,2.45,2.46,2.35,2.36,True,国安股份,False
2024-06-11,61.206,61.206,57.622,58.617,1045096.0,255003424.0,2.57,2.57,2.39,2.44,True,国安股份,False
2024-06-12,57.422,59.215,57.024,58.02,338525.0,81584525.0,2.38,2.47,2.36,2.41,True,国安股份,False
2024-06-13,58.219,62.799,56.427,62.799,761549.0,201810485.0,2.42,2.65,2.33,2.65,True,国安股份,False
2024-06-14,64.392,67.777,63.197,65.188,1190386.0,329736922.0,2.73,2.9,2.67,2.77,True,国安股份,False
2024-06-17,64.989,70.764,63.794,69.569,2038770.0,609592230.0,2.76,3.05,2.7,2.99,True,国安股份,False
2024-06-18,66.781,67.18,65.587,65.587,1446770.0,403648830.0,2.85,2.87,2.79,2.79,True,国安股份,False
2024-06-19,65.786,68.175,64.193,66.582,903055.0,256467620.0,2.8,2.92,2.72,2.84,True,国安股份,False
2024-06-20,66.582,66.582,64.193,64.591,601396.0,164782504.0,2.84,2.84,2.72,2.74,True,国安股份,False
2024-06-21,63.994,65.786,63.595,64.79,352859.0,97036225.0,2.71,2.8,2.69,2.75,True,国安股份,False
2024-06-24,64.392,65.587,63.396,64.79,476562.0,131054550.0,2.73,2.79,2.68,2.75,True,国安股份,False
2024-06-25,64.193,67.578,63.994,66.184,596623.0,168247686.0,2.72,2.89,2.71,2.82,True,国安股份,False
2024-06-26,65.786,67.18,64.989,66.184,373408.0,105301056.0,2.8,2.87,2.76,2.82,True,国安股份,False
2024-06-27,65.587,67.18,65.387,65.587,321228.0,89622612.0,2.79,2.87,2.78,2.79,True,国安股份,False
2024-06-28,65.387,66.383,64.392,65.587,367713.0,102591927.0,2.78,2.83,2.73,2.79,True,国安股份,False
2024-07-01,65.786,65.985,64.193,64.591,281203.0,77049622.0,2.8,2.81,2.72,2.74,True,国安股份,False
2024-07-02,64.193,65.786,63.396,64.392,365143.0,99684039.0,2.72,2.8,2.68,2.73,True,国安股份,False
2024-07-03,64.392,64.79,62.799,62.998,300240.0,79863840.0,2.73,2.75,2.65,2.66,True,国安股份,False
2024-07-04,63.197,63.794,60.808,61.007,456011.0,116738816.0,2.67,2.7,2.55,2.56,True,国安股份,False
2024-07-05,60.808,62.002,60.409,61.405,275349.0,71040042.0,2.55,2.61,2.53,2.58,True,国安股份,False
2024-07-08,61.007,61.604,59.015,59.414,378550.0,93880400.0,2.56,2.59,2.46,2.48,True,国安股份,False
2024-07-09,59.414,59.414,58.02,59.015,417850.0,102791100.0,2.48,2.48,2.41,2.46,True,国安股份,False
2024-07-10,59.215,60.808,58.816,59.414,411221.0,101982808.0,2.47,2.55,2.45,2.48,True,国安股份,False
2024-07-11,60.409,60.409,59.414,59.812,248910.0,62227500.0,2.53,2.53,2.48,2.5,True,国安股份,False
2024-07-12,60.808,62.002,60.011,60.409,364926.0,92326278.0,2.55,2.61,2.51,2.53,True,国安股份,False
2024-07-15,59.812,61.405,59.613,60.409,211533.0,53517848.99999999,2.5,2.58,2.49,2.53,True,国安股份,False
2024-07-16,60.011,60.608,59.414,60.011,188765.0,47380014.99999999,2.51,2.54,2.48,2.51,True,国安股份,False
2024-07-17,60.608,60.808,59.015,59.215,152252.0,37606244.0,2.54,2.55,2.46,2.47,True,国安股份,False
2024-07-18,59.215,59.215,58.02,58.816,184479.0,45197355.0,2.47,2.47,2.41,2.45,True,国安股份,False
2024-07-19,58.816,59.613,58.418,59.015,163773.0,40288158.0,2.45,2.49,2.43,2.46,True,国安股份,False
2024-07-22,59.015,59.015,58.02,58.418,163221.0,39662703.0,2.46,2.46,2.41,2.43,True,国安股份,False
2024-07-23,58.418,59.812,57.821,57.821,221334.0,53120160.0,2.43,2.5,2.4,2.4,True,国安股份,False
2024-07-24,57.622,58.418,57.024,57.024,212810.0,50223160.0,2.39,2.43,2.36,2.36,True,国安股份,False
2024-07-25,56.825,57.622,56.427,57.622,225917.0,53994163.0,2.35,2.39,2.33,2.39,True,国安股份,False
2024-07-26,57.622,58.418,57.422,58.219,156281.0,37820002.0,2.39,2.43,2.38,2.42,True,国安股份,False
2024-07-29,58.219,58.816,56.626,58.02,319071.0,76896111.0,2.42,2.45,2.34,2.41,True,国安股份,False
2024-07-30,57.622,59.215,57.223,58.617,224328.0,54736032.0,2.39,2.47,2.37,2.44,True,国安股份,False
2024-07-31,58.617,60.21,58.219,60.011,258197.0,64807446.99999999,2.44,2.52,2.42,2.51,True,国安股份,False
2024-08-01,60.011,60.808,59.414,59.812,219063.0,54765750.0,2.51,2.55,2.48,2.5,True,国安股份,False
2024-08-02,59.414,60.011,58.617,59.015,164753.0,40529238.0,2.48,2.51,2.44,2.46,True,国安股份,False
2024-08-05,58.816,59.414,57.821,57.821,212735.0,51056400.0,2.45,2.48,2.4,2.4,True,国安股份,False
2024-08-06,57.821,58.418,57.024,58.02,197697.0,47644977.0,2.4,2.43,2.36,2.41,True,国安股份,False
2024-08-07,57.821,58.219,57.223,57.422,143826.0,34230588.0,2.4,2.42,2.37,2.38,True,国安股份,False
2024-08-08,57.622,58.418,56.825,57.622,185218.0,44267102.0,2.39,2.43,2.35,2.39,True,国安股份,False
2024-08-09,57.622,57.821,57.024,57.024,134954.0,31849144.0,2.39,2.4,2.36,2.36,True,国安股份,False
2024-08-12,56.825,57.024,56.228,56.427,151339.0,35261987.0,2.35,2.36,2.32,2.33,True,国安股份,False
2024-08-13,56.228,57.422,56.228,57.024,146475.0,34568100.0,2.32,2.38,2.32,2.36,True,国安股份,False
2024-08-14,56.626,56.825,55.033,55.033,274941.0,62136665.99999999,2.34,2.35,2.26,2.26,True,国安股份,False
2024-08-15,55.033,56.825,55.033,56.626,268402.0,62806067.99999999,2.26,2.35,2.26,2.34,True,国安股份,False
2024-08-16,56.626,57.024,55.63,55.829,144213.0,33168990.0,2.34,2.36,2.29,2.3,True,国安股份,False
2024-08-19,55.829,56.029,55.232,55.431,106392.0,24257376.0,2.3,2.31,2.27,2.28,True,国安股份,False
2024-08-20,55.431,55.63,54.635,54.834,139335.0,31350375.0,2.28,2.29,2.24,2.25,True,国安股份,False
2024-08-21,54.635,54.834,53.639,54.037,203547.0,44983887.0,2.24,2.25,2.19,2.21,True,国安股份,False
2024-08-22,53.838,54.236,53.042,53.241,207852.0,45103884.0,2.2,2.22,2.16,2.17,True,国安股份,False
2024-08-23,53.241,53.639,52.843,53.639,167303.0,36639357.0,2.17,2.19,2.15,2.19,True,国安股份,False
2024-08-26,53.44,54.436,53.042,53.639,183610.0,40210590.0,2.18,2.23,2.16,2.19,True,国安股份,False
2024-08-27,53.639,54.037,53.042,53.639,140724.0,30818556.0,2.19,2.21,2.16,2.19,True,国安股份,False
2024-08-28,53.639,54.635,53.241,54.037,209954.0,46399834.0,2.19,2.24,2.17,2.21,True,国安股份,False
2024-08-29,53.838,54.635,53.241,54.436,184262.0,41090426.0,2.2,2.24,2.17,2.23,True,国安股份,False
2024-08-30,54.436,55.829,54.236,55.232,215085.0,48824295.0,2.23,2.3,2.22,2.27,True,国安股份,False
2024-09-02,55.033,55.232,53.44,53.639,208466.0,45654054.0,2.26,2.27,2.18,2.19,True,国安股份,False
2024-09-03,53.639,58.02,53.241,56.427,547657.0,127604081.0,2.19,2.41,2.17,2.33,True,国安股份,False
2024-09-04,56.029,56.228,54.236,54.635,388322.0,86984128.00000001,2.31,2.32,2.22,2.24,True,国安股份,False
2024-09-05,54.236,55.232,54.037,54.834,221089.0,49745025.0,2.22,2.27,2.21,2.25,True,国安股份,False
2024-09-06,54.635,55.63,54.436,54.436,178815.0,39875745.0,2.24,2.29,2.23,2.23,True,国安股份,False
2024-09-09,54.236,54.834,54.037,54.436,138622.0,30912706.0,2.22,2.25,2.21,2.23,True,国安股份,False
2024-09-10,54.436,55.033,54.037,55.033,140796.0,31819896.0,2.23,2.26,2.21,2.26,True,国安股份,False
2024-09-11,55.033,55.033,54.236,54.436,117020.0,26095460.0,2.26,2.26,2.22,2.23,True,国安股份,False
2024-09-12,54.436,55.431,54.436,54.635,121612.0,27241088.000000004,2.23,2.28,2.23,2.24,True,国安股份,False
2024-09-13,54.834,56.825,54.436,55.63,340276.0,77923204.0,2.25,2.35,2.23,2.29,True,国安股份,False
2024-09-18,55.431,55.829,54.037,54.436,234766.0,52352818.0,2.28,2.3,2.21,2.23,True,国安股份,False
2024-09-19,54.635,56.228,54.436,56.029,305844.0,70649964.0,2.24,2.32,2.23,2.31,True,国安股份,False
2024-09-20,55.829,57.622,55.829,57.024,469635.0,110833860.0,2.3,2.39,2.3,2.36,True,国安股份,False
2024-09-23,57.024,57.223,56.029,56.427,226962.0,52882146.0,2.36,2.37,2.31,2.33,True,国安股份,False
2024-09-24,56.626,61.007,56.228,60.608,1727847.0,438873138.0,2.34,2.56,2.32,2.54,True,国安股份,False
2024-09-25,59.414,61.206,58.816,59.414,1487523.0,368905704.0,2.48,2.57,2.45,2.48,True,国安股份,False
2024-09-26,59.414,60.21,58.418,60.011,662923.0,166393673.0,2.48,2.52,2.43,2.51,True,国安股份,False
2024-09-27,60.409,62.6,60.409,61.803,902570.0,234668200.0,2.53,2.64,2.53,2.6,True,国安股份,False
2024-09-30,63.595,66.582,62.401,65.587,1419040.0,395912160.0,2.69,2.84,2.63,2.79,True,国安股份,False
2024-10-08,71.162,71.162,66.184,69.37,1821562.0,542825476.0,3.07,3.07,2.82,2.98,True,国安股份,False
2024-10-09,67.777,68.175,63.396,63.396,1326815.0,355586420.0,2.9,2.92,2.68,2.68,True,国安股份,False
2024-10-10,63.396,65.387,61.007,63.794,1030729.0,278296830.0,2.68,2.78,2.56,2.7,True,国安股份,False
2024-10-11,63.197,63.794,60.409,61.405,693203.0,178846374.0,2.67,2.7,2.53,2.58,True,国安股份,False
2024-10-14,61.803,62.201,61.007,61.604,505570.0,130942630.0,2.6,2.62,2.56,2.59,True,国安股份,False
2024-10-15,61.803,62.6,60.808,60.808,516523.0,131713365.0,2.6,2.64,2.55,2.55,True,国安股份,False
2024-10-16,60.21,61.007,59.613,60.21,518738.0,130721976.0,2.52,2.56,2.49,2.52,True,国安股份,False
2024-10-17,60.409,61.206,60.21,60.409,442197.0,111875841.0,2.53,2.57,2.52,2.53,True,国安股份,False
2024-10-18,60.409,61.803,59.613,61.206,642524.0,165128668.0,2.53,2.6,2.49,2.57,True,国安股份,False
2024-10-21,61.803,63.994,61.206,62.6,917203.0,242141592.0,2.6,2.71,2.57,2.64,True,国安股份,False
2024-10-22,62.6,63.595,62.002,62.998,488701.0,129994466.0,2.64,2.69,2.61,2.66,True,国安股份,False
2024-10-23,62.6,64.79,62.401,63.595,660590.0,177698710.0,2.64,2.75,2.63,2.69,True,国安股份,False
2024-10-24,62.998,68.972,62.799,68.972,1440623.0,426424408.0,2.66,2.96,2.65,2.96,True,国安股份,False
2024-10-25,70.764,74.746,69.37,72.755,3665017.0,1154480355.0,3.05,3.25,2.98,3.15,True,国安股份,False
2024-10-28,72.755,79.127,72.755,79.127,2730162.0,947366214.0,3.15,3.47,3.15,3.47,True,国安股份,False
2024-10-29,82.512,85.499,76.937,78.331,3962568.0,1359160824.0,3.64,3.79,3.36,3.43,True,国安股份,False
2024-10-30,76.738,80.521,76.14,77.534,2511170.0,851286630.0,3.35,3.54,3.32,3.39,True,国安股份,False
2024-10-31,77.335,84.304,75.941,84.304,3068444.0,1144529612.0,3.38,3.73,3.31,3.73,True,国安股份,False
2024-11-01,85.499,85.499,76.937,78.53,3188075.0,1096697800.0,3.79,3.79,3.36,3.44,True,国安股份,False
2024-11-04,76.738,80.72,76.339,77.534,1406405.0,476771295.0,3.35,3.55,3.33,3.39,True,国安股份,False
2024-11-05,77.733,81.716,77.733,80.322,1785454.0,630265262.0,3.4,3.6,3.4,3.53,True,国安股份,False
2024-11-06,80.322,82.313,78.331,79.127,1552239.0,538626933.0,3.53,3.63,3.43,3.47,True,国安股份,False
2024-11-07,78.331,82.711,77.534,81.517,1731301.0,621537059.0,3.43,3.65,3.39,3.59,True,国安股份,False
2024-11-08,82.114,88.685,81.317,88.685,3477731.0,1373703745.0,3.62,3.95,3.58,3.95,True,国安股份,False
2024-11-11,87.689,94.659,86.694,92.07,3631029.0,1495983948.0,3.9,4.25,3.85,4.12,True,国安股份,False
2024-11-12,90.875,91.075,86.096,87.092,2086976.0,807659712.0,4.06,4.07,3.82,3.87,True,国安股份,False
2024-11-13,86.096,88.287,85.101,86.296,1190448.0,455941584.0,3.82,3.93,3.77,3.83,True,国安股份,False
2024-11-14,86.495,88.287,83.508,83.707,1358706.0,502721220.0,3.84,3.93,3.69,3.7,True,国安股份,False
2024-11-15,81.517,83.707,78.928,79.127,1565858.0,543352726.0,3.59,3.7,3.46,3.47,True,国安股份,False
2024-11-18,79.326,81.517,76.339,77.335,1112998.0,376193324.0,3.48,3.59,3.33,3.38,True,国安股份,False
2024-11-19,77.932,78.53,73.751,77.136,1456052.0,490689524.0,3.41,3.44,3.2,3.37,True,国安股份,False
2024-11-20,77.335,79.127,76.738,78.928,949415.0,328497590.0,3.38,3.47,3.35,3.46,True,国安股份,False
2024-11-21,78.53,79.724,77.335,78.131,806857.0,275945094.0,3.44,3.5,3.38,3.42,True,国安股份,False
2024-11-22,78.331,80.72,75.941,76.14,1104529.0,366703628.0,3.43,3.55,3.31,3.32,True,国安股份,False
2024-11-25,75.941,76.738,74.348,75.742,731420.0,241368600.0,3.31,3.35,3.23,3.3,True,国安股份,False
2024-11-26,76.738,78.53,75.344,75.543,687336.0,226133544.0,3.35,3.44,3.28,3.29,True,国安股份,False
2024-11-27,75.742,78.729,74.746,78.131,997995.0,341314290.0,3.3,3.45,3.25,3.42,True,国安股份,False
2024-11-28,78.131,82.313,77.733,79.924,1206478.0,423473778.0,3.42,3.63,3.4,3.51,True,国安股份,False
2024-11-29,79.127,80.322,77.335,79.924,1014420.0,356061420.0,3.47,3.53,3.38,3.51,True,国安股份,False
2024-12-02,79.724,84.703,79.326,83.309,1412501.0,519800368.0,3.5,3.75,3.48,3.68,True,国安股份,False
2024-12-03,83.309,84.105,81.716,82.512,766863.0,279138132.0,3.68,3.72,3.6,3.64,True,国安股份,False
2024-12-04,82.711,82.711,79.724,80.322,855231.0,301896543.0,3.65,3.65,3.5,3.53,True,国安股份,False
2024-12-05,79.924,82.711,79.326,82.313,898276.0,326074188.0,3.51,3.65,3.48,3.63,True,国安股份,False
2024-12-06,82.711,84.703,81.317,83.508,1098842.0,405472698.0,3.65,3.75,3.58,3.69,True,国安股份,False
2024-12-09,83.707,84.503,80.72,81.716,926478.0,333532080.0,3.7,3.74,3.55,3.6,True,国安股份,False
2024-12-10,84.105,84.304,81.517,81.517,868784.0,311893456.0,3.72,3.73,3.59,3.59,True,国安股份,False
2024-12-11,82.313,85.698,81.915,83.707,1595319.0,590268030.0,3.63,3.8,3.61,3.7,True,国安股份,False
2024-12-12,83.508,84.304,81.716,84.105,1096069.0,407737668.0,3.69,3.73,3.6,3.72,True,国安股份,False
2024-12-13,83.309,84.703,81.118,81.118,925622.0,330447054.0,3.68,3.75,3.57,3.57,True,国安股份,False
2024-12-16,81.317,81.915,80.123,80.322,650303.0,229556959.0,3.58,3.61,3.52,3.53,True,国安股份,False
2024-12-17,80.322,80.521,77.136,77.534,737464.0,250000296.0,3.53,3.54,3.37,3.39,True,国安股份,False
2024-12-18,77.733,79.525,77.335,78.53,592204.0,203718176.0,3.4,3.49,3.38,3.44,True,国安股份,False
2024-12-19,78.131,79.924,77.335,78.729,590152.0,203602440.0,3.42,3.51,3.38,3.45,True,国安股份,False
2024-12-20,78.53,79.127,78.131,78.928,409658.0,141741668.0,3.44,3.47,3.42,3.46,True,国安股份,False
2024-12-23,78.131,78.729,74.149,74.547,861976.0,279280224.0,3.42,3.45,3.22,3.24,True,国安股份,False
2024-12-24,74.547,75.344,73.352,74.746,515513.0,167541725.0,3.24,3.28,3.18,3.25,True,国安股份,False
2024-12-25,74.547,74.746,71.759,72.556,606398.0,190408972.0,3.24,3.25,3.1,3.14,True,国安股份,False
2024-12-26,72.755,73.751,72.556,73.352,375369.0,119367342.0,3.15,3.2,3.14,3.18,True,国安股份,False
2024-12-27,73.552,74.547,72.954,73.552,410731.0,131023189.0,3.19,3.24,3.16,3.19,True,国安股份,False
2024-12-30,73.95,73.95,72.158,72.755,330500.0,104107500.0,3.21,3.21,3.12,3.15,True,国安股份,False
2024-12-31,72.755,73.552,71.162,71.361,354882.0,109303656.0,3.15,3.19,3.07,3.08,True,国安股份,False
2025-01-02,71.361,72.556,69.37,70.166,516571.0,156004442.0,3.08,3.14,2.98,3.02,True,国安股份,False
2025-01-03,70.565,70.764,66.582,66.781,655883.0,186926655.0,3.04,3.05,2.84,2.85,True,国安股份,False
2025-01-06,66.781,67.18,64.79,65.188,495372.0,137218044.0,2.85,2.87,2.75,2.77,True,国安股份,False
2025-01-07,65.387,66.781,65.188,66.582,371270.0,105440680.0,2.78,2.85,2.77,2.84,True,国安股份,False
2025-01-08,66.781,66.98,64.392,66.184,446220.0,125834040.0,2.85,2.86,2.73,2.82,True,国安股份,False
2025-01-09,66.98,67.578,66.184,66.582,421578.0,119728152.0,2.86,2.89,2.82,2.84,True,国安股份,False
2025-01-10,66.184,66.582,64.392,64.591,347505.0,95216370.0,2.82,2.84,2.73,2.74,True,国安股份,False
2025-01-13,63.794,64.392,62.6,64.193,342683.0,93209776.0,2.7,2.73,2.64,2.72,True,国安股份,False
2025-01-14,64.392,67.18,64.193,66.98,500319.0,143091234.0,2.73,2.87,2.72,2.86,True,国安股份,False
2025-01-15,67.379,71.759,65.985,69.171,1171339.0,347887683.0,2.88,3.1,2.81,2.97,True,国安股份,False
2025-01-16,68.972,71.361,68.175,68.773,926354.0,273274430.0,2.96,3.08,2.92,2.95,True,国安股份,False
2025-01-17,68.374,68.773,67.379,67.578,465844.0,134628916.0,2.93,2.95,2.88,2.89,True,国安股份,False
2025-01-20,67.578,68.374,66.98,67.578,342063.0,98856207.0,2.89,2.93,2.86,2.89,True,国安股份,False
2025-01-21,67.777,69.37,66.582,67.777,651421.0,188912090.0,2.9,2.98,2.84,2.9,True,国安股份,False
2025-01-22,67.379,67.578,65.587,65.786,489689.0,137112920.0,2.88,2.89,2.79,2.8,True,国安股份,False
2025-01-23,66.781,69.569,66.781,67.18,708539.0,203350693.0,2.85,2.99,2.85,2.87,True,国安股份,False
2025-01-24,66.781,67.976,65.985,67.777,479186.0,138963940.0,2.85,2.91,2.81,2.9,True,国安股份,False
2025-01-27,67.976,68.773,67.18,67.379,440344.0,126819072.0,2.91,2.95,2.87,2.88,True,国安股份,False
2025-02-05,67.976,69.37,67.379,69.171,576456.0,171207432.0,2.91,2.98,2.88,2.97,True,国安股份,False
2025-02-06,69.37,69.768,67.976,69.768,567398.0,170219400.0,2.98,3.0,2.91,3.0,True,国安股份,False
2025-02-07,69.569,71.959,69.171,71.162,751365.0,230669055.0,2.99,3.11,2.97,3.07,True,国安股份,False
2025-02-10,71.361,73.552,70.963,73.552,749423.0,239065937.0,3.08,3.19,3.06,3.19,True,国安股份,False
2025-02-11,73.552,73.552,71.56,71.959,602450.0,187361950.0,3.19,3.19,3.09,3.11,True,国安股份,False
2025-02-12,71.759,72.357,71.361,72.357,459543.0,143836959.0,3.1,3.13,3.08,3.13,True,国安股份,False
2025-02-13,72.357,72.755,71.361,71.759,492245.0,152595950.0,3.13,3.15,3.08,3.1,True,国安股份,False
2025-02-14,71.56,71.759,70.764,71.361,380656.0,117242048.0,3.09,3.1,3.05,3.08,True,国安股份,False
2025-02-17,72.954,77.534,72.954,77.534,1596406.0,541181634.0,3.16,3.39,3.16,3.39,True,国安股份,False
2025-02-18,78.729,78.729,74.149,74.547,2351705.0,761952420.0,3.45,3.45,3.22,3.24,True,国安股份,False
2025-02-19,74.746,76.339,73.95,75.344,1168327.0,383211256.0,3.25,3.33,3.21,3.28,True,国安股份,False
2025-02-20,75.543,76.339,74.547,74.945,823905.0,268593030.0,3.29,3.33,3.24,3.26,True,国安股份,False
2025-02-21,75.344,76.738,74.149,75.941,1084678.0,359028418.0,3.28,3.35,3.22,3.31,True,国安股份,False
2025-02-24,76.14,77.335,74.945,75.344,847580.0,278006240.0,3.32,3.38,3.26,3.28,True,国安股份,False
2025-02-25,75.145,76.14,74.149,74.746,640517.0,208168025.0,3.27,3.32,3.22,3.25,True,国安股份,False
2025-02-26,74.746,75.145,73.751,74.348,683635.0,220814105.0,3.25,3.27,3.2,3.23,True,国安股份,False
2025-02-27,74.149,74.945,72.158,72.954,719603.0,227394548.0,3.22,3.26,3.12,3.16,True,国安股份,False
2025-02-28,72.755,73.153,70.764,70.963,604718.0,185043708.0,3.15,3.17,3.05,3.06,True,国安股份,False
2025-03-03,71.162,71.759,70.565,71.162,397655.0,122080085.0,3.07,3.1,3.04,3.07,True,国安股份,False
2025-03-04,70.963,72.158,70.366,71.959,357534.0,111193074.0,3.06,3.12,3.03,3.11,True,国安股份,False
2025-03-05,71.759,72.357,71.162,71.959,318336.0,99002496.0,3.1,3.13,3.07,3.11,True,国安股份,False
2025-03-06,71.959,72.954,71.959,72.755,503211.0,158511465.0,3.11,3.16,3.11,3.15,True,国安股份,False
2025-03-07,72.556,72.755,70.963,71.162,500213.0,153565391.0,3.14,3.15,3.06,3.07,True,国安股份,False
2025-03-10,71.162,71.56,70.366,70.764,354978.0,108268290.0,3.07,3.09,3.03,3.05,True,国安股份,False
2025-03-11,69.967,71.162,69.768,70.764,299256.0,91273080.0,3.01,3.07,3.0,3.05,True,国安股份,False
2025-03-12,70.963,72.556,70.764,71.759,558112.0,173014720.0,3.06,3.14,3.05,3.1,True,国安股份,False
2025-03-13,71.759,71.759,69.569,69.967,583661.0,175681961.0,3.1,3.1,2.99,3.01,True,国安股份,False
2025-03-14,70.166,71.162,69.768,71.162,419451.0,128771457.0,3.02,3.07,3.0,3.07,True,国安股份,False
2025-03-17,71.162,71.959,70.963,71.162,347952.0,106821264.0,3.07,3.11,3.06,3.07,True,国安股份,False
2025-03-18,71.162,71.56,70.366,70.764,320970.0,97895850.0,3.07,3.09,3.03,3.05,True,国安股份,False
2025-03-19,70.764,70.764,69.967,70.366,278435.0,84365805.0,3.05,3.05,3.01,3.03,True,国安股份,False
2025-03-20,70.166,70.764,69.967,70.166,250488.0,75647376.0,3.02,3.05,3.01,3.02,True,国安股份,False
2025-03-21,70.166,70.366,69.171,69.37,405785.0,120923930.0,3.02,3.03,2.97,2.98,True,国安股份,False
2025-03-24,68.972,69.37,67.379,68.374,457814.0,134139502.0,2.96,2.98,2.88,2.93,True,国安股份,False
2025-03-25,68.175,68.972,67.976,68.573,223997.0,65855118.0,2.92,2.96,2.91,2.94,True,国安股份,False
2025-03-26,67.976,68.175,67.379,67.578,328424.0,94914536.0,2.91,2.92,2.88,2.89,True,国安股份,False
2025-03-27,67.777,68.972,67.18,67.976,365485.0,106356135.0,2.9,2.96,2.87,2.91,True,国安股份,False
2025-03-28,67.777,68.175,66.98,67.379,306073.0,88149024.0,2.9,2.92,2.86,2.88,True,国安股份,False
2025-03-31,66.184,66.383,64.193,65.985,381875.0,107306875.0,2.82,2.83,2.72,2.81,True,国安股份,False
2025-04-01,65.786,66.383,65.786,65.985,210933.0,59272173.0,2.8,2.83,2.8,2.81,True,国安股份,False
2025-04-02,65.786,66.383,65.188,65.387,271718.0,75537604.0,2.8,2.83,2.77,2.78,True,国安股份,False
2025-04-03,64.79,65.985,64.392,65.786,275230.0,77064400.0,2.75,2.81,2.73,2.8,True,国安股份,False
2025-04-07,63.595,63.794,60.21,60.21,506531.0,127645812.0,2.69,2.7,2.52,2.52,True,国安股份,False
2025-04-08,59.613,60.21,57.821,59.414,553329.0,137225592.0,2.49,2.52,2.4,2.48,True,国安股份,False
2025-04-09,58.816,60.808,56.029,60.409,589165.0,149058745.0,2.45,2.55,2.31,2.53,True,国安股份,False
2025-04-10,61.007,62.799,60.808,61.604,527109.0,136521231.0,2.56,2.65,2.55,2.59,True,国安股份,False
2025-04-11,61.007,61.803,60.608,61.405,312458.0,80614164.0,2.56,2.6,2.54,2.58,True,国安股份,False
2025-04-14,62.002,62.6,61.803,62.201,278401.0,72941062.0,2.61,2.64,2.6,2.62,True,国安股份,False
2025-04-15,62.201,62.201,61.206,61.604,183390.0,47498010.0,2.62,2.62,2.57,2.59,True,国安股份,False
2025-04-16,61.803,61.803,60.21,61.007,261147.0,66853632.0,2.6,2.6,2.52,2.56,True,国安股份,False
2025-04-17,60.808,61.206,60.608,60.808,204584.0,52168920.0,2.55,2.57,2.54,2.55,True,国安股份,False
2025-04-18,60.808,61.405,60.21,61.007,194402.0,49766912.0,2.55,2.58,2.52,2.56,True,国安股份,False
2025-04-21,61.007,62.201,60.409,62.002,266015.0,69429915.0,2.56,2.62,2.53,2.61,True,国安股份,False
2025-04-22,62.002,62.201,61.405,61.604,191011.0,49471849.0,2.61,2.62,2.58,2.59,True,国安股份,False
2025-04-23,61.803,63.197,61.604,62.002,373355.0,97445655.0,2.6,2.67,2.59,2.61,True,国安股份,False
2025-04-24,61.803,62.002,61.007,61.206,229261.0,58920077.0,2.6,2.61,2.56,2.57,True,国安股份,False
2025-04-25,61.007,62.201,61.007,61.405,197087.0,50848446.0,2.56,2.62,2.56,2.58,True,国安股份,False
2025-04-28,61.206,61.405,60.011,60.21,233461.0,58832172.0,2.57,2.58,2.51,2.52,True,国安股份,False
2025-04-29,59.812,60.21,59.414,60.011,242219.0,60796968.99999999,2.5,2.52,2.48,2.51,True,国安股份,False
2025-04-30,60.608,62.002,60.21,61.206,350521.0,90083897.0,2.54,2.61,2.52,2.57,True,国安股份,False
2025-05-06,61.604,63.396,61.405,63.396,411863.0,110379284.0,2.59,2.68,2.58,2.68,True,国安股份,False
2025-05-07,63.595,64.591,63.197,64.193,516916.0,140601152.0,2.69,2.74,2.67,2.72,True,国安股份,False
2025-05-08,63.994,64.79,63.595,63.994,268320.0,72714720.0,2.71,2.75,2.69,2.71,True,国安股份,False
2025-05-09,64.193,64.193,62.002,62.401,366491.0,96387133.0,2.72,2.72,2.61,2.63,True,国安股份,False
2025-05-12,62.998,62.998,62.201,62.799,243179.0,64442435.0,2.66,2.66,2.62,2.65,True,国安股份,False
2025-05-13,63.396,63.994,62.6,62.799,365503.0,96858295.0,2.68,2.71,2.64,2.65,True,国安股份,False
2025-05-14,62.6,63.794,62.6,63.396,294818.0,79011224.0,2.64,2.7,2.64,2.68,True,国安股份,False
2025-05-15,63.396,63.396,62.201,62.201,224358.0,58781796.0,2.68,2.68,2.62,2.62,True,国安股份,False
2025-05-16,62.201,62.6,62.002,62.401,244332.0,64259316.0,2.62,2.64,2.61,2.63,True,国安股份,False
2025-05-19,62.6,67.379,62.201,65.387,1123557.0,312348846.0,2.64,2.88,2.62,2.78,True,国安股份,False
2025-05-20,65.387,65.587,64.392,64.989,537140.0,148250640.0,2.78,2.79,2.73,2.76,True,国安股份,False
2025-05-21,64.989,65.188,63.994,64.392,292642.0,79891266.0,2.76,2.77,2.71,2.73,True,国安股份,False
2025-05-22,64.591,65.587,63.197,63.396,370674.0,99340632.0,2.74,2.79,2.67,2.68,True,国安股份,False
2025-05-23,63.794,64.392,62.799,63.197,318455.0,85027485.0,2.7,2.73,2.65,2.67,True,国安股份,False
2025-05-26,62.998,64.392,62.6,64.193,350922.0,95450784.0,2.66,2.73,2.64,2.72,True,国安股份,False
2025-05-27,64.193,64.392,63.197,63.595,290042.0,78021298.0,2.72,2.73,2.67,2.69,True,国安股份,False
2025-05-28,63.595,63.794,62.799,63.396,271018.0,72632824.0,2.69,2.7,2.65,2.68,True,国安股份,False
2025-05-29,63.197,64.392,63.197,64.193,303367.0,82515824.0,2.67,2.73,2.67,2.72,True,国安股份,False
2025-05-30,64.193,64.193,63.197,63.197,258833.0,69108411.0,2.72,2.72,2.67,2.67,True,国安股份,False
2025-06-03,62.799,63.197,62.002,62.799,335592.0,88931880.0,2.65,2.67,2.61,2.65,True,国安股份,False
2025-06-04,62.799,63.595,62.799,63.396,250293.0,67078524.00000001,2.65,2.69,2.65,2.68,True,国安股份,False
2025-06-05,63.197,63.794,63.197,63.595,265619.0,71451511.0,2.67,2.7,2.67,2.69,True,国安股份,False
2025-06-06,63.794,64.392,63.595,63.994,270518.0,73310378.0,2.7,2.73,2.69,2.71,True,国安股份,False
2025-06-09,63.994,65.387,63.994,64.392,282912.0,77234976.0,2.71,2.78,2.71,2.73,True,国安股份,False
2025-06-10,64.392,64.591,62.998,63.396,304889.0,81710252.0,2.73,2.74,2.66,2.68,True,国安股份,False
2025-06-11,63.396,63.994,63.396,63.794,219026.0,59137020.00000001,2.68,2.71,2.68,2.7,True,国安股份,False
2025-06-12,63.595,63.794,63.197,63.396,184201.0,49365868.0,2.69,2.7,2.67,2.68,True,国安股份,False
2025-06-13,63.595,63.794,62.201,62.201,315632.0,82695584.0,2.69,2.7,2.62,2.62,True,国安股份,False
2025-06-16,61.803,62.201,61.803,62.002,187304.0,48886344.0,2.6,2.62,2.6,2.61,True,国安股份,False
2025-06-17,62.002,62.401,61.803,62.201,195564.0,51237768.0,2.61,2.63,2.6,2.62,True,国安股份,False
2025-06-18,62.002,62.201,61.206,61.405,217003.0,55986774.0,2.61,2.62,2.57,2.58,True,国安股份,False
2025-06-19,61.604,62.002,60.608,60.808,207576.0,52931880.0,2.59,2.61,2.54,2.55,True,国安股份,False
2025-06-20,61.007,62.002,60.808,61.007,154595.0,39576320.0,2.56,2.61,2.55,2.56,True,国安股份,False
2025-06-23,60.608,61.604,60.409,61.405,149214.0,38497212.0,2.54,2.59,2.53,2.58,True,国安股份,False
2025-06-24,61.604,62.6,61.405,62.401,206901.0,54414963.0,2.59,2.64,2.58,2.63,True,国安股份,False
2025-06-25,62.401,62.799,61.803,62.6,261431.0,69017784.0,2.63,2.65,2.6,2.64,True,国安股份,False
2025-06-26,62.6,62.998,62.201,62.401,210561.0,55377543.0,2.64,2.66,2.62,2.63,True,国安股份,False
2025-06-27,62.6,63.595,62.401,62.998,292181.0,77720146.0,2.64,2.69,2.63,2.66,True,国安股份,False
2025-06-30,63.197,63.396,62.6,62.998,214592.0,57081472.0,2.67,2.68,2.64,2.66,True,国安股份,False
2025-07-01,62.998,64.392,62.799,63.197,270450.0,72210150.0,2.66,2.73,2.65,2.67,True,国安股份,False
2025-07-02,62.998,63.794,62.6,63.197,227699.0,60795633.0,2.66,2.7,2.64,2.67,True,国安股份,False
2025-07-03,62.998,63.396,62.998,62.998,137803.0,36655598.0,2.66,2.68,2.66,2.66,True,国安股份,False
2025-07-04,62.998,63.197,62.201,62.401,229958.0,60478954.0,2.66,2.67,2.62,2.63,True,国安股份,False
2025-07-07,62.799,65.188,62.6,63.197,629341.0,168034047.0,2.65,2.77,2.64,2.67,True,国安股份,False
2025-07-08,63.197,64.392,63.197,63.994,326754.0,88550334.0,2.67,2.73,2.67,2.71,True,国安股份,False
2025-07-09,63.994,64.989,63.595,64.591,444130.0,121691620.0,2.71,2.76,2.69,2.74,True,国安股份,False
2025-07-10,64.392,65.188,64.193,64.79,316642.0,87076550.0,2.73,2.77,2.72,2.75,True,国安股份,False
2025-07-11,64.989,65.387,64.392,64.989,274952.0,75886752.0,2.76,2.78,2.73,2.76,True,国安股份,False
2025-07-14,64.79,64.989,63.794,64.591,327917.0,89849258.0,2.75,2.76,2.7,2.74,True,国安股份,False
2025-07-15,64.193,64.591,62.998,63.595,355254.0,95563326.0,2.72,2.74,2.66,2.69,True,国安股份,False
2025-07-16,63.396,63.994,62.998,63.595,214937.0,57818053.0,2.68,2.71,2.66,2.69,True,国安股份,False
2025-07-17,63.595,63.994,63.197,63.595,210510.0,56627190.0,2.69,2.71,2.67,2.69,True,国安股份,False
2025-07-18,63.595,63.794,62.998,63.396,171067.0,45845956.0,2.69,2.7,2.66,2.68,True,国安股份,False
2025-07-21,63.396,64.591,63.197,64.193,440862.0,119914464.0,2.68,2.74,2.67,2.72,True,国安股份,False
2025-07-22,64.193,64.79,63.794,64.591,398167.0,109097758.0,2.72,2.75,2.7,2.74,True,国安股份,False
2025-07-23,64.591,65.188,63.794,63.994,385719.0,104529849.0,2.74,2.77,2.7,2.71,True,国安股份,False
2025-07-24,63.994,65.387,63.794,65.188,503972.0,139600244.0,2.71,2.78,2.7,2.77,True,国安股份,False
2025-07-25,64.989,65.387,64.79,65.387,316511.0,87990058.0,2.76,2.78,2.75,2.78,True,国安股份,False
2025-07-28,65.387,65.587,64.392,64.591,329296.0,90227104.0,2.78,2.79,2.73,2.74,True,国安股份,False
2025-07-29,64.591,64.989,63.994,64.591,277264.0,75970336.0,2.74,2.76,2.71,2.74,True,国安股份,False
2025-07-30,64.591,64.79,63.994,64.392,342803.0,93585219.0,2.74,2.75,2.71,2.73,True,国安股份,False
2025-07-31,64.193,64.392,62.799,62.998,397812.0,105817992.0,2.72,2.73,2.65,2.66,True,国安股份,False
2025-08-01,62.998,63.396,62.401,62.998,251135.0,66801910.0,2.66,2.68,2.63,2.66,True,国安股份,False
2025-08-04,62.6,62.799,62.201,62.6,198560.0,52419840.0,2.64,2.65,2.62,2.64,True,国安股份,False
2025-08-05,62.799,63.396,62.6,62.998,214813.0,57140258.0,2.65,2.68,2.64,2.66,True,国安股份,False
2025-08-06,62.799,63.595,62.6,63.396,276552.0,74115936.0,2.65,2.69,2.64,2.68,True,国安股份,False
2025-08-07,63.396,65.188,63.197,63.994,473622.0,128351562.0,2.68,2.77,2.67,2.71,True,国安股份,False
2025-08-08,63.794,64.193,63.197,63.595,272493.0,73300617.0,2.7,2.72,2.67,2.69,True,国安股份,False
2025-08-11,63.794,66.184,63.197,64.989,854644.0,235881744.0,2.7,2.82,2.67,2.76,True,国安股份,False
2025-08-12,64.989,65.188,64.392,64.392,387111.0,105681303.0,2.76,2.77,2.73,2.73,True,国安股份,False
2025-08-13,64.591,64.79,63.994,64.193,303043.0,82427696.0,2.74,2.75,2.71,2.72,True,国安股份,False
2025-08-14,64.193,64.392,62.799,62.998,410168.0,109104688.0,2.72,2.73,2.65,2.66,True,国安股份,False
2025-08-15,62.799,63.595,62.799,63.595,328784.0,88442896.0,2.65,2.69,2.65,2.69,True,国安股份,False
2025-08-18,63.595,64.79,63.396,64.193,594394.0,161675168.0,2.69,2.75,2.68,2.72,True,国安股份,False
2025-08-19,64.392,64.79,63.794,64.392,406947.0,111096531.0,2.73,2.75,2.7,2.73,True,国安股份,False
2025-08-20,64.193,64.989,63.794,64.989,509772.0,140697072.0,2.72,2.76,2.7,2.76,True,国安股份,False
2025-08-21,64.989,65.786,64.79,65.188,655447.0,181558819.0,2.76,2.8,2.75,2.77,True,国安股份,False
2025-08-22,64.989,67.777,64.989,66.582,890148.0,252802032.0,2.76,2.9,2.76,2.84,True,国安股份,False
2025-08-25,66.184,66.582,65.587,66.184,610468.0,172151976.0,2.82,2.84,2.79,2.82,True,国安股份,False
2025-08-26,65.985,66.98,65.587,66.383,548098.0,155111734.0,2.81,2.86,2.79,2.83,True,国安股份,False
2025-08-27,66.383,67.578,65.188,65.387,695735.0,193414330.0,2.83,2.89,2.77,2.78,True,国安股份,False
2025-08-28,65.387,65.985,63.595,65.387,647013.0,179869614.0,2.78,2.81,2.69,2.78,True,国安股份,False
2025-08-29,65.188,70.963,64.591,70.963,2201709.0,673722954.0,2.77,3.06,2.74,3.06,True,国安股份,False
2025-09-01,72.357,73.552,70.166,71.162,2720921.0,835322747.0,3.13,3.19,3.02,3.07,True,国安股份,False
2025-09-02,70.565,72.158,69.171,69.967,1613285.0,485598785.0,3.04,3.12,2.97,3.01,True,国安股份,False
2025-09-03,70.366,71.56,69.171,70.166,1169657.0,353236414.0,3.03,3.09,2.97,3.02,True,国安股份,False
2025-09-04,69.171,69.37,65.188,66.383,1372549.0,388431367.0,2.97,2.98,2.77,2.83,True,国安股份,False
2025-09-05,65.985,67.18,65.587,66.98,680382.0,194589252.0,2.81,2.87,2.79,2.86,True,国安股份,False
2025-09-08,66.98,67.777,66.582,67.379,687464.0,197989632.0,2.86,2.9,2.84,2.88,True,国安股份,False
2025-09-09,67.18,67.379,65.985,66.383,513711.0,145380213.0,2.87,2.88,2.81,2.83,True,国安股份,False
2025-09-10,66.184,67.18,66.184,66.582,402550.0,114324200.0,2.82,2.87,2.82,2.84,True,国安股份,False
2025-09-11,66.383,67.18,65.188,67.18,650324.0,186642988.0,2.83,2.87,2.77,2.87,True,国安股份,False
2025-09-12,67.18,68.374,66.582,67.777,782104.0,226810160.0,2.87,2.93,2.84,2.9,True,国安股份,False
2025-09-15,68.175,69.37,67.379,68.972,807708.0,239081568.0,2.92,2.98,2.88,2.96,True,国安股份,False
2025-09-16,68.972,69.569,68.175,69.569,604382.0,180710218.0,2.96,2.99,2.92,2.99,True,国安股份,False
2025-09-17,69.768,69.768,68.573,68.972,587317.0,173845832.0,3.0,3.0,2.94,2.96,True,国安股份,False
2025-09-18,68.773,70.166,67.18,67.976,829950.0,241515450.0,2.95,3.02,2.87,2.91,True,国安股份,False
2025-09-19,67.777,68.175,66.184,66.781,582035.0,165879975.0,2.9,2.92,2.82,2.85,True,国安股份,False
2025-09-22,66.383,66.582,65.387,66.582,402577.0,114331868.0,2.83,2.84,2.78,2.84,True,国安股份,False
2025-09-23,66.184,66.582,63.396,64.392,725732.0,198124836.0,2.82,2.84,2.68,2.73,True,国安股份,False
2025-09-24,63.794,64.79,63.794,64.591,386315.0,105850310.0,2.7,2.75,2.7,2.74,True,国安股份,False
2025-09-25,64.591,64.591,63.396,63.794,361647.0,97644690.0,2.74,2.74,2.68,2.7,True,国安股份,False
2025-09-26,63.595,63.994,62.998,63.197,372479.0,99451893.0,2.69,2.71,2.66,2.67,True,国安股份,False
2025-09-29,62.799,63.396,62.201,62.998,413040.0,109868640.0,2.65,2.68,2.62,2.66,True,国安股份,False
2025-09-30,62.998,63.197,62.401,62.6,304723.0,80446872.0,2.66,2.67,2.63,2.64,True,国安股份,False
2025-10-09,62.799,63.595,62.6,63.396,298135.0,79900180.0,2.65,2.69,2.64,2.68,True,国安股份,False
2025-10-10,63.197,63.994,62.799,63.595,341505.0,91864845.0,2.67,2.71,2.65,2.69,True,国安股份,False
2025-10-13,62.6,63.396,61.405,63.197,388010.0,103598670.0,2.64,2.68,2.58,2.67,True,国安股份,False
2025-10-14,62.998,64.193,62.201,62.401,398537.0,104815231.0,2.66,2.72,2.62,2.63,True,国安股份,False
2025-10-15,62.401,62.998,62.201,62.799,215378.0,57075170.0,2.63,2.66,2.62,2.65,True,国安股份,False
2025-10-16,62.799,62.799,61.803,62.002,267619.0,69848559.0,2.65,2.65,2.6,2.61,True,国安股份,False
2025-10-17,61.803,62.401,61.007,61.007,338614.0,86685184.0,2.6,2.63,2.56,2.56,True,国安股份,False
2025-10-20,61.405,62.799,61.206,62.002,318169.0,83042109.0,2.58,2.65,2.57,2.61,True,国安股份,False
2025-10-21,62.002,63.197,61.803,63.197,340552.0,90927384.0,2.61,2.67,2.6,2.67,True,国安股份,False
2025-10-22,62.998,63.794,62.799,63.197,263029.0,70228743.0,2.66,2.7,2.65,2.67,True,国安股份,False
2025-10-23,62.998,63.794,62.6,63.595,260021.0,69945649.0,2.66,2.7,2.64,2.69,True,国安股份,False
2025-10-24,63.595,63.994,62.401,62.799,310810.0,82364650.0,2.69,2.71,2.63,2.65,True,国安股份,False
2025-10-27,62.998,63.197,62.002,62.401,317281.0,83444903.0,2.66,2.67,2.61,2.63,True,国安股份,False
2025-10-28,62.6,62.799,62.201,62.401,215712.0,56732256.0,2.64,2.65,2.62,2.63,True,国安股份,False
2025-10-29,62.799,63.396,62.6,63.197,316530.0,84513510.0,2.65,2.68,2.64,2.67,True,国安股份,False
2025-10-30,62.799,65.587,62.401,63.794,928179.0,250608330.00000003,2.65,2.79,2.63,2.7,True,国安股份,False
2025-10-31,63.396,64.392,63.197,64.193,434088.0,118071936.0,2.68,2.73,2.67,2.72,True,国安股份,False
2025-11-03,64.193,64.79,63.794,64.591,369330.0,101196420.0,2.72,2.75,2.7,2.74,True,国安股份,False
2025-11-04,64.79,65.188,63.994,64.989,447320.0,123460320.0,2.75,2.77,2.71,2.76,True,国安股份,False
2025-11-05,64.989,65.387,64.591,64.79,372006.0,102301650.0,2.76,2.78,2.74,2.75,True,国安股份,False
2025-11-06,64.989,64.989,63.994,64.392,306799.0,83756127.0,2.76,2.76,2.71,2.73,True,国安股份,False
2025-11-07,64.193,64.591,63.794,63.994,233987.0,63410477.0,2.72,2.74,2.7,2.71,True,国安股份,False
2025-11-10,64.193,64.79,63.794,64.79,318604.0,87616100.0,2.72,2.75,2.7,2.75,True,国安股份,False
2025-11-11,64.79,65.587,64.392,65.387,525719.0,146149882.0,2.75,2.79,2.73,2.78,True,国安股份,False
2025-11-12,65.188,65.387,64.193,65.188,428128.0,118591456.0,2.77,2.78,2.72,2.77,True,国安股份,False
2025-11-13,64.989,66.383,64.79,66.184,569092.0,160483944.0,2.76,2.83,2.75,2.82,True,国安股份,False
2025-11-14,66.184,67.18,65.985,66.383,562954.0,159315982.0,2.82,2.87,2.81,2.83,True,国安股份,False
2025-11-17,66.98,68.175,66.98,67.777,811626.0,235371540.0,2.86,2.92,2.86,2.9,True,国安股份,False
2025-11-18,67.777,67.976,65.985,66.184,628880.0,177344160.0,2.9,2.91,2.81,2.82,True,国安股份,False
2025-11-19,65.985,66.781,65.188,65.985,464320.0,130473920.0,2.81,2.85,2.77,2.81,True,国安股份,False
2025-11-20,66.582,68.374,65.985,66.582,602061.0,170985324.0,2.84,2.93,2.81,2.84,True,国安股份,False
2025-11-21,65.786,66.383,64.392,64.591,593623.0,162652702.0,2.8,2.83,2.73,2.74,True,国安股份,False
2025-11-24,65.188,65.387,63.994,65.387,411674.0,114445372.0,2.77,2.78,2.71,2.78,True,国安股份,False
2025-11-25,65.387,66.781,65.387,66.184,436589.0,123118098.0,2.78,2.85,2.78,2.82,True,国安股份,False
2025-11-26,65.985,66.781,65.587,65.786,414815.0,116148200.0,2.81,2.85,2.79,2.8,True,国安股份,False
2025-11-27,65.786,66.383,64.989,66.184,404139.0,113967198.0,2.8,2.83,2.76,2.82,True,国安股份,False
2025-11-28,66.184,66.184,65.387,66.184,362941.0,102349362.0,2.82,2.82,2.78,2.82,True,国安股份,False
2025-12-01,66.383,67.976,65.786,67.18,793930.0,227857910.0,2.83,2.91,2.8,2.87,True,国安股份,False
2025-12-02,66.781,66.98,65.387,66.781,628042.0,178991970.0,2.85,2.86,2.78,2.85,True,国安股份,False
2025-12-03,66.383,66.781,64.989,65.188,472816.0,130970032.0,2.83,2.85,2.76,2.77,True,国安股份,False
2025-12-04,64.989,64.989,63.994,63.994,369464.0,100124744.0,2.76,2.76,2.71,2.71,True,国安股份,False
2025-12-05,63.994,64.591,63.595,64.392,219899.0,60032427.0,2.71,2.74,2.69,2.73,True,国安股份,False
2025-12-08,64.591,64.989,63.794,63.994,345746.0,93697166.0,2.74,2.76,2.7,2.71,True,国安股份,False
2025-12-09,63.794,64.193,63.396,63.595,241502.0,64964038.0,2.7,2.72,2.68,2.69,True,国安股份,False
2025-12-10,63.396,63.595,62.6,63.396,312504.0,83751072.0,2.68,2.69,2.64,2.68,True,国安股份,False
2025-12-11,63.396,63.595,62.6,62.6,271723.0,71734872.0,2.68,2.69,2.64,2.64,True,国安股份,False
2025-12-12,62.401,62.998,62.201,62.401,216634.0,56974742.0,2.63,2.66,2.62,2.63,True,国安股份,False
2025-12-15,62.201,62.799,61.803,62.201,263886.0,69138132.0,2.62,2.65,2.6,2.62,True,国安股份,False
2025-12-16,62.201,62.401,61.405,61.604,290740.0,75301660.0,2.62,2.63,2.58,2.59,True,国安股份,False
2025-12-17,61.604,61.803,60.808,61.604,256902.0,66537618.0,2.59,2.6,2.55,2.59,True,国安股份,False
2025-12-18,61.604,62.201,61.206,61.803,213965.0,55630900.0,2.59,2.62,2.57,2.6,True,国安股份,False
2025-12-19,62.002,62.799,61.803,62.799,252472.0,66905080.0,2.61,2.65,2.6,2.65,True,国安股份,False
2025-12-22,62.799,62.998,62.401,62.6,242065.0,63905160.0,2.65,2.66,2.63,2.64,True,国安股份,False
2025-12-23,62.6,62.799,62.002,62.002,208272.0,54358992.0,2.64,2.65,2.61,2.61,True,国安股份,False
2025-12-24,62.002,62.6,61.803,62.401,179938.0,47323694.0,2.61,2.64,2.6,2.63,True,国安股份,False
2025-12-25,62.401,62.6,62.201,62.6,161316.0,42587424.0,2.63,2.64,2.62,2.64,True,国安股份,False
2025-12-26,62.6,62.799,62.201,62.401,245452.0,64553876.0,2.64,2.65,2.62,2.63,True,国安股份,False
2025-12-29,62.401,63.595,62.201,62.401,359901.0,94653963.0,2.63,2.69,2.62,2.63,True,国安股份,False
2025-12-30,62.201,63.197,61.803,62.002,273324.0,71337564.0,2.62,2.67,2.6,2.61,True,国安股份,False
2025-12-31,62.002,62.799,61.803,62.6,247052.0,65221728.0,2.61,2.65,2.6,2.64,True,国安股份,False
2026-01-05,62.6,62.998,62.201,62.799,282264.0,74799960.0,2.64,2.66,2.62,2.65,True,国安股份,False
2026-01-06,62.998,63.396,62.6,63.197,363180.0,96969060.0,2.66,2.68,2.64,2.67,True,国安股份,False
2026-01-07,63.197,64.392,62.201,63.396,591698.0,158575064.0,2.67,2.73,2.62,2.68,True,国安股份,False
2026-01-08,63.197,63.794,62.799,63.197,342077.0,91334559.0,2.67,2.7,2.65,2.67,True,国安股份,False
2026-01-09,62.998,64.193,62.998,64.193,471198.0,128165856.0,2.66,2.72,2.66,2.72,True,国安股份,False
2026-01-12,64.392,65.587,64.193,65.387,805191.0,223843098.0,2.73,2.79,2.72,2.78,True,国安股份,False
2026-01-13,65.587,66.98,64.591,64.989,781395.0,215665020.0,2.79,2.86,2.74,2.76,True,国安股份,False
2026-01-14,65.188,66.98,64.989,65.985,953167.0,267839927.0,2.77,2.86,2.76,2.81,True,国安股份,False
2026-01-15,65.188,65.786,64.79,65.387,576874.0,160370972.0,2.77,2.8,2.75,2.78,True,国安股份,False
2026-01-16,65.587,65.587,63.197,63.396,649626.0,174099768.0,2.79,2.79,2.67,2.68,True,国安股份,False
2026-01-19,63.197,64.392,62.998,63.994,334269.0,90586899.0,2.67,2.73,2.66,2.71,True,国安股份,False
2026-01-20,63.994,64.392,63.396,63.994,373861.0,101316331.0,2.71,2.73,2.68,2.71,True,国安股份,False
2026-01-21,63.595,64.591,63.396,63.794,360959.0,97458930.0,2.69,2.74,2.68,2.7,True,国安股份,False
2026-01-22,63.994,69.171,63.794,69.171,1404388.0,417103236.0,2.71,2.97,2.7,2.97,True,国安股份,False
2026-01-23,68.972,68.972,67.18,67.578,1958637.0,566046093.0,2.96,2.96,2.87,2.89,True,国安股份,False
2026-01-26,67.777,68.374,67.18,67.976,1118826.0,325578366.0,2.9,2.93,2.87,2.91,True,国安股份,False
2026-01-27,67.578,68.175,66.184,66.98,810660.0,231848760.0,2.89,2.92,2.82,2.86,True,国安股份,False
2026-01-28,66.781,67.379,66.383,66.781,528436.0,150604260.0,2.85,2.88,2.83,2.85,True,国安股份,False
2026-01-29,66.582,67.976,65.985,67.18,621838.0,178467506.0,2.84,2.91,2.81,2.87,True,国安股份,False
2026-01-30,66.781,68.175,66.582,67.379,855105.0,246270240.0,2.85,2.92,2.84,2.88,True,国安股份,False
2026-02-02,68.374,69.171,66.781,66.98,1034179.0,295775194.0,2.93,2.97,2.85,2.86,True,国安股份,False
2026-02-03,66.781,67.976,66.582,67.379,598736.0,172435968.0,2.85,2.91,2.84,2.88,True,国安股份,False
2026-02-04,66.98,67.578,66.582,67.379,463183.0,133396704.0,2.86,2.89,2.84,2.88,True,国安股份,False
2026-02-05,66.98,67.976,66.781,67.379,501397.0,144402336.0,2.86,2.91,2.85,2.88,True,国安股份,False
2026-02-06,67.18,68.175,66.582,67.578,601988.0,173974532.0,2.87,2.92,2.84,2.89,True,国安股份,False
2026-02-09,68.175,69.171,68.175,69.171,791154.0,234972738.00000003,2.92,2.97,2.92,2.97,True,国安股份,False
2026-02-10,69.768,75.145,69.37,75.145,2310979.0,755690133.0,3.0,3.27,2.98,3.27,True,国安股份,False
2026-02-11,73.95,74.746,71.759,71.959,2586905.0,804527455.0,3.21,3.25,3.1,3.11,True,国安股份,False
2026-02-12,71.959,72.556,70.764,71.361,1375307.0,423594556.0,3.11,3.14,3.05,3.08,True,国安股份,False
2026-02-13,77.534,77.534,77.534,77.534,1061069.0,359702391.0,3.39,3.39,3.39,3.39,True,国安股份,False
2026-02-24,77.335,84.105,75.344,78.331,4362532.0,1496348476.0,3.38,3.72,3.28,3.43,True,国安股份,False
2026-02-25,77.733,85.101,77.335,85.101,2342385.0,883079145.0,3.4,3.77,3.38,3.77,True,国安股份,False
2026-02-26,83.508,84.503,80.72,81.317,3625821.0,1298043918.0,3.69,3.74,3.55,3.58,True,国安股份,False
2026-02-27,80.72,84.105,80.72,81.517,2284832.0,820254688.0,3.55,3.72,3.55,3.59,True,国安股份,False
2026-03-02,78.331,80.123,76.14,76.339,2233288.0,743684904.0,3.43,3.52,3.32,3.33,True,国安股份,False
2026-03-03,75.941,76.937,72.357,72.755,1853678.0,583908570.0,3.31,3.36,3.13,3.15,True,国安股份,False
2026-03-04,71.56,73.552,70.565,72.954,1054434.0,333201144.0,3.09,3.19,3.04,3.16,True,国安股份,False
2026-03-05,73.95,75.742,73.95,74.547,1224044.0,396590256.0,3.21,3.3,3.21,3.24,True,国安股份,False
2026-03-06,73.95,75.941,73.552,75.941,951500.0,314946500.0,3.21,3.31,3.19,3.31,True,国安股份,False
2026-03-09,75.145,75.543,73.352,75.543,1153954.0,379650866.0,3.27,3.29,3.18,3.29,True,国安股份,False
2026-03-10,76.538,82.114,76.339,82.114,1681574.0,608729788.0,3.34,3.62,3.33,3.62,True,国安股份,False
2026-03-11,89.282,89.282,85.698,89.282,5874633.0,2338103934.0,3.98,3.98,3.8,3.98,True,国安股份,False
2026-03-12,92.867,94.858,86.893,87.49,6327565.0,2461422785.0,4.16,4.26,3.86,3.89,True,国安股份,False
2026-03-13,86.495,87.889,82.114,82.512,4085403.0,1487086692.0,3.84,3.91,3.62,3.64,True,国安股份,False
2026-03-16,85.698,86.694,82.313,83.508,2753389.0,1016000541.0,3.8,3.85,3.63,3.69,True,国安股份,False
2026-03-17,82.313,84.105,81.118,81.716,1923220.0,692359200.0,3.63,3.72,3.57,3.6,True,国安股份,False
2026-03-18,81.517,84.703,81.118,84.105,2680442.0,997124424.0,3.59,3.75,3.57,3.72,True,国安股份,False
2026-03-19,81.317,83.11,79.924,82.114,1934607.0,700327734.0,3.58,3.67,3.51,3.62,True,国安股份,False
2026-03-20,82.114,82.91,78.131,78.331,1821652.0,624826636.0,3.62,3.66,3.42,3.43,True,国安股份,False
2026-03-23,76.937,78.729,74.149,74.945,1783622.0,581460772.0,3.36,3.45,3.22,3.26,True,国安股份,False
2026-03-24,76.339,78.928,75.742,78.729,1500611.0,517710795.0,3.33,3.46,3.3,3.45,True,国安股份,False
2026-03-25,78.331,80.521,77.932,80.123,1210300.0,426025600.0,3.43,3.54,3.41,3.52,True,国安股份,False
2026-03-26,79.326,80.123,76.738,77.335,1187879.0,401503102.0,3.48,3.52,3.35,3.38,True,国安股份,False
2026-03-27,75.941,79.127,75.543,77.932,863352.0,294403032.0,3.31,3.47,3.29,3.41,True,国安股份,False
2026-03-30,76.738,78.729,74.746,77.534,995238.0,337385682.0,3.35,3.45,3.25,3.39,True,国安股份,False
2026-03-31,77.534,78.729,76.14,76.339,867308.0,288813564.0,3.39,3.45,3.32,3.33,True,国安股份,False
2026-04-01,77.932,79.326,76.937,77.733,972803.0,330753020.0,3.41,3.48,3.36,3.4,True,国安股份,False
2026-04-02,77.136,77.335,73.751,74.547,1172510.0,379893240.0,3.37,3.38,3.2,3.24,True,国安股份,False
2026-04-03,74.348,74.547,71.361,71.56,856198.0,264565182.0,3.23,3.24,3.08,3.09,True,国安股份,False
2026-04-07,72.755,73.153,71.759,72.556,647539.0,203327246.0,3.15,3.17,3.1,3.14,True,国安股份,False
2026-04-08,73.751,75.941,73.751,75.941,909698.0,301110038.0,3.2,3.31,3.2,3.31,True,国安股份,False
2026-04-09,74.945,75.145,73.751,73.95,662421.0,212637141.0,3.26,3.27,3.2,3.21,True,国安股份,False
2026-04-10,74.746,75.145,73.552,73.751,611122.0,195559040.0,3.25,3.27,3.19,3.2,True,国安股份,False
2026-04-13,72.755,73.552,72.556,73.552,618679.0,197358601.0,3.15,3.19,3.14,3.19,True,国安股份,False
2026-04-14,73.95,76.339,73.95,75.145,891080.0,291383160.0,3.21,3.33,3.21,3.27,True,国安股份,False
2026-04-15,75.145,75.145,72.755,72.954,731017.0,231001372.0,3.27,3.27,3.15,3.16,True,国安股份,False
2026-04-16,72.954,74.149,72.755,74.149,645215.0,207759230.0,3.16,3.22,3.15,3.22,True,国安股份,False
2026-04-17,73.751,73.95,72.357,73.352,578550.0,183978900.0,3.2,3.21,3.13,3.18,True,国安股份,False
2026-04-20,73.153,73.95,72.755,73.352,498134.0,158406612.0,3.17,3.21,3.15,3.18,True,国安股份,False
2026-04-21,72.954,73.153,71.56,72.357,653927.0,204679151.0,3.16,3.17,3.09,3.13,True,国安股份,False
2026-04-22,71.959,72.755,71.759,72.556,527679.0,165691206.0,3.11,3.15,3.1,3.14,True,国安股份,False
2026-04-23,72.556,73.153,71.162,71.361,593542.0,182810936.0,3.14,3.17,3.07,3.08,True,国安股份,False
2026-04-24,71.162,71.759,70.166,71.361,627349.0,193223492.0,3.07,3.1,3.02,3.08,True,国安股份,False
2026-04-27,70.764,72.755,69.768,72.755,718385.0,226291275.0,3.05,3.15,3.0,3.15,True,国安股份,False
2026-04-28,71.56,71.56,68.374,68.573,1398792.0,411244848.0,3.09,3.09,2.93,2.94,True,国安股份,False
2026-04-29,67.976,69.967,67.777,69.171,601052.0,178512444.0,2.91,3.01,2.9,2.97,True,国安股份,False
2026-04-30,68.773,69.569,68.374,69.171,478237.0,142036389.0,2.95,2.99,2.93,2.97,True,国安股份,False
2026-05-06,69.569,70.166,68.972,69.569,627299.0,187562401.0,2.99,3.02,2.96,2.99,True,国安股份,False
2026-05-07,69.768,70.963,69.569,70.764,788943.0,240627615.0,3.0,3.06,2.99,3.05,True,国安股份,False
2026-05-08,76.937,76.937,76.937,76.937,511639.0,171910704.0,3.36,3.36,3.36,3.36,True,国安股份,False
2026-05-11,79.326,81.118,77.136,77.733,3759699.0,1278297660.0,3.48,3.57,3.37,3.4,True,国安股份,False
2026-05-12,76.339,78.53,75.941,76.738,1967325.0,659053875.0,3.33,3.44,3.31,3.35,True,国安股份,False
2026-05-13,76.538,79.525,76.14,78.331,1875731.0,643375733.0,3.34,3.49,3.32,3.43,True,国安股份,False
2026-05-14,78.53,78.729,74.348,74.348,1454642.0,469849366.0,3.44,3.45,3.23,3.23,True,国安股份,False
2026-05-15,74.746,80.72,74.547,78.53,3389723.0,1166064712.0,3.25,3.55,3.24,3.44,True,国安股份,False
2026-05-18,76.937,79.724,76.738,79.127,2661833.0,923656051.0,3.36,3.5,3.35,3.47,True,国安股份,False
2026-05-19,78.729,83.906,78.131,80.72,2741968.0,973398640.0,3.45,3.71,3.42,3.55,True,国安股份,False
2026-05-20,79.724,80.123,76.937,77.534,1698644.0,575840316.0,3.5,3.52,3.36,3.39,True,国安股份,False
2026-05-21,76.937,77.733,72.755,73.352,1573983.0,500526594.0,3.36,3.4,3.15,3.18,True,国安股份,False
2026-05-22,73.95,74.149,71.759,73.352,869509.0,276503862.0,3.21,3.22,3.1,3.18,True,国安股份,False
2026-05-25,73.552,73.751,72.158,72.556,729231.0,228978534.0,3.19,3.2,3.12,3.14,True,国安股份,False
2026-05-26,72.357,72.357,69.967,70.963,863654.0,264278124.0,3.13,3.13,3.01,3.06,True,国安股份,False
2026-05-27,70.565,72.158,70.166,70.366,796879.0,241454337.0,3.04,3.12,3.02,3.03,True,国安股份,False
2026-05-28,69.967,71.162,69.569,71.162,617413.0,189545791.0,3.01,3.07,2.99,3.07,True,国安股份,False
2026-05-29,72.357,73.153,69.37,69.569,843243.0,252129657.00000003,3.13,3.17,2.98,2.99,True,国安股份,False
2026-06-01,69.171,70.764,68.374,70.366,551049.0,166967847.0,2.97,3.05,2.93,3.03,True,国安股份,False
2026-06-02,70.565,70.764,68.573,68.972,524596.0,155280416.0,3.04,3.05,2.94,2.96,True,国安股份,False
2026-06-03,68.773,69.171,68.175,68.573,478744.0,140750736.0,2.95,2.97,2.92,2.94,True,国安股份,False
2026-06-04,68.175,69.37,67.976,68.374,453905.0,132994165.0,2.92,2.98,2.91,2.93,True,国安股份,False
2026-06-05,68.374,68.773,66.184,66.781,669010.0,190667850.0,2.93,2.95,2.82,2.85,True,国安股份,False
2026-06-08,64.193,65.985,63.794,64.392,557712.0,152255376.0,2.72,2.81,2.7,2.73,True,国安股份,False
2026-06-09,64.989,65.786,63.994,65.786,461179.0,129130120.0,2.76,2.8,2.71,2.8,True,国安股份,False
2026-06-10,65.387,65.587,63.197,63.794,495420.0,133763400.0,2.78,2.79,2.67,2.7,True,国安股份,False
2026-06-11,62.998,63.595,61.604,62.002,492840.0,128631240.0,2.66,2.69,2.59,2.61,True,国安股份,False
2026-06-12,62.401,62.998,61.803,62.201,451978.0,118418236.0,2.63,2.66,2.6,2.62,True,国安股份,False
2026-06-15,62.799,63.396,62.201,62.998,415329.0,110477514.0,2.65,2.68,2.62,2.66,True,国安股份,False
2026-06-16,62.998,63.396,61.604,62.998,592986.0,157734276.0,2.66,2.68,2.59,2.66,True,国安股份,False
2026-06-17,62.6,62.799,61.206,61.604,523486.0,135582874.0,2.64,2.65,2.57,2.59,True,国安股份,False
2026-06-18,61.405,66.781,61.206,66.781,903662.0,257543670.0,2.58,2.85,2.57,2.85,True,国安股份,False
2026-06-22,65.786,70.764,64.79,68.573,1828704.0,537638976.0,2.8,3.05,2.75,2.94,True,国安股份,False
2026-06-23,67.777,67.976,65.587,65.985,865415.0,243181615.0,2.9,2.91,2.79,2.81,True,国安股份,False
2026-06-24,65.985,67.578,65.387,66.582,684934.0,194521256.0,2.81,2.89,2.78,2.84,True,国安股份,False
2026-06-25,65.786,66.383,63.794,63.994,678831.0,183963201.0,2.8,2.83,2.7,2.71,True,国安股份,False
2026-06-26,63.794,65.387,62.401,62.6,603691.0,159374424.0,2.7,2.78,2.63,2.64,True,国安股份,False
2026-06-29,62.002,62.6,59.414,60.409,612329.0,154919237.0,2.61,2.64,2.48,2.53,True,国安股份,False
2026-06-30,60.608,62.401,60.409,61.604,419400.0,108624600.0,2.54,2.63,2.53,2.59,True,国安股份,False
2026-07-01,61.604,63.396,60.808,62.401,519354.0,136590102.0,2.59,2.68,2.55,2.63,True,国安股份,False
2026-07-02,62.401,63.197,61.405,61.604,513449.0,132983291.0,2.63,2.67,2.58,2.59,True,国安股份,False
2026-07-03,61.405,62.002,60.808,61.405,364431.0,94023198.0,2.58,2.61,2.55,2.58,True,国安股份,False
2026-07-06,61.206,61.604,59.613,59.812,501952.0,125488000.0,2.57,2.59,2.49,2.5,True,国安股份,False
2026-07-07,59.812,59.812,57.422,57.821,495351.0,118884240.0,2.5,2.5,2.38,2.4,True,国安股份,False
2026-07-08,57.821,62.6,57.024,60.608,722709.0,183568086.0,2.4,2.64,2.36,2.54,True,国安股份,False
2026-07-09,59.215,59.414,58.02,58.816,464766.0,113867670.0,2.47,2.48,2.41,2.45,True,国安股份,False
2026-07-10,58.418,60.011,57.622,59.215,470368.0,116180896.0,2.43,2.51,2.39,2.47,True,国安股份,False
2026-07-13,58.816,59.215,57.024,57.422,410467.0,97691146.0,2.45,2.47,2.36,2.38,True,国安股份,False
2026-07-14,57.622,58.02,56.228,57.821,318995.0,76558800.0,2.39,2.41,2.32,2.4,True,国安股份,False
2026-07-15,57.024,60.21,56.825,58.617,396866.0,96835304.0,2.36,2.52,2.35,2.44,True,国安股份,False
2026-07-16,58.02,59.215,57.821,58.617,345135.0,84212940.0,2.41,2.47,2.4,2.44,True,国安股份,False
2026-07-17,58.418,59.215,56.825,57.223,381721.0,90467877.0,2.43,2.47,2.35,2.37,True,国安股份,False
2026-07-20,57.622,58.418,57.024,57.821,336121.0,80669040.0,2.39,2.43,2.36,2.4,True,国安股份,False
2026-07-21,57.821,58.02,56.427,57.821,350931.0,84223440.0,2.4,2.41,2.33,2.4,True,国安股份,False
2026-07-22,57.622,62.6,57.223,62.6,1720746.0,454276944.0,2.39,2.64,2.37,2.64,True,国安股份,False
2026-07-23,62.6,63.396,61.007,61.604,1540004.0,398861036.0,2.64,2.68,2.56,2.59,True,国安股份,False
2026-07-24,60.808,62.401,59.215,59.215,841448.0,207837656.00000003,2.55,2.63,2.47,2.47,True,国安股份,False
2026-07-27,59.215,61.803,58.816,60.808,768981.0,196090155.0,2.47,2.6,2.45,2.55,True,国安股份,False
2026-07-28,60.608,65.985,60.409,63.197,1778436.0,474842412.0,2.54,2.81,2.53,2.67,True,国安股份,False
2026-07-29,68.573,68.573,65.985,66.184,2587647.0,729716454.0,2.94,2.94,2.81,2.82,True,国安股份,False
2026-07-30,62.6,64.79,61.206,63.595,1874427.0,504220863.0,2.64,2.75,2.57,2.69,True,国安股份,False
2026-07-31,62.998,66.98,62.401,65.188,1658762.0,459477074.0,2.66,2.86,2.63,2.77,True,国安股份,False
2026-08-03,64.392,64.79,63.396,64.193,952999.0,259215728.00000003,2.73,2.75,2.68,2.72,True,国安股份,False
2026-08-04,64.591,69.569,63.994,67.18,2000320.0,574091840.0,2.74,2.99,2.71,2.87,True,国安股份,False
2026-08-05,66.184,67.379,65.387,66.781,1324178.0,377390730.0,2.82,2.88,2.78,2.85,True,国安股份,False
2026-08-06,66.383,72.556,65.387,72.556,2814157.0,883645298.0,2.83,3.14,2.78,3.14,True,国安股份,False
2026-08-07,70.366,71.162,67.379,67.976,2565573.0,746581743.0,3.03,3.07,2.88,2.91,True,国安股份,False
2026-08-10,67.578,68.972,66.383,68.972,1182881.0,350132776.0,2.89,2.96,2.83,2.96,True,国安股份,False
2026-08-11,69.171,72.357,68.175,68.773,1526235.0,450239325.0,2.97,3.13,2.92,2.95,True,国安股份,False
2026-08-12,67.578,67.976,66.781,67.976,1095936.0,318917376.0,2.89,2.91,2.85,2.91,True,国安股份,False
2026-08-13,67.777,67.777,64.989,65.188,1171520.0,324511040.0,2.9,2.9,2.76,2.77,True,国安股份,False
2026-08-14,65.387,68.573,64.79,66.781,1201088.0,342310080.0,2.78,2.94,2.75,2.85,True,国安股份,False
2026-08-17,66.184,66.184,65.188,65.985,634570.0,178314170.0,2.82,2.82,2.77,2.81,True,国安股份,False
2026-08-18,65.786,65.786,64.591,64.989,643936.0,177726336.0,2.8,2.8,2.74,2.76,True,国安股份,False
2026-08-19,64.591,64.989,62.998,63.197,642214.0,171471138.0,2.74,2.76,2.66,2.67,True,国安股份,False
2026-08-20,63.396,65.188,63.197,63.794,540208.0,145856160.0,2.68,2.77,2.67,2.7,True,国安股份,False
2026-08-21,63.197,63.794,62.002,63.396,392188.0,105106384.0,2.67,2.7,2.61,2.68,True,国安股份,False
2026-08-24,63.595,64.392,63.396,64.193,360697.0,98109584.0,2.69,2.73,2.68,2.72,True,国安股份,False
2026-08-25,63.72099264705882,64.90101102941176,63.48498897058823,64.42900367647059,384800.0,105170000.0,2.7,2.75,2.69,2.73,True,国安股份,True
2026-08-27,64.19300000000001,67.96905882352941,63.95699632352942,66.31703308823529,914814.0,256940000.0,2.72,2.88,2.71,2.81,True,国安股份,True
