date,open,high,low,close,volume,amount,raw_open,raw_high,raw_low,raw_close,tradable,name,provisional
2016-01-04,121.702,122.643,110.665,110.665,252230.0,310242900.0,13.59,13.7,12.3,12.3,True,七 匹 狼,False
2016-01-05,103.821,109.981,101.853,106.815,333878.0,395645430.0,11.5,12.22,11.27,11.85,True,七 匹 狼,False
2016-01-06,107.072,110.494,105.618,109.724,246646.0,300661474.0,11.88,12.28,11.71,12.19,True,七 匹 狼,False
2016-01-07,108.099,108.783,99.287,99.287,103702.0,113761094.0,12.0,12.08,10.97,10.97,True,七 匹 狼,False
2016-01-08,100.912,102.367,93.982,99.8,270255.0,298091265.0,11.16,11.33,10.35,11.03,True,七 匹 狼,False
2016-01-11,97.319,98.602,90.389,90.389,255261.0,253474173.0,10.74,10.89,9.93,9.93,True,七 匹 狼,False
2016-01-12,90.731,92.356,86.881,90.988,172779.0,172779000.0,9.97,10.16,9.52,10.0,True,七 匹 狼,False
2016-01-13,91.929,93.212,86.282,86.71,161763.0,153674850.0,10.11,10.26,9.45,9.5,True,七 匹 狼,False
2016-01-14,84.571,92.784,82.432,91.672,205964.0,207611712.0,9.25,10.21,9.0,10.08,True,七 匹 狼,False
2016-01-15,90.132,92.356,83.886,86.025,205314.0,193405788.0,9.9,10.16,9.17,9.42,True,七 匹 狼,False
2016-01-18,84.999,89.704,83.373,87.993,127214.0,122761510.0,9.3,9.85,9.11,9.65,True,七 匹 狼,False
2016-01-19,87.565,92.271,87.309,91.929,176214.0,178152354.0,9.6,10.15,9.57,10.11,True,七 匹 狼,False
2016-01-20,91.843,92.87,89.961,90.731,160950.0,160467150.0,10.1,10.22,9.88,9.97,True,七 匹 狼,False
2016-01-21,89.362,92.271,86.71,86.71,184290.0,175075500.0,9.81,10.15,9.5,9.5,True,七 匹 狼,False
2016-01-22,87.822,90.046,85.94,88.506,115740.0,112383540.0,9.63,9.89,9.41,9.71,True,七 匹 狼,False
2016-01-25,89.362,90.474,88.164,89.191,121921.0,119360659.0,9.81,9.94,9.67,9.79,True,七 匹 狼,False
2016-01-26,88.421,88.592,80.806,80.806,177112.0,156035672.0,9.7,9.72,8.81,8.81,True,七 匹 狼,False
2016-01-27,81.32,81.919,75.587,79.78,188539.0,163840391.0,8.87,8.94,8.2,8.69,True,七 匹 狼,False
2016-01-28,78.924,80.293,75.416,76.015,126130.0,104057250.0,8.59,8.75,8.18,8.25,True,七 匹 狼,False
2016-01-29,76.443,80.207,75.16,78.753,142458.0,122086506.0,8.3,8.74,8.15,8.57,True,七 匹 狼,False
2016-02-01,78.924,80.635,78.411,79.865,149493.0,130058910.0,8.59,8.79,8.53,8.7,True,七 匹 狼,False
2016-02-02,80.122,83.544,79.865,82.004,131650.0,117826750.0,8.73,9.13,8.7,8.95,True,七 匹 狼,False
2016-02-03,87.993,89.704,86.71,89.704,124491.0,122623635.0,9.65,9.85,9.5,9.85,True,七 匹 狼,False
2016-02-04,93.126,93.469,89.362,91.073,360001.0,360361001.0,10.25,10.29,9.81,10.01,True,七 匹 狼,False
2016-02-05,89.362,90.303,86.881,87.651,190945.0,183498145.0,9.81,9.92,9.52,9.61,True,七 匹 狼,False
2016-02-15,84.229,86.966,83.801,85.94,143690.0,135212290.0,9.21,9.53,9.16,9.41,True,七 匹 狼,False
2016-02-16,86.111,90.902,86.111,90.046,183346.0,181329194.0,9.43,9.99,9.43,9.89,True,七 匹 狼,False
2016-02-17,89.704,90.902,88.506,90.303,145328.0,144165376.0,9.85,9.99,9.71,9.92,True,七 匹 狼,False
2016-02-18,90.645,93.383,89.875,90.816,213945.0,213517110.0,9.96,10.28,9.87,9.98,True,七 匹 狼,False
2016-02-19,90.902,91.501,88.592,90.218,132774.0,131579034.0,9.99,10.06,9.72,9.91,True,七 匹 狼,False
2016-02-22,91.244,93.298,90.56,92.87,192003.0,196227066.0,10.03,10.27,9.95,10.22,True,七 匹 狼,False
2016-02-23,93.041,93.126,90.56,91.929,144125.0,145710375.0,10.24,10.25,9.95,10.11,True,七 匹 狼,False
2016-02-24,91.159,93.383,90.046,93.126,165398.0,169532950.0,10.02,10.28,9.89,10.25,True,七 匹 狼,False
2016-03-09,87.394,90.046,85.341,88.079,170727.0,164922282.0,9.58,9.89,9.34,9.66,True,七 匹 狼,False
2016-03-10,87.822,89.362,86.795,88.421,150437.0,145923890.0,9.63,9.81,9.51,9.7,True,七 匹 狼,False
2016-03-11,87.138,88.25,85.683,87.394,89090.0,85348220.0,9.55,9.68,9.38,9.58,True,七 匹 狼,False
2016-03-14,88.25,92.442,88.25,91.244,125720.0,126097160.0,9.68,10.17,9.68,10.03,True,七 匹 狼,False
2016-03-15,91.159,92.185,90.132,90.218,92397.0,91565427.0,10.02,10.14,9.9,9.91,True,七 匹 狼,False
2016-03-16,90.731,91.672,87.565,88.079,99052.0,95684232.0,9.97,10.08,9.6,9.66,True,七 匹 狼,False
2016-03-17,88.506,95.265,88.506,94.752,219367.0,229019148.0,9.71,10.5,9.71,10.44,True,七 匹 狼,False
2016-03-18,94.324,97.404,92.955,95.608,290994.0,306707676.0,10.39,10.75,10.23,10.54,True,七 匹 狼,False
2016-03-21,96.378,100.484,94.581,99.201,306191.0,335585336.0,10.63,11.11,10.42,10.96,True,七 匹 狼,False
2016-03-22,97.404,99.03,96.634,96.805,200186.0,213798648.0,10.75,10.94,10.66,10.68,True,七 匹 狼,False
2016-03-23,97.404,98.174,95.864,97.661,140824.0,151808272.0,10.75,10.84,10.57,10.78,True,七 匹 狼,False
2016-03-24,96.805,98.944,95.265,97.575,201394.0,216901338.0,10.68,10.93,10.5,10.77,True,七 匹 狼,False
2016-03-25,96.463,97.832,96.035,97.062,98698.0,105705558.0,10.64,10.8,10.59,10.71,True,七 匹 狼,False
2016-03-28,98.26,99.543,96.72,97.062,165387.0,177129477.0,10.85,11.0,10.67,10.71,True,七 匹 狼,False
2016-03-29,97.404,97.661,92.528,93.212,154291.0,158302566.0,10.75,10.78,10.18,10.26,True,七 匹 狼,False
2016-03-30,94.41,96.292,93.64,95.864,114655.0,121190335.0,10.4,10.62,10.31,10.57,True,七 匹 狼,False
2016-03-31,96.035,96.549,94.41,95.522,111733.0,117654849.0,10.59,10.65,10.4,10.53,True,七 匹 狼,False
2016-04-01,94.666,95.436,91.843,93.982,157178.0,162679230.0,10.43,10.52,10.1,10.35,True,七 匹 狼,False
2016-04-05,93.64,97.832,93.212,97.148,210311.0,225453392.0,10.31,10.8,10.26,10.72,True,七 匹 狼,False
2016-04-06,96.891,98.859,96.121,98.602,240281.0,261666009.0,10.69,10.92,10.6,10.89,True,七 匹 狼,False
2016-04-07,98.517,99.115,95.693,96.121,149388.0,158351280.0,10.88,10.95,10.55,10.6,True,七 匹 狼,False
2016-04-08,95.265,96.035,93.126,94.838,134511.0,140563995.0,10.5,10.59,10.25,10.45,True,七 匹 狼,False
2016-04-11,95.436,98.26,95.265,96.891,113588.0,121425572.0,10.52,10.85,10.5,10.69,True,七 匹 狼,False
2016-04-12,96.976,97.148,95.094,96.634,82819.0,88285054.0,10.7,10.72,10.48,10.66,True,七 匹 狼,False
2016-04-13,97.062,99.201,97.062,97.661,177508.0,191353624.0,10.71,10.96,10.71,10.78,True,七 匹 狼,False
2016-04-14,98.26,99.115,97.148,98.602,103338.0,112535082.0,10.85,10.95,10.72,10.89,True,七 匹 狼,False
2016-04-15,99.03,99.03,97.148,97.575,105095.0,113187315.0,10.94,10.94,10.72,10.77,True,七 匹 狼,False
2016-04-18,97.319,97.319,95.265,95.522,89621.0,94370913.0,10.74,10.74,10.5,10.53,True,七 匹 狼,False
2016-04-19,96.292,96.805,94.41,95.265,104829.0,110070450.0,10.62,10.68,10.4,10.5,True,七 匹 狼,False
2016-04-20,95.436,95.95,88.506,89.875,153491.0,151495617.0,10.52,10.58,9.71,9.87,True,七 匹 狼,False
2016-04-21,90.046,90.816,88.592,88.763,92132.0,89736568.0,9.89,9.98,9.72,9.74,True,七 匹 狼,False
2016-04-22,87.908,89.875,87.908,89.79,73746.0,72713556.0,9.64,9.87,9.64,9.86,True,七 匹 狼,False
2016-04-25,89.276,91.672,87.993,91.073,80278.0,80358278.0,9.8,10.08,9.65,10.01,True,七 匹 狼,False
2016-04-26,90.56,91.586,89.961,91.159,76777.0,76930554.0,9.95,10.07,9.88,10.02,True,七 匹 狼,False
2016-04-27,91.073,91.843,90.56,90.816,71505.0,71361990.0,10.01,10.1,9.95,9.98,True,七 匹 狼,False
2016-04-28,90.988,91.415,88.849,90.731,69721.0,69511837.0,10.0,10.05,9.75,9.97,True,七 匹 狼,False
2016-04-29,90.389,91.33,89.79,90.56,54559.0,54286204.99999999,9.93,10.04,9.86,9.95,True,七 匹 狼,False
2016-05-03,90.56,93.725,89.79,93.469,99304.0,102183816.0,9.95,10.32,9.86,10.29,True,七 匹 狼,False
2016-05-04,92.87,95.265,92.784,93.554,114990.0,118439700.0,10.22,10.5,10.21,10.3,True,七 匹 狼,False
2016-05-05,93.383,95.522,93.298,94.838,89731.0,93768895.0,10.28,10.53,10.27,10.45,True,七 匹 狼,False
2016-05-06,94.923,95.436,90.988,91.244,104106.0,104418318.0,10.46,10.52,10.0,10.03,True,七 匹 狼,False
2016-05-09,89.704,90.389,86.966,88.335,121301.0,117540669.0,9.85,9.93,9.53,9.69,True,七 匹 狼,False
2016-05-10,88.164,89.533,87.993,88.25,50251.0,48642968.0,9.67,9.83,9.65,9.68,True,七 匹 狼,False
2016-05-11,89.276,91.33,87.993,90.56,89087.0,88641565.0,9.8,10.04,9.65,9.95,True,七 匹 狼,False
2016-05-12,89.533,90.902,88.25,90.218,43583.0,43190753.0,9.83,9.99,9.68,9.91,True,七 匹 狼,False
2016-05-13,90.132,91.244,88.421,89.02,51509.0,50324293.0,9.9,10.03,9.7,9.77,True,七 匹 狼,False
2016-05-16,88.934,89.875,88.164,89.619,48885.0,48102840.0,9.76,9.87,9.67,9.84,True,七 匹 狼,False
2016-05-17,89.619,90.132,88.763,88.934,40858.0,39877408.0,9.84,9.9,9.74,9.76,True,七 匹 狼,False
2016-05-18,89.02,89.02,85.084,86.71,72546.0,68918700.0,9.77,9.77,9.31,9.5,True,七 匹 狼,False
2016-05-19,86.71,87.908,86.196,86.539,38325.0,36332100.0,9.5,9.64,9.44,9.48,True,七 匹 狼,False
2016-05-20,85.426,86.539,85.084,86.368,45582.0,43120572.00000001,9.35,9.48,9.31,9.46,True,七 匹 狼,False
2016-05-23,86.624,87.309,86.111,86.795,51089.0,48585639.0,9.49,9.57,9.43,9.51,True,七 匹 狼,False
2016-05-24,86.624,86.624,85.426,85.854,42813.0,40244220.0,9.49,9.49,9.35,9.4,True,七 匹 狼,False
2016-05-25,86.368,86.71,85.598,86.282,38345.0,36236025.0,9.46,9.5,9.37,9.45,True,七 匹 狼,False
2016-05-26,86.111,86.368,84.485,86.111,36409.0,34333687.0,9.43,9.46,9.24,9.43,True,七 匹 狼,False
2016-05-27,85.854,88.25,85.426,87.138,61994.0,59204270.00000001,9.4,9.68,9.35,9.55,True,七 匹 狼,False
2016-05-30,86.453,87.138,85.683,86.453,40802.0,38639494.0,9.47,9.55,9.38,9.47,True,七 匹 狼,False
2016-05-31,86.453,89.961,86.453,89.448,77719.0,76320058.0,9.47,9.88,9.47,9.82,True,七 匹 狼,False
2016-06-01,89.448,90.046,88.934,89.448,69522.0,68270604.0,9.82,9.89,9.76,9.82,True,七 匹 狼,False
2016-06-02,89.105,89.875,88.849,89.619,60892.0,59917728.0,9.78,9.87,9.75,9.84,True,七 匹 狼,False
2016-06-03,89.704,90.56,88.934,89.961,77497.0,76567036.0,9.85,9.95,9.76,9.88,True,七 匹 狼,False
2016-06-06,89.961,90.132,89.448,89.79,43534.0,42924524.0,9.88,9.9,9.82,9.86,True,七 匹 狼,False
2016-06-07,89.961,90.046,88.934,89.448,45879.0,45053178.0,9.88,9.89,9.76,9.82,True,七 匹 狼,False
2016-06-08,89.704,89.704,88.421,89.191,51248.0,50171791.99999999,9.85,9.85,9.7,9.79,True,七 匹 狼,False
2016-06-13,88.164,88.592,85.94,85.94,59006.0,55524646.0,9.67,9.72,9.41,9.41,True,七 匹 狼,False
2016-06-14,85.683,86.453,85.341,85.94,47380.0,44584580.0,9.38,9.47,9.34,9.41,True,七 匹 狼,False
2016-06-15,85.598,88.849,85.341,88.335,78903.0,76457007.0,9.37,9.75,9.34,9.69,True,七 匹 狼,False
2016-06-16,88.25,88.335,86.795,87.138,54768.0,52303440.00000001,9.68,9.69,9.51,9.55,True,七 匹 狼,False
2016-06-17,87.394,88.164,86.881,87.223,73815.0,70567140.0,9.58,9.67,9.52,9.56,True,七 匹 狼,False
2016-06-20,87.223,87.565,85.94,87.138,68121.0,65055555.00000001,9.56,9.6,9.41,9.55,True,七 匹 狼,False
2016-06-21,87.394,87.993,86.196,86.539,60139.0,57011772.0,9.58,9.65,9.44,9.48,True,七 匹 狼,False
2016-06-22,86.71,88.506,86.368,88.421,75657.0,72630720.0,9.4,9.61,9.36,9.6,True,七 匹 狼,False
2016-06-23,88.25,88.763,87.394,88.678,67274.0,64784862.00000001,9.58,9.64,9.48,9.63,True,七 匹 狼,False
2016-06-24,88.421,90.988,86.795,90.132,133509.0,130838820.0,9.6,9.9,9.41,9.8,True,七 匹 狼,False
2016-06-27,88.849,91.244,88.849,90.816,94473.0,93339324.0,9.65,9.93,9.65,9.88,True,七 匹 狼,False
2016-06-28,90.56,93.725,90.132,91.929,152829.0,152981829.0,9.85,10.22,9.8,10.01,True,七 匹 狼,False
2016-06-29,91.929,92.699,91.244,91.586,79398.0,79159806.0,10.01,10.1,9.93,9.97,True,七 匹 狼,False
2016-06-30,91.586,93.212,90.816,93.126,140141.0,142243115.0,9.97,10.16,9.88,10.15,True,七 匹 狼,False
2016-07-01,93.041,93.896,91.415,91.415,91128.0,90672360.0,10.14,10.24,9.95,9.95,True,七 匹 狼,False
2016-07-04,90.988,93.041,90.816,92.613,102672.0,103596048.0,9.9,10.14,9.88,10.09,True,七 匹 狼,False
2016-07-05,92.699,93.811,92.185,92.955,99714.0,101010282.0,10.1,10.23,10.04,10.13,True,七 匹 狼,False
2016-07-06,92.699,93.126,92.185,92.87,83428.0,84429136.0,10.1,10.15,10.04,10.12,True,七 匹 狼,False
2016-07-07,92.87,93.212,90.988,92.87,92138.0,93243656.0,10.12,10.16,9.9,10.12,True,七 匹 狼,False
2016-07-08,92.87,93.212,92.356,92.784,63406.0,64103466.0,10.12,10.16,10.06,10.11,True,七 匹 狼,False
2016-07-11,92.699,93.896,92.271,92.784,110181.0,111392991.0,10.1,10.24,10.05,10.11,True,七 匹 狼,False
2016-07-12,93.126,95.265,92.528,95.094,179755.0,186585690.0,10.15,10.4,10.08,10.38,True,七 匹 狼,False
2016-07-13,95.351,96.292,94.153,95.436,144878.0,150962876.0,10.41,10.52,10.27,10.42,True,七 匹 狼,False
2016-07-14,95.265,95.693,94.239,94.923,79732.0,82602352.0,10.4,10.45,10.28,10.36,True,七 匹 狼,False
2016-07-15,94.581,95.18,93.896,94.239,60723.0,62423243.99999999,10.32,10.39,10.24,10.28,True,七 匹 狼,False
2016-07-18,94.41,94.752,93.041,94.239,62308.0,64052623.99999999,10.3,10.34,10.14,10.28,True,七 匹 狼,False
2016-07-19,94.239,94.41,93.212,94.41,65583.0,67550490.0,10.28,10.3,10.16,10.3,True,七 匹 狼,False
2016-07-20,94.324,94.923,93.811,93.811,65627.0,67136421.0,10.29,10.36,10.23,10.23,True,七 匹 狼,False
2016-07-21,94.324,95.436,94.068,94.153,94911.0,97473597.0,10.29,10.42,10.26,10.27,True,七 匹 狼,False
2016-07-22,94.41,94.752,92.613,92.699,72929.0,73658290.0,10.3,10.34,10.09,10.1,True,七 匹 狼,False
2016-07-25,92.699,93.811,92.356,92.955,66436.0,67299668.0,10.1,10.23,10.06,10.13,True,七 匹 狼,False
2016-07-26,92.955,96.121,92.87,95.094,118656.0,123164928.0,10.13,10.5,10.12,10.38,True,七 匹 狼,False
2016-07-27,95.094,95.608,90.474,91.33,157767.0,156820398.0,10.38,10.44,9.84,9.94,True,七 匹 狼,False
2016-07-28,91.244,91.758,90.132,91.415,78925.0,78530375.0,9.93,9.99,9.8,9.95,True,七 匹 狼,False
2016-07-29,91.672,92.185,90.645,91.758,77806.0,77728194.0,9.98,10.04,9.86,9.99,True,七 匹 狼,False
2016-08-01,91.33,92.955,89.961,91.758,62246.0,62183754.0,9.94,10.13,9.78,9.99,True,七 匹 狼,False
2016-08-02,91.672,91.758,89.961,91.073,90179.0,89367389.0,9.98,9.99,9.78,9.91,True,七 匹 狼,False
2016-08-03,90.988,91.159,90.218,90.902,45408.0,44908512.0,9.9,9.92,9.81,9.89,True,七 匹 狼,False
2016-08-04,90.988,91.073,90.132,90.988,44663.0,44216370.0,9.9,9.91,9.8,9.9,True,七 匹 狼,False
2016-08-05,91.073,91.244,90.218,90.816,46857.0,46294716.0,9.91,9.93,9.81,9.88,True,七 匹 狼,False
2016-08-08,90.816,92.442,90.389,92.442,73143.0,73655001.0,9.88,10.07,9.83,10.07,True,七 匹 狼,False
2016-08-09,92.528,92.784,91.929,92.613,54594.0,55085346.0,10.08,10.11,10.01,10.09,True,七 匹 狼,False
2016-08-10,92.442,93.298,92.442,92.699,59117.0,59708170.0,10.07,10.17,10.07,10.1,True,七 匹 狼,False
2016-08-11,92.699,92.87,91.33,91.501,52247.0,52038012.00000001,10.1,10.12,9.94,9.96,True,七 匹 狼,False
2016-08-12,91.758,93.212,91.244,92.784,46813.0,47327943.0,9.99,10.16,9.93,10.11,True,七 匹 狼,False
2016-08-15,92.784,95.18,92.613,94.41,110981.0,114310430.0,10.11,10.39,10.09,10.3,True,七 匹 狼,False
2016-08-16,94.752,95.608,93.982,94.581,93137.0,96117384.0,10.34,10.44,10.25,10.32,True,七 匹 狼,False
2016-08-17,94.838,96.292,93.982,95.608,119568.0,124828992.0,10.35,10.52,10.25,10.44,True,七 匹 狼,False
2016-08-18,95.864,95.864,94.41,94.838,88207.0,91294245.0,10.47,10.47,10.3,10.35,True,七 匹 狼,False
2016-08-19,94.495,94.923,93.896,94.324,59208.0,60925031.99999999,10.31,10.36,10.24,10.29,True,七 匹 狼,False
2016-08-22,94.324,103.137,93.982,103.137,561459.0,635571588.0,10.29,11.32,10.25,11.32,True,七 匹 狼,False
2016-08-23,100.655,107.243,99.714,102.794,736167.0,830396376.0,11.03,11.8,10.92,11.28,True,七 匹 狼,False
2016-08-24,101.254,104.933,100.399,101.682,356878.0,397918970.0,11.1,11.53,11.0,11.15,True,七 匹 狼,False
2016-08-25,100.399,100.399,97.404,98.773,253840.0,274401040.0,11.0,11.0,10.65,10.81,True,七 匹 狼,False
2016-08-26,98.944,101.169,98.431,99.8,213912.0,233805816.0,10.83,11.09,10.77,10.93,True,七 匹 狼,False
2016-08-29,99.287,101.853,98.688,100.57,178360.0,196552720.0,10.87,11.17,10.8,11.02,True,七 匹 狼,False
2016-08-30,100.741,101.597,99.372,99.629,142803.0,155798073.0,11.04,11.14,10.88,10.91,True,七 匹 狼,False
2016-08-31,99.458,99.8,97.233,98.859,151362.0,163773684.0,10.89,10.93,10.63,10.82,True,七 匹 狼,False
2016-09-01,99.03,99.287,97.233,97.49,99890.0,106482740.0,10.84,10.87,10.63,10.66,True,七 匹 狼,False
2016-09-02,97.062,98.517,97.062,97.746,94712.0,101247128.0,10.61,10.78,10.61,10.69,True,七 匹 狼,False
2016-09-05,98.26,100.313,97.404,98.859,156914.0,169780948.0,10.75,10.99,10.65,10.82,True,七 匹 狼,False
2016-09-06,98.773,99.458,96.463,99.458,151210.0,164667690.0,10.81,10.89,10.54,10.89,True,七 匹 狼,False
2016-09-07,99.115,100.313,98.688,99.287,161653.0,175716811.0,10.85,10.99,10.8,10.87,True,七 匹 狼,False
2016-09-08,99.543,100.142,98.859,99.458,119339.0,129960171.0,10.9,10.97,10.82,10.89,True,七 匹 狼,False
2016-09-09,99.372,99.971,96.891,96.891,126601.0,134070459.0,10.88,10.95,10.59,10.59,True,七 匹 狼,False
2016-09-12,95.265,96.72,94.752,94.923,111408.0,115418688.0,10.4,10.57,10.34,10.36,True,七 匹 狼,False
2016-09-13,95.779,96.463,95.094,95.522,74932.0,78154076.0,10.46,10.54,10.38,10.43,True,七 匹 狼,False
2016-09-14,95.265,96.292,94.495,95.351,52621.0,54778461.0,10.4,10.52,10.31,10.41,True,七 匹 狼,False
2016-09-19,95.522,96.378,95.436,95.779,72622.0,75962612.0,10.43,10.53,10.42,10.46,True,七 匹 狼,False
2016-09-20,96.292,96.72,95.608,95.693,57596.0,60187819.99999999,10.52,10.57,10.44,10.45,True,七 匹 狼,False
2016-09-21,96.121,96.292,95.094,95.265,67148.0,69833920.0,10.5,10.52,10.38,10.4,True,七 匹 狼,False
2016-09-22,95.779,96.72,95.522,96.292,110800.0,116561600.0,10.46,10.57,10.43,10.52,True,七 匹 狼,False
2016-09-23,96.463,96.891,95.693,95.779,70587.0,73834002.0,10.54,10.59,10.45,10.46,True,七 匹 狼,False
2016-09-26,95.693,96.292,92.87,93.126,104391.0,105956865.0,10.45,10.52,10.12,10.15,True,七 匹 狼,False
2016-09-27,92.87,94.838,92.87,94.41,63618.0,65526540.00000001,10.12,10.35,10.12,10.3,True,七 匹 狼,False
2016-09-28,94.923,94.923,93.212,93.554,52847.0,53903939.99999999,10.36,10.36,10.16,10.2,True,七 匹 狼,False
2016-09-29,93.725,95.351,93.469,94.324,72202.0,74295858.0,10.22,10.41,10.19,10.29,True,七 匹 狼,False
2016-09-30,93.982,94.923,93.725,94.239,56887.0,58479836.0,10.25,10.36,10.22,10.28,True,七 匹 狼,False
2016-10-10,95.094,96.378,94.581,96.121,76306.0,80121300.0,10.38,10.53,10.32,10.5,True,七 匹 狼,False
2016-10-11,96.121,97.233,95.95,96.805,98152.0,103844816.0,10.5,10.63,10.48,10.58,True,七 匹 狼,False
2016-10-12,96.549,96.891,95.608,96.72,85781.0,90670517.0,10.55,10.59,10.44,10.57,True,七 匹 狼,False
2016-10-13,96.549,98.089,96.463,97.148,93787.0,99601794.0,10.55,10.73,10.54,10.62,True,七 匹 狼,False
2016-10-14,96.549,98.26,96.549,97.404,96418.0,102685170.0,10.55,10.75,10.55,10.65,True,七 匹 狼,False
2016-10-17,97.319,99.372,96.805,96.976,127646.0,135304760.0,10.64,10.88,10.58,10.6,True,七 匹 狼,False
2016-10-18,96.549,98.517,96.292,98.517,105168.0,113371104.0,10.55,10.78,10.52,10.78,True,七 匹 狼,False
2016-10-19,98.517,98.944,98.003,98.431,110614.0,119131278.0,10.78,10.83,10.72,10.77,True,七 匹 狼,False
2016-10-20,98.517,99.714,97.746,99.201,100005.0,108605430.0,10.78,10.92,10.69,10.86,True,七 匹 狼,False
2016-10-21,99.03,99.287,97.661,98.688,88146.0,95197680.0,10.84,10.87,10.68,10.8,True,七 匹 狼,False
2016-10-24,98.859,100.057,97.918,99.629,113176.0,123475016.0,10.82,10.96,10.71,10.91,True,七 匹 狼,False
2016-10-25,99.115,99.971,98.773,99.287,83594.0,90866678.0,10.85,10.95,10.81,10.87,True,七 匹 狼,False
2016-10-26,99.543,99.543,98.174,98.688,80567.0,87012360.0,10.9,10.9,10.74,10.8,True,七 匹 狼,False
2016-10-27,98.345,98.773,97.746,98.26,65979.0,70927425.0,10.76,10.81,10.69,10.75,True,七 匹 狼,False
2016-10-28,98.517,99.115,97.49,97.49,59457.0,63381162.0,10.78,10.85,10.66,10.66,True,七 匹 狼,False
2016-10-31,97.575,98.003,96.463,97.233,47703.0,50708289.00000001,10.67,10.72,10.54,10.63,True,七 匹 狼,False
2016-11-01,97.49,103.393,97.319,100.228,173011.0,189966078.0,10.66,11.35,10.64,10.98,True,七 匹 狼,False
2016-11-02,99.8,100.912,97.918,98.26,109408.0,117613600.0,10.93,11.06,10.71,10.75,True,七 匹 狼,False
2016-11-03,97.404,99.115,97.404,98.431,83351.0,89769027.0,10.65,10.85,10.65,10.77,True,七 匹 狼,False
2016-11-04,98.174,99.115,97.49,98.089,70869.0,76042437.0,10.74,10.85,10.66,10.73,True,七 匹 狼,False
2016-11-07,98.089,98.944,97.661,98.688,63719.0,68816520.0,10.73,10.83,10.68,10.8,True,七 匹 狼,False
2016-11-08,99.543,99.629,98.431,98.773,85899.0,92856819.0,10.9,10.91,10.77,10.81,True,七 匹 狼,False
2016-11-09,98.859,99.458,96.976,98.26,103376.0,111129200.0,10.82,10.89,10.6,10.75,True,七 匹 狼,False
2016-11-10,98.688,100.142,98.602,99.971,146918.0,160875210.0,10.8,10.97,10.79,10.95,True,七 匹 狼,False
2016-11-11,99.885,100.57,99.372,100.399,128062.0,140868200.0,10.94,11.02,10.88,11.0,True,七 匹 狼,False
2016-11-14,100.484,101.254,99.458,100.741,160071.0,176718384.0,11.01,11.1,10.89,11.04,True,七 匹 狼,False
2016-11-15,100.827,101.682,100.142,101.083,151814.0,168209912.0,11.05,11.15,10.97,11.08,True,七 匹 狼,False
2016-11-16,101.083,101.254,99.8,100.399,149304.0,164234400.0,11.08,11.1,10.93,11.0,True,七 匹 狼,False
2016-11-17,100.057,100.741,99.372,100.57,116969.0,128899838.0,10.96,11.04,10.88,11.02,True,七 匹 狼,False
2016-11-18,100.399,100.741,99.714,100.57,75218.0,82890236.0,11.0,11.04,10.92,11.02,True,七 匹 狼,False
2016-11-21,100.399,100.912,99.971,100.484,121847.0,134153547.0,11.0,11.06,10.95,11.01,True,七 匹 狼,False
2016-11-22,100.741,102.11,100.57,101.853,179702.0,200727134.0,11.04,11.2,11.02,11.17,True,七 匹 狼,False
2016-11-23,101.853,102.281,99.971,100.741,146467.0,161699568.0,11.17,11.22,10.95,11.04,True,七 匹 狼,False
2016-11-24,100.827,104.591,100.313,102.024,264435.0,295902765.0,11.05,11.49,10.99,11.19,True,七 匹 狼,False
2016-11-25,101.939,103.735,100.484,102.965,227689.0,257288570.00000003,11.18,11.39,11.01,11.3,True,七 匹 狼,False
2016-11-28,102.794,104.505,102.11,102.281,169557.0,190242954.0,11.28,11.48,11.2,11.22,True,七 匹 狼,False
2016-11-29,101.34,102.11,99.971,100.399,148665.0,163531500.0,11.11,11.2,10.95,11.0,True,七 匹 狼,False
2016-11-30,99.8,100.57,99.201,99.629,93349.0,101843759.0,10.93,11.02,10.86,10.91,True,七 匹 狼,False
2016-12-01,99.714,100.228,99.372,99.885,74357.0,81346558.0,10.92,10.98,10.88,10.94,True,七 匹 狼,False
2016-12-02,99.885,99.971,97.062,97.319,137195.0,145975480.0,10.94,10.95,10.61,10.64,True,七 匹 狼,False
2016-12-05,96.206,98.003,95.693,96.72,66614.0,70410998.0,10.51,10.72,10.45,10.57,True,七 匹 狼,False
2016-12-06,97.062,97.575,96.549,96.72,39554.0,41808578.0,10.61,10.67,10.55,10.57,True,七 匹 狼,False
2016-12-07,97.319,98.26,96.72,98.003,70994.0,76105568.0,10.64,10.75,10.57,10.72,True,七 匹 狼,False
2016-12-08,98.174,98.174,96.976,97.404,48005.0,51125325.0,10.74,10.74,10.6,10.65,True,七 匹 狼,False
2016-12-09,97.404,98.174,97.062,97.49,52614.0,56086524.0,10.65,10.74,10.61,10.66,True,七 匹 狼,False
2016-12-12,97.661,97.832,92.271,92.528,104868.0,105706944.0,10.68,10.7,10.05,10.08,True,七 匹 狼,False
2016-12-13,92.1,94.324,92.014,93.554,55101.0,56203019.99999999,10.03,10.29,10.02,10.2,True,七 匹 狼,False
2016-12-14,93.554,93.982,91.929,92.356,64468.0,64854808.0,10.2,10.25,10.01,10.06,True,七 匹 狼,False
2016-12-15,91.929,98.688,91.672,93.982,140356.0,143864900.0,10.01,10.8,9.98,10.25,True,七 匹 狼,False
2016-12-16,93.982,95.094,93.554,94.41,71977.0,74136310.0,10.25,10.38,10.2,10.3,True,七 匹 狼,False
2016-12-19,94.068,94.923,93.896,94.41,43594.0,44901820.0,10.26,10.36,10.24,10.3,True,七 匹 狼,False
2016-12-20,94.581,94.752,93.554,94.068,48555.0,49817430.0,10.32,10.34,10.2,10.26,True,七 匹 狼,False
2016-12-21,94.239,95.009,93.811,94.666,46067.0,47587211.0,10.28,10.37,10.23,10.33,True,七 匹 狼,False
2016-12-22,94.923,94.923,94.239,94.495,39335.0,40554385.0,10.36,10.36,10.28,10.31,True,七 匹 狼,False
2016-12-23,94.324,94.324,92.955,93.041,47977.0,48648678.0,10.29,10.29,10.13,10.14,True,七 匹 狼,False
2016-12-26,92.784,93.725,91.672,93.64,53739.0,54867519.00000001,10.11,10.22,9.98,10.21,True,七 匹 狼,False
2016-12-27,93.554,93.982,93.298,93.725,31164.0,31849608.000000004,10.2,10.25,10.17,10.22,True,七 匹 狼,False
2016-12-28,93.811,96.035,93.554,94.41,98732.0,101693960.0,10.23,10.49,10.2,10.3,True,七 匹 狼,False
2016-12-29,94.068,94.153,92.87,93.469,61549.0,62718431.0,10.26,10.27,10.12,10.19,True,七 匹 狼,False
2016-12-30,93.383,93.982,93.126,93.64,36563.0,37330823.0,10.18,10.25,10.15,10.21,True,七 匹 狼,False
2017-01-03,93.725,95.094,93.554,94.838,64900.0,67171500.0,10.22,10.38,10.2,10.35,True,七 匹 狼,False
2017-01-04,94.838,96.035,94.495,95.779,65096.0,68090416.0,10.35,10.49,10.31,10.46,True,七 匹 狼,False
2017-01-05,95.779,96.121,95.351,95.608,58375.0,60943500.0,10.46,10.5,10.41,10.44,True,七 匹 狼,False
2017-01-06,96.72,97.404,95.094,95.522,69797.0,72798271.0,10.57,10.65,10.38,10.43,True,七 匹 狼,False
2017-01-09,95.436,95.522,94.41,95.094,51890.0,53861820.00000001,10.42,10.43,10.3,10.38,True,七 匹 狼,False
2017-01-10,95.18,95.95,94.923,95.094,53972.0,56022936.00000001,10.39,10.48,10.36,10.38,True,七 匹 狼,False
2017-01-11,95.693,95.693,94.068,94.495,49245.0,50771595.0,10.45,10.45,10.26,10.31,True,七 匹 狼,False
2017-01-12,94.495,94.666,92.699,92.699,48198.0,48679980.0,10.31,10.33,10.1,10.1,True,七 匹 狼,False
2017-01-13,92.613,93.041,91.244,91.672,52625.0,52519750.0,10.09,10.14,9.93,9.98,True,七 匹 狼,False
2017-01-16,91.672,91.929,86.282,88.421,88030.0,84508800.0,9.98,10.01,9.35,9.6,True,七 匹 狼,False
2017-01-17,87.993,89.276,87.052,88.934,58236.0,56255976.0,9.55,9.7,9.44,9.66,True,七 匹 狼,False
2017-01-18,88.763,89.362,88.506,88.934,34595.0,33418770.0,9.64,9.71,9.61,9.66,True,七 匹 狼,False
2017-01-19,88.934,90.988,88.678,89.533,39546.0,38478258.0,9.66,9.9,9.63,9.73,True,七 匹 狼,False
2017-01-20,89.276,90.731,89.191,90.218,37609.0,36894429.0,9.7,9.87,9.69,9.81,True,七 匹 狼,False
2017-01-23,90.132,91.415,90.132,90.645,24418.0,24076148.0,9.8,9.95,9.8,9.86,True,七 匹 狼,False
2017-01-24,90.56,91.159,90.132,90.816,28650.0,28306200.000000004,9.85,9.92,9.8,9.88,True,七 匹 狼,False
2017-01-25,90.645,91.159,90.389,91.073,22176.0,21976416.0,9.86,9.92,9.83,9.91,True,七 匹 狼,False
2017-01-26,91.33,92.014,91.073,91.501,25551.0,25448796.000000004,9.94,10.02,9.91,9.96,True,七 匹 狼,False
2017-02-03,91.929,92.014,91.073,91.244,20109.0,19968237.0,10.01,10.02,9.91,9.93,True,七 匹 狼,False
2017-02-06,91.244,92.1,91.073,91.758,20501.0,20480499.0,9.93,10.03,9.91,9.99,True,七 匹 狼,False
2017-02-07,91.501,92.613,91.33,91.843,36140.0,36140000.0,9.96,10.09,9.94,10.0,True,七 匹 狼,False
2017-02-08,91.843,92.528,91.244,92.528,39069.0,39381552.0,10.0,10.08,9.93,10.08,True,七 匹 狼,False
2017-02-09,92.271,92.87,92.1,92.442,37454.0,37716178.0,10.05,10.12,10.03,10.07,True,七 匹 狼,False
2017-02-10,92.528,93.041,92.185,92.87,56576.0,57254911.99999999,10.08,10.14,10.04,10.12,True,七 匹 狼,False
2017-02-13,92.784,93.298,92.613,93.298,55186.0,56124162.0,10.11,10.17,10.09,10.17,True,七 匹 狼,False
2017-02-14,93.298,93.298,92.613,92.87,46066.0,46618792.0,10.17,10.17,10.09,10.12,True,七 匹 狼,False
2017-02-15,92.784,92.87,91.929,91.929,66485.0,66551485.0,10.11,10.12,10.01,10.01,True,七 匹 狼,False
2017-02-16,92.014,93.383,91.843,93.212,58056.0,58984896.0,10.02,10.18,10.0,10.16,True,七 匹 狼,False
2017-02-17,93.212,93.469,92.1,92.1,46740.0,46880220.0,10.16,10.19,10.03,10.03,True,七 匹 狼,False
2017-02-20,92.1,93.725,92.1,93.725,55478.0,56698516.0,10.03,10.22,10.03,10.22,True,七 匹 狼,False
2017-02-21,93.554,94.666,93.383,94.239,56794.0,58384232.0,10.2,10.33,10.18,10.28,True,七 匹 狼,False
2017-02-22,94.239,95.693,93.982,95.009,55756.0,57818971.99999999,10.28,10.45,10.25,10.37,True,七 匹 狼,False
2017-02-23,94.923,95.009,93.725,94.581,37662.0,38867184.0,10.36,10.37,10.22,10.32,True,七 匹 狼,False
2017-02-24,94.581,95.779,93.725,95.265,56629.0,58894160.0,10.32,10.46,10.22,10.4,True,七 匹 狼,False
2017-02-27,94.923,96.549,94.153,94.495,58201.0,60005231.0,10.36,10.55,10.27,10.31,True,七 匹 狼,False
2017-02-28,94.41,95.693,94.324,95.608,51446.0,53709624.0,10.3,10.45,10.29,10.44,True,七 匹 狼,False
2017-03-01,95.608,96.463,94.838,96.121,79205.0,83165250.0,10.44,10.54,10.35,10.5,True,七 匹 狼,False
2017-03-02,96.206,96.292,94.752,95.094,46480.0,48246240.0,10.51,10.52,10.34,10.38,True,七 匹 狼,False
2017-03-03,95.009,95.608,94.495,95.094,26990.0,28015620.000000004,10.37,10.44,10.31,10.38,True,七 匹 狼,False
2017-03-06,95.094,96.121,94.666,96.121,46275.0,48588750.0,10.38,10.5,10.33,10.5,True,七 匹 狼,False
2017-03-07,96.292,96.378,94.838,95.693,43875.0,45849375.0,10.52,10.53,10.35,10.45,True,七 匹 狼,False
2017-03-08,95.608,95.693,94.838,95.009,34541.0,35819017.0,10.44,10.45,10.35,10.37,True,七 匹 狼,False
2017-03-09,95.094,95.094,93.554,93.811,46495.0,47564385.0,10.38,10.38,10.2,10.23,True,七 匹 狼,False
2017-03-10,93.896,94.239,93.469,93.982,25654.0,26295350.0,10.24,10.28,10.19,10.25,True,七 匹 狼,False
2017-03-13,93.982,94.666,93.554,94.495,33629.0,34671499.0,10.25,10.33,10.2,10.31,True,七 匹 狼,False
2017-03-14,94.666,94.666,93.811,94.068,30708.0,31506408.0,10.33,10.33,10.23,10.26,True,七 匹 狼,False
2017-03-15,94.153,94.239,93.469,93.64,36863.0,37637123.0,10.27,10.28,10.19,10.21,True,七 匹 狼,False
2017-03-16,93.811,95.265,93.725,95.094,51012.0,52950456.00000001,10.23,10.4,10.22,10.38,True,七 匹 狼,False
2017-03-17,94.838,95.608,93.982,94.239,40428.0,41559984.0,10.35,10.44,10.25,10.28,True,七 匹 狼,False
2017-03-20,94.239,94.838,94.068,94.666,30285.0,31284405.0,10.28,10.35,10.26,10.33,True,七 匹 狼,False
2017-03-21,94.752,99.885,94.41,96.805,126349.0,133677242.0,10.34,10.94,10.3,10.58,True,七 匹 狼,False
2017-03-22,95.265,96.292,94.752,96.206,97469.0,102439919.0,10.4,10.52,10.34,10.51,True,七 匹 狼,False
2017-03-23,95.522,96.976,95.522,96.72,88759.0,93818263.0,10.43,10.6,10.43,10.57,True,七 匹 狼,False
2017-03-24,96.976,96.976,95.436,96.463,72850.0,76783900.0,10.6,10.6,10.42,10.54,True,七 匹 狼,False
2017-03-27,96.549,96.549,95.608,95.779,51925.0,54313550.00000001,10.55,10.55,10.44,10.46,True,七 匹 狼,False
2017-03-28,95.864,95.95,94.41,94.41,45244.0,46601320.0,10.47,10.48,10.3,10.3,True,七 匹 狼,False
2017-03-29,94.495,94.838,93.811,93.896,39711.0,40664064.0,10.31,10.35,10.23,10.24,True,七 匹 狼,False
2017-03-30,93.982,94.239,91.33,92.699,77927.0,78706270.0,10.25,10.28,9.94,10.1,True,七 匹 狼,False
2017-03-31,93.126,95.864,92.699,95.436,61370.0,63947540.0,10.15,10.47,10.1,10.42,True,七 匹 狼,False
2017-04-05,95.009,96.292,94.239,95.693,74983.0,78357235.0,10.37,10.52,10.28,10.45,True,七 匹 狼,False
2017-04-06,95.265,98.174,95.18,97.148,145132.0,154130184.0,10.4,10.74,10.39,10.62,True,七 匹 狼,False
2017-04-07,97.319,98.174,96.378,97.148,73217.0,77756454.0,10.64,10.74,10.53,10.62,True,七 匹 狼,False
2017-04-10,96.891,97.918,96.121,97.062,81147.0,86096967.0,10.59,10.71,10.5,10.61,True,七 匹 狼,False
2017-04-11,96.805,97.404,95.522,96.976,69352.0,73513120.0,10.58,10.65,10.43,10.6,True,七 匹 狼,False
2017-04-12,96.805,99.372,95.95,97.49,96012.0,102348792.0,10.58,10.88,10.48,10.66,True,七 匹 狼,False
2017-04-13,97.575,98.003,96.463,97.49,56986.0,60747076.0,10.67,10.72,10.54,10.66,True,七 匹 狼,False
2017-04-14,97.233,97.233,94.923,95.18,55995.0,58178805.0,10.63,10.63,10.36,10.39,True,七 匹 狼,False
2017-04-17,95.779,95.864,93.811,94.752,56081.0,57987754.0,10.46,10.47,10.23,10.34,True,七 匹 狼,False
2017-04-18,94.581,96.549,94.41,95.864,66142.0,69250674.0,10.32,10.55,10.3,10.47,True,七 匹 狼,False
2017-04-19,95.009,95.864,91.843,93.212,77776.0,79020416.0,10.37,10.47,10.0,10.16,True,七 匹 狼,False
2017-04-20,93.212,93.383,92.1,92.1,56915.0,57085745.0,10.16,10.18,10.03,10.03,True,七 匹 狼,False
2017-04-21,92.014,93.383,92.014,92.613,38123.0,38466107.0,10.02,10.18,10.02,10.09,True,七 匹 狼,False
2017-04-24,93.041,93.041,88.763,88.763,71110.0,68550040.0,10.14,10.14,9.64,9.64,True,七 匹 狼,False
2017-04-25,89.191,91.586,88.763,90.389,50634.0,49773222.0,9.69,9.97,9.64,9.83,True,七 匹 狼,False
2017-04-26,90.132,91.758,90.132,91.073,30530.0,30255230.0,9.8,9.99,9.8,9.91,True,七 匹 狼,False
2017-04-27,91.244,92.271,89.02,91.586,52454.0,52296638.0,9.93,10.05,9.67,9.97,True,七 匹 狼,False
2017-04-28,91.501,91.843,90.988,91.758,26609.0,26582391.0,9.96,10.0,9.9,9.99,True,七 匹 狼,False
2017-05-02,91.672,92.356,90.988,91.244,32310.0,32083830.0,9.98,10.06,9.9,9.93,True,七 匹 狼,False
2017-05-03,91.073,91.415,90.474,90.645,31726.0,31281836.0,9.91,9.95,9.84,9.86,True,七 匹 狼,False
2017-05-04,90.731,91.672,89.533,90.902,38696.0,38270344.0,9.87,9.98,9.73,9.89,True,七 匹 狼,False
2017-05-05,90.902,92.014,90.56,90.816,39533.0,39058604.0,9.89,10.02,9.85,9.88,True,七 匹 狼,False
2017-05-08,90.731,90.988,89.533,89.79,45204.0,44119104.0,9.87,9.9,9.73,9.76,True,七 匹 狼,False
2017-05-09,89.704,91.415,89.02,91.33,47392.0,47107648.0,9.75,9.95,9.67,9.94,True,七 匹 狼,False
2017-05-10,91.073,91.415,88.079,88.335,57126.0,54783834.0,9.91,9.95,9.56,9.59,True,七 匹 狼,False
2017-05-11,88.164,88.164,84.229,86.71,67898.0,63824120.0,9.57,9.57,9.11,9.4,True,七 匹 狼,False
2017-05-12,86.368,86.881,85.598,86.282,43298.0,40483630.0,9.36,9.42,9.27,9.35,True,七 匹 狼,False
2017-05-15,86.368,86.881,85.94,86.71,28642.0,26923480.0,9.36,9.42,9.31,9.4,True,七 匹 狼,False
2017-05-16,86.624,88.592,84.828,88.25,54238.0,51960004.0,9.39,9.62,9.18,9.58,True,七 匹 狼,False
2017-05-17,88.335,88.934,87.822,88.421,35451.0,34032960.0,9.59,9.66,9.53,9.6,True,七 匹 狼,False
2017-05-18,88.079,89.105,87.565,88.849,25221.0,24338265.0,9.56,9.68,9.5,9.65,True,七 匹 狼,False
2017-05-19,88.849,89.961,88.678,89.704,39331.0,38347725.0,9.65,9.78,9.63,9.75,True,七 匹 狼,False
2017-05-22,89.704,89.875,87.736,88.25,41251.0,39518458.0,9.75,9.77,9.52,9.58,True,七 匹 狼,False
2017-05-23,88.335,88.506,85.854,87.309,29167.0,27621149.000000004,9.59,9.61,9.3,9.47,True,七 匹 狼,False
2017-05-24,87.138,88.506,85.769,88.164,36673.0,35096061.0,9.45,9.61,9.29,9.57,True,七 匹 狼,False
2017-05-25,87.993,90.816,87.394,89.79,29412.0,28706112.0,9.55,9.88,9.48,9.76,True,七 匹 狼,False
2017-05-26,90.474,91.843,89.961,90.988,60242.0,59639580.0,9.84,10.0,9.78,9.9,True,七 匹 狼,False
2017-05-31,91.672,91.929,89.79,90.902,42808.0,42337112.0,9.98,10.01,9.76,9.89,True,七 匹 狼,False
2017-06-01,90.731,90.731,87.651,87.993,40000.0,38200000.0,9.87,9.87,9.51,9.55,True,七 匹 狼,False
2017-06-02,88.335,89.619,86.71,89.105,44749.0,43317032.0,9.59,9.74,9.4,9.68,True,七 匹 狼,False
2017-06-05,88.592,89.448,87.993,89.105,41994.0,40650192.0,9.62,9.72,9.55,9.68,True,七 匹 狼,False
2017-06-06,88.934,89.02,88.25,88.849,36181.0,34914665.0,9.66,9.67,9.58,9.65,True,七 匹 狼,False
2017-06-07,88.678,90.132,88.678,90.132,46059.0,45137820.0,9.63,9.8,9.63,9.8,True,七 匹 狼,False
2017-06-08,89.961,90.988,88.934,89.448,59888.0,58211136.00000001,9.78,9.9,9.66,9.72,True,七 匹 狼,False
2017-06-09,89.619,90.046,88.678,89.79,47305.0,46169680.0,9.74,9.79,9.63,9.76,True,七 匹 狼,False
2017-06-12,89.362,89.619,88.25,88.763,38485.0,37099540.0,9.71,9.74,9.58,9.64,True,七 匹 狼,False
2017-06-13,88.678,89.875,88.506,89.533,33774.0,32862102.0,9.63,9.77,9.61,9.73,True,七 匹 狼,False
2017-06-14,89.704,89.875,88.934,89.02,28766.0,27529062.0,9.65,9.67,9.56,9.57,True,七 匹 狼,False
2017-06-15,89.02,90.132,89.02,89.79,43597.0,42114702.0,9.57,9.7,9.57,9.66,True,七 匹 狼,False
2017-06-16,90.046,90.132,88.849,89.276,36844.0,35370240.0,9.69,9.7,9.55,9.6,True,七 匹 狼,False
2017-06-19,89.276,89.961,88.934,89.704,33662.0,32483830.0,9.6,9.68,9.56,9.65,True,七 匹 狼,False
2017-06-20,89.79,90.218,89.448,89.875,36920.0,35701640.0,9.66,9.71,9.62,9.67,True,七 匹 狼,False
2017-06-21,90.046,90.389,89.619,90.389,46847.0,45582131.0,9.69,9.73,9.64,9.73,True,七 匹 狼,False
2017-06-22,90.389,91.501,89.276,89.704,48510.0,46812150.0,9.73,9.86,9.6,9.65,True,七 匹 狼,False
2017-06-23,89.619,89.704,88.335,89.533,35755.0,34432065.0,9.64,9.65,9.49,9.63,True,七 匹 狼,False
2017-06-26,89.448,89.961,89.105,89.961,44754.0,43321872.0,9.62,9.68,9.58,9.68,True,七 匹 狼,False
2017-06-27,89.79,90.132,89.191,89.704,31057.0,29970005.0,9.66,9.7,9.59,9.65,True,七 匹 狼,False
2017-06-28,89.448,89.619,88.421,88.934,37501.0,35850956.0,9.62,9.64,9.5,9.56,True,七 匹 狼,False
2017-06-29,88.763,89.191,88.592,88.934,33115.0,31657940.0,9.54,9.59,9.52,9.56,True,七 匹 狼,False
2017-06-30,88.592,89.191,88.421,89.02,22254.0,21297078.0,9.52,9.59,9.5,9.57,True,七 匹 狼,False
2017-07-03,88.849,89.533,88.849,89.362,30676.0,29479636.0,9.55,9.63,9.55,9.61,True,七 匹 狼,False
2017-07-04,89.276,89.362,88.849,89.105,22756.0,21800248.0,9.6,9.61,9.55,9.58,True,七 匹 狼,False
2017-07-05,89.105,90.046,88.849,90.046,49670.0,48130230.0,9.58,9.69,9.55,9.69,True,七 匹 狼,False
2017-07-06,89.875,90.218,89.362,90.046,41836.0,40539084.0,9.67,9.71,9.61,9.69,True,七 匹 狼,False
2017-07-07,89.875,90.218,89.533,89.961,34551.0,33445368.0,9.67,9.71,9.63,9.68,True,七 匹 狼,False
2017-07-10,89.961,90.389,89.448,90.046,45743.0,44324967.0,9.68,9.73,9.62,9.69,True,七 匹 狼,False
2017-07-11,90.132,90.303,89.362,89.79,38033.0,36739878.0,9.7,9.72,9.61,9.66,True,七 匹 狼,False
2017-07-12,89.79,89.79,88.25,88.934,44529.0,42569724.0,9.66,9.66,9.48,9.56,True,七 匹 狼,False
2017-07-13,89.191,89.276,88.506,88.763,32155.0,30675870.0,9.59,9.6,9.51,9.54,True,七 匹 狼,False
2017-07-14,88.849,88.849,87.48,87.736,46596.0,43893432.0,9.55,9.55,9.39,9.42,True,七 匹 狼,False
2017-07-17,87.651,87.651,84.913,86.282,65625.0,60703125.0,9.41,9.41,9.09,9.25,True,七 匹 狼,False
2017-07-18,85.683,86.539,85.255,86.539,30540.0,28341120.0,9.18,9.28,9.13,9.28,True,七 匹 狼,False
2017-07-19,86.539,87.223,86.111,87.138,35720.0,33398200.0,9.28,9.36,9.23,9.35,True,七 匹 狼,False
2017-07-20,87.138,88.421,86.966,87.309,48125.0,45093124.99999999,9.35,9.5,9.33,9.37,True,七 匹 狼,False
2017-07-21,87.052,87.822,86.624,87.138,57339.0,53611965.0,9.34,9.43,9.29,9.35,True,七 匹 狼,False
2017-07-24,86.966,87.138,86.539,87.138,51210.0,47881350.0,9.33,9.35,9.28,9.35,True,七 匹 狼,False
2017-07-25,87.138,87.138,86.025,86.453,43282.0,40122414.0,9.35,9.35,9.22,9.27,True,七 匹 狼,False
2017-07-26,86.539,86.71,85.17,86.453,70010.0,64899270.0,9.28,9.3,9.12,9.27,True,七 匹 狼,False
2017-07-27,85.94,87.309,85.598,87.309,96847.0,90745639.0,9.21,9.37,9.17,9.37,True,七 匹 狼,False
2017-07-28,87.309,87.736,86.795,87.138,73616.0,68830960.0,9.37,9.42,9.31,9.35,True,七 匹 狼,False
2017-07-31,87.138,87.908,86.71,87.822,77839.0,73402177.0,9.35,9.44,9.3,9.43,True,七 匹 狼,False
2017-08-01,87.908,88.164,87.309,87.736,63226.0,59558892.0,9.44,9.47,9.37,9.42,True,七 匹 狼,False
2017-08-02,87.48,87.651,86.624,86.966,62418.0,58235994.0,9.39,9.41,9.29,9.33,True,七 匹 狼,False
2017-08-03,86.881,87.651,86.71,87.309,48434.0,45382657.99999999,9.32,9.41,9.3,9.37,True,七 匹 狼,False
2017-08-04,87.394,87.908,86.966,87.309,45307.0,42452659.0,9.38,9.44,9.33,9.37,True,七 匹 狼,False
2017-08-07,87.48,88.079,87.223,88.079,71254.0,67406284.0,9.39,9.46,9.36,9.46,True,七 匹 狼,False
2017-08-08,87.993,88.079,87.309,87.736,54471.0,51311682.0,9.45,9.46,9.37,9.42,True,七 匹 狼,False
2017-08-09,87.651,88.164,87.309,88.079,76357.0,72233722.0,9.41,9.47,9.37,9.46,True,七 匹 狼,False
2017-08-10,87.993,88.335,87.052,87.138,51274.0,47941190.0,9.45,9.49,9.34,9.35,True,七 匹 狼,False
2017-08-11,87.052,87.309,86.111,86.966,46087.0,42999171.0,9.34,9.37,9.23,9.33,True,七 匹 狼,False
2017-08-14,86.795,87.309,86.453,87.309,53450.0,50082649.99999999,9.31,9.37,9.27,9.37,True,七 匹 狼,False
2017-08-15,87.138,87.48,86.795,87.138,35320.0,33024200.0,9.35,9.39,9.31,9.35,True,七 匹 狼,False
2017-08-16,87.052,87.651,87.052,87.651,58117.0,54688097.0,9.34,9.41,9.34,9.41,True,七 匹 狼,False
2017-08-17,87.48,87.993,87.138,87.993,67890.0,64156049.99999999,9.39,9.45,9.35,9.45,True,七 匹 狼,False
2017-08-18,87.565,88.678,87.309,88.25,97106.0,92056488.0,9.4,9.53,9.37,9.48,True,七 匹 狼,False
2017-08-21,88.421,89.961,88.079,89.875,119289.0,115352463.0,9.5,9.68,9.46,9.67,True,七 匹 狼,False
2017-08-22,89.448,89.448,88.079,88.335,114693.0,108843657.0,9.62,9.62,9.46,9.49,True,七 匹 狼,False
2017-08-23,88.421,88.763,87.993,88.164,50113.0,47457011.0,9.5,9.54,9.45,9.47,True,七 匹 狼,False
2017-08-24,88.164,88.25,87.052,87.223,48122.0,45042192.0,9.47,9.48,9.34,9.36,True,七 匹 狼,False
2017-08-25,87.223,88.763,87.138,88.421,69412.0,65941400.0,9.36,9.54,9.35,9.5,True,七 匹 狼,False
2017-08-28,88.335,90.046,88.164,89.448,101058.0,97217796.0,9.49,9.69,9.47,9.62,True,七 匹 狼,False
2017-08-29,89.619,89.79,88.849,89.105,53552.0,51302816.0,9.64,9.66,9.55,9.58,True,七 匹 狼,False
2017-08-30,89.276,89.448,88.849,89.105,50839.0,48703762.0,9.6,9.62,9.55,9.58,True,七 匹 狼,False
2017-08-31,89.276,89.448,88.763,89.191,44389.0,42569051.0,9.6,9.62,9.54,9.59,True,七 匹 狼,False
2017-09-01,89.276,89.875,89.02,89.704,58744.0,56687960.0,9.6,9.67,9.57,9.65,True,七 匹 狼,False
2017-09-04,89.704,90.303,89.276,89.79,56830.0,54897780.0,9.65,9.72,9.6,9.66,True,七 匹 狼,False
2017-09-05,89.79,90.046,89.362,89.704,42078.0,40605270.0,9.66,9.69,9.61,9.65,True,七 匹 狼,False
2017-09-06,89.533,89.619,88.934,89.533,45308.0,43631604.0,9.63,9.64,9.56,9.63,True,七 匹 狼,False
2017-09-07,89.533,89.961,89.02,89.448,53462.0,51430443.99999999,9.63,9.68,9.57,9.62,True,七 匹 狼,False
2017-09-08,89.362,89.79,89.02,89.191,32715.0,31373685.0,9.61,9.66,9.57,9.59,True,七 匹 狼,False
2017-09-11,89.276,89.875,89.105,89.619,43799.0,42222236.0,9.6,9.67,9.58,9.64,True,七 匹 狼,False
2017-09-12,89.704,89.704,89.02,89.191,45562.0,43693958.0,9.65,9.65,9.57,9.59,True,七 匹 狼,False
2017-09-13,89.191,90.389,88.678,90.303,86925.0,84491100.0,9.59,9.73,9.53,9.72,True,七 匹 狼,False
2017-09-14,90.132,90.645,89.704,89.961,53478.0,51766704.0,9.7,9.76,9.65,9.68,True,七 匹 狼,False
2017-09-15,89.875,90.56,89.362,90.132,50601.0,49082970.0,9.67,9.75,9.61,9.7,True,七 匹 狼,False
2017-09-18,90.132,91.672,89.961,91.33,83898.0,82555632.0,9.7,9.88,9.68,9.84,True,七 匹 狼,False
2017-09-19,91.159,92.1,90.218,90.731,58435.0,57090995.0,9.82,9.93,9.71,9.77,True,七 匹 狼,False
2017-09-20,90.56,91.415,90.303,91.159,46794.0,45951708.0,9.75,9.85,9.72,9.82,True,七 匹 狼,False
2017-09-21,91.415,92.356,90.988,91.073,97794.0,95935914.0,9.85,9.96,9.8,9.81,True,七 匹 狼,False
2017-09-22,90.816,90.816,88.763,90.474,85682.0,83454268.0,9.78,9.78,9.54,9.74,True,七 匹 狼,False
2017-09-25,90.218,90.303,89.105,89.362,46627.0,44808547.0,9.71,9.72,9.58,9.61,True,七 匹 狼,False
2017-09-26,89.533,89.533,88.592,88.849,36894.0,35233770.0,9.63,9.63,9.52,9.55,True,七 匹 狼,False
2017-09-27,88.678,89.276,88.592,89.02,24102.0,23065614.0,9.53,9.6,9.52,9.57,True,七 匹 狼,False
2017-09-28,89.191,89.191,88.25,88.763,39229.0,37424466.0,9.59,9.59,9.48,9.54,True,七 匹 狼,False
2017-09-29,88.506,89.276,88.506,88.934,23953.0,22899068.0,9.51,9.6,9.51,9.56,True,七 匹 狼,False
2017-10-09,89.875,89.961,89.362,89.79,42841.0,41384406.0,9.67,9.68,9.61,9.66,True,七 匹 狼,False
2017-10-10,89.619,90.645,89.619,90.474,44042.0,42896908.0,9.64,9.76,9.64,9.74,True,七 匹 狼,False
2017-10-11,90.389,90.731,89.961,90.303,49960.0,48561120.0,9.73,9.77,9.68,9.72,True,七 匹 狼,False
2017-10-12,90.132,90.56,89.362,89.961,34533.0,33427944.0,9.7,9.75,9.61,9.68,True,七 匹 狼,False
2017-10-13,89.961,90.56,89.619,90.474,44436.0,43280664.0,9.68,9.75,9.64,9.74,True,七 匹 狼,False
2017-10-16,90.474,90.474,88.678,89.448,45490.0,43761380.0,9.74,9.74,9.53,9.62,True,七 匹 狼,False
2017-10-17,89.191,89.533,88.678,88.763,26200.0,24994800.0,9.59,9.63,9.53,9.54,True,七 匹 狼,False
2017-10-18,88.934,89.105,88.421,88.934,30587.0,29241172.0,9.56,9.58,9.5,9.56,True,七 匹 狼,False
2017-10-19,88.849,88.849,87.223,87.309,36336.0,34046832.0,9.55,9.55,9.36,9.37,True,七 匹 狼,False
2017-10-20,87.565,87.822,87.138,87.651,28747.0,27050927.0,9.4,9.43,9.35,9.41,True,七 匹 狼,False
2017-10-23,87.651,88.079,87.394,88.079,19250.0,18210500.0,9.41,9.46,9.38,9.46,True,七 匹 狼,False
2017-10-24,88.164,88.164,87.48,87.908,17703.0,16711632.0,9.47,9.47,9.39,9.44,True,七 匹 狼,False
2017-10-25,88.25,88.849,87.993,88.506,37427.0,35593077.0,9.48,9.55,9.45,9.51,True,七 匹 狼,False
2017-10-26,88.592,88.849,88.079,88.592,35325.0,33629400.0,9.52,9.55,9.46,9.52,True,七 匹 狼,False
2017-10-27,88.506,89.02,88.335,88.763,38316.0,36553464.0,9.51,9.57,9.49,9.54,True,七 匹 狼,False
2017-10-30,88.763,89.105,87.052,87.736,44395.0,41820090.0,9.54,9.58,9.34,9.42,True,七 匹 狼,False
2017-10-31,87.736,88.079,87.309,87.908,36478.0,34435232.0,9.42,9.46,9.37,9.44,True,七 匹 狼,False
2017-11-01,87.908,88.421,87.309,87.908,51542.0,48655648.0,9.44,9.5,9.37,9.44,True,七 匹 狼,False
2017-11-02,87.822,87.908,86.624,86.71,44060.0,40975800.0,9.43,9.44,9.29,9.3,True,七 匹 狼,False
2017-11-03,86.881,87.138,85.426,86.111,33249.0,30688827.0,9.32,9.35,9.15,9.23,True,七 匹 狼,False
2017-11-06,86.111,86.539,85.17,86.453,29669.0,27503163.0,9.23,9.28,9.12,9.27,True,七 匹 狼,False
2017-11-07,86.368,86.71,85.683,86.71,23256.0,21628080.0,9.26,9.3,9.18,9.3,True,七 匹 狼,False
2017-11-08,86.71,87.309,86.539,87.052,42046.0,39270964.0,9.3,9.37,9.28,9.34,True,七 匹 狼,False
2017-11-09,86.966,87.138,86.624,87.138,24760.0,23150600.0,9.33,9.35,9.29,9.35,True,七 匹 狼,False
2017-11-10,87.052,87.138,86.539,87.052,31204.0,29144536.0,9.34,9.35,9.28,9.34,True,七 匹 狼,False
2017-11-13,88.849,90.389,87.736,88.25,114067.0,108135516.0,9.55,9.73,9.42,9.48,True,七 匹 狼,False
2017-11-14,87.309,87.822,86.71,86.71,51058.0,47483940.0,9.37,9.43,9.3,9.3,True,七 匹 狼,False
2017-11-15,86.539,86.624,85.769,86.025,31534.0,29074348.000000004,9.28,9.29,9.19,9.22,True,七 匹 狼,False
2017-11-16,85.683,86.539,85.683,86.025,22445.0,20694290.0,9.18,9.28,9.18,9.22,True,七 匹 狼,False
2017-11-17,86.025,86.368,84.229,84.656,50786.0,46012116.0,9.22,9.26,9.01,9.06,True,七 匹 狼,False
2017-11-20,84.4,85.512,83.116,84.827,44635.0,40528580.0,9.03,9.16,8.88,9.08,True,七 匹 狼,False
2017-11-21,84.827,85.17,83.202,83.459,41437.0,36961804.0,9.08,9.12,8.89,8.92,True,七 匹 狼,False
2017-11-22,83.544,84.143,82.86,83.202,32336.0,28746704.0,8.93,9.0,8.85,8.89,True,七 匹 狼,False
2017-11-23,83.116,83.886,82.945,83.031,41348.0,36675676.0,8.88,8.97,8.86,8.87,True,七 匹 狼,False
2017-11-24,82.774,83.202,81.576,82.86,42433.0,37553205.0,8.84,8.89,8.7,8.85,True,七 匹 狼,False
2017-11-27,82.261,82.774,82.09,82.175,16125.0,14141625.0,8.78,8.84,8.76,8.77,True,七 匹 狼,False
2017-11-28,82.175,83.202,82.175,83.116,28371.0,25193448.000000004,8.77,8.89,8.77,8.88,True,七 匹 狼,False
2017-11-29,83.287,83.715,82.004,83.459,29388.0,26214096.0,8.9,8.95,8.75,8.92,True,七 匹 狼,False
2017-11-30,83.287,84.913,82.945,83.886,32807.0,29427879.000000004,8.9,9.09,8.86,8.97,True,七 匹 狼,False
2017-12-01,83.801,83.972,82.774,83.715,26937.0,24108615.0,8.96,8.98,8.84,8.95,True,七 匹 狼,False
2017-12-04,83.715,84.143,82.346,82.603,27186.0,23978052.0,8.95,9.0,8.79,8.82,True,七 匹 狼,False
2017-12-05,82.004,82.945,81.234,81.919,33535.0,29309590.0,8.75,8.86,8.66,8.74,True,七 匹 狼,False
2017-12-06,82.004,82.09,81.32,82.004,30865.0,27006875.0,8.75,8.76,8.67,8.75,True,七 匹 狼,False
2017-12-07,82.004,82.175,80.55,80.635,51869.0,44555471.0,8.75,8.77,8.58,8.59,True,七 匹 狼,False
2017-12-08,80.55,81.234,80.293,81.149,49780.0,43059700.0,8.58,8.66,8.55,8.65,True,七 匹 狼,False
2017-12-11,81.149,81.747,80.892,81.662,25179.0,21930909.000000004,8.65,8.72,8.62,8.71,True,七 匹 狼,False
2017-12-12,81.576,81.662,80.464,80.55,31699.0,27197742.0,8.7,8.71,8.57,8.58,True,七 匹 狼,False
2017-12-13,80.721,81.405,80.379,81.063,24384.0,21067776.0,8.6,8.68,8.56,8.64,True,七 匹 狼,False
2017-12-14,81.063,81.149,80.207,80.721,22220.0,19109200.0,8.64,8.65,8.54,8.6,True,七 匹 狼,False
2017-12-15,80.806,80.806,80.122,80.207,19395.0,16563329.999999998,8.61,8.61,8.53,8.54,True,七 匹 狼,False
2017-12-18,80.293,80.464,79.694,80.122,19858.0,16938874.0,8.55,8.57,8.48,8.53,True,七 匹 狼,False
2017-12-19,80.036,80.635,79.951,80.293,26660.0,22794300.000000004,8.52,8.59,8.51,8.55,True,七 匹 狼,False
2017-12-20,80.207,80.464,79.437,79.609,24024.0,20348328.0,8.54,8.57,8.45,8.47,True,七 匹 狼,False
2017-12-21,79.352,79.609,77.042,78.411,89671.0,74695943.0,8.44,8.47,8.17,8.33,True,七 匹 狼,False
2017-12-22,78.24,78.411,77.641,77.726,29565.0,24391125.0,8.31,8.33,8.24,8.25,True,七 匹 狼,False
2017-12-25,77.641,77.897,77.213,77.726,33852.0,27927900.0,8.24,8.27,8.19,8.25,True,七 匹 狼,False
2017-12-26,77.726,78.069,77.213,77.897,23951.0,19807477.0,8.25,8.29,8.19,8.27,True,七 匹 狼,False
2017-12-27,77.641,77.983,76.529,77.042,51756.0,42284652.0,8.24,8.28,8.11,8.17,True,七 匹 狼,False
2017-12-28,76.956,78.154,76.7,77.812,31555.0,26064430.0,8.16,8.3,8.13,8.26,True,七 匹 狼,False
2017-12-29,77.812,78.154,76.956,77.812,47738.0,39431588.0,8.26,8.3,8.16,8.26,True,七 匹 狼,False
2018-01-02,77.812,78.582,77.726,78.411,35709.0,29745597.0,8.26,8.35,8.25,8.33,True,七 匹 狼,False
2018-01-03,78.496,79.01,78.24,78.753,44110.0,36920070.0,8.34,8.4,8.31,8.37,True,七 匹 狼,False
2018-01-04,78.924,78.924,78.411,78.582,47088.0,39318480.0,8.39,8.39,8.33,8.35,True,七 匹 狼,False
2018-01-05,78.582,79.78,78.496,79.437,56921.0,48098244.99999999,8.35,8.49,8.34,8.45,True,七 匹 狼,False
2018-01-08,79.694,80.036,79.01,79.78,44014.0,37367886.0,8.48,8.52,8.4,8.49,True,七 匹 狼,False
2018-01-09,79.437,79.78,79.095,79.181,25953.0,21852426.0,8.45,8.49,8.41,8.42,True,七 匹 狼,False
2018-01-10,79.181,79.352,78.24,78.839,27353.0,22921814.000000004,8.42,8.44,8.31,8.38,True,七 匹 狼,False
2018-01-11,78.839,79.095,78.325,78.839,33822.0,28342836.000000004,8.38,8.41,8.32,8.38,True,七 匹 狼,False
2018-01-12,78.753,78.753,77.983,78.24,33506.0,27843486.0,8.37,8.37,8.28,8.31,True,七 匹 狼,False
2018-01-15,78.154,78.154,77.042,77.299,48332.0,39632240.0,8.3,8.3,8.17,8.2,True,七 匹 狼,False
2018-01-16,77.127,78.667,77.042,77.983,39865.0,33008220.0,8.18,8.36,8.17,8.28,True,七 匹 狼,False
2018-01-17,77.983,79.266,77.812,78.924,37654.0,31591706.000000004,8.28,8.43,8.26,8.39,True,七 匹 狼,False
2018-01-18,79.181,79.181,78.411,78.753,16573.0,13871600.999999998,8.42,8.42,8.33,8.37,True,七 匹 狼,False
2018-01-19,78.753,80.293,78.496,80.036,42891.0,36543132.0,8.37,8.55,8.34,8.52,True,七 匹 狼,False
2018-01-22,79.694,80.55,79.437,80.122,40506.0,34551618.0,8.48,8.58,8.45,8.53,True,七 匹 狼,False
2018-01-23,79.865,80.379,79.095,79.609,30706.0,26007982.000000004,8.5,8.56,8.41,8.47,True,七 匹 狼,False
2018-01-24,79.352,80.293,79.352,80.122,33118.0,28249654.0,8.44,8.55,8.44,8.53,True,七 匹 狼,False
2018-01-25,80.036,80.55,79.78,79.78,36787.0,31232163.0,8.52,8.58,8.49,8.49,True,七 匹 狼,False
2018-01-26,79.865,80.55,79.609,80.293,31573.0,26994915.000000004,8.5,8.58,8.47,8.55,True,七 匹 狼,False
2018-01-29,80.379,81.234,79.78,79.951,44886.0,38197986.0,8.56,8.66,8.49,8.51,True,七 匹 狼,False
2018-01-30,79.609,84.4,79.609,82.603,156360.0,137909520.0,8.47,9.03,8.47,8.82,True,七 匹 狼,False
2018-01-31,82.86,84.827,82.175,83.031,135154.0,119881598.0,8.85,9.08,8.77,8.87,True,七 匹 狼,False
2018-02-01,82.004,84.4,78.496,78.924,153876.0,129101964.0,8.75,9.03,8.34,8.39,True,七 匹 狼,False
2018-02-02,78.839,80.55,76.015,80.207,77015.0,65770809.99999999,8.38,8.58,8.05,8.54,True,七 匹 狼,False
2018-02-05,80.207,84.4,78.839,83.202,130804.0,116284756.0,8.54,9.03,8.38,8.89,True,七 匹 狼,False
2018-02-06,81.234,83.116,79.095,79.609,100239.0,84902433.0,8.66,8.88,8.41,8.47,True,七 匹 狼,False
2018-02-07,80.55,81.833,78.753,79.865,69164.0,58789400.0,8.58,8.73,8.37,8.5,True,七 匹 狼,False
2018-02-08,79.865,83.287,79.523,82.261,121548.0,106719144.0,8.5,8.9,8.46,8.78,True,七 匹 狼,False
2018-02-09,80.379,81.234,76.614,80.379,106579.0,91231624.0,8.56,8.66,8.12,8.56,True,七 匹 狼,False
2018-02-12,80.721,82.09,79.437,81.576,77995.0,67855650.0,8.6,8.76,8.45,8.7,True,七 匹 狼,False
2018-02-13,81.491,83.031,80.977,81.063,86123.0,74410272.0,8.69,8.87,8.63,8.64,True,七 匹 狼,False
2018-02-14,81.063,81.149,79.694,79.865,44832.0,38107200.0,8.64,8.65,8.48,8.5,True,七 匹 狼,False
2018-02-22,79.951,80.721,78.839,80.379,52866.0,45253296.0,8.51,8.6,8.38,8.56,True,七 匹 狼,False
2018-02-23,80.036,80.379,79.352,79.609,39880.0,33778360.0,8.52,8.56,8.44,8.47,True,七 匹 狼,False
2018-02-26,80.036,84.143,80.036,84.143,157002.0,141301800.0,8.52,9.0,8.52,9.0,True,七 匹 狼,False
2018-02-27,84.314,85.683,83.373,85.17,162294.0,148012128.0,9.02,9.18,8.91,9.12,True,七 匹 狼,False
2018-02-28,84.656,86.368,83.63,85.598,103890.0,95267130.0,9.06,9.26,8.94,9.17,True,七 匹 狼,False
2018-03-01,84.827,87.309,84.656,86.453,124387.0,115306749.0,9.08,9.37,9.06,9.27,True,七 匹 狼,False
2018-03-02,85.854,86.196,84.314,84.571,66555.0,60232275.00000001,9.2,9.24,9.02,9.05,True,七 匹 狼,False
2018-03-05,85.084,86.368,84.485,86.282,72185.0,66771125.0,9.11,9.26,9.04,9.25,True,七 匹 狼,False
2018-03-06,86.453,86.624,85.426,86.282,53658.0,49633650.0,9.27,9.29,9.15,9.25,True,七 匹 狼,False
2018-03-07,86.025,86.025,84.742,84.742,48764.0,44228948.0,9.22,9.22,9.07,9.07,True,七 匹 狼,False
2018-03-08,84.571,85.341,83.373,84.571,77043.0,69723915.0,9.05,9.14,8.91,9.05,True,七 匹 狼,False
2018-03-09,84.571,87.309,84.571,86.282,86002.0,79551850.0,9.05,9.37,9.05,9.25,True,七 匹 狼,False
2018-03-12,86.71,88.934,86.71,87.138,89588.0,83764780.0,9.3,9.56,9.3,9.35,True,七 匹 狼,False
2018-03-13,86.795,87.48,86.196,86.282,62913.0,58194525.0,9.31,9.39,9.24,9.25,True,七 匹 狼,False
2018-03-14,86.282,86.453,85.084,85.426,44490.0,40708350.0,9.25,9.27,9.11,9.15,True,七 匹 狼,False
2018-03-15,85.084,86.881,84.827,86.795,43500.0,40498500.0,9.11,9.32,9.08,9.31,True,七 匹 狼,False
2018-03-16,87.48,89.961,86.966,88.849,132870.0,126890850.0,9.39,9.68,9.33,9.55,True,七 匹 狼,False
2018-03-19,87.993,89.191,87.223,87.736,83202.0,78376284.0,9.45,9.59,9.36,9.42,True,七 匹 狼,False
2018-03-20,86.881,87.651,86.282,87.48,60881.0,57167259.0,9.32,9.41,9.25,9.39,True,七 匹 狼,False
2018-03-21,87.651,87.993,85.94,86.111,73705.0,68029715.0,9.41,9.45,9.21,9.23,True,七 匹 狼,False
2018-03-22,85.769,86.539,84.913,85.598,47678.0,43720726.0,9.19,9.28,9.09,9.17,True,七 匹 狼,False
2018-03-23,83.63,84.485,80.036,82.603,113514.0,100119348.0,8.94,9.04,8.52,8.82,True,七 匹 狼,False
2018-03-26,81.576,83.63,80.892,83.459,60610.0,54064120.0,8.7,8.94,8.62,8.92,True,七 匹 狼,False
2018-03-27,84.229,85.255,83.544,84.314,70170.0,63293340.0,9.01,9.13,8.93,9.02,True,七 匹 狼,False
2018-03-28,83.715,84.229,83.031,83.715,41467.0,37112965.0,8.95,9.01,8.87,8.95,True,七 匹 狼,False
2018-03-29,83.801,84.4,83.544,84.143,43800.0,39420000.0,8.96,9.03,8.93,9.0,True,七 匹 狼,False
2018-03-30,84.571,85.084,83.801,84.229,41170.0,37094170.0,9.05,9.11,8.96,9.01,True,七 匹 狼,False
2018-04-02,84.656,84.742,82.517,82.774,52757.0,46637188.0,9.06,9.07,8.81,8.84,True,七 匹 狼,False
2018-04-03,81.662,82.175,81.234,81.919,58034.0,50721716.0,8.71,8.77,8.66,8.74,True,七 匹 狼,False
2018-04-04,82.774,84.571,82.603,83.116,73480.0,65250240.00000001,8.84,9.05,8.82,8.88,True,七 匹 狼,False
2018-04-09,83.287,84.143,82.517,83.886,45917.0,41187549.0,8.9,9.0,8.81,8.97,True,七 匹 狼,False
2018-04-10,84.229,84.571,82.346,83.373,59583.0,53088453.0,9.01,9.05,8.79,8.91,True,七 匹 狼,False
2018-04-11,83.544,86.368,83.287,86.025,112092.0,103348824.0,8.93,9.26,8.9,9.22,True,七 匹 狼,False
2018-04-12,85.683,86.71,84.999,85.341,55821.0,51020394.0,9.18,9.3,9.1,9.14,True,七 匹 狼,False
2018-04-13,85.17,86.025,84.913,84.999,31569.0,28727790.0,9.12,9.22,9.09,9.1,True,七 匹 狼,False
2018-04-16,84.571,86.196,84.229,85.255,37950.0,34648350.0,9.05,9.24,9.01,9.13,True,七 匹 狼,False
2018-04-17,84.913,85.341,81.747,82.004,59447.0,52016125.0,9.09,9.14,8.72,8.75,True,七 匹 狼,False
2018-04-18,82.175,82.945,80.892,82.86,38199.0,33806115.0,8.77,8.86,8.62,8.85,True,七 匹 狼,False
2018-04-19,82.346,83.287,82.346,82.689,24193.0,21362419.0,8.79,8.9,8.79,8.83,True,七 匹 狼,False
2018-04-20,82.774,83.715,80.721,81.747,42382.0,36957104.0,8.84,8.95,8.6,8.72,True,七 匹 狼,False
2018-04-23,81.833,83.373,81.234,83.116,40018.0,35535984.0,8.73,8.91,8.66,8.88,True,七 匹 狼,False
2018-04-24,83.031,84.4,82.432,83.886,54884.0,49230948.0,8.87,9.03,8.8,8.97,True,七 匹 狼,False
2018-04-25,83.715,83.715,82.004,82.603,60378.0,53253396.0,8.95,8.95,8.75,8.82,True,七 匹 狼,False
2018-04-26,82.603,82.603,80.721,80.721,47807.0,41114020.0,8.82,8.82,8.6,8.6,True,七 匹 狼,False
2018-04-27,80.635,82.603,80.635,81.234,40332.0,34927512.0,8.59,8.82,8.59,8.66,True,七 匹 狼,False
2018-05-02,81.149,82.004,80.977,81.576,27558.0,23975460.0,8.65,8.75,8.63,8.7,True,七 匹 狼,False
2018-05-03,81.405,82.175,80.721,81.747,51797.0,45166984.0,8.68,8.77,8.6,8.72,True,七 匹 狼,False
2018-05-04,81.833,82.346,81.32,81.833,42053.0,36712269.0,8.73,8.79,8.67,8.73,True,七 匹 狼,False
2018-05-07,81.833,83.202,81.576,82.603,50458.0,44503956.0,8.73,8.89,8.7,8.82,True,七 匹 狼,False
2018-05-08,82.774,83.373,82.261,83.116,46269.0,41086872.0,8.84,8.91,8.78,8.88,True,七 匹 狼,False
2018-05-09,83.287,83.801,82.004,83.544,50375.0,44984875.0,8.9,8.96,8.75,8.93,True,七 匹 狼,False
2018-05-10,83.373,83.544,82.517,83.116,34286.0,30445968.000000004,8.91,8.93,8.81,8.88,True,七 匹 狼,False
2018-05-11,83.116,83.544,82.517,82.774,59018.0,52171912.0,8.88,8.93,8.81,8.84,True,七 匹 狼,False
2018-05-14,82.86,83.116,82.346,82.603,50000.0,44100000.0,8.85,8.88,8.79,8.82,True,七 匹 狼,False
2018-05-15,82.689,83.116,81.747,83.031,43049.0,38184463.0,8.83,8.88,8.72,8.87,True,七 匹 狼,False
2018-05-16,82.945,85.426,82.432,84.827,91898.0,83443384.0,8.86,9.15,8.8,9.08,True,七 匹 狼,False
2018-05-17,84.656,88.079,84.571,86.196,149733.0,138353292.0,9.06,9.46,9.05,9.24,True,七 匹 狼,False
2018-05-18,86.111,86.71,85.17,85.854,48363.0,44493960.0,9.23,9.3,9.12,9.2,True,七 匹 狼,False
2018-05-21,86.025,87.138,85.598,86.539,50170.0,46557760.0,9.22,9.35,9.17,9.28,True,七 匹 狼,False
2018-05-22,86.624,86.966,85.683,86.111,46485.0,42905655.0,9.29,9.33,9.18,9.23,True,七 匹 狼,False
2018-05-23,85.598,86.368,85.426,85.426,44188.0,40432020.0,9.17,9.26,9.15,9.15,True,七 匹 狼,False
2018-05-24,85.598,86.025,84.656,84.999,40516.0,36869560.0,9.17,9.22,9.06,9.1,True,七 匹 狼,False
2018-05-25,84.571,85.426,83.972,84.656,43143.0,39087558.0,9.05,9.15,8.98,9.06,True,七 匹 狼,False
2018-05-28,85.084,86.795,84.4,85.769,73965.0,67973835.0,9.11,9.31,9.03,9.19,True,七 匹 狼,False
2018-05-29,85.683,87.822,84.827,85.255,83770.0,76482010.0,9.18,9.43,9.08,9.13,True,七 匹 狼,False
2018-05-30,84.143,87.138,82.603,84.999,116417.0,105939470.0,9.0,9.35,8.82,9.1,True,七 匹 狼,False
2018-05-31,85.084,89.79,84.827,89.276,175145.0,168139200.0,9.11,9.66,9.08,9.6,True,七 匹 狼,False
2018-06-01,89.105,89.961,86.966,87.48,109703.0,103011117.0,9.58,9.68,9.33,9.39,True,七 匹 狼,False
2018-06-04,87.993,88.335,86.196,87.565,76058.0,71494520.0,9.45,9.49,9.24,9.4,True,七 匹 狼,False
2018-06-05,87.565,88.849,87.309,87.993,73552.0,69506640.0,9.4,9.55,9.37,9.45,True,七 匹 狼,False
2018-06-06,87.394,88.678,86.71,88.678,60219.0,57388706.99999999,9.38,9.53,9.3,9.53,True,七 匹 狼,False
2018-06-07,89.276,89.533,86.539,86.881,70487.0,65693884.0,9.6,9.63,9.28,9.32,True,七 匹 狼,False
2018-06-08,86.966,87.138,83.801,84.999,75836.0,69010760.0,9.33,9.35,8.96,9.1,True,七 匹 狼,False
2018-06-11,84.913,85.683,83.373,84.057,48650.0,43736350.0,9.09,9.18,8.91,8.99,True,七 匹 狼,False
2018-06-12,84.4,85.769,83.544,85.255,59977.0,54159230.99999999,8.93,9.09,8.83,9.03,True,七 匹 狼,False
2018-06-13,84.999,84.999,83.373,83.459,51117.0,45085194.0,9.0,9.0,8.81,8.82,True,七 匹 狼,False
2018-06-14,83.287,84.057,82.603,82.689,33609.0,29340657.0,8.8,8.89,8.72,8.73,True,七 匹 狼,False
2018-06-15,82.86,83.031,79.865,81.405,61564.0,52821912.0,8.75,8.77,8.4,8.58,True,七 匹 狼,False
2018-06-19,80.635,81.063,76.956,78.24,68376.0,56136696.00000001,8.49,8.54,8.06,8.21,True,七 匹 狼,False
2018-06-20,77.726,79.266,77.299,78.924,55075.0,45657174.99999999,8.15,8.33,8.1,8.29,True,七 匹 狼,False
2018-06-21,78.839,79.095,76.443,77.042,52751.0,42570057.0,8.28,8.31,8.0,8.07,True,七 匹 狼,False
2018-06-22,76.443,77.812,76.101,77.299,29542.0,23929020.0,8.0,8.16,7.96,8.1,True,七 匹 狼,False
2018-06-25,77.555,78.069,77.127,77.127,31892.0,25768736.0,8.13,8.19,8.08,8.08,True,七 匹 狼,False
2018-06-26,76.529,77.726,75.759,76.272,56979.0,45469242.0,8.01,8.15,7.92,7.98,True,七 匹 狼,False
2018-06-27,76.357,77.042,75.93,76.272,40468.0,32293464.0,7.99,8.07,7.94,7.98,True,七 匹 狼,False
2018-06-28,76.101,76.785,75.245,75.245,38449.0,30220914.0,7.96,8.04,7.86,7.86,True,七 匹 狼,False
2018-06-29,75.245,76.614,74.732,76.357,39866.0,31852934.0,7.86,8.02,7.8,7.99,True,七 匹 狼,False
2018-07-02,76.443,76.443,74.133,74.219,70363.0,54460962.0,8.0,8.0,7.73,7.74,True,七 匹 狼,False
2018-07-03,74.646,74.646,71.139,73.277,95104.0,72564352.0,7.79,7.79,7.38,7.63,True,七 匹 狼,False
2018-07-04,72.764,74.39,71.909,73.876,85182.0,65590140.0,7.57,7.76,7.47,7.7,True,七 匹 狼,False
2018-07-05,73.277,73.62,71.481,71.481,43361.0,32173862.0,7.63,7.67,7.42,7.42,True,七 匹 狼,False
2018-07-06,71.481,72.251,70.283,70.882,80982.0,59521770.0,7.42,7.51,7.28,7.35,True,七 匹 狼,False
2018-07-09,70.625,72.251,70.54,71.737,39423.0,29370135.0,7.32,7.51,7.31,7.45,True,七 匹 狼,False
2018-07-10,71.909,72.336,71.481,72.165,30356.0,22767000.0,7.47,7.52,7.42,7.5,True,七 匹 狼,False
2018-07-11,71.224,71.395,70.625,71.224,37052.0,27381428.0,7.39,7.41,7.32,7.39,True,七 匹 狼,False
2018-07-12,71.31,72.679,71.224,72.336,33567.0,25242384.0,7.4,7.56,7.39,7.52,True,七 匹 狼,False
2018-07-13,72.08,73.021,72.08,72.593,29232.0,22070160.0,7.49,7.6,7.49,7.55,True,七 匹 狼,False
2018-07-16,72.507,73.791,72.422,73.534,43552.0,33360832.0,7.54,7.69,7.53,7.66,True,七 匹 狼,False
2018-07-17,73.791,74.133,72.935,73.534,47498.0,36383468.0,7.69,7.73,7.59,7.66,True,七 匹 狼,False
2018-07-18,73.876,73.876,72.935,73.192,34856.0,26560272.0,7.7,7.7,7.59,7.62,True,七 匹 狼,False
2018-07-19,73.106,73.277,72.165,72.507,21251.0,16023254.0,7.61,7.63,7.5,7.54,True,七 匹 狼,False
2018-07-20,72.593,73.705,72.336,73.363,70692.0,54008688.0,7.55,7.68,7.52,7.64,True,七 匹 狼,False
2018-07-23,73.192,73.62,72.764,73.277,63824.0,48697712.0,7.62,7.67,7.57,7.63,True,七 匹 狼,False
2018-07-24,73.277,74.989,73.106,74.39,88358.0,68565808.0,7.63,7.83,7.61,7.76,True,七 匹 狼,False
2018-07-25,74.219,74.646,73.876,74.047,50672.0,39118784.0,7.74,7.79,7.7,7.72,True,七 匹 狼,False
2018-07-26,74.047,74.304,73.534,74.047,46662.0,36023064.0,7.72,7.75,7.66,7.72,True,七 匹 狼,False
2018-07-27,73.705,74.047,73.021,73.363,40717.0,31107788.0,7.68,7.72,7.6,7.64,True,七 匹 狼,False
2018-07-30,73.449,73.534,71.909,72.08,42950.0,32169550.0,7.65,7.66,7.47,7.49,True,七 匹 狼,False
2018-07-31,72.251,72.593,71.737,72.507,30350.0,22883900.0,7.51,7.55,7.45,7.54,True,七 匹 狼,False
2018-08-01,72.593,72.85,71.481,71.909,52262.0,39039714.0,7.55,7.58,7.42,7.47,True,七 匹 狼,False
2018-08-02,71.481,71.737,69.427,70.197,55371.0,40254717.0,7.42,7.45,7.18,7.27,True,七 匹 狼,False
2018-08-03,70.197,70.54,69.684,69.855,31378.0,22686294.0,7.27,7.31,7.21,7.23,True,七 匹 狼,False
2018-08-06,69.941,69.941,67.887,68.828,47423.0,33717753.0,7.24,7.24,7.0,7.11,True,七 匹 狼,False
2018-08-07,68.572,69.598,67.802,69.427,61074.0,43851132.0,7.08,7.2,6.99,7.18,True,七 匹 狼,False
2018-08-08,69.427,69.427,67.117,67.631,56796.0,39586812.0,7.18,7.18,6.91,6.97,True,七 匹 狼,False
2018-08-09,67.631,68.914,67.203,68.315,51741.0,36477405.0,6.97,7.12,6.92,7.05,True,七 匹 狼,False
2018-08-10,68.23,68.572,67.973,68.315,21190.0,14938950.0,7.04,7.08,7.01,7.05,True,七 匹 狼,False
2018-08-13,67.716,68.058,67.203,67.973,25372.0,17785772.0,6.98,7.02,6.92,7.01,True,七 匹 狼,False
2018-08-14,67.887,68.572,67.716,68.486,25995.0,18378465.0,7.0,7.08,6.98,7.07,True,七 匹 狼,False
2018-08-15,68.743,68.743,66.775,66.861,43495.0,29924560.0,7.1,7.1,6.87,6.88,True,七 匹 狼,False
2018-08-16,66.518,66.604,65.577,66.176,45674.0,31058320.0,6.84,6.85,6.73,6.8,True,七 匹 狼,False
2018-08-17,66.433,66.861,64.551,64.978,29605.0,19716930.0,6.83,6.88,6.61,6.66,True,七 匹 狼,False
2018-08-20,65.064,65.577,63.096,64.123,52672.0,34552832.0,6.67,6.73,6.44,6.56,True,七 匹 狼,False
2018-08-21,64.38,65.321,63.952,65.064,28973.0,19324991.0,6.59,6.7,6.54,6.67,True,七 匹 狼,False
2018-08-22,64.978,65.492,64.636,64.893,23551.0,15661415.0,6.66,6.72,6.62,6.65,True,七 匹 狼,False
2018-08-23,64.722,65.15,63.524,64.294,45622.0,30019276.0,6.63,6.68,6.49,6.58,True,七 匹 狼,False
2018-08-24,64.037,64.722,63.866,64.123,31394.0,20594464.0,6.55,6.63,6.53,6.56,True,七 匹 狼,False
2018-08-27,64.123,65.15,63.866,65.064,45654.0,30451218.0,6.56,6.68,6.53,6.67,True,七 匹 狼,False
2018-08-28,65.064,65.492,64.807,64.978,33230.0,22131180.0,6.67,6.72,6.64,6.66,True,七 匹 狼,False
2018-08-29,64.978,65.064,64.123,64.38,27812.0,18328108.0,6.66,6.67,6.56,6.59,True,七 匹 狼,False
2018-08-30,64.38,64.465,62.925,62.925,48588.0,31193496.0,6.59,6.6,6.42,6.42,True,七 匹 狼,False
2018-08-31,62.84,63.524,61.984,62.754,52625.0,33680000.0,6.41,6.49,6.31,6.4,True,七 匹 狼,False
2018-09-03,62.668,65.663,62.497,65.321,124317.0,83292390.0,6.39,6.74,6.37,6.7,True,七 匹 狼,False
2018-09-04,65.321,66.775,64.807,66.176,68404.0,46514720.0,6.7,6.87,6.64,6.8,True,七 匹 狼,False
2018-09-05,65.92,66.433,65.663,66.091,59330.0,40285070.0,6.77,6.83,6.74,6.79,True,七 匹 狼,False
2018-09-06,65.834,66.176,65.064,65.235,23056.0,15424464.0,6.76,6.8,6.67,6.69,True,七 匹 狼,False
2018-09-07,65.321,66.518,65.064,65.577,19991.0,13453943.0,6.7,6.84,6.67,6.73,True,七 匹 狼,False
2018-09-10,65.577,65.748,63.866,64.294,24324.0,16005192.0,6.73,6.75,6.53,6.58,True,七 匹 狼,False
2018-09-11,64.208,65.321,63.952,65.235,21797.0,14582193.0,6.57,6.7,6.54,6.69,True,七 匹 狼,False
2018-09-12,64.978,68.058,64.978,66.262,51870.0,35323470.0,6.66,7.02,6.66,6.81,True,七 匹 狼,False
2018-09-13,66.69,67.545,66.262,66.775,36204.0,24872148.0,6.86,6.96,6.81,6.87,True,七 匹 狼,False
2018-09-14,66.775,66.946,65.92,65.92,19626.0,13286802.0,6.87,6.89,6.77,6.77,True,七 匹 狼,False
2018-09-17,65.748,65.834,65.064,65.321,19713.0,13207710.0,6.75,6.76,6.67,6.7,True,七 匹 狼,False
2018-09-18,65.064,66.604,64.978,66.347,22121.0,15086522.0,6.67,6.85,6.66,6.82,True,七 匹 狼,False
2018-09-19,66.262,66.861,65.92,66.518,33340.0,22804560.0,6.81,6.88,6.77,6.84,True,七 匹 狼,False
2018-09-20,65.748,67.032,65.748,66.946,31080.0,21414120.0,6.75,6.9,6.75,6.89,True,七 匹 狼,False
2018-09-21,66.861,68.058,66.861,67.802,41204.0,28801596.0,6.88,7.02,6.88,6.99,True,七 匹 狼,False
2018-09-25,67.374,67.716,67.117,67.203,23157.0,16024644.0,6.94,6.98,6.91,6.92,True,七 匹 狼,False
2018-09-26,67.203,67.802,66.861,67.117,25814.0,17837474.0,6.92,6.99,6.88,6.91,True,七 匹 狼,False
2018-09-27,66.946,67.032,65.577,65.577,27171.0,18286083.0,6.89,6.9,6.73,6.73,True,七 匹 狼,False
2018-09-28,65.92,67.46,65.834,67.374,36776.0,25522544.0,6.77,6.95,6.76,6.94,True,七 匹 狼,False
2018-10-08,66.262,66.775,64.978,65.235,33751.0,22579419.0,6.81,6.87,6.66,6.69,True,七 匹 狼,False
2018-10-09,65.15,66.433,65.064,65.748,25113.0,16951275.0,6.68,6.83,6.67,6.75,True,七 匹 狼,False
2018-10-10,65.92,66.005,64.123,64.722,23655.0,15683265.0,6.77,6.78,6.56,6.63,True,七 匹 狼,False
2018-10-11,63.353,63.695,59.246,60.53,69096.0,42424944.0,6.47,6.51,5.99,6.14,True,七 匹 狼,False
2018-10-12,60.102,60.701,57.621,59.76,93171.0,56368455.0,6.09,6.16,5.8,6.05,True,七 匹 狼,False
2018-10-15,60.016,60.358,58.391,58.647,26856.0,15898752.0,6.08,6.12,5.89,5.92,True,七 匹 狼,False
2018-10-16,58.562,58.99,56.851,57.193,40722.0,23415150.0,5.91,5.96,5.71,5.75,True,七 匹 狼,False
2018-10-17,57.963,58.048,56.252,57.535,32081.0,18574899.0,5.84,5.85,5.64,5.79,True,七 匹 狼,False
2018-10-18,57.022,57.364,55.995,56.594,39176.0,22251968.0,5.73,5.77,5.61,5.68,True,七 匹 狼,False
2018-10-19,56.081,58.22,55.738,58.134,43042.0,25222612.0,5.62,5.87,5.58,5.86,True,七 匹 狼,False
2018-10-22,58.391,61.385,57.877,61.214,75481.0,46949182.0,5.89,6.24,5.83,6.22,True,七 匹 狼,False
2018-10-23,61.128,61.471,59.845,60.102,38762.0,23606058.0,6.21,6.25,6.06,6.09,True,七 匹 狼,False
2018-10-24,60.016,61.471,59.845,60.358,28235.0,17279820.0,6.08,6.25,6.06,6.12,True,七 匹 狼,False
2018-10-25,59.161,60.016,58.647,59.931,29447.0,17874329.0,5.98,6.08,5.92,6.07,True,七 匹 狼,False
2018-10-26,60.016,61.128,60.016,60.615,38081.0,23419815.0,6.08,6.21,6.08,6.15,True,七 匹 狼,False
2018-10-29,60.444,60.786,59.503,59.845,23098.0,13997388.0,6.13,6.17,6.02,6.06,True,七 匹 狼,False
2018-10-30,60.102,61.043,59.075,60.444,48829.0,29932177.0,6.09,6.2,5.97,6.13,True,七 匹 狼,False
2018-10-31,60.53,61.984,60.444,61.385,47309.0,29520816.0,6.14,6.31,6.13,6.24,True,七 匹 狼,False
2018-11-01,61.727,62.07,61.214,61.3,46561.0,29007503.000000004,6.28,6.32,6.22,6.23,True,七 匹 狼,False
2018-11-02,61.813,62.925,61.471,62.754,62308.0,39877120.0,6.29,6.42,6.25,6.4,True,七 匹 狼,False
2018-11-05,62.326,62.754,61.642,62.241,57397.0,36389698.0,6.35,6.4,6.27,6.34,True,七 匹 狼,False
2018-11-06,62.241,62.412,61.3,61.984,43098.0,27194838.0,6.34,6.36,6.23,6.31,True,七 匹 狼,False
2018-11-07,62.241,63.011,61.813,62.326,57822.0,36716970.0,6.34,6.43,6.29,6.35,True,七 匹 狼,False
2018-11-08,62.84,63.182,61.813,61.898,24101.0,15183630.0,6.41,6.45,6.29,6.3,True,七 匹 狼,False
2018-11-09,61.727,62.241,61.556,62.155,23706.0,15005898.0,6.28,6.34,6.26,6.33,True,七 匹 狼,False
2018-11-12,62.241,65.321,62.241,64.208,69642.0,45754794.0,6.34,6.7,6.34,6.57,True,七 匹 狼,False
2018-11-13,63.353,65.663,62.925,65.406,71619.0,48056349.0,6.47,6.74,6.42,6.71,True,七 匹 狼,False
2018-11-14,65.492,66.946,64.465,65.15,68567.0,45802756.0,6.72,6.89,6.6,6.68,True,七 匹 狼,False
2018-11-15,65.663,67.631,65.15,66.262,107517.0,73219077.0,6.74,6.97,6.68,6.81,True,七 匹 狼,False
2018-11-16,67.288,72.08,67.032,71.139,347311.0,256315518.0,6.93,7.49,6.9,7.38,True,七 匹 狼,False
2018-11-19,70.112,70.454,67.716,67.887,270053.0,189037100.0,7.26,7.3,6.98,7.0,True,七 匹 狼,False
2018-11-20,67.117,67.117,65.064,65.492,132900.0,89308800.0,6.91,6.91,6.67,6.72,True,七 匹 狼,False
2018-11-21,64.551,66.518,64.465,65.834,75936.0,51332736.0,6.61,6.84,6.6,6.76,True,七 匹 狼,False
2018-11-22,65.492,66.091,65.492,65.92,46977.0,31803429.0,6.72,6.79,6.72,6.77,True,七 匹 狼,False
2018-11-23,66.005,66.005,62.155,62.754,96832.0,61972480.0,6.78,6.78,6.33,6.4,True,七 匹 狼,False
2018-11-26,62.668,63.781,62.412,63.096,51072.0,32890368.000000004,6.39,6.52,6.36,6.44,True,七 匹 狼,False
2018-11-27,63.524,64.208,63.267,64.037,44026.0,28837030.0,6.49,6.57,6.46,6.55,True,七 匹 狼,False
2018-11-28,63.952,65.235,62.925,65.15,53621.0,35818828.0,6.54,6.69,6.42,6.68,True,七 匹 狼,False
2018-11-29,65.406,65.663,63.096,63.353,42131.0,27258757.0,6.71,6.74,6.44,6.47,True,七 匹 狼,False
2018-11-30,63.011,64.208,61.898,63.866,39039.0,25492467.0,6.43,6.57,6.3,6.53,True,七 匹 狼,False
2018-12-03,64.893,66.775,64.807,66.262,86296.0,58767576.0,6.65,6.87,6.64,6.81,True,七 匹 狼,False
2018-12-04,66.005,66.347,65.663,66.262,27176.0,18506856.0,6.78,6.82,6.74,6.81,True,七 匹 狼,False
2018-12-05,65.235,66.518,64.978,65.834,37558.0,25389208.0,6.69,6.84,6.66,6.76,True,七 匹 狼,False
2018-12-06,65.577,66.091,64.551,64.551,33809.0,22347749.0,6.73,6.79,6.61,6.61,True,七 匹 狼,False
2018-12-07,64.722,64.893,63.866,64.636,21256.0,14071472.0,6.63,6.65,6.53,6.62,True,七 匹 狼,False
2018-12-10,64.551,64.551,63.267,63.61,28403.0,18461950.0,6.61,6.61,6.46,6.5,True,七 匹 狼,False
2018-12-11,64.123,64.208,63.695,64.037,17853.0,11693715.0,6.56,6.57,6.51,6.55,True,七 匹 狼,False
2018-12-12,64.123,64.893,64.123,64.807,20054.0,13315856.0,6.56,6.65,6.56,6.64,True,七 匹 狼,False
2018-12-13,64.551,65.92,64.208,64.978,46293.0,30831138.0,6.61,6.77,6.57,6.66,True,七 匹 狼,False
2018-12-14,65.064,65.064,63.438,63.695,28502.0,18554802.0,6.67,6.67,6.48,6.51,True,七 匹 狼,False
2018-12-17,63.438,63.866,62.155,63.096,26949.0,17355156.0,6.48,6.53,6.33,6.44,True,七 匹 狼,False
2018-12-18,63.011,63.61,62.241,62.754,25835.0,16534400.0,6.43,6.5,6.34,6.4,True,七 匹 狼,False
2018-12-19,62.497,63.011,62.07,62.155,25646.0,16233918.0,6.37,6.43,6.32,6.33,True,七 匹 狼,False
2018-12-20,61.984,62.412,61.3,61.984,35125.0,22163875.0,6.31,6.36,6.23,6.31,True,七 匹 狼,False
2018-12-21,61.813,62.07,61.385,62.07,16519.0,10440008.0,6.29,6.32,6.24,6.32,True,七 匹 狼,False
2018-12-24,61.727,62.583,61.642,62.241,26580.0,16851720.0,6.28,6.38,6.27,6.34,True,七 匹 狼,False
2018-12-25,61.727,62.497,59.845,62.326,40962.0,26010870.0,6.28,6.37,6.06,6.35,True,七 匹 狼,False
2018-12-26,61.984,62.155,61.556,61.727,18123.0,11381244.0,6.31,6.33,6.26,6.28,True,七 匹 狼,False
2018-12-27,62.497,62.668,60.444,60.444,23793.0,14585109.0,6.37,6.39,6.13,6.13,True,七 匹 狼,False
2018-12-28,60.701,61.642,60.701,61.043,17384.0,10778080.0,6.16,6.27,6.16,6.2,True,七 匹 狼,False
2019-01-02,61.556,61.813,60.701,60.701,21733.0,13387528.0,6.26,6.29,6.16,6.16,True,七 匹 狼,False
2019-01-03,60.786,61.214,60.615,60.786,18788.0,11592196.0,6.17,6.22,6.15,6.17,True,七 匹 狼,False
2019-01-04,60.358,62.155,60.187,62.07,26570.0,16792240.0,6.12,6.33,6.1,6.32,True,七 匹 狼,False
2019-01-07,62.326,63.781,61.898,63.438,37306.0,24174288.0,6.35,6.52,6.3,6.48,True,七 匹 狼,False
2019-01-08,63.267,63.438,62.754,63.182,22723.0,14656335.0,6.46,6.48,6.4,6.45,True,七 匹 狼,False
2019-01-09,63.182,64.294,62.84,63.267,31567.0,20392282.0,6.45,6.58,6.41,6.46,True,七 匹 狼,False
2019-01-10,63.267,63.61,63.011,63.267,17233.0,11132518.0,6.46,6.5,6.43,6.46,True,七 匹 狼,False
2019-01-11,63.182,63.353,62.583,63.182,23906.0,15419370.0,6.45,6.47,6.38,6.45,True,七 匹 狼,False
2019-01-14,63.096,63.267,62.241,62.668,24628.0,15737292.0,6.44,6.46,6.34,6.39,True,七 匹 狼,False
2019-01-15,62.326,63.524,62.155,63.524,28786.0,18682114.0,6.35,6.49,6.33,6.49,True,七 匹 狼,False
2019-01-16,63.61,63.781,63.267,63.267,20271.0,13095066.0,6.5,6.52,6.46,6.46,True,七 匹 狼,False
2019-01-17,63.61,63.952,62.583,62.583,26436.0,16866168.0,6.5,6.54,6.38,6.38,True,七 匹 狼,False
2019-01-18,62.84,63.182,62.07,62.925,30757.0,19745994.0,6.41,6.45,6.32,6.42,True,七 匹 狼,False
2019-01-21,63.096,63.524,62.497,62.925,25949.0,16659258.0,6.44,6.49,6.37,6.42,True,七 匹 狼,False
2019-01-22,62.668,62.84,61.556,61.727,36496.0,22919488.0,6.39,6.41,6.26,6.28,True,七 匹 狼,False
2019-01-23,61.727,62.155,61.3,61.642,26921.0,16879467.0,6.28,6.33,6.23,6.27,True,七 匹 狼,False
2019-01-24,61.642,62.412,61.471,61.813,27796.0,17483684.0,6.27,6.36,6.25,6.29,True,七 匹 狼,False
2019-01-25,62.241,63.781,62.241,63.096,73312.0,47212928.0,6.34,6.52,6.34,6.44,True,七 匹 狼,False
2019-01-28,63.353,63.353,62.07,62.241,47242.0,29951428.0,6.47,6.47,6.32,6.34,True,七 匹 狼,False
2019-01-29,61.727,62.07,60.872,61.471,35551.0,22219375.0,6.28,6.32,6.18,6.25,True,七 匹 狼,False
2019-01-30,61.3,61.727,61.043,61.385,18002.0,11233248.0,6.23,6.28,6.2,6.24,True,七 匹 狼,False
2019-01-31,61.642,61.727,60.615,60.786,31725.0,19574325.0,6.27,6.28,6.15,6.17,True,七 匹 狼,False
2019-02-01,61.043,62.583,60.957,61.898,27020.0,17022600.0,6.2,6.38,6.19,6.3,True,七 匹 狼,False
2019-02-11,61.898,63.353,61.898,63.353,35151.0,22742697.0,6.3,6.47,6.3,6.47,True,七 匹 狼,False
2019-02-12,63.182,64.208,62.925,63.695,40596.0,26427996.0,6.45,6.57,6.42,6.51,True,七 匹 狼,False
2019-02-13,64.037,64.807,63.695,64.807,55590.0,36911760.0,6.55,6.64,6.51,6.64,True,七 匹 狼,False
2019-02-14,64.722,64.722,63.866,64.208,48112.0,31609584.0,6.63,6.63,6.53,6.57,True,七 匹 狼,False
2019-02-15,64.294,64.551,63.952,64.123,35973.0,23598288.0,6.58,6.61,6.54,6.56,True,七 匹 狼,False
2019-02-18,64.465,65.748,64.294,65.663,64294.0,43334156.0,6.6,6.75,6.58,6.74,True,七 匹 狼,False
2019-02-19,65.663,65.834,63.524,64.893,108936.0,72442440.0,6.74,6.76,6.49,6.65,True,七 匹 狼,False
2019-02-20,64.636,64.722,64.037,64.551,60335.0,39881435.0,6.62,6.63,6.55,6.61,True,七 匹 狼,False
2019-02-21,64.38,65.492,63.952,64.037,88651.0,58066405.0,6.59,6.72,6.54,6.55,True,七 匹 狼,False
2019-02-22,63.952,65.064,63.695,65.064,119703.0,79841901.0,6.54,6.67,6.51,6.67,True,七 匹 狼,False
2019-02-25,65.321,68.23,65.235,67.973,198311.0,139016011.0,6.7,7.04,6.69,7.01,True,七 匹 狼,False
2019-02-26,67.887,68.914,67.032,67.545,171953.0,119679288.0,7.0,7.12,6.9,6.96,True,七 匹 狼,False
2019-02-27,67.887,69.171,66.775,67.374,154608.0,107297952.0,7.0,7.15,6.87,6.94,True,七 匹 狼,False
2019-02-28,67.802,68.486,67.374,68.401,104265.0,73611090.0,6.99,7.07,6.94,7.06,True,七 匹 狼,False
2019-03-01,68.401,68.572,67.46,68.23,80706.0,56817024.0,7.06,7.08,6.95,7.04,True,七 匹 狼,False
2019-03-04,68.572,70.625,68.486,69.171,164043.0,117290745.0,7.08,7.32,7.07,7.15,True,七 匹 狼,False
2019-03-05,68.743,70.112,68.401,70.026,132487.0,96053075.0,7.1,7.26,7.06,7.25,True,七 匹 狼,False
2019-03-06,70.026,71.224,69.684,71.139,173778.0,128248164.0,7.25,7.39,7.21,7.38,True,七 匹 狼,False
2019-03-07,71.139,72.935,70.54,71.994,170038.0,127188424.0,7.38,7.59,7.31,7.48,True,七 匹 狼,False
2019-03-08,70.882,71.224,68.144,68.315,146541.0,103311405.0,7.35,7.39,7.03,7.05,True,七 匹 狼,False
2019-03-11,68.144,72.593,68.144,72.08,177711.0,133105539.0,7.03,7.55,7.03,7.49,True,七 匹 狼,False
2019-03-12,72.507,74.561,70.967,72.165,237931.0,178448250.0,7.54,7.78,7.36,7.5,True,七 匹 狼,False
2019-03-13,72.08,72.85,70.368,71.053,134854.0,99387398.0,7.49,7.58,7.29,7.37,True,七 匹 狼,False
2019-03-14,70.368,71.224,68.657,69.427,104280.0,74873040.0,7.29,7.39,7.09,7.18,True,七 匹 狼,False
2019-03-15,69.77,71.566,69.598,70.54,109590.0,80110290.0,7.22,7.43,7.2,7.31,True,七 匹 狼,False
2019-03-18,71.053,72.593,70.368,72.336,132672.0,99769344.0,7.37,7.55,7.29,7.52,True,七 匹 狼,False
2019-03-19,72.336,73.277,71.823,72.165,166492.0,124869000.0,7.52,7.63,7.46,7.5,True,七 匹 狼,False
2019-03-20,72.336,72.422,70.882,71.823,142518.0,106318428.0,7.52,7.53,7.35,7.46,True,七 匹 狼,False
2019-03-21,72.08,73.363,71.566,72.85,143199.0,108544842.0,7.49,7.64,7.43,7.58,True,七 匹 狼,False
2019-03-22,72.85,74.989,71.652,74.732,208835.0,162891300.0,7.58,7.83,7.44,7.8,True,七 匹 狼,False
2019-03-25,73.363,74.39,72.85,73.021,153297.0,116505720.0,7.64,7.76,7.58,7.6,True,七 匹 狼,False
2019-03-26,73.277,73.62,70.967,71.566,108151.0,80356193.0,7.63,7.67,7.36,7.43,True,七 匹 狼,False
2019-03-27,71.994,72.251,70.882,71.823,93039.0,69407094.0,7.48,7.51,7.35,7.46,True,七 匹 狼,False
2019-03-28,71.652,72.336,70.454,70.625,103905.0,76058460.0,7.44,7.52,7.3,7.32,True,七 匹 狼,False
2019-03-29,70.796,72.251,69.342,71.994,125526.0,93893448.0,7.34,7.51,7.17,7.48,True,七 匹 狼,False
2019-04-01,71.994,74.219,71.737,73.962,152415.0,117511965.0,7.48,7.74,7.45,7.71,True,七 匹 狼,False
2019-04-02,74.219,74.561,73.534,73.876,117966.0,90833820.0,7.74,7.78,7.66,7.7,True,七 匹 狼,False
2019-04-03,73.791,75.16,73.534,74.817,112560.0,87909360.0,7.69,7.85,7.66,7.81,True,七 匹 狼,False
2019-04-04,75.074,75.416,74.047,74.817,153814.0,120128734.0,7.84,7.88,7.72,7.81,True,七 匹 狼,False
2019-04-08,75.074,76.101,73.705,74.475,128056.0,99499512.0,7.84,7.96,7.68,7.77,True,七 匹 狼,False
2019-04-09,74.304,75.844,73.791,75.331,120190.0,94589530.0,7.75,7.93,7.69,7.87,True,七 匹 狼,False
2019-04-10,74.989,76.015,73.791,74.817,131533.0,102727273.0,7.83,7.95,7.69,7.81,True,七 匹 狼,False
2019-04-11,74.817,75.074,73.277,73.449,84563.0,64690695.0,7.81,7.84,7.63,7.65,True,七 匹 狼,False
2019-04-12,73.449,73.791,72.251,72.935,80228.0,60893052.0,7.65,7.69,7.51,7.59,True,七 匹 狼,False
2019-04-15,73.62,74.39,72.593,72.679,86795.0,65617020.0,7.67,7.76,7.55,7.56,True,七 匹 狼,False
2019-04-16,72.764,73.876,71.481,73.791,83343.0,64090767.0,7.57,7.7,7.42,7.69,True,七 匹 狼,False
2019-04-17,73.449,74.989,73.363,74.39,94982.0,73706032.0,7.65,7.83,7.64,7.76,True,七 匹 狼,False
2019-04-18,74.133,75.245,74.047,74.219,90966.0,70407684.0,7.73,7.86,7.72,7.74,True,七 匹 狼,False
2019-04-19,74.561,74.903,72.85,73.791,104757.0,80558133.0,7.78,7.82,7.58,7.69,True,七 匹 狼,False
2019-04-22,73.962,74.133,71.909,72.08,88664.0,66409336.0,7.71,7.73,7.47,7.49,True,七 匹 狼,False
2019-04-23,72.165,72.336,71.139,71.566,66230.0,49208890.0,7.5,7.52,7.38,7.43,True,七 匹 狼,False
2019-04-24,71.737,71.909,70.882,71.737,39962.0,29771690.0,7.45,7.47,7.35,7.45,True,七 匹 狼,False
2019-04-25,71.823,72.08,69.855,69.941,69392.0,50239808.0,7.46,7.49,7.23,7.24,True,七 匹 狼,False
2019-04-26,69.941,70.454,69.085,69.342,51013.0,36576321.0,7.24,7.3,7.14,7.17,True,七 匹 狼,False
2019-04-29,69.598,69.855,67.802,67.973,79193.0,55514293.0,7.2,7.23,6.99,7.01,True,七 匹 狼,False
2019-04-30,68.144,68.914,67.973,68.486,38631.0,27312117.0,7.03,7.12,7.01,7.07,True,七 匹 狼,False
2019-05-06,67.545,67.716,63.524,63.781,114875.0,74898500.0,6.96,6.98,6.49,6.52,True,七 匹 狼,False
2019-05-07,64.893,65.064,63.524,65.064,67252.0,44857084.0,6.65,6.67,6.49,6.67,True,七 匹 狼,False
2019-05-08,64.208,65.15,63.781,64.551,43212.0,28563132.0,6.57,6.68,6.52,6.61,True,七 匹 狼,False
2019-05-09,64.208,64.893,64.037,64.38,36404.0,23990236.0,6.57,6.65,6.55,6.59,True,七 匹 狼,False
2019-05-10,64.807,65.92,63.781,65.748,65327.0,44095725.0,6.64,6.77,6.52,6.75,True,七 匹 狼,False
2019-05-13,65.064,65.492,64.893,65.321,44528.0,29833760.0,6.67,6.72,6.65,6.7,True,七 匹 狼,False
2019-05-14,64.722,65.492,64.465,65.064,37929.0,25298643.0,6.63,6.72,6.6,6.67,True,七 匹 狼,False
2019-05-15,65.321,65.92,65.064,65.663,48043.0,32380982.0,6.7,6.77,6.67,6.74,True,七 匹 狼,False
2019-05-16,65.492,66.005,65.321,65.834,49649.0,33562724.0,6.72,6.78,6.7,6.76,True,七 匹 狼,False
2019-05-17,65.92,65.92,63.695,64.037,58659.0,38421645.0,6.77,6.77,6.51,6.55,True,七 匹 狼,False
2019-05-20,63.952,64.037,62.668,63.61,34779.0,22606350.0,6.54,6.55,6.39,6.5,True,七 匹 狼,False
2019-05-21,63.267,64.465,63.267,64.208,30852.0,20269764.0,6.46,6.6,6.46,6.57,True,七 匹 狼,False
2019-05-22,64.465,64.722,63.438,64.208,33418.0,21955626.0,6.6,6.63,6.48,6.57,True,七 匹 狼,False
2019-05-23,64.037,64.037,63.011,63.096,33690.0,21696360.0,6.55,6.55,6.43,6.44,True,七 匹 狼,False
2019-05-24,63.267,63.353,62.155,62.497,30171.0,19218927.0,6.46,6.47,6.33,6.37,True,七 匹 狼,False
2019-05-27,62.754,63.952,62.412,63.866,40520.0,26459560.0,6.4,6.54,6.36,6.53,True,七 匹 狼,False
2019-05-28,63.781,64.208,63.695,64.123,34057.0,22341392.0,6.52,6.57,6.51,6.56,True,七 匹 狼,False
2019-05-29,63.952,64.208,63.61,63.695,22144.0,14415744.0,6.54,6.57,6.5,6.51,True,七 匹 狼,False
2019-05-30,63.781,63.866,63.011,63.524,19845.0,12879405.0,6.52,6.53,6.43,6.49,True,七 匹 狼,False
2019-05-31,63.61,63.866,63.353,63.353,16960.0,10973120.0,6.5,6.53,6.47,6.47,True,七 匹 狼,False
2019-06-03,63.438,63.695,62.583,62.754,22296.0,14269440.0,6.48,6.51,6.38,6.4,True,七 匹 狼,False
2019-06-04,62.754,63.011,62.326,62.925,21437.0,13762554.0,6.4,6.43,6.35,6.42,True,七 匹 狼,False
2019-06-05,63.267,63.353,62.84,62.925,16649.0,10688658.0,6.46,6.47,6.41,6.42,True,七 匹 狼,False
2019-06-06,62.84,62.925,62.07,62.155,22163.0,14029179.0,6.41,6.42,6.32,6.33,True,七 匹 狼,False
2019-06-10,62.326,62.925,61.898,62.668,23235.0,14847165.0,6.35,6.42,6.3,6.39,True,七 匹 狼,False
2019-06-11,62.925,64.208,62.754,64.208,34339.0,22560723.0,6.42,6.57,6.4,6.57,True,七 匹 狼,False
2019-06-12,64.037,64.123,63.695,63.781,24437.0,15932923.999999998,6.55,6.56,6.51,6.52,True,七 匹 狼,False
2019-06-13,63.61,64.294,63.438,64.123,16857.0,11058192.0,6.5,6.58,6.48,6.56,True,七 匹 狼,False
2019-06-14,64.208,64.208,63.011,63.267,19316.0,12478136.0,6.57,6.57,6.43,6.46,True,七 匹 狼,False
2019-06-17,63.182,63.695,62.84,63.267,20781.0,13424526.0,6.45,6.51,6.41,6.46,True,七 匹 狼,False
2019-06-18,63.011,63.353,62.754,63.011,18188.0,11694884.0,6.43,6.47,6.4,6.43,True,七 匹 狼,False
2019-06-19,63.781,64.037,63.524,63.61,40774.0,26503100.0,6.52,6.55,6.49,6.5,True,七 匹 狼,False
2019-06-20,63.524,64.807,63.524,64.551,56611.0,37419871.0,6.49,6.64,6.49,6.61,True,七 匹 狼,False
2019-06-21,64.636,65.321,64.551,64.893,40034.0,26622610.0,6.62,6.7,6.61,6.65,True,七 匹 狼,False
2019-06-24,64.893,65.15,64.551,64.807,26596.0,17659744.0,6.65,6.68,6.61,6.64,True,七 匹 狼,False
2019-06-25,64.722,64.978,63.781,64.208,29034.0,19075338.0,6.63,6.66,6.52,6.57,True,七 匹 狼,False
2019-06-26,64.294,64.636,63.952,64.294,22235.0,14630630.0,6.58,6.62,6.54,6.58,True,七 匹 狼,False
2019-06-27,64.38,64.978,64.294,64.636,36365.0,23709980.0,6.49,6.56,6.48,6.52,True,七 匹 狼,False
2019-06-28,64.551,64.636,63.781,64.123,28607.0,18480122.0,6.51,6.52,6.42,6.46,True,七 匹 狼,False
2019-07-01,64.893,65.15,64.551,65.064,73797.0,48484629.0,6.55,6.58,6.51,6.57,True,七 匹 狼,False
2019-07-02,65.064,65.15,64.722,64.978,34585.0,22687760.0,6.57,6.58,6.53,6.56,True,七 匹 狼,False
2019-07-03,64.893,64.978,64.294,64.465,30790.0,20013500.0,6.55,6.56,6.48,6.5,True,七 匹 狼,False
2019-07-04,64.38,64.893,64.294,64.551,24614.0,16023714.0,6.49,6.55,6.48,6.51,True,七 匹 狼,False
2019-07-05,64.465,64.722,64.294,64.722,16993.0,11096429.0,6.5,6.53,6.48,6.53,True,七 匹 狼,False
2019-07-08,64.722,64.722,62.925,63.096,35815.0,22706710.0,6.53,6.53,6.32,6.34,True,七 匹 狼,False
2019-07-09,63.011,63.353,62.84,62.925,18519.0,11704008.0,6.33,6.37,6.31,6.32,True,七 匹 狼,False
2019-07-10,63.011,66.69,62.925,64.807,72256.0,47255424.0,6.33,6.76,6.32,6.54,True,七 匹 狼,False
2019-07-11,64.551,64.636,63.267,63.438,53832.0,34344816.0,6.51,6.52,6.36,6.38,True,七 匹 狼,False
2019-07-12,63.438,63.866,63.267,63.61,18654.0,11938560.0,6.38,6.43,6.36,6.4,True,七 匹 狼,False
2019-07-15,63.524,63.952,61.727,63.695,25153.0,16123073.0,6.39,6.44,6.18,6.41,True,七 匹 狼,False
2019-07-16,63.695,63.695,62.754,63.524,14188.0,9066132.0,6.41,6.41,6.3,6.39,True,七 匹 狼,False
2019-07-17,63.267,63.524,63.096,63.353,24622.0,15684214.0,6.36,6.39,6.34,6.37,True,七 匹 狼,False
2019-07-18,63.182,63.267,62.754,63.011,22715.0,14378595.0,6.35,6.36,6.3,6.33,True,七 匹 狼,False
2019-07-19,63.011,63.438,63.011,63.096,23956.0,15188104.0,6.33,6.38,6.33,6.34,True,七 匹 狼,False
2019-07-22,63.182,63.267,61.984,62.07,28885.0,17966470.0,6.35,6.36,6.21,6.22,True,七 匹 狼,False
2019-07-23,62.155,62.497,61.984,62.412,17202.0,10768452.0,6.23,6.27,6.21,6.26,True,七 匹 狼,False
2019-07-24,62.497,63.096,62.412,62.754,26558.0,16731540.0,6.27,6.34,6.26,6.3,True,七 匹 狼,False
2019-07-25,62.84,62.925,62.583,62.668,11970.0,7529130.0,6.31,6.32,6.28,6.29,True,七 匹 狼,False
2019-07-26,62.668,62.84,62.412,62.754,13036.0,8212680.0,6.29,6.31,6.26,6.3,True,七 匹 狼,False
2019-07-29,62.754,63.182,62.583,62.754,11926.0,7513380.0,6.3,6.35,6.28,6.3,True,七 匹 狼,False
2019-07-30,62.925,63.353,62.754,62.925,21873.0,13823736.0,6.32,6.37,6.3,6.32,True,七 匹 狼,False
2019-07-31,62.84,63.353,62.583,63.011,25013.0,15833229.0,6.31,6.37,6.28,6.33,True,七 匹 狼,False
2019-08-01,62.668,63.61,62.668,63.011,40095.0,25380135.0,6.29,6.4,6.29,6.33,True,七 匹 狼,False
2019-08-02,62.412,62.583,62.155,62.412,31294.0,19590044.0,6.26,6.28,6.23,6.26,True,七 匹 狼,False
2019-08-05,62.326,62.497,61.813,61.813,31200.0,19312800.0,6.25,6.27,6.19,6.19,True,七 匹 狼,False
2019-08-06,61.214,61.471,60.615,60.786,38544.0,23396208.0,6.12,6.15,6.05,6.07,True,七 匹 狼,False
2019-08-07,60.957,61.214,60.273,60.273,23599.0,14182999.0,6.09,6.12,6.01,6.01,True,七 匹 狼,False
2019-08-08,60.53,60.786,60.273,60.358,20620.0,12413240.0,6.04,6.07,6.01,6.02,True,七 匹 狼,False
2019-08-09,60.701,60.701,60.016,60.273,22359.0,13437759.0,6.06,6.06,5.98,6.01,True,七 匹 狼,False
2019-08-12,60.102,60.786,60.102,60.615,19143.0,11581515.0,5.99,6.07,5.99,6.05,True,七 匹 狼,False
2019-08-13,60.444,60.444,60.102,60.187,12373.0,7423800.0,6.03,6.03,5.99,6.0,True,七 匹 狼,False
2019-08-14,60.615,60.872,60.187,60.358,21711.0,13070022.0,6.05,6.08,6.0,6.02,True,七 匹 狼,False
2019-08-15,59.246,60.273,58.904,60.102,24994.0,14971406.0,5.89,6.01,5.85,5.99,True,七 匹 狼,False
2019-08-16,60.016,60.358,59.674,59.76,32577.0,19383315.0,5.98,6.02,5.94,5.95,True,七 匹 狼,False
2019-08-19,60.187,60.701,59.845,60.53,75570.0,45644280.0,6.0,6.06,5.96,6.04,True,七 匹 狼,False
2019-08-20,60.53,60.957,60.358,60.786,38482.0,23358574.0,6.04,6.09,6.02,6.07,True,七 匹 狼,False
2019-08-21,60.701,60.957,60.358,60.615,36348.0,21990540.0,6.06,6.09,6.02,6.05,True,七 匹 狼,False
2019-08-22,60.53,60.786,60.358,60.701,26731.0,16198985.999999998,6.04,6.07,6.02,6.06,True,七 匹 狼,False
2019-08-23,60.358,60.358,59.76,59.845,49283.0,29372668.0,6.02,6.02,5.95,5.96,True,七 匹 狼,False
2019-08-26,58.647,59.075,58.562,58.99,32444.0,19012184.0,5.82,5.87,5.81,5.86,True,七 匹 狼,False
2019-08-27,59.075,59.931,59.075,59.845,32022.0,19085112.0,5.87,5.97,5.87,5.96,True,七 匹 狼,False
2019-08-28,59.76,59.76,59.332,59.588,27853.0,16516829.0,5.95,5.95,5.9,5.93,True,七 匹 狼,False
2019-08-29,59.588,59.674,59.161,59.246,29556.0,17408484.0,5.93,5.94,5.88,5.89,True,七 匹 狼,False
2019-08-30,59.674,59.674,58.818,58.904,36495.0,21349575.0,5.94,5.94,5.84,5.85,True,七 匹 狼,False
2019-09-02,59.075,59.76,58.733,59.674,35703.0,21207582.0,5.87,5.95,5.83,5.94,True,七 匹 狼,False
2019-09-03,59.76,59.931,59.332,59.588,43730.0,25931890.0,5.95,5.97,5.9,5.93,True,七 匹 狼,False
2019-09-04,59.503,60.016,59.332,59.931,57142.0,34113774.0,5.92,5.98,5.9,5.97,True,七 匹 狼,False
2019-09-05,59.931,60.701,59.76,60.273,100555.0,60433555.0,5.97,6.06,5.95,6.01,True,七 匹 狼,False
2019-09-06,60.444,60.615,60.016,60.273,44662.0,26841862.0,6.03,6.05,5.98,6.01,True,七 匹 狼,False
2019-09-09,60.615,60.957,60.358,60.872,46897.0,28513376.0,6.05,6.09,6.02,6.08,True,七 匹 狼,False
2019-09-10,60.872,61.128,60.444,60.872,33013.0,20071904.0,6.08,6.11,6.03,6.08,True,七 匹 狼,False
2019-09-11,61.043,61.128,60.615,60.615,31469.0,19038745.0,6.1,6.11,6.05,6.05,True,七 匹 狼,False
2019-09-12,60.701,61.043,60.615,60.872,29952.0,18210816.0,6.06,6.1,6.05,6.08,True,七 匹 狼,False
2019-09-16,60.957,61.214,60.701,60.957,41381.0,25201029.0,6.09,6.12,6.06,6.09,True,七 匹 狼,False
2019-09-17,60.957,60.957,59.76,60.016,44686.0,26722228.000000004,6.09,6.09,5.95,5.98,True,七 匹 狼,False
2019-09-18,60.016,60.273,59.845,59.845,22827.0,13604892.0,5.98,6.01,5.96,5.96,True,七 匹 狼,False
2019-09-19,59.931,60.187,59.76,60.016,28837.0,17244526.0,5.97,6.0,5.95,5.98,True,七 匹 狼,False
2019-09-20,60.016,60.187,59.845,60.016,27134.0,16226132.000000002,5.98,6.0,5.96,5.98,True,七 匹 狼,False
2019-09-23,59.845,59.845,59.161,59.332,33821.0,19954390.0,5.96,5.96,5.88,5.9,True,七 匹 狼,False
2019-09-24,59.246,59.76,59.246,59.417,20924.0,12366084.0,5.89,5.95,5.89,5.91,True,七 匹 狼,False
2019-09-25,59.332,59.332,58.562,58.562,34549.0,20072969.0,5.9,5.9,5.81,5.81,True,七 匹 狼,False
2019-09-26,58.733,58.818,57.278,57.621,72984.0,41600880.0,5.83,5.84,5.66,5.7,True,七 匹 狼,False
2019-09-27,57.621,57.877,57.364,57.706,38144.0,21780224.0,5.7,5.73,5.67,5.71,True,七 匹 狼,False
2019-09-30,57.877,57.877,57.022,57.193,31866.0,18004290.0,5.73,5.73,5.63,5.65,True,七 匹 狼,False
2019-10-08,57.364,57.706,57.193,57.364,18565.0,10526355.0,5.67,5.71,5.65,5.67,True,七 匹 狼,False
2019-10-09,57.364,57.792,57.107,57.792,15466.0,8846552.0,5.67,5.72,5.64,5.72,True,七 匹 狼,False
2019-10-10,57.621,58.134,57.621,58.048,20728.0,11918600.0,5.7,5.76,5.7,5.75,True,七 匹 狼,False
2019-10-11,58.134,58.391,57.963,58.22,32014.0,18472078.0,5.76,5.79,5.74,5.77,True,七 匹 狼,False
2019-10-14,58.904,58.99,58.476,58.818,35895.0,20962680.0,5.85,5.86,5.8,5.84,True,七 匹 狼,False
2019-10-15,58.733,58.99,58.476,58.818,31753.0,18543752.0,5.83,5.86,5.8,5.84,True,七 匹 狼,False
2019-10-16,58.99,59.161,58.647,58.733,19881.0,11590623.0,5.86,5.88,5.82,5.83,True,七 匹 狼,False
2019-10-17,58.733,58.904,58.134,58.22,21866.0,12616681.999999998,5.83,5.85,5.76,5.77,True,七 匹 狼,False
2019-10-18,58.305,58.562,57.877,58.048,23323.0,13410725.0,5.78,5.81,5.73,5.75,True,七 匹 狼,False
2019-10-21,57.963,58.048,57.449,57.877,22752.0,13036896.000000002,5.74,5.75,5.68,5.73,True,七 匹 狼,False
2019-10-22,57.877,58.22,57.792,58.134,14971.0,8623296.0,5.73,5.77,5.72,5.76,True,七 匹 狼,False
2019-10-23,58.22,58.562,57.963,58.305,21559.0,12461102.0,5.77,5.81,5.74,5.78,True,七 匹 狼,False
2019-10-24,58.391,58.391,57.792,58.048,16646.0,9571450.0,5.79,5.79,5.72,5.75,True,七 匹 狼,False
2019-10-25,58.048,58.391,57.706,58.391,18407.0,10657653.0,5.75,5.79,5.71,5.79,True,七 匹 狼,False
2019-10-28,59.417,60.615,58.818,59.417,59886.0,35392626.0,5.91,6.05,5.84,5.91,True,七 匹 狼,False
2019-10-29,58.99,59.503,58.562,58.904,36659.0,21445515.0,5.86,5.92,5.81,5.85,True,七 匹 狼,False
2019-10-30,58.562,58.904,58.048,58.134,28712.0,16538112.0,5.81,5.85,5.75,5.76,True,七 匹 狼,False
2019-10-31,58.048,58.305,57.193,57.278,32860.0,18598760.0,5.75,5.78,5.65,5.66,True,七 匹 狼,False
2019-11-01,57.449,57.963,56.679,57.706,24224.0,13831904.0,5.68,5.74,5.59,5.71,True,七 匹 狼,False
2019-11-04,57.706,57.963,57.364,57.364,25281.0,14334327.0,5.71,5.74,5.67,5.67,True,七 匹 狼,False
2019-11-05,57.364,57.792,57.278,57.706,16488.0,9414648.0,5.67,5.72,5.66,5.71,True,七 匹 狼,False
2019-11-06,57.535,57.963,57.107,57.449,20544.0,11668992.0,5.69,5.74,5.64,5.68,True,七 匹 狼,False
2019-11-07,57.364,57.792,57.193,57.535,21068.0,11987692.0,5.67,5.72,5.65,5.69,True,七 匹 狼,False
2019-11-08,57.877,58.048,57.535,57.621,22251.0,12683070.0,5.73,5.75,5.69,5.7,True,七 匹 狼,False
2019-11-11,57.535,57.535,56.594,56.594,28217.0,15745086.0,5.69,5.69,5.58,5.58,True,七 匹 狼,False
2019-11-12,56.765,56.936,56.508,56.851,15509.0,8700549.0,5.6,5.62,5.57,5.61,True,七 匹 狼,False
2019-11-13,56.851,57.278,56.508,56.679,18138.0,10139142.0,5.61,5.66,5.57,5.59,True,七 匹 狼,False
2019-11-14,56.679,56.679,56.252,56.423,25811.0,14350915.999999998,5.59,5.59,5.54,5.56,True,七 匹 狼,False
2019-11-15,56.508,56.508,55.909,55.909,20602.0,11331100.0,5.57,5.57,5.5,5.5,True,七 匹 狼,False
2019-11-18,55.909,56.508,55.824,56.166,14490.0,8012970.0,5.5,5.57,5.49,5.53,True,七 匹 狼,False
2019-11-19,56.166,56.594,55.995,56.594,16315.0,9103770.0,5.53,5.58,5.51,5.58,True,七 匹 狼,False
2019-11-20,56.423,56.508,56.081,56.166,17642.0,9756026.0,5.56,5.57,5.52,5.53,True,七 匹 狼,False
2019-11-21,56.081,56.252,55.824,56.081,16077.0,8874504.0,5.52,5.54,5.49,5.52,True,七 匹 狼,False
2019-11-22,56.081,56.594,55.909,56.252,22087.0,12236198.0,5.52,5.58,5.5,5.54,True,七 匹 狼,False
2019-11-25,56.337,57.193,56.081,57.107,40549.0,22869636.0,5.55,5.65,5.52,5.64,True,七 匹 狼,False
2019-11-26,57.107,57.193,56.594,56.936,24203.0,13602086.0,5.64,5.65,5.58,5.62,True,七 匹 狼,False
2019-11-27,57.107,57.193,56.594,56.594,23412.0,13063896.0,5.64,5.65,5.58,5.58,True,七 匹 狼,False
2019-11-28,56.594,56.594,56.081,56.166,20027.0,11074931.0,5.58,5.58,5.52,5.53,True,七 匹 狼,False
2019-11-29,56.166,56.337,55.909,56.166,19965.0,11040645.0,5.53,5.55,5.5,5.53,True,七 匹 狼,False
2019-12-02,56.252,56.337,56.081,56.337,17918.0,9944490.0,5.54,5.55,5.52,5.55,True,七 匹 狼,False
2019-12-03,56.081,56.337,55.824,56.252,29316.0,16241064.0,5.52,5.55,5.49,5.54,True,七 匹 狼,False
2019-12-04,56.166,57.022,55.995,56.252,40037.0,22180498.0,5.53,5.63,5.51,5.54,True,七 匹 狼,False
2019-12-05,56.765,57.022,56.423,56.679,55841.0,31215119.0,5.6,5.63,5.56,5.59,True,七 匹 狼,False
2019-12-06,56.508,56.851,56.508,56.765,31309.0,17533040.0,5.57,5.61,5.57,5.6,True,七 匹 狼,False
2019-12-09,56.765,57.278,56.679,57.107,44973.0,25364772.0,5.6,5.66,5.59,5.64,True,七 匹 狼,False
2019-12-10,57.022,57.278,56.936,57.022,32141.0,18095383.0,5.63,5.66,5.62,5.63,True,七 匹 狼,False
2019-12-11,57.022,57.107,56.765,56.851,27328.0,15331008.0,5.63,5.64,5.6,5.61,True,七 匹 狼,False
2019-12-12,56.851,56.936,56.508,56.594,23562.0,13147596.0,5.61,5.62,5.57,5.58,True,七 匹 狼,False
2019-12-13,56.765,57.364,56.679,57.107,31952.0,18020928.0,5.6,5.67,5.59,5.64,True,七 匹 狼,False
2019-12-16,57.193,57.621,57.022,57.449,48495.0,27545160.0,5.65,5.7,5.63,5.68,True,七 匹 狼,False
2019-12-17,57.449,58.22,57.364,57.963,94613.0,54307862.0,5.68,5.77,5.67,5.74,True,七 匹 狼,False
2019-12-18,58.048,58.305,57.877,57.963,57186.0,32824764.0,5.75,5.78,5.73,5.74,True,七 匹 狼,False
2019-12-19,57.963,58.647,57.963,58.562,54751.0,31810331.0,5.74,5.82,5.74,5.81,True,七 匹 狼,False
2019-12-20,58.562,58.733,58.048,58.048,38337.0,22043775.0,5.81,5.83,5.75,5.75,True,七 匹 狼,False
2019-12-23,58.048,58.391,57.278,57.364,38746.0,21968982.0,5.75,5.79,5.66,5.67,True,七 匹 狼,False
2019-12-24,57.364,58.476,57.278,58.476,44792.0,25979360.0,5.67,5.8,5.66,5.8,True,七 匹 狼,False
2019-12-25,58.476,58.476,57.877,58.134,37341.0,21508416.0,5.8,5.8,5.73,5.76,True,七 匹 狼,False
2019-12-26,58.134,58.391,57.877,58.048,78533.0,45156475.0,5.76,5.79,5.73,5.75,True,七 匹 狼,False
2019-12-27,58.134,59.246,58.048,58.22,100573.0,58030620.99999999,5.76,5.89,5.75,5.77,True,七 匹 狼,False
2019-12-30,57.963,59.417,57.449,59.332,116914.0,68979260.0,5.74,5.91,5.68,5.9,True,七 匹 狼,False
2019-12-31,59.075,59.417,58.476,58.904,81363.0,47597355.0,5.87,5.91,5.8,5.85,True,七 匹 狼,False
2020-01-02,59.161,60.273,58.904,60.016,123305.0,73736390.0,5.88,6.01,5.85,5.98,True,七 匹 狼,False
2020-01-03,60.016,60.957,59.674,60.53,121026.0,73099704.0,5.98,6.09,5.94,6.04,True,七 匹 狼,False
2020-01-06,60.016,60.53,59.588,59.845,98651.0,58795996.0,5.98,6.04,5.93,5.96,True,七 匹 狼,False
2020-01-07,59.845,60.358,59.76,60.187,80206.0,48123600.0,5.96,6.02,5.95,6.0,True,七 匹 狼,False
2020-01-08,59.845,59.931,58.99,58.99,99653.0,58396658.0,5.96,5.97,5.86,5.86,True,七 匹 狼,False
2020-01-09,59.503,60.444,59.332,60.187,99622.0,59773200.0,5.92,6.03,5.9,6.0,True,七 匹 狼,False
2020-01-10,60.444,61.813,59.931,61.128,170592.0,104231712.0,6.03,6.19,5.97,6.11,True,七 匹 狼,False
2020-01-13,60.872,61.214,60.273,60.957,115470.0,70321230.0,6.08,6.12,6.01,6.09,True,七 匹 狼,False
2020-01-14,60.957,61.043,60.358,60.444,80710.0,48668130.0,6.09,6.1,6.02,6.03,True,七 匹 狼,False
2020-01-15,60.444,60.53,60.016,60.273,47717.0,28677917.0,6.03,6.04,5.98,6.01,True,七 匹 狼,False
2020-01-16,60.444,60.53,59.931,60.102,40856.0,24472744.0,6.03,6.04,5.97,5.99,True,七 匹 狼,False
2020-01-17,60.273,60.53,59.845,60.016,41514.0,24825372.0,6.01,6.04,5.96,5.98,True,七 匹 狼,False
2020-01-20,60.102,60.102,59.503,59.845,44193.0,26339028.0,5.99,5.99,5.92,5.96,True,七 匹 狼,False
2020-01-21,59.76,59.845,58.99,58.99,44636.0,26156696.0,5.95,5.96,5.86,5.86,True,七 匹 狼,False
2020-01-22,58.99,59.075,58.22,58.818,40179.0,23464536.0,5.86,5.87,5.77,5.84,True,七 匹 狼,False
2020-01-23,58.562,58.818,56.851,57.107,59075.0,33318300.0,5.81,5.84,5.61,5.64,True,七 匹 狼,False
2020-02-03,52.402,52.829,52.316,52.316,86175.0,43776900.0,5.09,5.14,5.08,5.08,True,七 匹 狼,False
2020-02-04,51.717,53.001,51.717,52.316,81803.0,41555924.0,5.01,5.16,5.01,5.08,True,七 匹 狼,False
2020-02-05,52.402,53.514,52.231,53.001,80832.0,41709312.0,5.09,5.22,5.07,5.16,True,七 匹 狼,False
2020-02-06,53.172,54.455,52.744,54.027,73589.0,38854992.0,5.18,5.33,5.13,5.28,True,七 匹 狼,False
2020-02-07,54.113,55.311,53.257,55.311,87206.0,47352858.0,5.29,5.43,5.19,5.43,True,七 匹 狼,False
2020-02-10,54.883,55.396,54.455,55.054,76667.0,41400180.0,5.38,5.44,5.33,5.4,True,七 匹 狼,False
2020-02-11,54.883,54.968,54.369,54.369,52271.0,27808172.0,5.38,5.39,5.32,5.32,True,七 匹 狼,False
2020-02-12,54.369,54.712,54.198,54.626,38720.0,20715200.0,5.32,5.36,5.3,5.35,True,七 匹 狼,False
2020-02-13,54.712,54.883,53.942,54.284,48024.0,25500744.0,5.36,5.38,5.27,5.31,True,七 匹 狼,False
2020-02-14,54.284,54.455,53.942,54.198,51861.0,27486330.0,5.31,5.33,5.27,5.3,True,七 匹 狼,False
2020-02-17,54.284,55.738,54.198,55.567,68600.0,37455600.0,5.31,5.48,5.3,5.46,True,七 匹 狼,False
2020-02-18,55.311,55.909,55.225,55.653,55620.0,30424140.0,5.43,5.5,5.42,5.47,True,七 匹 狼,False
2020-02-19,55.482,56.252,55.396,55.567,68787.0,37557702.0,5.45,5.54,5.44,5.46,True,七 匹 狼,False
2020-02-20,55.653,56.337,55.396,56.166,52637.0,29108261.0,5.47,5.55,5.44,5.53,True,七 匹 狼,False
2020-02-21,55.909,56.337,55.738,55.909,54092.0,29750600.0,5.5,5.55,5.48,5.5,True,七 匹 狼,False
2020-02-24,55.653,56.508,55.311,55.824,79041.0,43393509.0,5.47,5.57,5.43,5.49,True,七 匹 狼,False
2020-02-25,55.225,55.653,54.198,55.054,83890.0,45300600.0,5.42,5.47,5.3,5.4,True,七 匹 狼,False
2020-02-26,54.712,55.824,54.541,55.311,69812.0,37907916.0,5.36,5.49,5.34,5.43,True,七 匹 狼,False
2020-02-27,55.567,55.653,55.139,55.396,49336.0,26838784.000000004,5.46,5.47,5.41,5.44,True,七 匹 狼,False
2020-02-28,54.712,55.054,53.942,54.027,77441.0,40888848.0,5.36,5.4,5.27,5.28,True,七 匹 狼,False
2020-03-02,54.284,56.252,54.284,56.252,88841.0,49217914.0,5.31,5.54,5.31,5.54,True,七 匹 狼,False
2020-03-03,56.252,56.508,55.738,55.995,85727.0,47235577.0,5.54,5.57,5.48,5.51,True,七 匹 狼,False
2020-03-04,55.653,57.364,55.567,57.022,93162.0,52450206.0,5.47,5.67,5.46,5.63,True,七 匹 狼,False
2020-03-05,57.449,58.818,56.765,58.048,143176.0,82326200.0,5.68,5.84,5.6,5.75,True,七 匹 狼,False
2020-03-06,57.621,60.701,57.449,59.588,225843.0,133924899.0,5.7,6.06,5.68,5.93,True,七 匹 狼,False
2020-03-09,59.161,60.444,57.706,58.562,210564.0,122337684.0,5.88,6.03,5.71,5.81,True,七 匹 狼,False
2020-03-10,57.621,58.134,56.166,57.792,163401.0,93465372.0,5.7,5.76,5.53,5.72,True,七 匹 狼,False
2020-03-11,57.792,58.134,56.936,57.022,92553.0,52107339.0,5.72,5.76,5.62,5.63,True,七 匹 狼,False
2020-03-12,56.765,57.193,55.824,56.081,90851.0,50149751.99999999,5.6,5.65,5.49,5.52,True,七 匹 狼,False
2020-03-13,54.968,55.482,53.771,55.225,89827.0,48686234.0,5.39,5.45,5.25,5.42,True,七 匹 狼,False
2020-03-16,55.567,56.081,54.113,54.113,81291.0,43002939.0,5.46,5.52,5.29,5.29,True,七 匹 狼,False
2020-03-17,54.369,54.626,52.744,53.942,74402.0,39209854.0,5.32,5.35,5.13,5.27,True,七 匹 狼,False
2020-03-18,53.942,54.712,53.257,53.257,61619.0,31980261.000000004,5.27,5.36,5.19,5.19,True,七 匹 狼,False
2020-03-19,53.343,53.514,52.487,53.514,68626.0,35822772.0,5.2,5.22,5.1,5.22,True,七 匹 狼,False
2020-03-20,53.685,54.113,53.257,53.942,62906.0,33151462.0,5.24,5.29,5.19,5.27,True,七 匹 狼,False
2020-03-23,53.257,53.257,52.231,52.231,62228.0,31549596.0,5.19,5.19,5.07,5.07,True,七 匹 狼,False
2020-03-24,52.744,53.172,52.402,53.086,39539.0,20441663.0,5.13,5.18,5.09,5.17,True,七 匹 狼,False
2020-03-25,53.685,54.113,53.428,53.942,59672.0,31447144.0,5.24,5.29,5.21,5.27,True,七 匹 狼,False
2020-03-26,53.685,53.771,53.343,53.428,58207.0,30325847.0,5.24,5.25,5.2,5.21,True,七 匹 狼,False
2020-03-27,53.942,55.995,53.942,54.626,141487.0,75695545.0,5.27,5.51,5.27,5.35,True,七 匹 狼,False
2020-03-30,54.027,54.198,53.257,53.599,86406.0,45190338.0,5.28,5.3,5.19,5.23,True,七 匹 狼,False
2020-03-31,54.027,54.027,53.086,53.257,60023.0,31151937.000000004,5.28,5.28,5.17,5.19,True,七 匹 狼,False
2020-04-01,53.086,53.599,52.915,53.172,40018.0,20729324.0,5.17,5.23,5.15,5.18,True,七 匹 狼,False
2020-04-02,53.257,53.856,53.001,53.771,35754.0,18770850.0,5.19,5.26,5.16,5.25,True,七 匹 狼,False
2020-04-03,53.685,53.856,53.086,53.172,46616.0,24147088.0,5.24,5.26,5.17,5.18,True,七 匹 狼,False
2020-04-07,53.856,54.113,53.514,54.027,75014.0,39607392.0,5.26,5.29,5.22,5.28,True,七 匹 狼,False
2020-04-08,53.856,54.883,53.685,54.369,62432.0,33213824.0,5.26,5.38,5.24,5.32,True,七 匹 狼,False
2020-04-09,54.626,54.883,54.369,54.541,50201.0,26807334.0,5.35,5.38,5.32,5.34,True,七 匹 狼,False
2020-04-10,54.712,54.712,53.771,53.856,43522.0,22892572.0,5.36,5.36,5.25,5.26,True,七 匹 狼,False
2020-04-13,53.599,53.942,53.343,53.685,28658.0,15016792.0,5.23,5.27,5.2,5.24,True,七 匹 狼,False
2020-04-14,53.771,54.284,53.685,54.284,36272.0,19260432.0,5.25,5.31,5.24,5.31,True,七 匹 狼,False
2020-04-15,53.856,54.027,53.514,53.599,55609.0,29083507.000000004,5.26,5.28,5.22,5.23,True,七 匹 狼,False
2020-04-16,53.428,53.599,53.086,53.172,37037.0,19185166.0,5.21,5.23,5.17,5.18,True,七 匹 狼,False
2020-04-17,53.343,53.428,52.915,53.172,45780.0,23714040.0,5.2,5.21,5.15,5.18,True,七 匹 狼,False
2020-04-20,53.172,53.428,53.086,53.172,34935.0,18096330.0,5.18,5.21,5.17,5.18,True,七 匹 狼,False
2020-04-21,53.001,53.086,52.402,52.829,39658.0,20384212.0,5.16,5.17,5.09,5.14,True,七 匹 狼,False
2020-04-22,52.573,53.001,52.402,52.915,29054.0,14962810.000000002,5.11,5.16,5.09,5.15,True,七 匹 狼,False
2020-04-23,52.915,53.086,52.658,52.744,33009.0,16933617.0,5.15,5.17,5.12,5.13,True,七 匹 狼,False
2020-04-24,52.658,52.829,51.974,52.316,36359.0,18470372.0,5.12,5.14,5.04,5.08,True,七 匹 狼,False
2020-04-27,52.316,52.573,52.145,52.231,24300.0,12320100.0,5.08,5.11,5.06,5.07,True,七 匹 狼,False
2020-04-28,52.231,52.231,50.519,50.862,50124.0,24610884.0,5.07,5.07,4.87,4.91,True,七 匹 狼,False
2020-04-29,50.862,51.546,50.776,51.033,24763.0,12208159.0,4.91,4.99,4.9,4.93,True,七 匹 狼,False
2020-04-30,51.204,51.546,51.118,51.461,28895.0,14389710.000000002,4.95,4.99,4.94,4.98,True,七 匹 狼,False
2020-05-06,51.204,51.632,50.947,51.632,23924.0,11962000.0,4.95,5.0,4.92,5.0,True,七 匹 狼,False
2020-05-07,51.632,51.717,51.289,51.375,25630.0,12738110.0,5.0,5.01,4.96,4.97,True,七 匹 狼,False
2020-05-08,51.546,51.717,51.375,51.546,31424.0,15680576.0,4.99,5.01,4.97,4.99,True,七 匹 狼,False
2020-05-11,51.632,51.888,51.461,51.546,25908.0,12928092.0,5.0,5.03,4.98,4.99,True,七 匹 狼,False
2020-05-12,51.632,51.803,51.118,51.546,24164.0,12057836.0,5.0,5.02,4.94,4.99,True,七 匹 狼,False
2020-05-13,51.289,52.402,51.118,52.059,42359.0,21391295.0,4.96,5.09,4.94,5.05,True,七 匹 狼,False
2020-05-14,51.632,52.059,51.289,51.289,20494.0,10165024.0,5.0,5.05,4.96,4.96,True,七 匹 狼,False
2020-05-15,51.461,52.059,51.375,51.632,27267.0,13633500.0,4.98,5.05,4.97,5.0,True,七 匹 狼,False
2020-05-18,51.717,51.888,51.204,51.375,25374.0,12610878.0,5.01,5.03,4.95,4.97,True,七 匹 狼,False
2020-05-19,51.461,51.717,51.375,51.546,21543.0,10749957.0,4.98,5.01,4.97,4.99,True,七 匹 狼,False
2020-05-20,51.546,51.546,51.204,51.461,24708.0,12304584.000000002,4.99,4.99,4.95,4.98,True,七 匹 狼,False
2020-05-21,51.546,51.632,51.204,51.204,26655.0,13194225.0,4.99,5.0,4.95,4.95,True,七 匹 狼,False
2020-05-22,51.204,51.375,50.177,50.348,40480.0,19632800.0,4.95,4.97,4.83,4.85,True,七 匹 狼,False
2020-05-25,50.263,50.348,49.749,49.835,32024.0,15339496.0,4.84,4.85,4.78,4.79,True,七 匹 狼,False
2020-05-26,50.006,50.263,49.921,50.263,23689.0,11465476.0,4.81,4.84,4.8,4.84,True,七 匹 狼,False
2020-05-27,50.263,51.546,50.006,50.947,54028.0,26581776.0,4.84,4.99,4.81,4.92,True,七 匹 狼,False
2020-05-28,50.947,51.033,50.177,50.519,30541.0,14873467.0,4.92,4.93,4.83,4.87,True,七 匹 狼,False
2020-05-29,50.519,50.947,50.348,50.862,24731.0,12142921.0,4.87,4.92,4.85,4.91,True,七 匹 狼,False
2020-06-01,51.033,51.546,50.862,51.375,35893.0,17838821.0,4.93,4.99,4.91,4.97,True,七 匹 狼,False
2020-06-02,51.546,51.888,51.375,51.803,35620.0,17881240.0,4.99,5.03,4.97,5.02,True,七 匹 狼,False
2020-06-03,51.803,52.145,51.632,51.632,38449.0,19224500.0,5.02,5.06,5.0,5.0,True,七 匹 狼,False
2020-06-04,51.803,54.626,51.546,53.086,123045.0,63614265.0,5.02,5.35,4.99,5.17,True,七 匹 狼,False
2020-06-05,52.658,53.428,52.402,52.487,63822.0,32549220.0,5.12,5.21,5.09,5.1,True,七 匹 狼,False
2020-06-08,52.658,52.829,51.974,51.974,40239.0,20280456.0,5.12,5.14,5.04,5.04,True,七 匹 狼,False
2020-06-09,52.145,52.231,51.803,51.974,37743.0,19022472.0,5.06,5.07,5.02,5.04,True,七 匹 狼,False
2020-06-10,51.974,54.113,51.717,53.086,92501.0,47823017.0,5.04,5.29,5.01,5.17,True,七 匹 狼,False
2020-06-11,53.001,53.001,52.145,52.402,43737.0,22262133.0,5.16,5.16,5.06,5.09,True,七 匹 狼,False
2020-06-12,51.717,54.883,51.632,53.771,125284.0,65774100.0,5.01,5.38,5.0,5.25,True,七 匹 狼,False
2020-06-15,53.428,54.284,53.172,53.599,69412.0,36302476.0,5.21,5.31,5.18,5.23,True,七 匹 狼,False
2020-06-16,53.514,53.942,53.343,53.685,45106.0,23635544.0,5.22,5.27,5.2,5.24,True,七 匹 狼,False
2020-06-17,53.428,53.771,52.915,53.172,48206.0,24970708.0,5.21,5.25,5.15,5.18,True,七 匹 狼,False
2020-06-18,53.086,53.343,52.744,53.172,33326.0,17262868.0,5.17,5.2,5.13,5.18,True,七 匹 狼,False
2020-06-19,53.172,53.343,53.001,53.086,30316.0,15673372.0,5.18,5.2,5.16,5.17,True,七 匹 狼,False
2020-06-22,53.086,53.257,52.915,53.001,26938.0,13900008.0,5.17,5.19,5.15,5.16,True,七 匹 狼,False
2020-06-23,53.001,54.113,52.915,53.257,68404.0,35501676.0,5.16,5.29,5.15,5.19,True,七 匹 狼,False
2020-06-24,53.343,53.343,52.658,52.744,40078.0,20560014.0,5.2,5.2,5.12,5.13,True,七 匹 狼,False
2020-06-29,52.658,52.744,52.145,52.145,32993.0,16694457.999999998,5.12,5.13,5.06,5.06,True,七 匹 狼,False
2020-06-30,52.402,52.658,51.888,52.145,39788.0,20132728.0,5.09,5.12,5.03,5.06,True,七 匹 狼,False
2020-07-01,52.231,52.573,52.059,52.487,44694.0,22793940.0,5.07,5.11,5.05,5.1,True,七 匹 狼,False
2020-07-02,52.573,53.172,52.231,53.001,54718.0,28234488.0,5.11,5.18,5.07,5.16,True,七 匹 狼,False
2020-07-03,52.915,53.685,52.829,53.685,68268.0,35772432.0,5.15,5.24,5.14,5.24,True,七 匹 狼,False
2020-07-06,53.856,55.567,53.856,55.482,125466.0,68378970.0,5.26,5.46,5.26,5.45,True,七 匹 狼,False
2020-07-07,55.824,56.594,55.225,55.396,128092.0,68401128.0,5.39,5.48,5.32,5.34,True,七 匹 狼,False
2020-07-08,55.311,57.193,55.311,57.107,139399.0,77227046.0,5.33,5.55,5.33,5.54,True,七 匹 狼,False
2020-07-09,57.107,57.45,56.679,57.364,127339.0,70927823.0,5.54,5.58,5.49,5.57,True,七 匹 狼,False
2020-07-10,57.022,57.364,56.337,56.508,100093.0,54750871.0,5.53,5.57,5.45,5.47,True,七 匹 狼,False
2020-07-13,56.936,57.963,56.936,57.792,109523.0,61551926.0,5.52,5.64,5.52,5.62,True,七 匹 狼,False
2020-07-14,57.621,58.134,56.594,57.193,82728.0,45914040.0,5.6,5.66,5.48,5.55,True,七 匹 狼,False
2020-07-15,59.417,60.701,57.792,57.877,275660.0,155196580.0,5.81,5.96,5.62,5.63,True,七 匹 狼,False
2020-07-16,57.45,58.22,56.337,56.508,119743.0,65499421.0,5.58,5.67,5.45,5.47,True,七 匹 狼,False
2020-07-17,56.679,57.278,56.337,56.594,71234.0,39036232.0,5.49,5.56,5.45,5.48,True,七 匹 狼,False
2020-07-20,57.107,57.621,56.679,57.621,79928.0,44759680.0,5.54,5.6,5.49,5.6,True,七 匹 狼,False
2020-07-21,62.412,62.412,59.845,62.412,342306.0,210860496.0,6.16,6.16,5.86,6.16,True,七 匹 狼,False
2020-07-22,60.786,61.642,59.76,60.615,361735.0,215232325.0,5.97,6.07,5.85,5.95,True,七 匹 狼,False
2020-07-23,59.845,60.444,58.305,60.273,233169.0,137802879.0,5.86,5.93,5.68,5.91,True,七 匹 狼,False
2020-07-24,60.358,60.444,57.963,58.391,143014.0,81374966.0,5.92,5.93,5.64,5.69,True,七 匹 狼,False
2020-07-27,58.904,58.904,57.706,58.22,65548.0,37165716.0,5.75,5.75,5.61,5.67,True,七 匹 狼,False
2020-07-28,58.22,58.647,57.877,58.22,56137.0,31829679.0,5.67,5.72,5.63,5.67,True,七 匹 狼,False
2020-07-29,58.134,59.075,57.535,58.647,73523.0,42055156.0,5.66,5.77,5.59,5.72,True,七 匹 狼,False
2020-07-30,58.647,58.818,58.048,58.22,57864.0,32808888.0,5.72,5.74,5.65,5.67,True,七 匹 狼,False
2020-07-31,58.134,58.562,57.877,58.476,61980.0,35328600.0,5.66,5.71,5.63,5.7,True,七 匹 狼,False
2020-08-03,58.562,59.503,58.476,59.246,99125.0,57393375.0,5.71,5.82,5.7,5.79,True,七 匹 狼,False
2020-08-04,59.246,59.332,58.647,58.818,67176.0,38559024.0,5.79,5.8,5.72,5.74,True,七 匹 狼,False
2020-08-05,58.904,58.99,58.22,58.647,58663.0,33555236.0,5.75,5.76,5.67,5.72,True,七 匹 狼,False
2020-08-06,58.733,58.818,57.877,58.134,51542.0,29172772.0,5.73,5.74,5.63,5.66,True,七 匹 狼,False
2020-08-07,58.048,58.134,57.193,57.535,50052.0,27979068.0,5.65,5.66,5.55,5.59,True,七 匹 狼,False
2020-08-10,57.535,58.305,57.364,58.048,49423.0,27923995.0,5.59,5.68,5.57,5.65,True,七 匹 狼,False
2020-08-11,57.963,58.134,56.936,57.193,51287.0,28464285.0,5.64,5.66,5.52,5.55,True,七 匹 狼,False
2020-08-12,57.022,57.278,56.423,57.193,51842.0,28772310.0,5.53,5.56,5.46,5.55,True,七 匹 狼,False
2020-08-13,57.364,58.305,57.193,57.706,47648.0,26730528.0,5.57,5.68,5.55,5.61,True,七 匹 狼,False
2020-08-14,57.621,58.134,57.193,57.963,35119.0,19807116.0,5.6,5.66,5.55,5.64,True,七 匹 狼,False
2020-08-17,58.048,58.818,57.877,58.562,54887.0,31340477.0,5.65,5.74,5.63,5.71,True,七 匹 狼,False
2020-08-18,58.647,58.818,58.305,58.647,44341.0,25363052.0,5.72,5.74,5.68,5.72,True,七 匹 狼,False
2020-08-19,58.562,58.562,57.706,58.048,60463.0,34161595.0,5.71,5.71,5.61,5.65,True,七 匹 狼,False
2020-08-20,57.792,57.877,57.022,57.193,51149.0,28387695.0,5.62,5.63,5.53,5.55,True,七 匹 狼,False
2020-08-21,57.193,57.621,56.936,57.193,48341.0,26829255.0,5.55,5.6,5.52,5.55,True,七 匹 狼,False
2020-08-24,57.278,57.364,56.679,57.107,38862.0,21529548.0,5.56,5.57,5.49,5.54,True,七 匹 狼,False
2020-08-25,57.193,57.278,56.508,56.765,71205.0,39162750.0,5.55,5.56,5.47,5.5,True,七 匹 狼,False
2020-08-26,56.765,58.048,56.594,57.193,106728.0,59234040.0,5.5,5.65,5.48,5.55,True,七 匹 狼,False
2020-08-27,57.022,57.278,56.765,57.193,49268.0,27343740.0,5.53,5.56,5.5,5.55,True,七 匹 狼,False
2020-08-28,57.193,58.048,56.936,57.706,52262.0,29318982.0,5.55,5.65,5.52,5.61,True,七 匹 狼,False
2020-08-31,57.963,58.647,57.621,58.305,78272.0,44458496.0,5.64,5.72,5.6,5.68,True,七 匹 狼,False
2020-09-01,58.305,59.075,57.877,58.818,75795.0,43506330.0,5.68,5.77,5.63,5.74,True,七 匹 狼,False
2020-09-02,58.818,58.904,58.134,58.305,54003.0,30673704.0,5.74,5.75,5.66,5.68,True,七 匹 狼,False
2020-09-03,58.391,58.647,58.134,58.305,49451.0,28088168.0,5.69,5.72,5.66,5.68,True,七 匹 狼,False
2020-09-04,57.877,58.562,57.45,58.391,44079.0,25080951.0,5.63,5.71,5.58,5.69,True,七 匹 狼,False
2020-09-07,58.305,60.273,58.134,58.904,110716.0,63661700.0,5.68,5.91,5.66,5.75,True,七 匹 狼,False
2020-09-08,58.99,60.016,58.647,59.674,84422.0,49302448.0,5.76,5.88,5.72,5.84,True,七 匹 狼,False
2020-09-09,59.417,60.187,59.075,59.845,95309.0,55851074.0,5.81,5.9,5.77,5.86,True,七 匹 狼,False
2020-09-10,59.845,61.214,58.818,59.161,126305.0,73004290.0,5.86,6.02,5.74,5.78,True,七 匹 狼,False
2020-09-11,58.562,59.246,57.193,58.476,92478.0,52712460.0,5.71,5.79,5.55,5.7,True,七 匹 狼,False
2020-09-14,58.476,60.187,58.22,59.503,85964.0,50031048.0,5.7,5.9,5.67,5.82,True,七 匹 狼,False
2020-09-15,59.246,60.53,59.075,60.102,84064.0,49513696.0,5.79,5.94,5.77,5.89,True,七 匹 狼,False
2020-09-16,60.102,60.786,59.503,59.931,60564.0,35551068.0,5.89,5.97,5.82,5.87,True,七 匹 狼,False
2020-09-17,60.187,60.273,59.503,59.931,47419.0,27834953.0,5.9,5.91,5.82,5.87,True,七 匹 狼,False
2020-09-18,60.273,60.273,59.503,60.273,54659.0,32303469.0,5.91,5.91,5.82,5.91,True,七 匹 狼,False
2020-09-21,60.273,60.358,59.674,59.931,48151.0,28264637.0,5.91,5.92,5.84,5.87,True,七 匹 狼,False
2020-09-22,59.76,60.016,58.647,58.904,45355.0,26079125.0,5.85,5.88,5.72,5.75,True,七 匹 狼,False
2020-09-23,58.99,59.332,58.647,59.075,28805.0,16620484.999999998,5.76,5.8,5.72,5.77,True,七 匹 狼,False
2020-09-24,58.733,58.733,57.193,57.45,50878.0,28389924.0,5.73,5.73,5.55,5.58,True,七 匹 狼,False
2020-09-25,57.706,57.792,56.765,56.851,34253.0,18873403.0,5.61,5.62,5.5,5.51,True,七 匹 狼,False
2020-09-28,56.851,57.107,55.995,55.995,39967.0,21622147.0,5.51,5.54,5.41,5.41,True,七 匹 狼,False
2020-09-29,55.995,56.508,55.824,55.995,25250.0,13660250.0,5.41,5.47,5.39,5.41,True,七 匹 狼,False
2020-09-30,56.166,56.337,55.567,55.738,25025.0,13463450.0,5.43,5.45,5.36,5.38,True,七 匹 狼,False
2020-10-09,56.252,56.936,56.252,56.851,35421.0,19516971.0,5.44,5.52,5.44,5.51,True,七 匹 狼,False
2020-10-12,56.936,57.792,56.765,57.706,43015.0,24131415.0,5.52,5.62,5.5,5.61,True,七 匹 狼,False
2020-10-13,57.621,57.621,57.193,57.45,29625.0,16530750.0,5.6,5.6,5.55,5.58,True,七 匹 狼,False
2020-10-14,57.535,58.562,57.45,57.877,54821.0,30864223.0,5.59,5.71,5.58,5.63,True,七 匹 狼,False
2020-10-15,57.364,59.161,57.107,58.476,84354.0,48081780.0,5.57,5.78,5.54,5.7,True,七 匹 狼,False
2020-10-16,58.476,59.161,58.134,58.476,51804.0,29528280.0,5.7,5.78,5.66,5.7,True,七 匹 狼,False
2020-10-19,58.647,60.016,58.134,58.904,94556.0,54369700.0,5.72,5.88,5.66,5.75,True,七 匹 狼,False
2020-10-20,58.733,59.417,58.476,58.99,41755.0,24050880.0,5.73,5.81,5.7,5.76,True,七 匹 狼,False
2020-10-21,59.161,59.332,58.476,58.562,33509.0,19133639.0,5.78,5.8,5.7,5.71,True,七 匹 狼,False
2020-10-22,58.476,58.904,58.22,58.476,42421.0,24179970.0,5.7,5.75,5.67,5.7,True,七 匹 狼,False
2020-10-23,58.391,58.562,56.936,57.364,48388.0,26952116.0,5.69,5.71,5.52,5.57,True,七 匹 狼,False
2020-10-26,57.364,57.364,56.252,56.679,50088.0,27498312.0,5.57,5.57,5.44,5.49,True,七 匹 狼,False
2020-10-27,56.508,57.022,56.337,56.594,26554.0,14551592.000000002,5.47,5.53,5.45,5.48,True,七 匹 狼,False
2020-10-28,56.851,56.851,55.824,56.337,36830.0,20072350.0,5.51,5.51,5.39,5.45,True,七 匹 狼,False
2020-10-29,55.738,55.995,55.396,55.824,37052.0,19971028.0,5.38,5.41,5.34,5.39,True,七 匹 狼,False
2020-10-30,55.909,55.995,54.626,54.797,47078.0,24810106.0,5.4,5.41,5.25,5.27,True,七 匹 狼,False
2020-11-02,54.797,55.054,54.455,54.541,33207.0,17400468.0,5.27,5.3,5.23,5.24,True,七 匹 狼,False
2020-11-03,54.541,55.482,54.541,55.482,22809.0,12202815.0,5.24,5.35,5.24,5.35,True,七 匹 狼,False
2020-11-04,55.482,55.567,54.541,55.054,31777.0,16841810.0,5.35,5.36,5.24,5.3,True,七 匹 狼,False
2020-11-05,55.311,55.909,55.054,55.909,41027.0,22154580.0,5.33,5.4,5.3,5.4,True,七 匹 狼,False
2020-11-06,55.995,55.995,55.139,55.396,29967.0,16002378.0,5.41,5.41,5.31,5.34,True,七 匹 狼,False
2020-11-09,55.396,56.252,55.396,55.995,39491.0,21364631.0,5.34,5.44,5.34,5.41,True,七 匹 狼,False
2020-11-10,55.995,56.337,55.738,55.824,33976.0,18313064.0,5.41,5.45,5.38,5.39,True,七 匹 狼,False
2020-11-11,55.909,56.252,55.567,55.738,29001.0,15602538.0,5.4,5.44,5.36,5.38,True,七 匹 狼,False
2020-11-12,56.081,56.081,55.482,55.653,21299.0,11437563.0,5.42,5.42,5.35,5.37,True,七 匹 狼,False
2020-11-13,55.567,55.567,55.139,55.311,18103.0,9648899.0,5.36,5.36,5.31,5.33,True,七 匹 狼,False
2020-11-16,55.482,56.081,55.482,56.081,37274.0,20202508.0,5.35,5.42,5.35,5.42,True,七 匹 狼,False
2020-11-17,56.081,56.337,55.653,56.081,36117.0,19575414.0,5.42,5.45,5.37,5.42,True,七 匹 狼,False
2020-11-18,56.166,56.423,55.909,56.252,35387.0,19250528.0,5.43,5.46,5.4,5.44,True,七 匹 狼,False
2020-11-19,56.252,56.594,56.081,56.423,30774.0,16802604.0,5.44,5.48,5.42,5.46,True,七 匹 狼,False
2020-11-20,56.252,56.423,55.909,56.252,28159.0,15318496.000000002,5.44,5.46,5.4,5.44,True,七 匹 狼,False
2020-11-23,56.252,56.936,55.995,56.679,36708.0,20152692.0,5.44,5.52,5.41,5.49,True,七 匹 狼,False
2020-11-24,56.765,56.765,56.252,56.337,31365.0,17093925.0,5.5,5.5,5.44,5.45,True,七 匹 狼,False
2020-11-25,56.508,56.594,55.909,55.995,37142.0,20093822.0,5.47,5.48,5.4,5.41,True,七 匹 狼,False
2020-11-26,55.824,56.252,55.824,55.995,23183.0,12542003.0,5.39,5.44,5.39,5.41,True,七 匹 狼,False
2020-11-27,55.824,56.252,55.653,56.081,27903.0,15123426.0,5.39,5.44,5.37,5.42,True,七 匹 狼,False
2020-11-30,56.166,56.679,55.909,56.252,37252.0,20265088.0,5.43,5.49,5.4,5.44,True,七 匹 狼,False
2020-12-01,56.081,56.594,55.738,56.423,40354.0,22033284.0,5.42,5.48,5.38,5.46,True,七 匹 狼,False
2020-12-02,56.508,56.851,56.252,56.508,43526.0,23808722.0,5.47,5.51,5.44,5.47,True,七 匹 狼,False
2020-12-03,56.594,57.022,56.337,56.594,38032.0,20841536.0,5.48,5.53,5.45,5.48,True,七 匹 狼,False
2020-12-04,56.508,56.765,56.166,56.423,35330.0,19290180.0,5.47,5.5,5.43,5.46,True,七 匹 狼,False
2020-12-07,56.423,56.423,56.081,56.166,24407.0,13253001.0,5.46,5.46,5.42,5.43,True,七 匹 狼,False
2020-12-08,56.252,56.337,55.909,55.909,29995.0,16197300.000000002,5.44,5.45,5.4,5.4,True,七 匹 狼,False
2020-12-09,55.909,56.081,55.054,55.054,33553.0,17783090.0,5.4,5.42,5.3,5.3,True,七 匹 狼,False
2020-12-10,55.139,56.765,55.139,55.824,53943.0,29075277.0,5.31,5.5,5.31,5.39,True,七 匹 狼,False
2020-12-11,55.653,55.824,53.771,54.541,64033.0,33553292.0,5.37,5.39,5.15,5.24,True,七 匹 狼,False
2020-12-14,54.455,55.054,54.113,54.626,22707.0,11921175.0,5.23,5.3,5.19,5.25,True,七 匹 狼,False
2020-12-15,54.797,55.482,54.541,55.396,38927.0,20787018.0,5.27,5.35,5.24,5.34,True,七 匹 狼,False
2020-12-16,55.139,55.139,54.626,54.883,27348.0,14439744.0,5.31,5.31,5.25,5.28,True,七 匹 狼,False
2020-12-17,54.883,55.054,54.284,54.968,29990.0,15864710.0,5.28,5.3,5.21,5.29,True,七 匹 狼,False
2020-12-18,55.139,55.995,54.883,55.482,35435.0,18957725.0,5.31,5.41,5.28,5.35,True,七 匹 狼,False
2020-12-21,55.311,55.909,54.797,55.567,32075.0,17192200.0,5.33,5.4,5.27,5.36,True,七 匹 狼,False
2020-12-22,55.482,57.107,55.139,56.423,102803.0,56130438.0,5.35,5.54,5.31,5.46,True,七 匹 狼,False
2020-12-23,56.166,56.679,55.738,55.995,50664.0,27409224.0,5.43,5.49,5.38,5.41,True,七 匹 狼,False
2020-12-24,55.995,56.081,54.284,54.541,48560.0,25445440.0,5.41,5.42,5.21,5.24,True,七 匹 狼,False
2020-12-25,54.541,55.311,54.198,55.054,37705.0,19983650.0,5.24,5.33,5.2,5.3,True,七 匹 狼,False
2020-12-28,55.054,55.054,54.198,54.369,50551.0,26387622.0,5.3,5.3,5.2,5.22,True,七 匹 狼,False
2020-12-29,54.369,54.797,54.027,54.284,41281.0,21507401.0,5.22,5.27,5.18,5.21,True,七 匹 狼,False
2020-12-30,54.284,54.626,53.856,54.541,33881.0,17753644.0,5.21,5.25,5.16,5.24,True,七 匹 狼,False
2020-12-31,54.455,55.311,54.369,54.626,42638.0,22384950.0,5.23,5.33,5.22,5.25,True,七 匹 狼,False
2021-01-04,54.541,54.712,54.027,54.541,33890.0,17758360.0,5.24,5.26,5.18,5.24,True,七 匹 狼,False
2021-01-05,54.455,54.541,54.027,54.198,41034.0,21337680.0,5.23,5.24,5.18,5.2,True,七 匹 狼,False
2021-01-06,54.113,54.198,53.685,53.856,38889.0,20066724.0,5.19,5.2,5.14,5.16,True,七 匹 狼,False
2021-01-07,53.942,53.942,52.402,52.744,71360.0,35894080.0,5.17,5.17,4.99,5.03,True,七 匹 狼,False
2021-01-08,52.487,52.915,51.888,52.658,42650.0,21410300.0,5.0,5.05,4.93,5.02,True,七 匹 狼,False
2021-01-11,52.658,52.658,51.803,51.803,37284.0,18343728.0,5.02,5.02,4.92,4.92,True,七 匹 狼,False
2021-01-12,51.888,52.316,51.632,51.888,22055.0,10873115.0,4.93,4.98,4.9,4.93,True,七 匹 狼,False
2021-01-13,51.888,52.059,51.033,51.974,54397.0,26872118.000000004,4.93,4.95,4.83,4.94,True,七 匹 狼,False
2021-01-14,51.632,52.829,51.546,52.744,38154.0,19191462.0,4.9,5.04,4.89,5.03,True,七 匹 狼,False
2021-01-15,52.744,53.599,52.487,53.599,43274.0,22199562.0,5.03,5.13,5.0,5.13,True,七 匹 狼,False
2021-01-18,53.514,53.771,53.086,53.086,41213.0,20894991.0,5.12,5.15,5.07,5.07,True,七 匹 狼,False
2021-01-19,52.915,53.599,52.829,53.428,26256.0,13416816.0,5.05,5.13,5.04,5.11,True,七 匹 狼,False
2021-01-20,53.514,53.514,53.086,53.257,20812.0,10593308.0,5.12,5.12,5.07,5.09,True,七 匹 狼,False
2021-01-21,53.257,54.455,52.915,53.942,41135.0,21266795.0,5.09,5.23,5.05,5.17,True,七 匹 狼,False
2021-01-22,53.856,54.027,53.172,53.514,30137.0,15430144.0,5.16,5.18,5.08,5.12,True,七 匹 狼,False
2021-01-25,53.428,53.514,52.059,52.487,36192.0,18096000.0,5.11,5.12,4.95,5.0,True,七 匹 狼,False
2021-01-26,52.487,52.573,51.803,52.316,28450.0,14168100.000000002,5.0,5.01,4.92,4.98,True,七 匹 狼,False
2021-01-27,52.145,52.829,51.974,52.573,21166.0,10604166.0,4.96,5.04,4.94,5.01,True,七 匹 狼,False
2021-01-28,52.487,53.257,52.231,52.915,30545.0,15425225.0,5.0,5.09,4.97,5.05,True,七 匹 狼,False
2021-01-29,52.744,53.172,52.316,52.915,24346.0,12294730.0,5.03,5.08,4.98,5.05,True,七 匹 狼,False
2021-02-01,52.915,53.942,52.658,53.771,33573.0,17290095.0,5.05,5.17,5.02,5.15,True,七 匹 狼,False
2021-02-02,53.685,55.396,53.428,54.369,52207.0,27252054.0,5.14,5.34,5.11,5.22,True,七 匹 狼,False
2021-02-03,54.284,54.541,53.771,53.942,25219.0,13038223.0,5.21,5.24,5.15,5.17,True,七 匹 狼,False
2021-02-04,54.284,54.284,52.573,53.172,32158.0,16336264.0,5.21,5.21,5.01,5.08,True,七 匹 狼,False
2021-02-05,53.086,54.455,52.829,53.257,41686.0,21218174.0,5.07,5.23,5.04,5.09,True,七 匹 狼,False
2021-02-08,53.257,53.942,53.001,53.771,19871.0,10233565.0,5.09,5.17,5.06,5.15,True,七 匹 狼,False
2021-02-09,53.599,54.198,53.257,53.856,23347.0,12047052.0,5.13,5.2,5.09,5.16,True,七 匹 狼,False
2021-02-10,53.771,54.198,53.685,53.856,17056.0,8800896.0,5.15,5.2,5.14,5.16,True,七 匹 狼,False
2021-02-18,54.027,54.541,53.771,54.369,26677.0,13925394.0,5.18,5.24,5.15,5.22,True,七 匹 狼,False
2021-02-19,54.369,55.653,54.113,55.482,57107.0,30552245.0,5.22,5.37,5.19,5.35,True,七 匹 狼,False
2021-02-22,55.396,56.252,55.054,55.909,52660.0,28436400.000000004,5.34,5.44,5.3,5.4,True,七 匹 狼,False
2021-02-23,55.909,56.081,55.311,55.824,36074.0,19443886.0,5.4,5.42,5.33,5.39,True,七 匹 狼,False
2021-02-24,55.567,55.995,55.311,55.653,26738.0,14358306.0,5.36,5.41,5.33,5.37,True,七 匹 狼,False
2021-02-25,55.653,55.909,55.482,55.653,19457.0,10448409.0,5.37,5.4,5.35,5.37,True,七 匹 狼,False
2021-02-26,55.311,55.909,55.225,55.653,27426.0,14727762.0,5.33,5.4,5.32,5.37,True,七 匹 狼,False
2021-03-01,55.653,56.337,55.482,56.337,33687.0,18359415.0,5.37,5.45,5.35,5.45,True,七 匹 狼,False
2021-03-02,56.423,56.594,55.567,55.824,33101.0,17841439.0,5.46,5.48,5.36,5.39,True,七 匹 狼,False
2021-03-03,56.081,56.081,55.738,55.995,23707.0,12825487.0,5.42,5.42,5.38,5.41,True,七 匹 狼,False
2021-03-04,55.995,56.337,55.311,55.482,25582.0,13686370.0,5.41,5.45,5.33,5.35,True,七 匹 狼,False
2021-03-05,55.567,55.824,55.139,55.653,16385.0,8798745.0,5.36,5.39,5.31,5.37,True,七 匹 狼,False
2021-03-08,55.824,56.166,55.311,55.482,18853.0,10086355.0,5.39,5.43,5.33,5.35,True,七 匹 狼,False
2021-03-09,55.824,55.824,54.198,55.225,31178.0,16586696.0,5.39,5.39,5.2,5.32,True,七 匹 狼,False
2021-03-10,55.054,55.225,53.001,53.343,69329.0,35357790.0,5.3,5.32,5.06,5.1,True,七 匹 狼,False
2021-03-11,53.257,53.599,53.001,53.428,31246.0,15966706.000000002,5.09,5.13,5.06,5.11,True,七 匹 狼,False
2021-03-12,53.428,53.428,52.829,53.257,34500.0,17560500.0,5.11,5.11,5.04,5.09,True,七 匹 狼,False
2021-03-15,53.343,53.685,53.001,53.257,28211.0,14359399.0,5.1,5.14,5.06,5.09,True,七 匹 狼,False
2021-03-16,53.343,53.942,53.086,53.771,32075.0,16518625.000000002,5.1,5.17,5.07,5.15,True,七 匹 狼,False
2021-03-17,53.942,54.113,53.514,53.771,23195.0,11945425.0,5.17,5.19,5.12,5.15,True,七 匹 狼,False
2021-03-18,53.942,54.883,53.771,54.797,45725.0,24097075.0,5.17,5.28,5.15,5.27,True,七 匹 狼,False
2021-03-19,54.712,55.225,54.198,54.883,48137.0,25416336.0,5.26,5.32,5.2,5.28,True,七 匹 狼,False
2021-03-22,54.968,55.311,54.797,55.054,46853.0,24832090.0,5.29,5.33,5.27,5.3,True,七 匹 狼,False
2021-03-23,55.054,55.311,54.626,54.712,26876.0,14136776.0,5.3,5.33,5.25,5.26,True,七 匹 狼,False
2021-03-24,54.541,55.054,54.455,54.883,22126.0,11682528.0,5.24,5.3,5.23,5.28,True,七 匹 狼,False
2021-03-25,59.075,59.417,57.022,57.877,304587.0,171482481.0,5.77,5.81,5.53,5.63,True,七 匹 狼,False
2021-03-26,57.877,60.872,57.706,58.391,371149.0,211183781.0,5.63,5.98,5.61,5.69,True,七 匹 狼,False
2021-03-29,57.193,57.193,55.738,56.594,235065.0,128815620.0,5.55,5.55,5.38,5.48,True,七 匹 狼,False
2021-03-30,55.909,56.337,55.139,55.225,106744.0,56787808.0,5.4,5.45,5.31,5.32,True,七 匹 狼,False
2021-03-31,54.968,55.567,54.626,55.567,68841.0,36898776.0,5.29,5.36,5.25,5.36,True,七 匹 狼,False
2021-04-01,55.396,56.337,55.054,55.909,75246.0,40632840.0,5.34,5.45,5.3,5.4,True,七 匹 狼,False
2021-04-02,55.909,58.904,55.567,57.45,162935.0,90917730.0,5.4,5.75,5.36,5.58,True,七 匹 狼,False
2021-04-06,57.022,58.904,56.679,57.877,126097.0,70992611.0,5.53,5.75,5.49,5.63,True,七 匹 狼,False
2021-04-07,57.792,58.818,57.621,58.305,106881.0,60708408.0,5.62,5.74,5.6,5.68,True,七 匹 狼,False
2021-04-08,58.048,59.075,57.535,57.621,80384.0,45015040.0,5.65,5.77,5.59,5.6,True,七 匹 狼,False
2021-04-09,57.45,58.048,57.193,58.048,59177.0,33435005.000000004,5.58,5.65,5.55,5.65,True,七 匹 狼,False
2021-04-12,57.621,57.877,56.765,56.851,51046.0,28126346.0,5.6,5.63,5.5,5.51,True,七 匹 狼,False
2021-04-13,56.851,57.364,56.423,57.022,42960.0,23756880.0,5.51,5.57,5.46,5.53,True,七 匹 狼,False
2021-04-14,57.022,58.904,56.679,58.647,93999.0,53767428.0,5.53,5.75,5.49,5.72,True,七 匹 狼,False
2021-04-15,58.22,59.76,58.134,58.99,103163.0,59421888.0,5.67,5.85,5.66,5.76,True,七 匹 狼,False
2021-04-16,58.647,60.016,57.792,59.931,92829.0,54490623.0,5.72,5.88,5.62,5.87,True,七 匹 狼,False
2021-04-19,59.931,59.931,58.818,58.904,75481.0,43401575.0,5.87,5.87,5.74,5.75,True,七 匹 狼,False
2021-04-20,58.818,59.246,58.391,58.733,57594.0,33001362.000000004,5.74,5.79,5.69,5.73,True,七 匹 狼,False
2021-04-21,58.391,58.562,57.792,58.048,47606.0,26897390.0,5.69,5.71,5.62,5.65,True,七 匹 狼,False
2021-04-22,58.305,58.391,57.792,58.134,43209.0,24456294.0,5.68,5.69,5.62,5.66,True,七 匹 狼,False
2021-04-23,58.048,58.904,57.621,58.048,64640.0,36521600.0,5.65,5.75,5.6,5.65,True,七 匹 狼,False
2021-04-26,58.048,58.22,57.364,57.621,43395.0,24301200.0,5.65,5.67,5.57,5.6,True,七 匹 狼,False
2021-04-27,57.45,58.99,56.936,58.22,74962.0,42503454.0,5.58,5.76,5.52,5.67,True,七 匹 狼,False
2021-04-28,58.048,58.305,57.45,57.535,54732.0,30595188.0,5.65,5.68,5.58,5.59,True,七 匹 狼,False
2021-04-29,57.278,57.877,57.107,57.278,37245.0,20708220.0,5.56,5.63,5.54,5.56,True,七 匹 狼,False
2021-04-30,57.278,57.45,56.166,56.851,44722.0,24641822.0,5.56,5.58,5.43,5.51,True,七 匹 狼,False
2021-05-06,56.851,60.615,56.679,60.102,162293.0,95590577.0,5.51,5.95,5.49,5.89,True,七 匹 狼,False
2021-05-07,59.845,61.128,59.588,60.358,133534.0,79052128.0,5.86,6.01,5.83,5.92,True,七 匹 狼,False
2021-05-10,60.102,60.786,59.588,60.786,107267.0,64038399.0,5.89,5.97,5.83,5.97,True,七 匹 狼,False
2021-05-11,60.53,61.984,60.187,61.642,118759.0,72086713.0,5.94,6.11,5.9,6.07,True,七 匹 狼,False
2021-05-12,61.385,64.893,61.3,64.037,212418.0,134885430.0,6.04,6.45,6.03,6.35,True,七 匹 狼,False
2021-05-13,62.925,66.861,62.754,65.321,246482.0,160213300.0,6.22,6.68,6.2,6.5,True,七 匹 狼,False
2021-05-14,65.235,65.406,63.182,63.524,165839.0,104312731.0,6.49,6.51,6.25,6.29,True,七 匹 狼,False
2021-05-17,63.866,65.321,63.011,63.695,138325.0,87283075.0,6.33,6.5,6.23,6.31,True,七 匹 狼,False
2021-05-18,63.011,64.722,62.583,64.294,118629.0,75685302.0,6.23,6.43,6.18,6.38,True,七 匹 狼,False
2021-05-19,64.38,65.064,63.695,64.722,107930.0,69398990.0,6.39,6.47,6.31,6.43,True,七 匹 狼,False
2021-05-20,64.294,64.978,63.267,63.61,83978.0,52906140.0,6.38,6.46,6.26,6.3,True,七 匹 狼,False
2021-05-21,63.524,67.802,63.524,66.604,221960.0,147603400.0,6.29,6.79,6.29,6.65,True,七 匹 狼,False
2021-05-24,66.604,66.946,63.61,64.807,179614.0,115671416.0,6.65,6.69,6.3,6.44,True,七 匹 狼,False
2021-05-25,64.208,64.978,63.096,63.866,131602.0,83304066.0,6.37,6.46,6.24,6.33,True,七 匹 狼,False
2021-05-26,64.294,64.722,63.011,64.123,101689.0,64674204.0,6.38,6.43,6.23,6.36,True,七 匹 狼,False
2021-05-27,64.123,66.347,63.61,65.834,135604.0,88956224.0,6.36,6.62,6.3,6.56,True,七 匹 狼,False
2021-05-28,65.663,65.663,64.294,64.38,84133.0,53760987.0,6.54,6.54,6.38,6.39,True,七 匹 狼,False
2021-05-31,64.38,64.636,63.438,64.294,74684.0,47648392.0,6.39,6.42,6.28,6.38,True,七 匹 狼,False
2021-06-01,64.294,66.091,63.438,65.15,104690.0,67839120.0,6.38,6.59,6.28,6.48,True,七 匹 狼,False
2021-06-02,65.15,67.203,64.465,66.69,160812.0,107100792.0,6.48,6.72,6.4,6.66,True,七 匹 狼,False
2021-06-03,67.203,68.743,65.663,66.518,173256.0,115041984.0,6.72,6.9,6.54,6.64,True,七 匹 狼,False
2021-06-04,65.748,66.69,64.636,64.893,92539.0,59687655.0,6.55,6.66,6.42,6.45,True,七 匹 狼,False
2021-06-07,67.032,69.77,66.262,67.716,214986.0,145760508.0,6.7,7.02,6.61,6.78,True,七 匹 狼,False
2021-06-08,67.545,72.764,67.545,70.625,362182.0,257873584.0,6.76,7.37,6.76,7.12,True,七 匹 狼,False
2021-06-09,70.368,70.796,68.828,70.112,199996.0,141197176.0,7.09,7.14,6.91,7.06,True,七 匹 狼,False
2021-06-10,69.684,69.941,68.058,68.401,177727.0,121920722.0,7.01,7.04,6.82,6.86,True,七 匹 狼,False
2021-06-11,68.23,69.513,66.262,66.604,156279.0,103925535.0,6.84,6.99,6.61,6.65,True,七 匹 狼,False
2021-06-15,66.091,66.518,62.925,63.695,169803.0,107145693.0,6.59,6.64,6.22,6.31,True,七 匹 狼,False
2021-06-16,63.438,64.037,62.84,63.353,85061.0,53333247.0,6.28,6.35,6.21,6.27,True,七 匹 狼,False
2021-06-17,63.353,63.952,63.182,63.438,63643.0,39967804.0,6.27,6.34,6.25,6.28,True,七 匹 狼,False
2021-06-18,63.438,64.037,61.898,63.695,80833.0,51005623.0,6.28,6.35,6.1,6.31,True,七 匹 狼,False
2021-06-21,63.781,65.406,63.695,64.636,95302.0,61183884.0,6.32,6.51,6.31,6.42,True,七 匹 狼,False
2021-06-22,64.807,64.893,63.866,64.123,69547.0,44231892.0,6.44,6.45,6.33,6.36,True,七 匹 狼,False
2021-06-23,64.208,64.38,63.182,64.294,58478.0,37308964.0,6.37,6.39,6.25,6.38,True,七 匹 狼,False
2021-06-24,64.496,64.496,62.87,63.469,62212.0,38509228.0,6.31,6.31,6.12,6.19,True,七 匹 狼,False
2021-06-25,63.213,65.608,63.127,64.924,81000.0,51516000.0,6.16,6.44,6.15,6.36,True,七 匹 狼,False
2021-06-28,64.924,66.121,64.496,65.694,73836.0,47624220.0,6.36,6.5,6.31,6.45,True,七 匹 狼,False
2021-06-29,65.694,67.747,65.437,66.891,160721.0,105915139.0,6.45,6.69,6.42,6.59,True,七 匹 狼,False
2021-06-30,66.549,67.833,65.95,67.49,115566.0,76966956.0,6.55,6.7,6.48,6.66,True,七 匹 狼,False
2021-07-01,67.49,70.827,66.891,68.603,244686.0,166141794.0,6.66,7.05,6.59,6.79,True,七 匹 狼,False
2021-07-02,68.517,70.228,67.576,69.03,177640.0,121505760.0,6.78,6.98,6.67,6.84,True,七 匹 狼,False
2021-07-05,68.431,69.886,67.833,69.03,194365.0,132945660.0,6.77,6.94,6.7,6.84,True,七 匹 狼,False
2021-07-06,69.544,69.544,67.661,68.175,123513.0,83247762.0,6.9,6.9,6.68,6.74,True,七 匹 狼,False
2021-07-07,68.945,69.971,67.833,68.431,123729.0,83764533.0,6.83,6.95,6.7,6.77,True,七 匹 狼,False
2021-07-08,69.03,69.03,65.865,65.95,146811.0,95133528.0,6.84,6.84,6.47,6.48,True,七 匹 狼,False
2021-07-09,66.549,66.549,64.667,65.608,100628.0,64804432.00000001,6.55,6.55,6.33,6.44,True,七 匹 狼,False
2021-07-12,65.608,65.779,64.924,65.266,102184.0,65397760.0,6.44,6.46,6.36,6.4,True,七 匹 狼,False
2021-07-13,65.266,66.293,64.924,65.95,73901.0,47887848.0,6.4,6.52,6.36,6.48,True,七 匹 狼,False
2021-07-14,65.694,66.207,65.009,65.694,65777.0,42426165.0,6.45,6.51,6.37,6.45,True,七 匹 狼,False
2021-07-15,65.523,65.523,62.186,62.785,169601.0,103626211.0,6.43,6.43,6.04,6.11,True,七 匹 狼,False
2021-07-16,62.956,63.64,62.357,62.614,85233.0,51906897.0,6.13,6.21,6.06,6.09,True,七 匹 狼,False
2021-07-19,62.614,62.87,62.015,62.528,59661.0,36273888.0,6.09,6.12,6.02,6.08,True,七 匹 狼,False
2021-07-20,62.186,62.442,61.33,61.844,60482.0,36289200.0,6.04,6.07,5.94,6.0,True,七 匹 狼,False
2021-07-21,61.844,62.785,61.844,62.271,64426.0,38977730.0,6.0,6.11,6.0,6.05,True,七 匹 狼,False
2021-07-22,62.357,62.614,61.33,62.271,66044.0,39956620.0,6.06,6.09,5.94,6.05,True,七 匹 狼,False
2021-07-23,62.271,62.357,60.389,60.988,84011.0,49566490.0,6.05,6.06,5.83,5.9,True,七 匹 狼,False
2021-07-26,62.186,62.271,59.961,61.245,75348.0,44681364.0,6.04,6.05,5.78,5.93,True,七 匹 狼,False
2021-07-27,61.074,61.245,59.191,59.362,60982.0,34820722.0,5.91,5.93,5.69,5.71,True,七 匹 狼,False
2021-07-28,59.106,59.362,57.737,58.25,59066.0,32958828.0,5.68,5.71,5.52,5.58,True,七 匹 狼,False
2021-07-29,58.764,58.764,58.165,58.507,40108.0,22500588.0,5.64,5.64,5.57,5.61,True,七 匹 狼,False
2021-07-30,58.507,60.56,57.994,60.132,73852.0,42834160.0,5.61,5.85,5.55,5.8,True,七 匹 狼,False
2021-08-02,59.79,59.876,58.764,59.534,51610.0,29572530.000000004,5.76,5.77,5.64,5.73,True,七 匹 狼,False
2021-08-03,59.705,60.475,59.362,59.534,48502.0,27791646.000000004,5.75,5.84,5.71,5.73,True,七 匹 狼,False
2021-08-04,59.619,60.56,59.534,59.876,50068.0,28889236.0,5.74,5.85,5.73,5.77,True,七 匹 狼,False
2021-08-05,59.961,60.047,59.106,59.277,40906.0,23316420.0,5.78,5.79,5.68,5.7,True,七 匹 狼,False
2021-08-06,59.534,60.646,58.849,60.389,56132.0,32724956.0,5.73,5.86,5.65,5.83,True,七 匹 狼,False
2021-08-09,60.475,61.074,59.961,60.902,47860.0,28189540.0,5.84,5.91,5.78,5.89,True,七 匹 狼,False
2021-08-10,60.817,61.159,60.56,60.902,40529.0,23871581.0,5.88,5.92,5.85,5.89,True,七 匹 狼,False
2021-08-11,60.902,62.186,60.731,62.015,66033.0,39751866.0,5.89,6.04,5.87,6.02,True,七 匹 狼,False
2021-08-12,61.844,62.699,61.501,62.528,50230.0,30539840.0,6.0,6.1,5.96,6.08,True,七 匹 狼,False
2021-08-13,62.699,63.469,62.1,63.384,58803.0,36340254.0,6.1,6.19,6.03,6.18,True,七 匹 狼,False
2021-08-16,63.127,63.983,62.699,63.213,52998.0,32646768.0,6.15,6.25,6.1,6.16,True,七 匹 狼,False
2021-08-17,63.298,63.384,61.33,61.672,61022.0,36491156.0,6.17,6.18,5.94,5.98,True,七 匹 狼,False
2021-08-18,61.758,62.699,61.672,62.614,37113.0,22601817.0,5.99,6.1,5.98,6.09,True,七 匹 狼,False
2021-08-19,63.127,63.983,62.186,62.528,41529.0,25249632.0,6.15,6.25,6.04,6.08,True,七 匹 狼,False
2021-08-20,61.929,62.357,61.074,61.844,43782.0,26269200.0,6.01,6.06,5.91,6.0,True,七 匹 狼,False
2021-08-23,61.844,62.956,61.587,62.699,72030.0,43938300.0,6.0,6.13,5.97,6.1,True,七 匹 狼,False
2021-08-24,62.357,62.785,62.186,62.614,56260.0,34262340.0,6.06,6.11,6.04,6.09,True,七 匹 狼,False
2021-08-25,63.041,63.469,62.614,63.298,43687.0,26954879.0,6.14,6.19,6.09,6.17,True,七 匹 狼,False
2021-08-26,63.384,63.726,62.528,63.041,49604.0,30456856.0,6.18,6.22,6.08,6.14,True,七 匹 狼,False
2021-08-27,63.127,63.298,61.587,62.186,47622.0,28763688.0,6.15,6.17,5.97,6.04,True,七 匹 狼,False
2021-08-30,62.442,62.528,61.416,61.758,50306.0,30133294.0,6.07,6.08,5.95,5.99,True,七 匹 狼,False
2021-08-31,61.758,62.956,61.501,62.956,43382.0,26593166.0,5.99,6.13,5.96,6.13,True,七 匹 狼,False
2021-09-01,63.127,63.811,62.699,63.469,61500.0,38068500.0,6.15,6.23,6.1,6.19,True,七 匹 狼,False
2021-09-02,63.726,63.897,62.956,63.64,49357.0,30650697.0,6.22,6.24,6.13,6.21,True,七 匹 狼,False
2021-09-03,63.555,65.009,63.384,64.068,46396.0,29043896.0,6.2,6.37,6.18,6.26,True,七 匹 狼,False
2021-09-06,64.068,64.753,63.897,64.753,51010.0,32340340.0,6.26,6.34,6.24,6.34,True,七 匹 狼,False
2021-09-07,64.753,65.009,64.239,64.838,47894.0,30412690.0,6.34,6.37,6.28,6.35,True,七 匹 狼,False
2021-09-08,64.924,65.523,64.924,65.18,54337.0,34721343.0,6.36,6.43,6.36,6.39,True,七 匹 狼,False
2021-09-09,65.009,66.293,64.667,65.779,67638.0,43694148.0,6.37,6.52,6.33,6.46,True,七 匹 狼,False
2021-09-10,65.779,66.635,65.18,65.266,47652.0,30497280.0,6.46,6.56,6.39,6.4,True,七 匹 狼,False
2021-09-13,64.924,65.608,64.325,65.266,46407.0,29700480.0,6.36,6.44,6.29,6.4,True,七 匹 狼,False
2021-09-14,65.266,65.779,63.64,63.983,60501.0,37813125.0,6.4,6.46,6.21,6.25,True,七 匹 狼,False
2021-09-15,63.64,64.667,63.469,64.239,46143.0,28977804.0,6.21,6.33,6.19,6.28,True,七 匹 狼,False
2021-09-16,64.838,65.865,63.983,64.667,62724.0,39704292.0,6.35,6.47,6.25,6.33,True,七 匹 狼,False
2021-09-17,64.41,64.41,62.015,62.87,79849.0,48867588.0,6.3,6.3,6.02,6.12,True,七 匹 狼,False
2021-09-22,62.186,62.87,61.929,62.614,46657.0,28414113.0,6.04,6.12,6.01,6.09,True,七 匹 狼,False
2021-09-23,62.528,64.667,62.528,64.154,52421.0,32867967.0,6.08,6.33,6.08,6.27,True,七 匹 狼,False
2021-09-24,64.068,64.41,62.956,63.298,40313.0,24873121.0,6.26,6.3,6.13,6.17,True,七 匹 狼,False
2021-09-27,63.127,63.555,59.961,61.844,79033.0,47419800.0,6.15,6.2,5.78,6.0,True,七 匹 狼,False
2021-09-28,61.672,62.785,61.159,62.357,34128.0,20681568.0,5.98,6.11,5.92,6.06,True,七 匹 狼,False
2021-09-29,62.357,62.956,61.416,62.357,39643.0,24023658.0,6.06,6.13,5.95,6.06,True,七 匹 狼,False
2021-09-30,62.271,62.528,61.587,62.186,37570.0,22692280.0,6.05,6.08,5.97,6.04,True,七 匹 狼,False
2021-10-08,62.442,62.956,62.186,62.357,33547.0,20329482.0,6.07,6.13,6.04,6.06,True,七 匹 狼,False
2021-10-11,62.442,63.213,62.1,63.041,39675.0,24360450.0,6.07,6.16,6.03,6.14,True,七 匹 狼,False
2021-10-12,62.956,63.127,61.245,61.587,33612.0,20066364.0,6.13,6.15,5.93,5.97,True,七 匹 狼,False
2021-10-13,61.33,61.844,60.817,61.245,23491.0,13930163.0,5.94,6.0,5.88,5.93,True,七 匹 狼,False
2021-10-14,61.245,61.501,60.56,60.902,33536.0,19752704.0,5.93,5.96,5.85,5.89,True,七 匹 狼,False
2021-10-15,60.902,60.988,59.961,60.047,27040.0,15656160.0,5.89,5.9,5.78,5.79,True,七 匹 狼,False
2021-10-18,59.876,60.731,59.876,60.731,23771.0,13953577.0,5.77,5.87,5.77,5.87,True,七 匹 狼,False
2021-10-19,60.646,61.416,60.304,61.159,29802.0,17642784.0,5.86,5.95,5.82,5.92,True,七 匹 狼,False
2021-10-20,61.074,61.245,60.731,60.902,15667.0,9227863.0,5.91,5.93,5.87,5.89,True,七 匹 狼,False
2021-10-21,60.988,61.074,60.132,60.475,22631.0,13216504.0,5.9,5.91,5.8,5.84,True,七 匹 狼,False
2021-10-22,60.475,60.475,58.678,59.277,51974.0,29625180.0,5.84,5.84,5.63,5.7,True,七 匹 狼,False
2021-10-25,59.191,59.191,57.822,58.165,47475.0,26443575.0,5.69,5.69,5.53,5.57,True,七 匹 狼,False
2021-10-26,58.25,58.507,57.908,58.165,25230.0,14053110.0,5.58,5.61,5.54,5.57,True,七 匹 狼,False
2021-10-27,57.822,58.421,57.052,57.566,36524.0,20088200.0,5.53,5.6,5.44,5.5,True,七 匹 狼,False
2021-10-28,57.48,57.651,56.026,56.111,38578.0,20562074.0,5.49,5.51,5.32,5.33,True,七 匹 狼,False
2021-10-29,56.539,57.566,56.111,57.566,27376.0,15056800.0,5.38,5.5,5.33,5.5,True,七 匹 狼,False
2021-11-01,57.309,58.678,57.309,57.822,28616.0,15824648.0,5.47,5.63,5.47,5.53,True,七 匹 狼,False
2021-11-02,57.822,58.336,56.197,57.052,34467.0,18750048.0,5.53,5.59,5.34,5.44,True,七 匹 狼,False
2021-11-03,57.822,57.994,56.881,57.822,22690.0,12547570.0,5.53,5.55,5.42,5.53,True,七 匹 狼,False
2021-11-04,58.421,59.277,57.566,58.678,34459.0,19400417.0,5.6,5.7,5.5,5.63,True,七 匹 狼,False
2021-11-05,59.02,59.02,58.165,58.421,26993.0,15116079.999999998,5.67,5.67,5.57,5.6,True,七 匹 狼,False
2021-11-08,58.421,58.764,57.908,57.994,26802.0,14875110.0,5.6,5.64,5.54,5.55,True,七 匹 狼,False
2021-11-09,58.421,58.421,57.822,58.25,22844.0,12746952.0,5.6,5.6,5.53,5.58,True,七 匹 狼,False
2021-11-10,58.592,58.592,57.566,58.165,22584.0,12579288.0,5.62,5.62,5.5,5.57,True,七 匹 狼,False
2021-11-11,58.165,58.592,57.822,58.336,28173.0,15748707.0,5.57,5.62,5.53,5.59,True,七 匹 狼,False
2021-11-12,58.421,58.507,57.48,57.908,34133.0,18909682.0,5.6,5.61,5.49,5.54,True,七 匹 狼,False
2021-11-15,57.908,61.587,57.822,61.245,117717.0,69806181.0,5.54,5.97,5.53,5.93,True,七 匹 狼,False
2021-11-16,61.159,61.33,59.876,60.218,59899.0,34801319.0,5.92,5.94,5.77,5.81,True,七 匹 狼,False
2021-11-17,59.961,60.817,59.961,60.475,31559.0,18430456.0,5.78,5.88,5.78,5.84,True,七 匹 狼,False
2021-11-18,60.646,61.929,60.218,60.817,58752.0,34546176.0,5.86,6.01,5.81,5.88,True,七 匹 狼,False
2021-11-19,60.646,61.416,60.475,60.902,28444.0,16753516.0,5.86,5.95,5.84,5.89,True,七 匹 狼,False
2021-11-22,60.389,61.245,60.218,60.56,22944.0,13422240.0,5.83,5.93,5.81,5.85,True,七 匹 狼,False
2021-11-23,60.56,60.646,60.047,60.218,23484.0,13644204.0,5.85,5.86,5.79,5.81,True,七 匹 狼,False
2021-11-24,60.132,62.015,60.132,61.501,52154.0,31083784.0,5.8,6.02,5.8,5.96,True,七 匹 狼,False
2021-11-25,61.501,61.844,61.074,61.501,31503.0,18775788.0,5.96,6.0,5.91,5.96,True,七 匹 狼,False
2021-11-26,61.587,61.587,60.304,60.646,25928.0,15193808.0,5.97,5.97,5.82,5.86,True,七 匹 狼,False
2021-11-29,60.132,60.902,59.961,60.817,21591.0,12695508.0,5.8,5.89,5.78,5.88,True,七 匹 狼,False
2021-11-30,60.817,61.33,60.56,60.731,23261.0,13654207.0,5.88,5.94,5.85,5.87,True,七 匹 狼,False
2021-12-01,60.731,61.159,60.389,61.074,24021.0,14196411.0,5.87,5.92,5.83,5.91,True,七 匹 狼,False
2021-12-02,61.245,62.785,60.988,61.501,48756.0,29058576.0,5.93,6.11,5.9,5.96,True,七 匹 狼,False
2021-12-03,61.672,62.186,61.074,61.758,30710.0,18395290.0,5.98,6.04,5.91,5.99,True,七 匹 狼,False
2021-12-06,61.672,61.672,60.988,61.074,34714.0,20515974.0,5.98,5.98,5.9,5.91,True,七 匹 狼,False
2021-12-07,61.245,61.416,60.475,60.731,19515.0,11455305.0,5.93,5.95,5.84,5.87,True,七 匹 狼,False
2021-12-08,60.731,60.988,60.047,60.731,26066.0,15300742.0,5.87,5.9,5.79,5.87,True,七 匹 狼,False
2021-12-09,60.731,60.902,59.705,60.389,79312.0,46238896.0,5.87,5.89,5.75,5.83,True,七 匹 狼,False
2021-12-10,60.218,61.074,59.876,60.731,53084.0,31160308.0,5.81,5.91,5.77,5.87,True,七 匹 狼,False
2021-12-13,61.074,61.33,60.389,60.475,35854.0,20938736.0,5.91,5.94,5.83,5.84,True,七 匹 狼,False
2021-12-14,60.475,60.902,60.132,60.304,26194.0,15244908.0,5.84,5.89,5.8,5.82,True,七 匹 狼,False
2021-12-15,60.304,61.587,60.132,61.245,47328.0,28065504.0,5.82,5.97,5.8,5.93,True,七 匹 狼,False
2021-12-16,61.33,61.416,60.731,61.074,27052.0,15987732.0,5.94,5.95,5.87,5.91,True,七 匹 狼,False
2021-12-17,61.159,62.87,60.988,62.614,93051.0,56668059.0,5.92,6.12,5.9,6.09,True,七 匹 狼,False
2021-12-20,62.87,63.127,62.015,62.1,53723.0,32394969.0,6.12,6.15,6.02,6.03,True,七 匹 狼,False
2021-12-21,61.929,63.983,61.929,63.897,81400.0,50793600.0,6.01,6.25,6.01,6.24,True,七 匹 狼,False
2021-12-22,63.897,64.068,63.127,63.555,46388.0,28760560.0,6.24,6.26,6.15,6.2,True,七 匹 狼,False
2021-12-23,63.555,63.726,62.528,62.614,40146.0,24448914.0,6.2,6.22,6.08,6.09,True,七 匹 狼,False
2021-12-24,62.442,63.041,62.1,62.271,46445.0,28099225.0,6.07,6.14,6.03,6.05,True,七 匹 狼,False
2021-12-27,62.271,63.384,62.1,63.041,34994.0,21486316.0,6.05,6.18,6.03,6.14,True,七 匹 狼,False
2021-12-28,63.041,63.041,62.357,62.614,26480.0,16126320.0,6.14,6.14,6.06,6.09,True,七 匹 狼,False
2021-12-29,62.357,63.298,62.015,62.528,39427.0,23971616.0,6.06,6.17,6.02,6.08,True,七 匹 狼,False
2021-12-30,62.442,63.384,62.271,62.528,39121.0,23785568.0,6.07,6.18,6.05,6.08,True,七 匹 狼,False
2021-12-31,62.528,63.469,62.186,63.384,52082.0,32186676.0,6.08,6.19,6.04,6.18,True,七 匹 狼,False
2022-01-04,63.64,65.694,63.041,64.838,87581.0,55613935.0,6.21,6.45,6.14,6.35,True,七 匹 狼,False
2022-01-05,64.753,65.608,63.897,64.41,48932.0,30827160.0,6.34,6.44,6.24,6.3,True,七 匹 狼,False
2022-01-06,64.41,64.753,64.068,64.325,43821.0,27563409.0,6.3,6.34,6.26,6.29,True,七 匹 狼,False
2022-01-07,64.239,65.095,63.469,63.555,50791.0,31490420.0,6.28,6.38,6.19,6.2,True,七 匹 狼,False
2022-01-10,63.726,63.897,62.699,63.726,57243.0,35605146.0,6.22,6.24,6.1,6.22,True,七 匹 狼,False
2022-01-11,63.897,64.496,63.213,63.298,51271.0,31634207.0,6.24,6.31,6.16,6.17,True,七 匹 狼,False
2022-01-12,63.811,64.154,63.298,63.811,53294.0,33202162.000000004,6.23,6.27,6.17,6.23,True,七 匹 狼,False
2022-01-13,63.983,64.581,62.785,62.956,76308.0,46776804.0,6.25,6.32,6.11,6.13,True,七 匹 狼,False
2022-01-14,63.213,63.213,61.672,61.929,92629.0,55670029.0,6.16,6.16,5.98,6.01,True,七 匹 狼,False
2022-01-17,61.844,63.127,61.672,62.785,62941.0,38456951.0,6.0,6.15,5.98,6.11,True,七 匹 狼,False
2022-01-18,62.956,63.555,61.074,61.245,84350.0,50019550.0,6.13,6.2,5.91,5.93,True,七 匹 狼,False
2022-01-19,61.33,62.1,61.074,61.672,56363.0,33705074.0,5.94,6.03,5.91,5.98,True,七 匹 狼,False
2022-01-20,61.672,61.929,60.304,60.389,57776.0,33683408.0,5.98,6.01,5.82,5.83,True,七 匹 狼,False
2022-01-21,60.475,60.817,60.047,60.475,36994.0,21604496.0,5.84,5.88,5.79,5.84,True,七 匹 狼,False
2022-01-24,60.218,60.304,59.191,59.448,42930.0,24555960.0,5.81,5.82,5.69,5.72,True,七 匹 狼,False
2022-01-25,59.448,59.448,57.651,57.822,50484.0,27917652.0,5.72,5.72,5.51,5.53,True,七 匹 狼,False
2022-01-26,57.737,58.421,57.224,57.822,39074.0,21607922.0,5.52,5.6,5.46,5.53,True,七 匹 狼,False
2022-01-27,57.994,58.079,56.625,56.71,34321.0,18533340.0,5.55,5.56,5.39,5.4,True,七 匹 狼,False
2022-01-28,57.138,58.678,56.881,57.651,40508.0,22319908.0,5.45,5.63,5.42,5.51,True,七 匹 狼,False
2022-02-07,58.592,58.678,57.651,58.25,56622.0,31595076.0,5.62,5.63,5.51,5.58,True,七 匹 狼,False
2022-02-08,58.25,59.362,57.994,59.106,57976.0,32930368.0,5.58,5.71,5.55,5.68,True,七 匹 狼,False
2022-02-09,59.448,61.245,59.191,60.731,95093.0,55819591.0,5.72,5.93,5.69,5.87,True,七 匹 狼,False
2022-02-10,60.902,61.074,60.047,60.475,41592.0,24289728.0,5.89,5.91,5.79,5.84,True,七 匹 狼,False
2022-02-11,60.389,60.389,59.362,59.362,42289.0,24147019.0,5.83,5.83,5.71,5.71,True,七 匹 狼,False
2022-02-14,59.362,60.902,58.849,60.902,54939.0,32359071.0,5.71,5.89,5.65,5.89,True,七 匹 狼,False
2022-02-15,60.731,60.902,59.619,59.961,43617.0,25210626.0,5.87,5.89,5.74,5.78,True,七 匹 狼,False
2022-02-16,59.961,60.475,59.876,60.218,24132.0,14020691.999999998,5.78,5.84,5.77,5.81,True,七 匹 狼,False
2022-02-17,60.218,60.218,59.448,59.705,36242.0,20839150.0,5.81,5.81,5.72,5.75,True,七 匹 狼,False
2022-02-18,59.534,60.132,59.191,60.047,32780.0,18979620.0,5.73,5.8,5.69,5.79,True,七 匹 狼,False
2022-02-21,60.047,60.218,59.534,60.132,30620.0,17759600.0,5.79,5.81,5.73,5.8,True,七 匹 狼,False
2022-02-22,59.961,60.047,59.02,59.362,36845.0,21038495.0,5.78,5.79,5.67,5.71,True,七 匹 狼,False
2022-02-23,59.79,60.047,59.106,59.79,38387.0,22110912.0,5.76,5.79,5.68,5.76,True,七 匹 狼,False
2022-02-24,59.619,59.79,57.566,57.994,66365.0,36832575.0,5.74,5.76,5.5,5.55,True,七 匹 狼,False
2022-02-25,58.421,59.02,58.079,58.336,44098.0,24650782.0,5.6,5.67,5.56,5.59,True,七 匹 狼,False
2022-02-28,58.336,58.421,57.224,58.165,36499.0,20329943.0,5.59,5.6,5.46,5.57,True,七 匹 狼,False
2022-03-01,58.421,58.849,58.079,58.764,25705.0,14497620.0,5.6,5.65,5.56,5.64,True,七 匹 狼,False
2022-03-02,58.592,59.106,58.421,58.849,23320.0,13175800.0,5.62,5.68,5.6,5.65,True,七 匹 狼,False
2022-03-03,58.849,59.277,58.849,59.191,28539.0,16238691.000000002,5.65,5.7,5.65,5.69,True,七 匹 狼,False
2022-03-04,59.02,59.277,58.165,58.336,37759.0,21107281.0,5.67,5.7,5.57,5.59,True,七 匹 狼,False
2022-03-07,58.421,58.592,57.822,57.994,27921.0,15496155.0,5.6,5.62,5.53,5.55,True,七 匹 狼,False
2022-03-08,57.822,58.336,56.368,56.454,64510.0,34641870.0,5.53,5.59,5.36,5.37,True,七 匹 狼,False
2022-03-09,56.539,56.881,53.374,55.512,67514.0,35512364.0,5.38,5.42,5.01,5.26,True,七 匹 狼,False
2022-03-10,56.111,56.539,55.598,55.855,40117.0,21262010.0,5.33,5.38,5.27,5.3,True,七 匹 狼,False
2022-03-11,55.085,56.282,54.657,56.026,38789.0,20635748.0,5.21,5.35,5.16,5.32,True,七 匹 狼,False
2022-03-14,55.684,56.026,54.742,54.828,31780.0,16462040.0,5.28,5.32,5.17,5.18,True,七 匹 狼,False
2022-03-15,54.571,55.684,53.374,53.545,68377.0,34393631.0,5.15,5.28,5.01,5.03,True,七 匹 狼,False
2022-03-16,53.887,55.17,53.117,54.914,48015.0,24919785.000000004,5.07,5.22,4.98,5.19,True,七 匹 狼,False
2022-03-17,55.256,55.512,54.657,54.657,43912.0,22658592.0,5.23,5.26,5.16,5.16,True,七 匹 狼,False
2022-03-18,54.657,55.427,54.486,55.341,28590.0,14981160.0,5.16,5.25,5.14,5.24,True,七 匹 狼,False
2022-03-21,54.999,55.94,54.914,55.769,29195.0,15444155.0,5.2,5.31,5.19,5.29,True,七 匹 狼,False
2022-03-22,55.427,56.796,55.341,56.282,43152.0,23086320.0,5.25,5.41,5.24,5.35,True,七 匹 狼,False
2022-03-23,56.282,56.539,55.94,56.539,26320.0,14160160.0,5.35,5.38,5.31,5.38,True,七 匹 狼,False
2022-03-24,56.197,56.539,55.855,55.94,20437.0,10852047.0,5.34,5.38,5.3,5.31,True,七 匹 狼,False
2022-03-25,56.026,57.309,56.026,57.052,46749.0,25431456.0,5.32,5.47,5.32,5.44,True,七 匹 狼,False
2022-03-28,56.796,57.052,55.855,56.368,36731.0,19687816.0,5.41,5.44,5.3,5.36,True,七 匹 狼,False
2022-03-29,56.625,56.796,55.769,56.026,32214.0,17137848.0,5.39,5.41,5.29,5.32,True,七 匹 狼,False
2022-03-30,56.111,56.71,56.026,56.625,25736.0,13871704.0,5.33,5.4,5.32,5.39,True,七 匹 狼,False
2022-03-31,56.368,57.994,56.282,57.566,48605.0,26732750.0,5.36,5.55,5.35,5.5,True,七 匹 狼,False
2022-04-01,57.566,58.678,57.138,58.592,51208.0,28778896.0,5.5,5.63,5.45,5.62,True,七 匹 狼,False
2022-04-06,58.421,60.902,58.336,59.961,122646.0,70889388.0,5.6,5.89,5.59,5.78,True,七 匹 狼,False
2022-04-07,59.876,59.961,58.507,58.935,59536.0,33697376.0,5.77,5.78,5.61,5.66,True,七 匹 狼,False
2022-04-08,58.592,59.191,57.566,58.165,47556.0,26488692.0,5.62,5.69,5.5,5.57,True,七 匹 狼,False
2022-04-11,57.822,58.592,57.309,57.395,29703.0,16277244.000000002,5.53,5.62,5.47,5.48,True,七 匹 狼,False
2022-04-12,56.881,58.507,56.881,58.336,34038.0,19027242.0,5.42,5.61,5.42,5.59,True,七 匹 狼,False
2022-04-13,58.079,58.336,57.48,57.651,38087.0,20985937.0,5.56,5.59,5.49,5.51,True,七 匹 狼,False
2022-04-14,57.908,58.592,57.822,58.079,26458.0,14710647.999999998,5.54,5.62,5.53,5.56,True,七 匹 狼,False
2022-04-15,57.994,57.994,56.796,56.881,41409.0,22443678.0,5.55,5.55,5.41,5.42,True,七 匹 狼,False
2022-04-18,56.881,58.165,56.197,58.165,44433.0,24749181.0,5.42,5.57,5.34,5.57,True,七 匹 狼,False
2022-04-19,57.994,58.849,57.822,58.849,30938.0,17479970.0,5.55,5.65,5.53,5.65,True,七 匹 狼,False
2022-04-20,58.849,59.448,58.25,58.421,37777.0,21155120.0,5.65,5.72,5.58,5.6,True,七 匹 狼,False
2022-04-21,58.421,59.705,57.566,57.908,64046.0,35481484.0,5.6,5.75,5.5,5.54,True,七 匹 狼,False
2022-04-22,58.165,62.614,58.165,62.614,254748.0,155141532.0,5.57,6.09,5.57,6.09,True,七 匹 狼,False
2022-04-25,62.699,62.785,59.106,59.534,233869.0,134006937.0,6.1,6.11,5.68,5.73,True,七 匹 狼,False
2022-04-26,57.994,58.336,54.657,54.657,189351.0,97705116.0,5.55,5.59,5.16,5.16,True,七 匹 狼,False
2022-04-27,53.374,53.63,51.149,53.031,153264.0,76172208.0,5.01,5.04,4.75,4.97,True,七 匹 狼,False
2022-04-28,52.347,54.4,52.09,52.86,96716.0,47874420.0,4.89,5.13,4.86,4.95,True,七 匹 狼,False
2022-04-29,53.288,54.999,53.202,54.058,97969.0,49866221.0,5.0,5.2,4.99,5.09,True,七 匹 狼,False
2022-05-05,54.315,55.598,53.801,55.17,59015.0,30805830.0,5.12,5.27,5.06,5.22,True,七 匹 狼,False
2022-05-06,54.229,55.684,53.459,54.657,62267.0,32129772.0,5.11,5.28,5.02,5.16,True,七 匹 狼,False
2022-05-09,54.571,55.598,54.571,55.341,34190.0,17915560.0,5.15,5.27,5.15,5.24,True,七 匹 狼,False
2022-05-10,54.914,55.341,54.657,55.256,44581.0,23315863.000000004,5.19,5.24,5.16,5.23,True,七 匹 狼,False
2022-05-11,55.17,56.454,54.742,54.742,60418.0,31236106.0,5.22,5.37,5.17,5.17,True,七 匹 狼,False
2022-05-12,54.571,55.598,54.571,55.512,41451.0,21803226.0,5.15,5.27,5.15,5.26,True,七 匹 狼,False
2022-05-13,56.111,56.111,55.427,55.684,27205.0,14364240.0,5.33,5.33,5.25,5.28,True,七 匹 狼,False
2022-05-16,55.684,55.94,55.17,55.598,32423.0,17086921.0,5.28,5.31,5.22,5.27,True,七 匹 狼,False
2022-05-17,55.598,55.94,54.571,54.914,41042.0,21300798.0,5.27,5.31,5.15,5.19,True,七 匹 狼,False
2022-05-18,54.914,55.855,54.742,55.684,35297.0,18636816.0,5.19,5.3,5.17,5.28,True,七 匹 狼,False
2022-05-19,55.085,55.684,54.914,55.17,35841.0,18709002.0,5.21,5.28,5.19,5.22,True,七 匹 狼,False
2022-05-20,55.512,56.026,55.17,55.94,44372.0,23561532.0,5.26,5.32,5.22,5.31,True,七 匹 狼,False
2022-05-23,55.684,56.454,55.684,56.368,31546.0,16908656.0,5.28,5.37,5.28,5.36,True,七 匹 狼,False
2022-05-24,56.282,56.282,54.571,54.742,49375.0,25526875.0,5.35,5.35,5.15,5.17,True,七 匹 狼,False
2022-05-25,54.4,55.512,54.4,55.427,22567.0,11847675.0,5.13,5.26,5.13,5.25,True,七 匹 狼,False
2022-05-26,55.684,55.94,55.085,55.855,32833.0,17401490.0,5.28,5.31,5.21,5.3,True,七 匹 狼,False
2022-05-27,56.026,56.539,55.598,56.111,48084.0,25628772.0,5.32,5.38,5.27,5.33,True,七 匹 狼,False
2022-05-30,56.026,56.454,55.684,56.197,31061.0,16586574.0,5.32,5.37,5.28,5.34,True,七 匹 狼,False
2022-05-31,55.855,56.967,55.855,56.967,39644.0,21526692.0,5.3,5.43,5.3,5.43,True,七 匹 狼,False
2022-06-01,57.052,57.48,56.368,56.71,33466.0,18071640.0,5.44,5.49,5.36,5.4,True,七 匹 狼,False
2022-06-02,56.625,56.796,56.111,56.539,32240.0,17345120.0,5.39,5.41,5.33,5.38,True,七 匹 狼,False
2022-06-06,56.368,56.881,56.282,56.71,36489.0,19704060.0,5.36,5.42,5.35,5.4,True,七 匹 狼,False
2022-06-07,56.625,56.881,55.855,56.368,31822.0,17056592.0,5.39,5.42,5.3,5.36,True,七 匹 狼,False
2022-06-08,55.94,56.539,55.512,56.454,46912.0,25191744.0,5.31,5.38,5.26,5.37,True,七 匹 狼,False
2022-06-09,56.454,56.796,55.684,55.769,28897.0,15286513.0,5.37,5.41,5.28,5.29,True,七 匹 狼,False
2022-06-10,55.512,56.026,55.427,55.855,34098.0,18071940.0,5.26,5.32,5.25,5.3,True,七 匹 狼,False
2022-06-13,55.94,56.111,55.427,55.684,28647.0,15125616.0,5.31,5.33,5.25,5.28,True,七 匹 狼,False
2022-06-14,55.341,56.454,54.742,56.368,54231.0,29067816.0,5.24,5.37,5.17,5.36,True,七 匹 狼,False
2022-06-15,56.282,58.165,56.197,57.309,68543.0,37493021.0,5.35,5.57,5.34,5.47,True,七 匹 狼,False
2022-06-16,57.566,58.165,57.052,57.224,61432.0,33541872.0,5.5,5.57,5.44,5.46,True,七 匹 狼,False
2022-06-17,57.138,57.566,56.454,56.796,35725.0,19327225.0,5.45,5.5,5.37,5.41,True,七 匹 狼,False
2022-06-20,56.881,57.566,56.71,56.796,32211.0,17426151.0,5.42,5.5,5.4,5.41,True,七 匹 狼,False
2022-06-21,56.881,57.052,56.026,56.881,46024.0,24945008.0,5.42,5.44,5.32,5.42,True,七 匹 狼,False
2022-06-22,56.967,57.309,56.111,56.111,34796.0,18546268.0,5.43,5.47,5.33,5.33,True,七 匹 狼,False
2022-06-23,55.94,56.539,55.769,56.454,34376.0,18459912.0,5.31,5.38,5.29,5.37,True,七 匹 狼,False
2022-06-24,56.454,56.796,56.197,56.71,37460.0,20228400.0,5.37,5.41,5.34,5.4,True,七 匹 狼,False
2022-06-27,56.881,57.395,56.625,57.138,70002.0,38151090.0,5.42,5.48,5.39,5.45,True,七 匹 狼,False
2022-06-28,57.138,57.737,57.052,57.309,58243.0,31858921.0,5.45,5.52,5.44,5.47,True,七 匹 狼,False
2022-06-29,57.48,57.48,56.539,56.539,47068.0,25322584.0,5.49,5.49,5.38,5.38,True,七 匹 狼,False
2022-06-30,56.71,57.48,56.368,56.539,69831.0,37569078.0,5.4,5.49,5.36,5.38,True,七 匹 狼,False
2022-07-01,56.539,57.138,56.197,57.052,45615.0,24814560.0,5.38,5.45,5.34,5.44,True,七 匹 狼,False
2022-07-04,57.48,58.079,56.967,57.737,74578.0,41167056.0,5.49,5.56,5.43,5.52,True,七 匹 狼,False
2022-07-05,58.079,58.849,57.138,57.651,75671.0,41694721.0,5.56,5.65,5.45,5.51,True,七 匹 狼,False
2022-07-06,57.651,58.592,57.052,58.079,78467.0,43627652.0,5.51,5.62,5.44,5.56,True,七 匹 狼,False
2022-07-07,58.165,58.421,57.566,57.651,68404.0,37690604.0,5.57,5.6,5.5,5.51,True,七 匹 狼,False
2022-07-08,57.908,59.02,57.651,58.421,100960.0,56537600.0,5.54,5.67,5.51,5.6,True,七 匹 狼,False
2022-07-11,58.336,58.678,57.651,58.079,47347.0,26324932.0,5.59,5.63,5.51,5.56,True,七 匹 狼,False
2022-07-12,58.165,58.336,56.881,57.138,50077.0,27291965.0,5.57,5.59,5.42,5.45,True,七 匹 狼,False
2022-07-13,57.395,57.48,56.71,57.224,30983.0,16916718.0,5.48,5.49,5.4,5.46,True,七 匹 狼,False
2022-07-14,57.224,57.224,56.625,56.71,33146.0,17898840.0,5.46,5.46,5.39,5.4,True,七 匹 狼,False
2022-07-15,56.881,56.881,55.17,55.256,54279.0,28387917.000000004,5.42,5.42,5.22,5.23,True,七 匹 狼,False
2022-07-18,55.17,56.539,55.085,56.454,46720.0,25088640.0,5.22,5.38,5.21,5.37,True,七 匹 狼,False
2022-07-19,56.282,57.052,56.197,57.052,31056.0,16894464.0,5.35,5.44,5.34,5.44,True,七 匹 狼,False
2022-07-20,57.138,57.651,56.71,57.566,38568.0,21212400.0,5.45,5.51,5.4,5.5,True,七 匹 狼,False
2022-07-21,57.566,57.908,57.224,57.224,27188.0,14844648.0,5.5,5.54,5.46,5.46,True,七 匹 狼,False
2022-07-22,57.48,57.737,56.967,57.224,27159.0,14828814.0,5.49,5.52,5.43,5.46,True,七 匹 狼,False
2022-07-25,57.395,57.48,56.796,57.138,17598.0,9590910.0,5.48,5.49,5.41,5.45,True,七 匹 狼,False
2022-07-26,57.138,57.48,56.282,57.395,31442.0,17230216.0,5.45,5.49,5.35,5.48,True,七 匹 狼,False
2022-07-27,57.309,57.822,57.052,57.737,29936.0,16524671.999999998,5.47,5.53,5.44,5.52,True,七 匹 狼,False
2022-07-28,57.737,57.994,57.48,57.651,25421.0,14006971.0,5.52,5.55,5.49,5.51,True,七 匹 狼,False
2022-07-29,57.737,57.908,57.138,57.309,23985.0,13119795.0,5.52,5.54,5.45,5.47,True,七 匹 狼,False
2022-08-01,56.881,57.737,56.881,57.309,21828.0,11939916.0,5.42,5.52,5.42,5.47,True,七 匹 狼,False
2022-08-02,57.138,57.138,55.341,55.427,54729.0,28732725.0,5.45,5.45,5.24,5.25,True,七 匹 狼,False
2022-08-03,55.427,56.282,54.742,54.742,37178.0,19221026.0,5.25,5.35,5.17,5.17,True,七 匹 狼,False
2022-08-04,55.427,55.855,54.914,55.855,26550.0,14071500.0,5.25,5.3,5.19,5.3,True,七 匹 狼,False
2022-08-05,55.855,56.368,55.512,56.368,29591.0,15860776.000000002,5.3,5.36,5.26,5.36,True,七 匹 狼,False
2022-08-08,56.368,56.539,55.94,56.368,15975.0,8562600.0,5.36,5.38,5.31,5.36,True,七 匹 狼,False
2022-08-09,56.282,56.454,55.769,55.94,21748.0,11548188.0,5.35,5.37,5.29,5.31,True,七 匹 狼,False
2022-08-10,55.855,55.94,55.512,55.769,16331.0,8639099.0,5.3,5.31,5.26,5.29,True,七 匹 狼,False
2022-08-11,56.111,56.454,55.855,56.197,34202.0,18263868.0,5.33,5.37,5.3,5.34,True,七 匹 狼,False
2022-08-12,56.454,56.71,56.197,56.454,23705.0,12729585.0,5.37,5.4,5.34,5.37,True,七 匹 狼,False
2022-08-15,56.71,56.71,56.026,56.368,21086.0,11302096.0,5.4,5.4,5.32,5.36,True,七 匹 狼,False
2022-08-16,56.368,57.737,56.282,57.48,57766.0,31713534.0,5.36,5.52,5.35,5.49,True,七 匹 狼,False
2022-08-17,57.309,57.908,57.224,57.48,25755.0,14139495.0,5.47,5.54,5.46,5.49,True,七 匹 狼,False
2022-08-18,57.566,57.566,56.881,57.138,40285.0,21955325.0,5.5,5.5,5.42,5.45,True,七 匹 狼,False
2022-08-19,57.138,57.395,56.796,56.881,27984.0,15167328.0,5.45,5.48,5.41,5.42,True,七 匹 狼,False
2022-08-22,56.967,57.309,56.71,57.224,35858.0,19578468.0,5.43,5.47,5.4,5.46,True,七 匹 狼,False
2022-08-23,57.138,57.48,56.881,57.309,25813.0,14119711.0,5.45,5.49,5.42,5.47,True,七 匹 狼,False
2022-08-24,57.309,57.395,56.197,56.282,33974.0,18176090.0,5.47,5.48,5.34,5.35,True,七 匹 狼,False
2022-08-25,56.454,56.881,55.855,56.71,31149.0,16820460.0,5.37,5.42,5.3,5.4,True,七 匹 狼,False
2022-08-26,57.052,57.309,56.454,56.71,30311.0,16367940.000000002,5.44,5.47,5.37,5.4,True,七 匹 狼,False
2022-08-29,56.282,57.651,56.026,57.651,46540.0,25643540.0,5.35,5.51,5.32,5.51,True,七 匹 狼,False
2022-08-30,57.566,58.165,57.309,58.079,58312.0,32421472.0,5.5,5.57,5.47,5.56,True,七 匹 狼,False
2022-08-31,58.165,58.592,57.395,57.651,56974.0,31392674.0,5.57,5.62,5.48,5.51,True,七 匹 狼,False
2022-09-01,57.822,58.165,57.224,57.309,50585.0,27669995.0,5.53,5.57,5.46,5.47,True,七 匹 狼,False
2022-09-02,57.651,58.935,57.309,58.25,74722.0,41694876.0,5.51,5.66,5.47,5.58,True,七 匹 狼,False
2022-09-05,58.079,58.678,57.822,58.336,40161.0,22449999.0,5.56,5.63,5.53,5.59,True,七 匹 狼,False
2022-09-06,58.421,58.592,58.079,58.25,34878.0,19461924.0,5.6,5.62,5.56,5.58,True,七 匹 狼,False
2022-09-07,58.079,59.705,57.822,59.106,82312.0,46753216.0,5.56,5.75,5.53,5.68,True,七 匹 狼,False
2022-09-08,58.849,59.191,57.994,58.678,66768.0,37590384.0,5.65,5.69,5.55,5.63,True,七 匹 狼,False
2022-09-09,58.764,59.277,58.336,58.764,40034.0,22579176.0,5.64,5.7,5.59,5.64,True,七 匹 狼,False
2022-09-13,58.764,59.619,58.592,59.106,63170.0,35880560.0,5.64,5.74,5.62,5.68,True,七 匹 狼,False
2022-09-14,58.421,60.304,58.25,59.876,88308.0,50953715.99999999,5.6,5.82,5.58,5.77,True,七 匹 狼,False
2022-09-15,59.961,60.475,58.25,58.849,106797.0,60340305.00000001,5.78,5.84,5.58,5.65,True,七 匹 狼,False
2022-09-16,59.362,59.619,57.395,57.48,79018.0,43380882.0,5.71,5.74,5.48,5.49,True,七 匹 狼,False
2022-09-19,57.822,57.822,55.855,56.197,66425.0,35470950.0,5.53,5.53,5.3,5.34,True,七 匹 狼,False
2022-09-20,56.454,60.389,56.368,59.277,135543.0,77259510.0,5.37,5.83,5.36,5.7,True,七 匹 狼,False
2022-09-21,58.849,60.988,58.421,60.475,158252.0,92419168.0,5.65,5.9,5.6,5.84,True,七 匹 狼,False
2022-09-22,60.304,60.817,58.935,59.448,111278.0,63651016.0,5.82,5.88,5.66,5.72,True,七 匹 狼,False
2022-09-23,59.705,59.79,57.994,58.592,96706.0,54348772.0,5.75,5.76,5.55,5.62,True,七 匹 狼,False
2022-09-26,58.165,58.25,56.282,56.539,91693.0,49330834.0,5.57,5.58,5.35,5.38,True,七 匹 狼,False
2022-09-27,56.967,57.48,56.282,57.309,68116.0,37259452.0,5.43,5.49,5.35,5.47,True,七 匹 狼,False
2022-09-28,57.48,59.619,57.052,57.994,169508.0,94076940.0,5.49,5.74,5.44,5.55,True,七 匹 狼,False
2022-09-29,57.822,59.02,55.94,56.282,104230.0,55763050.0,5.53,5.67,5.31,5.35,True,七 匹 狼,False
2022-09-30,56.368,56.539,54.914,54.999,67248.0,34968960.0,5.36,5.38,5.19,5.2,True,七 匹 狼,False
2022-10-10,55.256,56.454,54.742,55.085,49975.0,26036975.0,5.23,5.37,5.17,5.21,True,七 匹 狼,False
2022-10-11,55.085,55.427,53.972,54.828,49129.0,25448822.0,5.21,5.25,5.08,5.18,True,七 匹 狼,False
2022-10-12,55.085,55.769,54.4,55.769,47016.0,24871464.0,5.21,5.29,5.13,5.29,True,七 匹 狼,False
2022-10-13,55.855,55.855,54.999,55.512,42953.0,22593278.0,5.3,5.3,5.2,5.26,True,七 匹 狼,False
2022-10-14,55.769,56.625,55.684,55.94,49175.0,26111925.0,5.29,5.39,5.28,5.31,True,七 匹 狼,False
2022-10-17,55.855,56.454,55.256,56.197,41916.0,22383144.0,5.3,5.37,5.23,5.34,True,七 匹 狼,False
2022-10-18,56.197,56.539,55.855,56.197,46602.0,24885468.0,5.34,5.38,5.3,5.34,True,七 匹 狼,False
2022-10-19,56.197,56.454,55.769,55.855,37184.0,19707520.0,5.34,5.37,5.29,5.3,True,七 匹 狼,False
2022-10-20,55.94,56.282,55.769,56.197,38334.0,20470356.0,5.31,5.35,5.29,5.34,True,七 匹 狼,False
2022-10-21,55.94,56.71,55.94,56.368,45039.0,24140904.0,5.31,5.4,5.31,5.36,True,七 匹 狼,False
2022-10-24,56.111,56.71,55.341,55.427,58714.0,30824850.0,5.33,5.4,5.24,5.25,True,七 匹 狼,False
2022-10-25,55.512,56.026,54.914,55.684,35787.0,18895536.0,5.26,5.32,5.19,5.28,True,七 匹 狼,False
2022-10-26,55.684,57.052,55.427,56.71,61246.0,33072840.000000004,5.28,5.44,5.25,5.4,True,七 匹 狼,False
2022-10-27,55.855,57.224,55.855,57.138,59641.0,32504345.0,5.3,5.46,5.3,5.45,True,七 匹 狼,False
2022-10-28,57.224,57.224,55.684,56.026,66428.0,35339696.0,5.46,5.46,5.28,5.32,True,七 匹 狼,False
2022-10-31,56.282,56.539,55.256,55.855,41455.0,21971150.0,5.35,5.38,5.23,5.3,True,七 匹 狼,False
2022-11-01,56.539,56.881,55.769,56.71,43353.0,23410620.0,5.38,5.42,5.29,5.4,True,七 匹 狼,False
2022-11-02,56.539,56.881,56.282,56.539,49430.0,26593340.0,5.38,5.42,5.35,5.38,True,七 匹 狼,False
2022-11-03,56.282,56.539,55.769,56.026,45665.0,24293780.0,5.35,5.38,5.29,5.32,True,七 匹 狼,False
2022-11-04,55.94,56.368,55.94,56.282,48817.0,26117095.0,5.31,5.36,5.31,5.35,True,七 匹 狼,False
2022-11-07,56.197,57.052,56.111,56.796,61077.0,33042657.0,5.34,5.44,5.33,5.41,True,七 匹 狼,False
2022-11-08,56.881,57.138,56.539,56.967,57652.0,31305036.0,5.42,5.45,5.38,5.43,True,七 匹 狼,False
2022-11-09,57.138,57.737,56.796,57.395,60248.0,33015904.000000004,5.45,5.52,5.41,5.48,True,七 匹 狼,False
2022-11-10,57.052,57.822,57.052,57.48,46581.0,25572969.0,5.44,5.53,5.44,5.49,True,七 匹 狼,False
2022-11-11,57.822,58.165,57.395,57.395,50474.0,27659752.000000004,5.53,5.57,5.48,5.48,True,七 匹 狼,False
2022-11-14,57.48,57.737,57.052,57.224,37230.0,20327580.0,5.49,5.52,5.44,5.46,True,七 匹 狼,False
2022-11-15,57.052,57.48,57.052,57.395,57861.0,31707828.000000004,5.44,5.49,5.44,5.48,True,七 匹 狼,False
2022-11-16,57.309,58.421,57.138,57.737,58097.0,32069544.0,5.47,5.6,5.45,5.52,True,七 匹 狼,False
2022-11-17,57.908,57.908,57.48,57.651,44741.0,24652291.0,5.54,5.54,5.49,5.51,True,七 匹 狼,False
2022-11-18,57.737,58.079,57.224,57.309,53565.0,29300055.0,5.52,5.56,5.46,5.47,True,七 匹 狼,False
2022-11-21,57.224,57.224,56.71,56.967,36244.0,19680492.0,5.46,5.46,5.4,5.43,True,七 匹 狼,False
2022-11-22,56.967,57.309,56.625,56.796,32528.0,17597648.0,5.43,5.47,5.39,5.41,True,七 匹 狼,False
2022-11-23,57.138,57.138,56.111,56.454,38174.0,20499438.0,5.45,5.45,5.33,5.37,True,七 匹 狼,False
2022-11-24,56.539,57.822,56.454,57.48,77723.0,42669927.0,5.38,5.53,5.37,5.49,True,七 匹 狼,False
2022-11-25,57.309,57.908,57.052,57.566,59315.0,32623250.0,5.47,5.54,5.44,5.5,True,七 匹 狼,False
2022-11-28,57.138,57.651,56.71,57.224,49892.0,27241032.0,5.45,5.51,5.4,5.46,True,七 匹 狼,False
2022-11-29,57.224,58.079,57.052,57.994,84907.0,47123385.0,5.46,5.56,5.44,5.55,True,七 匹 狼,False
2022-11-30,58.079,58.849,57.908,58.592,71516.0,40191992.0,5.56,5.65,5.54,5.62,True,七 匹 狼,False
2022-12-01,58.678,59.191,58.079,58.25,72748.0,40593384.0,5.63,5.69,5.56,5.58,True,七 匹 狼,False
2022-12-02,58.25,59.534,58.25,59.191,80493.0,45800517.0,5.58,5.73,5.58,5.69,True,七 匹 狼,False
2022-12-05,59.619,59.876,59.191,59.448,73720.0,42167840.0,5.74,5.77,5.69,5.72,True,七 匹 狼,False
2022-12-06,59.448,60.304,59.106,59.277,63697.0,36307290.0,5.72,5.82,5.68,5.7,True,七 匹 狼,False
2022-12-07,59.277,60.56,59.02,60.132,83789.0,48597620.0,5.7,5.85,5.67,5.8,True,七 匹 狼,False
2022-12-08,60.132,60.817,59.448,59.705,50615.0,29103625.0,5.8,5.88,5.72,5.75,True,七 匹 狼,False
2022-12-09,59.705,60.218,58.764,59.191,52528.0,29888432.000000004,5.75,5.81,5.64,5.69,True,七 匹 狼,False
2022-12-12,59.448,59.705,58.507,58.764,43749.0,24674436.0,5.72,5.75,5.61,5.64,True,七 匹 狼,False
2022-12-13,58.935,60.132,58.678,59.619,53128.0,30495472.0,5.66,5.8,5.63,5.74,True,七 匹 狼,False
2022-12-14,59.277,60.646,59.277,60.475,64271.0,37534264.0,5.7,5.86,5.7,5.84,True,七 匹 狼,False
2022-12-15,60.475,61.074,59.277,59.448,56921.0,32558812.0,5.84,5.91,5.7,5.72,True,七 匹 狼,False
2022-12-16,59.448,59.705,58.849,59.191,36818.0,20949442.0,5.72,5.75,5.65,5.69,True,七 匹 狼,False
2022-12-19,59.448,59.534,57.566,57.908,54227.0,30041758.0,5.72,5.73,5.5,5.54,True,七 匹 狼,False
2022-12-20,57.908,58.592,57.395,57.908,39905.0,22107370.0,5.54,5.62,5.48,5.54,True,七 匹 狼,False
2022-12-21,58.079,58.421,57.309,57.822,42668.0,23595404.0,5.56,5.6,5.47,5.53,True,七 匹 狼,False
2022-12-22,58.421,58.678,57.309,57.48,38808.0,21305592.0,5.6,5.63,5.47,5.49,True,七 匹 狼,False
2022-12-23,57.309,57.822,56.539,56.881,47112.0,25534704.0,5.47,5.53,5.38,5.42,True,七 匹 狼,False
2022-12-26,57.052,57.309,56.71,56.967,39208.0,21289944.0,5.44,5.47,5.4,5.43,True,七 匹 狼,False
2022-12-27,56.967,57.566,56.539,57.48,37443.0,20556207.0,5.43,5.5,5.38,5.49,True,七 匹 狼,False
2022-12-28,57.48,57.651,56.71,56.881,44175.0,23942850.0,5.49,5.51,5.4,5.42,True,七 匹 狼,False
2022-12-29,56.625,57.994,56.368,57.395,55960.0,30666080.000000004,5.39,5.55,5.36,5.48,True,七 匹 狼,False
2022-12-30,57.566,57.994,57.138,57.908,38834.0,21514036.0,5.5,5.55,5.45,5.54,True,七 匹 狼,False
2023-01-03,57.908,58.336,57.737,58.079,47210.0,26248760.0,5.54,5.59,5.52,5.56,True,七 匹 狼,False
2023-01-04,57.822,58.421,57.822,58.165,34000.0,18938000.0,5.53,5.6,5.53,5.57,True,七 匹 狼,False
2023-01-05,58.079,58.421,57.737,58.165,39972.0,22264404.0,5.56,5.6,5.52,5.57,True,七 匹 狼,False
2023-01-06,58.165,58.507,57.48,57.651,50538.0,27846438.0,5.57,5.61,5.49,5.51,True,七 匹 狼,False
2023-01-09,57.651,58.507,57.566,58.165,48517.0,27023969.0,5.51,5.61,5.5,5.57,True,七 匹 狼,False
2023-01-10,58.336,58.421,57.822,57.908,35199.0,19500246.0,5.59,5.6,5.53,5.54,True,七 匹 狼,False
2023-01-11,58.079,58.079,57.309,57.309,39691.0,21710977.0,5.56,5.56,5.47,5.47,True,七 匹 狼,False
2023-01-12,57.224,57.48,56.454,56.881,42678.0,23131476.0,5.46,5.49,5.37,5.42,True,七 匹 狼,False
2023-01-13,56.71,57.309,56.71,57.052,24468.0,13310592.000000002,5.4,5.47,5.4,5.44,True,七 匹 狼,False
2023-01-16,57.052,58.165,57.052,58.079,48962.0,27222872.0,5.44,5.57,5.44,5.56,True,七 匹 狼,False
2023-01-17,58.079,58.25,57.651,57.908,30631.0,16969574.0,5.56,5.58,5.51,5.54,True,七 匹 狼,False
2023-01-18,57.994,58.25,57.651,58.079,26858.0,14933047.999999998,5.55,5.58,5.51,5.56,True,七 匹 狼,False
2023-01-19,57.822,58.165,57.651,58.079,27679.0,15389523.999999998,5.53,5.57,5.51,5.56,True,七 匹 狼,False
2023-01-20,58.165,58.507,57.994,58.336,36801.0,20571759.0,5.57,5.61,5.55,5.59,True,七 匹 狼,False
2023-01-30,58.592,58.849,58.336,58.507,41987.0,23554707.0,5.62,5.65,5.59,5.61,True,七 匹 狼,False
2023-01-31,58.592,58.764,58.25,58.592,33018.0,18556116.0,5.62,5.64,5.58,5.62,True,七 匹 狼,False
2023-02-01,58.764,59.106,58.507,59.106,41683.0,23675944.0,5.64,5.68,5.61,5.68,True,七 匹 狼,False
2023-02-02,59.277,59.277,58.849,59.106,31908.0,18123744.0,5.7,5.7,5.65,5.68,True,七 匹 狼,False
2023-02-03,59.02,59.106,58.25,58.678,29453.0,16582039.0,5.67,5.68,5.58,5.63,True,七 匹 狼,False
2023-02-06,58.678,58.849,58.336,58.764,28354.0,15991656.0,5.63,5.65,5.59,5.64,True,七 匹 狼,False
2023-02-07,58.935,58.935,58.507,58.935,29999.0,16979434.0,5.66,5.66,5.61,5.66,True,七 匹 狼,False
2023-02-08,58.935,59.191,58.678,58.849,31472.0,17781680.0,5.66,5.69,5.63,5.65,True,七 匹 狼,False
2023-02-09,58.935,59.106,58.592,59.02,34438.0,19526346.0,5.66,5.68,5.62,5.67,True,七 匹 狼,False
2023-02-10,59.277,59.277,58.849,59.106,46059.0,26161512.0,5.7,5.7,5.65,5.68,True,七 匹 狼,False
2023-02-13,59.277,59.534,58.849,59.448,65480.0,37454560.0,5.7,5.73,5.65,5.72,True,七 匹 狼,False
2023-02-14,59.534,59.79,59.191,59.277,40744.0,23224080.0,5.73,5.76,5.69,5.7,True,七 匹 狼,False
2023-02-15,59.705,59.705,59.02,59.362,37972.0,21682012.0,5.75,5.75,5.67,5.71,True,七 匹 狼,False
2023-02-16,59.448,59.79,58.165,58.421,79244.0,44376640.0,5.72,5.76,5.57,5.6,True,七 匹 狼,False
2023-02-17,58.592,59.362,58.336,58.421,73184.0,40983040.0,5.62,5.71,5.59,5.6,True,七 匹 狼,False
2023-02-20,58.764,59.277,58.507,59.191,46806.0,26632614.0,5.64,5.7,5.61,5.69,True,七 匹 狼,False
2023-02-21,59.362,59.79,58.935,59.448,45081.0,25786332.0,5.71,5.76,5.66,5.72,True,七 匹 狼,False
2023-02-22,59.362,59.705,59.02,59.705,37713.0,21684975.0,5.71,5.75,5.67,5.75,True,七 匹 狼,False
2023-02-23,59.876,60.218,59.277,59.705,43980.0,25288500.0,5.77,5.81,5.7,5.75,True,七 匹 狼,False
2023-02-24,59.79,60.475,59.705,60.389,85303.0,49731649.0,5.76,5.84,5.75,5.83,True,七 匹 狼,False
2023-02-27,60.56,62.015,60.047,61.245,177219.0,105090867.0,5.85,6.02,5.79,5.93,True,七 匹 狼,False
2023-02-28,61.074,63.298,60.731,62.442,337366.0,204781162.0,5.91,6.17,5.87,6.07,True,七 匹 狼,False
2023-03-01,62.87,63.041,61.672,62.357,243740.0,147706440.0,6.12,6.14,5.98,6.06,True,七 匹 狼,False
2023-03-02,62.442,63.384,62.1,62.87,194660.0,119131920.0,6.07,6.18,6.03,6.12,True,七 匹 狼,False
2023-03-03,62.614,62.699,61.672,61.758,146078.0,87500722.0,6.09,6.1,5.98,5.99,True,七 匹 狼,False
2023-03-06,61.758,61.929,60.988,61.587,99289.0,59275533.0,5.99,6.01,5.9,5.97,True,七 匹 狼,False
2023-03-07,61.416,61.416,60.132,60.132,84788.0,49177040.0,5.95,5.95,5.8,5.8,True,七 匹 狼,False
2023-03-08,60.132,60.389,59.876,60.218,52745.0,30644845.0,5.8,5.83,5.77,5.81,True,七 匹 狼,False
2023-03-09,60.389,60.475,59.705,59.961,48700.0,28148600.0,5.83,5.84,5.75,5.78,True,七 匹 狼,False
2023-03-10,59.705,60.132,59.191,59.277,61481.0,35044170.0,5.75,5.8,5.69,5.7,True,七 匹 狼,False
2023-03-13,59.277,59.619,58.935,59.362,60268.0,34413028.0,5.7,5.74,5.66,5.71,True,七 匹 狼,False
2023-03-14,59.448,59.448,58.421,59.106,72851.0,41379368.0,5.72,5.72,5.6,5.68,True,七 匹 狼,False
2023-03-15,59.362,61.159,59.106,60.304,100826.0,58680732.0,5.71,5.92,5.68,5.82,True,七 匹 狼,False
2023-03-16,60.304,60.646,59.79,59.876,61330.0,35387410.0,5.82,5.86,5.76,5.77,True,七 匹 狼,False
2023-03-17,60.132,60.646,59.79,60.56,51271.0,29993535.0,5.8,5.86,5.76,5.85,True,七 匹 狼,False
2023-03-20,60.389,61.501,60.218,60.304,79043.0,46003026.0,5.83,5.96,5.81,5.82,True,七 匹 狼,False
2023-03-21,60.646,60.646,60.132,60.646,36856.0,21597616.0,5.86,5.86,5.8,5.86,True,七 匹 狼,False
2023-03-22,60.646,61.074,60.475,60.988,49425.0,29160750.0,5.86,5.91,5.84,5.9,True,七 匹 狼,False
2023-03-23,60.902,60.902,60.218,60.475,44263.0,25849592.0,5.89,5.89,5.81,5.84,True,七 匹 狼,False
2023-03-24,60.475,61.587,60.389,61.245,80969.0,48014617.0,5.84,5.97,5.83,5.93,True,七 匹 狼,False
2023-03-27,61.245,61.33,59.79,60.475,66713.0,38960392.0,5.93,5.94,5.76,5.84,True,七 匹 狼,False
2023-03-28,60.56,61.758,60.218,61.501,84874.0,50584904.0,5.85,5.99,5.81,5.96,True,七 匹 狼,False
2023-03-29,61.501,61.501,60.475,60.902,60010.0,35345890.0,5.96,5.96,5.84,5.89,True,七 匹 狼,False
2023-03-30,60.731,61.074,59.961,60.902,70043.0,41255327.0,5.87,5.91,5.78,5.89,True,七 匹 狼,False
2023-03-31,60.988,61.416,60.475,60.731,50280.0,29514360.0,5.9,5.95,5.84,5.87,True,七 匹 狼,False
2023-04-03,60.646,61.159,60.218,61.159,75623.0,44768816.0,5.86,5.92,5.81,5.92,True,七 匹 狼,False
2023-04-04,60.646,61.074,60.047,60.132,65095.0,37755100.0,5.86,5.91,5.79,5.8,True,七 匹 狼,False
2023-04-06,59.961,60.389,59.277,59.705,69819.0,40145925.0,5.78,5.83,5.7,5.75,True,七 匹 狼,False
2023-04-07,59.705,60.047,59.448,60.047,50527.0,29255133.0,5.75,5.79,5.72,5.79,True,七 匹 狼,False
2023-04-10,59.876,59.876,58.25,58.507,86455.0,48501255.0,5.77,5.77,5.58,5.61,True,七 匹 狼,False
2023-04-11,58.507,58.678,57.822,58.165,50637.0,28204809.0,5.61,5.63,5.53,5.57,True,七 匹 狼,False
2023-04-12,58.25,58.678,57.908,58.079,51485.0,28625660.0,5.58,5.63,5.54,5.56,True,七 匹 狼,False
2023-04-13,58.079,58.421,57.908,58.336,42516.0,23766444.0,5.56,5.6,5.54,5.59,True,七 匹 狼,False
2023-04-14,58.336,58.592,57.822,58.079,43300.0,24074800.0,5.59,5.62,5.53,5.56,True,七 匹 狼,False
2023-04-17,57.822,58.336,57.651,58.165,57960.0,32283720.0,5.53,5.59,5.51,5.57,True,七 匹 狼,False
2023-04-18,57.994,58.935,57.737,58.678,50551.0,28460213.0,5.55,5.66,5.52,5.63,True,七 匹 狼,False
2023-04-19,58.507,59.191,58.421,58.678,38516.0,21684508.0,5.61,5.69,5.6,5.63,True,七 匹 狼,False
2023-04-20,58.678,59.191,58.165,59.106,45373.0,25771864.0,5.63,5.69,5.57,5.68,True,七 匹 狼,False
2023-04-21,59.106,59.876,58.764,58.764,77840.0,43901760.0,5.68,5.77,5.64,5.64,True,七 匹 狼,False
2023-04-24,58.678,59.705,58.25,59.02,55930.0,31712310.0,5.63,5.75,5.58,5.67,True,七 匹 狼,False
2023-04-25,59.191,59.705,58.421,59.448,65356.0,37383632.0,5.69,5.75,5.6,5.72,True,七 匹 狼,False
2023-04-26,60.902,61.844,59.876,61.501,210977.0,125742292.0,5.89,6.0,5.77,5.96,True,七 匹 狼,False
2023-04-27,60.817,63.726,60.817,62.614,190023.0,115724007.0,5.88,6.22,5.88,6.09,True,七 匹 狼,False
2023-04-28,63.127,65.608,62.699,64.924,230015.0,146289540.0,6.15,6.44,6.1,6.36,True,七 匹 狼,False
2023-05-04,64.581,65.779,64.325,64.924,193498.0,123064728.0,6.32,6.46,6.29,6.36,True,七 匹 狼,False
2023-05-05,65.779,66.293,64.239,64.924,163078.0,103717608.0,6.46,6.52,6.28,6.36,True,七 匹 狼,False
2023-05-08,64.924,65.18,64.154,64.581,89192.0,56369344.0,6.36,6.39,6.27,6.32,True,七 匹 狼,False
2023-05-09,64.496,64.581,63.384,63.469,91857.0,56859483.0,6.31,6.32,6.18,6.19,True,七 匹 狼,False
2023-05-10,63.469,64.496,63.127,63.469,65917.0,40802623.0,6.19,6.31,6.15,6.19,True,七 匹 狼,False
2023-05-11,63.555,66.891,63.469,66.806,192411.0,126606438.0,6.2,6.59,6.19,6.58,True,七 匹 狼,False
2023-05-12,66.891,72.453,66.72,72.453,312197.0,226030628.0,6.59,7.24,6.57,7.24,True,七 匹 狼,False
2023-05-15,72.709,74.078,69.373,70.913,649466.0,458522996.0,7.27,7.43,6.88,7.06,True,七 匹 狼,False
2023-05-16,71.084,71.939,67.49,68.089,367827.0,247547571.00000003,7.08,7.18,6.66,6.73,True,七 匹 狼,False
2023-05-17,67.49,68.603,67.148,67.747,209727.0,140307363.0,6.66,6.79,6.62,6.69,True,七 匹 狼,False
2023-05-18,67.319,68.26,66.293,66.891,170295.0,112224405.0,6.64,6.75,6.52,6.59,True,七 匹 狼,False
2023-05-19,66.635,67.49,65.608,66.635,144503.0,94793968.0,6.56,6.66,6.44,6.56,True,七 匹 狼,False
2023-05-22,65.95,66.635,65.523,66.121,101306.0,65848900.0,6.48,6.56,6.43,6.5,True,七 匹 狼,False
2023-05-23,66.207,66.806,65.779,65.865,87476.0,56596972.0,6.51,6.58,6.46,6.47,True,七 匹 狼,False
2023-05-24,65.437,65.865,64.667,64.838,111474.0,70785990.0,6.42,6.47,6.33,6.35,True,七 匹 狼,False
2023-05-25,64.838,64.924,63.726,64.496,87039.0,54921609.0,6.35,6.36,6.22,6.31,True,七 匹 狼,False
2023-05-26,64.239,65.095,63.726,64.581,71533.0,45208856.0,6.28,6.38,6.22,6.32,True,七 匹 狼,False
2023-05-29,64.496,65.095,63.811,63.983,60773.0,37983125.0,6.31,6.38,6.23,6.25,True,七 匹 狼,False
2023-05-30,63.983,64.154,62.785,63.726,58684.0,36501448.0,6.25,6.27,6.11,6.22,True,七 匹 狼,False
2023-05-31,63.469,64.239,63.298,63.897,59566.0,37169184.0,6.19,6.28,6.17,6.24,True,七 匹 狼,False
2023-06-01,63.811,65.266,63.127,64.753,94545.0,59941530.0,6.23,6.4,6.15,6.34,True,七 匹 狼,False
2023-06-02,65.18,65.351,64.325,64.41,65529.0,41283270.0,6.39,6.41,6.29,6.3,True,七 匹 狼,False
2023-06-05,64.154,65.523,63.983,65.437,85507.0,54895494.0,6.27,6.43,6.25,6.42,True,七 匹 狼,False
2023-06-06,65.437,65.523,64.325,64.41,67267.0,42378210.0,6.42,6.43,6.29,6.3,True,七 匹 狼,False
2023-06-07,64.41,65.266,63.555,64.924,55383.0,35223588.0,6.3,6.4,6.2,6.36,True,七 匹 狼,False
2023-06-08,65.18,65.437,64.068,64.41,64347.0,40538610.0,6.39,6.42,6.26,6.3,True,七 匹 狼,False
2023-06-09,64.496,64.838,63.983,64.239,60439.0,37955692.0,6.31,6.35,6.25,6.28,True,七 匹 狼,False
2023-06-12,64.325,65.095,63.384,65.009,75069.0,47818953.0,6.29,6.38,6.18,6.37,True,七 匹 狼,False
2023-06-13,65.095,65.095,63.897,64.239,55785.0,35032980.0,6.38,6.38,6.24,6.28,True,七 匹 狼,False
2023-06-14,64.154,64.41,63.726,63.983,46205.0,28878125.0,6.27,6.3,6.22,6.25,True,七 匹 狼,False
2023-06-15,63.983,64.154,63.041,63.213,61788.0,38061408.0,6.25,6.27,6.14,6.16,True,七 匹 狼,False
2023-06-16,63.213,63.64,62.87,63.213,52062.0,32070192.0,6.16,6.21,6.12,6.16,True,七 匹 狼,False
2023-06-19,63.384,63.384,61.758,61.929,85182.0,51194382.0,6.18,6.18,5.99,6.01,True,七 匹 狼,False
2023-06-20,61.672,61.844,60.988,60.988,68980.0,40698200.0,5.98,6.0,5.9,5.9,True,七 匹 狼,False
2023-06-21,61.074,61.416,60.475,60.475,50412.0,29440608.0,5.91,5.95,5.84,5.84,True,七 匹 狼,False
2023-06-26,60.304,60.731,59.79,60.047,50438.0,29203602.0,5.82,5.87,5.76,5.79,True,七 匹 狼,False
2023-06-27,60.304,62.1,59.961,61.758,72510.0,43433490.0,5.82,6.03,5.78,5.99,True,七 匹 狼,False
2023-06-28,61.844,62.357,61.074,62.015,55909.0,33657218.0,6.0,6.06,5.91,6.02,True,七 匹 狼,False
2023-06-29,61.929,64.41,61.844,63.469,89501.0,55401119.0,6.01,6.3,6.0,6.19,True,七 匹 狼,False
2023-06-30,63.726,65.009,63.384,64.838,92106.0,58487310.0,6.22,6.37,6.18,6.35,True,七 匹 狼,False
2023-07-03,64.581,64.838,63.64,64.068,73059.0,45734934.0,6.32,6.35,6.21,6.26,True,七 匹 狼,False
2023-07-04,64.154,64.496,63.555,64.239,48207.0,30273996.0,6.27,6.31,6.2,6.28,True,七 匹 狼,False
2023-07-05,64.239,64.496,63.726,63.983,40472.0,25295000.0,6.28,6.31,6.22,6.25,True,七 匹 狼,False
2023-07-06,63.983,64.496,63.726,64.068,35021.0,21923146.0,6.25,6.31,6.22,6.26,True,七 匹 狼,False
2023-07-07,63.897,64.41,63.555,64.068,39780.0,24902280.0,6.24,6.3,6.2,6.26,True,七 匹 狼,False
2023-07-10,64.068,64.496,63.811,63.983,35866.0,22416250.0,6.26,6.31,6.23,6.25,True,七 匹 狼,False
2023-07-11,64.068,64.924,63.726,64.753,65571.0,41572014.0,6.26,6.36,6.22,6.34,True,七 匹 狼,False
2023-07-12,64.753,65.095,63.555,63.64,52801.0,32789421.0,6.34,6.38,6.2,6.21,True,七 匹 狼,False
2023-07-13,63.983,64.325,63.555,64.239,59218.0,37188904.0,6.25,6.29,6.2,6.28,True,七 匹 狼,False
2023-07-14,64.068,65.437,63.983,65.009,63048.0,40161576.0,6.26,6.42,6.25,6.37,True,七 匹 狼,False
2023-07-17,65.95,66.036,64.325,64.838,80665.0,51222275.0,6.48,6.49,6.29,6.35,True,七 匹 狼,False
2023-07-18,64.838,65.266,64.325,65.009,53826.0,34287162.0,6.35,6.4,6.29,6.37,True,七 匹 狼,False
2023-07-19,64.753,65.523,64.667,65.18,46540.0,29739060.0,6.34,6.43,6.33,6.39,True,七 匹 狼,False
2023-07-20,65.437,66.806,65.18,66.549,163258.0,106933990.0,6.42,6.58,6.39,6.55,True,七 匹 狼,False
2023-07-21,66.635,67.234,65.095,65.608,159071.0,102441724.0,6.56,6.63,6.38,6.44,True,七 匹 狼,False
2023-07-24,65.523,66.207,65.18,65.865,79587.0,51492789.0,6.43,6.51,6.39,6.47,True,七 匹 狼,False
2023-07-25,66.036,66.378,65.694,66.207,95629.0,62254479.0,6.49,6.53,6.45,6.51,True,七 匹 狼,False
2023-07-26,66.121,66.891,66.036,66.293,86487.0,56389524.0,6.5,6.59,6.49,6.52,True,七 匹 狼,False
2023-07-27,66.378,66.464,65.351,65.523,72947.0,46904921.0,6.53,6.54,6.41,6.43,True,七 匹 狼,False
2023-07-28,65.523,68.089,65.266,67.148,200556.0,132768072.0,6.43,6.73,6.4,6.62,True,七 匹 狼,False
2023-07-31,67.319,68.346,66.72,68.26,163453.0,110330775.0,6.64,6.76,6.57,6.75,True,七 匹 狼,False
2023-08-01,68.26,68.517,67.49,67.661,87021.0,58130028.0,6.75,6.78,6.66,6.68,True,七 匹 狼,False
2023-08-02,67.747,68.089,66.977,67.148,81593.0,54014566.0,6.69,6.73,6.6,6.62,True,七 匹 狼,False
2023-08-03,67.148,67.319,66.464,66.891,64808.0,42708472.0,6.62,6.64,6.54,6.59,True,七 匹 狼,False
2023-08-04,67.319,67.49,66.121,66.293,83283.0,54300516.0,6.64,6.66,6.5,6.52,True,七 匹 狼,False
2023-08-07,65.865,66.464,65.009,65.351,85173.0,54595893.0,6.47,6.54,6.37,6.41,True,七 匹 狼,False
2023-08-08,65.437,65.523,64.581,65.266,57847.0,37022080.0,6.42,6.43,6.32,6.4,True,七 匹 狼,False
2023-08-09,64.068,65.266,64.068,64.496,59426.0,37497806.0,6.26,6.4,6.26,6.31,True,七 匹 狼,False
2023-08-10,64.581,65.351,64.41,65.18,62484.0,39927276.0,6.32,6.41,6.3,6.39,True,七 匹 狼,False
2023-08-11,65.18,65.523,63.555,63.64,64166.0,39847086.0,6.39,6.43,6.2,6.21,True,七 匹 狼,False
2023-08-14,63.298,64.924,63.213,64.924,73470.0,46726920.0,6.17,6.36,6.16,6.36,True,七 匹 狼,False
2023-08-15,65.18,65.437,64.239,65.18,66917.0,42759963.0,6.39,6.42,6.28,6.39,True,七 匹 狼,False
2023-08-16,65.351,66.293,64.667,65.437,72092.0,46283064.0,6.41,6.52,6.33,6.42,True,七 匹 狼,False
2023-08-17,65.608,65.95,64.924,65.608,64001.0,41216644.0,6.44,6.48,6.36,6.44,True,七 匹 狼,False
2023-08-18,65.779,65.865,64.496,64.496,47021.0,29670251.0,6.46,6.47,6.31,6.31,True,七 匹 狼,False
2023-08-21,64.496,65.694,64.41,64.838,55630.0,35325050.0,6.31,6.45,6.3,6.35,True,七 匹 狼,False
2023-08-22,65.009,65.266,63.213,64.154,65495.0,41065365.0,6.37,6.4,6.16,6.27,True,七 匹 狼,False
2023-08-23,63.897,64.496,62.87,62.87,40530.0,24804360.0,6.24,6.31,6.12,6.12,True,七 匹 狼,False
2023-08-24,62.87,63.298,62.357,62.785,54016.0,33003776.0,6.12,6.17,6.06,6.11,True,七 匹 狼,False
2023-08-25,62.614,63.127,61.159,61.929,67663.0,40665463.0,6.09,6.15,5.92,6.01,True,七 匹 狼,False
2023-08-28,64.581,65.18,63.555,63.983,140252.0,87657500.0,6.32,6.39,6.2,6.25,True,七 匹 狼,False
2023-08-29,63.726,64.154,63.298,63.64,83964.0,52141644.0,6.22,6.27,6.17,6.21,True,七 匹 狼,False
2023-08-30,63.64,63.897,62.87,62.87,65092.0,39836304.0,6.21,6.24,6.12,6.12,True,七 匹 狼,False
2023-08-31,63.041,63.469,62.271,62.271,51074.0,30899770.0,6.14,6.19,6.05,6.05,True,七 匹 狼,False
2023-09-01,62.528,63.384,62.271,63.213,58149.0,35819784.0,6.08,6.18,6.05,6.16,True,七 匹 狼,False
2023-09-04,63.469,64.325,63.384,64.239,51321.0,32229588.0,6.19,6.29,6.18,6.28,True,七 匹 狼,False
2023-09-05,64.325,64.325,63.041,63.213,43134.0,26570544.0,6.29,6.29,6.14,6.16,True,七 匹 狼,False
2023-09-06,63.041,63.298,62.699,62.956,46108.0,28264204.0,6.14,6.17,6.1,6.13,True,七 匹 狼,False
2023-09-07,62.956,63.213,62.528,62.614,55650.0,33890850.0,6.13,6.16,6.08,6.09,True,七 匹 狼,False
2023-09-08,62.614,64.41,62.528,63.811,90404.0,56321692.00000001,6.09,6.3,6.08,6.23,True,七 匹 狼,False
2023-09-11,62.956,63.298,61.501,63.213,142843.0,87991288.0,6.13,6.17,5.96,6.16,True,七 匹 狼,False
2023-09-12,63.384,63.384,62.699,62.785,46908.0,28660788.0,6.18,6.18,6.1,6.11,True,七 匹 狼,False
2023-09-13,63.384,63.384,62.614,62.87,51119.0,31284828.0,6.18,6.18,6.09,6.12,True,七 匹 狼,False
2023-09-14,62.785,63.041,62.271,62.785,44797.0,27370967.0,6.11,6.14,6.05,6.11,True,七 匹 狼,False
2023-09-15,62.87,63.811,62.528,63.726,91677.0,57023094.0,6.12,6.23,6.08,6.22,True,七 匹 狼,False
2023-09-18,63.726,65.266,63.298,64.838,78822.0,50051970.0,6.22,6.4,6.17,6.35,True,七 匹 狼,False
2023-09-19,64.667,64.667,63.726,64.068,61137.0,38271762.0,6.33,6.33,6.22,6.26,True,七 匹 狼,False
2023-09-20,64.239,64.581,63.384,64.154,49660.0,31136820.0,6.28,6.32,6.18,6.27,True,七 匹 狼,False
2023-09-21,63.983,64.239,63.213,63.298,52869.0,32620173.0,6.25,6.28,6.16,6.17,True,七 匹 狼,False
2023-09-22,63.127,64.068,62.956,63.726,42355.0,26344810.0,6.15,6.26,6.13,6.22,True,七 匹 狼,False
2023-09-25,63.897,64.239,63.384,63.64,34698.0,21547458.0,6.24,6.28,6.18,6.21,True,七 匹 狼,False
2023-09-26,63.64,64.239,63.555,63.811,31928.0,19891144.0,6.21,6.28,6.2,6.23,True,七 匹 狼,False
2023-09-27,63.64,63.983,63.298,63.555,38581.0,23920220.0,6.21,6.25,6.17,6.2,True,七 匹 狼,False
2023-09-28,63.64,64.154,63.384,63.811,29869.0,18608387.0,6.21,6.27,6.18,6.23,True,七 匹 狼,False
2023-10-09,63.726,63.983,62.528,62.614,59681.0,36345729.0,6.22,6.25,6.08,6.09,True,七 匹 狼,False
2023-10-10,62.699,62.956,62.1,62.186,37284.0,22519536.0,6.1,6.13,6.03,6.04,True,七 匹 狼,False
2023-10-11,62.186,62.614,61.929,62.015,35927.0,21628054.0,6.04,6.09,6.01,6.02,True,七 匹 狼,False
2023-10-12,62.271,62.528,62.1,62.186,42609.0,25735836.0,6.05,6.08,6.03,6.04,True,七 匹 狼,False
2023-10-13,62.015,62.1,61.074,61.245,44420.0,26341060.0,6.02,6.03,5.91,5.93,True,七 匹 狼,False
2023-10-16,61.245,62.271,61.074,61.929,55718.0,33486518.0,5.93,6.05,5.91,6.01,True,七 匹 狼,False
2023-10-17,61.844,63.469,61.844,62.87,68627.0,41999724.0,6.0,6.19,6.0,6.12,True,七 匹 狼,False
2023-10-18,62.785,63.041,62.1,62.1,50005.0,30153015.0,6.11,6.14,6.03,6.03,True,七 匹 狼,False
2023-10-19,61.929,62.614,61.416,61.416,46414.0,27616330.0,6.01,6.09,5.95,5.95,True,七 匹 狼,False
2023-10-20,61.074,61.844,60.988,61.245,36482.0,21633826.0,5.91,6.0,5.9,5.93,True,七 匹 狼,False
2023-10-23,60.988,61.672,59.961,60.218,52089.0,30263709.0,5.9,5.98,5.78,5.81,True,七 匹 狼,False
2023-10-24,60.56,62.271,60.132,62.1,68953.0,41578659.0,5.85,6.05,5.8,6.03,True,七 匹 狼,False
2023-10-25,62.357,63.298,62.271,62.699,57385.0,35004850.0,6.06,6.17,6.05,6.1,True,七 匹 狼,False
2023-10-26,62.528,62.87,62.1,62.528,34028.0,20689024.0,6.08,6.12,6.03,6.08,True,七 匹 狼,False
2023-10-27,62.785,63.298,62.015,62.699,78766.0,48047260.0,6.11,6.17,6.02,6.1,True,七 匹 狼,False
2023-10-30,62.357,63.127,62.271,62.956,76539.0,46918407.0,6.06,6.15,6.05,6.13,True,七 匹 狼,False
2023-10-31,62.956,63.298,62.357,62.699,51944.0,31685840.0,6.13,6.17,6.06,6.1,True,七 匹 狼,False
2023-11-01,62.785,63.298,62.699,63.127,50861.0,31279515.0,6.11,6.17,6.1,6.15,True,七 匹 狼,False
2023-11-02,63.127,63.213,62.699,62.785,38885.0,23758735.0,6.15,6.16,6.1,6.11,True,七 匹 狼,False
2023-11-03,63.726,63.811,62.785,62.956,64443.0,39503559.0,6.22,6.23,6.11,6.13,True,七 匹 狼,False
2023-11-06,62.956,63.384,62.785,63.041,65526.0,40232964.0,6.13,6.18,6.11,6.14,True,七 匹 狼,False
2023-11-07,62.87,62.956,62.271,62.87,62886.0,38486232.0,6.12,6.13,6.05,6.12,True,七 匹 狼,False
2023-11-08,62.614,63.041,62.271,62.442,47203.0,28652221.0,6.09,6.14,6.05,6.07,True,七 匹 狼,False
2023-11-09,62.442,62.528,61.587,61.758,64912.0,38882288.0,6.07,6.08,5.97,5.99,True,七 匹 狼,False
2023-11-10,61.587,61.929,61.074,61.844,51626.0,30975600.0,5.97,6.01,5.91,6.0,True,七 匹 狼,False
2023-11-13,61.929,62.357,61.929,62.1,47704.0,28765512.0,6.01,6.06,6.01,6.03,True,七 匹 狼,False
2023-11-14,62.015,62.357,61.929,62.271,55073.0,33319165.0,6.02,6.06,6.01,6.05,True,七 匹 狼,False
2023-11-15,62.357,62.528,62.015,62.1,48790.0,29420370.0,6.06,6.08,6.02,6.03,True,七 匹 狼,False
2023-11-16,62.1,62.357,61.844,62.015,43724.0,26321848.0,6.03,6.06,6.0,6.02,True,七 匹 狼,False
2023-11-17,61.844,62.1,61.33,61.672,63192.0,37788816.0,6.0,6.03,5.94,5.98,True,七 匹 狼,False
2023-11-20,61.844,62.015,61.074,61.587,71155.0,42479535.0,6.0,6.02,5.91,5.97,True,七 匹 狼,False
2023-11-21,61.587,66.72,61.501,65.095,667536.0,425887968.0,5.97,6.57,5.96,6.38,True,七 匹 狼,False
2023-11-22,64.924,66.378,63.811,64.496,623019.0,393124989.0,6.36,6.53,6.23,6.31,True,七 匹 狼,False
2023-11-23,64.154,65.266,63.983,64.154,261419.0,163909713.0,6.27,6.4,6.25,6.27,True,七 匹 狼,False
2023-11-24,64.154,64.667,63.213,63.64,229408.0,142462368.0,6.27,6.33,6.16,6.21,True,七 匹 狼,False
2023-11-27,63.64,64.068,62.614,63.384,200601.0,123971418.0,6.21,6.26,6.09,6.18,True,七 匹 狼,False
2023-11-28,63.384,64.154,63.041,63.726,122131.0,75965482.0,6.18,6.27,6.14,6.22,True,七 匹 狼,False
2023-11-29,63.64,63.811,62.699,62.785,104559.0,63885549.0,6.21,6.23,6.1,6.11,True,七 匹 狼,False
2023-11-30,62.785,63.384,62.271,63.041,103432.0,63507248.0,6.11,6.18,6.05,6.14,True,七 匹 狼,False
2023-12-01,62.87,64.154,62.87,63.64,138862.0,86233302.0,6.12,6.27,6.12,6.21,True,七 匹 狼,False
2023-12-04,63.555,64.325,63.041,63.897,107780.0,67254720.0,6.2,6.29,6.14,6.24,True,七 匹 狼,False
2023-12-05,63.811,64.239,63.298,63.384,105663.0,65299734.0,6.23,6.28,6.17,6.18,True,七 匹 狼,False
2023-12-06,63.213,63.469,62.87,63.213,79406.0,48914096.0,6.16,6.19,6.12,6.16,True,七 匹 狼,False
2023-12-07,63.213,63.469,62.614,62.785,94436.0,57700396.0,6.16,6.19,6.09,6.11,True,七 匹 狼,False
2023-12-08,62.87,62.87,61.245,61.416,141169.0,83995555.0,6.12,6.12,5.93,5.95,True,七 匹 狼,False
2023-12-11,61.245,61.929,61.074,61.758,89707.0,53734493.0,5.93,6.01,5.91,5.99,True,七 匹 狼,False
2023-12-12,61.758,62.357,61.501,62.271,90167.0,54551035.0,5.99,6.06,5.96,6.05,True,七 匹 狼,False
2023-12-13,62.271,62.442,61.672,61.758,61005.0,36541995.0,6.05,6.07,5.98,5.99,True,七 匹 狼,False
2023-12-14,61.929,62.528,61.672,61.929,81952.0,49253152.0,6.01,6.08,5.98,6.01,True,七 匹 狼,False
2023-12-15,61.929,62.271,61.501,61.672,58638.0,35065524.0,6.01,6.05,5.96,5.98,True,七 匹 狼,False
2023-12-18,61.672,62.015,60.817,61.074,86673.0,51223743.0,5.98,6.02,5.88,5.91,True,七 匹 狼,False
2023-12-19,60.988,61.672,60.389,60.646,75935.0,44497910.0,5.9,5.98,5.83,5.86,True,七 匹 狼,False
2023-12-20,60.817,61.245,60.218,60.304,71157.0,41413374.0,5.88,5.93,5.81,5.82,True,七 匹 狼,False
2023-12-21,60.132,60.988,59.362,60.902,97850.0,57633650.0,5.8,5.9,5.71,5.89,True,七 匹 狼,False
2023-12-22,60.817,61.33,59.79,60.132,80015.0,46408700.0,5.88,5.94,5.76,5.8,True,七 匹 狼,False
2023-12-25,60.047,60.132,59.02,59.534,110701.0,63431673.00000001,5.79,5.8,5.67,5.73,True,七 匹 狼,False
2023-12-26,59.619,59.961,58.764,58.935,66843.0,37833138.0,5.74,5.78,5.64,5.66,True,七 匹 狼,False
2023-12-27,59.02,59.362,58.165,59.277,70870.0,40395900.0,5.67,5.71,5.57,5.7,True,七 匹 狼,False
2023-12-28,59.191,59.705,58.678,59.448,77257.0,44191004.0,5.69,5.75,5.63,5.72,True,七 匹 狼,False
2023-12-29,59.362,59.705,59.277,59.534,83265.0,47710845.0,5.71,5.75,5.7,5.73,True,七 匹 狼,False
2024-01-02,59.619,60.389,59.534,60.304,86970.0,50616540.0,5.74,5.83,5.73,5.82,True,七 匹 狼,False
2024-01-03,60.132,60.304,59.79,60.218,50153.0,29138893.0,5.8,5.82,5.76,5.81,True,七 匹 狼,False
2024-01-04,60.218,60.475,59.876,60.389,52960.0,30875680.0,5.81,5.84,5.77,5.83,True,七 匹 狼,False
2024-01-05,60.389,60.646,59.534,59.705,73339.0,42169925.0,5.83,5.86,5.73,5.75,True,七 匹 狼,False
2024-01-08,59.619,59.79,58.678,58.849,56837.0,32112905.000000004,5.74,5.76,5.63,5.65,True,七 匹 狼,False
2024-01-09,58.849,59.619,58.678,59.362,45820.0,26163220.0,5.65,5.74,5.63,5.71,True,七 匹 狼,False
2024-01-10,59.448,59.79,59.02,59.277,58587.0,33394590.0,5.72,5.76,5.67,5.7,True,七 匹 狼,False
2024-01-11,59.362,60.047,59.02,59.961,72882.0,42125796.0,5.71,5.79,5.67,5.78,True,七 匹 狼,False
2024-01-12,59.876,60.132,59.277,59.448,57891.0,33113652.0,5.77,5.8,5.7,5.72,True,七 匹 狼,False
2024-01-15,59.277,60.132,59.106,60.047,52330.0,30299070.0,5.7,5.8,5.68,5.79,True,七 匹 狼,False
2024-01-16,59.961,60.132,59.02,60.047,78663.0,45545877.0,5.78,5.8,5.67,5.79,True,七 匹 狼,False
2024-01-17,59.79,60.475,58.935,59.02,96891.0,54937197.0,5.76,5.84,5.66,5.67,True,七 匹 狼,False
2024-01-18,58.507,58.678,56.967,58.165,112514.0,62670298.0,5.61,5.63,5.43,5.57,True,七 匹 狼,False
2024-01-19,58.165,59.448,57.994,58.849,92818.0,52442170.0,5.57,5.72,5.55,5.65,True,七 匹 狼,False
2024-01-22,59.191,59.277,55.684,55.855,111394.0,59038820.0,5.69,5.7,5.28,5.3,True,七 匹 狼,False
2024-01-23,55.512,55.769,54.144,55.598,101106.0,53282861.99999999,5.26,5.29,5.1,5.27,True,七 匹 狼,False
2024-01-24,55.769,57.224,54.999,56.71,93233.0,50345820.0,5.29,5.46,5.2,5.4,True,七 匹 狼,False
2024-01-25,56.881,58.079,56.71,57.908,96790.0,53621660.0,5.42,5.56,5.4,5.54,True,七 匹 狼,False
2024-01-26,57.822,58.592,57.737,57.994,78533.0,43585815.0,5.53,5.62,5.52,5.55,True,七 匹 狼,False
2024-01-29,58.165,58.336,57.052,57.138,70726.0,38545670.0,5.57,5.59,5.44,5.45,True,七 匹 狼,False
2024-01-30,57.395,57.737,56.197,56.282,69996.0,37447860.0,5.48,5.52,5.34,5.35,True,七 匹 狼,False
2024-01-31,56.197,56.539,54.315,54.4,90385.0,46367505.0,5.34,5.38,5.12,5.13,True,七 匹 狼,False
2024-02-01,54.4,54.914,53.031,53.801,83924.0,42465544.0,5.13,5.19,4.97,5.06,True,七 匹 狼,False
2024-02-02,53.887,54.571,51.064,52.09,114281.0,55540566.0,5.07,5.15,4.74,4.86,True,七 匹 狼,False
2024-02-05,51.748,51.748,47.983,49.866,190762.0,87750520.0,4.82,4.82,4.38,4.6,True,七 匹 狼,False
2024-02-06,49.695,53.202,48.668,52.432,173239.0,84887110.0,4.58,4.99,4.46,4.9,True,七 匹 狼,False
2024-02-07,52.432,52.86,50.55,51.149,127207.0,60423325.0,4.9,4.95,4.68,4.75,True,七 匹 狼,False
2024-02-08,51.32,53.63,50.978,53.288,142742.0,71371000.0,4.77,5.04,4.73,5.0,True,七 匹 狼,False
2024-02-19,53.716,55.17,53.545,54.571,124995.0,64372425.00000001,5.05,5.22,5.03,5.15,True,七 匹 狼,False
2024-02-20,54.486,54.657,53.801,54.486,58538.0,30088532.0,5.14,5.16,5.06,5.14,True,七 匹 狼,False
2024-02-21,54.229,55.769,53.972,54.571,98303.0,50626045.0,5.11,5.29,5.08,5.15,True,七 匹 狼,False
2024-02-22,54.486,55.085,54.229,54.657,78017.0,40256772.0,5.14,5.21,5.11,5.16,True,七 匹 狼,False
2024-02-23,54.571,55.085,54.315,55.085,84957.0,44262597.0,5.15,5.21,5.12,5.21,True,七 匹 狼,False
2024-02-26,54.999,56.026,54.828,55.427,91998.0,48298950.0,5.2,5.32,5.18,5.25,True,七 匹 狼,False
2024-02-27,55.17,56.026,54.999,56.026,93057.0,49506324.0,5.22,5.32,5.2,5.32,True,七 匹 狼,False
2024-02-28,56.111,56.71,53.801,53.801,143860.0,72793160.0,5.33,5.4,5.06,5.06,True,七 匹 狼,False
2024-02-29,53.716,54.999,53.459,54.914,86297.0,44788143.0,5.05,5.2,5.02,5.19,True,七 匹 狼,False
2024-03-01,55.085,55.256,54.486,54.999,63821.0,33186920.0,5.21,5.23,5.14,5.2,True,七 匹 狼,False
2024-03-04,55.085,55.17,53.972,54.657,54412.0,28076592.0,5.21,5.22,5.08,5.16,True,七 匹 狼,False
2024-03-05,54.4,54.486,53.801,54.058,56347.0,28680623.0,5.13,5.14,5.06,5.09,True,七 匹 狼,False
2024-03-06,53.887,54.571,53.716,54.229,49496.0,25292456.0,5.07,5.15,5.05,5.11,True,七 匹 狼,False
2024-03-07,54.144,54.828,54.144,54.571,69181.0,35628215.0,5.1,5.18,5.1,5.15,True,七 匹 狼,False
2024-03-08,54.486,55.341,54.4,55.341,58758.0,30789192.0,5.14,5.24,5.13,5.24,True,七 匹 狼,False
2024-03-11,55.512,55.684,54.914,55.341,64620.0,33860880.0,5.26,5.28,5.19,5.24,True,七 匹 狼,False
2024-03-12,55.427,56.539,55.17,56.454,121874.0,65446338.0,5.25,5.38,5.22,5.37,True,七 匹 狼,False
2024-03-13,56.368,56.625,55.598,56.368,75520.0,40478720.0,5.36,5.39,5.27,5.36,True,七 匹 狼,False
2024-03-14,56.111,56.967,56.026,56.967,74600.0,40507800.0,5.33,5.43,5.32,5.43,True,七 匹 狼,False
2024-03-15,56.881,57.908,56.454,57.737,89787.0,49562423.99999999,5.42,5.54,5.37,5.52,True,七 匹 狼,False
2024-03-18,58.079,58.336,57.822,58.165,56877.0,31680489.0,5.56,5.59,5.53,5.57,True,七 匹 狼,False
2024-03-19,58.25,58.25,57.395,57.651,53925.0,29712675.0,5.58,5.58,5.48,5.51,True,七 匹 狼,False
2024-03-20,57.737,58.165,57.48,58.079,45367.0,25224052.0,5.52,5.57,5.49,5.56,True,七 匹 狼,False
2024-03-21,58.079,58.421,57.822,58.079,49179.0,27343524.0,5.56,5.6,5.53,5.56,True,七 匹 狼,False
2024-03-22,58.25,58.25,57.138,57.566,65251.0,35888050.0,5.58,5.58,5.45,5.5,True,七 匹 狼,False
2024-03-25,57.651,57.737,56.881,57.052,45424.0,24710656.0,5.51,5.52,5.42,5.44,True,七 匹 狼,False
2024-03-26,56.71,57.224,56.454,57.224,46392.0,25330032.0,5.4,5.46,5.37,5.46,True,七 匹 狼,False
2024-03-27,57.138,57.822,56.71,56.71,53964.0,29140560.000000004,5.45,5.53,5.4,5.4,True,七 匹 狼,False
2024-03-28,56.625,57.395,56.539,56.796,55169.0,29846429.0,5.39,5.48,5.38,5.41,True,七 匹 狼,False
2024-03-29,56.796,57.822,56.796,57.651,47812.0,26344412.0,5.41,5.53,5.41,5.51,True,七 匹 狼,False
2024-04-01,57.994,58.678,57.566,58.678,64694.0,36422722.0,5.55,5.63,5.5,5.63,True,七 匹 狼,False
2024-04-02,58.849,59.448,58.592,59.277,79665.0,45409050.0,5.65,5.72,5.62,5.7,True,七 匹 狼,False
2024-04-03,60.56,60.731,59.277,59.534,123560.0,70799880.0,5.85,5.87,5.7,5.73,True,七 匹 狼,False
2024-04-08,59.106,59.961,58.678,58.678,90895.0,51173885.0,5.68,5.78,5.63,5.63,True,七 匹 狼,False
2024-04-09,58.678,59.705,58.507,59.277,49974.0,28485180.0,5.63,5.75,5.61,5.7,True,七 匹 狼,False
2024-04-10,59.106,59.79,58.25,58.764,60193.0,33948852.0,5.68,5.76,5.58,5.64,True,七 匹 狼,False
2024-04-11,58.25,59.02,58.25,58.421,47244.0,26456640.0,5.58,5.67,5.58,5.6,True,七 匹 狼,False
2024-04-12,58.421,59.448,58.421,59.02,59275.0,33608925.0,5.6,5.72,5.6,5.67,True,七 匹 狼,False
2024-04-15,58.849,59.02,56.539,57.395,84042.0,46055016.0,5.65,5.67,5.38,5.48,True,七 匹 狼,False
2024-04-16,57.309,57.309,54.315,54.486,103893.0,53401002.0,5.47,5.47,5.12,5.14,True,七 匹 狼,False
2024-04-17,54.828,56.881,54.828,56.796,81095.0,43872395.0,5.18,5.42,5.18,5.41,True,七 匹 狼,False
2024-04-18,56.796,57.822,56.796,57.224,61104.0,33362784.0,5.41,5.53,5.41,5.46,True,七 匹 狼,False
2024-04-19,57.309,57.822,56.881,57.395,40533.0,22212084.0,5.47,5.53,5.42,5.48,True,七 匹 狼,False
2024-04-22,57.651,57.651,56.282,56.71,45345.0,24486300.0,5.51,5.51,5.35,5.4,True,七 匹 狼,False
2024-04-23,56.625,56.967,56.368,56.625,29664.0,15988895.999999998,5.39,5.43,5.36,5.39,True,七 匹 狼,False
2024-04-24,56.625,56.967,56.197,56.796,36377.0,19679957.0,5.39,5.43,5.34,5.41,True,七 匹 狼,False
2024-04-25,56.625,57.651,56.625,57.309,55227.0,30209169.0,5.39,5.51,5.39,5.47,True,七 匹 狼,False
2024-04-26,57.309,58.079,56.796,57.994,69176.0,38392680.0,5.47,5.56,5.41,5.55,True,七 匹 狼,False
2024-04-29,58.336,59.705,57.908,59.448,93685.0,53587820.0,5.59,5.75,5.54,5.72,True,七 匹 狼,False
2024-04-30,59.619,60.218,59.106,59.876,102099.0,58911122.99999999,5.74,5.81,5.68,5.77,True,七 匹 狼,False
2024-05-06,60.218,60.646,59.876,60.304,87406.0,50870292.0,5.81,5.86,5.77,5.82,True,七 匹 狼,False
2024-05-07,60.304,60.389,59.876,60.218,67702.0,39334862.0,5.82,5.83,5.77,5.81,True,七 匹 狼,False
2024-05-08,60.047,60.218,59.619,59.79,59892.0,34497792.0,5.79,5.81,5.74,5.76,True,七 匹 狼,False
2024-05-09,59.619,60.132,59.619,60.132,77334.0,44853720.0,5.74,5.8,5.74,5.8,True,七 匹 狼,False
2024-05-10,60.132,60.218,59.534,60.047,60662.0,35123298.0,5.8,5.81,5.73,5.79,True,七 匹 狼,False
2024-05-13,59.876,59.961,59.191,59.448,55636.0,31823792.0,5.77,5.78,5.69,5.72,True,七 匹 狼,False
2024-05-14,59.534,60.304,59.277,60.047,69046.0,39977634.0,5.73,5.82,5.7,5.79,True,七 匹 狼,False
2024-05-15,60.047,60.304,59.534,59.961,46074.0,26630772.0,5.79,5.82,5.73,5.78,True,七 匹 狼,False
2024-05-16,59.876,60.389,59.876,60.218,55650.0,32332650.0,5.77,5.83,5.77,5.81,True,七 匹 狼,False
2024-05-17,60.218,60.475,59.79,60.475,53260.0,31103840.0,5.81,5.84,5.76,5.84,True,七 匹 狼,False
2024-05-20,60.389,60.817,60.047,60.218,58837.0,34184297.0,5.83,5.88,5.79,5.81,True,七 匹 狼,False
2024-05-21,60.304,60.304,59.705,59.961,31449.0,18177522.0,5.82,5.82,5.75,5.78,True,七 匹 狼,False
2024-05-22,60.304,61.844,60.132,61.672,126191.0,75462218.0,5.82,6.0,5.8,5.98,True,七 匹 狼,False
2024-05-23,61.416,61.501,59.534,59.961,108525.0,62727450.0,5.95,5.96,5.73,5.78,True,七 匹 狼,False
2024-05-24,59.705,59.876,59.02,59.79,50428.0,29046528.0,5.75,5.77,5.67,5.76,True,七 匹 狼,False
2024-05-27,59.705,59.876,59.02,59.79,39373.0,22678848.0,5.75,5.77,5.67,5.76,True,七 匹 狼,False
2024-05-28,59.79,59.876,59.106,59.362,33139.0,18922369.0,5.76,5.77,5.68,5.71,True,七 匹 狼,False
2024-05-29,59.02,59.619,59.02,59.191,33187.0,18883403.0,5.67,5.74,5.67,5.69,True,七 匹 狼,False
2024-05-30,59.277,59.534,58.678,58.764,27185.0,15332340.0,5.7,5.73,5.63,5.64,True,七 匹 狼,False
2024-05-31,58.849,59.191,58.507,58.764,27783.0,15669612.0,5.65,5.69,5.61,5.64,True,七 匹 狼,False
2024-06-03,58.507,58.764,57.138,57.822,44666.0,24700298.0,5.61,5.64,5.45,5.53,True,七 匹 狼,False
2024-06-04,57.822,58.165,56.967,57.737,42503.0,23461656.0,5.53,5.57,5.43,5.52,True,七 匹 狼,False
2024-06-05,57.737,57.737,56.539,56.539,38175.0,20538150.0,5.52,5.52,5.38,5.38,True,七 匹 狼,False
2024-06-06,56.625,56.796,55.17,55.598,66391.0,34988057.0,5.39,5.41,5.22,5.27,True,七 匹 狼,False
2024-06-07,56.111,56.967,55.855,56.881,54834.0,29720028.0,5.33,5.43,5.3,5.42,True,七 匹 狼,False
2024-06-11,56.796,56.881,55.94,56.368,40742.0,21837712.0,5.41,5.42,5.31,5.36,True,七 匹 狼,False
2024-06-12,56.454,56.967,56.368,56.796,29412.0,15911892.0,5.37,5.43,5.36,5.41,True,七 匹 狼,False
2024-06-13,56.881,56.881,55.769,56.026,38289.0,20369748.0,5.42,5.42,5.29,5.32,True,七 匹 狼,False
2024-06-14,56.026,56.197,55.512,56.197,34944.0,18660096.0,5.32,5.34,5.26,5.34,True,七 匹 狼,False
2024-06-17,55.94,56.026,55.17,55.256,30898.0,16159654.000000002,5.31,5.32,5.22,5.23,True,七 匹 狼,False
2024-06-18,55.512,55.94,55.17,55.684,29926.0,15800928.0,5.26,5.31,5.22,5.28,True,七 匹 狼,False
2024-06-19,55.684,55.94,55.427,55.684,25754.0,13598112.0,5.28,5.31,5.25,5.28,True,七 匹 狼,False
2024-06-20,55.769,55.769,54.315,54.315,38295.0,19607040.0,5.29,5.29,5.12,5.12,True,七 匹 狼,False
2024-06-21,54.742,55.512,54.144,54.742,45089.0,22769945.0,5.05,5.14,4.98,5.05,True,七 匹 狼,False
2024-06-24,54.571,54.571,53.202,53.459,38045.0,18642050.0,5.03,5.03,4.87,4.9,True,七 匹 狼,False
2024-06-25,53.545,54.742,53.545,54.144,36232.0,18043536.0,4.91,5.05,4.91,4.98,True,七 匹 狼,False
2024-06-26,54.229,55.341,54.058,55.256,27689.0,14149079.0,4.99,5.12,4.97,5.11,True,七 匹 狼,False
2024-06-27,55.427,55.427,54.4,54.4,24700.0,12374700.0,5.13,5.13,5.01,5.01,True,七 匹 狼,False
2024-06-28,54.571,55.085,54.229,54.657,31897.0,16076088.0,5.03,5.09,4.99,5.04,True,七 匹 狼,False
2024-07-01,54.657,55.341,54.229,55.17,39527.0,20158770.0,5.04,5.12,4.99,5.1,True,七 匹 狼,False
2024-07-02,55.17,55.769,55.085,55.512,34750.0,17861500.0,5.1,5.17,5.09,5.14,True,七 匹 狼,False
2024-07-03,55.512,55.598,54.742,54.828,56053.0,28362818.0,5.14,5.15,5.05,5.06,True,七 匹 狼,False
2024-07-04,54.914,54.999,53.972,54.058,35766.0,17775702.0,5.07,5.08,4.96,4.97,True,七 匹 狼,False
2024-07-05,54.058,54.486,53.716,54.4,27165.0,13609665.0,4.97,5.02,4.93,5.01,True,七 匹 狼,False
2024-07-08,54.229,54.315,53.031,53.202,35453.0,17265611.0,4.99,5.0,4.85,4.87,True,七 匹 狼,False
2024-07-09,53.202,53.63,52.261,53.459,35009.0,17154410.0,4.87,4.92,4.76,4.9,True,七 匹 狼,False
2024-07-10,53.545,53.545,52.689,52.86,30966.0,14956578.0,4.91,4.91,4.81,4.83,True,七 匹 狼,False
2024-07-11,53.374,54.144,53.202,53.887,39513.0,19558935.0,4.89,4.98,4.87,4.95,True,七 匹 狼,False
2024-07-12,53.972,54.229,53.716,54.144,28528.0,14206944.000000002,4.96,4.99,4.93,4.98,True,七 匹 狼,False
2024-07-15,55.17,55.512,54.315,54.4,66320.0,33226320.0,5.1,5.14,5.0,5.01,True,七 匹 狼,False
2024-07-16,54.315,54.486,53.801,54.315,38220.0,19110000.0,5.0,5.02,4.94,5.0,True,七 匹 狼,False
2024-07-17,54.657,54.914,54.229,54.571,42248.0,21250744.0,5.04,5.07,4.99,5.03,True,七 匹 狼,False
2024-07-18,54.4,54.828,53.801,54.828,42540.0,21525240.0,5.01,5.06,4.94,5.06,True,七 匹 狼,False
2024-07-19,54.486,54.657,54.058,54.486,32581.0,16355661.999999998,5.02,5.04,4.97,5.02,True,七 匹 狼,False
2024-07-22,53.972,54.486,53.887,54.315,28675.0,14337500.0,4.96,5.02,4.95,5.0,True,七 匹 狼,False
2024-07-23,54.486,54.571,54.058,54.058,31648.0,15729056.0,5.02,5.03,4.97,4.97,True,七 匹 狼,False
2024-07-24,54.058,54.571,53.801,53.887,31043.0,15366285.0,4.97,5.03,4.94,4.95,True,七 匹 狼,False
2024-07-25,53.716,54.571,53.63,54.058,39319.0,19541543.0,4.93,5.03,4.92,4.97,True,七 匹 狼,False
2024-07-26,54.229,54.657,54.058,54.4,51069.0,25585569.0,4.99,5.04,4.97,5.01,True,七 匹 狼,False
2024-07-29,54.486,54.571,53.972,54.144,50228.0,25013544.000000004,5.02,5.03,4.96,4.98,True,七 匹 狼,False
2024-07-30,54.144,54.4,53.801,54.4,25729.0,12890229.0,4.98,5.01,4.94,5.01,True,七 匹 狼,False
2024-07-31,54.486,55.427,54.4,55.341,60987.0,31225344.0,5.02,5.13,5.01,5.12,True,七 匹 狼,False
2024-08-01,55.256,55.769,55.085,55.256,55382.0,28300202.0,5.11,5.17,5.09,5.11,True,七 匹 狼,False
2024-08-02,54.999,55.684,54.914,55.085,59563.0,30317567.0,5.08,5.16,5.07,5.09,True,七 匹 狼,False
2024-08-05,54.742,55.512,54.657,54.742,44744.0,22595720.0,5.05,5.14,5.04,5.05,True,七 匹 狼,False
2024-08-06,54.999,55.341,54.914,55.256,37603.0,19215133.0,5.08,5.12,5.07,5.11,True,七 匹 狼,False
2024-08-07,55.256,55.256,54.828,55.17,29300.0,14942999.999999998,5.11,5.11,5.06,5.1,True,七 匹 狼,False
2024-08-08,55.17,55.684,54.914,55.598,34549.0,17792735.0,5.1,5.16,5.07,5.15,True,七 匹 狼,False
2024-08-09,55.769,55.94,55.427,55.512,28043.0,14414102.0,5.17,5.19,5.13,5.14,True,七 匹 狼,False
2024-08-12,55.598,55.94,55.085,55.94,39346.0,20420574.0,5.15,5.19,5.09,5.19,True,七 匹 狼,False
2024-08-13,55.855,55.94,55.427,55.769,24710.0,12775070.0,5.18,5.19,5.13,5.17,True,七 匹 狼,False
2024-08-14,55.855,56.026,55.598,55.684,31188.0,16093008.0,5.18,5.2,5.15,5.16,True,七 匹 狼,False
2024-08-15,55.598,56.111,55.427,55.427,53155.0,27268515.0,5.15,5.21,5.13,5.13,True,七 匹 狼,False
2024-08-16,55.598,55.598,54.999,55.085,50315.0,25610335.0,5.15,5.15,5.08,5.09,True,七 匹 狼,False
2024-08-19,54.999,55.256,54.742,54.999,34567.0,17560036.0,5.08,5.11,5.05,5.08,True,七 匹 狼,False
2024-08-20,55.085,55.085,53.459,53.716,69582.0,34303926.0,5.09,5.09,4.9,4.93,True,七 匹 狼,False
2024-08-21,53.716,53.801,53.374,53.545,29304.0,14388264.0,4.93,4.94,4.89,4.91,True,七 匹 狼,False
2024-08-22,53.545,54.144,53.202,53.63,40134.0,19745928.0,4.91,4.98,4.87,4.92,True,七 匹 狼,False
2024-08-23,53.63,53.887,52.946,53.202,42495.0,20695065.0,4.92,4.95,4.84,4.87,True,七 匹 狼,False
2024-08-26,53.117,53.459,52.689,53.374,37927.0,18546303.0,4.86,4.9,4.81,4.89,True,七 匹 狼,False
2024-08-27,53.288,53.545,53.031,53.202,30393.0,14801391.0,4.88,4.91,4.85,4.87,True,七 匹 狼,False
2024-08-28,52.946,53.374,52.689,53.031,33237.0,16119944.999999998,4.84,4.89,4.81,4.85,True,七 匹 狼,False
2024-08-29,52.86,53.459,52.775,53.288,34273.0,16725224.0,4.83,4.9,4.82,4.88,True,七 匹 狼,False
2024-08-30,53.545,55.17,53.202,54.315,83911.0,41955500.0,4.91,5.1,4.87,5.0,True,七 匹 狼,False
2024-09-02,53.887,54.571,53.117,53.972,74690.0,37046240.0,4.95,5.03,4.86,4.96,True,七 匹 狼,False
2024-09-03,53.801,54.144,53.63,53.887,32976.0,16323120.0,4.94,4.98,4.92,4.95,True,七 匹 狼,False
2024-09-04,53.801,54.058,53.63,53.887,31709.0,15695955.0,4.94,4.97,4.92,4.95,True,七 匹 狼,False
2024-09-05,53.887,54.657,53.887,54.571,38758.0,19495274.0,4.95,5.04,4.95,5.03,True,七 匹 狼,False
2024-09-06,54.742,54.914,54.229,54.229,34819.0,17374681.0,5.05,5.07,4.99,4.99,True,七 匹 狼,False
2024-09-09,54.144,54.486,53.887,54.4,32254.0,16159254.0,4.98,5.02,4.95,5.01,True,七 匹 狼,False
2024-09-10,54.4,54.571,53.459,53.972,32528.0,16133888.0,5.01,5.03,4.9,4.96,True,七 匹 狼,False
2024-09-11,53.972,54.058,53.374,53.545,29076.0,14276316.0,4.96,4.97,4.89,4.91,True,七 匹 狼,False
2024-09-12,53.374,53.887,53.374,53.545,20413.0,10022783.0,4.89,4.95,4.89,4.91,True,七 匹 狼,False
2024-09-13,53.459,53.716,53.202,53.202,20598.0,10031226.0,4.9,4.93,4.87,4.87,True,七 匹 狼,False
2024-09-18,53.117,53.202,51.919,52.775,33768.0,16276176.000000002,4.86,4.87,4.72,4.82,True,七 匹 狼,False
2024-09-19,52.86,54.058,52.86,53.972,42972.0,21314112.0,4.83,4.97,4.83,4.96,True,七 匹 狼,False
2024-09-20,54.058,54.058,53.545,53.801,22088.0,10911472.0,4.97,4.97,4.91,4.94,True,七 匹 狼,False
2024-09-23,53.63,54.144,53.63,54.058,21481.0,10676057.0,4.92,4.98,4.92,4.97,True,七 匹 狼,False
2024-09-24,54.229,55.256,54.229,55.17,47760.0,24357600.0,4.99,5.11,4.99,5.1,True,七 匹 狼,False
2024-09-25,55.855,56.796,55.769,56.111,73406.0,38244526.0,5.18,5.29,5.17,5.21,True,七 匹 狼,False
2024-09-26,56.111,57.737,55.94,57.737,73853.0,39880620.0,5.21,5.4,5.19,5.4,True,七 匹 狼,False
2024-09-27,59.02,59.79,57.908,59.362,115438.0,64529842.0,5.55,5.64,5.42,5.59,True,七 匹 狼,False
2024-09-30,60.988,63.897,60.047,63.555,220822.0,134259776.0,5.78,6.12,5.67,6.08,True,七 匹 狼,False
2024-10-08,68.774,68.774,63.555,66.036,297488.0,189499856.0,6.69,6.69,6.08,6.37,True,七 匹 狼,False
2024-10-09,65.009,65.009,61.416,61.672,172043.0,100817198.0,6.25,6.25,5.83,5.86,True,七 匹 狼,False
2024-10-10,61.929,63.469,61.074,62.699,107863.0,64502074.00000001,5.89,6.07,5.79,5.98,True,七 匹 狼,False
2024-10-11,62.271,62.785,60.988,61.159,90047.0,52227260.0,5.93,5.99,5.78,5.8,True,七 匹 狼,False
2024-10-14,61.587,61.758,60.475,61.501,82684.0,48287456.0,5.85,5.87,5.72,5.84,True,七 匹 狼,False
2024-10-15,61.245,61.672,60.731,60.902,63171.0,36449667.0,5.81,5.86,5.75,5.77,True,七 匹 狼,False
2024-10-16,60.304,61.159,60.304,60.817,50792.0,29256192.0,5.7,5.8,5.7,5.76,True,七 匹 狼,False
2024-10-17,61.159,61.501,60.304,60.389,59421.0,33929391.0,5.8,5.84,5.7,5.71,True,七 匹 狼,False
2024-10-18,60.047,61.587,59.534,61.074,104504.0,60507816.0,5.67,5.85,5.61,5.79,True,七 匹 狼,False
2024-10-21,61.074,61.245,60.475,60.988,80663.0,46623214.0,5.79,5.81,5.72,5.78,True,七 匹 狼,False
2024-10-22,60.988,62.015,60.902,61.844,66152.0,38897376.0,5.78,5.9,5.77,5.88,True,七 匹 狼,False
2024-10-23,61.844,62.528,61.416,61.844,75598.0,44451624.0,5.88,5.96,5.83,5.88,True,七 匹 狼,False
2024-10-24,61.929,62.442,61.587,62.442,67489.0,40155955.0,5.89,5.95,5.85,5.95,True,七 匹 狼,False
2024-10-25,63.726,66.891,63.555,65.266,211161.0,132609108.0,6.1,6.47,6.08,6.28,True,七 匹 狼,False
2024-10-28,63.811,64.068,62.785,63.897,241116.0,147562992.0,6.11,6.14,5.99,6.12,True,七 匹 狼,False
2024-10-29,64.154,64.581,62.614,62.699,144235.0,86252530.0,6.15,6.2,5.97,5.98,True,七 匹 狼,False
2024-10-30,62.186,63.041,62.186,62.699,73302.0,43834596.0,5.92,6.02,5.92,5.98,True,七 匹 狼,False
2024-10-31,62.357,63.298,62.271,63.041,90543.0,54506885.99999999,5.94,6.05,5.93,6.02,True,七 匹 狼,False
2024-11-01,62.785,63.041,61.501,61.844,83401.0,49039788.0,5.99,6.02,5.84,5.88,True,七 匹 狼,False
2024-11-04,61.587,62.271,61.587,62.271,65964.0,39116652.0,5.85,5.93,5.85,5.93,True,七 匹 狼,False
2024-11-05,62.271,63.213,62.1,63.127,89974.0,54254322.0,5.93,6.04,5.91,6.03,True,七 匹 狼,False
2024-11-06,63.041,63.384,62.528,63.127,95861.0,57804183.0,6.02,6.06,5.96,6.03,True,七 匹 狼,False
2024-11-07,62.87,65.865,62.614,65.095,181180.0,113418680.0,6.0,6.35,5.97,6.26,True,七 匹 狼,False
2024-11-08,65.009,66.378,64.581,64.753,150285.0,93477270.0,6.25,6.41,6.2,6.22,True,七 匹 狼,False
2024-11-11,64.753,65.18,63.555,64.838,109346.0,68122558.0,6.22,6.27,6.08,6.23,True,七 匹 狼,False
2024-11-12,65.18,66.977,65.009,65.523,183308.0,115667348.0,6.27,6.48,6.25,6.31,True,七 匹 狼,False
2024-11-13,65.608,66.293,63.983,64.581,109228.0,67721360.0,6.32,6.4,6.13,6.2,True,七 匹 狼,False
2024-11-14,64.496,64.753,63.298,63.555,86649.0,52682592.0,6.19,6.22,6.05,6.08,True,七 匹 狼,False
2024-11-15,63.555,64.325,63.213,63.213,67031.0,40486724.0,6.08,6.17,6.04,6.04,True,七 匹 狼,False
2024-11-18,64.753,66.72,64.41,64.753,194287.0,120846514.0,6.22,6.45,6.18,6.22,True,七 匹 狼,False
2024-11-19,65.095,66.121,63.811,65.009,132757.0,82973125.0,6.26,6.38,6.11,6.25,True,七 匹 狼,False
2024-11-20,64.838,66.293,64.496,66.121,151906.0,96916028.0,6.23,6.4,6.19,6.38,True,七 匹 狼,False
2024-11-21,65.95,66.293,65.009,66.207,103820.0,66340980.0,6.36,6.4,6.25,6.39,True,七 匹 狼,False
2024-11-22,65.95,66.806,63.811,63.811,150884.0,92190124.0,6.36,6.46,6.11,6.11,True,七 匹 狼,False
2024-11-25,63.897,65.437,63.726,65.095,105441.0,66006066.0,6.12,6.3,6.1,6.26,True,七 匹 狼,False
2024-11-26,65.266,68.774,64.838,67.063,261781.0,169895869.0,6.28,6.69,6.23,6.49,True,七 匹 狼,False
2024-11-27,66.207,66.806,65.351,66.806,173349.0,111983454.0,6.39,6.46,6.29,6.46,True,七 匹 狼,False
2024-11-28,66.635,68.26,66.549,67.148,162448.0,105591200.0,6.44,6.63,6.43,6.5,True,七 匹 狼,False
2024-11-29,67.148,72.709,66.891,72.709,273140.0,195295100.0,6.5,7.15,6.47,7.15,True,七 匹 狼,False
2024-12-02,75.96,78.869,75.704,78.869,224941.0,177028567.0,7.53,7.87,7.5,7.87,True,七 匹 狼,False
2024-12-03,85.628,85.628,78.955,81.094,1346847.0,1094986611.0,8.66,8.66,7.88,8.13,True,七 匹 狼,False
2024-12-04,75.704,76.902,74.164,74.164,853635.0,624860820.0,7.5,7.64,7.32,7.32,True,七 匹 狼,False
2024-12-05,73.907,75.96,72.367,72.624,475847.0,339754758.0,7.29,7.53,7.11,7.14,True,七 匹 狼,False
2024-12-06,72.453,74.335,71.768,73.736,437009.0,317705543.0,7.12,7.34,7.04,7.27,True,七 匹 狼,False
2024-12-09,73.308,73.479,71.683,72.624,269008.0,192071712.0,7.22,7.24,7.03,7.14,True,七 匹 狼,False
2024-12-10,74.42,74.42,72.453,72.624,250902.0,179144028.0,7.35,7.35,7.12,7.14,True,七 匹 狼,False
2024-12-11,72.795,73.907,72.281,73.394,221281.0,159986163.0,7.16,7.29,7.1,7.23,True,七 匹 狼,False
2024-12-12,73.308,74.591,72.795,74.335,329748.0,242035032.0,7.22,7.37,7.16,7.34,True,七 匹 狼,False
2024-12-13,73.821,75.875,73.65,73.736,364660.0,265107820.0,7.28,7.52,7.26,7.27,True,七 匹 狼,False
2024-12-16,73.565,75.019,72.795,73.223,250060.0,180293260.0,7.25,7.42,7.16,7.21,True,七 匹 狼,False
2024-12-17,72.709,73.308,69.715,70.143,278854.0,191014990.0,7.15,7.22,6.8,6.85,True,七 匹 狼,False
2024-12-18,70.057,70.656,69.373,69.715,144454.0,98228720.0,6.84,6.91,6.76,6.8,True,七 匹 狼,False
2024-12-19,68.945,69.287,68.004,69.201,132009.0,88974066.0,6.71,6.75,6.6,6.74,True,七 匹 狼,False
2024-12-20,69.373,71.255,69.287,70.314,203462.0,139778394.0,6.76,6.98,6.75,6.87,True,七 匹 狼,False
2024-12-23,69.8,69.971,67.148,67.49,186433.0,121927182.0,6.81,6.83,6.5,6.54,True,七 匹 狼,False
2024-12-24,67.576,69.971,67.405,69.201,167897.0,113162578.0,6.55,6.83,6.53,6.74,True,七 匹 狼,False
2024-12-25,68.774,69.287,66.891,68.431,128228.0,85271620.0,6.69,6.75,6.47,6.65,True,七 匹 狼,False
2024-12-26,68.517,70.399,68.517,69.458,119291.0,80760007.0,6.66,6.88,6.66,6.77,True,七 匹 狼,False
2024-12-27,69.458,70.057,68.774,69.287,100798.0,68038650.0,6.77,6.84,6.69,6.75,True,七 匹 狼,False
2024-12-30,69.373,69.458,68.175,68.346,81778.0,54300592.0,6.76,6.77,6.62,6.64,True,七 匹 狼,False
2024-12-31,68.431,69.8,67.319,67.49,124808.0,81624432.0,6.65,6.81,6.52,6.54,True,七 匹 狼,False
2025-01-02,67.405,69.201,66.635,67.319,141515.0,92267780.0,6.53,6.74,6.44,6.52,True,七 匹 狼,False
2025-01-03,67.148,67.833,63.897,63.897,161665.0,98938980.0,6.5,6.58,6.12,6.12,True,七 匹 狼,False
2025-01-06,63.983,64.581,61.587,63.897,123425.0,75536100.0,6.13,6.2,5.85,6.12,True,七 匹 狼,False
2025-01-07,63.983,64.41,63.127,64.325,85332.0,52649844.0,6.13,6.18,6.03,6.17,True,七 匹 狼,False
2025-01-08,64.496,64.496,62.528,63.983,91681.0,56200453.0,6.19,6.19,5.96,6.13,True,七 匹 狼,False
2025-01-09,63.555,63.983,63.298,63.555,69161.0,42049888.0,6.08,6.13,6.05,6.08,True,七 匹 狼,False
2025-01-10,63.726,63.726,61.501,61.587,96451.0,56423835.0,6.1,6.1,5.84,5.85,True,七 匹 狼,False
2025-01-13,60.988,61.416,60.047,61.33,71049.0,41350518.0,5.78,5.83,5.67,5.82,True,七 匹 狼,False
2025-01-14,61.587,63.213,61.587,63.127,99359.0,59913477.0,5.85,6.04,5.85,6.03,True,七 匹 狼,False
2025-01-15,62.956,63.897,62.956,63.384,79314.0,48064284.0,6.01,6.12,6.01,6.06,True,七 匹 狼,False
2025-01-16,63.897,65.351,63.897,64.667,117925.0,73231425.0,6.12,6.29,6.12,6.21,True,七 匹 狼,False
2025-01-17,64.41,64.667,63.555,64.154,69857.0,42962055.0,6.18,6.21,6.08,6.15,True,七 匹 狼,False
2025-01-20,64.41,65.095,63.897,64.838,81545.0,50802535.0,6.18,6.26,6.12,6.23,True,七 匹 狼,False
2025-01-21,65.18,65.351,64.154,64.496,61178.0,37869182.0,6.27,6.29,6.15,6.19,True,七 匹 狼,False
2025-01-22,64.325,64.581,63.469,63.726,61213.0,37339930.0,6.17,6.2,6.07,6.1,True,七 匹 狼,False
2025-01-23,64.41,66.207,64.154,64.154,108829.0,66929835.00000001,6.18,6.39,6.15,6.15,True,七 匹 狼,False
2025-01-24,63.897,64.581,63.555,64.154,78179.0,48080085.0,6.12,6.2,6.08,6.15,True,七 匹 狼,False
2025-01-27,64.581,65.351,63.983,64.154,76223.0,46877145.0,6.2,6.29,6.13,6.15,True,七 匹 狼,False
2025-02-05,64.581,64.753,63.64,64.068,61246.0,37605044.0,6.2,6.22,6.09,6.14,True,七 匹 狼,False
2025-02-06,63.983,64.496,63.213,64.41,78070.0,48247260.0,6.13,6.19,6.04,6.18,True,七 匹 狼,False
2025-02-07,64.41,65.523,64.239,64.924,108153.0,67487472.0,6.18,6.31,6.16,6.24,True,七 匹 狼,False
2025-02-10,65.095,65.608,64.924,65.608,87471.0,55281672.0,6.26,6.32,6.24,6.32,True,七 匹 狼,False
2025-02-11,65.694,65.865,65.009,65.351,69726.0,43857654.0,6.33,6.35,6.25,6.29,True,七 匹 狼,False
2025-02-12,65.266,65.608,64.581,65.437,80647.0,50807610.0,6.28,6.32,6.2,6.3,True,七 匹 狼,False
2025-02-13,65.437,66.036,64.924,65.266,104438.0,65587064.0,6.3,6.37,6.24,6.28,True,七 匹 狼,False
2025-02-14,65.351,65.351,64.496,64.753,94900.0,59027800.0,6.29,6.29,6.19,6.22,True,七 匹 狼,False
2025-02-17,64.838,65.608,64.581,65.437,97369.0,61342470.0,6.23,6.32,6.2,6.3,True,七 匹 狼,False
2025-02-18,65.437,65.437,63.897,63.897,99148.0,60678576.0,6.3,6.3,6.12,6.12,True,七 匹 狼,False
2025-02-19,63.897,64.239,63.726,64.239,59507.0,36656312.0,6.12,6.16,6.1,6.16,True,七 匹 狼,False
2025-02-20,63.983,64.924,63.983,64.838,84453.0,52614219.0,6.13,6.24,6.13,6.23,True,七 匹 狼,False
2025-02-21,64.581,64.924,63.897,64.239,98234.0,60512144.0,6.2,6.24,6.12,6.16,True,七 匹 狼,False
2025-02-24,64.068,64.838,63.811,64.496,92926.0,57521194.0,6.14,6.23,6.11,6.19,True,七 匹 狼,False
2025-02-25,63.983,64.667,63.811,64.068,71060.0,43630840.0,6.13,6.21,6.11,6.14,True,七 匹 狼,False
2025-02-26,64.068,65.18,64.068,64.838,99169.0,61782287.00000001,6.14,6.27,6.14,6.23,True,七 匹 狼,False
2025-02-27,65.266,65.694,64.496,65.608,130484.0,82465888.0,6.28,6.33,6.19,6.32,True,七 匹 狼,False
2025-02-28,65.266,65.95,63.983,64.154,107063.0,65843745.00000001,6.28,6.36,6.13,6.15,True,七 匹 狼,False
2025-03-03,64.496,65.694,64.239,64.41,94866.0,58627188.0,6.19,6.33,6.16,6.18,True,七 匹 狼,False
2025-03-04,64.068,64.667,63.897,64.496,61452.0,38038788.0,6.14,6.21,6.12,6.19,True,七 匹 狼,False
2025-03-05,64.496,64.496,63.298,64.068,102728.0,63074992.0,6.19,6.19,6.05,6.14,True,七 匹 狼,False
2025-03-06,64.239,64.667,63.811,64.581,81069.0,50262780.0,6.16,6.21,6.11,6.2,True,七 匹 狼,False
2025-03-07,64.924,65.351,64.068,64.325,72719.0,44867623.0,6.24,6.29,6.14,6.17,True,七 匹 狼,False
2025-03-10,64.667,67.833,64.496,66.635,291504.0,187728576.0,6.21,6.58,6.19,6.44,True,七 匹 狼,False
2025-03-11,65.779,66.891,65.608,66.464,159757.0,102563994.0,6.34,6.47,6.32,6.42,True,七 匹 狼,False
2025-03-12,66.549,70.057,65.95,68.688,277098.0,185101464.0,6.43,6.84,6.36,6.68,True,七 匹 狼,False
2025-03-13,68.346,69.201,67.661,68.431,142714.0,94904810.0,6.64,6.74,6.56,6.65,True,七 匹 狼,False
2025-03-14,68.004,68.774,67.747,68.603,168590.0,112449530.0,6.6,6.69,6.57,6.67,True,七 匹 狼,False
2025-03-17,69.03,69.116,67.405,67.661,148722.0,97561632.0,6.72,6.73,6.53,6.56,True,七 匹 狼,False
2025-03-18,67.918,68.004,67.405,67.747,73114.0,48035898.0,6.59,6.6,6.53,6.57,True,七 匹 狼,False
2025-03-19,67.661,67.833,67.063,67.576,81378.0,53302590.0,6.56,6.58,6.49,6.55,True,七 匹 狼,False
2025-03-20,67.661,67.661,66.891,67.063,75557.0,49036493.0,6.56,6.56,6.47,6.49,True,七 匹 狼,False
2025-03-21,66.977,67.405,66.464,66.72,69730.0,44975850.0,6.48,6.53,6.42,6.45,True,七 匹 狼,False
2025-03-24,66.806,66.891,65.351,66.378,79061.0,50678101.0,6.46,6.47,6.29,6.41,True,七 匹 狼,False
2025-03-25,66.378,67.234,66.036,66.977,61381.0,39774888.0,6.41,6.51,6.37,6.48,True,七 匹 狼,False
2025-03-26,66.977,67.319,66.72,67.234,61481.0,40024131.0,6.48,6.52,6.45,6.51,True,七 匹 狼,False
2025-03-27,67.063,67.319,66.293,66.977,62744.0,40658112.0,6.49,6.52,6.4,6.48,True,七 匹 狼,False
2025-03-28,66.977,67.063,66.293,66.635,53068.0,34175792.0,6.48,6.49,6.4,6.44,True,七 匹 狼,False
2025-03-31,66.207,66.549,65.009,65.779,70517.0,44707778.0,6.39,6.43,6.25,6.34,True,七 匹 狼,False
2025-04-01,65.694,67.148,65.694,66.977,80791.0,52352568.0,6.33,6.5,6.33,6.48,True,七 匹 狼,False
2025-04-02,66.891,67.319,66.549,67.148,47747.0,31035550.0,6.47,6.52,6.43,6.5,True,七 匹 狼,False
2025-04-03,66.635,67.234,66.293,66.977,74262.0,48121776.0,6.44,6.51,6.4,6.48,True,七 匹 狼,False
2025-04-07,63.983,64.41,61.416,61.416,130897.0,76312951.0,6.13,6.18,5.83,5.83,True,七 匹 狼,False
2025-04-08,61.672,61.929,59.961,61.074,105932.0,61334628.0,5.86,5.89,5.66,5.79,True,七 匹 狼,False
2025-04-09,60.475,61.672,58.764,61.416,95337.0,55581471.0,5.72,5.86,5.52,5.83,True,七 匹 狼,False
2025-04-10,62.186,63.127,62.015,62.442,122858.0,73100510.0,5.92,6.03,5.9,5.95,True,七 匹 狼,False
2025-04-11,62.186,62.699,62.015,62.271,63835.0,37854155.0,5.92,5.98,5.9,5.93,True,七 匹 狼,False
2025-04-14,62.785,63.555,62.442,63.298,83350.0,50426750.0,5.99,6.08,5.95,6.05,True,七 匹 狼,False
2025-04-15,63.298,64.154,63.213,63.64,66851.0,40712259.0,6.05,6.15,6.04,6.09,True,七 匹 狼,False
2025-04-16,63.64,63.983,62.442,63.384,51308.0,31092648.0,6.09,6.13,5.95,6.06,True,七 匹 狼,False
2025-04-17,63.64,64.581,63.469,64.154,59035.0,36306525.0,6.09,6.2,6.07,6.15,True,七 匹 狼,False
2025-04-18,64.154,64.325,63.041,63.469,51796.0,31440172.0,6.15,6.17,6.02,6.07,True,七 匹 狼,False
2025-04-21,63.384,63.811,63.127,63.726,37610.0,22942100.0,6.06,6.11,6.03,6.1,True,七 匹 狼,False
2025-04-22,63.64,64.496,63.64,64.496,50806.0,31448914.000000004,6.09,6.19,6.09,6.19,True,七 匹 狼,False
2025-04-23,64.581,65.095,64.239,64.325,60063.0,37058871.0,6.2,6.26,6.16,6.17,True,七 匹 狼,False
2025-04-24,64.325,65.18,64.239,64.581,55553.0,34442860.0,6.17,6.27,6.16,6.2,True,七 匹 狼,False
2025-04-25,64.667,65.608,64.581,65.437,68823.0,43358490.0,6.21,6.32,6.2,6.3,True,七 匹 狼,False
2025-04-28,66.635,67.49,65.779,66.293,159056.0,101795840.0,6.44,6.54,6.34,6.4,True,七 匹 狼,False
2025-04-29,65.694,66.293,65.266,65.437,81264.0,51196320.0,6.33,6.4,6.28,6.3,True,七 匹 狼,False
2025-04-30,65.437,66.207,65.095,65.095,66470.0,41610220.0,6.3,6.39,6.26,6.26,True,七 匹 狼,False
2025-05-06,65.266,66.207,65.266,66.207,73370.0,46883430.0,6.28,6.39,6.28,6.39,True,七 匹 狼,False
2025-05-07,66.464,66.977,65.95,66.207,60228.0,38485692.0,6.42,6.48,6.36,6.39,True,七 匹 狼,False
2025-05-08,65.95,66.464,65.779,66.207,51163.0,32693157.0,6.36,6.42,6.34,6.39,True,七 匹 狼,False
2025-05-09,66.207,67.405,66.207,66.72,75388.0,48625260.0,6.39,6.53,6.39,6.45,True,七 匹 狼,False
2025-05-12,67.148,67.576,66.293,66.891,68939.0,44603533.0,6.5,6.55,6.4,6.47,True,七 匹 狼,False
2025-05-13,67.063,67.747,66.977,67.234,78304.0,50975904.0,6.49,6.57,6.48,6.51,True,七 匹 狼,False
2025-05-14,67.234,67.747,66.378,67.319,73896.0,48180192.0,6.51,6.57,6.41,6.52,True,七 匹 狼,False
2025-05-15,67.148,70.228,66.72,68.346,206444.0,137078816.0,6.5,6.86,6.45,6.64,True,七 匹 狼,False
2025-05-16,67.833,68.603,67.319,68.517,127035.0,84605310.0,6.58,6.67,6.52,6.66,True,七 匹 狼,False
2025-05-19,68.175,68.688,67.747,68.688,73468.0,49076624.0,6.62,6.68,6.57,6.68,True,七 匹 狼,False
2025-05-20,68.431,70.057,68.431,69.8,117041.0,79704921.0,6.65,6.84,6.65,6.81,True,七 匹 狼,False
2025-05-21,69.715,70.228,69.03,69.971,99297.0,67819851.0,6.8,6.86,6.72,6.83,True,七 匹 狼,False
2025-05-22,69.715,70.57,69.116,69.201,97378.0,65632772.0,6.8,6.9,6.73,6.74,True,七 匹 狼,False
2025-05-23,68.945,69.629,68.175,68.346,92492.0,61414688.0,6.71,6.79,6.62,6.64,True,七 匹 狼,False
2025-05-26,68.26,68.517,67.319,67.833,65896.0,43359568.0,6.63,6.66,6.52,6.58,True,七 匹 狼,False
2025-05-27,67.918,68.517,67.661,68.431,55795.0,37103675.0,6.59,6.66,6.56,6.65,True,七 匹 狼,False
2025-05-28,68.346,69.03,68.089,68.774,63273.0,42329637.0,6.64,6.72,6.61,6.69,True,七 匹 狼,False
2025-05-29,68.603,68.859,68.089,68.517,61084.0,40681944.0,6.67,6.7,6.61,6.66,True,七 匹 狼,False
2025-05-30,68.431,68.859,67.747,67.747,54605.0,35875485.0,6.65,6.7,6.57,6.57,True,七 匹 狼,False
2025-06-03,67.576,68.945,67.148,68.774,66563.0,44530647.0,6.55,6.71,6.5,6.69,True,七 匹 狼,False
2025-06-04,68.774,70.228,68.603,69.971,120388.0,82225004.0,6.69,6.86,6.67,6.83,True,七 匹 狼,False
2025-06-05,69.715,70.143,68.774,68.945,75673.0,50776583.0,6.8,6.85,6.69,6.71,True,七 匹 狼,False
2025-06-06,68.945,69.116,68.431,68.859,46680.0,31275600.0,6.71,6.73,6.65,6.7,True,七 匹 狼,False
2025-06-09,68.774,69.458,68.603,69.458,54263.0,36736051.0,6.69,6.77,6.67,6.77,True,七 匹 狼,False
2025-06-10,69.373,69.715,68.431,68.859,63055.0,42246850.0,6.76,6.8,6.65,6.7,True,七 匹 狼,False
2025-06-11,68.945,69.886,68.688,69.8,69862.0,47576022.0,6.71,6.82,6.68,6.81,True,七 匹 狼,False
2025-06-12,69.629,74.42,69.373,72.281,279417.0,198386070.0,6.79,7.35,6.76,7.1,True,七 匹 狼,False
2025-06-13,71.854,72.196,69.715,70.057,204107.0,139609188.0,7.05,7.09,6.8,6.84,True,七 匹 狼,False
2025-06-16,69.8,75.789,69.201,72.795,317378.0,227242648.0,6.81,7.51,6.74,7.16,True,七 匹 狼,False
2025-06-17,73.051,73.65,71.768,71.939,177499.0,125314294.0,7.19,7.26,7.04,7.06,True,七 匹 狼,False
2025-06-18,72.196,72.367,70.228,70.656,125105.0,86447555.0,7.09,7.11,6.86,6.91,True,七 匹 狼,False
2025-06-19,70.656,71.084,68.603,69.201,104706.0,70571844.0,6.91,6.96,6.67,6.74,True,七 匹 狼,False
2025-06-20,69.249,69.848,68.907,69.677,73566.0,49289220.0,6.65,6.72,6.61,6.7,True,七 匹 狼,False
2025-06-23,69.164,69.42,68.479,68.993,69005.0,45681310.0,6.64,6.67,6.56,6.62,True,七 匹 狼,False
2025-06-24,69.164,70.019,69.078,69.848,59876.0,40236672.0,6.64,6.74,6.63,6.72,True,七 匹 狼,False
2025-06-25,70.019,70.533,69.335,70.362,85274.0,57815772.0,6.74,6.8,6.66,6.78,True,七 匹 狼,False
2025-06-26,70.447,70.96,69.763,69.848,72354.0,48621888.0,6.79,6.85,6.71,6.72,True,七 匹 狼,False
2025-06-27,69.934,70.19,69.677,70.105,54130.0,36537750.0,6.73,6.76,6.7,6.75,True,七 匹 狼,False
2025-06-30,70.19,70.618,69.848,70.019,63397.0,42729578.0,6.76,6.81,6.72,6.74,True,七 匹 狼,False
2025-07-01,70.019,72.928,69.934,71.816,176445.0,122629275.0,6.74,7.08,6.73,6.95,True,七 匹 狼,False
2025-07-02,71.474,71.645,70.618,71.388,87397.0,60303930.0,6.91,6.93,6.81,6.9,True,七 匹 狼,False
2025-07-03,71.388,72.073,71.303,71.987,78564.0,54759108.0,6.9,6.98,6.89,6.97,True,七 匹 狼,False
2025-07-04,71.73,72.415,71.559,71.902,81629.0,56813784.0,6.94,7.02,6.92,6.96,True,七 匹 狼,False
2025-07-07,71.73,71.902,71.303,71.645,46113.0,31956309.0,6.94,6.96,6.89,6.93,True,七 匹 狼,False
2025-07-08,71.559,71.987,71.474,71.902,65365.0,45494040.0,6.92,6.97,6.91,6.96,True,七 匹 狼,False
2025-07-09,71.902,71.987,71.303,71.388,96242.0,66406980.0,6.96,6.97,6.89,6.9,True,七 匹 狼,False
2025-07-10,71.303,71.645,70.875,71.559,78742.0,54489464.0,6.89,6.93,6.84,6.92,True,七 匹 狼,False
2025-07-11,71.474,71.645,70.96,71.474,79979.0,55265489.0,6.91,6.93,6.85,6.91,True,七 匹 狼,False
2025-07-14,71.388,71.816,71.303,71.388,69453.0,47922570.0,6.9,6.95,6.89,6.9,True,七 匹 狼,False
2025-07-15,71.474,71.559,70.19,70.618,77760.0,52954560.0,6.91,6.92,6.76,6.81,True,七 匹 狼,False
2025-07-16,70.618,71.217,70.362,71.132,64806.0,44521722.0,6.81,6.88,6.78,6.87,True,七 匹 狼,False
2025-07-17,70.96,71.388,70.875,71.132,50668.0,34808916.0,6.85,6.9,6.84,6.87,True,七 匹 狼,False
2025-07-18,71.217,71.559,70.875,71.303,57884.0,39882076.0,6.88,6.92,6.84,6.89,True,七 匹 狼,False
2025-07-21,71.303,72.329,71.217,72.073,97200.0,67845600.0,6.89,7.01,6.88,6.98,True,七 匹 狼,False
2025-07-22,72.244,72.415,71.474,72.415,102527.0,71973954.0,7.0,7.02,6.91,7.02,True,七 匹 狼,False
2025-07-23,72.415,72.586,71.987,72.244,76799.0,53759300.0,7.02,7.04,6.97,7.0,True,七 匹 狼,False
2025-07-24,72.415,73.014,72.244,72.586,92842.0,65360768.0,7.02,7.09,7.0,7.04,True,七 匹 狼,False
2025-07-25,72.586,72.928,72.415,72.5,91130.0,64064390.0,7.04,7.08,7.02,7.03,True,七 匹 狼,False
2025-07-28,72.586,72.672,71.73,71.987,69392.0,48366224.0,7.04,7.05,6.94,6.97,True,七 匹 狼,False
2025-07-29,71.902,71.987,70.789,71.645,73523.0,50951439.0,6.96,6.97,6.83,6.93,True,七 匹 狼,False
2025-07-30,71.73,72.073,70.875,71.474,87349.0,60358159.0,6.94,6.98,6.84,6.91,True,七 匹 狼,False
2025-07-31,71.73,71.816,69.934,70.019,88188.0,59438712.0,6.94,6.95,6.73,6.74,True,七 匹 狼,False
2025-08-01,70.105,70.704,69.934,70.276,48526.0,32852102.0,6.75,6.82,6.73,6.77,True,七 匹 狼,False
2025-08-04,70.105,70.618,69.677,70.533,43685.0,29705800.0,6.75,6.81,6.7,6.8,True,七 匹 狼,False
2025-08-05,70.704,70.875,70.447,70.618,62349.0,42459669.0,6.82,6.84,6.79,6.81,True,七 匹 狼,False
2025-08-06,70.618,76.436,70.533,76.436,279156.0,209087844.0,6.81,7.49,6.8,7.49,True,七 匹 狼,False
2025-08-07,77.463,78.917,74.04,75.495,492233.0,363267954.0,7.61,7.78,7.21,7.38,True,七 匹 狼,False
2025-08-08,74.81,75.58,74.297,74.725,270939.0,197514531.0,7.3,7.39,7.24,7.29,True,七 匹 狼,False
2025-08-11,74.896,75.153,74.297,74.639,184635.0,134414280.0,7.31,7.34,7.24,7.28,True,七 匹 狼,False
2025-08-12,74.468,74.81,74.04,74.126,147327.0,106370094.0,7.26,7.3,7.21,7.22,True,七 匹 狼,False
2025-08-13,74.468,74.554,73.613,74.04,143274.0,103300554.0,7.26,7.27,7.16,7.21,True,七 匹 狼,False
2025-08-14,74.04,80.201,74.04,76.607,548014.0,411558514.0,7.21,7.93,7.21,7.51,True,七 匹 狼,False
2025-08-15,77.377,77.891,74.896,76.693,386313.0,290507376.0,7.6,7.66,7.31,7.52,True,七 匹 狼,False
2025-08-18,76.778,77.292,76.179,76.35,258565.0,193406620.0,7.53,7.59,7.46,7.48,True,七 匹 狼,False
2025-08-19,76.35,79.773,76.179,78.404,353839.0,273163708.0,7.48,7.88,7.46,7.72,True,七 匹 狼,False
2025-08-20,77.805,79.602,77.292,78.832,244633.0,190079841.0,7.65,7.86,7.59,7.77,True,七 匹 狼,False
2025-08-21,78.917,84.906,78.575,81.484,413431.0,334052248.0,7.78,8.48,7.74,8.08,True,七 匹 狼,False
2025-08-22,78.917,79.516,76.778,77.976,369391.0,283322897.0,7.78,7.85,7.53,7.67,True,七 匹 狼,False
2025-08-25,78.832,79.003,76.949,77.463,220333.0,167673413.0,7.77,7.79,7.55,7.61,True,七 匹 狼,False
2025-08-26,77.206,77.206,76.436,76.778,158233.0,119149449.0,7.58,7.58,7.49,7.53,True,七 匹 狼,False
2025-08-27,78.062,79.602,75.153,75.409,224604.0,165533148.0,7.68,7.86,7.34,7.37,True,七 匹 狼,False
2025-08-28,74.896,75.409,72.843,74.982,193321.0,141510972.0,7.31,7.37,7.07,7.32,True,七 匹 狼,False
2025-08-29,74.81,75.324,73.613,73.784,138505.0,99446590.0,7.3,7.36,7.16,7.18,True,七 匹 狼,False
2025-09-01,73.955,74.468,73.27,73.527,132531.0,94759665.0,7.2,7.26,7.12,7.15,True,七 匹 狼,False
2025-09-02,73.613,73.784,72.073,72.928,123948.0,87755184.0,7.16,7.18,6.98,7.08,True,七 匹 狼,False
2025-09-03,72.928,73.014,71.474,71.816,93060.0,64676700.0,7.08,7.09,6.91,6.95,True,七 匹 狼,False
2025-09-04,71.902,72.757,71.388,72.329,115422.0,80910822.0,6.96,7.06,6.9,7.01,True,七 匹 狼,False
2025-09-05,72.244,73.014,71.816,73.014,91271.0,64711139.0,7.0,7.09,6.95,7.09,True,七 匹 狼,False
2025-09-08,72.928,73.185,72.415,72.757,96703.0,68272318.0,7.08,7.11,7.02,7.06,True,七 匹 狼,False
2025-09-09,72.672,72.757,71.73,71.987,84776.0,59088872.0,7.05,7.06,6.94,6.97,True,七 匹 狼,False
2025-09-10,72.073,72.329,71.73,72.244,61226.0,42858200.0,6.98,7.01,6.94,7.0,True,七 匹 狼,False
2025-09-11,72.073,72.672,71.132,72.586,88624.0,62391296.0,6.98,7.05,6.87,7.04,True,七 匹 狼,False
2025-09-12,72.5,73.185,72.244,73.099,177822.0,126253620.0,7.03,7.11,7.0,7.1,True,七 匹 狼,False
2025-09-15,72.928,73.099,72.073,72.329,81934.0,57435734.0,7.08,7.1,6.98,7.01,True,七 匹 狼,False
2025-09-16,72.672,73.014,72.244,72.672,75265.0,53061825.0,7.05,7.09,7.0,7.05,True,七 匹 狼,False
2025-09-17,72.757,73.185,72.586,73.014,84668.0,60029612.0,7.06,7.11,7.04,7.09,True,七 匹 狼,False
2025-09-18,72.928,76.008,72.672,74.212,264765.0,191425095.0,7.08,7.44,7.05,7.23,True,七 匹 狼,False
2025-09-19,73.698,76.179,72.672,75.153,279022.0,204802148.0,7.17,7.46,7.05,7.34,True,七 匹 狼,False
2025-09-22,77.206,77.634,74.554,76.436,360974.0,270369526.0,7.58,7.63,7.27,7.49,True,七 匹 狼,False
2025-09-23,75.666,82.511,73.784,78.489,477981.0,369479313.0,7.4,8.2,7.18,7.73,True,七 匹 狼,False
2025-09-24,79.174,85.077,79.174,85.077,432735.0,367824750.0,7.81,8.5,7.81,8.5,True,七 匹 狼,False
2025-09-25,89.013,92.35,88.243,92.35,352138.0,329249030.0,8.96,9.35,8.87,9.35,True,七 匹 狼,False
2025-09-26,94.061,97.911,84.393,84.393,1147301.0,966027442.0,9.55,10.0,8.42,8.42,True,七 匹 狼,False
2025-09-29,81.056,83.879,79.431,80.543,686637.0,547249689.0,8.03,8.36,7.84,7.97,True,七 匹 狼,False
2025-09-30,80.286,83.195,79.174,81.056,553598.0,444539194.0,7.94,8.28,7.81,8.03,True,七 匹 狼,False
2025-10-09,80.799,84.564,80.799,83.281,520967.0,431881643.0,8.0,8.44,8.0,8.29,True,七 匹 狼,False
2025-10-10,82.682,90.382,82.425,90.382,395810.0,360978720.0,8.22,9.12,8.19,9.12,True,七 匹 狼,False
2025-10-13,87.644,96.97,86.446,92.606,912685.0,856098530.0000001,8.8,9.89,8.66,9.38,True,七 匹 狼,False
2025-10-14,91.836,92.777,88.499,88.842,655520.0,586034880.0,9.29,9.4,8.9,8.94,True,七 匹 狼,False
2025-10-15,90.211,93.547,87.815,88.842,475524.0,425118456.0,9.1,9.49,8.82,8.94,True,七 匹 狼,False
2025-10-16,89.612,96.456,87.558,92.521,740181.0,693549597.0,9.03,9.83,8.79,9.37,True,七 匹 狼,False
2025-10-17,91.066,91.751,86.189,86.361,531427.0,459684355.0,9.2,9.28,8.63,8.65,True,七 匹 狼,False
2025-10-20,90.895,93.804,90.895,93.804,238525.0,227075800.0,9.18,9.52,9.18,9.52,True,七 匹 狼,False
2025-10-21,99.964,99.964,92.777,95.515,1145966.0,1113878952.0,10.24,10.24,9.4,9.72,True,七 匹 狼,False
2025-10-22,93.633,98.766,92.777,94.66,839252.0,807360423.9999999,9.5,10.1,9.4,9.62,True,七 匹 狼,False
2025-10-23,91.836,97.312,89.526,92.35,709682.0,663552670.0,9.29,9.93,9.02,9.35,True,七 匹 狼,False
2025-10-24,93.12,93.547,89.783,90.467,485572.0,443327236.00000006,9.44,9.49,9.05,9.13,True,七 匹 狼,False
2025-10-27,90.638,92.35,88.157,88.842,492782.0,440547108.0,9.15,9.35,8.86,8.94,True,七 匹 狼,False
2025-10-28,88.328,91.922,86.959,89.783,475721.0,430527505.00000006,8.88,9.3,8.72,9.05,True,七 匹 狼,False
2025-10-29,89.612,89.868,86.275,88.842,437961.0,391537134.0,9.03,9.06,8.64,8.94,True,七 匹 狼,False
2025-10-30,90.467,91.58,87.901,88.243,462877.0,410571899.0,9.13,9.26,8.83,8.87,True,七 匹 狼,False
2025-10-31,88.243,90.467,87.558,88.499,364785.0,324658650.0,8.87,9.13,8.79,8.9,True,七 匹 狼,False
2025-11-03,87.644,89.013,86.959,88.671,272954.0,243474968.0,8.8,8.96,8.72,8.92,True,七 匹 狼,False
2025-11-04,88.157,93.376,87.473,91.58,559892.0,518459992.0,8.86,9.47,8.78,9.26,True,七 匹 狼,False
2025-11-05,90.638,92.777,89.441,91.152,393930.0,362809530.00000006,9.15,9.4,9.01,9.21,True,七 匹 狼,False
2025-11-06,91.922,91.922,89.783,90.467,332500.0,303572500.0,9.3,9.3,9.05,9.13,True,七 匹 狼,False
2025-11-07,89.954,94.061,89.526,91.836,453213.0,421034877.0,9.07,9.55,9.02,9.29,True,七 匹 狼,False
2025-11-10,90.724,96.2,89.697,94.403,561866.0,538829494.0,9.16,9.8,9.04,9.59,True,七 匹 狼,False
2025-11-11,93.291,94.061,91.323,93.376,388091.0,367522177.0,9.46,9.55,9.23,9.47,True,七 匹 狼,False
2025-11-12,92.948,101.504,92.948,99.365,962703.0,979068951.0,9.42,10.42,9.42,10.17,True,七 匹 狼,False
2025-11-13,99.622,108.092,97.055,105.953,1041165.0,1139034510.0,10.2,11.19,9.9,10.94,True,七 匹 狼,False
2025-11-14,103.472,107.407,100.648,100.648,789757.0,815029224.0,10.65,11.11,10.32,10.32,True,七 匹 狼,False
2025-11-17,103.13,107.236,100.991,103.301,582422.0,619114586.0,10.61,11.09,10.36,10.63,True,七 匹 狼,False
2025-11-18,103.301,112.37,101.761,112.37,981468.0,1147336092.0,10.63,11.69,10.45,11.69,True,七 匹 狼,False
2025-11-19,109.889,112.284,102.36,105.012,999319.0,1082262477.0,11.4,11.68,10.52,10.83,True,七 匹 狼,False
2025-11-20,103.044,106.039,96.884,101.162,750606.0,779129028.0,10.6,10.95,9.88,10.38,True,七 匹 狼,False
2025-11-21,99.622,101.504,93.89,94.232,524774.0,502208718.0,10.2,10.42,9.53,9.57,True,七 匹 狼,False
2025-11-24,94.317,95.515,91.152,92.692,396778.0,372574542.0,9.58,9.72,9.21,9.39,True,七 匹 狼,False
2025-11-25,95.002,97.825,94.317,96.028,392426.0,383792628.0,9.66,9.99,9.58,9.78,True,七 匹 狼,False
2025-11-26,96.028,104.413,94.574,104.413,494611.0,532201436.0,9.78,10.76,9.61,10.76,True,七 匹 狼,False
2025-11-27,104.498,108.605,103.386,104.071,824901.0,884293872.0,10.77,11.25,10.64,10.72,True,七 匹 狼,False
2025-11-28,105.525,109.29,103.13,106.039,763799.0,836359905.0,10.89,11.33,10.61,10.95,True,七 匹 狼,False
2025-12-01,106.039,108.605,104.67,104.841,722920.0,781476520.0,10.95,11.25,10.79,10.81,True,七 匹 狼,False
2025-12-02,103.044,105.269,99.964,103.386,658120.0,700239680.0,10.6,10.86,10.24,10.64,True,七 匹 狼,False
2025-12-03,104.242,104.242,98.595,98.595,517377.0,521516016.0,10.74,10.74,10.08,10.08,True,七 匹 狼,False
2025-12-04,99.194,107.236,99.194,102.103,797396.0,836468404.0,10.15,11.09,10.15,10.49,True,七 匹 狼,False
2025-12-05,100.82,105.354,97.996,103.814,716423.0,765856187.0,10.34,10.87,10.01,10.69,True,七 匹 狼,False
2025-12-08,105.867,112.969,105.696,112.969,760674.0,894552624.0,10.93,11.76,10.91,11.76,True,七 匹 狼,False
2025-12-09,116.049,120.669,110.83,111.856,1436434.0,1670572742.0,12.12,12.66,11.51,11.63,True,七 匹 狼,False
2025-12-10,113.824,118.273,111.6,115.193,1017749.0,1223334298.0,11.86,12.38,11.6,12.02,True,七 匹 狼,False
2025-12-11,112.455,114.594,109.375,109.889,779589.0,888731460.0,11.7,11.95,11.34,11.4,True,七 匹 狼,False
2025-12-12,110.744,114.765,108.862,112.969,720833.0,847699608.0,11.5,11.97,11.28,11.76,True,七 匹 狼,False
2025-12-15,110.744,112.199,107.664,109.889,558178.0,636322920.0,11.5,11.67,11.14,11.4,True,七 匹 狼,False
2025-12-16,111.514,113.91,107.75,110.402,648454.0,743128284.0,11.59,11.87,11.15,11.46,True,七 匹 狼,False
2025-12-17,107.407,107.579,102.702,106.295,571889.0,627934122.0,11.11,11.13,10.56,10.98,True,七 匹 狼,False
2025-12-18,106.124,110.659,105.354,108.691,476646.0,536703396.0,10.96,11.49,10.87,11.26,True,七 匹 狼,False
2025-12-19,109.889,114.68,109.889,113.14,656673.0,773560794.0,11.4,11.96,11.4,11.78,True,七 匹 狼,False
2025-12-22,112.969,113.311,108.691,108.776,570078.0,642477906.0,11.76,11.8,11.26,11.27,True,七 匹 狼,False
2025-12-23,108.862,110.659,107.151,107.664,355645.0,396188530.0,11.28,11.49,11.08,11.14,True,七 匹 狼,False
2025-12-24,106.637,108.691,106.637,107.664,257722.0,287102308.0,11.02,11.26,11.02,11.14,True,七 匹 狼,False
2025-12-25,107.835,111.514,105.354,110.402,481490.0,551787540.0,11.16,11.59,10.87,11.46,True,七 匹 狼,False
2025-12-26,109.889,111.001,107.065,107.322,406689.0,451424790.0,11.4,11.53,11.07,11.1,True,七 匹 狼,False
2025-12-29,107.493,108.52,104.071,106.466,426735.0,469408500.0,11.12,11.24,10.72,11.0,True,七 匹 狼,False
2025-12-30,106.039,113.311,103.13,110.231,649955.0,743548520.0,10.95,11.8,10.61,11.44,True,七 匹 狼,False
2025-12-31,110.231,110.487,106.466,106.723,438978.0,484192734.0,11.44,11.47,11.0,11.03,True,七 匹 狼,False
2026-01-05,106.466,109.546,105.269,106.723,326069.0,359654107.0,11.0,11.36,10.86,11.03,True,七 匹 狼,False
2026-01-06,107.322,116.049,106.894,113.054,767208.0,903003816.0,11.1,12.12,11.05,11.77,True,七 匹 狼,False
2026-01-07,113.995,118.444,112.712,116.733,594924.0,725807280.0,11.88,12.4,11.73,12.2,True,七 匹 狼,False
2026-01-08,119.3,127.0,118.273,121.524,667469.0,851690444.0,12.5,13.4,12.38,12.76,True,七 匹 狼,False
2026-01-09,121.524,132.475,118.786,132.475,641031.0,900007524.0,12.76,14.04,12.44,14.04,True,七 匹 狼,False
2026-01-12,137.523,137.523,128.454,130.85,933752.0,1293246520.0,14.63,14.63,13.57,13.85,True,七 匹 狼,False
2026-01-13,132.475,139.405,128.283,133.502,843863.0,1194910008.0,14.04,14.85,13.55,14.16,True,七 匹 狼,False
2026-01-14,131.278,134.7,127.941,129.909,656250.0,901687500.0,13.9,14.3,13.51,13.74,True,七 匹 狼,False
2026-01-15,128.369,129.139,120.84,122.123,492814.0,632280362.0,13.56,13.65,12.68,12.83,True,七 匹 狼,False
2026-01-16,122.722,124.091,118.958,119.043,291431.0,363414457.0,12.9,13.06,12.46,12.47,True,七 匹 狼,False
2026-01-19,119.385,122.294,118.102,120.925,289971.0,367973199.0,12.51,12.85,12.36,12.69,True,七 匹 狼,False
2026-01-20,121.011,122.979,118.359,118.872,296335.0,368937075.0,12.7,12.93,12.39,12.45,True,七 匹 狼,False
2026-01-21,118.958,120.412,117.332,118.958,190677.0,237583542.00000003,12.46,12.63,12.27,12.46,True,七 匹 狼,False
2026-01-22,119.642,121.439,118.958,121.011,212861.0,270333470.0,12.54,12.75,12.46,12.7,True,七 匹 狼,False
2026-01-23,122.722,122.893,120.583,122.551,227273.0,292727624.0,12.9,12.92,12.65,12.88,True,七 匹 狼,False
2026-01-26,121.781,122.38,116.733,117.674,279232.0,343734592.0,12.79,12.86,12.2,12.31,True,七 匹 狼,False
2026-01-27,117.674,119.129,115.706,118.701,213999.0,266000757.0,12.31,12.48,12.08,12.43,True,七 匹 狼,False
2026-01-28,118.273,118.786,115.107,115.792,206846.0,250076814.0,12.38,12.44,12.01,12.09,True,七 匹 狼,False
2026-01-29,115.535,116.819,112.797,113.054,248143.0,292064311.0,12.06,12.21,11.74,11.77,True,七 匹 狼,False
2026-01-30,112.712,114.68,112.541,113.739,165100.0,195643500.0,11.73,11.96,11.71,11.85,True,七 匹 狼,False
2026-02-02,112.883,115.279,112.027,112.027,153160.0,178431400.0,11.75,12.03,11.65,11.65,True,七 匹 狼,False
2026-02-03,113.225,114.252,112.455,114.166,122396.0,145651240.0,11.79,11.91,11.7,11.9,True,七 匹 狼,False
2026-02-04,114.166,115.279,113.14,114.594,111928.0,133753960.0,11.9,12.03,11.78,11.95,True,七 匹 狼,False
2026-02-05,114.68,119.3,114.081,119.214,305759.0,381892991.0,11.96,12.5,11.89,12.49,True,七 匹 狼,False
2026-02-06,117.589,118.444,116.733,117.161,171545.0,210142625.0,12.3,12.4,12.2,12.25,True,七 匹 狼,False
2026-02-09,118.102,118.615,116.562,116.99,150423.0,183967329.0,12.36,12.42,12.18,12.23,True,七 匹 狼,False
2026-02-10,116.391,117.332,113.14,113.396,233738.0,276044578.0,12.16,12.27,11.78,11.81,True,七 匹 狼,False
2026-02-11,112.797,113.824,112.199,112.883,128317.0,150772475.0,11.74,11.86,11.67,11.75,True,七 匹 狼,False
2026-02-12,112.541,113.054,108.862,108.947,227725.0,257101525.0,11.71,11.77,11.28,11.29,True,七 匹 狼,False
2026-02-13,109.29,109.889,107.065,107.921,169119.0,188905923.0,11.33,11.4,11.07,11.17,True,七 匹 狼,False
2026-02-24,108.263,109.632,107.407,109.119,107046.0,121069026.0,11.21,11.37,11.11,11.31,True,七 匹 狼,False
2026-02-25,109.204,110.402,108.862,109.803,98522.0,112216558.0,11.32,11.46,11.28,11.39,True,七 匹 狼,False
2026-02-26,109.461,109.889,108.263,108.691,100248.0,112879248.0,11.35,11.4,11.21,11.26,True,七 匹 狼,False
2026-02-27,108.947,110.659,108.177,110.145,128982.0,147426426.0,11.29,11.49,11.2,11.43,True,七 匹 狼,False
2026-03-02,108.006,109.119,105.953,106.637,159525.0,175796550.0,11.18,11.31,10.94,11.02,True,七 匹 狼,False
2026-03-03,106.637,107.322,102.274,102.616,217773.0,229750515.00000003,11.02,11.1,10.51,10.55,True,七 匹 狼,False
2026-03-04,101.162,103.13,100.82,102.017,134198.0,140639504.0,10.38,10.61,10.34,10.48,True,七 匹 狼,False
2026-03-05,103.728,104.498,102.958,103.301,103587.0,110112981.0,10.68,10.77,10.59,10.63,True,七 匹 狼,False
2026-03-06,102.873,104.498,102.873,103.643,92241.0,98421147.0,10.58,10.77,10.58,10.67,True,七 匹 狼,False
2026-03-09,102.017,102.445,100.563,102.103,136763.0,143464387.0,10.48,10.53,10.31,10.49,True,七 匹 狼,False
2026-03-10,103.13,104.156,103.13,103.9,88917.0,95141190.0,10.61,10.73,10.61,10.7,True,七 匹 狼,False
2026-03-11,103.814,104.156,102.531,103.044,97534.0,103386040.0,10.69,10.73,10.54,10.6,True,七 匹 狼,False
2026-03-12,103.13,103.472,100.392,101.162,109564.0,113727432.0,10.61,10.65,10.29,10.38,True,七 匹 狼,False
2026-03-13,100.563,101.846,100.306,100.477,106029.0,109209870.0,10.31,10.46,10.28,10.3,True,七 匹 狼,False
2026-03-16,100.05,100.991,99.108,100.05,109551.0,112289775.0,10.25,10.36,10.14,10.25,True,七 匹 狼,False
2026-03-17,100.648,101.675,99.622,99.622,86799.0,88534980.0,10.32,10.44,10.2,10.2,True,七 匹 狼,False
2026-03-18,99.793,101.247,99.194,101.076,94280.0,97768360.0,10.22,10.39,10.15,10.37,True,七 匹 狼,False
2026-03-19,100.392,100.905,98.338,98.937,109936.0,111255232.0,10.29,10.35,10.05,10.12,True,七 匹 狼,False
2026-03-20,98.766,100.306,97.74,97.74,111990.0,111766020.0,10.1,10.28,9.98,9.98,True,七 匹 狼,False
2026-03-23,96.456,97.483,92.606,93.376,152747.0,144651409.0,9.83,9.95,9.38,9.47,True,七 匹 狼,False
2026-03-24,95.943,96.285,93.291,96.2,136370.0,133642600.0,9.77,9.81,9.46,9.8,True,七 匹 狼,False
2026-03-25,97.397,99.194,96.627,98.937,128642.0,130185704.0,9.94,10.15,9.85,10.12,True,七 匹 狼,False
2026-03-26,98.937,99.451,97.055,97.312,87364.0,86752452.0,10.12,10.18,9.9,9.93,True,七 匹 狼,False
2026-03-27,96.456,101.247,96.2,100.991,158290.0,163988440.0,9.83,10.39,9.8,10.36,True,七 匹 狼,False
2026-03-30,100.05,102.017,99.194,101.846,145283.0,151966018.0,10.25,10.48,10.15,10.46,True,七 匹 狼,False
2026-03-31,102.873,104.071,100.82,101.076,144422.0,149765614.0,10.58,10.72,10.34,10.37,True,七 匹 狼,False
2026-04-01,102.958,104.67,102.017,103.472,205898.0,219281370.0,10.59,10.79,10.48,10.65,True,七 匹 狼,False
2026-04-02,104.498,104.498,100.991,101.418,152599.0,158855559.0,10.77,10.77,10.36,10.41,True,七 匹 狼,False
2026-04-03,100.648,101.162,92.777,93.034,281396.0,265356428.0,10.32,10.38,9.4,9.43,True,七 匹 狼,False
2026-04-07,93.462,94.66,91.751,94.574,167772.0,161228892.0,9.48,9.62,9.28,9.61,True,七 匹 狼,False
2026-04-08,97.055,100.392,97.055,100.221,210781.0,216472087.0,9.9,10.29,9.9,10.27,True,七 匹 狼,False
2026-04-09,99.536,99.793,97.483,97.996,149268.0,149417268.0,10.19,10.22,9.95,10.01,True,七 匹 狼,False
2026-04-10,99.451,100.905,98.852,98.937,129207.0,130757484.0,10.18,10.35,10.11,10.12,True,七 匹 狼,False
2026-04-13,99.28,99.793,97.568,98.253,106162.0,106586648.0,10.16,10.22,9.96,10.04,True,七 匹 狼,False
2026-04-14,99.793,100.648,97.141,98.167,135516.0,135922548.0,10.22,10.32,9.91,10.03,True,七 匹 狼,False
2026-04-15,98.338,98.51,96.028,96.2,124351.0,121863980.0,10.05,10.07,9.78,9.8,True,七 匹 狼,False
2026-04-16,96.285,96.627,94.831,95.173,136404.0,132039072.0,9.81,9.85,9.64,9.68,True,七 匹 狼,False
2026-04-17,94.66,97.74,93.462,96.2,234102.0,229419960.00000003,9.62,9.98,9.48,9.8,True,七 匹 狼,False
2026-04-20,95.943,97.74,95.344,96.627,157672.0,155306920.0,9.77,9.98,9.7,9.85,True,七 匹 狼,False
2026-04-21,96.713,97.483,93.547,94.916,176670.0,170486550.0,9.86,9.95,9.49,9.65,True,七 匹 狼,False
2026-04-22,94.403,96.884,93.034,96.542,158022.0,155493648.0,9.59,9.88,9.43,9.84,True,七 匹 狼,False
2026-04-23,96.285,96.713,94.574,95.173,123815.0,119852920.0,9.81,9.86,9.61,9.68,True,七 匹 狼,False
2026-04-24,95.002,102.445,94.916,98.937,335086.0,339107032.0,9.66,10.53,9.65,10.12,True,七 匹 狼,False
2026-04-27,104.755,107.579,103.557,107.579,336343.0,374349759.0,10.8,11.13,10.66,11.13,True,七 匹 狼,False
2026-04-28,107.921,109.889,107.151,107.322,380161.0,421978710.0,11.17,11.4,11.08,11.1,True,七 匹 狼,False
2026-04-29,107.151,110.145,106.466,108.434,212985.0,239182155.0,11.08,11.43,11.0,11.23,True,七 匹 狼,False
2026-04-30,109.29,111.257,107.236,107.493,175411.0,195057032.0,11.33,11.56,11.09,11.12,True,七 匹 狼,False
2026-05-06,108.349,109.461,106.894,108.947,154121.0,174002609.0,11.22,11.35,11.05,11.29,True,七 匹 狼,False
2026-05-07,108.862,110.744,108.605,109.889,160461.0,182925540.0,11.28,11.5,11.25,11.4,True,七 匹 狼,False
2026-05-08,109.889,111.6,109.033,110.402,185515.0,212600190.00000003,11.4,11.6,11.3,11.46,True,七 匹 狼,False
2026-05-11,110.573,113.311,109.889,112.199,245062.0,285987354.0,11.48,11.8,11.4,11.67,True,七 匹 狼,False
2026-05-12,111.771,113.054,108.862,109.033,248077.0,280327010.0,11.62,11.77,11.28,11.3,True,七 匹 狼,False
2026-05-13,109.632,110.145,107.065,107.493,257061.0,285851832.0,11.37,11.43,11.07,11.12,True,七 匹 狼,False
2026-05-14,108.092,108.092,104.498,105.183,212412.0,230467020.0,11.19,11.19,10.77,10.85,True,七 匹 狼,False
2026-05-15,105.44,106.723,103.985,105.953,157634.0,172451596.0,10.88,11.03,10.71,10.94,True,七 匹 狼,False
2026-05-18,106.552,107.065,97.825,98.766,335549.0,338904490.0,11.01,11.07,9.99,10.1,True,七 匹 狼,False
2026-05-19,99.707,100.905,98.595,100.648,165235.0,170522520.0,10.21,10.35,10.08,10.32,True,七 匹 狼,False
2026-05-20,100.221,100.734,98.937,99.793,116481.0,119043582.0,10.27,10.33,10.12,10.22,True,七 匹 狼,False
2026-05-21,99.878,100.306,94.916,95.43,206885.0,200885335.00000003,10.23,10.28,9.65,9.71,True,七 匹 狼,False
2026-05-22,95.772,96.2,91.751,91.922,257457.0,239435010.00000003,9.75,9.8,9.28,9.3,True,七 匹 狼,False
2026-05-25,91.066,91.494,88.499,89.697,210460.0,190255840.0,9.2,9.25,8.9,9.04,True,七 匹 狼,False
2026-05-26,89.612,90.125,86.959,87.986,178771.0,158033564.0,9.03,9.09,8.72,8.84,True,七 匹 狼,False
2026-05-27,87.986,88.328,85.505,86.703,177602.0,154336138.0,8.84,8.88,8.55,8.69,True,七 匹 狼,False
2026-05-28,86.446,87.901,84.222,85.334,141603.0,120787359.0,8.66,8.83,8.4,8.53,True,七 匹 狼,False
2026-05-29,85.847,89.098,84.906,85.847,199989.0,171790551.0,8.59,8.97,8.48,8.59,True,七 匹 狼,False
2026-06-01,86.104,88.842,85.077,87.986,187270.0,165546680.0,8.62,8.94,8.5,8.84,True,七 匹 狼,False
2026-06-02,87.901,88.072,84.906,86.189,154477.0,133313651.0,8.83,8.85,8.48,8.63,True,七 匹 狼,False
2026-06-03,85.933,86.189,84.821,85.334,131825.0,112446725.0,8.6,8.63,8.47,8.53,True,七 匹 狼,False
2026-06-04,85.248,86.189,81.912,82.767,176445.0,145214235.0,8.52,8.63,8.13,8.23,True,七 匹 狼,False
2026-06-05,82.596,84.222,81.398,81.912,151481.0,123154053.0,8.21,8.4,8.07,8.13,True,七 匹 狼,False
2026-06-08,81.313,87.815,80.885,83.965,312190.0,261303030.0,8.06,8.82,8.01,8.37,True,七 匹 狼,False
2026-06-09,83.965,85.505,82.425,83.109,205046.0,169573042.0,8.37,8.55,8.19,8.27,True,七 匹 狼,False
2026-06-10,83.109,84.906,81.142,81.484,164801.0,133159208.0,8.27,8.48,8.04,8.08,True,七 匹 狼,False
2026-06-11,80.714,82.767,79.944,82.596,177805.0,145977905.00000003,7.99,8.23,7.9,8.21,True,七 匹 狼,False
2026-06-12,82.511,83.109,81.142,83.024,148455.0,122623830.0,8.2,8.27,8.04,8.26,True,七 匹 狼,False
2026-06-15,83.195,84.564,82.682,83.794,146294.0,122155490.0,8.28,8.44,8.22,8.35,True,七 匹 狼,False
2026-06-16,83.708,85.591,82.853,83.281,140585.0,116544965.0,8.34,8.56,8.24,8.29,True,七 匹 狼,False
2026-06-17,83.366,85.163,82.083,83.708,193608.0,161469072.0,8.3,8.51,8.15,8.34,True,七 匹 狼,False
2026-06-18,83.708,90.039,83.281,87.216,349127.0,305486125.0,8.34,9.08,8.29,8.75,True,七 匹 狼,False
2026-06-22,87.558,88.328,82.083,84.136,315823.0,264975497.00000003,8.79,8.88,8.15,8.39,True,七 匹 狼,False
2026-06-23,83.024,85.077,82.682,83.623,169895.0,141522535.0,8.26,8.5,8.22,8.33,True,七 匹 狼,False
2026-06-24,83.024,83.879,80.286,80.628,184586.0,147299628.0,8.26,8.36,7.94,7.98,True,七 匹 狼,False
2026-06-25,80.115,81.056,77.976,79.174,222909.0,174091929.0,7.92,8.03,7.67,7.81,True,七 匹 狼,False
2026-06-26,79.088,81.227,77.976,78.489,177778.0,137422394.0,7.8,8.05,7.67,7.73,True,七 匹 狼,False
2026-06-29,77.12,78.233,75.324,77.035,152383.0,115201548.0,7.57,7.7,7.36,7.56,True,七 匹 狼,False
2026-06-30,76.864,77.891,75.666,77.719,138405.0,105741420.0,7.54,7.66,7.4,7.64,True,七 匹 狼,False
2026-07-01,77.548,79.944,77.206,79.174,157486.0,122996566.0,7.62,7.9,7.58,7.81,True,七 匹 狼,False
2026-07-02,79.088,85.847,78.575,85.847,311124.0,267255516.0,7.8,8.59,7.74,8.59,True,七 匹 狼,False
2026-07-03,84.821,90.039,84.307,86.104,425184.0,366508608.0,8.47,9.08,8.41,8.62,True,七 匹 狼,False
2026-07-06,85.505,86.104,82.682,82.853,242043.0,199443432.0,8.55,8.62,8.22,8.24,True,七 匹 狼,False
2026-07-07,83.452,85.248,80.628,80.628,259052.0,206723496.0,8.31,8.52,7.98,7.98,True,七 匹 狼,False
2026-07-08,79.773,81.398,78.489,78.661,172594.0,133760350.0,7.88,8.07,7.73,7.75,True,七 匹 狼,False
2026-07-09,79.088,80.543,77.377,78.746,157475.0,122200600.0,7.8,7.97,7.6,7.76,True,七 匹 狼,False
2026-07-10,77.976,82.425,77.463,80.799,204434.0,163547200.0,7.67,8.19,7.61,8.0,True,七 匹 狼,False
2026-07-13,80.971,81.997,79.003,79.944,187550.0,148164500.0,8.02,8.14,7.79,7.9,True,七 匹 狼,False
2026-07-14,79.687,80.457,78.832,80.372,145593.0,115746435.0,7.87,7.96,7.77,7.95,True,七 匹 狼,False
2026-07-15,79.773,86.018,79.088,83.281,310371.0,257297559.0,7.88,8.61,7.8,8.29,True,七 匹 狼,False
2026-07-16,81.741,85.419,81.569,84.222,261195.0,219403800.0,8.11,8.54,8.09,8.4,True,七 匹 狼,False
2026-07-17,83.708,87.045,78.746,79.088,286915.0,223793700.0,8.34,8.73,7.76,7.8,True,七 匹 狼,False
2026-07-20,80.115,80.457,75.666,76.607,204090.0,153271590.0,7.92,7.96,7.4,7.51,True,七 匹 狼,False
2026-07-21,76.778,76.864,72.928,75.666,200456.0,148337440.0,7.53,7.54,7.08,7.4,True,七 匹 狼,False
2026-07-22,75.58,75.666,72.672,73.099,205042.0,145579820.0,7.39,7.4,7.05,7.1,True,七 匹 狼,False
2026-07-23,72.586,75.666,72.158,75.409,190215.0,140188455.0,7.04,7.4,6.99,7.37,True,七 匹 狼,False
2026-07-24,74.639,75.837,73.955,74.554,130445.0,94833515.0,7.28,7.42,7.2,7.27,True,七 匹 狼,False
2026-07-27,74.212,80.799,74.212,80.799,282368.0,225894400.0,7.23,8.0,7.23,8.0,True,七 匹 狼,False
2026-07-28,79.858,81.826,79.259,79.687,261682.0,205943734.0,7.89,8.12,7.82,7.87,True,七 匹 狼,False
2026-07-29,79.602,82.083,79.431,81.227,255964.0,206051020.00000003,7.86,8.15,7.84,8.05,True,七 匹 狼,False
2026-07-30,81.056,83.195,80.457,81.142,214881.0,172764323.99999997,8.03,8.28,7.96,8.04,True,七 匹 狼,False
2026-07-31,79.944,84.222,79.944,83.537,226854.0,188742528.0,7.9,8.4,7.9,8.32,True,七 匹 狼,False
2026-08-03,85.933,88.499,84.393,87.815,272567.0,240404094.0,8.6,8.9,8.42,8.82,True,七 匹 狼,False
2026-08-04,87.644,88.328,86.446,87.131,195593.0,170948282.0,8.8,8.88,8.66,8.74,True,七 匹 狼,False
2026-08-05,87.473,87.901,86.446,87.387,181793.0,159432461.0,8.78,8.83,8.66,8.77,True,七 匹 狼,False
2026-08-06,87.558,89.184,86.189,88.671,222369.0,198353148.0,8.79,8.98,8.63,8.92,True,七 匹 狼,False
2026-08-07,88.756,90.638,85.591,88.499,258332.0,229915480.0,8.93,9.15,8.56,8.9,True,七 匹 狼,False
2026-08-10,87.986,90.895,87.473,90.638,249517.0,228308055.0,8.84,9.18,8.78,9.15,True,七 匹 狼,False
2026-08-11,90.772,92.483,90.43,91.456,177770.0,162659550.0,9.07,9.27,9.03,9.15,True,七 匹 狼,False
2026-08-12,91.798,92.312,90.344,91.456,203642.0,186332430.0,9.19,9.25,9.02,9.15,True,七 匹 狼,False
2026-08-13,91.456,91.798,88.547,88.547,240389.0,211782709.0,9.15,9.19,8.81,8.81,True,七 匹 狼,False
2026-08-14,87.863,89.488,85.981,87.093,272120.0,235111680.00000003,8.73,8.92,8.51,8.64,True,七 匹 狼,False
2026-08-17,88.60503125,91.72989583333332,85.58096875,91.02428125,255006.0,225840000.0,8.79,9.1,8.49,9.03,True,七 匹 狼,True
2026-08-24,87.79861458333336,88.40342708333334,84.77455208333335,85.58096875000001,156287.0,133990000.0,8.71,8.77,8.41,8.49,True,七 匹 狼,True
2026-08-25,85.27856250000002,89.10904166666668,85.17776041666667,88.80663541666668,159259.0,137960000.0,8.46,8.84,8.45,8.81,True,七 匹 狼,True
2026-08-27,88.20182291666669,89.91545833333335,87.79861458333336,88.10102083333335,136025.0,119590000.0,8.75,8.92,8.71,8.74,True,七 匹 狼,True
