date,open,high,low,close,volume,amount,raw_open,raw_high,raw_low,raw_close,tradable,name,provisional
2016-01-04,75.065,76.847,64.006,64.498,129952.0,157241920.0,13.8,14.09,12.0,12.1,True,国机精工,False
2016-01-05,58.968,71.932,58.968,69.597,196374.0,253518834.0,11.18,13.29,11.18,12.91,True,国机精工,False
2016-01-06,68.491,73.099,67.692,73.038,170928.0,230240016.0,12.73,13.48,12.6,13.47,True,国机精工,False
2016-01-07,71.072,71.379,64.743,64.743,37759.0,45763908.0,13.15,13.2,12.12,12.12,True,国机精工,False
2016-01-08,67.078,67.201,57.862,59.828,156643.0,177319876.0,12.5,12.52,11.0,11.32,True,国机精工,False
2016-01-11,57.002,57.002,52.885,52.885,107274.0,109312206.0,10.86,10.86,10.19,10.19,True,国机精工,False
2016-01-12,51.104,52.64,48.216,49.752,76921.0,74459528.0,9.9,10.15,9.43,9.68,True,国机精工,False
2016-01-13,50.182,50.858,43.792,43.854,77077.0,67211144.0,9.75,9.86,8.71,8.72,True,国机精工,False
2016-01-14,43.055,47.11,42.994,46.741,70657.0,64933783.0,8.59,9.25,8.58,9.19,True,国机精工,False
2016-01-15,46.864,51.104,45.697,46.926,117880.0,108685360.0,9.21,9.9,9.02,9.22,True,国机精工,False
2016-01-18,45.574,49.199,45.574,47.847,81041.0,75935417.0,9.0,9.59,9.0,9.37,True,国机精工,False
2016-01-19,47.909,51.534,47.172,50.858,78946.0,77840756.0,9.38,9.97,9.26,9.86,True,国机精工,False
2016-01-20,49.875,51.042,48.4,49.998,76796.0,74645712.0,9.7,9.89,9.46,9.72,True,国机精工,False
2016-01-21,48.892,52.21,47.54,48.155,86400.0,81388800.0,9.54,10.08,9.32,9.42,True,国机精工,False
2016-01-22,48.646,49.691,44.837,48.953,63573.0,60712215.00000001,9.5,9.67,8.88,9.55,True,国机精工,False
2016-01-25,49.076,49.691,47.847,48.892,42583.0,40624182.0,9.57,9.67,9.37,9.54,True,国机精工,False
2016-01-26,48.032,48.523,43.055,43.055,66579.0,57191361.0,9.4,9.48,8.59,8.59,True,国机精工,False
2016-01-27,44.775,44.775,38.201,42.011,71737.0,60402554.0,8.87,8.87,7.8,8.42,True,国机精工,False
2016-01-28,41.642,42.256,37.648,38.631,40167.0,31611429.0,8.36,8.46,7.71,7.87,True,国机精工,False
2016-01-29,38.263,43.239,38.201,42.133,56509.0,47693596.0,7.81,8.62,7.8,8.44,True,国机精工,False
2016-02-01,42.133,42.502,39.43,40.106,37185.0,30157035.0,8.44,8.5,8.0,8.11,True,国机精工,False
2016-02-02,40.782,43.301,40.352,42.502,47495.0,40370750.0,8.22,8.63,8.15,8.5,True,国机精工,False
2016-02-03,41.888,43.424,40.843,42.932,37842.0,32430594.0,8.4,8.65,8.23,8.57,True,国机精工,False
2016-02-04,42.932,44.468,42.809,44.222,44334.0,38925252.0,8.57,8.82,8.55,8.78,True,国机精工,False
2016-02-05,44.1,45.328,43.854,43.854,47120.0,41088640.0,8.76,8.96,8.72,8.72,True,国机精工,False
2016-02-15,42.195,45.267,41.458,44.837,38499.0,34187112.0,8.45,8.95,8.33,8.88,True,国机精工,False
2016-02-16,44.591,47.725,44.591,47.049,51678.0,47750472.0,8.84,9.35,8.84,9.24,True,国机精工,False
2016-02-17,47.049,48.4,45.758,47.54,56639.0,52787548.0,9.24,9.46,9.03,9.32,True,国机精工,False
2016-02-18,47.97,48.277,46.189,46.68,49249.0,45210582.0,9.39,9.44,9.1,9.18,True,国机精工,False
2016-02-19,46.926,47.294,46.189,47.049,34876.0,32225424.0,9.22,9.28,9.1,9.24,True,国机精工,False
2016-02-22,47.847,49.568,47.417,48.216,61660.0,58145380.0,9.37,9.65,9.3,9.43,True,国机精工,False
2016-02-23,48.523,49.506,47.54,48.462,50803.0,48110441.0,9.48,9.64,9.32,9.47,True,国机精工,False
2016-02-24,47.97,50.121,47.97,50.059,52661.0,51239153.0,9.39,9.74,9.39,9.73,True,国机精工,False
2016-02-25,50.182,50.366,44.1,44.1,77627.0,68001252.0,9.75,9.78,8.76,8.76,True,国机精工,False
2016-02-26,45.451,46.987,43.792,45.697,63767.0,57517834.0,8.98,9.23,8.71,9.02,True,国机精工,False
2016-02-29,45.083,45.328,40.167,41.335,52581.0,43694811.0,8.92,8.96,8.12,8.31,True,国机精工,False
2016-03-01,41.581,42.994,40.782,42.441,38375.0,32580375.0,8.35,8.58,8.22,8.49,True,国机精工,False
2016-03-02,42.441,45.328,42.011,45.083,46795.0,41741140.0,8.49,8.96,8.42,8.92,True,国机精工,False
2016-03-03,44.714,47.663,44.714,45.758,69692.0,62931875.99999999,8.86,9.34,8.86,9.03,True,国机精工,False
2016-03-04,45.574,48.032,44.837,46.741,86048.0,79078112.0,9.0,9.4,8.88,9.19,True,国机精工,False
2016-03-07,46.741,48.523,46.619,48.032,65743.0,61798420.0,9.19,9.48,9.17,9.4,True,国机精工,False
2016-03-08,48.155,49.629,45.697,49.138,72244.0,69209752.0,9.42,9.66,9.02,9.58,True,国机精工,False
2016-03-09,48.032,48.523,46.68,46.926,47460.0,43758120.0,9.4,9.48,9.18,9.22,True,国机精工,False
2016-03-10,47.356,47.909,45.451,45.451,36714.0,32969172.0,9.29,9.38,8.98,8.98,True,国机精工,False
2016-03-11,45.144,46.127,44.038,46.004,28480.0,25831360.0,8.93,9.09,8.75,9.07,True,国机精工,False
2016-03-14,46.68,48.4,46.496,47.602,50501.0,47117433.0,9.18,9.46,9.15,9.33,True,国机精工,False
2016-03-15,47.97,49.445,47.417,47.847,60568.0,56752215.99999999,9.39,9.63,9.3,9.37,True,国机精工,False
2016-03-16,47.909,49.199,46.066,46.496,41647.0,38107005.0,9.38,9.59,9.08,9.15,True,国机精工,False
2016-03-17,46.864,48.708,45.881,48.032,59536.0,55963840.0,9.21,9.51,9.05,9.4,True,国机精工,False
2016-03-18,48.216,50.244,48.216,49.998,72236.0,70213392.0,9.43,9.76,9.43,9.72,True,国机精工,False
2016-03-21,50.612,52.578,49.629,52.271,82209.0,82948881.0,9.82,10.14,9.66,10.09,True,国机精工,False
2016-03-22,51.595,53.746,50.981,52.824,85230.0,86764140.0,9.98,10.33,9.88,10.18,True,国机精工,False
2016-03-23,52.394,54.237,52.333,53.438,52806.0,54284568.0,10.11,10.41,10.1,10.28,True,国机精工,False
2016-03-24,53.377,53.377,51.042,51.165,68404.0,67788364.0,10.27,10.27,9.89,9.91,True,国机精工,False
2016-03-25,51.165,52.701,50.919,52.087,43491.0,43751946.0,9.91,10.16,9.87,10.06,True,国机精工,False
2016-03-28,52.64,53.316,50.981,51.165,55850.0,55347350.0,10.15,10.26,9.88,9.91,True,国机精工,False
2016-03-29,51.042,51.411,47.909,48.769,57556.0,54793312.0,9.89,9.95,9.38,9.52,True,国机精工,False
2016-03-30,49.261,52.025,47.417,51.595,57812.0,57696376.0,9.6,10.05,9.3,9.98,True,国机精工,False
2016-03-31,51.227,52.025,51.042,51.534,49589.0,49440233.0,9.92,10.05,9.89,9.97,True,国机精工,False
2016-04-01,51.595,52.025,49.936,51.534,36424.0,36314728.0,9.98,10.05,9.71,9.97,True,国机精工,False
2016-04-05,51.841,57.555,51.78,54.114,82378.0,85590742.0,10.02,10.95,10.01,10.39,True,国机精工,False
2016-04-06,53.438,56.51,53.377,55.957,95384.0,101965496.0,10.28,10.78,10.27,10.69,True,国机精工,False
2016-04-07,56.388,56.388,53.316,53.5,72762.0,74872098.0,10.76,10.76,10.26,10.29,True,国机精工,False
2016-04-08,53.008,54.299,52.763,54.237,49337.0,51359817.0,10.21,10.42,10.17,10.41,True,国机精工,False
2016-04-11,54.852,56.94,54.79,55.343,57006.0,60369354.0,10.51,10.85,10.5,10.59,True,国机精工,False
2016-04-12,55.097,55.65,52.763,54.667,43862.0,45967376.0,10.55,10.64,10.17,10.48,True,国机精工,False
2016-04-13,55.097,57.186,55.097,56.388,81701.0,87910276.0,10.55,10.89,10.55,10.76,True,国机精工,False
2016-04-14,57.801,58.784,55.589,57.371,79111.0,86389212.0,10.99,11.15,10.63,10.92,True,国机精工,False
2016-04-15,56.879,57.432,55.957,56.572,54964.0,59306155.99999999,10.84,10.93,10.69,10.79,True,国机精工,False
2016-04-18,56.51,57.555,54.974,57.063,68577.0,74543199.0,10.78,10.95,10.53,10.87,True,国机精工,False
2016-04-19,56.94,57.555,55.896,57.063,43970.0,47795390.0,10.85,10.95,10.68,10.87,True,国机精工,False
2016-04-20,57.125,58.415,51.841,53.5,110087.0,113279523.0,10.88,11.09,10.02,10.29,True,国机精工,False
2016-04-21,53.5,57.555,52.824,57.125,90317.0,98264896.0,10.29,10.95,10.18,10.88,True,国机精工,False
2016-04-22,56.019,56.142,53.684,54.913,74984.0,78883168.0,10.7,10.72,10.32,10.52,True,国机精工,False
2016-04-25,54.79,54.913,53.008,54.176,53769.0,55919760.0,10.5,10.52,10.21,10.4,True,国机精工,False
2016-04-26,54.176,56.633,53.991,56.51,71458.0,77031724.0,10.4,10.8,10.37,10.78,True,国机精工,False
2016-04-27,56.326,58.354,55.773,57.186,80617.0,87791913.0,10.75,11.08,10.66,10.89,True,国机精工,False
2016-04-28,56.203,57.002,54.913,55.957,54312.0,58059528.0,10.73,10.86,10.52,10.69,True,国机精工,False
2016-04-29,55.097,57.739,55.097,57.371,59729.0,65224068.0,10.55,10.98,10.55,10.92,True,国机精工,False
2016-05-03,56.94,58.599,56.203,58.599,83920.0,93319040.0,10.85,11.12,10.73,11.12,True,国机精工,False
2016-05-04,58.538,58.538,57.555,57.739,60648.0,66591504.0,11.11,11.11,10.95,10.98,True,国机精工,False
2016-05-05,57.493,58.845,57.309,58.231,48917.0,54102202.0,10.94,11.16,10.91,11.06,True,国机精工,False
2016-05-06,58.476,59.091,53.746,53.746,91270.0,94281910.0,11.1,11.2,10.33,10.33,True,国机精工,False
2016-08-22,60.074,60.074,60.074,60.074,3295.0,3743120.0,11.36,11.36,11.36,11.36,True,国机精工,False
2016-08-23,62.777,65.665,60.074,61.548,275385.0,319446600.0,11.8,12.27,11.36,11.6,True,国机精工,False
2016-08-24,62.839,68.676,62.224,68.676,305877.0,390299052.0,11.81,12.76,11.71,12.76,True,国机精工,False
2016-08-25,64.313,66.587,60.934,64.989,229973.0,279647168.0,12.05,12.42,11.5,12.16,True,国机精工,False
2016-08-26,64.068,71.133,62.839,68.0,202180.0,255757700.0,12.01,13.16,11.81,12.65,True,国机精工,False
2016-08-29,66.525,67.815,63.576,64.928,134478.0,163390770.0,12.41,12.62,11.93,12.15,True,国机精工,False
2016-08-30,64.006,65.173,63.023,64.006,74610.0,89532000.0,12.0,12.19,11.84,12.0,True,国机精工,False
2016-08-31,63.33,64.498,61.856,63.392,59751.0,71103690.0,11.89,12.08,11.65,11.9,True,国机精工,False
2016-09-01,62.716,63.637,60.688,60.873,69181.0,79488969.0,11.79,11.94,11.46,11.49,True,国机精工,False
2016-09-02,61.548,63.637,60.504,62.224,60041.0,70308011.0,11.6,11.94,11.43,11.71,True,国机精工,False
2016-09-05,62.347,63.637,61.733,62.163,49697.0,58145490.0,11.73,11.94,11.63,11.7,True,国机精工,False
2016-09-06,62.163,67.692,61.18,65.726,120360.0,147802080.0,11.7,12.6,11.54,12.28,True,国机精工,False
2016-09-07,66.771,66.771,64.313,65.235,87783.0,107095260.0,12.45,12.45,12.05,12.2,True,国机精工,False
2016-09-08,64.928,66.894,64.743,66.587,86779.0,107779518.0,12.15,12.47,12.12,12.42,True,国机精工,False
2016-09-09,66.648,68.43,65.604,68.368,131193.0,166746303.0,12.43,12.72,12.26,12.71,True,国机精工,False
2016-09-12,66.832,71.317,64.743,69.29,215649.0,277324614.0,12.46,13.19,12.12,12.86,True,国机精工,False
2016-09-13,70.027,70.089,66.402,67.57,134020.0,168597160.0,12.98,12.99,12.39,12.58,True,国机精工,False
2016-09-14,66.095,67.078,64.375,65.235,81478.0,99403160.0,12.34,12.5,12.06,12.2,True,国机精工,False
2016-09-19,65.296,66.771,64.375,65.358,44287.0,54118714.0,12.21,12.45,12.06,12.22,True,国机精工,False
2016-09-20,65.358,65.542,62.777,63.269,67489.0,80176932.0,12.22,12.25,11.8,11.88,True,国机精工,False
2016-09-21,63.392,63.883,62.593,63.637,41405.0,49437570.0,11.9,11.98,11.77,11.94,True,国机精工,False
2016-09-22,64.006,66.218,63.76,64.62,57575.0,69665750.0,12.0,12.36,11.96,12.1,True,国机精工,False
2016-09-23,64.805,65.604,63.392,63.392,41748.0,49680120.0,12.13,12.26,11.9,11.9,True,国机精工,False
2016-09-26,61.61,62.777,58.722,58.845,75382.0,84126312.0,11.61,11.8,11.14,11.16,True,国机精工,False
2016-09-27,58.292,60.258,58.108,59.705,32930.0,37210900.0,11.07,11.39,11.04,11.3,True,国机精工,False
2016-09-28,59.582,60.135,59.275,59.767,23297.0,26348907.0,11.28,11.37,11.23,11.31,True,国机精工,False
2016-09-29,59.767,60.565,59.582,60.135,22457.0,25533609.0,11.31,11.44,11.28,11.37,True,国机精工,False
2016-09-30,60.32,61.856,59.828,61.61,32060.0,37221660.0,11.4,11.65,11.32,11.61,True,国机精工,False
2016-10-10,61.979,63.084,61.548,62.777,31887.0,37626660.0,11.67,11.85,11.6,11.8,True,国机精工,False
2016-10-11,63.269,63.269,61.979,63.084,34845.0,41291325.0,11.88,11.88,11.67,11.85,True,国机精工,False
2016-10-12,62.777,66.464,62.224,65.604,78207.0,95881782.0,11.8,12.4,11.71,12.26,True,国机精工,False
2016-10-13,65.235,66.894,64.498,66.218,62818.0,77643048.0,12.2,12.47,12.08,12.36,True,国机精工,False
2016-10-14,66.218,66.218,64.682,64.866,37386.0,45386604.0,12.36,12.36,12.11,12.14,True,国机精工,False
2016-10-17,65.296,65.358,62.47,62.593,63770.0,75057290.0,12.21,12.22,11.75,11.77,True,国机精工,False
2016-10-18,62.409,64.006,62.04,63.883,41657.0,49905086.0,11.74,12.0,11.68,11.98,True,国机精工,False
2016-10-19,63.453,68.798,63.33,66.587,91613.0,113783346.0,11.91,12.78,11.89,12.42,True,国机精工,False
2016-10-20,67.57,68.676,66.156,66.279,94451.0,116835887.0,12.58,12.76,12.35,12.37,True,国机精工,False
2016-10-21,66.464,68.123,65.112,66.648,52975.0,65847925.0,12.4,12.67,12.18,12.43,True,国机精工,False
2016-10-24,66.464,66.464,64.928,65.726,49910.0,61289480.0,12.4,12.4,12.15,12.28,True,国机精工,False
2016-10-25,65.788,66.832,65.542,65.726,35992.0,44198176.0,12.29,12.46,12.25,12.28,True,国机精工,False
2016-10-26,65.358,66.587,65.235,65.911,37765.0,46488715.0,12.22,12.42,12.2,12.31,True,国机精工,False
2016-10-27,66.648,68.921,65.788,65.849,55206.0,67903380.0,12.43,12.8,12.29,12.3,True,国机精工,False
2016-10-28,65.542,66.464,62.777,62.962,54502.0,64475866.0,12.25,12.4,11.8,11.83,True,国机精工,False
2016-10-31,62.654,62.839,60.934,62.286,41285.0,48386020.0,11.78,11.81,11.5,11.72,True,国机精工,False
2016-11-01,64.006,64.559,62.593,64.006,38507.0,46208400.0,12.0,12.09,11.77,12.0,True,国机精工,False
2016-11-02,64.068,65.173,63.084,63.699,36682.0,43834990.0,12.01,12.19,11.85,11.95,True,国机精工,False
2016-11-03,63.576,64.682,62.839,63.76,25782.0,30835272.000000004,11.93,12.11,11.81,11.96,True,国机精工,False
2016-11-04,63.699,63.883,62.532,63.207,28695.0,34060965.0,11.95,11.98,11.76,11.87,True,国机精工,False
2016-11-07,62.777,64.805,62.777,63.822,26018.0,31143546.0,11.8,12.13,11.8,11.97,True,国机精工,False
2016-11-08,63.822,64.436,63.33,63.453,29393.0,35007063.0,11.97,12.07,11.89,11.91,True,国机精工,False
2016-11-09,63.392,64.313,61.917,62.593,35237.0,41473949.0,11.9,12.05,11.66,11.77,True,国机精工,False
2016-11-10,63.515,64.375,62.777,64.068,38963.0,46794563.0,11.92,12.06,11.8,12.01,True,国机精工,False
2016-11-11,64.252,68.614,63.883,67.324,98393.0,123384822.0,12.04,12.75,11.98,12.54,True,国机精工,False
2016-11-14,66.709,69.72,65.788,67.262,87573.0,109728969.0,12.44,12.93,12.29,12.53,True,国机精工,False
2016-11-15,67.877,67.877,65.296,66.464,57139.0,70852360.0,12.63,12.63,12.21,12.4,True,国机精工,False
2016-11-16,66.771,68.184,66.709,67.078,53551.0,66938750.0,12.45,12.68,12.44,12.5,True,国机精工,False
2016-11-17,67.385,67.57,65.849,66.034,34611.0,42675363.0,12.55,12.58,12.3,12.33,True,国机精工,False
2016-11-18,66.034,66.525,65.296,65.542,31127.0,38130575.0,12.33,12.41,12.21,12.25,True,国机精工,False
2016-11-21,65.542,67.447,64.743,66.709,45213.0,56244972.0,12.25,12.56,12.12,12.44,True,国机精工,False
2016-11-22,67.017,67.324,66.464,67.201,40380.0,50555760.0,12.49,12.54,12.4,12.52,True,国机精工,False
2016-11-23,67.14,67.754,66.464,66.709,38228.0,47555632.0,12.51,12.61,12.4,12.44,True,国机精工,False
2016-11-24,66.648,66.648,64.19,64.313,40295.0,48555475.0,12.43,12.43,12.03,12.05,True,国机精工,False
2016-11-25,64.743,65.358,62.9,65.051,33119.0,40305823.0,12.12,12.22,11.82,12.17,True,国机精工,False
2016-11-28,65.173,65.849,64.436,65.235,31257.0,38133540.0,12.19,12.3,12.07,12.2,True,国机精工,False
2016-11-29,65.235,65.726,63.576,63.637,37893.0,45244242.0,12.2,12.28,11.93,11.94,True,国机精工,False
2016-11-30,63.33,64.129,62.9,63.883,26086.0,31251028.0,11.89,12.02,11.82,11.98,True,国机精工,False
2016-12-01,64.19,64.19,63.084,63.576,23857.0,28461401.0,12.03,12.03,11.85,11.93,True,国机精工,False
2016-12-02,63.453,63.453,60.012,60.504,54986.0,62848998.0,11.91,11.91,11.35,11.43,True,国机精工,False
2016-12-05,59.029,62.224,59.029,61.61,35860.0,41633460.0,11.19,11.71,11.19,11.61,True,国机精工,False
2016-12-06,61.671,62.654,60.996,61.733,19564.0,22752932.0,11.62,11.78,11.51,11.63,True,国机精工,False
2016-12-07,61.733,61.979,60.32,61.733,25428.0,29572764.000000004,11.63,11.67,11.4,11.63,True,国机精工,False
2016-12-08,61.733,62.777,60.873,60.996,23079.0,26563929.0,11.63,11.8,11.49,11.51,True,国机精工,False
2016-12-09,60.996,60.996,59.091,59.214,42930.0,48167460.0,11.51,11.51,11.2,11.22,True,国机精工,False
2016-12-12,59.398,60.197,55.404,55.773,45139.0,48118174.0,11.25,11.38,10.6,10.66,True,国机精工,False
2016-12-13,54.852,56.265,53.868,55.159,33151.0,35007456.0,10.51,10.74,10.35,10.56,True,国机精工,False
2016-12-14,54.667,55.589,53.746,54.053,28315.0,29390970.000000004,10.48,10.63,10.33,10.38,True,国机精工,False
2016-12-15,54.176,55.527,53.623,54.544,30506.0,31909276.000000004,10.4,10.62,10.31,10.46,True,国机精工,False
2016-12-16,54.544,55.589,54.544,55.159,30398.0,32100288.0,10.46,10.63,10.46,10.56,True,国机精工,False
2016-12-19,55.712,56.756,55.712,56.326,37171.0,39958825.0,10.65,10.82,10.65,10.75,True,国机精工,False
2016-12-20,56.142,57.002,53.868,55.589,49406.0,52518578.00000001,10.72,10.86,10.35,10.63,True,国机精工,False
2016-12-21,55.589,60.258,55.466,60.074,96801.0,109965936.0,10.63,11.39,10.61,11.36,True,国机精工,False
2016-12-22,59.46,64.989,58.722,64.252,160428.0,193155312.0,11.26,12.16,11.14,12.04,True,国机精工,False
2016-12-23,63.392,64.866,62.839,64.19,85032.0,102293496.0,11.9,12.14,11.81,12.03,True,国机精工,False
2016-12-26,63.576,65.419,62.839,64.743,70641.0,85616892.0,11.93,12.23,11.81,12.12,True,国机精工,False
2016-12-27,64.805,65.481,63.392,63.453,75400.0,89801400.0,12.13,12.24,11.9,11.91,True,国机精工,False
2016-12-28,63.453,63.822,61.61,62.101,48762.0,57002778.0,11.91,11.97,11.61,11.69,True,国机精工,False
2016-12-29,62.409,63.883,62.101,62.47,33523.0,39389525.0,11.74,11.98,11.69,11.75,True,国机精工,False
2016-12-30,62.777,63.146,61.794,62.47,26993.0,31716775.0,11.8,11.86,11.64,11.75,True,国机精工,False
2017-01-03,62.47,63.699,60.934,62.9,43650.0,51594300.0,11.75,11.95,11.5,11.82,True,国机精工,False
2017-01-04,63.084,64.805,62.409,64.129,65153.0,78313906.0,11.85,12.13,11.74,12.02,True,国机精工,False
2017-01-05,64.129,71.502,63.146,70.15,279501.0,363351300.0,12.02,13.22,11.86,13.0,True,国机精工,False
2017-01-06,68.307,69.228,67.201,68.368,159220.0,202368620.0,12.7,12.85,12.52,12.71,True,国机精工,False
2017-01-09,67.815,69.966,66.832,69.659,115314.0,148985688.0,12.62,12.97,12.46,12.92,True,国机精工,False
2017-01-10,69.843,74.328,68.983,69.351,206445.0,265694715.0,12.95,13.68,12.81,12.87,True,国机精工,False
2017-01-11,67.877,69.351,66.587,68.737,96045.0,122649465.0,12.63,12.87,12.42,12.77,True,国机精工,False
2017-01-12,68.123,68.676,64.989,65.051,77407.0,94204319.0,12.67,12.76,12.16,12.17,True,国机精工,False
2017-01-13,65.481,66.156,63.76,64.129,51279.0,61637358.0,12.24,12.35,11.96,12.02,True,国机精工,False
2017-01-16,64.068,64.129,56.756,57.616,99650.0,109216400.0,12.01,12.02,10.82,10.96,True,国机精工,False
2017-01-17,57.862,59.275,56.94,58.845,48080.0,53657280.0,11.0,11.23,10.85,11.16,True,国机精工,False
2017-01-18,58.476,60.012,58.476,59.337,44269.0,49758356.0,11.1,11.35,11.1,11.24,True,国机精工,False
2017-01-19,59.398,60.565,58.784,58.968,43939.0,49123802.0,11.25,11.44,11.15,11.18,True,国机精工,False
2017-01-20,58.599,60.504,58.476,60.135,42199.0,47980263.0,11.12,11.43,11.1,11.37,True,国机精工,False
2017-01-23,60.197,63.33,60.197,63.023,63576.0,75273984.0,11.38,11.89,11.38,11.84,True,国机精工,False
2017-01-24,62.777,70.273,62.224,70.273,323628.0,421363656.0,11.8,13.02,11.71,13.02,True,国机精工,False
2017-01-25,71.072,78.26,68.0,76.233,559432.0,782645368.0,13.15,14.32,12.65,13.99,True,国机精工,False
2017-01-26,70.764,78.137,70.15,74.574,399678.0,548358216.0,13.1,14.3,13.0,13.72,True,国机精工,False
2017-02-03,74.635,82.991,73.345,82.991,471869.0,712050321.0,13.73,15.09,13.52,15.09,True,国机精工,False
2017-02-06,83.421,92.268,81.885,92.268,694336.0,1152597760.0,15.16,16.6,14.91,16.6,True,国机精工,False
2017-02-07,91.04,91.654,86.37,88.643,565877.0,905969077.0,16.4,16.5,15.64,16.01,True,国机精工,False
2017-02-08,86.555,91.04,85.571,87.538,484559.0,767056897.0,15.67,16.4,15.51,15.83,True,国机精工,False
2017-02-09,86.309,89.442,84.588,86.862,371024.0,583249728.0,15.63,16.14,15.35,15.72,True,国机精工,False
2017-02-10,85.694,88.828,84.773,84.773,360359.0,554232142.0,15.53,16.04,15.38,15.38,True,国机精工,False
2017-02-13,82.745,85.756,82.745,85.387,241729.0,374196492.0,15.05,15.54,15.05,15.48,True,国机精工,False
2017-02-14,84.834,86.309,81.885,83.483,281819.0,427519423.0,15.39,15.63,14.91,15.17,True,国机精工,False
2017-02-15,83.175,85.694,82.069,85.387,304459.0,471302532.0,15.12,15.53,14.94,15.48,True,国机精工,False
2017-02-16,84.097,87.353,82.807,85.571,322428.0,500085828.0,15.27,15.8,15.06,15.51,True,国机精工,False
2017-02-17,84.035,84.404,79.366,79.735,304568.0,443451008.0,15.26,15.32,14.5,14.56,True,国机精工,False
2017-02-20,79.366,80.963,78.137,80.779,192048.0,282886704.0,14.5,14.76,14.3,14.73,True,国机精工,False
2017-02-21,79.735,81.639,79.12,80.718,183951.0,270775872.0,14.56,14.87,14.46,14.72,True,国机精工,False
2017-02-22,80.533,81.394,77.523,78.322,197782.0,283421606.0,14.69,14.83,14.2,14.33,True,国机精工,False
2017-02-23,77.891,79.366,77.277,79.12,161438.0,233439348.0,14.26,14.5,14.16,14.46,True,国机精工,False
2017-02-24,78.629,80.349,78.137,79.12,153072.0,221342112.0,14.38,14.66,14.3,14.46,True,国机精工,False
2017-02-27,79.366,79.612,77.584,77.769,115467.0,164425008.0,14.5,14.54,14.21,14.24,True,国机精工,False
2017-02-28,78.137,80.533,78.014,79.858,184733.0,269340714.0,14.3,14.69,14.28,14.58,True,国机精工,False
2017-03-01,79.489,81.209,78.936,80.103,176965.0,258722830.0,14.52,14.8,14.43,14.62,True,国机精工,False
2017-03-02,80.595,80.902,74.697,74.942,244411.0,336798358.0,14.7,14.75,13.74,13.78,True,国机精工,False
2017-03-03,73.714,74.451,72.669,73.038,129495.0,174429765.0,13.58,13.7,13.41,13.47,True,国机精工,False
2017-03-06,73.099,74.328,72.485,74.144,89988.0,122833620.0,13.48,13.68,13.38,13.65,True,国机精工,False
2017-03-07,74.389,74.697,73.345,74.082,79743.0,108769452.0,13.69,13.74,13.52,13.64,True,国机精工,False
2017-03-08,74.205,76.11,73.529,75.372,119553.0,165580905.0,13.66,13.97,13.55,13.85,True,国机精工,False
2017-03-09,75.68,75.68,73.836,74.328,81595.0,111621960.0,13.9,13.9,13.6,13.68,True,国机精工,False
2017-03-10,74.144,75.434,73.775,73.898,87357.0,118892877.0,13.65,13.86,13.59,13.61,True,国机精工,False
2017-03-13,73.714,76.601,70.764,76.601,138002.0,193892810.0,13.58,14.05,13.1,14.05,True,国机精工,False
2017-03-14,76.601,77.523,75.372,75.741,106570.0,148238870.0,14.05,14.2,13.85,13.91,True,国机精工,False
2017-03-15,75.25,75.864,74.205,74.389,69605.0,95289245.0,13.83,13.93,13.66,13.69,True,国机精工,False
2017-03-16,74.451,76.601,74.451,75.372,83333.0,115416205.0,13.7,14.05,13.7,13.85,True,国机精工,False
2017-03-17,74.881,76.601,74.451,75.372,102476.0,141929260.0,13.77,14.05,13.7,13.85,True,国机精工,False
2017-03-20,75.434,78.076,75.372,77.769,174476.0,248453824.0,13.86,14.29,13.85,14.24,True,国机精工,False
2017-03-21,77.523,78.567,76.847,77.523,116109.0,164874780.0,14.2,14.37,14.09,14.2,True,国机精工,False
2017-03-22,76.908,76.97,74.451,74.881,100178.0,137945106.0,14.1,14.11,13.7,13.77,True,国机精工,False
2017-03-23,73.959,75.495,71.44,72.731,130623.0,175296066.0,13.62,13.87,13.21,13.42,True,国机精工,False
2017-03-24,72.423,80.595,70.949,78.69,251273.0,361581847.0,13.37,14.7,13.13,14.39,True,国机精工,False
2017-03-27,78.076,83.79,77.523,82.315,383172.0,573991656.0,14.29,15.22,14.2,14.98,True,国机精工,False
2017-03-28,81.209,81.639,79.059,80.533,187463.0,275383147.0,14.8,14.87,14.45,14.69,True,国机精工,False
2017-03-29,80.288,83.79,79.858,81.578,270883.0,402532138.0,14.65,15.22,14.58,14.86,True,国机精工,False
2017-03-30,80.472,81.455,77.584,77.891,187382.0,267206732.0,14.68,14.84,14.21,14.26,True,国机精工,False
2017-03-31,77.216,80.103,76.417,78.199,145313.0,207942903.0,14.15,14.62,14.02,14.31,True,国机精工,False
2017-04-05,78.076,81.455,74.635,81.271,168986.0,250268266.0,14.29,14.84,13.73,14.81,True,国机精工,False
2017-04-06,80.902,83.175,79.98,82.745,233952.0,352097760.0,14.75,15.12,14.6,15.05,True,国机精工,False
2017-04-07,82.622,84.281,79.55,79.919,201529.0,294030811.0,15.03,15.3,14.53,14.59,True,国机精工,False
2017-04-10,79.366,83.667,78.014,83.667,232394.0,353238880.0,14.5,15.2,14.28,15.2,True,国机精工,False
2017-04-11,83.851,87.046,82.131,85.817,355309.0,552505495.0,15.23,15.75,14.95,15.55,True,国机精工,False
2017-04-12,84.834,86.124,79.796,80.103,206176.0,301429312.0,15.39,15.6,14.57,14.62,True,国机精工,False
2017-04-13,79.366,82.315,79.366,80.718,107523.0,158273856.0,14.5,14.98,14.5,14.72,True,国机精工,False
2017-04-14,80.902,81.885,77.216,77.277,132477.0,187587432.0,14.75,14.91,14.15,14.16,True,国机精工,False
2017-04-17,76.908,76.908,70.519,75.864,114751.0,159848143.0,14.1,14.1,13.06,13.93,True,国机精工,False
2017-04-18,76.171,80.411,76.171,77.83,116403.0,165874275.0,13.98,14.67,13.98,14.25,True,国机精工,False
2017-04-19,75.68,77.523,72.608,74.082,103035.0,140539740.0,13.9,14.2,13.4,13.64,True,国机精工,False
2017-04-20,73.591,74.942,70.949,72.3,70090.0,93570150.0,13.56,13.78,13.13,13.35,True,国机精工,False
2017-04-21,72.423,73.775,64.19,66.095,146454.0,180724236.0,13.37,13.59,12.03,12.34,True,国机精工,False
2017-04-24,64.62,65.788,62.163,64.19,69645.0,83782935.0,12.1,12.29,11.7,12.03,True,国机精工,False
2017-04-25,64.19,65.665,64.006,64.436,49603.0,59870821.0,12.03,12.27,12.0,12.07,True,国机精工,False
2017-04-26,64.559,65.296,63.576,64.743,52630.0,63787559.99999999,12.09,12.21,11.93,12.12,True,国机精工,False
2017-04-27,64.682,65.419,61.671,65.419,75314.0,92109022.0,12.11,12.23,11.62,12.23,True,国机精工,False
2017-04-28,65.419,66.341,64.866,65.358,54435.0,66519570.0,12.23,12.38,12.14,12.22,True,国机精工,False
2017-05-02,65.358,65.849,64.068,64.62,47171.0,57076910.0,12.22,12.3,12.01,12.1,True,国机精工,False
2017-05-03,64.62,70.15,64.129,67.508,111439.0,140078823.0,12.1,13.0,12.02,12.57,True,国机精工,False
2017-05-04,66.464,67.385,65.419,66.894,69707.0,86924629.0,12.4,12.55,12.23,12.47,True,国机精工,False
2017-05-05,66.402,66.771,62.47,62.47,74461.0,87491675.0,12.39,12.45,11.75,11.75,True,国机精工,False
2017-05-08,62.04,62.04,56.633,56.818,71793.0,77751819.0,11.68,11.68,10.8,10.83,True,国机精工,False
2017-05-09,56.695,58.968,56.08,58.661,44691.0,49741083.0,10.81,11.18,10.71,11.13,True,国机精工,False
2017-05-10,58.661,59.644,56.633,56.879,38243.0,41455412.0,11.13,11.29,10.8,10.84,True,国机精工,False
2017-05-11,56.633,58.354,55.282,58.231,45238.0,50033228.0,10.8,11.08,10.58,11.06,True,国机精工,False
2017-05-12,58.354,58.661,57.678,57.985,26802.0,29535804.0,11.08,11.13,10.97,11.02,True,国机精工,False
2017-05-15,58.784,58.907,56.695,57.063,27974.0,30407738.0,11.15,11.17,10.81,10.87,True,国机精工,False
2017-05-16,57.739,58.784,56.019,58.784,44259.0,49348785.0,10.98,11.15,10.7,11.15,True,国机精工,False
2017-05-17,58.784,62.101,58.292,59.337,61560.0,69193440.0,11.15,11.69,11.07,11.24,True,国机精工,False
2017-05-18,58.292,59.275,57.555,58.354,41335.0,45799180.0,11.07,11.23,10.95,11.08,True,国机精工,False
2017-05-19,58.231,58.784,56.818,57.125,31699.0,34488512.0,11.06,11.15,10.83,10.88,True,国机精工,False
2017-05-22,56.633,57.371,54.176,54.544,37929.0,39673734.0,10.8,10.92,10.4,10.46,True,国机精工,False
2017-05-23,54.544,55.097,49.875,49.998,64971.0,63151812.00000001,10.46,10.55,9.7,9.72,True,国机精工,False
2017-05-24,49.936,50.797,47.725,50.797,38704.0,38123440.0,9.71,9.85,9.35,9.85,True,国机精工,False
2017-05-25,50.981,51.288,49.383,51.104,29763.0,29465370.0,9.88,9.93,9.62,9.9,True,国机精工,False
2017-05-26,51.657,53.561,51.288,52.087,38899.0,39132394.0,9.99,10.3,9.93,10.06,True,国机精工,False
2017-05-31,52.271,54.114,50.797,50.981,36732.0,36291216.0,10.09,10.39,9.85,9.88,True,国机精工,False
2017-06-01,50.797,51.227,49.568,49.568,32864.0,31713760.0,9.85,9.92,9.65,9.65,True,国机精工,False
2017-06-02,49.138,50.981,48.093,50.305,27587.0,26952499.0,9.58,9.88,9.41,9.77,True,国机精工,False
2017-06-05,50.489,51.411,50.305,50.919,18749.0,18505263.0,9.8,9.95,9.77,9.87,True,国机精工,False
2017-06-06,50.919,51.595,50.489,51.534,22610.0,22542170.0,9.87,9.98,9.8,9.97,True,国机精工,False
2017-06-07,51.657,53.5,51.657,53.07,33801.0,34544622.0,9.99,10.29,9.99,10.22,True,国机精工,False
2017-06-08,53.131,53.807,52.148,52.701,28632.0,29090112.0,10.23,10.34,10.07,10.16,True,国机精工,False
2017-06-09,52.455,52.947,52.025,52.824,28447.0,28959046.0,10.12,10.2,10.05,10.18,True,国机精工,False
2017-06-12,52.21,52.21,50.244,50.244,29358.0,28653408.0,10.08,10.08,9.76,9.76,True,国机精工,False
2017-06-13,50.121,51.718,49.875,51.718,22584.0,22584000.0,9.74,10.0,9.7,10.0,True,国机精工,False
2017-06-14,51.657,53.438,51.349,53.008,42956.0,43858076.0,9.99,10.28,9.94,10.21,True,国机精工,False
2017-06-15,52.64,55.036,52.394,54.053,54584.0,56658192.00000001,10.15,10.54,10.11,10.38,True,国机精工,False
2017-06-16,53.752,54.612,52.707,53.875,41058.0,42453972.0,10.32,10.46,10.15,10.34,True,国机精工,False
2017-06-19,53.322,60.203,53.26,58.36,115962.0,128369934.0,10.25,11.37,10.24,11.07,True,国机精工,False
2017-06-20,57.807,60.142,56.824,57.868,126437.0,138954263.0,10.98,11.36,10.82,10.99,True,国机精工,False
2017-06-21,58.053,61.002,57.991,59.527,98654.0,111084404.0,11.02,11.5,11.01,11.26,True,国机精工,False
2017-06-29,59.773,63.889,59.22,61.739,126470.0,146958140.0,11.3,11.97,11.21,11.62,True,国机精工,False
2017-06-30,60.572,61.002,59.158,59.773,53034.0,59928420.00000001,11.43,11.5,11.2,11.3,True,国机精工,False
2017-07-03,59.404,59.834,58.114,59.527,44059.0,49610434.0,11.24,11.31,11.03,11.26,True,国机精工,False
2017-07-04,59.22,59.466,58.606,58.913,33807.0,37728612.0,11.21,11.25,11.11,11.16,True,国机精工,False
2017-07-05,58.913,59.589,58.36,59.589,35285.0,39766195.0,11.16,11.27,11.07,11.27,True,国机精工,False
2017-07-06,59.404,59.773,56.947,59.466,60746.0,68339250.0,11.24,11.3,10.84,11.25,True,国机精工,False
2017-07-07,59.158,59.158,57.5,58.421,42461.0,47046788.0,11.2,11.2,10.93,11.08,True,国机精工,False
2017-07-10,58.237,59.466,58.114,58.544,44541.0,49440510.0,11.05,11.25,11.03,11.1,True,国机精工,False
2017-07-11,58.544,58.544,57.192,57.192,38742.0,42151296.0,11.1,11.1,10.88,10.88,True,国机精工,False
2017-07-12,56.947,57.561,53.629,56.209,56383.0,60442576.0,10.84,10.94,10.3,10.72,True,国机精工,False
2017-07-13,56.148,56.517,55.472,56.394,26073.0,28028475.0,10.71,10.77,10.6,10.75,True,国机精工,False
2017-07-14,56.394,56.701,55.472,55.841,27951.0,29795766.0,10.75,10.8,10.6,10.66,True,国机精工,False
2017-07-17,56.086,56.086,49.39,50.373,51667.0,50478659.0,10.7,10.7,9.61,9.77,True,国机精工,False
2017-07-18,50.373,52.154,50.373,51.171,25860.0,25601400.0,9.77,10.06,9.77,9.9,True,国机精工,False
2017-07-19,51.233,52.093,50.741,51.847,24714.0,24738714.0,9.91,10.05,9.83,10.01,True,国机精工,False
2017-07-20,51.847,52.953,51.54,51.724,25064.0,25038936.0,10.01,10.19,9.96,9.99,True,国机精工,False
2017-07-21,51.663,52.339,51.294,52.154,21783.0,21913698.0,9.98,10.09,9.92,10.06,True,国机精工,False
2017-07-24,52.154,52.892,51.294,52.4,46648.0,47114480.0,10.06,10.18,9.92,10.1,True,国机精工,False
2017-07-25,52.462,53.322,51.233,51.601,41261.0,41137217.0,10.11,10.25,9.91,9.97,True,国机精工,False
2017-07-26,51.54,52.154,50.741,51.048,36988.0,36544144.0,9.96,10.06,9.83,9.88,True,国机精工,False
2017-07-27,51.233,52.462,50.803,52.339,46161.0,46576449.0,9.91,10.11,9.84,10.09,True,国机精工,False
2017-07-28,52.339,52.4,51.54,51.724,37172.0,37134828.0,10.09,10.1,9.96,9.99,True,国机精工,False
2017-07-31,51.356,51.909,51.048,51.786,38613.0,38613000.0,9.93,10.02,9.88,10.0,True,国机精工,False
2017-08-01,51.601,52.4,51.478,51.663,38265.0,38188470.0,9.97,10.1,9.95,9.98,True,国机精工,False
2017-08-02,52.031,52.093,50.864,50.864,39410.0,38818850.0,10.04,10.05,9.85,9.85,True,国机精工,False
2017-08-03,50.25,51.294,50.25,50.557,28070.0,27508600.000000004,9.75,9.92,9.75,9.8,True,国机精工,False
2017-08-04,50.803,53.014,49.942,52.646,97626.0,98992764.0,9.84,10.2,9.7,10.14,True,国机精工,False
2017-08-07,52.277,52.4,50.926,51.786,41864.0,41864000.0,10.08,10.1,9.86,10.0,True,国机精工,False
2017-08-08,52.339,52.339,51.356,51.786,40097.0,40097000.0,10.09,10.09,9.93,10.0,True,国机精工,False
2017-08-09,51.909,52.584,51.171,52.093,52998.0,53262990.00000001,10.02,10.13,9.9,10.05,True,国机精工,False
2017-08-10,52.031,52.584,51.233,51.54,35191.0,35050236.0,10.04,10.13,9.91,9.96,True,国机精工,False
2017-08-11,51.54,51.97,50.373,50.557,36379.0,35651420.0,9.96,10.03,9.77,9.8,True,国机精工,False
2017-08-14,50.557,51.417,50.25,51.294,22543.0,22362656.0,9.8,9.94,9.75,9.92,True,国机精工,False
2017-08-15,51.294,51.417,50.864,51.356,24121.0,23952153.0,9.92,9.94,9.85,9.93,True,国机精工,False
2017-08-16,50.987,52.523,50.434,51.97,49892.0,50041676.0,9.87,10.12,9.78,10.03,True,国机精工,False
2017-08-17,51.786,53.506,51.663,53.014,79324.0,80910480.0,10.0,10.28,9.98,10.2,True,国机精工,False
2017-08-18,52.707,57.868,52.4,56.517,120363.0,129630951.0,10.15,10.99,10.1,10.77,True,国机精工,False
2017-08-21,56.271,57.192,55.595,56.271,83911.0,90036503.0,10.73,10.88,10.62,10.73,True,国机精工,False
2017-08-22,56.455,56.517,54.305,54.55,71750.0,74978750.0,10.76,10.77,10.41,10.45,True,国机精工,False
2017-08-23,54.858,59.158,54.796,57.131,138666.0,150729942.0,10.5,11.2,10.49,10.87,True,国机精工,False
2017-08-24,57.192,60.879,56.148,58.79,123199.0,137243686.0,10.88,11.48,10.71,11.14,True,国机精工,False
2017-08-25,57.991,59.158,57.315,57.745,73789.0,80946533.0,11.01,11.2,10.9,10.97,True,国机精工,False
2017-08-28,57.5,59.097,56.701,58.114,82375.0,90859625.0,10.93,11.19,10.8,11.03,True,国机精工,False
2017-08-29,57.991,57.991,56.332,56.394,57205.0,61495375.0,11.01,11.01,10.74,10.75,True,国机精工,False
2017-08-30,56.271,56.824,54.858,55.718,61822.0,65778608.0,10.73,10.82,10.5,10.64,True,国机精工,False
2017-08-31,55.779,56.455,55.411,55.656,43039.0,45750457.0,10.65,10.76,10.59,10.63,True,国机精工,False
2017-09-01,55.718,56.148,55.042,55.964,39583.0,42274644.0,10.64,10.71,10.53,10.68,True,国机精工,False
2017-09-04,55.841,57.745,55.841,57.315,61592.0,67135280.0,10.66,10.97,10.66,10.9,True,国机精工,False
2017-09-05,57.07,57.5,56.271,56.394,38127.0,40986525.0,10.86,10.93,10.73,10.75,True,国机精工,False
2017-09-06,56.025,56.271,55.103,55.902,40620.0,43341540.0,10.69,10.73,10.54,10.67,True,国机精工,False
2017-09-07,55.964,56.271,55.411,55.902,40309.0,43009703.0,10.68,10.73,10.59,10.67,True,国机精工,False
2017-09-08,55.656,56.271,55.595,56.209,32724.0,35080128.0,10.63,10.73,10.62,10.72,True,国机精工,False
2017-09-11,56.332,56.517,55.472,55.779,43155.0,45960075.0,10.74,10.77,10.6,10.65,True,国机精工,False
2017-09-12,55.411,55.779,54.059,54.428,56862.0,59307066.0,10.59,10.65,10.37,10.43,True,国机精工,False
2017-09-13,54.366,54.735,53.506,53.813,34290.0,35421570.0,10.42,10.48,10.28,10.33,True,国机精工,False
2017-09-14,53.629,54.489,53.629,53.936,32550.0,33689250.0,10.3,10.44,10.3,10.35,True,国机精工,False
2017-09-15,53.998,54.919,53.199,54.735,39843.0,41755464.0,10.36,10.51,10.23,10.48,True,国机精工,False
2017-09-18,55.964,55.964,54.796,55.165,34045.0,35917475.0,10.68,10.68,10.49,10.55,True,国机精工,False
2017-09-19,55.472,55.472,53.752,53.998,35309.0,36580124.0,10.6,10.6,10.32,10.36,True,国机精工,False
2017-09-20,53.813,55.472,53.629,55.103,43296.0,45633984.0,10.33,10.6,10.3,10.54,True,国机精工,False
2017-09-21,55.042,57.315,54.673,56.701,94349.0,101896920.0,10.53,10.9,10.47,10.8,True,国机精工,False
2017-09-22,56.332,57.5,56.025,57.192,55711.0,60613568.00000001,10.74,10.93,10.69,10.88,True,国机精工,False
2017-09-25,56.701,57.561,54.489,54.673,45452.0,47588244.0,10.8,10.94,10.44,10.47,True,国机精工,False
2017-09-26,54.981,54.981,53.014,53.998,32766.0,33945576.0,10.52,10.52,10.2,10.36,True,国机精工,False
2017-09-27,53.936,54.305,53.567,53.936,22308.0,23088780.0,10.35,10.41,10.29,10.35,True,国机精工,False
2017-09-28,53.936,55.349,53.629,54.182,30424.0,31610536.0,10.35,10.58,10.3,10.39,True,国机精工,False
2017-09-29,54.182,54.858,53.875,54.059,22073.0,22889701.0,10.39,10.5,10.34,10.37,True,国机精工,False
2017-10-09,54.612,54.858,53.752,54.55,34327.0,35871715.0,10.46,10.5,10.32,10.45,True,国机精工,False
2017-10-10,54.428,55.411,54.182,55.411,32138.0,34034142.0,10.43,10.59,10.39,10.59,True,国机精工,False
2017-10-11,55.534,55.779,54.489,54.919,32601.0,34263651.0,10.61,10.65,10.44,10.51,True,国机精工,False
2017-10-12,54.55,54.858,53.998,54.612,35469.0,37100574.0,10.45,10.5,10.36,10.46,True,国机精工,False
2017-10-13,54.858,56.517,54.858,55.472,61791.0,65498460.0,10.5,10.77,10.5,10.6,True,国机精工,False
2017-10-16,55.042,55.349,53.445,53.567,36544.0,37603776.0,10.53,10.58,10.27,10.29,True,国机精工,False
2017-10-17,53.26,53.567,52.4,53.014,25236.0,25740720.0,10.24,10.29,10.1,10.2,True,国机精工,False
2017-10-18,53.137,53.26,51.847,51.847,23465.0,23488465.0,10.22,10.24,10.01,10.01,True,国机精工,False
2017-10-19,51.478,51.847,49.635,49.881,44452.0,43073988.0,9.95,10.01,9.65,9.69,True,国机精工,False
2017-10-20,49.942,50.618,49.758,50.495,22838.0,22358402.0,9.7,9.81,9.67,9.79,True,国机精工,False
2017-10-23,50.557,51.048,50.495,50.864,14658.0,14438130.0,9.8,9.88,9.79,9.85,True,国机精工,False
2017-10-24,50.987,50.987,49.82,50.25,16924.0,16500900.0,9.87,9.87,9.68,9.75,True,国机精工,False
2017-10-25,50.311,52.154,50.127,52.031,46061.0,46245243.99999999,9.76,10.06,9.73,10.04,True,国机精工,False
2017-10-26,51.663,55.165,51.171,53.506,93459.0,96075852.0,9.98,10.55,9.9,10.28,True,国机精工,False
2017-10-27,52.523,52.646,50.864,51.11,64867.0,64153463.0,10.12,10.14,9.85,9.89,True,国机精工,False
2017-10-30,51.356,51.356,48.714,48.898,41941.0,39969773.0,9.93,9.93,9.5,9.53,True,国机精工,False
2017-10-31,49.144,49.267,48.161,48.959,28092.0,26799768.0,9.57,9.59,9.41,9.54,True,国机精工,False
2017-11-01,49.021,49.144,48.714,48.775,18337.0,17438487.0,9.55,9.57,9.5,9.51,True,国机精工,False
2017-11-02,48.652,48.652,45.457,46.195,62489.0,56802501.0,9.49,9.49,8.97,9.09,True,国机精工,False
2017-11-03,46.256,46.318,44.044,44.904,29089.0,25831032.000000004,9.1,9.11,8.74,8.88,True,国机精工,False
2017-11-06,45.212,50.373,45.212,50.373,90435.0,88354995.0,8.93,9.77,8.93,9.77,True,国机精工,False
2017-11-07,51.724,52.339,49.635,50.68,91406.0,89760692.0,9.99,10.09,9.65,9.82,True,国机精工,False
2017-11-08,51.171,52.4,50.25,50.987,64395.0,63557864.99999999,9.9,10.1,9.75,9.87,True,国机精工,False
2017-11-09,50.987,51.663,49.82,51.294,37493.0,37193056.0,9.87,9.98,9.68,9.92,True,国机精工,False
2017-11-10,51.356,51.663,50.25,50.434,28496.0,27869088.0,9.93,9.98,9.75,9.78,True,国机精工,False
2017-11-13,50.495,50.68,49.574,49.697,32007.0,30918762.0,9.79,9.82,9.64,9.66,True,国机精工,False
2017-11-14,50.127,50.127,47.669,47.915,32384.0,30343808.0,9.73,9.73,9.33,9.37,True,国机精工,False
2017-11-15,47.792,48.529,47.116,48.038,16161.0,15175179.0,9.35,9.47,9.24,9.39,True,国机精工,False
2017-11-16,47.792,47.976,46.256,46.379,24774.0,22593888.0,9.35,9.38,9.1,9.12,True,国机精工,False
2017-11-17,46.44,47.178,44.413,45.15,32375.0,28878500.0,9.13,9.25,8.8,8.92,True,国机精工,False
2017-11-20,45.089,48.898,44.474,47.731,37546.0,35067964.0,8.91,9.53,8.81,9.34,True,国机精工,False
2017-11-21,47.608,49.635,46.686,48.099,32711.0,30748340.0,9.32,9.65,9.17,9.4,True,国机精工,False
2017-11-22,47.301,48.099,46.87,47.669,25017.0,23340861.0,9.27,9.4,9.2,9.33,True,国机精工,False
2017-11-23,47.362,47.362,45.15,45.212,22170.0,19797810.0,9.28,9.28,8.92,8.93,True,国机精工,False
2017-11-24,45.027,48.714,44.536,47.854,39723.0,37180728.0,8.9,9.5,8.82,9.36,True,国机精工,False
2017-11-27,47.362,50.065,47.178,47.731,30304.0,28303936.0,9.28,9.72,9.25,9.34,True,国机精工,False
2017-11-28,47.731,48.345,47.239,48.222,22387.0,21088554.0,9.34,9.44,9.26,9.42,True,国机精工,False
2017-11-29,48.284,49.574,47.792,48.714,30418.0,28897100.0,9.43,9.64,9.35,9.5,True,国机精工,False
2017-11-30,48.714,50.557,48.284,50.434,57186.0,55927908.0,9.5,9.8,9.43,9.78,True,国机精工,False
2017-12-01,49.942,50.188,49.205,49.881,29187.0,28282203.0,9.7,9.74,9.58,9.69,True,国机精工,False
2017-12-04,49.512,50.495,48.284,48.652,25811.0,24494639.0,9.63,9.79,9.43,9.49,True,国机精工,False
2017-12-05,48.652,49.451,46.01,46.379,28176.0,25696512.0,9.49,9.62,9.06,9.12,True,国机精工,False
2017-12-06,46.318,47.239,45.703,46.993,17449.0,16087978.000000002,9.11,9.26,9.01,9.22,True,国机精工,False
2017-12-07,46.993,49.021,46.993,47.792,20363.0,19039405.0,9.22,9.55,9.22,9.35,True,国机精工,False
2017-12-08,47.792,48.652,47.792,47.976,13602.0,12758676.000000002,9.35,9.49,9.35,9.38,True,国机精工,False
2017-12-11,47.976,48.345,47.178,48.161,13893.0,13073313.0,9.38,9.44,9.25,9.41,True,国机精工,False
2017-12-12,47.854,49.881,47.854,49.758,47670.0,46096890.0,9.36,9.69,9.36,9.67,True,国机精工,False
2017-12-13,49.021,50.188,48.837,49.697,24220.0,23396520.0,9.55,9.74,9.52,9.66,True,国机精工,False
2017-12-14,49.697,49.881,48.468,49.39,18502.0,17780422.0,9.66,9.69,9.46,9.61,True,国机精工,False
2017-12-15,49.021,50.741,48.959,50.618,43414.0,42589134.0,9.55,9.83,9.54,9.81,True,国机精工,False
2017-12-18,50.864,52.4,49.82,49.942,42545.0,41268650.0,9.85,10.1,9.68,9.7,True,国机精工,False
2017-12-19,49.697,50.373,49.205,50.004,20464.0,19870544.0,9.66,9.77,9.58,9.71,True,国机精工,False
2017-12-20,49.697,50.065,48.714,48.959,21087.0,20116998.0,9.66,9.72,9.5,9.54,True,国机精工,False
2017-12-21,48.775,49.512,48.468,49.267,12406.0,11897354.0,9.51,9.63,9.46,9.59,True,国机精工,False
2017-12-22,49.39,49.82,47.239,47.792,24756.0,23146860.0,9.61,9.68,9.26,9.35,True,国机精工,False
2017-12-25,47.546,48.222,47.485,47.546,13282.0,12365542.0,9.31,9.42,9.3,9.31,True,国机精工,False
2017-12-26,47.485,48.775,47.362,48.591,16183.0,15341484.0,9.3,9.51,9.28,9.48,True,国机精工,False
2017-12-27,48.591,48.837,47.608,47.976,11496.0,10783248.0,9.48,9.52,9.32,9.38,True,国机精工,False
2017-12-28,47.608,48.284,47.423,48.038,10874.0,10210686.0,9.32,9.43,9.29,9.39,True,国机精工,False
2017-12-29,48.038,48.345,46.809,47.546,19282.0,17951542.0,9.39,9.44,9.19,9.31,True,国机精工,False
2018-01-02,47.546,49.021,47.485,48.837,21979.0,20924008.0,9.31,9.55,9.3,9.52,True,国机精工,False
2018-01-03,49.021,49.942,48.714,49.021,21140.0,20188700.0,9.55,9.7,9.5,9.55,True,国机精工,False
2018-01-04,49.082,50.373,49.021,49.758,29127.0,28165809.0,9.56,9.77,9.55,9.67,True,国机精工,False
2018-01-05,49.635,49.635,48.837,49.328,18380.0,17644800.0,9.65,9.65,9.52,9.6,True,国机精工,False
2018-01-08,48.959,49.328,48.406,48.959,16978.0,16197011.999999998,9.54,9.6,9.45,9.54,True,国机精工,False
2018-01-09,49.267,50.25,49.021,50.065,28754.0,27948888.0,9.59,9.75,9.55,9.72,True,国机精工,False
2018-01-10,49.82,50.065,49.082,49.697,21350.0,20624100.0,9.68,9.72,9.56,9.66,True,国机精工,False
2018-01-11,49.758,50.434,49.328,50.373,22880.0,22353760.0,9.67,9.78,9.6,9.77,True,国机精工,False
2018-01-12,49.942,50.311,49.328,49.328,16797.0,16125120.0,9.7,9.76,9.6,9.6,True,国机精工,False
2018-01-15,49.328,49.328,47.362,47.362,21584.0,20029952.0,9.6,9.6,9.28,9.28,True,国机精工,False
2018-01-16,47.178,47.915,46.87,47.239,13445.0,12450070.0,9.25,9.37,9.2,9.26,True,国机精工,False
2018-01-17,47.239,47.608,46.01,46.87,13971.0,12853319.999999998,9.26,9.32,9.06,9.2,True,国机精工,False
2018-01-18,46.563,47.116,46.563,46.809,8924.0,8201156.0,9.15,9.24,9.15,9.19,True,国机精工,False
2018-01-19,47.178,47.423,46.686,46.748,11763.0,10798434.0,9.25,9.29,9.17,9.18,True,国机精工,False
2018-01-22,46.563,47.178,44.843,45.949,22606.0,20458430.0,9.15,9.25,8.87,9.05,True,国机精工,False
2018-01-23,46.072,46.072,45.273,45.519,15440.0,13865120.0,9.07,9.07,8.94,8.98,True,国机精工,False
2018-01-24,45.519,45.519,44.904,45.396,28972.0,25958912.000000004,8.98,8.98,8.88,8.96,True,国机精工,False
2018-01-25,45.519,46.44,45.519,46.01,23216.0,21033696.0,8.98,9.13,8.98,9.06,True,国机精工,False
2018-01-26,46.01,46.563,45.949,46.01,13433.0,12170298.0,9.06,9.15,9.05,9.06,True,国机精工,False
2018-01-29,46.072,46.993,45.887,46.133,19694.0,17882152.0,9.07,9.22,9.04,9.08,True,国机精工,False
2018-01-30,45.826,46.379,45.642,45.703,11827.0,10656127.0,9.03,9.12,9.0,9.01,True,国机精工,False
2018-01-31,45.703,45.703,44.351,44.474,18235.0,16065035.0,9.01,9.01,8.79,8.81,True,国机精工,False
2018-02-01,44.106,44.843,41.095,41.832,23115.0,19370370.0,8.75,8.87,8.26,8.38,True,国机精工,False
2018-02-02,41.341,41.341,39.313,40.542,16935.0,13835895.0,8.3,8.3,7.97,8.17,True,国机精工,False
2018-02-05,39.621,40.665,39.621,40.296,6995.0,5686935.000000001,8.02,8.19,8.02,8.13,True,国机精工,False
2018-02-06,39.559,40.419,35.32,35.504,21956.0,16137660.0,8.01,8.15,7.32,7.35,True,国机精工,False
2018-02-07,36.487,37.593,34.583,35.811,14820.0,10966800.0,7.51,7.69,7.2,7.4,True,国机精工,False
2018-02-08,35.934,37.347,35.443,37.102,11260.0,8568860.0,7.42,7.65,7.34,7.61,True,国机精工,False
2018-02-09,36.303,36.303,34.583,35.381,15703.0,11510299.0,7.48,7.48,7.2,7.33,True,国机精工,False
2018-02-12,35.627,37.102,35.627,36.917,12485.0,9463630.0,7.37,7.61,7.37,7.58,True,国机精工,False
2018-02-13,37.409,38.453,37.224,37.716,11892.0,9168732.0,7.66,7.83,7.63,7.71,True,国机精工,False
2018-02-14,37.47,38.023,37.347,37.532,5176.0,3975168.0,7.67,7.76,7.65,7.68,True,国机精工,False
2018-02-22,38.515,38.515,37.532,38.023,7297.0,5662472.0,7.84,7.84,7.68,7.76,True,国机精工,False
2018-02-23,38.023,41.894,37.716,39.928,18969.0,15307983.0,7.76,8.39,7.71,8.07,True,国机精工,False
2018-02-26,39.928,41.771,39.928,40.972,14460.0,11915040.0,8.07,8.37,8.07,8.24,True,国机精工,False
2018-02-27,41.095,41.095,40.112,40.358,10930.0,8897020.0,8.26,8.26,8.1,8.14,True,国机精工,False
2018-02-28,40.051,40.665,39.313,40.112,12606.0,10210860.0,8.09,8.19,7.97,8.1,True,国机精工,False
2018-03-01,39.559,40.604,39.498,40.235,11992.0,9737503.999999998,8.01,8.18,8.0,8.12,True,国机精工,False
2018-03-02,39.805,40.604,39.805,39.928,7994.0,6451158.0,8.05,8.18,8.05,8.07,True,国机精工,False
2018-03-05,40.358,40.727,39.989,40.481,9343.0,7623888.0,8.14,8.2,8.08,8.16,True,国机精工,False
2018-03-06,40.419,41.464,40.296,41.095,14012.0,11573912.0,8.15,8.32,8.13,8.26,True,国机精工,False
2018-03-07,40.849,41.034,39.866,40.542,10458.0,8544186.0,8.22,8.25,8.06,8.17,True,国机精工,False
2018-03-08,39.989,40.481,39.498,39.682,15560.0,12494679.999999998,8.08,8.16,8.0,8.03,True,国机精工,False
2018-03-09,39.621,40.727,39.559,40.727,19659.0,16120379.999999998,8.02,8.2,8.01,8.2,True,国机精工,False
2018-03-12,41.71,41.71,40.727,41.341,21970.0,18235100.0,8.36,8.36,8.2,8.3,True,国机精工,False
2018-03-13,41.157,42.017,41.034,41.341,17195.0,14271850.000000002,8.27,8.41,8.25,8.3,True,国机精工,False
2018-03-14,41.279,41.279,40.112,40.174,16509.0,13388798.999999998,8.29,8.29,8.1,8.11,True,国机精工,False
2018-03-15,40.296,42.877,40.112,42.14,41573.0,35046039.0,8.13,8.55,8.1,8.43,True,国机精工,False
2018-03-16,41.771,43.43,41.279,42.263,30455.0,25734475.0,8.37,8.64,8.29,8.45,True,国机精工,False
2018-03-19,42.263,42.693,41.279,41.771,16340.0,13676579.999999998,8.45,8.52,8.29,8.37,True,国机精工,False
2018-03-20,41.464,46.932,41.095,46.932,76158.0,70141518.0,8.32,9.21,8.26,9.21,True,国机精工,False
2018-03-21,48.038,52.584,47.178,48.837,200253.0,190640856.0,9.39,10.13,9.25,9.52,True,国机精工,False
2018-03-22,47.178,48.591,45.949,47.178,103520.0,95756000.0,9.25,9.48,9.05,9.25,True,国机精工,False
2018-03-23,44.536,45.58,41.587,42.263,95672.0,80842840.0,8.82,8.99,8.34,8.45,True,国机精工,False
2018-03-26,40.727,42.447,38.945,42.447,53675.0,45516400.0,8.2,8.48,7.91,8.48,True,国机精工,False
2018-03-27,43.246,44.536,42.693,43.43,53147.0,45919008.0,8.61,8.82,8.52,8.64,True,国机精工,False
2018-03-28,42.57,45.519,42.263,43.43,43902.0,37931328.0,8.5,8.98,8.45,8.64,True,国机精工,False
2018-03-29,43.43,44.843,43.43,43.799,30598.0,26620260.0,8.64,8.87,8.64,8.7,True,国机精工,False
2018-03-30,44.167,44.597,43.184,44.536,33909.0,29907738.0,8.76,8.83,8.6,8.82,True,国机精工,False
2018-04-02,44.659,45.519,44.167,44.536,38020.0,33533640.0,8.84,8.98,8.76,8.82,True,国机精工,False
2018-04-03,43.676,43.799,42.508,43.307,28601.0,24654062.0,8.68,8.7,8.49,8.62,True,国机精工,False
2018-04-04,43.307,44.229,43.184,43.43,24272.0,20971008.0,8.62,8.77,8.6,8.64,True,国机精工,False
2018-04-09,43.184,43.184,41.832,42.631,28297.0,24080747.0,8.6,8.6,8.38,8.51,True,国机精工,False
2018-04-10,42.693,42.877,41.157,42.017,24082.0,20252962.0,8.52,8.55,8.27,8.41,True,国机精工,False
2018-04-11,42.017,42.385,41.587,42.324,16296.0,13786416.000000002,8.41,8.47,8.34,8.46,True,国机精工,False
2018-04-12,42.14,42.877,41.648,41.71,15746.0,13163656.0,8.43,8.55,8.35,8.36,True,国机精工,False
2018-04-13,41.771,42.324,41.525,41.587,11201.0,9341634.0,8.37,8.46,8.33,8.34,True,国机精工,False
2018-04-16,41.341,42.324,40.788,41.402,11692.0,9716052.0,8.3,8.46,8.21,8.31,True,国机精工,False
2018-04-17,41.525,44.167,41.341,42.263,58153.0,49139284.99999999,8.33,8.76,8.3,8.45,True,国机精工,False
2018-04-18,42.017,42.57,39.498,41.464,35812.0,29795584.0,8.41,8.5,8.0,8.32,True,国机精工,False
2018-04-19,41.095,42.078,40.788,41.525,23985.0,19979505.0,8.26,8.42,8.21,8.33,True,国机精工,False
2018-04-20,41.402,42.14,40.972,41.095,20260.0,16734760.0,8.31,8.43,8.24,8.26,True,国机精工,False
2018-04-23,40.112,41.648,40.112,40.542,18415.0,15045055.0,8.1,8.35,8.1,8.17,True,国机精工,False
2018-04-24,40.604,42.201,40.296,41.832,21024.0,17618112.0,8.18,8.44,8.13,8.38,True,国机精工,False
2018-04-25,41.832,42.877,41.279,42.447,31081.0,26356688.0,8.38,8.55,8.29,8.48,True,国机精工,False
2018-04-26,42.263,42.447,40.604,40.788,20201.0,16585021.000000002,8.45,8.48,8.18,8.21,True,国机精工,False
2018-04-27,40.911,41.341,40.419,40.911,11409.0,9389607.0,8.23,8.3,8.15,8.23,True,国机精工,False
2018-05-02,41.894,41.894,40.665,40.849,9936.0,8167392.000000001,8.39,8.39,8.19,8.22,True,国机精工,False
2018-05-03,40.849,41.157,39.928,41.095,12225.0,10097850.0,8.22,8.27,8.07,8.26,True,国机精工,False
2018-05-04,41.034,41.095,40.235,40.419,10919.0,8898985.0,8.25,8.26,8.12,8.15,True,国机精工,False
2018-05-07,40.174,40.972,40.174,40.849,11312.0,9298464.0,8.11,8.24,8.11,8.22,True,国机精工,False
2018-05-08,40.849,43.676,40.788,42.57,45032.0,38277200.0,8.22,8.68,8.21,8.5,True,国机精工,False
2018-05-09,42.447,42.447,41.771,42.324,21265.0,17990190.0,8.48,8.48,8.37,8.46,True,国机精工,False
2018-05-10,42.324,43.553,42.263,42.631,27703.0,23575253.0,8.46,8.66,8.45,8.51,True,国机精工,False
2018-05-11,42.754,43.0,42.078,42.324,16411.0,13883706.000000002,8.53,8.57,8.42,8.46,True,国机精工,False
2018-05-14,42.57,42.57,41.648,41.771,15150.0,12680549.999999998,8.5,8.5,8.35,8.37,True,国机精工,False
2018-05-15,41.771,42.324,41.525,42.263,10659.0,9006855.0,8.37,8.46,8.33,8.45,True,国机精工,False
2018-05-16,42.324,42.508,42.017,42.017,15187.0,12772267.0,8.46,8.49,8.41,8.41,True,国机精工,False
2018-05-17,41.955,42.385,41.341,41.771,10910.0,9131670.0,8.4,8.47,8.3,8.37,True,国机精工,False
2018-05-18,41.464,42.263,41.341,41.894,10313.0,8652607.0,8.32,8.45,8.3,8.39,True,国机精工,False
2018-05-21,41.894,42.877,41.587,42.815,25749.0,21989646.0,8.39,8.55,8.34,8.54,True,国机精工,False
2018-05-22,42.877,42.877,42.263,42.631,17470.0,14866970.0,8.55,8.55,8.45,8.51,True,国机精工,False
2018-05-23,42.57,42.631,41.894,41.955,15495.0,13015800.0,8.5,8.51,8.39,8.4,True,国机精工,False
2018-05-24,41.832,42.201,40.358,40.849,22534.0,18522948.0,8.38,8.44,8.14,8.22,True,国机精工,False
2018-05-25,40.849,40.911,40.358,40.419,14102.0,11493130.0,8.22,8.23,8.14,8.15,True,国机精工,False
2018-05-28,40.174,40.665,39.928,40.296,11269.0,9161697.0,8.11,8.19,8.07,8.13,True,国机精工,False
2018-05-29,40.296,40.542,39.989,40.112,8654.0,7009740.0,8.13,8.17,8.08,8.1,True,国机精工,False
2018-05-30,39.682,39.682,35.381,36.671,20947.0,15794038.0,8.03,8.03,7.33,7.54,True,国机精工,False
2018-05-31,37.163,37.9,36.549,37.9,23749.0,18381726.0,7.62,7.74,7.52,7.74,True,国机精工,False
2018-06-01,37.532,39.805,37.532,38.576,27561.0,21635385.0,7.68,8.05,7.68,7.85,True,国机精工,False
2018-06-04,38.392,38.392,37.347,37.593,13866.0,10662954.0,7.82,7.82,7.65,7.69,True,国机精工,False
2018-06-05,37.347,38.023,37.347,37.962,8333.0,6458075.0,7.65,7.76,7.65,7.75,True,国机精工,False
2018-06-06,37.962,38.207,37.593,37.716,8648.0,6667608.0,7.75,7.79,7.69,7.71,True,国机精工,False
2018-06-07,37.962,38.146,37.04,37.04,7309.0,5554840.0,7.75,7.78,7.6,7.6,True,国机精工,False
2018-06-08,37.04,37.102,35.996,35.996,12405.0,9216915.0,7.6,7.61,7.43,7.43,True,国机精工,False
2018-06-11,35.811,36.733,35.504,36.18,6992.0,5216032.0,7.4,7.55,7.35,7.46,True,国机精工,False
2018-06-12,37.04,38.269,36.364,37.962,16290.0,12624750.0,7.6,7.8,7.49,7.75,True,国机精工,False
2018-06-13,37.655,39.498,37.655,38.76,23512.0,18527456.0,7.7,8.0,7.7,7.88,True,国机精工,False
2018-06-14,39.006,39.498,37.716,39.129,15422.0,12245068.0,7.92,8.0,7.71,7.94,True,国机精工,False
2018-06-15,39.436,39.559,37.224,38.576,15340.0,12041900.0,7.99,8.01,7.63,7.85,True,国机精工,False
2018-06-19,37.655,37.655,33.784,33.784,24586.0,17382302.0,7.7,7.7,7.07,7.07,True,国机精工,False
2018-06-20,33.722,34.767,32.924,33.477,19447.0,13651794.0,7.06,7.23,6.93,7.02,True,国机精工,False
2018-06-21,33.661,34.03,30.958,30.958,17052.0,11271372.0,7.05,7.11,6.61,6.61,True,国机精工,False
2018-06-22,30.958,31.572,30.22,31.388,14631.0,9758877.0,6.6,6.7,6.48,6.67,True,国机精工,False
2018-06-25,31.388,32.616,31.326,31.326,11374.0,7575084.0,6.67,6.87,6.66,6.66,True,国机精工,False
2018-06-26,31.019,31.941,29.79,31.695,9174.0,6164928.0,6.61,6.76,6.41,6.72,True,国机精工,False
2018-06-27,31.695,32.494,31.265,31.511,10174.0,6806406.0,6.72,6.85,6.65,6.69,True,国机精工,False
2018-06-28,31.388,31.941,30.773,30.958,7225.0,4768500.0,6.67,6.76,6.57,6.6,True,国机精工,False
2018-06-29,30.896,32.248,30.896,32.002,10361.0,7014397.0,6.59,6.81,6.59,6.77,True,国机精工,False
2018-07-02,31.756,32.494,31.142,31.265,10253.0,6818245.0,6.73,6.85,6.63,6.65,True,国机精工,False
2018-07-03,31.142,32.494,31.142,32.432,15423.0,10549332.0,6.63,6.85,6.63,6.84,True,国机精工,False
2018-07-04,32.371,32.555,31.633,31.941,9221.0,6233396.0,6.83,6.86,6.71,6.76,True,国机精工,False
2018-07-05,31.572,32.002,30.036,30.036,10186.0,6569970.0,6.7,6.77,6.45,6.45,True,国机精工,False
2018-07-06,30.22,30.958,29.483,30.466,11164.0,7278927.999999999,6.48,6.6,6.36,6.52,True,国机精工,False
2018-07-09,30.589,32.002,30.589,31.633,10830.0,7266930.0,6.54,6.77,6.54,6.71,True,国机精工,False
2018-07-10,31.633,31.941,31.388,31.879,9936.0,6706800.0,6.71,6.76,6.67,6.75,True,国机精工,False
2018-07-11,31.326,31.326,29.852,30.896,12292.0,8100428.0,6.66,6.66,6.42,6.59,True,国机精工,False
2018-07-12,30.65,31.941,30.343,31.756,15537.0,10456401.0,6.55,6.76,6.5,6.73,True,国机精工,False
2018-07-13,31.572,32.125,31.388,31.818,10499.0,7076326.0,6.7,6.79,6.67,6.74,True,国机精工,False
2018-07-16,32.125,34.89,32.125,33.415,26283.0,18398100.0,6.79,7.24,6.79,7.0,True,国机精工,False
2018-07-17,33.415,33.415,32.371,32.862,14269.0,9859879.0,7.0,7.0,6.83,6.91,True,国机精工,False
2018-07-18,32.739,33.231,32.616,32.739,13683.0,9427587.0,6.89,6.97,6.87,6.89,True,国机精工,False
2018-07-19,32.616,32.985,32.248,32.616,9970.0,6849390.0,6.87,6.93,6.81,6.87,True,国机精工,False
2018-07-20,31.879,33.047,31.879,32.862,11967.0,8269197.0,6.75,6.94,6.75,6.91,True,国机精工,False
2018-07-23,32.801,33.968,32.616,33.415,15053.0,10537100.0,6.9,7.09,6.87,7.0,True,国机精工,False
2018-07-24,33.415,34.46,33.231,34.214,20567.0,14664271.0,7.0,7.17,6.97,7.13,True,国机精工,False
2018-07-25,34.214,34.46,33.722,34.275,17773.0,12689922.0,7.13,7.17,7.05,7.14,True,国机精工,False
2018-07-26,35.996,38.146,34.767,35.135,41266.0,30041648.0,7.42,7.77,7.22,7.28,True,国机精工,False
2018-07-27,34.398,39.621,34.398,38.207,101478.0,78949884.0,7.16,8.01,7.16,7.78,True,国机精工,False
2018-07-30,36.794,41.464,36.549,38.822,95444.0,75209872.0,7.55,8.31,7.51,7.88,True,国机精工,False
2018-07-31,38.207,38.576,36.61,37.47,50003.0,38302298.0,7.78,7.84,7.52,7.66,True,国机精工,False
2018-08-01,37.163,37.716,36.364,36.979,33571.0,25446818.0,7.61,7.7,7.48,7.58,True,国机精工,False
2018-08-02,36.856,36.856,33.477,35.258,35095.0,25619350.0,7.56,7.56,7.01,7.3,True,国机精工,False
2018-08-03,35.197,35.197,34.337,34.337,17262.0,12342330.0,7.29,7.29,7.15,7.15,True,国机精工,False
2018-08-06,34.214,34.214,32.248,32.616,23257.0,15977559.0,7.13,7.13,6.81,6.87,True,国机精工,False
2018-08-07,32.678,35.627,32.555,34.951,33301.0,24143225.0,6.88,7.36,6.86,7.25,True,国机精工,False
2018-08-08,35.135,37.347,34.275,35.996,35958.0,26680836.0,7.28,7.64,7.14,7.42,True,国机精工,False
2018-08-09,35.873,36.61,34.89,36.119,24319.0,18093336.0,7.4,7.52,7.24,7.44,True,国机精工,False
2018-08-10,35.75,36.303,35.258,35.934,17063.0,12643683.0,7.38,7.47,7.3,7.41,True,国机精工,False
2018-08-13,34.767,35.873,34.705,35.504,12142.0,8912228.0,7.22,7.4,7.21,7.34,True,国机精工,False
2018-08-14,35.258,37.532,35.197,37.163,33170.0,25242370.0,7.3,7.67,7.29,7.61,True,国机精工,False
2018-08-15,36.794,37.409,35.504,36.119,18499.0,13763256.0,7.55,7.65,7.34,7.44,True,国机精工,False
2018-08-16,35.627,36.364,34.89,35.688,14456.0,10654072.0,7.36,7.48,7.24,7.37,True,国机精工,False
2018-08-17,36.303,36.979,34.644,34.828,14203.0,10268769.0,7.47,7.58,7.2,7.23,True,国机精工,False
2018-08-20,35.013,35.135,33.599,34.521,13125.0,9423750.0,7.26,7.28,7.03,7.18,True,国机精工,False
2018-08-21,34.705,35.013,34.275,34.644,11656.0,8392320.0,7.21,7.26,7.14,7.2,True,国机精工,False
2018-08-22,34.705,34.705,33.722,33.784,9450.0,6671700.0,7.21,7.21,7.05,7.06,True,国机精工,False
2018-08-23,34.03,34.644,33.415,34.337,17559.0,12554685.0,7.1,7.2,7.0,7.15,True,国机精工,False
2018-08-24,34.275,34.644,33.599,33.784,11018.0,7778708.0,7.14,7.2,7.03,7.06,True,国机精工,False
2018-08-27,33.784,35.074,33.784,34.89,19876.0,14390224.0,7.06,7.27,7.06,7.24,True,国机精工,False
2018-08-28,35.074,35.135,34.275,34.46,11316.0,8113572.0,7.27,7.28,7.14,7.17,True,国机精工,False
2018-08-29,34.583,34.583,33.968,33.968,10595.0,7511855.0,7.19,7.19,7.09,7.09,True,国机精工,False
2018-08-30,34.214,34.214,33.108,33.169,14873.0,10351608.0,7.13,7.13,6.95,6.96,True,国机精工,False
2018-08-31,33.661,33.661,32.739,32.801,9504.0,6557760.0,7.04,7.04,6.89,6.9,True,国机精工,False
2018-09-03,32.616,32.985,31.941,32.739,9050.0,6235450.0,6.87,6.93,6.76,6.89,True,国机精工,False
2018-09-04,32.678,33.599,32.678,33.354,11821.0,8262879.0,6.88,7.03,6.88,6.99,True,国机精工,False
2018-09-05,33.047,33.722,32.801,32.985,9314.0,6454602.0,6.94,7.05,6.9,6.93,True,国机精工,False
2018-09-06,33.292,33.415,32.309,32.432,8554.0,5850936.0,6.98,7.0,6.82,6.84,True,国机精工,False
2018-09-07,32.616,32.985,32.125,32.309,10088.0,6880016.0,6.87,6.93,6.79,6.82,True,国机精工,False
2018-09-10,32.063,32.555,30.65,30.958,10747.0,7093020.0,6.78,6.86,6.55,6.6,True,国机精工,False
2018-09-11,31.142,31.756,30.896,31.511,10084.0,6746196.0,6.63,6.73,6.59,6.69,True,国机精工,False
2018-09-12,31.695,31.879,31.326,31.695,5861.0,3938592.0,6.72,6.75,6.66,6.72,True,国机精工,False
2018-09-13,32.186,32.555,31.572,32.309,14480.0,9875360.0,6.8,6.86,6.7,6.82,True,国机精工,False
2018-09-14,32.494,33.108,32.002,32.309,13780.0,9397960.0,6.85,6.95,6.77,6.82,True,国机精工,False
2018-09-17,31.879,32.432,31.326,31.388,8823.0,5884941.0,6.75,6.84,6.66,6.67,True,国机精工,False
2018-09-18,31.756,32.432,31.572,32.371,10849.0,7409867.0,6.73,6.84,6.7,6.83,True,国机精工,False
2018-09-19,32.371,32.985,32.309,32.555,12715.0,8722490.0,6.83,6.93,6.82,6.86,True,国机精工,False
2018-09-20,32.616,32.678,32.002,32.063,10210.0,6922380.0,6.87,6.88,6.77,6.78,True,国机精工,False
2018-09-21,32.063,33.169,32.002,32.862,16864.0,11653024.0,6.78,6.96,6.77,6.91,True,国机精工,False
2018-09-25,32.494,32.862,32.186,32.371,10594.0,7235702.0,6.85,6.91,6.8,6.83,True,国机精工,False
2018-09-26,32.248,32.801,32.248,32.616,7721.0,5304327.0,6.81,6.9,6.81,6.87,True,国机精工,False
2018-09-27,32.494,32.862,31.511,31.633,13150.0,8823650.0,6.85,6.91,6.69,6.71,True,国机精工,False
2018-09-28,31.879,32.125,31.572,31.756,9773.0,6577229.0,6.75,6.79,6.7,6.73,True,国机精工,False
2018-10-08,31.203,31.388,30.405,30.466,11025.0,7188299.999999999,6.64,6.67,6.51,6.52,True,国机精工,False
2018-10-09,30.835,30.958,30.22,30.343,8827.0,5737550.0,6.58,6.6,6.48,6.5,True,国机精工,False
2018-10-10,30.343,30.835,30.036,30.589,5531.0,3617274.0,6.5,6.58,6.45,6.54,True,国机精工,False
2018-10-11,29.975,29.975,26.595,26.718,21551.0,12736641.0,6.44,6.44,5.89,5.91,True,国机精工,False
2018-10-12,26.657,27.64,24.445,27.087,16146.0,9639162.0,5.9,6.06,5.54,5.97,True,国机精工,False
2018-10-15,27.394,27.886,26.718,26.78,8690.0,5144480.0,6.02,6.1,5.91,5.92,True,国机精工,False
2018-10-16,26.35,27.64,25.612,26.042,11858.0,6877640.0,5.85,6.06,5.73,5.8,True,国机精工,False
2018-10-17,26.657,27.148,25.797,26.534,16661.0,9796668.0,5.9,5.98,5.76,5.88,True,国机精工,False
2018-10-18,26.165,26.227,25.121,25.244,8954.0,5076918.0,5.82,5.83,5.65,5.67,True,国机精工,False
2018-10-19,25.182,25.919,24.383,25.858,11134.0,6424317.999999999,5.66,5.78,5.53,5.77,True,国机精工,False
2018-10-22,25.858,28.07,25.858,27.394,19616.0,11808832.0,5.77,6.13,5.77,6.02,True,国机精工,False
2018-10-23,27.455,27.763,24.814,26.534,17748.0,10435824.0,6.03,6.08,5.6,5.88,True,国机精工,False
2018-10-24,26.288,28.746,26.042,27.886,25607.0,15620270.0,5.84,6.24,5.8,6.1,True,国机精工,False
2018-10-25,26.534,27.947,26.534,27.701,16564.0,10054348.0,5.88,6.11,5.88,6.07,True,国机精工,False
2018-10-26,27.701,28.07,27.333,27.578,14835.0,8975175.0,6.07,6.13,6.01,6.05,True,国机精工,False
2018-10-29,27.271,27.455,26.288,26.472,11320.0,6644840.0,6.0,6.03,5.84,5.87,True,国机精工,False
2018-10-30,25.919,27.21,25.858,26.964,10583.0,6296885.0,5.78,5.99,5.77,5.95,True,国机精工,False
2018-10-31,26.964,27.517,26.964,27.271,13074.0,7844400.0,5.95,6.04,5.95,6.0,True,国机精工,False
2018-11-01,27.394,28.131,27.394,27.455,18260.0,11010780.0,6.02,6.14,6.02,6.03,True,国机精工,False
2018-11-02,27.763,28.377,27.763,28.316,19737.0,12177729.0,6.08,6.18,6.08,6.17,True,国机精工,False
2018-11-05,28.07,28.93,27.763,28.5,15953.0,9890860.0,6.13,6.27,6.08,6.2,True,国机精工,False
2018-11-06,28.5,28.5,27.578,28.316,17878.0,11030726.0,6.2,6.2,6.05,6.17,True,国机精工,False
2018-11-07,28.008,28.746,27.947,28.008,16062.0,9829944.0,6.12,6.24,6.11,6.12,True,国机精工,False
2018-11-08,28.316,28.807,28.131,28.193,12115.0,7450725.0,6.17,6.25,6.14,6.15,True,国机精工,False
2018-11-09,28.131,28.439,27.886,28.193,7406.0,4554690.0,6.14,6.19,6.1,6.15,True,国机精工,False
2018-11-12,28.439,29.176,28.193,29.053,18815.0,11834635.0,6.19,6.31,6.15,6.29,True,国机精工,False
2018-11-13,28.807,30.343,28.623,29.913,22738.0,14620534.0,6.25,6.5,6.22,6.43,True,国机精工,False
2018-11-14,29.606,30.282,29.36,29.483,20907.0,13296852.0,6.38,6.49,6.34,6.36,True,国机精工,False
2018-11-15,29.544,30.527,29.483,30.282,23738.0,15405962.0,6.37,6.53,6.36,6.49,True,国机精工,False
2018-11-16,30.282,31.265,30.159,30.589,28147.0,18408138.0,6.49,6.65,6.47,6.54,True,国机精工,False
2018-11-19,30.589,31.756,30.466,31.449,30427.0,20325236.0,6.54,6.73,6.52,6.68,True,国机精工,False
2018-11-20,31.265,31.388,29.483,29.606,26266.0,16757708.0,6.65,6.67,6.36,6.38,True,国机精工,False
2018-11-21,29.237,30.589,29.237,30.22,20651.0,13381848.0,6.32,6.54,6.32,6.48,True,国机精工,False
2018-11-22,30.159,30.835,30.097,30.527,15104.0,9862912.0,6.47,6.58,6.46,6.53,True,国机精工,False
2018-11-23,30.589,31.08,28.807,29.114,25049.0,15780870.0,6.54,6.62,6.25,6.3,True,国机精工,False
2018-11-26,29.114,29.975,27.271,29.729,15471.0,9901440.0,6.3,6.44,6.0,6.4,True,国机精工,False
2018-11-27,29.852,29.913,29.237,29.606,12519.0,7987122.0,6.42,6.43,6.32,6.38,True,国机精工,False
2018-11-28,29.483,30.159,28.684,30.159,12866.0,8324302.0,6.36,6.47,6.23,6.47,True,国机精工,False
2018-11-29,30.405,30.589,28.807,28.869,16519.0,10340894.0,6.51,6.54,6.25,6.26,True,国机精工,False
2018-11-30,29.114,29.36,27.886,28.93,14328.0,8983656.0,6.3,6.34,6.1,6.27,True,国机精工,False
2018-12-03,29.422,32.801,29.422,32.801,33654.0,23221260.0,6.35,6.9,6.35,6.9,True,国机精工,False
2018-12-04,34.152,35.443,33.231,33.538,122105.0,85717710.0,7.12,7.33,6.97,7.02,True,国机精工,False
2018-12-05,32.862,33.599,31.879,32.432,66854.0,45728136.0,6.91,7.03,6.75,6.84,True,国机精工,False
2018-12-06,32.371,34.521,32.002,32.801,75437.0,52051530.0,6.83,7.18,6.77,6.9,True,国机精工,False
2018-12-07,32.924,37.04,31.879,37.04,138625.0,105216375.0,6.92,7.59,6.75,7.59,True,国机精工,False
2018-12-10,35.566,35.873,32.985,33.784,144217.0,101817202.0,7.35,7.4,6.93,7.06,True,国机精工,False
2018-12-11,33.845,34.583,32.862,34.337,69213.0,49487295.0,7.07,7.19,6.91,7.15,True,国机精工,False
2018-12-12,33.784,34.521,33.599,33.784,50900.0,35935400.0,7.06,7.18,7.03,7.06,True,国机精工,False
2018-12-13,34.214,36.18,33.415,35.627,108101.0,79562336.0,7.13,7.45,7.0,7.36,True,国机精工,False
2018-12-14,34.644,35.258,32.678,33.108,63702.0,44272890.0,7.2,7.3,6.88,6.95,True,国机精工,False
2018-12-17,32.371,33.477,32.063,33.292,31808.0,22201984.0,6.83,7.01,6.78,6.98,True,国机精工,False
2018-12-18,33.108,33.231,31.265,32.063,30705.0,20817990.0,6.95,6.97,6.65,6.78,True,国机精工,False
2018-12-19,32.063,32.494,30.527,30.712,30329.0,19895824.0,6.78,6.85,6.53,6.56,True,国机精工,False
2018-12-20,30.589,31.203,30.282,31.019,19684.0,13011124.0,6.54,6.64,6.49,6.61,True,国机精工,False
2018-12-21,30.773,31.08,30.036,30.589,20808.0,13608432.0,6.57,6.62,6.45,6.54,True,国机精工,False
2018-12-24,30.527,31.449,30.097,31.08,17225.0,11402950.0,6.53,6.68,6.46,6.62,True,国机精工,False
2018-12-25,30.958,30.958,28.684,29.913,26606.0,17107658.0,6.6,6.6,6.23,6.43,True,国机精工,False
2018-12-26,30.036,30.589,29.544,29.729,21441.0,13722240.0,6.45,6.54,6.37,6.4,True,国机精工,False
2018-12-27,30.282,30.65,28.807,28.93,18142.0,11375034.0,6.49,6.55,6.25,6.27,True,国机精工,False
2018-12-28,28.93,30.343,28.93,29.422,19273.0,12238355.0,6.27,6.5,6.27,6.35,True,国机精工,False
2019-01-02,29.422,30.282,29.422,29.975,19331.0,12449164.0,6.35,6.49,6.35,6.44,True,国机精工,False
2019-01-03,29.729,33.169,29.729,31.633,64067.0,42988957.0,6.4,6.96,6.4,6.71,True,国机精工,False
2019-01-04,30.343,32.985,30.159,32.432,65065.0,44504460.0,6.5,6.93,6.47,6.84,True,国机精工,False
2019-01-07,32.494,34.521,31.879,33.722,61220.0,43160100.0,6.85,7.18,6.75,7.05,True,国机精工,False
2019-01-08,33.354,33.845,32.678,33.292,42351.0,29560998.0,6.99,7.07,6.88,6.98,True,国机精工,False
2019-01-09,33.169,33.784,32.494,32.616,41594.0,28575078.0,6.96,7.06,6.85,6.87,True,国机精工,False
2019-01-10,32.555,33.538,32.432,32.678,32554.0,22397152.0,6.86,7.02,6.84,6.88,True,国机精工,False
2019-01-11,32.678,33.108,32.186,32.924,26437.0,18294404.0,6.88,6.95,6.8,6.92,True,国机精工,False
2019-01-14,33.108,33.169,31.879,32.063,26419.0,17912082.0,6.95,6.96,6.75,6.78,True,国机精工,False
2019-01-15,32.248,34.767,32.248,34.398,72407.0,51843412.0,6.81,7.22,6.81,7.16,True,国机精工,False
2019-01-16,33.784,34.091,33.108,33.169,47589.0,33121944.0,7.06,7.11,6.95,6.96,True,国机精工,False
2019-01-17,33.047,33.108,31.572,31.695,38077.0,25587744.0,6.94,6.95,6.7,6.72,True,国机精工,False
2019-01-18,31.818,32.309,31.572,32.125,22869.0,15528051.0,6.74,6.82,6.7,6.79,True,国机精工,False
2019-01-21,32.125,32.432,31.572,32.432,19820.0,13556880.0,6.79,6.84,6.7,6.84,True,国机精工,False
2019-01-22,32.494,32.739,30.958,31.203,25273.0,16781272.0,6.85,6.89,6.6,6.64,True,国机精工,False
2019-01-23,31.08,32.125,30.958,31.818,13954.0,9404996.0,6.62,6.79,6.6,6.74,True,国机精工,False
2019-01-24,31.695,32.739,31.572,32.002,16723.0,11321471.0,6.72,6.89,6.7,6.77,True,国机精工,False
2019-01-25,32.186,32.186,31.511,31.511,15364.0,10278516.0,6.8,6.8,6.69,6.69,True,国机精工,False
2019-01-28,31.879,32.186,30.65,30.896,16674.0,10988166.0,6.75,6.8,6.55,6.59,True,国机精工,False
2019-01-29,30.835,31.142,29.483,30.036,16430.0,10597350.0,6.58,6.63,6.36,6.45,True,国机精工,False
2019-01-30,30.282,30.343,29.667,29.975,8554.0,5508776.0,6.49,6.5,6.39,6.44,True,国机精工,False
2019-01-31,29.975,30.036,29.114,29.114,14494.0,9131220.0,6.44,6.45,6.3,6.3,True,国机精工,False
2019-02-01,29.852,30.343,29.36,30.282,10005.0,6493245.0,6.42,6.5,6.34,6.49,True,国机精工,False
2019-02-11,30.343,31.265,29.852,31.142,14860.0,9852180.0,6.5,6.65,6.42,6.63,True,国机精工,False
2019-02-12,30.773,31.879,30.773,31.511,17360.0,11613840.0,6.57,6.75,6.57,6.69,True,国机精工,False
2019-02-13,31.511,32.494,31.142,32.371,28966.0,19783778.0,6.69,6.85,6.63,6.83,True,国机精工,False
2019-02-14,32.309,32.678,31.756,32.432,21900.0,14979600.0,6.82,6.88,6.73,6.84,True,国机精工,False
2019-02-15,32.494,32.801,32.125,32.125,21904.0,14872816.0,6.85,6.9,6.79,6.79,True,国机精工,False
2019-02-18,32.248,33.538,32.248,33.477,32912.0,23071312.0,6.81,7.02,6.81,7.01,True,国机精工,False
2019-02-19,33.477,33.845,32.555,33.231,34561.0,24089017.0,7.01,7.07,6.86,6.97,True,国机精工,False
2019-02-20,33.292,34.398,32.862,34.091,52120.0,37057320.0,6.98,7.16,6.91,7.11,True,国机精工,False
2019-02-21,33.907,35.873,33.661,34.152,71909.0,51199208.0,7.08,7.4,7.04,7.12,True,国机精工,False
2019-02-22,34.152,34.583,33.538,34.398,45744.0,32752704.0,7.12,7.19,7.02,7.16,True,国机精工,False
2019-02-25,34.583,36.241,34.583,36.057,64574.0,47978482.0,7.19,7.46,7.19,7.43,True,国机精工,False
2019-02-26,35.996,37.532,35.013,36.18,70451.0,52485995.0,7.42,7.67,7.26,7.45,True,国机精工,False
2019-02-27,36.057,38.392,36.057,37.163,77323.0,58842803.0,7.43,7.81,7.43,7.61,True,国机精工,False
2019-02-28,36.487,38.023,36.119,36.549,44676.0,33551676.0,7.5,7.75,7.44,7.51,True,国机精工,False
2019-03-01,36.549,36.979,35.873,36.364,43282.0,32374936.0,7.51,7.58,7.4,7.48,True,国机精工,False
2019-03-04,36.61,37.9,36.487,36.733,49944.0,37657776.0,7.52,7.73,7.5,7.54,True,国机精工,False
2019-03-05,36.794,41.341,36.303,41.341,144599.0,119872571.0,7.55,8.29,7.47,8.29,True,国机精工,False
2019-03-06,42.631,46.44,42.017,44.413,254598.0,223791642.0,8.5,9.12,8.4,8.79,True,国机精工,False
2019-03-07,43.553,43.553,39.006,43.0,164593.0,140891608.0,8.65,8.65,7.91,8.56,True,国机精工,False
2019-03-08,41.648,42.14,39.682,39.682,98203.0,78758806.0,8.34,8.42,8.02,8.02,True,国机精工,False
2019-03-11,39.805,42.078,39.805,41.71,71993.0,60114155.0,8.04,8.41,8.04,8.35,True,国机精工,False
2019-03-12,41.771,43.614,41.771,42.693,93232.0,79340432.0,8.36,8.66,8.36,8.51,True,国机精工,False
2019-03-13,42.693,43.491,41.279,42.385,65647.0,55537362.00000001,8.51,8.64,8.28,8.46,True,国机精工,False
2019-03-14,41.402,42.815,39.682,40.296,49259.0,39998307.99999999,8.3,8.53,8.02,8.12,True,国机精工,False
2019-03-15,40.174,42.631,40.174,41.218,38895.0,32166165.0,8.1,8.5,8.1,8.27,True,国机精工,False
2019-03-18,40.972,42.938,40.972,42.693,42187.0,35901137.0,8.23,8.55,8.23,8.51,True,国机精工,False
2019-03-19,42.385,43.553,42.017,42.877,54581.0,46612173.99999999,8.46,8.65,8.4,8.54,True,国机精工,False
2019-03-20,42.877,43.307,41.71,42.447,41817.0,35418999.0,8.54,8.61,8.35,8.47,True,国机精工,False
2019-03-21,42.447,46.256,42.078,43.43,72063.0,62190369.00000001,8.47,9.09,8.41,8.63,True,国机精工,False
2019-03-22,43.061,45.396,43.061,44.474,69099.0,60807120.00000001,8.57,8.95,8.57,8.8,True,国机精工,False
2019-03-25,43.491,47.055,43.123,45.765,100109.0,90198209.0,8.64,9.22,8.58,9.01,True,国机精工,False
2019-03-26,45.887,46.01,42.631,42.631,71982.0,61184700.0,9.03,9.05,8.5,8.5,True,国机精工,False
2019-03-27,43.184,43.737,40.604,42.447,40276.0,34113772.0,8.59,8.68,8.17,8.47,True,国机精工,False
2019-03-28,43.061,45.212,43.0,43.246,70578.0,60697080.0,8.57,8.92,8.56,8.6,True,国机精工,False
2019-03-29,42.938,43.86,40.849,43.368,69014.0,59490067.99999999,8.55,8.7,8.21,8.62,True,国机精工,False
2019-04-01,43.86,45.703,43.676,45.396,96524.0,86388980.0,8.7,9.0,8.67,8.95,True,国机精工,False
2019-04-02,45.703,49.082,45.027,46.748,106563.0,97718271.0,9.0,9.55,8.89,9.17,True,国机精工,False
2019-04-03,46.44,47.792,45.703,46.748,56195.0,51530815.0,9.12,9.34,9.0,9.17,True,国机精工,False
2019-04-04,46.809,47.485,46.01,46.01,42893.0,38818165.0,9.18,9.29,9.05,9.05,True,国机精工,False
2019-04-08,46.01,47.731,44.782,45.826,53635.0,48378770.0,9.05,9.33,8.85,9.02,True,国机精工,False
2019-04-09,45.826,46.133,44.536,45.703,39856.0,35870400.0,9.02,9.07,8.81,9.0,True,国机精工,False
2019-04-10,45.887,46.87,44.966,46.44,41213.0,37586256.0,9.03,9.19,8.88,9.12,True,国机精工,False
2019-04-11,46.87,48.529,45.58,45.887,68208.0,61591823.99999999,9.19,9.46,8.98,9.03,True,国机精工,False
2019-04-12,45.334,48.959,45.334,48.959,133259.0,126995827.0,8.94,9.53,8.94,9.53,True,国机精工,False
2019-04-15,49.635,53.567,47.608,50.127,194783.0,189329076.0,9.64,10.28,9.31,9.72,True,国机精工,False
2019-04-16,48.591,52.953,48.284,52.523,153800.0,155491800.0,9.47,10.18,9.42,10.11,True,国机精工,False
2019-04-17,52.4,52.4,50.618,50.864,108450.0,106714800.0,10.09,10.09,9.8,9.84,True,国机精工,False
2019-04-18,50.311,51.786,48.775,49.881,73331.0,70984408.0,9.75,9.99,9.5,9.68,True,国机精工,False
2019-04-19,49.451,49.574,48.284,49.082,57276.0,54698580.00000001,9.61,9.63,9.42,9.55,True,国机精工,False
2019-04-22,49.328,50.311,48.775,49.205,51575.0,49357275.0,9.59,9.75,9.5,9.57,True,国机精工,False
2019-04-23,49.39,49.635,46.686,46.686,51484.0,47159344.0,9.6,9.64,9.16,9.16,True,国机精工,False
2019-04-24,46.686,47.055,45.58,46.993,48153.0,44348913.00000001,9.16,9.22,8.98,9.21,True,国机精工,False
2019-04-25,46.563,47.116,43.491,43.676,60386.0,52354662.0,9.14,9.23,8.64,8.67,True,国机精工,False
2019-04-26,44.106,44.167,42.693,42.877,31133.0,26587582.0,8.74,8.75,8.51,8.54,True,国机精工,False
2019-04-29,43.061,43.553,40.911,42.078,29264.0,24611024.0,8.57,8.65,8.22,8.41,True,国机精工,False
2019-04-30,42.017,43.614,41.832,42.631,24896.0,21161600.0,8.4,8.66,8.37,8.5,True,国机精工,False
2019-05-06,41.157,41.157,37.409,37.409,63098.0,48269970.0,8.26,8.26,7.65,7.65,True,国机精工,False
2019-05-07,37.409,38.392,36.487,38.023,33841.0,26226775.0,7.65,7.81,7.5,7.75,True,国机精工,False
2019-05-08,37.102,38.515,36.549,37.962,18911.0,14637114.0,7.6,7.83,7.51,7.74,True,国机精工,False
2019-05-09,37.777,38.638,37.04,37.224,18230.0,13891260.0,7.71,7.85,7.59,7.62,True,国机精工,False
2019-05-10,38.023,39.191,36.794,39.068,36545.0,28943640.0,7.75,7.94,7.55,7.92,True,国机精工,False
2019-05-13,38.576,39.498,38.207,39.129,26414.0,20946302.0,7.84,7.99,7.78,7.93,True,国机精工,False
2019-05-14,38.33,38.945,37.9,38.269,21448.0,16707992.0,7.8,7.9,7.73,7.79,True,国机精工,False
2019-05-15,38.576,39.436,38.576,39.313,23587.0,18775252.0,7.84,7.98,7.84,7.96,True,国机精工,False
2019-05-16,39.313,40.481,39.129,40.296,25407.0,20630484.0,7.96,8.15,7.93,8.12,True,国机精工,False
2019-05-17,40.235,40.481,37.409,37.962,34039.0,26346186.0,8.11,8.15,7.65,7.74,True,国机精工,False
2019-05-20,38.146,38.76,36.671,38.576,23229.0,18211536.0,7.77,7.87,7.53,7.84,True,国机精工,False
2019-05-21,38.269,40.112,38.269,39.621,21846.0,17498646.0,7.79,8.09,7.79,8.01,True,国机精工,False
2019-05-22,39.621,39.928,39.129,39.559,16284.0,13027200.0,8.01,8.06,7.93,8.0,True,国机精工,False
2019-05-23,39.498,39.682,37.409,37.9,21371.0,16519783.0,7.99,8.02,7.65,7.73,True,国机精工,False
2019-05-24,38.33,38.76,37.593,37.839,17188.0,13269136.0,7.8,7.87,7.68,7.72,True,国机精工,False
2019-05-27,37.409,39.436,37.409,39.375,19857.0,15826029.0,7.65,7.98,7.65,7.97,True,国机精工,False
2019-05-28,39.559,40.174,38.822,38.822,23952.0,18874176.0,8.0,8.1,7.88,7.88,True,国机精工,False
2019-05-29,38.822,40.051,38.699,39.313,20932.0,16661872.0,7.88,8.08,7.86,7.96,True,国机精工,False
2019-05-30,39.375,39.375,38.023,38.576,19048.0,14933632.0,7.97,7.97,7.75,7.84,True,国机精工,False
2019-05-31,39.068,40.296,38.453,39.252,22706.0,18051270.0,7.92,8.12,7.82,7.95,True,国机精工,False
2019-06-03,39.006,39.989,38.515,38.576,21617.0,16947728.0,7.91,8.07,7.83,7.84,True,国机精工,False
2019-06-04,38.207,38.822,36.979,37.347,24554.0,18759256.0,7.78,7.88,7.58,7.64,True,国机精工,False
2019-06-05,37.593,37.9,37.224,37.347,17278.0,13200392.0,7.68,7.73,7.62,7.64,True,国机精工,False
2019-06-06,37.347,37.532,34.828,34.89,24254.0,17559896.0,7.64,7.67,7.23,7.24,True,国机精工,False
2019-06-10,35.135,36.119,34.951,35.811,18351.0,13561389.0,7.28,7.44,7.25,7.39,True,国机精工,False
2019-06-11,36.241,38.269,35.934,38.023,32949.0,25535475.0,7.46,7.79,7.41,7.75,True,国机精工,False
2019-06-12,38.33,39.252,38.207,38.699,29981.0,23565066.0,7.8,7.95,7.78,7.86,True,国机精工,False
2019-06-13,38.76,39.129,38.207,38.822,19889.0,15672532.0,7.87,7.93,7.78,7.88,True,国机精工,False
2019-06-14,38.945,39.743,37.777,38.146,21562.0,16753674.0,7.9,8.03,7.71,7.77,True,国机精工,False
2019-06-17,37.839,38.576,37.409,37.777,15300.0,11796300.0,7.72,7.84,7.65,7.71,True,国机精工,False
2019-06-18,37.777,38.023,36.917,37.286,14340.0,10941420.0,7.71,7.75,7.57,7.63,True,国机精工,False
2019-06-19,38.207,39.129,38.023,38.269,18294.0,14251026.0,7.78,7.93,7.75,7.79,True,国机精工,False
2019-06-20,37.962,40.051,37.9,39.866,33424.0,26906320.000000004,7.74,8.08,7.73,8.05,True,国机精工,False
2019-06-21,40.051,40.727,39.805,40.051,34544.0,27911552.0,8.08,8.19,8.04,8.08,True,国机精工,False
2019-06-24,39.805,42.57,39.805,42.017,55854.0,46917360.0,8.04,8.49,8.04,8.4,True,国机精工,False
2019-06-25,41.279,41.279,39.805,40.542,54022.0,44081952.0,8.28,8.28,8.04,8.16,True,国机精工,False
2019-06-26,40.419,40.419,39.191,40.051,18786.0,15179088.0,8.14,8.14,7.94,8.08,True,国机精工,False
2019-06-27,40.727,40.727,39.928,40.235,18527.0,15025396.999999998,8.19,8.19,8.06,8.11,True,国机精工,False
2019-06-28,39.768,40.628,39.092,39.277,18518.0,14703292.0,8.02,8.16,7.91,7.94,True,国机精工,False
2019-07-01,40.382,40.751,39.952,40.628,26122.0,21315552.0,8.12,8.18,8.05,8.16,True,国机精工,False
2019-07-02,40.628,42.103,40.444,41.181,28941.0,23876325.0,8.16,8.4,8.13,8.25,True,国机精工,False
2019-07-03,40.874,40.997,40.075,40.382,20644.0,16762927.999999998,8.2,8.22,8.07,8.12,True,国机精工,False
2019-07-04,40.874,41.55,40.137,40.69,30118.0,24606406.0,8.2,8.31,8.08,8.17,True,国机精工,False
2019-07-05,40.813,40.997,40.26,40.444,18348.0,14916924.000000002,8.19,8.22,8.1,8.13,True,国机精工,False
2019-07-08,40.505,40.505,38.171,38.478,24771.0,19346151.0,8.14,8.14,7.76,7.81,True,国机精工,False
2019-07-09,38.724,38.724,37.618,38.293,11072.0,8614016.0,7.85,7.85,7.67,7.78,True,国机精工,False
2019-07-10,38.109,38.908,37.925,38.109,10447.0,8096425.0,7.75,7.88,7.72,7.75,True,国机精工,False
2019-07-11,38.416,40.321,38.293,40.198,26556.0,21483804.0,7.8,8.11,7.78,8.09,True,国机精工,False
2019-07-12,39.829,39.952,38.785,39.031,26835.0,21199650.0,8.03,8.05,7.86,7.9,True,国机精工,False
2019-07-15,38.785,39.215,37.679,39.092,20998.0,16609418.0,7.86,7.93,7.68,7.91,True,国机精工,False
2019-07-16,38.662,39.399,38.662,39.031,13646.0,10780340.0,7.84,7.96,7.84,7.9,True,国机精工,False
2019-07-17,39.338,40.69,39.031,40.69,40865.0,33386705.0,7.95,8.17,7.9,8.17,True,国机精工,False
2019-07-18,40.137,40.382,39.277,39.338,25520.0,20288400.0,8.08,8.12,7.94,7.95,True,国机精工,False
2019-07-19,39.154,40.137,38.846,39.277,18649.0,14807306.0,7.92,8.08,7.87,7.94,True,国机精工,False
2019-07-22,39.338,39.707,37.802,37.925,24000.0,18528000.0,7.95,8.01,7.7,7.72,True,国机精工,False
2019-07-23,37.802,38.171,37.31,38.048,16384.0,12681216.0,7.7,7.76,7.62,7.74,True,国机精工,False
2019-07-24,38.293,38.908,37.925,38.293,20338.0,15822964.0,7.78,7.88,7.72,7.78,True,国机精工,False
2019-07-25,38.478,39.154,37.986,38.416,25749.0,20084220.0,7.81,7.92,7.73,7.8,True,国机精工,False
2019-07-26,38.232,38.601,37.986,38.355,19001.0,14801779.0,7.77,7.83,7.73,7.79,True,国机精工,False
2019-07-29,38.355,40.69,38.293,39.461,43246.0,34467062.0,7.79,8.17,7.78,7.97,True,国机精工,False
2019-07-30,38.724,40.075,38.724,39.584,30844.0,24644356.0,7.85,8.07,7.85,7.99,True,国机精工,False
2019-07-31,39.338,40.075,39.215,39.768,23509.0,18854218.0,7.95,8.07,7.93,8.02,True,国机精工,False
2019-08-01,39.707,40.751,39.338,40.505,45946.0,37400044.0,8.01,8.18,7.95,8.14,True,国机精工,False
2019-08-02,39.522,40.751,39.092,39.768,40087.0,32149774.0,7.98,8.18,7.91,8.02,True,国机精工,False
2019-08-05,39.707,40.382,39.522,39.768,29756.0,23864312.0,8.01,8.12,7.98,8.02,True,国机精工,False
2019-08-06,39.154,39.154,37.556,38.846,33720.0,26537640.0,7.92,7.92,7.66,7.87,True,国机精工,False
2019-08-07,38.478,39.399,38.293,38.724,19036.0,14943260.0,7.81,7.96,7.78,7.85,True,国机精工,False
2019-08-08,39.031,39.031,38.355,38.539,15375.0,12023250.0,7.9,7.9,7.79,7.82,True,国机精工,False
2019-08-09,38.785,38.785,37.249,37.31,18418.0,14034516.0,7.86,7.86,7.61,7.62,True,国机精工,False
2019-08-12,37.31,38.416,37.188,38.109,17240.0,13361000.0,7.62,7.8,7.6,7.75,True,国机精工,False
2019-08-13,37.802,37.802,36.266,36.88,35228.0,26597140.0,7.7,7.7,7.45,7.55,True,国机精工,False
2019-08-14,37.126,37.741,36.573,36.696,16153.0,12147056.0,7.59,7.69,7.5,7.52,True,国机精工,False
2019-08-15,34.669,35.897,34.669,35.59,33808.0,24815072.0,7.19,7.39,7.19,7.34,True,国机精工,False
2019-08-16,35.529,36.082,35.283,35.59,23217.0,17041278.0,7.33,7.42,7.29,7.34,True,国机精工,False
2019-08-19,36.082,36.757,35.836,36.757,33364.0,25123092.0,7.42,7.53,7.38,7.53,True,国机精工,False
2019-08-20,36.635,37.372,36.02,36.143,25695.0,19091385.0,7.51,7.63,7.41,7.43,True,国机精工,False
2019-08-21,36.205,36.573,35.836,36.143,22969.0,17065967.0,7.44,7.5,7.38,7.43,True,国机精工,False
2019-08-22,36.143,37.802,36.02,37.618,43317.0,33224139.0,7.43,7.7,7.41,7.67,True,国机精工,False
2019-08-23,37.249,37.741,36.942,37.126,18546.0,14076414.0,7.61,7.69,7.56,7.59,True,国机精工,False
2019-08-26,36.573,36.819,34.791,36.573,15624.0,11718000.0,7.5,7.54,7.21,7.5,True,国机精工,False
2019-08-27,36.696,37.495,36.696,37.126,19937.0,15132183.0,7.52,7.65,7.52,7.59,True,国机精工,False
2019-08-28,37.31,37.925,36.635,36.942,28013.0,21177828.0,7.62,7.72,7.51,7.56,True,国机精工,False
2019-08-29,36.942,37.495,36.082,36.266,32389.0,24129805.0,7.56,7.65,7.42,7.45,True,国机精工,False
2019-08-30,36.389,37.188,35.959,36.635,35413.0,26595163.0,7.47,7.6,7.4,7.51,True,国机精工,False
2019-09-02,36.942,39.399,36.942,38.846,81175.0,63884725.0,7.56,7.96,7.56,7.87,True,国机精工,False
2019-09-03,38.601,39.338,38.232,39.154,62296.0,49338432.0,7.83,7.95,7.77,7.92,True,国机精工,False
2019-09-04,39.154,40.382,38.601,39.031,66016.0,52152640.0,7.92,8.12,7.83,7.9,True,国机精工,False
2019-09-05,38.846,43.086,38.846,41.796,115923.0,96795705.0,7.87,8.56,7.87,8.35,True,国机精工,False
2019-09-06,41.98,42.656,40.751,41.98,87928.0,73683664.0,8.38,8.49,8.18,8.38,True,国机精工,False
2019-09-09,46.711,46.711,42.164,42.84,112503.0,95852556.0,9.15,9.15,8.41,8.52,True,国机精工,False
2019-09-10,42.779,42.901,41.673,41.98,51785.0,43395830.00000001,8.51,8.53,8.33,8.38,True,国机精工,False
2019-09-11,41.857,42.226,40.567,40.69,54819.0,44787123.0,8.36,8.42,8.15,8.17,True,国机精工,False
2019-09-12,40.751,41.181,40.567,40.813,41709.0,34159671.0,8.18,8.25,8.15,8.19,True,国机精工,False
2019-09-16,40.935,41.243,40.628,40.751,35557.0,29085626.0,8.21,8.26,8.16,8.18,True,国机精工,False
2019-09-17,40.751,40.751,38.846,39.092,41312.0,32677792.0,8.18,8.18,7.87,7.91,True,国机精工,False
2019-09-18,39.092,39.399,38.785,39.031,20750.0,16392500.0,7.91,7.96,7.86,7.9,True,国机精工,False
2019-09-19,39.031,39.645,38.846,39.645,24818.0,19854400.0,7.9,8.0,7.87,8.0,True,国机精工,False
2019-09-20,39.707,41.058,39.645,40.567,46176.0,37633440.0,8.01,8.23,8.0,8.15,True,国机精工,False
2019-09-23,40.014,40.505,39.031,39.399,26666.0,21226136.0,8.06,8.14,7.9,7.96,True,国机精工,False
2019-09-24,39.215,39.829,38.601,38.724,38369.0,30119665.0,7.93,8.03,7.83,7.85,True,国机精工,False
2019-09-25,38.785,38.785,37.126,37.31,35574.0,27107388.0,7.86,7.86,7.59,7.62,True,国机精工,False
2019-09-26,37.372,37.679,36.205,36.205,25315.0,18834360.0,7.63,7.68,7.44,7.44,True,国机精工,False
2019-09-27,36.205,37.065,36.143,36.573,15125.0,11343750.0,7.44,7.58,7.43,7.5,True,国机精工,False
2019-09-30,36.88,36.942,36.082,36.205,12444.0,9258336.0,7.55,7.56,7.42,7.44,True,国机精工,False
2019-10-08,36.205,36.942,35.713,36.02,15622.0,11575902.0,7.44,7.56,7.36,7.41,True,国机精工,False
2019-10-09,36.757,37.065,36.082,36.635,25432.0,19099432.0,7.53,7.58,7.42,7.51,True,国机精工,False
2019-10-10,37.065,38.293,36.88,37.188,50883.0,38671080.0,7.58,7.78,7.55,7.6,True,国机精工,False
2019-10-11,37.188,37.188,36.205,36.573,48514.0,36385500.0,7.6,7.6,7.44,7.5,True,国机精工,False
2019-10-14,36.942,37.741,36.635,37.556,48416.0,37086656.0,7.56,7.69,7.51,7.66,True,国机精工,False
2019-10-15,37.433,37.495,36.819,36.942,22351.0,16897356.0,7.64,7.65,7.54,7.56,True,国机精工,False
2019-10-16,37.126,37.249,36.512,36.512,18402.0,13783098.0,7.59,7.61,7.49,7.49,True,国机精工,False
2019-10-17,36.573,36.819,36.512,36.757,9319.0,7017207.0,7.5,7.54,7.49,7.53,True,国机精工,False
2019-10-18,36.819,36.942,35.652,35.836,18709.0,13807242.0,7.54,7.56,7.35,7.38,True,国机精工,False
2019-10-21,35.652,35.836,34.791,35.221,16567.0,12060776.0,7.35,7.38,7.21,7.28,True,国机精工,False
2019-10-22,35.283,35.652,35.221,35.529,11779.0,8634007.0,7.29,7.35,7.28,7.33,True,国机精工,False
2019-10-23,35.529,35.897,35.037,35.221,16646.0,12118288.0,7.33,7.39,7.25,7.28,True,国机精工,False
2019-10-24,35.221,35.529,34.791,35.283,13258.0,9665082.0,7.28,7.33,7.21,7.29,True,国机精工,False
2019-10-25,35.283,35.344,34.607,35.099,17249.0,12522774.0,7.29,7.3,7.18,7.26,True,国机精工,False
2019-10-28,35.099,35.713,34.73,35.652,19212.0,14120820.0,7.26,7.36,7.2,7.35,True,国机精工,False
2019-10-29,35.467,35.713,34.484,34.484,20135.0,14416660.0,7.32,7.36,7.16,7.16,True,国机精工,False
2019-10-30,34.423,34.607,32.887,33.01,25592.0,17709664.0,7.15,7.18,6.9,6.92,True,国机精工,False
2019-10-31,33.255,33.255,31.904,32.211,22071.0,14986209.0,6.96,6.96,6.74,6.79,True,国机精工,False
2019-11-01,32.334,33.133,32.088,32.948,13121.0,9066611.0,6.81,6.94,6.77,6.91,True,国机精工,False
2019-11-04,32.948,33.194,32.641,32.887,12684.0,8751960.0,6.91,6.95,6.86,6.9,True,国机精工,False
2019-11-05,33.071,33.071,31.965,32.211,16339.0,11094181.0,6.93,6.93,6.75,6.79,True,国机精工,False
2019-11-06,32.088,32.641,31.904,32.211,16293.0,11062947.0,6.77,6.86,6.74,6.79,True,国机精工,False
2019-11-07,32.211,32.457,31.719,32.15,11243.0,7622754.0,6.79,6.83,6.71,6.78,True,国机精工,False
2019-11-08,32.272,32.764,32.211,32.211,11578.0,7861462.0,6.8,6.88,6.79,6.79,True,国机精工,False
2019-11-11,32.027,32.088,30.245,30.859,14967.0,9833319.0,6.76,6.77,6.47,6.57,True,国机精工,False
2019-11-12,30.859,31.105,30.183,30.921,12581.0,8278298.0,6.57,6.61,6.46,6.58,True,国机精工,False
2019-11-13,30.982,30.982,30.491,30.614,6156.0,4019868.0,6.59,6.59,6.51,6.53,True,国机精工,False
2019-11-14,30.798,31.535,30.368,30.859,12903.0,8477271.0,6.56,6.68,6.49,6.57,True,国机精工,False
2019-11-15,31.412,32.641,31.351,32.027,37384.0,25271584.0,6.66,6.86,6.65,6.76,True,国机精工,False
2019-11-18,31.719,32.027,31.228,31.965,18999.0,12824325.0,6.71,6.76,6.63,6.75,True,国机精工,False
2019-11-19,31.904,32.334,31.474,32.272,16039.0,10906520.0,6.74,6.81,6.67,6.8,True,国机精工,False
2019-11-20,32.211,32.641,31.658,31.904,12910.0,8701340.0,6.79,6.86,6.7,6.74,True,国机精工,False
2019-11-21,31.597,31.781,31.166,31.474,11601.0,7737867.0,6.69,6.72,6.62,6.67,True,国机精工,False
2019-11-22,31.412,31.904,30.798,30.921,12354.0,8128932.0,6.66,6.74,6.56,6.58,True,国机精工,False
2019-11-25,30.921,31.044,30.245,30.368,18490.0,12000010.0,6.58,6.6,6.47,6.49,True,国机精工,False
2019-11-26,30.552,30.736,30.306,30.491,8355.0,5439105.0,6.52,6.55,6.48,6.51,True,国机精工,False
2019-11-27,30.491,30.614,30.245,30.368,7041.0,4569609.0,6.51,6.53,6.47,6.49,True,国机精工,False
2019-11-28,30.429,30.614,30.245,30.491,7931.0,5163081.0,6.5,6.53,6.47,6.51,True,国机精工,False
2019-11-29,30.491,30.614,30.183,30.614,11712.0,7647936.0,6.51,6.53,6.46,6.53,True,国机精工,False
2019-12-02,30.614,30.921,30.552,30.921,14588.0,9598904.0,6.53,6.58,6.52,6.58,True,国机精工,False
2019-12-03,30.614,31.166,30.429,31.105,10438.0,6899518.0,6.53,6.62,6.5,6.61,True,国机精工,False
2019-12-04,30.921,31.289,30.859,31.289,12982.0,8620048.0,6.58,6.64,6.57,6.64,True,国机精工,False
2019-12-05,31.781,32.15,31.351,31.842,20056.0,13497688.0,6.72,6.78,6.65,6.73,True,国机精工,False
2019-12-06,31.842,32.457,31.658,32.272,18592.0,12642560.0,6.73,6.83,6.7,6.8,True,国机精工,False
2019-12-09,32.15,32.641,32.027,32.15,14891.0,10096098.0,6.78,6.86,6.76,6.78,True,国机精工,False
2019-12-10,32.088,32.58,31.781,32.58,35127.0,24061995.0,6.77,6.85,6.72,6.85,True,国机精工,False
2019-12-11,35.774,36.819,33.931,34.238,114430.0,81474160.0,7.37,7.54,7.07,7.12,True,国机精工,False
2019-12-12,33.133,33.685,32.334,32.58,56037.0,38385345.0,6.94,7.03,6.81,6.85,True,国机精工,False
2019-12-13,32.764,33.071,32.272,32.641,25691.0,17624026.0,6.88,6.93,6.8,6.86,True,国机精工,False
2019-12-16,32.764,33.133,32.457,33.133,28630.0,19869220.0,6.88,6.94,6.83,6.94,True,国机精工,False
2019-12-17,33.133,34.054,33.133,33.501,37816.0,26471200.0,6.94,7.09,6.94,7.0,True,国机精工,False
2019-12-18,33.378,33.87,33.133,33.317,28218.0,19667946.0,6.98,7.06,6.94,6.97,True,国机精工,False
2019-12-19,33.501,33.624,33.01,33.624,26707.0,18748314.0,7.0,7.02,6.92,7.02,True,国机精工,False
2019-12-20,33.624,33.87,33.501,33.563,22646.0,15874846.0,7.02,7.06,7.0,7.01,True,国机精工,False
2019-12-23,33.255,33.501,31.965,32.15,36276.0,24595128.0,6.96,7.0,6.75,6.78,True,国机精工,False
2019-12-24,32.15,32.518,31.842,32.518,14549.0,9951516.0,6.78,6.84,6.73,6.84,True,国机精工,False
2019-12-25,32.457,32.58,32.211,32.395,12955.0,8835310.0,6.83,6.85,6.79,6.82,True,国机精工,False
2019-12-26,32.395,32.518,31.842,32.15,26839.0,18196842.0,6.82,6.84,6.73,6.78,True,国机精工,False
2019-12-27,32.395,32.518,31.719,31.842,25508.0,17166884.0,6.82,6.84,6.71,6.73,True,国机精工,False
2019-12-30,31.842,31.904,30.675,31.842,21353.0,14370569.0,6.73,6.74,6.54,6.73,True,国机精工,False
2019-12-31,31.781,32.088,31.597,31.965,13962.0,9424350.0,6.72,6.77,6.69,6.75,True,国机精工,False
2020-01-02,32.272,32.518,32.027,32.457,30201.0,20627283.0,6.8,6.84,6.76,6.83,True,国机精工,False
2020-01-03,32.58,32.825,32.334,32.825,29686.0,20453654.0,6.85,6.89,6.81,6.89,True,国机精工,False
2020-01-06,32.764,33.624,32.395,33.378,44444.0,31021912.000000004,6.88,7.02,6.82,6.98,True,国机精工,False
2020-01-07,33.501,33.808,33.194,33.624,32544.0,22845888.0,7.0,7.05,6.95,7.02,True,国机精工,False
2020-01-08,33.563,34.484,33.194,34.054,53317.0,37801753.0,7.01,7.16,6.95,7.09,True,国机精工,False
2020-01-09,34.054,34.116,33.501,33.563,40329.0,28270629.0,7.09,7.1,7.0,7.01,True,国机精工,False
2020-01-10,33.624,33.747,32.948,33.317,26981.0,18805757.0,7.02,7.04,6.91,6.97,True,国机精工,False
2020-01-13,33.317,33.501,33.071,33.501,19646.0,13752200.0,6.97,7.0,6.93,7.0,True,国机精工,False
2020-01-14,33.501,33.624,32.764,33.378,21390.0,14930220.0,7.0,7.02,6.88,6.98,True,国机精工,False
2020-01-15,33.317,33.317,32.518,32.702,21748.0,14940876.0,6.97,6.97,6.84,6.87,True,国机精工,False
2020-01-16,32.702,33.133,32.457,32.702,14861.0,10209507.0,6.87,6.94,6.83,6.87,True,国机精工,False
2020-01-17,32.58,32.825,31.658,32.825,34000.0,23426000.0,6.85,6.89,6.7,6.89,True,国机精工,False
2020-01-20,32.641,33.194,32.457,33.133,26496.0,18388224.0,6.86,6.95,6.83,6.94,True,国机精工,False
2020-01-21,33.133,33.133,32.088,32.211,22020.0,14951580.0,6.94,6.94,6.77,6.79,True,国机精工,False
2020-01-22,32.15,32.15,31.044,31.658,24540.0,16441800.0,6.78,6.78,6.6,6.7,True,国机精工,False
2020-01-23,31.474,31.719,29.2,29.569,56279.0,35793444.0,6.67,6.71,6.3,6.36,True,国机精工,False
2020-02-03,25.637,25.637,25.637,25.637,9291.0,5314452.0,5.72,5.72,5.72,5.72,True,国机精工,False
2020-02-04,22.135,24.961,22.135,24.039,46209.0,25230114.0,5.15,5.61,5.15,5.46,True,国机精工,False
2020-02-05,24.162,25.207,24.162,24.592,33608.0,18652440.0,5.48,5.65,5.48,5.55,True,国机精工,False
2020-02-06,24.592,25.453,24.408,25.145,32710.0,18448440.0,5.55,5.69,5.52,5.64,True,国机精工,False
2020-02-07,25.391,25.821,25.084,25.821,29809.0,17140175.0,5.68,5.75,5.63,5.75,True,国机精工,False
2020-02-10,25.821,28.094,25.698,27.664,53314.0,32254970.0,5.75,6.12,5.73,6.05,True,国机精工,False
2020-02-11,27.48,27.48,26.804,26.927,26775.0,15877575.0,6.02,6.02,5.91,5.93,True,国机精工,False
2020-02-12,26.989,27.419,26.866,27.357,20415.0,12249000.0,5.94,6.01,5.92,6.0,True,国机精工,False
2020-02-13,27.48,27.48,26.436,26.497,31182.0,18272652.0,6.02,6.02,5.85,5.86,True,国机精工,False
2020-02-14,26.436,26.927,26.128,26.558,19379.0,11375473.0,5.85,5.93,5.8,5.87,True,国机精工,False
2020-02-17,26.436,28.217,26.436,28.156,46797.0,28686561.0,5.85,6.14,5.85,6.13,True,国机精工,False
2020-02-18,28.094,28.586,27.787,28.279,48031.0,29539065.0,6.12,6.2,6.07,6.15,True,国机精工,False
2020-02-19,28.402,29.078,27.972,28.709,52685.0,32770070.0,6.17,6.28,6.1,6.22,True,国机精工,False
2020-02-20,28.647,29.016,27.972,29.016,51880.0,32528760.0,6.21,6.27,6.1,6.27,True,国机精工,False
2020-02-21,28.955,29.508,28.77,29.262,48186.0,30405366.0,6.26,6.35,6.23,6.31,True,国机精工,False
2020-02-24,29.2,30.491,28.709,30.368,73046.0,47406854.0,6.3,6.51,6.22,6.49,True,国机精工,False
2020-02-25,29.078,32.211,28.77,31.904,138738.0,93509412.0,6.28,6.79,6.23,6.74,True,国机精工,False
2020-02-26,31.474,33.993,30.982,32.702,145179.0,99737973.0,6.67,7.08,6.59,6.87,True,国机精工,False
2020-02-27,32.211,32.702,30.491,31.105,82305.0,54403605.0,6.79,6.87,6.51,6.61,True,国机精工,False
2020-02-28,29.815,29.815,27.357,27.603,70304.0,42463616.0,6.4,6.4,6.0,6.04,True,国机精工,False
2020-03-02,27.972,29.2,27.972,29.139,44031.0,27695499.0,6.1,6.3,6.1,6.29,True,国机精工,False
2020-03-03,29.569,30.552,29.139,29.815,50421.0,32269440.0,6.36,6.52,6.29,6.4,True,国机精工,False
2020-03-04,29.508,29.815,28.709,29.63,39205.0,24973585.0,6.35,6.4,6.22,6.37,True,国机精工,False
2020-03-05,29.999,30.736,29.569,30.614,57451.0,37515503.0,6.43,6.55,6.36,6.53,True,国机精工,False
2020-03-06,30.183,32.088,29.876,30.859,65196.0,42833772.0,6.46,6.77,6.41,6.57,True,国机精工,False
2020-03-09,29.999,33.317,29.692,31.351,98638.0,65594270.0,6.43,6.97,6.38,6.65,True,国机精工,False
2020-03-10,31.044,32.764,29.876,32.702,112504.0,77290248.0,6.6,6.88,6.41,6.87,True,国机精工,False
2020-03-11,33.255,35.037,32.211,33.317,155965.0,108707605.0,6.96,7.25,6.79,6.97,True,国机精工,False
2020-03-12,32.518,33.133,31.597,31.719,74313.0,49864023.0,6.84,6.94,6.69,6.71,True,国机精工,False
2020-03-13,29.569,31.597,28.893,31.044,75775.0,50011500.0,6.36,6.69,6.25,6.6,True,国机精工,False
2020-03-16,31.228,32.272,29.262,29.508,59291.0,37649785.0,6.63,6.8,6.31,6.35,True,国机精工,False
2020-03-17,29.446,30.306,27.357,28.647,44166.0,27427086.0,6.34,6.48,6.0,6.21,True,国机精工,False
2020-03-18,29.139,29.508,27.357,27.419,41130.0,24719130.0,6.29,6.35,6.0,6.01,True,国机精工,False
2020-03-19,27.603,27.787,26.62,27.419,37326.0,22432926.0,6.04,6.07,5.88,6.01,True,国机精工,False
2020-03-20,27.664,28.156,27.111,27.91,28627.0,17433843.0,6.05,6.13,5.96,6.09,True,国机精工,False
2020-03-23,27.173,27.419,26.436,26.743,24258.0,14312220.0,5.97,6.01,5.85,5.9,True,国机精工,False
2020-03-24,27.234,27.603,26.436,27.48,22282.0,13413763.999999998,5.98,6.04,5.85,6.02,True,国机精工,False
2020-03-25,28.094,28.586,27.603,28.525,41031.0,25398189.0,6.12,6.2,6.04,6.19,True,国机精工,False
2020-03-26,28.402,28.402,27.603,27.664,27023.0,16348915.0,6.17,6.17,6.04,6.05,True,国机精工,False
2020-03-27,28.033,28.402,27.787,27.91,26075.0,15879675.0,6.11,6.17,6.07,6.09,True,国机精工,False
2020-03-30,27.664,27.726,26.313,26.743,29871.0,17623890.0,6.05,6.06,5.83,5.9,True,国机精工,False
2020-03-31,26.743,27.111,26.251,26.558,14663.0,8607181.0,5.9,5.96,5.82,5.87,True,国机精工,False
2020-04-01,26.436,26.866,26.067,26.067,17073.0,9885267.0,5.85,5.92,5.79,5.79,True,国机精工,False
2020-04-02,25.821,26.743,25.575,26.743,16367.0,9656530.0,5.75,5.9,5.71,5.9,True,国机精工,False
2020-04-03,26.62,26.989,26.19,26.313,16391.0,9555953.0,5.88,5.94,5.81,5.83,True,国机精工,False
2020-04-07,26.743,27.849,26.681,27.542,27666.0,16682598.0,5.9,6.08,5.89,6.03,True,国机精工,False
2020-04-08,27.419,28.463,27.234,28.279,29355.0,18053325.0,6.01,6.18,5.98,6.15,True,国机精工,False
2020-04-09,28.525,28.832,28.217,28.279,31053.0,19097595.0,6.19,6.24,6.14,6.15,True,国机精工,False
2020-04-10,28.279,28.279,27.05,27.173,23723.0,14162631.0,6.15,6.15,5.95,5.97,True,国机精工,False
2020-04-13,26.927,26.927,26.128,26.374,23123.0,13503832.0,5.93,5.93,5.8,5.84,True,国机精工,False
2020-04-14,26.374,26.558,26.251,26.558,20979.0,12314673.0,5.84,5.87,5.82,5.87,True,国机精工,False
2020-04-15,26.62,26.62,25.637,25.637,29359.0,16793348.0,5.88,5.88,5.72,5.72,True,国机精工,False
2020-04-16,25.944,26.251,25.391,26.19,20141.0,11701921.0,5.77,5.82,5.68,5.81,True,国机精工,False
2020-04-17,26.374,27.419,26.006,26.497,33780.0,19795080.0,5.84,6.01,5.78,5.86,True,国机精工,False
2020-04-20,26.497,26.62,26.067,26.19,29320.0,17034920.0,5.86,5.88,5.79,5.81,True,国机精工,False
2020-04-21,26.006,26.006,25.145,25.453,25952.0,14766688.000000002,5.78,5.78,5.64,5.69,True,国机精工,False
2020-04-22,25.514,28.77,25.268,27.972,76384.0,46594240.0,5.7,6.23,5.66,6.1,True,国机精工,False
2020-04-23,27.849,28.217,27.05,28.094,63976.0,39153312.0,6.08,6.14,5.95,6.12,True,国机精工,False
2020-04-24,27.787,27.91,25.944,26.128,54915.0,31850700.0,6.07,6.09,5.77,5.8,True,国机精工,False
2020-04-27,25.944,26.19,25.453,25.575,19644.0,11216724.0,5.77,5.81,5.69,5.71,True,国机精工,False
2020-04-28,25.698,25.698,22.319,23.794,33899.0,18373258.0,5.73,5.73,5.18,5.42,True,国机精工,False
2020-04-29,23.855,24.654,23.671,24.162,17389.0,9529172.0,5.43,5.56,5.4,5.48,True,国机精工,False
2020-04-30,24.039,24.777,24.039,24.715,19224.0,10707768.0,5.46,5.58,5.46,5.57,True,国机精工,False
2020-05-06,24.777,28.156,24.592,28.156,93888.0,57553344.0,5.58,6.13,5.55,6.13,True,国机精工,False
2020-05-07,31.781,31.904,31.781,31.904,112126.0,75572924.0,6.72,6.74,6.72,6.74,True,国机精工,False
2020-05-08,34.116,36.02,32.334,36.02,295772.0,219167052.0,7.1,7.41,6.81,7.41,True,国机精工,False
2020-05-11,39.645,40.567,38.846,40.567,130933.0,106710395.0,8.0,8.15,7.87,8.15,True,国机精工,False
2020-05-12,41.427,45.605,40.997,45.605,697183.0,625373151.0,8.29,8.97,8.22,8.97,True,国机精工,False
2020-05-13,48.124,51.134,47.817,51.134,606044.0,598165428.0,9.38,9.87,9.33,9.87,True,国机精工,False
2020-05-14,53.715,57.217,52.24,57.217,853133.0,926502438.0,10.29,10.86,10.05,10.86,True,国机精工,False
2020-05-15,58.323,63.914,53.285,63.914,802022.0,958416290.0,11.04,11.95,10.22,11.95,True,国机精工,False
2020-05-18,64.283,68.891,60.166,64.713,1039025.0,1255142200.0,12.01,12.76,11.34,12.08,True,国机精工,False
2020-05-19,63.668,72.147,60.535,72.147,1086223.0,1443590367.0,11.91,13.29,11.4,13.29,True,国机精工,False
2020-05-20,64.283,68.891,63.975,63.975,876879.0,1048747284.0,12.01,12.76,11.96,11.96,True,国机精工,False
2020-05-21,62.808,67.047,59.244,64.283,896677.0,1076909077.0,11.77,12.46,11.19,12.01,True,国机精工,False
2020-05-22,61.272,67.908,59.306,66.003,855548.0,1051468492.0,11.52,12.6,11.2,12.29,True,国机精工,False
2020-05-25,61.395,73.56,60.289,69.136,1076291.0,1377652480.0,11.54,13.52,11.36,12.8,True,国机精工,False
2020-05-26,65.266,76.509,65.143,72.208,1050251.0,1396833830.0,12.17,14.0,12.15,13.3,True,国机精工,False
2020-05-27,71.287,79.581,68.891,76.079,1053357.0,1467326301.0,13.15,14.5,12.76,13.93,True,国机精工,False
2020-05-28,72.27,74.666,67.539,68.706,877906.0,1117574338.0,13.31,13.7,12.54,12.73,True,国机精工,False
2020-05-29,63.484,71.041,62.071,64.713,701845.0,847828760.0,11.88,13.11,11.65,12.08,True,国机精工,False
2020-06-01,65.45,68.706,64.405,65.88,666946.0,818342742.0,12.2,12.73,12.03,12.27,True,国机精工,False
2020-06-02,66.617,69.321,63.975,64.528,654571.0,788758055.0,12.39,12.83,11.96,12.05,True,国机精工,False
2020-06-03,62.808,71.963,61.948,71.963,754238.0,1000119588.0,11.77,13.26,11.63,13.26,True,国机精工,False
2020-06-04,69.751,71.164,64.221,66.064,832101.0,1023484230.0,12.9,13.13,12.0,12.3,True,国机精工,False
2020-06-05,64.283,64.651,58.507,58.507,677374.0,749853018.0,12.01,12.07,11.07,11.07,True,国机精工,False
2020-06-08,57.463,57.586,54.636,55.681,462828.0,491060508.0,10.9,10.92,10.44,10.61,True,国机精工,False
2020-06-09,56.05,57.954,54.882,57.586,470704.0,514008768.0,10.67,10.98,10.48,10.92,True,国机精工,False
2020-06-10,56.234,56.91,54.452,55.804,300941.0,319900283.0,10.7,10.81,10.41,10.63,True,国机精工,False
2020-06-11,55.804,57.831,55.005,56.172,364954.0,390135826.0,10.63,10.96,10.5,10.69,True,国机精工,False
2020-06-12,53.531,55.62,53.346,54.759,284866.0,297969836.0,10.26,10.6,10.23,10.46,True,国机精工,False
2020-06-15,53.776,54.821,51.749,52.67,330451.0,334416412.0,10.3,10.47,9.97,10.12,True,国机精工,False
2020-06-16,53.715,54.698,52.793,53.715,263401.0,271039629.0,10.29,10.45,10.14,10.29,True,国机精工,False
2020-06-17,54.206,55.497,52.179,55.251,394990.0,416319460.0,10.37,10.58,10.04,10.54,True,国机精工,False
2020-06-18,55.189,55.189,52.916,53.346,264753.0,270842319.0,10.53,10.53,10.16,10.23,True,国机精工,False
2020-06-19,53.162,53.838,51.749,52.179,263265.0,264318060.0,10.2,10.31,9.97,10.04,True,国机精工,False
2020-06-22,52.916,55.62,52.24,53.776,339231.0,349407930.0,10.16,10.6,10.05,10.3,True,国机精工,False
2020-06-23,52.916,53.346,52.302,52.609,216484.0,218865324.0,10.16,10.23,10.06,10.11,True,国机精工,False
2020-06-24,52.363,53.469,50.827,52.916,227885.0,231531160.0,10.07,10.25,9.82,10.16,True,国机精工,False
2020-06-29,52.584,54.428,50.987,53.199,207539.0,211482241.0,10.09,10.39,9.83,10.19,True,国机精工,False
2020-06-30,54.182,57.868,52.584,55.595,426302.0,451027516.0,10.35,10.95,10.09,10.58,True,国机精工,False
2020-07-01,54.489,56.947,53.875,56.947,440564.0,475809120.00000006,10.4,10.8,10.3,10.8,True,国机精工,False
2020-07-02,57.5,58.175,55.411,57.745,405224.0,442909832.0,10.89,11.0,10.55,10.93,True,国机精工,False
2020-07-03,57.192,64.135,56.824,61.125,640744.0,735574112.0,10.84,11.97,10.78,11.48,True,国机精工,False
2020-07-06,60.572,66.593,58.913,63.889,602220.0,718448460.0,11.39,12.37,11.12,11.93,True,国机精工,False
2020-07-07,62.476,70.402,61.432,67.944,715221.0,900463239.0,11.7,12.99,11.53,12.59,True,国机精工,False
2020-07-08,66.408,69.05,64.442,67.269,509400.0,635731200.0,12.34,12.77,12.02,12.48,True,国机精工,False
2020-07-09,66.347,67.699,65.302,66.101,511623.0,628784667.0,12.33,12.55,12.16,12.29,True,国机精工,False
2020-07-10,65.118,65.118,59.404,60.51,502738.0,572115844.0,12.13,12.13,11.2,11.38,True,国机精工,False
2020-07-13,60.326,64.442,59.65,64.197,352213.0,421951174.0,11.35,12.02,11.24,11.98,True,国机精工,False
2020-07-14,63.644,66.04,61.125,63.214,326889.0,386382798.0,11.89,12.28,11.48,11.82,True,国机精工,False
2020-07-15,64.258,65.425,58.851,59.527,254112.0,285113664.0,11.99,12.18,11.11,11.22,True,国机精工,False
2020-07-16,60.203,61.985,52.646,52.83,240618.0,243746034.00000003,11.33,11.62,10.1,10.13,True,国机精工,False
2020-07-17,52.031,54.55,49.574,52.277,198842.0,199637368.0,10.0,10.41,9.6,10.04,True,国机精工,False
2020-07-20,52.646,54.12,51.294,54.059,165394.0,170852002.0,10.1,10.34,9.88,10.33,True,国机精工,False
2020-07-21,54.182,54.366,52.093,52.769,140990.0,142681880.0,10.35,10.38,10.01,10.12,True,国机精工,False
2020-07-22,52.707,55.595,52.339,53.875,199539.0,205525170.0,10.11,10.58,10.05,10.3,True,国机精工,False
2020-07-23,53.752,53.998,50.188,51.97,183027.0,182843973.0,10.28,10.32,9.7,9.99,True,国机精工,False
2020-07-24,51.847,55.656,51.724,52.277,247909.0,248900636.0,9.97,10.59,9.95,10.04,True,国机精工,False
2020-07-27,50.68,51.294,46.133,47.301,234536.0,216476728.0,9.78,9.88,9.04,9.23,True,国机精工,False
2020-07-28,46.932,48.099,46.686,47.423,117942.0,109096350.0,9.17,9.36,9.13,9.25,True,国机精工,False
2020-07-29,47.423,50.065,46.072,49.697,163009.0,156814658.0,9.25,9.68,9.03,9.62,True,国机精工,False
2020-07-30,49.697,50.557,48.038,48.222,122102.0,114531676.0,9.62,9.76,9.35,9.38,True,国机精工,False
2020-07-31,47.362,49.328,47.362,49.205,108522.0,103529988.0,9.24,9.56,9.24,9.54,True,国机精工,False
2020-08-03,49.82,52.277,48.837,51.909,182185.0,181820630.0,9.64,10.04,9.48,9.98,True,国机精工,False
2020-08-04,52.769,53.26,51.478,51.97,170294.0,170123706.0,10.12,10.2,9.91,9.99,True,国机精工,False
2020-08-05,53.875,54.428,51.54,52.4,152054.0,152966324.0,10.3,10.39,9.92,10.06,True,国机精工,False
2020-08-06,52.892,53.076,51.663,51.97,123458.0,123334542.0,10.14,10.17,9.94,9.99,True,国机精工,False
2020-08-07,51.54,51.601,48.529,49.451,152713.0,146299054.0,9.92,9.93,9.43,9.58,True,国机精工,False
2020-08-10,50.618,55.349,49.574,55.349,195631.0,206195074.0,9.77,10.54,9.6,10.54,True,国机精工,False
2020-08-11,55.288,59.097,53.875,57.745,498905.0,545303165.0,10.53,11.15,10.3,10.93,True,国机精工,False
2020-08-12,55.288,56.332,51.048,52.646,271588.0,274303880.0,10.53,10.7,9.84,10.1,True,国机精工,False
2020-08-13,52.093,53.998,51.601,51.786,153295.0,152681820.0,10.01,10.32,9.93,9.96,True,国机精工,False
2020-08-14,50.803,52.4,49.39,51.97,116770.0,116653230.0,9.8,10.06,9.57,9.99,True,国机精工,False
2020-08-17,52.093,53.137,50.803,52.4,143403.0,144263418.0,10.01,10.18,9.8,10.06,True,国机精工,False
2020-08-18,52.584,52.953,51.663,51.97,120520.0,120399480.0,10.09,10.15,9.94,9.99,True,国机精工,False
2020-08-19,52.093,52.646,50.987,51.786,116584.0,116117664.0,10.01,10.1,9.83,9.96,True,国机精工,False
2020-08-20,51.417,51.417,49.328,49.881,108204.0,104416860.0,9.9,9.9,9.56,9.65,True,国机精工,False
2020-08-21,50.127,50.926,48.837,49.144,82616.0,78733048.0,9.69,9.82,9.48,9.53,True,国机精工,False
2020-08-24,49.267,49.881,47.669,49.512,66506.0,63779254.0,9.55,9.65,9.29,9.59,True,国机精工,False
2020-08-25,49.574,50.065,48.775,48.898,62893.0,59685457.0,9.6,9.68,9.47,9.49,True,国机精工,False
2020-08-26,48.898,48.898,46.502,46.625,82093.0,74868816.0,9.49,9.49,9.1,9.12,True,国机精工,False
2020-08-27,46.625,48.038,46.072,47.546,63071.0,58466817.0,9.12,9.35,9.03,9.27,True,国机精工,False
2020-08-28,48.222,48.222,46.932,47.854,53079.0,49469628.0,9.38,9.38,9.17,9.32,True,国机精工,False
2020-08-31,48.959,48.959,47.731,47.792,51353.0,47809643.0,9.5,9.5,9.3,9.31,True,国机精工,False
2020-09-01,47.976,53.506,46.87,53.506,254641.0,260752384.0,9.34,10.24,9.16,10.24,True,国机精工,False
2020-09-02,54.858,57.254,52.4,53.445,394366.0,403436418.0,10.46,10.85,10.06,10.23,True,国机精工,False
2020-09-03,52.584,53.567,51.417,51.601,150573.0,149518989.0,10.09,10.25,9.9,9.93,True,国机精工,False
2020-09-04,50.25,50.373,48.714,49.635,137000.0,131657000.0,9.71,9.73,9.46,9.61,True,国机精工,False
2020-09-07,49.574,49.635,47.116,47.423,131073.0,121242525.0,9.6,9.61,9.2,9.25,True,国机精工,False
2020-09-08,47.423,47.669,46.379,47.178,96674.0,89036754.00000001,9.25,9.29,9.08,9.21,True,国机精工,False
2020-09-09,46.563,46.932,43.676,43.737,156897.0,135715905.0,9.11,9.17,8.64,8.65,True,国机精工,False
2020-09-10,43.368,44.167,39.743,40.419,121379.0,98438369.0,8.59,8.72,8.0,8.11,True,国机精工,False
2020-09-11,40.112,41.279,39.866,41.218,64951.0,53519624.0,8.06,8.25,8.02,8.24,True,国机精工,False
2020-09-14,41.279,41.771,40.972,41.464,60278.0,49910183.99999999,8.25,8.33,8.2,8.28,True,国机精工,False
2020-09-15,41.464,45.15,40.727,43.43,104797.0,90125420.0,8.28,8.88,8.16,8.6,True,国机精工,False
2020-09-16,43.123,43.123,41.894,42.078,53114.0,44509532.00000001,8.55,8.55,8.35,8.38,True,国机精工,False
2020-09-17,42.078,43.123,41.894,42.938,58892.0,50175984.0,8.38,8.55,8.35,8.52,True,国机精工,False
2020-09-18,42.877,43.983,42.693,43.737,63295.0,54750175.0,8.51,8.69,8.48,8.65,True,国机精工,False
2020-09-21,43.737,45.273,43.123,44.536,71538.0,62810363.99999999,8.65,8.9,8.55,8.78,True,国机精工,False
2020-09-22,44.29,44.29,42.754,42.938,51800.0,44133600.0,8.74,8.74,8.49,8.52,True,国机精工,False
2020-09-23,43.0,45.089,42.631,43.614,60237.0,51984531.00000001,8.53,8.87,8.47,8.63,True,国机精工,False
2020-09-24,42.754,42.877,41.402,41.402,53402.0,44163454.0,8.49,8.51,8.27,8.27,True,国机精工,False
2020-09-25,41.771,42.078,40.788,41.279,34326.0,28318950.0,8.33,8.38,8.17,8.25,True,国机精工,False
2020-09-28,41.279,41.648,40.235,40.235,29512.0,23845696.0,8.25,8.31,8.08,8.08,True,国机精工,False
2020-09-29,40.542,42.078,40.542,40.788,38557.0,31501069.0,8.13,8.38,8.13,8.17,True,国机精工,False
2020-09-30,40.604,42.693,40.604,41.832,57816.0,48218544.0,8.14,8.48,8.14,8.34,True,国机精工,False
2020-10-09,42.508,43.246,42.324,42.815,51611.0,43869350.0,8.45,8.57,8.42,8.5,True,国机精工,False
2020-10-12,42.877,44.536,42.877,44.474,72270.0,63380790.0,8.51,8.78,8.51,8.77,True,国机精工,False
2020-10-13,44.229,44.351,43.246,43.676,67111.0,57983904.00000001,8.73,8.75,8.57,8.64,True,国机精工,False
2020-10-14,45.212,46.379,43.921,44.167,127577.0,111247144.0,8.89,9.08,8.68,8.72,True,国机精工,False
2020-10-15,43.43,44.904,43.123,43.737,54930.0,47514450.0,8.6,8.84,8.55,8.65,True,国机精工,False
2020-10-16,43.737,43.86,42.693,43.061,45626.0,38964603.99999999,8.65,8.67,8.48,8.54,True,国机精工,False
2020-10-19,43.061,43.799,42.815,42.938,43747.0,37272444.0,8.54,8.66,8.5,8.52,True,国机精工,False
2020-10-20,42.938,43.921,41.832,43.799,53197.0,46068602.0,8.52,8.68,8.34,8.66,True,国机精工,False
2020-10-21,43.676,44.413,42.693,43.184,35329.0,30241624.0,8.64,8.76,8.48,8.56,True,国机精工,False
2020-10-22,43.491,43.491,42.201,42.631,30556.0,25880932.000000004,8.61,8.61,8.4,8.47,True,国机精工,False
2020-10-23,42.631,43.368,41.525,41.648,36390.0,30240090.0,8.47,8.59,8.29,8.31,True,国机精工,False
2020-10-26,41.587,42.201,41.218,41.832,27894.0,23263596.0,8.3,8.4,8.24,8.34,True,国机精工,False
2020-10-27,41.71,42.263,41.279,41.587,27627.0,22930410.000000004,8.32,8.41,8.25,8.3,True,国机精工,False
2020-10-28,41.648,42.385,40.911,42.14,43403.0,36415117.0,8.31,8.43,8.19,8.39,True,国机精工,False
2020-10-29,41.771,44.351,41.402,43.799,72450.0,62741700.0,8.33,8.75,8.27,8.66,True,国机精工,False
2020-10-30,44.044,45.765,43.246,43.307,117045.0,100424610.0,8.7,8.98,8.57,8.58,True,国机精工,False
2020-11-02,43.184,44.659,42.263,43.676,67664.0,58461696.00000001,8.56,8.8,8.41,8.64,True,国机精工,False
2020-11-03,43.553,44.474,43.307,44.351,62569.0,54747875.0,8.62,8.77,8.58,8.75,True,国机精工,False
2020-11-04,44.29,44.659,43.184,44.29,47436.0,41459064.0,8.74,8.8,8.56,8.74,True,国机精工,False
2020-11-05,44.29,44.843,44.044,44.474,66982.0,58743214.0,8.74,8.83,8.7,8.77,True,国机精工,False
2020-11-06,44.413,44.474,42.938,43.368,54090.0,46463310.0,8.76,8.77,8.52,8.59,True,国机精工,False
2020-11-09,43.368,45.826,43.368,45.58,122608.0,109734160.0,8.59,8.99,8.59,8.95,True,国机精工,False
2020-11-10,45.765,47.915,44.843,47.731,203758.0,189494940.0,8.98,9.33,8.83,9.3,True,国机精工,False
2020-11-11,47.485,47.485,46.072,46.379,110480.0,100315840.0,9.26,9.26,9.03,9.08,True,国机精工,False
2020-11-12,46.379,47.178,45.826,46.625,68559.0,62525807.99999999,9.08,9.21,8.99,9.12,True,国机精工,False
2020-11-13,46.318,46.318,45.212,45.949,55291.0,49817191.0,9.07,9.07,8.89,9.01,True,国机精工,False
2020-11-16,46.072,46.379,45.58,46.01,52642.0,47483084.0,9.03,9.08,8.95,9.02,True,国机精工,False
2020-11-17,46.01,46.072,44.229,45.15,59943.0,53229384.00000001,9.02,9.03,8.73,8.88,True,国机精工,False
2020-11-18,45.15,48.038,44.72,47.731,158045.0,146981850.0,8.88,9.35,8.81,9.3,True,国机精工,False
2020-11-19,47.731,48.959,46.748,48.652,180919.0,170968455.0,9.3,9.5,9.14,9.45,True,国机精工,False
2020-11-20,48.099,50.065,48.099,48.959,166382.0,158062900.0,9.36,9.68,9.36,9.5,True,国机精工,False
2020-11-23,48.406,50.188,47.485,47.915,151863.0,141688179.0,9.41,9.7,9.26,9.33,True,国机精工,False
2020-11-24,47.976,48.222,46.686,46.686,114808.0,104819704.0,9.34,9.38,9.13,9.13,True,国机精工,False
2020-11-25,47.055,47.485,46.133,46.256,83991.0,76095846.0,9.19,9.26,9.04,9.06,True,国机精工,False
2020-11-26,46.133,48.222,46.01,47.915,116558.0,108748614.0,9.04,9.38,9.02,9.33,True,国机精工,False
2020-11-27,47.731,48.222,46.502,46.748,71291.0,65159974.00000001,9.3,9.38,9.1,9.14,True,国机精工,False
2020-11-30,46.686,46.993,45.396,45.519,72065.0,64426110.0,9.13,9.18,8.92,8.94,True,国机精工,False
2020-12-01,45.212,46.133,44.904,45.765,53069.0,47655962.0,8.89,9.04,8.84,8.98,True,国机精工,False
2020-12-02,46.195,46.195,45.273,46.072,48662.0,43941786.0,9.05,9.05,8.9,9.03,True,国机精工,False
2020-12-03,46.133,46.133,45.15,45.457,42817.0,38235581.0,9.04,9.04,8.88,8.93,True,国机精工,False
2020-12-04,45.396,45.396,44.413,44.72,52610.0,46349410.0,8.92,8.92,8.76,8.81,True,国机精工,False
2020-12-07,45.089,45.089,44.413,44.904,30060.0,26573040.0,8.87,8.87,8.76,8.84,True,国机精工,False
2020-12-08,44.843,44.904,43.983,44.044,38864.0,33811680.0,8.83,8.84,8.69,8.7,True,国机精工,False
2020-12-09,43.799,44.044,42.017,42.14,55571.0,46624069.0,8.66,8.7,8.37,8.39,True,国机精工,False
2020-12-10,41.894,42.631,41.402,42.263,27511.0,23136751.0,8.35,8.47,8.27,8.41,True,国机精工,False
2020-12-11,42.508,42.57,41.218,42.263,35127.0,29541807.0,8.45,8.46,8.24,8.41,True,国机精工,False
2020-12-14,42.324,43.368,41.832,43.246,27817.0,23839169.0,8.42,8.59,8.34,8.57,True,国机精工,False
2020-12-15,43.184,43.368,42.57,43.184,22539.0,19293384.0,8.56,8.59,8.46,8.56,True,国机精工,False
2020-12-16,43.307,43.43,41.832,41.894,30960.0,25851600.0,8.58,8.6,8.34,8.35,True,国机精工,False
2020-12-17,41.955,41.955,40.358,41.341,41728.0,34467328.0,8.36,8.36,8.1,8.26,True,国机精工,False
2020-12-18,42.447,46.44,42.201,46.44,82811.0,75275199.0,8.44,9.09,8.4,9.09,True,国机精工,False
2020-12-21,48.222,48.222,45.15,45.887,232660.0,209394000.0,9.38,9.38,8.88,9.0,True,国机精工,False
2020-12-22,44.72,45.396,42.815,43.123,145181.0,124129755.0,8.81,8.92,8.5,8.55,True,国机精工,False
2020-12-23,42.078,43.246,42.078,42.815,99033.0,84178050.0,8.38,8.57,8.38,8.5,True,国机精工,False
2020-12-24,42.447,48.038,41.771,48.038,330744.0,309245640.0,8.44,9.35,8.33,9.35,True,国机精工,False
2020-12-25,49.574,53.813,47.915,53.813,532694.0,548142126.0,9.6,10.29,9.33,10.29,True,国机精工,False
2020-12-28,55.718,60.142,50.803,55.472,645281.0,681416736.0,10.6,11.32,9.8,10.56,True,国机精工,False
2020-12-29,52.707,61.37,50.495,55.779,587589.0,623431929.0,10.11,11.52,9.75,10.61,True,国机精工,False
2020-12-30,53.936,57.93,50.864,53.199,419113.0,427076147.0,10.31,10.96,9.81,10.19,True,国机精工,False
2020-12-31,51.724,54.243,51.724,52.462,311922.0,314105454.0,9.95,10.36,9.95,10.07,True,国机精工,False
2021-01-04,52.031,55.656,51.724,53.26,325382.0,331889640.0,10.0,10.59,9.95,10.2,True,国机精工,False
2021-01-05,53.567,54.612,52.093,54.12,294710.0,304730140.0,10.25,10.42,10.01,10.34,True,国机精工,False
2021-01-06,52.83,53.076,49.451,49.758,314511.0,302874093.0,10.13,10.17,9.58,9.63,True,国机精工,False
2021-01-07,49.574,50.557,46.379,47.116,227670.0,209456400.0,9.6,9.76,9.08,9.2,True,国机精工,False
2021-01-08,46.809,46.993,44.044,44.659,176651.0,155452880.0,9.15,9.18,8.7,8.8,True,国机精工,False
2021-01-11,44.966,46.01,43.307,43.43,141991.0,122112260.0,8.85,9.02,8.58,8.6,True,国机精工,False
2021-01-12,42.754,45.457,42.508,44.659,128794.0,113338720.0,8.49,8.93,8.45,8.8,True,国机精工,False
2021-01-13,44.351,44.536,42.017,42.14,152122.0,127630358.0,8.75,8.78,8.37,8.39,True,国机精工,False
2021-01-14,42.078,43.123,41.279,42.324,97705.0,82267610.0,8.38,8.55,8.25,8.42,True,国机精工,False
2021-01-15,42.201,43.491,41.771,43.368,80884.0,69479356.0,8.4,8.61,8.33,8.59,True,国机精工,False
2021-01-18,43.737,44.659,43.553,43.921,85771.0,74449228.0,8.65,8.8,8.62,8.68,True,国机精工,False
2021-01-19,43.921,43.921,42.385,42.447,87494.0,73844936.0,8.68,8.68,8.43,8.44,True,国机精工,False
2021-01-20,42.324,43.553,41.894,43.123,71158.0,60840090.00000001,8.42,8.62,8.35,8.55,True,国机精工,False
2021-01-21,43.307,43.614,42.201,43.184,87699.0,75070344.0,8.58,8.63,8.4,8.56,True,国机精工,False
2021-01-22,43.737,43.737,41.341,41.832,87744.0,73178496.0,8.65,8.65,8.26,8.34,True,国机精工,False
2021-01-25,40.972,40.972,38.207,38.453,138394.0,107808926.0,8.2,8.2,7.75,7.79,True,国机精工,False
2021-01-26,38.33,38.392,36.426,36.549,84480.0,63191040.0,7.77,7.78,7.46,7.48,True,国机精工,False
2021-01-27,36.119,36.979,36.119,36.487,44488.0,33232536.0,7.41,7.55,7.41,7.47,True,国机精工,False
2021-01-28,36.18,39.006,35.811,37.777,89641.0,68844288.0,7.42,7.88,7.36,7.68,True,国机精工,False
2021-01-29,37.47,38.023,35.934,38.023,76001.0,58672772.0,7.63,7.72,7.38,7.72,True,国机精工,False
2021-02-01,37.163,38.33,37.163,37.716,46768.0,35871056.0,7.58,7.77,7.58,7.67,True,国机精工,False
2021-02-02,37.716,41.464,37.163,39.621,84026.0,67052748.0,7.67,8.28,7.58,7.98,True,国机精工,False
2021-02-03,39.191,39.498,38.085,38.146,57105.0,44199270.0,7.91,7.96,7.73,7.74,True,国机精工,False
2021-02-04,37.962,38.023,36.303,36.61,47565.0,35626185.0,7.71,7.72,7.44,7.49,True,国机精工,False
2021-02-05,36.917,37.286,35.934,35.934,36356.0,26830728.0,7.54,7.6,7.38,7.38,True,国机精工,False
2021-02-08,34.521,35.934,34.521,34.583,37790.0,27057640.0,7.15,7.38,7.15,7.16,True,国机精工,False
2021-02-09,34.705,35.873,34.705,35.627,31238.0,22897454.0,7.18,7.37,7.18,7.33,True,国机精工,False
2021-02-10,35.566,36.364,35.504,36.241,28502.0,21176986.0,7.32,7.45,7.31,7.43,True,国机精工,False
2021-02-18,36.364,37.532,36.364,37.286,42334.0,32173840.0,7.45,7.64,7.45,7.6,True,国机精工,False
2021-02-19,37.9,38.515,37.04,38.392,60884.0,47367752.0,7.7,7.8,7.56,7.78,True,国机精工,False
2021-02-22,39.436,40.112,38.515,38.638,83334.0,65167188.0,7.95,8.06,7.8,7.82,True,国机精工,False
2021-02-23,38.638,38.883,37.777,38.207,47629.0,36912475.0,7.82,7.86,7.68,7.75,True,国机精工,False
2021-02-24,38.453,39.191,37.9,38.453,43347.0,33767313.0,7.79,7.91,7.7,7.79,True,国机精工,False
2021-02-25,38.822,38.945,37.716,37.777,39955.0,30685440.0,7.85,7.87,7.67,7.68,True,国机精工,False
2021-02-26,37.593,38.207,37.04,37.839,32790.0,25215510.0,7.65,7.75,7.56,7.69,True,国机精工,False
2021-03-01,37.9,39.621,37.9,39.129,52623.0,41572170.0,7.7,7.98,7.7,7.9,True,国机精工,False
2021-03-02,39.129,40.051,39.006,39.743,63622.0,50897600.0,7.9,8.05,7.88,8.0,True,国机精工,False
2021-03-03,39.866,40.972,39.191,40.911,85517.0,70038423.0,8.02,8.2,7.91,8.19,True,国机精工,False
2021-03-04,40.911,41.341,39.805,40.419,79061.0,64118470.99999999,8.19,8.26,8.01,8.11,True,国机精工,False
2021-03-05,40.481,40.849,39.928,40.665,55666.0,45367790.0,8.12,8.18,8.03,8.15,True,国机精工,False
2021-03-08,40.788,41.218,38.945,39.129,68299.0,53956210.0,8.17,8.24,7.87,7.9,True,国机精工,False
2021-03-09,38.945,39.191,35.934,37.47,65321.0,49839923.0,7.87,7.91,7.38,7.63,True,国机精工,False
2021-03-10,37.777,37.9,36.426,36.487,36754.0,27455238.0,7.68,7.7,7.46,7.47,True,国机精工,False
2021-03-11,36.979,37.655,36.487,37.532,29606.0,22618984.0,7.55,7.66,7.47,7.64,True,国机精工,False
2021-03-12,37.532,37.716,37.04,37.347,27950.0,21269950.0,7.64,7.67,7.56,7.61,True,国机精工,False
2021-03-15,37.286,37.716,36.856,37.532,30169.0,23049116.0,7.6,7.67,7.53,7.64,True,国机精工,False
2021-03-16,37.9,38.207,37.532,38.207,38195.0,29601125.0,7.7,7.75,7.64,7.75,True,国机精工,False
2021-03-17,38.269,38.945,37.839,38.638,36599.0,28620418.0,7.76,7.87,7.69,7.82,True,国机精工,False
2021-03-18,38.33,38.699,38.085,38.207,31014.0,24035850.0,7.77,7.83,7.73,7.75,True,国机精工,False
2021-03-19,38.085,38.515,37.532,38.146,28293.0,21898782.0,7.73,7.8,7.64,7.74,True,国机精工,False
2021-03-22,37.9,38.515,37.777,38.515,30018.0,23414040.0,7.7,7.8,7.68,7.8,True,国机精工,False
2021-03-23,38.699,38.699,37.409,37.716,37699.0,28915133.0,7.83,7.83,7.62,7.67,True,国机精工,False
2021-03-24,37.839,37.962,36.979,37.102,30328.0,22958296.0,7.69,7.71,7.55,7.57,True,国机精工,False
2021-03-25,37.102,37.409,36.549,37.163,26504.0,20090032.0,7.57,7.62,7.48,7.58,True,国机精工,False
2021-03-26,37.409,37.593,36.794,37.593,27488.0,21028320.0,7.62,7.65,7.52,7.65,True,国机精工,False
2021-03-29,37.777,37.839,37.04,37.163,28711.0,21762938.0,7.68,7.69,7.56,7.58,True,国机精工,False
2021-03-30,37.102,37.224,36.426,36.671,27344.0,20508000.0,7.57,7.59,7.46,7.5,True,国机精工,False
2021-03-31,36.856,36.917,36.303,36.671,19857.0,14892750.0,7.53,7.54,7.44,7.5,True,国机精工,False
2021-04-01,36.733,36.917,36.241,36.487,27182.0,20304954.0,7.51,7.54,7.43,7.47,True,国机精工,False
2021-04-02,36.61,37.655,36.303,37.224,50385.0,38242215.0,7.49,7.66,7.44,7.59,True,国机精工,False
2021-04-06,37.224,37.532,37.04,37.286,31021.0,23575960.0,7.59,7.64,7.56,7.6,True,国机精工,False
2021-04-07,37.47,37.716,37.102,37.655,35213.0,26973158.0,7.63,7.67,7.57,7.66,True,国机精工,False
2021-04-08,37.532,37.839,36.856,36.979,43163.0,32588065.0,7.64,7.69,7.53,7.55,True,国机精工,False
2021-04-09,36.119,37.286,36.119,36.856,24228.0,18243684.0,7.41,7.6,7.41,7.53,True,国机精工,False
2021-04-12,36.794,36.794,36.119,36.119,27719.0,20539779.0,7.52,7.52,7.41,7.41,True,国机精工,False
2021-04-13,36.671,36.794,36.18,36.426,26274.0,19600404.0,7.5,7.52,7.42,7.46,True,国机精工,False
2021-04-14,36.671,36.979,36.18,36.979,24974.0,18855370.0,7.5,7.55,7.42,7.55,True,国机精工,False
2021-04-15,36.856,37.102,36.426,36.671,28392.0,21294000.0,7.53,7.57,7.46,7.5,True,国机精工,False
2021-04-16,36.61,37.655,36.61,37.47,35091.0,26774433.0,7.49,7.66,7.49,7.63,True,国机精工,False
2021-04-19,37.347,38.76,37.102,38.576,54292.0,42402052.0,7.61,7.84,7.57,7.81,True,国机精工,False
2021-04-20,38.576,38.822,38.207,38.269,43861.0,34036136.0,7.81,7.85,7.75,7.76,True,国机精工,False
2021-04-21,38.453,38.453,37.777,37.962,30227.0,23305017.0,7.79,7.79,7.68,7.71,True,国机精工,False
2021-04-22,38.146,38.515,37.777,38.085,28390.0,21945470.0,7.74,7.8,7.68,7.73,True,国机精工,False
2021-04-23,38.207,38.269,37.224,37.593,29881.0,22858965.0,7.75,7.76,7.59,7.65,True,国机精工,False
2021-04-26,37.716,38.146,37.347,37.839,35230.0,27091870.0,7.67,7.74,7.61,7.69,True,国机精工,False
2021-04-27,38.085,38.085,36.61,37.224,36730.0,27878070.0,7.73,7.73,7.49,7.59,True,国机精工,False
2021-04-28,37.286,40.911,36.856,39.559,111882.0,89169954.0,7.6,8.19,7.53,7.97,True,国机精工,False
2021-04-29,39.498,40.051,38.146,38.33,83935.0,65217495.0,7.96,8.05,7.74,7.77,True,国机精工,False
2021-04-30,38.515,40.235,37.777,39.129,90010.0,71107900.0,7.8,8.08,7.68,7.9,True,国机精工,False
2021-05-06,39.191,43.983,38.822,43.983,275920.0,239774480.0,7.91,8.69,7.85,8.69,True,国机精工,False
2021-05-07,42.815,43.614,42.017,42.57,209007.0,176819922.00000003,8.5,8.63,8.37,8.46,True,国机精工,False
2021-05-10,41.894,47.792,41.402,46.379,303343.0,275435444.0,8.35,9.31,8.27,9.08,True,国机精工,False
2021-05-11,45.396,48.959,44.966,45.887,211260.0,190134000.0,8.92,9.5,8.85,9.0,True,国机精工,False
2021-05-12,46.01,48.652,44.782,47.362,233795.0,216026580.0,9.02,9.45,8.82,9.24,True,国机精工,False
2021-05-13,46.256,48.468,44.72,44.966,157124.0,139054740.0,9.06,9.42,8.81,8.85,True,国机精工,False
2021-05-14,45.887,46.195,43.983,45.089,129477.0,114846099.0,9.0,9.05,8.69,8.87,True,国机精工,False
2021-05-17,46.625,46.932,44.167,44.29,102817.0,89862058.0,9.12,9.17,8.72,8.74,True,国机精工,False
2021-05-18,44.229,49.451,43.368,48.345,268293.0,252195420.0,8.73,9.58,8.59,9.4,True,国机精工,False
2021-05-19,47.731,51.724,47.239,49.512,236322.0,226632798.0,9.3,9.95,9.22,9.59,True,国机精工,False
2021-05-20,49.082,49.881,46.932,47.178,147004.0,135390684.0,9.52,9.65,9.17,9.21,True,国机精工,False
2021-05-21,44.659,45.887,43.123,43.737,172015.0,148792975.0,8.8,9.0,8.55,8.65,True,国机精工,False
2021-05-24,43.86,45.58,42.815,44.72,111383.0,98128423.0,8.67,8.95,8.5,8.81,True,国机精工,False
2021-05-25,44.659,50.127,44.29,50.127,137045.0,132796605.0,8.8,9.69,8.74,9.69,True,国机精工,False
2021-05-26,52.769,55.964,50.434,50.741,384510.0,376435290.0,10.12,10.64,9.74,9.79,True,国机精工,False
2021-05-27,51.417,52.953,48.222,51.724,340057.0,338356715.0,9.9,10.15,9.38,9.95,True,国机精工,False
2021-05-28,50.557,52.4,49.635,50.127,198578.0,192422082.0,9.76,10.06,9.61,9.69,True,国机精工,False
2021-05-31,51.417,52.031,48.529,50.065,193600.0,187404800.0,9.9,10.0,9.43,9.68,True,国机精工,False
2021-06-01,49.328,50.065,47.854,49.144,159058.0,151582274.0,9.56,9.68,9.32,9.53,True,国机精工,False
2021-06-02,48.959,50.434,47.178,47.301,150503.0,138914269.0,9.5,9.74,9.21,9.23,True,国机精工,False
2021-06-03,46.87,48.161,45.703,46.563,125022.0,113895042.0,9.16,9.37,8.97,9.11,True,国机精工,False
2021-06-04,47.055,47.055,44.904,45.212,122660.0,109044740.0,9.19,9.19,8.84,8.89,True,国机精工,False
2021-06-07,45.212,46.01,44.843,45.334,89120.0,79405920.0,8.89,9.02,8.83,8.91,True,国机精工,False
2021-06-08,45.334,46.993,44.843,46.993,129335.0,118729530.0,8.91,9.18,8.83,9.18,True,国机精工,False
2021-06-09,46.686,46.748,45.457,45.642,90091.0,80721536.00000001,9.13,9.14,8.93,8.96,True,国机精工,False
2021-06-10,45.334,46.748,43.737,46.072,131277.0,118543131.0,8.91,9.14,8.65,9.03,True,国机精工,False
2021-06-11,45.949,45.949,43.921,44.106,82016.0,71435936.0,9.01,9.01,8.68,8.71,True,国机精工,False
2021-06-15,44.044,44.351,43.307,43.921,42343.0,36753724.0,8.7,8.75,8.58,8.68,True,国机精工,False
2021-06-16,43.86,47.608,43.86,45.519,123065.0,110020110.0,8.67,9.28,8.67,8.94,True,国机精工,False
2021-06-17,46.256,46.502,44.536,45.334,81754.0,72842814.0,9.06,9.1,8.78,8.91,True,国机精工,False
2021-06-18,45.887,48.222,45.703,47.608,176724.0,163999872.0,9.0,9.38,8.97,9.28,True,国机精工,False
2021-06-21,47.608,48.406,46.932,47.854,166882.0,155534024.0,9.28,9.41,9.17,9.32,True,国机精工,False
2021-06-22,47.608,47.731,46.379,46.748,100749.0,92084586.0,9.28,9.3,9.08,9.14,True,国机精工,False
2021-06-23,46.993,46.993,44.782,45.457,120061.0,107214473.0,9.18,9.18,8.82,8.93,True,国机精工,False
2021-06-24,45.15,46.01,45.089,45.273,67227.0,59832030.0,8.88,9.02,8.87,8.9,True,国机精工,False
2021-06-25,45.089,45.273,43.921,44.966,76431.0,67641435.0,8.87,8.9,8.68,8.85,True,国机精工,False
2021-06-28,44.904,45.396,44.782,45.027,46955.0,41602130.0,8.84,8.92,8.82,8.86,True,国机精工,False
2021-06-29,44.966,45.027,43.799,43.921,51818.0,44978024.0,8.85,8.86,8.66,8.68,True,国机精工,False
2021-06-30,43.891,45.55,43.768,44.628,53940.0,47197500.0,8.63,8.9,8.61,8.75,True,国机精工,False
2021-07-01,44.812,45.119,43.153,43.276,63344.0,54032431.99999999,8.78,8.83,8.51,8.53,True,国机精工,False
2021-07-02,43.338,43.706,41.064,41.064,100485.0,82096245.0,8.54,8.6,8.17,8.17,True,国机精工,False
2021-07-05,41.064,42.723,40.819,42.478,51547.0,43299480.0,8.17,8.44,8.13,8.4,True,国机精工,False
2021-07-06,42.416,43.031,41.863,42.908,48316.0,40923652.0,8.39,8.49,8.3,8.47,True,国机精工,False
2021-07-07,42.6,43.092,42.17,42.908,34874.0,29538278.000000004,8.42,8.5,8.35,8.47,True,国机精工,False
2021-07-08,42.6,44.136,42.6,43.768,69582.0,59910101.99999999,8.42,8.67,8.42,8.61,True,国机精工,False
2021-07-09,43.461,44.444,43.215,44.259,58727.0,51033763.0,8.56,8.72,8.52,8.69,True,国机精工,False
2021-07-12,44.321,46.778,43.891,45.488,104634.0,93019626.0,8.7,9.1,8.63,8.89,True,国机精工,False
2021-07-13,48.314,49.727,46.901,47.147,183870.0,168424920.0,9.35,9.58,9.12,9.16,True,国机精工,False
2021-07-14,47.393,48.99,46.84,47.823,144226.0,133697502.0,9.2,9.46,9.11,9.27,True,国机精工,False
2021-07-15,48.007,50.342,47.946,49.85,192975.0,185256000.0,9.3,9.68,9.29,9.6,True,国机精工,False
2021-07-16,49.543,50.833,48.806,50.035,153968.0,148271184.0,9.55,9.76,9.43,9.63,True,国机精工,False
2021-07-19,49.543,50.403,48.683,49.236,108432.0,103010400.0,9.55,9.69,9.41,9.5,True,国机精工,False
2021-07-20,48.499,50.403,48.499,49.85,97717.0,93808320.0,9.38,9.69,9.38,9.6,True,国机精工,False
2021-07-21,49.912,51.202,49.482,50.035,106119.0,102192597.0,9.61,9.82,9.54,9.63,True,国机精工,False
2021-07-22,50.035,50.403,49.236,49.543,85884.0,82019220.0,9.63,9.69,9.5,9.55,True,国机精工,False
2021-07-23,49.789,50.342,48.56,49.297,100711.0,95776161.0,9.59,9.68,9.39,9.51,True,国机精工,False
2021-07-26,49.297,50.772,48.56,49.543,115417.0,110223235.0,9.51,9.75,9.39,9.55,True,国机精工,False
2021-07-27,49.973,52.861,48.99,49.42,180589.0,172101317.0,9.62,10.09,9.46,9.53,True,国机精工,False
2021-07-28,48.929,49.359,44.935,47.086,146770.0,134294550.0,9.45,9.52,8.8,9.15,True,国机精工,False
2021-07-29,48.13,50.219,47.884,49.666,103362.0,98917434.0,9.32,9.66,9.28,9.57,True,国机精工,False
2021-07-30,49.727,51.632,49.236,51.141,92978.0,91211418.0,9.58,9.89,9.5,9.81,True,国机精工,False
2021-08-02,51.141,53.045,50.219,52.799,137693.0,138794544.0,9.81,10.12,9.66,10.08,True,国机精工,False
2021-08-03,52.001,52.001,49.236,49.85,136924.0,131447040.0,9.95,9.95,9.5,9.6,True,国机精工,False
2021-08-04,49.789,52.431,49.297,51.448,109412.0,107880232.0,9.59,10.02,9.51,9.86,True,国机精工,False
2021-08-05,51.632,54.888,51.079,54.335,227756.0,235271948.0,9.89,10.42,9.8,10.33,True,国机精工,False
2021-08-06,54.581,54.581,51.878,53.352,163572.0,166352724.0,10.37,10.37,9.93,10.17,True,国机精工,False
2021-08-09,53.23,54.335,52.492,53.23,114174.0,115886610.0,10.15,10.33,10.03,10.15,True,国机精工,False
2021-08-10,52.922,55.687,52.554,54.704,167245.0,173767555.0,10.1,10.55,10.04,10.39,True,国机精工,False
2021-08-11,54.213,56.486,54.151,56.117,147064.0,156181968.0,10.31,10.68,10.3,10.62,True,国机精工,False
2021-08-12,55.073,56.117,53.291,54.95,136916.0,142803388.0,10.45,10.62,10.16,10.43,True,国机精工,False
2021-08-13,54.95,56.056,53.905,56.056,125128.0,132760808.0,10.43,10.61,10.26,10.61,True,国机精工,False
2021-08-16,58.083,58.452,52.677,52.799,230628.0,232473024.0,10.94,11.0,10.06,10.08,True,国机精工,False
2021-08-17,53.475,55.687,51.694,52.001,173566.0,172698170.0,10.19,10.55,9.9,9.95,True,国机精工,False
2021-08-18,51.079,55.933,50.649,53.905,137553.0,141129378.0,9.8,10.59,9.73,10.26,True,国机精工,False
2021-08-19,54.274,54.888,52.369,53.475,84835.0,86446865.0,10.32,10.42,10.01,10.19,True,国机精工,False
2021-08-20,53.66,57.838,52.369,56.056,194136.0,205978296.0,10.22,10.9,10.01,10.61,True,国机精工,False
2021-08-23,58.39,62.568,58.268,62.568,363465.0,424163655.0,10.99,11.67,10.97,11.67,True,国机精工,False
2021-08-24,64.596,65.21,61.34,62.507,409917.0,477963222.0,12.0,12.1,11.47,11.66,True,国机精工,False
2021-08-25,61.462,61.524,59.128,60.541,241199.0,273519666.0,11.49,11.5,11.11,11.34,True,国机精工,False
2021-08-26,59.988,61.34,58.943,60.111,224836.0,253390172.0,11.25,11.47,11.08,11.27,True,国机精工,False
2021-08-27,59.681,64.412,58.821,64.043,291698.0,347412318.0,11.2,11.97,11.06,11.91,True,国机精工,False
2021-08-30,63.982,63.982,60.91,63.982,246723.0,293600370.0,11.9,11.9,11.4,11.9,True,国机精工,False
2021-08-31,63.06,63.06,60.91,61.954,156735.0,181342395.0,11.75,11.75,11.4,11.57,True,国机精工,False
2021-09-01,61.34,63.551,58.759,61.032,165454.0,188948468.0,11.47,11.83,11.05,11.42,True,国机精工,False
2021-09-02,60.172,62.446,59.374,61.524,128012.0,147213800.0,11.28,11.65,11.15,11.5,True,国机精工,False
2021-09-03,61.524,65.149,60.049,60.602,190622.0,216355970.0,11.5,12.09,11.26,11.35,True,国机精工,False
2021-09-06,60.541,63.306,59.435,62.446,145814.0,169873310.0,11.34,11.79,11.16,11.65,True,国机精工,False
2021-09-07,62.077,64.104,61.278,63.121,140806.0,165587856.0,11.59,11.92,11.46,11.76,True,国机精工,False
2021-09-08,63.121,66.255,62.446,62.937,197169.0,231279237.0,11.76,12.27,11.65,11.73,True,国机精工,False
2021-09-09,62.568,64.227,60.971,61.893,152125.0,175856500.0,11.67,11.94,11.41,11.56,True,国机精工,False
2021-09-10,61.401,62.446,59.804,60.602,128768.0,146151680.0,11.48,11.65,11.22,11.35,True,国机精工,False
2021-09-13,59.988,60.848,58.759,59.496,97229.0,108604793.0,11.25,11.39,11.05,11.17,True,国机精工,False
2021-09-14,59.681,62.138,59.005,61.893,138601.0,160222756.0,11.2,11.6,11.09,11.56,True,国机精工,False
2021-09-15,62.753,69.02,57.838,69.02,440371.0,560151912.0,11.7,12.72,10.9,12.72,True,国机精工,False
2021-09-16,70.74,76.822,70.187,76.822,431533.0,603714667.0,13.0,13.99,12.91,13.99,True,国机精工,False
2021-09-17,78.85,82.659,74.611,77.621,586269.0,827811828.0,14.32,14.94,13.63,14.12,True,国机精工,False
2021-09-22,78.113,80.693,73.689,80.325,447826.0,652034656.0,14.2,14.62,13.48,14.56,True,国机精工,False
2021-09-23,77.56,85.731,75.041,76.884,437540.0,612556000.0,14.11,15.44,13.7,14.0,True,国机精工,False
2021-09-24,76.269,85.485,76.024,82.045,627694.0,931497896.0,13.9,15.4,13.86,14.84,True,国机精工,False
2021-09-27,79.034,80.816,73.197,77.744,407371.0,576022594.0,14.35,14.64,13.4,14.14,True,国机精工,False
2021-09-28,79.219,79.219,75.164,78.236,207911.0,295649442.0,14.38,14.38,13.72,14.22,True,国机精工,False
2021-09-29,76.085,76.208,69.511,69.511,214769.0,274904320.0,13.87,13.89,12.8,12.8,True,国机精工,False
2021-09-30,65.333,67.914,65.087,66.808,237893.0,294035748.0,12.12,12.54,12.08,12.36,True,国机精工,False
2021-10-08,66.132,68.528,63.121,68.159,191337.0,240701946.0,12.25,12.64,11.76,12.58,True,国机精工,False
2021-10-11,68.037,71.846,64.965,68.344,201927.0,254629947.0,12.56,13.18,12.06,12.61,True,国机精工,False
2021-10-12,67.914,72.522,66.316,71.293,272803.0,357099127.0,12.54,13.29,12.28,13.09,True,国机精工,False
2021-10-13,71.231,78.42,66.439,77.191,323302.0,454239310.0,13.08,14.25,12.3,14.05,True,国机精工,False
2021-10-14,80.017,85.854,78.789,85.854,262240.0,405423040.0,14.51,15.46,14.31,15.46,True,国机精工,False
2021-10-15,91.445,95.377,89.049,91.691,641534.0,1052757294.0,16.37,17.01,15.98,16.41,True,国机精工,False
2021-10-18,92.367,95.193,87.452,93.227,544205.0,906645530.0,16.52,16.98,15.72,16.66,True,国机精工,False
2021-10-19,90.401,102.689,88.619,99.371,537225.0,948739350.0,16.2,18.2,15.91,17.66,True,国机精工,False
2021-10-20,98.019,108.71,98.019,103.672,548748.0,1007501328.0,17.44,19.18,17.44,18.36,True,国机精工,False
2021-10-21,101.583,105.884,100.108,103.303,360592.0,659883360.0,18.02,18.72,17.78,18.3,True,国机精工,False
2021-10-22,100.845,101.89,94.763,95.377,444233.0,755640333.0000001,17.9,18.07,16.91,17.01,True,国机精工,False
2021-10-25,96.483,97.159,93.043,97.036,346511.0,598771008.0,17.19,17.3,16.63,17.28,True,国机精工,False
2021-10-26,94.579,96.422,91.015,91.691,323219.0,530402379.0,16.88,17.18,16.3,16.41,True,国机精工,False
2021-10-27,90.769,93.35,87.206,92.735,287342.0,476413036.0,16.26,16.68,15.68,16.58,True,国机精工,False
2021-10-28,91.937,94.579,88.004,88.127,271747.0,430175501.0,16.45,16.88,15.81,15.83,True,国机精工,False
2021-10-29,90.278,95.623,88.25,93.473,376702.0,629092340.0,16.18,17.05,15.85,16.7,True,国机精工,False
2021-11-01,90.401,97.528,83.949,96.852,512767.0,884523075.0,16.2,17.36,15.15,17.25,True,国机精工,False
2021-11-02,95.132,100.661,90.401,93.35,527747.0,880281996.0,16.97,17.87,16.2,16.68,True,国机精工,False
2021-11-03,92.551,93.78,83.642,85.301,383524.0,589476388.0,16.55,16.75,15.1,15.37,True,国机精工,False
2021-11-04,85.363,89.663,85.363,87.513,285687.0,449385651.0,15.38,16.08,15.38,15.73,True,国机精工,False
2021-11-05,86.468,91.998,84.318,90.093,323706.0,522785190.0,15.56,16.46,15.21,16.15,True,国机精工,False
2021-11-08,89.602,95.684,88.127,93.964,352023.0,590694594.0,16.07,17.06,15.83,16.78,True,国机精工,False
2021-11-09,93.534,95.562,87.943,93.903,346037.0,580304049.0,16.71,17.04,15.8,16.77,True,国机精工,False
2021-11-10,92.244,101.706,89.356,101.644,456371.0,822836913.0,16.5,18.04,16.03,18.03,True,国机精工,False
2021-11-11,100.845,112.458,97.589,107.112,567734.0,1074152728.0,17.9,19.79,17.37,18.92,True,国机精工,False
2021-11-12,105.576,106.989,101.583,102.259,358918.0,650718334.0,18.67,18.9,18.02,18.13,True,国机精工,False
2021-11-15,102.074,104.716,95.992,96.422,335190.0,575856420.0,18.1,18.53,17.11,17.18,True,国机精工,False
2021-11-16,94.394,99.309,92.92,94.148,238395.0,400741995.0,16.85,17.65,16.61,16.81,True,国机精工,False
2021-11-17,92.981,98.879,92.551,98.081,217359.0,379291455.0,16.62,17.58,16.55,17.45,True,国机精工,False
2021-11-18,97.773,101.153,96.36,99.002,218677.0,384871520.00000006,17.4,17.95,17.17,17.6,True,国机精工,False
2021-11-19,98.449,99.985,95.623,97.958,154423.0,269159289.0,17.51,17.76,17.05,17.43,True,国机精工,False
2021-11-22,97.651,102.627,97.098,102.443,214148.0,388892768.0,17.38,18.19,17.29,18.16,True,国机精工,False
2021-11-23,102.197,105.638,100.477,101.398,276815.0,497990185.0,18.12,18.68,17.84,17.99,True,国机精工,False
2021-11-24,99.002,99.924,96.053,96.545,209456.0,360264320.0,17.6,17.75,17.12,17.2,True,国机精工,False
2021-11-25,95.93,97.036,90.093,90.093,235173.0,379804395.0,17.1,17.28,16.15,16.15,True,国机精工,False
2021-11-26,89.848,92.121,88.865,90.708,137830.0,223973750.0,16.11,16.48,15.95,16.25,True,国机精工,False
2021-11-29,88.557,91.691,87.206,90.339,97423.0,157727837.0,15.9,16.41,15.68,16.19,True,国机精工,False
2021-11-30,91.384,94.824,91.076,92.244,154910.0,255601500.0,16.36,16.92,16.31,16.5,True,国机精工,False
2021-12-01,93.411,93.657,89.418,90.216,126316.0,204252972.00000003,16.69,16.73,16.04,16.17,True,国机精工,False
2021-12-02,89.909,91.199,88.127,90.769,102118.0,166043868.00000003,16.12,16.33,15.83,16.26,True,国机精工,False
2021-12-03,89.725,90.585,88.312,89.295,85044.0,136240488.0,16.09,16.23,15.86,16.02,True,国机精工,False
2021-12-06,88.557,88.557,81.983,83.888,205010.0,310385140.0,15.9,15.9,14.83,15.14,True,国机精工,False
2021-12-07,87.697,93.165,86.407,93.165,243680.0,405727200.0,15.76,16.65,15.55,16.65,True,国机精工,False
2021-12-08,96.237,96.237,91.629,93.104,257649.0,428727936.0,17.15,17.15,16.4,16.64,True,国机精工,False
2021-12-09,93.043,93.104,88.557,88.557,175221.0,278601390.0,16.63,16.64,15.9,15.9,True,国机精工,False
2021-12-10,90.093,92.182,89.848,90.216,150003.0,242554851.00000003,16.15,16.49,16.11,16.17,True,国机精工,False
2021-12-13,88.865,90.708,87.943,89.479,97386.0,156304530.0,15.95,16.25,15.8,16.05,True,国机精工,False
2021-12-14,89.356,89.786,87.083,87.636,87145.0,137253375.0,16.03,16.1,15.66,15.75,True,国机精工,False
2021-12-15,86.96,88.68,85.731,86.591,92765.0,144527870.0,15.64,15.92,15.44,15.58,True,国机精工,False
2021-12-16,86.284,87.39,84.748,85.117,84908.0,130248872.0,15.53,15.71,15.28,15.34,True,国机精工,False
2021-12-17,85.424,85.916,82.598,82.844,105748.0,158304756.0,15.39,15.47,14.93,14.97,True,国机精工,False
2021-12-20,82.844,83.949,78.911,80.755,132919.0,194460497.0,14.97,15.15,14.33,14.63,True,国机精工,False
2021-12-21,80.693,82.536,80.079,81.922,62259.0,92267838.0,14.62,14.92,14.52,14.82,True,国机精工,False
2021-12-22,82.106,82.106,79.833,80.877,72532.0,106259380.0,14.85,14.85,14.48,14.65,True,国机精工,False
2021-12-23,80.939,82.536,79.956,82.536,67994.0,101447048.0,14.66,14.92,14.5,14.92,True,国机精工,False
2021-12-24,82.721,87.021,77.99,84.441,202776.0,308827848.0,14.95,15.65,14.18,15.23,True,国机精工,False
2021-12-27,81.369,90.155,76.822,88.004,252996.0,399986676.0,14.73,16.16,13.99,15.81,True,国机精工,False
2021-12-28,86.1,87.329,84.38,85.608,104512.0,161157504.0,15.5,15.7,15.22,15.42,True,国机精工,False
2021-12-29,86.038,87.144,84.257,85.916,73928.0,114366616.0,15.49,15.67,15.2,15.47,True,国机精工,False
2021-12-30,86.468,87.759,84.257,84.625,81001.0,123607526.0,15.56,15.77,15.2,15.26,True,国机精工,False
2021-12-31,84.38,85.363,81.738,82.291,84912.0,126349056.0,15.22,15.38,14.79,14.88,True,国机精工,False
2022-01-04,82.291,83.642,81.369,81.799,65242.0,96558160.0,14.88,15.1,14.73,14.8,True,国机精工,False
2022-01-05,82.291,82.291,78.481,78.789,63327.0,90620937.0,14.88,14.88,14.26,14.31,True,国机精工,False
2022-01-06,77.928,86.899,77.56,84.871,142116.0,217437480.0,14.17,15.63,14.11,15.3,True,国机精工,False
2022-01-07,84.933,84.933,81.799,82.475,56694.0,84530754.0,15.31,15.31,14.8,14.91,True,国机精工,False
2022-01-10,82.475,83.581,79.649,82.106,41050.0,60959250.0,14.91,15.09,14.45,14.85,True,国机精工,False
2022-01-11,81.492,84.195,80.755,82.352,48969.0,72914841.0,14.75,15.19,14.63,14.89,True,国机精工,False
2022-01-12,78.236,78.236,74.426,76.269,228153.0,317132670.0,14.22,14.22,13.6,13.9,True,国机精工,False
2022-01-13,76.269,76.269,69.142,70.187,161697.0,208750827.0,13.9,13.9,12.74,12.91,True,国机精工,False
2022-01-14,70.248,71.047,68.651,70.678,69741.0,90593559.0,12.92,13.05,12.66,12.99,True,国机精工,False
2022-01-17,70.003,72.767,70.003,72.153,64362.0,85150926.0,12.88,13.33,12.88,13.23,True,国机精工,False
2022-01-18,72.276,76.577,72.214,73.812,83127.0,112221450.0,13.25,13.95,13.24,13.5,True,国机精工,False
2022-01-19,72.645,74.426,71.109,72.46,48490.0,64394720.0,13.31,13.6,13.06,13.28,True,国机精工,False
2022-01-20,71.907,72.706,69.634,70.556,42483.0,55100451.0,13.19,13.32,12.82,12.97,True,国机精工,False
2022-01-21,69.634,71.969,68.651,68.958,47990.0,60995290.00000001,12.82,13.2,12.66,12.71,True,国机精工,False
2022-01-24,68.037,72.276,67.914,70.74,51257.0,66634100.0,12.56,13.25,12.54,13.0,True,国机精工,False
2022-01-25,70.801,71.047,67.422,67.791,52807.0,66114364.0,13.01,13.05,12.46,12.52,True,国机精工,False
2022-01-26,67.729,69.388,67.668,68.037,26734.0,33577904.0,12.51,12.78,12.5,12.56,True,国机精工,False
2022-01-27,68.098,68.774,66.562,66.562,33865.0,41721680.0,12.57,12.68,12.32,12.32,True,国机精工,False
2022-01-28,66.316,68.344,65.333,66.439,37242.0,45807660.0,12.28,12.61,12.12,12.3,True,国机精工,False
2022-02-07,67.668,71.293,67.668,68.897,60845.0,77273150.0,12.5,13.09,12.5,12.7,True,国机精工,False
2022-02-08,69.204,70.248,67.484,70.003,62448.0,80433024.0,12.75,12.92,12.47,12.88,True,国机精工,False
2022-02-09,69.695,71.17,68.835,70.187,42311.0,54623501.0,12.83,13.07,12.69,12.91,True,国机精工,False
2022-02-10,70.433,70.556,68.651,69.695,43321.0,55580843.0,12.95,12.97,12.66,12.83,True,国机精工,False
2022-02-11,70.003,70.003,65.026,65.825,83742.0,102165240.0,12.88,12.88,12.07,12.2,True,国机精工,False
2022-02-14,65.026,66.439,62.998,63.674,72281.0,85652985.0,12.07,12.3,11.74,11.85,True,国机精工,False
2022-02-15,64.289,68.405,64.166,66.193,116715.0,143092590.0,11.95,12.62,11.93,12.26,True,国机精工,False
2022-02-16,65.948,67.053,65.456,66.623,59263.0,73071279.0,12.22,12.4,12.14,12.33,True,国机精工,False
2022-02-17,66.439,68.467,65.886,67.729,70705.0,88451955.0,12.3,12.63,12.21,12.51,True,国机精工,False
2022-02-18,67.238,67.484,65.579,66.501,46457.0,57188567.0,12.43,12.47,12.16,12.31,True,国机精工,False
2022-02-21,66.378,69.88,66.255,68.958,78932.0,100322572.0,12.29,12.86,12.27,12.71,True,国机精工,False
2022-02-22,68.467,72.89,67.791,71.539,144477.0,189698301.0,12.63,13.35,12.52,13.13,True,国机精工,False
2022-02-23,72.276,73.935,70.003,72.767,142986.0,190600338.0,13.25,13.52,12.88,13.33,True,国机精工,False
2022-02-24,73.873,74.979,71.969,73.136,159719.0,213863741.0,13.51,13.69,13.2,13.39,True,国机精工,False
2022-02-25,73.197,73.197,71.846,72.399,77232.0,102486864.0,13.4,13.4,13.18,13.27,True,国机精工,False
2022-02-28,73.689,75.348,72.46,73.013,60743.0,81213391.0,13.48,13.75,13.28,13.37,True,国机精工,False
2022-03-01,72.645,73.873,72.583,73.259,49749.0,66713409.0,13.31,13.51,13.3,13.41,True,国机精工,False
2022-03-02,72.89,74.488,71.846,73.873,54652.0,73834852.0,13.35,13.61,13.18,13.51,True,国机精工,False
2022-03-03,73.628,74.795,72.522,73.812,57041.0,77005350.0,13.47,13.66,13.29,13.5,True,国机精工,False
2022-03-04,73.812,73.812,69.204,69.327,105645.0,134908665.0,13.5,13.5,12.75,12.77,True,国机精工,False
2022-03-07,68.712,72.829,68.712,69.88,74029.0,95201294.0,12.67,13.34,12.67,12.86,True,国机精工,False
2022-03-08,70.248,70.986,66.931,67.238,56199.0,69855357.0,12.92,13.04,12.38,12.43,True,国机精工,False
2022-03-09,67.914,68.282,62.814,66.501,52454.0,64570874.0,12.54,12.6,11.71,12.31,True,国机精工,False
2022-03-10,67.975,70.494,67.176,70.248,59292.0,76605264.0,12.55,12.96,12.42,12.92,True,国机精工,False
2022-03-11,69.88,69.88,67.053,69.142,52420.0,66783080.0,12.86,12.86,12.4,12.74,True,国机精工,False
2022-03-14,70.31,70.31,63.982,64.473,68276.0,81794648.0,12.93,12.93,11.9,11.98,True,国机精工,False
2022-03-15,65.026,65.026,57.1,57.285,91957.0,99405517.0,12.07,12.07,10.78,10.81,True,国机精工,False
2022-03-16,58.329,60.172,55.564,59.558,73760.0,82463680.0,10.98,11.28,10.53,11.18,True,国机精工,False
2022-03-17,61.401,64.596,59.681,62.384,78392.0,91248288.0,11.48,12.0,11.2,11.64,True,国机精工,False
2022-03-18,62.998,66.992,62.077,66.132,77431.0,94852975.0,11.74,12.39,11.59,12.25,True,国机精工,False
2022-03-21,65.702,68.589,65.395,67.729,89557.0,112035807.0,12.18,12.65,12.13,12.51,True,国机精工,False
2022-03-22,68.098,70.924,66.501,70.556,101876.0,132133172.0,12.57,13.03,12.31,12.97,True,国机精工,False
2022-03-23,70.125,71.784,69.695,71.047,61549.0,80321445.0,12.9,13.17,12.83,13.05,True,国机精工,False
2022-03-24,71.047,71.969,69.265,69.45,47125.0,60272874.99999999,13.05,13.2,12.76,12.79,True,国机精工,False
2022-03-25,69.695,69.818,67.299,67.422,34931.0,43524026.0,12.83,12.85,12.44,12.46,True,国机精工,False
2022-03-28,67.238,68.221,65.149,65.825,39907.0,48686540.0,12.43,12.59,12.09,12.2,True,国机精工,False
2022-03-29,66.501,68.835,65.825,66.439,49076.0,60363480.0,12.31,12.69,12.2,12.3,True,国机精工,False
2022-03-30,66.378,67.606,65.825,66.992,29101.0,36056139.0,12.29,12.49,12.2,12.39,True,国机精工,False
2022-03-31,66.316,66.869,64.412,64.78,32548.0,39155244.0,12.28,12.37,11.97,12.03,True,国机精工,False
2022-04-01,64.289,65.825,62.446,63.429,42393.0,50066133.0,11.95,12.2,11.65,11.81,True,国机精工,False
2022-04-06,63.367,63.49,61.647,62.2,39442.0,45792162.0,11.8,11.82,11.52,11.61,True,国机精工,False
2022-04-07,61.954,63.306,58.882,59.128,63334.0,70364074.0,11.57,11.79,11.07,11.11,True,国机精工,False
2022-04-08,58.882,60.357,57.776,58.698,41418.0,45725472.0,11.07,11.31,10.89,11.04,True,国机精工,False
2022-04-11,58.698,59.066,54.397,55.441,47873.0,50314523.0,11.04,11.1,10.34,10.51,True,国机精工,False
2022-04-12,55.564,57.838,55.011,57.776,39041.0,42515649.0,10.53,10.9,10.44,10.89,True,国机精工,False
2022-04-13,57.838,60.787,57.1,57.592,60954.0,66196044.0,10.9,11.38,10.78,10.86,True,国机精工,False
2022-04-14,57.838,58.882,56.67,58.206,48365.0,53008040.00000001,10.9,11.07,10.71,10.96,True,国机精工,False
2022-04-15,58.022,58.022,55.257,55.933,41890.0,44361510.0,10.93,10.93,10.48,10.59,True,国机精工,False
2022-04-18,55.871,56.363,53.844,55.38,33606.0,35286300.0,10.58,10.66,10.25,10.5,True,国机精工,False
2022-04-19,55.38,56.117,54.888,55.318,31328.0,32863072.0,10.5,10.62,10.42,10.49,True,国机精工,False
2022-04-20,55.38,55.994,53.475,54.09,30412.0,31293948.0,10.5,10.6,10.19,10.29,True,国机精工,False
2022-04-21,54.09,54.09,50.158,50.526,45979.0,44645609.00000001,10.29,10.29,9.65,9.71,True,国机精工,False
2022-04-22,50.465,50.465,48.56,48.867,31851.0,30067344.0,9.7,9.7,9.39,9.44,True,国机精工,False
2022-04-25,47.638,47.638,43.215,43.215,44422.0,37847544.0,9.24,9.24,8.52,8.52,True,国机精工,False
2022-04-26,44.014,45.119,42.416,42.785,64333.0,54361384.99999999,8.65,8.83,8.39,8.45,True,国机精工,False
2022-04-27,42.908,46.533,42.785,46.533,80404.0,72846024.0,8.47,9.06,8.45,9.06,True,国机精工,False
2022-04-28,46.594,46.901,45.181,46.348,44067.0,39792501.0,9.07,9.12,8.84,9.03,True,国机精工,False
2022-04-29,47.086,48.683,46.594,48.191,50109.0,46751697.0,9.15,9.41,9.07,9.33,True,国机精工,False
2022-05-05,47.884,52.799,47.577,51.755,73251.0,72591741.0,9.28,10.08,9.23,9.91,True,国机精工,False
2022-05-06,50.28,52.001,49.605,50.895,65516.0,64009132.0,9.67,9.95,9.56,9.77,True,国机精工,False
2022-05-09,50.465,52.615,50.158,51.018,57817.0,56602842.99999999,9.7,10.05,9.65,9.79,True,国机精工,False
2022-05-10,50.403,53.782,49.912,53.352,70821.0,72024957.0,9.69,10.24,9.61,10.17,True,国机精工,False
2022-05-11,53.721,55.196,52.984,53.414,72909.0,74221362.0,10.23,10.47,10.11,10.18,True,国机精工,False
2022-05-12,53.537,59.681,53.045,58.268,161478.0,177141366.0,10.2,11.2,10.12,10.97,True,国机精工,False
2022-05-13,60.787,61.34,57.899,59.005,143961.0,159652749.0,11.38,11.47,10.91,11.09,True,国机精工,False
2022-05-16,59.681,60.848,58.452,60.111,101754.0,114676758.0,11.2,11.39,11.0,11.27,True,国机精工,False
2022-05-17,59.681,64.043,59.681,63.674,110776.0,131269560.0,11.2,11.91,11.2,11.85,True,国机精工,False
2022-05-18,62.876,64.35,62.2,62.446,82948.0,96634420.0,11.72,11.96,11.61,11.65,True,国机精工,False
2022-05-19,62.138,66.685,60.172,66.132,121082.0,148325450.0,11.6,12.34,11.28,12.25,True,国机精工,False
2022-05-20,65.763,67.668,64.104,66.316,79845.0,98049660.0,12.19,12.5,11.92,12.28,True,国机精工,False
2022-05-23,66.255,66.255,64.903,65.64,48366.0,58861422.0,12.27,12.27,12.05,12.17,True,国机精工,False
2022-05-24,65.64,66.931,63.244,63.551,65286.0,77233338.0,12.17,12.38,11.78,11.83,True,国机精工,False
2022-05-25,63.797,64.35,61.524,64.104,53332.0,63571744.0,11.87,11.96,11.5,11.92,True,国机精工,False
2022-05-26,64.104,64.657,62.138,64.35,37836.0,45251856.0,11.92,12.01,11.6,11.96,True,国机精工,False
2022-05-27,63.859,65.333,63.121,63.982,31658.0,37673020.0,11.88,12.12,11.76,11.9,True,国机精工,False
2022-05-30,63.982,66.132,63.06,66.009,66624.0,81481152.0,11.9,12.25,11.75,12.23,True,国机精工,False
2022-05-31,66.132,67.791,64.842,67.668,71671.0,89588750.0,12.25,12.52,12.04,12.5,True,国机精工,False
2022-06-01,67.053,67.975,65.456,66.808,43233.0,53435988.0,12.4,12.55,12.14,12.36,True,国机精工,False
2022-06-02,66.931,67.606,65.825,66.562,30303.0,37333296.0,12.38,12.49,12.2,12.32,True,国机精工,False
2022-06-06,66.439,69.634,65.763,69.081,60122.0,76535306.0,12.3,12.82,12.19,12.73,True,国机精工,False
2022-06-07,69.081,69.204,65.948,68.589,67056.0,84825840.0,12.73,12.75,12.22,12.65,True,国机精工,False
2022-06-08,67.729,68.037,64.596,66.255,54168.0,66464136.0,12.51,12.56,12.0,12.27,True,国机精工,False
2022-06-09,66.193,67.115,64.965,65.64,37428.0,45549876.0,12.26,12.41,12.06,12.17,True,国机精工,False
2022-06-10,65.272,70.74,65.087,68.897,75258.0,95577660.0,12.11,13.0,12.08,12.7,True,国机精工,False
2022-06-13,70.678,72.214,69.142,71.354,89937.0,117817470.0,12.99,13.24,12.74,13.1,True,国机精工,False
2022-06-14,70.678,72.522,68.282,71.231,85201.0,111442908.0,12.99,13.29,12.6,13.08,True,国机精工,False
2022-06-15,69.757,71.354,68.835,68.835,77180.0,97941420.0,12.84,13.1,12.69,12.69,True,国机精工,False
2022-06-16,69.081,73.935,68.835,71.416,95728.0,125499408.0,12.73,13.52,12.69,13.11,True,国机精工,False
2022-06-17,70.494,72.829,70.248,70.801,63127.0,82128227.0,12.96,13.34,12.92,13.01,True,国机精工,False
2022-06-20,70.801,75.348,70.187,74.303,94192.0,127912736.0,13.01,13.75,12.91,13.58,True,国机精工,False
2022-06-21,74.365,75.594,72.952,73.689,59342.0,79993016.0,13.59,13.79,13.36,13.48,True,国机精工,False
2022-06-22,73.566,74.918,71.354,71.784,61251.0,80667567.0,13.46,13.68,13.1,13.17,True,国机精工,False
2022-06-23,71.354,73.628,71.293,72.89,54987.0,73407645.0,13.1,13.47,13.09,13.35,True,国机精工,False
2022-06-24,74.856,79.649,73.259,77.867,143586.0,203317776.0,13.67,14.45,13.41,14.16,True,国机精工,False
2022-06-27,78.973,83.274,76.638,83.212,179673.0,270048519.0,14.34,15.04,13.96,15.03,True,国机精工,False
2022-06-28,83.089,83.397,79.157,80.14,112903.0,164048059.0,15.01,15.06,14.37,14.53,True,国机精工,False
2022-06-29,79.219,79.894,73.873,74.426,95136.0,129384960.0,14.38,14.49,13.51,13.6,True,国机精工,False
2022-06-30,74.986,78.365,74.74,75.539,73576.0,100651968.0,13.59,14.14,13.55,13.68,True,国机精工,False
2022-07-01,77.628,81.068,76.891,77.382,81844.0,114417912.0,14.02,14.58,13.9,13.98,True,国机精工,False
2022-07-04,77.382,85.984,77.382,85.984,141749.0,218009962.0,13.98,15.38,13.98,15.38,True,国机精工,False
2022-07-05,88.38,91.329,84.509,87.028,324344.0,504354920.0,15.77,16.25,15.14,15.55,True,国机精工,False
2022-07-06,85.676,86.967,82.174,83.342,138714.0,207377430.0,15.33,15.54,14.76,14.95,True,国机精工,False
2022-07-07,84.018,88.38,82.174,86.967,145975.0,226845150.0,15.06,15.77,14.76,15.54,True,国机精工,False
2022-07-08,86.598,87.458,82.482,82.543,98840.0,146480880.0,15.48,15.62,14.81,14.82,True,国机精工,False
2022-07-11,83.649,83.956,78.857,82.482,67902.0,100562862.0,15.0,15.05,14.22,14.81,True,国机精工,False
2022-07-12,82.236,86.721,79.778,82.727,79700.0,118354500.0,14.77,15.5,14.37,14.85,True,国机精工,False
2022-07-13,82.727,89.916,82.236,89.056,146776.0,233080288.0,14.85,16.02,14.77,15.88,True,国机精工,False
2022-07-14,88.687,91.022,86.414,87.397,101111.0,157834271.0,15.82,16.2,15.45,15.61,True,国机精工,False
2022-07-15,86.844,90.407,86.168,86.598,59075.0,91448100.0,15.52,16.1,15.41,15.48,True,国机精工,False
2022-07-18,82.174,84.448,77.075,82.604,190331.0,282260873.0,14.76,15.13,13.93,14.83,True,国机精工,False
2022-07-19,82.174,83.034,79.348,80.515,137621.0,199412829.0,14.76,14.9,14.3,14.49,True,国机精工,False
2022-07-20,80.515,88.073,79.901,87.95,143870.0,225875900.0,14.49,15.72,14.39,15.7,True,国机精工,False
2022-07-21,88.073,90.162,86.106,88.011,114585.0,180013035.0,15.72,16.06,15.4,15.71,True,国机精工,False
2022-07-22,87.888,89.486,85.615,86.537,57884.0,89546548.0,15.69,15.95,15.32,15.47,True,国机精工,False
2022-07-25,85.861,86.106,81.13,81.683,72847.0,106939396.0,15.36,15.4,14.59,14.68,True,国机精工,False
2022-07-26,81.683,90.714,80.27,90.714,118367.0,191162705.0,14.68,16.15,14.45,16.15,True,国机精工,False
2022-07-27,94.647,97.166,91.636,96.674,315910.0,540837920.0,16.79,17.2,16.3,17.12,True,国机精工,False
2022-07-28,96.674,97.657,92.558,94.524,175683.0,294620391.0,17.12,17.28,16.45,16.77,True,国机精工,False
2022-07-29,93.418,95.507,92.865,94.647,96046.0,161261234.0,16.59,16.93,16.5,16.79,True,国机精工,False
2022-08-01,93.479,93.479,89.117,91.39,116763.0,189856638.00000003,16.6,16.6,15.89,16.26,True,国机精工,False
2022-08-02,89.916,90.714,85.369,88.318,82591.0,130163416.0,16.02,16.15,15.28,15.76,True,国机精工,False
2022-08-03,88.318,91.145,86.598,87.09,91590.0,142514040.0,15.76,16.22,15.48,15.56,True,国机精工,False
2022-08-04,87.765,90.407,84.878,87.704,101247.0,158552802.0,15.67,16.1,15.2,15.66,True,国机精工,False
2022-08-05,87.95,89.178,84.018,86.782,73187.0,113513037.0,15.7,15.9,15.06,15.51,True,国机精工,False
2022-08-08,84.755,90.714,84.693,90.469,88568.0,142683048.0,15.18,16.15,15.17,16.11,True,国机精工,False
2022-08-09,92.005,94.401,87.95,89.854,154052.0,246637252.00000003,16.36,16.75,15.7,16.01,True,国机精工,False
2022-08-10,89.056,96.613,87.95,93.479,162593.0,269904380.0,15.88,17.11,15.7,16.6,True,国机精工,False
2022-08-11,93.418,94.585,91.636,94.339,108364.0,181401336.0,16.59,16.78,16.3,16.74,True,国机精工,False
2022-08-12,94.278,99.009,91.636,91.759,146960.0,239838720.0,16.73,17.5,16.3,16.32,True,国机精工,False
2022-08-15,97.166,101.774,92.803,96.551,344128.0,588458880.0,17.2,17.95,16.49,17.1,True,国机精工,False
2022-08-16,92.312,97.289,92.312,94.708,214693.0,360684240.0,16.41,17.22,16.41,16.8,True,国机精工,False
2022-08-17,94.954,97.964,91.943,93.479,198296.0,329171360.0,16.84,17.33,16.35,16.6,True,国机精工,False
2022-08-18,93.356,103.31,92.373,100.913,302326.0,538442606.0,16.58,18.2,16.42,17.81,True,国机精工,False
2022-08-19,100.975,101.774,90.53,92.558,271700.0,446946500.0,17.82,17.95,16.12,16.45,True,国机精工,False
2022-08-22,91.083,91.083,86.721,88.933,149674.0,237382964.0,16.21,16.21,15.5,15.86,True,国机精工,False
2022-08-23,89.056,93.848,88.011,91.82,197303.0,322195798.99999994,15.88,16.66,15.71,16.33,True,国机精工,False
2022-08-24,91.82,93.479,82.727,84.079,204255.0,307812285.0,16.33,16.6,14.85,15.07,True,国机精工,False
2022-08-25,84.632,85.615,78.119,79.717,191891.0,275555476.0,15.16,15.32,14.1,14.36,True,国机精工,False
2022-08-26,79.717,83.526,75.047,75.846,185484.0,254669532.0,14.36,14.98,13.6,13.73,True,国机精工,False
2022-08-29,74.74,80.884,73.819,80.7,174223.0,252971796.0,13.55,14.55,13.4,14.52,True,国机精工,False
2022-08-30,81.867,81.867,77.751,78.365,100879.0,142642906.0,14.71,14.71,14.04,14.14,True,国机精工,False
2022-08-31,79.225,79.225,71.361,71.791,204495.0,267274965.0,14.28,14.28,13.0,13.07,True,国机精工,False
2022-09-01,72.958,73.757,68.78,71.975,182962.0,239680220.0,13.26,13.39,12.58,13.1,True,国机精工,False
2022-09-02,72.283,75.539,71.054,73.88,112930.0,151439130.0,13.15,13.68,12.95,13.41,True,国机精工,False
2022-09-05,73.941,78.734,72.467,75.416,137292.0,187540872.0,13.42,14.2,13.18,13.66,True,国机精工,False
2022-09-06,77.013,82.727,76.399,80.7,233962.0,339712824.0,13.92,14.85,13.82,14.52,True,国机精工,False
2022-09-07,81.13,86.598,80.147,84.693,291578.0,442323826.0,14.59,15.48,14.43,15.17,True,国机精工,False
2022-09-08,83.034,84.693,80.577,81.253,135057.0,197318277.0,14.9,15.17,14.5,14.61,True,国机精工,False
2022-09-09,81.806,81.99,77.812,79.594,146095.0,209500230.0,14.7,14.73,14.05,14.34,True,国机精工,False
2022-09-13,79.655,80.884,78.304,80.147,88994.0,128418342.0,14.35,14.55,14.13,14.43,True,国机精工,False
2022-09-14,78.119,80.577,77.935,78.979,69551.0,99040624.0,14.1,14.5,14.07,14.24,True,国机精工,False
2022-09-15,79.962,80.27,72.958,74.371,142286.0,191943814.0,14.4,14.45,13.26,13.49,True,国机精工,False
2022-09-16,74.126,76.522,72.59,73.573,112275.0,149999400.0,13.45,13.84,13.2,13.36,True,国机精工,False
2022-09-19,74.064,76.522,72.405,73.204,104853.0,139454490.0,13.44,13.84,13.17,13.3,True,国机精工,False
2022-09-20,73.511,76.46,72.958,73.941,109984.0,147598528.0,13.35,13.83,13.26,13.42,True,国机精工,False
2022-09-21,73.388,73.696,70.992,72.344,71550.0,94159800.0,13.33,13.38,12.94,13.16,True,国机精工,False
2022-09-22,71.545,73.941,70.808,72.897,86918.0,115166350.0,13.03,13.42,12.91,13.25,True,国机精工,False
2022-09-23,73.204,73.204,68.35,69.088,135960.0,171717480.0,13.3,13.3,12.51,12.63,True,国机精工,False
2022-09-26,67.736,70.255,65.708,68.289,83125.0,103906250.0,12.41,12.82,12.08,12.5,True,国机精工,False
2022-09-27,68.596,74.494,68.289,74.003,169834.0,228087062.0,12.55,13.51,12.5,13.43,True,国机精工,False
2022-09-28,74.433,78.365,69.886,70.685,153691.0,198107699.0,13.5,14.14,12.76,12.89,True,国机精工,False
2022-09-29,70.747,72.221,69.088,70.316,88448.0,113478784.0,12.9,13.14,12.63,12.83,True,国机精工,False
2022-09-30,70.132,70.869,64.05,64.664,138031.0,164394921.0,12.8,12.92,11.81,11.91,True,国机精工,False
2022-10-10,65.278,65.463,60.916,62.882,110981.0,128959922.0,12.01,12.04,11.3,11.62,True,国机精工,False
2022-10-11,62.145,63.865,61.1,62.882,61552.0,71523424.0,11.5,11.78,11.33,11.62,True,国机精工,False
2022-10-12,63.497,67.306,61.1,67.06,91797.0,112910310.0,11.72,12.34,11.33,12.3,True,国机精工,False
2022-10-13,66.261,68.658,65.831,67.675,69750.0,86490000.0,12.17,12.56,12.1,12.4,True,国机精工,False
2022-10-14,69.211,71.484,67.183,70.931,83368.0,107794824.0,12.65,13.02,12.32,12.93,True,国机精工,False
2022-10-17,70.132,72.528,70.132,71.852,80959.0,105894372.0,12.8,13.19,12.8,13.08,True,国机精工,False
2022-10-18,72.713,73.081,70.685,71.299,78267.0,101668833.0,13.22,13.28,12.89,12.99,True,国机精工,False
2022-10-19,71.299,75.047,70.439,73.573,122360.0,163472960.0,12.99,13.6,12.85,13.36,True,国机精工,False
2022-10-20,73.143,74.003,70.071,72.098,95729.0,125596448.0,13.29,13.43,12.79,13.12,True,国机精工,False
2022-10-21,72.098,75.662,71.668,73.02,96415.0,127942705.0,13.12,13.7,13.05,13.27,True,国机精工,False
2022-10-24,73.388,78.488,73.327,75.662,151152.0,207078240.0,13.33,14.16,13.32,13.7,True,国机精工,False
2022-10-25,75.846,77.751,74.126,76.706,107783.0,149495021.0,13.73,14.04,13.45,13.87,True,国机精工,False
2022-10-26,76.46,77.136,73.88,75.6,116031.0,158846439.0,13.83,13.94,13.41,13.69,True,国机精工,False
2022-10-27,76.522,80.331,75.293,75.477,167465.0,228924655.0,13.84,14.46,13.64,13.67,True,国机精工,False
2022-10-28,77.443,77.566,71.115,72.283,115203.0,151491945.0,13.99,14.01,12.96,13.15,True,国机精工,False
2022-10-31,71.361,74.126,70.009,71.238,112192.0,145625216.0,13.0,13.45,12.78,12.98,True,国机精工,False
2022-11-01,71.177,74.249,70.439,72.651,112116.0,148105236.0,12.97,13.47,12.85,13.21,True,国机精工,False
2022-11-02,71.73,74.802,71.054,72.897,126433.0,167523725.0,13.06,13.56,12.95,13.25,True,国机精工,False
2022-11-03,72.16,74.74,71.73,73.696,83010.0,111067380.0,13.13,13.55,13.06,13.38,True,国机精工,False
2022-11-04,73.696,76.338,73.081,75.785,121015.0,166032580.0,13.38,13.81,13.28,13.72,True,国机精工,False
2022-11-07,75.969,76.522,72.283,72.528,186066.0,245421054.0,13.75,13.84,13.15,13.19,True,国机精工,False
2022-11-08,72.774,72.958,70.562,71.361,107768.0,140098400.0,13.23,13.26,12.87,13.0,True,国机精工,False
2022-11-09,71.177,71.361,70.132,70.194,71999.0,92230719.0,12.97,13.0,12.8,12.81,True,国机精工,False
2022-11-10,69.518,70.194,65.954,66.569,135662.0,165778964.0,12.7,12.81,12.12,12.22,True,国机精工,False
2022-11-11,67.982,69.088,66.323,68.105,126628.0,157905116.0,12.45,12.63,12.18,12.47,True,国机精工,False
2022-11-14,67.982,68.166,65.463,65.708,107298.0,129615984.0,12.45,12.48,12.04,12.08,True,国机精工,False
2022-11-15,65.524,67.49,64.664,67.367,83582.0,103223770.0,12.05,12.37,11.91,12.35,True,国机精工,False
2022-11-16,67.06,68.842,66.937,67.982,106153.0,132160485.0,12.3,12.59,12.28,12.45,True,国机精工,False
2022-11-17,67.797,67.797,65.708,66.507,74498.0,90962058.0,12.42,12.42,12.08,12.21,True,国机精工,False
2022-11-18,66.876,69.395,65.77,67.613,129735.0,160741665.0,12.27,12.68,12.09,12.39,True,国机精工,False
2022-11-21,67.675,70.562,66.814,70.501,176432.0,226891552.0,12.4,12.87,12.26,12.86,True,国机精工,False
2022-11-22,71.054,74.679,70.808,71.975,255730.0,335006300.0,12.95,13.54,12.91,13.1,True,国机精工,False
2022-11-23,71.115,73.327,68.166,72.344,178642.0,235092872.0,12.96,13.32,12.48,13.16,True,国机精工,False
2022-11-24,71.607,72.958,69.886,70.378,99920.0,128297280.0,13.04,13.26,12.76,12.84,True,国机精工,False
2022-11-25,69.579,70.009,68.043,68.289,81244.0,101555000.0,12.71,12.78,12.46,12.5,True,国机精工,False
2022-11-28,66.753,67.736,65.893,66.876,67411.0,82713297.0,12.25,12.41,12.11,12.27,True,国机精工,False
2022-11-29,66.753,71.177,66.384,70.071,121155.0,154957245.0,12.25,12.97,12.19,12.79,True,国机精工,False
2022-11-30,70.009,70.562,68.658,69.579,83049.0,105555279.0,12.78,12.87,12.56,12.71,True,国机精工,False
2022-12-01,70.992,71.177,69.272,69.641,89215.0,113481480.0,12.94,12.97,12.66,12.72,True,国机精工,False
2022-12-02,68.903,70.439,68.412,69.088,72499.0,91566237.0,12.6,12.85,12.52,12.63,True,国机精工,False
2022-12-05,70.378,72.16,69.518,72.098,124989.0,163985568.0,12.84,13.13,12.7,13.12,True,国机精工,False
2022-12-06,71.238,74.064,70.194,72.651,147594.0,194971674.0,12.98,13.44,12.81,13.21,True,国机精工,False
2022-12-07,72.16,75.232,71.914,73.388,137672.0,183516776.0,13.13,13.63,13.09,13.33,True,国机精工,False
2022-12-08,73.143,73.819,72.037,72.16,73800.0,96899400.0,13.29,13.4,13.11,13.13,True,国机精工,False
2022-12-09,72.283,72.344,69.825,70.132,87859.0,112459520.0,13.15,13.16,12.75,12.8,True,国机精工,False
2022-12-12,69.641,70.685,68.227,68.412,92092.0,115299184.0,12.72,12.89,12.49,12.52,True,国机精工,False
2022-12-13,68.412,68.596,66.2,66.507,88586.0,108163506.0,12.52,12.55,12.16,12.21,True,国机精工,False
2022-12-14,67.306,67.306,64.418,64.787,98881.0,117965033.0,12.34,12.34,11.87,11.93,True,国机精工,False
2022-12-15,64.48,65.586,63.927,65.217,80401.0,96481200.0,11.88,12.06,11.79,12.0,True,国机精工,False
2022-12-16,64.603,64.603,61.715,62.206,104855.0,120688105.0,11.9,11.9,11.43,11.51,True,国机精工,False
2022-12-19,61.838,62.268,58.827,59.564,96014.0,106383512.0,11.45,11.52,10.96,11.08,True,国机精工,False
2022-12-20,59.564,60.117,58.827,59.933,59049.0,65780586.0,11.08,11.17,10.96,11.14,True,国机精工,False
2022-12-21,59.872,59.995,56.984,57.906,91846.0,99285526.0,11.13,11.15,10.66,10.81,True,国机精工,False
2022-12-22,58.95,58.95,56.677,57.23,49094.0,52530580.0,10.98,10.98,10.61,10.7,True,国机精工,False
2022-12-23,56.431,57.168,55.817,56.124,50586.0,53216472.0,10.57,10.69,10.47,10.52,True,国机精工,False
2022-12-26,56.37,59.626,56.37,59.442,81247.0,89859182.0,10.56,11.09,10.56,11.06,True,国机精工,False
2022-12-27,59.81,62.575,59.196,60.793,110106.0,124199568.0,11.12,11.57,11.02,11.28,True,国机精工,False
2022-12-28,60.117,60.609,59.319,59.933,50132.0,55847048.0,11.17,11.25,11.04,11.14,True,国机精工,False
2022-12-29,59.626,60.302,59.257,59.872,46132.0,51344916.0,11.09,11.2,11.03,11.13,True,国机精工,False
2022-12-30,59.81,60.793,59.196,59.503,50894.0,56339658.0,11.12,11.28,11.02,11.07,True,国机精工,False
2023-01-03,59.626,62.698,59.196,62.514,87660.0,101334960.0,11.09,11.59,11.02,11.56,True,国机精工,False
2023-01-04,62.514,62.944,60.732,61.531,50214.0,57243960.0,11.56,11.63,11.27,11.4,True,国机精工,False
2023-01-05,60.916,62.636,60.916,61.653,40581.0,46343502.0,11.3,11.58,11.3,11.42,True,国机精工,False
2023-01-06,61.469,62.514,61.223,62.329,49205.0,56733365.0,11.39,11.56,11.35,11.53,True,国机精工,False
2023-01-09,63.865,65.155,62.636,63.189,113378.0,132312126.0,11.78,11.99,11.58,11.67,True,国机精工,False
2023-01-10,63.251,63.865,61.838,62.514,63537.0,73448772.0,11.68,11.78,11.45,11.56,True,国机精工,False
2023-01-11,62.206,64.295,61.838,62.452,80645.0,93144975.0,11.51,11.85,11.45,11.55,True,国机精工,False
2023-01-12,62.636,63.558,62.514,62.882,53243.0,61868365.99999999,11.58,11.73,11.56,11.62,True,国机精工,False
2023-01-13,62.821,63.619,62.391,62.759,39679.0,46027640.0,11.61,11.74,11.54,11.6,True,国机精工,False
2023-01-16,62.882,64.295,62.452,63.619,62867.0,73805858.0,11.62,11.85,11.55,11.74,True,国机精工,False
2023-01-17,63.619,63.865,62.452,63.251,40427.0,47218736.0,11.74,11.78,11.55,11.68,True,国机精工,False
2023-01-18,63.374,66.016,63.005,64.234,85170.0,100841280.0,11.7,12.13,11.64,11.84,True,国机精工,False
2023-01-19,63.374,65.155,63.067,64.725,73413.0,87508296.0,11.7,11.99,11.65,11.92,True,国机精工,False
2023-01-20,65.155,65.401,64.603,64.848,65956.0,78751464.0,11.99,12.03,11.9,11.94,True,国机精工,False
2023-01-30,67.06,70.132,66.63,67.982,179348.0,223288260.0,12.3,12.8,12.23,12.45,True,国机精工,False
2023-01-31,68.043,69.518,67.49,69.026,127555.0,160974410.0,12.46,12.7,12.37,12.62,True,国机精工,False
2023-02-01,68.78,69.641,68.535,69.211,118074.0,149363610.0,12.58,12.72,12.54,12.65,True,国机精工,False
2023-02-02,70.194,71.668,69.272,71.299,214403.0,278509497.0,12.81,13.05,12.66,12.99,True,国机精工,False
2023-02-03,70.869,71.484,69.825,71.299,130227.0,169164873.0,12.92,13.02,12.75,12.99,True,国机精工,False
2023-02-06,70.562,71.299,69.272,69.333,121976.0,154543592.0,12.87,12.99,12.66,12.67,True,国机精工,False
2023-02-07,69.333,70.255,68.965,69.825,69407.0,88493925.0,12.67,12.82,12.61,12.75,True,国机精工,False
2023-02-08,69.825,70.747,69.272,69.456,68545.0,86983605.0,12.75,12.9,12.66,12.69,True,国机精工,False
2023-02-09,69.272,70.992,68.965,70.747,77013.0,99346770.0,12.66,12.94,12.61,12.9,True,国机精工,False
2023-02-10,70.316,70.992,69.333,69.763,69601.0,88671674.0,12.83,12.94,12.67,12.74,True,国机精工,False
2023-02-13,70.071,70.685,69.641,70.624,78027.0,100498776.0,12.79,12.89,12.72,12.88,True,国机精工,False
2023-02-14,70.624,72.098,70.255,70.624,107719.0,138742072.0,12.88,13.12,12.82,12.88,True,国机精工,False
2023-02-15,70.501,71.361,70.316,71.177,74155.0,96179035.0,12.86,13.0,12.83,12.97,True,国机精工,False
2023-02-16,71.054,72.405,68.105,69.211,149582.0,189221230.0,12.95,13.17,12.47,12.65,True,国机精工,False
2023-02-17,69.149,70.316,67.613,68.105,94782.0,118193154.0,12.64,12.83,12.39,12.47,True,国机精工,False
2023-02-20,67.859,69.272,67.49,69.026,95036.0,119935432.0,12.43,12.66,12.37,12.62,True,国机精工,False
2023-02-21,68.903,70.132,68.658,69.825,61542.0,78466050.0,12.6,12.8,12.56,12.75,True,国机精工,False
2023-02-22,69.702,69.702,68.719,69.211,53280.0,67399200.0,12.73,12.73,12.57,12.65,True,国机精工,False
2023-02-23,69.211,69.825,68.719,69.272,54038.0,68412108.0,12.65,12.75,12.57,12.66,True,国机精工,False
2023-02-24,68.965,69.518,68.35,69.026,56049.0,70733838.0,12.61,12.7,12.51,12.62,True,国机精工,False
2023-02-27,68.719,69.272,67.92,67.982,51746.0,64423770.0,12.57,12.66,12.44,12.45,True,国机精工,False
2023-02-28,68.043,68.78,67.122,68.227,56986.0,71175514.0,12.46,12.58,12.31,12.49,True,国机精工,False
2023-03-01,68.166,68.842,67.552,68.842,55670.0,70088530.0,12.48,12.59,12.38,12.59,True,国机精工,False
2023-03-02,68.903,69.579,68.227,68.719,65418.0,82230426.0,12.6,12.71,12.49,12.57,True,国机精工,False
2023-03-03,68.78,69.702,68.35,69.395,72215.0,91568620.0,12.58,12.73,12.51,12.68,True,国机精工,False
2023-03-06,69.825,70.747,69.702,70.562,108038.0,139044906.0,12.75,12.9,12.73,12.87,True,国机精工,False
2023-03-07,70.685,70.685,68.473,68.658,103956.0,130568736.0,12.89,12.89,12.53,12.56,True,国机精工,False
2023-03-08,67.859,70.009,67.797,69.579,62492.0,79427332.0,12.43,12.78,12.42,12.71,True,国机精工,False
2023-03-09,70.009,70.132,68.166,68.412,51810.0,64866120.0,12.78,12.8,12.48,12.52,True,国机精工,False
2023-03-10,68.105,68.35,66.691,66.753,71821.0,87980725.0,12.47,12.51,12.24,12.25,True,国机精工,False
2023-03-13,66.753,67.06,64.418,65.647,91731.0,110719317.0,12.25,12.3,11.87,12.07,True,国机精工,False
2023-03-14,65.708,65.708,63.865,64.787,58427.0,69703411.0,12.08,12.08,11.78,11.93,True,国机精工,False
2023-03-15,65.278,66.999,65.155,66.2,56201.0,68340416.0,12.01,12.29,11.99,12.16,True,国机精工,False
2023-03-16,65.524,65.954,63.742,63.927,50530.0,59574869.99999999,12.05,12.12,11.76,11.79,True,国机精工,False
2023-03-17,64.295,65.586,63.067,63.988,89692.0,105836560.0,11.85,12.06,11.65,11.8,True,国机精工,False
2023-03-20,63.988,64.787,63.067,64.111,59558.0,70397556.0,11.8,11.93,11.65,11.82,True,国机精工,False
2023-03-21,64.603,65.77,64.48,65.586,59837.0,72163422.0,11.9,12.09,11.88,12.06,True,国机精工,False
2023-03-22,65.647,65.708,64.48,64.971,54277.0,64915292.00000001,12.07,12.08,11.88,11.96,True,国机精工,False
2023-03-23,64.787,65.401,64.05,65.34,71843.0,86355286.0,11.93,12.03,11.81,12.02,True,国机精工,False
2023-03-24,65.155,66.753,65.094,66.323,91304.0,111208272.0,11.99,12.25,11.98,12.18,True,国机精工,False
2023-03-27,66.016,66.569,65.34,65.954,65854.0,79815048.0,12.13,12.22,12.02,12.12,True,国机精工,False
2023-03-28,66.016,66.323,64.172,64.418,52921.0,62817226.99999999,12.13,12.18,11.83,11.87,True,国机精工,False
2023-03-29,64.664,65.094,63.865,63.927,48212.0,56841947.99999999,11.91,11.98,11.78,11.79,True,国机精工,False
2023-03-30,64.05,64.418,62.698,63.558,73104.0,85750992.0,11.81,11.87,11.59,11.73,True,国机精工,False
2023-03-31,63.558,64.725,63.558,64.541,53550.0,63670950.0,11.73,11.92,11.73,11.89,True,国机精工,False
2023-04-03,64.541,66.569,63.681,66.507,98413.0,120162273.0,11.89,12.22,11.75,12.21,True,国机精工,False
2023-04-04,67.06,67.06,65.586,66.139,66487.0,80781705.0,12.3,12.3,12.06,12.15,True,国机精工,False
2023-04-06,66.2,67.982,65.463,67.797,99672.0,123792624.0,12.16,12.45,12.04,12.42,True,国机精工,False
2023-04-07,67.92,68.658,66.753,67.06,77225.0,94986750.0,12.44,12.56,12.25,12.3,True,国机精工,False
2023-04-10,66.937,67.736,65.831,66.384,63410.0,77296790.0,12.28,12.41,12.1,12.19,True,国机精工,False
2023-04-11,66.139,66.999,64.418,65.155,66100.0,79253900.0,12.15,12.29,11.87,11.99,True,国机精工,False
2023-04-12,65.033,66.384,64.725,66.016,56975.0,69110675.0,11.97,12.19,11.92,12.13,True,国机精工,False
2023-04-13,66.016,66.63,64.05,64.172,95400.0,112858200.0,12.13,12.23,11.81,11.83,True,国机精工,False
2023-04-14,64.48,65.708,63.435,65.155,73753.0,88429847.0,11.88,12.08,11.71,11.99,True,国机精工,False
2023-04-17,64.91,66.139,64.787,65.155,55436.0,66467764.0,11.95,12.15,11.93,11.99,True,国机精工,False
2023-04-18,64.91,67.675,64.111,67.06,140604.0,172942920.0,11.95,12.4,11.82,12.3,True,国机精工,False
2023-04-19,67.06,67.429,66.2,66.569,77629.0,94862638.0,12.3,12.36,12.16,12.22,True,国机精工,False
2023-04-20,66.323,66.876,65.708,66.323,57356.0,69859608.0,12.18,12.27,12.08,12.18,True,国机精工,False
2023-04-21,66.323,66.691,63.804,64.234,91942.0,108859328.0,12.18,12.24,11.77,11.84,True,国机精工,False
2023-04-24,64.172,64.234,59.626,60.179,125399.0,140196082.0,11.83,11.84,11.09,11.18,True,国机精工,False
2023-04-25,60.179,60.425,57.844,58.95,67714.0,74349972.0,11.18,11.22,10.8,10.98,True,国机精工,False
2023-04-26,58.52,60.363,56.923,60.302,87980.0,98537600.0,10.91,11.21,10.65,11.2,True,国机精工,False
2023-04-27,59.687,62.145,59.687,61.1,69179.0,78379807.0,11.1,11.5,11.1,11.33,True,国机精工,False
2023-04-28,61.1,63.374,60.609,62.391,77887.0,89881598.0,11.33,11.7,11.25,11.54,True,国机精工,False
2023-05-04,62.083,64.725,62.022,63.927,95798.0,112945842.0,11.49,11.92,11.48,11.79,True,国机精工,False
2023-05-05,63.927,63.927,61.592,61.838,68561.0,78502345.0,11.79,11.79,11.41,11.45,True,国机精工,False
2023-05-08,62.268,64.234,62.022,63.804,67549.0,79505173.0,11.52,11.84,11.48,11.77,True,国机精工,False
2023-05-09,63.988,64.848,63.067,63.374,70832.0,82873440.0,11.8,11.94,11.65,11.7,True,国机精工,False
2023-05-10,63.128,63.742,62.575,63.435,36425.0,42653675.0,11.66,11.76,11.57,11.71,True,国机精工,False
2023-05-11,63.681,63.681,62.698,62.821,40638.0,47180718.0,11.75,11.75,11.59,11.61,True,国机精工,False
2023-05-12,62.636,63.128,61.715,61.838,47436.0,54314220.0,11.58,11.66,11.43,11.45,True,国机精工,False
2023-05-15,61.346,62.329,60.793,62.206,51710.0,59518210.0,11.37,11.53,11.28,11.51,True,国机精工,False
2023-05-16,62.206,62.206,60.425,60.732,41334.0,46583418.0,11.51,11.51,11.22,11.27,True,国机精工,False
2023-05-17,60.67,62.514,60.302,62.452,51322.0,59276910.0,11.26,11.56,11.2,11.55,True,国机精工,False
2023-05-18,62.329,64.172,62.329,63.374,76544.0,89556480.0,11.53,11.83,11.53,11.7,True,国机精工,False
2023-05-19,63.312,63.619,62.206,62.944,58589.0,68139007.0,11.69,11.74,11.51,11.63,True,国机精工,False
2023-05-22,62.821,62.821,60.978,62.145,66530.0,76509500.0,11.61,11.61,11.31,11.5,True,国机精工,False
2023-05-23,62.391,62.944,61.223,61.285,43883.0,49851088.0,11.54,11.63,11.35,11.36,True,国机精工,False
2023-05-24,61.285,63.619,60.67,62.391,69329.0,80005666.0,11.36,11.74,11.26,11.54,True,国机精工,False
2023-05-25,62.145,63.128,60.547,61.469,57665.0,65680435.0,11.5,11.66,11.24,11.39,True,国机精工,False
2023-05-26,61.408,61.776,60.547,61.223,36727.0,41685145.0,11.38,11.44,11.24,11.35,True,国机精工,False
2023-05-29,61.531,62.206,60.302,60.609,47530.0,53471250.0,11.4,11.51,11.2,11.25,True,国机精工,False
2023-05-30,60.732,60.732,58.766,59.749,50611.0,56228821.0,11.27,11.27,10.95,11.11,True,国机精工,False
2023-05-31,59.564,60.117,58.95,59.073,48490.0,53339000.0,11.08,11.17,10.98,11.0,True,国机精工,False
2023-06-01,59.073,59.995,58.52,59.687,42480.0,47152800.0,11.0,11.15,10.91,11.1,True,国机精工,False
2023-06-02,59.81,61.838,59.687,60.793,56248.0,63447744.0,11.12,11.45,11.1,11.28,True,国机精工,False
2023-06-05,60.793,61.469,60.363,60.67,33471.0,37688346.0,11.28,11.39,11.21,11.26,True,国机精工,False
2023-06-06,60.978,60.978,58.459,58.52,69572.0,75903052.0,11.31,11.31,10.9,10.91,True,国机精工,False
2023-06-07,58.459,58.766,57.598,58.151,49590.0,53805150.0,10.9,10.95,10.76,10.85,True,国机精工,False
2023-06-08,57.844,58.09,56.984,57.66,47597.0,51261969.0,10.8,10.84,10.66,10.77,True,国机精工,False
2023-06-09,57.906,57.906,56.8,57.844,38534.0,41616720.0,10.81,10.81,10.63,10.8,True,国机精工,False
2023-06-12,57.844,59.196,57.537,59.073,49259.0,54184900.0,10.8,11.02,10.75,11.0,True,国机精工,False
2023-06-13,59.485,59.792,58.87,59.239,36333.0,39421305.0,10.89,10.94,10.79,10.85,True,国机精工,False
2023-06-14,59.239,59.423,58.563,58.932,28771.0,31072680.000000004,10.85,10.88,10.74,10.8,True,国机精工,False
2023-06-15,59.177,65.321,59.177,62.741,183490.0,209545580.0,10.84,11.84,10.84,11.42,True,国机精工,False
2023-06-16,62.311,68.455,62.311,67.902,374607.0,459268182.0,11.35,12.35,11.35,12.26,True,国机精工,False
2023-06-19,67.349,72.448,67.226,72.264,392176.0,508652272.0,12.17,13.0,12.15,12.97,True,国机精工,False
2023-06-20,72.141,72.141,69.745,70.298,171013.0,216331445.0,12.95,12.95,12.56,12.65,True,国机精工,False
2023-06-21,70.298,70.974,68.823,69.131,120709.0,150403414.0,12.65,12.76,12.41,12.46,True,国机精工,False
2023-06-26,69.192,69.991,66.98,67.472,126469.0,154165711.0,12.47,12.6,12.11,12.19,True,国机精工,False
2023-06-27,67.165,69.315,67.165,68.639,75146.0,93030748.0,12.14,12.49,12.14,12.38,True,国机精工,False
2023-06-28,68.27,71.097,66.304,69.991,130380.0,164278800.0,12.32,12.78,12.0,12.6,True,国机精工,False
2023-06-29,70.544,72.756,70.237,71.281,160284.0,205323804.0,12.69,13.05,12.64,12.81,True,国机精工,False
2023-06-30,70.728,72.326,70.421,70.974,90405.0,115356780.0,12.72,12.98,12.67,12.76,True,国机精工,False
2023-07-03,71.834,72.571,70.114,71.22,109594.0,140280320.0,12.9,13.02,12.62,12.8,True,国机精工,False
2023-07-04,70.728,72.387,70.667,71.158,68912.0,88138448.0,12.72,12.99,12.71,12.79,True,国机精工,False
2023-07-05,70.79,70.851,69.376,69.684,95648.0,120038240.0,12.73,12.74,12.5,12.55,True,国机精工,False
2023-07-06,69.868,72.08,69.008,70.728,97652.0,124213344.0,12.58,12.94,12.44,12.72,True,国机精工,False
2023-07-07,71.404,72.94,69.868,71.097,117454.0,150106212.0,12.83,13.08,12.58,12.78,True,国机精工,False
2023-07-10,71.097,71.895,69.561,69.991,73123.0,92134980.0,12.78,12.91,12.53,12.6,True,国机精工,False
2023-07-11,70.175,70.851,69.376,70.482,56579.0,71742172.0,12.63,12.74,12.5,12.68,True,国机精工,False
2023-07-12,70.912,71.342,69.069,69.376,58293.0,72866250.0,12.75,12.82,12.45,12.5,True,国机精工,False
2023-07-13,69.315,70.851,68.762,70.544,69412.0,88083828.0,12.49,12.74,12.4,12.69,True,国机精工,False
2023-07-14,70.175,71.834,69.745,70.175,50445.0,63712035.00000001,12.63,12.9,12.56,12.63,True,国机精工,False
2023-07-17,69.991,69.991,67.902,68.455,73962.0,91343070.0,12.6,12.6,12.26,12.35,True,国机精工,False
2023-07-18,68.455,69.684,68.086,69.131,48690.0,60667740.00000001,12.35,12.55,12.29,12.46,True,国机精工,False
2023-07-19,68.639,69.438,67.963,68.946,46564.0,57879052.0,12.38,12.51,12.27,12.43,True,国机精工,False
2023-07-20,69.131,69.561,67.472,67.656,46566.0,56903652.0,12.46,12.53,12.19,12.22,True,国机精工,False
2023-07-21,67.41,67.595,65.751,65.997,50913.0,60841035.0,12.18,12.21,11.91,11.95,True,国机精工,False
2023-07-24,65.874,66.98,65.813,66.059,34893.0,41732028.0,11.93,12.11,11.92,11.96,True,国机精工,False
2023-07-25,66.734,67.103,65.813,66.12,48513.0,58070061.0,12.07,12.13,11.92,11.97,True,国机精工,False
2023-07-26,66.12,66.243,64.953,65.321,47195.0,55878880.0,11.97,11.99,11.78,11.84,True,国机精工,False
2023-07-27,65.383,66.059,64.031,64.4,43975.0,51406775.0,11.85,11.96,11.63,11.69,True,国机精工,False
2023-07-28,64.338,64.83,63.54,64.523,33403.0,39114913.0,11.68,11.76,11.55,11.71,True,国机精工,False
2023-07-31,64.461,65.997,64.093,65.26,41279.0,48833057.0,11.7,11.95,11.64,11.83,True,国机精工,False
2023-08-01,64.953,65.137,62.802,64.031,65878.0,76616114.0,11.78,11.81,11.43,11.63,True,国机精工,False
2023-08-02,63.724,65.076,63.601,64.4,45942.0,53706198.0,11.58,11.8,11.56,11.69,True,国机精工,False
2023-08-03,64.215,64.584,63.785,64.523,27553.0,32264563.000000004,11.66,11.72,11.59,11.71,True,国机精工,False
2023-08-04,65.014,65.629,64.093,64.891,36051.0,42432027.0,11.79,11.89,11.64,11.77,True,国机精工,False
2023-08-07,64.891,65.444,63.97,64.215,41189.0,48026374.0,11.77,11.86,11.62,11.66,True,国机精工,False
2023-08-08,64.215,64.338,62.802,63.355,38552.0,44411904.0,11.66,11.68,11.43,11.52,True,国机精工,False
2023-08-09,63.048,63.294,62.004,62.249,29911.0,33919074.0,11.47,11.51,11.3,11.34,True,国机精工,False
2023-08-10,62.618,62.864,62.188,62.557,17173.0,19560047.0,11.4,11.44,11.33,11.39,True,国机精工,False
2023-08-11,62.495,62.741,61.266,61.328,31861.0,35652459.0,11.38,11.42,11.18,11.19,True,国机精工,False
2023-08-14,61.021,61.758,59.792,61.266,50702.0,56684836.0,11.14,11.26,10.94,11.18,True,国机精工,False
2023-08-15,61.082,61.574,59.239,59.669,60830.0,66426360.0,11.15,11.23,10.85,10.92,True,国机精工,False
2023-08-16,60.038,60.406,58.071,58.133,73327.0,78239909.0,10.98,11.04,10.66,10.67,True,国机精工,False
2023-08-17,58.317,60.406,56.904,60.406,79877.0,88184208.0,10.7,11.04,10.47,11.04,True,国机精工,False
2023-08-18,59.915,60.959,59.239,59.423,53754.0,58484352.00000001,10.96,11.13,10.85,10.88,True,国机精工,False
2023-08-21,58.809,60.099,58.256,58.686,51755.0,55688380.0,10.78,10.99,10.69,10.76,True,国机精工,False
2023-08-22,59.116,59.362,57.396,58.993,46129.0,49865449.0,10.83,10.87,10.55,10.81,True,国机精工,False
2023-08-23,58.624,58.747,57.457,57.641,38122.0,40371198.0,10.75,10.77,10.56,10.59,True,国机精工,False
2023-08-24,57.58,58.44,56.843,57.211,53909.0,56712268.0,10.58,10.72,10.46,10.52,True,国机精工,False
2023-08-25,57.088,57.457,55.245,55.675,78471.0,80589717.0,10.5,10.56,10.2,10.27,True,国机精工,False
2023-08-28,58.993,59.423,55.307,55.675,78994.0,81126838.0,10.81,10.88,10.21,10.27,True,国机精工,False
2023-08-29,55.368,59.485,55.245,59.485,107873.0,117473697.0,10.22,10.89,10.2,10.89,True,国机精工,False
2023-08-30,59.239,60.775,59.055,60.468,75230.0,83129150.0,10.85,11.1,10.82,11.05,True,国机精工,False
2023-08-31,61.758,63.601,61.021,61.205,182705.0,204081485.0,11.26,11.56,11.14,11.17,True,国机精工,False
2023-09-01,61.451,62.372,60.713,62.188,86010.0,97449330.0,11.21,11.36,11.09,11.33,True,国机精工,False
2023-09-04,62.311,63.232,62.065,63.048,83735.0,96044045.0,11.35,11.5,11.31,11.47,True,国机精工,False
2023-09-05,63.048,63.785,62.372,62.864,66853.0,76479832.0,11.47,11.59,11.36,11.44,True,国机精工,False
2023-09-06,62.188,63.232,62.127,63.232,64000.0,73600000.0,11.33,11.5,11.32,11.5,True,国机精工,False
2023-09-07,62.741,62.864,61.328,61.328,63840.0,71436960.0,11.42,11.44,11.19,11.19,True,国机精工,False
2023-09-08,61.266,62.679,61.266,62.188,50386.0,57087338.0,11.18,11.41,11.18,11.33,True,国机精工,False
2023-09-11,62.311,62.925,61.328,62.618,55443.0,63205020.0,11.35,11.45,11.19,11.4,True,国机精工,False
2023-09-12,62.495,62.802,62.127,62.372,26726.0,30360736.0,11.38,11.43,11.32,11.36,True,国机精工,False
2023-09-13,61.942,62.372,60.713,61.143,42579.0,47518164.0,11.29,11.36,11.09,11.16,True,国机精工,False
2023-09-14,61.143,61.512,60.038,60.652,46767.0,51817836.0,11.16,11.22,10.98,11.08,True,国机精工,False
2023-09-15,61.328,61.942,60.16,60.775,44072.0,48919920.0,11.19,11.29,11.0,11.1,True,国机精工,False
2023-09-18,60.652,62.495,60.222,61.881,63631.0,71775768.0,11.08,11.38,11.01,11.28,True,国机精工,False
2023-09-19,61.758,61.881,60.16,60.406,56061.0,61891343.99999999,11.26,11.28,11.0,11.04,True,国机精工,False
2023-09-20,60.283,60.713,59.853,59.853,39656.0,43423320.0,11.02,11.09,10.95,10.95,True,国机精工,False
2023-09-21,59.853,60.713,59.3,59.792,39833.0,43577302.0,10.95,11.09,10.86,10.94,True,国机精工,False
2023-09-22,59.362,60.775,59.177,60.652,39427.0,43685116.0,10.87,11.1,10.84,11.08,True,国机精工,False
2023-09-25,60.775,61.696,60.406,60.775,42912.0,47632320.0,11.1,11.25,11.04,11.1,True,国机精工,False
2023-09-26,60.529,61.942,60.222,61.328,49309.0,55176771.0,11.06,11.29,11.01,11.19,True,国机精工,False
2023-09-27,61.082,61.696,60.898,61.512,45610.0,51174420.0,11.15,11.25,11.12,11.22,True,国机精工,False
2023-09-28,61.266,62.311,61.266,62.004,51644.0,58357720.0,11.18,11.35,11.18,11.3,True,国机精工,False
2023-10-09,61.881,62.249,60.529,60.898,55029.0,61192247.99999999,11.28,11.34,11.06,11.12,True,国机精工,False
2023-10-10,60.898,61.266,60.345,60.529,36260.0,40103560.0,11.12,11.18,11.03,11.06,True,国机精工,False
2023-10-11,60.713,60.959,59.607,60.099,56214.0,61779186.0,11.09,11.13,10.91,10.99,True,国机精工,False
2023-10-12,60.345,60.652,59.177,60.16,43170.0,47487000.0,11.03,11.08,10.84,11.0,True,国机精工,False
2023-10-13,59.915,59.915,58.194,58.686,57935.0,62338060.0,10.96,10.96,10.68,10.76,True,国机精工,False
2023-10-16,58.686,59.239,57.273,57.764,48950.0,51935950.0,10.76,10.85,10.53,10.61,True,国机精工,False
2023-10-17,57.826,57.887,56.535,57.027,45134.0,47345566.0,10.62,10.63,10.41,10.49,True,国机精工,False
2023-10-18,56.72,57.703,56.167,56.228,52650.0,54545400.0,10.44,10.6,10.35,10.36,True,国机精工,False
2023-10-19,56.228,57.027,55.675,55.798,39474.0,40618746.0,10.36,10.49,10.27,10.29,True,国机精工,False
2023-10-20,55.368,56.597,55.307,55.43,43701.0,44706123.0,10.22,10.42,10.21,10.23,True,国机精工,False
2023-10-23,55.307,55.43,52.788,53.156,63435.0,62546910.0,10.21,10.23,9.8,9.86,True,国机精工,False
2023-10-24,53.402,54.078,53.095,53.648,45022.0,44751868.0,9.9,10.01,9.85,9.94,True,国机精工,False
2023-10-25,53.955,55.43,53.955,54.508,43224.0,43569792.0,9.99,10.23,9.99,10.08,True,国机精工,False
2023-10-26,54.078,55.307,53.218,55.122,44219.0,45014942.0,10.01,10.21,9.87,10.18,True,国机精工,False
2023-10-27,54.692,56.413,54.324,56.105,39810.0,41163540.0,10.11,10.39,10.05,10.34,True,国机精工,False
2023-10-30,55.86,57.826,55.43,57.641,79056.0,83720304.0,10.3,10.62,10.23,10.59,True,国机精工,False
2023-10-31,55.983,56.413,53.648,54.262,189302.0,190059208.0,10.32,10.39,9.94,10.04,True,国机精工,False
2023-11-01,54.508,55.368,53.771,54.815,92469.0,93671097.0,10.08,10.22,9.96,10.13,True,国机精工,False
2023-11-02,54.815,55.245,53.771,53.832,72286.0,72069142.0,10.13,10.2,9.96,9.97,True,国机精工,False
2023-11-03,54.631,56.72,54.569,56.535,133984.0,139477344.0,10.1,10.44,10.09,10.41,True,国机精工,False
2023-11-06,56.597,58.071,56.597,57.764,99274.0,105329714.0,10.42,10.66,10.42,10.61,True,国机精工,False
2023-11-07,57.641,58.194,57.273,57.887,63775.0,67792825.0,10.59,10.68,10.53,10.63,True,国机精工,False
2023-11-08,58.194,64.338,58.01,62.618,290946.0,331678440.0,10.68,11.68,10.65,11.4,True,国机精工,False
2023-11-09,63.171,64.154,61.451,62.495,200357.0,228006266.00000003,11.49,11.65,11.21,11.38,True,国机精工,False
2023-11-10,61.942,63.232,61.021,62.434,106556.0,121154172.0,11.29,11.5,11.14,11.37,True,国机精工,False
2023-11-13,63.97,67.533,62.741,67.41,250378.0,304960404.0,11.62,12.2,11.42,12.18,True,国机精工,False
2023-11-14,66.98,67.779,66.427,67.042,144487.0,175118244.0,12.11,12.24,12.02,12.12,True,国机精工,False
2023-11-15,68.701,71.035,67.349,68.209,268259.0,330226829.0,12.39,12.77,12.17,12.31,True,国机精工,False
2023-11-16,67.533,68.455,66.55,66.734,201966.0,243772962.0,12.2,12.35,12.04,12.07,True,国机精工,False
2023-11-17,66.427,66.857,65.383,66.55,113781.0,136992324.0,12.02,12.09,11.85,12.04,True,国机精工,False
2023-11-20,67.042,73.554,66.366,72.694,405841.0,529216664.0,12.12,13.18,12.01,13.04,True,国机精工,False
2023-11-21,73.37,76.135,70.237,70.298,416603.0,527002795.0,13.15,13.6,12.64,12.65,True,国机精工,False
2023-11-22,70.605,72.141,68.393,68.516,222163.0,274593468.0,12.7,12.95,12.34,12.36,True,国机精工,False
2023-11-23,67.533,69.991,67.472,69.622,123759.0,155193786.0,12.2,12.6,12.19,12.54,True,国机精工,False
2023-11-24,68.946,69.684,67.226,67.595,105357.0,128640897.0,12.43,12.55,12.15,12.21,True,国机精工,False
2023-11-27,66.919,68.455,66.304,67.226,105264.0,127895760.0,12.1,12.35,12.0,12.15,True,国机精工,False
2023-11-28,67.042,68.025,66.734,67.042,90387.0,109549044.0,12.12,12.28,12.07,12.12,True,国机精工,False
2023-11-29,66.98,68.455,66.612,67.226,99391.0,120760065.0,12.11,12.35,12.05,12.15,True,国机精工,False
2023-11-30,67.718,68.762,66.796,67.533,115185.0,140525700.0,12.23,12.4,12.08,12.2,True,国机精工,False
2023-12-01,66.612,67.533,66.489,66.98,62973.0,76260303.0,12.05,12.2,12.03,12.11,True,国机精工,False
2023-12-04,70.728,72.817,69.131,70.052,284444.0,358683884.0,12.72,13.06,12.46,12.61,True,国机精工,False
2023-12-05,69.684,69.684,67.595,67.963,141986.0,174216822.0,12.55,12.55,12.21,12.27,True,国机精工,False
2023-12-06,67.533,69.131,66.612,67.103,115183.0,139716979.0,12.2,12.46,12.05,12.13,True,国机精工,False
2023-12-07,66.673,68.516,65.936,66.12,111060.0,132938820.0,12.06,12.36,11.94,11.97,True,国机精工,False
2023-12-08,65.567,66.612,65.198,65.26,113883.0,134723589.0,11.88,12.05,11.82,11.83,True,国机精工,False
2023-12-11,64.953,65.506,62.249,65.444,175122.0,207694692.0,11.78,11.87,11.34,11.86,True,国机精工,False
2023-12-12,65.26,65.444,63.601,63.847,100520.0,116603200.0,11.83,11.86,11.56,11.6,True,国机精工,False
2023-12-13,63.908,67.779,63.601,65.506,163568.0,194155216.0,11.61,12.24,11.56,11.87,True,国机精工,False
2023-12-14,65.444,67.165,65.383,65.813,131330.0,156545360.0,11.86,12.14,11.85,11.92,True,国机精工,False
2023-12-15,65.69,65.69,64.093,64.338,87330.0,102001440.0,11.9,11.9,11.64,11.68,True,国机精工,False
2023-12-18,64.461,64.461,63.11,63.417,61808.0,71264624.0,11.7,11.7,11.48,11.53,True,国机精工,False
2023-12-19,62.618,64.215,62.065,63.724,62079.0,71887482.0,11.4,11.66,11.31,11.58,True,国机精工,False
2023-12-20,63.724,64.523,62.679,62.679,52068.0,59409588.0,11.58,11.71,11.41,11.41,True,国机精工,False
2023-12-21,62.679,63.11,60.652,63.11,91531.0,105077588.0,11.41,11.48,11.08,11.48,True,国机精工,False
2023-12-22,62.987,63.171,61.021,61.696,60886.0,68496750.0,11.46,11.49,11.14,11.25,True,国机精工,False
2023-12-25,61.389,62.802,61.205,62.434,56336.0,64054031.99999999,11.2,11.43,11.17,11.37,True,国机精工,False
2023-12-26,62.434,62.557,60.406,60.775,55473.0,61575030.0,11.37,11.39,11.04,11.1,True,国机精工,False
2023-12-27,60.959,61.389,60.345,60.775,48112.0,53404320.0,11.13,11.2,11.03,11.1,True,国机精工,False
2023-12-28,60.529,62.987,60.099,62.495,78364.0,89178232.0,11.06,11.46,10.99,11.38,True,国机精工,False
2023-12-29,62.434,63.908,62.065,63.54,72993.0,84306915.0,11.37,11.61,11.31,11.55,True,国机精工,False
2024-01-02,63.54,64.953,63.294,64.277,81210.0,94772070.0,11.55,11.78,11.51,11.67,True,国机精工,False
2024-01-03,63.724,64.461,61.574,62.679,92289.0,105301749.0,11.58,11.7,11.23,11.41,True,国机精工,False
2024-01-04,62.372,63.171,62.065,62.311,60051.0,68157885.0,11.36,11.49,11.31,11.35,True,国机精工,False
2024-01-05,62.249,62.802,60.038,60.468,67054.0,74094670.0,11.34,11.43,10.98,11.05,True,国机精工,False
2024-01-08,60.16,60.468,58.502,58.563,70738.0,75972612.0,11.0,11.05,10.73,10.74,True,国机精工,False
2024-01-09,58.563,60.775,58.502,59.976,55366.0,60736502.0,10.74,11.1,10.73,10.97,True,国机精工,False
2024-01-10,59.792,60.406,58.502,59.177,45976.0,49837984.0,10.94,11.04,10.73,10.84,True,国机精工,False
2024-01-11,59.055,60.345,58.747,59.915,43244.0,47395424.0,10.82,11.03,10.77,10.96,True,国机精工,False
2024-01-12,59.669,60.652,58.87,58.932,49812.0,53796960.0,10.92,11.08,10.79,10.8,True,国机精工,False
2024-01-15,58.686,59.177,57.949,58.624,48830.0,52492250.0,10.76,10.84,10.64,10.75,True,国机精工,False
2024-01-16,58.502,58.932,56.72,57.457,69872.0,73784832.0,10.73,10.8,10.44,10.56,True,国机精工,False
2024-01-17,57.703,57.703,55.737,55.798,50051.0,51502478.99999999,10.6,10.6,10.28,10.29,True,国机精工,False
2024-01-18,55.368,55.86,53.341,55.307,76246.0,77847166.0,10.22,10.3,9.89,10.21,True,国机精工,False
2024-01-19,55.122,55.737,54.078,54.139,53562.0,53669124.0,10.18,10.28,10.01,10.02,True,国机精工,False
2024-01-22,53.894,54.139,49.654,50.453,102576.0,96626592.0,9.98,10.02,9.29,9.42,True,国机精工,False
2024-01-23,49.961,50.453,48.855,49.593,99347.0,92194016.0,9.34,9.42,9.16,9.28,True,国机精工,False
2024-01-24,49.9,51.497,48.241,51.497,100143.0,96037137.0,9.33,9.59,9.06,9.59,True,国机精工,False
2024-01-25,51.375,56.597,50.944,56.228,159380.0,165117680.0,9.57,10.42,9.5,10.36,True,国机精工,False
2024-01-26,56.228,57.211,55.491,55.798,93441.0,96150789.0,10.36,10.52,10.24,10.29,True,国机精工,False
2024-01-29,55.86,56.474,53.894,53.894,71068.0,70925864.0,10.3,10.4,9.98,9.98,True,国机精工,False
2024-01-30,53.771,56.597,52.788,53.341,89650.0,88663850.0,9.96,10.42,9.8,9.89,True,国机精工,False
2024-01-31,52.603,53.955,49.777,50.33,91285.0,85807900.0,9.77,9.99,9.31,9.4,True,国机精工,False
2024-02-01,49.716,51.067,48.487,50.084,93835.0,87829560.0,9.3,9.52,9.1,9.36,True,国机精工,False
2024-02-02,49.839,50.576,44.309,45.906,204974.0,177917432.0,9.32,9.44,8.42,8.68,True,国机精工,False
2024-02-05,45.538,45.538,40.561,40.561,162986.0,127292066.0,8.62,8.62,7.81,7.81,True,国机精工,False
2024-02-06,39.209,43.879,36.752,42.527,179604.0,146018052.0,7.59,8.35,7.19,8.13,True,国机精工,False
2024-02-07,42.957,45.722,41.483,42.957,201535.0,165258700.0,8.2,8.65,7.96,8.2,True,国机精工,False
2024-02-08,44.063,47.995,42.343,47.75,253319.0,227480462.0,8.38,9.02,8.1,8.98,True,国机精工,False
2024-02-19,48.241,49.286,46.767,48.61,171401.0,156317712.0,9.06,9.23,8.82,9.12,True,国机精工,False
2024-02-20,48.118,48.241,46.828,48.118,100116.0,90504864.0,9.04,9.06,8.83,9.04,True,国机精工,False
2024-02-21,47.381,51.252,46.951,49.04,152086.0,139767034.0,8.92,9.55,8.85,9.19,True,国机精工,False
2024-02-22,48.671,50.146,48.61,50.023,97206.0,90887610.0,9.13,9.37,9.12,9.35,True,国机精工,False
2024-02-23,49.9,52.358,49.716,52.173,137608.0,133479760.0,9.33,9.73,9.3,9.7,True,国机精工,False
2024-02-26,54.569,56.228,53.095,54.815,265705.0,269159165.0,10.09,10.36,9.85,10.13,True,国机精工,False
2024-02-27,54.385,56.535,53.586,56.474,217190.0,225877600.0,10.06,10.41,9.93,10.4,True,国机精工,False
2024-02-28,56.413,56.966,51.006,51.129,259597.0,247395941.0,10.39,10.48,9.51,9.53,True,国机精工,False
2024-02-29,50.453,54.324,50.33,54.324,153651.0,154419255.0,9.42,10.05,9.4,10.05,True,国机精工,False
2024-03-01,54.631,55.614,54.016,55.491,128341.0,131421184.0,10.1,10.26,10.0,10.24,True,国机精工,False
2024-03-04,55.798,56.105,54.447,55.552,138042.0,141493050.0,10.29,10.34,10.07,10.25,True,国机精工,False
2024-03-05,54.938,54.938,53.771,54.139,92759.0,92944518.0,10.15,10.15,9.96,10.02,True,国机精工,False
2024-03-06,53.832,55.552,53.525,54.999,103745.0,105404920.0,9.97,10.25,9.92,10.16,True,国机精工,False
2024-03-07,55.798,58.01,55.43,56.351,214548.0,222700824.00000003,10.29,10.65,10.23,10.38,True,国机精工,False
2024-03-08,56.535,57.088,54.938,55.86,120845.0,124470350.0,10.41,10.5,10.15,10.3,True,国机精工,False
2024-03-11,55.245,56.167,54.999,56.105,108194.0,111872596.0,10.2,10.35,10.16,10.34,True,国机精工,False
2024-03-12,56.105,57.273,55.552,57.027,118821.0,124643229.0,10.34,10.53,10.25,10.49,True,国机精工,False
2024-03-13,56.72,59.177,56.351,58.317,200226.0,214241820.0,10.44,10.84,10.38,10.7,True,国机精工,False
2024-03-14,59.055,60.529,57.15,58.502,222085.0,238297205.0,10.82,11.06,10.51,10.73,True,国机精工,False
2024-03-15,58.194,61.696,57.58,60.16,233000.0,256300000.0,10.68,11.25,10.58,11.0,True,国机精工,False
2024-03-18,59.485,61.635,58.809,61.021,252426.0,281202564.0,10.89,11.24,10.78,11.14,True,国机精工,False
2024-03-19,60.16,60.836,59.485,59.607,153393.0,167351763.0,11.0,11.11,10.89,10.91,True,国机精工,False
2024-03-20,59.3,59.73,58.809,59.485,126449.0,137702961.0,10.86,10.93,10.78,10.89,True,国机精工,False
2024-03-21,59.485,62.004,58.87,61.389,210451.0,235705120.0,10.89,11.3,10.79,11.2,True,国机精工,False
2024-03-22,61.205,61.266,58.379,59.362,163622.0,177857114.0,11.17,11.18,10.71,10.87,True,国机精工,False
2024-03-25,58.747,59.73,58.071,58.194,92436.0,98721648.0,10.77,10.93,10.66,10.68,True,国机精工,False
2024-03-26,58.01,58.44,54.938,56.351,175449.0,182116062.0,10.65,10.72,10.15,10.38,True,国机精工,False
2024-03-27,56.351,56.474,53.033,53.033,121465.0,119521560.0,10.38,10.4,9.84,9.84,True,国机精工,False
2024-03-28,53.033,56.105,53.033,54.938,107719.0,109334785.0,9.84,10.34,9.84,10.15,True,国机精工,False
2024-03-29,55.307,55.614,53.832,55.614,74428.0,76363128.0,10.21,10.26,9.97,10.26,True,国机精工,False
2024-04-01,55.737,57.334,55.675,56.966,82420.0,86376160.0,10.28,10.54,10.27,10.48,True,国机精工,False
2024-04-02,56.781,56.904,55.43,56.105,73102.0,75587468.0,10.45,10.47,10.23,10.34,True,国机精工,False
2024-04-03,55.552,55.798,54.262,54.692,67135.0,67873485.0,10.25,10.29,10.04,10.11,True,国机精工,False
2024-04-08,54.692,54.754,52.911,53.033,81606.0,80300304.0,10.11,10.12,9.82,9.84,True,国机精工,False
2024-04-09,53.402,54.324,53.218,53.586,64086.0,63637398.0,9.9,10.05,9.87,9.93,True,国机精工,False
2024-04-10,54.016,55.245,52.972,53.402,139500.0,138105000.0,10.0,10.2,9.83,9.9,True,国机精工,False
2024-04-11,51.927,53.586,51.559,52.726,103704.0,101526216.0,9.66,9.93,9.6,9.79,True,国机精工,False
2024-04-12,52.726,54.385,52.726,52.849,90764.0,89039484.0,9.79,10.06,9.79,9.81,True,国机精工,False
2024-04-15,53.095,54.324,50.822,53.463,126874.0,125732134.0,9.85,10.05,9.48,9.91,True,国机精工,False
2024-04-16,53.156,53.156,48.487,48.855,144760.0,132600160.0,9.86,9.86,9.1,9.16,True,国机精工,False
2024-04-17,49.408,52.665,49.408,52.358,104776.0,101947048.0,9.25,9.78,9.25,9.73,True,国机精工,False
2024-04-18,52.235,53.586,51.743,52.788,82777.0,81121460.0,9.71,9.93,9.63,9.8,True,国机精工,False
2024-04-19,52.235,53.095,51.313,51.805,84257.0,81223748.0,9.71,9.85,9.56,9.64,True,国机精工,False
2024-04-22,51.497,52.48,50.453,52.235,66327.0,64403517.00000001,9.59,9.75,9.42,9.71,True,国机精工,False
2024-04-23,52.48,52.972,52.112,52.358,65662.0,63889126.0,9.75,9.83,9.69,9.73,True,国机精工,False
2024-04-24,52.419,54.016,52.235,54.016,78769.0,78769000.0,9.74,10.0,9.71,10.0,True,国机精工,False
2024-04-25,54.262,54.262,52.911,53.095,65138.0,64160930.0,10.04,10.04,9.82,9.85,True,国机精工,False
2024-04-26,53.033,55.43,52.849,54.877,138246.0,140181444.0,9.84,10.23,9.81,10.14,True,国机精工,False
2024-04-29,55.983,57.826,55.983,57.334,153131.0,161400074.0,10.32,10.62,10.32,10.54,True,国机精工,False
2024-04-30,56.658,59.976,56.474,58.932,215223.0,232440840.00000003,10.43,10.97,10.4,10.8,True,国机精工,False
2024-05-06,59.73,59.976,58.317,59.177,138174.0,149780616.0,10.93,10.97,10.7,10.84,True,国机精工,False
2024-05-07,59.055,60.775,58.809,60.099,136896.0,150448704.0,10.82,11.1,10.78,10.99,True,国机精工,False
2024-05-08,61.389,66.857,60.836,65.198,506648.0,598857936.0,11.2,12.09,11.11,11.82,True,国机精工,False
2024-05-09,64.461,65.997,63.417,65.26,397149.0,469827267.0,11.7,11.95,11.53,11.83,True,国机精工,False
2024-05-10,65.69,67.41,63.048,63.662,280359.0,324375363.0,11.9,12.18,11.47,11.57,True,国机精工,False
2024-05-13,62.987,63.232,61.082,61.451,202283.0,226759243.00000003,11.46,11.5,11.15,11.21,True,国机精工,False
2024-05-14,61.389,62.864,61.328,61.512,133218.0,149470596.0,11.2,11.44,11.19,11.22,True,国机精工,False
2024-05-15,61.512,61.881,60.038,60.283,124135.0,136796770.0,11.22,11.28,10.98,11.02,True,国机精工,False
2024-05-16,60.591,61.451,59.73,60.099,97538.0,107194262.0,11.07,11.21,10.93,10.99,True,国机精工,False
2024-05-17,59.915,61.143,59.607,61.143,88902.0,99214632.0,10.96,11.16,10.91,11.16,True,国机精工,False
2024-05-20,60.898,62.249,60.836,61.451,108051.0,121125171.0,11.12,11.34,11.11,11.21,True,国机精工,False
2024-05-21,61.143,62.188,60.283,61.451,105931.0,118748651.0,11.16,11.33,11.02,11.21,True,国机精工,False
2024-05-22,60.898,62.557,60.591,61.451,100926.0,113138046.0,11.12,11.39,11.07,11.21,True,国机精工,False
2024-05-23,61.512,61.574,59.669,59.853,93498.0,102380310.0,11.22,11.23,10.92,10.95,True,国机精工,False
2024-05-24,59.669,60.775,59.362,59.546,87675.0,95565750.0,10.92,11.1,10.87,10.9,True,国机精工,False
2024-05-27,59.116,60.713,58.01,60.652,92161.0,102114388.0,10.83,11.09,10.65,11.08,True,国机精工,False
2024-05-28,60.591,61.389,59.853,60.222,70081.0,77159181.0,11.07,11.2,10.95,11.01,True,国机精工,False
2024-05-29,60.222,61.696,59.607,59.915,84518.0,92631728.0,11.01,11.25,10.91,10.96,True,国机精工,False
2024-05-30,59.423,62.249,58.932,60.836,126222.0,140232642.0,10.88,11.34,10.8,11.11,True,国机精工,False
2024-05-31,61.266,63.724,60.591,62.987,205870.0,235927020.00000003,11.18,11.58,11.07,11.46,True,国机精工,False
2024-06-03,64.215,64.768,61.082,61.819,188438.0,212369626.0,11.66,11.75,11.15,11.27,True,国机精工,False
2024-06-04,61.758,62.127,60.099,62.004,126382.0,142811660.0,11.26,11.32,10.99,11.3,True,国机精工,False
2024-06-05,61.082,62.311,60.16,60.16,127276.0,140003600.0,11.15,11.35,11.0,11.0,True,国机精工,False
2024-06-06,60.283,60.529,57.58,58.071,146336.0,155994176.0,11.02,11.06,10.58,10.66,True,国机精工,False
2024-06-07,58.502,60.652,58.502,59.976,116613.0,127924461.0,10.73,11.08,10.73,10.97,True,国机精工,False
2024-06-11,59.362,60.591,58.379,60.529,95776.0,105928256.0,10.87,11.07,10.71,11.06,True,国机精工,False
2024-06-12,60.406,61.881,59.853,61.389,106864.0,119687680.0,11.04,11.28,10.95,11.2,True,国机精工,False
2024-06-13,61.758,61.881,60.898,61.021,89801.0,98242294.0,11.06,11.08,10.92,10.94,True,国机精工,False
2024-06-14,60.836,61.266,59.853,60.468,93760.0,101729600.0,10.91,10.98,10.75,10.85,True,国机精工,False
2024-06-17,60.283,60.775,59.485,59.669,89543.0,95990096.0,10.82,10.9,10.69,10.72,True,国机精工,False
2024-06-18,59.546,60.898,59.546,60.836,88847.0,96932077.0,10.7,10.92,10.7,10.91,True,国机精工,False
2024-06-19,61.205,61.696,59.177,59.423,88292.0,94295856.0,10.97,11.05,10.64,10.68,True,国机精工,False
2024-06-20,59.546,59.915,56.658,56.904,114280.0,117365560.0,10.7,10.76,10.23,10.27,True,国机精工,False
2024-06-21,56.966,57.58,56.167,57.211,56944.0,58766208.0,10.28,10.38,10.15,10.32,True,国机精工,False
2024-06-24,56.843,56.843,53.832,54.016,90769.0,88953620.0,10.26,10.26,9.77,9.8,True,国机精工,False
2024-06-25,54.324,56.044,54.016,54.877,83210.0,82710740.0,9.85,10.13,9.8,9.94,True,国机精工,False
2024-06-26,54.569,56.167,54.016,56.167,64681.0,65651215.0,9.89,10.15,9.8,10.15,True,国机精工,False
2024-06-27,55.614,56.781,54.631,54.815,71358.0,70858494.0,10.06,10.25,9.9,9.93,True,国机精工,False
2024-06-28,54.754,57.027,54.385,56.29,83179.0,84593043.0,9.92,10.29,9.86,10.17,True,国机精工,False
2024-07-01,55.86,56.474,54.815,56.351,65700.0,66882600.0,10.1,10.2,9.93,10.18,True,国机精工,False
2024-07-02,56.29,56.29,54.692,54.938,82672.0,82258640.0,10.17,10.17,9.91,9.95,True,国机精工,False
2024-07-03,54.815,55.245,53.463,53.525,80234.0,77987448.0,9.93,10.0,9.71,9.72,True,国机精工,False
2024-07-04,53.832,54.631,52.173,52.48,67625.0,64581875.00000001,9.77,9.9,9.5,9.55,True,国机精工,False
2024-07-05,52.542,53.279,51.497,52.972,51633.0,49722579.00000001,9.56,9.68,9.39,9.63,True,国机精工,False
2024-07-08,52.665,52.726,50.883,51.067,52056.0,48516192.0,9.58,9.59,9.29,9.32,True,国机精工,False
2024-07-09,50.822,52.849,49.9,52.726,82668.0,79278612.0,9.28,9.61,9.13,9.59,True,国机精工,False
2024-07-10,52.419,52.911,51.743,52.05,49431.0,46860588.0,9.54,9.62,9.43,9.48,True,国机精工,False
2024-07-11,53.341,54.262,52.849,54.262,65814.0,64760976.0,9.69,9.84,9.61,9.84,True,国机精工,False
2024-07-12,53.771,54.447,53.709,53.832,41262.0,40312974.0,9.76,9.87,9.75,9.77,True,国机精工,False
2024-07-15,53.771,53.832,52.542,52.849,51878.0,49854758.0,9.76,9.77,9.56,9.61,True,国机精工,False
2024-07-16,52.296,52.788,50.822,52.603,90719.0,86818083.0,9.52,9.6,9.28,9.57,True,国机精工,False
2024-07-17,52.235,52.419,51.497,51.559,44329.0,41669260.0,9.51,9.54,9.39,9.4,True,国机精工,False
2024-07-18,51.436,52.849,50.33,52.542,64113.0,61292028.0,9.38,9.61,9.2,9.56,True,国机精工,False
2024-07-19,52.05,53.279,51.743,52.358,56741.0,54074173.0,9.48,9.68,9.43,9.53,True,国机精工,False
2024-07-22,52.542,53.218,52.235,52.726,50254.0,48193586.0,9.56,9.67,9.51,9.59,True,国机精工,False
2024-07-23,52.911,53.095,51.313,51.436,49939.0,46842782.00000001,9.62,9.65,9.36,9.38,True,国机精工,False
2024-07-24,51.436,52.665,50.944,51.313,53441.0,50020776.0,9.38,9.58,9.3,9.36,True,国机精工,False
2024-07-25,51.006,52.849,50.637,51.927,45170.0,42730820.00000001,9.31,9.61,9.25,9.46,True,国机精工,False
2024-07-26,51.805,57.703,51.682,56.228,239039.0,242863624.0,9.44,10.4,9.42,10.16,True,国机精工,False
2024-07-29,57.027,59.423,56.843,59.055,307758.0,326838996.0,10.29,10.68,10.26,10.62,True,国机精工,False
2024-07-30,58.317,58.317,56.351,57.273,190120.0,196393960.0,10.5,10.5,10.18,10.33,True,国机精工,False
2024-07-31,56.904,59.177,56.658,58.624,179383.0,189249065.0,10.27,10.64,10.23,10.55,True,国机精工,False
2024-08-01,58.87,61.021,58.686,60.591,231926.0,252103562.0,10.59,10.94,10.56,10.87,True,国机精工,False
2024-08-02,59.546,61.881,58.993,59.3,230295.0,245494470.0,10.7,11.08,10.61,10.66,True,国机精工,False
2024-08-05,59.055,60.283,56.966,57.088,158381.0,163132430.0,10.62,10.82,10.28,10.3,True,国机精工,False
2024-08-06,57.826,63.417,57.641,62.557,516685.0,578170515.0,10.42,11.33,10.39,11.19,True,国机精工,False
2024-08-07,61.696,66.243,61.574,62.618,485827.0,544126240.0,11.05,11.79,11.03,11.2,True,国机精工,False
2024-08-08,62.618,63.232,60.038,60.406,283880.0,307725920.0,11.2,11.3,10.78,10.84,True,国机精工,False
2024-08-09,60.468,61.143,58.993,58.993,152626.0,161936186.0,10.85,10.96,10.61,10.61,True,国机精工,False
2024-08-12,59.177,59.546,57.949,58.256,89245.0,93618005.0,10.64,10.7,10.44,10.49,True,国机精工,False
2024-08-13,58.44,58.809,57.211,58.379,95767.0,100651117.0,10.52,10.58,10.32,10.51,True,国机精工,False
2024-08-14,58.194,58.747,57.519,57.58,76244.0,79141272.0,10.48,10.57,10.37,10.38,True,国机精工,False
2024-08-15,57.457,57.949,55.983,57.273,121909.0,125931997.0,10.36,10.44,10.12,10.33,True,国机精工,False
2024-08-16,58.624,59.792,56.29,56.474,166567.0,169898340.0,10.55,10.74,10.17,10.2,True,国机精工,False
2024-08-19,55.86,56.781,55.368,55.921,109648.0,110854128.0,10.1,10.25,10.02,10.11,True,国机精工,False
2024-08-20,55.983,56.105,54.016,54.324,96281.0,94836785.0,10.12,10.14,9.8,9.85,True,国机精工,False
2024-08-21,54.262,54.815,53.218,53.525,78808.0,76601376.0,9.84,9.93,9.67,9.72,True,国机精工,False
2024-08-22,53.586,54.016,52.665,52.849,65465.0,62911865.0,9.73,9.8,9.58,9.61,True,国机精工,False
2024-08-23,52.665,52.665,51.497,52.235,72957.0,69382107.0,9.58,9.58,9.39,9.51,True,国机精工,False
2024-08-26,51.866,52.726,51.682,52.542,61046.0,58359976.0,9.45,9.59,9.42,9.56,True,国机精工,False
2024-08-27,52.112,52.173,50.576,50.76,69976.0,64867752.0,9.49,9.5,9.24,9.27,True,国机精工,False
2024-08-28,50.699,51.927,50.391,51.497,50877.0,47773503.0,9.26,9.46,9.21,9.39,True,国机精工,False
2024-08-29,51.313,53.279,50.944,52.788,91449.0,87791040.0,9.36,9.68,9.3,9.6,True,国机精工,False
2024-08-30,52.603,54.385,51.866,53.218,135289.0,130824463.0,9.57,9.86,9.45,9.67,True,国机精工,False
2024-09-02,53.095,53.218,51.436,51.436,77138.0,72355444.0,9.65,9.67,9.38,9.38,True,国机精工,False
2024-09-03,51.743,52.358,51.313,52.235,54687.0,52007337.0,9.43,9.53,9.36,9.51,True,国机精工,False
2024-09-04,51.927,52.419,51.313,51.743,51288.0,48364584.0,9.46,9.54,9.36,9.43,True,国机精工,False
2024-09-05,51.743,52.358,51.62,52.05,45017.0,42676116.0,9.43,9.53,9.41,9.48,True,国机精工,False
2024-09-06,52.112,52.173,50.822,50.822,49485.0,45922080.0,9.49,9.5,9.28,9.28,True,国机精工,False
2024-09-09,50.699,51.067,49.9,50.453,51323.0,47319806.0,9.26,9.32,9.13,9.22,True,国机精工,False
2024-09-10,50.699,51.252,49.839,51.252,48396.0,45250260.0,9.26,9.35,9.12,9.35,True,国机精工,False
2024-09-11,51.19,51.19,49.961,50.207,52586.0,48273948.0,9.34,9.34,9.14,9.18,True,国机精工,False
2024-09-12,50.33,51.375,50.269,50.637,50299.0,46526575.0,9.2,9.37,9.19,9.25,True,国机精工,False
2024-09-13,50.576,50.76,49.347,49.347,57649.0,52114695.99999999,9.24,9.27,9.04,9.04,True,国机精工,False
2024-09-18,49.286,50.207,48.548,49.9,45381.0,41432853.0,9.03,9.18,8.91,9.13,True,国机精工,False
2024-09-19,50.269,51.559,49.961,51.129,58401.0,54488133.0,9.19,9.4,9.14,9.33,True,国机精工,False
2024-09-20,51.006,51.129,50.023,50.453,49635.0,45763470.0,9.31,9.33,9.15,9.22,True,国机精工,False
2024-09-23,50.269,50.944,49.961,50.699,42045.0,38933670.0,9.19,9.3,9.14,9.26,True,国机精工,False
2024-09-24,51.129,52.972,51.006,52.849,91198.0,87641278.0,9.33,9.63,9.31,9.61,True,国机精工,False
2024-09-25,53.341,54.631,52.788,52.911,110179.0,105992198.0,9.69,9.9,9.6,9.62,True,国机精工,False
2024-09-26,52.849,54.999,52.665,54.877,109131.0,108476214.0,9.61,9.96,9.58,9.94,True,国机精工,False
2024-09-27,55.983,58.87,55.983,58.01,172379.0,180136055.0,10.12,10.59,10.12,10.45,True,国机精工,False
2024-09-30,60.099,64.4,58.932,64.154,285921.0,327379545.0,10.79,11.49,10.6,11.45,True,国机精工,False
2024-10-08,71.22,71.22,65.629,70.667,335173.0,419301423.0,12.6,12.6,11.69,12.51,True,国机精工,False
2024-10-09,69.254,69.254,63.785,64.154,238405.0,272973725.0,12.28,12.28,11.39,11.45,True,国机精工,False
2024-10-10,65.997,67.287,63.97,64.891,176064.0,203706048.0,11.75,11.96,11.42,11.57,True,国机精工,False
2024-10-11,64.338,64.707,60.099,61.082,145820.0,159672900.0,11.48,11.54,10.79,10.95,True,国机精工,False
2024-10-14,61.389,63.785,61.389,63.662,138062.0,156976494.0,11.0,11.39,11.0,11.37,True,国机精工,False
2024-10-15,62.864,64.891,62.372,62.864,114381.0,128564244.0,11.24,11.57,11.16,11.24,True,国机精工,False
2024-10-16,61.881,63.048,61.266,61.881,87373.0,96809284.0,11.08,11.27,10.98,11.08,True,国机精工,False
2024-10-17,62.372,64.461,61.942,62.065,103359.0,114831849.0,11.16,11.5,11.09,11.11,True,国机精工,False
2024-10-18,61.942,65.014,61.389,63.908,145601.0,166130741.0,11.09,11.59,11.0,11.41,True,国机精工,False
2024-10-21,64.4,66.427,64.154,65.137,164697.0,191213217.0,11.49,11.82,11.45,11.61,True,国机精工,False
2024-10-22,65.137,67.103,64.646,66.12,131541.0,154823757.0,11.61,11.93,11.53,11.77,True,国机精工,False
2024-10-23,66.304,68.148,65.874,67.103,152032.0,181374176.0,11.8,12.1,11.73,11.93,True,国机精工,False
2024-10-24,67.349,67.349,64.891,65.506,126181.0,147253227.0,11.97,11.97,11.57,11.67,True,国机精工,False
2024-10-25,65.567,66.919,65.198,66.489,114059.0,134931797.0,11.68,11.9,11.62,11.83,True,国机精工,False
2024-10-28,66.427,69.192,66.243,69.069,158262.0,193870950.0,11.82,12.27,11.79,12.25,True,国机精工,False
2024-10-29,69.254,69.929,67.349,67.533,137359.0,164830800.0,12.28,12.39,11.97,12.0,True,国机精工,False
2024-10-30,67.533,69.069,66.796,67.533,115585.0,138702000.0,12.0,12.25,11.88,12.0,True,国机精工,False
2024-10-31,64.4,64.584,61.389,63.97,385272.0,439980624.0,11.49,11.52,11.0,11.42,True,国机精工,False
2024-11-01,63.355,65.444,61.574,61.635,197687.0,218246448.0,11.32,11.66,11.03,11.04,True,国机精工,False
2024-11-04,61.881,64.277,61.389,63.355,138898.0,157232536.0,11.08,11.47,11.0,11.32,True,国机精工,False
2024-11-05,63.908,67.779,63.355,67.226,307294.0,367216330.0,11.41,12.04,11.32,11.95,True,国机精工,False
2024-11-06,68.148,68.823,66.612,67.595,266380.0,319922380.0,12.1,12.21,11.85,12.01,True,国机精工,False
2024-11-07,67.226,67.902,65.997,67.533,165447.0,198536400.0,11.95,12.06,11.75,12.0,True,国机精工,False
2024-11-08,67.963,69.008,67.165,67.41,194157.0,232600086.0,12.07,12.24,11.94,11.98,True,国机精工,False
2024-11-11,67.41,69.438,67.165,69.315,194554.0,239106866.0,11.98,12.31,11.94,12.29,True,国机精工,False
2024-11-12,70.114,70.359,66.98,68.025,186912.0,225789696.0,12.42,12.46,11.91,12.08,True,国机精工,False
2024-11-13,68.025,68.455,65.997,67.718,131547.0,158251041.0,12.08,12.15,11.75,12.03,True,国机精工,False
2024-11-14,67.472,67.963,64.891,65.137,133780.0,155318580.0,11.99,12.07,11.57,11.61,True,国机精工,False
2024-11-15,65.014,67.779,64.154,64.4,145639.0,167339211.0,11.59,12.04,11.45,11.49,True,国机精工,False
2024-11-18,64.523,66.366,62.679,63.785,131878.0,150209042.0,11.51,11.81,11.21,11.39,True,国机精工,False
2024-11-19,64.215,67.595,63.847,67.533,160304.0,192364800.0,11.46,12.01,11.4,12.0,True,国机精工,False
2024-11-20,66.796,74.906,66.796,74.906,293790.0,387802800.0,11.88,13.2,11.88,13.2,True,国机精工,False
2024-11-21,78.531,82.156,75.459,79.022,908842.0,1260563854.0,13.79,14.38,13.29,13.87,True,国机精工,False
2024-11-22,77.978,78.715,72.633,73.001,548911.0,707546279.0,13.7,13.82,12.83,12.89,True,国机精工,False
2024-11-25,72.694,73.554,69.806,73.186,406584.0,525306528.0,12.84,12.98,12.37,12.92,True,国机精工,False
2024-11-26,72.51,74.169,69.376,69.806,311586.0,385431882.0,12.81,13.08,12.3,12.37,True,国机精工,False
2024-11-27,69.684,70.544,66.059,70.544,254516.0,317890484.0,12.35,12.49,11.76,12.49,True,国机精工,False
2024-11-28,69.991,71.404,68.823,69.192,193187.0,237040449.0,12.4,12.63,12.21,12.27,True,国机精工,False
2024-11-29,69.376,76.749,68.762,76.749,529714.0,715113900.0,12.3,13.5,12.2,13.5,True,国机精工,False
2024-12-02,80.436,82.893,78.654,79.575,829368.0,1157797728.0,14.1,14.5,13.81,13.96,True,国机精工,False
2024-12-03,78.285,86.334,78.285,83.077,774224.0,1124947472.0,13.75,15.06,13.75,14.53,True,国机精工,False
2024-12-04,83.262,87.378,80.989,81.664,746412.0,1067369160.0,14.56,15.23,14.19,14.3,True,国机精工,False
2024-12-05,80.558,90.45,80.497,90.45,589749.0,927675177.0,14.12,15.73,14.11,15.73,True,国机精工,False
2024-12-06,92.724,100.096,85.228,95.611,977378.0,1619515346.0,16.1,17.3,14.88,16.57,True,国机精工,False
2024-12-09,94.997,96.84,90.266,91.372,528711.0,839593068.0,16.47,16.77,15.7,15.88,True,国机精工,False
2024-12-10,93.952,94.137,87.194,87.44,532339.0,811284636.0,16.3,16.33,15.2,15.24,True,国机精工,False
2024-12-11,87.01,92.109,85.658,91.065,409068.0,647554644.0,15.17,16.0,14.95,15.83,True,国机精工,False
2024-12-12,89.652,90.757,87.931,89.529,217983.0,339617514.0,15.6,15.78,15.32,15.58,True,国机精工,False
2024-12-13,88.73,91.802,87.133,87.624,265504.0,405424608.0,15.45,15.95,15.19,15.27,True,国机精工,False
2024-12-16,86.457,87.378,81.849,82.832,324243.0,469828107.0,15.08,15.23,14.33,14.49,True,国机精工,False
2024-12-17,82.463,83.2,78.961,79.637,191151.0,267037947.0,14.43,14.55,13.86,13.97,True,国机精工,False
2024-12-18,79.575,80.866,78.592,80.19,152775.0,214801650.0,13.96,14.17,13.8,14.06,True,国机精工,False
2024-12-19,78.592,80.497,77.978,79.944,122342.0,171523484.0,13.8,14.11,13.7,14.02,True,国机精工,False
2024-12-20,79.637,81.05,79.514,80.19,138497.0,194726782.0,13.97,14.2,13.95,14.06,True,国机精工,False
2024-12-23,81.419,88.423,79.391,88.423,623151.0,959652540.0,14.26,15.4,13.93,15.4,True,国机精工,False
2024-12-24,84.122,92.109,79.883,90.573,622336.0,980179200.0,14.7,16.0,14.01,15.75,True,国机精工,False
2024-12-25,85.781,89.836,84.613,84.736,301224.0,445811520.0,14.97,15.63,14.78,14.8,True,国机精工,False
2024-12-26,83.385,86.887,83.323,84.245,255099.0,375505728.0,14.58,15.15,14.57,14.72,True,国机精工,False
2024-12-27,84.122,85.351,81.91,81.972,246244.0,353360140.0,14.7,14.9,14.34,14.35,True,国机精工,False
2024-12-30,80.927,83.016,79.391,80.19,213595.0,300314570.0,14.18,14.52,13.93,14.06,True,国机精工,False
2024-12-31,79.698,83.815,79.575,79.821,278577.0,390007800.0,13.98,14.65,13.96,14.0,True,国机精工,False
2025-01-02,78.715,81.664,78.101,79.453,230208.0,320909952.0,13.82,14.3,13.72,13.94,True,国机精工,False
2025-01-03,79.821,80.067,70.912,70.912,374663.0,470202065.0,14.0,14.04,12.55,12.55,True,国机精工,False
2025-01-06,69.192,70.237,67.287,68.086,214548.0,259388532.0,12.27,12.44,11.96,12.09,True,国机精工,False
2025-01-07,68.393,70.421,67.963,70.298,188565.0,234763425.0,12.14,12.47,12.07,12.45,True,国机精工,False
2025-01-08,69.561,69.745,65.874,69.131,209429.0,256759954.0,12.33,12.36,11.73,12.26,True,国机精工,False
2025-01-09,68.148,70.052,68.148,69.622,142754.0,176158436.0,12.1,12.41,12.1,12.34,True,国机精工,False
2025-01-10,69.684,73.923,69.376,69.499,253634.0,312477088.0,12.35,13.04,12.3,12.32,True,国机精工,False
2025-01-13,67.595,70.79,66.366,68.701,142550.0,173768450.0,12.01,12.53,11.81,12.19,True,国机精工,False
2025-01-14,69.131,73.677,68.823,73.677,223768.0,290898400.0,12.26,13.0,12.21,13.0,True,国机精工,False
2025-01-15,73.677,73.677,71.465,71.895,154086.0,195843306.0,13.0,13.0,12.64,12.71,True,国机精工,False
2025-01-16,72.51,76.381,71.895,73.063,196381.0,253331490.0,12.81,13.44,12.71,12.9,True,国机精工,False
2025-01-17,74.292,74.845,71.895,73.186,224345.0,289853740.0,13.1,13.19,12.71,12.92,True,国机精工,False
2025-01-20,73.677,74.599,72.878,74.046,165006.0,215497836.0,13.0,13.15,12.87,13.06,True,国机精工,False
2025-01-21,74.292,74.476,72.694,74.046,153202.0,200081812.0,13.1,13.13,12.84,13.06,True,国机精工,False
2025-01-22,73.493,76.565,72.94,74.66,215248.0,283266368.0,12.97,13.47,12.88,13.16,True,国机精工,False
2025-01-23,75.029,79.022,74.845,75.705,293560.0,391315480.0,13.22,13.87,13.19,13.33,True,国机精工,False
2025-01-24,74.783,77.364,73.984,76.934,223024.0,301751472.0,13.18,13.6,13.05,13.53,True,国机精工,False
2025-01-27,76.503,76.811,73.984,74.046,156550.0,204454300.0,13.46,13.51,13.05,13.06,True,国机精工,False
2025-02-05,74.292,75.95,74.23,74.783,168843.0,222535074.0,13.1,13.37,13.09,13.18,True,国机精工,False
2025-02-06,74.292,79.145,74.046,78.777,320075.0,442663725.0,13.1,13.89,13.06,13.83,True,国机精工,False
2025-02-07,78.531,79.33,77.056,78.531,317700.0,438108300.0,13.79,13.92,13.55,13.79,True,国机精工,False
2025-02-10,78.224,79.453,77.302,79.453,213871.0,298136174.0,13.74,13.94,13.59,13.94,True,国机精工,False
2025-02-11,79.391,79.391,77.855,78.285,159773.0,219687875.0,13.93,13.93,13.68,13.75,True,国机精工,False
2025-02-12,77.978,80.313,77.241,80.006,226076.0,317184628.0,13.7,14.08,13.58,14.03,True,国机精工,False
2025-02-13,79.637,81.419,78.039,78.101,231494.0,317609768.0,13.97,14.26,13.71,13.72,True,国机精工,False
2025-02-14,78.101,78.715,75.52,76.442,195180.0,262517100.0,13.72,13.82,13.3,13.45,True,国机精工,False
2025-02-17,76.381,77.732,76.135,77.302,176624.0,240032016.0,13.44,13.66,13.4,13.59,True,国机精工,False
2025-02-18,76.934,81.542,76.319,78.285,361690.0,497323750.0,13.53,14.28,13.43,13.75,True,国机精工,False
2025-02-19,78.347,86.764,78.285,86.764,414052.0,626460676.0,13.76,15.13,13.75,15.13,True,国机精工,False
2025-02-20,87.255,91.802,86.702,90.327,739805.0,1162233655.0,15.21,15.95,15.12,15.71,True,国机精工,False
2025-02-21,89.344,90.082,87.133,88.361,452857.0,696946923.0,15.55,15.67,15.19,15.39,True,国机精工,False
2025-02-24,87.808,90.573,86.518,89.037,424692.0,658272600.0,15.3,15.75,15.09,15.5,True,国机精工,False
2025-02-25,87.194,93.031,86.58,91.679,413276.0,658348668.0,15.2,16.15,15.1,15.93,True,国机精工,False
2025-02-26,92.416,101.448,91.126,101.448,431066.0,755227632.0,16.05,17.52,15.84,17.52,True,国机精工,False
2025-02-27,100.711,106.793,96.164,98.253,670664.0,1140128800.0,17.4,18.39,16.66,17.0,True,国机精工,False
2025-02-28,97.639,98.192,90.573,90.942,491890.0,777678090.0,16.9,16.99,15.75,15.81,True,国机精工,False
2025-03-03,91.188,93.277,88.423,89.467,307292.0,478453644.0,15.85,16.19,15.4,15.57,True,国机精工,False
2025-03-04,88.423,93.092,87.993,91.31,246017.0,390428979.0,15.4,16.16,15.33,15.87,True,国机精工,False
2025-03-05,91.863,95.058,90.942,93.645,292142.0,474730750.0,15.96,16.48,15.81,16.25,True,国机精工,False
2025-03-06,95.181,96.717,93.461,95.12,391836.0,646137563.9999999,16.5,16.75,16.22,16.49,True,国机精工,False
2025-03-07,94.26,97.577,93.277,94.751,289378.0,475448054.0,16.35,16.89,16.19,16.43,True,国机精工,False
2025-03-10,99.482,104.827,99.482,104.827,265801.0,480302407.0,17.2,18.07,17.2,18.07,True,国机精工,False
2025-03-11,102.431,104.028,99.482,102.062,495397.0,872889514.0,17.68,17.94,17.2,17.62,True,国机精工,False
2025-03-12,102.062,105.995,100.711,103.168,417960.0,743968800.0,17.62,18.26,17.4,17.8,True,国机精工,False
2025-03-13,102.923,103.168,96.41,97.762,317991.0,538040772.0,17.76,17.8,16.7,16.92,True,国机精工,False
2025-03-14,96.963,99.482,95.243,97.516,252938.0,426959344.0,16.79,17.2,16.51,16.88,True,国机精工,False
2025-03-17,99.421,99.482,96.226,96.656,202278.0,338613371.99999994,17.19,17.2,16.67,16.74,True,国机精工,False
2025-03-18,97.516,102.247,97.516,100.649,414557.0,720914623.0,16.88,17.65,16.88,17.39,True,国机精工,False
2025-03-19,100.096,101.509,98.069,100.404,268239.0,465394665.00000006,17.3,17.53,16.97,17.35,True,国机精工,False
2025-03-20,103.045,111.094,102.554,108.944,790199.0,1480832925.9999998,17.78,19.09,17.7,18.74,True,国机精工,False
2025-03-21,108.636,109.312,101.509,101.509,598447.0,1049077591.0,18.69,18.8,17.53,17.53,True,国机精工,False
2025-03-24,102.554,103.045,93.154,95.734,417858.0,693226422.0,17.7,17.78,16.17,16.59,True,国机精工,False
2025-03-25,95.488,99.666,94.321,94.874,305057.0,501818765.0,16.55,17.23,16.36,16.45,True,国机精工,False
2025-03-26,94.813,99.789,94.813,97.823,325116.0,550421388.0,16.44,17.25,16.44,16.93,True,国机精工,False
2025-03-27,97.209,98.499,91.802,93.584,280147.0,454958728.0,16.83,17.04,15.95,16.24,True,国机精工,False
2025-03-28,93.707,97.516,92.662,92.785,201540.0,324680940.0,16.26,16.88,16.09,16.11,True,国机精工,False
2025-03-31,91.556,91.986,86.825,89.652,241579.0,376863240.0,15.91,15.98,15.14,15.6,True,国机精工,False
2025-04-01,89.652,91.188,88.791,88.914,136045.0,210597660.0,15.6,15.85,15.46,15.48,True,国机精工,False
2025-04-02,88.484,92.109,88.484,89.774,155320.0,242609840.0,15.41,16.0,15.41,15.62,True,国机精工,False
2025-04-03,88.914,92.724,87.685,88.3,176747.0,271836886.0,15.48,16.1,15.28,15.38,True,国机精工,False
2025-04-07,82.217,82.77,78.838,78.838,124838.0,172775792.0,14.39,14.48,13.84,13.84,True,国机精工,False
2025-04-08,75.582,78.224,70.359,72.756,362696.0,466064360.0,13.31,13.74,12.46,12.85,True,国机精工,False
2025-04-09,71.22,77.794,66.673,76.811,303842.0,410490542.0,12.6,13.67,11.86,13.51,True,国机精工,False
2025-04-10,79.084,81.972,79.022,79.391,253202.0,352710386.0,13.88,14.35,13.87,13.93,True,国机精工,False
2025-04-11,77.794,83.016,76.811,81.419,225507.0,321572982.0,13.67,14.52,13.51,14.26,True,国机精工,False
2025-04-14,84.613,87.808,83.999,84.921,262649.0,389508467.0,14.78,15.3,14.68,14.83,True,国机精工,False
2025-04-15,84.798,85.965,82.955,84.429,148680.0,219303000.0,14.81,15.0,14.51,14.75,True,国机精工,False
2025-04-16,83.938,84.429,80.067,81.357,167450.0,238616250.0,14.67,14.75,14.04,14.25,True,国机精工,False
2025-04-17,81.05,84.921,80.497,82.156,156997.0,225761686.0,14.2,14.83,14.11,14.38,True,国机精工,False
2025-04-18,82.34,83.016,81.234,82.34,99819.0,143839179.0,14.41,14.52,14.23,14.41,True,国机精工,False
2025-04-21,82.156,84.736,81.726,84.552,123379.0,182230783.0,14.38,14.8,14.31,14.77,True,国机精工,False
2025-04-22,84.061,84.429,82.279,82.77,129894.0,188086512.0,14.69,14.75,14.4,14.48,True,国机精工,False
2025-04-23,83.2,86.641,83.139,85.351,229239.0,341566110.0,14.55,15.11,14.54,14.9,True,国机精工,False
2025-04-24,85.351,85.904,83.077,83.63,142461.0,208277982.0,14.9,14.99,14.53,14.62,True,国机精工,False
2025-04-25,84.061,84.552,82.77,83.139,107898.0,156883692.0,14.69,14.77,14.48,14.54,True,国机精工,False
2025-04-28,82.893,83.323,81.296,81.48,92059.0,131368193.0,14.5,14.57,14.24,14.27,True,国机精工,False
2025-04-29,81.173,89.529,80.19,86.272,280081.0,421521905.0,14.22,15.58,14.06,15.05,True,国机精工,False
2025-04-30,85.228,88.546,83.999,87.993,286661.0,439451313.0,14.88,15.42,14.68,15.33,True,国机精工,False
2025-05-06,89.713,92.109,88.914,91.433,297668.0,472994452.0,15.61,16.0,15.48,15.89,True,国机精工,False
2025-05-07,92.109,94.69,91.495,93.154,344398.0,556891566.0,16.0,16.42,15.9,16.17,True,国机精工,False
2025-05-08,92.724,96.041,92.416,94.321,282452.0,462091472.0,16.1,16.64,16.05,16.36,True,国机精工,False
2025-05-09,93.645,94.321,91.126,92.601,228934.0,368125872.0,16.25,16.36,15.84,16.08,True,国机精工,False
2025-05-12,93.952,96.594,93.399,95.488,240813.0,398545515.0,16.3,16.73,16.21,16.55,True,国机精工,False
2025-05-13,95.98,95.98,92.724,92.969,188931.0,304934634.0,16.63,16.63,16.1,16.14,True,国机精工,False
2025-05-14,92.601,93.522,91.433,92.355,160752.0,257846208.0,16.08,16.23,15.89,16.04,True,国机精工,False
2025-05-15,91.986,92.662,90.02,91.065,133472.0,211286176.0,15.98,16.09,15.66,15.83,True,国机精工,False
2025-05-16,90.696,95.673,90.696,93.952,279497.0,455580110.0,15.77,16.58,15.77,16.3,True,国机精工,False
2025-05-19,94.567,94.69,91.188,93.338,174809.0,283190580.0,16.4,16.42,15.85,16.2,True,国机精工,False
2025-05-20,98.315,103.291,96.226,98.13,622717.0,1057373466.0,17.01,17.82,16.67,16.98,True,国机精工,False
2025-05-21,97.7,99.359,93.522,93.707,443817.0,721646442.0000001,16.91,17.18,16.23,16.26,True,国机精工,False
2025-05-22,94.321,94.567,91.802,92.232,208323.0,333733446.0,16.36,16.4,15.95,16.02,True,国机精工,False
2025-05-23,92.232,93.277,90.02,90.327,211615.0,332447165.0,16.02,16.19,15.66,15.71,True,国机精工,False
2025-05-26,89.897,91.495,89.406,90.573,147779.0,232751925.0,15.64,15.9,15.56,15.75,True,国机精工,False
2025-05-27,90.143,93.338,89.529,92.048,198214.0,316944186.0,15.68,16.2,15.58,15.99,True,国机精工,False
2025-05-28,91.495,92.539,89.652,89.774,169064.0,264077968.0,15.9,16.07,15.6,15.62,True,国机精工,False
2025-05-29,89.099,90.88,89.037,90.266,131678.0,206734460.0,15.51,15.8,15.5,15.7,True,国机精工,False
2025-05-30,89.836,90.573,87.624,88.361,161001.0,247780539.0,15.63,15.75,15.27,15.39,True,国机精工,False
2025-06-03,88.116,91.249,88.054,89.221,158741.0,246524773.0,15.35,15.86,15.34,15.53,True,国机精工,False
2025-06-04,89.652,91.679,89.099,90.45,140459.0,220942007.0,15.6,15.93,15.51,15.73,True,国机精工,False
2025-06-05,90.696,97.332,89.59,95.058,388773.0,640697904.0,15.77,16.85,15.59,16.48,True,国机精工,False
2025-06-06,94.014,94.628,92.355,92.539,202280.0,325063960.0,16.31,16.41,16.04,16.07,True,国机精工,False
2025-06-09,92.969,95.488,92.724,94.382,184287.0,301677819.0,16.14,16.55,16.1,16.37,True,国机精工,False
2025-06-10,94.321,95.427,91.065,92.601,187990.0,302287919.99999994,16.36,16.54,15.83,16.08,True,国机精工,False
2025-06-11,92.662,95.796,92.539,95.427,240676.0,398078104.0,16.09,16.6,16.07,16.54,True,国机精工,False
2025-06-12,94.813,95.857,94.075,94.505,135354.0,221845206.0,16.44,16.61,16.32,16.39,True,国机精工,False
2025-06-13,94.505,95.98,92.785,95.304,213556.0,348309836.0,16.18,16.42,15.9,16.31,True,国机精工,False
2025-06-16,94.628,95.734,94.075,95.55,135262.0,221153370.00000003,16.2,16.38,16.11,16.35,True,国机精工,False
2025-06-17,95.673,100.096,94.751,99.113,334262.0,565905566.0,16.37,17.09,16.22,16.93,True,国机精工,False
2025-06-18,98.745,98.868,96.963,98.253,164448.0,276108192.0,16.87,16.89,16.58,16.79,True,国机精工,False
2025-06-19,98.253,98.315,93.707,93.768,202056.0,324501936.0,16.79,16.8,16.05,16.06,True,国机精工,False
2025-06-20,93.584,94.26,91.31,91.31,135424.0,212073984.0,16.03,16.14,15.66,15.66,True,国机精工,False
2025-06-23,90.327,92.908,89.836,92.539,84984.0,134784624.0,15.5,15.92,15.42,15.86,True,国机精工,False
2025-06-24,92.969,96.656,92.539,95.304,138155.0,225330805.0,15.93,16.53,15.86,16.31,True,国机精工,False
2025-06-25,96.103,97.024,95.12,96.594,171437.0,283213924.0,16.44,16.59,16.28,16.52,True,国机精工,False
2025-06-26,96.594,97.885,95.243,95.488,198682.0,324646388.0,16.52,16.73,16.3,16.34,True,国机精工,False
2025-06-27,95.304,96.901,95.181,95.611,130723.0,213862828.0,16.31,16.57,16.29,16.36,True,国机精工,False
2025-06-30,95.611,98.253,95.55,97.577,150338.0,250763784.0,16.36,16.79,16.35,16.68,True,国机精工,False
2025-07-01,97.577,98.683,96.471,97.393,132137.0,220008105.0,16.68,16.86,16.5,16.65,True,国机精工,False
2025-07-02,97.086,97.577,93.952,94.567,158432.0,256501408.00000003,16.6,16.68,16.09,16.19,True,国机精工,False
2025-07-03,94.567,98.315,94.014,95.673,133209.0,218063133.0,16.19,16.8,16.1,16.37,True,国机精工,False
2025-07-04,95.304,95.673,93.154,93.768,140869.0,226235614.0,16.31,16.37,15.96,16.06,True,国机精工,False
2025-07-07,93.768,93.768,92.785,93.154,63633.0,101558268.0,16.06,16.06,15.9,15.96,True,国机精工,False
2025-07-08,93.338,94.321,93.031,94.014,86184.0,138756240.0,15.99,16.15,15.94,16.1,True,国机精工,False
2025-07-09,94.137,94.935,92.662,92.846,111316.0,177103756.0,16.12,16.25,15.88,15.91,True,国机精工,False
2025-07-10,92.601,93.399,92.048,92.724,88012.0,139851068.0,15.87,16.0,15.78,15.89,True,国机精工,False
2025-07-11,92.785,93.338,92.171,92.969,92280.0,147002040.0,15.9,15.99,15.8,15.93,True,国机精工,False
2025-07-14,92.846,94.382,92.662,94.137,107440.0,173193280.0,15.91,16.16,15.88,16.12,True,国机精工,False
2025-07-15,94.137,94.137,91.433,92.601,128827.0,204448449.0,16.12,16.12,15.68,15.87,True,国机精工,False
2025-07-16,92.785,98.315,92.478,96.594,346854.0,573002808.0,15.9,16.8,15.85,16.52,True,国机精工,False
2025-07-17,96.41,97.454,95.796,97.332,173474.0,288660736.0,16.49,16.66,16.39,16.64,True,国机精工,False
2025-07-18,97.454,100.772,96.717,98.929,257739.0,435578910.0,16.66,17.2,16.54,16.9,True,国机精工,False
2025-07-21,100.158,105.872,98.806,105.196,389306.0,697636352.0000001,17.1,18.03,16.88,17.92,True,国机精工,False
2025-07-22,105.81,106.302,104.09,105.564,309240.0,556013520.0,18.02,18.1,17.74,17.98,True,国机精工,False
2025-07-23,105.872,106.916,103.537,103.783,204352.0,361498688.0,18.03,18.2,17.65,17.69,True,国机精工,False
2025-07-24,103.721,104.827,102.738,103.844,156618.0,277213860.0,17.68,17.86,17.52,17.7,True,国机精工,False
2025-07-25,103.537,110.172,102.247,108.698,358197.0,662306253.0,17.65,18.73,17.44,18.49,True,国机精工,False
2025-07-28,108.575,112.077,106.916,110.664,262634.0,494014554.0,18.47,19.04,18.2,18.81,True,国机精工,False
2025-07-29,110.05,114.719,109.435,113.06,279451.0,536545920.0,18.71,19.47,18.61,19.2,True,国机精工,False
2025-07-30,113.367,116.931,112.2,114.596,299974.0,583449430.0,19.25,19.83,19.06,19.45,True,国机精工,False
2025-07-31,113.306,115.641,112.876,114.166,206868.0,400910184.0,19.24,19.62,19.17,19.38,True,国机精工,False
2025-08-01,113.859,114.719,111.401,113.552,167181.0,322324968.0,19.33,19.47,18.93,19.28,True,国机精工,False
2025-08-04,112.753,125.41,112.077,125.41,261893.0,555475053.0,19.15,21.21,19.04,21.21,True,国机精工,False
2025-08-05,131.922,138.435,130.448,138.435,711038.0,1658851653.9999998,22.27,23.33,22.03,23.33,True,国机精工,False
2025-08-06,142.551,152.75,142.49,152.75,373000.0,957118000.0,24.0,25.66,23.99,25.66,True,国机精工,False
2025-08-07,168.54,168.54,160.185,168.54,415540.0,1173069420.0,28.23,28.23,26.87,28.23,True,国机精工,False
2025-08-08,168.54,185.866,164.117,185.866,1305852.0,4054670460.0,28.23,31.05,27.51,31.05,True,国机精工,False
2025-08-11,185.866,193.546,177.511,191.396,1152556.0,3682416420.0,31.05,32.3,29.69,31.95,True,国机精工,False
2025-08-12,191.396,197.233,184.33,187.71,826934.0,2592438090.0,31.95,32.9,30.8,31.35,True,国机精工,False
2025-08-13,191.703,201.165,188.938,192.318,921544.0,2958156240.0,32.0,33.54,31.55,32.1,True,国机精工,False
2025-08-14,199.322,212.04,184.638,184.699,956871.0,2952903906.0,33.24,35.31,30.85,30.86,True,国机精工,False
2025-08-15,188.017,194.161,173.763,181.996,886162.0,2695704804.0,31.4,32.4,29.08,30.42,True,国机精工,False
2025-08-18,181.934,200.673,181.934,200.673,671998.0,2248505308.0,30.41,33.46,30.41,33.46,True,国机精工,False
2025-08-19,205.159,221.256,203.93,221.256,489977.0,1803605337.0,34.19,36.81,33.99,36.81,True,国机精工,False
2025-08-20,231.27,243.804,224.696,235.018,969578.0,3786202090.0,38.44,40.48,37.37,39.05,True,国机精工,False
2025-08-21,235.141,240.118,216.525,222.853,808495.0,2997090965.0,39.07,39.88,36.04,37.07,True,国机精工,False
2025-08-22,229.673,230.287,203.254,204.667,722010.0,2462776110.0,38.18,38.28,33.88,34.11,True,国机精工,False
2025-08-25,203.991,207.8,201.718,206.264,539166.0,1853113542.0,34.0,34.62,33.63,34.37,True,国机精工,False
2025-08-26,206.387,213.023,202.148,205.343,468803.0,1604243866.0,34.39,35.47,33.7,34.22,True,国机精工,False
2025-08-27,203.991,208.169,199.568,199.69,369253.0,1229612490.0,34.0,34.68,33.28,33.3,True,国机精工,False
2025-08-28,199.69,203.807,191.703,200.305,379936.0,1268986240.0,33.3,33.97,32.0,33.4,True,国机精工,False
2025-08-29,202.148,203.991,196.618,200.182,255443.0,852668734.0000001,33.7,34.0,32.8,33.38,True,国机精工,False
2025-09-01,203.868,207.8,197.233,198.462,257522.0,852397820.0,33.98,34.62,32.9,33.1,True,国机精工,False
2025-09-02,199.875,199.998,182.794,196.496,410318.0,1345022404.0,33.33,33.35,30.55,32.78,True,国机精工,False
2025-09-03,195.697,198.523,189.86,192.318,216059.0,693549390.0,32.65,33.11,31.7,32.1,True,国机精工,False
2025-09-04,191.089,194.161,181.258,185.559,195817.0,607032700.0,31.9,32.4,30.3,31.0,True,国机精工,False
2025-09-05,185.498,204.606,183.102,204.606,250782.0,855166620.0,30.99,34.1,30.6,34.1,True,国机精工,False
2025-09-08,208.292,209.828,201.964,205.466,469228.0,1606636672.0,34.7,34.95,33.67,34.24,True,国机精工,False
2025-09-09,203.377,207.555,199.568,200.182,246678.0,823411164.0000001,33.9,34.58,33.28,33.38,True,国机精工,False
2025-09-10,200.182,208.046,198.707,200.12,255877.0,853861548.9999999,33.38,34.66,33.14,33.37,True,国机精工,False
2025-09-11,197.294,201.534,195.39,198.83,264472.0,876989151.9999999,32.91,33.6,32.6,33.16,True,国机精工,False
2025-09-12,198.83,207.186,197.233,200.858,311460.0,1043079540.0,33.16,34.52,32.9,33.49,True,国机精工,False
2025-09-15,197.909,203.377,193.608,195.697,270495.0,883166175.0,33.01,33.9,32.31,32.65,True,国机精工,False
2025-09-16,193.976,202.762,190.904,200.243,215429.0,719317431.0,32.37,33.8,31.87,33.39,True,国机精工,False
2025-09-17,202.455,212.654,194.652,199.322,479035.0,1592312340.0,33.75,35.41,32.48,33.24,True,国机精工,False
2025-09-18,197.294,208.046,196.926,200.919,446772.0,1496686200.0,32.91,34.66,32.85,33.5,True,国机精工,False
2025-09-19,204.728,213.269,201.288,202.578,495025.0,1671699425.0000002,34.12,35.51,33.56,33.77,True,国机精工,False
2025-09-22,197.11,209.521,197.11,206.449,256409.0,882046960.0,32.88,34.9,32.88,34.4,True,国机精工,False
2025-09-23,206.449,211.364,189.184,195.943,326376.0,1066923144.0,34.4,35.2,31.59,32.69,True,国机精工,False
2025-09-24,194.96,209.889,189.921,194.714,359277.0,1167290973.0,32.53,34.96,31.71,32.49,True,国机精工,False
2025-09-25,192.379,195.697,184.699,184.945,310586.0,959710740.0,32.11,32.65,30.86,30.9,True,国机精工,False
2025-09-26,184.146,186.051,165.96,165.96,498016.0,1384982496.0,30.77,31.08,27.81,27.81,True,国机精工,False
2025-09-29,165.96,167.865,158.157,159.816,411513.0,1103266353.0,27.81,28.12,26.54,26.81,True,国机精工,False
2025-09-30,160.983,161.413,156.437,157.973,249684.0,661912284.0,27.0,27.07,26.26,26.51,True,国机精工,False
2025-10-09,159.816,161.598,157.235,157.973,197816.0,524410216.00000006,26.81,27.1,26.39,26.51,True,国机精工,False
2025-10-10,162.949,167.987,157.911,158.218,378835.0,1005806925.0,27.32,28.14,26.5,26.55,True,国机精工,False
2025-10-13,147.098,160.676,147.098,160.0,249451.0,669526484.0,24.74,26.95,24.74,26.84,True,国机精工,False
2025-10-14,160.246,170.261,160.246,163.257,353427.0,967329699.0,26.88,28.51,26.88,27.37,True,国机精工,False
2025-10-15,164.424,174.439,159.693,170.691,389298.0,1112613684.0,27.56,29.19,26.79,28.58,True,国机精工,False
2025-10-16,168.97,168.97,160.983,161.045,288747.0,779905647.0,28.3,28.3,27.0,27.01,True,国机精工,False
2025-10-17,161.352,165.284,160.185,161.106,212159.0,573253618.0,27.06,27.7,26.87,27.02,True,国机精工,False
2025-10-20,161.659,168.356,159.324,166.267,290367.0,808962462.0,27.11,28.2,26.73,27.86,True,国机精工,False
2025-10-21,165.714,169.831,163.379,167.803,267607.0,752243277.0,27.77,28.44,27.39,28.11,True,国机精工,False
2025-10-22,168.602,172.473,166.697,168.172,255416.0,719506872.0,28.24,28.87,27.93,28.17,True,国机精工,False
2025-10-23,166.451,168.11,160.369,163.564,186135.0,510382170.00000006,27.89,28.16,26.9,27.42,True,国机精工,False
2025-10-24,164.117,180.398,164.117,180.398,312166.0,941492656.0,27.51,30.16,27.51,30.16,True,国机精工,False
2025-10-27,183.102,183.9,177.265,178.371,458229.0,1366897107.0,30.6,30.73,29.65,29.83,True,国机精工,False
2025-10-28,177.756,185.313,177.449,179.477,311791.0,935684791.0,29.73,30.96,29.68,30.01,True,国机精工,False
2025-10-29,177.019,179.415,175.114,176.712,212651.0,628596356.0,29.61,30.0,29.3,29.56,True,国机精工,False
2025-10-30,176.712,176.712,170.568,171.797,217217.0,624716092.0,29.56,29.56,28.56,28.76,True,国机精工,False
2025-10-31,170.691,173.701,170.384,170.998,135686.0,388469018.0,28.58,29.07,28.53,28.63,True,国机精工,False
2025-11-03,173.271,173.271,168.233,172.104,130236.0,375209916.0,29.0,29.0,28.18,28.81,True,国机精工,False
2025-11-04,172.165,172.718,166.513,168.909,133743.0,378358947.0,28.82,28.91,27.9,28.29,True,国机精工,False
2025-11-05,165.898,168.233,164.362,166.943,102910.0,287839270.0,27.8,28.18,27.55,27.97,True,国机精工,False
2025-11-06,167.004,167.742,164.915,166.206,101425.0,282468625.0,27.98,28.1,27.64,27.85,True,国机精工,False
2025-11-07,166.267,168.725,162.212,167.742,154115.0,433063150.0,27.86,28.26,27.2,28.1,True,国机精工,False
2025-11-10,169.155,169.892,165.96,166.943,110747.0,309759359.0,28.33,28.45,27.81,27.97,True,国机精工,False
2025-11-11,167.004,178.186,166.267,174.684,355472.0,1039044656.0,27.98,29.8,27.86,29.23,True,国机精工,False
2025-11-12,172.903,172.903,160.0,161.905,280001.0,760202715.0,28.94,28.94,26.84,27.15,True,国机精工,False
2025-11-13,160.43,164.055,156.682,160.0,180310.0,483952040.0,26.91,27.5,26.3,26.84,True,国机精工,False
2025-11-14,159.754,169.769,157.604,162.888,190967.0,521530877.0,26.8,28.43,26.45,27.31,True,国机精工,False
2025-11-17,162.888,171.059,162.888,168.725,209617.0,592377642.0,27.31,28.64,27.31,28.26,True,国机精工,False
2025-11-18,166.574,172.165,164.055,169.216,186903.0,529683102.0,27.91,28.82,27.5,28.34,True,国机精工,False
2025-11-19,169.769,179.292,169.769,176.036,352386.0,1037776770.0,28.43,29.98,28.43,29.45,True,国机精工,False
2025-11-20,175.114,179.292,172.473,172.903,211576.0,612300944.0,29.3,29.98,28.87,28.94,True,国机精工,False
2025-11-21,169.032,175.299,166.329,171.244,177014.0,507499138.00000006,28.31,29.33,27.87,28.67,True,国机精工,False
2025-11-24,176.405,188.877,176.405,188.877,460336.0,1451899744.0,29.51,31.54,29.51,31.54,True,国机精工,False
2025-11-25,185.559,195.021,183.163,190.29,437538.0,1390058226.0,31.0,32.54,30.61,31.77,True,国机精工,False
2025-11-26,190.474,193.301,184.822,188.324,266852.0,839249540.0,31.8,32.26,30.88,31.45,True,国机精工,False
2025-11-27,185.989,188.324,180.644,182.241,242072.0,737351312.0,31.07,31.45,30.2,30.46,True,国机精工,False
2025-11-28,182.549,200.981,180.153,197.54,604040.0,1990311800.0,30.51,33.51,30.12,32.95,True,国机精工,False
2025-12-01,199.998,201.472,193.301,197.417,434088.0,1429451784.0,33.35,33.59,32.26,32.93,True,国机精工,False
2025-12-02,197.417,202.578,194.468,195.758,323606.0,1056897196.0,32.93,33.77,32.45,32.66,True,国机精工,False
2025-12-03,195.758,209.152,194.775,196.68,461671.0,1514742551.0,32.66,34.84,32.5,32.81,True,国机精工,False
2025-12-04,191.089,197.847,184.883,195.758,364249.0,1189637233.9999998,31.9,33.0,30.89,32.66,True,国机精工,False
2025-12-05,194.468,203.868,189.307,201.411,326452.0,1096225816.0,32.45,33.98,31.61,33.58,True,国机精工,False
2025-12-08,201.534,216.648,201.534,212.9,438727.0,1555287215.0000002,33.6,36.06,33.6,35.45,True,国机精工,False
2025-12-09,210.565,220.334,210.565,216.832,317707.0,1146604563.0,35.07,36.66,35.07,36.09,True,国机精工,False
2025-12-10,218.122,230.103,212.163,216.095,374496.0,1347062112.0,36.3,38.25,35.33,35.97,True,国机精工,False
2025-12-11,219.351,230.41,219.351,222.485,362070.0,1340021070.0,36.5,38.3,36.5,37.01,True,国机精工,False
2025-12-12,222.423,226.11,216.156,224.819,326076.0,1219198164.0,37.0,37.6,35.98,37.39,True,国机精工,False
2025-12-15,223.038,231.639,220.703,226.847,322711.0,1217265892.0,37.1,38.5,36.72,37.72,True,国机精工,False
2025-12-16,228.997,230.779,212.47,215.112,283052.0,1013609212.0,38.07,38.36,35.38,35.81,True,国机精工,False
2025-12-17,214.62,216.586,206.449,212.163,228398.0,806930134.0,35.73,36.05,34.4,35.33,True,国机精工,False
2025-12-18,210.135,221.87,209.951,216.463,213811.0,770361033.0,35.0,36.91,34.97,36.03,True,国机精工,False
2025-12-19,231.516,238.582,228.629,238.582,443332.0,1756924716.0,38.48,39.63,38.01,39.63,True,国机精工,False
2025-12-22,250.563,262.912,249.027,262.912,355794.0,1550906046.0000002,41.58,43.59,41.33,43.59,True,国机精工,False
2025-12-23,260.27,277.719,240.732,245.955,893558.0,3648397314.0,43.16,46.0,39.98,40.83,True,国机精工,False
2025-12-24,250.44,271.022,246.999,271.022,454422.0,2040809202.0,41.56,44.91,41.0,44.91,True,国机精工,False
2025-12-25,283.863,285.891,263.281,268.81,590134.0,2629046970.0,47.0,47.33,43.65,44.55,True,国机精工,False
2025-12-26,269.486,270.838,253.819,265.431,520404.0,2289777600.0,44.66,44.88,42.11,44.0,True,国机精工,False
2025-12-29,262.728,263.404,250.255,257.382,321513.0,1372538997.0,43.56,43.67,41.53,42.69,True,国机精工,False
2025-12-30,254.249,260.516,250.071,251.3,285834.0,1191927780.0,42.18,43.2,41.5,41.7,True,国机精工,False
2025-12-31,248.658,268.995,248.658,260.393,391849.0,1692003982.0,41.27,44.58,41.27,43.18,True,国机精工,False
2026-01-05,262.359,264.632,250.563,254.986,344870.0,1458800100.0,43.5,43.87,41.58,42.3,True,国机精工,False
2026-01-06,253.819,262.359,252.467,257.321,292177.0,1247011436.0,42.11,43.5,41.89,42.68,True,国机精工,False
2026-01-07,253.512,258.427,248.842,250.378,286919.0,1192148445.0,42.06,42.86,41.3,41.55,True,国机精工,False
2026-01-08,249.088,255.293,246.139,254.188,278751.0,1175492967.0,41.34,42.35,40.86,42.17,True,国机精工,False
2026-01-09,263.772,280.115,262.912,280.115,404563.0,1876767757.0,43.73,46.39,43.59,46.39,True,国机精工,False
2026-01-12,296.09,308.623,290.007,308.623,407443.0,2079181629.0,48.99,51.03,48.0,51.03,True,国机精工,False
2026-01-13,310.036,326.871,290.806,313.17,773249.0,4003110073.000001,51.26,54.0,48.13,51.77,True,国机精工,False
2026-01-14,326.871,332.831,295.782,300.82,562837.0,2800676912.0,54.0,54.97,48.94,49.76,True,国机精工,False
2026-01-15,293.878,296.151,284.477,289.393,332072.0,1590624880.0,48.63,49.0,47.1,47.9,True,国机精工,False
2026-01-16,290.007,294.861,282.266,282.696,225877.0,1057330237.0,48.0,48.79,46.74,46.81,True,国机精工,False
2026-01-19,282.204,291.113,276.982,284.785,217605.0,1026007575.0,46.73,48.18,45.88,47.15,True,国机精工,False
2026-01-20,288.594,289.823,272.251,279.439,210319.0,973356332.0,47.77,47.97,45.11,46.28,True,国机精工,False
2026-01-21,277.78,284.846,277.719,280.422,145250.0,674541000.0,46.01,47.16,46.0,46.44,True,国机精工,False
2026-01-22,283.74,290.007,278.948,286.013,230233.0,1090153255.0,46.98,48.0,46.2,47.35,True,国机精工,False
2026-01-23,286.935,302.111,284.416,295.967,357101.0,1748723597.0,47.5,49.97,47.09,48.97,True,国机精工,False
2026-01-26,290.744,292.035,266.66,267.581,351348.0,1558228380.0,48.12,48.33,44.2,44.35,True,国机精工,False
2026-01-27,265.554,286.013,265.554,283.249,278719.0,1307192110.0,44.02,47.35,44.02,46.9,True,国机精工,False
2026-01-28,284.047,309.361,280.852,286.996,258623.0,1228717873.0,47.03,51.15,46.51,47.51,True,国机精工,False
2026-01-29,282.388,290.007,276.49,276.92,194892.0,893969604.0,46.76,48.0,45.8,45.87,True,国机精工,False
2026-01-30,273.418,280.177,266.107,271.514,141981.0,638772519.0,45.3,46.4,44.11,44.99,True,国机精工,False
2026-02-02,275.261,289.761,273.111,282.02,245458.0,1146288860.0,45.6,47.96,45.25,46.7,True,国机精工,False
2026-02-03,290.007,295.414,277.658,294.431,216844.0,1056463968.0,48.0,48.88,45.99,48.72,True,国机精工,False
2026-02-04,294.492,300.575,282.45,286.566,165514.0,785198416.0,48.73,49.72,46.77,47.44,True,国机精工,False
2026-02-05,286.013,288.225,278.825,283.31,104180.0,488708380.0,47.35,47.71,46.18,46.91,True,国机精工,False
2026-02-06,279.992,285.46,273.787,278.456,154626.0,713135112.0,46.37,47.26,45.36,46.12,True,国机精工,False
2026-02-09,281.713,283.249,273.91,277.78,133892.0,616037092.0,46.65,46.9,45.38,46.01,True,国机精工,False
2026-02-10,276.92,278.395,269.855,276.183,126679.0,579556425.0,45.87,46.11,44.72,45.75,True,国机精工,False
2026-02-11,275.016,285.338,273.848,274.217,114895.0,521967985.0,45.56,47.24,45.37,45.43,True,国机精工,False
2026-02-12,274.831,285.092,272.067,272.927,203865.0,921877530.0,45.53,47.2,45.08,45.22,True,国机精工,False
2026-02-13,271.575,274.831,267.274,272.128,112513.0,507321117.00000006,45.0,45.53,44.3,45.09,True,国机精工,False
2026-02-24,273.111,286.321,268.503,283.433,187233.0,878684469.0,45.25,47.4,44.5,46.93,True,国机精工,False
2026-02-25,281.405,292.096,278.272,287.979,193095.0,920483865.0,46.6,48.34,46.09,47.67,True,国机精工,False
2026-02-26,288.041,294.861,285.768,288.717,161187.0,770312673.0,47.68,48.79,47.31,47.79,True,国机精工,False
2026-02-27,286.075,318.085,285.03,318.085,367200.0,1930370400.0,47.36,52.57,47.19,52.57,True,国机精工,False
2026-03-02,318.269,336.21,318.269,326.871,431344.0,2329257600.0,52.6,55.52,52.6,54.0,True,国机精工,False
2026-03-03,325.028,326.81,297.441,299.776,298758.0,1481540922.0,53.7,53.99,49.21,49.59,True,国机精工,False
2026-03-04,293.263,301.496,289.208,291.973,176612.0,853389184.0,48.53,49.87,47.87,48.32,True,国机精工,False
2026-03-05,301.558,321.649,299.837,315.627,343110.0,1790004870.0,49.88,53.15,49.6,52.17,True,国机精工,False
2026-03-06,313.416,323.0,308.93,314.952,218850.0,1139333100.0,51.81,53.37,51.08,52.06,True,国机精工,False
2026-03-09,303.462,308.193,291.42,305.06,210337.0,1061150165.0,50.19,50.96,48.23,50.45,True,国机精工,False
2026-03-10,308.562,320.727,306.289,318.269,191229.0,1005864540.0,51.02,53.0,50.65,52.6,True,国机精工,False
2026-03-11,318.331,330.557,313.846,314.706,206591.0,1074686382.0,52.61,54.6,51.88,52.02,True,国机精工,False
2026-03-12,313.477,314.644,298.301,302.541,189213.0,946821852.0,51.82,52.01,49.35,50.04,True,国机精工,False
2026-03-13,298.609,299.162,284.355,285.092,206798.0,976086560.0,49.4,49.49,47.08,47.2,True,国机精工,False
2026-03-16,285.153,293.018,273.91,290.99,157752.0,759733632.0,47.21,48.49,45.38,48.16,True,国机精工,False
2026-03-17,292.649,303.524,285.153,288.225,137011.0,653679481.0,48.43,50.2,47.21,47.71,True,国机精工,False
2026-03-18,287.918,292.71,283.863,289.884,97063.0,465708274.0,47.66,48.44,47.0,47.98,True,国机精工,False
2026-03-19,286.136,287.058,276.552,279.685,112616.0,521637312.0,47.37,47.52,45.81,46.32,True,国机精工,False
2026-03-20,279.685,285.092,274.524,277.35,99008.0,454842752.0,46.32,47.2,45.48,45.94,True,国机精工,False
2026-03-23,269.056,273.418,252.283,254.863,170049.0,718967172.0,44.59,45.3,41.86,42.28,True,国机精工,False
2026-03-24,262.728,267.213,256.584,265.308,136954.0,602323692.0,43.56,44.29,42.56,43.98,True,国机精工,False
2026-03-25,267.09,272.497,263.711,265.493,97635.0,429691635.0,44.27,45.15,43.72,44.01,True,国机精工,False
2026-03-26,266.107,267.766,258.058,260.27,75944.0,327774304.0,44.11,44.38,42.8,43.16,True,国机精工,False
2026-03-27,255.662,262.973,253.942,260.516,75928.0,328008960.0,42.41,43.6,42.13,43.2,True,国机精工,False
2026-03-30,255.293,268.134,255.293,266.168,86847.0,383168964.0,42.35,44.44,42.35,44.12,True,国机精工,False
2026-03-31,266.783,272.804,263.957,263.957,97632.0,427237632.0,44.22,45.2,43.76,43.76,True,国机精工,False
2026-04-01,271.268,272.558,263.588,266.414,71937.0,317673792.0,44.95,45.16,43.7,44.16,True,国机精工,False
2026-04-02,264.448,266.353,256.584,258.058,74727.0,319831560.0,43.84,44.15,42.56,42.8,True,国机精工,False
2026-04-03,259.103,260.516,252.59,256.277,65852.0,279936852.0,42.97,43.2,41.91,42.51,True,国机精工,False
2026-04-07,256.707,258.058,249.211,251.853,63832.0,266753928.0,42.58,42.8,41.36,41.79,True,国机精工,False
2026-04-08,256.768,277.535,256.768,277.535,132158.0,607530326.0,42.59,45.97,42.59,45.97,True,国机精工,False
2026-04-09,273.48,284.785,271.759,281.836,203900.0,951601300.0,45.31,47.15,45.03,46.67,True,国机精工,False
2026-04-10,284.662,294.308,281.897,287.119,134305.0,638351665.0,47.13,48.7,46.68,47.53,True,国机精工,False
2026-04-13,283.126,290.314,278.948,279.316,133026.0,615378276.0,46.88,48.05,46.2,46.26,True,国机精工,False
2026-04-14,284.355,298.793,280.791,295.844,281613.0,1378495635.0,47.08,49.43,46.5,48.95,True,国机精工,False
2026-04-15,295.967,304.691,291.051,292.28,188750.0,912983750.0,48.97,50.39,48.17,48.37,True,国机精工,False
2026-04-16,291.85,303.155,289.393,299.53,150755.0,746991025.0,48.3,50.14,47.9,49.55,True,国机精工,False
2026-04-17,297.441,304.753,295.537,302.909,130004.0,651320040.0,49.21,50.4,48.9,50.1,True,国机精工,False
2026-04-20,306.227,329.881,303.032,327.117,224119.0,1211139076.0,50.64,54.49,50.12,54.04,True,国机精工,False
2026-04-21,326.564,334.244,317.163,322.386,212264.0,1130730328.0,53.95,55.2,52.42,53.27,True,国机精工,False
2026-04-22,320.911,329.513,318.822,328.1,131967.0,715261140.0,53.03,54.43,52.69,54.2,True,国机精工,False
2026-04-23,325.212,334.674,320.113,322.632,139383.0,743050773.0,53.73,55.27,52.9,53.31,True,国机精工,False
2026-04-24,319.682,322.509,310.159,314.46,122451.0,636500298.0,52.83,53.29,51.28,51.98,True,国机精工,False
2026-04-27,316.979,322.447,310.897,313.354,109333.0,566344940.0,52.39,53.28,51.4,51.8,True,国机精工,False
2026-04-28,310.774,310.897,297.38,302.909,141080.0,706810800.0,51.38,51.4,49.2,50.1,True,国机精工,False
2026-04-29,302.295,306.411,300.513,303.155,89296.0,447730144.0,50.0,50.67,49.71,50.14,True,国机精工,False
2026-04-30,303.954,318.822,301.681,315.873,155546.0,812105666.0,50.27,52.69,49.9,52.21,True,国机精工,False
2026-05-06,319.068,347.945,317.041,338.483,247622.0,1383959358.0,52.73,57.43,52.4,55.89,True,国机精工,False
2026-05-07,338.483,349.849,333.138,340.818,219439.0,1234783253.0,55.89,57.74,55.02,56.27,True,国机精工,False
2026-05-08,337.807,355.318,335.35,348.191,191714.0,1101780358.0,55.78,58.63,55.38,57.47,True,国机精工,False
2026-05-11,350.894,359.311,344.136,354.58,230229.0,1347069879.0,57.91,59.28,56.81,58.51,True,国机精工,False
2026-05-12,354.519,358.758,339.65,347.945,175431.0,1007500233.0,58.5,59.19,56.08,57.43,True,国机精工,False
2026-05-13,346.225,370.247,344.627,360.601,252177.0,1500200973.0,57.15,61.06,56.89,59.49,True,国机精工,False
2026-05-14,354.273,362.506,343.705,346.409,196756.0,1125050808.0,58.46,59.8,56.74,57.18,True,国机精工,False
2026-05-15,346.47,348.313,327.055,329.083,196149.0,1066265964.0,57.19,57.49,54.03,54.36,True,国机精工,False
2026-05-18,326.871,342.415,316.303,317.532,185195.0,971903360.0,54.0,56.53,52.28,52.48,True,国机精工,False
2026-05-19,317.532,320.113,302.049,311.265,159648.0,821548608.0,52.48,52.9,49.96,51.46,True,国机精工,False
2026-05-20,314.583,314.583,303.217,308.869,103109.0,526577663.0,52.0,52.0,50.15,51.07,True,国机精工,False
2026-05-21,311.818,319.375,301.681,302.234,187336.0,936492664.0,51.55,52.78,49.9,49.99,True,国机精工,False
2026-05-22,304.63,332.953,299.899,332.953,213995.0,1176758505.0,50.38,54.99,49.61,54.99,True,国机精工,False
2026-05-25,345.18,349.849,329.574,341.186,260435.0,1467030355.0,56.98,57.74,54.44,56.33,True,国机精工,False
2026-05-26,341.186,346.347,326.257,330.926,170796.0,933570936.0,56.33,57.17,53.9,54.66,True,国机精工,False
2026-05-27,329.206,330.189,308.009,312.187,172146.0,888445506.0,54.38,54.54,50.93,51.61,True,国机精工,False
2026-05-28,311.818,342.845,306.473,337.623,249325.0,1389986875.0,51.55,56.6,50.68,55.75,True,国机精工,False
2026-05-29,339.159,347.146,319.437,320.727,211546.0,1121193800.0,56.0,57.3,52.79,53.0,True,国机精工,False
2026-06-01,316.61,321.464,302.295,302.971,170518.0,854465698.0,52.33,53.12,50.0,50.11,True,国机精工,False
2026-06-02,301.681,317.409,286.935,313.354,206721.0,1070814780.0,49.9,52.46,47.5,51.8,True,国机精工,False
2026-06-03,315.873,345.18,309.791,345.18,289134.0,1647485532.0,52.21,56.98,51.22,56.98,True,国机精工,False
2026-06-04,342.538,350.034,332.401,340.265,290602.0,1632602036.0,56.55,57.77,54.9,56.18,True,国机精工,False
2026-06-05,343.644,344.996,329.329,332.278,184718.0,1013732384.0,56.73,56.95,54.4,54.88,True,国机精工,False
2026-06-08,317.041,366.008,315.812,366.008,432559.0,2611358683.0,52.4,60.37,52.2,60.37,True,国机精工,False
2026-06-09,370.309,402.319,359.68,394.639,444754.0,2892235262.0,61.07,66.28,59.34,65.03,True,国机精工,False
2026-06-10,391.321,391.321,354.703,358.697,351690.0,2081301420.0,64.49,64.49,58.53,59.18,True,国机精工,False
2026-06-11,358.697,359.434,344.136,349.788,200263.0,1156118299.0,59.18,59.3,56.81,57.73,True,国机精工,False
2026-06-12,363.12,376.822,356.792,358.758,223362.0,1322079678.0,59.9,62.13,58.87,59.19,True,国机精工,False
2026-06-15,359.926,381.43,352.553,380.324,197597.0,1238933190.0,59.38,62.88,58.18,62.7,True,国机精工,False
2026-06-16,381.528,389.454,372.865,380.852,211117.0,1321381303.0,62.7,63.99,61.29,62.59,True,国机精工,False
2026-06-17,376.613,385.03,371.329,377.289,166053.0,1029694653.0,61.9,63.27,61.04,62.01,True,国机精工,False
2026-06-18,377.227,403.032,375.998,387.61,259934.0,1655519646.0,62.0,66.2,61.8,63.69,True,国机精工,False
2026-06-22,406.104,422.078,395.72,418.085,296364.0,2034538860.0,66.7,69.3,65.01,68.65,True,国机精工,False
2026-06-23,414.091,422.078,385.583,386.996,271654.0,1727447786.0,68.0,69.3,63.36,63.59,True,国机精工,False
2026-06-24,385.03,426.072,367.458,426.072,305748.0,2138707260.0,63.27,69.95,60.41,69.95,True,国机精工,False
2026-06-25,438.974,469.08,438.974,459.618,535019.0,4034578279.0,72.05,76.95,72.05,75.41,True,国机精工,False
2026-06-26,464.103,469.08,447.146,452.921,286316.0,2127900512.0,76.14,76.95,73.38,74.32,True,国机精工,False
2026-06-29,460.171,466.131,415.934,449.726,293612.0,2166856560.0,75.5,76.47,68.3,73.8,True,国机精工,False
2026-06-30,451.139,461.031,438.667,448.805,196504.0,1447251960.0,74.03,75.64,72.0,73.65,True,国机精工,False
2026-07-01,448.805,450.955,426.379,429.144,180144.0,1269114480.0,73.65,74.0,70.0,70.45,True,国机精工,False
2026-07-02,415.381,462.751,409.483,441.125,252574.0,1828635760.0,68.21,75.92,67.25,72.4,True,国机精工,False
2026-07-03,432.953,451.999,420.358,438.606,157526.0,1134029674.0,71.07,74.17,69.02,71.99,True,国机精工,False
2026-07-06,438.606,456.3,419.928,426.44,173897.0,1217452897.0,71.99,74.87,68.95,70.01,True,国机精工,False
2026-07-07,418.822,436.332,405.858,411.326,138659.0,936641545.0,68.77,71.62,66.66,67.55,True,国机精工,False
2026-07-08,411.388,415.074,374.339,374.339,170461.0,1048846533.0,67.56,68.16,61.53,61.53,True,国机精工,False
2026-07-09,378.763,402.786,366.967,402.356,159180.0,1052020620.0,62.25,66.16,60.33,66.09,True,国机精工,False
2026-07-10,403.646,418.085,381.528,381.896,163774.0,1027845624.0,66.3,68.65,62.7,62.76,True,国机精工,False
2026-07-13,383.371,385.399,343.312,343.312,193773.0,1094429904.0,63.0,63.33,56.48,56.48,True,国机精工,False
2026-07-14,346.077,356.338,328.137,351.238,152164.0,879051428.0,56.93,58.6,54.01,57.77,True,国机精工,False
2026-07-15,354.494,364.263,346.814,348.965,116290.0,667504600.0,58.3,59.89,57.05,57.4,True,国机精工,False
2026-07-16,342.821,351.914,330.287,332.99,105080.0,575838400.0,56.4,57.88,54.36,54.8,True,国机精工,False
2026-07-17,332.99,365.553,305.465,308.23,260264.0,1321360328.0,54.8,60.1,50.32,50.77,True,国机精工,False
2026-07-20,317.323,326.846,292.747,301.84,249912.0,1242812376.0,52.25,53.8,48.25,49.73,True,国机精工,False
2026-07-21,306.94,317.63,272.718,315.787,242325.0,1260090000.0,50.56,52.3,44.99,52.0,True,国机精工,False
2026-07-22,310.933,315.726,286.173,290.105,203991.0,975484962.0,51.21,51.99,47.18,47.82,True,国机精工,False
2026-07-23,292.44,298.4,281.995,293.546,164349.0,795120462.0,48.2,49.17,46.5,48.38,True,国机精工,False
2026-07-24,285.067,293.054,279.23,289.368,120714.0,575805780.0,47.0,48.3,46.05,47.7,True,国机精工,False
2026-07-27,288.016,298.523,281.627,298.338,112988.0,555449008.0,47.48,49.19,46.44,49.16,True,国机精工,False
2026-07-28,291.211,297.847,279.538,285.743,108337.0,510375607.0,48.0,49.08,46.1,47.11,True,国机精工,False
2026-07-29,284.33,287.525,263.44,274.622,135268.0,612764040.0,46.88,47.4,43.48,45.3,True,国机精工,False
2026-07-30,276.527,280.152,246.79,246.79,155563.0,634230351.0,45.61,46.2,40.77,40.77,True,国机精工,False
2026-07-31,257.419,270.69,254.532,255.207,167045.0,703927630.0,42.5,44.66,42.03,42.14,True,国机精工,False
2026-08-03,255.207,258.71,246.237,251.275,103117.0,427935550.0,42.14,42.71,40.68,41.5,True,国机精工,False
2026-08-04,252.135,265.959,249.186,263.993,106760.0,465153320.0,41.64,43.89,41.16,43.57,True,国机精工,False
2026-08-05,263.87,283.838,261.782,274.93,135831.0,615993585.0,43.55,46.8,43.21,45.35,True,国机精工,False
2026-08-06,271.366,286.665,267.68,280.705,128163.0,593266527.0,44.77,47.26,44.17,46.29,True,国机精工,False
2026-08-07,282.794,290.105,274.07,287.218,140301.0,664325235.0,46.63,47.82,45.21,47.35,True,国机精工,False
2026-08-10,292.993,294.099,276.343,284.33,118725.0,556582800.0,48.29,48.47,45.58,46.88,True,国机精工,False
2026-08-11,281.381,292.317,275.667,281.688,82899.0,385065855.0,46.4,48.18,45.47,46.45,True,国机精工,False
2026-08-12,281.627,293.546,279.415,289.552,111893.0,534065289.0,46.44,48.38,46.08,47.73,True,国机精工,False
2026-08-13,292.133,296.434,281.934,282.241,89599.0,416993746.0,48.15,48.85,46.49,46.54,True,国机精工,False
2026-08-14,281.749,291.826,276.527,286.91,96962.0,458630260.0,46.46,48.1,45.61,47.3,True,国机精工,False
2026-08-17,287.095,312.715,286.972,309.213,190919.0,972350467.0,47.33,51.5,47.31,50.93,True,国机精工,False
2026-08-18,312.715,318.859,303.684,316.279,191787.0,998826696.0,51.5,52.5,50.03,52.08,True,国机精工,False
2026-08-19,305.465,308.906,285.989,290.474,181475.0,868902300.0,50.32,50.88,47.15,47.88,True,国机精工,False
2026-08-20,291.58,297.171,285.006,291.211,116513.0,559262400.0,48.06,48.97,46.99,48.0,True,国机精工,False
2026-08-21,286.849,308.292,281.995,298.645,121765.0,599205565.0,47.29,50.78,46.5,49.21,True,国机精工,False
2026-08-24,299.997,301.84,280.336,289.982,96865.0,463014700.0,49.43,49.73,46.23,47.8,True,国机精工,False
2026-08-25,283.224,303.499,279.353,301.84,121577.0,604602421.0,46.7,50.0,46.07,49.73,True,国机精工,False
2026-08-26,301.042,314.251,289.368,297.785,87478.0,429254546.0,49.6,51.75,47.7,49.07,True,国机精工,False
2026-08-27,297.785,320.3601008762992,297.36019971469335,318.2967852048095,142343.0,727920000.0,49.07,52.79,49.0,52.45,True,国机精工,True
