date,open,high,low,close,volume,amount,raw_open,raw_high,raw_low,raw_close,tradable,name,provisional
2016-01-04,104.45,104.51,94.19,94.19,111008.0,168621152.0,16.9,16.91,15.19,15.19,True,潮宏基,False
2016-01-05,87.65,93.65,85.07,85.43,269789.0,370420297.0,14.1,15.1,13.67,13.73,True,潮宏基,False
2016-01-06,86.09,88.19,82.01,86.87,207463.0,289825811.0,13.84,14.19,13.16,13.97,True,潮宏基,False
2016-01-07,84.95,84.95,78.47,78.47,38230.0,48055110.0,13.65,13.65,12.57,12.57,True,潮宏基,False
2016-01-08,78.29,80.45,72.35,78.05,182991.0,228738750.0,12.54,12.9,11.55,12.5,True,潮宏基,False
2016-01-11,76.25,76.67,70.55,70.55,188860.0,212467500.0,12.2,12.27,11.25,11.25,True,潮宏基,False
2016-01-12,71.51,73.07,69.11,71.69,152146.0,174055024.0,11.41,11.67,11.01,11.44,True,潮宏基,False
2016-01-13,72.77,74.39,69.05,69.05,131668.0,144834800.0,11.62,11.89,11.0,11.0,True,潮宏基,False
2016-01-14,67.25,72.05,65.75,71.21,113786.0,129260896.0,10.7,11.5,10.45,11.36,True,潮宏基,False
2016-01-15,70.25,71.39,66.05,66.65,88795.0,94122700.0,11.2,11.39,10.5,10.6,True,潮宏基,False
2016-01-18,64.79,69.65,63.71,69.11,117160.0,128993160.0,10.29,11.1,10.11,11.01,True,潮宏基,False
2016-01-19,69.05,74.21,68.15,73.37,140394.0,164541768.0,11.0,11.86,10.85,11.72,True,潮宏基,False
2016-01-20,72.77,74.57,71.45,72.17,90880.0,104693760.0,11.62,11.92,11.4,11.52,True,潮宏基,False
2016-01-21,70.91,74.15,69.11,69.35,85053.0,93983565.0,11.31,11.85,11.01,11.05,True,潮宏基,False
2016-01-22,70.61,71.45,66.77,70.97,89487.0,101299284.0,11.26,11.4,10.62,11.32,True,潮宏基,False
2016-01-25,70.97,72.65,70.07,70.55,77161.0,86806125.0,11.32,11.6,11.17,11.25,True,潮宏基,False
2016-01-26,69.53,69.89,63.83,63.83,101602.0,102922826.0,11.08,11.14,10.13,10.13,True,潮宏基,False
2016-01-27,64.97,64.97,57.95,60.77,128791.0,123896942.0,10.32,10.32,9.15,9.62,True,潮宏基,False
2016-01-28,60.65,63.05,58.73,60.65,78627.0,75481920.0,9.6,10.0,9.28,9.6,True,潮宏基,False
2016-01-29,60.05,63.17,59.21,62.63,86243.0,85639299.0,9.5,10.02,9.36,9.93,True,潮宏基,False
2016-02-01,62.69,63.53,60.71,61.97,63102.0,61966164.0,9.94,10.08,9.61,9.82,True,潮宏基,False
2016-02-02,62.33,65.45,62.15,65.09,96748.0,100037432.0,9.88,10.4,9.85,10.34,True,潮宏基,False
2016-02-03,64.19,64.91,62.75,64.73,94518.0,97164504.0,10.19,10.31,9.95,10.28,True,潮宏基,False
2016-02-04,64.97,66.95,64.73,65.51,57916.0,60290556.0,10.32,10.65,10.28,10.41,True,潮宏基,False
2016-02-05,65.51,70.01,65.51,68.33,127968.0,139229184.0,10.41,11.16,10.41,10.88,True,潮宏基,False
2016-02-15,67.07,74.33,67.07,70.25,164780.0,184553600.0,10.67,11.88,10.67,11.2,True,潮宏基,False
2016-02-16,70.13,71.57,67.97,71.03,164773.0,186687809.0,11.18,11.42,10.82,11.33,True,潮宏基,False
2016-02-17,70.79,70.79,68.69,70.49,154986.0,174204264.0,11.29,11.29,10.94,11.24,True,潮宏基,False
2016-02-18,71.45,73.25,68.33,69.23,135989.0,149995867.0,11.4,11.7,10.88,11.03,True,潮宏基,False
2016-02-19,68.75,69.59,67.49,69.23,110126.0,121468978.0,10.95,11.09,10.74,11.03,True,潮宏基,False
2016-02-22,69.95,70.67,68.87,70.37,104045.0,116738490.0,11.15,11.27,10.97,11.22,True,潮宏基,False
2016-02-23,70.31,70.31,67.43,68.99,127211.0,139804889.0,11.21,11.21,10.73,10.99,True,潮宏基,False
2016-02-24,68.27,69.59,67.49,68.69,92664.0,101374416.0,10.87,11.09,10.74,10.94,True,潮宏基,False
2016-02-25,68.69,69.05,62.15,62.15,127452.0,125540220.0,10.94,11.0,9.85,9.85,True,潮宏基,False
2016-02-26,61.85,62.75,59.33,61.43,134519.0,130886987.0,9.8,9.95,9.38,9.73,True,潮宏基,False
2016-02-29,61.37,61.37,55.61,55.61,159424.0,139655424.0,9.72,9.72,8.76,8.76,True,潮宏基,False
2016-03-01,55.55,56.45,53.75,55.73,123833.0,108725374.0,8.75,8.9,8.45,8.78,True,潮宏基,False
2016-03-02,56.27,58.97,55.85,57.95,274965.0,251592975.0,8.87,9.32,8.8,9.15,True,潮宏基,False
2016-03-03,58.25,60.95,58.13,60.11,245435.0,233408685.0,9.2,9.65,9.18,9.51,True,潮宏基,False
2016-03-04,60.29,63.65,58.49,60.47,261767.0,250511019.0,9.54,10.1,9.24,9.57,True,潮宏基,False
2016-03-07,60.59,63.65,60.59,62.75,197280.0,196293600.0,9.59,10.1,9.59,9.95,True,潮宏基,False
2016-03-08,62.39,62.93,58.85,62.69,160895.0,159929630.0,9.89,9.98,9.3,9.94,True,潮宏基,False
2016-03-09,60.95,61.97,59.33,60.59,93781.0,89935979.0,9.65,9.82,9.38,9.59,True,潮宏基,False
2016-03-10,60.11,60.83,58.01,58.13,77780.0,71402040.0,9.51,9.63,9.16,9.18,True,潮宏基,False
2016-03-11,58.61,58.97,57.53,57.95,56155.0,51381825.0,9.26,9.32,9.08,9.15,True,潮宏基,False
2016-03-14,58.55,62.27,58.31,61.85,117402.0,115053960.0,9.25,9.87,9.21,9.8,True,潮宏基,False
2016-03-15,60.89,61.85,60.41,61.19,75554.0,73211826.0,9.64,9.8,9.56,9.69,True,潮宏基,False
2016-03-16,61.13,61.73,59.51,60.83,63835.0,61473105.00000001,9.68,9.78,9.41,9.63,True,潮宏基,False
2016-03-17,61.43,63.65,60.59,63.05,122194.0,122194000.0,9.73,10.1,9.59,10.0,True,潮宏基,False
2016-03-18,63.53,66.47,63.05,64.91,133315.0,137447765.0,10.08,10.57,10.0,10.31,True,潮宏基,False
2016-03-21,66.05,67.25,64.79,65.63,99317.0,103587631.0,10.5,10.7,10.29,10.43,True,潮宏基,False
2016-03-22,65.15,65.51,63.89,64.97,118647.0,122443704.0,10.35,10.41,10.14,10.32,True,潮宏基,False
2016-03-23,64.67,71.15,64.07,67.01,163953.0,174773898.0,10.27,11.35,10.17,10.66,True,潮宏基,False
2016-03-24,66.05,66.29,64.37,64.91,107903.0,111247993.0,10.5,10.54,10.22,10.31,True,潮宏基,False
2016-03-25,64.25,67.97,64.13,67.97,121211.0,131150302.0,10.2,10.82,10.18,10.82,True,潮宏基,False
2016-03-28,69.05,70.79,67.13,67.67,167309.0,180191793.0,11.0,11.29,10.68,10.77,True,潮宏基,False
2016-03-29,66.65,67.43,63.83,65.09,112458.0,116281572.0,10.6,10.73,10.13,10.34,True,潮宏基,False
2016-03-30,66.05,67.67,65.51,67.07,98419.0,105013073.0,10.5,10.77,10.41,10.67,True,潮宏基,False
2016-03-31,69.05,70.25,67.37,67.91,136463.0,147516503.0,11.0,11.2,10.72,10.81,True,潮宏基,False
2016-04-01,66.65,69.41,65.93,68.81,121088.0,132712448.0,10.6,11.06,10.48,10.96,True,潮宏基,False
2016-04-05,68.75,69.95,67.97,69.35,130705.0,144429025.0,10.95,11.15,10.82,11.05,True,潮宏基,False
2016-04-06,69.95,72.05,69.35,69.71,189327.0,210342297.0,11.15,11.5,11.05,11.11,True,潮宏基,False
2016-04-07,70.37,70.37,67.37,67.55,115256.0,123900200.0,11.22,11.22,10.72,10.75,True,潮宏基,False
2016-04-08,67.13,67.13,65.45,66.23,98973.0,104218569.0,10.68,10.68,10.4,10.53,True,潮宏基,False
2016-04-11,67.13,68.75,66.23,68.27,105610.0,114798070.0,10.68,10.95,10.53,10.87,True,潮宏基,False
2016-04-12,68.27,68.69,66.47,67.37,93504.0,100236288.0,10.87,10.94,10.57,10.72,True,潮宏基,False
2016-04-13,67.73,69.65,67.37,68.33,110975.0,120740800.0,10.78,11.1,10.72,10.88,True,潮宏基,False
2016-04-14,68.99,70.67,67.37,70.25,124048.0,138933760.0,10.99,11.27,10.72,11.2,True,潮宏基,False
2016-04-15,70.85,75.83,70.55,73.97,279738.0,330650316.0,11.3,12.13,11.25,11.82,True,潮宏基,False
2016-04-18,73.25,73.49,70.97,71.63,104360.0,119283480.0,11.7,11.74,11.32,11.43,True,潮宏基,False
2016-04-19,71.93,73.07,70.19,70.85,88521.0,100028730.0,11.48,11.67,11.19,11.3,True,潮宏基,False
2016-04-20,71.57,71.93,64.31,67.85,171611.0,185339880.0,11.42,11.48,10.21,10.8,True,潮宏基,False
2016-04-21,67.19,69.35,66.05,67.73,116308.0,125380024.0,10.69,11.05,10.5,10.78,True,潮宏基,False
2016-04-22,68.45,70.55,67.55,69.11,111482.0,122741682.0,10.9,11.25,10.75,11.01,True,潮宏基,False
2016-04-25,68.45,69.17,66.95,68.33,52611.0,57240768.00000001,10.9,11.02,10.65,10.88,True,潮宏基,False
2016-04-26,68.09,69.17,66.17,68.93,84150.0,92396700.0,10.84,11.02,10.52,10.98,True,潮宏基,False
2016-04-27,68.57,68.99,67.19,68.51,80149.0,87442559.0,10.92,10.99,10.69,10.91,True,潮宏基,False
2016-04-28,67.85,70.13,66.89,70.01,73579.0,82114164.0,10.8,11.18,10.64,11.16,True,潮宏基,False
2016-04-29,69.35,72.05,69.05,71.99,120255.0,138172995.0,11.05,11.5,11.0,11.49,True,潮宏基,False
2016-05-03,72.53,74.15,71.57,73.25,179080.0,209523600.0,11.58,11.85,11.42,11.7,True,潮宏基,False
2016-05-04,73.19,73.19,71.21,71.45,114118.0,130094520.0,11.69,11.69,11.36,11.4,True,潮宏基,False
2016-05-05,71.99,71.99,70.67,71.57,66004.0,74716528.0,11.39,11.39,11.17,11.32,True,潮宏基,False
2016-05-10,65.93,70.37,65.45,67.85,158689.0,169797230.0,10.38,11.12,10.3,10.7,True,潮宏基,False
2016-05-11,67.55,68.33,64.67,65.27,70286.0,72183722.0,10.65,10.78,10.17,10.27,True,潮宏基,False
2016-05-12,64.67,64.67,62.45,64.13,49767.0,50165136.0,10.17,10.17,9.8,10.08,True,潮宏基,False
2016-05-13,63.71,64.85,63.29,63.59,31912.0,31880088.0,10.01,10.2,9.94,9.99,True,潮宏基,False
2016-05-16,63.59,65.15,63.17,65.15,53940.0,55288500.0,9.99,10.25,9.92,10.25,True,潮宏基,False
2016-05-17,65.15,66.59,64.73,65.93,61184.0,63508992.00000001,10.25,10.49,10.18,10.38,True,潮宏基,False
2016-05-18,65.63,65.63,62.57,63.05,51668.0,51151320.0,10.33,10.33,9.82,9.9,True,潮宏基,False
2016-05-19,63.05,64.13,61.73,62.03,73155.0,71179815.0,9.9,10.08,9.68,9.73,True,潮宏基,False
2016-05-20,61.91,62.75,61.31,62.57,30748.0,30194536.0,9.71,9.85,9.61,9.82,True,潮宏基,False
2016-05-23,62.39,63.29,61.97,63.23,51726.0,51363918.0,9.79,9.94,9.72,9.93,True,潮宏基,False
2016-05-24,62.81,63.59,62.45,63.23,50552.0,50198136.0,9.86,9.99,9.8,9.93,True,潮宏基,False
2016-05-25,63.35,63.95,62.57,62.57,37738.0,37058716.0,9.95,10.05,9.82,9.82,True,潮宏基,False
2016-05-26,62.69,62.99,61.31,62.33,30752.0,30075456.0,9.84,9.89,9.61,9.78,True,潮宏基,False
2016-05-27,62.63,62.63,61.85,62.03,22431.0,21825363.0,9.83,9.83,9.7,9.73,True,潮宏基,False
2016-05-30,62.03,62.15,60.53,60.65,69623.0,66141850.0,9.73,9.75,9.48,9.5,True,潮宏基,False
2016-05-31,60.71,63.77,60.53,62.99,151129.0,149466581.0,9.51,10.02,9.48,9.89,True,潮宏基,False
2016-06-01,62.99,63.47,62.75,63.17,64414.0,63898688.0,9.89,9.97,9.85,9.92,True,潮宏基,False
2016-06-02,63.11,65.57,62.75,65.45,115933.0,119410990.0,9.91,10.32,9.85,10.3,True,潮宏基,False
2016-06-03,65.45,65.45,63.89,64.55,81235.0,82453525.0,10.3,10.3,10.04,10.15,True,潮宏基,False
2016-06-06,65.27,65.87,64.01,64.37,89530.0,90604360.0,10.27,10.37,10.06,10.12,True,潮宏基,False
2016-06-07,64.37,64.97,63.89,64.31,56881.0,57506691.0,10.12,10.22,10.04,10.11,True,潮宏基,False
2016-06-08,64.07,64.31,62.51,63.29,88301.0,87771194.0,10.07,10.11,9.81,9.94,True,潮宏基,False
2016-06-13,62.63,64.25,61.97,62.03,82140.0,79922220.0,9.83,10.1,9.72,9.73,True,潮宏基,False
2016-06-14,61.55,61.79,60.77,61.31,54585.0,52456185.0,9.65,9.69,9.52,9.61,True,潮宏基,False
2016-06-15,60.83,62.81,60.41,62.57,100318.0,98512276.0,9.53,9.86,9.46,9.82,True,潮宏基,False
2016-06-16,62.63,64.79,61.43,63.83,120851.0,121213553.0,9.83,10.19,9.63,10.03,True,潮宏基,False
2016-06-17,63.17,63.95,62.75,63.29,101610.0,101000340.0,9.92,10.05,9.85,9.94,True,潮宏基,False
2016-06-20,63.35,63.53,62.09,62.21,59917.0,58478992.0,9.95,9.98,9.74,9.76,True,潮宏基,False
2016-06-21,62.69,62.87,60.77,61.13,89974.0,86195092.0,9.84,9.87,9.52,9.58,True,潮宏基,False
2016-06-22,61.25,61.43,60.53,61.31,78046.0,75002206.0,9.6,9.63,9.48,9.61,True,潮宏基,False
2016-06-23,61.55,61.55,60.53,60.77,61377.0,58430904.0,9.65,9.65,9.48,9.52,True,潮宏基,False
2016-06-24,60.89,64.25,60.71,62.99,265947.0,263021583.00000003,9.54,10.1,9.51,9.89,True,潮宏基,False
2016-06-27,62.21,62.63,61.43,62.45,214463.0,210173740.00000003,9.76,9.83,9.63,9.8,True,潮宏基,False
2016-06-28,62.33,62.33,61.49,62.15,148260.0,144553500.0,9.78,9.78,9.64,9.75,True,潮宏基,False
2016-06-29,62.15,63.47,62.03,63.05,175217.0,173464830.0,9.75,9.97,9.73,9.9,True,潮宏基,False
2016-06-30,63.05,63.35,62.09,62.33,101481.0,99248418.0,9.9,9.95,9.74,9.78,True,潮宏基,False
2016-07-01,62.33,63.41,62.33,62.99,135390.0,133900710.0,9.78,9.96,9.78,9.89,True,潮宏基,False
2016-07-04,63.05,65.33,63.05,64.43,209758.0,212484854.00000003,9.9,10.28,9.9,10.13,True,潮宏基,False
2016-07-05,64.43,64.67,63.71,64.49,123695.0,125426730.0,10.13,10.17,10.01,10.14,True,潮宏基,False
2016-07-06,64.55,70.55,64.55,70.55,446069.0,497366935.0,10.15,11.15,10.15,11.15,True,潮宏基,False
2016-07-07,71.27,74.15,69.59,69.89,580513.0,640886352.0,11.27,11.75,10.99,11.04,True,潮宏基,False
2016-07-08,69.59,69.59,67.85,68.27,220150.0,237101550.0,10.99,10.99,10.7,10.77,True,潮宏基,False
2016-07-11,68.63,72.29,68.63,70.01,367354.0,406293524.0,10.83,11.44,10.83,11.06,True,潮宏基,False
2016-07-12,69.89,70.19,66.95,69.29,219085.0,239678990.0,11.04,11.09,10.55,10.94,True,潮宏基,False
2016-07-13,68.09,69.65,67.97,69.65,153445.0,168789500.0,10.74,11.0,10.72,11.0,True,潮宏基,False
2016-07-14,69.65,71.21,69.11,69.35,172752.0,189163440.0,11.0,11.26,10.91,10.95,True,潮宏基,False
2016-07-15,68.87,70.61,68.57,70.13,157197.0,174174276.0,10.87,11.16,10.82,11.08,True,潮宏基,False
2016-07-18,70.37,72.47,69.65,70.97,230414.0,258524508.0,11.12,11.47,11.0,11.22,True,潮宏基,False
2016-07-19,71.03,71.15,69.05,70.01,128836.0,142492616.0,11.23,11.25,10.9,11.06,True,潮宏基,False
2016-07-20,69.95,70.31,68.75,68.75,99601.0,108067085.0,11.05,11.11,10.85,10.85,True,潮宏基,False
2016-07-21,68.75,69.41,68.51,68.57,77376.0,83720832.0,10.85,10.96,10.81,10.82,True,潮宏基,False
2016-07-22,69.05,69.29,66.29,66.71,157075.0,165085825.0,10.9,10.94,10.44,10.51,True,潮宏基,False
2016-07-25,66.05,66.83,65.99,66.53,83058.0,87044784.0,10.4,10.53,10.39,10.48,True,潮宏基,False
2016-07-26,66.71,67.85,66.71,67.55,79990.0,85189350.0,10.51,10.7,10.51,10.65,True,潮宏基,False
2016-07-27,67.67,67.79,62.21,64.61,131904.0,134014464.0,10.67,10.69,9.76,10.16,True,潮宏基,False
2016-07-28,64.79,65.57,63.53,65.39,110575.0,113781675.0,10.19,10.32,9.98,10.29,True,潮宏基,False
2016-07-29,65.15,65.21,64.13,64.37,51285.0,51900419.99999999,10.25,10.26,10.08,10.12,True,潮宏基,False
2016-08-01,65.15,65.15,63.41,63.83,72436.0,72653308.0,10.25,10.25,9.96,10.03,True,潮宏基,False
2016-08-02,63.83,64.49,63.47,64.07,57767.0,58171369.0,10.03,10.14,9.97,10.07,True,潮宏基,False
2016-08-03,64.37,65.57,64.13,65.03,102948.0,105315804.0,10.12,10.32,10.08,10.23,True,潮宏基,False
2016-08-04,64.37,65.03,64.07,64.91,61040.0,62321840.00000001,10.12,10.23,10.07,10.21,True,潮宏基,False
2016-08-05,64.79,65.03,64.25,64.73,52714.0,53662852.0,10.19,10.23,10.1,10.18,True,潮宏基,False
2016-08-08,64.37,64.49,63.35,64.43,78233.0,79250029.0,10.12,10.14,9.95,10.13,True,潮宏基,False
2016-08-09,64.43,64.79,64.13,64.67,69489.0,70670313.0,10.13,10.19,10.08,10.17,True,潮宏基,False
2016-08-10,64.73,66.41,64.37,66.05,164147.0,170712880.0,10.18,10.46,10.12,10.4,True,潮宏基,False
2016-08-11,65.75,65.75,64.31,64.37,85884.0,86914608.0,10.35,10.35,10.11,10.12,True,潮宏基,False
2016-08-12,64.37,64.91,63.89,64.79,78356.0,79844764.0,10.12,10.21,10.04,10.19,True,潮宏基,False
2016-08-15,64.85,66.29,64.01,65.63,124165.0,128262445.0,10.2,10.44,10.06,10.33,True,潮宏基,False
2016-08-16,65.69,68.45,65.69,67.91,199826.0,214013646.00000003,10.34,10.8,10.34,10.71,True,潮宏基,False
2016-08-17,67.85,68.51,67.13,67.55,130226.0,138690690.0,10.7,10.81,10.58,10.65,True,潮宏基,False
2016-08-18,67.07,68.51,66.65,67.07,107460.0,113585220.0,10.57,10.81,10.5,10.57,True,潮宏基,False
2016-08-19,67.25,67.37,66.23,66.47,69473.0,72738231.0,10.6,10.62,10.43,10.47,True,潮宏基,False
2016-08-22,66.35,68.03,66.05,67.07,108287.0,114459359.0,10.45,10.73,10.4,10.57,True,潮宏基,False
2016-08-23,67.13,68.33,67.01,67.67,112626.0,120171942.0,10.58,10.78,10.56,10.67,True,潮宏基,False
2016-08-24,67.85,69.47,67.19,68.81,137837.0,149690982.0,10.7,10.97,10.59,10.86,True,潮宏基,False
2016-08-25,68.03,70.31,67.37,69.89,212294.0,234372576.0,10.73,11.11,10.62,11.04,True,潮宏基,False
2016-08-26,69.35,71.33,69.17,69.65,189848.0,208832800.0,10.95,11.28,10.92,11.0,True,潮宏基,False
2016-08-29,69.41,70.67,68.27,70.25,128650.0,142801500.0,10.96,11.17,10.77,11.1,True,潮宏基,False
2016-08-30,70.13,70.85,69.23,70.55,107908.0,120317420.0,11.08,11.2,10.93,11.15,True,潮宏基,False
2016-08-31,70.37,70.55,68.99,69.35,68568.0,75081960.0,11.12,11.15,10.89,10.95,True,潮宏基,False
2016-09-01,69.65,69.71,67.85,67.97,79315.0,85025680.0,11.0,11.01,10.7,10.72,True,潮宏基,False
2016-09-02,68.09,69.05,67.37,69.05,73712.0,80346080.0,10.74,10.9,10.62,10.9,True,潮宏基,False
2016-09-05,68.87,70.25,67.91,68.69,67902.0,73605768.0,10.87,11.1,10.71,10.84,True,潮宏基,False
2016-09-06,68.57,69.65,67.73,69.47,90833.0,99643801.0,10.82,11.0,10.68,10.97,True,潮宏基,False
2016-09-07,69.65,70.25,68.99,69.11,100158.0,109272378.0,11.0,11.1,10.89,10.91,True,潮宏基,False
2016-09-08,68.99,69.23,68.27,68.99,74398.0,81019422.0,10.89,10.93,10.77,10.89,True,潮宏基,False
2016-09-09,68.99,69.11,68.45,68.51,50993.0,55123433.0,10.89,10.91,10.8,10.81,True,潮宏基,False
2016-09-12,67.79,67.79,65.75,65.81,96331.0,99798916.0,10.69,10.69,10.35,10.36,True,潮宏基,False
2016-09-13,66.35,67.01,65.75,66.95,62193.0,65613615.00000001,10.45,10.56,10.35,10.55,True,潮宏基,False
2016-09-14,66.65,67.49,65.87,67.13,46378.0,49067924.0,10.5,10.64,10.37,10.58,True,潮宏基,False
2016-09-19,67.31,67.61,66.77,67.19,41510.0,43959090.0,10.61,10.66,10.52,10.59,True,潮宏基,False
2016-09-20,67.37,67.55,66.23,66.59,55753.0,58484897.0,10.62,10.65,10.43,10.49,True,潮宏基,False
2016-09-21,66.41,66.95,66.23,66.65,46297.0,48611850.0,10.46,10.55,10.43,10.5,True,潮宏基,False
2016-09-22,67.13,67.19,65.87,66.29,80397.0,83934468.0,10.58,10.59,10.37,10.44,True,潮宏基,False
2016-09-23,66.35,66.59,65.93,66.05,52650.0,54756000.0,10.45,10.49,10.38,10.4,True,潮宏基,False
2016-09-26,65.57,66.05,64.25,64.37,75311.0,76214732.0,10.32,10.4,10.1,10.12,True,潮宏基,False
2016-09-27,64.43,64.85,63.59,64.31,57827.0,58463097.0,10.13,10.2,9.99,10.11,True,潮宏基,False
2016-09-28,64.55,64.67,64.13,64.55,42797.0,43438955.0,10.15,10.17,10.08,10.15,True,潮宏基,False
2016-09-29,64.61,65.03,64.43,64.61,38533.0,39149528.0,10.16,10.23,10.13,10.16,True,潮宏基,False
2016-09-30,64.49,65.15,64.37,64.97,44659.0,45641498.0,10.14,10.25,10.12,10.22,True,潮宏基,False
2016-10-10,64.79,66.41,64.49,66.23,80418.0,83875974.0,10.19,10.46,10.14,10.43,True,潮宏基,False
2016-10-11,66.05,67.31,65.81,67.19,75511.0,79966149.0,10.4,10.61,10.36,10.59,True,潮宏基,False
2016-10-12,66.83,67.31,66.47,67.01,44082.0,46550592.0,10.53,10.61,10.47,10.56,True,潮宏基,False
2016-10-13,67.19,67.19,66.35,66.41,40873.0,42753158.0,10.59,10.59,10.45,10.46,True,潮宏基,False
2016-10-14,66.47,67.85,65.93,67.85,64530.0,69047100.0,10.47,10.7,10.38,10.7,True,潮宏基,False
2016-10-17,67.73,68.39,66.23,67.01,66841.0,70584096.0,10.68,10.79,10.43,10.56,True,潮宏基,False
2016-10-18,67.07,67.97,66.47,67.97,63744.0,68333568.0,10.57,10.72,10.47,10.72,True,潮宏基,False
2016-10-19,67.91,68.03,67.37,67.73,44743.0,47785524.0,10.71,10.73,10.62,10.68,True,潮宏基,False
2016-10-20,67.91,68.09,67.37,67.91,38090.0,40794390.0,10.71,10.74,10.62,10.71,True,潮宏基,False
2016-10-21,67.73,67.79,66.65,67.19,45501.0,48185559.0,10.68,10.69,10.5,10.59,True,潮宏基,False
2016-10-24,67.07,67.61,66.71,67.37,43813.0,46529406.0,10.57,10.66,10.51,10.62,True,潮宏基,False
2016-10-25,67.25,67.55,66.89,67.13,38371.0,40596518.0,10.6,10.65,10.54,10.58,True,潮宏基,False
2016-10-26,67.25,67.25,66.41,66.59,41616.0,43655184.0,10.6,10.6,10.46,10.49,True,潮宏基,False
2016-10-27,66.35,66.83,65.27,66.53,83393.0,87395864.0,10.45,10.53,10.27,10.48,True,潮宏基,False
2016-10-28,66.59,67.01,66.11,66.17,57163.0,59563846.0,10.49,10.56,10.41,10.42,True,潮宏基,False
2016-10-31,66.41,66.89,65.69,66.71,44031.0,46276581.0,10.46,10.54,10.34,10.51,True,潮宏基,False
2016-11-01,66.77,70.13,66.23,69.35,166885.0,182739075.0,10.52,11.08,10.43,10.95,True,潮宏基,False
2016-11-02,69.53,71.45,68.45,69.83,167388.0,184628964.0,10.98,11.3,10.8,11.03,True,潮宏基,False
2016-11-03,69.23,70.31,68.75,69.65,96597.0,106256700.0,10.93,11.11,10.85,11.0,True,潮宏基,False
2016-11-04,69.71,70.13,68.45,68.63,78612.0,85136796.0,11.01,11.08,10.8,10.83,True,潮宏基,False
2016-11-07,68.63,69.05,66.95,67.85,121377.0,129873390.0,10.83,10.9,10.55,10.7,True,潮宏基,False
2016-11-08,67.61,67.85,67.07,67.79,47076.0,50324244.0,10.66,10.7,10.57,10.69,True,潮宏基,False
2016-11-09,67.61,70.85,67.37,69.35,246761.0,270203295.0,10.66,11.2,10.62,10.95,True,潮宏基,False
2016-11-10,67.67,69.05,66.71,68.69,128248.0,139020832.0,10.67,10.9,10.51,10.84,True,潮宏基,False
2016-11-11,68.21,68.51,67.49,68.15,92861.0,99825575.0,10.76,10.81,10.64,10.75,True,潮宏基,False
2016-11-14,67.37,68.27,67.13,68.09,109194.0,117274356.0,10.62,10.77,10.58,10.74,True,潮宏基,False
2016-11-15,68.15,69.53,67.73,69.17,121576.0,132760992.0,10.75,10.98,10.68,10.92,True,潮宏基,False
2016-11-16,69.11,69.47,68.45,68.87,86981.0,94548347.0,10.91,10.97,10.8,10.87,True,潮宏基,False
2016-11-17,68.63,68.87,67.85,68.09,80833.0,86814642.0,10.83,10.87,10.7,10.74,True,潮宏基,False
2016-11-18,68.15,68.27,67.37,67.55,53708.0,57199020.0,10.75,10.77,10.62,10.65,True,潮宏基,False
2016-11-21,67.25,68.09,67.19,67.73,52485.0,56053980.0,10.6,10.74,10.59,10.68,True,潮宏基,False
2016-11-22,68.09,68.27,67.73,68.09,54912.0,58975488.0,10.74,10.77,10.68,10.74,True,潮宏基,False
2016-11-23,68.21,69.35,67.97,68.69,103670.0,112378280.0,10.76,10.95,10.72,10.84,True,潮宏基,False
2016-11-24,68.33,68.69,67.91,68.45,61301.0,66205080.00000001,10.78,10.84,10.71,10.8,True,潮宏基,False
2016-11-25,68.45,70.79,68.15,70.25,190045.0,210949950.0,10.8,11.19,10.75,11.1,True,潮宏基,False
2016-11-28,70.67,71.75,69.71,71.03,201449.0,226227227.0,11.17,11.35,11.01,11.23,True,潮宏基,False
2016-11-29,70.73,71.03,69.83,69.95,93107.0,102883235.0,11.18,11.23,11.03,11.05,True,潮宏基,False
2016-11-30,69.71,70.61,69.05,70.25,82974.0,92101140.0,11.01,11.16,10.9,11.1,True,潮宏基,False
2016-12-01,70.25,72.05,69.71,71.75,143664.0,163058640.0,11.1,11.4,11.01,11.35,True,潮宏基,False
2016-12-02,71.87,72.41,69.65,69.95,93596.0,103423580.0,11.37,11.46,11.0,11.05,True,潮宏基,False
2016-12-05,69.65,69.95,68.09,68.21,95030.0,102252280.0,11.0,11.05,10.74,10.76,True,潮宏基,False
2016-12-06,68.21,73.85,67.85,72.11,167931.0,191609271.0,10.76,11.7,10.7,11.41,True,潮宏基,False
2016-12-07,72.05,74.69,71.63,73.61,177407.0,206856562.0,11.4,11.84,11.33,11.66,True,潮宏基,False
2016-12-08,73.67,74.75,71.93,72.53,112413.0,129050124.0,11.67,11.85,11.38,11.48,True,潮宏基,False
2016-12-09,72.89,75.29,72.59,74.69,187816.0,222374144.0,11.54,11.94,11.49,11.84,True,潮宏基,False
2016-12-12,73.91,74.39,70.85,71.51,153945.0,174111795.0,11.71,11.79,11.2,11.31,True,潮宏基,False
2016-12-13,71.45,78.29,71.09,75.59,223332.0,267775068.0,11.3,12.44,11.24,11.99,True,潮宏基,False
2016-12-14,75.53,80.93,74.33,79.61,311316.0,394126056.0,11.98,12.88,11.78,12.66,True,潮宏基,False
2016-12-15,77.45,79.43,76.37,78.05,269485.0,334161400.0,12.3,12.63,12.12,12.4,True,潮宏基,False
2016-12-16,76.67,79.25,76.31,76.37,163831.0,198563172.0,12.17,12.6,12.11,12.12,True,潮宏基,False
2016-12-19,76.49,77.81,75.23,76.97,134566.0,164439652.0,12.14,12.36,11.93,12.22,True,潮宏基,False
2016-12-20,76.19,77.39,75.53,76.61,122178.0,148568448.0,12.09,12.29,11.98,12.16,True,潮宏基,False
2016-12-21,76.85,77.15,74.51,74.81,151569.0,179760834.0,12.2,12.25,11.81,11.86,True,潮宏基,False
2016-12-22,74.15,76.07,74.15,75.17,94240.0,112334080.0,11.75,12.07,11.75,11.92,True,潮宏基,False
2016-12-23,74.93,75.11,73.67,74.27,77365.0,91058605.0,11.88,11.91,11.67,11.77,True,潮宏基,False
2016-12-26,73.61,74.03,70.85,72.77,82695.0,95264640.0,11.66,11.73,11.2,11.52,True,潮宏基,False
2016-12-27,72.29,73.73,72.05,73.61,69206.0,80694196.0,11.44,11.68,11.4,11.66,True,潮宏基,False
2016-12-28,73.13,75.95,72.95,75.35,93649.0,111910555.0,11.58,12.05,11.55,11.95,True,潮宏基,False
2016-12-29,75.89,76.49,74.51,75.35,73268.0,87555260.0,12.04,12.14,11.81,11.95,True,潮宏基,False
2016-12-30,75.65,76.49,74.81,76.13,46614.0,56309712.0,12.0,12.14,11.86,12.08,True,潮宏基,False
2017-01-03,76.01,76.07,74.21,74.51,70491.0,83249871.0,12.06,12.07,11.76,11.81,True,潮宏基,False
2017-01-04,74.21,75.05,73.67,74.93,74263.0,88224444.0,11.76,11.9,11.67,11.88,True,潮宏基,False
2017-01-05,74.81,75.35,73.49,74.33,86034.0,101348052.0,11.86,11.95,11.64,11.78,True,潮宏基,False
2017-01-06,74.15,74.33,72.89,73.13,59881.0,69342198.0,11.75,11.78,11.54,11.58,True,潮宏基,False
2017-01-09,73.01,73.55,71.39,71.87,79453.0,90338061.0,11.56,11.65,11.29,11.37,True,潮宏基,False
2017-01-10,71.99,72.47,71.15,72.23,55691.0,63654813.0,11.39,11.47,11.25,11.43,True,潮宏基,False
2017-01-11,72.71,72.71,70.55,70.97,66502.0,74615244.0,11.51,11.51,11.15,11.22,True,潮宏基,False
2017-01-12,70.91,71.81,70.61,71.45,53183.0,60096790.00000001,11.21,11.36,11.16,11.3,True,潮宏基,False
2017-01-13,71.45,72.71,71.15,72.35,63379.0,72568955.0,11.3,11.51,11.25,11.45,True,潮宏基,False
2017-01-16,72.65,73.31,67.25,70.13,91419.0,101292252.0,11.5,11.61,10.6,11.08,True,潮宏基,False
2017-01-17,69.77,70.43,67.85,69.65,44337.0,48770700.0,11.02,11.13,10.7,11.0,True,潮宏基,False
2017-01-18,69.41,69.83,68.21,68.39,40714.0,43930406.0,10.96,11.03,10.76,10.79,True,潮宏基,False
2017-01-19,68.03,68.39,66.29,66.35,59056.0,61713519.99999999,10.73,10.79,10.44,10.45,True,潮宏基,False
2017-01-20,66.05,68.15,66.05,68.15,45595.0,49014625.0,10.4,10.75,10.4,10.75,True,潮宏基,False
2017-01-23,67.85,69.05,67.61,68.51,46973.0,50777813.0,10.7,10.9,10.66,10.81,True,潮宏基,False
2017-01-24,68.33,68.87,68.15,68.63,23200.0,25125600.0,10.78,10.87,10.75,10.83,True,潮宏基,False
2017-01-25,68.45,70.13,68.15,68.93,33481.0,36427328.0,10.8,11.08,10.75,10.88,True,潮宏基,False
2017-01-26,68.75,69.65,68.75,69.35,21874.0,23952030.0,10.85,11.0,10.85,10.95,True,潮宏基,False
2017-02-03,69.35,69.89,68.93,69.35,24295.0,26603025.0,10.95,11.04,10.88,10.95,True,潮宏基,False
2017-02-06,69.23,69.83,69.05,69.29,29534.0,32310196.0,10.93,11.03,10.9,10.94,True,潮宏基,False
2017-02-07,69.41,69.71,67.85,68.63,39714.0,43010262.0,10.96,11.01,10.7,10.83,True,潮宏基,False
2017-02-08,68.15,69.47,67.85,69.23,39516.0,43190988.0,10.75,10.97,10.7,10.93,True,潮宏基,False
2017-02-09,68.87,69.53,68.75,69.35,52743.0,57753584.99999999,10.87,10.98,10.85,10.95,True,潮宏基,False
2017-02-10,69.11,69.17,68.21,68.63,48957.0,53020431.0,10.91,10.92,10.76,10.83,True,潮宏基,False
2017-02-13,68.27,69.05,68.15,68.51,57684.0,62356404.0,10.77,10.9,10.75,10.81,True,潮宏基,False
2017-02-14,68.57,68.81,68.27,68.33,31474.0,33928972.0,10.82,10.86,10.77,10.78,True,潮宏基,False
2017-02-15,68.39,68.87,67.85,67.97,42356.0,45405632.0,10.79,10.87,10.7,10.72,True,潮宏基,False
2017-02-16,68.15,68.51,67.49,68.03,36815.0,39502495.0,10.75,10.81,10.64,10.73,True,潮宏基,False
2017-02-17,68.21,68.27,67.07,67.13,39595.0,41891510.0,10.76,10.77,10.57,10.58,True,潮宏基,False
2017-02-20,67.07,67.79,66.41,67.55,60446.0,64374990.0,10.57,10.69,10.46,10.65,True,潮宏基,False
2017-02-21,67.61,68.75,67.13,68.51,59372.0,64181132.0,10.66,10.85,10.58,10.81,True,潮宏基,False
2017-02-22,68.81,69.23,68.27,68.99,48305.0,52604145.0,10.86,10.93,10.77,10.89,True,潮宏基,False
2017-02-23,69.05,69.17,68.03,68.57,39191.0,42404662.0,10.9,10.92,10.73,10.82,True,潮宏基,False
2017-02-24,68.57,69.35,67.97,69.29,57413.0,62809822.0,10.82,10.95,10.72,10.94,True,潮宏基,False
2017-02-27,68.81,69.29,68.33,68.39,31242.0,33710118.0,10.86,10.94,10.78,10.79,True,潮宏基,False
2017-02-28,68.21,70.55,68.21,69.83,82002.0,90448206.0,10.76,11.15,10.76,11.03,True,潮宏基,False
2017-03-01,69.35,70.61,69.35,69.95,44246.0,48891830.0,10.95,11.16,10.95,11.05,True,潮宏基,False
2017-03-02,69.77,70.31,68.87,70.01,45831.0,50689086.0,11.02,11.11,10.87,11.06,True,潮宏基,False
2017-03-03,69.53,71.93,68.93,70.61,73542.0,82072872.0,10.98,11.38,10.88,11.16,True,潮宏基,False
2017-03-06,70.67,72.95,70.31,72.05,89857.0,102436980.0,11.17,11.55,11.11,11.4,True,潮宏基,False
2017-03-07,71.99,72.23,69.95,70.97,75615.0,84840030.0,11.39,11.43,11.05,11.22,True,潮宏基,False
2017-03-08,71.27,72.17,70.49,72.05,57985.0,66102900.0,11.27,11.42,11.14,11.4,True,潮宏基,False
2017-03-09,71.81,71.81,70.73,71.39,50411.0,56914018.99999999,11.36,11.36,11.18,11.29,True,潮宏基,False
2017-03-10,71.33,72.59,70.01,71.33,68314.0,77058192.0,11.28,11.49,11.06,11.28,True,潮宏基,False
2017-03-13,71.27,71.99,70.31,71.75,105537.0,119784495.0,11.27,11.39,11.11,11.35,True,潮宏基,False
2017-03-14,71.27,71.99,70.73,71.57,65674.0,74342968.0,11.27,11.39,11.18,11.32,True,潮宏基,False
2017-03-15,71.51,71.93,70.91,71.57,91574.0,103661768.0,11.31,11.38,11.21,11.32,True,潮宏基,False
2017-03-16,71.87,72.53,70.85,71.57,95170.0,107732440.0,11.37,11.48,11.2,11.32,True,潮宏基,False
2017-03-17,71.45,71.45,70.25,70.43,89279.0,99367527.0,11.3,11.3,11.1,11.13,True,潮宏基,False
2017-03-20,70.31,70.67,69.53,70.31,54968.0,61069448.0,11.11,11.17,10.98,11.11,True,潮宏基,False
2017-03-21,70.19,72.29,70.01,71.75,78107.0,88651445.0,11.09,11.44,11.06,11.35,True,潮宏基,False
2017-03-22,71.33,71.81,70.49,71.03,54690.0,61416870.0,11.28,11.36,11.14,11.23,True,潮宏基,False
2017-03-23,70.79,71.93,70.73,71.69,121237.0,137482758.0,11.19,11.38,11.18,11.34,True,潮宏基,False
2017-03-24,71.39,72.23,71.21,71.45,82785.0,93547050.0,11.29,11.43,11.26,11.3,True,潮宏基,False
2017-03-27,71.45,71.75,71.03,71.39,69120.0,78036480.0,11.3,11.35,11.23,11.29,True,潮宏基,False
2017-03-28,71.45,71.45,69.53,70.61,53841.0,60086556.0,11.3,11.3,10.98,11.16,True,潮宏基,False
2017-03-29,70.61,70.61,69.65,69.77,34886.0,38444372.0,11.16,11.16,11.0,11.02,True,潮宏基,False
2017-03-30,69.47,69.89,67.85,68.33,59877.0,64547405.99999999,10.97,11.04,10.7,10.78,True,潮宏基,False
2017-03-31,67.67,70.07,67.67,69.71,63162.0,69541362.0,10.67,11.07,10.67,11.01,True,潮宏基,False
2017-04-05,70.01,72.05,68.57,70.85,87754.0,98284480.0,11.06,11.4,10.82,11.2,True,潮宏基,False
2017-04-06,70.73,73.01,70.25,72.41,130171.0,149175966.0,11.18,11.56,11.1,11.46,True,潮宏基,False
2017-04-07,72.41,74.21,71.75,72.05,96101.0,109555140.0,11.46,11.76,11.35,11.4,True,潮宏基,False
2017-04-10,71.63,72.65,71.27,71.87,67955.0,77264835.0,11.33,11.5,11.27,11.37,True,潮宏基,False
2017-04-11,71.93,72.35,71.39,72.23,84268.0,96318324.0,11.38,11.45,11.29,11.43,True,潮宏基,False
2017-04-12,72.47,72.59,71.21,71.27,70095.0,78997065.0,11.47,11.49,11.26,11.27,True,潮宏基,False
2017-04-13,71.93,71.93,70.85,71.21,32670.0,36786420.0,11.38,11.38,11.2,11.26,True,潮宏基,False
2017-04-14,71.45,71.75,70.49,70.91,33034.0,37031114.0,11.3,11.35,11.14,11.21,True,潮宏基,False
2017-04-17,70.85,71.21,68.33,68.75,75234.0,81628890.0,11.2,11.26,10.78,10.85,True,潮宏基,False
2017-04-18,69.41,69.41,68.45,68.51,26769.0,28937289.0,10.96,10.96,10.8,10.81,True,潮宏基,False
2017-04-19,67.91,69.59,67.25,68.99,45716.0,49784724.0,10.71,10.99,10.6,10.89,True,潮宏基,False
2017-04-20,68.99,70.31,68.21,69.47,34022.0,37322134.0,10.89,11.11,10.76,10.97,True,潮宏基,False
2017-04-21,69.35,71.87,68.93,69.05,38225.0,41665250.0,10.95,11.37,10.88,10.9,True,潮宏基,False
2017-04-24,68.51,69.41,67.19,67.67,36084.0,38501628.0,10.81,10.96,10.59,10.67,True,潮宏基,False
2017-04-25,67.67,68.45,66.35,67.67,45586.0,48640262.0,10.67,10.8,10.45,10.67,True,潮宏基,False
2017-04-26,67.67,69.59,66.35,67.55,48110.0,51237150.0,10.67,10.99,10.45,10.65,True,潮宏基,False
2017-04-27,66.95,68.57,65.93,67.97,53118.0,56942496.0,10.55,10.82,10.38,10.72,True,潮宏基,False
2017-04-28,67.43,69.29,67.37,68.63,55379.0,59975457.0,10.63,10.94,10.62,10.83,True,潮宏基,False
2017-05-02,68.33,69.35,68.21,69.11,35149.0,38347559.0,10.78,10.95,10.76,10.91,True,潮宏基,False
2017-05-03,69.29,69.95,68.51,68.87,32744.0,35592728.0,10.94,11.05,10.81,10.87,True,潮宏基,False
2017-05-04,68.33,69.35,68.33,69.17,35806.0,39100152.0,10.78,10.95,10.78,10.92,True,潮宏基,False
2017-05-05,68.75,69.17,67.25,67.25,24760.0,26245600.0,10.85,10.92,10.6,10.6,True,潮宏基,False
2017-05-08,67.49,67.55,66.11,66.11,23002.0,23945082.0,10.64,10.65,10.41,10.41,True,潮宏基,False
2017-05-09,66.65,66.71,65.57,66.35,23406.0,24459270.0,10.5,10.51,10.32,10.45,True,潮宏基,False
2017-05-10,66.35,66.95,63.65,64.07,44414.0,44724898.0,10.45,10.55,10.0,10.07,True,潮宏基,False
2017-05-11,64.37,65.21,62.03,63.29,61515.0,61145910.0,10.12,10.26,9.73,9.94,True,潮宏基,False
2017-05-12,63.29,63.59,61.55,61.61,36462.0,35222292.0,9.94,9.99,9.65,9.66,True,潮宏基,False
2017-05-15,61.61,62.99,61.25,62.87,43046.0,42486402.0,9.66,9.89,9.6,9.87,True,潮宏基,False
2017-05-16,62.87,64.19,61.73,64.13,53407.0,53834256.0,9.87,10.09,9.68,10.08,True,潮宏基,False
2017-05-17,64.01,64.85,63.47,63.71,35599.0,35634599.0,10.06,10.2,9.97,10.01,True,潮宏基,False
2017-05-18,63.65,64.13,61.85,61.97,48241.0,46890252.0,10.0,10.08,9.7,9.72,True,潮宏基,False
2017-05-19,62.15,65.75,61.55,65.09,62215.0,63708160.0,9.75,10.35,9.65,10.24,True,潮宏基,False
2017-05-22,64.67,65.45,62.75,62.99,71888.0,71097232.0,10.17,10.3,9.85,9.89,True,潮宏基,False
2017-05-23,62.93,63.83,62.09,62.93,48338.0,47757944.00000001,9.88,10.03,9.74,9.88,True,潮宏基,False
2017-05-24,63.29,63.59,61.91,62.15,44682.0,43564950.0,9.94,9.99,9.71,9.75,True,潮宏基,False
2017-05-25,62.15,63.65,61.85,62.09,74997.0,73047078.0,9.75,10.0,9.7,9.74,True,潮宏基,False
2017-05-26,62.27,63.23,61.85,62.57,72517.0,71211694.0,9.77,9.93,9.7,9.82,True,潮宏基,False
2017-05-31,62.75,63.35,62.63,62.75,65753.0,64766705.0,9.85,9.95,9.83,9.85,True,潮宏基,False
2017-06-01,62.75,63.17,62.09,62.15,75925.0,74026875.0,9.85,9.92,9.74,9.75,True,潮宏基,False
2017-06-02,61.97,68.03,60.65,63.77,108005.0,108221010.0,9.72,10.73,9.5,10.02,True,潮宏基,False
2017-06-05,64.13,64.85,63.53,64.61,65826.0,66879216.0,10.08,10.2,9.98,10.16,True,潮宏基,False
2017-06-06,64.13,64.79,62.81,63.17,83022.0,82357824.0,10.08,10.19,9.86,9.92,True,潮宏基,False
2017-06-07,63.17,64.55,63.05,64.43,49186.0,49825418.00000001,9.92,10.15,9.9,10.13,True,潮宏基,False
2017-06-08,64.31,65.15,63.71,64.37,47898.0,48472775.99999999,10.11,10.25,10.01,10.12,True,潮宏基,False
2017-06-09,64.37,69.05,63.83,65.39,63750.0,65598749.99999999,10.12,10.9,10.03,10.29,True,潮宏基,False
2017-06-12,64.91,65.15,64.31,64.67,34396.0,34980732.0,10.21,10.25,10.11,10.17,True,潮宏基,False
2017-06-13,64.55,66.11,64.55,65.33,40166.0,41290648.0,10.15,10.41,10.15,10.28,True,潮宏基,False
2017-06-14,65.45,65.81,64.67,64.91,42280.0,43167880.0,10.3,10.36,10.17,10.21,True,潮宏基,False
2017-06-15,65.15,66.05,64.55,65.69,37547.0,38823598.0,10.25,10.4,10.15,10.34,True,潮宏基,False
2017-06-16,65.45,65.93,64.91,65.63,56842.0,58717786.0,10.3,10.38,10.21,10.33,True,潮宏基,False
2017-06-19,65.63,66.41,65.03,65.33,42036.0,43213008.0,10.33,10.46,10.23,10.28,True,潮宏基,False
2017-06-20,65.39,66.65,65.09,66.41,104217.0,109010982.0,10.29,10.5,10.24,10.46,True,潮宏基,False
2017-06-21,66.41,67.25,65.63,66.41,81928.0,85696688.0,10.46,10.6,10.33,10.46,True,潮宏基,False
2017-06-22,66.05,67.13,65.51,65.51,59341.0,61180571.0,10.4,10.58,10.31,10.31,True,潮宏基,False
2017-06-23,65.03,66.11,64.73,65.99,44746.0,46491094.0,10.23,10.41,10.18,10.39,True,潮宏基,False
2017-06-26,65.69,66.47,65.45,65.99,36985.0,38427415.0,10.34,10.47,10.3,10.39,True,潮宏基,False
2017-06-27,65.99,66.05,65.09,65.75,43083.0,44590905.0,10.39,10.4,10.24,10.35,True,潮宏基,False
2017-06-28,65.27,66.35,64.85,65.57,66398.0,68522736.0,10.27,10.45,10.2,10.32,True,潮宏基,False
2017-06-29,65.69,66.83,65.09,66.23,75418.0,78660974.0,10.34,10.53,10.24,10.43,True,潮宏基,False
2017-06-30,66.23,68.93,65.69,68.87,109145.0,118640615.0,10.43,10.88,10.34,10.87,True,潮宏基,False
2017-07-03,69.65,69.77,67.79,69.17,45205.0,49363860.0,11.0,11.02,10.69,10.92,True,潮宏基,False
2017-07-04,68.51,69.53,67.67,68.63,40222.0,43560426.0,10.81,10.98,10.67,10.83,True,潮宏基,False
2017-07-05,68.33,68.93,67.91,68.57,38974.0,42169868.0,10.78,10.88,10.71,10.82,True,潮宏基,False
2017-07-06,68.51,68.69,67.67,67.79,47111.0,50361659.0,10.81,10.84,10.67,10.69,True,潮宏基,False
2017-07-07,67.55,69.35,67.07,68.87,50370.0,54752189.99999999,10.65,10.95,10.57,10.87,True,潮宏基,False
2017-07-10,68.75,68.75,67.85,68.45,30741.0,33200280.000000004,10.85,10.85,10.7,10.8,True,潮宏基,False
2017-07-11,68.15,68.33,67.25,67.25,20737.0,21981220.0,10.75,10.78,10.6,10.6,True,潮宏基,False
2017-07-12,67.07,67.61,65.45,66.11,24224.0,25217184.0,10.57,10.66,10.3,10.41,True,潮宏基,False
2017-07-13,66.17,66.77,65.93,66.23,17508.0,18260844.0,10.42,10.52,10.38,10.43,True,潮宏基,False
2017-07-14,66.05,66.89,65.45,66.59,46931.0,49230619.0,10.4,10.54,10.3,10.49,True,潮宏基,False
2017-07-17,66.47,67.37,63.89,67.07,58293.0,61615701.0,10.47,10.62,10.04,10.57,True,潮宏基,False
2017-07-18,66.29,67.67,65.39,67.01,81957.0,86546592.0,10.44,10.67,10.29,10.56,True,潮宏基,False
2017-07-19,66.65,67.79,65.99,67.79,63474.0,67853706.0,10.5,10.69,10.39,10.69,True,潮宏基,False
2017-07-20,67.31,67.79,66.83,67.79,31357.0,33520633.0,10.61,10.69,10.53,10.69,True,潮宏基,False
2017-07-21,67.55,67.55,66.11,66.17,47808.0,49815936.0,10.65,10.65,10.41,10.42,True,潮宏基,False
2017-07-24,66.11,69.23,65.63,68.09,144607.0,155307918.0,10.41,10.93,10.33,10.74,True,潮宏基,False
2017-07-25,67.67,68.39,66.95,67.91,43354.0,46432134.0,10.67,10.79,10.55,10.71,True,潮宏基,False
2017-07-26,67.85,68.45,66.65,68.15,81510.0,87623250.0,10.7,10.8,10.5,10.75,True,潮宏基,False
2017-07-27,67.85,68.39,66.59,67.19,102241.0,108273219.0,10.7,10.79,10.49,10.59,True,潮宏基,False
2017-07-28,66.77,70.25,66.53,70.01,165140.0,182644840.0,10.52,11.1,10.48,11.06,True,潮宏基,False
2017-07-31,69.11,70.61,68.99,69.65,134177.0,147594700.0,10.91,11.16,10.89,11.0,True,潮宏基,False
2017-08-01,69.65,70.37,68.99,69.53,71027.0,77987646.0,11.0,11.12,10.89,10.98,True,潮宏基,False
2017-08-02,69.59,70.13,68.33,69.23,98744.0,107927192.0,10.99,11.08,10.78,10.93,True,潮宏基,False
2017-08-03,68.99,69.41,68.21,68.21,65661.0,70651236.0,10.89,10.96,10.76,10.76,True,潮宏基,False
2017-08-04,68.09,68.81,67.55,67.55,57562.0,61303530.0,10.74,10.86,10.65,10.65,True,潮宏基,False
2017-08-07,67.13,67.79,66.65,67.73,76825.0,82049100.0,10.58,10.69,10.5,10.68,True,潮宏基,False
2017-08-08,67.55,68.75,66.71,68.51,59746.0,64585426.0,10.65,10.85,10.51,10.81,True,潮宏基,False
2017-08-09,68.27,69.23,67.37,67.37,65777.0,69855174.0,10.77,10.93,10.62,10.62,True,潮宏基,False
2017-08-10,67.37,69.41,67.37,68.57,91361.0,98852602.0,10.62,10.96,10.62,10.82,True,潮宏基,False
2017-08-11,68.15,69.05,67.37,68.81,70137.0,76168782.0,10.75,10.9,10.62,10.86,True,潮宏基,False
2017-08-14,68.45,69.35,68.21,68.81,52658.0,57186588.0,10.8,10.95,10.76,10.86,True,潮宏基,False
2017-08-15,68.51,68.69,68.03,68.45,30952.0,33428160.000000004,10.81,10.84,10.73,10.8,True,潮宏基,False
2017-08-16,68.57,69.29,68.33,69.11,62690.0,68394790.0,10.82,10.94,10.78,10.91,True,潮宏基,False
2017-08-17,69.29,69.35,68.27,68.39,64781.0,69898699.0,10.94,10.95,10.77,10.79,True,潮宏基,False
2017-08-18,68.45,68.51,67.73,67.97,26515.0,28424080.0,10.8,10.81,10.68,10.72,True,潮宏基,False
2017-08-21,67.97,68.33,67.61,67.79,35601.0,38057469.0,10.72,10.78,10.66,10.69,True,潮宏基,False
2017-08-22,68.09,68.09,67.25,67.31,24665.0,26169565.0,10.74,10.74,10.6,10.61,True,潮宏基,False
2017-08-23,67.31,67.85,66.83,67.55,36451.0,38820315.0,10.61,10.7,10.53,10.65,True,潮宏基,False
2017-08-24,67.55,68.69,67.01,68.45,117862.0,127290960.0,10.65,10.84,10.56,10.8,True,潮宏基,False
2017-08-25,68.21,70.61,67.67,70.19,191390.0,212251510.0,10.76,11.16,10.67,11.09,True,潮宏基,False
2017-08-28,70.07,71.93,69.41,71.09,154617.0,173789508.0,11.07,11.38,10.96,11.24,True,潮宏基,False
2017-08-29,70.31,71.33,70.07,70.61,88278.0,98518248.0,11.11,11.28,11.07,11.16,True,潮宏基,False
2017-08-30,70.43,71.15,69.83,70.55,78910.0,87984650.0,11.13,11.25,11.03,11.15,True,潮宏基,False
2017-08-31,70.61,71.75,69.47,71.33,96192.0,108504576.0,11.16,11.35,10.97,11.28,True,潮宏基,False
2017-09-01,71.15,71.99,70.13,71.03,102111.0,114670653.0,11.25,11.39,11.08,11.23,True,潮宏基,False
2017-09-04,70.25,71.27,69.47,70.55,81343.0,90697445.0,11.1,11.27,10.97,11.15,True,潮宏基,False
2017-09-05,70.19,70.43,69.05,69.65,81042.0,89146200.0,11.09,11.13,10.9,11.0,True,潮宏基,False
2017-09-06,69.17,69.59,68.75,69.11,44818.0,48896438.0,10.92,10.99,10.85,10.91,True,潮宏基,False
2017-09-07,69.23,69.59,68.99,69.11,27910.0,30449810.0,10.93,10.99,10.89,10.91,True,潮宏基,False
2017-09-08,69.41,71.75,68.99,70.97,101154.0,113494788.0,10.96,11.35,10.89,11.22,True,潮宏基,False
2017-09-11,70.55,71.69,69.53,71.15,119657.0,134614125.0,11.15,11.34,10.98,11.25,True,潮宏基,False
2017-09-12,70.85,71.03,69.77,70.25,77797.0,86354670.0,11.2,11.23,11.02,11.1,True,潮宏基,False
2017-09-13,70.01,70.85,69.05,69.29,68733.0,75193902.0,11.06,11.2,10.9,10.94,True,潮宏基,False
2017-09-14,68.75,70.07,68.27,68.75,92705.0,100584925.0,10.85,11.07,10.77,10.85,True,潮宏基,False
2017-09-15,68.81,69.05,68.15,68.87,74329.0,80795623.0,10.86,10.9,10.75,10.87,True,潮宏基,False
2017-09-18,68.81,69.35,68.27,68.63,71677.0,76909421.0,10.76,10.85,10.67,10.73,True,潮宏基,False
2017-09-19,68.81,69.23,67.85,68.33,58674.0,62663832.0,10.76,10.83,10.6,10.68,True,潮宏基,False
2017-09-20,67.91,69.71,67.85,69.47,76250.0,82883750.0,10.61,10.91,10.6,10.87,True,潮宏基,False
2017-09-21,69.17,69.95,69.05,69.59,48534.0,52853526.0,10.82,10.95,10.8,10.89,True,潮宏基,False
2017-09-22,69.53,69.53,68.57,69.47,27637.0,30041419.0,10.88,10.88,10.72,10.87,True,潮宏基,False
2017-09-25,69.17,72.53,68.75,70.01,69872.0,76579712.0,10.82,11.38,10.75,10.96,True,潮宏基,False
2017-09-26,69.65,70.61,69.35,70.07,36899.0,40478203.0,10.9,11.06,10.85,10.97,True,潮宏基,False
2017-09-27,69.71,70.31,69.53,70.19,35196.0,38680404.0,10.91,11.01,10.88,10.99,True,潮宏基,False
2017-09-28,70.25,70.25,69.47,70.13,30920.0,33950160.0,11.0,11.0,10.87,10.98,True,潮宏基,False
2017-09-29,70.13,72.35,69.77,72.05,138294.0,156272220.0,10.98,11.35,10.92,11.3,True,潮宏基,False
2017-10-09,71.99,72.11,70.79,71.03,100421.0,111768573.0,11.29,11.31,11.09,11.13,True,潮宏基,False
2017-10-10,70.97,71.69,70.61,71.39,65768.0,73594392.0,11.12,11.24,11.06,11.19,True,潮宏基,False
2017-10-11,71.33,71.33,70.49,70.61,35337.0,39082722.0,11.18,11.18,11.04,11.06,True,潮宏基,False
2017-10-12,70.37,70.85,70.37,70.61,25681.0,28403186.0,11.02,11.1,11.02,11.06,True,潮宏基,False
2017-10-13,70.55,71.21,70.49,71.15,39005.0,43490575.0,11.05,11.16,11.04,11.15,True,潮宏基,False
2017-10-16,71.03,71.03,69.65,69.71,52005.0,56737455.0,11.13,11.13,10.9,10.91,True,潮宏基,False
2017-10-17,69.59,69.89,69.05,69.41,50210.0,54528060.0,10.89,10.94,10.8,10.86,True,潮宏基,False
2017-10-18,69.47,70.61,68.87,68.87,43005.0,46316385.0,10.87,11.06,10.77,10.77,True,潮宏基,False
2017-10-19,69.41,69.41,68.03,68.03,29215.0,31055545.000000004,10.86,10.86,10.63,10.63,True,潮宏基,False
2017-10-20,68.15,70.37,67.85,70.13,51968.0,57060864.0,10.65,11.02,10.6,10.98,True,潮宏基,False
2017-10-23,70.13,70.19,69.59,70.13,33926.0,37250748.0,10.98,10.99,10.89,10.98,True,潮宏基,False
2017-10-24,70.13,71.57,69.71,70.43,94428.0,104154084.0,10.98,11.22,10.91,11.03,True,潮宏基,False
2017-10-25,70.25,71.21,69.83,71.09,61265.0,68249210.0,11.0,11.16,10.93,11.14,True,潮宏基,False
2017-10-26,70.85,71.33,70.55,71.09,35689.0,39757546.0,11.1,11.18,11.05,11.14,True,潮宏基,False
2017-10-27,71.09,71.93,70.31,71.15,73414.0,81856610.0,11.14,11.28,11.01,11.15,True,潮宏基,False
2017-10-30,70.79,71.69,69.95,70.79,59645.0,66146305.0,11.09,11.24,10.95,11.09,True,潮宏基,False
2017-10-31,70.49,71.81,70.49,71.63,60208.0,67613584.0,11.04,11.26,11.04,11.23,True,潮宏基,False
2017-11-01,71.45,71.99,71.15,71.39,65543.0,73342617.0,11.2,11.29,11.15,11.19,True,潮宏基,False
2017-11-02,71.39,71.51,70.49,70.61,37873.0,41887538.0,11.19,11.21,11.04,11.06,True,潮宏基,False
2017-11-03,70.25,70.73,69.71,70.61,48056.0,53149936.0,11.0,11.08,10.91,11.06,True,潮宏基,False
2017-11-06,70.67,71.69,70.25,70.73,43045.0,47693860.0,11.07,11.24,11.0,11.08,True,潮宏基,False
2017-11-07,70.73,72.11,70.49,72.05,87392.0,98752960.0,11.08,11.31,11.04,11.3,True,潮宏基,False
2017-11-08,71.81,72.23,71.21,71.87,59759.0,67348393.0,11.26,11.33,11.16,11.27,True,潮宏基,False
2017-11-09,71.69,74.33,71.63,73.37,115764.0,133360128.0,11.24,11.68,11.23,11.52,True,潮宏基,False
2017-11-10,73.25,75.35,73.25,75.05,126661.0,149459980.0,11.5,11.85,11.5,11.8,True,潮宏基,False
2017-11-13,75.53,75.65,74.27,74.99,62854.0,74104866.0,11.88,11.9,11.67,11.79,True,潮宏基,False
2017-11-14,74.93,75.05,73.97,74.03,62061.0,72176943.0,11.78,11.8,11.62,11.63,True,潮宏基,False
2017-11-15,73.85,74.39,73.07,73.85,39186.0,45455760.0,11.6,11.69,11.47,11.6,True,潮宏基,False
2017-11-16,73.67,76.01,73.31,75.41,81339.0,96468054.0,11.57,11.96,11.51,11.86,True,潮宏基,False
2017-11-17,75.41,76.79,71.87,72.29,98483.0,111679722.0,11.86,12.09,11.27,11.34,True,潮宏基,False
2017-11-20,72.23,73.25,70.31,72.89,54004.0,61780576.0,11.33,11.5,11.01,11.44,True,潮宏基,False
2017-11-21,72.95,74.39,71.45,72.95,68712.0,78675240.0,11.45,11.69,11.2,11.45,True,潮宏基,False
2017-11-22,73.61,73.73,71.69,72.65,57679.0,65754060.0,11.56,11.58,11.24,11.4,True,潮宏基,False
2017-11-23,72.59,73.07,71.27,71.45,51212.0,57357440.0,11.39,11.47,11.17,11.2,True,潮宏基,False
2017-11-24,70.91,72.89,70.91,72.59,52897.0,60249683.0,11.11,11.44,11.11,11.39,True,潮宏基,False
2017-11-27,72.65,72.77,71.03,71.21,40941.0,45690156.0,11.4,11.42,11.13,11.16,True,潮宏基,False
2017-11-28,71.33,72.47,71.03,71.57,41237.0,46267914.0,11.18,11.37,11.13,11.22,True,潮宏基,False
2017-11-29,71.45,71.75,70.67,71.63,51034.0,57311182.0,11.2,11.25,11.07,11.23,True,潮宏基,False
2017-11-30,71.57,72.23,70.79,70.91,48366.0,53734626.0,11.22,11.33,11.09,11.11,True,潮宏基,False
2017-12-01,70.85,71.39,70.85,71.03,56631.0,63030303.00000001,11.1,11.19,11.1,11.13,True,潮宏基,False
2017-12-04,71.15,71.75,71.03,71.51,46736.0,52391056.00000001,11.15,11.25,11.13,11.21,True,潮宏基,False
2017-12-05,71.51,72.29,69.89,70.25,54349.0,59783900.0,11.21,11.34,10.94,11.0,True,潮宏基,False
2017-12-06,70.25,70.49,64.55,68.51,87790.0,94023090.0,11.0,11.04,10.05,10.71,True,潮宏基,False
2017-12-07,67.49,68.69,66.35,67.85,33777.0,35803620.0,10.54,10.74,10.35,10.6,True,潮宏基,False
2017-12-08,68.15,69.29,67.97,68.75,27257.0,29301275.0,10.65,10.84,10.62,10.75,True,潮宏基,False
2017-12-11,68.87,69.29,67.91,68.93,21036.0,22676808.0,10.77,10.84,10.61,10.78,True,潮宏基,False
2017-12-12,68.93,69.17,67.97,68.75,37863.0,40702725.0,10.78,10.82,10.62,10.75,True,潮宏基,False
2017-12-13,68.27,69.05,67.67,68.21,36466.0,38872756.0,10.67,10.8,10.57,10.66,True,潮宏基,False
2017-12-14,68.21,69.11,67.43,68.75,44372.0,47699900.0,10.66,10.81,10.53,10.75,True,潮宏基,False
2017-12-15,68.63,69.95,68.33,69.77,66910.0,73065720.0,10.73,10.95,10.68,10.92,True,潮宏基,False
2017-12-18,68.93,69.53,68.69,68.69,29399.0,31574526.0,10.78,10.88,10.74,10.74,True,潮宏基,False
2017-12-19,68.69,69.05,68.39,68.75,15769.0,16951675.0,10.74,10.8,10.69,10.75,True,潮宏基,False
2018-04-16,69.05,69.05,62.75,64.25,195144.0,195144000.0,10.8,10.8,9.75,10.0,True,潮宏基,False
2018-04-17,63.77,66.35,63.65,64.49,137833.0,138384332.0,9.92,10.35,9.9,10.04,True,潮宏基,False
2018-04-18,64.43,66.41,58.97,65.75,132269.0,135575725.0,10.03,10.36,9.12,10.25,True,潮宏基,False
2018-04-19,64.67,65.15,63.83,63.89,52950.0,52632300.0,10.07,10.15,9.93,9.94,True,潮宏基,False
2018-04-20,63.77,66.59,62.57,63.17,60401.0,59313782.0,9.92,10.39,9.72,9.82,True,潮宏基,False
2018-04-23,63.17,64.01,62.21,62.87,52144.0,50944688.0,9.82,9.96,9.66,9.77,True,潮宏基,False
2018-04-24,62.33,63.41,62.27,62.81,27544.0,26882944.0,9.68,9.86,9.67,9.76,True,潮宏基,False
2018-04-25,63.05,63.17,62.21,62.63,32562.0,31682826.0,9.8,9.82,9.66,9.73,True,潮宏基,False
2018-04-26,62.81,64.85,61.97,63.05,42054.0,41212920.0,9.76,10.1,9.62,9.8,True,潮宏基,False
2018-04-27,63.65,63.65,62.51,63.41,17171.0,16930606.0,9.9,9.9,9.71,9.86,True,潮宏基,False
2018-05-02,63.53,63.53,61.61,62.75,24261.0,23654475.0,9.88,9.88,9.56,9.75,True,潮宏基,False
2018-05-03,62.57,62.75,61.79,62.63,21929.0,21336917.0,9.72,9.75,9.59,9.73,True,潮宏基,False
2018-05-04,61.91,62.99,61.91,62.51,21579.0,20953209.0,9.61,9.79,9.61,9.71,True,潮宏基,False
2018-05-07,62.39,63.35,61.91,63.17,21625.0,21235750.0,9.69,9.85,9.61,9.82,True,潮宏基,False
2018-05-08,63.17,64.73,63.11,63.95,33759.0,33590205.0,9.82,10.08,9.81,9.95,True,潮宏基,False
2018-05-09,63.95,64.25,63.29,63.59,13016.0,12872824.0,9.95,10.0,9.84,9.89,True,潮宏基,False
2018-05-10,63.47,63.89,62.87,63.05,15344.0,15037120.000000002,9.87,9.94,9.77,9.8,True,潮宏基,False
2018-05-11,63.05,64.13,63.05,63.71,24749.0,24526259.0,9.8,9.98,9.8,9.91,True,潮宏基,False
2018-05-14,63.71,64.07,62.39,62.63,18239.0,17746547.0,9.91,9.97,9.69,9.73,True,潮宏基,False
2018-05-15,62.81,62.99,62.27,62.69,16518.0,16088532.0,9.76,9.79,9.67,9.74,True,潮宏基,False
2018-05-16,62.51,63.29,62.09,62.45,17651.0,17121470.0,9.71,9.84,9.64,9.7,True,潮宏基,False
2018-05-17,62.39,62.69,61.91,62.51,16796.0,16308916.000000002,9.69,9.74,9.61,9.71,True,潮宏基,False
2018-05-18,62.45,62.57,61.85,62.39,18784.0,18201696.0,9.7,9.72,9.6,9.69,True,潮宏基,False
2018-05-21,62.33,63.83,62.03,63.53,43906.0,43379128.0,9.68,9.93,9.63,9.88,True,潮宏基,False
2018-05-22,63.05,65.81,63.05,65.57,57154.0,58411388.0,9.8,10.26,9.8,10.22,True,潮宏基,False
2018-05-23,65.03,65.45,63.47,64.61,64072.0,64456432.0,10.13,10.2,9.87,10.06,True,潮宏基,False
2018-05-24,64.61,64.73,62.75,64.07,28668.0,28581996.0,10.06,10.08,9.75,9.97,True,潮宏基,False
2018-05-25,63.89,65.15,63.17,64.97,37703.0,38155436.0,9.94,10.15,9.82,10.12,True,潮宏基,False
2018-05-28,64.55,64.79,63.35,63.35,34093.0,33581605.0,10.05,10.09,9.85,9.85,True,潮宏基,False
2018-05-29,63.35,63.95,62.21,62.45,38487.0,37332390.0,9.85,9.95,9.66,9.7,True,潮宏基,False
2018-05-30,62.45,63.65,59.03,59.15,50559.0,46261485.0,9.7,9.9,9.13,9.15,True,潮宏基,False
2018-05-31,61.85,61.85,59.51,60.05,53541.0,49793130.00000001,9.6,9.6,9.21,9.3,True,潮宏基,False
2018-06-01,58.55,61.85,56.45,59.15,44747.0,40943505.0,9.05,9.6,8.7,9.15,True,潮宏基,False
2018-06-04,59.15,59.93,58.19,59.57,37837.0,34885714.0,9.15,9.28,8.99,9.22,True,潮宏基,False
2018-06-05,59.69,59.75,58.85,59.75,31503.0,29140275.0,9.24,9.25,9.1,9.25,True,潮宏基,False
2018-06-06,59.75,59.99,58.55,59.09,28079.0,25664206.0,9.25,9.29,9.05,9.14,True,潮宏基,False
2018-06-07,58.85,59.81,58.55,59.33,37067.0,33656836.0,9.0,9.16,8.95,9.08,True,潮宏基,False
2018-06-08,58.91,59.51,58.07,58.67,31272.0,28050984.000000004,9.01,9.11,8.87,8.97,True,潮宏基,False
2018-06-11,58.79,58.79,57.23,58.43,27859.0,24878087.0,8.99,8.99,8.73,8.93,True,潮宏基,False
2018-06-12,58.43,58.61,56.69,58.43,35390.0,31603270.0,8.93,8.96,8.64,8.93,True,潮宏基,False
2018-06-13,58.37,58.37,57.29,58.25,34291.0,30518990.0,8.92,8.92,8.74,8.9,True,潮宏基,False
2018-06-14,57.41,59.21,55.91,59.03,58909.0,53194826.99999999,8.76,9.06,8.51,9.03,True,潮宏基,False
2018-06-15,58.37,61.13,57.95,60.53,56649.0,52570272.0,8.92,9.38,8.85,9.28,True,潮宏基,False
2018-06-19,60.29,61.07,54.95,57.71,72186.0,63595866.0,9.24,9.37,8.35,8.81,True,潮宏基,False
2018-06-20,55.91,58.25,52.43,55.13,174750.0,146440500.0,8.51,8.9,7.93,8.38,True,潮宏基,False
2018-06-21,54.89,54.89,50.33,51.41,117056.0,90835456.0,8.34,8.34,7.58,7.76,True,潮宏基,False
2018-06-22,50.63,53.81,50.03,53.33,79156.0,63958048.0,7.63,8.16,7.53,8.08,True,潮宏基,False
2018-06-25,53.15,53.45,51.59,52.25,46062.0,36388980.0,8.05,8.1,7.79,7.9,True,潮宏基,False
2018-06-26,51.17,52.43,50.27,51.65,51936.0,40510080.0,7.72,7.93,7.57,7.8,True,潮宏基,False
2018-06-27,51.11,52.19,50.15,51.53,34830.0,27097740.0,7.71,7.89,7.55,7.78,True,潮宏基,False
2018-06-28,50.87,52.31,50.87,52.07,27342.0,21518154.0,7.67,7.91,7.67,7.87,True,潮宏基,False
2018-06-29,51.65,56.75,51.47,56.45,84738.0,72874680.0,7.8,8.65,7.77,8.6,True,潮宏基,False
2018-07-02,56.15,57.35,53.57,54.23,81884.0,67390532.0,8.55,8.75,8.12,8.23,True,潮宏基,False
2018-07-03,54.23,55.19,52.91,54.05,88584.0,72638880.0,8.23,8.39,8.01,8.2,True,潮宏基,False
2018-07-04,53.81,53.93,51.47,51.77,80048.0,62597536.0,8.16,8.18,7.77,7.82,True,潮宏基,False
2018-07-05,51.47,52.07,49.13,51.23,113553.0,87776469.0,7.77,7.87,7.38,7.73,True,潮宏基,False
2018-07-06,50.63,52.25,49.25,52.25,101713.0,80353270.0,7.63,7.9,7.4,7.9,True,潮宏基,False
2018-07-09,51.47,54.47,51.35,53.75,74869.0,61018235.0,7.77,8.27,7.75,8.15,True,潮宏基,False
2018-07-10,54.23,55.67,53.81,54.83,34465.0,28709345.0,8.23,8.47,8.16,8.33,True,潮宏基,False
2018-07-11,53.87,54.89,52.61,52.79,70882.0,56634718.0,8.17,8.34,7.96,7.99,True,潮宏基,False
2018-07-12,52.01,54.89,52.01,53.03,119130.0,95661390.0,7.86,8.34,7.86,8.03,True,潮宏基,False
2018-07-13,52.55,57.29,52.55,57.05,148696.0,129365520.0,7.95,8.74,7.95,8.7,True,潮宏基,False
2018-07-16,56.63,58.67,55.31,57.89,83025.0,73394100.0,8.63,8.97,8.41,8.84,True,潮宏基,False
2018-07-17,57.05,58.49,55.73,55.91,65558.0,55789858.0,8.7,8.94,8.48,8.51,True,潮宏基,False
2018-07-18,56.03,56.63,53.75,54.23,75475.0,62115925.0,8.53,8.63,8.15,8.23,True,潮宏基,False
2018-07-19,54.59,55.79,52.55,52.79,68917.0,55064683.0,8.29,8.49,7.95,7.99,True,潮宏基,False
2018-07-20,53.03,53.87,52.31,53.21,38988.0,31424328.000000004,8.03,8.17,7.91,8.06,True,潮宏基,False
2018-07-23,52.73,56.27,52.73,55.25,101882.0,85580880.0,7.98,8.57,7.98,8.4,True,潮宏基,False
2018-07-24,54.95,56.69,54.29,56.21,85093.0,72839608.0,8.35,8.64,8.24,8.56,True,潮宏基,False
2018-07-25,56.09,56.57,55.37,56.09,44626.0,38110603.99999999,8.54,8.62,8.42,8.54,True,潮宏基,False
2018-07-26,55.61,56.21,54.17,55.31,78823.0,66290143.0,8.46,8.56,8.22,8.41,True,潮宏基,False
2018-07-27,54.71,55.55,53.93,54.59,55406.0,45931573.99999999,8.31,8.45,8.18,8.29,True,潮宏基,False
2018-07-30,54.47,54.53,53.39,53.63,35633.0,28969629.000000004,8.27,8.28,8.09,8.13,True,潮宏基,False
2018-07-31,53.69,53.93,53.27,53.81,21212.0,17308992.0,8.14,8.18,8.07,8.16,True,潮宏基,False
2018-08-01,53.93,54.89,53.27,53.69,36777.0,29936478.000000004,8.18,8.34,8.07,8.14,True,潮宏基,False
2018-08-02,54.05,54.05,48.83,49.25,118124.0,87411760.0,8.2,8.2,7.33,7.4,True,潮宏基,False
2018-08-03,49.01,49.31,45.53,46.79,127548.0,89156052.0,7.36,7.41,6.78,6.99,True,潮宏基,False
2018-08-06,46.73,46.73,42.95,44.81,93587.0,62328942.0,6.98,6.98,6.35,6.66,True,潮宏基,False
2018-08-07,44.45,46.43,44.15,46.25,66853.0,46128570.0,6.6,6.93,6.55,6.9,True,潮宏基,False
2018-08-08,45.95,45.95,44.81,44.99,32272.0,21589968.0,6.85,6.85,6.66,6.69,True,潮宏基,False
2018-08-09,45.05,46.55,44.87,45.71,105898.0,72116538.0,6.7,6.95,6.67,6.81,True,潮宏基,False
2018-08-10,45.71,46.55,45.11,45.77,106407.0,72569574.0,6.81,6.95,6.71,6.82,True,潮宏基,False
2018-08-13,45.23,45.71,44.51,45.71,57613.0,39234453.0,6.73,6.81,6.61,6.81,True,潮宏基,False
2018-08-14,45.53,46.43,44.45,44.87,87269.0,58208423.0,6.78,6.93,6.6,6.67,True,潮宏基,False
2018-08-15,44.87,44.99,43.73,43.97,54413.0,35477276.0,6.67,6.69,6.48,6.52,True,潮宏基,False
2018-08-16,43.91,44.69,43.13,43.79,48901.0,31736749.0,6.51,6.64,6.38,6.49,True,潮宏基,False
2018-08-17,44.21,44.33,42.29,42.29,43571.0,27188304.0,6.56,6.58,6.24,6.24,True,潮宏基,False
2018-08-20,42.29,42.71,41.81,42.53,26591.0,16699148.0,6.24,6.31,6.16,6.28,True,潮宏基,False
2018-08-21,42.59,43.07,42.41,42.77,31727.0,20051464.0,6.29,6.37,6.26,6.32,True,潮宏基,False
2018-08-22,42.77,43.73,42.29,42.77,30460.0,19250720.0,6.32,6.48,6.24,6.32,True,潮宏基,False
2018-08-23,42.83,42.95,41.63,41.69,48334.0,29677076.0,6.33,6.35,6.13,6.14,True,潮宏基,False
2018-08-24,41.87,42.35,41.75,41.81,41905.0,25813480.0,6.17,6.25,6.15,6.16,True,潮宏基,False
2018-08-27,41.63,42.53,41.45,42.11,50616.0,31432536.0,6.13,6.28,6.1,6.21,True,潮宏基,False
2018-08-28,42.11,43.43,41.81,42.29,75665.0,47214960.0,6.21,6.43,6.16,6.24,True,潮宏基,False
2018-08-29,42.23,42.47,41.81,42.35,44600.0,27875000.0,6.23,6.27,6.16,6.25,True,潮宏基,False
2018-08-30,42.53,42.53,41.57,41.63,53178.0,32598114.0,6.28,6.28,6.12,6.13,True,潮宏基,False
2018-08-31,41.45,41.63,40.37,40.79,43894.0,26292506.0,6.1,6.13,5.92,5.99,True,潮宏基,False
2018-09-03,40.79,40.85,38.39,40.19,67161.0,39557829.0,5.99,6.0,5.59,5.89,True,潮宏基,False
2018-09-04,40.01,41.39,40.01,41.03,61690.0,37199070.0,5.86,6.09,5.86,6.03,True,潮宏基,False
2018-09-05,41.09,41.63,40.91,41.03,46497.0,28037691.0,6.04,6.13,6.01,6.03,True,潮宏基,False
2018-09-06,41.03,41.15,40.19,40.19,39419.0,23217791.0,6.03,6.05,5.89,5.89,True,潮宏基,False
2018-09-07,40.31,40.97,40.13,40.55,34392.0,20463240.0,5.91,6.02,5.88,5.95,True,潮宏基,False
2018-09-10,40.79,40.79,39.35,40.01,35547.0,20830542.0,5.99,5.99,5.75,5.86,True,潮宏基,False
2018-09-11,40.19,40.19,38.87,39.11,40977.0,23397867.0,5.89,5.89,5.67,5.71,True,潮宏基,False
2018-09-12,39.29,40.79,39.11,40.37,64637.0,38265104.0,5.74,5.99,5.71,5.92,True,潮宏基,False
2018-09-13,40.49,40.85,39.83,40.25,37221.0,21960390.0,5.94,6.0,5.83,5.9,True,潮宏基,False
2018-09-14,40.31,40.43,39.53,39.53,30093.0,17393754.0,5.91,5.93,5.78,5.78,True,潮宏基,False
2018-09-17,39.41,39.53,38.63,39.17,29477.0,16860844.0,5.76,5.78,5.63,5.72,True,潮宏基,False
2018-09-18,39.05,39.35,38.63,39.23,31080.0,17808840.0,5.7,5.75,5.63,5.73,True,潮宏基,False
2018-09-19,39.23,39.77,38.93,39.59,35417.0,20506443.0,5.73,5.82,5.68,5.79,True,潮宏基,False
2018-09-20,39.53,39.53,38.93,39.41,41614.0,23969664.0,5.78,5.78,5.68,5.76,True,潮宏基,False
2018-09-21,39.41,40.19,39.11,39.89,55824.0,32601216.0,5.76,5.89,5.71,5.84,True,潮宏基,False
2018-09-25,39.59,39.83,39.41,39.47,33206.0,19159862.0,5.79,5.83,5.76,5.77,True,潮宏基,False
2018-09-26,39.53,39.89,39.35,39.65,31727.0,18401660.0,5.78,5.84,5.75,5.8,True,潮宏基,False
2018-09-27,39.77,40.37,39.23,39.41,61974.0,35697024.0,5.82,5.92,5.73,5.76,True,潮宏基,False
2018-09-28,39.41,39.53,39.05,39.23,35536.0,20362128.0,5.76,5.78,5.7,5.73,True,潮宏基,False
2018-10-08,38.51,39.11,38.33,38.51,32478.0,18220158.0,5.61,5.71,5.58,5.61,True,潮宏基,False
2018-10-09,38.51,38.99,38.27,38.57,29843.0,16771766.0,5.61,5.69,5.57,5.62,True,潮宏基,False
2018-10-10,38.39,38.57,37.85,38.21,29269.0,16273563.999999998,5.59,5.62,5.5,5.56,True,潮宏基,False
2018-10-11,37.55,37.55,34.91,35.63,76788.0,39392244.0,5.45,5.45,5.01,5.13,True,潮宏基,False
2018-10-12,35.63,35.93,34.43,35.21,50050.0,25325300.0,5.13,5.18,4.93,5.06,True,潮宏基,False
2018-10-15,35.45,35.45,34.61,35.27,46683.0,23668281.0,5.1,5.1,4.96,5.07,True,潮宏基,False
2018-10-16,35.27,35.39,33.59,33.83,35834.0,17307822.0,5.07,5.09,4.79,4.83,True,潮宏基,False
2018-10-17,34.19,34.55,33.89,34.31,33408.0,16403328.0,4.89,4.95,4.84,4.91,True,潮宏基,False
2018-10-18,34.31,34.31,32.87,33.53,35981.0,17198918.0,4.91,4.91,4.67,4.78,True,潮宏基,False
2018-10-19,32.93,34.25,32.69,34.07,28491.0,13875117.0,4.68,4.9,4.64,4.87,True,潮宏基,False
2018-10-22,34.73,35.99,34.67,35.45,59495.0,30342450.0,4.98,5.19,4.97,5.1,True,潮宏基,False
2018-10-23,35.63,35.93,35.03,35.45,45923.0,23420730.0,5.13,5.18,5.03,5.1,True,潮宏基,False
2018-10-24,35.03,35.45,34.49,34.91,54549.0,27329049.0,5.03,5.1,4.94,5.01,True,潮宏基,False
2018-10-25,33.95,35.39,33.71,35.21,103386.0,52313315.99999999,4.85,5.09,4.81,5.06,True,潮宏基,False
2018-10-26,34.91,35.09,34.25,34.61,85400.0,42358400.0,5.01,5.04,4.9,4.96,True,潮宏基,False
2018-10-29,34.73,34.73,33.41,33.65,53106.0,25490880.0,4.98,4.98,4.76,4.8,True,潮宏基,False
2018-10-30,33.65,33.89,33.17,33.47,64545.0,30787965.0,4.8,4.84,4.72,4.77,True,潮宏基,False
2018-10-31,33.53,34.49,33.41,33.71,79630.0,38302030.0,4.78,4.94,4.76,4.81,True,潮宏基,False
2018-11-01,34.07,35.15,33.71,34.61,117350.0,58205600.0,4.87,5.05,4.81,4.96,True,潮宏基,False
2018-11-02,34.61,37.43,34.61,37.07,191982.0,103094334.0,4.96,5.43,4.96,5.37,True,潮宏基,False
2018-11-05,36.71,37.01,35.51,36.29,144829.0,75890396.0,5.31,5.36,5.11,5.24,True,潮宏基,False
2018-11-06,36.05,36.35,35.45,35.93,69606.0,36055908.0,5.2,5.25,5.1,5.18,True,潮宏基,False
2018-11-07,35.87,36.23,35.39,36.05,96918.0,50397360.0,5.17,5.23,5.09,5.2,True,潮宏基,False
2018-11-08,36.05,36.05,35.03,35.45,73298.0,37381980.0,5.2,5.2,5.03,5.1,True,潮宏基,False
2018-11-09,35.21,35.57,34.97,35.09,45564.0,22964256.0,5.06,5.12,5.02,5.04,True,潮宏基,False
2018-11-12,35.03,36.29,34.85,36.05,97778.0,50844560.0,5.03,5.24,5.0,5.2,True,潮宏基,False
2018-11-13,35.87,37.43,35.51,36.77,170861.0,90898052.0,5.17,5.43,5.11,5.32,True,潮宏基,False
2018-11-14,37.13,37.73,36.71,36.89,126079.0,67326186.0,5.38,5.48,5.31,5.34,True,潮宏基,False
2018-11-15,36.89,37.55,36.65,37.49,121422.0,66053568.00000001,5.34,5.45,5.3,5.44,True,潮宏基,False
2018-11-16,37.55,37.91,36.59,37.67,172292.0,94243724.0,5.45,5.51,5.29,5.47,True,潮宏基,False
2018-11-19,37.67,37.85,37.01,37.37,112784.0,61128928.0,5.47,5.5,5.36,5.42,True,潮宏基,False
2018-11-20,37.31,37.37,36.29,36.53,110064.0,58113792.0,5.41,5.42,5.24,5.28,True,潮宏基,False
2018-11-21,35.99,36.59,35.75,36.35,81597.0,42838425.0,5.19,5.29,5.15,5.25,True,潮宏基,False
2018-11-22,36.59,36.83,36.29,36.41,68296.0,35923696.0,5.29,5.33,5.24,5.26,True,潮宏基,False
2018-11-23,36.29,36.41,34.19,34.37,125480.0,61736160.0,5.24,5.26,4.89,4.92,True,潮宏基,False
2018-11-26,34.31,34.43,33.47,33.77,99005.0,47720410.0,4.91,4.93,4.77,4.82,True,潮宏基,False
2018-11-27,33.83,34.07,33.41,33.71,89795.0,43191395.0,4.83,4.87,4.76,4.81,True,潮宏基,False
2018-11-28,33.71,33.95,33.11,33.95,91908.0,44575380.0,4.81,4.85,4.71,4.85,True,潮宏基,False
2018-11-29,34.13,34.61,33.23,33.47,140462.0,67000373.99999999,4.88,4.96,4.73,4.77,True,潮宏基,False
2018-11-30,33.05,33.95,32.75,33.83,108704.0,52504032.0,4.7,4.85,4.65,4.83,True,潮宏基,False
2018-12-03,34.49,34.79,34.01,34.43,164623.0,81159139.0,4.94,4.99,4.86,4.93,True,潮宏基,False
2018-12-04,34.43,34.97,34.25,34.85,128686.0,64343000.0,4.93,5.02,4.9,5.0,True,潮宏基,False
2018-12-05,34.31,35.03,34.19,34.61,110158.0,54638368.0,4.91,5.03,4.89,4.96,True,潮宏基,False
2018-12-06,34.49,34.73,33.89,33.89,76061.0,36813524.0,4.94,4.98,4.84,4.84,True,潮宏基,False
2018-12-07,34.07,34.37,33.89,34.25,51797.0,25380530.0,4.87,4.92,4.84,4.9,True,潮宏基,False
2018-12-10,33.89,34.37,33.23,33.41,78585.0,37406460.0,4.84,4.92,4.73,4.76,True,潮宏基,False
2018-12-11,33.53,35.15,33.53,34.37,145633.0,71651436.0,4.78,5.05,4.78,4.92,True,潮宏基,False
2018-12-12,34.43,34.97,33.83,34.01,118272.0,57480192.00000001,4.93,5.02,4.83,4.86,True,潮宏基,False
2018-12-13,34.13,34.55,33.65,34.13,78598.0,38355824.0,4.88,4.95,4.8,4.88,True,潮宏基,False
2018-12-14,34.25,34.37,33.11,33.41,78421.0,37328396.0,4.9,4.92,4.71,4.76,True,潮宏基,False
2018-12-17,33.17,33.47,32.27,33.35,77794.0,36952150.0,4.72,4.77,4.57,4.75,True,潮宏基,False
2018-12-18,33.11,33.83,32.93,33.47,71270.0,33995790.0,4.71,4.83,4.68,4.77,True,潮宏基,False
2018-12-19,33.35,33.53,32.93,33.11,54869.0,25843299.0,4.75,4.78,4.68,4.71,True,潮宏基,False
2018-12-20,32.99,33.29,32.75,33.05,46011.0,21625170.0,4.69,4.74,4.65,4.7,True,潮宏基,False
2018-12-21,33.11,33.41,32.63,33.05,58949.0,27706030.0,4.71,4.76,4.63,4.7,True,潮宏基,False
2018-12-24,33.05,33.29,32.69,33.23,41486.0,19622878.0,4.7,4.74,4.64,4.73,True,潮宏基,False
2018-12-25,33.05,33.05,31.61,32.63,88744.0,41088472.0,4.7,4.7,4.46,4.63,True,潮宏基,False
2018-12-26,32.45,32.63,32.09,32.33,79620.0,36465960.0,4.6,4.63,4.54,4.58,True,潮宏基,False
2018-12-27,32.69,32.81,31.67,31.79,69918.0,31393182.0,4.64,4.66,4.47,4.49,True,潮宏基,False
2018-12-28,31.73,31.85,31.31,31.67,69167.0,30917649.0,4.48,4.5,4.41,4.47,True,潮宏基,False
2019-01-02,31.67,31.67,31.25,31.31,39632.0,17477712.0,4.47,4.47,4.4,4.41,True,潮宏基,False
2019-01-03,31.31,31.97,31.19,31.85,70087.0,31539150.0,4.41,4.52,4.39,4.5,True,潮宏基,False
2019-01-04,31.49,32.45,31.43,32.39,95923.0,44028657.0,4.44,4.6,4.43,4.59,True,潮宏基,False
2019-01-07,32.39,32.93,32.21,32.75,81706.0,37993290.0,4.59,4.68,4.56,4.65,True,潮宏基,False
2019-01-08,32.57,33.29,32.51,33.05,65837.0,30943390.0,4.62,4.74,4.61,4.7,True,潮宏基,False
2019-01-09,32.81,33.35,32.81,32.87,81437.0,38031079.0,4.66,4.75,4.66,4.67,True,潮宏基,False
2019-01-10,32.69,33.35,32.69,33.05,68255.0,32079850.0,4.64,4.75,4.64,4.7,True,潮宏基,False
2019-01-11,33.05,33.35,32.75,33.35,89874.0,42690150.0,4.7,4.75,4.65,4.75,True,潮宏基,False
2019-01-14,33.59,33.59,32.99,33.11,51766.0,24381786.0,4.79,4.79,4.69,4.71,True,潮宏基,False
2019-01-15,33.23,34.01,33.11,33.95,102020.0,49479700.0,4.73,4.86,4.71,4.85,True,潮宏基,False
2019-01-16,33.95,34.25,33.59,33.77,71247.0,34341054.0,4.85,4.9,4.79,4.82,True,潮宏基,False
2019-01-17,34.01,34.07,33.71,33.89,52316.0,25320944.0,4.86,4.87,4.81,4.84,True,潮宏基,False
2019-01-18,33.71,33.95,33.23,33.77,53380.0,25729160.0,4.81,4.85,4.73,4.82,True,潮宏基,False
2019-01-21,33.83,33.89,33.41,33.59,46855.0,22443545.0,4.83,4.84,4.76,4.79,True,潮宏基,False
2019-01-22,33.59,33.71,32.99,33.29,44661.0,21169314.0,4.79,4.81,4.69,4.74,True,潮宏基,False
2019-01-23,33.23,33.41,32.63,32.81,41327.0,19258382.0,4.73,4.76,4.63,4.66,True,潮宏基,False
2019-01-24,32.75,33.35,32.69,33.11,61047.0,28753137.0,4.65,4.75,4.64,4.71,True,潮宏基,False
2019-01-25,33.29,33.35,32.51,32.69,59907.0,27796848.0,4.74,4.75,4.61,4.64,True,潮宏基,False
2019-01-28,32.81,32.93,32.45,32.57,43292.0,20000904.0,4.66,4.68,4.6,4.62,True,潮宏基,False
2019-01-29,32.45,32.51,31.19,31.55,74508.0,33156060.0,4.6,4.61,4.39,4.45,True,潮宏基,False
2019-01-30,31.61,31.61,30.83,30.83,61515.0,26635995.0,4.46,4.46,4.33,4.33,True,潮宏基,False
2019-01-31,28.31,29.21,28.25,28.43,211897.0,83275521.0,3.91,4.06,3.9,3.93,True,潮宏基,False
2019-02-01,28.55,29.57,28.25,29.33,97516.0,39786528.0,3.95,4.12,3.9,4.08,True,潮宏基,False
2019-02-11,29.51,30.17,29.21,29.81,105185.0,43756960.0,4.11,4.22,4.06,4.16,True,潮宏基,False
2019-02-12,29.81,31.01,29.75,30.35,89539.0,38054075.0,4.16,4.36,4.15,4.25,True,潮宏基,False
2019-02-13,30.47,31.73,30.23,31.31,132441.0,58406481.0,4.27,4.48,4.23,4.41,True,潮宏基,False
2019-02-14,31.61,31.79,31.07,31.31,76975.0,33945975.0,4.46,4.49,4.37,4.41,True,潮宏基,False
2019-02-15,31.19,31.43,31.01,31.07,66629.0,29116873.0,4.39,4.43,4.36,4.37,True,潮宏基,False
2019-02-18,31.25,32.39,31.25,32.09,102683.0,46618082.0,4.4,4.59,4.4,4.54,True,潮宏基,False
2019-02-19,31.97,32.69,31.91,32.33,105174.0,48169692.0,4.52,4.64,4.51,4.58,True,潮宏基,False
2019-02-20,32.21,32.99,32.15,32.57,91751.0,42388962.0,4.56,4.69,4.55,4.62,True,潮宏基,False
2019-02-21,32.33,33.05,32.03,32.39,141169.0,64796571.0,4.58,4.7,4.53,4.59,True,潮宏基,False
2019-02-22,32.39,34.55,31.79,33.95,253429.0,122913065.0,4.59,4.95,4.49,4.85,True,潮宏基,False
2019-02-25,33.35,35.69,33.11,35.21,351720.0,177970320.0,4.75,5.14,4.71,5.06,True,潮宏基,False
2019-02-26,34.73,35.51,34.25,34.55,260457.0,128926215.0,4.98,5.11,4.9,4.95,True,潮宏基,False
2019-02-27,34.25,34.91,34.01,34.37,146601.0,72127692.0,4.9,5.01,4.86,4.92,True,潮宏基,False
2019-02-28,34.43,34.67,34.13,34.37,95137.0,46807404.0,4.93,4.97,4.88,4.92,True,潮宏基,False
2019-03-01,34.43,34.97,34.19,34.55,124454.0,61604730.0,4.93,5.02,4.89,4.95,True,潮宏基,False
2019-03-04,34.55,35.15,34.55,34.79,186148.0,92887852.0,4.95,5.05,4.95,4.99,True,潮宏基,False
2019-03-05,34.73,35.57,34.61,35.45,185621.0,94666710.0,4.98,5.12,4.96,5.1,True,潮宏基,False
2019-03-06,35.87,36.83,35.81,36.71,283762.0,150677622.0,5.17,5.33,5.16,5.31,True,潮宏基,False
2019-03-07,36.53,38.03,36.23,37.43,240872.0,130793496.0,5.28,5.53,5.23,5.43,True,潮宏基,False
2019-03-08,36.95,37.31,35.27,35.33,242885.0,123385580.0,5.35,5.41,5.07,5.08,True,潮宏基,False
2019-03-11,35.33,36.89,35.33,36.77,139892.0,74422544.0,5.08,5.34,5.08,5.32,True,潮宏基,False
2019-03-12,37.13,37.55,36.35,37.01,195751.0,104922536.0,5.38,5.45,5.25,5.36,True,潮宏基,False
2019-03-13,36.83,37.49,35.63,35.99,184821.0,95922099.0,5.33,5.44,5.13,5.19,True,潮宏基,False
2019-03-14,35.99,36.83,35.03,35.15,202793.0,102410465.0,5.19,5.33,5.03,5.05,True,潮宏基,False
2019-03-15,35.87,35.93,35.21,35.57,154277.0,78989824.0,5.17,5.18,5.06,5.12,True,潮宏基,False
2019-03-18,35.75,36.05,35.45,36.05,146402.0,76129040.0,5.15,5.2,5.1,5.2,True,潮宏基,False
2019-03-19,36.17,37.13,36.05,36.71,170049.0,90296019.0,5.22,5.38,5.2,5.31,True,潮宏基,False
2019-03-20,36.47,37.01,36.17,36.65,141894.0,75203820.0,5.27,5.36,5.22,5.3,True,潮宏基,False
2019-03-21,36.65,37.43,36.41,37.07,209085.0,112278645.0,5.3,5.43,5.26,5.37,True,潮宏基,False
2019-03-22,36.89,36.95,36.11,36.65,122897.0,65135410.0,5.34,5.35,5.21,5.3,True,潮宏基,False
2019-03-25,36.05,37.37,35.87,36.59,163661.0,86576669.0,5.2,5.42,5.17,5.29,True,潮宏基,False
2019-03-26,36.83,36.95,35.03,35.27,156971.0,79584297.0,5.33,5.35,5.03,5.07,True,潮宏基,False
2019-03-27,35.51,35.87,34.67,35.51,104861.0,53583971.0,5.11,5.17,4.97,5.11,True,潮宏基,False
2019-03-28,35.63,36.17,35.33,35.45,112842.0,57549419.99999999,5.13,5.22,5.08,5.1,True,潮宏基,False
2019-03-29,35.57,36.23,34.55,35.99,142962.0,74197278.0,5.12,5.23,4.95,5.19,True,潮宏基,False
2019-04-01,36.23,39.11,36.11,38.51,410636.0,230366796.0,5.23,5.71,5.21,5.61,True,潮宏基,False
2019-04-02,38.57,38.81,37.79,38.45,230057.0,128831920.0,5.62,5.66,5.49,5.6,True,潮宏基,False
2019-04-03,38.09,38.81,38.03,38.33,187298.0,104512284.0,5.54,5.66,5.53,5.58,True,潮宏基,False
2019-04-04,38.33,38.75,38.09,38.51,172643.0,96852723.0,5.58,5.65,5.54,5.61,True,潮宏基,False
2019-04-08,38.51,38.87,37.19,37.67,196874.0,107690078.0,5.61,5.67,5.39,5.47,True,潮宏基,False
2019-04-09,37.73,37.91,37.25,37.61,108292.0,59127432.0,5.48,5.51,5.4,5.46,True,潮宏基,False
2019-04-10,37.43,38.57,37.01,38.03,146273.0,80888969.0,5.43,5.62,5.36,5.53,True,潮宏基,False
2019-04-11,37.91,38.21,36.89,37.13,129695.0,69775910.0,5.51,5.56,5.34,5.38,True,潮宏基,False
2019-04-12,36.89,37.31,36.77,37.01,74448.0,39904128.0,5.34,5.41,5.32,5.36,True,潮宏基,False
2019-04-15,37.37,37.55,36.05,36.35,125574.0,65926350.0,5.42,5.45,5.2,5.25,True,潮宏基,False
2019-04-16,36.23,36.71,35.63,36.53,127641.0,67394448.0,5.23,5.31,5.13,5.28,True,潮宏基,False
2019-04-17,36.59,37.73,36.47,37.55,164917.0,89879765.0,5.29,5.48,5.27,5.45,True,潮宏基,False
2019-04-18,37.43,37.79,36.89,37.01,134323.0,71997128.0,5.43,5.49,5.34,5.36,True,潮宏基,False
2019-04-19,37.19,37.19,36.17,36.77,102668.0,54619376.0,5.39,5.39,5.22,5.32,True,潮宏基,False
2019-04-22,36.95,37.25,36.23,36.47,100113.0,52759550.99999999,5.35,5.4,5.23,5.27,True,潮宏基,False
2019-04-23,36.35,36.35,35.21,35.39,123882.0,63055938.0,5.25,5.25,5.06,5.09,True,潮宏基,False
2019-04-24,35.51,35.99,35.09,35.87,73832.0,38171144.0,5.11,5.19,5.04,5.17,True,潮宏基,False
2019-04-25,35.93,35.93,34.13,34.31,131112.0,64375992.0,5.18,5.18,4.88,4.91,True,潮宏基,False
2019-04-26,34.19,34.37,33.23,33.65,98897.0,47470560.0,4.89,4.92,4.73,4.8,True,潮宏基,False
2019-04-29,33.83,33.95,32.33,32.57,100408.0,46388496.0,4.83,4.85,4.58,4.62,True,潮宏基,False
2019-04-30,32.57,33.53,32.57,33.47,81671.0,38957067.0,4.62,4.78,4.62,4.77,True,潮宏基,False
2019-05-06,32.75,33.17,30.77,31.25,137716.0,60595040.00000001,4.65,4.72,4.32,4.4,True,潮宏基,False
2019-05-07,31.31,31.97,31.13,31.61,87641.0,39087886.0,4.41,4.52,4.38,4.46,True,潮宏基,False
2019-05-08,31.13,32.57,30.95,32.15,125147.0,56941885.0,4.38,4.62,4.35,4.55,True,潮宏基,False
2019-05-09,31.67,31.97,31.31,31.37,79419.0,35103198.0,4.47,4.52,4.41,4.42,True,潮宏基,False
2019-05-10,31.73,32.15,30.77,32.03,98173.0,44472369.0,4.48,4.55,4.32,4.53,True,潮宏基,False
2019-05-13,31.61,31.97,31.49,31.91,55070.0,24836570.0,4.46,4.52,4.44,4.51,True,潮宏基,False
2019-05-14,31.61,33.05,31.61,32.45,125852.0,57891919.99999999,4.46,4.7,4.46,4.6,True,潮宏基,False
2019-05-15,32.15,32.75,32.15,32.51,96320.0,44403520.0,4.55,4.65,4.55,4.61,True,潮宏基,False
2019-05-16,32.51,32.81,32.21,32.69,81986.0,38041504.0,4.61,4.66,4.56,4.64,True,潮宏基,False
2019-05-17,32.51,32.63,31.25,31.49,90414.0,40143816.0,4.61,4.63,4.4,4.44,True,潮宏基,False
2019-05-20,31.49,31.61,30.65,31.13,66971.0,29333298.0,4.44,4.46,4.3,4.38,True,潮宏基,False
2019-05-21,31.13,31.67,30.95,31.49,56326.0,25008744.000000004,4.38,4.47,4.35,4.44,True,潮宏基,False
2019-05-22,31.55,31.67,31.25,31.37,57395.0,25368590.0,4.45,4.47,4.4,4.42,True,潮宏基,False
2019-05-23,31.37,31.37,30.41,30.59,63753.0,27350037.0,4.42,4.42,4.26,4.29,True,潮宏基,False
2019-05-24,30.83,30.89,30.17,30.59,56071.0,24054459.0,4.33,4.34,4.22,4.29,True,潮宏基,False
2019-05-27,30.59,31.25,30.35,31.13,57615.0,25235370.0,4.29,4.4,4.25,4.38,True,潮宏基,False
2019-05-28,31.13,31.25,30.77,31.01,51719.0,22549484.0,4.38,4.4,4.32,4.36,True,潮宏基,False
2019-05-29,30.95,31.07,30.71,30.89,53974.0,23424716.0,4.35,4.37,4.31,4.34,True,潮宏基,False
2019-05-30,30.65,30.83,30.17,30.59,58788.0,25220052.0,4.3,4.33,4.22,4.29,True,潮宏基,False
2019-05-31,30.59,30.77,30.23,30.53,60014.0,25685992.0,4.29,4.32,4.23,4.28,True,潮宏基,False
2019-06-03,30.41,31.07,30.17,30.59,131175.0,56274075.0,4.26,4.37,4.22,4.29,True,潮宏基,False
2019-06-04,30.71,31.01,29.27,29.51,139243.0,57228873.00000001,4.31,4.36,4.07,4.11,True,潮宏基,False
2019-06-05,29.75,29.87,29.27,29.45,94969.0,38937290.0,4.15,4.17,4.07,4.1,True,潮宏基,False
2019-06-06,29.33,29.57,28.79,28.85,115314.0,46125600.0,4.08,4.12,3.99,4.0,True,潮宏基,False
2019-06-10,28.91,29.33,28.85,29.09,75376.0,30451904.0,4.01,4.08,4.0,4.04,True,潮宏基,False
2019-06-11,29.09,30.05,28.91,29.87,121396.0,50622132.0,4.04,4.2,4.01,4.17,True,潮宏基,False
2019-06-12,29.75,31.55,29.63,31.07,214370.0,93679690.0,4.15,4.45,4.13,4.37,True,潮宏基,False
2019-06-13,30.77,31.01,30.35,30.59,142726.0,61229454.0,4.32,4.36,4.25,4.29,True,潮宏基,False
2019-06-14,30.71,32.57,30.41,31.67,316929.0,141667263.0,4.31,4.62,4.26,4.47,True,潮宏基,False
2019-06-17,31.43,32.15,31.01,31.19,206589.0,90692571.0,4.43,4.55,4.36,4.39,True,潮宏基,False
2019-06-18,31.13,31.97,30.17,31.67,279960.0,125142120.0,4.38,4.52,4.22,4.47,True,潮宏基,False
2019-06-19,31.13,32.75,31.07,31.79,319563.0,143483787.0,4.38,4.65,4.37,4.49,True,潮宏基,False
2019-06-20,32.63,34.13,32.09,32.75,410258.0,190769970.0,4.63,4.88,4.54,4.65,True,潮宏基,False
2019-06-21,32.93,34.49,32.33,33.77,433455.0,208925310.0,4.68,4.94,4.58,4.82,True,潮宏基,False
2019-06-24,33.95,34.43,33.29,33.59,277927.0,133127033.0,4.85,4.93,4.74,4.79,True,潮宏基,False
2019-06-25,34.01,35.87,33.59,34.55,510867.0,252879165.0,4.86,5.17,4.79,4.95,True,潮宏基,False
2019-06-26,33.65,33.71,32.45,32.63,300222.0,139002786.0,4.8,4.81,4.6,4.63,True,潮宏基,False
2019-06-27,32.45,32.99,32.33,32.57,157513.0,72771006.0,4.6,4.69,4.58,4.62,True,潮宏基,False
2019-06-28,32.81,33.29,32.15,32.15,212321.0,96606055.0,4.66,4.74,4.55,4.55,True,潮宏基,False
2019-07-01,31.91,32.57,31.61,32.51,172810.0,79665410.0,4.51,4.62,4.46,4.61,True,潮宏基,False
2019-07-02,32.39,32.75,31.97,32.45,150181.0,69083260.0,4.59,4.65,4.52,4.6,True,潮宏基,False
2019-07-03,33.23,33.41,32.33,32.63,176697.0,81810711.0,4.73,4.76,4.58,4.63,True,潮宏基,False
2019-07-04,32.45,33.11,32.15,32.27,143093.0,65393501.00000001,4.6,4.71,4.55,4.57,True,潮宏基,False
2019-07-05,32.27,32.33,31.67,32.09,111486.0,50614644.0,4.57,4.58,4.47,4.54,True,潮宏基,False
2019-07-08,31.73,31.73,30.29,30.41,163100.0,69480600.0,4.48,4.48,4.24,4.26,True,潮宏基,False
2019-07-09,30.23,30.47,30.05,30.41,72696.0,30968496.0,4.23,4.27,4.2,4.26,True,潮宏基,False
2019-07-10,30.35,30.47,29.75,29.99,74239.0,31106141.000000004,4.25,4.27,4.15,4.19,True,潮宏基,False
2019-07-11,30.47,31.19,30.29,30.77,144195.0,62292240.00000001,4.27,4.39,4.24,4.32,True,潮宏基,False
2019-07-12,30.41,30.53,30.11,30.23,100329.0,42439167.00000001,4.26,4.28,4.21,4.23,True,潮宏基,False
2019-07-15,30.23,30.29,29.39,29.99,132058.0,55332302.00000001,4.23,4.24,4.09,4.19,True,潮宏基,False
2019-07-16,30.35,30.65,30.17,30.47,113137.0,48309498.99999999,4.25,4.3,4.22,4.27,True,潮宏基,False
2019-07-17,30.35,30.47,30.17,30.35,69201.0,29410425.0,4.25,4.27,4.22,4.25,True,潮宏基,False
2019-07-18,30.53,30.89,30.05,30.05,110393.0,46365060.0,4.28,4.34,4.2,4.2,True,潮宏基,False
2019-07-19,30.41,30.59,30.17,30.23,118038.0,49930074.00000001,4.26,4.29,4.22,4.23,True,潮宏基,False
2019-07-22,29.87,29.93,28.91,29.39,106979.0,43754411.0,4.17,4.18,4.01,4.09,True,潮宏基,False
2019-07-23,29.45,29.75,29.21,29.69,70829.0,29323206.0,4.1,4.15,4.06,4.14,True,潮宏基,False
2019-07-24,29.75,30.05,29.57,29.93,86782.0,36274876.0,4.15,4.2,4.12,4.18,True,潮宏基,False
2019-07-25,29.75,29.99,29.63,29.81,54910.0,22842560.0,4.15,4.19,4.13,4.16,True,潮宏基,False
2019-07-26,29.69,29.87,29.45,29.81,41015.0,17062240.0,4.14,4.17,4.1,4.16,True,潮宏基,False
2019-07-29,29.81,30.71,29.75,30.47,118952.0,50792503.99999999,4.16,4.31,4.15,4.27,True,潮宏基,False
2019-07-30,30.35,30.65,30.17,30.59,90952.0,39018408.0,4.25,4.3,4.22,4.29,True,潮宏基,False
2019-07-31,30.41,30.77,30.05,30.65,81494.0,35042420.0,4.26,4.32,4.2,4.3,True,潮宏基,False
2019-08-01,30.11,30.35,29.99,30.05,72346.0,30385320.0,4.21,4.25,4.19,4.2,True,潮宏基,False
2019-08-02,30.29,30.29,29.69,29.75,90915.0,37729725.0,4.24,4.24,4.14,4.15,True,潮宏基,False
2019-08-05,29.69,30.95,29.57,30.71,218565.0,94201515.0,4.14,4.35,4.12,4.31,True,潮宏基,False
2019-08-06,30.71,30.71,29.27,29.57,164372.0,67721264.0,4.31,4.31,4.07,4.12,True,潮宏基,False
2019-08-07,29.81,30.23,29.69,29.81,125921.0,52383136.0,4.16,4.23,4.14,4.16,True,潮宏基,False
2019-08-08,30.05,32.33,29.81,32.03,442298.0,200360994.0,4.2,4.58,4.16,4.53,True,潮宏基,False
2019-08-09,31.19,33.29,31.19,32.39,511741.0,234889119.0,4.39,4.74,4.39,4.59,True,潮宏基,False
2019-08-12,31.91,32.81,31.55,32.15,260933.0,118724515.0,4.51,4.66,4.45,4.55,True,潮宏基,False
2019-08-13,33.23,33.53,32.27,33.05,418258.0,196581260.0,4.73,4.78,4.57,4.7,True,潮宏基,False
2019-08-14,32.15,32.39,31.79,32.15,247954.0,112819070.0,4.55,4.59,4.49,4.55,True,潮宏基,False
2019-08-15,32.45,32.87,31.73,31.79,262807.0,118000343.0,4.6,4.67,4.48,4.49,True,潮宏基,False
2019-08-16,31.85,32.03,31.37,31.67,220257.0,98454879.0,4.5,4.53,4.42,4.47,True,潮宏基,False
2019-08-19,31.49,32.09,31.31,32.03,191474.0,86737722.0,4.44,4.54,4.41,4.53,True,潮宏基,False
2019-08-20,31.73,32.45,31.61,32.33,212895.0,97505910.0,4.48,4.6,4.46,4.58,True,潮宏基,False
2019-08-21,32.21,32.45,31.67,31.85,169293.0,76181850.0,4.56,4.6,4.47,4.5,True,潮宏基,False
2019-08-22,31.85,31.85,31.49,31.67,97517.0,43590099.0,4.5,4.5,4.44,4.47,True,潮宏基,False
2019-08-23,31.67,32.03,31.43,31.67,118216.0,52842552.0,4.47,4.53,4.43,4.47,True,潮宏基,False
2019-08-26,32.15,32.63,31.85,31.97,208946.0,94443592.0,4.55,4.63,4.5,4.52,True,潮宏基,False
2019-08-27,31.67,32.27,31.49,32.21,206944.0,94366464.0,4.47,4.57,4.44,4.56,True,潮宏基,False
2019-08-28,32.21,32.69,31.97,32.09,195777.0,88882758.0,4.56,4.64,4.52,4.54,True,潮宏基,False
2019-08-29,31.91,32.57,31.61,32.57,208905.0,96514110.0,4.51,4.62,4.46,4.62,True,潮宏基,False
2019-08-30,32.15,32.45,31.79,31.79,175808.0,78937792.0,4.55,4.6,4.49,4.49,True,潮宏基,False
2019-09-02,31.79,31.91,31.55,31.79,129688.0,58229912.0,4.49,4.51,4.45,4.49,True,潮宏基,False
2019-09-03,31.85,31.85,31.43,31.61,111140.0,49568440.0,4.5,4.5,4.43,4.46,True,潮宏基,False
2019-09-04,31.85,32.03,31.55,31.79,150346.0,67505354.0,4.5,4.53,4.45,4.49,True,潮宏基,False
2019-09-05,31.79,32.39,31.73,32.27,254110.0,116128270.0,4.49,4.59,4.48,4.57,True,潮宏基,False
2019-09-06,31.97,32.09,31.61,31.73,173194.0,77590912.0,4.52,4.54,4.46,4.48,True,潮宏基,False
2019-09-09,31.73,32.09,31.67,32.09,140368.0,63727072.0,4.48,4.54,4.47,4.54,True,潮宏基,False
2019-09-10,31.97,32.21,31.79,32.15,133995.0,60967725.0,4.52,4.56,4.49,4.55,True,潮宏基,False
2019-09-11,32.09,32.15,31.91,31.97,111662.0,50471223.99999999,4.54,4.55,4.51,4.52,True,潮宏基,False
2019-09-12,31.91,31.97,31.55,31.73,122745.0,54989760.00000001,4.51,4.52,4.45,4.48,True,潮宏基,False
2019-09-16,31.85,31.97,31.31,31.91,223935.0,100994685.0,4.5,4.52,4.41,4.51,True,潮宏基,False
2019-09-17,31.67,31.73,30.83,30.83,174759.0,75670647.0,4.47,4.48,4.33,4.33,True,潮宏基,False
2019-09-18,30.83,30.95,30.47,30.53,113418.0,48542904.0,4.33,4.35,4.27,4.28,True,潮宏基,False
2019-09-19,30.59,30.59,30.35,30.59,86251.0,37001679.0,4.29,4.29,4.25,4.29,True,潮宏基,False
2019-09-20,30.65,30.77,30.47,30.53,75484.0,32307152.000000004,4.3,4.32,4.27,4.28,True,潮宏基,False
2019-09-23,30.65,30.65,29.93,30.11,100170.0,42171570.0,4.3,4.3,4.18,4.21,True,潮宏基,False
2019-09-24,30.23,30.35,30.11,30.23,65142.0,27555066.000000004,4.23,4.25,4.21,4.23,True,潮宏基,False
2019-09-25,30.17,30.41,29.81,29.87,80420.0,33535140.0,4.22,4.26,4.16,4.17,True,潮宏基,False
2019-09-26,29.81,29.93,29.33,29.39,101683.0,41588347.0,4.16,4.18,4.08,4.09,True,潮宏基,False
2019-09-27,29.27,29.63,29.21,29.51,46972.0,19305492.0,4.07,4.13,4.06,4.11,True,潮宏基,False
2019-09-30,29.51,29.69,29.39,29.51,40949.0,16830039.0,4.11,4.14,4.09,4.11,True,潮宏基,False
2019-10-08,29.51,29.75,29.45,29.63,40032.0,16533216.0,4.11,4.15,4.1,4.13,True,潮宏基,False
2019-10-09,29.57,29.87,29.45,29.87,54007.0,22520919.0,4.12,4.17,4.1,4.17,True,潮宏基,False
2019-10-10,29.93,29.93,29.75,29.87,50249.0,20953833.0,4.18,4.18,4.15,4.17,True,潮宏基,False
2019-10-11,29.81,29.87,29.45,29.81,62884.0,26159744.0,4.16,4.17,4.1,4.16,True,潮宏基,False
2019-10-14,29.81,30.05,29.69,30.05,84158.0,35346360.0,4.16,4.2,4.14,4.2,True,潮宏基,False
2019-10-15,29.99,29.99,29.69,29.81,46820.0,19477120.0,4.19,4.19,4.14,4.16,True,潮宏基,False
2019-10-16,29.75,29.87,29.51,29.51,45358.0,18642138.0,4.15,4.17,4.11,4.11,True,潮宏基,False
2019-10-17,29.45,29.69,29.45,29.57,26513.0,10923356.0,4.1,4.14,4.1,4.12,True,潮宏基,False
2019-10-18,29.51,29.69,29.21,29.27,44478.0,18102546.0,4.11,4.14,4.06,4.07,True,潮宏基,False
2019-10-21,29.21,29.27,28.97,29.21,36449.0,14798293.999999998,4.06,4.07,4.02,4.06,True,潮宏基,False
2019-10-22,29.21,29.99,29.09,29.87,96688.0,40318896.0,4.06,4.19,4.04,4.17,True,潮宏基,False
2019-10-23,30.35,30.47,29.63,29.75,91819.0,38104885.0,4.25,4.27,4.13,4.15,True,潮宏基,False
2019-10-24,29.51,29.87,29.45,29.45,60052.0,24621320.0,4.11,4.17,4.1,4.1,True,潮宏基,False
2019-10-25,29.57,29.81,29.39,29.63,67721.0,27968773.0,4.12,4.16,4.09,4.13,True,潮宏基,False
2019-10-28,29.51,29.87,29.33,29.87,101833.0,42464361.0,4.11,4.17,4.08,4.17,True,潮宏基,False
2019-10-29,29.75,29.75,29.33,29.33,63484.0,25901472.0,4.15,4.15,4.08,4.08,True,潮宏基,False
2019-10-30,29.33,29.33,29.09,29.21,55778.0,22645868.0,4.08,4.08,4.04,4.06,True,潮宏基,False
2019-10-31,29.27,29.63,29.09,29.09,68551.0,27694604.0,4.07,4.13,4.04,4.04,True,潮宏基,False
2019-11-01,29.15,29.39,29.03,29.33,49096.0,20031168.0,4.05,4.09,4.03,4.08,True,潮宏基,False
2019-11-04,29.27,29.39,29.15,29.27,46304.0,18845728.0,4.07,4.09,4.05,4.07,True,潮宏基,False
2019-11-05,29.21,29.27,28.97,29.27,54667.0,22249469.0,4.06,4.07,4.02,4.07,True,潮宏基,False
2019-11-06,28.91,28.91,28.31,28.37,139503.0,54685176.0,4.01,4.01,3.91,3.92,True,潮宏基,False
2019-11-07,28.31,28.37,28.13,28.19,58008.0,22565112.0,3.91,3.92,3.88,3.89,True,潮宏基,False
2019-11-08,28.19,28.37,28.19,28.25,45814.0,17867460.0,3.89,3.92,3.89,3.9,True,潮宏基,False
2019-11-11,28.19,28.25,27.35,27.53,68277.0,25808706.0,3.89,3.9,3.75,3.78,True,潮宏基,False
2019-11-12,27.59,27.59,27.05,27.41,41658.0,15663408.0,3.79,3.79,3.7,3.76,True,潮宏基,False
2019-11-13,27.35,27.89,27.29,27.77,70677.0,26998614.0,3.75,3.84,3.74,3.82,True,潮宏基,False
2019-11-14,27.65,27.77,27.47,27.77,44952.0,17171664.0,3.8,3.82,3.77,3.82,True,潮宏基,False
2019-11-15,27.65,27.71,27.35,27.53,43817.0,16562826.0,3.8,3.81,3.75,3.78,True,潮宏基,False
2019-11-18,27.53,27.53,27.17,27.47,28746.0,10837242.0,3.78,3.78,3.72,3.77,True,潮宏基,False
2019-11-19,27.47,27.83,27.41,27.83,52872.0,20249976.0,3.77,3.83,3.76,3.83,True,潮宏基,False
2019-11-20,27.77,28.31,27.59,28.25,98007.0,38222730.0,3.82,3.91,3.79,3.9,True,潮宏基,False
2019-11-21,28.07,28.13,27.71,27.95,67356.0,25932060.0,3.87,3.88,3.81,3.85,True,潮宏基,False
2019-11-22,27.71,28.25,27.71,28.01,91746.0,35413956.0,3.81,3.9,3.81,3.86,True,潮宏基,False
2019-11-25,27.77,28.01,27.71,27.89,70005.0,26881920.0,3.82,3.86,3.81,3.84,True,潮宏基,False
2019-11-26,27.83,28.01,27.77,27.77,58121.0,22202222.0,3.83,3.86,3.82,3.82,True,潮宏基,False
2019-11-27,27.71,27.83,27.47,27.65,61103.0,23219140.0,3.81,3.83,3.77,3.8,True,潮宏基,False
2019-11-28,27.65,27.83,27.47,27.83,48580.0,18606140.0,3.8,3.83,3.77,3.83,True,潮宏基,False
2019-11-29,27.71,27.89,27.59,27.83,57361.0,21969263.0,3.81,3.84,3.79,3.83,True,潮宏基,False
2019-12-02,27.83,28.19,27.71,28.13,70780.0,27462640.0,3.83,3.89,3.81,3.88,True,潮宏基,False
2019-12-03,27.95,28.25,27.89,28.13,65284.0,25330192.0,3.85,3.9,3.84,3.88,True,潮宏基,False
2019-12-04,28.07,28.67,28.07,28.55,111044.0,43862380.0,3.87,3.97,3.87,3.95,True,潮宏基,False
2019-12-05,28.43,28.43,28.07,28.31,78153.0,30557823.0,3.93,3.93,3.87,3.91,True,潮宏基,False
2019-12-06,28.25,28.31,28.13,28.25,48663.0,18978570.0,3.9,3.91,3.88,3.9,True,潮宏基,False
2019-12-09,28.25,28.25,28.01,28.13,50463.0,19579644.0,3.9,3.9,3.86,3.88,True,潮宏基,False
2019-12-10,28.13,28.37,28.01,28.25,112410.0,43839900.0,3.88,3.92,3.86,3.9,True,潮宏基,False
2019-12-11,28.25,28.31,27.89,27.95,80019.0,30807315.0,3.9,3.91,3.84,3.85,True,潮宏基,False
2019-12-12,27.95,27.95,27.65,27.65,72844.0,27680720.0,3.85,3.85,3.8,3.8,True,潮宏基,False
2019-12-13,27.65,27.83,27.65,27.83,45412.0,17392796.0,3.8,3.83,3.8,3.83,True,潮宏基,False
2019-12-16,27.83,28.13,27.77,28.07,89510.0,34640370.0,3.83,3.88,3.82,3.87,True,潮宏基,False
2019-12-17,28.13,28.55,28.01,28.43,122333.0,48076869.0,3.88,3.95,3.86,3.93,True,潮宏基,False
2019-12-18,28.43,28.55,28.37,28.43,83249.0,32716857.0,3.93,3.95,3.92,3.93,True,潮宏基,False
2019-12-19,28.49,28.61,28.31,28.55,103846.0,41019170.0,3.94,3.96,3.91,3.95,True,潮宏基,False
2019-12-20,28.55,28.79,28.49,28.49,115520.0,45514880.0,3.95,3.99,3.94,3.94,True,潮宏基,False
2019-12-23,28.49,28.61,28.01,28.07,91662.0,35473194.0,3.94,3.96,3.86,3.87,True,潮宏基,False
2019-12-24,28.07,28.37,28.07,28.31,65018.0,25422038.0,3.87,3.92,3.87,3.91,True,潮宏基,False
2019-12-25,28.37,28.55,28.31,28.49,78501.0,30929394.0,3.92,3.95,3.91,3.94,True,潮宏基,False
2019-12-26,28.37,28.97,28.31,28.79,124680.0,49747320.0,3.92,4.02,3.91,3.99,True,潮宏基,False
2019-12-27,28.73,29.21,28.73,28.85,138775.0,55510000.0,3.98,4.06,3.98,4.0,True,潮宏基,False
2019-12-30,28.79,28.85,28.43,28.73,95648.0,38067904.0,3.99,4.0,3.93,3.98,True,潮宏基,False
2019-12-31,28.85,29.09,28.73,29.03,84756.0,34156668.0,4.0,4.04,3.98,4.03,True,潮宏基,False
2020-01-02,29.21,30.05,29.09,29.63,215807.0,89128291.0,4.06,4.2,4.04,4.13,True,潮宏基,False
2020-01-03,29.87,30.71,29.69,30.47,304513.0,130027051.0,4.17,4.31,4.14,4.27,True,潮宏基,False
2020-01-06,31.01,31.73,30.53,31.31,443302.0,195496182.0,4.36,4.48,4.28,4.41,True,潮宏基,False
2020-01-07,30.71,30.89,30.47,30.77,226468.0,97834176.0,4.31,4.34,4.27,4.32,True,潮宏基,False
2020-01-08,31.31,31.49,30.35,30.83,336561.0,145730913.0,4.41,4.44,4.25,4.33,True,潮宏基,False
2020-01-09,30.05,30.41,29.93,30.23,198550.0,83986650.00000001,4.2,4.26,4.18,4.23,True,潮宏基,False
2020-01-10,30.29,30.53,29.99,30.53,122870.0,52588360.0,4.24,4.28,4.19,4.28,True,潮宏基,False
2020-01-13,30.47,30.47,30.11,30.29,113031.0,47925144.0,4.27,4.27,4.21,4.24,True,潮宏基,False
2020-01-14,30.29,30.59,30.05,30.29,121254.0,51411696.0,4.24,4.29,4.2,4.24,True,潮宏基,False
2020-01-15,30.23,30.29,29.81,29.93,95510.0,39923180.0,4.23,4.24,4.16,4.18,True,潮宏基,False
2020-01-16,30.05,30.05,29.51,29.51,82010.0,33706110.0,4.2,4.2,4.11,4.11,True,潮宏基,False
2020-01-17,29.63,29.93,29.57,29.57,72090.0,29701080.0,4.13,4.18,4.12,4.12,True,潮宏基,False
2020-01-20,29.63,29.81,29.45,29.81,81543.0,33921888.0,4.13,4.16,4.1,4.16,True,潮宏基,False
2020-01-21,29.69,29.87,29.33,29.63,87541.0,36154433.0,4.14,4.17,4.08,4.13,True,潮宏基,False
2020-01-22,29.39,29.75,29.21,29.75,83389.0,34606435.0,4.09,4.15,4.06,4.15,True,潮宏基,False
2020-01-23,29.57,29.63,28.67,28.85,82754.0,33101600.0,4.12,4.13,3.97,4.0,True,潮宏基,False
2020-02-03,26.45,26.45,26.45,26.45,37842.0,13623120.0,3.6,3.6,3.6,3.6,True,潮宏基,False
2020-02-04,24.29,26.51,24.29,26.51,172972.0,62442892.0,3.24,3.61,3.24,3.61,True,潮宏基,False
2020-02-05,26.03,27.47,26.03,26.75,110561.0,40354765.0,3.53,3.77,3.53,3.65,True,潮宏基,False
2020-02-06,26.57,26.99,26.27,26.87,87389.0,32071763.0,3.62,3.69,3.57,3.67,True,潮宏基,False
2020-02-07,26.87,26.93,26.33,26.81,98846.0,36177636.0,3.67,3.68,3.58,3.66,True,潮宏基,False
2020-02-10,26.57,27.23,26.51,27.17,93406.0,34747032.0,3.62,3.73,3.61,3.72,True,潮宏基,False
2020-02-11,27.11,27.35,26.99,26.99,69023.0,25469487.0,3.71,3.75,3.69,3.69,True,潮宏基,False
2020-02-12,27.05,27.29,26.87,27.17,95765.0,35624580.0,3.7,3.74,3.67,3.72,True,潮宏基,False
2020-02-13,27.11,27.17,26.81,26.87,68908.0,25289236.0,3.71,3.72,3.66,3.67,True,潮宏基,False
2020-02-14,26.87,26.93,26.51,26.63,61452.0,22307076.0,3.67,3.68,3.61,3.63,True,潮宏基,False
2020-02-17,26.75,27.29,26.63,27.17,118210.0,43974120.0,3.65,3.74,3.63,3.72,True,潮宏基,False
2020-02-18,27.17,27.77,27.17,27.65,111873.0,42511740.0,3.72,3.82,3.72,3.8,True,潮宏基,False
2020-02-19,27.89,28.49,27.83,28.01,150784.0,58202624.0,3.84,3.94,3.83,3.86,True,潮宏基,False
2020-02-20,28.07,28.55,27.89,28.43,132502.0,52073286.0,3.87,3.95,3.84,3.93,True,潮宏基,False
2020-02-21,28.61,28.91,28.37,28.61,149453.0,59183388.0,3.96,4.01,3.92,3.96,True,潮宏基,False
2020-02-24,28.79,28.97,28.19,28.43,154536.0,60732648.0,3.99,4.02,3.89,3.93,True,潮宏基,False
2020-02-25,27.83,28.13,27.41,27.95,168228.0,64767780.0,3.83,3.88,3.76,3.85,True,潮宏基,False
2020-02-26,27.47,28.01,27.41,27.71,120994.0,46098714.0,3.77,3.86,3.76,3.81,True,潮宏基,False
2020-02-27,27.77,27.95,27.65,27.83,115657.0,44296631.0,3.82,3.85,3.8,3.83,True,潮宏基,False
2020-02-28,27.41,27.41,26.33,26.39,166136.0,59642824.0,3.76,3.76,3.58,3.59,True,潮宏基,False
2020-03-02,26.27,27.05,26.27,26.99,112594.0,41547186.0,3.57,3.7,3.57,3.69,True,潮宏基,False
2020-03-03,27.05,27.41,26.81,26.93,109151.0,40167568.0,3.7,3.76,3.66,3.68,True,潮宏基,False
2020-03-04,27.05,27.29,26.93,27.23,104778.0,39082194.0,3.7,3.74,3.68,3.73,True,潮宏基,False
2020-03-05,27.41,28.01,27.23,28.01,139729.0,53935394.0,3.76,3.86,3.73,3.86,True,潮宏基,False
2020-03-06,27.89,28.37,27.83,28.07,133497.0,51663339.0,3.84,3.92,3.83,3.87,True,潮宏基,False
2020-03-09,28.07,28.07,27.11,27.17,129836.0,48298992.0,3.87,3.87,3.71,3.72,True,潮宏基,False
2020-03-10,26.63,27.47,26.39,27.47,123283.0,46477691.0,3.63,3.77,3.59,3.77,True,潮宏基,False
2020-03-11,27.53,27.95,27.47,27.53,129997.0,49138866.0,3.78,3.85,3.77,3.78,True,潮宏基,False
2020-03-12,27.17,27.23,26.75,26.93,85182.0,31346976.0,3.72,3.73,3.65,3.68,True,潮宏基,False
2020-03-13,25.85,26.63,25.31,26.39,116924.0,41975716.0,3.5,3.63,3.41,3.59,True,潮宏基,False
2020-03-16,26.63,26.69,25.73,25.79,105593.0,36851957.0,3.63,3.64,3.48,3.49,True,潮宏基,False
2020-03-17,25.73,26.03,24.71,25.55,90588.0,31252860.0,3.48,3.53,3.31,3.45,True,潮宏基,False
2020-03-18,25.85,25.85,25.13,25.19,70630.0,23943570.0,3.5,3.5,3.38,3.39,True,潮宏基,False
2020-03-19,25.07,25.43,24.77,25.31,79978.0,27272498.0,3.37,3.43,3.32,3.41,True,潮宏基,False
2020-03-20,25.49,25.73,25.25,25.67,82375.0,28584125.0,3.44,3.48,3.4,3.47,True,潮宏基,False
2020-03-23,25.25,25.31,24.89,24.95,56354.0,18878590.0,3.4,3.41,3.34,3.35,True,潮宏基,False
2020-03-24,25.73,25.85,25.13,25.61,123733.0,42811618.0,3.48,3.5,3.38,3.46,True,潮宏基,False
2020-03-25,26.27,26.39,25.85,26.09,110688.0,39183552.0,3.57,3.59,3.5,3.54,True,潮宏基,False
2020-03-26,26.09,26.51,25.85,26.09,112256.0,39738624.0,3.54,3.61,3.5,3.54,True,潮宏基,False
2020-03-27,26.09,27.35,26.09,26.27,162128.0,57879696.0,3.54,3.75,3.54,3.57,True,潮宏基,False
2020-03-30,25.79,25.79,25.19,25.43,106086.0,36387498.0,3.49,3.49,3.39,3.43,True,潮宏基,False
2020-03-31,25.67,25.79,25.31,25.31,80298.0,27381618.0,3.47,3.49,3.41,3.41,True,潮宏基,False
2020-04-01,25.37,25.73,25.07,25.61,117192.0,40548432.0,3.42,3.48,3.37,3.46,True,潮宏基,False
2020-04-02,25.13,25.61,25.07,25.55,93787.0,32356515.0,3.38,3.46,3.37,3.45,True,潮宏基,False
2020-04-03,25.49,26.09,25.31,25.85,136448.0,47756800.0,3.44,3.54,3.41,3.5,True,潮宏基,False
2020-04-07,26.21,26.63,25.97,26.63,165926.0,60231138.0,3.56,3.63,3.52,3.63,True,潮宏基,False
2020-04-08,26.45,26.81,26.15,26.69,129407.0,47104148.0,3.6,3.66,3.55,3.64,True,潮宏基,False
2020-04-09,26.63,26.75,26.45,26.57,89584.0,32429408.0,3.63,3.65,3.6,3.62,True,潮宏基,False
2020-04-10,26.75,26.87,25.97,26.03,80293.0,28343429.0,3.65,3.67,3.52,3.53,True,潮宏基,False
2020-04-13,26.03,26.09,25.67,25.85,73030.0,25560500.0,3.53,3.54,3.47,3.5,True,潮宏基,False
2020-04-14,25.97,26.27,25.97,26.21,78863.0,28075228.0,3.52,3.57,3.52,3.56,True,潮宏基,False
2020-04-15,26.03,26.09,25.49,25.55,101217.0,34919865.0,3.53,3.54,3.44,3.45,True,潮宏基,False
2020-04-16,25.43,25.55,25.25,25.31,69179.0,23590039.0,3.43,3.45,3.4,3.41,True,潮宏基,False
2020-04-17,25.49,25.55,25.25,25.37,62002.0,21204684.0,3.44,3.45,3.4,3.42,True,潮宏基,False
2020-04-20,25.31,25.37,25.13,25.31,45828.0,15627348.0,3.41,3.42,3.38,3.41,True,潮宏基,False
2020-04-21,25.25,25.31,24.89,25.07,66000.0,22242000.0,3.4,3.41,3.34,3.37,True,潮宏基,False
2020-04-22,25.01,25.31,24.89,25.25,49175.0,16719500.0,3.36,3.41,3.34,3.4,True,潮宏基,False
2020-04-23,25.31,25.43,25.13,25.19,64879.0,21993981.0,3.41,3.43,3.38,3.39,True,潮宏基,False
2020-04-24,25.13,25.19,24.83,24.95,51346.0,17200910.0,3.38,3.39,3.33,3.35,True,潮宏基,False
2020-04-27,24.83,24.95,24.53,24.59,41332.0,13598228.0,3.33,3.35,3.28,3.29,True,潮宏基,False
2020-04-28,24.53,24.65,23.51,23.87,76745.0,24328165.0,3.28,3.3,3.11,3.17,True,潮宏基,False
2020-04-29,24.05,24.35,23.69,24.17,66447.0,21395934.0,3.2,3.25,3.14,3.22,True,潮宏基,False
2020-04-30,24.11,24.53,23.99,24.41,54676.0,17824376.0,3.21,3.28,3.19,3.26,True,潮宏基,False
2020-05-06,24.17,24.65,24.11,24.59,44377.0,14600033.0,3.22,3.3,3.21,3.29,True,潮宏基,False
2020-05-07,24.53,24.53,24.29,24.41,26795.0,8735170.0,3.28,3.28,3.24,3.26,True,潮宏基,False
2020-05-08,24.41,24.65,24.41,24.65,46270.0,15269100.0,3.26,3.3,3.26,3.3,True,潮宏基,False
2020-05-11,24.65,24.71,24.35,24.53,32604.0,10694112.0,3.3,3.31,3.25,3.28,True,潮宏基,False
2020-05-12,24.41,24.47,24.23,24.47,21335.0,6976545.0,3.26,3.27,3.23,3.27,True,潮宏基,False
2020-05-13,24.35,24.65,24.23,24.59,35406.0,11648574.0,3.25,3.3,3.23,3.29,True,潮宏基,False
2020-05-14,24.53,24.59,24.35,24.53,32823.0,10765944.0,3.28,3.29,3.25,3.28,True,潮宏基,False
2020-05-15,24.47,25.43,24.41,25.07,91636.0,30881332.0,3.27,3.43,3.26,3.37,True,潮宏基,False
2020-05-18,25.07,26.03,24.83,25.61,164289.0,56843994.0,3.37,3.53,3.33,3.46,True,潮宏基,False
2020-05-19,25.61,27.41,25.25,27.05,389317.0,144047290.0,3.46,3.76,3.4,3.7,True,潮宏基,False
2020-05-20,26.93,28.43,26.45,27.05,356638.0,131956060.0,3.68,3.93,3.6,3.7,True,潮宏基,False
2020-05-21,27.05,27.29,26.45,26.69,204299.0,74364836.0,3.7,3.74,3.6,3.64,True,潮宏基,False
2020-05-22,26.87,27.05,25.91,26.27,163304.0,58299528.0,3.67,3.7,3.51,3.57,True,潮宏基,False
2020-05-25,26.15,26.51,25.85,25.85,106423.0,37248050.0,3.55,3.61,3.5,3.5,True,潮宏基,False
2020-05-26,26.03,26.51,25.61,26.39,149836.0,53791124.0,3.53,3.61,3.46,3.59,True,潮宏基,False
2020-05-27,26.15,26.39,25.91,26.15,75038.0,26638490.0,3.55,3.59,3.51,3.55,True,潮宏基,False
2020-05-28,26.39,26.63,25.67,25.67,90692.0,31470124.0,3.59,3.63,3.47,3.47,True,潮宏基,False
2020-05-29,25.67,26.03,25.61,25.67,71427.0,24785169.0,3.47,3.53,3.46,3.47,True,潮宏基,False
2020-06-01,27.05,27.05,26.15,26.27,154314.0,55090098.0,3.7,3.7,3.55,3.57,True,潮宏基,False
2020-06-02,26.39,26.69,25.85,25.85,123766.0,43318100.0,3.59,3.64,3.5,3.5,True,潮宏基,False
2020-06-03,25.85,26.51,25.67,26.03,144135.0,50879655.0,3.5,3.61,3.47,3.53,True,潮宏基,False
2020-06-04,26.079,26.499,25.959,26.439,150390.0,52636500.0,3.44,3.51,3.42,3.5,True,潮宏基,False
2020-06-05,26.319,26.439,25.899,25.959,112825.0,38586150.0,3.48,3.5,3.41,3.42,True,潮宏基,False
2020-06-08,25.899,26.079,25.659,25.719,80556.0,27227928.0,3.41,3.44,3.37,3.38,True,潮宏基,False
2020-06-09,25.779,26.139,25.479,25.899,68825.0,23469325.0,3.39,3.45,3.34,3.41,True,潮宏基,False
2020-06-10,25.779,25.839,25.299,25.479,73972.0,24706648.0,3.39,3.4,3.31,3.34,True,潮宏基,False
2020-06-11,25.599,25.719,25.359,25.359,61502.0,20418664.0,3.36,3.38,3.32,3.32,True,潮宏基,False
2020-06-12,24.939,25.359,24.879,25.179,42017.0,13823593.0,3.25,3.32,3.24,3.29,True,潮宏基,False
2020-06-15,25.179,25.359,24.699,25.179,54836.0,18041044.0,3.29,3.32,3.21,3.29,True,潮宏基,False
2020-06-16,25.239,25.479,25.179,25.359,42277.0,14035964.0,3.3,3.34,3.29,3.32,True,潮宏基,False
2020-06-17,25.479,25.719,25.359,25.659,48111.0,16213407.0,3.34,3.38,3.32,3.37,True,潮宏基,False
2020-06-18,25.899,26.199,25.599,25.719,80275.0,27132950.0,3.41,3.46,3.36,3.38,True,潮宏基,False
2020-06-19,25.659,26.139,25.599,25.719,55633.0,18803954.0,3.37,3.45,3.36,3.38,True,潮宏基,False
2020-06-22,25.779,25.839,25.539,25.539,72264.0,24208440.0,3.39,3.4,3.35,3.35,True,潮宏基,False
2020-06-23,25.539,25.719,25.359,25.479,47153.0,15749102.0,3.35,3.38,3.32,3.34,True,潮宏基,False
2020-06-24,25.479,25.659,25.359,25.419,41399.0,13785867.0,3.34,3.37,3.32,3.33,True,潮宏基,False
2020-06-29,25.359,25.539,25.119,25.179,56084.0,18451636.0,3.32,3.35,3.28,3.29,True,潮宏基,False
2020-06-30,25.419,25.719,25.239,25.419,83016.0,27644328.0,3.33,3.38,3.3,3.33,True,潮宏基,False
2020-07-01,25.539,25.599,25.239,25.419,71878.0,23935374.0,3.35,3.36,3.3,3.33,True,潮宏基,False
2020-07-02,25.359,25.719,25.239,25.719,77320.0,26134160.0,3.32,3.38,3.3,3.38,True,潮宏基,False
2020-07-03,25.779,26.499,25.719,26.259,147445.0,51163415.0,3.39,3.51,3.38,3.47,True,潮宏基,False
2020-07-06,26.259,27.099,26.199,26.919,195843.0,70111794.0,3.47,3.61,3.46,3.58,True,潮宏基,False
2020-07-07,26.979,27.819,26.559,26.919,216145.0,77379910.0,3.59,3.73,3.52,3.58,True,潮宏基,False
2020-07-08,26.919,27.399,26.679,27.279,155500.0,56602000.0,3.58,3.66,3.54,3.64,True,潮宏基,False
2020-07-09,27.279,28.839,27.279,27.639,281265.0,104068050.0,3.64,3.9,3.64,3.7,True,潮宏基,False
2020-07-10,27.519,27.939,26.979,26.979,234703.0,84258377.0,3.68,3.75,3.59,3.59,True,潮宏基,False
2020-07-13,27.159,27.579,26.979,27.459,159336.0,58476312.0,3.62,3.69,3.59,3.67,True,潮宏基,False
2020-07-14,27.579,27.819,26.679,27.159,186552.0,67531824.0,3.69,3.73,3.54,3.62,True,潮宏基,False
2020-07-15,27.219,27.279,26.439,26.439,150828.0,52789800.0,3.63,3.64,3.5,3.5,True,潮宏基,False
2020-07-16,26.739,27.279,26.019,26.019,161425.0,55368775.0,3.55,3.64,3.43,3.43,True,潮宏基,False
2020-07-17,26.199,27.339,25.959,26.859,179132.0,63950124.0,3.46,3.65,3.42,3.57,True,潮宏基,False
2020-07-20,26.619,27.579,26.619,27.339,160670.0,58644550.0,3.53,3.69,3.53,3.65,True,潮宏基,False
2020-07-21,27.339,27.639,27.099,27.459,113546.0,41671382.0,3.65,3.7,3.61,3.67,True,潮宏基,False
2020-07-22,27.999,28.239,27.339,27.459,150301.0,55160467.0,3.76,3.8,3.65,3.67,True,潮宏基,False
2020-07-23,27.459,28.599,26.979,28.239,234536.0,89123680.0,3.67,3.86,3.59,3.8,True,潮宏基,False
2020-07-24,28.419,28.659,26.859,26.859,297806.0,106316742.0,3.83,3.87,3.57,3.57,True,潮宏基,False
2020-07-27,27.099,29.019,26.919,29.019,355417.0,139678881.0,3.61,3.93,3.58,3.93,True,潮宏基,False
2020-07-28,29.319,30.579,28.359,28.959,672589.0,263654888.0,3.98,4.19,3.82,3.92,True,潮宏基,False
2020-07-29,28.539,29.019,28.299,28.899,261171.0,102117861.0,3.85,3.93,3.81,3.91,True,潮宏基,False
2020-07-30,28.719,28.959,28.059,28.299,211047.0,80408907.0,3.88,3.92,3.77,3.81,True,潮宏基,False
2020-07-31,28.059,28.599,27.939,28.479,194550.0,74707200.0,3.77,3.86,3.75,3.84,True,潮宏基,False
2020-08-03,28.479,29.019,28.359,28.599,217708.0,84035288.0,3.84,3.93,3.82,3.86,True,潮宏基,False
2020-08-04,28.599,28.779,28.299,28.419,126710.0,48529930.0,3.86,3.89,3.81,3.83,True,潮宏基,False
2020-08-05,28.659,28.959,28.299,28.719,249621.0,96852948.0,3.87,3.92,3.81,3.88,True,潮宏基,False
2020-08-06,28.539,29.679,28.419,29.259,320904.0,127398888.0,3.85,4.04,3.83,3.97,True,潮宏基,False
2020-08-07,29.079,29.259,27.999,28.419,217560.0,83325480.0,3.94,3.97,3.76,3.83,True,潮宏基,False
2020-08-10,28.659,28.779,28.059,28.599,129981.0,50172666.0,3.87,3.89,3.77,3.86,True,潮宏基,False
2020-08-11,28.599,29.079,28.299,28.359,148923.0,56888586.0,3.86,3.94,3.81,3.82,True,潮宏基,False
2020-08-12,27.999,28.179,27.819,28.119,127345.0,48136410.0,3.76,3.79,3.73,3.78,True,潮宏基,False
2020-08-13,28.119,28.539,28.119,28.359,75719.0,28924658.0,3.78,3.85,3.78,3.82,True,潮宏基,False
2020-08-14,28.359,28.419,27.879,28.179,80309.0,30437111.0,3.82,3.83,3.74,3.79,True,潮宏基,False
2020-08-17,28.179,28.479,28.119,28.419,95112.0,36427896.0,3.79,3.84,3.78,3.83,True,潮宏基,False
2020-08-18,28.539,28.719,28.419,28.599,97142.0,37496812.0,3.85,3.88,3.83,3.86,True,潮宏基,False
2020-08-19,28.539,28.539,27.999,28.179,125224.0,47459896.0,3.85,3.85,3.76,3.79,True,潮宏基,False
2020-08-20,27.879,28.059,27.459,27.639,116549.0,43123130.0,3.74,3.77,3.67,3.7,True,潮宏基,False
2020-08-21,27.639,27.879,27.519,27.579,69275.0,25562475.0,3.7,3.74,3.68,3.69,True,潮宏基,False
2020-08-24,27.519,27.759,27.219,27.639,61251.0,22662870.0,3.68,3.72,3.63,3.7,True,潮宏基,False
2020-08-25,27.639,27.759,27.459,27.579,99901.0,36863469.0,3.7,3.72,3.67,3.69,True,潮宏基,False
2020-08-26,27.579,27.879,27.219,27.219,93106.0,33797478.0,3.69,3.74,3.63,3.63,True,潮宏基,False
2020-08-27,27.339,27.579,27.099,27.519,56194.0,20679392.0,3.65,3.69,3.61,3.68,True,潮宏基,False
2020-08-28,27.459,27.879,27.339,27.879,65706.0,24574044.0,3.67,3.74,3.65,3.74,True,潮宏基,False
2020-08-31,27.879,28.059,27.459,27.519,78101.0,28741168.0,3.74,3.77,3.67,3.68,True,潮宏基,False
2020-09-01,27.519,27.699,27.339,27.639,41987.0,15535190.0,3.68,3.71,3.65,3.7,True,潮宏基,False
2020-09-02,27.579,27.819,27.339,27.699,59779.0,22178009.0,3.69,3.73,3.65,3.71,True,潮宏基,False
2020-09-03,27.759,27.939,27.579,27.639,50178.0,18565860.0,3.72,3.75,3.69,3.7,True,潮宏基,False
2020-09-04,27.519,27.819,27.099,27.819,67757.0,25273361.0,3.68,3.73,3.61,3.73,True,潮宏基,False
2020-09-07,27.819,28.539,27.759,27.759,156118.0,58075896.0,3.73,3.85,3.72,3.72,True,潮宏基,False
2020-09-08,28.299,28.539,27.939,28.479,123312.0,47351808.0,3.81,3.85,3.75,3.84,True,潮宏基,False
2020-09-09,28.299,29.619,28.059,28.839,286722.0,111821580.0,3.81,4.03,3.77,3.9,True,潮宏基,False
2020-09-10,28.959,29.079,27.999,28.239,144513.0,54914940.0,3.92,3.94,3.76,3.8,True,潮宏基,False
2020-09-11,28.059,29.019,27.819,28.839,124170.0,48426300.0,3.77,3.93,3.73,3.9,True,潮宏基,False
2020-09-14,28.899,29.439,28.239,28.359,144569.0,55225358.0,3.91,4.0,3.8,3.82,True,潮宏基,False
2020-09-15,28.419,30.399,28.239,29.739,382894.0,155072070.0,3.83,4.16,3.8,4.05,True,潮宏基,False
2020-09-16,29.739,29.799,29.019,29.499,242592.0,97279392.0,4.05,4.06,3.93,4.01,True,潮宏基,False
2020-09-17,29.439,29.739,29.139,29.739,185872.0,75278160.0,4.0,4.05,3.95,4.05,True,潮宏基,False
2020-09-18,29.919,29.919,29.319,29.619,130113.0,52435539.0,4.08,4.08,3.98,4.03,True,潮宏基,False
2020-09-21,29.439,30.099,29.319,29.679,98773.0,39904292.0,4.0,4.11,3.98,4.04,True,潮宏基,False
2020-09-22,29.259,31.239,29.079,30.579,321315.0,134630985.0,3.97,4.3,3.94,4.19,True,潮宏基,False
2020-09-23,30.519,32.919,30.519,32.379,570244.0,256039556.0,4.18,4.58,4.18,4.49,True,潮宏基,False
2020-09-24,32.379,32.859,31.539,32.199,339649.0,151483454.0,4.49,4.57,4.35,4.46,True,潮宏基,False
2020-09-25,31.959,32.319,31.239,31.959,238626.0,105472692.0,4.42,4.48,4.3,4.42,True,潮宏基,False
2020-09-28,32.019,33.339,30.759,31.479,241381.0,104759354.0,4.43,4.65,4.22,4.34,True,潮宏基,False
2020-09-29,31.419,32.079,29.799,30.219,363731.0,150220903.0,4.33,4.44,4.06,4.13,True,潮宏基,False
2020-09-30,30.339,30.339,28.119,29.019,369567.0,145239831.0,4.15,4.15,3.78,3.93,True,潮宏基,False
2020-10-09,29.019,31.119,28.899,29.559,326788.0,131368776.0,3.93,4.28,3.91,4.02,True,潮宏基,False
2020-10-12,29.679,31.959,29.499,31.959,356179.0,157431118.0,4.04,4.42,4.01,4.42,True,潮宏基,False
2020-10-13,31.479,31.479,30.459,30.999,540953.0,230445978.0,4.34,4.34,4.17,4.26,True,潮宏基,False
2020-10-14,31.359,32.379,30.759,31.539,385844.0,167842140.0,4.32,4.49,4.22,4.35,True,潮宏基,False
2020-10-15,31.719,31.779,30.879,31.119,206352.0,88318656.0,4.38,4.39,4.24,4.28,True,潮宏基,False
2020-10-16,31.059,31.419,30.699,30.819,136818.0,57874014.00000001,4.27,4.33,4.21,4.23,True,潮宏基,False
2020-10-19,31.239,31.359,30.639,30.999,116370.0,49573620.0,4.3,4.32,4.2,4.26,True,潮宏基,False
2020-10-20,31.119,31.239,30.639,31.119,123833.0,53000524.0,4.28,4.3,4.2,4.28,True,潮宏基,False
2020-10-21,31.119,31.239,30.579,31.059,93442.0,39899733.99999999,4.28,4.3,4.19,4.27,True,潮宏基,False
2020-10-22,30.999,30.999,30.039,30.039,129096.0,52929359.99999999,4.26,4.26,4.1,4.1,True,潮宏基,False
2020-10-23,30.099,31.839,30.039,30.939,175685.0,74666125.0,4.11,4.4,4.1,4.25,True,潮宏基,False
2020-10-26,31.239,32.919,30.999,32.259,335992.0,150188424.0,4.3,4.58,4.26,4.47,True,潮宏基,False
2020-10-27,32.499,33.039,31.959,32.739,221810.0,100923550.0,4.51,4.6,4.42,4.55,True,潮宏基,False
2020-10-28,32.679,33.339,32.079,32.739,174297.0,79305135.0,4.54,4.65,4.44,4.55,True,潮宏基,False
2020-10-29,32.379,33.639,32.139,33.339,169633.0,78879345.0,4.49,4.7,4.45,4.65,True,潮宏基,False
2020-10-30,33.339,33.399,31.719,31.899,195399.0,86170959.0,4.65,4.66,4.38,4.41,True,潮宏基,False
2020-11-02,32.019,32.079,31.119,31.719,125114.0,54799932.0,4.43,4.44,4.28,4.38,True,潮宏基,False
2020-11-03,31.719,32.439,31.299,32.319,122028.0,54668544.00000001,4.38,4.5,4.31,4.48,True,潮宏基,False
2020-11-04,32.619,34.239,32.319,33.699,338503.0,159434913.0,4.53,4.8,4.48,4.71,True,潮宏基,False
2020-11-05,33.999,34.299,33.279,33.639,209885.0,98645950.0,4.76,4.81,4.64,4.7,True,潮宏基,False
2020-11-06,33.639,34.359,33.279,33.819,182408.0,86278984.00000001,4.7,4.82,4.64,4.73,True,潮宏基,False
2020-11-09,33.579,34.599,33.519,34.419,182725.0,88256175.0,4.69,4.86,4.68,4.83,True,潮宏基,False
2020-11-10,34.839,35.679,33.999,35.139,252161.0,124819695.0,4.9,5.04,4.76,4.95,True,潮宏基,False
2020-11-11,35.259,35.979,34.899,35.079,303666.0,150011004.0,4.97,5.09,4.91,4.94,True,潮宏基,False
2020-11-12,35.259,35.559,34.359,34.539,170375.0,82631875.0,4.97,5.02,4.82,4.85,True,潮宏基,False
2020-11-13,34.539,35.079,34.179,34.659,134741.0,65618867.0,4.85,4.94,4.79,4.87,True,潮宏基,False
2020-11-16,35.019,35.859,34.719,35.559,176589.0,88647677.99999999,4.93,5.07,4.88,5.02,True,潮宏基,False
2020-11-17,35.259,35.859,34.779,35.139,167204.0,82765980.0,4.97,5.07,4.89,4.95,True,潮宏基,False
2020-11-18,35.079,35.199,34.119,34.779,155968.0,76268352.0,4.94,4.96,4.78,4.89,True,潮宏基,False
2020-11-19,34.479,34.599,33.939,34.359,142074.0,68479668.0,4.84,4.86,4.75,4.82,True,潮宏基,False
2020-11-20,33.939,35.739,33.939,35.199,152386.0,75583456.0,4.75,5.05,4.75,4.96,True,潮宏基,False
2020-11-23,34.899,35.319,34.419,34.779,123750.0,60513749.99999999,4.91,4.98,4.83,4.89,True,潮宏基,False
2020-11-24,34.539,34.599,33.879,34.299,97322.0,46811881.99999999,4.85,4.86,4.74,4.81,True,潮宏基,False
2020-11-25,34.239,34.239,33.399,33.639,96417.0,45315990.0,4.8,4.8,4.66,4.7,True,潮宏基,False
2020-11-26,33.699,34.839,33.099,34.539,135227.0,65585094.99999999,4.71,4.9,4.61,4.85,True,潮宏基,False
2020-11-27,34.479,35.139,33.939,34.479,108141.0,52340244.0,4.84,4.95,4.75,4.84,True,潮宏基,False
2020-11-30,34.359,34.659,33.879,33.999,84781.0,40355756.0,4.82,4.87,4.74,4.76,True,潮宏基,False
2020-12-01,33.999,34.419,33.699,34.239,52283.0,25095840.0,4.76,4.83,4.71,4.8,True,潮宏基,False
2020-12-02,34.419,34.419,33.879,33.999,59288.0,28221088.0,4.83,4.83,4.74,4.76,True,潮宏基,False
2020-12-03,33.999,34.359,33.519,34.119,56970.0,27231660.0,4.76,4.82,4.68,4.78,True,潮宏基,False
2020-12-04,34.059,34.659,33.999,34.179,57982.0,27773378.0,4.77,4.87,4.76,4.79,True,潮宏基,False
2020-12-07,34.179,35.079,34.179,34.299,86743.0,41723383.0,4.79,4.94,4.79,4.81,True,潮宏基,False
2020-12-08,34.239,34.959,34.179,34.359,80275.0,38692550.0,4.8,4.92,4.79,4.82,True,潮宏基,False
2020-12-09,34.239,34.299,33.339,33.579,116140.0,54469660.00000001,4.8,4.81,4.65,4.69,True,潮宏基,False
2020-12-10,33.519,33.699,32.619,32.979,83140.0,38161260.0,4.68,4.71,4.53,4.59,True,潮宏基,False
2020-12-11,33.159,33.159,31.719,32.259,104379.0,46657413.0,4.62,4.62,4.38,4.47,True,潮宏基,False
2020-12-14,32.259,32.259,31.419,32.019,65569.0,29047067.0,4.47,4.47,4.33,4.43,True,潮宏基,False
2020-12-15,31.719,32.439,30.699,31.599,127349.0,55524164.00000001,4.38,4.5,4.21,4.36,True,潮宏基,False
2020-12-16,31.359,31.959,30.819,30.879,76559.0,32461016.0,4.32,4.42,4.23,4.24,True,潮宏基,False
2020-12-17,30.819,31.599,30.279,31.059,84703.0,36168181.0,4.23,4.36,4.14,4.27,True,潮宏基,False
2020-12-18,31.059,31.359,30.519,30.819,75399.0,31893777.000000004,4.27,4.32,4.18,4.23,True,潮宏基,False
2020-12-21,30.639,31.059,30.579,30.819,56101.0,23730723.000000004,4.2,4.27,4.19,4.23,True,潮宏基,False
2020-12-22,30.639,30.699,29.799,29.799,101204.0,41088823.99999999,4.2,4.21,4.06,4.06,True,潮宏基,False
2020-12-23,29.799,30.279,29.799,29.979,61529.0,25165361.0,4.06,4.14,4.06,4.09,True,潮宏基,False
2020-12-24,29.979,30.039,28.899,29.019,110615.0,43471695.0,4.09,4.1,3.91,3.93,True,潮宏基,False
2020-12-25,29.319,29.979,28.899,29.619,75435.0,30400305.000000004,3.98,4.09,3.91,4.03,True,潮宏基,False
2020-12-28,30.039,30.039,29.019,29.019,79126.0,31096518.0,4.1,4.1,3.93,3.93,True,潮宏基,False
2020-12-29,28.779,29.559,28.779,29.019,59232.0,23278176.0,3.89,4.02,3.89,3.93,True,潮宏基,False
2020-12-30,29.319,29.739,29.019,29.259,90649.0,35987653.0,3.98,4.05,3.93,3.97,True,潮宏基,False
2020-12-31,29.259,30.099,29.259,30.039,83909.0,34402690.0,3.97,4.11,3.97,4.1,True,潮宏基,False
2021-01-04,29.739,30.039,29.259,29.619,99249.0,39997347.0,4.05,4.1,3.97,4.03,True,潮宏基,False
2021-01-05,29.319,29.379,28.899,29.019,99955.0,39282315.0,3.98,3.99,3.91,3.93,True,潮宏基,False
2021-01-06,28.899,29.019,28.179,28.599,80508.0,31076088.0,3.91,3.93,3.79,3.86,True,潮宏基,False
2021-01-07,28.299,28.539,27.279,27.519,95669.0,35206192.0,3.81,3.85,3.64,3.68,True,潮宏基,False
2021-01-08,27.519,28.779,27.219,28.179,106320.0,40295280.0,3.68,3.89,3.63,3.79,True,潮宏基,False
2021-01-11,28.179,28.299,27.339,27.999,65654.0,24685904.0,3.79,3.81,3.65,3.76,True,潮宏基,False
2021-01-12,28.179,28.179,27.219,27.939,67183.0,25193625.0,3.79,3.79,3.63,3.75,True,潮宏基,False
2021-01-13,27.639,28.419,27.099,27.879,81978.0,30659772.0,3.7,3.83,3.61,3.74,True,潮宏基,False
2021-01-14,27.819,28.239,27.459,27.999,54768.0,20592768.0,3.73,3.8,3.67,3.76,True,潮宏基,False
2021-01-15,28.059,28.299,27.759,28.179,52370.0,19848230.0,3.77,3.81,3.72,3.79,True,潮宏基,False
2021-01-18,28.179,29.019,28.059,28.659,57311.0,22179357.0,3.79,3.93,3.77,3.87,True,潮宏基,False
2021-01-19,28.719,30.219,28.659,29.499,119373.0,47868573.0,3.88,4.13,3.87,4.01,True,潮宏基,False
2021-01-20,29.559,29.739,29.259,29.379,57169.0,22810431.0,4.02,4.05,3.97,3.99,True,潮宏基,False
2021-01-21,29.499,29.499,28.779,28.839,62977.0,24561030.0,4.01,4.01,3.89,3.9,True,潮宏基,False
2021-01-22,28.839,29.319,28.659,28.779,45084.0,17537676.0,3.9,3.98,3.87,3.89,True,潮宏基,False
2021-01-25,28.779,28.779,27.579,28.179,74970.0,28413630.0,3.89,3.89,3.69,3.79,True,潮宏基,False
2021-01-26,27.999,28.539,27.759,28.479,55086.0,21153024.0,3.76,3.85,3.72,3.84,True,潮宏基,False
2021-01-27,28.359,28.659,27.879,28.059,42686.0,16092622.0,3.82,3.87,3.74,3.77,True,潮宏基,False
2021-01-28,28.239,28.239,27.639,27.699,45239.0,16783669.0,3.8,3.8,3.7,3.71,True,潮宏基,False
2021-01-29,27.939,27.939,27.459,27.459,34964.0,12831788.0,3.75,3.75,3.67,3.67,True,潮宏基,False
2021-02-01,27.519,27.819,27.219,27.459,44359.0,16279753.0,3.68,3.73,3.63,3.67,True,潮宏基,False
2021-02-02,27.459,28.719,27.099,28.719,77787.0,30181356.0,3.67,3.88,3.61,3.88,True,潮宏基,False
2021-02-03,28.359,29.079,28.239,28.479,70557.0,27093888.0,3.82,3.94,3.8,3.84,True,潮宏基,False
2021-02-04,28.479,28.959,27.759,27.879,58494.0,21876756.0,3.84,3.92,3.72,3.74,True,潮宏基,False
2021-02-05,27.759,27.999,27.279,27.279,63036.0,22945104.0,3.72,3.76,3.64,3.64,True,潮宏基,False
2021-02-08,27.579,27.579,26.619,26.979,78262.0,28096058.0,3.69,3.69,3.53,3.59,True,潮宏基,False
2021-02-09,26.859,27.699,26.679,27.339,59777.0,21818605.0,3.57,3.71,3.54,3.65,True,潮宏基,False
2021-02-10,27.519,29.199,27.519,28.959,137675.0,53968600.0,3.68,3.96,3.68,3.92,True,潮宏基,False
2021-02-18,29.379,29.499,28.599,28.899,95479.0,37332289.0,3.99,4.01,3.86,3.91,True,潮宏基,False
2021-02-19,28.899,29.379,28.839,29.259,66565.0,26426305.0,3.91,3.99,3.9,3.97,True,潮宏基,False
2021-02-22,29.319,31.119,29.319,30.759,185179.0,78145538.0,3.98,4.28,3.98,4.22,True,潮宏基,False
2021-02-23,30.759,31.239,30.279,30.759,84843.0,35803746.0,4.22,4.3,4.14,4.22,True,潮宏基,False
2021-02-24,30.819,32.079,30.579,31.299,122725.0,52894474.99999999,4.23,4.44,4.19,4.31,True,潮宏基,False
2021-02-25,31.419,31.539,30.639,31.239,87222.0,37505460.0,4.33,4.35,4.2,4.3,True,潮宏基,False
2021-02-26,31.059,32.079,30.819,32.079,146751.0,65157444.00000001,4.27,4.44,4.23,4.44,True,潮宏基,False
2021-03-01,32.079,32.199,30.999,31.359,118994.0,51405408.0,4.44,4.46,4.26,4.32,True,潮宏基,False
2021-03-02,31.299,31.839,30.879,31.059,73330.0,31311910.0,4.31,4.4,4.24,4.27,True,潮宏基,False
2021-03-03,30.999,31.359,30.699,31.239,67130.0,28865900.0,4.26,4.32,4.21,4.3,True,潮宏基,False
2021-03-04,31.239,31.719,30.879,31.119,65843.0,28180804.0,4.3,4.38,4.24,4.28,True,潮宏基,False
2021-03-05,31.119,31.479,30.639,31.299,52194.0,22495614.0,4.28,4.34,4.2,4.31,True,潮宏基,False
2021-03-08,31.299,32.439,31.299,31.719,129717.0,56816046.0,4.31,4.5,4.31,4.38,True,潮宏基,False
2021-03-09,31.719,32.079,30.819,31.059,91888.0,39236175.99999999,4.38,4.44,4.23,4.27,True,潮宏基,False
2021-03-10,31.299,31.659,30.819,31.419,70061.0,30336413.0,4.31,4.37,4.23,4.33,True,潮宏基,False
2021-03-11,31.359,31.719,31.239,31.719,60652.0,26565576.0,4.32,4.38,4.3,4.38,True,潮宏基,False
2021-03-12,31.659,33.699,31.419,32.799,130411.0,59467415.99999999,4.37,4.71,4.33,4.56,True,潮宏基,False
2021-03-15,32.319,33.159,32.199,32.739,77478.0,35252490.0,4.48,4.62,4.46,4.55,True,潮宏基,False
2021-03-16,32.799,33.759,32.739,33.459,121473.0,56727891.0,4.56,4.72,4.55,4.67,True,潮宏基,False
2021-03-17,33.519,34.059,33.219,33.399,78129.0,36408114.0,4.68,4.77,4.63,4.66,True,潮宏基,False
2021-03-18,33.159,33.639,33.099,33.339,53069.0,24677085.000000004,4.62,4.7,4.61,4.65,True,潮宏基,False
2021-03-19,33.219,33.579,33.039,33.459,59019.0,27561873.0,4.63,4.69,4.6,4.67,True,潮宏基,False
2021-03-22,33.159,33.999,33.099,33.939,88779.0,42170025.0,4.62,4.76,4.61,4.75,True,潮宏基,False
2021-03-23,33.879,33.879,32.859,33.399,89412.0,41665992.0,4.74,4.74,4.57,4.66,True,潮宏基,False
2021-03-24,33.639,34.059,32.859,33.219,86119.0,39873097.0,4.7,4.77,4.57,4.63,True,潮宏基,False
2021-03-25,33.219,34.059,33.159,33.519,72053.0,33720804.0,4.63,4.77,4.62,4.68,True,潮宏基,False
2021-03-26,33.519,36.219,33.519,35.559,323817.0,162556134.0,4.68,5.13,4.68,5.02,True,潮宏基,False
2021-03-29,35.859,36.879,35.739,36.279,195737.0,100608818.0,5.07,5.24,5.05,5.14,True,潮宏基,False
2021-03-30,36.819,37.179,33.999,35.379,238196.0,118859804.0,5.23,5.29,4.76,4.99,True,潮宏基,False
2021-03-31,34.839,35.199,34.479,34.539,107033.0,51911004.99999999,4.9,4.96,4.84,4.85,True,潮宏基,False
2021-04-01,34.779,34.959,33.519,33.759,157968.0,74560896.0,4.89,4.92,4.68,4.72,True,潮宏基,False
2021-04-02,34.119,34.179,32.199,32.679,185768.0,84338672.0,4.78,4.79,4.46,4.54,True,潮宏基,False
2021-04-06,32.739,34.899,32.739,33.699,218584.0,102953064.0,4.55,4.91,4.55,4.71,True,潮宏基,False
2021-04-07,33.699,34.659,33.399,33.459,163874.0,76529158.0,4.71,4.87,4.66,4.67,True,潮宏基,False
2021-04-08,33.579,33.759,33.159,33.279,83664.0,38820096.0,4.69,4.72,4.62,4.64,True,潮宏基,False
2021-04-09,33.399,33.759,32.679,33.339,84193.0,39149745.0,4.66,4.72,4.54,4.65,True,潮宏基,False
2021-04-12,33.399,33.579,32.499,32.619,70660.0,32008980.0,4.66,4.69,4.51,4.53,True,潮宏基,False
2021-04-13,32.379,32.619,31.779,32.139,105838.0,47097910.0,4.49,4.53,4.39,4.45,True,潮宏基,False
2021-04-14,32.199,32.799,31.839,32.079,114996.0,51058224.00000001,4.46,4.56,4.4,4.44,True,潮宏基,False
2021-04-15,31.959,32.259,31.539,31.959,66751.0,29503942.0,4.42,4.47,4.35,4.42,True,潮宏基,False
2021-04-16,32.139,32.979,32.139,32.499,114348.0,51570948.0,4.45,4.59,4.45,4.51,True,潮宏基,False
2021-04-19,32.439,32.679,32.199,32.199,95612.0,42642952.0,4.5,4.54,4.46,4.46,True,潮宏基,False
2021-04-20,32.259,32.739,31.899,32.079,110343.0,48992292.00000001,4.47,4.55,4.41,4.44,True,潮宏基,False
2021-04-21,32.019,33.999,31.359,33.099,266953.0,123065333.0,4.43,4.76,4.32,4.61,True,潮宏基,False
2021-04-22,35.859,35.859,35.559,35.859,280051.0,141985857.0,5.07,5.07,5.02,5.07,True,潮宏基,False
2021-04-23,35.859,35.919,32.799,33.519,633546.0,296499528.0,5.07,5.08,4.56,4.68,True,潮宏基,False
2021-04-26,32.439,33.699,32.139,32.199,304207.0,135676322.0,4.5,4.71,4.45,4.46,True,潮宏基,False
2021-04-27,31.959,32.859,31.299,32.379,216849.0,97365201.0,4.42,4.57,4.31,4.49,True,潮宏基,False
2021-04-28,32.019,34.179,31.779,33.999,345826.0,164613176.0,4.43,4.79,4.39,4.76,True,潮宏基,False
2021-04-29,33.459,34.659,33.219,34.179,284279.0,136169641.0,4.67,4.87,4.63,4.79,True,潮宏基,False
2021-04-30,34.599,35.979,33.459,35.019,398650.0,196534450.0,4.86,5.09,4.67,4.93,True,潮宏基,False
2021-05-06,35.919,37.959,35.499,37.959,806834.0,437304028.0,5.08,5.42,5.01,5.42,True,潮宏基,False
2021-05-07,37.959,39.099,36.339,36.519,910325.0,471548350.0,5.42,5.61,5.15,5.18,True,潮宏基,False
2021-05-10,36.699,37.539,36.459,36.999,525725.0,276531350.0,5.21,5.35,5.17,5.26,True,潮宏基,False
2021-05-11,36.339,38.739,35.739,38.139,546526.0,297856670.0,5.15,5.55,5.05,5.45,True,潮宏基,False
2021-05-12,37.299,40.719,37.179,39.639,577026.0,328904820.0,5.31,5.88,5.29,5.7,True,潮宏基,False
2021-05-13,39.039,41.979,38.919,39.879,712595.0,409029530.0,5.6,6.09,5.58,5.74,True,潮宏基,False
2021-05-14,39.939,40.419,38.379,38.619,479102.0,264943406.0,5.75,5.83,5.49,5.53,True,潮宏基,False
2021-05-17,37.839,39.159,37.539,38.259,355586.0,194505542.0,5.4,5.62,5.35,5.47,True,潮宏基,False
2021-05-18,38.619,40.119,38.079,39.639,463663.0,264287910.0,5.53,5.78,5.44,5.7,True,潮宏基,False
2021-05-19,39.699,40.899,38.559,38.679,414630.0,229705020.0,5.71,5.91,5.52,5.54,True,潮宏基,False
2021-05-20,38.619,38.679,37.299,37.839,360652.0,194752080.0,5.53,5.54,5.31,5.4,True,潮宏基,False
2021-05-21,37.599,38.079,37.419,37.659,190549.0,102324813.0,5.36,5.44,5.33,5.37,True,潮宏基,False
2021-05-24,37.419,37.899,36.879,37.299,206947.0,109888857.0,5.33,5.41,5.24,5.31,True,潮宏基,False
2021-05-25,37.359,37.719,36.399,37.419,257957.0,137491081.0,5.32,5.38,5.16,5.33,True,潮宏基,False
2021-05-26,37.419,39.339,36.999,38.079,355758.0,193532352.0,5.33,5.65,5.26,5.44,True,潮宏基,False
2021-05-27,38.439,38.439,37.239,37.779,215614.0,116215946.0,5.5,5.5,5.3,5.39,True,潮宏基,False
2021-05-28,37.659,40.539,37.539,39.459,515344.0,292200048.0,5.37,5.85,5.35,5.67,True,潮宏基,False
2021-05-31,39.399,40.179,38.979,39.819,367916.0,210815868.00000003,5.66,5.79,5.59,5.73,True,潮宏基,False
2021-06-01,39.819,39.939,38.079,39.519,349684.0,198620512.0,5.73,5.75,5.44,5.68,True,潮宏基,False
2021-06-02,39.399,39.399,37.719,38.079,305063.0,165954272.0,5.66,5.66,5.38,5.44,True,潮宏基,False
2021-06-03,37.516,38.356,37.276,37.756,175021.0,90835899.0,5.15,5.29,5.11,5.19,True,潮宏基,False
2021-06-04,37.696,37.936,36.736,36.976,200590.0,101498540.0,5.18,5.22,5.02,5.06,True,潮宏基,False
2021-06-07,37.036,37.276,36.196,37.156,241721.0,123035989.0,5.07,5.11,4.93,5.09,True,潮宏基,False
2021-06-08,37.156,37.216,36.016,36.196,179940.0,88710420.0,5.09,5.1,4.9,4.93,True,潮宏基,False
2021-06-09,36.076,36.916,36.076,36.316,148892.0,73701540.0,4.91,5.05,4.91,4.95,True,潮宏基,False
2021-06-10,36.436,37.156,36.196,36.916,174407.0,88075535.0,4.97,5.09,4.93,5.05,True,潮宏基,False
2021-06-11,36.916,37.156,36.436,36.616,131494.0,65747000.0,5.05,5.09,4.97,5.0,True,潮宏基,False
2021-06-15,36.676,36.976,35.836,36.376,178370.0,88471520.0,5.01,5.06,4.87,4.96,True,潮宏基,False
2021-06-16,36.256,36.256,35.116,35.536,156857.0,75605074.0,4.94,4.94,4.75,4.82,True,潮宏基,False
2021-06-17,35.536,35.896,35.296,35.596,90120.0,43527960.0,4.82,4.88,4.78,4.83,True,潮宏基,False
2021-06-18,35.596,35.836,34.936,35.356,131631.0,63051249.0,4.83,4.87,4.72,4.79,True,潮宏基,False
2021-06-21,35.296,36.076,35.056,36.016,115820.0,56751800.00000001,4.78,4.91,4.74,4.9,True,潮宏基,False
2021-06-22,36.076,37.756,36.016,36.916,206003.0,104031515.0,4.91,5.19,4.9,5.05,True,潮宏基,False
2021-06-23,36.916,37.636,36.856,37.036,136988.0,69452916.0,5.05,5.17,5.04,5.07,True,潮宏基,False
2021-06-24,37.276,37.336,36.496,36.736,93263.0,46818025.99999999,5.11,5.12,4.98,5.02,True,潮宏基,False
2021-06-25,36.916,38.116,36.616,38.116,237561.0,124719525.0,5.05,5.25,5.0,5.25,True,潮宏基,False
2021-06-28,38.176,38.596,37.816,38.116,193249.0,101455725.0,5.26,5.33,5.2,5.25,True,潮宏基,False
2021-06-29,38.116,39.016,37.876,38.356,208378.0,110231962.0,5.25,5.4,5.21,5.29,True,潮宏基,False
2021-06-30,38.236,38.596,37.636,38.056,137432.0,72014368.0,5.27,5.33,5.17,5.24,True,潮宏基,False
2021-07-01,38.236,38.656,37.516,37.576,163596.0,84415536.0,5.27,5.34,5.15,5.16,True,潮宏基,False
2021-07-02,37.576,38.596,37.576,37.696,148868.0,77113624.0,5.16,5.33,5.16,5.18,True,潮宏基,False
2021-07-05,38.176,39.976,37.936,39.796,396927.0,219500631.0,5.26,5.56,5.22,5.53,True,潮宏基,False
2021-07-06,39.916,39.916,38.956,39.916,268133.0,148813815.0,5.55,5.55,5.39,5.55,True,潮宏基,False
2021-07-07,39.796,40.036,39.316,39.616,163777.0,90077350.0,5.53,5.57,5.45,5.5,True,潮宏基,False
2021-07-08,39.436,40.216,39.076,40.036,261069.0,145415433.0,5.47,5.6,5.41,5.57,True,潮宏基,False
2021-07-09,39.916,40.156,38.896,39.616,203316.0,111823800.0,5.55,5.59,5.38,5.5,True,潮宏基,False
2021-07-12,39.616,41.536,39.136,40.876,328701.0,187688271.0,5.5,5.82,5.42,5.71,True,潮宏基,False
2021-07-13,40.876,41.596,40.276,41.236,166160.0,95874320.0,5.71,5.83,5.61,5.77,True,潮宏基,False
2021-07-14,41.296,41.716,40.816,41.416,159080.0,92266400.0,5.78,5.85,5.7,5.8,True,潮宏基,False
2021-07-15,41.116,41.476,39.916,40.816,215233.0,122682810.0,5.75,5.81,5.55,5.7,True,潮宏基,False
2021-07-16,40.756,41.116,40.036,40.156,229665.0,128382735.0,5.69,5.75,5.57,5.59,True,潮宏基,False
2021-07-19,40.276,40.516,39.256,40.096,184073.0,102712734.0,5.61,5.65,5.44,5.58,True,潮宏基,False
2021-07-20,40.156,42.616,40.036,41.716,396671.0,232052535.0,5.59,6.0,5.57,5.85,True,潮宏基,False
2021-07-21,41.596,43.216,41.476,42.556,336212.0,201390988.0,5.83,6.1,5.81,5.99,True,潮宏基,False
2021-07-22,42.856,43.216,42.076,42.556,265038.0,158757762.0,6.04,6.1,5.91,5.99,True,潮宏基,False
2021-07-23,42.496,43.516,42.076,42.556,210671.0,126191929.0,5.98,6.15,5.91,5.99,True,潮宏基,False
2021-07-26,42.256,42.616,41.176,41.776,185540.0,108726440.0,5.94,6.0,5.76,5.86,True,潮宏基,False
2021-07-27,41.896,42.076,39.796,40.036,177573.0,98908161.0,5.88,5.91,5.53,5.57,True,潮宏基,False
2021-07-28,39.616,39.976,37.216,39.316,228715.0,124649675.0,5.5,5.56,5.1,5.45,True,潮宏基,False
2021-07-29,39.616,42.196,39.616,41.716,240849.0,140896665.0,5.5,5.93,5.5,5.85,True,潮宏基,False
2021-07-30,41.656,42.436,40.876,42.316,197284.0,117383980.0,5.84,5.97,5.71,5.95,True,潮宏基,False
2021-08-02,42.556,44.296,41.656,43.576,402642.0,248027472.0,5.99,6.28,5.84,6.16,True,潮宏基,False
2021-08-03,43.576,44.956,42.676,43.036,301916.0,183263012.0,6.16,6.39,6.01,6.07,True,潮宏基,False
2021-08-04,43.276,43.996,42.436,42.916,253028.0,153081940.0,6.11,6.23,5.97,6.05,True,潮宏基,False
2021-08-05,42.676,42.736,41.896,42.136,170076.0,100684992.0,6.01,6.02,5.88,5.92,True,潮宏基,False
2021-08-06,42.376,42.556,41.776,41.776,140034.0,82059924.0,5.96,5.99,5.86,5.86,True,潮宏基,False
2021-08-09,41.716,41.896,40.456,41.596,190042.0,110794486.0,5.85,5.88,5.64,5.83,True,潮宏基,False
2021-08-10,41.296,41.476,40.636,41.176,162600.0,93657600.0,5.78,5.81,5.67,5.76,True,潮宏基,False
2021-08-11,40.936,41.296,40.516,40.756,135648.0,77183712.0,5.72,5.78,5.65,5.69,True,潮宏基,False
2021-08-12,40.756,41.296,40.216,40.876,150235.0,85784185.0,5.69,5.78,5.6,5.71,True,潮宏基,False
2021-08-13,40.756,40.756,39.676,39.736,167090.0,92233680.0,5.69,5.69,5.51,5.52,True,潮宏基,False
2021-08-16,39.916,40.816,39.856,40.156,122257.0,68341663.0,5.55,5.7,5.54,5.59,True,潮宏基,False
2021-08-17,40.036,40.336,39.256,39.316,154675.0,84297875.0,5.57,5.62,5.44,5.45,True,潮宏基,False
2021-08-18,39.316,39.676,38.896,39.436,129529.0,70852363.0,5.45,5.51,5.38,5.47,True,潮宏基,False
2021-08-19,39.376,39.976,38.356,38.536,191421.0,101835972.0,5.46,5.56,5.29,5.32,True,潮宏基,False
2021-08-20,38.536,38.776,37.756,38.476,168250.0,89340750.0,5.32,5.36,5.19,5.31,True,潮宏基,False
2021-08-23,38.296,39.976,38.296,39.676,159171.0,87703221.0,5.28,5.56,5.28,5.51,True,潮宏基,False
2021-08-24,39.856,40.216,39.496,39.676,104988.0,57848388.0,5.54,5.6,5.48,5.51,True,潮宏基,False
2021-08-25,39.556,39.676,38.896,39.376,89186.0,48695556.0,5.49,5.51,5.38,5.46,True,潮宏基,False
2021-08-26,39.436,39.736,38.836,39.556,92236.0,50637564.0,5.47,5.52,5.37,5.49,True,潮宏基,False
2021-08-27,39.556,39.556,38.776,39.016,98479.0,53178660.0,5.49,5.49,5.36,5.4,True,潮宏基,False
2021-08-30,38.956,39.856,38.776,39.556,118938.0,65296962.0,5.39,5.54,5.36,5.49,True,潮宏基,False
2021-08-31,39.496,39.736,38.356,39.076,122876.0,66475916.0,5.48,5.52,5.29,5.41,True,潮宏基,False
2021-09-01,39.016,39.076,37.816,38.536,143050.0,76102600.0,5.4,5.41,5.2,5.32,True,潮宏基,False
2021-09-02,38.476,39.136,38.296,38.776,105489.0,56542104.0,5.31,5.42,5.28,5.36,True,潮宏基,False
2021-09-03,38.956,39.496,38.296,39.076,144895.0,78388195.0,5.39,5.48,5.28,5.41,True,潮宏基,False
2021-09-06,39.076,40.876,38.836,40.696,230571.0,130964328.0,5.41,5.71,5.37,5.68,True,潮宏基,False
2021-09-07,40.816,41.056,40.396,40.936,156420.0,89472240.0,5.7,5.74,5.63,5.72,True,潮宏基,False
2021-09-08,40.876,41.896,40.756,41.716,150722.0,88172370.0,5.71,5.88,5.69,5.85,True,潮宏基,False
2021-09-09,41.356,42.136,41.296,42.076,145508.0,85995228.0,5.79,5.92,5.78,5.91,True,潮宏基,False
2021-09-10,41.896,42.376,41.236,41.776,194275.0,113845150.0,5.88,5.96,5.77,5.86,True,潮宏基,False
2021-09-13,41.596,42.616,41.056,42.436,172469.0,102963993.0,5.83,6.0,5.74,5.97,True,潮宏基,False
2021-09-14,42.436,42.856,41.776,42.076,140354.0,82949214.0,5.97,6.04,5.86,5.91,True,潮宏基,False
2021-09-15,42.076,42.616,41.356,42.196,149981.0,88938733.0,5.91,6.0,5.79,5.93,True,潮宏基,False
2021-09-16,42.016,42.736,41.356,41.476,129257.0,75098317.0,5.9,6.02,5.79,5.81,True,潮宏基,False
2021-09-17,41.476,41.596,40.276,41.056,110662.0,63519988.0,5.81,5.83,5.61,5.74,True,潮宏基,False
2021-09-22,40.396,41.716,40.396,40.816,79907.0,45546990.0,5.63,5.85,5.63,5.7,True,潮宏基,False
2021-09-23,40.756,42.196,40.756,41.956,137080.0,80740120.0,5.69,5.93,5.69,5.89,True,潮宏基,False
2021-09-24,42.016,42.136,39.736,40.096,134032.0,74789856.0,5.9,5.92,5.52,5.58,True,潮宏基,False
2021-09-27,40.096,40.156,37.456,37.936,206574.0,107831628.0,5.58,5.59,5.14,5.22,True,潮宏基,False
2021-09-28,37.936,37.996,36.376,37.456,178322.0,91657508.0,5.22,5.23,4.96,5.14,True,潮宏基,False
2021-09-29,37.456,37.696,36.436,36.736,110786.0,55614571.99999999,5.14,5.18,4.97,5.02,True,潮宏基,False
2021-09-30,36.976,38.056,36.736,37.636,103793.0,53660981.0,5.06,5.24,5.02,5.17,True,潮宏基,False
2021-10-08,38.116,39.916,38.056,38.956,159146.0,85779694.0,5.25,5.55,5.24,5.39,True,潮宏基,False
2021-10-11,39.196,39.856,38.236,38.476,150721.0,80032851.0,5.43,5.54,5.27,5.31,True,潮宏基,False
2021-10-12,38.956,39.736,38.176,39.436,235656.0,128903832.0,5.39,5.52,5.26,5.47,True,潮宏基,False
2021-10-13,39.556,40.996,38.716,40.216,237049.0,132747440.0,5.49,5.73,5.35,5.6,True,潮宏基,False
2021-10-14,41.296,41.896,39.376,41.596,341575.0,199138225.0,5.78,5.88,5.46,5.83,True,潮宏基,False
2021-10-15,41.476,41.776,40.156,40.336,191842.0,107815204.0,5.81,5.86,5.59,5.62,True,潮宏基,False
2021-10-18,40.336,40.636,39.736,40.156,139304.0,77870936.0,5.62,5.67,5.52,5.59,True,潮宏基,False
2021-10-19,40.276,40.336,39.076,39.796,130631.0,72238943.0,5.61,5.62,5.41,5.53,True,潮宏基,False
2021-10-20,40.336,40.336,38.596,38.776,166600.0,89297600.0,5.62,5.62,5.33,5.36,True,潮宏基,False
2021-10-21,38.896,39.856,38.476,38.716,176725.0,94547875.0,5.38,5.54,5.31,5.35,True,潮宏基,False
2021-10-22,38.716,38.776,37.696,37.936,116440.0,60781680.0,5.35,5.36,5.18,5.22,True,潮宏基,False
2021-10-25,37.936,38.116,37.276,37.396,131147.0,67278411.0,5.22,5.25,5.11,5.13,True,潮宏基,False
2021-10-26,37.576,38.476,37.456,37.516,149137.0,76805555.0,5.16,5.31,5.14,5.15,True,潮宏基,False
2021-10-27,37.576,37.936,36.616,36.916,126685.0,63975925.0,5.16,5.22,5.0,5.05,True,潮宏基,False
2021-10-28,36.916,37.516,36.436,37.096,147999.0,75183492.0,5.05,5.15,4.97,5.08,True,潮宏基,False
2021-10-29,36.976,37.156,36.016,36.496,154825.0,77102850.0,5.06,5.09,4.9,4.98,True,潮宏基,False
2021-11-01,36.496,37.516,36.136,37.156,134497.0,68458973.0,4.98,5.15,4.92,5.09,True,潮宏基,False
2021-11-02,37.156,37.576,35.416,35.596,204910.0,98971530.0,5.09,5.16,4.8,4.83,True,潮宏基,False
2021-11-03,35.476,35.956,34.936,35.476,123433.0,59371272.99999999,4.81,4.89,4.72,4.81,True,潮宏基,False
2021-11-04,35.476,35.656,34.936,35.296,102933.0,49201974.0,4.81,4.84,4.72,4.78,True,潮宏基,False
2021-11-05,35.176,35.656,35.116,35.476,80015.0,38487215.0,4.76,4.84,4.75,4.81,True,潮宏基,False
2021-11-08,35.476,35.536,34.516,34.516,134446.0,62517390.00000001,4.81,4.82,4.65,4.65,True,潮宏基,False
2021-11-09,34.636,34.876,34.516,34.756,72303.0,33910107.0,4.67,4.71,4.65,4.69,True,潮宏基,False
2021-11-10,34.576,34.636,33.916,34.156,142771.0,65531889.0,4.66,4.67,4.55,4.59,True,潮宏基,False
2021-11-11,34.156,34.816,34.036,34.336,124635.0,57581370.0,4.59,4.7,4.57,4.62,True,潮宏基,False
2021-11-12,34.336,34.996,34.096,34.996,124955.0,59103715.00000001,4.62,4.73,4.58,4.73,True,潮宏基,False
2021-11-15,35.116,35.116,34.516,35.056,190158.0,90134892.0,4.75,4.75,4.65,4.74,True,潮宏基,False
2021-11-16,34.996,36.796,34.876,36.136,239513.0,117840396.0,4.73,5.03,4.71,4.92,True,潮宏基,False
2021-11-17,36.376,37.036,35.836,36.616,172539.0,86269500.0,4.96,5.07,4.87,5.0,True,潮宏基,False
2021-11-18,36.616,37.156,36.556,36.556,139336.0,69528664.0,5.0,5.09,4.99,4.99,True,潮宏基,False
2021-11-19,36.436,36.916,35.896,36.676,119234.0,59736234.0,4.97,5.05,4.88,5.01,True,潮宏基,False
2021-11-22,36.496,37.096,36.436,36.676,120903.0,60572403.0,4.98,5.08,4.97,5.01,True,潮宏基,False
2021-11-23,36.916,36.916,36.256,36.676,113466.0,56846466.0,5.05,5.05,4.94,5.01,True,潮宏基,False
2021-11-24,36.676,36.796,36.256,36.736,111738.0,56092475.99999999,5.01,5.03,4.94,5.02,True,潮宏基,False
2021-11-25,36.796,37.036,36.436,36.796,114958.0,57823874.0,5.03,5.07,4.97,5.03,True,潮宏基,False
2021-11-26,36.796,36.916,36.616,36.856,80672.0,40658688.0,5.03,5.05,5.0,5.04,True,潮宏基,False
2021-11-29,36.496,36.496,35.776,35.896,100077.0,48837576.0,4.98,4.98,4.86,4.88,True,潮宏基,False
2021-11-30,35.956,36.796,35.896,36.436,93767.0,46602199.0,4.89,5.03,4.88,4.97,True,潮宏基,False
2021-12-01,36.436,37.216,36.016,37.156,98252.0,50010268.0,4.97,5.1,4.9,5.09,True,潮宏基,False
2021-12-02,37.456,37.456,36.496,36.616,85350.0,42675000.0,5.14,5.14,4.98,5.0,True,潮宏基,False
2021-12-03,36.616,36.796,36.136,36.496,62456.0,31103088.000000004,5.0,5.03,4.92,4.98,True,潮宏基,False
2021-12-06,36.376,36.556,35.956,36.076,65974.0,32393234.0,4.96,4.99,4.89,4.91,True,潮宏基,False
2021-12-07,35.896,36.196,35.296,35.476,103493.0,49780132.99999999,4.88,4.93,4.78,4.81,True,潮宏基,False
2021-12-08,35.656,35.896,35.416,35.476,62327.0,29979287.0,4.84,4.88,4.8,4.81,True,潮宏基,False
2021-12-09,35.536,35.836,35.476,35.716,89547.0,43430295.0,4.82,4.87,4.81,4.85,True,潮宏基,False
2021-12-10,35.716,36.256,35.476,36.136,119981.0,59030652.0,4.85,4.94,4.81,4.92,True,潮宏基,False
2021-12-13,35.896,36.316,35.836,36.256,79092.0,39071448.0,4.88,4.95,4.87,4.94,True,潮宏基,False
2021-12-14,36.076,36.076,35.476,35.656,108235.0,52385740.0,4.91,4.91,4.81,4.84,True,潮宏基,False
2021-12-15,35.536,35.776,35.416,35.476,66641.0,32054321.0,4.82,4.86,4.8,4.81,True,潮宏基,False
2021-12-16,35.416,35.896,35.356,35.656,93289.0,45151876.0,4.8,4.88,4.79,4.84,True,潮宏基,False
2021-12-17,35.716,35.836,35.056,35.116,109350.0,51941250.0,4.85,4.87,4.74,4.75,True,潮宏基,False
2021-12-20,35.236,35.476,34.636,34.996,77097.0,36466881.0,4.77,4.81,4.67,4.73,True,潮宏基,False
2021-12-21,34.816,37.216,34.816,36.736,304176.0,152696352.0,4.7,5.1,4.7,5.02,True,潮宏基,False
2021-12-22,36.676,36.916,36.136,36.316,126098.0,62418510.0,5.01,5.05,4.92,4.95,True,潮宏基,False
2021-12-23,36.256,36.496,35.896,36.196,100090.0,49344370.0,4.94,4.98,4.88,4.93,True,潮宏基,False
2021-12-24,36.016,36.616,35.536,36.496,167508.0,83418984.0,4.9,5.0,4.82,4.98,True,潮宏基,False
2021-12-27,36.556,37.756,36.076,37.276,239897.0,122587367.0,4.99,5.19,4.91,5.11,True,潮宏基,False
2021-12-28,37.396,39.256,37.336,38.296,271095.0,143138160.0,5.13,5.44,5.12,5.28,True,潮宏基,False
2021-12-29,38.056,41.476,37.636,41.476,834668.0,484942108.0,5.24,5.81,5.17,5.81,True,潮宏基,False
2021-12-30,40.216,42.736,39.556,40.336,777174.0,436771788.0,5.6,6.02,5.49,5.62,True,潮宏基,False
2021-12-31,40.576,40.576,39.436,39.676,340900.0,187835900.0,5.66,5.66,5.47,5.51,True,潮宏基,False
2022-01-04,39.316,41.596,39.076,41.116,422381.0,242869075.0,5.45,5.83,5.41,5.75,True,潮宏基,False
2022-01-05,40.816,44.596,40.636,44.596,879625.0,556802625.0,5.7,6.33,5.67,6.33,True,潮宏基,False
2022-01-06,44.716,45.556,42.796,43.216,646690.0,394480900.0,6.35,6.49,6.03,6.1,True,潮宏基,False
2022-01-07,44.056,44.056,41.716,42.616,539703.0,323821800.0,6.24,6.24,5.85,6.0,True,潮宏基,False
2022-01-10,42.076,43.816,41.896,42.616,360652.0,216391200.0,5.91,6.2,5.88,6.0,True,潮宏基,False
2022-01-11,42.736,43.636,42.316,42.796,240597.0,145079991.0,6.02,6.17,5.95,6.03,True,潮宏基,False
2022-01-12,42.676,43.756,41.956,43.336,271261.0,166011732.0,6.01,6.19,5.89,6.12,True,潮宏基,False
2022-01-13,43.456,44.116,41.776,42.196,283345.0,168023585.0,6.14,6.25,5.86,5.93,True,潮宏基,False
2022-01-14,41.896,42.376,40.696,40.876,276957.0,158142447.0,5.88,5.96,5.68,5.71,True,潮宏基,False
2022-01-17,41.416,41.656,40.636,40.996,199985.0,114591405.0,5.8,5.84,5.67,5.73,True,潮宏基,False
2022-01-18,41.236,41.776,39.916,40.156,250683.0,140131797.0,5.77,5.86,5.55,5.59,True,潮宏基,False
2022-01-19,39.916,40.816,39.796,40.276,199618.0,111985698.0,5.55,5.7,5.53,5.61,True,潮宏基,False
2022-01-20,40.456,40.636,39.076,39.376,178059.0,97220214.0,5.64,5.67,5.41,5.46,True,潮宏基,False
2022-01-21,39.796,40.876,39.316,39.976,253927.0,141183412.0,5.53,5.71,5.45,5.56,True,潮宏基,False
2022-01-24,39.976,40.096,38.656,39.076,208572.0,112837452.0,5.56,5.58,5.34,5.41,True,潮宏基,False
2022-01-25,39.076,39.916,38.056,38.236,192344.0,101365288.0,5.41,5.55,5.24,5.27,True,潮宏基,False
2022-01-26,38.356,39.196,37.876,38.896,180645.0,97187010.0,5.29,5.43,5.21,5.38,True,潮宏基,False
2022-01-27,39.016,39.376,37.876,38.056,132715.0,69542660.0,5.4,5.46,5.21,5.24,True,潮宏基,False
2022-01-28,38.296,39.556,37.816,39.016,162907.0,87969780.0,5.28,5.49,5.2,5.4,True,潮宏基,False
2022-02-07,39.316,41.296,39.316,40.696,238419.0,135421992.0,5.45,5.78,5.45,5.68,True,潮宏基,False
2022-02-08,40.336,42.256,40.336,41.296,230552.0,133259056.0,5.62,5.94,5.62,5.78,True,潮宏基,False
2022-02-09,41.416,43.036,41.296,42.016,297968.0,175801120.0,5.8,6.07,5.78,5.9,True,潮宏基,False
2022-02-10,42.136,42.256,41.536,42.076,119135.0,70408785.0,5.92,5.94,5.82,5.91,True,潮宏基,False
2022-02-11,42.316,42.316,41.236,41.536,171123.0,99593586.0,5.95,5.95,5.77,5.82,True,潮宏基,False
2022-02-14,42.616,43.096,41.836,42.196,223417.0,132486281.0,6.0,6.08,5.87,5.93,True,潮宏基,False
2022-02-15,42.076,43.516,42.076,42.796,303291.0,182884473.0,5.91,6.15,5.91,6.03,True,潮宏基,False
2022-02-16,42.556,42.556,40.876,41.956,200936.0,118351304.0,5.99,5.99,5.71,5.89,True,潮宏基,False
2022-02-17,41.956,42.076,41.176,41.776,168988.0,99026968.0,5.89,5.91,5.76,5.86,True,潮宏基,False
2022-02-18,41.896,42.136,41.476,41.896,112083.0,65904804.0,5.88,5.92,5.81,5.88,True,潮宏基,False
2022-02-21,42.016,42.916,41.776,42.556,143825.0,86151175.0,5.9,6.05,5.86,5.99,True,潮宏基,False
2022-02-22,42.736,42.916,41.296,41.416,180472.0,104673760.0,6.02,6.05,5.78,5.8,True,潮宏基,False
2022-02-23,41.476,41.656,40.456,40.576,194629.0,110160014.0,5.81,5.84,5.64,5.66,True,潮宏基,False
2022-02-24,40.576,40.876,39.676,39.976,198274.0,110240344.0,5.66,5.71,5.51,5.56,True,潮宏基,False
2022-02-25,40.456,40.756,39.736,39.856,144709.0,80168786.0,5.64,5.69,5.52,5.54,True,潮宏基,False
2022-02-28,40.036,40.396,39.736,39.976,105120.0,58446719.99999999,5.57,5.63,5.52,5.56,True,潮宏基,False
2022-03-01,39.976,40.216,39.556,40.156,92948.0,51957932.0,5.56,5.6,5.49,5.59,True,潮宏基,False
2022-03-02,40.276,40.876,40.036,40.276,150716.0,84551676.0,5.61,5.71,5.57,5.61,True,潮宏基,False
2022-03-03,40.456,41.116,40.396,40.636,148732.0,84331044.0,5.64,5.75,5.63,5.67,True,潮宏基,False
2022-03-04,40.516,40.576,39.436,39.616,155058.0,85281900.0,5.65,5.66,5.47,5.5,True,潮宏基,False
2022-03-07,39.616,40.396,39.016,39.256,166511.0,90581984.0,5.5,5.63,5.4,5.44,True,潮宏基,False
2022-03-08,39.196,39.436,37.876,38.236,136677.0,72028779.0,5.43,5.47,5.21,5.27,True,潮宏基,False
2022-03-09,38.476,38.836,36.496,37.876,139720.0,72794120.0,5.31,5.37,4.98,5.21,True,潮宏基,False
2022-03-10,38.476,38.476,37.576,37.696,99936.0,51766848.0,5.31,5.31,5.16,5.18,True,潮宏基,False
2022-03-11,37.336,38.296,36.856,37.996,102476.0,53594948.00000001,5.12,5.28,5.04,5.23,True,潮宏基,False
2022-03-14,37.816,37.996,36.316,36.556,158952.0,79317048.0,5.2,5.23,4.95,4.99,True,潮宏基,False
2022-03-15,36.316,36.376,34.216,34.396,187476.0,86801388.0,4.95,4.96,4.6,4.63,True,潮宏基,False
2022-03-16,34.996,35.836,34.216,35.656,139426.0,67482184.0,4.73,4.87,4.6,4.84,True,潮宏基,False
2022-03-17,36.496,36.496,35.116,35.416,174794.0,83901120.0,4.98,4.98,4.75,4.8,True,潮宏基,False
2022-03-18,35.656,36.796,35.296,36.496,170054.0,84686892.0,4.84,5.03,4.78,4.98,True,潮宏基,False
2022-03-21,36.496,36.916,35.596,36.076,172717.0,84804047.0,4.98,5.05,4.83,4.91,True,潮宏基,False
2022-03-22,36.016,36.436,35.896,35.896,106821.0,52128648.0,4.9,4.97,4.88,4.88,True,潮宏基,False
2022-03-23,36.136,36.196,35.596,35.716,104230.0,50551550.0,4.92,4.93,4.83,4.85,True,潮宏基,False
2022-03-24,35.596,35.896,35.416,35.596,84883.0,40998489.0,4.83,4.88,4.8,4.83,True,潮宏基,False
2022-03-25,35.536,36.016,35.356,35.656,76404.0,36979536.0,4.82,4.9,4.79,4.84,True,潮宏基,False
2022-03-28,35.716,35.836,34.996,35.356,124095.0,59441505.0,4.85,4.87,4.73,4.79,True,潮宏基,False
2022-03-29,35.356,35.476,34.396,34.696,204856.0,95872608.0,4.79,4.81,4.63,4.68,True,潮宏基,False
2022-03-30,34.576,34.936,34.516,34.756,126051.0,59117919.00000001,4.66,4.72,4.65,4.69,True,潮宏基,False
2022-03-31,34.636,35.116,34.576,34.816,109039.0,51248330.0,4.67,4.75,4.66,4.7,True,潮宏基,False
2022-04-01,34.636,35.356,34.516,35.176,104109.0,49555884.0,4.67,4.79,4.65,4.76,True,潮宏基,False
2022-04-06,35.236,35.656,35.056,35.596,99903.0,48253149.0,4.77,4.84,4.74,4.83,True,潮宏基,False
2022-04-07,35.596,35.596,34.876,34.876,103964.0,48967044.0,4.83,4.83,4.71,4.71,True,潮宏基,False
2022-04-08,34.996,35.116,34.516,34.816,97716.0,45926520.0,4.73,4.75,4.65,4.7,True,潮宏基,False
2022-04-11,34.816,34.936,33.556,33.736,139400.0,63008799.99999999,4.7,4.72,4.49,4.52,True,潮宏基,False
2022-04-12,33.676,34.756,33.496,34.696,126480.0,59192640.0,4.51,4.69,4.48,4.68,True,潮宏基,False
2022-04-13,34.396,34.816,34.096,34.096,73070.0,33466060.0,4.63,4.7,4.58,4.58,True,潮宏基,False
2022-04-14,34.156,35.356,34.096,34.936,146475.0,69136200.0,4.59,4.79,4.58,4.72,True,潮宏基,False
2022-04-15,34.756,35.116,34.216,34.276,109181.0,50332441.0,4.69,4.75,4.6,4.61,True,潮宏基,False
2022-04-18,34.216,34.516,33.616,34.216,69750.0,32085000.0,4.6,4.65,4.5,4.6,True,潮宏基,False
2022-04-19,34.216,34.576,34.096,34.336,68027.0,31428474.0,4.6,4.66,4.58,4.62,True,潮宏基,False
2022-04-20,34.396,35.236,34.216,34.636,128122.0,59832974.0,4.63,4.77,4.6,4.67,True,潮宏基,False
2022-04-21,34.396,34.516,33.076,33.316,132506.0,58965170.0,4.63,4.65,4.41,4.45,True,潮宏基,False
2022-04-22,33.196,34.336,32.896,33.976,103937.0,47395271.99999999,4.43,4.62,4.38,4.56,True,潮宏基,False
2022-04-25,33.616,33.796,31.216,31.276,205721.0,84551331.0,4.5,4.53,4.1,4.11,True,潮宏基,False
2022-04-26,31.216,31.576,29.896,30.136,165940.0,65048480.0,4.1,4.16,3.88,3.92,True,潮宏基,False
2022-04-27,29.596,30.856,29.356,30.736,118505.0,47639009.99999999,3.83,4.04,3.79,4.02,True,潮宏基,False
2022-04-28,30.616,30.976,29.656,30.196,92009.0,36159537.0,4.0,4.06,3.84,3.93,True,潮宏基,False
2022-04-29,30.256,32.296,30.256,32.296,149041.0,63789548.0,3.94,4.28,3.94,4.28,True,潮宏基,False
2022-05-05,31.636,31.996,31.396,31.696,208836.0,87293448.0,4.17,4.23,4.13,4.18,True,潮宏基,False
2022-05-06,31.156,31.216,30.676,30.856,116271.0,46973484.0,4.09,4.1,4.01,4.04,True,潮宏基,False
2022-05-09,30.916,31.636,30.916,31.576,98881.0,41134496.0,4.05,4.17,4.05,4.16,True,潮宏基,False
2022-05-10,31.276,31.636,30.976,31.576,91675.0,38136800.0,4.11,4.17,4.06,4.16,True,潮宏基,False
2022-05-11,31.576,32.176,31.396,31.576,118755.0,49402080.0,4.16,4.26,4.13,4.16,True,潮宏基,False
2022-05-12,31.396,31.936,31.276,31.816,84131.0,35335020.0,4.13,4.22,4.11,4.2,True,潮宏基,False
2022-05-13,31.996,32.056,31.456,31.816,78296.0,32884320.0,4.23,4.24,4.14,4.2,True,潮宏基,False
2022-05-16,31.936,31.996,31.636,31.816,81650.0,34293000.0,4.22,4.23,4.17,4.2,True,潮宏基,False
2022-05-17,31.696,31.816,31.156,31.516,66661.0,27664315.000000004,4.18,4.2,4.09,4.15,True,潮宏基,False
2022-05-18,31.516,32.056,31.276,31.876,83981.0,35356001.0,4.15,4.24,4.11,4.21,True,潮宏基,False
2022-05-19,31.516,31.816,31.336,31.696,72209.0,30183362.0,4.15,4.2,4.12,4.18,True,潮宏基,False
2022-05-20,31.876,32.176,31.756,32.176,107889.0,45960714.0,4.21,4.26,4.19,4.26,True,潮宏基,False
2022-05-23,32.176,32.356,31.816,32.296,85664.0,36664192.0,4.26,4.29,4.2,4.28,True,潮宏基,False
2022-05-24,32.356,32.476,31.336,31.396,98866.0,40831658.0,4.29,4.31,4.12,4.13,True,潮宏基,False
2022-05-25,31.456,32.476,31.396,32.296,121656.0,52068768.0,4.14,4.31,4.13,4.28,True,潮宏基,False
2022-05-26,32.416,32.716,31.816,32.596,143350.0,62070550.0,4.3,4.35,4.2,4.33,True,潮宏基,False
2022-05-27,33.016,33.076,32.356,32.476,94937.0,40917847.0,4.4,4.41,4.29,4.31,True,潮宏基,False
2022-05-30,32.536,32.596,32.236,32.536,58329.0,25198128.0,4.32,4.33,4.27,4.32,True,潮宏基,False
2022-05-31,32.536,33.016,32.296,32.896,73625.0,32247750.0,4.32,4.4,4.28,4.38,True,潮宏基,False
2022-06-01,32.896,33.316,32.656,33.016,89268.0,39277920.0,4.38,4.45,4.34,4.4,True,潮宏基,False
2022-06-02,33.016,33.856,32.956,33.796,151376.0,68573328.0,4.4,4.54,4.39,4.53,True,潮宏基,False
2022-06-06,33.736,33.916,33.256,33.496,153559.0,65723252.00000001,4.32,4.35,4.24,4.28,True,潮宏基,False
2022-06-07,33.556,33.616,33.136,33.556,111194.0,47702226.0,4.29,4.3,4.22,4.29,True,潮宏基,False
2022-06-08,33.496,33.556,32.896,33.256,84104.0,35660096.0,4.28,4.29,4.18,4.24,True,潮宏基,False
2022-06-09,33.196,33.196,32.656,32.776,63026.0,26218816.0,4.23,4.23,4.14,4.16,True,潮宏基,False
2022-06-10,32.716,33.076,32.536,33.016,88606.0,37214520.0,4.15,4.21,4.12,4.2,True,潮宏基,False
2022-06-13,32.836,33.076,32.656,32.956,91950.0,38527050.0,4.17,4.21,4.14,4.19,True,潮宏基,False
2022-06-14,32.896,33.076,32.296,33.076,112436.0,47335556.0,4.18,4.21,4.08,4.21,True,潮宏基,False
2022-06-15,33.256,33.436,32.956,33.196,106215.0,44928945.00000001,4.24,4.27,4.19,4.23,True,潮宏基,False
2022-06-16,33.016,33.316,33.016,33.076,66931.0,28177951.0,4.2,4.25,4.2,4.21,True,潮宏基,False
2022-06-17,32.956,33.256,32.836,33.076,73724.0,31037804.0,4.19,4.24,4.17,4.21,True,潮宏基,False
2022-06-20,33.076,33.736,33.016,33.736,117089.0,50582448.0,4.21,4.32,4.2,4.32,True,潮宏基,False
2022-06-21,33.796,34.156,33.556,33.976,120429.0,52507044.00000001,4.33,4.39,4.29,4.36,True,潮宏基,False
2022-06-22,34.096,34.216,33.736,33.796,79000.0,34207000.0,4.38,4.4,4.32,4.33,True,潮宏基,False
2022-06-23,33.796,34.216,33.436,34.216,108710.0,47832400.00000001,4.33,4.4,4.27,4.4,True,潮宏基,False
2022-06-24,34.216,35.056,33.796,34.876,178489.0,80498539.0,4.4,4.54,4.33,4.51,True,潮宏基,False
2022-06-27,34.816,35.116,34.576,34.996,134958.0,61135974.0,4.5,4.55,4.46,4.53,True,潮宏基,False
2022-06-28,34.996,35.236,34.576,34.996,117886.0,53402358.0,4.53,4.57,4.46,4.53,True,潮宏基,False
2022-06-29,34.996,35.536,34.876,34.936,117410.0,53069319.99999999,4.53,4.62,4.51,4.52,True,潮宏基,False
2022-06-30,35.236,35.596,35.176,35.356,107830.0,49493970.0,4.57,4.63,4.56,4.59,True,潮宏基,False
2022-07-01,35.356,35.476,34.996,35.236,83321.0,38077697.0,4.59,4.61,4.53,4.57,True,潮宏基,False
2022-07-04,35.476,35.476,34.936,35.236,71040.0,32465280.000000004,4.61,4.61,4.52,4.57,True,潮宏基,False
2022-07-05,35.296,35.536,34.516,34.816,96840.0,43578000.0,4.58,4.62,4.45,4.5,True,潮宏基,False
2022-07-06,34.936,34.936,34.036,34.216,92789.0,40827160.0,4.52,4.52,4.37,4.4,True,潮宏基,False
2022-07-07,34.216,34.516,34.156,34.216,65578.0,28854320.000000004,4.4,4.45,4.39,4.4,True,潮宏基,False
2022-07-08,34.396,34.396,34.036,34.036,60017.0,26227429.0,4.43,4.43,4.37,4.37,True,潮宏基,False
2022-07-11,34.156,34.156,33.436,33.736,81392.0,35161344.0,4.39,4.39,4.27,4.32,True,潮宏基,False
2022-07-12,33.856,33.856,33.316,33.316,53055.0,22548375.0,4.34,4.34,4.25,4.25,True,潮宏基,False
2022-07-13,33.196,33.736,33.196,33.616,55889.0,24032270.0,4.23,4.32,4.23,4.3,True,潮宏基,False
2022-07-14,33.496,33.616,33.256,33.376,46025.0,19606650.0,4.28,4.3,4.24,4.26,True,潮宏基,False
2022-07-15,33.316,33.316,32.656,32.656,75373.0,31204422.0,4.25,4.25,4.14,4.14,True,潮宏基,False
2022-07-18,32.836,33.556,32.776,33.496,77615.0,33219220.000000004,4.17,4.29,4.16,4.28,True,潮宏基,False
2022-07-19,33.556,36.076,33.376,34.996,285126.0,129162078.0,4.29,4.71,4.26,4.53,True,潮宏基,False
2022-07-20,34.756,35.236,34.216,34.696,185719.0,83202112.00000001,4.49,4.57,4.4,4.48,True,潮宏基,False
2022-07-21,34.756,34.876,34.456,34.456,83667.0,37148148.0,4.49,4.51,4.44,4.44,True,潮宏基,False
2022-07-22,34.456,34.756,34.216,34.516,69176.0,30783320.0,4.44,4.49,4.4,4.45,True,潮宏基,False
2022-07-25,34.516,35.656,34.216,35.056,146904.0,66694416.0,4.45,4.64,4.4,4.54,True,潮宏基,False
2022-07-26,34.936,37.696,34.816,37.096,549109.0,267965192.0,4.52,4.98,4.5,4.88,True,潮宏基,False
2022-07-27,36.316,37.096,35.776,36.616,391751.0,188040480.0,4.75,4.88,4.66,4.8,True,潮宏基,False
2022-07-28,36.856,36.976,36.136,36.256,199420.0,94525080.0,4.84,4.86,4.72,4.74,True,潮宏基,False
2022-07-29,36.196,36.676,35.836,36.016,153064.0,71940080.0,4.73,4.81,4.67,4.7,True,潮宏基,False
2022-08-01,35.716,36.256,35.236,35.356,154428.0,70882452.0,4.65,4.74,4.57,4.59,True,潮宏基,False
2022-08-02,35.356,35.356,33.496,33.916,208095.0,90521325.0,4.59,4.59,4.28,4.35,True,潮宏基,False
2022-08-03,33.856,34.456,33.796,33.796,129277.0,55976941.0,4.34,4.44,4.33,4.33,True,潮宏基,False
2022-08-04,33.916,34.156,33.676,34.096,90976.0,39847488.0,4.35,4.39,4.31,4.38,True,潮宏基,False
2022-08-05,34.096,34.516,33.976,34.456,110210.0,48933240.00000001,4.38,4.45,4.36,4.44,True,潮宏基,False
2022-08-08,34.456,34.576,34.156,34.396,84689.0,37517227.0,4.44,4.46,4.39,4.43,True,潮宏基,False
2022-08-09,34.216,34.396,33.976,34.336,90143.0,39843206.0,4.4,4.43,4.36,4.42,True,潮宏基,False
2022-08-10,34.216,35.896,34.036,35.356,207588.0,95282892.0,4.4,4.68,4.37,4.59,True,潮宏基,False
2022-08-11,35.356,36.616,35.356,36.436,288288.0,137513376.0,4.59,4.8,4.59,4.77,True,潮宏基,False
2022-08-12,36.616,36.916,35.956,36.136,158778.0,74943216.0,4.8,4.85,4.69,4.72,True,潮宏基,False
2022-08-15,36.436,36.916,35.776,36.256,159508.0,75606792.0,4.77,4.85,4.66,4.74,True,潮宏基,False
2022-08-16,36.436,36.496,35.776,35.896,104184.0,48758112.0,4.77,4.78,4.66,4.68,True,潮宏基,False
2022-08-17,38.716,38.716,38.656,38.716,567762.0,292397430.0,5.15,5.15,5.14,5.15,True,潮宏基,False
2022-08-18,38.716,41.056,38.176,40.096,1358718.0,730990284.0,5.15,5.54,5.06,5.38,True,潮宏基,False
2022-08-19,40.096,40.576,38.536,38.596,590572.0,302963436.0,5.38,5.46,5.12,5.13,True,潮宏基,False
2022-08-22,38.656,40.696,38.176,40.216,531467.0,286992180.0,5.14,5.48,5.06,5.4,True,潮宏基,False
2022-08-23,39.916,41.896,39.556,40.816,458176.0,251996800.0,5.35,5.68,5.29,5.5,True,潮宏基,False
2022-08-24,40.336,40.876,39.136,39.376,346584.0,182303184.0,5.42,5.51,5.22,5.26,True,潮宏基,False
2022-08-25,39.436,39.676,38.236,38.896,236361.0,122434998.0,5.27,5.31,5.07,5.18,True,潮宏基,False
2022-08-26,38.896,39.136,37.636,37.816,231329.0,115664500.0,5.18,5.22,4.97,5.0,True,潮宏基,False
2022-08-29,37.336,38.476,37.096,38.296,161110.0,81843880.0,4.92,5.11,4.88,5.08,True,潮宏基,False
2022-08-30,37.876,39.256,37.876,38.356,146344.0,74489096.0,5.01,5.24,5.01,5.09,True,潮宏基,False
2022-08-31,38.236,38.296,36.796,37.036,208181.0,101384147.0,5.07,5.08,4.83,4.87,True,潮宏基,False
2022-09-01,37.576,37.576,36.736,37.036,98842.0,48136054.0,4.96,4.96,4.82,4.87,True,潮宏基,False
2022-09-02,36.976,37.396,36.736,37.276,105859.0,51976769.0,4.86,4.93,4.82,4.91,True,潮宏基,False
2022-09-05,37.276,37.816,36.736,37.636,134436.0,66814692.0,4.91,5.0,4.82,4.97,True,潮宏基,False
2022-09-06,37.636,37.636,37.276,37.516,109901.0,54400995.0,4.97,4.97,4.91,4.95,True,潮宏基,False
2022-09-07,37.456,37.456,36.616,36.796,144997.0,70033551.0,4.94,4.94,4.8,4.83,True,潮宏基,False
2022-09-08,36.736,37.696,36.076,37.696,285137.0,141998226.0,4.82,4.98,4.71,4.98,True,潮宏基,False
2022-09-09,37.696,38.356,36.856,36.976,183460.0,89161560.0,4.98,5.09,4.84,4.86,True,潮宏基,False
2022-09-13,36.796,38.656,36.736,38.116,271833.0,137275665.0,4.83,5.14,4.82,5.05,True,潮宏基,False
2022-09-14,37.516,37.576,36.796,37.216,191630.0,93898700.0,4.95,4.96,4.83,4.9,True,潮宏基,False
2022-09-15,37.456,37.696,36.076,36.376,166472.0,79240672.0,4.94,4.98,4.71,4.76,True,潮宏基,False
2022-09-16,36.376,36.376,34.996,35.056,131165.0,59548910.0,4.76,4.76,4.53,4.54,True,潮宏基,False
2022-09-19,34.876,35.056,33.916,34.456,106783.0,47411652.00000001,4.51,4.54,4.35,4.44,True,潮宏基,False
2022-09-20,34.756,35.356,34.636,35.296,98095.0,44927510.0,4.49,4.59,4.47,4.58,True,潮宏基,False
2022-09-21,35.356,35.596,34.816,35.476,76164.0,35111604.0,4.59,4.63,4.5,4.61,True,潮宏基,False
2022-09-22,35.356,35.716,35.176,35.236,94066.0,42988162.0,4.59,4.65,4.56,4.57,True,潮宏基,False
2022-09-23,35.476,35.476,34.096,34.336,111386.0,49232612.0,4.61,4.61,4.38,4.42,True,潮宏基,False
2022-09-26,33.916,34.096,33.256,33.316,101721.0,43231425.0,4.35,4.38,4.24,4.25,True,潮宏基,False
2022-09-27,33.616,34.876,33.376,34.876,115348.0,52021948.0,4.3,4.51,4.26,4.51,True,潮宏基,False
2022-09-28,34.816,34.996,33.976,33.976,95684.0,41718224.0,4.5,4.53,4.36,4.36,True,潮宏基,False
2022-09-29,34.336,34.636,33.376,33.616,73675.0,31680250.0,4.42,4.47,4.26,4.3,True,潮宏基,False
2022-09-30,33.676,34.276,33.436,34.036,69328.0,30296336.0,4.31,4.41,4.27,4.37,True,潮宏基,False
2022-10-10,34.036,34.276,32.596,32.836,95979.0,40023243.0,4.37,4.41,4.13,4.17,True,潮宏基,False
2022-10-11,32.776,32.956,32.056,32.716,63391.0,26307265.000000004,4.16,4.19,4.04,4.15,True,潮宏基,False
2022-10-12,32.716,33.196,32.116,33.196,58192.0,24615216.000000004,4.15,4.23,4.05,4.23,True,潮宏基,False
2022-10-13,33.016,33.376,32.836,33.016,61548.0,25850160.0,4.2,4.26,4.17,4.2,True,潮宏基,False
2022-10-14,33.376,34.036,33.256,33.856,70207.0,30469838.0,4.26,4.37,4.24,4.34,True,潮宏基,False
2022-10-17,33.736,34.396,33.556,34.276,64695.0,28530495.0,4.32,4.43,4.29,4.41,True,潮宏基,False
2022-10-18,34.396,34.456,33.556,33.736,98870.0,42711840.0,4.43,4.44,4.29,4.32,True,潮宏基,False
2022-10-19,33.676,33.676,33.136,33.196,60106.0,25424838.000000004,4.31,4.31,4.22,4.23,True,潮宏基,False
2022-10-20,33.196,33.436,32.896,33.136,52511.0,22159642.0,4.23,4.27,4.18,4.22,True,潮宏基,False
2022-10-21,33.076,33.256,32.716,32.776,55442.0,23063872.0,4.21,4.24,4.15,4.16,True,潮宏基,False
2022-10-24,32.896,33.196,32.116,32.356,69761.0,28532249.0,4.18,4.23,4.05,4.09,True,潮宏基,False
2022-10-25,32.296,32.536,31.936,32.476,51913.0,21336243.0,4.08,4.12,4.02,4.11,True,潮宏基,False
2022-10-26,32.476,32.896,32.476,32.716,49429.0,20513035.0,4.11,4.18,4.11,4.15,True,潮宏基,False
2022-10-27,32.716,32.896,32.656,32.776,40183.0,16716128.0,4.15,4.18,4.14,4.16,True,潮宏基,False
2022-10-28,32.776,32.776,32.176,32.296,81252.0,33150816.0,4.16,4.16,4.06,4.08,True,潮宏基,False
2022-10-31,32.296,32.656,32.056,32.416,46463.0,19049830.0,4.08,4.14,4.04,4.1,True,潮宏基,False
2022-11-01,32.536,33.136,32.536,33.136,64106.0,27052732.0,4.12,4.22,4.12,4.22,True,潮宏基,False
2022-11-02,33.016,33.376,32.956,33.256,91087.0,38620888.0,4.2,4.26,4.19,4.24,True,潮宏基,False
2022-11-03,33.016,33.436,33.016,33.196,55888.0,23640624.000000004,4.2,4.27,4.2,4.23,True,潮宏基,False
2022-11-04,33.256,33.796,33.196,33.736,94905.0,40998960.0,4.24,4.33,4.23,4.32,True,潮宏基,False
2022-11-07,33.856,34.096,33.676,34.036,77583.0,33903771.0,4.34,4.38,4.31,4.37,True,潮宏基,False
2022-11-08,34.216,34.216,33.856,33.976,56036.0,24431696.0,4.4,4.4,4.34,4.36,True,潮宏基,False
2022-11-09,33.976,34.216,33.796,34.156,63038.0,27673682.0,4.36,4.4,4.33,4.39,True,潮宏基,False
2022-11-10,33.976,34.216,33.856,33.976,77156.0,33640016.0,4.36,4.4,4.34,4.36,True,潮宏基,False
2022-11-11,34.456,34.756,34.156,34.216,104726.0,46079440.0,4.44,4.49,4.39,4.4,True,潮宏基,False
2022-11-14,34.216,34.636,34.036,34.396,73409.0,32520187.0,4.4,4.47,4.37,4.43,True,潮宏基,False
2022-11-15,34.456,34.516,34.216,34.456,61917.0,27491148.000000004,4.44,4.45,4.4,4.44,True,潮宏基,False
2022-11-16,34.576,34.696,34.456,34.636,60847.0,27198609.0,4.46,4.48,4.44,4.47,True,潮宏基,False
2022-11-17,34.516,34.756,34.336,34.516,56395.0,25095775.0,4.45,4.49,4.42,4.45,True,潮宏基,False
2022-11-18,34.516,34.756,34.096,34.216,73249.0,32229560.000000004,4.45,4.49,4.38,4.4,True,潮宏基,False
2022-11-21,34.156,34.156,33.676,33.976,63528.0,27698208.000000004,4.39,4.39,4.31,4.36,True,潮宏基,False
2022-11-22,34.156,34.156,33.616,33.676,77036.0,33202516.0,4.39,4.39,4.3,4.31,True,潮宏基,False
2022-11-23,33.856,33.856,33.196,33.436,61994.0,26471438.0,4.34,4.34,4.23,4.27,True,潮宏基,False
2022-11-24,33.616,33.796,33.436,33.616,62472.0,26862960.0,4.3,4.33,4.27,4.3,True,潮宏基,False
2022-11-25,33.556,33.796,33.436,33.556,51374.0,22039446.0,4.29,4.33,4.27,4.29,True,潮宏基,False
2022-11-28,33.436,33.496,32.896,33.496,77689.0,33250892.000000004,4.27,4.28,4.18,4.28,True,潮宏基,False
2022-11-29,33.616,34.216,33.436,34.156,122802.0,53910077.99999999,4.3,4.4,4.27,4.39,True,潮宏基,False
2022-11-30,34.216,34.396,33.856,34.036,64125.0,28022625.0,4.4,4.43,4.34,4.37,True,潮宏基,False
2022-12-01,34.336,35.056,34.336,34.636,148987.0,66597189.0,4.42,4.54,4.42,4.47,True,潮宏基,False
2022-12-02,35.116,35.476,34.576,34.876,96181.0,43377631.0,4.55,4.61,4.46,4.51,True,潮宏基,False
2022-12-05,35.056,35.716,34.936,35.476,189242.0,87240562.0,4.54,4.65,4.52,4.61,True,潮宏基,False
2022-12-06,35.476,36.316,35.356,35.836,170132.0,79451644.0,4.61,4.75,4.59,4.67,True,潮宏基,False
2022-12-07,35.896,36.076,35.476,35.956,128795.0,60404855.00000001,4.68,4.71,4.61,4.69,True,潮宏基,False
2022-12-08,35.956,36.736,35.656,36.196,127715.0,60409195.00000001,4.69,4.82,4.64,4.73,True,潮宏基,False
2022-12-09,36.316,36.316,35.776,36.016,96673.0,45436310.0,4.75,4.75,4.66,4.7,True,潮宏基,False
2022-12-12,36.136,36.196,35.416,35.536,79721.0,36831102.0,4.72,4.73,4.6,4.62,True,潮宏基,False
2022-12-13,35.536,36.976,35.476,36.316,132921.0,63137475.0,4.62,4.86,4.61,4.75,True,潮宏基,False
2022-12-14,36.256,36.976,36.256,36.736,102159.0,49240638.0,4.74,4.86,4.74,4.82,True,潮宏基,False
2022-12-15,36.856,37.216,36.316,36.376,83417.0,39706492.0,4.84,4.9,4.75,4.76,True,潮宏基,False
2022-12-16,36.376,36.796,36.196,36.556,60900.0,29171100.0,4.76,4.83,4.73,4.79,True,潮宏基,False
2022-12-19,36.676,37.216,35.956,36.196,99011.0,46832203.00000001,4.81,4.9,4.69,4.73,True,潮宏基,False
2022-12-20,36.136,36.436,35.716,36.016,60862.0,28605140.0,4.72,4.77,4.65,4.7,True,潮宏基,False
2022-12-21,36.016,36.616,35.896,36.496,90928.0,43463584.0,4.7,4.8,4.68,4.78,True,潮宏基,False
2022-12-22,36.496,37.576,36.196,36.856,138724.0,67142416.0,4.78,4.96,4.73,4.84,True,潮宏基,False
2022-12-23,36.916,37.156,36.376,36.616,80432.0,38607360.0,4.85,4.89,4.76,4.8,True,潮宏基,False
2022-12-26,36.676,36.796,36.076,36.256,77460.0,36716040.0,4.81,4.83,4.71,4.74,True,潮宏基,False
2022-12-27,36.436,37.936,36.316,37.396,142450.0,70227850.0,4.77,5.02,4.75,4.93,True,潮宏基,False
2022-12-28,37.156,37.456,36.736,37.276,117669.0,57775479.0,4.89,4.94,4.82,4.91,True,潮宏基,False
2022-12-29,37.216,37.576,36.856,37.396,88947.0,43850871.0,4.9,4.96,4.84,4.93,True,潮宏基,False
2022-12-30,37.276,40.336,37.276,39.376,414234.0,217887084.0,4.91,5.42,4.91,5.26,True,潮宏基,False
2023-01-03,39.556,40.576,39.196,39.676,415951.0,220869981.0,5.29,5.46,5.23,5.31,True,潮宏基,False
2023-01-04,39.556,41.116,39.376,40.276,334674.0,181058634.0,5.29,5.55,5.26,5.41,True,潮宏基,False
2023-01-05,40.096,41.236,40.096,40.576,289919.0,158295774.0,5.38,5.57,5.38,5.46,True,潮宏基,False
2023-01-06,40.576,40.816,40.096,40.276,172401.0,93268941.0,5.46,5.5,5.38,5.41,True,潮宏基,False
2023-01-09,40.516,42.856,40.456,42.496,425242.0,245789876.0,5.45,5.84,5.44,5.78,True,潮宏基,False
2023-01-10,42.196,44.176,41.956,43.816,398491.0,239094600.0,5.73,6.06,5.69,6.0,True,潮宏基,False
2023-01-11,43.636,43.816,41.896,42.196,441816.0,253160568.00000003,5.97,6.0,5.68,5.73,True,潮宏基,False
2023-01-12,42.136,43.156,41.476,42.016,268564.0,153081480.0,5.72,5.89,5.61,5.7,True,潮宏基,False
2023-01-13,42.016,43.996,41.476,43.756,363685.0,217847315.0,5.7,6.03,5.61,5.99,True,潮宏基,False
2023-01-16,43.816,43.876,42.196,43.456,333484.0,198089496.0,6.0,6.01,5.73,5.94,True,潮宏基,False
2023-01-17,43.096,43.276,41.776,42.676,205894.0,119624414.0,5.88,5.91,5.66,5.81,True,潮宏基,False
2023-01-18,42.436,43.096,42.136,42.256,129659.0,74424266.0,5.77,5.88,5.72,5.74,True,潮宏基,False
2023-01-19,41.896,43.456,41.836,42.436,256814.0,148181678.0,5.68,5.94,5.67,5.77,True,潮宏基,False
2023-01-20,42.436,43.396,42.136,42.856,113376.0,66211584.0,5.77,5.93,5.72,5.84,True,潮宏基,False
2023-01-30,43.876,46.336,43.816,46.336,460888.0,295890096.0,6.01,6.42,6.0,6.42,True,潮宏基,False
2023-01-31,45.856,45.856,44.176,45.256,502009.0,313253616.0,6.34,6.34,6.06,6.24,True,潮宏基,False
2023-02-01,44.776,46.036,44.536,45.616,319836.0,201496680.0,6.16,6.37,6.12,6.3,True,潮宏基,False
2023-02-02,45.496,45.496,44.416,45.016,183100.0,113522000.0,6.28,6.28,6.1,6.2,True,潮宏基,False
2023-02-03,44.896,44.896,43.816,44.356,139728.0,85094352.0,6.18,6.18,6.0,6.09,True,潮宏基,False
2023-02-06,43.756,44.356,42.736,44.236,182967.0,111060969.0,5.99,6.09,5.82,6.07,True,潮宏基,False
2023-02-07,44.056,44.836,43.576,44.776,118402.0,72935632.0,6.04,6.17,5.96,6.16,True,潮宏基,False
2023-02-08,44.776,45.256,44.056,44.116,125769.0,76090245.0,6.16,6.24,6.04,6.05,True,潮宏基,False
2023-02-09,44.116,45.316,43.936,44.956,182515.0,112976785.0,6.05,6.25,6.02,6.19,True,潮宏基,False
2023-02-10,45.316,46.336,44.956,45.556,159962.0,100616098.0,6.25,6.42,6.19,6.29,True,潮宏基,False
2023-02-13,45.136,47.116,44.656,46.456,193435.0,124572140.0,6.22,6.55,6.14,6.44,True,潮宏基,False
2023-02-14,46.456,47.536,46.216,46.336,166213.0,106708746.0,6.44,6.62,6.4,6.42,True,潮宏基,False
2023-02-15,46.636,47.956,46.396,47.296,159821.0,105162218.0,6.47,6.69,6.43,6.58,True,潮宏基,False
2023-02-16,47.116,48.136,45.796,46.156,170483.0,108938637.0,6.55,6.72,6.33,6.39,True,潮宏基,False
2023-02-17,46.156,46.876,45.616,45.796,107418.0,67995594.0,6.39,6.51,6.3,6.33,True,潮宏基,False
2023-02-20,45.616,48.196,45.616,47.716,247633.0,164675945.0,6.3,6.73,6.3,6.65,True,潮宏基,False
2023-02-21,47.716,48.136,46.636,47.236,134239.0,88195023.0,6.65,6.72,6.47,6.57,True,潮宏基,False
2023-02-22,46.996,49.456,46.696,49.276,222695.0,153882245.0,6.53,6.94,6.48,6.91,True,潮宏基,False
2023-02-23,49.276,49.576,48.196,48.496,147616.0,100083648.0,6.91,6.96,6.73,6.78,True,潮宏基,False
2023-02-24,48.436,48.976,48.196,48.376,84625.0,57206500.0,6.77,6.86,6.73,6.76,True,潮宏基,False
2023-02-27,48.256,48.916,47.716,48.676,114138.0,77727978.0,6.74,6.85,6.65,6.81,True,潮宏基,False
2023-02-28,48.496,49.936,48.136,49.516,165003.0,114677085.0,6.78,7.02,6.72,6.95,True,潮宏基,False
2023-03-01,49.696,50.596,49.036,50.416,143493.0,101880030.0,6.98,7.13,6.87,7.1,True,潮宏基,False
2023-03-02,50.116,50.476,49.876,50.236,78207.0,55292349.0,7.05,7.11,7.01,7.07,True,潮宏基,False
2023-03-03,50.056,51.556,49.996,51.376,119016.0,86405616.0,7.04,7.29,7.03,7.26,True,潮宏基,False
2023-03-06,51.676,51.856,50.476,51.436,169992.0,123584184.0,7.31,7.34,7.11,7.27,True,潮宏基,False
2023-03-07,51.016,52.216,49.756,51.256,180898.0,130970152.0,7.2,7.4,6.99,7.24,True,潮宏基,False
2023-03-08,51.016,51.136,50.116,50.356,127400.0,90326600.0,7.2,7.22,7.05,7.09,True,潮宏基,False
2023-03-09,50.356,50.536,49.036,49.336,141965.0,98239780.0,7.09,7.12,6.87,6.92,True,潮宏基,False
2023-03-10,48.916,50.056,48.796,48.856,130128.0,89007552.0,6.85,7.04,6.83,6.84,True,潮宏基,False
2023-03-13,48.916,49.936,48.556,49.876,105952.0,74272352.0,6.85,7.02,6.79,7.01,True,潮宏基,False
2023-03-14,50.416,52.036,47.716,48.136,213586.0,143529792.0,7.1,7.37,6.65,6.72,True,潮宏基,False
2023-03-15,48.556,49.996,47.296,49.516,227800.0,158321000.0,6.79,7.03,6.58,6.95,True,潮宏基,False
2023-03-16,49.516,53.056,49.036,51.736,327961.0,240067452.0,6.95,7.54,6.87,7.32,True,潮宏基,False
2023-03-17,51.676,53.416,51.616,51.976,160589.0,118193504.0,7.31,7.6,7.3,7.36,True,潮宏基,False
2023-03-20,52.156,52.216,50.656,50.716,152632.0,109131880.0,7.39,7.4,7.14,7.15,True,潮宏基,False
2023-03-21,50.716,52.156,50.176,51.256,103825.0,75169300.0,7.15,7.39,7.06,7.24,True,潮宏基,False
2023-03-22,51.196,51.376,48.496,50.536,249620.0,177729440.0,7.23,7.26,6.78,7.12,True,潮宏基,False
2023-03-23,50.476,51.316,49.996,50.896,132204.0,94922472.0,7.11,7.25,7.03,7.18,True,潮宏基,False
2023-03-24,50.656,52.096,50.656,50.896,101641.0,72978238.0,7.14,7.38,7.14,7.18,True,潮宏基,False
2023-03-27,50.836,50.896,48.496,49.696,197046.0,137538108.0,7.17,7.18,6.78,6.98,True,潮宏基,False
2023-03-28,49.696,50.716,48.676,50.236,133224.0,94189368.0,6.98,7.15,6.81,7.07,True,潮宏基,False
2023-03-29,50.356,52.756,50.176,52.516,163110.0,121516950.0,7.09,7.49,7.06,7.45,True,潮宏基,False
2023-03-30,52.516,53.296,51.616,52.516,108453.0,80797485.0,7.45,7.58,7.3,7.45,True,潮宏基,False
2023-03-31,52.336,55.516,52.216,55.096,165991.0,130800908.0,7.42,7.95,7.4,7.88,True,潮宏基,False
2023-04-03,54.616,58.276,53.836,56.056,330285.0,265549140.0,7.8,8.41,7.67,8.04,True,潮宏基,False
2023-04-04,56.056,57.316,55.216,56.776,179878.0,146780448.0,8.04,8.25,7.9,8.16,True,潮宏基,False
2023-04-06,56.716,58.936,56.656,57.016,199942.0,163952440.0,8.15,8.52,8.14,8.2,True,潮宏基,False
2023-04-07,57.016,57.856,56.356,57.796,99900.0,83216700.0,8.2,8.34,8.09,8.33,True,潮宏基,False
2023-04-10,57.676,60.196,57.076,58.816,168994.0,143644900.0,8.31,8.73,8.21,8.5,True,潮宏基,False
2023-04-11,58.816,58.996,56.116,56.776,208279.0,169955664.0,8.5,8.53,8.05,8.16,True,潮宏基,False
2023-04-12,56.296,57.256,55.636,56.236,139610.0,112665270.0,8.08,8.24,7.97,8.07,True,潮宏基,False
2023-04-13,56.116,56.956,55.576,55.936,78723.0,63135846.0,8.05,8.19,7.96,8.02,True,潮宏基,False
2023-04-14,56.176,56.356,54.916,55.276,104399.0,82579609.0,8.06,8.09,7.85,7.91,True,潮宏基,False
2023-04-17,55.156,56.356,53.536,55.336,176006.0,139396752.0,7.89,8.09,7.62,7.92,True,潮宏基,False
2023-04-18,55.156,57.196,54.796,56.956,162248.0,132881112.0,7.89,8.23,7.83,8.19,True,潮宏基,False
2023-04-19,56.836,57.016,52.696,53.596,321647.0,245416661.0,8.17,8.2,7.48,7.63,True,潮宏基,False
2023-04-20,53.116,54.616,52.816,53.956,149651.0,115081619.0,7.55,7.8,7.5,7.69,True,潮宏基,False
2023-04-21,53.896,53.896,51.856,52.216,195883.0,144953420.0,7.68,7.68,7.34,7.4,True,潮宏基,False
2023-04-24,52.156,52.216,50.776,51.196,152817.0,110486691.0,7.39,7.4,7.16,7.23,True,潮宏基,False
2023-04-25,51.316,52.756,50.356,50.776,128634.0,92101944.0,7.25,7.49,7.09,7.16,True,潮宏基,False
2023-04-26,50.716,51.496,49.516,50.956,143101.0,102889619.0,7.15,7.28,6.95,7.19,True,潮宏基,False
2023-04-27,50.956,50.956,49.756,49.876,88134.0,61781934.0,7.19,7.19,6.99,7.01,True,潮宏基,False
2023-04-28,50.176,54.076,50.116,54.016,234153.0,180297810.0,7.06,7.71,7.05,7.7,True,潮宏基,False
2023-05-04,53.836,57.916,53.776,57.016,355036.0,291129520.0,7.67,8.35,7.66,8.2,True,潮宏基,False
2023-05-05,56.956,57.436,52.336,52.456,355310.0,264350640.0,8.19,8.27,7.42,7.44,True,潮宏基,False
2023-05-08,52.756,55.756,52.756,52.996,266884.0,200963652.0,7.49,7.99,7.49,7.53,True,潮宏基,False
2023-05-09,53.236,55.096,52.276,52.336,222990.0,165458580.0,7.57,7.88,7.41,7.42,True,潮宏基,False
2023-05-10,51.676,52.456,50.776,51.076,124533.0,89788293.0,7.31,7.44,7.16,7.21,True,潮宏基,False
2023-05-11,51.016,52.696,50.956,51.976,93900.0,69110400.0,7.2,7.48,7.19,7.36,True,潮宏基,False
2023-05-12,51.676,53.356,51.676,52.156,108618.0,80268702.0,7.31,7.59,7.31,7.39,True,潮宏基,False
2023-05-15,51.796,52.396,50.476,52.276,120868.0,89563188.0,7.33,7.43,7.11,7.41,True,潮宏基,False
2023-05-16,52.516,52.516,51.016,51.496,85694.0,62385232.0,7.45,7.45,7.2,7.28,True,潮宏基,False
2023-05-17,51.316,51.856,50.956,51.436,81445.0,59210515.0,7.25,7.34,7.19,7.27,True,潮宏基,False
2023-05-18,51.496,53.116,51.496,51.916,78509.0,57704115.0,7.28,7.55,7.28,7.35,True,潮宏基,False
2023-05-19,51.496,51.796,50.236,50.956,103763.0,74605597.0,7.28,7.33,7.07,7.19,True,潮宏基,False
2023-05-22,50.536,51.976,50.536,51.736,99609.0,72913788.0,7.12,7.36,7.12,7.32,True,潮宏基,False
2023-05-23,51.736,52.036,50.056,50.296,107504.0,76112832.0,7.32,7.37,7.04,7.08,True,潮宏基,False
2023-05-24,50.296,50.656,49.516,49.816,97903.0,68532100.0,7.08,7.14,6.95,7.0,True,潮宏基,False
2023-05-25,49.996,49.996,48.676,49.636,114812.0,80023964.0,7.03,7.03,6.81,6.97,True,潮宏基,False
2023-05-26,49.636,50.416,48.916,49.996,89353.0,62815159.0,6.97,7.1,6.85,7.03,True,潮宏基,False
2023-05-29,49.996,50.236,48.376,49.276,143080.0,98868280.0,7.03,7.07,6.76,6.91,True,潮宏基,False
2023-05-30,49.156,49.996,48.496,49.516,108821.0,75630595.0,6.89,7.03,6.78,6.95,True,潮宏基,False
2023-05-31,49.636,50.776,49.516,50.476,113272.0,80536392.0,6.97,7.16,6.95,7.11,True,潮宏基,False
2023-06-01,50.356,51.496,49.156,49.996,164009.0,115298327.0,7.09,7.28,6.89,7.03,True,潮宏基,False
2023-06-02,50.296,51.496,49.816,50.536,110651.0,78783512.0,7.08,7.28,7.0,7.12,True,潮宏基,False
2023-06-05,50.296,51.256,49.696,50.836,107173.0,76843041.0,7.08,7.24,6.98,7.17,True,潮宏基,False
2023-06-06,50.896,51.256,50.296,50.416,90989.0,64602190.0,7.18,7.24,7.08,7.1,True,潮宏基,False
2023-06-07,50.476,51.136,50.176,50.896,70024.0,48876752.0,6.91,7.02,6.86,6.98,True,潮宏基,False
2023-06-08,50.956,51.076,50.116,50.656,81564.0,56605416.0,6.99,7.01,6.85,6.94,True,潮宏基,False
2023-06-09,50.716,52.456,50.716,51.556,151751.0,107591459.0,6.95,7.24,6.95,7.09,True,潮宏基,False
2023-06-12,51.616,54.136,51.016,53.476,176429.0,130733889.0,7.1,7.52,7.0,7.41,True,潮宏基,False
2023-06-13,53.476,54.196,53.056,53.356,84800.0,62667200.0,7.41,7.53,7.34,7.39,True,潮宏基,False
2023-06-14,53.536,55.396,53.536,55.156,138869.0,106790261.0,7.42,7.73,7.42,7.69,True,潮宏基,False
2023-06-15,55.156,55.636,54.316,55.156,96526.0,74228494.0,7.69,7.77,7.55,7.69,True,潮宏基,False
2023-06-16,55.336,56.296,54.076,54.316,98413.0,74301815.0,7.72,7.88,7.51,7.55,True,潮宏基,False
2023-06-19,54.136,54.676,53.716,53.836,85801.0,64093347.0,7.52,7.61,7.45,7.47,True,潮宏基,False
2023-06-20,53.716,54.436,53.296,53.656,83350.0,62012400.0,7.45,7.57,7.38,7.44,True,潮宏基,False
2023-06-21,53.416,54.256,53.176,53.236,73932.0,54487884.0,7.4,7.54,7.36,7.37,True,潮宏基,False
2023-06-26,53.236,53.656,52.576,52.756,68806.0,50159574.0,7.37,7.44,7.26,7.29,True,潮宏基,False
2023-06-27,53.176,55.816,53.056,55.036,122884.0,94252028.0,7.36,7.8,7.34,7.67,True,潮宏基,False
2023-06-28,55.216,56.296,53.416,55.576,143111.0,111054136.0,7.7,7.88,7.4,7.76,True,潮宏基,False
2023-06-29,55.456,56.116,54.736,55.756,86160.0,67118640.0,7.74,7.85,7.62,7.79,True,潮宏基,False
2023-06-30,55.756,56.836,55.576,56.176,84643.0,66529398.0,7.79,7.97,7.76,7.86,True,潮宏基,False
2023-07-03,56.176,56.536,55.216,55.936,82162.0,64250684.0,7.86,7.92,7.7,7.82,True,潮宏基,False
2023-07-04,55.936,56.176,54.556,54.976,116352.0,89125632.0,7.82,7.86,7.59,7.66,True,潮宏基,False
2023-07-05,54.676,54.976,53.596,53.776,65780.0,49071880.0,7.61,7.66,7.43,7.46,True,潮宏基,False
2023-07-06,53.716,54.736,52.576,52.876,77345.0,56539195.0,7.45,7.62,7.26,7.31,True,潮宏基,False
2023-07-07,52.936,53.176,52.216,52.576,81645.0,59274270.0,7.32,7.36,7.2,7.26,True,潮宏基,False
2023-07-10,52.816,53.356,52.216,53.296,73271.0,54073998.0,7.3,7.39,7.2,7.38,True,潮宏基,False
2023-07-11,53.296,54.136,52.996,53.956,55050.0,41232450.0,7.38,7.52,7.33,7.49,True,潮宏基,False
2023-07-12,54.136,54.856,53.116,53.656,72851.0,54201144.0,7.52,7.64,7.35,7.44,True,潮宏基,False
2023-07-13,53.596,56.296,53.416,53.656,135253.0,100628232.0,7.43,7.88,7.4,7.44,True,潮宏基,False
2023-07-14,53.476,53.656,49.216,49.996,486292.0,332137436.0,7.41,7.44,6.7,6.83,True,潮宏基,False
2023-07-17,49.396,50.656,48.916,50.416,220163.0,151912470.0,6.73,6.94,6.65,6.9,True,潮宏基,False
2023-07-18,50.236,50.296,48.436,48.616,195449.0,128996340.0,6.87,6.88,6.57,6.6,True,潮宏基,False
2023-07-19,48.736,50.416,48.616,49.636,218843.0,148156711.0,6.62,6.9,6.6,6.77,True,潮宏基,False
2023-07-20,49.636,50.296,49.276,49.816,118986.0,80910480.0,6.77,6.88,6.71,6.8,True,潮宏基,False
2023-07-21,49.636,50.176,49.336,49.816,108142.0,73536560.0,6.77,6.86,6.72,6.8,True,潮宏基,False
2023-07-24,49.636,49.936,49.096,49.456,65159.0,43917166.0,6.77,6.82,6.68,6.74,True,潮宏基,False
2023-07-25,49.756,50.176,49.516,49.996,83899.0,57303017.0,6.79,6.86,6.75,6.83,True,潮宏基,False
2023-07-26,49.996,50.236,49.156,49.936,91388.0,62326616.0,6.83,6.87,6.69,6.82,True,潮宏基,False
2023-07-27,49.636,50.656,49.396,50.236,115233.0,79165071.0,6.77,6.94,6.73,6.87,True,潮宏基,False
2023-07-28,50.176,51.736,49.876,50.836,124640.0,86874080.0,6.86,7.12,6.81,6.97,True,潮宏基,False
2023-07-31,51.016,51.196,50.356,51.016,139065.0,97345500.0,7.0,7.03,6.89,7.0,True,潮宏基,False
2023-08-01,51.016,51.376,50.416,51.016,122934.0,86053800.0,7.0,7.06,6.9,7.0,True,潮宏基,False
2023-08-02,50.716,50.896,50.056,50.176,67228.0,46118408.0,6.95,6.98,6.84,6.86,True,潮宏基,False
2023-08-03,49.936,50.116,49.216,49.336,88151.0,59237472.0,6.82,6.85,6.7,6.72,True,潮宏基,False
2023-08-04,49.396,49.816,48.436,48.556,116041.0,76471019.0,6.73,6.8,6.57,6.59,True,潮宏基,False
2023-08-07,48.376,48.616,47.296,47.656,125054.0,80534776.0,6.56,6.6,6.38,6.44,True,潮宏基,False
2023-08-08,48.016,49.396,46.816,48.616,210795.0,139124700.0,6.5,6.73,6.3,6.6,True,潮宏基,False
2023-08-09,48.496,48.616,47.356,47.476,129094.0,82749254.0,6.58,6.6,6.39,6.41,True,潮宏基,False
2023-08-10,47.476,47.776,47.176,47.476,55852.0,35801132.0,6.41,6.46,6.36,6.41,True,潮宏基,False
2023-08-11,47.476,47.476,46.096,46.216,105824.0,65610880.0,6.41,6.41,6.18,6.2,True,潮宏基,False
2023-08-14,46.096,46.456,45.556,45.976,139088.0,85678208.0,6.18,6.24,6.09,6.16,True,潮宏基,False
2023-08-15,45.916,46.336,45.496,45.916,120113.0,73869495.0,6.15,6.22,6.08,6.15,True,潮宏基,False
2023-08-16,45.736,45.916,44.956,45.136,110559.0,66556517.99999999,6.12,6.15,5.99,6.02,True,潮宏基,False
2023-08-17,45.136,46.336,44.896,45.856,153435.0,94209090.0,6.02,6.22,5.98,6.14,True,潮宏基,False
2023-08-18,45.856,45.976,44.776,44.836,101613.0,60662961.0,6.14,6.16,5.96,5.97,True,潮宏基,False
2023-08-21,44.836,45.436,44.656,44.776,76801.0,45773396.0,5.97,6.07,5.94,5.96,True,潮宏基,False
2023-08-22,44.656,45.076,44.116,44.776,70664.0,42115744.0,5.94,6.01,5.85,5.96,True,潮宏基,False
2023-08-23,44.776,45.496,44.296,44.476,124390.0,73514490.0,5.96,6.08,5.88,5.91,True,潮宏基,False
2023-08-24,44.656,47.596,44.656,47.176,309450.0,196810200.0,5.94,6.43,5.94,6.36,True,潮宏基,False
2023-08-25,47.116,47.116,44.716,45.916,246381.0,151524315.0,6.35,6.35,5.95,6.15,True,潮宏基,False
2023-08-28,48.136,48.136,44.596,44.836,338303.0,201966891.0,6.52,6.52,5.93,5.97,True,潮宏基,False
2023-08-29,44.716,45.916,44.356,45.676,190168.0,116192648.0,5.95,6.15,5.89,6.11,True,潮宏基,False
2023-08-30,45.856,46.936,45.616,46.396,167487.0,104344401.0,6.14,6.32,6.1,6.23,True,潮宏基,False
2023-08-31,46.336,46.876,45.976,46.276,112751.0,70018371.0,6.22,6.31,6.16,6.21,True,潮宏基,False
2023-09-01,46.216,47.536,46.156,47.296,119961.0,76535118.0,6.2,6.42,6.19,6.38,True,潮宏基,False
2023-09-04,47.236,49.216,47.056,48.856,231392.0,153644288.0,6.37,6.7,6.34,6.64,True,潮宏基,False
2023-09-05,48.796,48.796,48.016,48.196,106708.0,69680324.0,6.63,6.63,6.5,6.53,True,潮宏基,False
2023-09-06,48.076,48.196,47.116,47.416,91879.0,58802560.0,6.51,6.53,6.35,6.4,True,潮宏基,False
2023-09-07,47.416,47.656,46.696,46.816,62583.0,39427290.0,6.4,6.44,6.28,6.3,True,潮宏基,False
2023-09-08,46.516,46.996,46.516,46.756,41165.0,25892785.0,6.25,6.33,6.25,6.29,True,潮宏基,False
2023-09-11,46.756,47.896,46.336,47.656,81200.0,52292800.0,6.29,6.48,6.22,6.44,True,潮宏基,False
2023-09-12,47.656,47.776,47.116,47.176,39891.0,25370676.0,6.44,6.46,6.35,6.36,True,潮宏基,False
2023-09-13,47.056,47.236,46.576,46.936,55376.0,34997632.0,6.34,6.37,6.26,6.32,True,潮宏基,False
2023-09-14,46.816,48.496,46.636,48.316,147172.0,96397660.0,6.3,6.58,6.27,6.55,True,潮宏基,False
2023-09-15,48.316,50.656,48.196,49.636,233883.0,158338791.0,6.55,6.94,6.53,6.77,True,潮宏基,False
2023-09-18,49.216,49.876,48.496,49.696,143902.0,97565556.0,6.7,6.81,6.58,6.78,True,潮宏基,False
2023-09-19,49.696,49.816,49.156,49.516,82986.0,56015550.0,6.78,6.8,6.69,6.75,True,潮宏基,False
2023-09-20,50.356,50.416,48.976,49.216,73709.0,49385030.0,6.89,6.9,6.66,6.7,True,潮宏基,False
2023-09-21,48.856,49.036,48.076,48.616,99681.0,65789460.0,6.64,6.67,6.51,6.6,True,潮宏基,False
2023-09-22,48.496,48.856,48.136,48.496,48430.0,31866940.0,6.58,6.64,6.52,6.58,True,潮宏基,False
2023-09-25,48.436,49.336,48.136,49.036,68676.0,45806892.0,6.57,6.72,6.52,6.67,True,潮宏基,False
2023-09-26,49.036,49.216,47.896,48.736,122403.0,81030786.0,6.67,6.7,6.48,6.62,True,潮宏基,False
2023-09-27,48.736,49.336,48.436,48.676,70083.0,46324863.0,6.62,6.72,6.57,6.61,True,潮宏基,False
2023-09-28,48.616,49.096,48.196,48.916,84521.0,56206465.0,6.6,6.68,6.53,6.65,True,潮宏基,False
2023-10-09,48.796,48.796,44.956,45.916,380671.0,234112665.0,6.63,6.63,5.99,6.15,True,潮宏基,False
2023-10-10,46.456,46.636,45.736,45.796,99291.0,60865383.0,6.24,6.27,6.12,6.13,True,潮宏基,False
2023-10-11,46.036,46.636,45.556,45.676,81941.0,50065951.0,6.17,6.27,6.09,6.11,True,潮宏基,False
2023-10-12,45.736,46.276,45.556,46.096,77848.0,48110064.0,6.12,6.21,6.09,6.18,True,潮宏基,False
2023-10-13,45.916,46.036,45.076,45.316,70740.0,42797700.0,6.15,6.17,6.01,6.05,True,潮宏基,False
2023-10-16,45.496,46.636,45.436,46.156,93569.0,57919211.0,6.08,6.27,6.07,6.19,True,潮宏基,False
2023-10-17,46.156,46.156,45.496,45.916,52823.0,32486145.000000004,6.19,6.19,6.08,6.15,True,潮宏基,False
2023-10-18,45.916,45.916,45.316,45.436,39241.0,23819287.0,6.15,6.15,6.05,6.07,True,潮宏基,False
2023-10-19,45.436,45.436,44.896,44.896,57891.0,34618818.0,6.07,6.07,5.98,5.98,True,潮宏基,False
2023-10-20,44.776,45.196,44.656,44.776,43593.0,25981428.0,5.96,6.03,5.94,5.96,True,潮宏基,False
2023-10-23,44.536,44.776,43.456,43.756,62583.0,36235557.0,5.92,5.96,5.74,5.79,True,潮宏基,False
2023-10-24,43.756,44.716,43.516,44.356,65065.0,38323285.0,5.79,5.95,5.75,5.89,True,潮宏基,False
2023-10-25,44.356,45.196,44.356,44.656,67580.0,40142520.0,5.89,6.03,5.89,5.94,True,潮宏基,False
2023-10-26,44.236,45.196,43.756,44.836,64062.0,38245014.0,5.87,6.03,5.79,5.97,True,潮宏基,False
2023-10-27,44.896,48.436,44.896,48.436,206913.0,135941841.0,5.98,6.57,5.98,6.57,True,潮宏基,False
2023-10-30,49.036,49.156,47.656,47.896,241692.0,156616416.0,6.67,6.69,6.44,6.48,True,潮宏基,False
2023-10-31,48.016,48.496,47.176,47.656,113926.0,73368344.0,6.5,6.58,6.36,6.44,True,潮宏基,False
2023-11-01,47.296,47.896,47.056,47.356,93516.0,59756724.0,6.38,6.48,6.34,6.39,True,潮宏基,False
2023-11-02,47.056,47.536,46.516,46.936,67318.0,42544976.0,6.34,6.42,6.25,6.32,True,潮宏基,False
2023-11-03,47.116,47.296,46.696,47.116,64115.0,40713025.0,6.35,6.38,6.28,6.35,True,潮宏基,False
2023-11-06,47.236,47.656,46.276,47.596,256473.0,164912139.0,6.37,6.44,6.21,6.43,True,潮宏基,False
2023-11-07,47.356,47.416,46.576,47.296,154614.0,98643732.0,6.39,6.4,6.26,6.38,True,潮宏基,False
2023-11-08,47.056,47.656,46.456,46.876,167213.0,105511403.0,6.34,6.44,6.24,6.31,True,潮宏基,False
2023-11-09,46.996,46.996,46.336,46.576,84657.0,52995282.0,6.33,6.33,6.22,6.26,True,潮宏基,False
2023-11-10,46.516,46.516,45.616,46.036,97649.0,60249433.0,6.25,6.25,6.1,6.17,True,潮宏基,False
2023-11-13,46.096,46.396,45.856,46.336,78556.0,48861832.0,6.18,6.23,6.14,6.22,True,潮宏基,False
2023-11-14,46.516,46.516,45.856,46.156,69835.0,43227865.0,6.25,6.25,6.14,6.19,True,潮宏基,False
2023-11-15,46.576,46.996,46.276,46.636,100226.0,62841701.99999999,6.26,6.33,6.21,6.27,True,潮宏基,False
2023-11-16,46.696,47.056,46.276,46.816,78281.0,49317030.0,6.28,6.34,6.21,6.3,True,潮宏基,False
2023-11-17,46.936,47.656,46.696,47.596,116840.0,75128120.0,6.32,6.44,6.28,6.43,True,潮宏基,False
2023-11-20,47.716,47.896,46.576,47.176,103201.0,65635836.0,6.45,6.48,6.26,6.36,True,潮宏基,False
2023-11-21,47.176,47.956,46.396,46.696,204600.0,128488800.0,6.36,6.49,6.23,6.28,True,潮宏基,False
2023-11-22,46.756,47.056,46.456,46.816,86278.0,54355140.0,6.29,6.34,6.24,6.3,True,潮宏基,False
2023-11-23,46.756,46.876,46.456,46.756,61345.0,38586005.0,6.29,6.31,6.24,6.29,True,潮宏基,False
2023-11-24,46.816,47.176,46.396,46.576,58530.0,36639780.0,6.3,6.36,6.23,6.26,True,潮宏基,False
2023-11-27,46.756,46.756,46.036,46.516,75121.0,46950625.0,6.29,6.29,6.17,6.25,True,潮宏基,False
2023-11-28,46.396,47.176,46.276,47.116,88935.0,56473725.0,6.23,6.36,6.21,6.35,True,潮宏基,False
2023-11-29,47.416,48.316,47.296,47.776,181963.0,117548098.0,6.4,6.55,6.38,6.46,True,潮宏基,False
2023-11-30,47.596,47.716,46.576,47.656,104540.0,67323760.0,6.43,6.45,6.26,6.44,True,潮宏基,False
2023-12-01,47.656,48.436,47.416,48.196,99032.0,64667896.0,6.44,6.57,6.4,6.53,True,潮宏基,False
2023-12-04,48.616,49.876,48.556,48.976,180161.0,119987226.0,6.6,6.81,6.59,6.66,True,潮宏基,False
2023-12-05,48.796,49.516,48.076,48.616,146036.0,96383760.0,6.63,6.75,6.51,6.6,True,潮宏基,False
2023-12-06,48.496,49.156,47.896,48.976,84850.0,56510100.0,6.58,6.69,6.48,6.66,True,潮宏基,False
2023-12-07,48.976,49.216,48.676,49.156,57949.0,38767881.0,6.66,6.7,6.61,6.69,True,潮宏基,False
2023-12-08,48.856,49.216,47.836,48.016,72852.0,47353800.0,6.64,6.7,6.47,6.5,True,潮宏基,False
2023-12-11,47.776,48.196,47.596,48.076,63174.0,41126274.0,6.46,6.53,6.43,6.51,True,潮宏基,False
2023-12-12,48.076,49.036,47.836,48.976,70483.0,46941678.0,6.51,6.67,6.47,6.66,True,潮宏基,False
2023-12-13,48.916,49.036,48.556,48.616,44803.0,29569980.0,6.65,6.67,6.59,6.6,True,潮宏基,False
2023-12-14,48.976,49.936,48.616,49.036,124412.0,82982804.0,6.66,6.82,6.6,6.67,True,潮宏基,False
2023-12-15,49.036,49.576,48.736,49.096,109455.0,73115940.0,6.67,6.76,6.62,6.68,True,潮宏基,False
2023-12-18,49.396,49.396,48.616,49.156,71632.0,47921808.0,6.73,6.73,6.6,6.69,True,潮宏基,False
2023-12-19,49.096,49.996,48.916,49.156,108538.0,72611922.0,6.68,6.83,6.65,6.69,True,潮宏基,False
2023-12-20,49.156,49.516,48.796,48.856,60893.0,40432952.0,6.69,6.75,6.63,6.64,True,潮宏基,False
2023-12-21,48.616,49.156,48.376,49.096,56767.0,37920356.0,6.6,6.69,6.56,6.68,True,潮宏基,False
2023-12-22,49.096,49.396,48.076,48.256,66597.0,43554438.0,6.68,6.73,6.51,6.54,True,潮宏基,False
2023-12-25,48.136,48.676,47.656,48.496,69331.0,45619798.0,6.52,6.61,6.44,6.58,True,潮宏基,False
2023-12-26,48.556,48.676,48.076,48.436,37693.0,24764301.0,6.59,6.61,6.51,6.57,True,潮宏基,False
2023-12-27,48.316,48.976,48.076,48.916,46777.0,31106705.0,6.55,6.66,6.51,6.65,True,潮宏基,False
2023-12-28,48.736,49.636,48.436,49.456,82777.0,55791698.0,6.62,6.77,6.57,6.74,True,潮宏基,False
2023-12-29,49.396,50.056,49.216,49.876,68982.0,46976742.0,6.73,6.84,6.7,6.81,True,潮宏基,False
2024-01-02,50.116,50.116,49.576,49.936,62637.0,42718434.0,6.85,6.85,6.76,6.82,True,潮宏基,False
2024-01-03,49.696,49.876,48.916,49.276,53543.0,35927353.0,6.78,6.81,6.65,6.71,True,潮宏基,False
2024-01-04,49.096,49.516,48.856,49.396,59064.0,39750072.0,6.68,6.75,6.64,6.73,True,潮宏基,False
2024-01-05,49.336,50.776,49.216,49.696,129689.0,87929142.0,6.72,6.96,6.7,6.78,True,潮宏基,False
2024-01-08,49.456,49.516,48.436,48.436,90527.0,59476239.0,6.74,6.75,6.57,6.57,True,潮宏基,False
2024-01-09,48.616,50.176,48.316,49.936,113400.0,77338800.0,6.6,6.86,6.55,6.82,True,潮宏基,False
2024-01-10,49.876,50.596,49.156,50.176,84156.0,57731016.0,6.81,6.93,6.69,6.86,True,潮宏基,False
2024-01-11,50.056,51.256,49.756,51.016,108242.0,75769400.0,6.84,7.04,6.79,7.0,True,潮宏基,False
2024-01-12,51.076,53.476,50.776,51.796,275912.0,196725256.0,7.01,7.41,6.96,7.13,True,潮宏基,False
2024-01-15,51.796,53.716,51.556,53.236,187188.0,137957556.0,7.13,7.45,7.09,7.37,True,潮宏基,False
2024-01-16,53.476,53.656,52.036,52.816,119292.0,87083160.0,7.41,7.44,7.17,7.3,True,潮宏基,False
2024-01-17,52.636,52.996,52.036,52.096,123194.0,88453292.0,7.27,7.33,7.17,7.18,True,潮宏基,False
2024-01-18,51.676,51.856,49.996,51.496,112593.0,79715844.0,7.11,7.14,6.83,7.08,True,潮宏基,False
2024-01-19,51.496,52.336,51.196,51.976,85909.0,61510844.0,7.08,7.22,7.03,7.16,True,潮宏基,False
2024-01-22,51.796,52.516,49.696,49.816,93981.0,63907080.0,7.13,7.25,6.78,6.8,True,潮宏基,False
2024-01-23,49.636,49.876,48.016,49.576,99849.0,67497924.0,6.77,6.81,6.5,6.76,True,潮宏基,False
2024-01-24,49.756,51.136,49.156,50.296,83270.0,57289760.0,6.79,7.02,6.69,6.88,True,潮宏基,False
2024-01-25,50.176,51.556,49.936,51.076,101948.0,71465548.0,6.86,7.09,6.82,7.01,True,潮宏基,False
2024-01-26,51.016,51.136,49.576,49.756,91488.0,62120352.0,7.0,7.02,6.76,6.79,True,潮宏基,False
2024-01-29,49.696,50.836,49.096,49.936,144896.0,98819072.0,6.78,6.97,6.68,6.82,True,潮宏基,False
2024-01-30,49.636,49.696,46.936,47.896,166602.0,107958096.0,6.77,6.78,6.32,6.48,True,潮宏基,False
2024-01-31,47.776,47.956,45.976,46.276,164201.0,101968821.0,6.46,6.49,6.16,6.21,True,潮宏基,False
2024-02-01,46.096,46.636,45.016,45.376,112098.0,67931388.0,6.18,6.27,6.0,6.06,True,潮宏基,False
2024-02-02,45.436,46.696,43.576,44.536,122689.0,72631888.0,6.07,6.28,5.76,5.92,True,潮宏基,False
2024-02-05,44.656,45.196,41.116,42.076,167733.0,92420883.0,5.94,6.03,5.35,5.51,True,潮宏基,False
2024-02-06,41.476,45.316,39.736,45.016,238414.0,143048400.0,5.41,6.05,5.12,6.0,True,潮宏基,False
2024-02-07,44.176,46.636,43.816,44.656,131145.0,77900130.0,5.86,6.27,5.8,5.94,True,潮宏基,False
2024-02-08,44.776,46.816,44.476,46.516,112895.0,70559375.0,5.96,6.3,5.91,6.25,True,潮宏基,False
2024-02-19,47.176,49.216,46.936,48.196,155611.0,101613983.0,6.36,6.7,6.32,6.53,True,潮宏基,False
2024-02-20,47.776,48.196,47.476,48.016,46091.0,29959150.0,6.46,6.53,6.41,6.5,True,潮宏基,False
2024-02-21,47.896,48.436,47.356,47.416,76351.0,48864640.0,6.48,6.57,6.39,6.4,True,潮宏基,False
2024-02-22,47.416,47.776,46.156,46.576,119708.0,74937208.0,6.4,6.46,6.19,6.26,True,潮宏基,False
2024-02-23,46.396,46.816,46.036,46.636,71963.0,45120801.0,6.23,6.3,6.17,6.27,True,潮宏基,False
2024-02-26,46.756,47.596,46.036,46.636,122548.0,76837596.0,6.29,6.43,6.17,6.27,True,潮宏基,False
2024-02-27,46.576,47.536,46.156,47.416,87230.0,55827200.0,6.26,6.42,6.19,6.4,True,潮宏基,False
2024-02-28,47.596,47.596,45.136,45.316,155000.0,93775000.0,6.43,6.43,6.02,6.05,True,潮宏基,False
2024-02-29,45.196,46.276,45.016,45.796,113203.0,69393439.0,6.03,6.21,6.0,6.13,True,潮宏基,False
2024-03-01,45.616,46.216,45.376,45.736,94542.0,57859704.0,6.1,6.2,6.06,6.12,True,潮宏基,False
2024-03-04,45.736,46.156,44.116,46.096,164437.0,101622066.0,6.12,6.19,5.85,6.18,True,潮宏基,False
2024-03-05,45.976,46.696,45.676,45.736,131120.0,80245440.0,6.16,6.28,6.11,6.12,True,潮宏基,False
2024-03-06,45.676,46.156,45.016,45.976,99861.0,61514376.0,6.11,6.19,6.0,6.16,True,潮宏基,False
2024-03-07,45.736,47.176,45.736,46.696,144236.0,90580208.0,6.12,6.36,6.12,6.28,True,潮宏基,False
2024-03-08,46.696,47.596,45.796,46.756,117810.0,74102490.0,6.28,6.43,6.13,6.29,True,潮宏基,False
2024-03-11,47.116,48.256,46.756,47.956,164761.0,106929889.0,6.35,6.54,6.29,6.49,True,潮宏基,False
2024-03-12,48.016,48.916,47.356,48.436,123668.0,81249876.0,6.5,6.65,6.39,6.57,True,潮宏基,False
2024-03-13,48.376,48.496,47.416,47.956,85836.0,55707564.0,6.56,6.58,6.4,6.49,True,潮宏基,False
2024-03-14,47.956,49.996,47.536,48.616,132281.0,87305460.0,6.49,6.83,6.42,6.6,True,潮宏基,False
2024-03-15,48.496,49.336,48.016,49.276,88204.0,59184884.0,6.58,6.72,6.5,6.71,True,潮宏基,False
2024-03-18,49.036,49.336,48.016,48.796,117202.0,77704926.0,6.67,6.72,6.5,6.63,True,潮宏基,False
2024-03-19,48.616,48.916,48.076,48.136,73758.0,48090216.0,6.6,6.65,6.51,6.52,True,潮宏基,False
2024-03-20,48.016,48.616,47.716,48.316,71263.0,46677265.0,6.5,6.6,6.45,6.55,True,潮宏基,False
2024-03-21,48.796,49.336,48.316,49.036,107161.0,71476387.0,6.63,6.72,6.55,6.67,True,潮宏基,False
2024-03-22,48.796,48.856,47.476,47.776,113676.0,73434696.0,6.63,6.64,6.41,6.46,True,潮宏基,False
2024-03-25,47.836,48.496,47.476,47.476,77929.0,49952489.0,6.47,6.58,6.41,6.41,True,潮宏基,False
2024-03-26,47.476,47.596,46.276,47.416,95002.0,60801280.0,6.41,6.43,6.21,6.4,True,潮宏基,False
2024-03-27,47.236,47.896,46.936,47.176,68661.0,43668396.0,6.37,6.48,6.32,6.36,True,潮宏基,False
2024-03-28,47.116,47.716,46.876,47.176,52072.0,33117792.0,6.35,6.45,6.31,6.36,True,潮宏基,False
2024-03-29,47.476,49.876,47.416,49.156,193295.0,129314355.0,6.41,6.81,6.4,6.69,True,潮宏基,False
2024-04-01,49.636,50.176,48.616,49.096,199878.0,133518504.0,6.77,6.86,6.6,6.68,True,潮宏基,False
2024-04-02,48.676,49.216,48.616,48.796,95113.0,63059919.0,6.61,6.7,6.6,6.63,True,潮宏基,False
2024-04-03,49.216,50.536,49.156,50.236,217412.0,149362044.0,6.7,6.92,6.69,6.87,True,潮宏基,False
2024-04-08,51.016,52.096,49.996,50.416,282717.0,195074730.0,7.0,7.18,6.83,6.9,True,潮宏基,False
2024-04-09,49.756,50.716,49.096,50.176,143653.0,98545958.0,6.79,6.95,6.68,6.86,True,潮宏基,False
2024-04-10,50.236,51.916,49.576,50.776,204485.0,142321560.0,6.87,7.15,6.76,6.96,True,潮宏基,False
2024-04-11,49.816,51.256,49.336,50.056,176266.0,120565944.0,6.8,7.04,6.72,6.84,True,潮宏基,False
2024-04-12,50.956,53.296,50.176,52.456,427068.0,309197232.0,6.99,7.38,6.86,7.24,True,潮宏基,False
2024-04-15,50.416,50.416,48.136,49.216,317215.0,212534050.0,6.9,6.9,6.52,6.7,True,潮宏基,False
2024-04-16,49.096,49.096,45.796,45.976,233199.0,143650584.0,6.68,6.68,6.13,6.16,True,潮宏基,False
2024-04-17,46.336,47.596,46.336,46.996,145019.0,91797027.0,6.22,6.43,6.22,6.33,True,潮宏基,False
2024-04-18,46.576,46.996,45.916,46.396,122163.0,76107549.0,6.26,6.33,6.15,6.23,True,潮宏基,False
2024-04-19,46.456,48.436,46.216,47.776,176805.0,114216030.0,6.24,6.57,6.2,6.46,True,潮宏基,False
2024-04-22,47.236,47.716,46.096,46.336,129242.0,80388524.0,6.37,6.45,6.18,6.22,True,潮宏基,False
2024-04-23,46.096,46.156,44.956,45.496,139640.0,84901120.0,6.18,6.19,5.99,6.08,True,潮宏基,False
2024-04-24,45.196,46.036,45.196,45.736,104486.0,63945432.0,6.03,6.17,6.03,6.12,True,潮宏基,False
2024-04-25,45.436,46.456,45.376,45.796,86338.0,52925194.0,6.07,6.24,6.06,6.13,True,潮宏基,False
2024-04-26,45.676,46.096,45.196,45.916,101656.0,62518440.0,6.11,6.18,6.03,6.15,True,潮宏基,False
2024-04-29,46.216,46.756,45.856,46.396,150353.0,93669919.0,6.2,6.29,6.14,6.23,True,潮宏基,False
2024-04-30,46.636,46.996,45.916,46.276,145561.0,90393381.0,6.27,6.33,6.15,6.21,True,潮宏基,False
2024-05-06,46.336,46.636,45.976,46.156,194784.0,120571296.0,6.22,6.27,6.16,6.19,True,潮宏基,False
2024-05-07,46.276,46.636,45.736,45.736,187004.0,114446448.0,6.21,6.27,6.12,6.12,True,潮宏基,False
2024-05-08,45.496,45.676,44.716,44.836,186279.0,111208563.0,6.08,6.11,5.95,5.97,True,潮宏基,False
2024-05-09,44.716,45.256,44.296,45.016,165061.0,99036600.0,5.95,6.04,5.88,6.0,True,潮宏基,False
2024-05-10,45.316,45.736,44.836,45.136,156359.0,94128118.0,6.05,6.12,5.97,6.02,True,潮宏基,False
2024-05-13,44.896,44.956,43.936,44.296,170901.0,100489788.0,5.98,5.99,5.82,5.88,True,潮宏基,False
2024-05-14,44.296,45.256,44.296,45.136,118526.0,71352652.0,5.88,6.04,5.88,6.02,True,潮宏基,False
2024-05-15,45.196,45.676,44.896,45.196,140447.0,84689541.0,6.03,6.11,5.98,6.03,True,潮宏基,False
2024-05-16,45.556,45.556,44.596,44.716,139546.0,83029870.0,6.09,6.09,5.93,5.95,True,潮宏基,False
2024-05-17,44.716,44.836,44.296,44.776,116680.0,69541280.0,5.95,5.97,5.88,5.96,True,潮宏基,False
2024-05-20,45.316,45.916,45.136,45.796,238623.0,146275899.0,6.05,6.15,6.02,6.13,True,潮宏基,False
2024-05-21,45.436,45.496,44.836,45.076,151044.0,90777444.0,6.07,6.08,5.97,6.01,True,潮宏基,False
2024-05-22,45.016,45.136,44.716,44.896,96241.0,57552118.00000001,6.0,6.02,5.95,5.98,True,潮宏基,False
2024-05-23,44.416,44.416,43.696,43.816,163044.0,94565520.0,5.9,5.9,5.78,5.8,True,潮宏基,False
2024-05-24,43.576,44.056,43.276,43.576,116624.0,67175424.0,5.76,5.84,5.71,5.76,True,潮宏基,False
2024-05-27,44.116,44.416,43.516,44.056,119657.0,69879688.0,5.85,5.9,5.75,5.84,True,潮宏基,False
2024-05-28,44.056,44.056,43.516,43.756,87222.0,50501538.0,5.84,5.84,5.75,5.79,True,潮宏基,False
2024-05-29,43.816,44.476,43.696,44.416,119830.0,70699700.0,5.8,5.91,5.78,5.9,True,潮宏基,False
2024-05-30,44.176,44.416,43.636,43.816,93866.0,54442280.0,5.86,5.9,5.77,5.8,True,潮宏基,False
2024-05-31,43.756,44.176,43.696,43.816,94507.0,54814060.0,5.79,5.86,5.78,5.8,True,潮宏基,False
2024-06-03,43.696,43.816,43.336,43.456,81674.0,46880876.0,5.78,5.8,5.72,5.74,True,潮宏基,False
2024-06-04,43.456,43.996,43.156,43.936,121271.0,70579722.0,5.74,5.83,5.69,5.82,True,潮宏基,False
2024-06-05,43.876,44.176,43.576,43.876,90194.0,52402714.0,5.81,5.86,5.76,5.81,True,潮宏基,False
2024-06-06,44.056,44.116,42.136,42.496,163466.0,87127378.0,5.59,5.6,5.27,5.33,True,潮宏基,False
2024-06-07,42.736,43.396,42.736,43.276,88501.0,48321546.0,5.37,5.48,5.37,5.46,True,潮宏基,False
2024-06-11,42.796,43.336,42.556,43.216,56066.0,30555970.0,5.38,5.47,5.34,5.45,True,潮宏基,False
2024-06-12,43.156,43.576,43.156,43.516,43341.0,23837550.0,5.44,5.51,5.44,5.5,True,潮宏基,False
2024-06-13,43.576,43.696,42.256,42.316,104832.0,55560960.0,5.51,5.53,5.29,5.3,True,潮宏基,False
2024-06-14,42.376,42.556,41.596,41.956,84452.0,44252848.0,5.31,5.34,5.18,5.24,True,潮宏基,False
2024-06-17,41.896,42.016,40.996,41.176,111157.0,56801227.0,5.23,5.25,5.08,5.11,True,潮宏基,False
2024-06-18,41.116,41.416,41.056,41.296,60652.0,31114476.0,5.1,5.15,5.09,5.13,True,潮宏基,False
2024-06-19,41.296,41.476,41.116,41.176,42720.0,21829920.0,5.13,5.16,5.1,5.11,True,潮宏基,False
2024-06-20,41.176,41.356,40.276,40.576,89524.0,44851524.0,5.11,5.14,4.96,5.01,True,潮宏基,False
2024-06-21,40.636,41.056,40.576,40.696,60273.0,30317319.0,5.02,5.09,5.01,5.03,True,潮宏基,False
2024-06-24,40.396,40.636,39.376,39.856,77112.0,37707768.0,4.98,5.02,4.81,4.89,True,潮宏基,False
2024-06-25,39.856,40.216,39.616,39.976,48996.0,24057036.0,4.89,4.95,4.85,4.91,True,潮宏基,False
2024-06-26,39.916,40.216,39.616,40.096,80295.0,39585435.0,4.9,4.95,4.85,4.93,True,潮宏基,False
2024-06-27,39.916,40.036,39.016,39.076,88689.0,42215964.0,4.9,4.92,4.75,4.76,True,潮宏基,False
2024-06-28,39.076,39.376,38.656,38.836,97666.0,46098352.0,4.76,4.81,4.69,4.72,True,潮宏基,False
2024-07-01,38.896,39.496,38.536,39.436,98333.0,47396506.0,4.73,4.83,4.67,4.82,True,潮宏基,False
2024-07-02,39.376,39.796,39.196,39.496,53703.0,25938549.0,4.81,4.88,4.78,4.83,True,潮宏基,False
2024-07-03,39.676,39.796,39.016,39.136,69669.0,33232113.0,4.86,4.88,4.75,4.77,True,潮宏基,False
2024-07-04,39.316,39.316,37.996,38.416,67231.0,31262415.000000004,4.8,4.8,4.58,4.65,True,潮宏基,False
2024-07-05,38.296,39.136,38.116,39.016,61834.0,29371150.0,4.63,4.77,4.6,4.75,True,潮宏基,False
2024-07-08,39.136,39.136,37.936,38.116,61019.0,28068740.0,4.77,4.77,4.57,4.6,True,潮宏基,False
2024-07-09,38.056,38.116,36.856,37.816,163317.0,74309235.0,4.59,4.6,4.39,4.55,True,潮宏基,False
2024-07-10,37.816,38.236,37.276,37.336,83389.0,37274883.0,4.55,4.62,4.46,4.47,True,潮宏基,False
2024-07-11,37.816,38.116,37.576,38.116,109028.0,50152879.99999999,4.55,4.6,4.51,4.6,True,潮宏基,False
2024-07-12,38.296,38.536,37.696,37.816,77166.0,35110530.0,4.63,4.67,4.53,4.55,True,潮宏基,False
2024-07-15,37.876,37.876,37.276,37.336,78606.0,35136882.0,4.56,4.56,4.46,4.47,True,潮宏基,False
2024-07-16,37.396,37.516,37.036,37.156,94122.0,41790168.0,4.48,4.5,4.42,4.44,True,潮宏基,False
2024-07-17,37.216,37.576,37.156,37.396,97435.0,43650880.00000001,4.45,4.51,4.44,4.48,True,潮宏基,False
2024-07-18,37.156,37.276,36.736,37.216,63924.0,28446180.0,4.44,4.46,4.37,4.45,True,潮宏基,False
2024-07-19,37.096,37.096,36.376,36.556,87426.0,37942884.0,4.43,4.43,4.31,4.34,True,潮宏基,False
2024-07-22,36.496,36.616,36.076,36.316,73632.0,31661760.0,4.33,4.35,4.26,4.3,True,潮宏基,False
2024-07-23,36.256,36.436,35.536,35.596,87680.0,36650240.0,4.29,4.32,4.17,4.18,True,潮宏基,False
2024-07-24,35.536,35.656,34.936,35.056,103449.0,42310641.0,4.17,4.19,4.07,4.09,True,潮宏基,False
2024-07-25,34.876,35.236,34.636,34.936,80659.0,32828213.000000004,4.06,4.12,4.02,4.07,True,潮宏基,False
2024-07-26,34.936,35.656,34.876,35.596,88410.0,36955380.0,4.07,4.19,4.06,4.18,True,潮宏基,False
2024-07-29,35.716,35.956,35.296,35.836,82420.0,34781240.0,4.2,4.24,4.13,4.22,True,潮宏基,False
2024-07-30,35.716,36.196,35.356,36.076,63089.0,26875914.0,4.2,4.28,4.14,4.26,True,潮宏基,False
2024-07-31,36.076,37.216,35.896,37.156,88517.0,39301548.0,4.26,4.45,4.23,4.44,True,潮宏基,False
2024-08-01,37.216,37.396,36.496,36.616,97948.0,42607380.0,4.45,4.48,4.33,4.35,True,潮宏基,False
2024-08-02,36.376,36.796,36.256,36.616,82950.0,36083250.0,4.31,4.38,4.29,4.35,True,潮宏基,False
2024-08-05,36.316,37.036,36.196,36.436,80406.0,34735392.0,4.3,4.42,4.28,4.32,True,潮宏基,False
2024-08-06,36.436,37.096,36.436,36.916,70733.0,31122520.000000004,4.32,4.43,4.32,4.4,True,潮宏基,False
2024-08-07,36.736,36.796,36.436,36.616,62631.0,27244485.0,4.37,4.38,4.32,4.35,True,潮宏基,False
2024-08-08,36.556,37.336,36.436,37.156,85835.0,38110740.0,4.34,4.47,4.32,4.44,True,潮宏基,False
2024-08-09,37.216,37.516,36.976,36.976,70666.0,31163706.0,4.45,4.5,4.41,4.41,True,潮宏基,False
2024-08-12,36.916,37.036,36.616,36.676,51257.0,22348052.0,4.4,4.42,4.35,4.36,True,潮宏基,False
2024-08-13,36.856,36.916,36.316,36.616,62094.0,27010890.0,4.39,4.4,4.3,4.35,True,潮宏基,False
2024-08-14,36.616,36.736,36.016,36.076,63860.0,27204360.0,4.35,4.37,4.25,4.26,True,潮宏基,False
2024-08-15,36.016,36.436,35.896,36.196,62773.0,26866844.0,4.25,4.32,4.23,4.28,True,潮宏基,False
2024-08-16,36.316,36.556,35.716,35.716,84678.0,35564760.0,4.3,4.34,4.2,4.2,True,潮宏基,False
2024-08-19,35.716,36.616,35.596,36.196,104032.0,44525696.0,4.2,4.35,4.18,4.28,True,潮宏基,False
2024-08-20,36.376,36.376,35.296,35.416,88938.0,36909270.0,4.31,4.31,4.13,4.15,True,潮宏基,False
2024-08-21,35.416,35.716,35.356,35.476,45695.0,19009120.0,4.15,4.2,4.14,4.16,True,潮宏基,False
2024-08-22,35.356,35.476,35.056,35.236,59110.0,24353320.0,4.14,4.16,4.09,4.12,True,潮宏基,False
2024-08-23,35.116,35.416,34.936,35.056,74260.0,30372340.0,4.1,4.15,4.07,4.09,True,潮宏基,False
2024-08-26,35.116,35.356,34.876,35.236,70069.0,28868428.0,4.1,4.14,4.06,4.12,True,潮宏基,False
2024-08-27,35.296,35.356,34.876,34.936,79190.0,32230330.000000004,4.13,4.14,4.06,4.07,True,潮宏基,False
2024-08-28,36.196,37.396,35.656,37.396,250531.0,112237888.0,4.28,4.48,4.19,4.48,True,潮宏基,False
2024-08-29,37.516,37.756,36.916,37.336,377921.0,168930687.0,4.5,4.54,4.4,4.47,True,潮宏基,False
2024-08-30,37.156,37.576,36.916,37.396,264271.0,118393408.0,4.44,4.51,4.4,4.48,True,潮宏基,False
2024-09-02,37.216,37.456,36.796,36.796,144392.0,63243696.0,4.45,4.49,4.38,4.38,True,潮宏基,False
2024-09-03,36.736,37.996,36.676,37.696,227400.0,103012200.0,4.37,4.58,4.36,4.53,True,潮宏基,False
2024-09-04,37.516,38.896,37.336,38.116,261099.0,120105540.0,4.5,4.73,4.47,4.6,True,潮宏基,False
2024-09-05,38.296,38.656,37.876,38.236,159687.0,73775394.0,4.63,4.69,4.56,4.62,True,潮宏基,False
2024-09-06,38.116,38.356,37.756,37.816,88436.0,40238380.0,4.6,4.64,4.54,4.55,True,潮宏基,False
2024-09-09,37.576,38.236,37.576,37.816,79764.0,36292620.0,4.51,4.62,4.51,4.55,True,潮宏基,False
2024-09-10,37.816,37.996,37.216,37.816,80347.0,36557885.0,4.55,4.58,4.45,4.55,True,潮宏基,False
2024-09-11,37.756,37.936,37.396,37.696,67395.0,30529935.0,4.54,4.57,4.48,4.53,True,潮宏基,False
2024-09-12,37.876,37.936,37.336,37.456,57453.0,25796397.0,4.56,4.57,4.47,4.49,True,潮宏基,False
2024-09-13,37.756,37.876,36.976,37.036,73432.0,32456944.0,4.54,4.56,4.41,4.42,True,潮宏基,False
2024-09-18,36.916,37.096,36.196,36.736,90538.0,39565106.0,4.4,4.43,4.28,4.37,True,潮宏基,False
2024-09-19,36.796,37.696,36.736,37.576,120693.0,54432543.0,4.38,4.53,4.37,4.51,True,潮宏基,False
2024-09-20,37.816,37.816,37.036,37.336,82072.0,36686184.0,4.55,4.55,4.42,4.47,True,潮宏基,False
2024-09-23,37.336,37.696,36.496,36.676,183134.0,79846424.0,4.47,4.53,4.33,4.36,True,潮宏基,False
2024-09-24,36.916,37.696,36.796,37.696,157209.0,71215677.0,4.4,4.53,4.38,4.53,True,潮宏基,False
2024-09-25,38.116,38.776,37.816,38.056,176462.0,80996058.0,4.6,4.71,4.55,4.59,True,潮宏基,False
2024-09-26,38.056,39.736,37.936,39.616,201894.0,97918590.0,4.59,4.87,4.57,4.85,True,潮宏基,False
2024-09-27,40.156,41.896,40.096,41.116,281744.0,143689440.0,4.94,5.23,4.93,5.1,True,潮宏基,False
2024-09-30,42.196,44.116,41.356,44.116,348743.0,195296080.0,5.28,5.6,5.14,5.6,True,潮宏基,False
2024-10-08,47.476,47.476,42.616,44.476,453189.0,256504974.0,6.16,6.16,5.35,5.66,True,潮宏基,False
2024-10-09,43.276,43.276,41.176,41.296,281292.0,144302796.0,5.46,5.46,5.11,5.13,True,潮宏基,False
2024-10-10,41.536,42.556,40.756,41.716,212198.0,110342960.0,5.17,5.34,5.04,5.2,True,潮宏基,False
2024-10-11,41.896,42.676,41.236,41.416,145139.0,73295195.0,5.13,5.26,5.02,5.05,True,潮宏基,False
2024-10-14,41.716,41.896,40.876,41.716,126081.0,64301309.99999999,5.1,5.13,4.96,5.1,True,潮宏基,False
2024-10-15,41.536,41.716,41.116,41.116,108875.0,54437500.0,5.07,5.1,5.0,5.0,True,潮宏基,False
2024-10-16,40.816,41.416,40.636,41.116,94341.0,47170500.0,4.95,5.05,4.92,5.0,True,潮宏基,False
2024-10-17,41.176,41.356,40.576,40.636,107090.0,52688280.0,5.01,5.04,4.91,4.92,True,潮宏基,False
2024-10-18,40.636,41.416,40.456,40.996,136222.0,67838556.0,4.92,5.05,4.89,4.98,True,潮宏基,False
2024-10-21,41.176,41.416,40.816,40.996,160357.0,79857786.0,5.01,5.05,4.95,4.98,True,潮宏基,False
2024-10-22,40.996,42.016,40.816,41.716,170528.0,86969280.0,4.98,5.15,4.95,5.1,True,潮宏基,False
2024-10-23,41.776,42.076,41.416,41.836,159983.0,81911296.0,5.11,5.16,5.05,5.12,True,潮宏基,False
2024-10-24,41.716,41.776,40.996,41.116,129908.0,64954000.0,5.1,5.11,4.98,5.0,True,潮宏基,False
2024-10-25,41.236,41.476,41.116,41.416,109259.0,55175795.0,5.02,5.06,5.0,5.05,True,潮宏基,False
2024-10-28,41.356,42.076,41.356,42.076,143841.0,74221956.0,5.04,5.16,5.04,5.16,True,潮宏基,False
2024-10-29,42.196,42.316,41.176,41.296,148524.0,74707572.0,5.18,5.2,5.01,5.03,True,潮宏基,False
2024-10-30,41.296,41.296,40.276,40.696,201014.0,99099902.0,5.03,5.03,4.86,4.93,True,潮宏基,False
2024-10-31,40.576,40.936,40.396,40.756,141300.0,69802200.0,4.91,4.97,4.88,4.94,True,潮宏基,False
2024-11-01,40.576,40.636,39.976,40.096,165863.0,80111829.0,4.91,4.92,4.81,4.83,True,潮宏基,False
2024-11-04,40.276,40.336,39.976,40.276,128449.0,62426214.00000001,4.86,4.87,4.81,4.86,True,潮宏基,False
2024-11-05,40.276,40.876,40.156,40.816,174594.0,86424030.0,4.86,4.96,4.84,4.95,True,潮宏基,False
2024-11-06,40.876,41.416,40.636,41.236,231671.0,116298842.0,4.96,5.05,4.92,5.02,True,潮宏基,False
2024-11-07,40.936,42.196,40.876,42.196,231998.0,120174964.0,4.97,5.18,4.96,5.18,True,潮宏基,False
2024-11-08,42.376,42.556,41.476,41.716,252466.0,128757660.0,5.21,5.24,5.06,5.1,True,潮宏基,False
2024-11-11,41.536,41.896,41.236,41.896,192887.0,98951031.0,5.07,5.13,5.02,5.13,True,潮宏基,False
2024-11-12,41.956,42.556,41.596,41.836,276621.0,141629952.0,5.14,5.24,5.08,5.12,True,潮宏基,False
2024-11-13,41.716,42.136,41.296,41.956,168686.0,86704604.0,5.1,5.17,5.03,5.14,True,潮宏基,False
2024-11-14,41.896,41.956,41.296,41.356,140036.0,70578144.0,5.13,5.14,5.03,5.04,True,潮宏基,False
2024-11-15,41.296,41.776,40.996,41.056,161111.0,80394389.0,5.03,5.11,4.98,4.99,True,潮宏基,False
2024-11-18,41.116,42.136,40.816,41.656,273690.0,139308210.0,5.0,5.17,4.95,5.09,True,潮宏基,False
2024-11-19,41.476,42.676,41.476,42.616,291081.0,152817525.0,5.06,5.26,5.06,5.25,True,潮宏基,False
2024-11-20,42.496,42.736,42.016,42.736,175340.0,92404180.0,5.23,5.27,5.15,5.27,True,潮宏基,False
2024-11-21,42.616,42.856,41.896,42.316,154294.0,80232880.0,5.25,5.29,5.13,5.2,True,潮宏基,False
2024-11-22,42.256,42.796,41.356,41.416,158063.0,79821815.0,5.19,5.28,5.04,5.05,True,潮宏基,False
2024-11-25,41.356,42.136,41.236,41.896,151655.0,77799015.0,5.04,5.17,5.02,5.13,True,潮宏基,False
2024-11-26,41.716,43.996,41.716,43.816,530100.0,288904500.0,5.1,5.48,5.1,5.45,True,潮宏基,False
2024-11-27,43.336,43.756,42.556,43.696,356381.0,193514883.0,5.37,5.44,5.24,5.43,True,潮宏基,False
2024-11-28,44.296,45.316,43.816,43.996,526350.0,288439800.0,5.53,5.7,5.45,5.48,True,潮宏基,False
2024-11-29,45.016,45.856,44.416,45.076,495321.0,280351686.0,5.65,5.79,5.55,5.66,True,潮宏基,False
2024-12-02,45.076,46.276,44.656,45.556,562226.0,322717724.0,5.66,5.86,5.59,5.74,True,潮宏基,False
2024-12-03,45.316,45.916,44.476,44.776,446346.0,250400106.0,5.7,5.8,5.56,5.61,True,潮宏基,False
2024-12-04,44.716,44.776,43.516,43.696,360687.0,195853041.0,5.6,5.61,5.4,5.43,True,潮宏基,False
2024-12-05,43.516,46.936,43.276,45.676,1072862.0,617968512.0,5.4,5.97,5.36,5.76,True,潮宏基,False
2024-12-06,45.376,46.576,44.536,45.976,781167.0,453858027.0,5.71,5.91,5.57,5.81,True,潮宏基,False
2024-12-09,45.916,46.276,44.896,45.136,431805.0,244833435.0,5.8,5.86,5.63,5.67,True,潮宏基,False
2024-12-10,46.096,47.176,45.436,45.736,511599.0,295192623.0,5.83,6.01,5.72,5.77,True,潮宏基,False
2024-12-11,45.496,47.416,45.496,46.756,477323.0,283529862.0,5.73,6.05,5.73,5.94,True,潮宏基,False
2024-12-12,46.696,47.236,46.276,47.056,378243.0,226567557.0,5.93,6.02,5.86,5.99,True,潮宏基,False
2024-12-13,47.056,47.116,46.216,46.396,304377.0,178973676.0,5.99,6.0,5.85,5.88,True,潮宏基,False
2024-12-16,46.336,47.416,45.856,46.336,358333.0,210341471.0,5.87,6.05,5.79,5.87,True,潮宏基,False
2024-12-17,46.276,46.276,44.296,44.536,448535.0,249833995.0,5.86,5.86,5.53,5.57,True,潮宏基,False
2024-12-18,44.596,44.716,43.876,44.176,224894.0,123916594.0,5.58,5.6,5.46,5.51,True,潮宏基,False
2024-12-19,43.876,44.296,43.456,44.116,175154.0,96334700.0,5.46,5.53,5.39,5.5,True,潮宏基,False
2024-12-20,44.056,45.256,43.936,44.476,181958.0,101168648.0,5.49,5.69,5.47,5.56,True,潮宏基,False
2024-12-23,43.996,44.416,42.496,42.556,311003.0,162965572.0,5.48,5.55,5.23,5.24,True,潮宏基,False
2024-12-24,42.736,43.636,42.736,43.456,267383.0,144119437.0,5.27,5.42,5.27,5.39,True,潮宏基,False
2024-12-25,44.416,45.436,43.216,44.236,331186.0,182814672.0,5.55,5.72,5.35,5.52,True,潮宏基,False
2024-12-26,43.876,45.856,43.876,44.656,322991.0,180551969.0,5.46,5.79,5.46,5.59,True,潮宏基,False
2024-12-27,44.476,44.716,43.936,44.416,216751.0,120296805.0,5.56,5.6,5.47,5.55,True,潮宏基,False
2024-12-30,44.116,44.416,43.336,43.756,178535.0,97123040.0,5.5,5.55,5.37,5.44,True,潮宏基,False
2024-12-31,43.936,46.996,43.876,45.976,977096.0,567692776.0,5.47,5.98,5.46,5.81,True,潮宏基,False
2025-01-02,45.376,48.136,45.376,47.896,1302022.0,798139486.0,5.71,6.17,5.71,6.13,True,潮宏基,False
2025-01-03,46.816,46.876,44.236,44.836,796209.0,447469458.0,5.95,5.96,5.52,5.62,True,潮宏基,False
2025-01-06,44.116,44.956,43.096,43.756,471357.0,256418208.00000003,5.5,5.64,5.33,5.44,True,潮宏基,False
2025-01-07,43.636,44.236,42.616,43.696,378869.0,205725867.0,5.42,5.52,5.25,5.43,True,潮宏基,False
2025-01-08,43.276,43.396,41.776,43.036,422735.0,224895020.0,5.36,5.38,5.11,5.32,True,潮宏基,False
2025-01-09,42.796,43.096,42.016,42.256,276629.0,143570451.0,5.28,5.33,5.15,5.19,True,潮宏基,False
2025-01-10,42.136,42.316,40.276,40.336,373179.0,181738173.0,5.17,5.2,4.86,4.87,True,潮宏基,False
2025-01-13,39.916,40.036,39.196,39.616,312877.0,148616575.0,4.8,4.82,4.68,4.75,True,潮宏基,False
2025-01-14,40.816,41.116,40.096,40.996,298348.0,148577304.0,4.95,5.0,4.83,4.98,True,潮宏基,False
2025-01-15,40.936,41.776,40.876,41.296,268665.0,135138495.0,4.97,5.11,4.96,5.03,True,潮宏基,False
2025-01-16,41.476,43.216,41.416,42.016,352269.0,181418535.0,5.06,5.35,5.05,5.15,True,潮宏基,False
2025-01-17,41.956,42.076,41.176,41.356,207973.0,104818392.0,5.14,5.16,5.01,5.04,True,潮宏基,False
2025-01-20,41.536,42.076,41.296,41.956,211680.0,108803520.0,5.07,5.16,5.03,5.14,True,潮宏基,False
2025-01-21,42.136,42.196,41.236,41.656,164093.0,83523337.0,5.17,5.18,5.02,5.09,True,潮宏基,False
2025-01-22,41.596,41.596,40.996,41.236,137806.0,69178612.0,5.08,5.08,4.98,5.02,True,潮宏基,False
2025-01-23,41.476,42.016,41.356,41.356,197381.0,99480024.0,5.06,5.15,5.04,5.04,True,潮宏基,False
2025-01-24,41.416,42.076,40.996,41.896,193935.0,99488655.0,5.05,5.16,4.98,5.13,True,潮宏基,False
2025-01-27,42.016,42.496,41.896,41.896,188975.0,96944175.0,5.15,5.23,5.13,5.13,True,潮宏基,False
2025-02-05,42.256,42.976,41.776,42.556,275597.0,144412828.0,5.19,5.31,5.11,5.24,True,潮宏基,False
2025-02-06,42.316,42.616,42.076,42.496,176335.0,92223205.0,5.2,5.25,5.16,5.23,True,潮宏基,False
2025-02-07,42.376,42.796,42.196,42.556,223815.0,117279060.0,5.21,5.28,5.18,5.24,True,潮宏基,False
2025-02-10,42.496,43.516,42.376,43.456,264985.0,142826915.0,5.23,5.4,5.21,5.39,True,潮宏基,False
2025-02-11,43.516,45.676,43.516,45.076,530507.0,300266962.0,5.4,5.76,5.4,5.66,True,潮宏基,False
2025-02-12,44.836,44.956,44.176,44.956,255471.0,144085644.0,5.62,5.64,5.51,5.64,True,潮宏基,False
2025-02-13,44.716,45.136,44.236,44.896,175914.0,99039582.0,5.6,5.67,5.52,5.63,True,潮宏基,False
2025-02-14,44.836,45.616,44.776,45.496,241200.0,138207600.0,5.62,5.75,5.61,5.73,True,潮宏基,False
2025-02-17,45.736,48.076,45.736,46.396,529142.0,311135496.0,5.77,6.16,5.77,5.88,True,潮宏基,False
2025-02-18,46.276,46.876,45.616,45.616,245540.0,141185500.0,5.86,5.96,5.75,5.75,True,潮宏基,False
2025-02-19,46.036,49.096,46.036,48.916,736541.0,464020830.0,5.82,6.33,5.82,6.3,True,潮宏基,False
2025-02-20,48.616,51.076,48.376,50.716,635011.0,419107260.0,6.25,6.66,6.21,6.6,True,潮宏基,False
2025-02-21,50.536,50.716,48.856,48.976,497042.0,313633502.0,6.57,6.6,6.29,6.31,True,潮宏基,False
2025-02-24,48.916,51.556,48.736,50.716,372155.0,245622300.0,6.3,6.74,6.27,6.6,True,潮宏基,False
2025-02-25,50.476,53.236,50.176,52.096,472694.0,322850002.0,6.56,7.02,6.51,6.83,True,潮宏基,False
2025-02-26,51.796,52.516,51.196,51.376,218018.0,146290078.0,6.78,6.9,6.68,6.71,True,潮宏基,False
2025-02-27,51.796,53.356,51.436,52.696,322206.0,223288758.0,6.78,7.04,6.72,6.93,True,潮宏基,False
2025-02-28,52.396,52.696,50.656,50.776,259747.0,171692767.0,6.88,6.93,6.59,6.61,True,潮宏基,False
2025-03-03,50.836,51.856,50.236,50.656,193743.0,127676637.0,6.62,6.79,6.52,6.59,True,潮宏基,False
2025-03-04,50.416,52.276,49.876,51.856,208060.0,141272740.0,6.55,6.86,6.46,6.79,True,潮宏基,False
2025-03-05,51.976,55.936,51.856,55.456,468889.0,346508971.0,6.81,7.47,6.79,7.39,True,潮宏基,False
2025-03-06,55.456,58.636,54.856,58.036,541432.0,423399824.0,7.39,7.92,7.29,7.82,True,潮宏基,False
2025-03-07,57.976,59.056,56.176,56.536,319256.0,241676792.0,7.81,7.99,7.51,7.57,True,潮宏基,False
2025-03-10,56.716,57.436,55.636,56.176,204053.0,153243803.0,7.6,7.72,7.42,7.51,True,潮宏基,False
2025-03-11,55.996,59.416,54.796,58.576,395987.0,313225717.0,7.48,8.05,7.28,7.91,True,潮宏基,False
2025-03-12,59.116,63.316,58.816,63.316,536447.0,466708890.0,8.0,8.7,7.95,8.7,True,潮宏基,False
2025-03-13,63.316,68.536,62.956,65.416,912758.0,826045990.0000001,8.7,9.57,8.64,9.05,True,潮宏基,False
2025-03-14,66.376,67.396,63.376,65.056,621179.0,558439921.0,9.21,9.38,8.71,8.99,True,潮宏基,False
2025-03-17,65.116,66.676,62.536,63.016,494495.0,427738175.0,9.0,9.26,8.57,8.65,True,潮宏基,False
2025-03-18,63.256,65.716,61.816,65.296,704224.0,635914272.0,8.69,9.1,8.45,9.03,True,潮宏基,False
2025-03-19,63.976,65.356,62.836,63.496,484447.0,422922231.0,8.81,9.04,8.62,8.73,True,潮宏基,False
2025-03-20,63.016,64.456,62.656,63.376,282082.0,245693422.00000003,8.65,8.89,8.59,8.71,True,潮宏基,False
2025-03-21,62.716,63.196,59.836,60.136,495259.0,404626603.0,8.6,8.68,8.12,8.17,True,潮宏基,False
2025-03-24,59.896,60.316,58.696,59.956,227139.0,184891146.0,8.13,8.2,7.93,8.14,True,潮宏基,False
2025-03-25,59.956,60.016,58.636,58.876,146974.0,116991304.0,8.14,8.15,7.92,7.96,True,潮宏基,False
2025-03-26,58.996,59.116,57.436,57.676,170535.0,132335160.0,7.98,8.0,7.72,7.76,True,潮宏基,False
2025-03-27,57.436,62.116,57.376,59.716,370697.0,300264570.0,7.72,8.5,7.71,8.1,True,潮宏基,False
2025-03-28,60.136,60.976,59.416,60.076,247297.0,201794352.0,8.17,8.31,8.05,8.16,True,潮宏基,False
2025-03-31,59.536,60.496,58.276,59.896,191284.0,155513892.00000003,8.07,8.23,7.86,8.13,True,潮宏基,False
2025-04-01,60.136,61.996,59.236,61.036,302449.0,251637568.0,8.17,8.48,8.02,8.32,True,潮宏基,False
2025-04-02,61.516,65.716,61.036,64.216,446673.0,395305605.0,8.4,9.1,8.32,8.85,True,潮宏基,False
2025-04-03,63.376,64.816,63.076,63.976,269594.0,237512314.0,8.71,8.95,8.66,8.81,True,潮宏基,False
2025-04-07,59.116,60.136,58.696,58.696,190875.0,151363875.0,8.0,8.17,7.93,7.93,True,潮宏基,False
2025-04-08,56.716,58.576,55.036,57.376,306573.0,236367783.0,7.6,7.91,7.32,7.71,True,潮宏基,False
2025-04-09,56.176,60.796,53.476,60.076,275323.0,224663568.0,7.51,8.28,7.06,8.16,True,潮宏基,False
2025-04-10,60.856,62.356,60.376,61.216,225038.0,187906730.0,8.29,8.54,8.21,8.35,True,潮宏基,False
2025-04-11,61.816,65.536,61.816,64.276,376474.0,333555964.0,8.45,9.07,8.45,8.86,True,潮宏基,False
2025-04-14,64.276,68.416,64.276,68.416,407960.0,389601800.0,8.86,9.55,8.86,9.55,True,潮宏基,False
2025-04-15,67.876,68.416,64.996,67.336,322218.0,301918266.0,9.46,9.55,8.98,9.37,True,潮宏基,False
2025-04-16,68.296,68.656,64.396,65.056,238313.0,214243387.0,9.53,9.59,8.88,8.99,True,潮宏基,False
2025-04-17,64.816,66.016,62.776,63.136,329854.0,285983418.0,8.95,9.15,8.61,8.67,True,潮宏基,False
2025-04-18,62.416,63.976,61.456,63.256,249178.0,216535682.0,8.55,8.81,8.39,8.69,True,潮宏基,False
2025-04-21,63.736,68.476,62.716,68.476,331754.0,317156824.0,8.77,9.56,8.6,9.56,True,潮宏基,False
2025-04-22,70.276,72.916,68.236,70.096,594552.0,584444616.0,9.86,10.3,9.52,9.83,True,潮宏基,False
2025-04-23,67.396,69.556,65.116,65.356,559217.0,505532168.0,9.38,9.74,9.0,9.04,True,潮宏基,False
2025-04-24,66.436,66.796,64.036,64.816,357740.0,320177300.0,9.22,9.28,8.82,8.95,True,潮宏基,False
2025-04-25,64.876,66.736,63.916,65.236,263316.0,237511032.0,8.96,9.27,8.8,9.02,True,潮宏基,False
2025-04-28,65.056,68.716,63.976,68.056,357387.0,339160263.0,8.99,9.6,8.81,9.49,True,潮宏基,False
2025-04-29,69.196,73.756,69.136,73.756,999729.0,1043717076.0,9.68,10.44,9.67,10.44,True,潮宏基,False
2025-04-30,72.376,73.396,69.796,70.456,702328.0,694602392.0,10.21,10.38,9.78,9.89,True,潮宏基,False
2025-05-06,70.816,74.416,70.516,73.516,570808.0,593640320.0,9.95,10.55,9.9,10.4,True,潮宏基,False
2025-05-07,73.456,73.516,70.036,70.516,445226.0,440773740.0,10.39,10.4,9.82,9.9,True,潮宏基,False
2025-05-08,69.436,70.996,67.576,67.696,449571.0,423945453.0,9.72,9.98,9.41,9.43,True,潮宏基,False
2025-05-09,67.516,70.096,67.276,69.676,368754.0,359903904.0,9.4,9.83,9.36,9.76,True,潮宏基,False
2025-05-12,67.696,68.356,65.296,67.096,377055.0,351792315.0,9.43,9.54,9.03,9.33,True,潮宏基,False
2025-05-13,66.316,69.076,65.176,68.116,352300.0,334685000.0,9.2,9.66,9.01,9.5,True,潮宏基,False
2025-05-14,67.516,68.716,66.196,68.176,274916.0,261445116.0,9.4,9.6,9.18,9.51,True,潮宏基,False
2025-05-15,67.396,67.696,65.176,66.796,268959.0,249593952.0,9.38,9.43,9.01,9.28,True,潮宏基,False
2025-05-16,67.216,72.376,67.216,70.636,526815.0,522600480.0,9.35,10.21,9.35,9.92,True,潮宏基,False
2025-05-19,70.996,73.456,70.816,72.616,453537.0,464875425.0,9.98,10.39,9.95,10.25,True,潮宏基,False
2025-05-20,72.676,78.796,72.556,78.796,546332.0,616262496.0,10.26,11.28,10.24,11.28,True,潮宏基,False
2025-05-21,80.716,85.576,79.336,84.436,934624.0,1142110528.0,11.6,12.41,11.37,12.22,True,潮宏基,False
2025-05-22,83.716,83.716,80.836,81.676,541804.0,637161504.0,12.1,12.1,11.62,11.76,True,潮宏基,False
2025-05-23,80.776,82.816,79.276,81.136,371796.0,433885932.0,11.61,11.95,11.36,11.67,True,潮宏基,False
2025-05-26,83.236,85.756,81.496,82.756,463875.0,553866750.0,12.02,12.44,11.73,11.94,True,潮宏基,False
2025-05-27,83.836,89.896,82.096,87.916,720158.0,921802240.0,12.12,13.13,11.83,12.8,True,潮宏基,False
2025-05-28,85.516,95.056,85.216,93.016,625474.0,853772010.0,12.4,13.99,12.35,13.65,True,潮宏基,False
2025-05-29,90.376,96.436,87.136,92.416,526701.0,713679855.0,13.21,14.22,12.67,13.55,True,潮宏基,False
2025-05-30,92.416,100.576,90.916,97.336,740199.0,1063665963.0,13.55,14.91,13.3,14.37,True,潮宏基,False
2025-06-03,99.916,105.976,95.296,105.976,721034.0,1139954754.0,14.8,15.81,14.03,15.81,True,潮宏基,False
2025-06-04,103.216,115.456,103.216,115.456,581927.0,1011971053.0,15.35,17.39,15.35,17.39,True,潮宏基,False
2025-06-05,119.476,121.696,105.196,105.196,1107784.0,1709310712.0,17.81,18.18,15.43,15.43,True,潮宏基,False
2025-06-06,101.956,104.536,98.056,99.256,1003796.0,1449481424.0,14.89,15.32,14.24,14.44,True,潮宏基,False
2025-06-09,99.376,100.876,96.076,99.136,604223.0,871289566.0,14.46,14.71,13.91,14.42,True,潮宏基,False
2025-06-10,98.956,103.216,98.596,99.676,633211.0,918789161.0,14.39,15.1,14.33,14.51,True,潮宏基,False
2025-06-11,99.076,102.556,98.176,100.516,506635.0,742220275.0,14.41,14.99,14.26,14.65,True,潮宏基,False
2025-06-12,100.996,109.336,100.156,108.076,674047.0,1072408777.0,14.73,16.12,14.59,15.91,True,潮宏基,False
2025-06-13,112.576,113.716,105.616,107.896,660038.0,1048140344.0,16.66,16.85,15.5,15.88,True,潮宏基,False
2025-06-16,106.696,106.696,102.796,103.696,578771.0,878574378.0,15.68,15.68,15.03,15.18,True,潮宏基,False
2025-06-17,102.616,104.356,100.816,101.176,442673.0,653385348.0,15.0,15.29,14.7,14.76,True,潮宏基,False
2025-06-18,99.736,100.876,98.536,99.496,336991.0,487962968.0,14.52,14.71,14.32,14.48,True,潮宏基,False
2025-06-19,99.496,100.696,95.416,96.196,419416.0,584246488.0,14.48,14.68,13.8,13.93,True,潮宏基,False
2025-06-20,94.816,98.116,94.636,96.616,281536.0,394150400.0,13.7,14.25,13.67,14.0,True,潮宏基,False
2025-06-23,95.896,98.176,94.456,97.096,313234.0,441033472.0,13.88,14.26,13.64,14.08,True,潮宏基,False
2025-06-24,96.556,99.316,95.056,95.776,288027.0,399205422.0,13.99,14.45,13.74,13.86,True,潮宏基,False
2025-06-25,96.016,97.276,94.516,95.116,247030.0,339666250.0,13.9,14.11,13.65,13.75,True,潮宏基,False
2025-06-26,94.516,95.056,91.576,94.216,278661.0,378978960.0,13.65,13.74,13.16,13.6,True,潮宏基,False
2025-06-27,94.456,96.316,93.556,94.816,243869.0,334100530.0,13.64,13.95,13.49,13.7,True,潮宏基,False
2025-06-30,95.416,101.776,95.236,100.396,566152.0,828280376.0,13.8,14.86,13.77,14.63,True,潮宏基,False
2025-07-01,100.636,102.976,98.536,101.416,424768.0,628656640.0,14.67,15.06,14.32,14.8,True,潮宏基,False
2025-07-02,102.316,103.456,98.776,99.016,267458.0,385139520.0,14.95,15.14,14.36,14.4,True,潮宏基,False
2025-07-03,98.176,102.916,97.816,100.816,267826.0,393704220.0,14.26,15.05,14.2,14.7,True,潮宏基,False
2025-07-04,99.616,100.216,95.056,98.356,301584.0,430963536.0,14.5,14.6,13.74,14.29,True,潮宏基,False
2025-07-07,96.736,105.616,96.316,102.076,383717.0,572122047.0,14.02,15.5,13.95,14.91,True,潮宏基,False
2025-07-08,102.076,107.416,101.836,104.176,386850.0,590333100.0,14.91,15.8,14.87,15.26,True,潮宏基,False
2025-07-09,102.736,105.256,102.016,103.036,216536.0,326319752.0,15.02,15.44,14.9,15.07,True,潮宏基,False
2025-07-10,102.616,103.036,98.896,100.576,256512.0,376046592.0,15.0,15.07,14.38,14.66,True,潮宏基,False
2025-07-11,99.736,101.416,98.416,98.596,191327.0,274171591.0,14.52,14.8,14.3,14.33,True,潮宏基,False
2025-07-14,98.596,99.616,97.516,99.136,181532.0,261769144.0,14.33,14.5,14.15,14.42,True,潮宏基,False
2025-07-15,97.816,97.936,90.736,93.016,546547.0,732372980.0,14.2,14.22,13.02,13.4,True,潮宏基,False
2025-07-16,92.176,94.276,91.816,93.916,218063.0,295475365.0,13.26,13.61,13.2,13.55,True,潮宏基,False
2025-07-17,94.336,94.396,91.396,92.776,225509.0,301280024.0,13.62,13.63,13.13,13.36,True,潮宏基,False
2025-07-18,92.476,93.556,91.636,93.136,171178.0,229720876.0,13.31,13.49,13.17,13.42,True,潮宏基,False
2025-07-21,93.496,94.696,92.476,93.016,150644.0,201862960.0,13.48,13.68,13.31,13.4,True,潮宏基,False
2025-07-22,93.916,96.496,92.176,92.356,354548.0,471194292.0,13.55,13.98,13.26,13.29,True,潮宏基,False
2025-07-23,91.936,94.516,91.456,93.916,251545.0,340843475.0,13.22,13.65,13.14,13.55,True,潮宏基,False
2025-07-24,94.156,100.156,93.976,98.296,379059.0,541296252.0,13.59,14.59,13.56,14.28,True,潮宏基,False
2025-07-25,97.456,100.516,96.616,97.636,215226.0,304975242.0,14.14,14.65,14.0,14.17,True,潮宏基,False
2025-07-28,96.976,97.816,94.096,95.056,201108.0,276322392.0,14.06,14.2,13.58,13.74,True,潮宏基,False
2025-07-29,94.636,97.156,94.396,97.156,157800.0,222340200.0,13.67,14.09,13.63,14.09,True,潮宏基,False
2025-07-30,96.676,102.916,95.776,100.696,363276.0,533289168.0,14.01,15.05,13.86,14.68,True,潮宏基,False
2025-07-31,100.216,100.876,96.976,98.896,287675.0,413676650.0,14.6,14.71,14.06,14.38,True,潮宏基,False
2025-08-01,98.896,99.496,96.616,97.936,168290.0,239308380.0,14.38,14.48,14.0,14.22,True,潮宏基,False
2025-08-04,98.836,104.296,98.416,103.576,320907.0,486495012.0,14.37,15.28,14.3,15.16,True,潮宏基,False
2025-08-05,103.096,107.956,102.856,105.496,246321.0,381304908.0,15.08,15.89,15.04,15.48,True,潮宏基,False
2025-08-06,105.136,111.796,103.936,111.256,303712.0,499302528.00000006,15.42,16.53,15.22,16.44,True,潮宏基,False
2025-08-07,110.416,118.696,108.976,114.616,368064.0,625708800.0,16.3,17.68,16.06,17.0,True,潮宏基,False
2025-08-08,115.216,116.716,110.776,112.156,294991.0,489390069.0,17.1,17.35,16.36,16.59,True,潮宏基,False
2025-08-11,110.596,110.596,106.216,106.756,347485.0,545203965.0,16.33,16.33,15.6,15.69,True,潮宏基,False
2025-08-12,106.816,107.716,106.276,107.356,152253.0,240407487.0,15.7,15.85,15.61,15.79,True,潮宏基,False
2025-08-13,107.896,108.556,105.196,108.136,223121.0,355208632.0,15.88,15.99,15.43,15.92,True,潮宏基,False
2025-08-14,108.196,108.556,102.436,102.736,292718.0,439662436.0,15.93,15.99,14.97,15.02,True,潮宏基,False
2025-08-15,103.036,105.196,102.376,104.176,179611.0,274086386.0,15.07,15.43,14.96,15.26,True,潮宏基,False
2025-08-18,104.116,105.736,102.616,104.776,210857.0,323876352.0,15.25,15.52,15.0,15.36,True,潮宏基,False
2025-08-19,105.436,105.436,101.836,102.376,209073.0,312773208.0,15.47,15.47,14.87,14.96,True,潮宏基,False
2025-08-20,102.016,106.696,101.836,106.156,290932.0,453562988.0,14.9,15.68,14.87,15.59,True,潮宏基,False
2025-08-21,107.476,110.296,105.736,108.436,290021.0,463163537.0,15.81,16.28,15.52,15.97,True,潮宏基,False
2025-08-22,108.796,109.516,103.336,103.816,387855.0,589539600.0,16.03,16.15,15.12,15.2,True,潮宏基,False
2025-08-25,104.716,105.016,102.616,104.296,271752.0,415237056.0,15.35,15.4,15.0,15.28,True,潮宏基,False
2025-08-26,104.536,106.696,103.816,104.056,250656.0,381999744.0,15.32,15.68,15.2,15.24,True,潮宏基,False
2025-08-27,104.116,104.116,98.596,98.776,322239.0,462735204.0,15.25,15.25,14.33,14.36,True,潮宏基,False
2025-08-28,98.716,99.796,94.516,98.116,289819.0,412992075.0,14.35,14.53,13.65,14.25,True,潮宏基,False
2025-08-29,97.816,103.456,97.516,101.176,333666.0,492491016.0,14.2,15.14,14.15,14.76,True,潮宏基,False
2025-09-01,104.536,109.816,102.736,107.356,427046.0,674305634.0,15.32,16.2,15.02,15.79,True,潮宏基,False
2025-09-02,108.616,112.336,106.696,111.616,469761.0,775105650.0,16.0,16.62,15.68,16.5,True,潮宏基,False
2025-09-03,113.116,115.156,107.536,108.016,373301.0,593548590.0,16.75,17.09,15.82,15.9,True,潮宏基,False
2025-09-04,106.816,108.676,104.476,107.536,258084.0,408288888.0,15.7,16.01,15.31,15.82,True,潮宏基,False
2025-09-05,107.536,107.536,103.096,106.636,265889.0,416648063.0,15.82,15.82,15.08,15.67,True,潮宏基,False
2025-09-08,106.876,108.556,105.076,105.796,200279.0,311033287.0,15.71,15.99,15.41,15.53,True,潮宏基,False
2025-09-09,107.476,111.916,106.216,108.916,376344.0,604032120.0,15.81,16.55,15.6,16.05,True,潮宏基,False
2025-09-10,105.856,107.056,102.016,102.916,360311.0,542268055.0,15.54,15.74,14.9,15.05,True,潮宏基,False
2025-09-11,102.016,104.056,100.576,103.576,220956.0,334969296.0,14.9,15.24,14.66,15.16,True,潮宏基,False
2025-09-12,102.856,105.256,102.436,103.816,155380.0,236177600.0,15.04,15.44,14.97,15.2,True,潮宏基,False
2025-09-15,104.116,105.256,100.936,103.816,199744.0,303610880.0,15.25,15.44,14.72,15.2,True,潮宏基,False
2025-09-16,104.476,105.076,101.596,102.436,128002.0,191618994.0,15.31,15.41,14.83,14.97,True,潮宏基,False
2025-09-17,101.536,102.196,100.516,101.116,116008.0,171111800.0,14.82,14.93,14.65,14.75,True,潮宏基,False
2025-09-18,101.116,105.376,99.316,102.976,228394.0,343961364.0,14.75,15.46,14.45,15.06,True,潮宏基,False
2025-09-19,102.436,103.756,100.276,103.156,176020.0,265614180.0,14.97,15.19,14.61,15.09,True,潮宏基,False
2025-09-22,103.156,107.716,103.096,107.596,353400.0,559432200.0,15.09,15.85,15.08,15.83,True,潮宏基,False
2025-09-23,107.176,107.896,103.456,105.196,168813.0,260478459.0,15.76,15.88,15.14,15.43,True,潮宏基,False
2025-09-24,104.116,108.856,103.696,106.996,178437.0,280681401.0,15.25,16.04,15.18,15.73,True,潮宏基,False
2025-09-25,106.396,106.396,101.176,101.476,255545.0,378462145.0,15.63,15.63,14.76,14.81,True,潮宏基,False
2025-09-26,100.936,102.976,99.856,102.376,113845.0,170312120.0,14.72,15.06,14.54,14.96,True,潮宏基,False
2025-09-29,101.716,102.016,96.436,97.636,254214.0,360221238.0,14.85,14.9,13.97,14.17,True,潮宏基,False
2025-09-30,98.296,100.096,97.396,98.356,128479.0,183596491.0,14.28,14.58,14.13,14.29,True,潮宏基,False
2025-10-09,101.776,101.836,97.696,98.176,207472.0,295855072.0,14.86,14.87,14.18,14.26,True,潮宏基,False
2025-10-10,97.696,101.296,97.396,99.076,148234.0,213605194.0,14.18,14.78,14.13,14.41,True,潮宏基,False
2025-10-13,96.376,100.816,95.596,98.116,143092.0,203906100.0,13.96,14.7,13.83,14.25,True,潮宏基,False
2025-10-14,98.416,102.196,98.416,99.376,251975.0,364355850.0,14.3,14.93,14.3,14.46,True,潮宏基,False
2025-10-15,101.236,102.436,96.016,101.596,231969.0,341690337.0,14.67,14.87,13.8,14.73,True,潮宏基,False
2025-10-16,101.356,107.656,101.116,104.476,371255.0,564678855.0,14.69,15.74,14.65,15.21,True,潮宏基,False
2025-10-17,105.016,107.776,99.616,99.796,306072.0,441661896.0,15.3,15.76,14.4,14.43,True,潮宏基,False
2025-10-20,97.876,98.836,96.856,98.116,161564.0,228613060.0,14.11,14.27,13.94,14.15,True,潮宏基,False
2025-10-21,98.896,98.956,97.456,98.176,97552.0,138133632.0,14.28,14.29,14.04,14.16,True,潮宏基,False
2025-10-22,96.196,96.496,94.156,94.816,217467.0,295755120.0,13.83,13.88,13.49,13.6,True,潮宏基,False
2025-10-23,94.276,94.576,88.156,89.656,330343.0,420856982.0,13.51,13.56,12.49,12.74,True,潮宏基,False
2025-10-24,89.596,91.636,88.876,91.216,224463.0,291801900.0,12.73,13.07,12.61,13.0,True,潮宏基,False
2025-10-27,90.376,96.496,90.376,94.636,253204.0,343597828.0,12.86,13.88,12.86,13.57,True,潮宏基,False
2025-10-28,94.096,97.696,93.436,96.976,253515.0,353906940.0,13.48,14.08,13.37,13.96,True,潮宏基,False
2025-10-29,96.556,99.196,96.016,98.236,150352.0,213048784.0,13.89,14.33,13.8,14.17,True,潮宏基,False
2025-10-30,97.336,98.116,94.096,94.276,166169.0,224494319.0,14.02,14.15,13.48,13.51,True,潮宏基,False
2025-10-31,95.176,97.816,94.336,94.456,249944.0,338424176.0,13.66,14.1,13.52,13.54,True,潮宏基,False
2025-11-03,91.816,92.416,86.356,86.416,393889.0,480544580.0,13.1,13.2,12.19,12.2,True,潮宏基,False
2025-11-04,85.756,86.116,82.696,83.356,341703.0,399450807.0,12.09,12.15,11.58,11.69,True,潮宏基,False
2025-11-05,82.696,86.656,82.216,85.276,328747.0,394825147.0,11.58,12.24,11.5,12.01,True,潮宏基,False
2025-11-06,85.096,85.816,84.496,85.516,117600.0,141708000.0,11.98,12.1,11.88,12.05,True,潮宏基,False
2025-11-07,85.096,85.516,83.896,84.256,115679.0,136963936.0,11.98,12.05,11.78,11.84,True,潮宏基,False
2025-11-10,84.256,88.036,84.076,87.496,225757.0,279487166.0,11.84,12.47,11.81,12.38,True,潮宏基,False
2025-11-11,87.496,89.716,87.076,88.216,165377.0,206721250.0,12.38,12.75,12.31,12.5,True,潮宏基,False
2025-11-12,90.316,92.536,89.716,89.896,216279.0,276404562.0,12.85,13.22,12.75,12.78,True,潮宏基,False
2025-11-13,89.896,90.736,88.756,90.016,147637.0,188975360.0,12.78,12.92,12.59,12.8,True,潮宏基,False
2025-11-14,89.416,90.316,87.496,87.676,109949.0,136446709.0,12.7,12.85,12.38,12.41,True,潮宏基,False
2025-11-17,88.216,88.516,86.056,86.656,82636.0,101146464.0,12.5,12.55,12.14,12.24,True,潮宏基,False
2025-11-18,86.656,86.896,85.276,85.876,78059.0,94529449.0,12.24,12.28,12.01,12.11,True,潮宏基,False
2025-11-19,85.516,86.716,85.276,85.936,71982.0,87242184.0,12.05,12.25,12.01,12.12,True,潮宏基,False
2025-11-20,85.996,87.256,84.976,86.656,111185.0,136090440.0,12.13,12.34,11.96,12.24,True,潮宏基,False
2025-11-21,85.816,86.716,85.036,85.156,84090.0,100823910.0,12.1,12.25,11.97,11.99,True,潮宏基,False
2025-11-24,85.276,87.136,84.616,86.836,86538.0,106182126.0,12.01,12.32,11.9,12.27,True,潮宏基,False
2025-11-25,87.196,88.396,86.596,87.016,65182.0,80173860.0,12.33,12.53,12.23,12.3,True,潮宏基,False
2025-11-26,87.496,89.776,86.896,87.856,106197.0,132109068.0,12.38,12.76,12.28,12.44,True,潮宏基,False
2025-11-27,87.796,90.256,87.376,89.476,158137.0,200992127.0,12.43,12.84,12.36,12.71,True,潮宏基,False
2025-11-28,89.476,90.496,88.096,89.956,93198.0,119200242.0,12.71,12.88,12.48,12.79,True,潮宏基,False
2025-12-01,90.436,93.856,89.956,92.296,187711.0,247403098.0,12.87,13.44,12.79,13.18,True,潮宏基,False
2025-12-02,91.936,92.416,90.016,92.296,180044.0,237297992.0,13.12,13.2,12.8,13.18,True,潮宏基,False
2025-12-03,92.116,93.256,91.096,92.296,133281.0,175664358.0,13.15,13.34,12.98,13.18,True,潮宏基,False
2025-12-04,91.576,92.116,89.296,90.616,122272.0,157730880.0,13.06,13.15,12.68,12.9,True,潮宏基,False
2025-12-05,90.616,92.836,89.836,92.356,114250.0,150695750.0,12.9,13.27,12.77,13.19,True,潮宏基,False
2025-12-08,92.296,92.296,91.096,91.336,85409.0,111202518.0,13.18,13.18,12.98,13.02,True,潮宏基,False
2025-12-09,91.516,92.596,90.976,91.096,78661.0,102101978.0,13.05,13.23,12.96,12.98,True,潮宏基,False
2025-12-10,91.096,92.836,90.616,91.696,80989.0,105933612.0,12.98,13.27,12.9,13.08,True,潮宏基,False
2025-12-11,91.456,92.716,89.776,89.956,88660.0,113396140.0,13.04,13.25,12.76,12.79,True,潮宏基,False
2025-12-12,90.076,91.216,88.876,91.216,201040.0,261352000.0,12.81,13.0,12.61,13.0,True,潮宏基,False
2025-12-15,90.316,90.616,86.896,88.636,226149.0,284269293.0,12.85,12.9,12.28,12.57,True,潮宏基,False
2025-12-16,88.456,90.616,87.256,87.856,187044.0,232682736.0,12.54,12.9,12.34,12.44,True,潮宏基,False
2025-12-17,88.216,90.616,87.496,89.296,168444.0,213586992.0,12.5,12.9,12.38,12.68,True,潮宏基,False
2025-12-18,89.056,90.316,87.376,88.456,93014.0,116639556.0,12.64,12.85,12.36,12.54,True,潮宏基,False
2025-12-19,88.396,89.296,87.136,88.456,107994.0,135424476.0,12.53,12.68,12.32,12.54,True,潮宏基,False
2025-12-22,88.876,90.256,87.976,88.816,124104.0,156371040.0,12.61,12.84,12.46,12.6,True,潮宏基,False
2025-12-23,89.116,92.176,89.116,90.616,174164.0,224671560.0,12.65,13.16,12.65,12.9,True,潮宏基,False
2025-12-24,90.616,91.336,88.516,90.736,132050.0,170608600.0,12.9,13.02,12.55,12.92,True,潮宏基,False
2025-12-25,90.856,91.696,89.296,89.836,109351.0,139641227.0,12.94,13.08,12.68,12.77,True,潮宏基,False
2025-12-26,89.116,90.316,88.696,90.076,95469.0,122295789.0,12.65,12.85,12.58,12.81,True,潮宏基,False
2025-12-29,90.136,91.756,89.656,90.916,128089.0,165875255.0,12.82,13.09,12.74,12.95,True,潮宏基,False
2025-12-30,90.136,91.516,86.896,87.436,203090.0,251222330.0,12.82,13.05,12.28,12.37,True,潮宏基,False
2025-12-31,87.256,89.056,86.896,88.216,114652.0,143315000.0,12.34,12.64,12.28,12.5,True,潮宏基,False
2026-01-05,88.696,88.816,85.696,87.436,199625.0,246936125.0,12.58,12.6,12.08,12.37,True,潮宏基,False
2026-01-06,87.496,88.396,86.716,87.376,157360.0,194496960.0,12.38,12.53,12.25,12.36,True,潮宏基,False
2026-01-07,86.896,87.136,85.336,85.756,180069.0,217703421.0,12.28,12.32,12.02,12.09,True,潮宏基,False
2026-01-08,85.696,86.416,85.336,85.996,138540.0,168049020.0,12.08,12.2,12.02,12.13,True,潮宏基,False
2026-01-09,86.056,89.296,85.816,88.876,219091.0,276273751.0,12.14,12.68,12.1,12.61,True,潮宏基,False
2026-01-12,89.356,90.316,87.676,88.096,201547.0,251530656.0,12.69,12.85,12.41,12.48,True,潮宏基,False
2026-01-13,91.816,93.016,90.436,91.096,443009.0,575025682.0,13.1,13.3,12.87,12.98,True,潮宏基,False
2026-01-14,91.756,95.596,91.036,93.376,434909.0,581038424.0,13.09,13.73,12.97,13.36,True,潮宏基,False
2026-01-15,93.316,93.316,90.076,90.316,238370.0,306305450.0,13.35,13.35,12.81,12.85,True,潮宏基,False
2026-01-16,90.916,91.156,88.876,89.776,189931.0,242351956.0,12.95,12.99,12.61,12.76,True,潮宏基,False
2026-01-19,90.016,93.016,89.476,92.716,241034.0,319370050.0,12.8,13.3,12.71,13.25,True,潮宏基,False
2026-01-20,92.716,96.016,92.356,94.576,212206.0,287751336.0,13.25,13.8,13.19,13.56,True,潮宏基,False
2026-01-21,94.456,95.896,93.856,94.456,230533.0,312141682.0,13.54,13.78,13.44,13.54,True,潮宏基,False
2026-01-22,93.676,94.816,92.776,93.256,130593.0,174211062.0,13.41,13.6,13.26,13.34,True,潮宏基,False
2026-01-23,93.976,99.856,93.736,99.196,342051.0,490159083.0,13.46,14.44,13.42,14.33,True,潮宏基,False
2026-01-26,101.116,106.216,100.096,101.716,464672.0,685391200.0,14.65,15.5,14.48,14.75,True,潮宏基,False
2026-01-27,100.816,101.896,97.096,97.396,286665.0,402190995.0,14.6,14.78,13.98,14.03,True,潮宏基,False
2026-01-28,98.896,103.216,97.396,102.076,470083.0,696192923.0,14.28,15.0,14.03,14.81,True,潮宏基,False
2026-01-29,103.096,103.156,93.196,93.376,576651.0,770405736.0,14.98,14.99,13.33,13.36,True,潮宏基,False
2026-01-30,89.716,93.856,88.816,89.956,371047.0,474569113.0,12.75,13.44,12.6,12.79,True,潮宏基,False
2026-02-02,86.116,88.156,86.056,86.176,317903.0,386570048.0,12.15,12.49,12.14,12.16,True,潮宏基,False
2026-02-03,87.496,89.896,87.076,89.416,214574.0,272508980.0,12.38,12.78,12.31,12.7,True,潮宏基,False
2026-02-04,90.556,90.916,87.676,88.756,169513.0,213416867.0,12.89,12.95,12.41,12.59,True,潮宏基,False
2026-02-05,87.916,88.456,86.896,87.196,110619.0,136393227.0,12.45,12.54,12.28,12.33,True,潮宏基,False
2026-02-06,86.776,94.576,86.296,94.576,407883.0,553089348.0,12.26,13.56,12.18,13.56,True,潮宏基,False
2026-02-09,94.516,98.716,93.736,97.396,540322.0,758071766.0,13.55,14.25,13.42,14.03,True,潮宏基,False
2026-02-10,97.336,97.576,95.956,96.376,201583.0,279394038.0,14.02,14.06,13.79,13.86,True,潮宏基,False
2026-02-11,95.776,97.516,95.776,96.616,158488.0,220298320.0,13.76,14.05,13.76,13.9,True,潮宏基,False
2026-02-12,96.616,97.336,96.196,96.856,121752.0,169722288.0,13.9,14.02,13.83,13.94,True,潮宏基,False
2026-02-13,96.076,97.696,94.816,95.116,139666.0,190644090.0,13.81,14.08,13.6,13.65,True,潮宏基,False
2026-02-24,96.916,97.456,88.036,88.096,456660.0,569911680.0,13.95,14.04,12.47,12.48,True,潮宏基,False
2026-02-25,88.336,88.936,87.136,87.676,319309.0,396262469.0,12.52,12.62,12.32,12.41,True,潮宏基,False
2026-02-26,87.916,88.156,82.936,83.776,502719.0,591197544.0,12.45,12.49,11.62,11.76,True,潮宏基,False
2026-02-27,83.716,84.076,82.456,83.896,274279.0,323100662.0,11.75,11.81,11.54,11.78,True,潮宏基,False
2026-03-02,84.796,85.096,80.536,81.676,457852.0,522409132.0,11.93,11.98,11.22,11.41,True,潮宏基,False
2026-03-03,81.136,81.916,79.396,79.456,243454.0,268773216.0,11.32,11.45,11.03,11.04,True,潮宏基,False
2026-03-04,77.836,79.336,77.296,77.776,191761.0,206334836.0,10.77,11.02,10.68,10.76,True,潮宏基,False
2026-03-05,78.796,78.976,77.296,77.716,156032.0,167734400.0,10.93,10.96,10.68,10.75,True,潮宏基,False
2026-03-06,77.296,78.736,76.816,78.496,142673.0,155228224.0,10.68,10.92,10.6,10.88,True,潮宏基,False
2026-03-09,77.896,77.896,75.496,76.696,213912.0,226318896.0,10.78,10.78,10.38,10.58,True,潮宏基,False
2026-03-10,76.936,78.016,76.876,77.956,130654.0,140975666.0,10.62,10.8,10.61,10.79,True,潮宏基,False
2026-03-11,78.076,78.196,76.336,76.396,164000.0,172692000.0,10.81,10.83,10.52,10.53,True,潮宏基,False
2026-03-12,76.276,76.876,75.856,76.156,102379.0,107395571.0,10.51,10.61,10.44,10.49,True,潮宏基,False
2026-03-13,75.916,76.336,74.716,75.016,147381.0,151802430.0,10.45,10.52,10.25,10.3,True,潮宏基,False
2026-03-16,74.656,75.616,74.296,75.436,151626.0,157236162.0,10.24,10.4,10.18,10.37,True,潮宏基,False
2026-03-17,75.436,75.616,74.476,74.596,123043.0,125872989.0,10.37,10.4,10.21,10.23,True,潮宏基,False
2026-03-18,74.596,76.816,74.536,76.216,241711.0,253796550.0,10.23,10.6,10.22,10.5,True,潮宏基,False
2026-03-19,75.616,76.216,73.936,74.536,223808.0,228731776.0,10.4,10.5,10.12,10.22,True,潮宏基,False
2026-03-20,74.716,75.316,73.636,73.636,137676.0,138639732.0,10.25,10.35,10.07,10.07,True,潮宏基,False
2026-03-23,72.856,72.856,69.616,70.036,239070.0,226399290.00000003,9.94,9.94,9.4,9.47,True,潮宏基,False
2026-03-24,71.236,75.256,70.876,74.956,335745.0,345481605.0,9.67,10.34,9.61,10.29,True,潮宏基,False
2026-03-25,74.956,76.456,74.416,75.436,196972.0,204259964.0,10.29,10.54,10.2,10.37,True,潮宏基,False
2026-03-26,75.316,76.156,74.416,74.776,128776.0,132124176.0,10.35,10.49,10.2,10.26,True,潮宏基,False
2026-03-27,74.116,76.336,73.936,75.916,127050.0,132767250.0,10.15,10.52,10.12,10.45,True,潮宏基,False
2026-03-30,76.456,76.456,73.336,75.016,277330.0,285649900.0,10.54,10.54,10.02,10.3,True,潮宏基,False
2026-03-31,75.496,75.916,74.776,75.016,174125.0,179348750.0,10.38,10.45,10.26,10.3,True,潮宏基,False
2026-04-01,75.976,77.776,75.736,77.536,249159.0,267098448.00000003,10.46,10.76,10.42,10.72,True,潮宏基,False
2026-04-02,77.176,77.176,75.856,76.516,153825.0,162285375.0,10.66,10.66,10.44,10.55,True,潮宏基,False
2026-04-03,76.696,76.876,75.076,75.616,100883.0,104918320.0,10.58,10.61,10.31,10.4,True,潮宏基,False
2026-04-07,76.096,77.656,75.316,76.876,169264.0,179589104.0,10.48,10.74,10.35,10.61,True,潮宏基,False
2026-04-08,77.956,78.976,77.536,77.896,218864.0,235935392.0,10.79,10.96,10.72,10.78,True,潮宏基,False
2026-04-09,76.576,77.356,76.456,77.056,129434.0,137717776.0,10.56,10.69,10.54,10.64,True,潮宏基,False
2026-04-10,77.716,78.316,77.056,77.536,156737.0,168022064.0,10.75,10.85,10.64,10.72,True,潮宏基,False
2026-04-13,77.056,77.416,76.216,76.276,129572.0,136180172.0,10.64,10.7,10.5,10.51,True,潮宏基,False
2026-04-14,76.696,76.816,75.376,76.576,139143.0,146935008.0,10.58,10.6,10.36,10.56,True,潮宏基,False
2026-04-15,76.816,77.656,76.576,77.116,132564.0,141180660.0,10.6,10.74,10.56,10.65,True,潮宏基,False
2026-04-16,77.116,78.616,76.876,78.136,164179.0,177641678.0,10.65,10.9,10.61,10.82,True,潮宏基,False
2026-04-17,77.836,78.256,76.996,77.956,141101.0,152247979.0,10.77,10.84,10.63,10.79,True,潮宏基,False
2026-04-20,78.136,79.696,77.776,79.336,159885.0,176193270.0,10.82,11.08,10.76,11.02,True,潮宏基,False
2026-04-21,79.816,81.016,78.856,80.656,203747.0,229011628.0,11.1,11.3,10.94,11.24,True,潮宏基,False
2026-04-22,80.836,80.836,78.616,79.336,197666.0,217827932.0,11.27,11.27,10.9,11.02,True,潮宏基,False
2026-04-23,78.916,79.636,78.136,78.376,114170.0,123988620.0,10.95,11.07,10.82,10.86,True,潮宏基,False
2026-04-24,77.896,78.856,77.236,78.376,103271.0,112152306.0,10.78,10.94,10.67,10.86,True,潮宏基,False
2026-04-27,78.376,78.556,76.936,77.536,105140.0,112710080.0,10.86,10.89,10.62,10.72,True,潮宏基,False
2026-04-28,77.416,78.496,77.296,77.596,83342.0,89425966.0,10.7,10.88,10.68,10.73,True,潮宏基,False
2026-04-29,77.416,81.376,77.176,80.716,252961.0,284581125.0,10.7,11.36,10.66,11.25,True,潮宏基,False
2026-04-30,80.716,83.176,76.576,76.636,434293.0,459047701.0,11.25,11.66,10.56,10.57,True,潮宏基,False
2026-05-06,77.056,77.356,75.496,75.976,280771.0,293686466.0,10.64,10.69,10.38,10.46,True,潮宏基,False
2026-05-07,77.056,78.316,76.036,76.576,241685.0,255219360.0,10.64,10.85,10.47,10.56,True,潮宏基,False
2026-05-08,76.876,77.716,75.736,76.156,217535.0,228194215.0,10.61,10.75,10.42,10.49,True,潮宏基,False
2026-05-11,76.096,76.156,73.816,74.416,239598.0,244389960.0,10.48,10.49,10.1,10.2,True,潮宏基,False
2026-05-12,74.416,75.256,73.036,73.516,166939.0,167773695.0,10.2,10.34,9.97,10.05,True,潮宏基,False
2026-05-13,73.516,74.836,73.156,73.996,134414.0,136161382.0,10.05,10.27,9.99,10.13,True,潮宏基,False
2026-05-14,73.816,74.056,72.736,72.796,135866.0,134914938.0,10.1,10.14,9.92,9.93,True,潮宏基,False
2026-05-15,72.556,73.036,70.816,71.536,158290.0,153857880.0,9.89,9.97,9.6,9.72,True,潮宏基,False
2026-05-18,71.116,71.416,69.856,70.396,158329.0,150887537.0,9.65,9.7,9.44,9.53,True,潮宏基,False
2026-05-19,70.696,72.616,70.516,72.556,165539.0,163718071.0,9.58,9.9,9.55,9.89,True,潮宏基,False
2026-05-20,72.616,72.676,71.416,72.076,125504.0,123119424.0,9.9,9.91,9.7,9.81,True,潮宏基,False
2026-05-21,72.676,72.916,70.576,70.576,146481.0,134909001.0,9.56,9.6,9.21,9.21,True,潮宏基,False
2026-05-22,70.816,71.236,70.516,70.696,108116.0,99791068.0,9.25,9.32,9.2,9.23,True,潮宏基,False
2026-05-25,70.756,71.596,70.096,70.516,105770.0,97308400.0,9.24,9.38,9.13,9.2,True,潮宏基,False
2026-05-26,70.576,71.416,70.216,71.356,130708.0,122081272.0,9.21,9.35,9.15,9.34,True,潮宏基,False
2026-05-27,70.756,70.936,68.776,69.316,172580.0,155322000.0,9.24,9.27,8.91,9.0,True,潮宏基,False
2026-05-28,68.836,69.316,68.056,68.896,109356.0,97654908.0,8.92,9.0,8.79,8.93,True,潮宏基,False
2026-05-29,69.136,70.996,69.016,70.576,184965.0,170352765.00000003,8.97,9.28,8.95,9.21,True,潮宏基,False
2026-06-01,70.096,72.256,69.556,72.016,220032.0,207930240.0,9.13,9.49,9.04,9.45,True,潮宏基,False
2026-06-02,71.656,72.196,70.216,70.396,161138.0,147924684.0,9.39,9.48,9.15,9.18,True,潮宏基,False
2026-06-03,70.396,70.816,69.076,70.516,136171.0,125277320.0,9.18,9.25,8.96,9.2,True,潮宏基,False
2026-06-04,69.976,70.696,69.376,69.616,112123.0,101471315.0,9.11,9.23,9.01,9.05,True,潮宏基,False
2026-06-05,69.736,70.516,68.956,69.076,107722.0,96518912.0,9.07,9.2,8.94,8.96,True,潮宏基,False
2026-06-08,70.516,70.516,65.956,66.676,191848.0,164221888.0,9.2,9.2,8.44,8.56,True,潮宏基,False
2026-06-09,66.676,68.176,66.376,67.576,155793.0,135695703.0,8.56,8.81,8.51,8.71,True,潮宏基,False
2026-06-10,66.916,67.696,66.736,67.216,91746.0,79360290.0,8.6,8.73,8.57,8.65,True,潮宏基,False
2026-06-11,66.616,69.316,65.536,68.536,230801.0,204720487.0,8.55,9.0,8.37,8.87,True,潮宏基,False
2026-06-12,68.536,73.876,68.236,73.876,338966.0,330830816.0,8.87,9.76,8.82,9.76,True,潮宏基,False
2026-06-15,73.936,76.336,73.396,75.256,495137.0,494641863.0,9.77,10.17,9.68,9.99,True,潮宏基,False
2026-06-16,74.776,76.936,74.356,76.636,407138.0,416095036.0,9.91,10.27,9.84,10.22,True,潮宏基,False
2026-06-17,76.336,76.456,73.816,74.296,228782.0,224892706.0,10.17,10.19,9.75,9.83,True,潮宏基,False
2026-06-18,73.996,74.116,72.616,73.096,150214.0,144656082.0,9.78,9.8,9.55,9.63,True,潮宏基,False
2026-06-22,72.796,74.116,72.376,73.876,233647.0,228039472.0,9.58,9.8,9.51,9.76,True,潮宏基,False
2026-06-23,73.336,73.576,70.216,70.396,204746.0,187956828.0,9.67,9.71,9.15,9.18,True,潮宏基,False
2026-06-24,70.096,70.996,68.956,69.196,159595.0,143316310.0,9.13,9.28,8.94,8.98,True,潮宏基,False
2026-06-25,68.776,71.296,67.756,70.216,198403.0,181538745.0,8.91,9.33,8.74,9.15,True,潮宏基,False
2026-06-26,69.856,69.916,67.396,67.576,169175.0,147351425.0,9.09,9.1,8.68,8.71,True,潮宏基,False
2026-06-29,67.096,71.416,66.556,70.936,225151.0,208714977.0,8.63,9.35,8.54,9.27,True,潮宏基,False
2026-06-30,70.216,70.756,69.316,70.336,150772.0,138257924.0,9.15,9.24,9.0,9.17,True,潮宏基,False
2026-07-01,70.696,72.256,69.196,71.656,257098.0,241415022.0,9.23,9.49,8.98,9.39,True,潮宏基,False
2026-07-02,71.716,75.796,71.416,75.016,347510.0,345772450.0,9.4,10.08,9.35,9.95,True,潮宏基,False
2026-07-03,74.776,79.216,74.416,78.436,499022.0,524971144.0,9.91,10.65,9.85,10.52,True,潮宏基,False
2026-07-06,77.716,80.236,77.236,78.976,327886.0,347887046.0,10.4,10.82,10.32,10.61,True,潮宏基,False
2026-07-07,78.256,78.796,77.056,77.896,225962.0,235678366.0,10.49,10.58,10.29,10.43,True,潮宏基,False
2026-07-08,77.716,79.516,75.856,75.976,209684.0,211990524.0,10.4,10.7,10.09,10.11,True,潮宏基,False
2026-07-09,75.316,76.036,74.116,74.896,173088.0,171876384.0,10.0,10.12,9.8,9.93,True,潮宏基,False
2026-07-10,75.136,76.816,72.916,75.676,223742.0,225084452.0,9.97,10.25,9.6,10.06,True,潮宏基,False
2026-07-13,75.076,76.036,72.076,72.256,169185.0,160556565.0,9.96,10.12,9.46,9.49,True,潮宏基,False
2026-07-14,72.016,73.936,71.296,73.516,179206.0,173829820.0,9.45,9.77,9.33,9.7,True,潮宏基,False
2026-07-15,73.876,77.536,72.976,77.056,273349.0,281276121.0,9.76,10.37,9.61,10.29,True,潮宏基,False
2026-07-16,76.456,78.496,76.276,77.296,221288.0,228590504.0,10.19,10.53,10.16,10.33,True,潮宏基,False
2026-07-17,76.516,77.176,73.996,74.356,203021.0,199772664.0,10.2,10.31,9.78,9.84,True,潮宏基,False
2026-07-20,74.356,76.996,74.056,75.076,270164.0,269083344.0,9.84,10.28,9.79,9.96,True,潮宏基,False
2026-07-21,75.316,77.596,74.236,74.776,236968.0,234835288.0,10.0,10.38,9.82,9.91,True,潮宏基,False
2026-07-22,74.296,77.716,73.576,77.596,365062.0,378934356.0,9.83,10.4,9.71,10.38,True,潮宏基,False
2026-07-23,76.816,77.956,75.016,77.116,238779.0,245942370.00000003,10.25,10.44,9.95,10.3,True,潮宏基,False
2026-07-24,76.156,76.276,73.996,74.596,165862.0,163871656.0,10.14,10.16,9.78,9.88,True,潮宏基,False
2026-07-27,74.836,78.856,74.716,77.656,284992.0,296106688.0,9.92,10.59,9.9,10.39,True,潮宏基,False
2026-07-28,77.116,78.436,75.256,77.776,271983.0,283134303.0,10.3,10.52,9.99,10.41,True,潮宏基,False
2026-07-29,77.356,80.056,77.296,79.276,272794.0,290798404.0,10.34,10.79,10.33,10.66,True,潮宏基,False
2026-07-30,79.336,81.796,78.496,79.516,302152.0,323302640.0,10.67,11.08,10.53,10.7,True,潮宏基,False
2026-07-31,78.256,81.016,78.256,80.656,251666.0,274064274.0,10.49,10.95,10.49,10.89,True,潮宏基,False
2026-08-03,80.356,80.716,76.036,76.636,328307.0,335529754.0,10.84,10.9,10.12,10.22,True,潮宏基,False
2026-08-04,76.636,77.536,75.496,75.736,229631.0,231238417.0,10.22,10.37,10.03,10.07,True,潮宏基,False
2026-08-05,75.736,79.936,75.496,79.216,364368.0,388051920.0,10.07,10.77,10.03,10.65,True,潮宏基,False
2026-08-06,81.496,82.516,79.096,79.456,344911.0,368709859.0,11.03,11.2,10.63,10.69,True,潮宏基,False
2026-08-07,79.456,79.936,77.476,78.856,205684.0,217819356.0,10.69,10.77,10.36,10.59,True,潮宏基,False
2026-08-10,80.116,85.216,79.276,85.216,346944.0,404189760.0,10.8,11.65,10.66,11.65,True,潮宏基,False
2026-08-11,84.556,87.016,81.016,81.376,653718.0,719743518.0,11.54,11.95,10.95,11.01,True,潮宏基,False
2026-08-12,80.896,83.356,79.936,82.216,354939.0,395756985.0,10.93,11.34,10.77,11.15,True,潮宏基,False
2026-08-13,82.216,85.096,78.856,79.096,327606.0,348245178.0,11.15,11.63,10.59,10.63,True,潮宏基,False
2026-08-14,78.676,78.976,76.336,76.816,257028.0,263453700.0,10.56,10.61,10.17,10.25,True,潮宏基,False
2026-08-17,77.176,77.956,76.036,77.116,195025.0,200875750.0,10.31,10.44,10.12,10.3,True,潮宏基,False
2026-08-18,76.996,77.536,75.976,76.816,178763.0,183232075.0,10.28,10.37,10.11,10.25,True,潮宏基,False
2026-08-19,75.916,75.916,72.496,72.676,288813.0,276105228.0,10.1,10.1,9.53,9.56,True,潮宏基,False
2026-08-20,76.156,78.196,75.196,76.336,414633.0,421681761.0,10.14,10.48,9.98,10.17,True,潮宏基,False
2026-08-21,76.396,76.936,74.896,75.136,270418.0,269606746.0,10.18,10.27,9.93,9.97,True,潮宏基,False
2026-08-24,75.976,76.336,72.556,73.096,249561.0,240327243.00000003,10.11,10.17,9.54,9.63,True,潮宏基,False
2026-08-25,73.24780893042575,74.84180269989615,72.33695534787122,72.48876427829698,193898.0,186610000.0,9.65,9.86,9.53,9.55,True,潮宏基,True
2026-08-27,72.56466874350986,78.56112149532709,72.03333748701972,75.52494288681203,337446.0,336570000.0,9.56,10.35,9.49,9.95,True,潮宏基,True
