date,open,high,low,close,volume,amount,raw_open,raw_high,raw_low,raw_close,tradable,name,provisional
2020-05-25,44.17,53.01,44.17,53.01,970.0,5141970.0,44.17,53.01,44.17,53.01,True,盛视科技,False
2020-05-26,58.31,58.31,58.31,58.31,412.0,2402372.0,58.31,58.31,58.31,58.31,True,盛视科技,False
2020-05-27,64.14,64.14,64.14,64.14,502.0,3219828.0,64.14,64.14,64.14,64.14,True,盛视科技,False
2020-05-28,70.55,70.55,70.55,70.55,973.0,6864515.0,70.55,70.55,70.55,70.55,True,盛视科技,False
2020-05-29,77.61,77.61,77.61,77.61,1707.0,13248027.0,77.61,77.61,77.61,77.61,True,盛视科技,False
2020-06-01,85.37,85.37,81.56,85.37,165246.0,1410705102.0,85.37,85.37,81.56,85.37,True,盛视科技,False
2020-06-02,85.37,89.5,83.6,84.62,143548.0,1214703176.0,85.37,89.5,83.6,84.62,True,盛视科技,False
2020-06-03,83.0,85.03,80.68,80.8,95785.0,773942800.0,83.0,85.03,80.68,80.8,True,盛视科技,False
2020-06-04,80.01,84.78,78.51,81.98,84899.0,696002002.0,80.01,84.78,78.51,81.98,True,盛视科技,False
2020-06-05,81.13,83.8,79.81,81.25,55037.0,447175625.0,81.13,83.8,79.81,81.25,True,盛视科技,False
2020-06-08,81.8,89.38,79.81,89.38,113470.0,1014194860.0,81.8,89.38,79.81,89.38,True,盛视科技,False
2020-06-09,87.11,88.36,84.51,85.98,88884.0,764224632.0,87.11,88.36,84.51,85.98,True,盛视科技,False
2020-06-10,89.88,94.0,86.55,86.87,94830.0,823788210.0,89.88,94.0,86.55,86.87,True,盛视科技,False
2020-06-11,88.89,93.0,87.0,91.45,90709.0,829533805.0,88.89,93.0,87.0,91.45,True,盛视科技,False
2020-06-12,88.5,96.27,86.9,94.06,88690.0,834218140.0,88.5,96.27,86.9,94.06,True,盛视科技,False
2020-06-15,103.47,103.47,97.02,103.47,118527.0,1226398869.0,103.47,103.47,97.02,103.47,True,盛视科技,False
2020-06-16,103.3,103.3,96.27,98.37,105245.0,1035295065.0,103.3,103.3,96.27,98.37,True,盛视科技,False
2020-06-17,95.95,95.95,90.05,92.06,96880.0,891877280.0,95.95,95.95,90.05,92.06,True,盛视科技,False
2020-06-18,90.82,92.97,89.04,90.5,60076.0,543687800.0,90.82,92.97,89.04,90.5,True,盛视科技,False
2020-06-19,90.0,90.86,88.33,89.06,46358.0,412864348.0,90.0,90.86,88.33,89.06,True,盛视科技,False
2020-06-22,89.5,90.86,87.76,90.26,51223.0,462338798.0,89.5,90.86,87.76,90.26,True,盛视科技,False
2020-06-23,89.75,92.69,88.51,91.75,49906.0,457887550.0,89.75,92.69,88.51,91.75,True,盛视科技,False
2020-06-24,91.5,93.18,89.9,90.0,39223.0,353007000.0,91.5,93.18,89.9,90.0,True,盛视科技,False
2020-06-29,88.85,89.7,85.8,85.9,48482.0,416460380.0,88.85,89.7,85.8,85.9,True,盛视科技,False
2020-06-30,86.0,88.76,86.0,87.92,34409.0,302523928.0,86.0,88.76,86.0,87.92,True,盛视科技,False
2020-07-01,88.02,89.86,87.2,88.32,33660.0,297285120.0,88.02,89.86,87.2,88.32,True,盛视科技,False
2020-07-02,88.05,91.28,87.53,90.55,40706.0,368592830.0,88.05,91.28,87.53,90.55,True,盛视科技,False
2020-07-03,91.6,94.11,89.8,89.99,42169.0,379478831.0,91.6,94.11,89.8,89.99,True,盛视科技,False
2020-07-06,90.06,91.68,88.0,91.37,51863.0,473872231.0,90.06,91.68,88.0,91.37,True,盛视科技,False
2020-07-07,92.98,97.57,91.51,93.9,62885.0,590490150.0,92.98,97.57,91.51,93.9,True,盛视科技,False
2020-07-08,93.9,97.67,93.0,96.09,51436.0,494248524.0,93.9,97.67,93.0,96.09,True,盛视科技,False
2020-07-09,96.4,102.94,95.48,101.39,64600.0,654979400.0,96.4,102.94,95.48,101.39,True,盛视科技,False
2020-07-10,102.0,104.88,98.5,98.82,52897.0,522728154.0,102.0,104.88,98.5,98.82,True,盛视科技,False
2020-07-13,98.74,102.95,98.06,100.82,45389.0,457611898.0,98.74,102.95,98.06,100.82,True,盛视科技,False
2020-07-14,100.1,108.9,97.7,106.84,79213.0,846311692.0,100.1,108.9,97.7,106.84,True,盛视科技,False
2020-07-15,104.71,106.7,100.0,100.05,53348.0,533746740.0,104.71,106.7,100.0,100.05,True,盛视科技,False
2020-07-16,99.91,99.91,90.05,90.05,52961.0,476913805.0,99.91,99.91,90.05,90.05,True,盛视科技,False
2020-07-17,89.1,90.98,86.01,87.27,34803.0,303725781.0,89.1,90.98,86.01,87.27,True,盛视科技,False
2020-07-20,87.37,89.06,86.31,88.6,29086.0,257701960.0,87.37,89.06,86.31,88.6,True,盛视科技,False
2020-07-21,88.12,89.46,87.01,89.08,22988.0,204777104.0,88.12,89.46,87.01,89.08,True,盛视科技,False
2020-07-22,88.8,90.5,88.2,89.15,26833.0,239216195.00000003,88.8,90.5,88.2,89.15,True,盛视科技,False
2020-07-23,88.01,88.85,84.01,86.54,34124.0,295309096.0,88.01,88.85,84.01,86.54,True,盛视科技,False
2020-07-24,85.88,87.77,81.3,82.73,27270.0,225604710.0,85.88,87.77,81.3,82.73,True,盛视科技,False
2020-07-27,83.02,83.69,80.6,83.29,17394.0,144874626.0,83.02,83.69,80.6,83.29,True,盛视科技,False
2020-07-28,84.0,91.62,83.17,91.62,59906.0,548858772.0,84.0,91.62,83.17,91.62,True,盛视科技,False
2020-07-29,92.18,99.21,91.62,97.37,62017.0,603859529.0,92.18,99.21,91.62,97.37,True,盛视科技,False
2020-07-30,96.8,99.99,96.55,97.9,39905.0,390669950.0,96.8,99.99,96.55,97.9,True,盛视科技,False
2020-07-31,98.5,106.96,98.08,105.69,55633.0,587985177.0,98.5,106.96,98.08,105.69,True,盛视科技,False
2020-08-03,108.55,116.26,108.55,116.26,61453.0,714452578.0,108.55,116.26,108.55,116.26,True,盛视科技,False
2020-08-04,118.0,118.0,109.01,114.09,46262.0,527803158.0,118.0,118.0,109.01,114.09,True,盛视科技,False
2020-08-05,113.43,113.43,108.7,111.17,37610.0,418110370.0,113.43,113.43,108.7,111.17,True,盛视科技,False
2020-08-06,110.51,115.3,107.68,111.0,42243.0,468897300.0,110.51,115.3,107.68,111.0,True,盛视科技,False
2020-08-07,110.51,112.99,103.25,107.8,36466.0,393103480.0,110.51,112.99,103.25,107.8,True,盛视科技,False
2020-08-10,109.07,109.98,102.73,108.25,25360.0,274522000.0,109.07,109.98,102.73,108.25,True,盛视科技,False
2020-08-11,108.98,114.8,104.9,104.9,27007.0,283303430.0,108.98,114.8,104.9,104.9,True,盛视科技,False
2020-08-12,104.06,107.92,99.8,103.58,26335.0,272777930.0,104.06,107.92,99.8,103.58,True,盛视科技,False
2020-08-13,104.0,104.75,101.56,103.66,14905.0,154505230.0,104.0,104.75,101.56,103.66,True,盛视科技,False
2020-08-14,103.62,105.46,101.38,104.05,13683.0,142371615.0,103.62,105.46,101.38,104.05,True,盛视科技,False
2020-08-17,105.5,107.64,104.13,105.0,18602.0,195321000.0,105.5,107.64,104.13,105.0,True,盛视科技,False
2020-08-18,104.5,106.87,102.56,106.02,18485.0,195977970.0,104.5,106.87,102.56,106.02,True,盛视科技,False
2020-08-19,106.97,109.84,102.88,102.88,27726.0,285245088.0,106.97,109.84,102.88,102.88,True,盛视科技,False
2020-08-20,100.05,101.36,96.98,98.59,27159.0,267760581.0,100.05,101.36,96.98,98.59,True,盛视科技,False
2020-08-21,99.9,99.9,96.63,97.38,15743.0,153305334.0,99.9,99.9,96.63,97.38,True,盛视科技,False
2020-08-24,97.31,101.29,95.1,100.5,18414.0,185060700.0,97.31,101.29,95.1,100.5,True,盛视科技,False
2020-08-25,100.94,100.94,98.78,99.7,10274.0,102431780.0,100.94,100.94,98.78,99.7,True,盛视科技,False
2020-08-26,99.06,100.44,91.3,91.8,32763.0,300764340.0,99.06,100.44,91.3,91.8,True,盛视科技,False
2020-08-27,91.78,93.0,89.0,90.5,21871.0,197932550.0,91.78,93.0,89.0,90.5,True,盛视科技,False
2020-08-28,90.31,93.16,90.09,92.83,12187.0,113131921.0,90.31,93.16,90.09,92.83,True,盛视科技,False
2020-08-31,93.24,96.6,93.23,93.87,16273.0,152754651.0,93.24,96.6,93.23,93.87,True,盛视科技,False
2020-09-01,93.89,95.88,92.0,95.42,12854.0,122652868.0,93.89,95.88,92.0,95.42,True,盛视科技,False
2020-09-02,95.42,96.2,93.12,93.48,11698.0,109352904.0,95.42,96.2,93.12,93.48,True,盛视科技,False
2020-09-03,93.05,94.49,92.23,93.73,9624.0,90205752.0,93.05,94.49,92.23,93.73,True,盛视科技,False
2020-09-04,92.0,92.84,90.01,92.5,10783.0,99742750.0,92.0,92.84,90.01,92.5,True,盛视科技,False
2020-09-07,91.8,93.28,88.11,88.11,14003.0,123380433.0,91.8,93.28,88.11,88.11,True,盛视科技,False
2020-09-08,88.51,90.86,87.0,90.05,10645.0,95858225.0,88.51,90.86,87.0,90.05,True,盛视科技,False
2020-09-09,88.49,88.79,85.68,85.7,13443.0,115206510.0,88.49,88.79,85.68,85.7,True,盛视科技,False
2020-09-10,86.51,87.64,83.78,83.9,11722.0,98347580.0,86.51,87.64,83.78,83.9,True,盛视科技,False
2020-09-11,83.67,90.7,83.67,88.09,15445.0,136055005.0,83.67,90.7,83.67,88.09,True,盛视科技,False
2020-09-14,88.15,88.88,83.78,84.58,23839.0,201630262.0,88.15,88.88,83.78,84.58,True,盛视科技,False
2020-09-15,84.1,85.41,83.78,84.76,13510.0,114510760.0,84.1,85.41,83.78,84.76,True,盛视科技,False
2020-09-16,83.98,87.87,83.9,85.31,16549.0,141179519.0,83.98,87.87,83.9,85.31,True,盛视科技,False
2020-09-17,84.6,88.47,82.99,87.99,20624.0,181470576.0,84.6,88.47,82.99,87.99,True,盛视科技,False
2020-09-18,87.0,89.55,86.22,88.87,18460.0,164054020.0,87.0,89.55,86.22,88.87,True,盛视科技,False
2020-09-21,88.88,89.19,87.0,87.28,12337.0,107677336.0,88.88,89.19,87.0,87.28,True,盛视科技,False
2020-09-22,86.24,87.49,84.66,85.18,12168.0,103647024.0,86.24,87.49,84.66,85.18,True,盛视科技,False
2020-09-23,85.44,88.48,85.11,87.82,13953.0,122535246.0,85.44,88.48,85.11,87.82,True,盛视科技,False
2020-09-24,86.85,88.75,85.36,85.7,13094.0,112215580.0,86.85,88.75,85.36,85.7,True,盛视科技,False
2020-09-25,86.1,86.95,83.58,84.6,11483.0,97146180.0,86.1,86.95,83.58,84.6,True,盛视科技,False
2020-09-28,84.61,84.9,78.5,78.89,24412.0,192586268.0,84.61,84.9,78.5,78.89,True,盛视科技,False
2020-09-29,79.8,81.27,79.22,79.91,15617.0,124795447.0,79.8,81.27,79.22,79.91,True,盛视科技,False
2020-09-30,80.0,80.9,78.53,78.72,10260.0,80766720.0,80.0,80.9,78.53,78.72,True,盛视科技,False
2020-10-09,81.0,81.76,80.33,81.68,10235.0,83599480.0,81.0,81.76,80.33,81.68,True,盛视科技,False
2020-10-12,82.52,85.18,82.52,84.77,12809.0,108581893.0,82.52,85.18,82.52,84.77,True,盛视科技,False
2020-10-13,85.1,85.55,84.05,84.88,10701.0,90830088.0,85.1,85.55,84.05,84.88,True,盛视科技,False
2020-10-14,84.78,86.72,83.69,84.0,13422.0,112744800.0,84.78,86.72,83.69,84.0,True,盛视科技,False
2020-10-15,84.13,85.28,82.73,83.35,9915.0,82641525.0,84.13,85.28,82.73,83.35,True,盛视科技,False
2020-10-16,83.55,83.65,81.7,82.95,9432.0,78238440.0,83.55,83.65,81.7,82.95,True,盛视科技,False
2020-10-19,83.5,84.48,80.78,80.96,10996.0,89023616.0,83.5,84.48,80.78,80.96,True,盛视科技,False
2020-10-20,80.77,82.17,79.89,81.33,9939.0,80833887.0,80.77,82.17,79.89,81.33,True,盛视科技,False
2020-10-21,81.57,81.57,79.02,79.4,11971.0,95049740.0,81.57,81.57,79.02,79.4,True,盛视科技,False
2020-10-22,79.6,79.98,78.82,79.44,7156.0,56847264.0,79.6,79.98,78.82,79.44,True,盛视科技,False
2020-10-23,79.62,80.21,75.53,76.2,16666.0,126994920.0,79.62,80.21,75.53,76.2,True,盛视科技,False
2020-10-26,76.2,77.99,75.22,77.05,8732.0,67280060.0,76.2,77.99,75.22,77.05,True,盛视科技,False
2020-10-27,76.15,79.38,76.08,79.07,9008.0,71226256.0,76.15,79.38,76.08,79.07,True,盛视科技,False
2020-10-28,75.5,77.0,73.7,73.92,26869.0,198615648.0,75.5,77.0,73.7,73.92,True,盛视科技,False
2020-10-29,71.65,73.17,71.42,72.24,12634.0,91268016.0,71.65,73.17,71.42,72.24,True,盛视科技,False
2020-10-30,72.23,72.94,69.71,69.88,16022.0,111961736.0,72.23,72.94,69.71,69.88,True,盛视科技,False
2020-11-02,69.5,69.99,67.9,68.79,13240.0,91077960.0,69.5,69.99,67.9,68.79,True,盛视科技,False
2020-11-03,68.99,72.03,68.86,71.85,12888.0,92600280.0,68.99,72.03,68.86,71.85,True,盛视科技,False
2020-11-04,72.0,73.58,71.7,72.44,11554.0,83697176.0,72.0,73.58,71.7,72.44,True,盛视科技,False
2020-11-05,73.11,73.68,72.86,73.41,9823.0,72110643.0,73.11,73.68,72.86,73.41,True,盛视科技,False
2020-11-06,73.4,74.46,72.4,73.47,10370.0,76188390.0,73.4,74.46,72.4,73.47,True,盛视科技,False
2020-11-09,73.66,76.45,73.47,76.03,15134.0,115063802.0,73.66,76.45,73.47,76.03,True,盛视科技,False
2020-11-10,76.56,76.89,74.05,74.34,11445.0,85082130.0,76.56,76.89,74.05,74.34,True,盛视科技,False
2020-11-11,73.97,74.34,72.3,72.35,9163.0,66294304.99999999,73.97,74.34,72.3,72.35,True,盛视科技,False
2020-11-12,72.84,73.28,71.5,71.52,6417.0,45894384.0,72.84,73.28,71.5,71.52,True,盛视科技,False
2020-11-13,70.98,73.97,70.26,73.75,10587.0,78079125.0,70.98,73.97,70.26,73.75,True,盛视科技,False
2020-11-16,74.47,75.36,73.5,74.27,8921.0,66256267.0,74.47,75.36,73.5,74.27,True,盛视科技,False
2020-11-17,73.91,74.35,71.9,72.82,8355.0,60841109.99999999,73.91,74.35,71.9,72.82,True,盛视科技,False
2020-11-18,72.8,73.2,72.02,72.62,5934.0,43092708.0,72.8,73.2,72.02,72.62,True,盛视科技,False
2020-11-19,72.59,73.51,71.54,73.38,6439.0,47249382.0,72.59,73.51,71.54,73.38,True,盛视科技,False
2020-11-20,72.98,73.3,72.36,73.19,6741.0,49337379.0,72.98,73.3,72.36,73.19,True,盛视科技,False
2020-11-23,73.8,73.9,72.7,72.77,7282.0,52991114.0,73.8,73.9,72.7,72.77,True,盛视科技,False
2020-11-24,72.78,72.78,71.68,71.95,7932.0,57070740.0,72.78,72.78,71.68,71.95,True,盛视科技,False
2020-11-25,72.0,75.25,71.8,73.55,15797.0,116186935.0,72.0,75.25,71.8,73.55,True,盛视科技,False
2020-11-26,73.55,75.28,73.35,74.27,12169.0,90379163.0,73.55,75.28,73.35,74.27,True,盛视科技,False
2020-11-27,74.0,74.93,73.15,74.09,8791.0,65132519.0,74.0,74.93,73.15,74.09,True,盛视科技,False
2020-11-30,74.14,74.56,72.3,72.4,10866.0,78669840.0,74.14,74.56,72.3,72.4,True,盛视科技,False
2020-12-01,72.46,75.19,72.43,75.04,15207.0,114113328.0,72.46,75.19,72.43,75.04,True,盛视科技,False
2020-12-02,75.52,78.2,75.52,76.33,18872.0,144049976.0,75.52,78.2,75.52,76.33,True,盛视科技,False
2020-12-03,76.25,78.44,76.25,77.25,15307.0,118246575.0,76.25,78.44,76.25,77.25,True,盛视科技,False
2020-12-04,79.99,84.48,79.9,80.9,26645.0,215558050.00000003,79.99,84.48,79.9,80.9,True,盛视科技,False
2020-12-07,81.0,81.99,79.41,79.55,15831.0,125935605.0,81.0,81.99,79.41,79.55,True,盛视科技,False
2020-12-08,80.0,82.96,79.15,82.0,17286.0,141745200.0,80.0,82.96,79.15,82.0,True,盛视科技,False
2020-12-09,82.5,85.2,81.52,81.59,20720.0,169054480.0,82.5,85.2,81.52,81.59,True,盛视科技,False
2020-12-10,81.5,82.5,80.58,81.72,12336.0,100809792.0,81.5,82.5,80.58,81.72,True,盛视科技,False
2020-12-11,81.5,81.58,78.81,79.65,14166.0,112832190.0,81.5,81.58,78.81,79.65,True,盛视科技,False
2020-12-14,80.09,82.48,79.58,80.65,9642.0,77762730.0,80.09,82.48,79.58,80.65,True,盛视科技,False
2020-12-15,79.6,80.5,79.0,79.71,6390.0,50934689.99999999,79.6,80.5,79.0,79.71,True,盛视科技,False
2020-12-16,79.7,83.37,79.44,82.75,17126.0,141717650.0,79.7,83.37,79.44,82.75,True,盛视科技,False
2020-12-17,82.67,83.7,81.51,83.5,13190.0,110136500.0,82.67,83.7,81.51,83.5,True,盛视科技,False
2020-12-18,83.27,83.5,81.81,82.27,8856.0,72858312.0,83.27,83.5,81.81,82.27,True,盛视科技,False
2020-12-21,81.85,85.36,81.54,84.8,13129.0,111333920.0,81.85,85.36,81.54,84.8,True,盛视科技,False
2020-12-22,84.71,85.31,82.3,82.73,12976.0,107350448.0,84.71,85.31,82.3,82.73,True,盛视科技,False
2020-12-23,82.66,84.4,80.5,81.09,12871.0,104370939.0,82.66,84.4,80.5,81.09,True,盛视科技,False
2020-12-24,81.11,82.72,80.65,81.24,11202.0,91005048.0,81.11,82.72,80.65,81.24,True,盛视科技,False
2020-12-25,81.24,83.35,79.5,82.92,13082.0,108475944.0,81.24,83.35,79.5,82.92,True,盛视科技,False
2020-12-28,82.88,84.8,82.4,84.1,12030.0,101172300.0,82.88,84.8,82.4,84.1,True,盛视科技,False
2020-12-29,84.75,87.38,83.82,87.32,20989.0,183275948.0,84.75,87.38,83.82,87.32,True,盛视科技,False
2020-12-30,86.94,87.83,85.78,85.95,13229.0,113703255.0,86.94,87.83,85.78,85.95,True,盛视科技,False
2020-12-31,86.02,86.99,85.45,86.2,9695.0,83570900.0,86.02,86.99,85.45,86.2,True,盛视科技,False
2021-01-04,85.95,88.79,84.51,84.9,14923.0,126696270.0,85.95,88.79,84.51,84.9,True,盛视科技,False
2021-01-05,84.5,85.46,82.5,83.91,14403.0,120855573.0,84.5,85.46,82.5,83.91,True,盛视科技,False
2021-01-06,83.5,84.88,82.39,83.63,9004.0,75300452.0,83.5,84.88,82.39,83.63,True,盛视科技,False
2021-01-07,82.99,83.44,80.12,81.05,13245.0,107350725.0,82.99,83.44,80.12,81.05,True,盛视科技,False
2021-01-08,80.04,82.31,78.1,80.81,13735.0,110992535.0,80.04,82.31,78.1,80.81,True,盛视科技,False
2021-01-11,80.71,85.61,80.11,82.93,14393.0,119361149.0,80.71,85.61,80.11,82.93,True,盛视科技,False
2021-01-12,82.93,83.8,82.33,82.89,8356.0,69262884.0,82.93,83.8,82.33,82.89,True,盛视科技,False
2021-01-13,82.43,84.1,80.3,82.44,11718.0,96603192.0,82.43,84.1,80.3,82.44,True,盛视科技,False
2021-01-14,82.44,84.4,80.88,83.2,14638.0,121788160.0,82.44,84.4,80.88,83.2,True,盛视科技,False
2021-01-15,83.2,86.0,83.2,85.38,13749.0,117388962.0,83.2,86.0,83.2,85.38,True,盛视科技,False
2021-01-18,85.9,85.9,83.53,83.8,12453.0,104356140.0,85.9,85.9,83.53,83.8,True,盛视科技,False
2021-01-19,83.8,84.8,81.36,81.58,13237.0,107987446.0,83.8,84.8,81.36,81.58,True,盛视科技,False
2021-01-20,81.58,83.5,81.3,82.18,8857.0,72786826.0,81.58,83.5,81.3,82.18,True,盛视科技,False
2021-01-21,82.18,82.2,80.3,80.5,13915.0,112015750.0,82.18,82.2,80.3,80.5,True,盛视科技,False
2021-01-22,80.59,80.6,77.58,78.5,14211.0,111556350.0,80.59,80.6,77.58,78.5,True,盛视科技,False
2021-01-25,78.48,78.48,75.01,75.01,12159.0,91204659.0,78.48,78.48,75.01,75.01,True,盛视科技,False
2021-01-26,75.02,76.8,74.8,74.93,6386.0,47850298.00000001,75.02,76.8,74.8,74.93,True,盛视科技,False
2021-01-27,75.49,76.26,74.61,76.08,6909.0,52563672.0,75.49,76.26,74.61,76.08,True,盛视科技,False
2021-01-28,75.35,76.2,72.84,73.0,8303.0,60611900.0,75.35,76.2,72.84,73.0,True,盛视科技,False
2021-01-29,73.12,74.95,70.68,71.43,5757.0,41122251.00000001,73.12,74.95,70.68,71.43,True,盛视科技,False
2021-02-01,71.02,72.5,71.02,72.12,3800.0,27405600.0,71.02,72.5,71.02,72.12,True,盛视科技,False
2021-02-02,72.49,72.49,71.24,71.98,4018.0,28921564.0,72.49,72.49,71.24,71.98,True,盛视科技,False
2021-02-03,71.9,72.26,69.18,69.22,7593.0,52558746.0,71.9,72.26,69.18,69.22,True,盛视科技,False
2021-02-04,69.16,69.62,65.18,65.71,11437.0,75152527.0,69.16,69.62,65.18,65.71,True,盛视科技,False
2021-02-05,65.76,67.14,65.01,65.49,5329.0,34899621.0,65.76,67.14,65.01,65.49,True,盛视科技,False
2021-02-08,65.01,67.88,63.0,67.06,8082.0,54197892.0,65.01,67.88,63.0,67.06,True,盛视科技,False
2021-02-09,66.6,68.09,65.82,67.31,9277.0,62443487.0,66.6,68.09,65.82,67.31,True,盛视科技,False
2021-02-10,67.43,69.05,67.15,68.79,4556.0,31340724.000000004,67.43,69.05,67.15,68.79,True,盛视科技,False
2021-02-18,69.99,70.2,68.0,69.11,5364.0,37070604.0,69.99,70.2,68.0,69.11,True,盛视科技,False
2021-02-19,69.09,71.68,68.33,71.45,5726.0,40912270.0,69.09,71.68,68.33,71.45,True,盛视科技,False
2021-02-22,74.2,75.52,72.54,74.42,10389.0,77314938.0,74.2,75.52,72.54,74.42,True,盛视科技,False
2021-02-23,74.14,77.8,73.51,73.83,11802.0,87134166.0,74.14,77.8,73.51,73.83,True,盛视科技,False
2021-02-24,73.0,74.8,72.89,73.38,5249.0,38517162.0,73.0,74.8,72.89,73.38,True,盛视科技,False
2021-02-25,75.15,75.18,72.0,72.33,5033.0,36403689.0,75.15,75.18,72.0,72.33,True,盛视科技,False
2021-02-26,71.57,72.5,69.88,70.43,6126.0,43145418.00000001,71.57,72.5,69.88,70.43,True,盛视科技,False
2021-03-01,70.91,76.59,70.9,76.19,12853.0,97927007.0,70.91,76.59,70.9,76.19,True,盛视科技,False
2021-03-02,76.35,76.99,75.06,76.65,7879.0,60392535.00000001,76.35,76.99,75.06,76.65,True,盛视科技,False
2021-03-03,75.8,77.97,75.6,76.67,5685.0,43586895.0,75.8,77.97,75.6,76.67,True,盛视科技,False
2021-03-04,76.3,77.75,75.62,75.86,5122.0,38855492.0,76.3,77.75,75.62,75.86,True,盛视科技,False
2021-03-05,75.82,76.95,74.99,75.88,4321.0,32787748.0,75.82,76.95,74.99,75.88,True,盛视科技,False
2021-03-08,75.88,76.32,73.4,73.4,5242.0,38476280.0,75.88,76.32,73.4,73.4,True,盛视科技,False
2021-03-09,73.8,73.8,66.06,70.13,6312.0,44266056.0,73.8,73.8,66.06,70.13,True,盛视科技,False
2021-03-10,70.36,71.79,66.88,67.36,10365.0,69818640.0,70.36,71.79,66.88,67.36,True,盛视科技,False
2021-03-11,67.36,67.96,66.23,67.53,7652.0,51673956.0,67.36,67.96,66.23,67.53,True,盛视科技,False
2021-03-12,67.05,67.51,66.0,66.88,3797.0,25394336.0,67.05,67.51,66.0,66.88,True,盛视科技,False
2021-03-15,66.8,66.99,65.3,65.81,4352.0,28640512.0,66.8,66.99,65.3,65.81,True,盛视科技,False
2021-03-16,66.49,66.88,65.7,66.81,3437.0,22962597.0,66.49,66.88,65.7,66.81,True,盛视科技,False
2021-03-17,66.86,66.99,65.76,66.81,5505.0,36778905.0,66.86,66.99,65.76,66.81,True,盛视科技,False
2021-03-18,66.82,67.28,66.26,66.8,4104.0,27414720.0,66.82,67.28,66.26,66.8,True,盛视科技,False
2021-03-19,66.2,67.8,65.91,67.0,4936.0,33071200.0,66.2,67.8,65.91,67.0,True,盛视科技,False
2021-03-22,67.31,68.77,67.04,68.7,5106.0,35078220.0,67.31,68.77,67.04,68.7,True,盛视科技,False
2021-03-23,68.78,69.0,68.02,68.65,4898.0,33624770.0,68.78,69.0,68.02,68.65,True,盛视科技,False
2021-03-24,68.45,69.61,67.57,67.74,3480.0,23573520.0,68.45,69.61,67.57,67.74,True,盛视科技,False
2021-03-25,67.6,68.12,66.7,67.0,2908.0,19483600.0,67.6,68.12,66.7,67.0,True,盛视科技,False
2021-03-26,67.01,68.3,67.0,67.84,3024.0,20514816.0,67.01,68.3,67.0,67.84,True,盛视科技,False
2021-03-29,67.84,67.99,66.4,66.4,4053.0,26911920.000000004,67.84,67.99,66.4,66.4,True,盛视科技,False
2021-03-30,66.47,66.69,65.04,65.11,4400.0,28648400.0,66.47,66.69,65.04,65.11,True,盛视科技,False
2021-03-31,64.3,66.66,64.3,66.0,2761.0,18222600.0,64.3,66.66,64.3,66.0,True,盛视科技,False
2021-04-01,65.8,66.21,65.21,65.94,2476.0,16326744.0,65.8,66.21,65.21,65.94,True,盛视科技,False
2021-04-02,66.5,67.2,65.96,67.14,3024.0,20303136.0,66.5,67.2,65.96,67.14,True,盛视科技,False
2021-04-06,67.14,67.8,66.87,67.42,3209.0,21635078.0,67.14,67.8,66.87,67.42,True,盛视科技,False
2021-04-07,66.98,67.42,66.29,67.1,3036.0,20371560.0,66.98,67.42,66.29,67.1,True,盛视科技,False
2021-04-08,66.95,67.8,66.88,67.2,4287.0,28808640.0,66.95,67.8,66.88,67.2,True,盛视科技,False
2021-04-09,67.3,67.8,66.7,66.9,3456.0,23120640.000000004,67.3,67.8,66.7,66.9,True,盛视科技,False
2021-04-12,66.9,66.9,64.0,64.2,5749.0,36908580.0,66.9,66.9,64.0,64.2,True,盛视科技,False
2021-04-13,64.83,64.83,63.76,63.85,3670.0,23432950.0,64.83,64.83,63.76,63.85,True,盛视科技,False
2021-04-14,63.98,64.48,63.08,64.21,3929.0,25228109.0,63.98,64.48,63.08,64.21,True,盛视科技,False
2021-04-15,63.99,63.99,60.28,60.53,10079.0,61008187.0,63.99,63.99,60.28,60.53,True,盛视科技,False
2021-04-16,60.31,61.97,60.08,61.4,4858.0,29828120.0,60.31,61.97,60.08,61.4,True,盛视科技,False
2021-04-19,61.35,62.93,60.93,62.56,4773.0,29859888.0,61.35,62.93,60.93,62.56,True,盛视科技,False
2021-04-20,63.1,63.1,61.06,61.1,6582.0,40216020.0,63.1,63.1,61.06,61.1,True,盛视科技,False
2021-04-21,61.0,61.19,60.5,60.67,5453.0,33083351.0,61.0,61.19,60.5,60.67,True,盛视科技,False
2021-04-22,60.95,61.86,60.41,61.48,4720.0,29018560.0,60.95,61.86,60.41,61.48,True,盛视科技,False
2021-04-23,61.41,63.3,60.76,62.81,7995.0,50216595.0,61.41,63.3,60.76,62.81,True,盛视科技,False
2021-04-26,68.0,68.0,65.0,65.58,21051.0,138052458.0,68.0,68.0,65.0,65.58,True,盛视科技,False
2021-04-27,64.0,65.65,63.8,64.15,9026.0,57901790.00000001,64.0,65.65,63.8,64.15,True,盛视科技,False
2021-04-28,64.31,66.94,63.81,66.0,8829.0,58271400.0,64.31,66.94,63.81,66.0,True,盛视科技,False
2021-04-29,66.66,68.66,66.5,68.0,12318.0,83762400.0,66.66,68.66,66.5,68.0,True,盛视科技,False
2021-04-30,65.3,65.93,64.51,65.35,11720.0,76590200.0,65.3,65.93,64.51,65.35,True,盛视科技,False
2021-05-06,64.74,65.58,64.38,64.62,4233.0,27353646.000000004,64.74,65.58,64.38,64.62,True,盛视科技,False
2021-05-07,64.65,65.54,64.5,64.6,4634.0,29935640.0,64.65,65.54,64.5,64.6,True,盛视科技,False
2021-05-10,64.82,66.47,64.82,65.61,5580.0,36610380.0,64.82,66.47,64.82,65.61,True,盛视科技,False
2021-05-11,65.38,66.62,65.28,65.34,4778.0,31219452.0,65.38,66.62,65.28,65.34,True,盛视科技,False
2021-05-12,65.07,65.3,64.39,64.78,4744.0,30731632.0,65.07,65.3,64.39,64.78,True,盛视科技,False
2021-05-13,64.5,64.79,63.9,64.3,3963.0,25482090.0,64.5,64.79,63.9,64.3,True,盛视科技,False
2021-05-14,64.3,65.97,64.04,65.68,4519.0,29680792.000000004,64.3,65.97,64.04,65.68,True,盛视科技,False
2021-05-17,65.53,68.3,65.28,68.04,11049.0,75177396.0,65.53,68.3,65.28,68.04,True,盛视科技,False
2021-05-18,68.0,68.38,67.5,68.05,5119.0,34834795.0,68.0,68.38,67.5,68.05,True,盛视科技,False
2021-05-19,68.5,68.5,67.26,67.27,5299.0,35646373.0,68.5,68.5,67.26,67.27,True,盛视科技,False
2021-05-20,68.0,72.5,67.89,69.26,9922.0,68719772.0,68.0,72.5,67.89,69.26,True,盛视科技,False
2021-05-21,69.17,70.67,68.51,69.8,4714.0,32903720.0,69.17,70.67,68.51,69.8,True,盛视科技,False
2021-05-24,69.8,70.55,69.12,70.19,5217.0,36618123.0,69.8,70.55,69.12,70.19,True,盛视科技,False
2021-05-25,70.2,70.7,68.7,69.61,6956.0,48420716.0,70.2,70.7,68.7,69.61,True,盛视科技,False
2021-05-26,69.61,70.5,69.02,70.3,8639.0,60732170.0,69.61,70.5,69.02,70.3,True,盛视科技,False
2021-05-27,70.44,70.44,68.52,69.2,12849.0,44136315.0,34.97,34.97,34.01,34.35,True,盛视科技,False
2021-05-28,68.92,68.96,66.16,66.48,19882.0,65590718.00000001,34.21,34.23,32.83,32.99,True,盛视科技,False
2021-05-31,66.48,67.22,65.9,66.78,11875.0,39353750.0,32.99,33.36,32.7,33.14,True,盛视科技,False
2021-06-01,67.26,67.54,66.5,67.54,10358.0,34720016.0,33.38,33.52,33.0,33.52,True,盛视科技,False
2021-06-02,67.3,67.3,65.1,65.14,16244.0,52500608.0,33.4,33.4,32.3,32.32,True,盛视科技,False
2021-06-03,65.16,65.46,63.86,63.96,12341.0,39157993.0,32.33,32.48,31.68,31.73,True,盛视科技,False
2021-06-04,64.0,64.02,63.26,63.5,9201.0,28983150.0,31.75,31.76,31.38,31.5,True,盛视科技,False
2021-06-07,63.52,65.4,63.36,65.24,11716.0,37924692.0,31.51,32.45,31.43,32.37,True,盛视科技,False
2021-06-08,65.46,65.46,63.96,64.1,9554.0,30381720.0,32.48,32.48,31.73,31.8,True,盛视科技,False
2021-06-09,64.2,67.5,64.2,66.14,17783.0,58363806.0,31.85,33.5,31.85,32.82,True,盛视科技,False
2021-06-10,67.84,69.76,66.7,69.6,28554.0,98654070.0,33.67,34.63,33.1,34.55,True,盛视科技,False
2021-06-11,70.0,70.02,67.86,68.4,17905.0,60787475.00000001,34.75,34.76,33.68,33.95,True,盛视科技,False
2021-06-15,69.0,69.5,67.9,69.02,15843.0,54278118.0,34.25,34.5,33.7,34.26,True,盛视科技,False
2021-06-16,69.2,69.2,66.9,67.2,11243.0,37495405.0,34.35,34.35,33.2,33.35,True,盛视科技,False
2021-06-17,67.12,68.48,66.88,67.62,10196.0,34217776.0,33.31,33.99,33.19,33.56,True,盛视科技,False
2021-06-18,68.0,68.06,66.56,67.46,10099.0,33811452.0,33.75,33.78,33.03,33.48,True,盛视科技,False
2021-06-21,67.38,68.86,66.74,68.7,10494.0,35784540.0,33.44,34.18,33.12,34.1,True,盛视科技,False
2021-06-22,68.56,68.74,67.56,67.94,9121.0,30756012.0,34.03,34.12,33.53,33.72,True,盛视科技,False
2021-06-23,67.6,67.96,66.62,67.04,10185.0,33885495.0,33.55,33.73,33.06,33.27,True,盛视科技,False
2021-06-24,67.28,67.64,65.82,65.88,8512.0,27825728.0,33.39,33.57,32.66,32.69,True,盛视科技,False
2021-06-25,65.72,66.4,65.7,65.88,7601.0,24847669.0,32.61,32.95,32.6,32.69,True,盛视科技,False
2021-06-28,65.86,66.26,64.66,65.3,7415.0,24024600.0,32.68,32.88,32.08,32.4,True,盛视科技,False
2021-06-29,64.8,65.66,62.82,63.08,13867.0,43389843.0,32.15,32.58,31.16,31.29,True,盛视科技,False
2021-06-30,62.52,66.4,62.4,65.22,16721.0,54109156.0,31.01,32.95,30.95,32.36,True,盛视科技,False
2021-07-01,65.14,68.1,63.7,64.24,12257.0,39063059.0,32.32,33.8,31.6,31.87,True,盛视科技,False
2021-07-02,64.12,66.02,62.5,62.62,14547.0,45182982.0,31.81,32.76,31.0,31.06,True,盛视科技,False
2021-07-05,62.72,63.5,60.16,61.38,18835.0,57333740.0,31.11,31.5,29.83,30.44,True,盛视科技,False
2021-07-06,61.26,62.2,60.7,61.9,7669.0,23543830.0,30.38,30.85,30.1,30.7,True,盛视科技,False
2021-07-07,61.4,62.08,61.1,61.46,7004.0,21348192.0,30.45,30.79,30.3,30.48,True,盛视科技,False
2021-07-08,61.72,61.96,60.72,61.62,9578.0,29270368.0,30.61,30.73,30.11,30.56,True,盛视科技,False
2021-07-09,61.66,61.66,60.5,61.18,7972.0,24187048.0,30.58,30.58,30.0,30.34,True,盛视科技,False
2021-07-12,61.46,62.38,61.04,62.06,11590.0,35674020.0,30.48,30.94,30.27,30.78,True,盛视科技,False
2021-07-13,62.04,63.66,61.74,63.1,11179.0,34990270.0,30.77,31.58,30.62,31.3,True,盛视科技,False
2021-07-14,62.3,63.5,61.48,61.62,10157.0,31039792.0,30.9,31.5,30.49,30.56,True,盛视科技,False
2021-07-15,61.06,61.22,59.08,60.34,17342.0,51887264.0,30.28,30.36,29.29,29.92,True,盛视科技,False
2021-07-16,60.18,60.18,59.08,59.4,9428.0,27765460.0,29.84,29.84,29.29,29.45,True,盛视科技,False
2021-07-19,59.4,59.4,57.48,57.72,10034.0,28707274.0,29.45,29.45,28.49,28.61,True,盛视科技,False
2021-07-20,57.38,58.36,56.86,57.94,5742.0,16491024.0,28.44,28.93,28.18,28.72,True,盛视科技,False
2021-07-21,57.52,58.66,57.52,58.14,6033.0,17387106.0,28.51,29.08,28.51,28.82,True,盛视科技,False
2021-07-22,58.14,58.3,57.6,57.9,5616.0,16117920.0,28.82,28.9,28.55,28.7,True,盛视科技,False
2021-07-23,57.8,58.12,56.5,56.56,9863.0,27645989.0,28.65,28.81,28.0,28.03,True,盛视科技,False
2021-07-26,56.5,56.9,53.92,54.62,10965.0,29671290.0,28.0,28.2,26.71,27.06,True,盛视科技,False
2021-07-27,54.74,57.38,54.74,56.1,13388.0,37218640.0,27.12,28.44,27.12,27.8,True,盛视科技,False
2021-07-28,56.0,56.66,54.1,55.24,8815.0,24126655.0,27.75,28.08,26.8,27.37,True,盛视科技,False
2021-07-29,55.34,56.5,55.3,55.62,7056.0,19446336.0,27.42,28.0,27.4,27.56,True,盛视科技,False
2021-07-30,56.3,56.3,54.34,55.02,6470.0,17637220.0,27.9,27.9,26.92,27.26,True,盛视科技,False
2021-08-02,55.38,60.48,54.52,60.48,15060.0,45164940.0,27.44,29.99,27.01,29.99,True,盛视科技,False
2021-08-03,62.18,63.08,59.94,60.06,30843.0,91850454.0,30.84,31.29,29.72,29.78,True,盛视科技,False
2021-08-04,59.52,62.14,59.52,60.5,14120.0,42360000.0,29.51,30.82,29.51,30.0,True,盛视科技,False
2021-08-05,60.5,62.86,59.78,61.9,17665.0,54231550.0,30.0,31.18,29.64,30.7,True,盛视科技,False
2021-08-06,62.16,62.84,60.76,61.22,10306.0,31289016.0,30.83,31.17,30.13,30.36,True,盛视科技,False
2021-08-09,61.12,61.22,60.16,60.96,7621.0,23038283.0,30.31,30.36,29.83,30.23,True,盛视科技,False
2021-08-10,60.96,62.08,60.54,61.1,6980.0,21149400.0,30.23,30.79,30.02,30.3,True,盛视科技,False
2021-08-11,61.3,61.3,60.7,60.72,7467.0,22483137.0,30.4,30.4,30.1,30.11,True,盛视科技,False
2021-08-12,60.66,61.28,59.6,59.82,9497.0,28168102.0,30.08,30.39,29.55,29.66,True,盛视科技,False
2021-08-13,59.82,59.98,58.66,59.12,9666.0,28331046.0,29.66,29.74,29.08,29.31,True,盛视科技,False
2021-08-16,59.26,60.94,58.7,59.68,8859.0,26213781.0,29.38,30.22,29.1,29.59,True,盛视科技,False
2021-08-17,59.5,59.76,57.38,57.54,10347.0,29509644.0,29.5,29.63,28.44,28.52,True,盛视科技,False
2021-08-18,57.54,58.66,57.02,58.5,6157.0,17855300.0,28.52,29.08,28.26,29.0,True,盛视科技,False
2021-08-19,58.52,58.52,56.58,57.16,9815.0,27805895.0,29.01,29.01,28.04,28.33,True,盛视科技,False
2021-08-20,57.06,57.4,56.1,56.42,6907.0,19311972.0,28.28,28.45,27.8,27.96,True,盛视科技,False
2021-08-23,56.6,58.64,56.6,58.2,9063.0,26146755.0,28.05,29.07,28.05,28.85,True,盛视科技,False
2021-08-24,58.2,59.98,57.7,59.28,10567.0,31056413.0,28.85,29.74,28.6,29.39,True,盛视科技,False
2021-08-25,59.28,61.02,59.1,60.46,11938.0,35790124.0,29.39,30.26,29.3,29.98,True,盛视科技,False
2021-08-26,60.52,60.6,57.08,57.48,21287.0,60646663.0,30.01,30.05,28.29,28.49,True,盛视科技,False
2021-08-27,57.4,57.4,56.28,56.54,9669.0,27092538.0,28.45,28.45,27.89,28.02,True,盛视科技,False
2021-08-30,56.22,57.84,56.22,57.04,13230.0,37401210.0,27.86,28.67,27.86,28.27,True,盛视科技,False
2021-08-31,56.86,57.12,55.76,56.2,9328.0,25978480.0,28.18,28.31,27.63,27.85,True,盛视科技,False
2021-09-01,56.2,56.42,54.86,56.0,10917.0,30294675.0,27.85,27.96,27.18,27.75,True,盛视科技,False
2021-09-02,55.9,55.96,55.3,55.8,6427.0,17770655.0,27.7,27.73,27.4,27.65,True,盛视科技,False
2021-09-03,56.06,57.22,55.98,56.5,6573.0,18404400.0,27.78,28.36,27.74,28.0,True,盛视科技,False
2021-09-06,56.52,57.4,55.92,56.92,7662.0,21614502.0,28.01,28.45,27.71,28.21,True,盛视科技,False
2021-09-07,57.0,59.72,56.94,58.56,13689.0,39739167.0,28.25,29.61,28.22,29.03,True,盛视科技,False
2021-09-08,58.56,59.12,57.94,58.3,9329.0,26960810.0,29.03,29.31,28.72,28.9,True,盛视科技,False
2021-09-09,58.02,58.32,57.44,57.66,6216.0,17765328.0,28.76,28.91,28.47,28.58,True,盛视科技,False
2021-09-10,57.66,59.48,57.26,58.94,13119.0,38333718.0,28.58,29.49,28.38,29.22,True,盛视科技,False
2021-09-13,59.5,59.94,58.34,58.38,10266.0,29709804.0,29.5,29.72,28.92,28.94,True,盛视科技,False
2021-09-14,58.4,59.08,57.68,57.86,7851.0,22516668.0,28.95,29.29,28.59,28.68,True,盛视科技,False
2021-09-15,57.9,58.06,57.42,57.78,5285.0,15136240.0,28.7,28.78,28.46,28.64,True,盛视科技,False
2021-09-16,57.78,57.98,56.14,56.58,9204.0,25808016.0,28.64,28.74,27.82,28.04,True,盛视科技,False
2021-09-17,56.62,57.02,55.74,56.42,4700.0,13141200.0,28.06,28.26,27.62,27.96,True,盛视科技,False
2021-09-22,56.1,56.6,55.5,56.08,4199.0,11669021.0,27.8,28.05,27.5,27.79,True,盛视科技,False
2021-09-23,56.2,56.88,56.2,56.5,4390.0,12292000.0,27.85,28.19,27.85,28.0,True,盛视科技,False
2021-09-24,56.48,56.82,56.02,56.06,4459.0,12387102.0,27.99,28.16,27.76,27.78,True,盛视科技,False
2021-09-27,56.82,57.2,56.0,56.02,5911.0,16408936.0,28.16,28.35,27.75,27.76,True,盛视科技,False
2021-09-28,55.8,56.02,55.22,55.36,4877.0,13377611.0,27.65,27.76,27.36,27.43,True,盛视科技,False
2021-09-29,54.9,55.18,54.18,54.18,5505.0,14775420.0,27.2,27.34,26.84,26.84,True,盛视科技,False
2021-09-30,55.12,55.3,53.92,54.28,4801.0,12909889.0,27.31,27.4,26.71,26.89,True,盛视科技,False
2021-10-08,54.68,55.94,54.68,55.48,5502.0,15124998.0,27.09,27.72,27.09,27.49,True,盛视科技,False
2021-10-11,55.5,57.02,55.16,55.96,5545.0,15376285.0,27.5,28.26,27.33,27.73,True,盛视科技,False
2021-10-12,56.26,56.26,54.8,55.04,4249.0,11587023.0,27.88,27.88,27.15,27.27,True,盛视科技,False
2021-10-13,55.66,55.94,55.04,55.66,2753.0,7592773.999999999,27.58,27.72,27.27,27.58,True,盛视科技,False
2021-10-14,55.82,55.82,54.5,55.2,5069.0,13863715.0,27.66,27.66,27.0,27.35,True,盛视科技,False
2021-10-15,55.52,56.2,55.1,55.8,8529.0,23582685.0,27.51,27.85,27.3,27.65,True,盛视科技,False
2021-10-18,56.02,56.02,54.66,54.94,7120.0,19380640.0,27.76,27.76,27.08,27.22,True,盛视科技,False
2021-10-19,55.4,59.02,55.4,58.18,26829.0,77374836.0,27.45,29.26,27.45,28.84,True,盛视科技,False
2021-10-20,57.5,58.62,56.66,56.98,19541.0,55183784.0,28.5,29.06,28.08,28.24,True,盛视科技,False
2021-10-21,56.52,57.1,56.0,56.3,10876.0,30344040.0,28.01,28.3,27.75,27.9,True,盛视科技,False
2021-10-22,56.2,56.44,55.92,56.24,6485.0,18073695.0,27.85,27.97,27.71,27.87,True,盛视科技,False
2021-10-25,55.5,56.18,54.86,55.5,6470.0,17792500.0,27.5,27.84,27.18,27.5,True,盛视科技,False
2021-10-26,55.3,55.86,55.06,55.52,5861.0,16123611.0,27.4,27.68,27.28,27.51,True,盛视科技,False
2021-10-27,55.36,56.46,54.56,56.4,10595.0,29613025.0,27.43,27.98,27.03,27.95,True,盛视科技,False
2021-10-28,55.2,55.2,53.16,53.26,15407.0,40643666.0,27.35,27.35,26.33,26.38,True,盛视科技,False
2021-10-29,52.84,53.3,51.96,52.98,7284.0,19113216.0,26.17,26.4,25.73,26.24,True,盛视科技,False
2021-11-01,52.9,53.44,52.5,52.74,6259.0,16348508.0,26.2,26.47,26.0,26.12,True,盛视科技,False
2021-11-02,52.7,53.3,51.7,52.0,7733.0,19912475.0,26.1,26.4,25.6,25.75,True,盛视科技,False
2021-11-03,52.02,52.46,51.88,52.18,3980.0,10284320.0,25.76,25.98,25.69,25.84,True,盛视科技,False
2021-11-04,52.42,52.98,52.16,52.82,4978.0,13022448.0,25.96,26.24,25.83,26.16,True,盛视科技,False
2021-11-05,52.9,53.82,52.7,53.18,5778.0,15219252.0,26.2,26.66,26.1,26.34,True,盛视科技,False
2021-11-08,52.72,53.28,52.1,52.76,6634.0,17334642.0,26.11,26.39,25.8,26.13,True,盛视科技,False
2021-11-09,52.32,53.48,52.3,53.36,5877.0,15532911.0,25.91,26.49,25.9,26.43,True,盛视科技,False
2021-11-10,53.38,55.4,52.94,55.2,16572.0,45324420.0,26.44,27.45,26.22,27.35,True,盛视科技,False
2021-11-11,54.86,55.44,54.6,55.14,10082.0,27544024.0,27.18,27.47,27.05,27.32,True,盛视科技,False
2021-11-12,55.14,55.96,55.14,55.86,8660.0,23970880.0,27.32,27.73,27.32,27.68,True,盛视科技,False
2021-11-15,56.1,58.08,55.88,58.08,19976.0,57510904.0,27.8,28.79,27.69,28.79,True,盛视科技,False
2021-11-16,58.08,58.52,57.46,57.46,12973.0,36947104.0,28.79,29.01,28.48,28.48,True,盛视科技,False
2021-11-17,57.4,58.28,57.1,58.02,10295.0,29608420.0,28.45,28.89,28.3,28.76,True,盛视科技,False
2021-11-18,57.96,59.46,57.86,57.92,16746.0,48077766.0,28.73,29.48,28.68,28.71,True,盛视科技,False
2021-11-19,57.92,58.9,57.92,58.34,11195.0,32375940.000000004,28.71,29.2,28.71,28.92,True,盛视科技,False
2021-11-22,58.48,61.12,58.0,59.32,25580.0,75230780.0,28.99,30.31,28.75,29.41,True,盛视科技,False
2021-11-23,58.92,59.46,58.26,58.96,14591.0,42649493.0,29.21,29.48,28.88,29.23,True,盛视科技,False
2021-11-24,59.48,59.76,58.32,58.96,10197.0,29805831.0,29.49,29.63,28.91,29.23,True,盛视科技,False
2021-11-25,58.88,59.2,58.34,58.7,8569.0,24935790.0,29.19,29.35,28.92,29.1,True,盛视科技,False
2021-11-26,58.94,59.18,58.34,58.42,7559.0,21890864.0,29.22,29.34,28.92,28.96,True,盛视科技,False
2021-11-29,57.28,58.14,57.02,57.74,7358.0,21058596.0,28.39,28.82,28.26,28.62,True,盛视科技,False
2021-11-30,58.48,59.5,57.58,57.96,8776.0,25213448.0,28.99,29.5,28.54,28.73,True,盛视科技,False
2021-12-01,58.5,58.9,58.16,58.44,6667.0,19314299.0,29.0,29.2,28.83,28.97,True,盛视科技,False
2021-12-02,58.76,58.76,56.86,56.9,9325.0,26296500.0,29.13,29.13,28.18,28.2,True,盛视科技,False
2021-12-03,56.96,57.48,56.76,56.98,5428.0,15328672.0,28.23,28.49,28.13,28.24,True,盛视科技,False
2021-12-06,56.98,57.12,55.34,55.62,11098.0,30586088.0,28.24,28.31,27.42,27.56,True,盛视科技,False
2021-12-07,55.68,56.08,53.5,54.5,10045.0,27121500.0,27.59,27.79,26.5,27.0,True,盛视科技,False
2021-12-08,54.74,57.2,54.72,56.4,12307.0,34398065.0,27.12,28.35,27.11,27.95,True,盛视科技,False
2021-12-09,56.5,56.68,56.14,56.5,6731.0,18846800.0,28.0,28.09,27.82,28.0,True,盛视科技,False
2021-12-10,56.5,56.5,55.74,56.28,6402.0,17855178.0,28.0,28.0,27.62,27.89,True,盛视科技,False
2021-12-13,56.28,56.72,55.7,56.3,6099.0,17016210.0,27.89,28.11,27.6,27.9,True,盛视科技,False
2021-12-14,56.3,58.1,55.8,57.92,13662.0,39223602.0,27.9,28.8,27.65,28.71,True,盛视科技,False
2021-12-15,57.92,63.5,57.66,60.52,53874.0,161675874.0,28.71,31.5,28.58,30.01,True,盛视科技,False
2021-12-16,60.24,62.42,59.4,60.98,35012.0,105876288.0,29.87,30.96,29.45,30.24,True,盛视科技,False
2021-12-17,61.0,61.2,59.74,60.36,20102.0,60165286.0,30.25,30.35,29.62,29.93,True,盛视科技,False
2021-12-20,59.94,60.76,58.5,58.68,14478.0,42116502.0,29.72,30.13,29.0,29.09,True,盛视科技,False
2021-12-21,58.22,60.52,58.22,60.52,17394.0,52199394.0,28.86,30.01,28.86,30.01,True,盛视科技,False
2021-12-22,60.68,63.08,59.98,62.8,29229.0,91048335.0,30.09,31.29,29.74,31.15,True,盛视科技,False
2021-12-23,62.9,63.16,61.3,61.5,15984.0,48751200.0,31.2,31.33,30.4,30.5,True,盛视科技,False
2021-12-24,61.52,61.9,59.84,60.14,12617.0,37623894.0,30.51,30.7,29.67,29.82,True,盛视科技,False
2021-12-27,60.7,61.4,59.28,59.92,11654.0,34624034.0,30.1,30.45,29.39,29.71,True,盛视科技,False
2021-12-28,59.9,62.88,59.46,62.88,29204.0,91087276.0,29.7,31.19,29.48,31.19,True,盛视科技,False
2021-12-29,62.9,65.38,61.5,64.9,48957.0,157641540.0,31.2,32.44,30.5,32.2,True,盛视科技,False
2021-12-30,64.66,71.24,64.2,71.1,83755.0,295655150.0,32.08,35.37,31.85,35.3,True,盛视科技,False
2021-12-31,71.08,71.1,67.8,69.52,52342.0,180632242.0,35.29,35.3,33.65,34.51,True,盛视科技,False
2022-01-04,69.5,72.26,68.24,68.96,40690.0,139281870.0,34.5,35.88,33.87,34.23,True,盛视科技,False
2022-01-05,68.96,70.28,66.92,68.48,27983.0,95114217.0,34.23,34.89,33.21,33.99,True,盛视科技,False
2022-01-06,68.3,68.36,66.18,66.84,21427.0,71073359.0,33.9,33.93,32.84,33.17,True,盛视科技,False
2022-01-07,66.8,67.8,66.42,66.46,16505.0,54433489.99999999,33.15,33.65,32.96,32.98,True,盛视科技,False
2022-01-10,65.92,66.4,63.5,66.4,19451.0,64091045.00000001,32.71,32.95,31.5,32.95,True,盛视科技,False
2022-01-11,66.08,67.96,63.86,64.34,20442.0,65250864.0,32.79,33.73,31.68,31.92,True,盛视科技,False
2022-01-12,64.7,65.7,64.32,65.3,12188.0,39489120.0,32.1,32.6,31.91,32.4,True,盛视科技,False
2022-01-13,65.16,66.9,64.5,65.3,15706.0,50887440.0,32.33,33.2,32.0,32.4,True,盛视科技,False
2022-01-14,65.02,67.36,64.52,67.02,20281.0,67454606.0,32.26,33.43,32.01,33.26,True,盛视科技,False
2022-01-17,66.7,69.62,66.62,68.96,30001.0,102693423.0,33.1,34.56,33.06,34.23,True,盛视科技,False
2022-01-18,68.96,68.96,65.72,65.9,22403.0,73257810.0,34.23,34.23,32.61,32.7,True,盛视科技,False
2022-01-19,65.9,67.1,64.9,65.88,16190.0,52925110.0,32.7,33.3,32.2,32.69,True,盛视科技,False
2022-01-20,64.94,65.86,60.48,61.06,33726.0,102122328.0,32.22,32.68,29.99,30.28,True,盛视科技,False
2022-01-21,60.68,67.06,60.68,65.7,51538.0,168013880.0,30.09,33.28,30.09,32.6,True,盛视科技,False
2022-01-24,65.5,67.38,64.52,65.46,15448.0,50175103.99999999,32.5,33.44,32.01,32.48,True,盛视科技,False
2022-01-25,65.0,66.14,61.7,61.9,20335.0,62428450.0,32.25,32.82,30.6,30.7,True,盛视科技,False
2022-01-26,63.08,64.76,60.82,63.84,18332.0,58057444.0,31.29,32.13,30.16,31.67,True,盛视科技,False
2022-01-27,64.5,64.5,61.1,61.24,12088.0,36711256.0,32.0,32.0,30.3,30.37,True,盛视科技,False
2022-01-28,61.24,62.3,60.92,61.04,8870.0,26849490.0,30.37,30.9,30.21,30.27,True,盛视科技,False
2022-02-07,62.2,62.48,60.02,61.04,9497.0,28747419.0,30.85,30.99,29.76,30.27,True,盛视科技,False
2022-02-08,60.52,61.1,59.02,61.0,7160.0,21659000.0,30.01,30.3,29.26,30.25,True,盛视科技,False
2022-02-09,60.9,63.06,60.9,62.7,8960.0,27865600.0,30.2,31.28,30.2,31.1,True,盛视科技,False
2022-02-10,62.74,62.9,61.3,61.7,9527.0,29152620.0,31.12,31.2,30.4,30.6,True,盛视科技,False
2022-02-11,61.72,61.74,59.64,59.66,11381.0,33664998.0,30.61,30.62,29.57,29.58,True,盛视科技,False
2022-02-14,59.1,59.62,56.92,57.32,11887.0,33770967.0,29.3,29.56,28.21,28.41,True,盛视科技,False
2022-02-15,57.74,58.04,56.66,57.3,9013.0,25596920.0,28.62,28.77,28.08,28.4,True,盛视科技,False
2022-02-16,57.84,58.48,56.8,57.08,8627.0,24405783.0,28.67,28.99,28.15,28.29,True,盛视科技,False
2022-02-17,57.1,57.64,56.14,56.46,8317.0,23270966.0,28.3,28.57,27.82,27.98,True,盛视科技,False
2022-02-18,56.46,57.06,56.3,56.92,5279.0,14892059.0,27.98,28.28,27.9,28.21,True,盛视科技,False
2022-02-21,56.7,58.2,56.5,58.02,7996.0,22996496.0,28.1,28.85,28.0,28.76,True,盛视科技,False
2022-02-22,57.7,57.7,56.18,56.46,8630.0,24146740.0,28.6,28.6,27.84,27.98,True,盛视科技,False
2022-02-23,56.54,57.68,56.32,57.26,6334.0,17975892.0,28.02,28.59,27.91,28.38,True,盛视科技,False
2022-02-24,57.1,57.38,53.68,54.5,21090.0,56943000.0,28.3,28.44,26.59,27.0,True,盛视科技,False
2022-02-25,55.06,55.7,53.76,53.92,13162.0,35155702.0,27.28,27.6,26.63,26.71,True,盛视科技,False
2022-02-28,54.44,56.38,52.5,56.1,19797.0,55035660.0,26.97,27.94,26.0,27.8,True,盛视科技,False
2022-03-01,55.7,56.22,55.22,55.48,6222.0,17104278.0,27.6,27.86,27.36,27.49,True,盛视科技,False
2022-03-02,55.1,55.54,54.4,54.5,7538.0,20352600.0,27.3,27.52,26.95,27.0,True,盛视科技,False
2022-03-03,54.9,54.9,53.7,53.8,8317.0,22164805.0,27.2,27.2,26.6,26.65,True,盛视科技,False
2022-03-04,53.96,54.3,52.64,52.9,14064.0,36847680.0,26.73,26.9,26.07,26.2,True,盛视科技,False
2022-03-07,53.0,53.0,50.5,51.22,18079.0,45848344.0,26.25,26.25,25.0,25.36,True,盛视科技,False
2022-03-08,51.1,51.9,48.7,49.14,14438.0,35113216.0,25.3,25.7,24.1,24.32,True,盛视科技,False
2022-03-09,50.1,50.38,45.9,47.8,18741.0,44322465.0,24.8,24.94,22.7,23.65,True,盛视科技,False
2022-03-10,48.5,49.26,47.88,48.58,13563.0,32605452.0,24.0,24.38,23.69,24.04,True,盛视科技,False
2022-03-11,48.36,49.42,47.0,49.4,11180.0,27335100.0,23.93,24.46,23.25,24.45,True,盛视科技,False
2022-03-14,48.26,49.38,47.56,47.56,9266.0,21802898.0,23.88,24.44,23.53,23.53,True,盛视科技,False
2022-03-15,46.76,47.4,44.78,44.82,13208.0,29268928.0,23.13,23.45,22.14,22.16,True,盛视科技,False
2022-03-16,45.88,46.1,43.92,46.04,12406.0,28248462.0,22.69,22.8,21.71,22.77,True,盛视科技,False
2022-03-17,46.44,47.86,46.44,47.1,12481.0,29080730.0,22.97,23.68,22.97,23.3,True,盛视科技,False
2022-03-18,47.1,51.76,46.84,51.76,37390.0,95830570.0,23.3,25.63,23.17,25.63,True,盛视科技,False
2022-03-21,56.88,56.88,54.08,56.88,73975.0,208535525.0,28.19,28.19,26.79,28.19,True,盛视科技,False
2022-03-22,54.5,62.5,53.06,54.72,119323.0,323484653.0,27.0,31.0,26.28,27.11,True,盛视科技,False
2022-03-23,55.1,56.18,52.14,52.36,71690.0,185892170.0,27.3,27.84,25.82,25.93,True,盛视科技,False
2022-03-24,51.8,52.86,50.72,51.42,34715.0,88384390.0,25.65,26.18,25.11,25.46,True,盛视科技,False
2022-03-25,51.52,52.2,49.88,50.02,27277.0,67537852.0,25.51,25.85,24.69,24.76,True,盛视科技,False
2022-03-28,49.84,50.5,48.54,49.38,16969.0,41472236.0,24.67,25.0,24.02,24.44,True,盛视科技,False
2022-03-29,49.82,49.9,48.26,48.44,16158.0,38730726.0,24.66,24.7,23.88,23.97,True,盛视科技,False
2022-03-30,48.86,49.66,48.6,49.48,15396.0,37704804.0,24.18,24.58,24.05,24.49,True,盛视科技,False
2022-03-31,49.48,49.88,48.9,49.1,12734.0,30943620.0,24.49,24.69,24.2,24.3,True,盛视科技,False
2022-04-01,48.9,52.8,48.74,52.5,32743.0,85131800.0,24.2,26.15,24.12,26.0,True,盛视科技,False
2022-04-06,51.0,52.6,50.52,51.88,26937.0,69201153.0,25.25,26.05,25.01,25.69,True,盛视科技,False
2022-04-07,52.16,53.72,51.1,53.4,36100.0,95484500.0,25.83,26.61,25.3,26.45,True,盛视科技,False
2022-04-08,53.1,53.1,50.66,51.22,26096.0,66179456.0,26.3,26.3,25.08,25.36,True,盛视科技,False
2022-04-11,51.76,53.4,51.36,51.54,25207.0,64328264.0,25.63,26.45,25.43,25.52,True,盛视科技,False
2022-04-12,50.64,53.1,49.88,53.1,25718.0,67638340.0,25.07,26.3,24.69,26.3,True,盛视科技,False
2022-04-13,53.04,53.04,51.3,52.3,20323.0,52636570.0,26.27,26.27,25.4,25.9,True,盛视科技,False
2022-04-14,51.32,51.66,48.74,48.92,28895.0,69954795.0,25.41,25.58,24.12,24.21,True,盛视科技,False
2022-04-15,48.82,49.16,46.3,46.42,21636.0,49676256.0,24.16,24.33,22.9,22.96,True,盛视科技,False
2022-04-18,46.48,47.28,45.9,47.2,9848.0,22995080.0,22.99,23.39,22.7,23.35,True,盛视科技,False
2022-04-19,47.2,48.16,46.74,47.62,11049.0,26031444.0,23.35,23.83,23.12,23.56,True,盛视科技,False
2022-04-20,47.7,48.9,46.96,47.24,13946.0,32591802.0,23.6,24.2,23.23,23.37,True,盛视科技,False
2022-04-21,47.24,47.24,44.94,45.04,14755.0,32859385.0,23.37,23.37,22.22,22.27,True,盛视科技,False
2022-04-22,44.7,45.48,44.24,45.06,8092.0,18028976.0,22.1,22.49,21.87,22.28,True,盛视科技,False
2022-04-25,44.1,44.26,40.6,40.6,16664.0,33411320.0,21.8,21.88,20.05,20.05,True,盛视科技,False
2022-04-26,40.48,40.92,38.26,38.64,13163.0,25101841.0,19.99,20.21,18.88,19.07,True,盛视科技,False
2022-04-27,38.4,40.6,38.0,40.54,13009.0,26044018.0,18.95,20.05,18.75,20.02,True,盛视科技,False
2022-04-28,40.32,41.0,39.7,40.14,8775.0,17392050.0,19.91,20.25,19.6,19.82,True,盛视科技,False
2022-04-29,40.68,41.62,40.42,41.28,11023.0,22475897.0,20.09,20.56,19.96,20.39,True,盛视科技,False
2022-05-05,41.22,42.4,40.6,41.58,11926.0,24496004.0,20.36,20.95,20.05,20.54,True,盛视科技,False
2022-05-06,40.7,42.0,40.36,41.7,10037.0,20676220.0,20.1,20.75,19.93,20.6,True,盛视科技,False
2022-05-09,41.64,43.3,41.56,42.8,9563.0,20225745.0,20.57,21.4,20.53,21.15,True,盛视科技,False
2022-05-10,42.4,47.04,42.3,47.04,18753.0,43638231.0,20.95,23.27,20.9,23.27,True,盛视科技,False
2022-05-11,48.9,50.5,47.18,47.22,56318.0,131558848.0,24.2,25.0,23.34,23.36,True,盛视科技,False
2022-05-12,46.74,49.22,46.18,48.08,35108.0,83521932.0,23.12,24.36,22.84,23.79,True,盛视科技,False
2022-05-13,48.84,49.94,47.3,49.36,37354.0,91255822.0,24.17,24.72,23.4,24.43,True,盛视科技,False
2022-05-16,49.74,49.9,47.32,47.9,25058.0,58886300.0,24.42,24.5,23.21,23.5,True,盛视科技,False
2022-05-17,48.18,48.44,46.94,47.28,15065.0,34935735.0,23.64,23.77,23.02,23.19,True,盛视科技,False
2022-05-18,47.92,49.2,47.42,47.66,23539.0,55034182.0,23.51,24.15,23.26,23.38,True,盛视科技,False
2022-05-19,47.0,48.3,46.94,47.64,16162.0,37770594.0,23.05,23.7,23.02,23.37,True,盛视科技,False
2022-05-20,47.66,48.1,47.24,47.66,13559.0,31700942.0,23.38,23.6,23.17,23.38,True,盛视科技,False
2022-05-23,48.22,49.68,47.62,48.6,22506.0,53676810.0,23.66,24.39,23.36,23.85,True,盛视科技,False
2022-05-24,47.98,48.5,46.06,46.08,20394.0,46070046.0,23.54,23.8,22.58,22.59,True,盛视科技,False
2022-05-25,46.06,47.2,46.06,46.74,11871.0,27208332.000000004,22.58,23.15,22.58,22.92,True,盛视科技,False
2022-05-26,46.44,51.32,45.6,51.32,28837.0,72698077.0,22.77,25.21,22.35,25.21,True,盛视科技,False
2022-05-27,52.82,53.86,50.7,51.94,73166.0,186719632.0,25.96,26.48,24.9,25.52,True,盛视科技,False
2022-05-30,50.9,52.36,50.44,50.98,37156.0,93038624.0,25.0,25.73,24.77,25.04,True,盛视科技,False
2022-05-31,51.08,51.26,49.9,50.18,23197.0,57157408.0,25.09,25.18,24.5,24.64,True,盛视科技,False
2022-06-01,50.5,50.6,49.4,50.04,17117.0,42056469.0,24.8,24.85,24.25,24.57,True,盛视科技,False
2022-06-02,50.02,50.38,49.02,50.28,19388.0,47868972.0,24.56,24.74,24.06,24.69,True,盛视科技,False
2022-06-06,50.22,51.28,50.1,50.76,20983.0,52310619.0,24.66,25.19,24.6,24.93,True,盛视科技,False
2022-06-07,50.88,51.88,49.3,50.18,18880.0,46520320.0,24.99,25.49,24.2,24.64,True,盛视科技,False
2022-06-08,50.12,50.86,48.74,49.6,16003.0,38967305.0,24.61,24.98,23.92,24.35,True,盛视科技,False
2022-06-09,49.72,51.9,49.02,51.28,33723.0,84948237.0,24.41,25.5,24.06,25.19,True,盛视科技,False
2022-06-10,50.74,51.42,49.5,50.72,29106.0,72503046.0,24.92,25.26,24.3,24.91,True,盛视科技,False
2022-06-13,50.12,50.66,49.62,50.42,16307.0,40376132.0,24.61,24.88,24.36,24.76,True,盛视科技,False
2022-06-14,49.86,49.86,47.5,49.34,22712.0,55008464.0,24.48,24.48,23.3,24.22,True,盛视科技,False
2022-06-15,49.36,50.78,49.18,49.64,20824.0,50748088.0,24.23,24.94,24.14,24.37,True,盛视科技,False
2022-06-16,49.98,51.8,49.98,50.74,26298.0,65534616.00000001,24.54,25.45,24.54,24.92,True,盛视科技,False
2022-06-17,50.72,51.06,49.62,50.6,16198.0,40252030.0,24.91,25.08,24.36,24.85,True,盛视科技,False
2022-06-20,50.64,51.18,50.18,51.18,15227.0,38280678.0,24.87,25.14,24.64,25.14,True,盛视科技,False
2022-06-21,51.02,52.68,50.5,50.78,30784.0,76775296.0,25.06,25.89,24.8,24.94,True,盛视科技,False
2022-06-22,50.88,51.3,48.62,48.72,25253.0,60379923.0,24.99,25.2,23.86,23.91,True,盛视科技,False
2022-06-23,48.9,53.5,48.9,53.5,40030.0,105278900.0,24.0,26.3,24.0,26.3,True,盛视科技,False
2022-06-24,54.04,56.9,52.9,52.9,90867.0,236254200.0,26.57,28.0,26.0,26.0,True,盛视科技,False
2022-06-27,52.68,53.64,51.9,52.38,40074.0,103150476.0,25.89,26.37,25.5,25.74,True,盛视科技,False
2022-06-28,52.44,53.36,51.9,53.0,32579.0,84868295.0,25.77,26.23,25.5,26.05,True,盛视科技,False
2022-06-29,52.74,54.4,51.76,53.68,50633.0,133620487.0,25.92,26.75,25.43,26.39,True,盛视科技,False
2022-06-30,54.54,58.96,52.42,57.28,75758.0,213561802.0,26.82,29.03,25.76,28.19,True,盛视科技,False
2022-07-01,56.64,58.8,54.96,55.42,52354.0,142717004.0,27.87,28.95,27.03,27.26,True,盛视科技,False
2022-07-04,55.44,56.44,54.0,54.7,30229.0,81316010.0,27.27,27.77,26.55,26.9,True,盛视科技,False
2022-07-05,54.5,54.76,52.5,53.14,24249.0,63338388.0,26.8,26.93,25.8,26.12,True,盛视科技,False
2022-07-06,53.1,56.02,52.64,54.8,37123.0,100046485.0,26.1,27.56,25.87,26.95,True,盛视科技,False
2022-07-07,54.1,54.52,52.24,53.18,27629.0,72222206.0,26.6,26.81,25.67,26.14,True,盛视科技,False
2022-07-08,53.24,53.86,52.1,52.62,18708.0,48378888.0,26.17,26.48,25.6,25.86,True,盛视科技,False
2022-07-11,52.7,55.84,51.0,55.62,48611.0,132999696.0,25.9,27.47,25.05,27.36,True,盛视科技,False
2022-07-12,55.86,56.9,54.94,56.54,40668.0,113138376.0,27.48,28.0,27.02,27.82,True,盛视科技,False
2022-07-13,56.8,62.1,56.7,62.1,96812.0,296244720.0,27.95,30.6,27.9,30.6,True,盛视科技,False
2022-07-14,58.9,59.82,55.98,55.98,88417.0,243500418.0,29.0,29.46,27.54,27.54,True,盛视科技,False
2022-07-15,54.66,54.66,52.9,53.2,48838.0,127711370.0,26.88,26.88,26.0,26.15,True,盛视科技,False
2022-07-18,53.2,54.78,52.7,54.76,29523.0,79505439.0,26.15,26.94,25.9,26.93,True,盛视科技,False
2022-07-19,55.12,56.84,54.12,56.3,36302.0,100556540.0,27.11,27.97,26.61,27.7,True,盛视科技,False
2022-07-20,56.34,57.5,55.76,56.52,28955.0,80523855.0,27.72,28.3,27.43,27.81,True,盛视科技,False
2022-07-21,56.66,59.5,55.5,58.62,54779.0,158092194.0,27.88,29.3,27.3,28.86,True,盛视科技,False
2022-07-22,58.3,59.38,56.7,57.54,31025.0,87862800.0,28.7,29.24,27.9,28.32,True,盛视科技,False
2022-07-25,57.96,59.2,56.58,58.88,32524.0,94287076.0,28.53,29.15,27.84,28.99,True,盛视科技,False
2022-07-26,58.7,58.7,57.52,57.9,21021.0,59909850.0,28.9,28.9,28.31,28.5,True,盛视科技,False
2022-07-27,57.4,58.2,56.42,57.58,26503.0,75109502.0,28.25,28.65,27.76,28.34,True,盛视科技,False
2022-07-28,57.7,58.4,56.68,56.78,22987.0,64225678.0,28.4,28.75,27.89,27.94,True,盛视科技,False
2022-07-29,56.9,62.36,56.12,62.36,110572.0,339787756.0,28.0,30.73,27.61,30.73,True,盛视科技,False
2022-08-01,61.1,62.88,59.5,60.12,102340.0,303028740.0,30.1,30.99,29.3,29.61,True,盛视科技,False
2022-08-02,59.64,59.9,56.96,59.26,57519.0,167840442.0,29.37,29.5,28.03,29.18,True,盛视科技,False
2022-08-03,59.04,61.02,58.6,59.64,55540.0,163120980.0,29.07,30.06,28.85,29.37,True,盛视科技,False
2022-08-04,59.6,60.82,58.1,60.82,40516.0,121385936.0,29.35,29.96,28.6,29.96,True,盛视科技,False
2022-08-05,61.6,61.84,59.82,60.16,47350.0,140298050.0,30.35,30.47,29.46,29.63,True,盛视科技,False
2022-08-08,60.14,61.68,59.16,61.6,41271.0,125257485.0,29.62,30.39,29.13,30.35,True,盛视科技,False
2022-08-09,61.32,64.06,60.66,61.7,52989.0,161086560.0,30.21,31.58,29.88,30.4,True,盛视科技,False
2022-08-10,60.68,62.52,59.7,62.3,39783.0,122133810.0,29.89,30.81,29.4,30.7,True,盛视科技,False
2022-08-11,61.66,63.4,60.9,61.8,37855.0,115268475.0,30.38,31.25,30.0,30.45,True,盛视科技,False
2022-08-12,62.3,62.76,61.36,62.76,32082.0,99229626.0,30.7,30.93,30.23,30.93,True,盛视科技,False
2022-08-15,63.2,65.4,61.34,61.76,45051.0,137090193.0,31.15,32.25,30.22,30.43,True,盛视科技,False
2022-08-16,61.5,63.18,60.3,62.9,36887.0,114349700.0,30.3,31.14,29.7,31.0,True,盛视科技,False
2022-08-17,62.3,63.54,62.1,62.6,32612.0,100608020.0,30.7,31.32,30.6,30.85,True,盛视科技,False
2022-08-18,62.22,62.5,61.08,61.14,30358.0,91438296.0,30.66,30.8,30.09,30.12,True,盛视科技,False
2022-08-19,61.1,63.16,61.0,61.42,39539.0,119645014.0,30.1,31.13,30.05,30.26,True,盛视科技,False
2022-08-22,62.0,62.9,61.1,62.0,26181.0,79982955.0,30.55,31.0,30.1,30.55,True,盛视科技,False
2022-08-23,62.1,62.4,59.36,59.78,35919.0,105745536.0,30.6,30.75,29.23,29.44,True,盛视科技,False
2022-08-24,59.78,59.78,55.7,55.84,34943.0,95988421.0,29.44,29.44,27.4,27.47,True,盛视科技,False
2022-08-25,55.14,55.88,52.44,54.1,39871.0,106056860.0,27.12,27.49,25.77,26.6,True,盛视科技,False
2022-08-26,54.48,55.26,52.08,52.44,23735.0,61165095.0,26.79,27.18,25.59,25.77,True,盛视科技,False
2022-08-29,51.0,52.66,50.68,51.72,15116.0,38409756.0,25.05,25.88,24.89,25.41,True,盛视科技,False
2022-08-30,51.72,52.52,51.3,52.18,14474.0,37111336.0,25.41,25.81,25.2,25.64,True,盛视科技,False
2022-08-31,52.12,52.68,49.78,49.8,15732.0,38464740.0,25.61,25.89,24.44,24.45,True,盛视科技,False
2022-09-01,50.04,51.1,49.82,50.4,11528.0,28531800.0,24.57,25.1,24.46,24.75,True,盛视科技,False
2022-09-02,50.86,52.08,50.16,51.8,14157.0,36029565.0,24.98,25.59,24.63,25.45,True,盛视科技,False
2022-09-05,51.8,52.14,50.56,51.28,8957.0,22562683.0,25.45,25.62,24.83,25.19,True,盛视科技,False
2022-09-06,51.28,51.68,50.9,51.34,10096.0,25462112.0,25.19,25.39,25.0,25.22,True,盛视科技,False
2022-09-07,51.24,52.06,51.1,51.62,8775.0,22253400.0,25.17,25.58,25.1,25.36,True,盛视科技,False
2022-09-08,52.12,52.62,51.48,51.72,9883.0,25112703.0,25.61,25.86,25.29,25.41,True,盛视科技,False
2022-09-09,51.78,52.06,51.1,51.32,7507.0,18925147.0,25.44,25.58,25.1,25.21,True,盛视科技,False
2022-09-13,51.46,52.0,50.88,51.0,8068.0,20210340.0,25.28,25.55,24.99,25.05,True,盛视科技,False
2022-09-14,50.82,50.82,49.4,50.42,9946.0,24626296.0,24.96,24.96,24.25,24.76,True,盛视科技,False
2022-09-15,50.18,50.88,46.9,47.36,20996.0,48773708.0,24.64,24.99,23.0,23.23,True,盛视科技,False
2022-09-16,47.5,47.9,46.72,46.72,11434.0,26195294.0,23.3,23.5,22.91,22.91,True,盛视科技,False
2022-09-19,46.8,47.38,45.9,47.3,13087.0,30361840.0,22.95,23.24,22.5,23.2,True,盛视科技,False
2022-09-20,47.32,48.3,46.94,47.1,6680.0,15430800.000000002,23.21,23.7,23.02,23.1,True,盛视科技,False
2022-09-21,47.36,47.36,45.8,47.16,6968.0,16116984.0,23.23,23.23,22.45,23.13,True,盛视科技,False
2022-09-22,47.16,47.64,46.66,47.24,8366.0,19384022.0,23.13,23.37,22.88,23.17,True,盛视科技,False
2022-09-23,47.3,47.34,45.52,45.72,10582.0,23714262.0,23.2,23.22,22.31,22.41,True,盛视科技,False
2022-09-26,45.82,46.4,45.3,45.58,6988.0,15611192.0,22.46,22.75,22.2,22.34,True,盛视科技,False
2022-09-27,45.98,46.48,45.58,46.48,8564.0,19517356.0,22.54,22.79,22.34,22.79,True,盛视科技,False
2022-09-28,46.48,46.54,44.76,44.78,9614.0,21093116.0,22.79,22.82,21.93,21.94,True,盛视科技,False
2022-09-29,45.34,45.6,43.7,43.8,8535.0,18307575.0,22.22,22.35,21.4,21.45,True,盛视科技,False
2022-09-30,43.3,44.46,43.3,43.82,6236.0,13382456.0,21.2,21.78,21.2,21.46,True,盛视科技,False
2022-10-10,43.72,43.74,42.38,42.5,8266.0,17193280.0,21.41,21.42,20.74,20.8,True,盛视科技,False
2022-10-11,42.62,43.26,42.04,42.64,5336.0,11136232.0,20.86,21.18,20.57,20.87,True,盛视科技,False
2022-10-12,42.64,44.82,42.32,44.66,10270.0,22470760.0,20.87,21.96,20.71,21.88,True,盛视科技,False
2022-10-13,44.88,46.34,44.68,45.92,14979.0,33717729.0,21.99,22.72,21.89,22.51,True,盛视科技,False
2022-10-14,45.86,47.16,45.82,46.64,10945.0,25031215.0,22.48,23.13,22.46,22.87,True,盛视科技,False
2022-10-17,46.58,48.04,46.3,47.68,12571.0,29403569.0,22.84,23.57,22.7,23.39,True,盛视科技,False
2022-10-18,48.1,48.1,47.26,47.44,9543.0,22206561.0,23.6,23.6,23.18,23.27,True,盛视科技,False
2022-10-19,47.14,47.82,46.9,47.3,8214.0,19056480.0,23.12,23.46,23.0,23.2,True,盛视科技,False
2022-10-20,46.7,48.48,46.42,47.52,13263.0,30916053.0,22.9,23.79,22.76,23.31,True,盛视科技,False
2022-10-21,47.7,48.48,46.74,47.54,10543.0,24586276.0,23.4,23.79,22.92,23.32,True,盛视科技,False
2022-10-24,47.7,48.1,46.3,46.44,9951.0,22658427.0,23.4,23.6,22.7,22.77,True,盛视科技,False
2022-10-25,46.8,46.9,45.6,46.26,8435.0,19130580.0,22.95,23.0,22.35,22.68,True,盛视科技,False
2022-10-26,46.28,48.66,46.28,48.04,13342.0,31447094.0,22.69,23.88,22.69,23.57,True,盛视科技,False
2022-10-27,48.2,48.64,47.94,48.32,8311.0,19705381.0,23.65,23.87,23.52,23.71,True,盛视科技,False
2022-10-28,48.9,48.9,45.94,46.34,9466.0,21506752.0,24.0,24.0,22.52,22.72,True,盛视科技,False
2022-10-31,45.22,49.16,44.5,48.0,27686.0,65200530.0,22.16,24.13,21.8,23.55,True,盛视科技,False
2022-11-01,47.54,48.2,46.9,47.52,18919.0,44100189.0,23.32,23.65,23.0,23.31,True,盛视科技,False
2022-11-02,48.3,50.8,47.62,50.3,34950.0,86326500.0,23.7,24.95,23.36,24.7,True,盛视科技,False
2022-11-03,49.56,49.9,48.12,48.6,29121.0,69453585.0,24.33,24.5,23.61,23.85,True,盛视科技,False
2022-11-04,48.3,53.38,47.92,53.38,45802.0,120184448.0,23.7,26.24,23.51,26.24,True,盛视科技,False
2022-11-07,53.4,58.62,53.12,58.62,115089.0,332146854.0,26.25,28.86,26.11,28.86,True,盛视科技,False
2022-11-08,56.66,58.88,55.6,55.78,83968.0,230408192.0,27.88,28.99,27.35,27.44,True,盛视科技,False
2022-11-09,54.7,58.1,54.0,55.84,72618.0,199481646.0,26.9,28.6,26.55,27.47,True,盛视科技,False
2022-11-10,55.08,61.34,54.5,59.6,88578.0,259976430.0,27.09,30.22,26.8,29.35,True,盛视科技,False
2022-11-11,58.92,61.9,57.5,59.6,94294.0,276752890.0,29.01,30.5,28.3,29.35,True,盛视科技,False
2022-11-14,58.36,59.2,55.66,56.12,61029.0,168501069.0,28.73,29.15,27.38,27.61,True,盛视科技,False
2022-11-15,56.62,59.04,55.92,58.78,46750.0,135294500.0,27.86,29.07,27.51,28.94,True,盛视科技,False
2022-11-16,58.2,58.32,56.82,57.76,35229.0,100156047.0,28.65,28.71,27.96,28.43,True,盛视科技,False
2022-11-17,57.3,59.9,56.96,59.4,50530.0,147800250.0,28.2,29.5,28.03,29.25,True,盛视科技,False
2022-11-18,58.86,59.7,56.78,57.04,40326.0,113195082.0,28.98,29.4,27.94,28.07,True,盛视科技,False
2022-11-21,57.06,57.62,54.9,56.4,32896.0,91286400.0,28.08,28.36,27.0,27.75,True,盛视科技,False
2022-11-22,56.16,58.66,55.74,57.52,37990.0,107549690.0,27.63,28.88,27.42,28.31,True,盛视科技,False
2022-11-23,57.52,57.6,52.48,52.7,51909.0,134444310.0,28.31,28.35,25.79,25.9,True,盛视科技,False
2022-11-24,52.8,53.9,52.1,52.74,25922.0,67189824.0,25.95,26.5,25.6,25.92,True,盛视科技,False
2022-11-25,53.28,53.32,51.24,51.26,23278.0,58614004.0,26.19,26.21,25.17,25.18,True,盛视科技,False
2022-11-28,50.88,51.9,50.34,50.8,16005.0,39932475.0,24.99,25.5,24.72,24.95,True,盛视科技,False
2022-11-29,50.82,55.56,50.66,54.02,38536.0,102351616.0,24.96,27.33,24.88,26.56,True,盛视科技,False
2022-11-30,54.02,54.94,53.1,54.66,24210.0,65076480.0,26.56,27.02,26.1,26.88,True,盛视科技,False
2022-12-01,56.42,60.04,55.96,60.04,46757.0,138260449.0,27.76,29.57,27.53,29.57,True,盛视科技,False
2022-12-02,61.18,61.9,57.92,60.46,81541.0,242829098.0,30.14,30.5,28.51,29.78,True,盛视科技,False
2022-12-05,59.74,61.46,59.18,59.88,47803.0,140971047.0,29.42,30.28,29.14,29.49,True,盛视科技,False
2022-12-06,59.56,60.78,58.56,59.06,33786.0,98249688.0,29.33,29.94,28.83,29.08,True,盛视科技,False
2022-12-07,58.94,61.46,58.36,59.28,36776.0,107349144.0,29.02,30.28,28.73,29.19,True,盛视科技,False
2022-12-08,59.36,60.66,57.7,60.66,41423.0,123771924.0,29.23,29.88,28.4,29.88,True,盛视科技,False
2022-12-09,60.48,61.9,59.58,61.04,46857.0,140898999.0,29.79,30.5,29.34,30.07,True,盛视科技,False
2022-12-12,60.3,63.34,59.72,60.5,45442.0,135417160.0,29.7,31.22,29.41,29.8,True,盛视科技,False
2022-12-13,60.34,61.14,59.24,60.52,27546.0,82114626.0,29.72,30.12,29.17,29.81,True,盛视科技,False
2022-12-14,60.02,61.46,58.72,59.92,30407.0,89731057.0,29.56,30.28,28.91,29.51,True,盛视科技,False
2022-12-15,59.5,60.34,58.52,58.82,23051.0,66755696.0,29.3,29.72,28.81,28.96,True,盛视科技,False
2022-12-16,58.82,59.04,57.5,57.66,16060.0,45578280.0,28.96,29.07,28.3,28.38,True,盛视科技,False
2022-12-19,58.28,58.74,55.7,55.98,18262.0,50293548.0,28.69,28.92,27.4,27.54,True,盛视科技,False
2022-12-20,56.86,57.1,55.34,55.6,12101.0,33096235.0,27.98,28.1,27.22,27.35,True,盛视科技,False
2022-12-21,55.5,56.1,54.64,55.58,10746.0,29379564.0,27.3,27.6,26.87,27.34,True,盛视科技,False
2022-12-22,55.7,59.3,55.3,55.7,29098.0,79728520.0,27.4,29.2,27.2,27.4,True,盛视科技,False
2022-12-23,56.26,57.86,54.86,56.0,23524.0,64808620.0,27.68,28.48,26.98,27.55,True,盛视科技,False
2022-12-26,56.0,56.88,55.14,55.5,16218.0,44275140.0,27.55,27.99,27.12,27.3,True,盛视科技,False
2022-12-27,56.9,59.9,54.3,55.3,35848.0,97506560.0,28.0,29.5,26.7,27.2,True,盛视科技,False
2022-12-28,54.86,55.9,52.82,55.48,34370.0,93795730.0,26.98,27.5,25.96,27.29,True,盛视科技,False
2022-12-29,55.24,55.88,54.06,54.22,17297.0,46113802.0,27.17,27.49,26.58,26.66,True,盛视科技,False
2022-12-30,54.2,56.44,53.72,55.76,24279.0,66597297.0,26.65,27.77,26.41,27.43,True,盛视科技,False
2023-01-03,55.9,58.08,55.1,57.32,24609.0,69421989.0,27.5,28.59,27.1,28.21,True,盛视科技,False
2023-01-04,57.14,57.82,56.74,57.56,13778.0,39033074.0,28.12,28.46,27.92,28.33,True,盛视科技,False
2023-01-05,57.4,58.52,56.8,57.84,15888.0,45233136.0,28.25,28.81,27.95,28.47,True,盛视科技,False
2023-01-06,58.16,58.16,56.66,56.82,19600.0,54801600.0,28.63,28.63,27.88,27.96,True,盛视科技,False
2023-01-09,57.36,59.44,57.0,59.0,26188.0,76076140.0,28.23,29.27,28.05,29.05,True,盛视科技,False
2023-01-10,58.5,60.06,57.96,58.8,18474.0,53482230.0,28.8,29.58,28.53,28.95,True,盛视科技,False
2023-01-11,59.16,64.6,58.7,63.28,110003.0,343099357.0,29.13,31.85,28.9,31.19,True,盛视科技,False
2023-01-12,63.54,65.26,61.72,61.98,67634.0,206554236.0,31.32,32.18,30.41,30.54,True,盛视科技,False
2023-01-13,62.94,63.18,60.3,60.9,31882.0,95646000.0,31.02,31.14,29.7,30.0,True,盛视科技,False
2023-01-16,60.34,62.58,60.34,61.2,26114.0,78733710.0,29.72,30.84,29.72,30.15,True,盛视科技,False
2023-01-17,61.22,62.62,60.0,60.1,15306.0,45305760.0,30.16,30.86,29.55,29.6,True,盛视科技,False
2023-01-18,60.58,62.26,59.46,61.6,20747.0,62967145.0,29.84,30.68,29.28,30.35,True,盛视科技,False
2023-01-19,61.34,67.68,61.34,67.68,54138.0,180766782.0,30.22,33.39,30.22,33.39,True,盛视科技,False
2023-01-20,69.66,70.56,66.7,67.54,55929.0,186355428.0,34.38,34.83,32.9,33.32,True,盛视科技,False
2023-01-30,68.92,70.48,68.06,68.94,50117.0,170498034.00000003,34.01,34.79,33.58,34.02,True,盛视科技,False
2023-01-31,68.58,69.3,67.36,68.52,31680.0,107110080.0,33.84,34.2,33.23,33.81,True,盛视科技,False
2023-02-01,68.8,70.34,68.3,70.34,38195.0,132613040.0,33.95,34.72,33.7,34.72,True,盛视科技,False
2023-02-02,70.26,72.38,69.3,69.78,48815.0,168118860.0,34.68,35.74,34.2,34.44,True,盛视科技,False
2023-02-03,69.86,74.66,69.34,73.24,66221.0,239521357.0,34.48,36.88,34.22,36.17,True,盛视科技,False
2023-02-06,72.9,74.34,71.16,71.66,35992.0,127339696.0,36.0,36.72,35.13,35.38,True,盛视科技,False
2023-02-07,72.04,72.28,70.04,70.26,28682.0,99469176.0,35.57,35.69,34.57,34.68,True,盛视科技,False
2023-02-08,70.16,71.06,69.58,70.26,25808.0,89502144.0,34.63,35.08,34.34,34.68,True,盛视科技,False
2023-02-09,69.66,70.54,69.26,70.1,17841.0,61729860.0,34.38,34.82,34.18,34.6,True,盛视科技,False
2023-02-10,70.1,70.86,68.3,69.36,22788.0,78003324.0,34.6,34.98,33.7,34.23,True,盛视科技,False
2023-02-13,69.92,71.86,69.92,70.54,22380.0,77927160.0,34.51,35.48,34.51,34.82,True,盛视科技,False
2023-02-14,71.24,71.88,70.06,70.34,17494.0,60739168.0,35.17,35.49,34.58,34.72,True,盛视科技,False
2023-02-15,70.5,73.02,69.66,72.92,35797.0,128904997.0,34.8,36.06,34.38,36.01,True,盛视科技,False
2023-02-16,72.94,73.2,69.32,69.84,30511.0,105171417.0,36.02,36.15,34.21,34.47,True,盛视科技,False
2023-02-17,69.9,70.42,68.4,68.92,16304.0,55449904.0,34.5,34.76,33.75,34.01,True,盛视科技,False
2023-02-20,68.46,69.78,67.52,69.16,13466.0,45959458.0,33.78,34.44,33.31,34.13,True,盛视科技,False
2023-02-21,69.7,69.8,67.94,68.38,12609.0,42542766.0,34.4,34.45,33.52,33.74,True,盛视科技,False
2023-02-22,68.38,70.48,67.8,69.6,12823.0,44047005.0,33.74,34.79,33.45,34.35,True,盛视科技,False
2023-02-23,69.02,69.54,67.14,67.6,14421.0,48094035.0,34.06,34.32,33.12,33.35,True,盛视科技,False
2023-02-24,67.92,69.62,67.78,68.62,13372.0,45277592.0,33.51,34.36,33.44,33.86,True,盛视科技,False
2023-02-27,68.64,70.44,67.9,68.02,15711.0,52726116.0,33.87,34.77,33.5,33.56,True,盛视科技,False
2023-02-28,68.4,71.08,68.4,70.34,19599.0,68047728.0,33.75,35.09,33.75,34.72,True,盛视科技,False
2023-03-01,69.9,72.0,69.72,70.04,19530.0,67515210.0,34.5,35.55,34.41,34.57,True,盛视科技,False
2023-03-02,70.06,72.7,69.72,71.18,27993.0,98367402.0,34.58,35.9,34.41,35.14,True,盛视科技,False
2023-03-03,70.8,71.28,69.26,70.16,16148.0,55920524.00000001,34.95,35.19,34.18,34.63,True,盛视科技,False
2023-03-06,70.56,71.08,67.36,67.76,24947.0,83397821.0,34.83,35.09,33.23,33.43,True,盛视科技,False
2023-03-07,67.76,68.4,65.1,65.22,20527.0,66014831.99999999,33.43,33.75,32.1,32.16,True,盛视科技,False
2023-03-08,65.5,66.84,65.2,66.26,14020.0,45817360.0,32.3,32.97,32.15,32.68,True,盛视科技,False
2023-03-09,66.28,67.9,65.4,67.22,11068.0,36701487.99999999,32.69,33.5,32.25,33.16,True,盛视科技,False
2023-03-10,66.9,67.66,66.3,66.32,11513.0,37659023.0,33.0,33.38,32.7,32.71,True,盛视科技,False
2023-03-13,67.96,71.9,67.96,71.3,43198.0,152056960.0,33.53,35.5,33.53,35.2,True,盛视科技,False
2023-03-14,70.52,71.82,68.4,68.66,32400.0,109771200.0,34.81,35.46,33.75,33.88,True,盛视科技,False
2023-03-15,68.9,69.56,64.84,64.94,30856.0,98800912.0,34.0,34.33,31.97,32.02,True,盛视科技,False
2023-03-16,65.16,65.84,63.2,64.2,20036.0,63413940.0,32.13,32.47,31.15,31.65,True,盛视科技,False
2023-03-17,64.74,67.84,64.7,67.3,31539.0,104709480.0,31.92,33.47,31.9,33.2,True,盛视科技,False
2023-03-20,67.3,70.08,66.7,66.92,20937.0,69113037.0,33.2,34.59,32.9,33.01,True,盛视科技,False
2023-03-21,66.9,69.4,66.38,68.78,19920.0,67608480.0,33.0,34.25,32.74,33.94,True,盛视科技,False
2023-03-22,69.26,72.78,68.26,72.18,42281.0,150689484.0,34.18,35.94,33.68,35.64,True,盛视科技,False
2023-03-23,72.4,74.3,71.1,73.8,33568.0,122355360.0,35.75,36.7,35.1,36.45,True,盛视科技,False
2023-03-24,73.98,74.5,71.54,73.26,24347.0,88087446.0,36.54,36.8,35.32,36.18,True,盛视科技,False
2023-03-27,73.48,77.46,72.72,74.54,35033.0,128991506.0,36.29,38.28,35.91,36.82,True,盛视科技,False
2023-03-28,74.0,74.9,72.82,72.98,19207.0,69222028.0,36.55,37.0,35.96,36.04,True,盛视科技,False
2023-03-29,72.9,73.52,71.9,72.1,19802.0,70495120.0,36.0,36.31,35.5,35.6,True,盛视科技,False
2023-03-30,72.22,73.46,70.68,72.12,18387.0,65476107.0,35.66,36.28,34.89,35.61,True,盛视科技,False
2023-03-31,72.34,76.56,71.42,76.48,29724.0,112326996.0,35.72,37.83,35.26,37.79,True,盛视科技,False
2023-04-03,76.32,76.66,73.98,75.72,32737.0,122469117.0,37.71,37.88,36.54,37.41,True,盛视科技,False
2023-04-04,76.9,77.82,72.8,73.52,39105.0,141990255.0,38.0,38.46,35.95,36.31,True,盛视科技,False
2023-04-06,72.7,73.5,69.72,70.0,49089.0,169602495.0,35.9,36.3,34.41,34.55,True,盛视科技,False
2023-04-07,70.5,71.98,69.26,71.28,23724.0,83484756.0,34.8,35.54,34.18,35.19,True,盛视科技,False
2023-04-10,71.18,72.66,67.54,68.58,38104.0,128943936.0,35.14,35.88,33.32,33.84,True,盛视科技,False
2023-04-11,68.74,70.3,68.1,70.06,22959.0,79392222.0,33.92,34.7,33.6,34.58,True,盛视科技,False
2023-04-12,70.06,74.52,70.06,74.1,44025.0,161131500.0,34.58,36.81,34.58,36.6,True,盛视科技,False
2023-04-13,73.44,77.26,72.94,74.26,59085.0,216723780.0,36.27,38.18,36.02,36.68,True,盛视科技,False
2023-04-14,77.26,81.6,76.56,81.6,114509.0,462043815.0,38.18,40.35,37.83,40.35,True,盛视科技,False
2023-04-17,82.52,86.06,80.94,82.14,155409.0,631271358.0,40.81,42.58,40.02,40.62,True,盛视科技,False
2023-04-18,81.0,85.3,81.0,81.9,80561.0,326272050.0,40.05,42.2,40.05,40.5,True,盛视科技,False
2023-04-19,81.7,83.8,80.0,80.52,66588.0,265086828.00000003,40.4,41.45,39.55,39.81,True,盛视科技,False
2023-04-20,80.02,81.54,79.56,80.1,42342.0,167674320.0,39.56,40.32,39.33,39.6,True,盛视科技,False
2023-04-21,80.52,80.88,76.94,77.18,43821.0,167133294.0,39.81,39.99,38.02,38.14,True,盛视科技,False
2023-04-24,77.06,80.12,75.5,76.06,45219.0,169933002.0,38.08,39.61,37.3,37.58,True,盛视科技,False
2023-04-25,75.7,76.72,72.7,73.54,54366.0,197457312.0,37.4,37.91,35.9,36.32,True,盛视科技,False
2023-04-26,74.26,76.66,73.62,74.08,43262.0,158295658.0,36.68,37.88,36.36,36.59,True,盛视科技,False
2023-04-27,73.2,74.7,72.12,72.92,29570.0,106481570.0,36.15,36.9,35.61,36.01,True,盛视科技,False
2023-04-28,73.2,77.26,72.98,76.82,43315.0,164423740.0,36.15,38.18,36.04,37.96,True,盛视科技,False
2023-05-04,76.26,77.3,71.66,73.76,40764.0,148503252.0,37.68,38.2,35.38,36.43,True,盛视科技,False
2023-05-05,73.4,73.88,70.64,73.04,37782.0,136279674.0,36.25,36.49,34.87,36.07,True,盛视科技,False
2023-05-08,73.74,75.0,72.42,74.4,30234.0,111109950.0,36.42,37.05,35.76,36.75,True,盛视科技,False
2023-05-09,73.86,77.66,73.78,74.5,39391.0,144958880.0,36.48,38.38,36.44,36.8,True,盛视科技,False
2023-05-10,72.74,75.26,70.96,71.84,34981.0,124077607.0,35.92,37.18,35.03,35.47,True,盛视科技,False
2023-05-11,72.12,73.22,70.5,70.64,25424.0,88653488.0,35.61,36.16,34.8,34.87,True,盛视科技,False
2023-05-12,70.56,72.1,69.9,70.44,20648.0,71793096.0,34.83,35.6,34.5,34.77,True,盛视科技,False
2023-05-15,69.78,70.8,69.54,70.42,17243.0,59936668.0,34.44,34.95,34.32,34.76,True,盛视科技,False
2023-05-16,70.16,71.44,66.64,68.36,32449.0,109125987.0,34.53,35.17,32.77,33.63,True,盛视科技,False
2023-05-17,68.22,70.58,67.84,70.3,25554.0,88416840.0,33.56,34.74,33.37,34.6,True,盛视科技,False
2023-05-18,70.28,72.68,68.9,71.54,23363.0,82284486.0,34.59,35.79,33.9,35.22,True,盛视科技,False
2023-05-19,72.42,73.46,71.16,72.96,20887.0,75046991.0,35.66,36.18,35.03,35.93,True,盛视科技,False
2023-05-22,74.14,76.04,73.16,73.82,30570.0,111152520.0,36.52,37.47,36.03,36.36,True,盛视科技,False
2023-05-23,73.34,73.7,70.3,70.46,32949.0,114267132.0,36.12,36.3,34.6,34.68,True,盛视科技,False
2023-05-24,71.66,72.36,69.52,71.16,21573.0,75570219.0,35.28,35.63,34.21,35.03,True,盛视科技,False
2023-05-25,70.64,72.0,68.38,69.78,19952.0,68515168.0,34.77,35.45,33.64,34.34,True,盛视科技,False
2023-05-26,69.98,72.56,69.98,72.16,21842.0,77604626.0,34.44,35.73,34.44,35.53,True,盛视科技,False
2023-05-29,73.32,76.26,72.32,73.98,29798.0,108583912.0,36.11,37.58,35.61,36.44,True,盛视科技,False
2023-05-30,74.04,76.66,73.0,76.44,37212.0,140177604.0,36.47,37.78,35.95,37.67,True,盛视科技,False
2023-05-31,75.66,77.64,75.64,77.08,26404.0,100308796.0,37.28,38.27,37.27,37.99,True,盛视科技,False
2023-06-01,76.58,78.42,76.14,77.36,29095.0,110939235.0,37.74,38.66,37.52,38.13,True,盛视科技,False
2023-06-02,78.12,78.72,76.46,78.44,27632.0,106852944.0,38.51,38.81,37.68,38.67,True,盛视科技,False
2023-06-05,78.32,79.04,76.86,77.88,21984.0,84396576.0,38.61,38.97,37.88,38.39,True,盛视科技,False
2023-06-06,77.96,78.7,76.96,77.22,25700.0,97814200.0,38.43,38.8,37.93,38.06,True,盛视科技,False
2023-06-07,77.24,79.08,76.1,77.68,18989.0,72708881.0,38.07,38.99,37.5,38.29,True,盛视科技,False
2023-06-08,77.3,77.88,76.52,77.18,13219.0,50285076.0,38.1,38.39,37.71,38.04,True,盛视科技,False
2023-06-09,77.78,78.56,76.7,78.1,18265.0,70320250.0,38.34,38.73,37.8,38.5,True,盛视科技,False
2023-06-12,78.9,79.46,76.56,76.82,21432.0,81141552.0,38.9,39.18,37.73,37.86,True,盛视科技,False
2023-06-13,77.12,78.98,76.74,78.12,21993.0,84695043.0,38.01,38.94,37.82,38.51,True,盛视科技,False
2023-06-14,78.5,78.76,77.52,78.18,17576.0,67737904.0,38.7,38.83,38.21,38.54,True,盛视科技,False
2023-06-15,78.46,80.0,78.0,78.12,16426.0,63256526.0,38.68,39.45,38.45,38.51,True,盛视科技,False
2023-06-16,78.06,79.86,77.12,79.7,20456.0,80392080.0,38.48,39.38,38.01,39.3,True,盛视科技,False
2023-06-19,79.88,81.52,79.1,80.82,16719.0,66641934.0,39.39,40.21,39.0,39.86,True,盛视科技,False
2023-06-20,80.66,80.84,79.5,80.36,16162.0,64050006.00000001,39.78,39.87,39.2,39.63,True,盛视科技,False
2023-06-21,80.38,80.78,78.7,79.32,17938.0,70155518.0,39.64,39.84,38.8,39.11,True,盛视科技,False
2023-06-26,75.14,76.42,71.5,71.66,42411.0,149626008.0,37.02,37.66,35.2,35.28,True,盛视科技,False
2023-06-27,72.36,74.34,72.36,73.9,31206.0,113589840.0,35.63,36.62,35.63,36.4,True,盛视科技,False
2023-06-28,73.92,74.36,70.7,73.16,24016.0,86529648.0,36.41,36.63,34.8,36.03,True,盛视科技,False
2023-06-29,73.16,74.28,71.9,73.58,16300.0,59071200.0,36.03,36.59,35.4,36.24,True,盛视科技,False
2023-06-30,74.06,75.36,73.14,74.7,20212.0,74380160.0,36.48,37.13,36.02,36.8,True,盛视科技,False
2023-07-03,74.7,75.1,72.7,74.56,21187.0,77819851.0,36.8,37.0,35.8,36.73,True,盛视科技,False
2023-07-04,74.96,75.6,73.82,74.66,15330.0,56383740.0,36.93,37.25,36.36,36.78,True,盛视科技,False
2023-07-05,75.06,75.32,74.08,74.12,13434.0,49047534.0,36.98,37.11,36.49,36.51,True,盛视科技,False
2023-07-06,73.44,74.64,72.78,73.2,13194.0,47564369.99999999,36.17,36.77,35.84,36.05,True,盛视科技,False
2023-07-07,73.2,73.2,70.74,71.86,15461.0,54701018.00000001,36.05,36.05,34.82,35.38,True,盛视科技,False
2023-07-10,71.8,72.6,71.0,72.04,11046.0,39180162.0,35.35,35.75,34.95,35.47,True,盛视科技,False
2023-07-11,72.02,74.04,71.44,73.52,11683.0,42304143.0,35.46,36.47,35.17,36.21,True,盛视科技,False
2023-07-12,73.68,73.9,72.22,72.46,15819.0,56442192.0,36.29,36.4,35.56,35.68,True,盛视科技,False
2023-07-13,72.48,76.06,72.28,75.82,21148.0,79008928.0,35.69,37.48,35.59,37.36,True,盛视科技,False
2023-07-14,74.8,75.96,74.24,74.42,22093.0,80992937.99999999,36.85,37.43,36.57,36.66,True,盛视科技,False
2023-07-17,74.24,75.08,71.74,72.4,18135.0,64651275.0,36.57,36.99,35.32,35.65,True,盛视科技,False
2023-07-18,71.98,72.46,69.32,69.62,24368.0,83484768.0,35.44,35.68,34.11,34.26,True,盛视科技,False
2023-07-19,69.98,70.8,69.56,69.9,16546.0,56918240.0,34.44,34.85,34.23,34.4,True,盛视科技,False
2023-07-20,69.96,70.5,68.48,68.52,11761.0,39646331.0,34.43,34.7,33.69,33.71,True,盛视科技,False
2023-07-21,68.56,69.52,67.82,68.2,11545.0,38733475.0,33.73,34.21,33.36,33.55,True,盛视科技,False
2023-07-24,68.36,69.68,67.1,68.82,14307.0,48443502.0,33.63,34.29,33.0,33.86,True,盛视科技,False
2023-07-25,69.84,70.08,68.2,68.98,13699.0,46494406.0,34.37,34.49,33.55,33.94,True,盛视科技,False
2023-07-26,68.62,69.0,66.66,67.08,14752.0,48666848.0,33.76,33.95,32.78,32.99,True,盛视科技,False
2023-07-27,66.7,67.76,65.94,66.1,12058.0,39188500.0,32.8,33.33,32.42,32.5,True,盛视科技,False
2023-07-28,66.24,66.84,65.66,66.32,8403.0,27402183.0,32.57,32.87,32.28,32.61,True,盛视科技,False
2023-07-31,66.64,68.6,66.3,67.88,18385.0,61387515.0,32.77,33.75,32.6,33.39,True,盛视科技,False
2023-08-01,67.96,68.02,65.52,65.72,22303.0,72060993.0,33.43,33.46,32.21,32.31,True,盛视科技,False
2023-08-02,65.92,66.46,65.4,66.2,13074.0,42555870.0,32.41,32.68,32.15,32.55,True,盛视科技,False
2023-08-03,65.82,66.42,65.02,65.98,11914.0,38649016.0,32.36,32.66,31.96,32.44,True,盛视科技,False
2023-08-04,66.18,67.7,65.76,67.32,13085.0,43324435.0,32.54,33.3,32.33,33.11,True,盛视科技,False
2023-08-07,67.7,68.3,66.9,67.82,16636.0,55497696.0,33.3,33.6,32.9,33.36,True,盛视科技,False
2023-08-08,67.82,68.42,66.9,67.28,11765.0,38930385.00000001,33.36,33.66,32.9,33.09,True,盛视科技,False
2023-08-09,66.86,67.78,66.5,66.74,9033.0,29646306.0,32.88,33.34,32.7,32.82,True,盛视科技,False
2023-08-10,66.58,67.44,65.76,66.24,9653.0,31439821.0,32.74,33.17,32.33,32.57,True,盛视科技,False
2023-08-11,66.7,66.86,64.96,65.06,9831.0,31439538.0,32.8,32.88,31.93,31.98,True,盛视科技,False
2023-08-14,65.04,66.04,64.5,65.7,14952.0,48294959.99999999,31.97,32.47,31.7,32.3,True,盛视科技,False
2023-08-15,65.7,67.1,64.1,64.54,11912.0,37784864.0,32.3,33.0,31.5,31.72,True,盛视科技,False
2023-08-16,64.26,64.8,62.88,62.92,10956.0,33864996.0,31.58,31.85,30.89,30.91,True,盛视科技,False
2023-08-17,62.92,64.3,61.76,63.68,10817.0,33846393.0,30.91,31.6,30.33,31.29,True,盛视科技,False
2023-08-18,63.68,63.7,61.84,61.84,13426.0,40774762.0,31.29,31.3,30.37,30.37,True,盛视科技,False
2023-08-21,61.54,63.68,61.54,61.78,12434.0,37724756.0,30.22,31.29,30.22,30.34,True,盛视科技,False
2023-08-22,62.6,63.66,61.64,63.54,14493.0,45247146.0,30.75,31.28,30.27,31.22,True,盛视科技,False
2023-08-23,63.84,64.2,62.32,62.54,15033.0,46181376.0,31.37,31.55,30.61,30.72,True,盛视科技,False
2023-08-24,63.1,63.8,61.94,62.12,17080.0,52111080.0,31.0,31.35,30.42,30.51,True,盛视科技,False
2023-08-25,62.22,62.24,59.72,60.34,20625.0,61091250.0,30.56,30.57,29.31,29.62,True,盛视科技,False
2023-08-28,62.78,64.2,61.1,61.54,21811.0,65912842.0,30.84,31.55,30.0,30.22,True,盛视科技,False
2023-08-29,61.12,63.74,60.7,63.04,21909.0,67852173.0,30.01,31.32,29.8,30.97,True,盛视科技,False
2023-08-30,62.9,64.8,62.9,64.64,19148.0,60833196.0,30.9,31.85,30.9,31.77,True,盛视科技,False
2023-08-31,64.84,65.0,63.34,64.24,17504.0,55260128.0,31.87,31.95,31.12,31.57,True,盛视科技,False
2023-09-01,64.7,64.86,63.2,63.5,15289.0,47701680.0,31.8,31.88,31.05,31.2,True,盛视科技,False
2023-09-04,63.48,64.48,62.52,63.8,25004.0,78387540.0,31.19,31.69,30.71,31.35,True,盛视科技,False
2023-09-05,63.18,65.5,63.18,65.08,26113.0,83535487.0,31.04,32.2,31.04,31.99,True,盛视科技,False
2023-09-06,64.66,65.38,63.72,65.02,26802.0,85659192.0,31.78,32.14,31.31,31.96,True,盛视科技,False
2023-09-07,66.34,68.42,64.34,64.64,41731.0,132579387.0,32.62,33.66,31.62,31.77,True,盛视科技,False
2023-09-08,63.92,68.86,62.76,67.9,62935.0,210202900.0,31.41,33.88,30.83,33.4,True,盛视科技,False
2023-09-11,69.9,72.3,67.24,69.3,118677.0,404688570.0,34.4,35.6,33.07,34.1,True,盛视科技,False
2023-09-12,67.7,67.7,64.96,65.58,68743.0,221627432.0,33.3,33.3,31.93,32.24,True,盛视科技,False
2023-09-13,64.64,64.8,60.9,62.86,65890.0,203468320.0,31.77,31.85,29.9,30.88,True,盛视科技,False
2023-09-14,62.86,62.86,60.82,61.68,29707.0,89982503.0,30.88,30.88,29.86,30.29,True,盛视科技,False
2023-09-15,61.68,61.82,59.8,59.96,31594.0,92981142.0,30.29,30.36,29.35,29.43,True,盛视科技,False
2023-09-18,59.72,60.68,58.74,60.32,28044.0,83038284.0,29.31,29.79,28.82,29.61,True,盛视科技,False
2023-09-19,60.16,62.46,59.0,60.92,37224.0,111336984.0,29.53,30.68,28.95,29.91,True,盛视科技,False
2023-09-20,58.9,60.34,58.6,58.6,31743.0,91261125.0,28.9,29.62,28.75,28.75,True,盛视科技,False
2023-09-21,58.32,60.08,58.32,58.8,27618.0,79677930.0,28.61,29.49,28.61,28.85,True,盛视科技,False
2023-09-22,58.4,62.3,58.4,62.06,44219.0,134779512.0,28.65,30.6,28.65,30.48,True,盛视科技,False
2023-09-25,61.94,62.82,61.5,61.98,24773.0,75409012.0,30.42,30.86,30.2,30.44,True,盛视科技,False
2023-09-26,61.98,62.44,60.82,62.02,19733.0,60106718.0,30.44,30.67,29.86,30.46,True,盛视科技,False
2023-09-27,62.02,62.58,61.4,62.04,23292.0,70970724.0,30.46,30.74,30.15,30.47,True,盛视科技,False
2023-09-28,62.34,63.26,61.82,62.86,18629.0,57526352.0,30.62,31.08,30.36,30.88,True,盛视科技,False
2023-10-09,62.86,63.72,62.34,63.26,30747.0,95561676.0,30.88,31.31,30.62,31.08,True,盛视科技,False
2023-10-10,63.2,64.08,63.08,63.68,23276.0,72830604.0,31.05,31.49,30.99,31.29,True,盛视科技,False
2023-10-11,63.68,64.12,62.56,63.44,22428.0,69908076.0,31.29,31.51,30.73,31.17,True,盛视科技,False
2023-10-12,63.7,63.7,62.68,62.82,22305.0,68833230.0,31.3,31.3,30.79,30.86,True,盛视科技,False
2023-10-13,62.98,63.34,62.28,62.42,24590.0,75392940.0,30.94,31.12,30.59,30.66,True,盛视科技,False
2023-10-16,62.28,62.46,60.7,61.5,22672.0,68469440.0,30.59,30.68,29.8,30.2,True,盛视科技,False
2023-10-17,60.9,63.22,60.9,62.84,25240.0,77915880.0,29.9,31.06,29.9,30.87,True,盛视科技,False
2023-10-18,62.7,62.7,60.98,61.82,15360.0,46632960.0,30.8,30.8,29.94,30.36,True,盛视科技,False
2023-10-19,61.0,62.56,60.8,61.04,15623.0,46822131.0,29.95,30.73,29.85,29.97,True,盛视科技,False
2023-10-20,60.7,61.64,59.3,59.62,17934.0,52474884.0,29.8,30.27,29.1,29.26,True,盛视科技,False
2023-10-23,59.02,60.08,57.52,57.82,16889.0,47897204.0,28.96,29.49,28.21,28.36,True,盛视科技,False
2023-10-24,57.98,59.58,57.02,58.8,20610.0,59459850.0,28.44,29.24,27.96,28.85,True,盛视科技,False
2023-10-25,58.88,61.98,58.5,60.9,20891.0,62464090.0,28.89,30.44,28.7,29.9,True,盛视科技,False
2023-10-26,60.48,62.58,59.88,62.52,19397.0,59568187.0,29.69,30.74,29.39,30.71,True,盛视科技,False
2023-10-27,62.16,63.34,60.86,62.88,20562.0,63516018.0,30.53,31.12,29.88,30.89,True,盛视科技,False
2023-10-30,62.32,64.64,62.0,64.42,21181.0,67059046.0,30.61,31.77,30.45,31.66,True,盛视科技,False
2023-10-31,63.7,64.24,62.8,63.12,17416.0,54007016.0,31.3,31.57,30.85,31.01,True,盛视科技,False
2023-11-01,63.6,64.0,61.84,62.06,18035.0,54970680.0,31.25,31.45,30.37,30.48,True,盛视科技,False
2023-11-02,62.42,62.42,59.66,59.68,16750.0,49060750.0,30.66,30.66,29.28,29.29,True,盛视科技,False
2023-11-03,60.3,61.66,59.86,61.18,17720.0,53230880.0,29.6,30.28,29.38,30.04,True,盛视科技,False
2023-11-06,61.54,63.7,61.38,63.44,20604.0,64222668.0,30.22,31.3,30.14,31.17,True,盛视科技,False
2023-11-07,63.0,64.1,62.8,63.34,17381.0,54089672.0,30.95,31.5,30.85,31.12,True,盛视科技,False
2023-11-08,63.54,64.48,62.92,63.9,16043.0,50375020.0,31.22,31.69,30.91,31.4,True,盛视科技,False
2023-11-09,63.7,64.34,63.0,63.2,14147.0,43926435.0,31.3,31.62,30.95,31.05,True,盛视科技,False
2023-11-10,63.6,63.6,62.36,62.88,12900.0,39848100.0,31.25,31.25,30.63,30.89,True,盛视科技,False
2023-11-13,63.36,64.9,63.02,64.66,19577.0,62215706.0,31.13,31.9,30.96,31.78,True,盛视科技,False
2023-11-14,64.92,66.04,64.68,65.42,22859.0,73514543.99999999,31.91,32.47,31.79,32.16,True,盛视科技,False
2023-11-15,65.58,66.26,65.14,65.34,17703.0,56862035.99999999,32.24,32.58,32.02,32.12,True,盛视科技,False
2023-11-16,65.58,65.86,64.7,65.04,15754.0,50365538.0,32.24,32.38,31.8,31.97,True,盛视科技,False
2023-11-17,64.82,65.3,64.32,64.94,19941.0,63651672.0,31.86,32.1,31.61,31.92,True,盛视科技,False
2023-11-20,65.44,65.8,64.3,64.98,21307.0,68054558.0,32.17,32.35,31.6,31.94,True,盛视科技,False
2023-11-21,65.1,65.3,63.82,63.88,17695.0,55544605.0,32.0,32.1,31.36,31.39,True,盛视科技,False
2023-11-22,64.1,64.76,62.94,63.0,14724.0,45570780.0,31.5,31.83,30.92,30.95,True,盛视科技,False
2023-11-23,62.74,63.38,61.98,63.24,16773.0,52113711.0,30.82,31.14,30.44,31.07,True,盛视科技,False
2023-11-24,63.02,63.32,60.72,61.2,16987.0,51045935.0,30.96,31.11,29.81,30.05,True,盛视科技,False
2023-11-27,61.2,62.36,60.86,61.68,14287.0,43275323.0,30.05,30.63,29.88,30.29,True,盛视科技,False
2023-11-28,61.44,62.84,60.88,62.68,16316.0,50236964.0,30.17,30.87,29.89,30.79,True,盛视科技,False
2023-11-29,62.4,63.66,61.76,62.66,12396.0,38154888.0,30.65,31.28,30.33,30.78,True,盛视科技,False
2023-11-30,62.14,63.22,61.26,62.06,14043.0,42803064.0,30.52,31.06,30.08,30.48,True,盛视科技,False
2023-12-01,61.84,63.08,61.2,62.9,13727.0,42416430.0,30.37,30.99,30.05,30.9,True,盛视科技,False
2023-12-04,63.7,63.7,62.16,62.2,16871.0,51540905.0,31.3,31.3,30.53,30.55,True,盛视科技,False
2023-12-05,62.2,62.2,60.4,60.4,13626.0,40401090.0,30.55,30.55,29.65,29.65,True,盛视科技,False
2023-12-06,60.7,61.42,59.86,60.3,9859.0,29182640.0,29.8,30.16,29.38,29.6,True,盛视科技,False
2023-12-07,60.8,61.46,60.1,60.94,9531.0,28516752.0,29.85,30.18,29.5,29.92,True,盛视科技,False
2023-12-08,60.74,66.92,60.64,66.92,42231.0,138982221.0,29.82,32.91,29.77,32.91,True,盛视科技,False
2023-12-11,67.56,70.7,66.42,68.82,132304.0,447981344.0,33.23,34.8,32.66,33.86,True,盛视科技,False
2023-12-12,68.12,68.64,66.74,67.34,85562.0,283381344.0,33.51,33.77,32.82,33.12,True,盛视科技,False
2023-12-13,66.8,71.92,66.72,70.18,130739.0,451572506.0,32.85,35.41,32.81,34.54,True,盛视科技,False
2023-12-14,71.1,72.18,69.28,69.8,97805.0,335960175.0,35.0,35.54,34.09,34.35,True,盛视科技,False
2023-12-15,70.58,72.42,68.78,70.94,70964.0,247806288.0,34.74,35.66,33.84,34.92,True,盛视科技,False
2023-12-18,71.1,72.4,69.86,72.28,57903.0,206076777.00000003,35.0,35.65,34.38,35.59,True,盛视科技,False
2023-12-19,70.66,72.1,69.5,71.0,41250.0,144168750.0,34.78,35.5,34.2,34.95,True,盛视科技,False
2023-12-20,71.0,71.54,68.76,68.88,38248.0,129622472.0,34.95,35.22,33.83,33.89,True,盛视科技,False
2023-12-21,68.86,69.56,67.7,69.22,31464.0,107166384.0,33.88,34.23,33.3,34.06,True,盛视科技,False
2023-12-22,68.94,69.66,66.5,67.2,38796.0,128220780.0,33.92,34.28,32.7,33.05,True,盛视科技,False
2023-12-25,67.1,69.38,66.36,68.88,38919.0,131896491.0,33.0,34.14,32.63,33.89,True,盛视科技,False
2023-12-26,68.64,69.56,66.94,67.2,21667.0,71609435.0,33.77,34.23,32.92,33.05,True,盛视科技,False
2023-12-27,67.46,68.86,66.5,68.08,22154.0,74193746.0,33.18,33.88,32.7,33.49,True,盛视科技,False
2023-12-28,68.06,69.8,67.26,69.38,29449.0,100538886.0,33.48,34.35,33.08,34.14,True,盛视科技,False
2023-12-29,69.18,70.16,67.68,70.16,34322.0,118513866.0,34.04,34.53,33.29,34.53,True,盛视科技,False
2024-01-02,70.06,70.46,68.24,68.36,25884.0,87047892.0,34.48,34.68,33.57,33.63,True,盛视科技,False
2024-01-03,68.24,68.26,66.62,66.76,31066.0,101989678.0,33.57,33.58,32.76,32.83,True,盛视科技,False
2024-01-04,66.68,67.8,65.76,66.96,19150.0,63060950.0,32.79,33.35,32.33,32.93,True,盛视科技,False
2024-01-05,67.16,67.68,64.8,65.08,21423.0,68532177.0,33.03,33.29,31.85,31.99,True,盛视科技,False
2024-01-08,64.72,65.6,63.88,63.88,21610.0,67833790.0,31.81,32.25,31.39,31.39,True,盛视科技,False
2024-01-09,64.8,64.84,62.86,63.62,24011.0,75058386.0,31.85,31.87,30.88,31.26,True,盛视科技,False
2024-01-10,63.42,63.42,61.38,61.66,18776.0,56853728.0,31.16,31.16,30.14,30.28,True,盛视科技,False
2024-01-11,61.66,63.1,61.5,62.44,22641.0,69439947.0,30.28,31.0,30.2,30.67,True,盛视科技,False
2024-01-12,62.22,62.42,60.92,61.18,17529.0,52657116.0,30.56,30.66,29.91,30.04,True,盛视科技,False
2024-01-15,60.94,61.1,59.38,60.38,25809.0,76497876.0,29.92,30.0,29.14,29.64,True,盛视科技,False
2024-01-16,60.34,61.98,59.8,61.92,25468.0,77448188.0,29.62,30.44,29.35,30.41,True,盛视科技,False
2024-01-17,61.64,62.46,59.68,59.86,21773.0,63969074.0,30.27,30.68,29.29,29.38,True,盛视科技,False
2024-01-18,59.1,60.08,57.12,58.64,24040.0,69163080.0,29.0,29.49,28.01,28.77,True,盛视科技,False
2024-01-19,58.66,58.84,56.42,56.46,20031.0,55445808.0,28.78,28.87,27.66,27.68,True,盛视科技,False
2024-01-22,56.68,57.08,50.92,50.92,34442.0,85795022.0,27.79,27.99,24.91,24.91,True,盛视科技,False
2024-01-23,50.58,51.46,49.86,51.02,52213.0,130323648.0,24.74,25.18,24.38,24.96,True,盛视科技,False
2024-01-24,51.48,51.68,49.64,51.26,43857.0,109993356.0,25.19,25.29,24.27,25.08,True,盛视科技,False
2024-01-25,51.46,53.26,50.48,52.96,33724.0,87446332.0,25.18,26.08,24.69,25.93,True,盛视科技,False
2024-01-26,53.1,53.32,51.6,51.6,26347.0,66526175.0,26.0,26.11,25.25,25.25,True,盛视科技,False
2024-01-29,51.5,52.1,49.5,49.62,23624.0,57311824.0,25.2,25.5,24.2,24.26,True,盛视科技,False
2024-01-30,49.58,50.14,48.58,49.0,24075.0,57659625.0,24.24,24.52,23.74,23.95,True,盛视科技,False
2024-01-31,47.14,48.1,44.84,45.08,44458.0,97763142.0,23.02,23.5,21.87,21.99,True,盛视科技,False
2024-02-01,44.94,45.5,43.76,44.16,44717.0,96275701.0,21.92,22.2,21.33,21.53,True,盛视科技,False
2024-02-02,44.22,45.24,40.32,41.98,46085.0,94197740.0,21.56,22.07,19.61,20.44,True,盛视科技,False
2024-02-05,41.58,42.54,37.9,37.9,61142.0,112501280.0,20.24,20.72,18.4,18.4,True,盛视科技,False
2024-02-06,36.48,39.46,35.16,38.4,70851.0,132137115.0,17.69,19.18,17.03,18.65,True,盛视科技,False
2024-02-07,38.6,41.26,38.08,39.46,63727.0,122228386.0,18.75,20.08,18.49,19.18,True,盛视科技,False
2024-02-08,39.7,42.44,39.52,42.2,78407.0,161126385.0,19.3,20.67,19.21,20.55,True,盛视科技,False
2024-02-19,44.68,46.32,44.0,46.32,88666.0,200473826.0,21.79,22.61,21.45,22.61,True,盛视科技,False
2024-02-20,46.04,46.04,44.28,45.8,75188.0,168045180.0,22.47,22.47,21.59,22.35,True,盛视科技,False
2024-02-21,45.1,47.9,44.72,46.18,66891.0,150772314.0,22.0,23.4,21.81,22.54,True,盛视科技,False
2024-02-22,47.04,48.28,46.36,48.28,68901.0,162537459.0,22.97,23.59,22.63,23.59,True,盛视科技,False
2024-02-23,48.88,53.0,47.86,53.0,84838.0,220154610.0,23.89,25.95,23.38,25.95,True,盛视科技,False
2024-02-26,54.04,54.42,51.2,51.88,145586.0,369642854.0,26.47,26.66,25.05,25.39,True,盛视科技,False
2024-02-27,51.72,53.64,51.16,53.64,91836.0,241253172.0,25.31,26.27,25.03,26.27,True,盛视科技,False
2024-02-28,53.56,55.24,50.04,50.16,114569.0,281037757.0,26.23,27.07,24.47,24.53,True,盛视科技,False
2024-02-29,49.72,52.94,49.46,52.56,72009.0,185279157.0,24.31,25.92,24.18,25.73,True,盛视科技,False
2024-03-01,52.92,54.04,52.0,53.88,66210.0,174728190.0,25.91,26.47,25.45,26.39,True,盛视科技,False
2024-03-04,54.16,54.7,52.02,53.66,55974.0,147099672.0,26.53,26.8,25.46,26.28,True,盛视科技,False
2024-03-05,53.1,53.88,52.32,52.78,47890.0,123747760.0,26.0,26.39,25.61,25.84,True,盛视科技,False
2024-03-06,52.6,53.66,52.2,53.0,44899.0,116512905.0,25.75,26.28,25.55,25.95,True,盛视科技,False
2024-03-07,53.06,53.76,51.42,51.48,45456.0,114503664.0,25.98,26.33,25.16,25.19,True,盛视科技,False
2024-03-08,51.5,52.4,50.94,52.26,35511.0,90837138.0,25.2,25.65,24.92,25.58,True,盛视科技,False
2024-03-11,51.66,52.84,51.36,52.84,32124.0,83104788.0,25.28,25.87,25.13,25.87,True,盛视科技,False
2024-03-12,53.24,54.68,52.3,54.06,65499.0,173441352.0,26.07,26.79,25.6,26.48,True,盛视科技,False
2024-03-13,53.64,54.66,53.24,53.98,50068.0,132379792.0,26.27,26.78,26.07,26.44,True,盛视科技,False
2024-03-14,53.82,54.0,51.92,52.76,45120.0,116544960.0,26.36,26.45,25.41,25.83,True,盛视科技,False
2024-03-15,52.82,55.0,52.0,54.26,66945.0,177939810.0,25.86,26.95,25.45,26.58,True,盛视科技,False
2024-03-18,54.94,55.32,53.92,55.12,66121.0,178592821.0,26.92,27.11,26.41,27.01,True,盛视科技,False
2024-03-19,55.1,55.84,54.5,54.96,50580.0,136211940.0,27.0,27.37,26.7,26.93,True,盛视科技,False
2024-03-20,55.06,56.66,54.48,56.18,69979.0,192722166.0,26.98,27.78,26.69,27.54,True,盛视科技,False
2024-03-21,56.92,57.3,55.24,55.9,70355.0,192772700.0,27.91,28.1,27.07,27.4,True,盛视科技,False
2024-03-22,55.7,56.06,53.96,55.04,55631.0,150036807.0,27.3,27.48,26.43,26.97,True,盛视科技,False
2024-03-25,54.94,55.2,52.7,52.72,43113.0,111274653.0,26.92,27.05,25.8,25.81,True,盛视科技,False
2024-03-26,52.62,53.34,51.02,51.9,42042.0,106786680.0,25.76,26.12,24.96,25.4,True,盛视科技,False
2024-03-27,51.9,52.0,48.72,48.8,40971.0,97715835.0,25.4,25.45,23.81,23.85,True,盛视科技,False
2024-03-28,48.94,52.1,48.8,51.3,43824.0,109998240.0,23.92,25.5,23.85,25.1,True,盛视科技,False
2024-03-29,51.34,51.8,50.28,51.8,29150.0,73895250.0,25.12,25.35,24.59,25.35,True,盛视科技,False
2024-04-01,51.64,52.66,51.6,52.6,29106.0,74947950.0,25.27,25.78,25.25,25.75,True,盛视科技,False
2024-04-02,52.38,52.46,50.7,51.3,28631.0,71863810.0,25.64,25.68,24.8,25.1,True,盛视科技,False
2024-04-03,50.86,51.02,49.24,49.62,24459.0,59337534.00000001,24.88,24.96,24.07,24.26,True,盛视科技,False
2024-04-08,49.78,50.1,48.28,48.3,21963.0,51832680.0,24.34,24.5,23.59,23.6,True,盛视科技,False
2024-04-09,48.5,48.82,47.48,48.7,31677.0,75391260.0,23.7,23.86,23.19,23.8,True,盛视科技,False
2024-04-10,48.58,48.58,46.26,46.8,33330.0,76159050.0,23.74,23.74,22.58,22.85,True,盛视科技,False
2024-04-11,46.16,47.82,46.16,46.86,28286.0,64718368.0,22.53,23.36,22.53,22.88,True,盛视科技,False
2024-04-12,47.08,47.84,46.54,46.84,26824.0,61346488.0,22.99,23.37,22.72,22.87,True,盛视科技,False
2024-04-15,47.3,47.46,43.7,44.96,44615.0,97840695.0,23.1,23.18,21.3,21.93,True,盛视科技,False
2024-04-16,44.66,45.38,42.48,42.48,37927.0,78470963.0,21.78,22.14,20.69,20.69,True,盛视科技,False
2024-04-17,42.72,45.26,42.72,45.2,43710.0,96380550.0,20.81,22.08,20.81,22.05,True,盛视科技,False
2024-04-18,45.1,46.58,44.5,45.4,40934.0,90668810.0,22.0,22.74,21.7,22.15,True,盛视科技,False
2024-04-19,45.04,45.46,43.7,44.4,31325.0,67818625.0,21.97,22.18,21.3,21.65,True,盛视科技,False
2024-04-22,43.64,44.7,42.5,44.08,28339.0,60900510.99999999,21.27,21.8,20.7,21.49,True,盛视科技,False
2024-04-23,44.08,45.3,44.0,44.76,28675.0,62597524.99999999,21.49,22.1,21.45,21.83,True,盛视科技,False
2024-04-24,45.02,46.2,44.7,46.12,34552.0,77776552.0,21.96,22.55,21.8,22.51,True,盛视科技,False
2024-04-25,45.8,46.94,45.62,46.26,33499.0,75640742.0,22.35,22.92,22.26,22.58,True,盛视科技,False
2024-04-26,45.76,47.5,45.76,47.06,35026.0,80489748.0,22.33,23.2,22.33,22.98,True,盛视科技,False
2024-04-29,47.6,48.74,47.6,48.64,40168.0,95479336.0,23.25,23.82,23.25,23.77,True,盛视科技,False
2024-04-30,47.9,48.24,46.7,47.4,48154.0,111476510.0,23.4,23.57,22.8,23.15,True,盛视科技,False
2024-05-06,48.42,48.56,47.46,47.78,37204.0,86834136.0,23.66,23.73,23.18,23.34,True,盛视科技,False
2024-05-07,48.32,48.36,47.28,47.7,29992.0,69881360.0,23.61,23.63,23.09,23.3,True,盛视科技,False
2024-05-08,47.6,47.66,46.22,46.24,27511.0,62092327.0,23.25,23.28,22.56,22.57,True,盛视科技,False
2024-05-09,46.28,47.52,46.28,47.4,29039.0,67225285.0,22.59,23.21,22.59,23.15,True,盛视科技,False
2024-05-10,47.42,47.48,46.1,46.16,27530.0,62025090.0,23.16,23.19,22.5,22.53,True,盛视科技,False
2024-05-13,46.1,46.16,44.62,45.08,31826.0,69985374.0,22.5,22.53,21.76,21.99,True,盛视科技,False
2024-05-14,45.86,47.06,45.4,46.26,33630.0,75936540.0,22.38,22.98,22.15,22.58,True,盛视科技,False
2024-05-15,46.06,46.46,45.14,45.14,29403.0,64745406.0,22.48,22.68,22.02,22.02,True,盛视科技,False
2024-05-16,45.52,46.2,45.3,45.5,26401.0,57554180.0,21.81,22.15,21.7,21.8,True,盛视科技,False
2024-05-17,45.46,46.22,45.18,46.18,21315.0,47191410.0,21.78,22.16,21.64,22.14,True,盛视科技,False
2024-05-20,46.04,46.72,45.54,46.38,23328.0,51881472.0,22.07,22.41,21.82,22.24,True,盛视科技,False
2024-05-21,46.5,46.5,45.72,45.92,17173.0,37797773.0,22.3,22.3,21.91,22.01,True,盛视科技,False
2024-05-22,45.8,46.3,45.54,46.16,16012.0,35434556.0,21.95,22.2,21.82,22.13,True,盛视科技,False
2024-05-23,46.24,46.24,44.74,44.84,22984.0,49346648.0,22.17,22.17,21.42,21.47,True,盛视科技,False
2024-05-24,44.82,45.44,44.02,44.06,18943.0,39931844.0,21.46,21.77,21.06,21.08,True,盛视科技,False
2024-05-27,44.0,44.44,42.9,44.08,23975.0,50563275.0,21.05,21.27,20.5,21.09,True,盛视科技,False
2024-05-28,44.1,44.4,43.34,43.46,16788.0,34885464.0,21.1,21.25,20.72,20.78,True,盛视科技,False
2024-05-29,43.08,43.92,43.08,43.4,16211.0,33637825.0,20.59,21.01,20.59,20.75,True,盛视科技,False
2024-05-30,43.42,44.02,42.62,43.64,17971.0,37505477.0,20.76,21.06,20.36,20.87,True,盛视科技,False
2024-05-31,43.64,45.1,43.56,44.74,24313.0,52078446.00000001,20.87,21.6,20.83,21.42,True,盛视科技,False
2024-06-03,44.44,44.88,43.3,43.72,26366.0,55131306.0,21.27,21.49,20.7,20.91,True,盛视科技,False
2024-06-04,43.58,43.66,42.32,43.12,26330.0,54266130.0,20.84,20.88,20.21,20.61,True,盛视科技,False
2024-06-05,42.64,43.72,42.64,42.82,19863.0,40639698.0,20.37,20.91,20.37,20.46,True,盛视科技,False
2024-06-06,43.26,43.4,40.62,40.96,34368.0,67120704.0,20.68,20.75,19.36,19.53,True,盛视科技,False
2024-06-07,41.2,42.02,41.06,41.68,22877.0,45502353.0,19.65,20.06,19.58,19.89,True,盛视科技,False
2024-06-11,41.14,42.8,40.46,42.46,23039.0,46723092.0,19.62,20.45,19.28,20.28,True,盛视科技,False
2024-06-12,42.46,43.06,42.12,42.62,19498.0,39697928.0,20.28,20.58,20.11,20.36,True,盛视科技,False
2024-06-13,42.7,43.48,42.54,43.04,25888.0,53251616.0,20.4,20.79,20.32,20.57,True,盛视科技,False
2024-06-14,43.0,43.14,42.46,42.94,19236.0,39472272.0,20.55,20.62,20.28,20.52,True,盛视科技,False
2024-06-17,43.32,43.76,42.82,43.24,24970.0,51612990.00000001,20.71,20.93,20.46,20.67,True,盛视科技,False
2024-06-18,43.16,45.38,43.06,45.06,46826.0,101050508.0,20.63,21.74,20.58,21.58,True,盛视科技,False
2024-06-19,45.6,46.38,45.4,45.7,56944.0,124707360.0,21.85,22.24,21.75,21.9,True,盛视科技,False
2024-06-20,46.22,47.48,44.8,44.8,80507.0,172687515.0,22.16,22.79,21.45,21.45,True,盛视科技,False
2024-06-21,44.82,45.28,43.78,44.24,41181.0,87180177.0,21.46,21.69,20.94,21.17,True,盛视科技,False
2024-06-24,43.7,44.18,41.7,41.78,45809.0,91343146.0,20.9,21.14,19.9,19.94,True,盛视科技,False
2024-06-25,42.54,44.52,40.56,41.0,49411.0,96598505.0,20.32,21.31,19.33,19.55,True,盛视科技,False
2024-06-26,40.7,43.5,40.14,43.4,47272.0,98089400.0,19.4,20.8,19.12,20.75,True,盛视科技,False
2024-06-27,43.24,43.5,42.18,42.18,31002.0,62438028.0,20.67,20.8,20.14,20.14,True,盛视科技,False
2024-06-28,42.18,43.24,41.84,42.16,28524.0,57418812.0,20.14,20.67,19.97,20.13,True,盛视科技,False
2024-07-01,41.98,42.16,40.6,41.8,30634.0,61114830.0,20.04,20.13,19.35,19.95,True,盛视科技,False
2024-07-02,41.84,42.38,41.66,41.74,25727.0,51248184.00000001,19.97,20.24,19.88,19.92,True,盛视科技,False
2024-07-03,41.32,42.04,40.82,40.86,22485.0,43800780.0,19.71,20.07,19.46,19.48,True,盛视科技,False
2024-07-04,41.2,41.6,39.5,39.58,29041.0,54713244.0,19.65,19.85,18.8,18.84,True,盛视科技,False
2024-07-05,39.1,40.08,38.96,39.68,22607.0,42704623.0,18.6,19.09,18.53,18.89,True,盛视科技,False
2024-07-08,39.66,39.66,37.92,38.14,23673.0,42895476.0,18.88,18.88,18.01,18.12,True,盛视科技,False
2024-07-09,38.16,39.4,37.38,39.26,29212.0,54568016.0,18.13,18.75,17.74,18.68,True,盛视科技,False
2024-07-10,38.98,40.56,38.92,39.86,28930.0,54909140.0,18.54,19.33,18.51,18.98,True,盛视科技,False
2024-07-11,40.9,41.06,40.1,41.06,27755.0,54344289.99999999,19.5,19.58,19.1,19.58,True,盛视科技,False
2024-07-12,40.98,40.98,40.34,40.5,19946.0,38495780.0,19.54,19.54,19.22,19.3,True,盛视科技,False
2024-07-15,40.5,40.5,39.46,39.66,17869.0,33736672.0,19.3,19.3,18.78,18.88,True,盛视科技,False
2024-07-16,39.8,40.44,39.28,40.3,18688.0,35880960.0,18.95,19.27,18.69,19.2,True,盛视科技,False
2024-07-17,40.3,40.3,39.42,39.42,17630.0,33073880.000000004,19.2,19.2,18.76,18.76,True,盛视科技,False
2024-07-18,39.04,39.12,37.94,38.42,23720.0,43312720.0,18.57,18.61,18.02,18.26,True,盛视科技,False
2024-07-19,38.24,39.4,38.08,39.2,20475.0,38185875.0,18.17,18.75,18.09,18.65,True,盛视科技,False
2024-07-22,39.2,39.8,39.04,39.64,18045.0,34050915.0,18.65,18.95,18.57,18.87,True,盛视科技,False
2024-07-23,39.66,39.88,38.46,38.66,19543.0,35920034.0,18.88,18.99,18.28,18.38,True,盛视科技,False
2024-07-24,38.78,38.78,37.46,37.54,24324.0,43345368.0,18.44,18.44,17.78,17.82,True,盛视科技,False
2024-07-25,37.3,38.36,37.12,38.02,20493.0,37010358.0,17.7,18.23,17.61,18.06,True,盛视科技,False
2024-07-26,38.02,38.72,37.9,38.36,16393.0,29884439.0,18.06,18.41,18.0,18.23,True,盛视科技,False
2024-07-29,38.66,39.4,37.88,38.9,21556.0,39878600.0,18.38,18.75,17.99,18.5,True,盛视科技,False
2024-07-30,38.72,40.1,38.44,39.58,22383.0,42169572.0,18.41,19.1,18.27,18.84,True,盛视科技,False
2024-07-31,39.52,40.88,39.34,40.88,23744.0,46277056.0,18.81,19.49,18.72,19.49,True,盛视科技,False
2024-08-01,40.68,41.24,40.52,40.92,23232.0,45325632.0,19.39,19.67,19.31,19.51,True,盛视科技,False
2024-08-02,40.7,41.08,40.04,40.18,19302.0,36944028.0,19.4,19.59,19.07,19.14,True,盛视科技,False
2024-08-05,40.48,40.48,38.42,38.42,26460.0,48315960.00000001,19.29,19.29,18.26,18.26,True,盛视科技,False
2024-08-06,38.8,39.58,38.64,39.16,14692.0,27371196.0,18.45,18.84,18.37,18.63,True,盛视科技,False
2024-08-07,39.66,39.86,38.6,39.3,14511.0,27135570.0,18.88,18.98,18.35,18.7,True,盛视科技,False
2024-08-08,39.0,39.16,38.24,38.84,14875.0,27474125.0,18.55,18.63,18.17,18.47,True,盛视科技,False
2024-08-09,38.76,39.22,38.32,38.32,13460.0,24510660.0,18.43,18.66,18.21,18.21,True,盛视科技,False
2024-08-12,38.3,38.62,37.82,38.1,11754.0,21274740.0,18.2,18.36,17.96,18.1,True,盛视科技,False
2024-08-13,38.2,38.58,37.96,38.5,11175.0,20450250.0,18.15,18.34,18.03,18.3,True,盛视科技,False
2024-08-14,38.32,38.56,37.98,37.98,9557.0,17240828.0,18.21,18.33,18.04,18.04,True,盛视科技,False
2024-08-15,37.94,39.06,37.5,38.72,16695.0,30735495.0,18.02,18.58,17.8,18.41,True,盛视科技,False
2024-08-16,38.7,39.24,38.7,38.96,14588.0,27031564.0,18.4,18.67,18.4,18.53,True,盛视科技,False
2024-08-19,39.06,39.64,38.62,38.7,17208.0,31662720.0,18.58,18.87,18.36,18.4,True,盛视科技,False
2024-08-20,38.74,38.74,37.38,37.54,15825.0,28200150.0,18.42,18.42,17.74,17.82,True,盛视科技,False
2024-08-21,37.5,38.18,37.36,37.56,12619.0,22499677.0,17.8,18.14,17.73,17.83,True,盛视科技,False
2024-08-22,37.46,38.34,37.02,37.42,23952.0,42538752.00000001,17.78,18.22,17.56,17.76,True,盛视科技,False
2024-08-23,37.42,39.18,37.22,38.58,29706.0,54480804.0,17.76,18.64,17.66,18.34,True,盛视科技,False
2024-08-26,38.86,40.1,38.34,39.4,39183.0,73468125.0,18.48,19.1,18.22,18.75,True,盛视科技,False
2024-08-27,39.24,39.4,38.38,38.46,22737.0,41563236.0,18.67,18.75,18.24,18.28,True,盛视科技,False
2024-08-28,38.34,39.06,37.7,38.9,18462.0,34154700.0,18.22,18.58,17.9,18.5,True,盛视科技,False
2024-08-29,38.6,39.52,38.4,39.46,19297.0,36239766.0,18.35,18.81,18.25,18.78,True,盛视科技,False
2024-08-30,39.42,40.76,39.16,39.88,33263.0,63166436.99999999,18.76,19.43,18.63,18.99,True,盛视科技,False
2024-09-02,39.52,39.86,37.86,37.92,33980.0,61197980.00000001,18.81,18.98,17.98,18.01,True,盛视科技,False
2024-09-03,37.9,38.64,37.64,38.64,26494.0,48669478.0,18.0,18.37,17.87,18.37,True,盛视科技,False
2024-09-04,38.38,38.48,37.76,38.0,18763.0,33867215.0,18.24,18.29,17.93,18.05,True,盛视科技,False
2024-09-05,37.88,38.9,37.88,38.76,19082.0,35168126.0,17.99,18.5,17.99,18.43,True,盛视科技,False
2024-09-06,38.6,39.06,37.76,37.82,19729.0,35433284.0,18.35,18.58,17.93,17.96,True,盛视科技,False
2024-09-09,37.54,37.8,36.64,36.88,22118.0,38684382.0,17.82,17.95,17.37,17.49,True,盛视科技,False
2024-09-10,36.88,38.14,36.08,37.8,26666.0,47865470.0,17.49,18.12,17.09,17.95,True,盛视科技,False
2024-09-11,37.72,37.8,37.28,37.56,13106.0,23367998.0,17.91,17.95,17.69,17.83,True,盛视科技,False
2024-09-12,37.56,38.08,37.42,37.5,12378.0,22032840.0,17.83,18.09,17.76,17.8,True,盛视科技,False
2024-09-13,37.74,37.74,36.54,36.56,13902.0,24092166.0,17.92,17.92,17.32,17.33,True,盛视科技,False
2024-09-18,36.54,36.66,35.4,36.02,15699.0,26782494.0,17.32,17.38,16.75,17.06,True,盛视科技,False
2024-09-19,36.18,37.36,36.02,37.16,21784.0,38405192.0,17.14,17.73,17.06,17.63,True,盛视科技,False
2024-09-20,37.44,40.68,37.2,40.68,61482.0,119213598.0,17.77,19.39,17.65,19.39,True,盛视科技,False
2024-09-23,42.88,43.5,41.3,41.84,142150.0,283873550.0,20.49,20.8,19.7,19.97,True,盛视科技,False
2024-09-24,41.88,42.72,40.7,42.68,115036.0,234558404.0,19.99,20.41,19.4,20.39,True,盛视科技,False
2024-09-25,42.5,43.06,42.02,42.14,96610.0,194379320.0,20.3,20.58,20.06,20.12,True,盛视科技,False
2024-09-26,41.96,42.6,41.7,42.58,65433.0,133090722.0,20.03,20.35,19.9,20.34,True,盛视科技,False
2024-09-27,42.86,44.94,42.78,44.44,89948.0,191319396.0,20.48,21.52,20.44,21.27,True,盛视科技,False
2024-09-30,46.5,48.5,45.06,48.42,108457.0,252270982.00000003,22.3,23.3,21.58,23.26,True,盛视科技,False
2024-10-08,53.06,53.06,48.14,51.88,112909.0,282159591.0,25.58,25.58,23.12,24.99,True,盛视科技,False
2024-10-09,50.7,50.7,46.88,46.88,77262.0,173762238.0,24.4,24.4,22.49,22.49,True,盛视科技,False
2024-10-10,47.34,48.14,45.68,46.36,52652.0,117045396.0,22.72,23.12,21.89,22.23,True,盛视科技,False
2024-10-11,45.88,46.46,43.7,44.26,44540.0,94335720.0,21.99,22.28,20.9,21.18,True,盛视科技,False
2024-10-14,44.3,45.7,43.6,45.52,40523.0,88380663.0,21.2,21.9,20.85,21.81,True,盛视科技,False
2024-10-15,45.52,46.48,44.8,44.8,46404.0,99536580.0,21.81,22.29,21.45,21.45,True,盛视科技,False
2024-10-16,44.24,49.1,44.24,47.9,132945.0,305773500.0,21.17,23.6,21.17,23.0,True,盛视科技,False
2024-10-17,47.1,47.54,46.14,46.36,102263.0,227330649.0,22.6,22.82,22.12,22.23,True,盛视科技,False
2024-10-18,46.0,49.0,45.72,47.7,84432.0,193349280.0,22.05,23.55,21.91,22.9,True,盛视科技,False
2024-10-21,47.9,50.2,47.9,49.16,82702.0,195424826.0,23.0,24.15,23.0,23.63,True,盛视科技,False
2024-10-22,48.96,49.16,47.9,48.28,46397.0,107594643.0,23.53,23.63,23.0,23.19,True,盛视科技,False
2024-10-23,48.04,48.7,47.6,47.76,37681.0,86402533.0,23.07,23.4,22.85,22.93,True,盛视科技,False
2024-10-24,47.5,47.7,46.82,47.1,28125.0,63562500.00000001,22.8,22.9,22.46,22.6,True,盛视科技,False
2024-10-25,48.24,48.24,47.32,47.68,28661.0,65605029.0,23.17,23.17,22.71,22.89,True,盛视科技,False
2024-10-28,47.7,47.78,46.86,47.74,41272.0,94595424.0,22.9,22.94,22.48,22.92,True,盛视科技,False
2024-10-29,48.06,48.26,46.72,46.74,37703.0,84530126.0,23.08,23.18,22.41,22.42,True,盛视科技,False
2024-10-30,46.4,48.08,46.02,46.86,37021.0,83223208.0,22.25,23.09,22.06,22.48,True,盛视科技,False
2024-10-31,46.64,47.06,45.62,46.68,40977.0,91747503.0,22.37,22.58,21.86,22.39,True,盛视科技,False
2024-11-01,46.68,46.82,44.32,44.6,45843.0,97874805.0,22.39,22.46,21.21,21.35,True,盛视科技,False
2024-11-04,44.54,45.78,43.9,45.54,23664.0,51634848.0,21.32,21.94,21.0,21.82,True,盛视科技,False
2024-11-05,45.7,48.2,45.34,47.9,57057.0,131231100.0,21.9,23.15,21.72,23.0,True,盛视科技,False
2024-11-06,48.02,48.46,47.14,47.8,49200.0,112914000.0,23.06,23.28,22.62,22.95,True,盛视科技,False
2024-11-07,47.8,48.5,47.32,48.5,41367.0,96385110.0,22.95,23.3,22.71,23.3,True,盛视科技,False
2024-11-08,48.76,50.02,48.68,48.76,48908.0,114591444.0,23.43,24.06,23.39,23.43,True,盛视科技,False
2024-11-11,48.92,51.88,48.92,51.02,64279.0,157869224.0,23.51,24.99,23.51,24.56,True,盛视科技,False
2024-11-12,51.1,51.78,49.72,50.22,53178.0,128478048.0,24.6,24.94,23.91,24.16,True,盛视科技,False
2024-11-13,49.72,50.58,49.26,50.56,31906.0,77627298.0,23.91,24.34,23.68,24.33,True,盛视科技,False
2024-11-14,50.62,51.14,49.2,49.22,37945.0,89777870.0,24.36,24.62,23.65,23.66,True,盛视科技,False
2024-11-15,49.28,50.96,48.7,48.76,39124.0,91667532.0,23.69,24.53,23.4,23.43,True,盛视科技,False
2024-11-18,48.98,49.4,46.62,46.92,35627.0,80196377.0,23.54,23.75,22.36,22.51,True,盛视科技,False
2024-11-19,47.22,48.44,46.86,48.4,26963.0,62688975.0,22.66,23.27,22.48,23.25,True,盛视科技,False
2024-11-20,48.14,50.0,48.1,49.56,34829.0,82997507.0,23.12,24.05,23.1,23.83,True,盛视科技,False
2024-11-21,49.54,49.92,48.66,49.3,24175.0,57294750.0,23.82,24.01,23.38,23.7,True,盛视科技,False
2024-11-22,49.16,50.9,48.02,48.12,54201.0,125258511.0,23.63,24.5,23.06,23.11,True,盛视科技,False
2024-11-25,48.6,48.98,47.36,48.4,35996.0,83690700.0,23.35,23.54,22.73,23.25,True,盛视科技,False
2024-11-26,48.32,49.0,47.44,47.44,24546.0,55891242.0,23.21,23.55,22.77,22.77,True,盛视科技,False
2024-11-27,47.18,49.52,45.9,49.46,39184.0,93179552.0,22.64,23.81,22.0,23.78,True,盛视科技,False
2024-11-28,49.66,51.62,49.5,49.58,47227.0,112589168.0,23.88,24.86,23.8,23.84,True,盛视科技,False
2024-11-29,49.58,50.42,48.94,50.16,35583.0,85861779.0,23.84,24.26,23.52,24.13,True,盛视科技,False
2024-12-02,50.14,51.5,49.76,50.88,51447.0,125993703.0,24.12,24.8,23.93,24.49,True,盛视科技,False
2024-12-03,50.86,54.42,49.92,53.94,119967.0,312154134.0,24.48,26.26,24.01,26.02,True,盛视科技,False
2024-12-04,53.56,56.5,52.36,52.8,101574.0,258505830.0,25.83,27.3,25.23,25.45,True,盛视科技,False
2024-12-05,52.76,54.06,52.52,54.06,89117.0,232417136.0,25.43,26.08,25.31,26.08,True,盛视科技,False
2024-12-06,54.18,54.56,52.68,53.44,59024.0,152104848.0,26.14,26.33,25.39,25.77,True,盛视科技,False
2024-12-09,53.46,58.6,51.64,56.34,133403.0,363122966.0,25.78,28.35,24.87,27.22,True,盛视科技,False
2024-12-10,57.54,58.1,55.9,57.7,139447.0,389057130.0,27.82,28.1,27.0,27.9,True,盛视科技,False
2024-12-11,57.9,58.08,56.04,57.5,81765.0,227306700.0,28.0,28.09,27.07,27.8,True,盛视科技,False
2024-12-12,57.52,58.5,56.8,57.58,75220.0,209412480.0,27.81,28.3,27.45,27.84,True,盛视科技,False
2024-12-13,57.3,57.3,54.34,54.46,77582.0,203885496.0,27.7,27.7,26.22,26.28,True,盛视科技,False
2024-12-16,54.38,54.5,52.44,52.8,58045.0,147724525.0,26.24,26.3,25.27,25.45,True,盛视科技,False
2024-12-17,52.54,52.82,50.54,50.7,38912.0,94945280.0,25.32,25.46,24.32,24.4,True,盛视科技,False
2024-12-18,51.4,52.12,50.4,52.12,37866.0,95081526.0,24.75,25.11,24.25,25.11,True,盛视科技,False
2024-12-19,52.48,55.5,52.32,54.46,88426.0,232383528.0,25.29,26.8,25.21,26.28,True,盛视科技,False
2024-12-20,53.22,55.1,52.94,54.26,52399.0,137180582.0,25.66,26.6,25.52,26.18,True,盛视科技,False
2024-12-23,54.2,54.2,50.94,51.12,42400.0,104346400.0,26.15,26.15,24.52,24.61,True,盛视科技,False
2024-12-24,51.9,52.36,50.66,51.82,26420.0,65944320.0,25.0,25.23,24.38,24.96,True,盛视科技,False
2024-12-25,51.38,51.6,49.9,50.46,24695.0,59959460.0,24.74,24.85,24.0,24.28,True,盛视科技,False
2024-12-26,50.3,51.66,50.3,51.16,20881.0,51429903.0,24.2,24.88,24.2,24.63,True,盛视科技,False
2024-12-27,51.16,51.7,50.52,50.76,24545.0,59963435.0,24.63,24.9,24.31,24.43,True,盛视科技,False
2024-12-30,50.78,51.22,49.66,50.5,20533.0,49895190.0,24.44,24.66,23.88,24.3,True,盛视科技,False
2024-12-31,50.22,50.68,48.24,48.24,27127.0,62853259.00000001,24.16,24.39,23.17,23.17,True,盛视科技,False
2025-01-02,48.24,48.28,45.74,46.28,29319.0,65058861.00000001,23.17,23.19,21.92,22.19,True,盛视科技,False
2025-01-03,46.44,46.58,44.28,44.34,24391.0,51757702.0,22.27,22.34,21.19,21.22,True,盛视科技,False
2025-01-06,43.94,44.74,43.24,44.28,17748.0,37608012.0,21.02,21.42,20.67,21.19,True,盛视科技,False
2025-01-07,44.54,45.4,44.28,45.36,18699.0,40632927.0,21.32,21.75,21.19,21.73,True,盛视科技,False
2025-01-08,45.24,45.42,43.34,44.86,23338.0,50130024.0,21.67,21.76,20.72,21.48,True,盛视科技,False
2025-01-09,44.66,46.0,44.32,45.7,22879.0,50105010.0,21.38,22.05,21.21,21.9,True,盛视科技,False
2025-01-10,45.5,47.6,45.12,45.56,32951.0,71932033.0,21.8,22.85,21.61,21.83,True,盛视科技,False
2025-01-13,45.32,46.12,44.1,45.98,17578.0,38741912.0,21.71,22.11,21.1,22.04,True,盛视科技,False
2025-01-14,46.12,48.48,45.88,48.42,36842.0,85694492.0,22.11,23.29,21.99,23.26,True,盛视科技,False
2025-01-15,48.34,48.5,47.66,47.76,23115.0,53002695.0,23.22,23.3,22.88,22.93,True,盛视科技,False
2025-01-16,47.84,48.6,46.14,46.62,33842.0,75670712.0,22.97,23.35,22.12,22.36,True,盛视科技,False
2025-01-17,46.24,47.18,46.16,46.7,21321.0,47759040.0,22.17,22.64,22.13,22.4,True,盛视科技,False
2025-01-20,47.14,47.36,46.5,46.86,17666.0,39713168.0,22.62,22.73,22.3,22.48,True,盛视科技,False
2025-01-21,47.04,47.3,46.24,47.28,18968.0,43038392.0,22.57,22.7,22.17,22.69,True,盛视科技,False
2025-01-22,46.9,47.22,46.3,46.46,15102.0,33647256.0,22.5,22.66,22.2,22.28,True,盛视科技,False
2025-01-23,47.04,48.28,46.88,47.36,29361.0,66737553.0,22.57,23.19,22.49,22.73,True,盛视科技,False
2025-01-24,47.12,48.8,47.12,48.68,32347.0,75659633.0,22.61,23.45,22.61,23.39,True,盛视科技,False
2025-01-27,49.1,50.1,48.44,48.76,31496.0,73795128.0,23.6,24.1,23.27,23.43,True,盛视科技,False
2025-02-05,49.72,51.14,49.54,50.82,51317.0,125521382.0,23.91,24.62,23.82,24.46,True,盛视科技,False
2025-02-06,50.62,51.72,50.5,51.7,51022.0,127044780.0,24.36,24.91,24.3,24.9,True,盛视科技,False
2025-02-07,51.7,52.92,51.26,52.06,56662.0,142108296.0,24.9,25.51,24.68,25.08,True,盛视科技,False
2025-02-10,52.06,54.28,51.9,54.04,78850.0,205561950.0,25.08,26.19,25.0,26.07,True,盛视科技,False
2025-02-11,53.7,54.46,53.3,53.74,43927.0,113858784.0,25.9,26.28,25.7,25.92,True,盛视科技,False
2025-02-12,53.5,54.86,53.42,54.42,38412.0,100869912.0,25.8,26.48,25.76,26.26,True,盛视科技,False
2025-02-13,54.2,54.64,53.26,53.32,40245.0,103469895.0,26.15,26.37,25.68,25.71,True,盛视科技,False
2025-02-14,53.32,58.46,52.88,58.46,104159.0,294561652.0,25.71,28.28,25.49,28.28,True,盛视科技,False
2025-02-17,61.9,61.9,57.52,58.12,146219.0,411021609.0,30.0,30.0,27.81,28.11,True,盛视科技,False
2025-02-18,57.56,58.66,55.78,56.2,71476.0,194057340.0,27.83,28.38,26.94,27.15,True,盛视科技,False
2025-02-19,55.96,58.38,55.9,57.6,65527.0,182492695.0,27.03,28.24,27.0,27.85,True,盛视科技,False
2025-02-20,58.38,63.18,57.62,63.18,132081.0,404696184.0,28.24,30.64,27.86,30.64,True,盛视科技,False
2025-02-21,64.5,69.3,63.66,69.3,236314.0,796378180.0000001,31.3,33.7,30.88,33.7,True,盛视科技,False
2025-02-24,69.3,69.3,62.58,64.6,207816.0,651503160.0,33.7,33.7,30.34,31.35,True,盛视科技,False
2025-02-25,63.9,69.26,63.5,67.54,161203.0,529068246.0,31.0,33.68,30.8,32.82,True,盛视科技,False
2025-02-26,66.5,67.18,64.56,65.22,123184.0,390000544.0,32.3,32.64,31.33,31.66,True,盛视科技,False
2025-02-27,65.22,65.5,62.26,63.98,83413.0,258913952.0,31.66,31.8,30.18,31.04,True,盛视科技,False
2025-02-28,62.92,64.08,58.8,58.96,76536.0,218357208.0,30.51,31.09,28.45,28.53,True,盛视科技,False
2025-03-03,59.3,61.6,58.52,59.82,55269.0,160059024.0,28.7,29.85,28.31,28.96,True,盛视科技,False
2025-03-04,59.92,62.38,59.5,61.48,60070.0,178948530.0,29.01,30.24,28.8,29.79,True,盛视科技,False
2025-03-05,61.1,62.0,60.38,61.62,41977.0,125343322.0,29.6,30.05,29.24,29.86,True,盛视科技,False
2025-03-06,62.3,64.98,62.08,63.32,64418.0,197827678.0,30.2,31.54,30.09,30.71,True,盛视科技,False
2025-03-07,62.92,64.32,61.94,62.48,44744.0,135529576.0,30.51,31.21,30.02,30.29,True,盛视科技,False
2025-03-10,62.46,62.48,60.84,61.36,35077.0,104283921.0,30.28,30.29,29.47,29.73,True,盛视科技,False
2025-03-11,60.24,63.64,59.9,61.48,47199.0,140605821.0,29.17,30.87,29.0,29.79,True,盛视科技,False
2025-03-12,61.96,62.22,61.06,61.2,43275.0,128310375.0,30.03,30.16,29.58,29.65,True,盛视科技,False
2025-03-13,61.22,61.22,58.62,59.36,40067.0,115112491.0,29.66,29.66,28.36,28.73,True,盛视科技,False
2025-03-14,59.14,64.9,59.14,64.46,86180.0,269571040.0,28.62,31.5,28.62,31.28,True,盛视科技,False
2025-03-17,64.9,70.72,64.9,70.72,115798.0,398460918.0,31.5,34.41,31.5,34.41,True,盛视科技,False
2025-03-18,70.8,71.86,65.9,66.82,218805.0,710241030.0,34.45,34.98,32.0,32.46,True,盛视科技,False
2025-03-19,66.3,66.34,63.94,64.2,101669.0,316698935.0,32.2,32.22,31.02,31.15,True,盛视科技,False
2025-03-20,64.3,64.8,63.12,63.28,61093.0,187494417.0,31.2,31.45,30.61,30.69,True,盛视科技,False
2025-03-21,62.6,62.68,60.36,60.44,63312.0,185314224.0,30.35,30.39,29.23,29.27,True,盛视科技,False
2025-03-24,60.48,65.66,60.06,65.66,130548.0,416187024.0,29.29,31.88,29.08,31.88,True,盛视科技,False
2025-03-25,65.3,65.38,60.9,61.22,77204.0,228987064.0,31.7,31.74,29.5,29.66,True,盛视科技,False
2025-03-26,61.12,63.66,61.12,61.52,39163.0,116744903.0,29.61,30.88,29.61,29.81,True,盛视科技,False
2025-03-27,61.52,64.82,59.8,59.96,63213.0,183507339.0,29.81,31.46,28.95,29.03,True,盛视科技,False
2025-03-28,59.7,60.26,58.3,58.34,38830.0,109578260.0,28.9,29.18,28.2,28.22,True,盛视科技,False
2025-03-31,57.7,59.06,56.96,58.72,34753.0,98733273.0,27.9,28.58,27.53,28.41,True,盛视科技,False
2025-04-01,58.8,59.22,57.56,58.04,27581.0,77419867.0,28.45,28.66,27.83,28.07,True,盛视科技,False
2025-04-02,58.0,62.5,57.96,61.78,79687.0,238582878.0,28.05,30.3,28.03,29.94,True,盛视科技,False
2025-04-03,60.5,62.06,59.42,60.36,39298.0,114868054.0,29.3,30.08,28.76,29.23,True,盛视科技,False
2025-04-07,56.9,57.72,54.52,54.52,35115.0,92387565.0,27.5,27.91,26.31,26.31,True,盛视科技,False
2025-04-08,54.06,54.06,49.58,50.96,76738.0,188238314.0,26.08,26.08,23.84,24.53,True,盛视科技,False
2025-04-09,49.6,51.9,46.5,51.5,57356.0,142242880.0,23.85,25.0,22.3,24.8,True,盛视科技,False
2025-04-10,52.82,54.9,52.5,54.06,52161.0,136035888.0,25.46,26.5,25.3,26.08,True,盛视科技,False
2025-04-11,53.38,55.86,53.18,55.4,34529.0,92365075.0,25.74,26.98,25.64,26.75,True,盛视科技,False
2025-04-14,55.8,59.1,55.22,57.56,59012.0,164230396.0,26.95,28.6,26.66,27.83,True,盛视科技,False
2025-04-15,57.56,59.16,56.74,57.84,50121.0,140188437.0,27.83,28.63,27.42,27.97,True,盛视科技,False
2025-04-16,57.22,58.9,56.34,58.6,70718.0,200485530.0,27.66,28.5,27.22,28.35,True,盛视科技,False
2025-04-17,57.7,60.74,57.7,59.2,49322.0,141307530.0,27.9,29.42,27.9,28.65,True,盛视科技,False
2025-04-18,59.22,61.0,58.9,60.6,46645.0,136903075.0,28.66,29.55,28.5,29.35,True,盛视科技,False
2025-04-21,61.22,61.36,58.94,60.9,37612.0,110955400.0,29.66,29.73,28.52,29.5,True,盛视科技,False
2025-04-22,60.5,61.06,57.96,58.6,52706.0,149421510.0,29.3,29.58,28.03,28.35,True,盛视科技,False
2025-04-23,58.38,59.6,57.64,58.62,44030.0,124869080.0,28.24,28.85,27.87,28.36,True,盛视科技,False
2025-04-24,58.14,58.62,56.9,57.44,29483.0,81874291.0,28.12,28.36,27.5,27.77,True,盛视科技,False
2025-04-25,59.22,59.84,57.66,58.02,29622.0,83119332.0,28.66,28.97,27.88,28.06,True,盛视科技,False
2025-04-28,57.46,58.62,57.1,57.42,29466.0,81797616.0,27.78,28.36,27.6,27.76,True,盛视科技,False
2025-04-29,56.52,58.3,55.5,57.96,27954.0,78355062.0,27.31,28.2,26.8,28.03,True,盛视科技,False
2025-04-30,57.96,58.9,57.52,58.2,21869.0,61561235.0,28.03,28.5,27.81,28.15,True,盛视科技,False
2025-05-06,57.48,57.48,54.24,56.68,93086.0,254962554.0,27.79,27.79,26.17,27.39,True,盛视科技,False
2025-05-07,57.0,58.14,56.26,56.86,55693.0,153044364.0,27.55,28.12,27.18,27.48,True,盛视科技,False
2025-05-08,56.6,58.4,56.3,58.12,45792.0,128721312.0,27.35,28.25,27.2,28.11,True,盛视科技,False
2025-05-09,57.88,57.9,55.1,55.24,55046.0,146807682.0,27.99,28.0,26.6,26.67,True,盛视科技,False
2025-05-12,55.9,57.24,55.88,56.82,38100.0,104622600.0,27.0,27.67,26.99,27.46,True,盛视科技,False
2025-05-13,57.26,57.5,56.18,56.3,27875.0,75820000.0,27.68,27.8,27.14,27.2,True,盛视科技,False
2025-05-14,56.46,56.88,55.22,55.5,33236.0,89072480.0,27.28,27.49,26.66,26.8,True,盛视科技,False
2025-05-15,55.28,55.44,53.3,53.54,36874.0,95208668.0,26.69,26.77,25.7,25.82,True,盛视科技,False
2025-05-16,53.64,54.86,53.38,54.08,20423.0,52854724.0,25.66,26.27,25.53,25.88,True,盛视科技,False
2025-05-19,54.14,59.26,53.38,59.26,77173.0,219711531.0,25.91,28.47,25.53,28.47,True,盛视科技,False
2025-05-20,60.94,64.22,59.5,60.72,235773.0,688457160.0,29.31,30.95,28.59,29.2,True,盛视科技,False
2025-05-21,59.0,59.66,56.76,58.02,152352.0,424300320.0,28.34,28.67,27.22,27.85,True,盛视科技,False
2025-05-22,57.78,63.6,57.32,63.6,221546.0,678816944.0,27.73,30.64,27.5,30.64,True,盛视科技,False
2025-05-23,64.2,64.72,60.52,62.58,257864.0,776944232.0,30.94,31.2,29.1,30.13,True,盛视科技,False
2025-05-26,62.28,63.26,60.22,60.76,162185.0,473904570.0,29.98,30.47,28.95,29.22,True,盛视科技,False
2025-05-27,61.38,61.52,59.74,61.12,118199.0,347505060.0,29.53,29.6,28.71,29.4,True,盛视科技,False
2025-05-28,60.72,64.88,60.54,63.62,183637.0,562847405.0,29.2,31.28,29.11,30.65,True,盛视科技,False
2025-05-29,62.36,63.02,61.12,62.68,121091.0,365452638.0,30.02,30.35,29.4,30.18,True,盛视科技,False
2025-05-30,61.88,62.22,59.32,59.74,96211.0,276221781.0,29.78,29.95,28.5,28.71,True,盛视科技,False
2025-06-03,58.52,59.88,58.32,59.86,58432.0,168108864.0,28.1,28.78,28.0,28.77,True,盛视科技,False
2025-06-04,60.04,60.22,59.04,60.16,54221.0,156807132.0,28.86,28.95,28.36,28.92,True,盛视科技,False
2025-06-05,60.04,60.54,59.28,60.48,57512.0,167244896.0,28.86,29.11,28.48,29.08,True,盛视科技,False
2025-06-06,60.22,61.66,59.68,61.26,75150.0,221467050.0,28.95,29.67,28.68,29.47,True,盛视科技,False
2025-06-09,61.1,62.56,60.6,61.7,71452.0,212140988.0,29.39,30.12,29.14,29.69,True,盛视科技,False
2025-06-10,61.52,62.38,58.78,59.92,81165.0,233755200.0,29.6,30.03,28.23,28.8,True,盛视科技,False
2025-06-11,59.76,60.52,59.08,59.36,45635.0,130151020.0,28.72,29.1,28.38,28.52,True,盛视科技,False
2025-06-12,59.08,59.18,57.58,57.76,67641.0,187500852.0,28.38,28.43,27.63,27.72,True,盛视科技,False
2025-06-13,57.78,57.88,56.2,56.68,60506.0,164455308.0,27.73,27.78,26.94,27.18,True,盛视科技,False
2025-06-16,56.12,57.14,56.1,57.12,27743.0,76015820.0,26.9,27.41,26.89,27.4,True,盛视科技,False
2025-06-17,57.12,58.64,56.78,57.86,46855.0,130116335.0,27.4,28.16,27.23,27.77,True,盛视科技,False
2025-06-18,57.52,59.32,56.68,59.32,63638.0,181368300.0,27.6,28.5,27.18,28.5,True,盛视科技,False
2025-06-19,59.52,62.88,59.38,59.86,155933.0,448619241.0,28.6,30.28,28.53,28.77,True,盛视科技,False
2025-06-20,59.34,60.12,56.96,58.88,84511.0,238997108.0,28.51,28.9,27.32,28.28,True,盛视科技,False
2025-06-23,58.04,58.48,56.58,57.9,55436.0,154056644.0,27.86,28.08,27.13,27.79,True,盛视科技,False
2025-06-24,57.9,60.9,57.9,60.22,80600.0,233337000.0,27.79,29.29,27.79,28.95,True,盛视科技,False
2025-06-25,60.22,61.8,60.12,60.88,65780.0,192603840.0,28.95,29.74,28.9,29.28,True,盛视科技,False
2025-06-26,60.72,61.26,59.92,60.14,50434.0,145804694.0,29.2,29.47,28.8,28.91,True,盛视科技,False
2025-06-27,60.04,60.54,59.92,60.04,40747.0,117595842.0,28.86,29.11,28.8,28.86,True,盛视科技,False
2025-06-30,60.06,62.16,59.78,60.94,56873.0,166694763.0,28.87,29.92,28.73,29.31,True,盛视科技,False
2025-07-01,60.94,62.32,59.96,60.56,45340.0,132030080.0,29.31,30.0,28.82,29.12,True,盛视科技,False
2025-07-02,60.34,60.56,58.88,59.74,36546.0,104923566.0,29.01,29.12,28.28,28.71,True,盛视科技,False
2025-07-03,59.72,61.18,59.48,60.76,42253.0,123463266.0,28.7,29.43,28.58,29.22,True,盛视科技,False
2025-07-04,60.74,60.76,59.7,59.84,36113.0,103860988.0,29.21,29.22,28.69,28.76,True,盛视科技,False
2025-07-07,60.06,62.12,59.2,60.8,59793.0,174834732.0,28.87,29.9,28.44,29.24,True,盛视科技,False
2025-07-08,61.72,62.3,60.32,61.04,61395.0,180255720.0,29.7,29.99,29.0,29.36,True,盛视科技,False
2025-07-09,60.92,64.32,60.72,63.22,138262.0,421007790.0,29.3,31.0,29.2,30.45,True,盛视科技,False
2025-07-10,62.48,64.32,62.0,64.28,109435.0,339029630.0,30.08,31.0,29.84,30.98,True,盛视科技,False
2025-07-11,65.66,65.88,61.94,62.26,149203.0,447161391.0,31.67,31.78,29.81,29.97,True,盛视科技,False
2025-07-14,61.76,68.26,61.76,66.46,220729.0,707877903.0,29.72,32.97,29.72,32.07,True,盛视科技,False
2025-07-15,64.88,65.62,62.94,63.8,154095.0,473688030.0,31.28,31.65,30.31,30.74,True,盛视科技,False
2025-07-16,65.32,67.64,64.48,66.58,147284.0,473223492.00000006,31.5,32.66,31.08,32.13,True,盛视科技,False
2025-07-17,66.66,71.28,66.66,69.28,163453.0,547240644.0,32.17,34.48,32.17,33.48,True,盛视科技,False
2025-07-18,69.66,70.64,67.7,68.42,115560.0,381925800.0,33.67,34.16,32.69,33.05,True,盛视科技,False
2025-07-21,67.9,69.9,66.94,67.6,100769.0,328910016.0,32.79,33.79,32.31,32.64,True,盛视科技,False
2025-07-22,67.06,67.28,64.96,65.6,95447.0,301994308.0,32.37,32.48,31.32,31.64,True,盛视科技,False
2025-07-23,65.62,68.3,64.92,67.92,107976.0,354161279.99999994,31.65,32.99,31.3,32.8,True,盛视科技,False
2025-07-24,67.12,72.22,66.46,70.16,132962.0,451007104.0,32.4,34.95,32.07,33.92,True,盛视科技,False
2025-07-25,70.34,70.72,69.18,69.8,62438.0,210665812.0,34.01,34.2,33.43,33.74,True,盛视科技,False
2025-07-28,69.32,69.72,66.94,68.66,68505.0,227231085.0,33.5,33.7,32.31,33.17,True,盛视科技,False
2025-07-29,68.08,68.38,67.02,67.8,52573.0,172124002.0,32.88,33.03,32.35,32.74,True,盛视科技,False
2025-07-30,67.64,67.64,65.68,66.38,53681.0,171940243.0,32.66,32.66,31.68,32.03,True,盛视科技,False
2025-07-31,66.22,67.3,65.62,65.96,47093.0,149849926.0,31.95,32.49,31.65,31.82,True,盛视科技,False
2025-08-01,66.08,66.32,64.82,65.92,37154.0,118149720.0,31.88,32.0,31.25,31.8,True,盛视科技,False
2025-08-04,65.9,66.9,65.76,66.38,30672.0,98242416.0,31.79,32.29,31.72,32.03,True,盛视科技,False
2025-08-05,66.92,67.76,66.34,66.72,42772.0,137725840.0,32.3,32.72,32.01,32.2,True,盛视科技,False
2025-08-06,66.42,68.12,65.84,67.22,46043.0,149409535.0,32.05,32.9,31.76,32.45,True,盛视科技,False
2025-08-07,66.56,67.48,65.48,65.72,52096.0,165144320.0,32.12,32.58,31.58,31.7,True,盛视科技,False
2025-08-08,65.72,65.9,63.9,64.38,44597.0,138384491.0,31.7,31.79,30.79,31.03,True,盛视科技,False
2025-08-11,64.42,65.76,64.42,65.3,33247.0,104694803.0,31.05,31.72,31.05,31.49,True,盛视科技,False
2025-08-12,65.12,65.52,63.56,63.76,47759.0,146715648.0,31.4,31.6,30.62,30.72,True,盛视科技,False
2025-08-13,64.34,64.48,62.96,63.96,49541.0,152685362.0,31.01,31.08,30.32,30.82,True,盛视科技,False
2025-08-14,64.22,64.58,63.14,63.58,53786.0,164746518.0,30.95,31.13,30.41,30.63,True,盛视科技,False
2025-08-15,63.96,67.32,63.94,66.6,96080.0,308801120.0,30.82,32.5,30.81,32.14,True,盛视科技,False
2025-08-18,67.3,67.68,66.14,66.56,83845.0,269310140.0,32.49,32.68,31.91,32.12,True,盛视科技,False
2025-08-19,66.92,68.32,66.32,67.0,82003.0,265197702.00000003,32.3,33.0,32.0,32.34,True,盛视科技,False
2025-08-20,67.48,67.96,66.18,67.78,65027.0,212833371.0,32.58,32.82,31.93,32.73,True,盛视科技,False
2025-08-21,68.32,68.36,66.46,66.86,47948.0,154728196.00000003,33.0,33.02,32.07,32.27,True,盛视科技,False
2025-08-22,67.52,68.46,66.96,67.18,61175.0,198390525.0,32.6,33.07,32.32,32.43,True,盛视科技,False
2025-08-25,69.76,69.76,67.02,67.38,73249.0,238278997.0,33.72,33.72,32.35,32.53,True,盛视科技,False
2025-08-26,66.42,67.62,65.52,66.34,67021.0,214534221.0,32.05,32.65,31.6,32.01,True,盛视科技,False
2025-08-27,66.56,67.02,64.18,64.18,70044.0,216646092.0,32.12,32.35,30.93,30.93,True,盛视科技,False
2025-08-28,63.74,64.92,61.08,63.62,84457.0,258860705.0,30.71,31.3,29.38,30.65,True,盛视科技,False
2025-08-29,63.32,64.0,62.92,63.16,43159.0,131289678.0,30.5,30.84,30.3,30.42,True,盛视科技,False
2025-09-01,63.44,64.02,62.82,63.24,38431.0,117060826.0,30.56,30.85,30.25,30.46,True,盛视科技,False
2025-09-02,63.38,63.38,60.98,61.86,46741.0,139147957.0,30.53,30.53,29.33,29.77,True,盛视科技,False
2025-09-03,61.86,62.46,60.24,60.6,33452.0,97479128.0,29.77,30.07,28.96,29.14,True,盛视科技,False
2025-09-04,60.64,61.04,58.8,59.64,32279.0,92511614.0,29.16,29.36,28.24,28.66,True,盛视科技,False
2025-09-05,59.82,61.06,59.36,60.88,33020.0,96682560.0,28.75,29.37,28.52,29.28,True,盛视科技,False
2025-09-08,60.92,61.78,60.4,61.6,29853.0,88484292.0,29.3,29.73,29.04,29.64,True,盛视科技,False
2025-09-09,61.52,61.94,60.4,60.52,25716.0,74833560.0,29.6,29.81,29.04,29.1,True,盛视科技,False
2025-09-10,60.46,60.88,60.16,60.26,18241.0,52844177.0,29.07,29.28,28.92,28.97,True,盛视科技,False
2025-09-11,60.42,61.58,59.8,61.22,26166.0,77058870.0,29.05,29.63,28.74,29.45,True,盛视科技,False
2025-09-12,61.52,61.88,60.86,61.06,22283.0,65445171.0,29.6,29.78,29.27,29.37,True,盛视科技,False
2025-09-15,62.12,63.7,61.5,62.68,46568.0,140542224.0,29.9,30.69,29.59,30.18,True,盛视科技,False
2025-09-16,62.32,63.64,62.12,63.18,32139.0,97798977.0,30.0,30.66,29.9,30.43,True,盛视科技,False
2025-09-17,63.1,63.16,62.46,62.72,21976.0,66367520.0,30.39,30.42,30.07,30.2,True,盛视科技,False
2025-09-18,62.32,62.7,60.44,61.0,37860.0,111081240.0,30.0,30.19,29.06,29.34,True,盛视科技,False
2025-09-19,61.14,61.18,59.58,59.98,26043.0,75081969.0,29.41,29.43,28.63,28.83,True,盛视科技,False
2025-09-22,60.18,60.34,59.26,59.66,18065.0,51792355.0,28.93,29.01,28.47,28.67,True,盛视科技,False
2025-09-23,59.52,59.52,57.34,58.64,30300.0,85324800.0,28.6,28.6,27.51,28.16,True,盛视科技,False
2025-09-24,58.62,60.04,58.3,60.02,23912.0,68986120.0,28.15,28.86,27.99,28.85,True,盛视科技,False
2025-09-25,60.02,60.64,59.5,59.78,19936.0,57276128.0,28.85,29.16,28.59,28.73,True,盛视科技,False
2025-09-26,57.38,57.9,56.34,56.52,51865.0,140554150.0,27.53,27.79,27.01,27.1,True,盛视科技,False
2025-09-29,56.7,57.72,56.32,56.64,30367.0,82476772.0,27.19,27.7,27.0,27.16,True,盛视科技,False
2025-09-30,56.98,57.52,56.82,57.3,18445.0,50705305.0,27.33,27.6,27.25,27.49,True,盛视科技,False
2025-10-09,57.5,58.16,57.04,57.66,22096.0,61139632.00000001,27.59,27.92,27.36,27.67,True,盛视科技,False
2025-10-10,57.52,58.32,57.32,57.88,20588.0,57193464.0,27.6,28.0,27.5,27.78,True,盛视科技,False
2025-10-13,56.32,58.06,54.9,58.02,26369.0,73437665.0,27.0,27.87,26.29,27.85,True,盛视科技,False
2025-10-14,57.92,58.24,56.76,56.92,18532.0,50592360.0,27.8,27.96,27.22,27.3,True,盛视科技,False
2025-10-15,57.3,57.48,56.3,57.04,17586.0,48115296.0,27.49,27.58,26.99,27.36,True,盛视科技,False
2025-10-16,57.12,58.04,56.42,57.66,20931.0,57916077.0,27.4,27.86,27.05,27.67,True,盛视科技,False
2025-10-17,57.66,60.26,56.72,59.56,65064.0,186213168.0,27.67,28.97,27.2,28.62,True,盛视科技,False
2025-10-20,60.32,60.92,59.24,59.54,42395.0,121292095.0,29.0,29.3,28.46,28.61,True,盛视科技,False
2025-10-21,59.34,60.02,58.82,59.64,26919.0,77149854.0,28.51,28.85,28.25,28.66,True,盛视科技,False
2025-10-22,59.32,60.22,59.32,59.38,18084.0,51593652.0,28.5,28.95,28.5,28.53,True,盛视科技,False
2025-10-23,59.32,59.48,57.88,58.66,20861.0,58765437.0,28.5,28.58,27.78,28.17,True,盛视科技,False
2025-10-24,58.68,59.32,58.42,58.94,14144.0,40041664.0,28.18,28.5,28.05,28.31,True,盛视科技,False
2025-10-27,59.28,60.92,58.92,59.72,29011.0,83261570.0,28.48,29.3,28.3,28.7,True,盛视科技,False
2025-10-28,59.48,60.0,59.22,59.6,18770.0,53757280.0,28.58,28.84,28.45,28.64,True,盛视科技,False
2025-10-29,59.6,59.64,58.92,59.14,14710.0,41791110.0,28.64,28.66,28.3,28.41,True,盛视科技,False
2025-10-30,59.14,59.44,58.58,58.64,19884.0,55993344.0,28.41,28.56,28.13,28.16,True,盛视科技,False
2025-10-31,58.52,62.48,58.52,61.34,73210.0,216042710.0,28.1,30.08,28.1,29.51,True,盛视科技,False
2025-11-03,61.34,62.26,60.92,61.86,37522.0,111702994.0,29.51,29.97,29.3,29.77,True,盛视科技,False
2025-11-04,61.96,62.82,61.48,62.18,33827.0,101244211.0,29.82,30.25,29.58,29.93,True,盛视科技,False
2025-11-05,61.64,62.64,61.62,62.2,23897.0,71547618.0,29.66,30.16,29.65,29.94,True,盛视科技,False
2025-11-06,62.2,62.98,61.46,62.66,30545.0,92154265.0,29.94,30.33,29.57,30.17,True,盛视科技,False
2025-11-07,62.42,62.56,61.08,61.08,26699.0,78441662.0,30.05,30.12,29.38,29.38,True,盛视科技,False
2025-11-10,61.12,62.92,60.98,62.58,38487.0,115961331.0,29.4,30.3,29.33,30.13,True,盛视科技,False
2025-11-11,62.92,62.92,60.74,60.98,31800.0,93269400.0,30.3,30.3,29.21,29.33,True,盛视科技,False
2025-11-12,60.86,62.58,60.28,61.92,26996.0,80448080.0,29.27,30.13,28.98,29.8,True,盛视科技,False
2025-11-13,61.92,61.92,61.1,61.64,18069.0,53592654.0,29.8,29.8,29.39,29.66,True,盛视科技,False
2025-11-14,61.32,62.04,60.92,61.0,14630.0,42924420.0,29.5,29.86,29.3,29.34,True,盛视科技,False
2025-11-17,61.0,66.86,59.96,66.86,150722.0,486379894.00000006,29.34,32.27,28.82,32.27,True,盛视科技,False
2025-11-18,66.88,68.32,63.1,63.92,164392.0,506327360.0,32.28,33.0,30.39,30.8,True,盛视科技,False
2025-11-19,64.72,64.94,62.68,63.36,84448.0,257735296.0,31.2,31.31,30.18,30.52,True,盛视科技,False
2025-11-20,63.42,64.66,62.08,64.58,91636.0,285262868.0,30.55,31.17,29.88,31.13,True,盛视科技,False
2025-11-21,64.44,66.08,63.12,65.12,113766.0,357225240.0,31.06,31.88,30.4,31.4,True,盛视科技,False
2025-11-24,65.02,68.26,62.52,68.24,160657.0,529525472.0,31.35,32.97,30.1,32.96,True,盛视科技,False
2025-11-25,67.32,69.04,65.92,67.82,132379.0,433541225.0,32.5,33.36,31.8,32.75,True,盛视科技,False
2025-11-26,67.42,67.78,64.9,65.72,85929.0,272394930.0,32.55,32.73,31.29,31.7,True,盛视科技,False
2025-11-27,64.52,64.52,61.44,63.58,87080.0,266726040.0,31.1,31.1,29.56,30.63,True,盛视科技,False
2025-11-28,63.02,63.32,61.72,62.38,62833.0,188687499.0,30.35,30.5,29.7,30.03,True,盛视科技,False
2025-12-01,62.2,62.72,62.18,62.68,43422.0,131047596.0,29.94,30.2,29.93,30.18,True,盛视科技,False
2025-12-02,62.72,62.88,60.44,60.74,50799.0,148383879.0,30.2,30.28,29.06,29.21,True,盛视科技,False
2025-12-03,60.74,60.78,58.64,58.88,48424.0,136943072.0,29.21,29.23,28.16,28.28,True,盛视科技,False
2025-12-04,59.12,60.1,58.28,59.34,37106.0,105789206.0,28.4,28.89,27.98,28.51,True,盛视科技,False
2025-12-05,58.92,59.74,58.54,59.54,26533.0,75910913.0,28.3,28.71,28.11,28.61,True,盛视科技,False
2025-12-08,59.64,61.94,59.64,60.64,46334.0,135109944.0,28.66,29.81,28.66,29.16,True,盛视科技,False
2025-12-09,60.58,60.98,59.44,59.64,31207.0,89439262.0,29.13,29.33,28.56,28.66,True,盛视科技,False
2025-12-10,59.28,60.46,58.82,60.26,26058.0,75490026.0,28.48,29.07,28.25,28.97,True,盛视科技,False
2025-12-11,59.98,60.16,58.5,58.52,28276.0,79455560.0,28.83,28.92,28.09,28.1,True,盛视科技,False
2025-12-12,58.42,58.86,57.68,57.8,25625.0,71083750.0,28.05,28.27,27.68,27.74,True,盛视科技,False
2025-12-15,57.52,57.94,56.88,56.98,24391.0,66660602.99999999,27.6,27.81,27.28,27.33,True,盛视科技,False
2025-12-16,57.02,57.42,56.22,56.62,20597.0,55920855.0,27.35,27.55,26.95,27.15,True,盛视科技,False
2025-12-17,56.32,57.06,55.48,56.66,24029.0,65286793.00000001,27.0,27.37,26.58,27.17,True,盛视科技,False
2025-12-18,56.3,57.54,56.3,56.74,21664.0,58947744.0,26.99,27.61,26.99,27.21,True,盛视科技,False
2025-12-19,56.72,57.48,56.72,57.32,15948.0,43857000.0,27.2,27.58,27.2,27.5,True,盛视科技,False
2025-12-22,57.66,61.12,57.32,59.02,77889.0,220815315.0,27.67,29.4,27.5,28.35,True,盛视科技,False
2025-12-23,59.02,59.3,57.12,57.18,45911.0,125933873.0,28.35,28.49,27.4,27.43,True,盛视科技,False
2025-12-24,56.82,58.22,56.82,57.8,32319.0,89652906.0,27.25,27.95,27.25,27.74,True,盛视科技,False
2025-12-25,57.82,59.0,57.58,58.52,24658.0,69288980.0,27.75,28.34,27.63,28.1,True,盛视科技,False
2025-12-26,58.62,58.92,57.72,57.92,24635.0,68485300.0,28.15,28.3,27.7,27.8,True,盛视科技,False
2025-12-29,57.98,58.48,57.74,58.16,18994.0,53031248.0,27.83,28.08,27.71,27.92,True,盛视科技,False
2025-12-30,58.34,58.72,58.08,58.2,22110.0,61775340.0,28.01,28.2,27.88,27.94,True,盛视科技,False
2025-12-31,58.22,58.94,57.88,58.94,28504.0,80694824.0,27.95,28.31,27.78,28.31,True,盛视科技,False
2026-01-05,58.94,61.62,58.72,61.04,59710.0,175308560.0,28.31,29.65,28.2,29.36,True,盛视科技,False
2026-01-06,61.04,62.3,60.74,61.8,51395.0,152848730.0,29.36,29.99,29.21,29.74,True,盛视科技,False
2026-01-07,61.52,63.46,61.18,61.34,52510.0,154957010.0,29.6,30.57,29.43,29.51,True,盛视科技,False
2026-01-08,61.34,62.68,60.94,62.42,41149.0,123652745.0,29.51,30.18,29.31,30.05,True,盛视科技,False
2026-01-09,62.32,62.96,61.88,62.56,36033.0,108531396.0,30.0,30.32,29.78,30.12,True,盛视科技,False
2026-01-12,63.46,65.92,62.84,65.1,70749.0,222081111.0,30.57,31.8,30.26,31.39,True,盛视科技,False
2026-01-13,65.12,65.7,63.56,63.76,56961.0,174984192.0,31.4,31.69,30.62,30.72,True,盛视科技,False
2026-01-14,63.76,66.02,63.72,64.96,68508.0,214567056.0,30.72,31.85,30.7,31.32,True,盛视科技,False
2026-01-15,64.42,64.82,63.12,63.96,43118.0,132889676.0,31.05,31.25,30.4,30.82,True,盛视科技,False
2026-01-16,63.92,64.42,62.78,63.36,37549.0,114599548.0,30.8,31.05,30.23,30.52,True,盛视科技,False
2026-01-19,63.1,63.9,62.32,63.04,30357.0,92163852.0,30.39,30.79,30.0,30.36,True,盛视科技,False
2026-01-20,63.4,63.74,62.08,62.64,26796.0,80816736.0,30.54,30.71,29.88,30.16,True,盛视科技,False
2026-01-21,62.28,63.22,62.08,63.0,29748.0,90255432.0,29.98,30.45,29.88,30.34,True,盛视科技,False
2026-01-22,63.3,64.2,63.02,63.72,27757.0,85213990.0,30.49,30.94,30.35,30.7,True,盛视科技,False
2026-01-23,63.78,64.68,63.44,64.4,26465.0,82147360.0,30.73,31.18,30.56,31.04,True,盛视科技,False
2026-01-26,64.78,64.88,61.92,62.68,35722.0,107808996.0,31.23,31.28,29.8,30.18,True,盛视科技,False
2026-01-27,62.36,63.14,60.46,61.98,44913.0,133975479.0,30.02,30.41,29.07,29.83,True,盛视科技,False
2026-01-28,61.96,63.16,60.2,60.22,37102.0,107410290.0,29.82,30.42,28.94,28.95,True,盛视科技,False
2026-01-29,60.24,61.62,59.16,59.68,32475.0,93138300.0,28.96,29.65,28.42,28.68,True,盛视科技,False
2026-01-30,59.52,59.72,58.32,58.92,24732.0,69991560.0,28.6,28.7,28.0,28.3,True,盛视科技,False
2026-02-02,59.12,59.28,57.42,57.46,28560.0,78739920.0,28.4,28.48,27.55,27.57,True,盛视科技,False
2026-02-03,57.92,58.22,57.26,57.96,23676.0,65866632.0,27.8,27.95,27.47,27.82,True,盛视科技,False
2026-02-04,57.88,57.96,56.74,57.48,27010.0,74493580.0,27.78,27.82,27.21,27.58,True,盛视科技,False
2026-02-05,57.34,57.64,56.8,56.8,24876.0,67762224.0,27.51,27.66,27.24,27.24,True,盛视科技,False
2026-02-06,56.38,57.22,56.22,56.78,19272.0,52477656.0,27.03,27.45,26.95,27.23,True,盛视科技,False
2026-02-09,57.34,57.46,57.04,57.34,24968.0,68686968.0,27.51,27.57,27.36,27.51,True,盛视科技,False
2026-02-10,57.52,58.1,57.24,57.8,27109.0,75200366.0,27.6,27.89,27.46,27.74,True,盛视科技,False
2026-02-11,57.62,58.16,57.5,57.74,17539.0,48600569.0,27.65,27.92,27.59,27.71,True,盛视科技,False
2026-02-12,57.88,57.96,57.28,57.78,18498.0,51294954.0,27.78,27.82,27.48,27.73,True,盛视科技,False
2026-02-13,57.84,59.16,57.76,58.44,38705.0,108606230.0,27.76,28.42,27.72,28.06,True,盛视科技,False
2026-02-24,60.72,60.72,58.52,58.92,61454.0,173914820.0,29.2,29.2,28.1,28.3,True,盛视科技,False
2026-02-25,58.92,59.92,58.66,58.94,40183.0,113758073.0,28.3,28.8,28.17,28.31,True,盛视科技,False
2026-02-26,59.02,59.02,58.36,58.7,28891.0,81443729.0,28.35,28.35,28.02,28.19,True,盛视科技,False
2026-02-27,58.44,59.26,58.42,58.86,22208.0,62782016.0,28.06,28.47,28.05,28.27,True,盛视科技,False
2026-03-02,57.12,58.0,55.18,55.4,64809.0,172003086.0,27.4,27.84,26.43,26.54,True,盛视科技,False
2026-03-03,55.3,56.12,53.68,53.72,34626.0,88988820.0,26.49,26.9,25.68,25.7,True,盛视科技,False
2026-03-04,53.22,53.88,52.76,53.1,24636.0,62550804.0,25.45,25.78,25.22,25.39,True,盛视科技,False
2026-03-05,54.9,55.52,53.96,54.16,25661.0,66513312.00000001,26.29,26.6,25.82,25.92,True,盛视科技,False
2026-03-06,54.08,54.86,53.94,54.82,18034.0,47339250.0,25.88,26.27,25.81,26.25,True,盛视科技,False
2026-03-09,54.08,55.16,53.34,54.92,25679.0,67535770.0,25.88,26.42,25.51,26.3,True,盛视科技,False
2026-03-10,55.42,56.62,55.42,56.18,27954.0,75280122.0,26.55,27.15,26.55,26.93,True,盛视科技,False
2026-03-11,57.08,57.08,55.96,56.02,22596.0,60670260.0,27.38,27.38,26.82,26.85,True,盛视科技,False
2026-03-12,55.92,56.94,55.54,56.12,22003.0,59188070.0,26.8,27.31,26.61,26.9,True,盛视科技,False
2026-03-13,55.66,56.12,54.88,54.96,21891.0,57617112.0,26.67,26.9,26.28,26.32,True,盛视科技,False
2026-03-16,55.22,60.22,54.92,60.22,70779.0,204905205.0,26.45,28.95,26.3,28.95,True,盛视科技,False
2026-03-17,60.22,60.6,59.04,59.32,102123.0,291050550.0,28.95,29.14,28.36,28.5,True,盛视科技,False
2026-03-18,59.02,60.08,59.02,59.66,47475.0,136110825.0,28.35,28.88,28.35,28.67,True,盛视科技,False
2026-03-19,59.1,60.12,58.72,59.62,52318.0,149891070.0,28.39,28.9,28.2,28.65,True,盛视科技,False
2026-03-20,59.94,63.02,59.6,60.52,114484.0,333148440.0,28.81,30.35,28.64,29.1,True,盛视科技,False
2026-03-23,59.96,61.08,58.34,58.68,77269.0,217744042.0,28.82,29.38,28.01,28.18,True,盛视科技,False
2026-03-24,60.14,61.32,58.52,59.92,53153.0,153080640.0,28.91,29.5,28.1,28.8,True,盛视科技,False
2026-03-25,59.92,62.28,59.66,61.06,70544.0,207187728.0,28.8,29.98,28.67,29.37,True,盛视科技,False
2026-03-26,60.74,61.9,60.06,60.48,52297.0,152079676.0,29.21,29.79,28.87,29.08,True,盛视科技,False
2026-03-27,59.22,61.24,58.64,59.84,54206.0,155896456.0,28.45,29.46,28.16,28.76,True,盛视科技,False
2026-03-30,59.02,60.7,58.74,60.4,43356.0,125905824.0,28.35,29.19,28.21,29.04,True,盛视科技,False
2026-03-31,60.0,62.0,59.36,60.86,74800.0,218939600.0,28.84,29.84,28.52,29.27,True,盛视科技,False
2026-04-01,61.52,66.2,60.6,63.64,157919.0,484179654.0,29.6,31.94,29.14,30.66,True,盛视科技,False
2026-04-02,62.34,65.78,62.34,64.6,176448.0,549459072.0,30.01,31.73,30.01,31.14,True,盛视科技,False
2026-04-03,64.32,64.52,61.62,63.18,98851.0,300803593.0,31.0,31.1,29.65,30.43,True,盛视科技,False
2026-04-07,63.2,67.32,63.2,64.92,130432.0,408252160.0,30.44,32.5,30.44,31.3,True,盛视科技,False
2026-04-08,65.08,68.3,64.62,67.58,155311.0,506779793.00000006,31.38,32.99,31.15,32.63,True,盛视科技,False
2026-04-09,66.66,70.72,66.22,68.88,137339.0,457064192.0,32.17,34.2,31.95,33.28,True,盛视科技,False
2026-04-10,68.92,71.54,68.62,70.32,131576.0,447358400.0,33.3,34.61,33.15,34.0,True,盛视科技,False
2026-04-13,68.72,72.66,68.72,71.92,117445.0,408708600.0,33.2,35.17,33.2,34.8,True,盛视科技,False
2026-04-14,72.34,78.88,72.18,78.88,272937.0,1044802836.0,35.01,38.28,34.93,38.28,True,盛视科技,False
2026-04-15,78.24,86.54,77.08,86.54,297255.0,1251740805.0,37.96,42.11,37.38,42.11,True,盛视科技,False
2026-04-16,87.16,94.96,86.46,94.96,239453.0,1109146296.0,42.42,46.32,42.07,46.32,True,盛视科技,False
2026-04-17,98.46,104.22,98.46,104.22,180148.0,917854060.0,48.07,50.95,48.07,50.95,True,盛视科技,False
2026-04-20,110.34,110.42,99.1,100.32,422964.0,2072523600.0,54.01,54.05,48.39,49.0,True,盛视科技,False
2026-04-21,100.08,100.32,90.6,92.62,250139.0,1129377585.0,48.88,49.0,44.14,45.15,True,盛视科技,False
2026-04-22,91.14,101.24,90.52,99.38,274720.0,1333216160.0,44.41,49.46,44.1,48.53,True,盛视科技,False
2026-04-23,98.14,102.04,96.32,100.7,228431.0,1123652089.0,47.91,49.86,47.0,49.19,True,盛视科技,False
2026-04-24,100.64,110.54,99.72,110.54,216224.0,1169988064.0,49.16,54.11,48.7,54.11,True,盛视科技,False
2026-04-27,104.34,106.32,99.72,99.72,194469.0,947064030.0,51.01,52.0,48.7,48.7,True,盛视科技,False
2026-04-28,101.74,102.66,95.68,100.52,179859.0,883107690.0,49.71,50.17,46.68,49.1,True,盛视科技,False
2026-04-29,100.32,105.92,92.58,100.2,186315.0,911825610.0,49.0,51.8,45.13,48.94,True,盛视科技,False
2026-04-30,100.34,109.98,99.32,109.98,117841.0,634338103.0,49.01,53.83,48.5,53.83,True,盛视科技,False
2026-05-06,118.38,120.24,110.56,119.14,255423.0,1491925743.0,58.03,58.96,54.12,58.41,True,盛视科技,False
2026-05-07,119.1,130.82,116.32,130.82,110214.0,708124950.0,58.39,64.25,57.0,64.25,True,盛视科技,False
2026-05-08,132.32,137.3,125.96,127.82,228362.0,1432971550.0,65.0,67.49,61.82,62.75,True,盛视科技,False
2026-05-11,127.82,128.72,121.9,122.36,166712.0,1000605424.0,62.75,63.2,59.79,60.02,True,盛视科技,False
2026-05-12,124.32,127.42,119.32,120.32,149373.0,881300700.0,61.0,62.55,58.5,59.0,True,盛视科技,False
2026-05-13,119.92,130.82,116.42,128.52,236401.0,1491690310.0,58.8,64.25,57.05,63.1,True,盛视科技,False
2026-05-14,130.78,141.14,128.56,141.14,233401.0,1620036341.0,64.23,69.41,63.12,69.41,True,盛视科技,False
2026-05-15,142.08,143.92,132.44,141.3,211543.0,1470012307.0,69.88,70.8,65.06,69.49,True,盛视科技,False
2026-05-18,138.32,139.64,128.92,129.72,179144.0,1141147280.0,68.0,68.66,63.3,63.7,True,盛视科技,False
2026-05-19,130.92,132.72,124.08,127.36,136797.0,855254844.0,64.3,65.2,60.88,62.52,True,盛视科技,False
2026-05-20,127.4,129.04,123.64,126.76,98194.0,610963068.0,62.54,63.36,60.66,62.22,True,盛视科技,False
2026-05-21,127.42,135.64,124.56,125.12,163398.0,1001629740.0,62.45,66.56,61.02,61.3,True,盛视科技,False
2026-05-22,126.12,131.42,124.38,129.58,135561.0,861219033.0,61.8,64.45,60.93,63.53,True,盛视科技,False
2026-05-25,128.32,129.48,118.54,121.3,160343.0,952277077.0,62.9,63.48,58.01,59.39,True,盛视科技,False
2026-05-26,121.32,121.52,115.06,117.32,105434.0,605191160.0,59.4,59.5,56.27,57.4,True,盛视科技,False
2026-05-27,121.56,122.68,105.84,107.14,220800.0,1155004800.0,59.52,60.08,51.66,52.31,True,盛视科技,False
2026-05-28,104.5,107.02,100.84,105.92,158152.0,817645840.0,50.99,52.25,49.16,51.7,True,盛视科技,False
2026-05-29,105.92,106.52,95.58,95.58,152703.0,710527059.0,51.7,52.0,46.53,46.53,True,盛视科技,False
2026-06-01,96.52,102.08,95.14,99.46,120039.0,581829033.0,47.0,49.78,46.31,48.47,True,盛视科技,False
2026-06-02,99.46,100.02,95.84,96.96,72081.0,340366482.0,48.47,48.75,46.66,47.22,True,盛视科技,False
2026-06-03,96.96,99.2,94.52,98.3,84155.0,403018295.0,47.22,48.34,46.0,47.89,True,盛视科技,False
2026-06-04,97.32,99.04,95.72,97.04,58429.0,276135454.0,47.4,48.26,46.6,47.26,True,盛视科技,False
2026-06-05,96.76,97.7,93.94,96.06,63447.0,296741619.0,47.12,47.59,45.71,46.77,True,盛视科技,False
2026-06-08,91.4,95.62,91.14,92.82,57252.0,258492780.0,44.44,46.55,44.31,45.15,True,盛视科技,False
2026-06-09,94.62,95.24,91.52,92.64,42965.0,193600290.0,46.05,46.36,44.5,45.06,True,盛视科技,False
2026-06-10,91.4,92.5,89.94,91.16,39754.0,176189728.0,44.44,44.99,43.71,44.32,True,盛视科技,False
2026-06-11,90.06,90.62,87.52,89.06,45572.0,197190044.0,43.77,44.05,42.5,43.27,True,盛视科技,False
2026-06-12,89.34,94.2,89.1,92.44,62114.0,279264544.0,43.41,45.84,43.29,44.96,True,盛视科技,False
2026-06-15,93.52,101.44,92.54,101.44,78703.0,389265038.0,45.5,49.46,45.01,49.46,True,盛视科技,False
2026-06-16,107.56,111.34,107.56,111.34,87290.0,474944890.0,52.52,54.41,52.52,54.41,True,盛视科技,False
2026-06-17,114.38,115.52,109.58,110.2,179676.0,967375584.0,55.93,56.5,53.53,53.84,True,盛视科技,False
2026-06-18,112.56,120.96,112.56,114.08,175966.0,981538348.0,55.02,59.22,55.02,55.78,True,盛视科技,False
2026-06-22,119.26,122.02,114.32,120.56,203109.0,1198749318.0,58.37,59.75,55.9,59.02,True,盛视科技,False
2026-06-23,120.12,125.8,119.14,122.52,137985.0,827910000.0,58.8,61.64,58.31,60.0,True,盛视科技,False
2026-06-24,120.16,134.52,119.14,134.52,168574.0,1112588400.0,58.82,66.0,58.31,66.0,True,盛视科技,False
2026-06-25,143.88,147.72,134.82,147.72,86629.0,628926540.0,70.68,72.6,66.15,72.6,True,盛视科技,False
2026-06-26,147.06,158.28,147.06,152.92,274186.0,2061878720.0,72.27,77.88,72.27,75.2,True,盛视科技,False
2026-06-29,152.78,156.08,146.52,150.92,156991.0,1164873220.0,75.13,76.78,72.0,74.2,True,盛视科技,False
2026-06-30,152.74,165.76,152.08,160.52,150232.0,1186832800.0,75.11,81.62,74.78,79.0,True,盛视科技,False
2026-07-01,158.32,164.58,154.62,159.12,141431.0,1107404730.0,77.9,81.03,76.05,78.3,True,盛视科技,False
2026-07-02,153.52,158.52,145.2,146.3,140044.0,1006776316.0,75.5,78.0,71.34,71.89,True,盛视科技,False
2026-07-03,146.3,153.3,142.6,144.22,102744.0,727941240.0,71.89,75.39,70.04,70.85,True,盛视科技,False
2026-07-06,146.82,152.12,143.62,145.54,105830.0,756790330.0,72.15,74.8,70.55,71.51,True,盛视科技,False
2026-07-07,144.52,145.54,134.26,135.56,101162.0,672929624.0,71.0,71.51,65.87,66.52,True,盛视科技,False
2026-07-08,139.92,146.52,132.9,142.1,134658.0,939778182.0,68.7,72.0,65.19,69.79,True,盛视科技,False
2026-07-09,136.46,136.52,128.14,128.14,98410.0,618113210.0,66.97,67.0,62.81,62.81,True,盛视科技,False
2026-07-10,123.58,131.72,120.44,120.44,216290.0,1275245840.0,60.53,64.6,58.96,58.96,True,盛视科技,False
2026-07-13,120.48,128.78,118.12,120.54,150033.0,885344733.0,58.98,63.13,57.8,59.01,True,盛视科技,False
2026-07-14,121.8,125.5,114.52,119.52,108564.0,635099400.0,59.64,61.49,56.0,58.5,True,盛视科技,False
2026-07-15,120.7,120.82,111.92,112.92,77918.0,430107360.0,59.09,59.15,54.7,55.2,True,盛视科技,False
2026-07-16,111.78,117.4,109.52,112.02,88878.0,486607050.0,54.63,57.44,53.5,54.75,True,盛视科技,False
2026-07-17,112.3,112.3,101.08,101.08,99116.0,488443648.0,54.89,54.89,49.28,49.28,True,盛视科技,False
2026-07-20,104.08,110.72,96.36,99.2,115598.0,558800732.0,50.78,54.1,46.92,48.34,True,盛视科技,False
2026-07-21,98.52,102.0,89.54,101.66,125424.0,621726768.0,48.0,49.74,43.51,49.57,True,盛视科技,False
2026-07-22,99.98,103.24,98.64,99.86,87401.0,425380667.0,48.73,50.36,48.06,48.67,True,盛视科技,False
2026-07-23,100.52,104.74,98.72,101.78,93554.0,464308502.0,49.0,51.11,48.1,49.63,True,盛视科技,False
2026-07-24,99.52,101.6,95.7,96.04,71179.0,332833004.0,48.5,49.54,46.59,46.76,True,盛视科技,False
2026-07-27,95.42,97.52,92.22,97.48,73108.0,347116784.0,46.45,47.5,44.85,47.48,True,盛视科技,False
2026-07-28,97.16,98.82,91.98,92.66,63583.0,286568581.0,47.32,48.15,44.73,45.07,True,盛视科技,False
2026-07-29,92.64,92.68,84.28,86.42,92849.0,389501555.0,45.06,45.08,40.88,41.95,True,盛视科技,False
2026-07-30,86.1,87.48,78.04,78.04,94833.0,358089408.0,41.79,42.48,37.76,37.76,True,盛视科技,False
2026-07-31,82.52,85.6,80.24,83.8,146187.0,594103968.0,40.0,41.54,38.86,40.64,True,盛视科技,False
2026-08-03,83.24,86.52,82.12,84.0,125217.0,510134058.0,40.36,42.0,39.8,40.74,True,盛视科技,False
2026-08-04,85.32,92.14,85.22,92.14,61635.0,276186435.0,41.4,44.81,41.35,44.81,True,盛视科技,False
2026-08-05,98.42,101.1,94.58,101.1,177689.0,875829081.0,47.95,49.29,46.03,49.29,True,盛视科技,False
2026-08-06,100.1,105.52,98.58,100.96,225577.0,1110289994.0,48.79,51.5,48.03,49.22,True,盛视科技,False
2026-08-07,101.42,110.8,100.06,108.16,227912.0,1203831184.0,49.45,54.14,48.77,52.82,True,盛视科技,False
2026-08-10,108.18,116.52,106.76,116.04,213173.0,1209969948.0,52.83,57.0,52.12,56.76,True,盛视科技,False
2026-08-11,112.52,113.7,105.52,106.86,193943.0,1011800631.0,55.0,55.59,51.5,52.17,True,盛视科技,False
2026-08-12,108.56,115.52,108.56,109.5,163335.0,873678915.0,53.02,56.5,53.02,53.49,True,盛视科技,False
2026-08-13,112.66,116.02,109.34,109.42,162353.0,867776785.0,55.07,56.75,53.41,53.45,True,盛视科技,False
2026-08-14,108.66,109.42,106.04,108.62,157484.0,835452620.0,53.07,53.45,51.76,53.05,True,盛视科技,False
2026-08-17,108.32,116.2,108.32,115.74,140116.0,793196676.0,52.9,56.84,52.9,56.61,True,盛视科技,False
2026-08-18,115.82,116.36,111.26,113.94,117866.0,656631486.0,56.65,56.92,54.37,55.71,True,盛视科技,False
2026-08-19,111.52,111.52,102.82,103.36,116095.0,585350990.0,54.5,54.5,50.15,50.42,True,盛视科技,False
2026-08-20,103.52,106.32,101.62,103.52,93186.0,470589300.0,50.5,51.9,49.55,50.5,True,盛视科技,False
2026-08-21,102.92,105.44,100.72,102.62,77646.0,388618230.0,50.2,51.46,49.1,50.05,True,盛视科技,False
2026-08-24,102.92,102.98,94.98,97.92,99574.0,474967980.0,50.2,50.23,46.23,47.7,True,盛视科技,False
2026-08-25,96.48301886792451,98.90535849056604,93.34218867924528,97.6531320754717,68302.0,319730000.0,47.0,48.18,45.47,47.57,True,盛视科技,True
2026-08-27,96.21615094339622,99.54173584905661,96.15456603773586,99.09011320754718,75895.0,363640000.0,46.87,48.49,46.84,48.27,True,盛视科技,True
