date,open,high,low,close,volume,amount,raw_open,raw_high,raw_low,raw_close,tradable,name,provisional
2017-07-28,9.42,11.3,9.42,11.3,96.0,108480.0,9.42,11.3,9.42,11.3,True,中科信息,False
2017-07-31,12.43,12.43,12.43,12.43,35.0,43505.0,12.43,12.43,12.43,12.43,True,中科信息,False
2017-08-01,13.67,13.67,13.67,13.67,54.0,73818.0,13.67,13.67,13.67,13.67,True,中科信息,False
2017-08-02,15.04,15.04,15.04,15.04,79.0,118816.0,15.04,15.04,15.04,15.04,True,中科信息,False
2017-08-03,16.54,16.54,16.54,16.54,133.0,219982.0,16.54,16.54,16.54,16.54,True,中科信息,False
2017-08-04,18.19,18.19,18.19,18.19,277.0,503863.00000000006,18.19,18.19,18.19,18.19,True,中科信息,False
2017-08-07,20.01,20.01,20.01,20.01,278.0,556278.0,20.01,20.01,20.01,20.01,True,中科信息,False
2017-08-08,22.01,22.01,22.01,22.01,550.0,1210550.0,22.01,22.01,22.01,22.01,True,中科信息,False
2017-08-09,24.21,24.21,24.21,24.21,3659.0,8858439.0,24.21,24.21,24.21,24.21,True,中科信息,False
2017-08-10,26.62,26.63,26.01,26.63,49648.0,132212624.0,26.62,26.63,26.01,26.63,True,中科信息,False
2017-08-11,27.0,28.8,25.06,27.3,167098.0,456177540.0,27.0,28.8,25.06,27.3,True,中科信息,False
2017-08-14,26.88,30.03,26.5,30.03,128222.0,385050666.0,26.88,30.03,26.5,30.03,True,中科信息,False
2017-08-15,29.9,33.03,29.58,33.03,131566.0,434562498.0,29.9,33.03,29.58,33.03,True,中科信息,False
2017-08-16,33.03,36.33,32.16,36.33,117547.0,427048251.0,33.03,36.33,32.16,36.33,True,中科信息,False
2017-08-17,36.33,39.96,36.0,39.96,69581.0,278045676.0,36.33,39.96,36.0,39.96,True,中科信息,False
2017-08-18,42.11,43.96,40.9,43.2,140713.0,607880160.0,42.11,43.96,40.9,43.2,True,中科信息,False
2017-08-21,43.75,47.52,43.51,47.52,48815.0,231968880.00000003,43.75,47.52,43.51,47.52,True,中科信息,False
2017-08-22,52.27,52.27,50.73,52.27,53827.0,281353729.0,52.27,52.27,50.73,52.27,True,中科信息,False
2017-08-23,55.48,57.5,54.5,57.5,54557.0,313702750.0,55.48,57.5,54.5,57.5,True,中科信息,False
2017-08-24,62.08,63.25,60.5,63.25,16563.0,104760975.0,62.08,63.25,60.5,63.25,True,中科信息,False
2017-09-01,69.58,69.58,69.58,69.58,6425.0,44705150.0,69.58,69.58,69.58,69.58,True,中科信息,False
2017-09-04,72.0,76.54,66.81,71.97,117900.0,848526300.0,72.0,76.54,66.81,71.97,True,中科信息,False
2017-09-05,69.0,79.17,69.0,79.17,97274.0,770118258.0,69.0,79.17,69.0,79.17,True,中科信息,False
2017-09-20,79.5,87.09,79.5,87.09,87170.0,759163530.0,79.5,87.09,79.5,87.09,True,中科信息,False
2017-09-21,91.5,92.99,85.0,90.8,86109.0,781869720.0,91.5,92.99,85.0,90.8,True,中科信息,False
2017-09-22,88.0,89.79,82.5,82.79,79964.0,662021956.0,88.0,89.79,82.5,82.79,True,中科信息,False
2017-09-25,82.5,91.07,82.5,91.07,92856.0,845639591.9999999,82.5,91.07,82.5,91.07,True,中科信息,False
2017-09-26,87.6,88.6,81.96,81.96,50880.0,417012480.0,87.6,88.6,81.96,81.96,True,中科信息,False
2017-09-27,76.65,79.77,74.52,77.45,104191.0,806959295.0,76.65,79.77,74.52,77.45,True,中科信息,False
2017-09-28,76.51,79.36,73.8,74.71,83510.0,623903210.0,76.51,79.36,73.8,74.71,True,中科信息,False
2017-09-29,74.8,76.8,72.72,74.95,67680.0,507261600.0,74.8,76.8,72.72,74.95,True,中科信息,False
2017-10-09,75.5,79.94,73.02,76.88,77796.0,598095648.0,75.5,79.94,73.02,76.88,True,中科信息,False
2017-10-10,78.98,84.57,78.5,82.26,123827.0,1018600902.0,78.98,84.57,78.5,82.26,True,中科信息,False
2017-10-11,77.89,78.0,74.03,74.03,107237.0,793875511.0,77.89,78.0,74.03,74.03,True,中科信息,False
2017-10-12,71.0,72.97,69.88,72.48,67578.0,489805344.0,71.0,72.97,69.88,72.48,True,中科信息,False
2017-10-13,72.56,75.25,70.68,74.13,55744.0,413230272.0,72.56,75.25,70.68,74.13,True,中科信息,False
2017-10-16,73.9,73.9,69.98,70.02,50281.0,352067562.0,73.9,73.9,69.98,70.02,True,中科信息,False
2017-10-17,70.11,72.06,69.2,70.19,40017.0,280879323.0,70.11,72.06,69.2,70.19,True,中科信息,False
2017-10-18,70.05,71.7,66.5,67.02,53942.0,361519284.0,70.05,71.7,66.5,67.02,True,中科信息,False
2017-10-19,67.5,69.2,65.5,68.28,53053.0,362245884.0,67.5,69.2,65.5,68.28,True,中科信息,False
2017-10-20,67.6,68.5,66.51,68.15,38582.0,262936330.00000003,67.6,68.5,66.51,68.15,True,中科信息,False
2017-10-23,67.3,69.41,66.96,67.33,37272.0,250952376.0,67.3,69.41,66.96,67.33,True,中科信息,False
2017-10-24,66.85,71.77,65.53,69.2,71379.0,493942680.0,66.85,71.77,65.53,69.2,True,中科信息,False
2017-10-25,68.0,76.12,67.5,76.12,91578.0,697091736.0,68.0,76.12,67.5,76.12,True,中科信息,False
2017-10-26,77.56,78.2,73.25,73.8,86065.0,635159700.0,77.56,78.2,73.25,73.8,True,中科信息,False
2017-10-27,72.0,73.12,69.2,69.57,68492.0,476498844.0,72.0,73.12,69.2,69.57,True,中科信息,False
2017-10-30,70.03,75.1,68.9,70.8,73465.0,520132200.0,70.03,75.1,68.9,70.8,True,中科信息,False
2017-10-31,69.5,72.39,67.41,71.67,59229.0,424494243.0,69.5,72.39,67.41,71.67,True,中科信息,False
2017-11-01,71.5,74.7,71.21,71.5,72566.0,518846900.0,71.5,74.7,71.21,71.5,True,中科信息,False
2017-11-02,69.2,78.0,68.88,74.05,92288.0,683392640.0,69.2,78.0,68.88,74.05,True,中科信息,False
2017-11-03,72.8,76.3,72.78,74.48,68529.0,510403992.0,72.8,76.3,72.78,74.48,True,中科信息,False
2017-11-06,76.2,81.93,75.15,81.93,108187.0,886376091.0000001,76.2,81.93,75.15,81.93,True,中科信息,False
2017-11-07,80.3,90.0,79.4,85.11,117874.0,1003225614.0,80.3,90.0,79.4,85.11,True,中科信息,False
2017-11-08,85.0,86.89,82.56,83.99,84100.0,706355900.0,85.0,86.89,82.56,83.99,True,中科信息,False
2017-11-09,82.57,83.95,80.0,80.7,64965.0,524267550.0,82.57,83.95,80.0,80.7,True,中科信息,False
2017-11-10,81.86,83.85,79.52,80.95,61491.0,497769645.0,81.86,83.85,79.52,80.95,True,中科信息,False
2017-11-13,80.8,89.05,79.01,88.6,103118.0,913625480.0,80.8,89.05,79.01,88.6,True,中科信息,False
2017-11-14,87.0,87.46,79.74,79.74,99332.0,792073368.0,87.0,87.46,79.74,79.74,True,中科信息,False
2017-11-15,77.0,78.39,72.5,75.08,66569.0,499800052.0,77.0,78.39,72.5,75.08,True,中科信息,False
2017-11-16,75.08,78.75,75.0,75.07,55354.0,415542478.0,75.08,78.75,75.0,75.07,True,中科信息,False
2017-11-17,73.85,74.66,69.1,70.02,54938.0,384675876.0,73.85,74.66,69.1,70.02,True,中科信息,False
2017-11-20,70.02,72.36,67.5,72.23,39395.0,284550085.0,70.02,72.36,67.5,72.23,True,中科信息,False
2017-11-21,70.99,72.33,68.17,70.12,38557.0,270361684.0,70.99,72.33,68.17,70.12,True,中科信息,False
2017-11-22,70.15,73.87,69.53,72.85,48177.0,350969445.0,70.15,73.87,69.53,72.85,True,中科信息,False
2017-11-23,71.6,72.65,68.38,68.45,37673.0,257871685.0,71.6,72.65,68.38,68.45,True,中科信息,False
2017-11-24,70.03,70.03,66.65,66.82,29018.0,193898276.0,70.03,70.03,66.65,66.82,True,中科信息,False
2017-11-27,67.81,67.82,60.14,60.14,41438.0,249208132.0,67.81,67.82,60.14,60.14,True,中科信息,False
2017-11-28,57.77,61.75,57.77,61.13,31624.0,193317512.0,57.77,61.75,57.77,61.13,True,中科信息,False
2017-11-29,61.0,61.97,55.12,57.6,42592.0,245329920.0,61.0,61.97,55.12,57.6,True,中科信息,False
2017-11-30,57.61,58.47,56.52,57.12,26139.0,149305968.0,57.61,58.47,56.52,57.12,True,中科信息,False
2017-12-01,57.06,58.32,55.6,57.85,28662.0,165809670.0,57.06,58.32,55.6,57.85,True,中科信息,False
2017-12-04,57.74,57.85,53.2,53.5,33368.0,178518800.0,57.74,57.85,53.2,53.5,True,中科信息,False
2017-12-05,52.82,54.34,50.31,51.51,34825.0,179383575.0,52.82,54.34,50.31,51.51,True,中科信息,False
2017-12-06,51.83,54.78,51.5,54.66,38965.0,212982690.0,51.83,54.78,51.5,54.66,True,中科信息,False
2017-12-07,53.97,54.75,53.01,53.61,28926.0,155072286.0,53.97,54.75,53.01,53.61,True,中科信息,False
2017-12-08,53.5,58.97,53.5,58.97,73453.0,433152341.0,53.5,58.97,53.5,58.97,True,中科信息,False
2017-12-11,57.88,61.46,57.6,60.04,74879.0,449573516.0,57.88,61.46,57.6,60.04,True,中科信息,False
2017-12-12,59.0,59.97,57.22,57.4,43877.0,251853980.0,59.0,59.97,57.22,57.4,True,中科信息,False
2017-12-13,57.25,58.65,57.18,57.87,29550.0,171005850.0,57.25,58.65,57.18,57.87,True,中科信息,False
2017-12-14,57.25,58.44,56.5,58.39,31929.0,186433431.0,57.25,58.44,56.5,58.39,True,中科信息,False
2017-12-15,60.03,63.2,59.85,60.63,59120.0,358444560.0,60.03,63.2,59.85,60.63,True,中科信息,False
2017-12-18,58.3,59.1,54.57,54.65,48072.0,262713480.0,58.3,59.1,54.57,54.65,True,中科信息,False
2017-12-19,54.11,56.11,54.11,55.28,26913.0,148775064.0,54.11,56.11,54.11,55.28,True,中科信息,False
2017-12-20,55.0,56.22,54.61,55.29,24404.0,134929716.0,55.0,56.22,54.61,55.29,True,中科信息,False
2017-12-21,54.81,57.4,53.33,56.23,38228.0,214956044.0,54.81,57.4,53.33,56.23,True,中科信息,False
2017-12-22,56.34,57.68,55.94,56.6,30853.0,174627980.0,56.34,57.68,55.94,56.6,True,中科信息,False
2017-12-25,55.25,57.19,54.01,57.1,31850.0,181863500.0,55.25,57.19,54.01,57.1,True,中科信息,False
2017-12-26,57.07,60.0,57.07,59.2,49311.0,291921120.0,57.07,60.0,57.07,59.2,True,中科信息,False
2017-12-27,58.32,61.8,57.69,59.58,57453.0,342304974.0,58.32,61.8,57.69,59.58,True,中科信息,False
2017-12-28,61.3,61.6,58.99,59.76,46820.0,279796320.0,61.3,61.6,58.99,59.76,True,中科信息,False
2017-12-29,60.02,61.35,56.83,57.57,43368.0,249669576.0,60.02,61.35,56.83,57.57,True,中科信息,False
2018-01-02,57.99,58.67,56.0,58.4,25827.0,150829680.0,57.99,58.67,56.0,58.4,True,中科信息,False
2018-01-03,58.38,58.6,56.66,58.47,33248.0,194401056.0,58.38,58.6,56.66,58.47,True,中科信息,False
2018-01-04,57.87,58.49,57.03,57.32,28268.0,162032176.0,57.87,58.49,57.03,57.32,True,中科信息,False
2018-01-05,57.49,61.0,57.32,58.79,47480.0,279134920.0,57.49,61.0,57.32,58.79,True,中科信息,False
2018-01-08,58.11,60.22,57.01,60.22,44654.0,268906388.0,58.11,60.22,57.01,60.22,True,中科信息,False
2018-01-09,59.6,61.93,59.0,59.05,42961.0,253684705.0,59.6,61.93,59.0,59.05,True,中科信息,False
2018-01-10,58.7,58.9,57.0,58.07,32723.0,190022461.0,58.7,58.9,57.0,58.07,True,中科信息,False
2018-01-11,57.5,60.47,57.3,59.77,43849.0,262085473.0,57.5,60.47,57.3,59.77,True,中科信息,False
2018-01-12,59.15,59.35,57.8,58.05,31457.0,182607885.0,59.15,59.35,57.8,58.05,True,中科信息,False
2018-01-15,57.93,58.23,52.3,53.0,41683.0,220919900.0,57.93,58.23,52.3,53.0,True,中科信息,False
2018-01-16,52.4,54.5,52.35,53.44,20298.0,108472512.0,52.4,54.5,52.35,53.44,True,中科信息,False
2018-01-17,53.55,56.35,52.71,55.12,30563.0,168463256.0,53.55,56.35,52.71,55.12,True,中科信息,False
2018-01-18,54.48,54.9,53.21,53.99,20866.0,112655534.0,54.48,54.9,53.21,53.99,True,中科信息,False
2018-01-19,54.03,55.18,53.42,53.98,19382.0,104624036.0,54.03,55.18,53.42,53.98,True,中科信息,False
2018-01-22,54.11,55.51,52.05,54.34,26536.0,144196624.0,54.11,55.51,52.05,54.34,True,中科信息,False
2018-01-23,53.79,54.8,53.1,54.09,17241.0,93256569.0,53.79,54.8,53.1,54.09,True,中科信息,False
2018-01-24,53.55,59.5,53.53,59.5,38899.0,231449050.0,53.55,59.5,53.53,59.5,True,中科信息,False
2018-01-25,61.5,63.97,59.52,59.52,97901.0,582706752.0,61.5,63.97,59.52,59.52,True,中科信息,False
2018-01-26,56.3,58.55,56.3,56.75,51493.0,292222775.0,56.3,58.55,56.3,56.75,True,中科信息,False
2018-01-29,55.5,56.5,54.09,55.95,35427.0,198214065.0,55.5,56.5,54.09,55.95,True,中科信息,False
2018-01-30,56.16,56.45,54.1,54.75,23872.0,130699200.0,56.16,56.45,54.1,54.75,True,中科信息,False
2018-01-31,55.24,55.41,52.0,52.22,30596.0,159772312.0,55.24,55.41,52.0,52.22,True,中科信息,False
2018-02-01,52.45,52.45,48.0,49.23,27480.0,135284040.0,52.45,52.45,48.0,49.23,True,中科信息,False
2018-02-02,48.82,49.26,47.01,47.77,17801.0,85035377.0,48.82,49.26,47.01,47.77,True,中科信息,False
2018-02-05,46.98,48.3,46.01,46.08,17308.0,79755264.0,46.98,48.3,46.01,46.08,True,中科信息,False
2018-02-06,45.02,45.2,41.47,41.47,25644.0,106345668.0,45.02,45.2,41.47,41.47,True,中科信息,False
2018-02-07,42.99,43.5,39.48,41.66,23917.0,99638222.0,42.99,43.5,39.48,41.66,True,中科信息,False
2018-02-08,41.39,43.77,41.1,42.77,20189.0,86348353.0,41.39,43.77,41.1,42.77,True,中科信息,False
2018-02-09,41.0,43.09,40.0,41.82,23009.0,96223638.0,41.0,43.09,40.0,41.82,True,中科信息,False
2018-02-12,42.3,43.8,42.3,42.97,17673.0,75940881.0,42.3,43.8,42.3,42.97,True,中科信息,False
2018-02-13,43.8,43.98,42.61,42.66,16047.0,68456502.0,43.8,43.98,42.61,42.66,True,中科信息,False
2018-02-14,42.6,42.97,41.6,41.79,10638.0,44456202.0,42.6,42.97,41.6,41.79,True,中科信息,False
2018-02-22,42.56,45.54,42.0,43.85,17095.0,74961575.0,42.56,45.54,42.0,43.85,True,中科信息,False
2018-02-23,44.01,46.48,43.26,46.37,27065.0,125500405.0,44.01,46.48,43.26,46.37,True,中科信息,False
2018-02-26,46.7,48.38,46.31,47.47,29739.0,141171033.0,46.7,48.38,46.31,47.47,True,中科信息,False
2018-02-27,47.48,51.25,46.2,49.1,40217.0,197465470.0,47.48,51.25,46.2,49.1,True,中科信息,False
2018-02-28,47.66,48.83,46.4,47.7,22952.0,109481040.0,47.66,48.83,46.4,47.7,True,中科信息,False
2018-03-01,47.52,51.83,47.08,50.31,40960.0,206069760.0,47.52,51.83,47.08,50.31,True,中科信息,False
2018-03-02,49.01,50.89,48.5,48.52,29920.0,145171840.0,49.01,50.89,48.5,48.52,True,中科信息,False
2018-03-05,49.2,51.51,48.58,51.23,38137.0,195375851.0,49.2,51.51,48.58,51.23,True,中科信息,False
2018-03-06,52.1,53.5,49.81,50.77,53955.0,273929535.0,52.1,53.5,49.81,50.77,True,中科信息,False
2018-03-07,49.88,50.3,48.0,49.82,25588.0,127479416.0,49.88,50.3,48.0,49.82,True,中科信息,False
2018-03-08,49.91,54.8,49.89,54.8,30689.0,168175720.0,49.91,54.8,49.89,54.8,True,中科信息,False
2018-03-09,60.0,60.0,55.78,56.59,88850.0,502802150.00000006,60.0,60.0,55.78,56.59,True,中科信息,False
2018-03-12,59.48,62.18,57.51,57.82,72302.0,418050164.0,59.48,62.18,57.51,57.82,True,中科信息,False
2018-03-13,56.15,63.6,56.15,63.6,62694.0,398733840.0,56.15,63.6,56.15,63.6,True,中科信息,False
2018-03-14,66.34,69.96,64.83,65.2,134144.0,874618880.0,66.34,69.96,64.83,65.2,True,中科信息,False
2018-03-15,59.05,61.0,58.68,58.68,77481.0,454658508.0,59.05,61.0,58.68,58.68,True,中科信息,False
2018-03-16,58.68,59.95,57.23,57.23,64314.0,368069022.0,58.68,59.95,57.23,57.23,True,中科信息,False
2018-03-19,56.2,59.97,55.76,58.8,55307.0,325205160.0,56.2,59.97,55.76,58.8,True,中科信息,False
2018-03-20,56.7,64.25,56.36,61.7,73212.0,451718040.0,56.7,64.25,56.36,61.7,True,中科信息,False
2018-03-21,60.88,61.55,57.63,57.88,56896.0,329314048.0,60.88,61.55,57.63,57.88,True,中科信息,False
2018-03-22,58.13,61.26,58.0,59.12,50783.0,300229096.0,58.13,61.26,58.0,59.12,True,中科信息,False
2018-03-23,54.1,57.3,53.21,53.39,52078.0,278044442.0,54.1,57.3,53.21,53.39,True,中科信息,False
2018-03-26,52.9,56.5,50.66,56.22,45663.0,256717386.0,52.9,56.5,50.66,56.22,True,中科信息,False
2018-03-27,56.7,60.45,56.66,59.1,58199.0,343956090.0,56.7,60.45,56.66,59.1,True,中科信息,False
2018-03-28,57.5,61.86,57.5,60.18,62048.0,373404864.0,57.5,61.86,57.5,60.18,True,中科信息,False
2018-03-29,59.8,61.6,57.92,59.08,42951.0,253754508.0,59.8,61.6,57.92,59.08,True,中科信息,False
2018-03-30,59.47,62.5,59.47,61.32,60985.0,373960020.0,59.47,62.5,59.47,61.32,True,中科信息,False
2018-04-02,62.52,64.83,60.55,63.48,67309.0,427277532.0,62.52,64.83,60.55,63.48,True,中科信息,False
2018-04-03,61.0,61.88,59.68,61.41,46991.0,288571731.0,61.0,61.88,59.68,61.41,True,中科信息,False
2018-04-04,61.96,62.98,59.37,59.6,33160.0,197633600.0,61.96,62.98,59.37,59.6,True,中科信息,False
2018-04-09,57.77,59.94,56.8,59.06,27946.0,165049076.0,57.77,59.94,56.8,59.06,True,中科信息,False
2018-04-10,60.0,62.5,59.59,61.13,39340.0,240485420.0,60.0,62.5,59.59,61.13,True,中科信息,False
2018-04-11,60.78,64.99,59.91,63.56,64340.0,408945040.0,60.78,64.99,59.91,63.56,True,中科信息,False
2018-04-12,62.89,63.54,61.5,62.1,37625.0,233651250.0,62.89,63.54,61.5,62.1,True,中科信息,False
2018-04-13,62.76,64.97,62.08,62.2,42728.0,265768160.0,62.76,64.97,62.08,62.2,True,中科信息,False
2018-04-16,60.58,63.5,60.5,63.5,37768.0,239826800.0,60.58,63.5,60.5,63.5,True,中科信息,False
2018-04-17,64.51,65.68,60.01,60.2,53101.0,319668020.0,64.51,65.68,60.01,60.2,True,中科信息,False
2018-04-18,60.99,61.59,54.18,60.19,55018.0,331153342.0,60.99,61.59,54.18,60.19,True,中科信息,False
2018-04-19,59.0,64.98,58.01,61.63,64668.0,398548884.0,59.0,64.98,58.01,61.63,True,中科信息,False
2018-04-20,59.0,61.96,58.1,58.32,43404.0,253132128.0,59.0,61.96,58.1,58.32,True,中科信息,False
2018-04-23,58.81,60.98,58.01,59.37,27902.0,165654174.0,58.81,60.98,58.01,59.37,True,中科信息,False
2018-04-24,59.7,60.91,56.37,60.87,39079.0,237873873.0,59.7,60.91,56.37,60.87,True,中科信息,False
2018-04-25,64.03,66.96,63.5,66.96,114884.0,769263263.9999999,64.03,66.96,63.5,66.96,True,中科信息,False
2018-04-26,65.5,66.18,62.0,62.89,81363.0,511691907.0,65.5,66.18,62.0,62.89,True,中科信息,False
2018-04-27,63.18,64.03,58.84,59.25,55884.0,331112700.0,63.18,64.03,58.84,59.25,True,中科信息,False
2018-05-02,59.5,59.79,56.6,58.49,32211.0,188402139.0,59.5,59.79,56.6,58.49,True,中科信息,False
2018-05-03,58.42,60.59,56.9,60.5,34063.0,206081150.0,58.42,60.59,56.9,60.5,True,中科信息,False
2018-05-04,59.88,60.2,58.31,58.45,25299.0,147872655.0,59.88,60.2,58.31,58.45,True,中科信息,False
2018-05-07,59.1,60.36,58.6,59.82,22317.0,133500294.0,59.1,60.36,58.6,59.82,True,中科信息,False
2018-05-08,60.0,60.21,58.81,59.7,21535.0,128563950.0,60.0,60.21,58.81,59.7,True,中科信息,False
2018-05-09,59.29,60.98,59.29,59.88,26472.0,158514336.0,59.29,60.98,59.29,59.88,True,中科信息,False
2018-05-10,60.1,60.5,58.82,59.58,20793.0,123884694.0,60.1,60.5,58.82,59.58,True,中科信息,False
2018-05-11,59.91,60.19,57.82,57.89,21652.0,125343428.0,59.91,60.19,57.82,57.89,True,中科信息,False
2018-05-14,57.8,58.74,57.09,57.48,16259.0,93456732.0,57.8,58.74,57.09,57.48,True,中科信息,False
2018-05-15,57.34,58.7,57.1,58.52,17037.0,99700524.0,57.34,58.7,57.1,58.52,True,中科信息,False
2018-05-16,58.38,59.58,57.85,58.33,18431.0,107508023.0,58.38,59.58,57.85,58.33,True,中科信息,False
2018-05-17,58.69,59.5,58.3,59.04,17210.0,101607840.0,58.69,59.5,58.3,59.04,True,中科信息,False
2018-05-18,59.17,59.49,57.21,58.33,18044.0,105250652.0,59.17,59.49,57.21,58.33,True,中科信息,False
2018-05-21,58.38,59.97,58.2,59.33,22143.0,131374419.0,58.38,59.97,58.2,59.33,True,中科信息,False
2018-05-22,59.35,62.2,59.35,61.65,54865.0,338242725.0,59.35,62.2,59.35,61.65,True,中科信息,False
2018-05-23,60.8,61.65,60.5,61.65,31839.0,196287435.0,60.8,61.65,60.5,61.65,True,中科信息,False
2018-05-24,61.67,62.8,60.75,61.77,31780.0,196305060.0,61.67,62.8,60.75,61.77,True,中科信息,False
2018-05-25,61.63,63.5,60.86,62.62,51083.0,319881746.0,61.63,63.5,60.86,62.62,True,中科信息,False
2018-05-28,62.55,63.68,59.51,59.92,37248.0,223190016.0,62.55,63.68,59.51,59.92,True,中科信息,False
2018-05-29,59.6,62.99,59.16,60.15,38372.0,230807580.0,59.6,62.99,59.16,60.15,True,中科信息,False
2018-05-30,57.21,57.75,54.14,54.14,45856.0,248264384.0,57.21,57.75,54.14,54.14,True,中科信息,False
2018-05-31,53.9,55.2,53.08,54.18,20914.0,113312052.0,53.9,55.2,53.08,54.18,True,中科信息,False
2018-06-01,54.05,54.83,52.58,52.88,18729.0,99038952.0,54.05,54.83,52.58,52.88,True,中科信息,False
2018-06-04,52.89,53.62,52.18,52.99,10543.0,55867357.0,52.89,53.62,52.18,52.99,True,中科信息,False
2018-06-05,53.44,55.0,52.99,54.78,17806.0,97541268.0,53.44,55.0,52.99,54.78,True,中科信息,False
2018-06-06,54.47,55.78,54.47,55.2,17566.0,96964320.0,54.47,55.78,54.47,55.2,True,中科信息,False
2018-06-07,55.4,56.9,53.9,56.7,24892.0,141137640.0,55.4,56.9,53.9,56.7,True,中科信息,False
2018-06-08,55.5,56.49,55.4,56.23,16601.0,93347423.0,55.5,56.49,55.4,56.23,True,中科信息,False
2018-06-11,56.66,57.78,56.0,56.45,19711.0,111268595.0,56.66,57.78,56.0,56.45,True,中科信息,False
2018-06-12,55.5,56.43,52.5,55.03,23234.0,127856702.0,55.5,56.43,52.5,55.03,True,中科信息,False
2018-06-13,52.82,55.2,52.82,53.4,13849.0,73953660.0,52.82,55.2,52.82,53.4,True,中科信息,False
2018-06-14,53.1,54.86,53.0,53.8,13164.0,70822320.0,53.1,54.86,53.0,53.8,True,中科信息,False
2018-06-15,54.0,54.2,51.01,51.93,16207.0,84162951.0,54.0,54.2,51.01,51.93,True,中科信息,False
2018-06-19,51.0,51.28,46.74,46.74,17038.0,79635612.0,51.0,51.28,46.74,46.74,True,中科信息,False
2018-06-20,47.34,49.23,47.34,48.7,16468.0,80199160.0,47.34,49.23,47.34,48.7,True,中科信息,False
2018-06-21,48.82,49.4,46.7,46.78,14186.0,66362108.0,48.82,49.4,46.7,46.78,True,中科信息,False
2018-06-22,47.18,48.49,46.05,48.4,12288.0,59473920.0,47.18,48.49,46.05,48.4,True,中科信息,False
2018-06-25,48.58,49.85,48.58,49.6,14124.0,70055040.0,48.58,49.85,48.58,49.6,True,中科信息,False
2018-06-26,49.03,51.43,48.3,51.23,23274.0,119232702.0,49.03,51.43,48.3,51.23,True,中科信息,False
2018-06-27,51.53,51.89,49.514,51.89,39335.0,113284800.0,28.6,28.8,27.48,28.8,True,中科信息,False
2018-06-28,51.8,57.074,51.116,56.912,132402.0,418257918.0,28.75,31.68,28.37,31.59,True,中科信息,False
2018-06-29,53.24,56.408,51.89,55.778,114768.0,355321728.0,29.55,31.31,28.8,30.96,True,中科信息,False
2018-07-02,54.284,55.778,52.25,53.87,66839.0,199848610.0,30.13,30.96,29.0,29.9,True,中科信息,False
2018-07-03,53.006,56.138,51.53,55.202,75580.0,231577120.0,29.42,31.16,28.6,30.64,True,中科信息,False
2018-07-04,54.23,54.41,49.694,50.234,60884.0,169744592.0,30.1,30.2,27.58,27.88,True,中科信息,False
2018-07-05,50.234,51.62,48.65,48.65,37103.0,100178100.0,27.88,28.65,27.0,27.0,True,中科信息,False
2018-07-06,49.01,50.36,46.94,49.01,37483.0,101953760.0,27.2,27.95,26.05,27.2,True,中科信息,False
2018-07-09,48.848,50.27,48.65,49.964,32433.0,89936709.0,27.11,27.9,27.0,27.73,True,中科信息,False
2018-07-10,49.37,51.242,49.352,51.224,43143.0,122655549.0,27.4,28.44,27.39,28.43,True,中科信息,False
2018-07-11,50.342,50.342,46.994,48.452,42476.0,114217964.0,27.94,27.94,26.08,26.89,True,中科信息,False
2018-07-12,49.01,50.882,48.65,50.342,42879.0,119803926.0,27.2,28.24,27.0,27.94,True,中科信息,False
2018-07-13,49.82,50.63,48.65,49.334,34514.0,94499332.0,27.65,28.1,27.0,27.38,True,中科信息,False
2018-07-16,49.1,49.73,48.758,49.316,19791.0,54167967.0,27.25,27.6,27.06,27.37,True,中科信息,False
2018-07-17,49.568,49.586,47.498,48.452,28257.0,75983073.0,27.51,27.52,26.36,26.89,True,中科信息,False
2018-07-18,48.272,48.974,46.994,47.138,26430.0,69140880.0,26.79,27.18,26.08,26.16,True,中科信息,False
2018-07-19,47.138,47.318,44.6,44.87,30551.0,76071990.0,26.16,26.26,24.75,24.9,True,中科信息,False
2018-07-20,45.212,45.86,44.708,45.41,20655.0,52050600.0,25.09,25.45,24.81,25.2,True,中科信息,False
2018-07-23,45.05,45.788,44.78,45.572,18131.0,45853299.0,25.0,25.41,24.85,25.29,True,中科信息,False
2018-07-24,45.644,46.706,45.05,46.292,25732.0,66105508.0,25.33,25.92,25.0,25.69,True,中科信息,False
2018-07-25,46.076,47.174,45.554,45.662,25592.0,64850128.0,25.57,26.18,25.28,25.34,True,中科信息,False
2018-07-26,45.734,46.094,43.466,43.52,31518.0,76115970.0,25.38,25.58,24.12,24.15,True,中科信息,False
2018-07-27,43.502,44.114,42.89,43.07,16057.0,38376230.0,24.14,24.48,23.8,23.9,True,中科信息,False
2018-07-30,43.07,43.682,39.65,40.838,25751.0,58351766.0,23.9,24.24,22.0,22.66,True,中科信息,False
2018-07-31,40.802,41.18,40.28,41.054,14377.0,32750806.0,22.64,22.85,22.35,22.78,True,中科信息,False
2018-08-01,41.162,41.378,39.47,39.686,24119.0,53110038.0,22.84,22.96,21.9,22.02,True,中科信息,False
2018-08-02,38.534,39.416,36.302,37.328,28108.0,58211668.0,21.38,21.87,20.14,20.71,True,中科信息,False
2018-08-03,37.58,38.318,37.22,37.22,21926.0,45277190.0,20.85,21.26,20.65,20.65,True,中科信息,False
2018-08-06,37.22,37.67,35.168,35.798,20245.0,40206570.0,20.65,20.9,19.51,19.86,True,中科信息,False
2018-08-07,35.798,37.472,35.798,37.346,28612.0,59284064.0,19.86,20.79,19.86,20.72,True,中科信息,False
2018-08-08,37.022,37.526,36.158,36.752,21991.0,44839649.0,20.54,20.82,20.06,20.39,True,中科信息,False
2018-08-09,36.698,40.424,36.23,40.424,50746.0,113823278.0,20.36,22.43,20.1,22.43,True,中科信息,False
2018-08-10,42.08,42.08,39.83,40.514,74685.0,167891880.0,23.35,23.35,22.1,22.48,True,中科信息,False
2018-08-13,38.93,41.144,38.534,40.946,47823.0,108653856.0,21.6,22.83,21.38,22.72,True,中科信息,False
2018-08-14,40.406,40.676,39.758,39.902,30756.0,68093784.0,22.42,22.57,22.06,22.14,True,中科信息,False
2018-08-15,39.884,40.73,38.588,39.182,26088.0,56715311.99999999,22.13,22.6,21.41,21.74,True,中科信息,False
2018-08-16,38.498,40.28,37.886,39.416,28489.0,62305443.0,21.36,22.35,21.02,21.87,True,中科信息,False
2018-08-17,39.506,40.496,37.94,38.192,22952.0,48635288.0,21.92,22.47,21.05,21.19,True,中科信息,False
2018-08-20,37.868,40.424,37.868,39.776,29077.0,64172939.0,21.01,22.43,21.01,22.07,True,中科信息,False
2018-08-21,39.632,42.854,38.822,40.55,51177.0,115148250.0,21.99,23.78,21.54,22.5,True,中科信息,False
2018-08-22,40.676,40.676,39.074,39.164,29447.0,63988331.0,22.57,22.57,21.68,21.73,True,中科信息,False
2018-08-23,39.29,41.27,39.074,40.262,47071.0,105156614.0,21.8,22.9,21.68,22.34,True,中科信息,False
2018-08-24,39.92,42.314,39.83,41.0,54794.0,124656350.0,22.15,23.48,22.1,22.75,True,中科信息,False
2018-08-27,40.964,42.764,40.046,42.242,56219.0,131777336.0,22.73,23.73,22.22,23.44,True,中科信息,False
2018-08-28,42.26,42.818,41.342,41.63,41489.0,95839590.0,23.45,23.76,22.94,23.1,True,中科信息,False
2018-08-29,41.558,42.638,41.018,41.828,40900.0,94928900.0,23.06,23.66,22.76,23.21,True,中科信息,False
2018-08-30,41.72,42.116,40.064,40.46,36217.0,81307165.0,23.15,23.37,22.23,22.45,True,中科信息,False
2018-08-31,40.172,40.568,38.75,38.804,31685.0,68217805.0,22.29,22.51,21.5,21.53,True,中科信息,False
2018-09-03,38.318,39.83,37.436,39.65,35392.0,77862400.0,21.26,22.1,20.77,22.0,True,中科信息,False
2018-09-04,39.92,41.036,39.434,40.55,40657.0,91478250.0,22.15,22.77,21.88,22.5,True,中科信息,False
2018-09-05,40.73,41.774,38.93,39.29,40023.0,87250140.0,22.6,23.18,21.6,21.8,True,中科信息,False
2018-09-06,39.11,43.214,38.768,41.648,111878.0,258550058.0,21.7,23.98,21.51,23.11,True,中科信息,False
2018-09-07,41.432,41.9,39.65,40.37,81205.0,181899200.0,22.99,23.25,22.0,22.4,True,中科信息,False
2018-09-10,40.388,40.388,37.634,38.084,51491.0,108800483.0,22.41,22.41,20.88,21.13,True,中科信息,False
2018-09-11,37.994,38.876,37.76,38.336,29680.0,63129360.0,21.08,21.57,20.95,21.27,True,中科信息,False
2018-09-12,38.642,39.11,38.12,38.66,27802.0,59635290.0,21.44,21.7,21.15,21.45,True,中科信息,False
2018-09-13,39.11,39.65,38.57,39.506,35237.0,77239504.0,21.7,22.0,21.4,21.92,True,中科信息,False
2018-09-14,39.29,39.506,38.156,38.39,27788.0,59188440.0,21.8,21.92,21.17,21.3,True,中科信息,False
2018-09-17,37.868,38.21,36.608,37.364,29344.0,60830112.0,21.01,21.2,20.31,20.73,True,中科信息,False
2018-09-18,36.95,38.066,36.68,38.03,25265.0,53309150.0,20.5,21.12,20.35,21.1,True,中科信息,False
2018-09-19,37.85,39.398,37.454,38.624,33993.0,72846999.0,21.0,21.86,20.78,21.43,True,中科信息,False
2018-09-20,38.138,38.642,37.922,38.174,23661.0,50113998.0,21.16,21.44,21.04,21.18,True,中科信息,False
2018-09-21,38.21,38.498,37.58,38.426,21849.0,46582068.0,21.2,21.36,20.85,21.32,True,中科信息,False
2018-09-25,37.922,38.93,37.85,38.642,17064.0,36585216.0,21.04,21.6,21.0,21.44,True,中科信息,False
2018-09-26,38.642,38.912,38.138,38.498,19101.0,40799736.0,21.44,21.59,21.16,21.36,True,中科信息,False
2018-09-27,38.516,38.822,36.86,36.968,28815.0,59099565.00000001,21.37,21.54,20.45,20.51,True,中科信息,False
2018-09-28,37.292,37.778,36.932,37.346,14422.0,29882384.0,20.69,20.96,20.49,20.72,True,中科信息,False
2018-10-08,36.41,36.5,34.826,34.934,24134.0,46771692.0,20.2,20.25,19.32,19.38,True,中科信息,False
2018-10-09,35.366,35.528,34.16,34.88,17017.0,32927895.000000004,19.62,19.71,18.95,19.35,True,中科信息,False
2018-10-10,34.862,35.816,34.61,35.546,17490.0,34490280.0,19.34,19.87,19.2,19.72,True,中科信息,False
2018-10-11,33.89,34.214,32.0,32.0,29524.0,52405100.0,18.8,18.98,17.75,17.75,True,中科信息,False
2018-10-12,31.838,31.874,29.426,31.298,24701.0,42880936.0,17.66,17.68,16.32,17.36,True,中科信息,False
2018-10-15,31.55,32.882,31.388,31.406,26645.0,46415590.00000001,17.5,18.24,17.41,17.42,True,中科信息,False
2018-10-16,31.154,32.774,31.154,31.892,23243.0,41116867.0,17.28,18.18,17.28,17.69,True,中科信息,False
2018-10-17,32.756,33.296,31.37,32.45,26304.0,47347200.0,18.17,18.47,17.4,18.0,True,中科信息,False
2018-10-18,31.73,32.126,30.29,30.992,27391.0,47085129.0,17.6,17.82,16.8,17.19,True,中科信息,False
2018-10-19,29.75,33.134,29.57,32.648,38257.0,69283427.0,16.5,18.38,16.4,18.11,True,中科信息,False
2018-10-22,32.504,34.898,32.504,33.926,42702.0,80365164.0,18.03,19.36,18.03,18.82,True,中科信息,False
2018-10-23,33.548,34.61,32.99,33.296,34459.0,63645772.99999999,18.61,19.2,18.3,18.47,True,中科信息,False
2018-10-24,33.368,33.962,32.774,33.332,18991.0,35114359.0,18.51,18.84,18.18,18.49,True,中科信息,False
2018-10-25,31.46,32.648,31.46,32.594,23434.0,42368671.99999999,17.45,18.11,17.45,18.08,True,中科信息,False
2018-10-26,32.936,33.53,32.252,32.45,19713.0,35483400.0,18.27,18.6,17.89,18.0,True,中科信息,False
2018-10-29,32.198,33.026,31.568,31.982,16383.0,29063442.0,17.86,18.32,17.51,17.74,True,中科信息,False
2018-10-30,32.09,32.504,30.83,32.216,21603.0,38604561.0,17.8,18.03,17.1,17.87,True,中科信息,False
2018-10-31,32.666,34.25,32.414,33.35,36765.0,68015250.0,18.12,19.0,17.98,18.5,True,中科信息,False
2018-11-01,36.68,36.68,36.68,36.68,21307.0,43359745.0,20.35,20.35,20.35,20.35,True,中科信息,False
2018-11-02,39.65,40.352,38.552,40.352,167220.0,374405580.0,22.0,22.39,21.39,22.39,True,中科信息,False
2018-11-05,40.01,43.232,39.47,41.756,194828.0,451416476.00000006,22.2,23.99,21.9,23.17,True,中科信息,False
2018-11-06,38.75,39.56,37.58,38.318,117502.0,249809252.00000003,21.5,21.95,20.85,21.26,True,中科信息,False
2018-11-07,38.372,40.622,37.526,39.956,114746.0,254391882.00000003,21.29,22.54,20.82,22.17,True,中科信息,False
2018-11-08,39.344,39.344,37.994,38.21,70912.0,150333440.0,21.83,21.83,21.08,21.2,True,中科信息,False
2018-11-09,38.138,39.29,37.868,38.12,45712.0,96680880.0,21.16,21.8,21.01,21.15,True,中科信息,False
2018-11-12,37.76,39.02,37.562,38.822,50831.0,109489974.0,20.95,21.65,20.84,21.54,True,中科信息,False
2018-11-13,38.03,41.432,37.778,39.722,94439.0,208143556.0,21.1,22.99,20.96,22.04,True,中科信息,False
2018-11-14,39.722,40.28,38.588,39.128,61347.0,133184337.0,22.04,22.35,21.41,21.71,True,中科信息,False
2018-11-15,39.128,42.332,39.128,41.072,115407.0,263012553.0,21.71,23.49,21.71,22.79,True,中科信息,False
2018-11-16,40.82,41.468,40.1,40.586,87411.0,196849572.0,22.65,23.01,22.25,22.52,True,中科信息,False
2018-11-19,40.37,40.64,39.2,40.316,57433.0,128477621.0,22.4,22.55,21.75,22.37,True,中科信息,False
2018-11-20,39.83,41.432,39.29,40.622,87183.0,196510482.0,22.1,22.99,21.8,22.54,True,中科信息,False
2018-11-21,39.434,40.388,38.66,39.398,56479.0,123463094.0,21.88,22.41,21.45,21.86,True,中科信息,False
2018-11-22,39.542,40.334,39.11,39.704,33258.0,73267374.0,21.94,22.38,21.7,22.03,True,中科信息,False
2018-11-23,39.812,39.992,35.744,36.032,56831.0,113605169.0,22.09,22.19,19.83,19.99,True,中科信息,False
2018-11-26,35.69,36.338,34.268,34.916,35531.0,68823547.0,19.8,20.16,19.01,19.37,True,中科信息,False
2018-11-27,35.222,35.69,34.61,35.168,25163.0,49093013.00000001,19.54,19.8,19.2,19.51,True,中科信息,False
2018-11-28,35.186,35.69,34.304,35.51,25813.0,50851610.0,19.52,19.8,19.03,19.7,True,中科信息,False
2018-11-29,35.96,36.464,34.052,34.088,32223.0,60933693.0,19.95,20.23,18.89,18.91,True,中科信息,False
2018-11-30,33.638,35.438,33.026,34.682,24578.0,47288071.99999999,18.66,19.66,18.32,19.24,True,中科信息,False
2018-12-03,35.744,36.284,35.348,35.906,29742.0,59246064.00000001,19.83,20.13,19.61,19.92,True,中科信息,False
2018-12-04,35.87,36.158,35.528,36.032,22167.0,44311833.0,19.9,20.06,19.71,19.99,True,中科信息,False
2018-12-05,35.456,35.654,34.934,35.222,21262.0,41545948.0,19.67,19.78,19.38,19.54,True,中科信息,False
2018-12-06,35.15,35.636,34.682,34.97,22215.0,43097100.0,19.5,19.77,19.24,19.4,True,中科信息,False
2018-12-07,34.988,37.634,34.556,35.96,35677.0,71175615.0,19.41,20.88,19.17,19.95,True,中科信息,False
2018-12-10,35.456,35.96,34.754,34.916,19164.0,37120668.0,19.67,19.95,19.28,19.37,True,中科信息,False
2018-12-11,34.952,35.402,34.862,35.186,14692.0,28678784.0,19.39,19.64,19.34,19.52,True,中科信息,False
2018-12-12,35.366,35.618,34.844,34.97,12543.0,24333420.0,19.62,19.76,19.33,19.4,True,中科信息,False
2018-12-13,35.06,35.438,34.646,35.294,20137.0,39428246.0,19.45,19.66,19.22,19.58,True,中科信息,False
2018-12-14,35.114,35.51,33.98,34.034,20471.0,38649248.0,19.48,19.7,18.85,18.88,True,中科信息,False
2018-12-17,33.746,34.736,33.638,34.502,12895.0,24681030.0,18.72,19.27,18.66,19.14,True,中科信息,False
2018-12-18,34.43,35.294,33.71,34.682,19104.0,36756096.0,19.1,19.58,18.7,19.24,True,中科信息,False
2018-12-19,34.574,34.664,33.8,33.926,12267.0,23086494.0,19.18,19.23,18.75,18.82,True,中科信息,False
2018-12-20,33.908,34.358,33.764,34.142,11574.0,21921156.0,18.81,19.06,18.73,18.94,True,中科信息,False
2018-12-21,34.034,34.61,33.782,34.556,15192.0,29123064.000000004,18.88,19.2,18.74,19.17,True,中科信息,False
2018-12-24,34.466,36.032,34.34,35.69,36267.0,71808660.0,19.12,19.99,19.05,19.8,True,中科信息,False
2018-12-25,34.988,36.482,34.07,36.356,43010.0,86751170.0,19.41,20.24,18.9,20.17,True,中科信息,False
2018-12-26,36.05,36.338,35.402,35.402,30864.0,60616896.0,20.0,20.16,19.64,19.64,True,中科信息,False
2018-12-27,36.104,36.23,34.25,34.25,26140.0,49666000.0,20.03,20.1,19.0,19.0,True,中科信息,False
2018-12-28,34.286,34.79,33.89,33.926,19129.0,36000778.0,19.02,19.3,18.8,18.82,True,中科信息,False
2019-01-02,34.034,34.484,33.764,33.89,10388.0,19529440.0,18.88,19.13,18.73,18.8,True,中科信息,False
2019-01-03,34.052,34.592,33.314,33.53,16006.0,29771160.000000004,18.89,19.19,18.48,18.6,True,中科信息,False
2019-01-04,33.116,36.77,32.63,35.51,39130.0,77086100.0,18.37,20.4,18.1,19.7,True,中科信息,False
2019-01-07,35.204,36.626,35.168,36.104,45816.0,91769448.0,19.53,20.32,19.51,20.03,True,中科信息,False
2019-01-08,35.87,36.032,35.474,35.78,27530.0,54647050.00000001,19.9,19.99,19.68,19.85,True,中科信息,False
2019-01-09,35.852,36.572,35.51,35.69,45414.0,89919720.0,19.89,20.29,19.7,19.8,True,中科信息,False
2019-01-10,35.42,35.69,34.88,35.06,31425.0,61121625.0,19.65,19.8,19.35,19.45,True,中科信息,False
2019-01-11,35.024,35.492,34.934,35.366,22139.0,43436718.0,19.43,19.69,19.38,19.62,True,中科信息,False
2019-01-14,35.69,35.69,34.088,34.196,24893.0,47222021.0,19.8,19.8,18.91,18.97,True,中科信息,False
2019-01-15,34.574,35.24,34.178,35.132,30752.0,59935647.99999999,19.18,19.55,18.96,19.49,True,中科信息,False
2019-01-16,35.06,37.85,34.88,36.05,62736.0,125472000.0,19.45,21.0,19.35,20.0,True,中科信息,False
2019-01-17,35.564,35.834,34.97,35.078,33471.0,65134566.0,19.73,19.88,19.4,19.46,True,中科信息,False
2019-01-18,34.952,35.402,34.286,34.916,24535.0,47524295.0,19.39,19.64,19.02,19.37,True,中科信息,False
2019-01-21,34.97,35.384,34.772,35.042,15896.0,30901824.000000004,19.4,19.63,19.29,19.44,True,中科信息,False
2019-01-22,34.934,35.024,34.322,34.484,14729.0,28176577.0,19.38,19.43,19.04,19.13,True,中科信息,False
2019-01-23,34.25,34.574,34.214,34.394,9703.0,18513324.0,19.0,19.18,18.98,19.08,True,中科信息,False
2019-01-24,34.394,35.78,34.34,35.096,26932.0,52436604.0,19.08,19.85,19.05,19.47,True,中科信息,False
2019-01-25,35.096,35.096,34.25,34.52,19989.0,38278935.0,19.47,19.47,19.0,19.15,True,中科信息,False
2019-01-28,34.88,34.88,34.196,34.322,14670.0,27931680.0,19.35,19.35,18.97,19.04,True,中科信息,False
2019-01-29,34.304,34.304,32.648,33.314,16640.0,30750720.0,19.03,19.03,18.11,18.48,True,中科信息,False
2019-01-30,33.224,33.584,32.63,32.666,12446.0,22552152.0,18.43,18.63,18.1,18.12,True,中科信息,False
2019-01-31,32.648,32.99,30.434,30.992,23043.0,39610917.0,18.11,18.3,16.88,17.19,True,中科信息,False
2019-02-01,31.19,32.162,31.046,32.036,13496.0,23982392.0,17.3,17.84,17.22,17.77,True,中科信息,False
2019-02-11,32.09,33.224,32.036,33.17,17503.0,32205520.0,17.8,18.43,17.77,18.4,True,中科信息,False
2019-02-12,33.152,33.674,33.026,33.368,23168.0,42883968.0,18.39,18.68,18.32,18.51,True,中科信息,False
2019-02-13,33.44,34.772,33.206,34.628,40004.0,76847684.0,18.55,19.29,18.42,19.21,True,中科信息,False
2019-02-14,34.43,35.33,34.106,35.312,38050.0,74539950.0,19.1,19.6,18.92,19.59,True,中科信息,False
2019-02-15,34.952,36.932,34.718,35.258,64063.0,125307228.0,19.39,20.49,19.26,19.56,True,中科信息,False
2019-02-18,35.924,36.77,35.582,36.644,64483.0,131093939.0,19.93,20.4,19.74,20.33,True,中科信息,False
2019-02-19,36.662,37.292,35.888,36.356,74275.0,149812675.0,20.34,20.69,19.91,20.17,True,中科信息,False
2019-02-20,36.05,36.302,35.348,36.05,42258.0,84516000.0,20.0,20.14,19.61,20.0,True,中科信息,False
2019-02-21,36.968,39.65,36.644,39.002,155368.0,336216352.0,20.51,22.0,20.33,21.64,True,中科信息,False
2019-02-22,37.472,39.362,37.13,39.128,113651.0,246736321.0,20.79,21.84,20.6,21.71,True,中科信息,False
2019-02-25,39.29,41.63,39.29,40.946,108982.0,247607104.0,21.8,23.1,21.8,22.72,True,中科信息,False
2019-02-26,40.73,45.032,40.028,45.032,142524.0,356167476.0,22.6,24.99,22.21,24.99,True,中科信息,False
2019-02-27,45.23,48.434,43.448,44.528,157363.0,388843973.0,25.1,26.88,24.11,24.71,True,中科信息,False
2019-02-28,43.502,44.672,42.674,43.7,73960.0,179353000.0,24.14,24.79,23.68,24.25,True,中科信息,False
2019-03-01,43.682,44.15,41.81,43.16,68541.0,164155695.0,24.24,24.5,23.2,23.95,True,中科信息,False
2019-03-04,43.61,47.48,43.61,45.41,130623.0,329169960.0,24.2,26.35,24.2,25.2,True,中科信息,False
2019-03-05,44.51,47.534,44.348,46.922,110075.0,286635300.0,24.7,26.38,24.61,26.04,True,中科信息,False
2019-03-06,46.85,47.786,45.302,47.732,115437.0,305792613.0,26.0,26.52,25.14,26.49,True,中科信息,False
2019-03-07,46.85,49.838,46.274,48.02,112812.0,300643980.0,26.0,27.66,25.68,26.65,True,中科信息,False
2019-03-08,45.95,51.98,44.834,48.74,147100.0,397905500.0,25.5,28.85,24.88,27.05,True,中科信息,False
2019-03-11,50.27,51.35,47.246,49.784,98552.0,272299176.0,27.9,28.5,26.22,27.63,True,中科信息,False
2019-03-12,49.55,51.35,48.884,49.892,99859.0,276509571.0,27.5,28.5,27.13,27.69,True,中科信息,False
2019-03-13,49.892,49.892,44.906,45.5,97289.0,245654725.0,27.69,27.69,24.92,25.25,True,中科信息,False
2019-03-14,45.05,45.086,42.62,43.52,60844.0,146938260.0,25.0,25.02,23.65,24.15,True,中科信息,False
2019-03-15,43.952,44.222,43.034,44.132,38912.0,95295488.0,24.39,24.54,23.88,24.49,True,中科信息,False
2019-03-18,44.078,44.978,43.016,44.834,42862.0,106640656.0,24.46,24.96,23.87,24.88,True,中科信息,False
2019-03-19,44.348,49.1,44.348,47.75,113508.0,300796200.0,24.61,27.25,24.61,26.5,True,中科信息,False
2019-03-20,48.038,48.11,45.95,47.048,82727.0,216000197.0,26.66,26.7,25.5,26.11,True,中科信息,False
2019-03-21,46.67,48.326,46.22,46.976,78810.0,205457670.0,25.9,26.82,25.65,26.07,True,中科信息,False
2019-03-22,46.274,46.832,44.726,45.968,56071.0,143037121.0,25.68,25.99,24.82,25.51,True,中科信息,False
2019-03-25,44.51,47.714,44.15,46.22,53493.0,137209545.0,24.7,26.48,24.5,25.65,True,中科信息,False
2019-03-26,46.49,47.714,45.068,45.68,53837.0,136476795.0,25.8,26.48,25.01,25.35,True,中科信息,False
2019-03-27,46.13,46.22,44.006,45.05,36909.0,92272500.0,25.6,25.65,24.42,25.0,True,中科信息,False
2019-03-28,44.384,46.094,44.366,44.924,33787.0,84230991.0,24.63,25.58,24.62,24.93,True,中科信息,False
2019-03-29,44.528,46.49,43.43,46.274,52203.0,134057304.0,24.71,25.8,24.1,25.68,True,中科信息,False
2019-04-01,46.31,48.452,46.31,48.218,81193.0,217272468.0,25.7,26.89,25.7,26.76,True,中科信息,False
2019-04-02,48.29,53.042,47.552,53.042,99510.0,292957440.0,26.8,29.44,26.39,29.44,True,中科信息,False
2019-04-03,53.924,56.822,50.99,52.052,154736.0,447032304.0,29.93,31.54,28.3,28.89,True,中科信息,False
2019-04-04,50.63,51.872,49.73,50.72,93991.0,264584665.0,28.1,28.79,27.6,28.15,True,中科信息,False
2019-04-08,50.45,50.576,47.984,49.064,65775.0,179105325.0,28.0,28.07,26.63,27.23,True,中科信息,False
2019-04-09,48.704,49.892,48.326,49.262,36452.0,99659768.0,27.03,27.69,26.82,27.34,True,中科信息,False
2019-04-10,48.524,48.974,47.39,48.02,39691.0,105776515.0,26.93,27.18,26.3,26.65,True,中科信息,False
2019-04-11,48.218,48.416,45.896,45.896,42946.0,109383462.0,26.76,26.87,25.47,25.47,True,中科信息,False
2019-04-12,45.77,46.814,45.68,46.706,29724.0,77044608.0,25.4,25.98,25.35,25.92,True,中科信息,False
2019-04-15,46.814,48.29,45.932,46.04,31997.0,81752335.0,25.98,26.8,25.49,25.55,True,中科信息,False
2019-04-16,45.23,47.408,44.564,47.39,33941.0,89264830.0,25.1,26.31,24.73,26.3,True,中科信息,False
2019-04-17,47.39,47.714,46.76,46.94,30863.0,80398115.0,26.3,26.48,25.95,26.05,True,中科信息,False
2019-04-18,46.85,47.192,45.734,45.734,24732.0,62769816.0,26.0,26.19,25.38,25.38,True,中科信息,False
2019-04-19,45.95,47.21,45.41,46.85,25736.0,66913600.0,25.5,26.2,25.2,26.0,True,中科信息,False
2019-04-22,46.562,46.796,44.996,45.266,26688.0,67040256.0,25.84,25.97,24.97,25.12,True,中科信息,False
2019-04-23,45.266,45.572,43.754,44.24,22129.0,54326695.0,25.12,25.29,24.28,24.55,True,中科信息,False
2019-04-24,44.474,45.68,44.15,45.356,25224.0,63488808.00000001,24.68,25.35,24.5,25.17,True,中科信息,False
2019-04-25,45.338,46.076,43.52,43.574,29126.0,70426668.0,25.16,25.57,24.15,24.18,True,中科信息,False
2019-04-26,43.484,46.382,43.394,44.816,52255.0,129958185.0,24.13,25.74,24.08,24.87,True,中科信息,False
2019-04-29,44.906,46.058,43.556,45.554,47076.0,119008128.0,24.92,25.56,24.17,25.28,True,中科信息,False
2019-04-30,46.13,46.4,41.0,41.0,64521.0,146785275.0,25.6,25.75,22.75,22.75,True,中科信息,False
2019-05-06,37.49,39.65,36.914,36.914,34833.0,71337984.0,20.8,22.0,20.48,20.48,True,中科信息,False
2019-05-07,36.734,37.616,35.618,37.04,33824.0,69508320.0,20.38,20.87,19.76,20.55,True,中科信息,False
2019-05-08,35.654,37.562,35.15,36.374,22352.0,45106336.0,19.78,20.84,19.5,20.18,True,中科信息,False
2019-05-09,36.32,36.968,36.086,36.104,16404.0,32857212.000000004,20.15,20.51,20.02,20.03,True,中科信息,False
2019-05-10,36.608,37.85,35.078,37.652,38853.0,81163917.0,20.31,21.0,19.46,20.89,True,中科信息,False
2019-05-13,36.986,38.21,36.608,37.184,24309.0,50149467.0,20.52,21.2,20.31,20.63,True,中科信息,False
2019-05-14,36.428,37.598,36.428,36.896,19572.0,40063884.0,20.21,20.86,20.21,20.47,True,中科信息,False
2019-05-15,37.436,37.634,37.058,37.418,20951.0,43494276.0,20.77,20.88,20.56,20.76,True,中科信息,False
2019-05-16,37.4,39.434,36.95,38.174,38659.0,81879762.0,20.75,21.88,20.5,21.18,True,中科信息,False
2019-05-17,37.886,38.75,35.726,36.014,34461.0,68853078.0,21.02,21.5,19.82,19.98,True,中科信息,False
2019-05-20,36.032,37.094,35.798,36.86,21036.0,43018620.0,19.99,20.58,19.86,20.45,True,中科信息,False
2019-05-21,36.86,38.21,36.5,37.706,27235.0,56975620.00000001,20.45,21.2,20.25,20.92,True,中科信息,False
2019-05-22,37.796,38.57,37.31,38.444,35191.0,75062403.0,20.97,21.4,20.7,21.33,True,中科信息,False
2019-05-23,39.02,39.182,36.95,37.13,26324.0,54227440.00000001,21.65,21.74,20.5,20.6,True,中科信息,False
2019-05-24,36.752,37.256,35.978,35.978,21281.0,42476876.0,20.39,20.67,19.96,19.96,True,中科信息,False
2019-05-27,36.284,38.03,35.978,37.814,29609.0,62119682.0,20.13,21.1,19.96,20.98,True,中科信息,False
2019-05-28,37.85,38.534,37.4,37.652,28885.0,60340765.0,21.0,21.38,20.75,20.89,True,中科信息,False
2019-05-29,37.544,38.588,37.4,38.156,27719.0,58681123.00000001,20.83,21.41,20.75,21.17,True,中科信息,False
2019-05-30,38.03,38.03,36.5,37.238,24816.0,51269856.0,21.1,21.1,20.25,20.66,True,中科信息,False
2019-05-31,37.526,38.93,36.824,37.94,35124.0,73936020.0,20.82,21.6,20.43,21.05,True,中科信息,False
2019-06-03,37.688,40.784,36.824,39.29,60079.0,130972220.0,20.91,22.63,20.43,21.8,True,中科信息,False
2019-06-04,38.462,40.64,38.246,39.938,58018.0,128567888.0,21.34,22.55,21.22,22.16,True,中科信息,False
2019-06-05,40.046,41.594,39.47,40.982,60433.0,137424642.0,22.22,23.08,21.9,22.74,True,中科信息,False
2019-06-06,40.19,41.954,39.506,39.668,51711.0,113815911.0,22.3,23.28,21.92,22.01,True,中科信息,False
2019-06-10,39.83,40.442,38.93,40.19,35964.0,80199720.0,22.1,22.44,21.6,22.3,True,中科信息,False
2019-06-11,39.686,41.576,39.29,41.252,53318.0,122044902.0,22.02,23.07,21.8,22.89,True,中科信息,False
2019-06-12,41.144,42.674,40.55,41.72,57314.0,132681910.0,22.83,23.68,22.5,23.15,True,中科信息,False
2019-06-13,41.108,44.222,40.964,42.692,72033.0,170646177.0,22.81,24.54,22.73,23.69,True,中科信息,False
2019-06-14,42.656,46.148,42.656,43.988,92396.0,225076656.0,23.62,25.56,23.62,24.36,True,中科信息,False
2019-06-17,44.402,44.402,42.44,43.142,52524.0,125479836.0,24.59,24.59,23.5,23.89,True,中科信息,False
2019-06-18,42.746,47.444,42.746,47.444,101693.0,267249204.0,23.67,26.28,23.67,26.28,True,中科信息,False
2019-06-19,50.54,52.142,45.176,45.32,176982.0,444224820.0,28.0,28.89,25.02,25.1,True,中科信息,False
2019-06-20,42.44,43.178,40.802,41.9,134803.0,312742960.0,23.5,23.91,22.59,23.2,True,中科信息,False
2019-06-21,41.846,44.096,41.81,43.052,98878.0,235725152.0,23.17,24.42,23.15,23.84,True,中科信息,False
2019-06-24,42.44,42.872,41.648,41.792,48535.0,112309990.0,23.5,23.74,23.06,23.14,True,中科信息,False
2019-06-25,42.638,44.24,42.08,43.052,75609.0,180251856.0,23.61,24.5,23.3,23.84,True,中科信息,False
2019-06-26,42.134,43.322,41.648,42.26,45425.0,106294500.0,23.33,23.99,23.06,23.4,True,中科信息,False
2019-06-27,41.9,42.8,41.72,42.026,41745.0,97140615.0,23.2,23.7,23.1,23.27,True,中科信息,False
2019-06-28,41.828,41.936,38.948,39.758,53324.0,117366124.0,23.16,23.22,21.56,22.01,True,中科信息,False
2019-07-01,40.64,40.892,40.19,40.82,46289.0,104613140.0,22.5,22.64,22.25,22.6,True,中科信息,False
2019-07-02,40.622,41.45,40.514,40.892,31594.0,71528816.0,22.49,22.95,22.43,22.64,True,中科信息,False
2019-07-03,40.64,40.784,39.524,39.758,26805.0,58997805.00000001,22.5,22.58,21.88,22.01,True,中科信息,False
2019-07-04,40.1,40.298,38.696,38.912,24837.0,53498898.0,22.2,22.31,21.42,21.54,True,中科信息,False
2019-07-05,38.84,39.848,38.84,39.452,19699.0,43022616.0,21.5,22.06,21.5,21.84,True,中科信息,False
2019-07-08,39.542,40.46,39.038,39.218,36830.0,79957930.0,21.89,22.4,21.61,21.71,True,中科信息,False
2019-07-09,38.228,38.552,37.256,38.318,30918.0,65577078.0,21.16,21.34,20.62,21.21,True,中科信息,False
2019-07-10,38.12,38.75,37.724,37.796,19933.0,41699836.0,21.1,21.45,20.88,20.92,True,中科信息,False
2019-07-11,37.58,38.318,36.914,37.184,18457.0,37984506.0,20.8,21.21,20.43,20.58,True,中科信息,False
2019-07-12,37.256,37.868,36.824,37.526,16097.0,33433469.0,20.62,20.96,20.38,20.77,True,中科信息,False
2019-07-15,37.364,38.732,37.058,38.462,19017.0,40487193.0,20.68,21.44,20.51,21.29,True,中科信息,False
2019-07-16,38.192,38.552,37.868,38.3,15759.0,33409080.0,21.14,21.34,20.96,21.2,True,中科信息,False
2019-07-17,38.282,39.02,37.778,38.12,19660.0,41482600.0,21.19,21.6,20.91,21.1,True,中科信息,False
2019-07-18,38.21,38.228,36.914,36.95,21881.0,44746645.0,21.15,21.16,20.43,20.45,True,中科信息,False
2019-07-19,37.022,37.976,37.022,37.472,16681.0,34596394.0,20.49,21.02,20.49,20.74,True,中科信息,False
2019-07-22,37.616,37.616,35.528,35.78,23452.0,46434960.0,20.82,20.82,19.66,19.8,True,中科信息,False
2019-07-23,35.456,36.842,35.456,36.644,17750.0,35997000.0,19.62,20.39,19.62,20.28,True,中科信息,False
2019-07-24,36.572,37.994,36.572,37.58,23404.0,48680320.0,20.24,21.03,20.24,20.8,True,中科信息,False
2019-07-25,37.418,38.03,37.31,37.598,18459.0,38413179.0,20.71,21.05,20.65,20.81,True,中科信息,False
2019-07-26,37.382,39.182,36.878,38.174,33077.0,69891701.0,20.69,21.69,20.41,21.13,True,中科信息,False
2019-07-29,37.67,37.904,37.184,37.418,25105.0,51992455.0,20.85,20.98,20.58,20.71,True,中科信息,False
2019-07-30,37.274,37.94,37.274,37.562,19061.0,39627819.0,20.63,21.0,20.63,20.79,True,中科信息,False
2019-07-31,37.184,38.282,37.184,37.94,21200.0,44520000.0,20.58,21.19,20.58,21.0,True,中科信息,False
2019-08-01,37.22,37.562,36.788,37.22,27568.0,56790080.00000001,20.6,20.79,20.36,20.6,True,中科信息,False
2019-08-02,36.644,36.644,33.53,36.14,21897.0,43794000.0,20.28,20.28,18.55,20.0,True,中科信息,False
2019-08-05,36.176,37.256,36.14,36.302,21814.0,43824326.0,20.02,20.62,20.0,20.09,True,中科信息,False
2019-08-06,36.23,36.23,33.998,35.15,24589.0,47825605.0,20.05,20.05,18.81,19.45,True,中科信息,False
2019-08-07,35.438,35.654,34.574,34.664,15609.0,29938062.0,19.61,19.73,19.13,19.18,True,中科信息,False
2019-08-08,34.808,35.204,34.538,34.736,11850.0,22775700.0,19.26,19.48,19.11,19.22,True,中科信息,False
2019-08-09,35.168,35.222,34.016,34.088,14523.0,27390378.0,19.46,19.49,18.82,18.86,True,中科信息,False
2019-08-12,34.088,34.898,34.034,34.79,11912.0,22930600.0,18.86,19.31,18.83,19.25,True,中科信息,False
2019-08-13,34.358,35.384,34.358,35.042,17747.0,34411433.0,19.01,19.58,19.01,19.39,True,中科信息,False
2019-08-14,35.6,35.78,34.898,35.06,14662.0,28444280.0,19.7,19.8,19.31,19.4,True,中科信息,False
2019-08-15,34.268,35.582,34.142,35.474,16183.0,31767229.0,18.96,19.69,18.89,19.63,True,中科信息,False
2019-08-16,35.528,36.824,35.33,36.59,37801.0,76547025.0,19.66,20.38,19.55,20.25,True,中科信息,False
2019-08-19,36.032,38.12,35.924,37.886,50695.0,106307415.0,19.94,21.1,19.88,20.97,True,中科信息,False
2019-08-20,37.472,37.94,36.932,37.166,32547.0,66949179.0,20.74,21.0,20.44,20.57,True,中科信息,False
2019-08-21,37.166,37.67,36.95,37.238,19833.0,40875813.0,20.57,20.85,20.45,20.61,True,中科信息,False
2019-08-22,37.31,37.454,36.644,37.076,17351.0,35604252.0,20.65,20.73,20.28,20.52,True,中科信息,False
2019-08-23,37.4,37.796,36.554,36.842,20410.0,41615990.0,20.7,20.92,20.23,20.39,True,中科信息,False
2019-08-26,35.96,37.076,35.564,36.464,21671.0,43732078.0,19.9,20.52,19.68,20.18,True,中科信息,False
2019-08-27,36.554,37.652,36.554,37.616,32923.0,68545686.0,20.23,20.84,20.23,20.82,True,中科信息,False
2019-08-28,37.346,38.624,37.346,37.742,46168.0,96444952.0,20.67,21.38,20.67,20.89,True,中科信息,False
2019-08-29,38.48,39.344,37.904,37.94,60597.0,127253700.0,21.3,21.78,20.98,21.0,True,中科信息,False
2019-08-30,37.994,40.1,37.616,38.21,66666.0,140998590.0,21.03,22.2,20.82,21.15,True,中科信息,False
2019-09-02,37.958,39.452,37.22,39.38,58933.0,128473940.0,21.01,21.84,20.6,21.8,True,中科信息,False
2019-09-03,39.38,39.758,38.876,39.74,49082.0,107980400.0,21.8,22.01,21.52,22.0,True,中科信息,False
2019-09-04,39.578,41.522,39.398,40.856,67166.0,151929492.0,21.91,22.99,21.81,22.62,True,中科信息,False
2019-09-05,40.73,42.782,40.442,42.134,85767.0,200094411.0,22.55,23.69,22.39,23.33,True,中科信息,False
2019-09-06,43.7,43.736,40.676,41.36,82513.0,188954770.0,24.2,24.22,22.52,22.9,True,中科信息,False
2019-09-09,41.45,42.854,41.18,42.764,67767.0,160472256.0,22.95,23.73,22.8,23.68,True,中科信息,False
2019-09-10,42.422,43.07,41.18,41.846,52181.0,120903377.0,23.49,23.85,22.8,23.17,True,中科信息,False
2019-09-11,42.548,42.566,41.144,41.216,42252.0,96419064.0,23.56,23.57,22.78,22.82,True,中科信息,False
2019-09-12,41.504,42.71,41.108,42.242,52990.0,123943610.0,22.98,23.65,22.76,23.39,True,中科信息,False
2019-09-16,42.242,44.528,42.08,43.52,70131.0,169015710.0,23.39,24.66,23.3,24.1,True,中科信息,False
2019-09-17,43.16,44.42,42.44,43.322,84916.0,203713484.0,23.9,24.6,23.5,23.99,True,中科信息,False
2019-09-18,43.682,45.662,42.836,45.23,118518.0,296887590.0,24.19,25.29,23.72,25.05,True,中科信息,False
2019-09-19,44.564,47.444,44.024,46.058,117911.0,300790961.0,24.68,26.28,24.38,25.51,True,中科信息,False
2019-09-20,45.32,46.742,44.78,44.978,80380.0,200226580.0,25.1,25.89,24.8,24.91,True,中科信息,False
2019-09-23,44.276,44.42,42.134,42.89,68638.0,163015250.0,24.52,24.6,23.33,23.75,True,中科信息,False
2019-09-24,42.872,43.844,42.386,42.926,51599.0,122650823.0,23.74,24.28,23.47,23.77,True,中科信息,False
2019-09-25,42.71,42.998,41.18,41.54,46152.0,106149600.0,23.65,23.81,22.8,23.0,True,中科信息,False
2019-09-26,41.558,41.864,39.65,39.74,46184.0,101604800.0,23.01,23.18,21.95,22.0,True,中科信息,False
2019-09-27,39.974,40.55,39.596,40.1,37131.0,82430820.0,22.13,22.45,21.92,22.2,True,中科信息,False
2019-09-30,40.19,40.244,38.696,38.966,26979.0,58193703.0,22.25,22.28,21.42,21.57,True,中科信息,False
2019-10-08,38.858,39.488,37.832,38.12,26227.0,55338970.00000001,21.51,21.86,20.94,21.1,True,中科信息,False
2019-10-09,37.958,38.624,37.4,38.624,19148.0,40938424.0,21.01,21.38,20.7,21.38,True,中科信息,False
2019-10-10,38.534,39.398,38.48,39.218,22708.0,49299068.0,21.33,21.81,21.3,21.71,True,中科信息,False
2019-10-11,39.128,39.848,38.606,39.2,29696.0,64440320.0,21.66,22.06,21.37,21.7,True,中科信息,False
2019-10-14,39.326,40.37,39.308,40.262,32247.0,71878563.0,21.77,22.35,21.76,22.29,True,中科信息,False
2019-10-15,39.902,40.622,39.434,39.866,28558.0,63027506.0,22.09,22.49,21.83,22.07,True,中科信息,False
2019-10-16,39.992,42.764,39.848,41.72,68071.0,157244010.0,22.14,23.68,22.06,23.1,True,中科信息,False
2019-10-17,41.63,42.548,40.748,41.972,46269.0,107529156.0,23.05,23.56,22.56,23.24,True,中科信息,False
2019-10-18,41.972,41.99,40.064,40.1,35567.0,78958740.0,23.24,23.25,22.18,22.2,True,中科信息,False
2019-10-21,39.758,44.096,39.236,44.096,115444.0,281914248.0,22.01,24.42,21.72,24.42,True,中科信息,False
2019-10-22,43.34,44.762,42.584,43.7,111028.0,268687760.0,24.0,24.79,23.58,24.2,True,中科信息,False
2019-10-23,42.818,43.628,42.008,42.08,65795.0,153302350.0,23.71,24.16,23.26,23.3,True,中科信息,False
2019-10-24,42.188,42.476,40.82,41.9,50516.0,117197120.0,23.36,23.52,22.6,23.2,True,中科信息,False
2019-10-25,41.54,42.026,40.658,41.468,42856.0,98397376.0,23.0,23.27,22.51,22.96,True,中科信息,False
2019-10-28,43.34,45.608,41.954,45.608,158694.0,400861044.0,24.0,25.26,23.23,25.26,True,中科信息,False
2019-10-29,47.732,47.822,43.7,43.79,164454.0,398800950.0,26.44,26.49,24.2,24.25,True,中科信息,False
2019-10-30,43.16,43.754,41.54,41.648,90968.0,209772208.0,23.9,24.23,23.0,23.06,True,中科信息,False
2019-10-31,41.9,42.188,39.308,39.596,72369.0,158632848.0,23.2,23.36,21.76,21.92,True,中科信息,False
2019-11-01,38.84,39.56,38.498,39.092,45385.0,98213140.0,21.5,21.9,21.31,21.64,True,中科信息,False
2019-11-04,39.47,39.938,38.84,39.038,38868.0,83993748.0,21.85,22.11,21.5,21.61,True,中科信息,False
2019-11-05,38.93,39.434,38.21,39.056,36705.0,79356210.0,21.55,21.83,21.15,21.62,True,中科信息,False
2019-11-06,39.092,39.308,37.616,38.372,49945.0,106083180.0,21.64,21.76,20.82,21.24,True,中科信息,False
2019-11-07,38.57,39.2,38.228,38.984,30892.0,66664935.99999999,21.35,21.7,21.16,21.58,True,中科信息,False
2019-11-08,39.74,39.884,39.02,39.236,37547.0,81552084.0,22.0,22.08,21.6,21.72,True,中科信息,False
2019-11-11,38.876,38.876,37.652,37.814,35714.0,74749402.0,21.52,21.52,20.84,20.93,True,中科信息,False
2019-11-12,37.472,38.012,36.68,37.58,27811.0,57846880.0,20.74,21.04,20.3,20.8,True,中科信息,False
2019-11-13,37.724,38.336,37.31,38.048,26853.0,56552418.0,20.88,21.22,20.65,21.06,True,中科信息,False
2019-11-14,37.4,38.138,37.184,37.886,24240.0,50831280.0,20.7,21.11,20.58,20.97,True,中科信息,False
2019-11-15,37.958,38.174,37.04,37.058,20997.0,43064847.0,21.01,21.13,20.5,20.51,True,中科信息,False
2019-11-18,37.22,37.76,36.878,37.508,15950.0,33112200.000000004,20.6,20.9,20.41,20.76,True,中科信息,False
2019-11-19,37.508,38.894,37.508,38.894,31818.0,68504154.0,20.76,21.53,20.76,21.53,True,中科信息,False
2019-11-20,39.182,39.326,38.048,38.426,34708.0,73823916.0,21.69,21.77,21.06,21.27,True,中科信息,False
2019-11-21,38.12,39.164,38.066,38.786,21219.0,45557193.0,21.1,21.68,21.07,21.47,True,中科信息,False
2019-11-22,38.48,39.056,37.22,37.616,32200.0,67040400.0,21.3,21.62,20.6,20.82,True,中科信息,False
2019-11-25,37.742,37.922,36.824,37.076,17994.0,36923688.0,20.89,20.99,20.38,20.52,True,中科信息,False
2019-11-26,37.238,37.454,36.572,36.698,16711.0,33940041.0,20.61,20.73,20.24,20.31,True,中科信息,False
2019-11-27,36.734,37.31,36.32,36.86,12660.0,25826400.0,20.33,20.65,20.1,20.4,True,中科信息,False
2019-11-28,36.734,37.076,36.41,36.464,11718.0,23646924.0,20.33,20.52,20.15,20.18,True,中科信息,False
2019-11-29,36.5,36.842,36.302,36.716,11823.0,24024336.0,20.2,20.39,20.09,20.32,True,中科信息,False
2019-12-02,37.04,37.13,36.554,36.86,8960.0,18278400.0,20.5,20.55,20.23,20.4,True,中科信息,False
2019-12-03,36.428,36.95,36.338,36.896,14432.0,29470144.000000004,20.16,20.45,20.11,20.42,True,中科信息,False
2019-12-04,36.77,37.22,36.59,36.842,14215.0,28984385.0,20.35,20.6,20.25,20.39,True,中科信息,False
2019-12-05,37.004,37.562,36.86,37.454,26977.0,55923321.0,20.48,20.79,20.4,20.73,True,中科信息,False
2019-12-06,37.85,37.94,37.238,37.94,18945.0,39784500.0,20.95,21.0,20.61,21.0,True,中科信息,False
2019-12-09,37.922,38.57,37.652,38.408,26044.0,55369544.00000001,20.99,21.35,20.84,21.26,True,中科信息,False
2019-12-10,38.3,39.38,37.76,39.29,37201.0,80912175.0,21.2,21.8,20.9,21.75,True,中科信息,False
2019-12-11,39.668,43.106,38.948,42.44,78987.0,185619450.0,21.96,23.87,21.56,23.5,True,中科信息,False
2019-12-12,42.422,42.422,40.658,41.774,68019.0,157327947.0,23.49,23.49,22.51,23.13,True,中科信息,False
2019-12-13,41.594,43.7,41.036,42.26,114463.0,267843420.0,23.03,24.2,22.72,23.4,True,中科信息,False
2019-12-16,41.9,42.512,41.27,42.278,46976.0,109970816.0,23.2,23.54,22.85,23.41,True,中科信息,False
2019-12-17,41.936,42.62,41.576,42.008,54370.0,126464620.0,23.22,23.6,23.02,23.26,True,中科信息,False
2019-12-18,41.72,42.944,41.72,42.26,59135.0,138375900.0,23.1,23.78,23.1,23.4,True,中科信息,False
2019-12-19,42.17,43.628,41.936,43.214,81546.0,195139578.0,23.35,24.16,23.22,23.93,True,中科信息,False
2019-12-20,43.214,43.322,41.108,41.18,52904.0,120621120.0,23.93,23.99,22.76,22.8,True,中科信息,False
2019-12-23,41.504,41.936,39.704,39.794,38926.0,85753978.0,22.98,23.22,21.98,22.03,True,中科信息,False
2019-12-24,39.848,41.414,39.848,40.982,31518.0,71514342.0,22.06,22.93,22.06,22.69,True,中科信息,False
2019-12-25,40.874,41.792,40.514,41.36,45943.0,105209470.0,22.63,23.14,22.43,22.9,True,中科信息,False
2019-12-26,40.118,40.352,38.354,40.316,71471.0,159523272.0,22.21,22.34,21.23,22.32,True,中科信息,False
2019-12-27,39.938,40.892,39.434,39.506,42581.0,93124647.0,22.11,22.64,21.83,21.87,True,中科信息,False
2019-12-30,39.02,40.01,38.948,39.578,35193.0,77107863.0,21.6,22.15,21.56,21.91,True,中科信息,False
2019-12-31,39.596,39.848,38.624,38.948,33744.0,72752064.0,21.92,22.06,21.38,21.56,True,中科信息,False
2020-01-02,39.182,40.262,39.038,40.082,41554.0,92208326.0,21.69,22.29,21.61,22.19,True,中科信息,False
2020-01-03,40.064,41.684,39.848,41.198,63177.0,144106737.0,22.18,23.08,22.06,22.81,True,中科信息,False
2020-01-06,40.766,42.08,40.532,41.684,66312.0,153048096.0,22.57,23.3,22.44,23.08,True,中科信息,False
2020-01-07,41.828,41.972,41.216,41.936,40014.0,92912508.0,23.16,23.24,22.82,23.22,True,中科信息,False
2020-01-08,41.666,41.882,40.46,41.144,44733.0,101901774.0,23.07,23.19,22.4,22.78,True,中科信息,False
2020-01-09,41.378,42.53,41.378,42.17,58550.0,136714250.0,22.91,23.55,22.91,23.35,True,中科信息,False
2020-01-10,42.242,42.818,41.684,41.882,46995.0,108981405.0,23.39,23.71,23.08,23.19,True,中科信息,False
2020-01-13,41.882,44.384,41.702,43.43,76555.0,184114775.0,23.19,24.58,23.09,24.05,True,中科信息,False
2020-01-14,43.25,43.34,42.26,42.35,45448.0,106575560.0,23.95,24.0,23.4,23.45,True,中科信息,False
2020-01-15,42.35,43.304,42.08,42.584,37452.0,88311816.0,23.45,23.98,23.3,23.58,True,中科信息,False
2020-01-16,42.818,43.646,42.44,42.548,32564.0,76720784.0,23.71,24.17,23.5,23.56,True,中科信息,False
2020-01-17,42.584,43.232,41.954,42.224,34060.0,79632280.0,23.58,23.94,23.23,23.38,True,中科信息,False
2020-01-20,41.63,43.61,41.63,43.574,42500.0,102552500.0,23.05,24.15,23.05,24.13,True,中科信息,False
2020-01-21,42.926,43.16,41.648,41.792,47117.0,109028738.0,23.77,23.9,23.06,23.14,True,中科信息,False
2020-01-22,41.54,42.44,40.262,41.756,36356.0,84055072.0,23.0,23.5,22.29,23.12,True,中科信息,False
2020-01-23,41.378,42.926,39.758,40.28,46685.0,104107550.0,22.91,23.77,22.01,22.3,True,中科信息,False
2020-02-03,36.266,36.266,36.266,36.266,5594.0,11227158.0,20.07,20.07,20.07,20.07,True,中科信息,False
2020-02-04,32.648,36.104,32.648,35.528,59209.0,116404894.0,18.06,19.98,18.06,19.66,True,中科信息,False
2020-02-05,35.636,37.22,35.564,35.96,46063.0,91665370.0,19.72,20.6,19.68,19.9,True,中科信息,False
2020-02-06,35.96,37.49,35.852,36.968,41169.0,84231774.0,19.9,20.75,19.84,20.46,True,中科信息,False
2020-02-07,37.31,38.21,36.554,38.066,44662.0,94102834.0,20.65,21.15,20.23,21.07,True,中科信息,False
2020-02-10,37.886,38.714,37.598,38.462,34586.0,73633594.0,20.97,21.43,20.81,21.29,True,中科信息,False
2020-02-11,38.462,38.57,37.454,37.796,26723.0,55904516.00000001,21.29,21.35,20.73,20.92,True,中科信息,False
2020-02-12,37.67,38.66,37.508,38.534,37635.0,80275455.0,20.85,21.4,20.76,21.33,True,中科信息,False
2020-02-13,38.66,38.822,37.778,38.12,30356.0,64051160.00000001,21.4,21.49,20.91,21.1,True,中科信息,False
2020-02-14,38.336,39.11,38.102,38.426,39485.0,83984595.0,21.22,21.65,21.09,21.27,True,中科信息,False
2020-02-17,38.75,40.028,38.408,39.902,48954.0,108139386.0,21.45,22.16,21.26,22.09,True,中科信息,False
2020-02-18,39.722,41.378,39.452,41.0,47246.0,107248420.0,21.99,22.91,21.84,22.7,True,中科信息,False
2020-02-19,40.982,42.44,40.46,41.126,57639.0,131244003.0,22.69,23.5,22.4,22.77,True,中科信息,False
2020-02-20,41.126,42.314,40.568,42.26,53476.0,125133840.0,22.77,23.43,22.46,23.4,True,中科信息,False
2020-02-21,42.53,43.988,42.26,43.052,80707.0,192405488.0,23.55,24.36,23.4,23.84,True,中科信息,False
2020-02-24,43.34,47.336,43.232,47.336,152207.0,399086754.0,24.0,26.22,23.94,26.22,True,中科信息,False
2020-02-25,45.842,49.694,43.97,48.11,223732.0,596245780.0,25.39,27.53,24.35,26.65,True,中科信息,False
2020-02-26,46.256,47.48,44.15,44.402,149308.0,367148372.0,25.62,26.3,24.45,24.59,True,中科信息,False
2020-02-27,44.366,45.428,42.62,44.096,99082.0,241958244.00000003,24.57,25.16,23.6,24.42,True,中科信息,False
2020-02-28,41.54,43.34,40.946,41.036,76627.0,174096544.0,23.0,24.0,22.67,22.72,True,中科信息,False
2020-03-02,41.576,43.016,41.576,42.548,55167.0,129973452.0,23.02,23.82,23.02,23.56,True,中科信息,False
2020-03-03,43.25,44.87,41.9,42.53,75574.0,177976770.0,23.95,24.85,23.2,23.55,True,中科信息,False
2020-03-04,42.53,46.778,42.188,46.778,176382.0,457005762.0,23.55,25.91,23.36,25.91,True,中科信息,False
2020-03-05,48.254,49.604,46.04,47.462,193241.0,508030589.0,26.73,27.48,25.5,26.29,True,中科信息,False
2020-03-06,46.49,46.94,45.104,45.446,98674.0,248362458.00000003,25.75,26.0,24.98,25.17,True,中科信息,False
2020-03-09,44.348,47.21,43.7,44.69,96843.0,239686425.0,24.56,26.15,24.2,24.75,True,中科信息,False
2020-03-10,43.916,49.154,43.916,49.154,150077.0,408659671.0,24.32,27.23,24.32,27.23,True,中科信息,False
2020-03-11,51.44,51.782,46.958,46.958,206369.0,536765769.00000006,28.5,28.69,26.01,26.01,True,中科信息,False
2020-03-12,45.284,49.946,45.284,49.1,159977.0,435137440.0,25.08,27.67,25.08,27.2,True,中科信息,False
2020-03-13,46.94,53.024,46.58,51.584,170986.0,488677988.0,26.0,29.38,25.8,28.58,True,中科信息,False
2020-03-16,51.116,52.322,46.436,46.436,139972.0,360007984.0,28.32,28.99,25.72,25.72,True,中科信息,False
2020-03-17,48.2,48.2,43.7,46.868,87116.0,226153136.0,26.7,26.7,24.2,25.96,True,中科信息,False
2020-03-18,46.922,47.84,43.34,44.222,102876.0,251943324.0,25.99,26.5,24.0,24.49,True,中科信息,False
2020-03-19,43.358,45.932,43.358,45.212,68390.0,171248560.0,24.01,25.44,24.01,25.04,True,中科信息,False
2020-03-20,45.536,45.932,43.97,44.96,52859.0,131618910.0,25.22,25.44,24.35,24.9,True,中科信息,False
2020-03-23,42.62,44.096,40.478,41.702,67499.0,155855191.0,23.6,24.42,22.41,23.09,True,中科信息,False
2020-03-24,42.98,43.7,41.036,43.7,57713.0,139665460.0,23.8,24.2,22.72,24.2,True,中科信息,False
2020-03-25,44.24,44.654,43.466,43.898,58392.0,141950952.0,24.5,24.73,24.07,24.31,True,中科信息,False
2020-03-26,43.322,44.924,42.782,43.43,44802.0,107748810.0,23.99,24.88,23.69,24.05,True,中科信息,False
2020-03-27,44.78,44.78,42.8,42.98,40829.0,97173020.0,24.8,24.8,23.7,23.8,True,中科信息,False
2020-03-30,41.9,42.368,39.344,39.74,55784.0,122724800.0,23.2,23.46,21.78,22.0,True,中科信息,False
2020-03-31,40.262,40.388,37.886,38.192,53306.0,112688884.0,22.29,22.36,20.97,21.14,True,中科信息,False
2020-04-01,37.94,39.182,37.4,37.76,38507.0,80479630.0,21.0,21.69,20.7,20.9,True,中科信息,False
2020-04-02,37.742,39.056,37.256,39.056,41380.0,89463560.0,20.89,21.62,20.62,21.62,True,中科信息,False
2020-04-03,38.75,39.056,37.76,38.102,29175.0,61530075.0,21.45,21.62,20.9,21.09,True,中科信息,False
2020-04-07,39.092,39.542,38.84,39.29,40397.0,87863475.0,21.64,21.89,21.5,21.75,True,中科信息,False
2020-04-08,39.11,39.92,38.714,39.614,37233.0,81651969.0,21.65,22.1,21.43,21.93,True,中科信息,False
2020-04-09,39.758,41.54,39.758,41.036,62088.0,141063936.0,22.01,23.0,22.01,22.72,True,中科信息,False
2020-04-10,40.964,40.982,38.66,38.876,45869.0,98710088.0,22.68,22.69,21.4,21.52,True,中科信息,False
2020-04-13,38.48,38.48,37.706,37.886,22608.0,47408976.0,21.3,21.3,20.87,20.97,True,中科信息,False
2020-04-14,38.21,39.11,38.102,39.056,22277.0,48162874.0,21.15,21.65,21.09,21.62,True,中科信息,False
2020-04-15,39.11,39.668,38.48,38.624,23791.0,50865158.0,21.65,21.96,21.3,21.38,True,中科信息,False
2020-04-16,38.318,39.74,38.048,39.596,31651.0,69378992.0,21.21,22.0,21.06,21.92,True,中科信息,False
2020-04-17,39.65,43.502,39.38,40.694,73858.0,166402074.0,21.95,24.09,21.8,22.53,True,中科信息,False
2020-04-20,40.82,41.954,40.55,41.504,52878.0,121513644.0,22.6,23.23,22.45,22.98,True,中科信息,False
2020-04-21,41.198,42.872,40.838,42.512,58559.0,137847886.0,22.81,23.74,22.61,23.54,True,中科信息,False
2020-04-22,41.9,42.764,41.594,42.512,41648.0,98039392.0,23.2,23.68,23.03,23.54,True,中科信息,False
2020-04-23,43.016,43.16,41.594,42.134,49800.0,116183400.0,23.82,23.9,23.03,23.33,True,中科信息,False
2020-04-24,41.81,42.98,41.036,42.89,51340.0,121932500.0,23.15,23.8,22.72,23.75,True,中科信息,False
2020-04-27,42.89,42.926,40.136,40.64,53385.0,120116250.0,23.75,23.77,22.22,22.5,True,中科信息,False
2020-04-28,39.74,40.532,37.058,38.3,52385.0,111056200.0,22.0,22.44,20.51,21.2,True,中科信息,False
2020-04-29,38.336,38.93,37.436,37.868,42686.0,89469856.0,21.22,21.55,20.72,20.96,True,中科信息,False
2020-04-30,38.12,39.488,37.994,39.308,42772.0,93071872.0,21.1,21.86,21.03,21.76,True,中科信息,False
2020-05-06,38.696,40.73,38.66,40.73,38394.0,86578470.0,21.42,22.55,21.4,22.55,True,中科信息,False
2020-05-07,40.712,41.27,40.154,40.226,37332.0,83138364.0,22.54,22.85,22.23,22.27,True,中科信息,False
2020-05-08,40.82,41.864,40.622,41.432,50665.0,116225510.0,22.6,23.18,22.49,22.94,True,中科信息,False
2020-05-11,42.17,42.53,41.18,41.612,41625.0,95904000.0,23.35,23.55,22.8,23.04,True,中科信息,False
2020-05-12,41.36,41.81,40.316,41.522,34453.0,79207447.0,22.9,23.15,22.32,22.99,True,中科信息,False
2020-05-13,41.522,41.81,41.0,41.18,24965.0,56920200.0,22.99,23.15,22.7,22.8,True,中科信息,False
2020-05-14,41.324,41.72,40.838,40.928,28844.0,65360504.0,22.88,23.1,22.61,22.66,True,中科信息,False
2020-05-15,41.0,41.9,41.0,41.216,38265.0,87320730.0,22.7,23.2,22.7,22.82,True,中科信息,False
2020-05-18,41.504,42.566,40.136,41.612,59000.0,135936000.0,22.98,23.57,22.22,23.04,True,中科信息,False
2020-05-19,41.918,42.854,41.45,42.62,61131.0,144269160.0,23.21,23.73,22.95,23.6,True,中科信息,False
2020-05-20,42.548,43.052,40.406,40.946,71168.0,161337856.0,23.56,23.84,22.37,22.67,True,中科信息,False
2020-05-21,40.928,40.928,38.858,39.056,46683.0,100928646.0,22.66,22.66,21.51,21.62,True,中科信息,False
2020-05-22,39.128,39.272,38.354,39.236,25715.0,55852980.0,21.66,21.74,21.23,21.72,True,中科信息,False
2020-05-25,39.11,39.182,37.94,38.264,23340.0,49434120.0,21.65,21.69,21.0,21.18,True,中科信息,False
2020-05-26,38.336,39.65,38.282,39.47,29901.0,65333685.00000001,21.22,21.95,21.19,21.85,True,中科信息,False
2020-05-27,39.326,39.632,38.606,39.164,29668.0,64320224.0,21.77,21.94,21.37,21.68,True,中科信息,False
2020-05-28,39.164,39.38,38.048,38.678,28250.0,60483250.0,21.68,21.8,21.06,21.41,True,中科信息,False
2020-05-29,38.858,39.092,38.12,38.3,23643.0,50123160.0,21.51,21.64,21.1,21.2,True,中科信息,False
2020-06-01,38.48,39.65,38.462,39.416,33928.0,74030896.0,21.3,21.95,21.29,21.82,True,中科信息,False
2020-06-02,39.488,39.866,39.146,39.812,32046.0,70629384.0,21.86,22.07,21.67,22.04,True,中科信息,False
2020-06-03,39.92,40.154,39.38,39.632,35147.0,77112518.0,22.1,22.23,21.8,21.94,True,中科信息,False
2020-06-04,39.776,39.866,39.254,39.452,21738.0,47475792.0,22.02,22.07,21.73,21.84,True,中科信息,False
2020-06-05,39.668,39.776,39.254,39.704,18959.0,41671882.0,21.96,22.02,21.73,21.98,True,中科信息,False
2020-06-08,39.902,40.082,39.272,39.542,21611.0,47306479.0,22.09,22.19,21.74,21.89,True,中科信息,False
2020-06-09,39.47,39.56,39.002,39.254,18553.0,40315669.0,21.85,21.9,21.59,21.73,True,中科信息,False
2020-06-10,39.164,39.2,38.318,38.48,24277.0,51710010.0,21.68,21.7,21.21,21.3,True,中科信息,False
2020-06-11,38.48,39.074,38.174,38.552,20257.0,43228438.0,21.3,21.63,21.13,21.34,True,中科信息,False
2020-06-12,37.94,38.534,37.598,38.426,18829.0,40049283.0,21.0,21.33,20.81,21.27,True,中科信息,False
2020-06-15,38.408,38.912,38.12,38.462,20489.0,43621081.0,21.26,21.54,21.1,21.29,True,中科信息,False
2020-06-16,38.57,39.002,38.57,38.966,22036.0,47531652.0,21.35,21.59,21.35,21.57,True,中科信息,False
2020-06-17,38.966,39.11,38.282,38.696,24553.0,52592526.00000001,21.57,21.65,21.19,21.42,True,中科信息,False
2020-06-18,38.426,38.966,38.426,38.66,19862.0,42405370.0,21.22,21.52,21.22,21.35,True,中科信息,False
2020-06-19,38.714,39.056,38.426,38.894,22074.0,47414952.0,21.38,21.57,21.22,21.48,True,中科信息,False
2020-06-22,39.038,39.416,38.876,38.948,26021.0,55971171.00000001,21.56,21.77,21.47,21.51,True,中科信息,False
2020-06-23,39.11,39.83,38.696,39.83,40016.0,88035200.0,21.6,22.0,21.37,22.0,True,中科信息,False
2020-06-24,39.884,39.974,39.218,39.488,31650.0,69028650.0,22.03,22.08,21.66,21.81,True,中科信息,False
2020-06-29,39.11,39.344,37.166,37.67,44475.0,92508000.0,21.6,21.73,20.52,20.8,True,中科信息,False
2020-06-30,37.67,38.336,37.67,38.174,21285.0,44868780.0,20.8,21.17,20.8,21.08,True,中科信息,False
2020-07-01,38.39,38.48,37.67,38.012,22150.0,46492850.0,21.2,21.25,20.8,20.99,True,中科信息,False
2020-07-02,38.012,39.272,37.958,39.092,36165.0,78080235.0,20.99,21.69,20.96,21.59,True,中科信息,False
2020-07-03,39.326,40.46,38.858,39.992,48541.0,107227069.0,21.72,22.35,21.46,22.09,True,中科信息,False
2020-07-06,40.334,41.666,40.226,41.504,55882.0,128137426.0,22.28,23.02,22.22,22.93,True,中科信息,False
2020-07-07,41.558,43.88,41.558,42.368,74463.0,174317883.0,22.96,24.25,22.96,23.41,True,中科信息,False
2020-07-08,41.684,44.492,41.684,43.754,73347.0,177353046.0,23.03,24.59,23.03,24.18,True,中科信息,False
2020-07-09,43.952,46.094,43.16,45.086,89397.0,222777324.00000003,24.29,25.48,23.85,24.92,True,中科信息,False
2020-07-10,44.654,45.716,43.97,44.222,70745.0,172900780.0,24.68,25.27,24.3,24.44,True,中科信息,False
2020-07-13,44.6,45.572,44.348,45.428,60038.0,150755418.0,24.65,25.19,24.51,25.11,True,中科信息,False
2020-07-14,45.68,45.68,43.754,44.654,56562.0,139595016.0,25.25,25.25,24.18,24.68,True,中科信息,False
2020-07-15,45.014,46.94,43.178,45.176,83805.0,209261085.0,24.88,25.95,23.86,24.97,True,中科信息,False
2020-07-16,45.05,45.248,41.576,41.648,72707.0,167298807.0,24.9,25.01,22.97,23.01,True,中科信息,False
2020-07-17,41.954,42.35,41.072,41.558,32726.0,75138896.0,23.18,23.4,22.69,22.96,True,中科信息,False
2020-07-20,41.882,42.746,40.856,42.746,41533.0,98100946.0,23.14,23.62,22.57,23.62,True,中科信息,False
2020-07-21,41.684,42.35,40.946,41.648,49635.0,114210135.0,23.03,23.4,22.62,23.01,True,中科信息,False
2020-07-22,41.414,42.584,41.108,41.792,40903.0,94445027.0,22.88,23.53,22.71,23.09,True,中科信息,False
2020-07-23,41.594,41.882,40.118,41.414,37044.0,84756672.0,22.98,23.14,22.16,22.88,True,中科信息,False
2020-07-24,41.342,43.898,40.946,41.954,100548.0,233070264.0,22.84,24.26,22.62,23.18,True,中科信息,False
2020-07-27,41.126,41.774,38.588,39.218,72559.0,157162794.0,22.72,23.08,21.31,21.66,True,中科信息,False
2020-07-28,39.434,39.65,38.93,39.398,29307.0,63772032.00000001,21.78,21.9,21.5,21.76,True,中科信息,False
2020-07-29,39.542,40.91,39.326,40.874,36579.0,82595382.0,21.84,22.6,21.72,22.58,True,中科信息,False
2020-07-30,41.576,42.35,40.694,42.08,53525.0,124445625.0,22.97,23.4,22.48,23.25,True,中科信息,False
2020-07-31,41.666,42.314,41.27,42.116,41403.0,96344781.0,23.02,23.38,22.8,23.27,True,中科信息,False
2020-08-03,41.864,44.258,41.81,43.79,60310.0,145950200.0,23.13,24.46,23.1,24.2,True,中科信息,False
2020-08-04,43.682,44.114,42.89,43.754,48514.0,117306852.0,24.14,24.38,23.7,24.18,True,中科信息,False
2020-08-05,44.348,44.744,43.178,44.456,54448.0,133778736.0,24.51,24.73,23.86,24.57,True,中科信息,False
2020-08-06,44.744,45.068,43.718,44.096,52587.0,128154519.0,24.73,24.91,24.16,24.37,True,中科信息,False
2020-08-07,43.88,44.096,42.674,43.484,46205.0,111030615.0,24.25,24.37,23.58,24.03,True,中科信息,False
2020-08-10,43.43,44.96,43.43,43.898,40044.0,97146744.0,24.0,24.85,24.0,24.26,True,中科信息,False
2020-08-11,43.61,43.97,42.35,42.368,35206.0,82417246.0,24.1,24.3,23.4,23.41,True,中科信息,False
2020-08-12,42.674,42.89,40.748,41.774,36455.0,84138140.0,23.58,23.7,22.51,23.08,True,中科信息,False
2020-08-13,41.81,43.394,41.81,42.278,31601.0,73819936.0,23.1,23.98,23.1,23.36,True,中科信息,False
2020-08-14,42.35,46.49,41.648,46.49,149801.0,384988570.0,23.4,25.7,23.01,25.7,True,中科信息,False
2020-08-17,46.292,48.542,45.824,47.858,163295.0,432078570.0,25.59,26.84,25.33,26.46,True,中科信息,False
2020-08-18,46.544,48.272,45.95,46.364,104145.0,266923635.0,25.73,26.69,25.4,25.63,True,中科信息,False
2020-08-19,46.742,49.37,46.364,47.174,126325.0,329455600.0,25.84,27.3,25.63,26.08,True,中科信息,False
2020-08-20,45.896,48.794,45.23,47.03,113902.0,296145200.0,25.37,26.98,25.0,26.0,True,中科信息,False
2020-08-21,46.994,48.776,45.536,46.31,90590.0,231910400.0,25.98,26.97,25.17,25.6,True,中科信息,False
2020-08-24,45.86,49.55,44.51,48.092,112634.0,299493806.0,25.35,27.4,24.6,26.59,True,中科信息,False
2020-08-25,48.146,49.91,47.39,49.748,138047.0,379767297.0,26.62,27.6,26.2,27.51,True,中科信息,False
2020-08-26,49.676,49.676,45.05,45.518,123426.0,310539816.0,27.47,27.47,24.9,25.16,True,中科信息,False
2020-09-10,48.65,54.572,46.814,54.572,214240.0,646790560.0,26.9,30.19,25.88,30.19,True,中科信息,False
2020-09-11,50.63,58.604,49.19,55.634,303751.0,934945578.0,28.0,32.43,27.2,30.78,True,中科信息,False
2020-09-14,54.518,66.722,53.42,66.722,307434.0,1135661196.0,30.16,36.94,29.55,36.94,True,中科信息,False
2020-09-15,64.094,65.3,58.73,59.432,270636.0,890121804.0,35.48,36.15,32.5,32.89,True,中科信息,False
2020-09-16,58.73,61.952,57.47,61.034,204913.0,692196114.0,32.5,34.29,31.8,33.78,True,中科信息,False
2020-09-17,59.306,60.44,56.048,56.876,172730.0,543581310.0,32.82,33.45,31.01,31.47,True,中科信息,False
2020-09-18,56.66,58.334,56.12,56.984,123443.0,389215779.0,31.35,32.28,31.05,31.53,True,中科信息,False
2020-09-21,57.578,59.27,54.23,54.554,135930.0,410236740.0,31.86,32.8,30.0,30.18,True,中科信息,False
2020-09-22,52.952,54.5,52.106,52.628,110937.0,322937607.0,29.29,30.15,28.82,29.11,True,中科信息,False
2020-09-23,52.844,53.816,52.448,53.582,92789.0,275026596.0,29.23,29.77,29.01,29.64,True,中科信息,False
2020-09-24,52.628,52.628,49.82,49.91,107729.0,297332040.0,29.11,29.11,27.55,27.6,True,中科信息,False
2020-09-25,50.63,50.9,49.388,49.406,67929.0,185582028.0,28.0,28.15,27.31,27.32,True,中科信息,False
2020-09-28,50.0,50.324,48.11,48.11,58636.0,155971760.0,27.65,27.83,26.6,26.6,True,中科信息,False
2020-09-29,48.398,49.046,47.894,48.074,44701.0,118815258.0,26.76,27.12,26.48,26.58,True,中科信息,False
2020-09-30,48.578,49.046,47.57,48.254,55342.0,147652456.0,26.86,27.12,26.3,26.68,True,中科信息,False
2020-10-09,48.938,50.45,48.866,49.28,66537.0,181313325.0,27.06,27.9,27.02,27.25,True,中科信息,False
2020-10-12,49.892,52.376,49.406,51.944,98968.0,284335064.0,27.59,28.97,27.32,28.73,True,中科信息,False
2020-10-13,51.674,52.934,50.45,52.538,91197.0,265018482.0,28.58,29.28,27.9,29.06,True,中科信息,False
2020-10-14,52.16,52.16,50.738,51.08,66450.0,187721250.0,28.85,28.85,28.06,28.25,True,中科信息,False
2020-10-15,50.684,52.052,49.334,50.486,67001.0,187066792.0,28.03,28.79,27.28,27.92,True,中科信息,False
2020-10-16,50.18,50.612,49.658,50.45,36593.0,102094470.0,27.75,27.99,27.46,27.9,True,中科信息,False
2020-10-19,51.242,51.674,48.272,48.524,72706.0,195070198.0,28.34,28.58,26.69,26.83,True,中科信息,False
2020-10-20,48.596,53.402,48.218,52.412,132797.0,384978503.0,26.87,29.54,26.66,28.99,True,中科信息,False
2020-10-21,51.98,53.996,51.404,52.574,111201.0,323372508.0,28.75,29.87,28.43,29.08,True,中科信息,False
2020-10-22,52.25,55.76,51.35,54.572,136144.0,411018736.0,28.9,30.85,28.4,30.19,True,中科信息,False
2020-10-23,54.23,54.59,52.844,53.87,88030.0,262329400.0,30.0,30.2,29.23,29.8,True,中科信息,False
2020-10-26,53.87,55.454,53.132,54.914,86647.0,263233586.0,29.8,30.68,29.39,30.38,True,中科信息,False
2020-10-27,54.05,54.05,51.224,52.43,71591.0,207613900.0,29.9,29.9,28.33,29.0,True,中科信息,False
2020-10-28,52.07,52.412,49.964,51.53,51310.0,146233500.0,28.8,28.99,27.63,28.5,True,中科信息,False
2020-10-29,49.784,50.99,49.64,49.91,48536.0,133959360.0,27.53,28.2,27.45,27.6,True,中科信息,False
2020-10-30,49.91,52.052,47.246,47.57,63005.0,165703150.0,27.6,28.79,26.12,26.3,True,中科信息,False
2020-11-02,47.57,48.29,45.23,45.644,69361.0,174997803.0,26.3,26.7,25.0,25.23,True,中科信息,False
2020-11-03,45.734,48.722,45.716,48.47,68582.0,183799760.0,25.28,26.94,25.27,26.8,True,中科信息,False
2020-11-04,48.47,49.1,47.588,47.948,39864.0,105679464.0,26.8,27.15,26.31,26.51,True,中科信息,False
2020-11-05,48.74,49.37,48.326,48.848,39651.0,107097351.0,26.95,27.3,26.72,27.01,True,中科信息,False
2020-11-06,49.298,49.46,47.372,47.642,36820.0,96983880.0,27.26,27.35,26.19,26.34,True,中科信息,False
2020-11-09,47.93,49.586,47.93,48.884,44197.0,119464491.0,26.5,27.42,26.5,27.03,True,中科信息,False
2020-11-10,48.956,49.172,47.3,47.372,36637.0,95952303.0,27.07,27.19,26.15,26.19,True,中科信息,False
2020-11-11,48.65,51.44,47.93,48.326,107366.0,286881952.0,26.9,28.45,26.5,26.72,True,中科信息,False
2020-11-12,47.516,51.044,46.49,50.288,96905.0,269492805.0,26.27,28.23,25.7,27.81,True,中科信息,False
2020-11-13,49.568,52.7,48.74,51.98,108858.0,312966750.0,27.41,29.15,26.95,28.75,True,中科信息,False
2020-11-16,51.26,52.034,50.054,50.9,95631.0,269201265.0,28.35,28.78,27.68,28.15,True,中科信息,False
2020-11-17,50.954,50.972,46.886,47.588,84194.0,221514414.0,28.18,28.19,25.92,26.31,True,中科信息,False
2020-11-18,47.39,48.074,45.698,46.454,55367.0,142182456.0,26.2,26.58,25.26,25.68,True,中科信息,False
2020-11-19,45.41,46.724,44.15,46.382,47215.0,121059260.0,25.1,25.83,24.4,25.64,True,中科信息,False
2020-11-20,46.22,46.4,45.248,45.59,32956.0,83049120.0,25.55,25.65,25.01,25.2,True,中科信息,False
2020-11-23,45.41,45.842,44.42,45.068,34511.0,85966901.0,25.1,25.34,24.55,24.91,True,中科信息,False
2020-11-24,45.59,46.202,45.23,45.518,28787.0,72428092.0,25.2,25.54,25.0,25.16,True,中科信息,False
2020-11-25,45.518,46.274,45.176,45.734,33747.0,85312416.0,25.16,25.58,24.97,25.28,True,中科信息,False
2020-11-26,45.338,45.554,44.528,44.528,28410.0,69917010.0,25.06,25.18,24.61,24.61,True,中科信息,False
2020-11-27,44.69,45.626,44.6,44.996,23754.0,59076198.0,24.7,25.22,24.65,24.87,True,中科信息,False
2020-11-30,45.554,45.932,44.726,45.086,27214.0,67817288.0,25.18,25.39,24.72,24.92,True,中科信息,False
2020-12-01,44.726,45.59,44.618,45.572,26895.0,67748505.0,24.72,25.2,24.66,25.19,True,中科信息,False
2020-12-02,45.5,45.824,44.852,45.662,26880.0,67845120.0,25.15,25.33,24.79,25.24,True,中科信息,False
2020-12-03,45.644,46.436,45.41,45.878,30284.0,76800224.0,25.23,25.67,25.1,25.36,True,中科信息,False
2020-12-04,45.896,46.256,45.41,46.112,24185.0,61647564.99999999,25.37,25.57,25.1,25.49,True,中科信息,False
2020-12-07,45.734,46.31,43.142,43.664,61112.0,147463256.0,25.28,25.6,23.84,24.13,True,中科信息,False
2020-12-08,43.808,44.15,43.286,43.322,24065.0,57611610.0,24.21,24.4,23.92,23.94,True,中科信息,False
2020-12-09,43.304,43.304,41.414,41.864,49110.0,113591430.0,23.93,23.93,22.88,23.13,True,中科信息,False
2020-12-10,41.9,42.314,41.108,41.846,24047.0,55596664.0,23.15,23.38,22.71,23.12,True,中科信息,False
2020-12-11,42.26,42.26,40.388,40.964,30466.0,68944558.0,23.35,23.35,22.31,22.63,True,中科信息,False
2020-12-14,40.946,41.63,40.1,41.234,18057.0,41133846.0,22.62,23.0,22.15,22.78,True,中科信息,False
2020-12-15,41.234,43.34,40.91,42.08,34771.0,80842575.0,22.78,23.95,22.6,23.25,True,中科信息,False
2020-12-16,41.756,42.17,40.172,40.28,30662.0,68222950.0,23.07,23.3,22.19,22.25,True,中科信息,False
2020-12-17,40.19,41.378,39.128,41.27,33131.0,75538680.0,22.2,22.86,21.61,22.8,True,中科信息,False
2020-12-18,41.27,41.684,40.478,40.55,21230.0,47555200.0,22.8,23.03,22.36,22.4,True,中科信息,False
2020-12-21,40.55,41.378,40.226,41.216,17903.0,40765131.0,22.4,22.86,22.22,22.77,True,中科信息,False
2020-12-22,41.036,41.612,40.046,40.1,23997.0,53153355.0,22.67,22.99,22.12,22.15,True,中科信息,False
2020-12-23,40.298,40.748,39.47,39.668,23395.0,51258445.0,22.26,22.51,21.8,21.91,True,中科信息,False
2020-12-24,39.794,42.134,39.632,39.65,39487.0,86476530.0,21.98,23.28,21.89,21.9,True,中科信息,False
2020-12-25,39.488,40.01,38.39,39.146,28909.0,62501258.0,21.81,22.1,21.2,21.62,True,中科信息,False
2020-12-28,38.984,39.146,37.652,37.76,31250.0,65156250.00000001,21.53,21.62,20.79,20.85,True,中科信息,False
2020-12-29,37.526,39.542,37.49,38.678,26480.0,56561280.0,20.72,21.84,20.7,21.36,True,中科信息,False
2020-12-30,38.498,39.398,38.156,39.11,22771.0,49185360.0,21.26,21.76,21.07,21.6,True,中科信息,False
2020-12-31,39.11,40.1,38.894,39.92,24750.0,54573750.0,21.6,22.15,21.48,22.05,True,中科信息,False
2021-01-04,39.704,40.856,39.56,40.496,26132.0,58457284.0,21.93,22.57,21.85,22.37,True,中科信息,False
2021-01-05,40.496,41.882,39.938,40.388,30196.0,67367276.0,22.37,23.14,22.06,22.31,True,中科信息,False
2021-01-06,40.298,40.298,38.462,39.038,30309.0,65346203.99999999,22.26,22.26,21.24,21.56,True,中科信息,False
2021-01-07,39.11,39.11,35.69,36.23,45488.0,90976000.0,21.6,21.6,19.7,20.0,True,中科信息,False
2021-01-08,36.23,37.49,35.546,36.896,29976.0,61061112.0,20.0,20.7,19.62,20.37,True,中科信息,False
2021-01-11,36.824,37.472,35.834,36.086,20928.0,41688576.0,20.33,20.69,19.78,19.92,True,中科信息,False
2021-01-12,36.23,36.824,35.816,36.104,18820.0,37508260.0,20.0,20.33,19.77,19.93,True,中科信息,False
2021-01-13,36.032,36.032,34.16,34.25,34568.0,65333519.99999999,19.89,19.89,18.85,18.9,True,中科信息,False
2021-01-14,34.376,35.474,33.746,35.186,31533.0,61237086.00000001,18.97,19.58,18.62,19.42,True,中科信息,False
2021-01-15,35.276,36.536,34.916,35.816,22314.0,44114778.0,19.47,20.17,19.27,19.77,True,中科信息,False
2021-01-18,35.816,36.68,35.618,36.464,17414.0,35054382.0,19.77,20.25,19.66,20.13,True,中科信息,False
2021-01-19,36.284,37.472,36.23,36.554,24233.0,48902194.0,20.03,20.69,20.0,20.18,True,中科信息,False
2021-01-20,36.248,36.896,36.014,36.284,17827.0,35707481.0,20.01,20.37,19.88,20.03,True,中科信息,False
2021-01-21,36.248,37.22,35.996,36.698,22243.0,45064318.0,20.01,20.55,19.87,20.26,True,中科信息,False
2021-01-22,36.428,36.518,35.024,35.114,27206.0,52725228.0,20.11,20.16,19.33,19.38,True,中科信息,False
2021-01-25,36.842,41.864,36.41,38.57,94521.0,201329730.0,20.34,23.13,20.1,21.3,True,中科信息,False
2021-01-26,36.122,37.31,34.61,35.816,59618.0,117864786.0,19.94,20.6,19.1,19.77,True,中科信息,False
2021-01-27,37.13,37.13,34.88,34.88,34490.0,66393250.0,20.5,20.5,19.25,19.25,True,中科信息,False
2021-01-28,34.43,34.934,33.35,33.62,31593.0,58605015.0,19.0,19.28,18.4,18.55,True,中科信息,False
2021-01-29,33.638,33.872,31.892,32.198,33994.0,60373344.00000001,18.56,18.69,17.59,17.76,True,中科信息,False
2021-02-01,32.36,32.864,32.054,32.45,17266.0,30906140.0,17.85,18.13,17.68,17.9,True,中科信息,False
2021-02-02,32.198,32.558,31.784,32.18,14537.0,25803175.0,17.76,17.96,17.53,17.75,True,中科信息,False
2021-02-03,32.432,32.432,30.506,30.668,25309.0,42797519.0,17.89,17.89,16.82,16.91,True,中科信息,False
2021-02-04,30.686,30.92,29.228,30.164,23698.0,39409774.0,16.92,17.05,16.11,16.63,True,中科信息,False
2021-02-05,29.768,30.92,29.264,29.39,15298.0,24782760.0,16.41,17.05,16.13,16.2,True,中科信息,False
2021-02-08,29.39,29.93,29.264,29.408,13531.0,21933751.0,16.2,16.5,16.13,16.21,True,中科信息,False
2021-02-09,29.57,31.316,29.39,31.244,23507.0,40502561.0,16.3,17.27,16.2,17.23,True,中科信息,False
2021-02-10,31.19,32.252,31.01,31.586,19321.0,33657182.0,17.2,17.79,17.1,17.42,True,中科信息,False
2021-02-18,31.838,32.936,31.838,32.684,22986.0,41443758.0,17.56,18.17,17.56,18.03,True,中科信息,False
2021-02-19,33.116,33.368,32.306,33.332,22942.0,42190338.0,18.27,18.41,17.82,18.39,True,中科信息,False
2021-02-22,33.296,33.71,32.054,32.576,68054.0,122293038.0,18.37,18.6,17.68,17.97,True,中科信息,False
2021-02-23,32.018,32.468,31.55,31.856,24780.0,43538460.0,17.66,17.91,17.4,17.57,True,中科信息,False
2021-02-24,31.658,32.522,31.568,32.306,22390.0,39898980.0,17.46,17.94,17.41,17.82,True,中科信息,False
2021-02-25,32.432,32.72,31.37,31.532,20059.0,34882601.0,17.89,18.05,17.3,17.39,True,中科信息,False
2021-02-26,31.37,32.072,30.992,31.856,20079.0,35278803.0,17.3,17.69,17.09,17.57,True,中科信息,False
2021-03-01,31.802,32.81,31.802,32.81,24315.0,44010150.0,17.54,18.1,17.54,18.1,True,中科信息,False
2021-03-02,32.792,33.062,32.126,32.432,21228.0,37976892.0,18.09,18.24,17.72,17.89,True,中科信息,False
2021-03-03,32.234,32.72,32.09,32.648,18248.0,32864648.000000004,17.78,18.05,17.7,18.01,True,中科信息,False
2021-03-04,32.63,32.954,31.946,32.0,20848.0,36796720.0,18.0,18.18,17.62,17.65,True,中科信息,False
2021-03-05,32.09,32.9,31.928,32.756,22490.0,40639430.0,17.7,18.15,17.61,18.07,True,中科信息,False
2021-03-08,32.684,33.314,32.27,32.306,31161.0,55528902.0,18.03,18.38,17.8,17.82,True,中科信息,False
2021-03-09,32.432,32.72,30.722,30.938,27758.0,47355148.0,17.89,18.05,16.94,17.06,True,中科信息,False
2021-03-10,31.334,31.73,30.056,30.254,27352.0,45623136.0,17.28,17.5,16.57,16.68,True,中科信息,False
2021-03-11,30.236,30.938,29.84,30.938,20898.0,35651988.0,16.67,17.06,16.45,17.06,True,中科信息,False
2021-03-12,30.938,31.19,30.074,30.254,18596.0,31018128.0,17.06,17.2,16.58,16.68,True,中科信息,False
2021-03-15,30.434,30.452,29.678,29.876,15773.0,25978131.0,16.78,16.79,16.36,16.47,True,中科信息,False
2021-03-16,29.966,30.866,29.966,30.704,22923.0,38808639.0,16.52,17.02,16.52,16.93,True,中科信息,False
2021-03-17,30.812,31.01,30.47,30.92,15223.0,25955215.0,16.99,17.1,16.8,17.05,True,中科信息,False
2021-03-18,30.974,31.1,30.362,30.668,17454.0,29514714.0,17.08,17.15,16.74,16.91,True,中科信息,False
2021-03-19,30.398,31.55,30.2,31.046,24111.0,41278032.0,16.76,17.4,16.65,17.12,True,中科信息,False
2021-03-22,31.694,32.9,31.028,32.216,36885.0,65544645.0,17.48,18.15,17.11,17.77,True,中科信息,False
2021-03-23,32.486,33.386,31.73,31.982,33390.0,58899960.0,17.92,18.42,17.5,17.64,True,中科信息,False
2021-03-24,31.55,32.432,31.424,32.0,22561.0,39820165.0,17.4,17.89,17.33,17.65,True,中科信息,False
2021-03-25,31.82,32.576,31.424,32.504,27438.0,49196334.0,17.55,17.97,17.33,17.93,True,中科信息,False
2021-03-26,32.45,32.486,31.568,32.36,30661.0,54729885.00000001,17.9,17.92,17.41,17.85,True,中科信息,False
2021-03-29,32.252,32.504,31.658,31.676,23094.0,40345218.0,17.79,17.93,17.46,17.47,True,中科信息,False
2021-03-30,31.64,31.676,30.794,30.83,21275.0,36167500.0,17.45,17.47,16.98,17.0,True,中科信息,False
2021-03-31,30.722,31.802,30.722,31.748,23334.0,40857834.0,16.94,17.54,16.94,17.51,True,中科信息,False
2021-04-01,31.532,32.09,31.316,31.694,17147.0,29972956.0,17.39,17.7,17.27,17.48,True,中科信息,False
2021-04-02,32.0,32.0,31.19,31.748,15641.0,27387391.000000004,17.65,17.65,17.2,17.51,True,中科信息,False
2021-04-06,31.766,32.432,31.55,32.378,19763.0,35296718.0,17.52,17.89,17.4,17.86,True,中科信息,False
2021-04-07,32.126,32.486,31.982,32.27,16237.0,28901860.0,17.72,17.92,17.64,17.8,True,中科信息,False
2021-04-08,32.306,32.306,31.568,31.64,21351.0,37257495.0,17.82,17.82,17.41,17.45,True,中科信息,False
2021-04-09,31.658,31.892,31.388,31.748,13378.0,23424878.000000004,17.46,17.59,17.31,17.51,True,中科信息,False
2021-04-12,31.748,31.82,30.506,30.596,20136.0,33969432.0,17.51,17.55,16.82,16.87,True,中科信息,False
2021-04-13,30.614,30.938,30.362,30.578,12225.0,20611350.0,16.88,17.06,16.74,16.86,True,中科信息,False
2021-04-14,30.56,30.992,30.344,30.902,9726.0,16573104.0,16.85,17.09,16.73,17.04,True,中科信息,False
2021-04-15,30.596,30.902,30.47,30.812,10341.0,17569359.0,16.87,17.04,16.8,16.99,True,中科信息,False
2021-04-16,30.83,31.658,30.812,31.514,19380.0,33682440.0,17.0,17.46,16.99,17.38,True,中科信息,False
2021-04-19,31.496,32.216,31.37,32.126,25152.0,44569344.0,17.37,17.77,17.3,17.72,True,中科信息,False
2021-04-20,32.09,32.36,31.802,32.09,21969.0,38885130.0,17.7,17.85,17.54,17.7,True,中科信息,False
2021-04-21,31.838,32.45,31.658,32.324,22700.0,40474099.99999999,17.56,17.9,17.46,17.83,True,中科信息,False
2021-04-22,32.63,32.72,32.09,32.198,18161.0,32253936.000000004,18.0,18.05,17.7,17.76,True,中科信息,False
2021-04-23,31.982,32.252,31.37,32.018,21624.0,38187984.0,17.64,17.79,17.3,17.66,True,中科信息,False
2021-04-26,32.216,32.594,31.64,32.0,25011.0,44144415.0,17.77,17.98,17.45,17.65,True,中科信息,False
2021-04-27,32.0,32.09,30.938,31.532,19528.0,33959192.0,17.65,17.7,17.06,17.39,True,中科信息,False
2021-04-28,31.19,31.19,29.93,30.11,34417.0,57132220.00000001,17.2,17.2,16.5,16.6,True,中科信息,False
2021-04-29,30.11,30.974,29.984,30.164,19531.0,32480053.0,16.6,17.08,16.53,16.63,True,中科信息,False
2021-04-30,30.164,30.47,29.318,29.354,19963.0,32300134.0,16.63,16.8,16.16,16.18,True,中科信息,False
2021-05-06,29.444,29.57,28.67,28.706,19868.0,31431176.0,16.23,16.3,15.8,15.82,True,中科信息,False
2021-05-07,28.994,29.21,28.454,29.066,13671.0,21900942.0,15.98,16.1,15.68,16.02,True,中科信息,False
2021-05-10,28.994,29.246,28.742,29.084,9511.0,15246133.000000002,15.98,16.12,15.84,16.03,True,中科信息,False
2021-05-11,29.21,29.804,29.03,29.624,15097.0,24653401.0,16.1,16.43,16.0,16.33,True,中科信息,False
2021-05-12,29.336,30.614,29.156,30.128,22473.0,37327653.0,16.17,16.88,16.07,16.61,True,中科信息,False
2021-05-13,29.93,30.434,29.57,29.858,17101.0,28148246.0,16.5,16.78,16.3,16.46,True,中科信息,False
2021-05-14,29.75,30.488,29.75,30.29,17258.0,28820860.0,16.4,16.81,16.4,16.7,True,中科信息,False
2021-05-17,30.29,30.29,29.624,29.75,15147.0,24841080.0,16.7,16.7,16.33,16.4,True,中科信息,False
2021-05-18,29.624,30.074,29.624,29.894,10588.0,17449024.0,16.33,16.58,16.33,16.48,True,中科信息,False
2021-05-19,29.66,29.93,29.588,29.624,10356.0,16911348.0,16.35,16.5,16.31,16.33,True,中科信息,False
2021-05-20,29.624,29.624,29.066,29.156,14272.0,22935104.0,16.33,16.33,16.02,16.07,True,中科信息,False
2021-05-21,29.318,29.912,29.246,29.39,11628.0,18837360.0,16.16,16.49,16.12,16.2,True,中科信息,False
2021-05-24,29.354,30.092,29.21,29.966,16661.0,27523972.0,16.18,16.59,16.1,16.52,True,中科信息,False
2021-05-25,29.912,30.416,29.804,30.308,18781.0,31383051.0,16.49,16.77,16.43,16.71,True,中科信息,False
2021-05-26,30.524,31.082,30.254,30.362,21720.0,36359280.0,16.83,17.14,16.68,16.74,True,中科信息,False
2021-05-27,30.47,30.974,30.254,30.74,18716.0,31723620.0,16.8,17.08,16.68,16.95,True,中科信息,False
2021-05-28,30.56,30.938,30.398,30.596,19204.0,32397148.000000004,16.85,17.06,16.76,16.87,True,中科信息,False
2021-05-31,30.578,31.514,30.29,31.442,26886.0,46620324.0,16.86,17.38,16.7,17.34,True,中科信息,False
2021-06-01,31.244,31.73,30.938,31.514,21852.0,37978776.0,17.23,17.5,17.06,17.38,True,中科信息,False
2021-06-02,31.28,31.496,30.704,30.83,19440.0,33048000.0,17.25,17.37,16.93,17.0,True,中科信息,False
2021-06-03,30.848,31.802,30.848,31.172,23911.0,41103009.0,17.01,17.54,17.01,17.19,True,中科信息,False
2021-06-04,31.19,31.766,30.992,31.46,23776.0,41251360.0,17.2,17.52,17.09,17.35,True,中科信息,False
2021-06-07,31.712,32.45,31.352,32.072,35825.0,63374425.00000001,17.49,17.9,17.29,17.69,True,中科信息,False
2021-06-08,32.162,34.214,31.748,33.152,68652.0,125564508.0,17.74,18.88,17.51,18.29,True,中科信息,False
2021-06-09,32.99,33.458,32.702,33.152,39871.0,72924059.0,18.2,18.46,18.04,18.29,True,中科信息,False
2021-06-10,33.044,36.41,33.008,35.51,101656.0,198737480.0,18.18,20.05,18.16,19.55,True,中科信息,False
2021-06-11,35.096,35.51,34.016,34.196,75095.0,141328790.0,19.32,19.55,18.72,18.82,True,中科信息,False
2021-06-15,34.25,34.304,32.918,33.8,50360.0,93669600.0,18.85,18.88,18.11,18.6,True,中科信息,False
2021-06-16,33.62,34.934,33.386,33.908,41204.0,76886664.0,18.5,19.23,18.37,18.66,True,中科信息,False
2021-06-17,33.908,33.908,32.684,33.62,40586.0,75084100.0,18.66,18.66,17.98,18.5,True,中科信息,False
2021-06-18,33.422,34.034,33.134,33.44,32895.0,60526799.99999999,18.39,18.73,18.23,18.4,True,中科信息,False
2021-06-21,33.17,34.412,33.134,34.232,36958.0,69628872.0,18.25,18.94,18.23,18.84,True,中科信息,False
2021-06-22,34.088,34.358,33.224,33.44,31098.0,57220319.99999999,18.76,18.91,18.28,18.4,True,中科信息,False
2021-06-23,33.242,34.142,32.972,33.89,28576.0,53294239.99999999,18.29,18.79,18.14,18.65,True,中科信息,False
2021-06-24,34.016,34.016,32.99,33.026,24651.0,44790867.00000001,18.72,18.72,18.15,18.17,True,中科信息,False
2021-06-25,32.882,33.134,31.856,32.0,31223.0,54952480.00000001,18.09,18.23,17.52,17.6,True,中科信息,False
2021-06-28,31.82,32.468,31.406,32.378,29286.0,52158365.99999999,17.5,17.86,17.27,17.81,True,中科信息,False
2021-06-29,33.278,38.786,33.278,38.786,218933.0,467859821.0,18.31,21.37,18.31,21.37,True,中科信息,False
2021-06-30,38.174,42.8,38.12,41.108,272596.0,617702536.0,21.03,23.6,21.0,22.66,True,中科信息,False
2021-07-01,39.308,40.46,38.12,38.3,167426.0,353268860.0,21.66,22.3,21.0,21.1,True,中科信息,False
2021-07-02,38.3,40.316,37.76,38.786,151190.0,323093030.0,21.1,22.22,20.8,21.37,True,中科信息,False
2021-07-05,38.732,39.614,37.292,38.12,123448.0,259240800.0,21.34,21.83,20.54,21.0,True,中科信息,False
2021-07-06,37.598,37.796,36.41,37.184,87309.0,178808832.0,20.71,20.82,20.05,20.48,True,中科信息,False
2021-07-07,36.644,37.112,35.996,36.842,70282.0,142602178.0,20.18,20.44,19.82,20.29,True,中科信息,False
2021-07-08,36.806,37.022,35.744,35.942,71743.0,141979397.0,20.27,20.39,19.68,19.79,True,中科信息,False
2021-07-09,35.618,36.644,34.772,35.114,63105.0,121981965.0,19.61,20.18,19.14,19.33,True,中科信息,False
2021-07-12,35.402,36.95,35.15,36.482,80568.0,161861112.0,19.49,20.35,19.35,20.09,True,中科信息,False
2021-07-13,36.536,37.472,36.248,37.346,89723.0,184560211.0,20.12,20.64,19.96,20.57,True,中科信息,False
2021-07-14,38.678,40.55,36.446,36.518,116519.0,234319709.0,21.31,22.35,20.07,20.11,True,中科信息,False
2021-07-15,35.51,36.194,34.52,35.168,71151.0,137748336.0,19.55,19.93,19.0,19.36,True,中科信息,False
2021-07-16,34.79,35.474,34.556,35.006,38350.0,73900450.0,19.15,19.53,19.02,19.27,True,中科信息,False
2021-07-19,34.61,34.97,33.404,34.34,43809.0,82799010.0,19.05,19.25,18.38,18.9,True,中科信息,False
2021-07-20,34.196,35.132,33.908,34.988,32998.0,63554148.00000001,18.82,19.34,18.66,19.26,True,中科信息,False
2021-07-21,35.222,35.33,34.646,34.862,34416.0,66044304.00000001,19.39,19.45,19.07,19.19,True,中科信息,False
2021-07-22,34.736,35.906,34.304,35.834,52900.0,104371700.0,19.12,19.77,18.88,19.73,True,中科信息,False
2021-07-23,35.726,35.726,34.16,34.16,48911.0,91952680.0,19.67,19.67,18.8,18.8,True,中科信息,False
2021-07-26,33.98,34.412,33.062,33.548,32156.0,59359976.0,18.7,18.94,18.19,18.46,True,中科信息,False
2021-07-27,33.62,34.736,33.17,33.962,39771.0,74331999.0,18.5,19.12,18.25,18.69,True,中科信息,False
2021-07-28,33.44,33.746,31.694,31.73,43199.0,75382255.0,18.4,18.57,17.43,17.45,True,中科信息,False
2021-07-29,32.126,33.008,31.964,32.63,30542.0,54822890.0,17.67,18.16,17.58,17.95,True,中科信息,False
2021-07-30,32.792,33.764,32.45,33.098,31445.0,57261345.0,18.04,18.58,17.85,18.21,True,中科信息,False
2021-08-02,32.774,34.142,32.54,34.142,40051.0,75255829.0,18.03,18.79,17.9,18.79,True,中科信息,False
2021-08-03,34.25,36.248,34.052,34.52,63151.0,119986900.0,18.85,19.96,18.74,19.0,True,中科信息,False
2021-08-04,34.16,35.168,34.07,35.096,33879.0,65454228.0,18.8,19.36,18.75,19.32,True,中科信息,False
2021-08-05,35.15,35.168,33.71,33.998,39528.0,73956888.0,19.35,19.36,18.55,18.71,True,中科信息,False
2021-08-06,33.8,34.124,33.026,33.836,26678.0,49674436.0,18.6,18.78,18.17,18.62,True,中科信息,False
2021-08-09,33.836,34.214,33.458,34.178,23076.0,43405956.0,18.62,18.83,18.41,18.81,True,中科信息,False
2021-08-10,34.16,34.934,33.692,34.772,32149.0,61533186.0,18.8,19.23,18.54,19.14,True,中科信息,False
2021-08-11,34.646,35.114,34.196,34.898,31781.0,61051301.0,19.07,19.33,18.82,19.21,True,中科信息,False
2021-08-12,34.79,37.742,34.754,35.978,72204.0,143036124.0,19.15,20.79,19.13,19.81,True,中科信息,False
2021-08-13,35.654,35.942,35.006,35.276,40320.0,78301440.0,19.63,19.79,19.27,19.42,True,中科信息,False
2021-08-16,35.222,35.33,34.592,34.79,24463.0,46846645.0,19.39,19.45,19.04,19.15,True,中科信息,False
2021-08-17,34.718,34.772,33.17,33.278,35850.0,65641349.99999999,19.11,19.14,18.25,18.31,True,中科信息,False
2021-08-18,33.278,34.07,33.134,33.962,18917.0,35355873.0,18.31,18.75,18.23,18.69,True,中科信息,False
2021-08-19,33.8,34.25,32.378,32.612,41844.0,75068136.0,18.6,18.85,17.81,17.94,True,中科信息,False
2021-08-20,32.414,32.9,31.766,32.864,25111.0,45400687.99999999,17.83,18.1,17.47,18.08,True,中科信息,False
2021-08-23,32.864,33.89,32.864,33.8,26805.0,49857300.00000001,18.08,18.65,18.08,18.6,True,中科信息,False
2021-08-24,33.98,34.088,32.9,33.08,24665.0,44890300.0,18.7,18.76,18.1,18.2,True,中科信息,False
2021-08-25,32.828,33.08,32.414,32.54,24306.0,43507740.0,18.06,18.2,17.83,17.9,True,中科信息,False
2021-08-26,32.54,32.63,31.748,32.072,25918.0,45719352.0,17.9,17.95,17.46,17.64,True,中科信息,False
2021-08-27,32.0,32.126,31.1,31.622,22875.0,39779625.0,17.6,17.67,17.1,17.39,True,中科信息,False
2021-08-30,32.27,33.08,31.73,31.946,26116.0,45885812.0,17.75,18.2,17.45,17.57,True,中科信息,False
2021-08-31,31.748,32.09,31.352,31.604,17946.0,31190148.0,17.46,17.65,17.24,17.38,True,中科信息,False
2021-09-01,31.784,32.504,31.37,32.378,26147.0,46567807.0,17.48,17.88,17.25,17.81,True,中科信息,False
2021-09-02,32.198,33.35,32.126,32.9,25033.0,45309730.0,17.71,18.35,17.67,18.1,True,中科信息,False
2021-09-03,32.756,33.26,32.27,32.756,21845.0,39364690.0,18.02,18.3,17.75,18.02,True,中科信息,False
2021-09-06,32.576,33.08,32.414,32.99,18386.0,33370590.0,17.92,18.2,17.83,18.15,True,中科信息,False
2021-09-07,32.99,33.062,32.702,33.008,16610.0,30163760.0,18.15,18.19,17.99,18.16,True,中科信息,False
2021-09-08,33.062,34.25,32.774,34.088,49933.0,93674308.0,18.19,18.85,18.03,18.76,True,中科信息,False
2021-09-09,33.764,33.908,33.08,33.314,31693.0,58093268.99999999,18.58,18.66,18.2,18.33,True,中科信息,False
2021-09-10,33.098,33.404,32.846,33.314,20586.0,37734138.0,18.21,18.38,18.07,18.33,True,中科信息,False
2021-09-13,33.512,33.602,32.936,33.116,16829.0,30662438.0,18.44,18.49,18.12,18.22,True,中科信息,False
2021-09-14,33.116,34.232,33.116,33.35,29157.0,53503095.00000001,18.22,18.84,18.22,18.35,True,中科信息,False
2021-09-15,33.008,33.134,32.234,32.432,26791.0,47795144.0,18.16,18.23,17.73,17.84,True,中科信息,False
2021-09-16,32.54,32.684,31.874,32.09,17620.0,31099300.0,17.9,17.98,17.53,17.65,True,中科信息,False
2021-09-17,32.108,32.27,31.478,32.162,15746.0,27854674.000000004,17.66,17.75,17.31,17.69,True,中科信息,False
2021-09-22,32.054,32.342,31.676,32.342,9925.0,17656575.0,17.63,17.79,17.42,17.79,True,中科信息,False
2021-09-23,32.45,33.008,32.342,32.756,16151.0,29104102.0,17.85,18.16,17.79,18.02,True,中科信息,False
2021-09-24,32.828,34.358,32.54,33.422,47769.0,87847191.0,18.06,18.91,17.9,18.39,True,中科信息,False
2021-09-27,33.134,34.7,33.044,33.8,47471.0,88296060.0,18.23,19.1,18.18,18.6,True,中科信息,False
2021-09-28,33.422,33.422,31.802,32.36,33198.0,59092440.0,18.39,18.39,17.49,17.8,True,中科信息,False
2021-09-29,32.18,32.18,31.424,31.496,20387.0,35310284.0,17.7,17.7,17.28,17.32,True,中科信息,False
2021-09-30,31.64,32.36,31.64,32.324,12210.0,21709380.0,17.4,17.8,17.4,17.78,True,中科信息,False
2021-10-08,32.684,33.242,32.396,33.152,17826.0,32514624.0,17.98,18.29,17.82,18.24,True,中科信息,False
2021-10-11,33.17,33.494,32.864,33.008,15733.0,28571128.0,18.25,18.43,18.08,18.16,True,中科信息,False
2021-10-12,33.116,33.242,31.892,32.27,18333.0,32541075.0,18.22,18.29,17.54,17.75,True,中科信息,False
2021-10-13,32.18,32.576,31.91,32.468,12258.0,21892788.0,17.7,17.92,17.55,17.86,True,中科信息,False
2021-10-14,32.432,32.792,32.054,32.792,13738.0,24783352.0,17.84,18.04,17.63,18.04,True,中科信息,False
2021-10-15,32.72,33.674,32.36,33.332,30887.0,56646758.0,18.0,18.53,17.8,18.34,True,中科信息,False
2021-10-18,33.206,33.404,32.72,33.35,15908.0,29191180.000000004,18.27,18.38,18.0,18.35,True,中科信息,False
2021-10-19,33.314,33.782,33.098,33.62,20431.0,37797350.0,18.33,18.59,18.21,18.5,True,中科信息,False
2021-10-20,33.764,34.322,32.828,32.864,27633.0,49960463.99999999,18.58,18.89,18.06,18.08,True,中科信息,False
2021-10-21,32.612,33.008,32.252,32.306,19054.0,33858958.0,17.94,18.16,17.74,17.77,True,中科信息,False
2021-10-22,32.306,32.99,32.0,32.576,17668.0,31661056.000000004,17.77,18.15,17.6,17.92,True,中科信息,False
2021-10-25,32.63,32.684,31.712,32.018,13585.0,23923185.0,17.95,17.98,17.44,17.61,True,中科信息,False
2021-10-26,31.82,32.27,31.766,31.856,14423.0,25269096.0,17.5,17.75,17.47,17.52,True,中科信息,False
2021-10-27,31.46,31.478,28.724,29.426,48141.0,77843997.00000001,17.3,17.31,15.78,16.17,True,中科信息,False
2021-10-28,29.282,29.48,28.58,28.58,17499.0,27473430.0,16.09,16.2,15.7,15.7,True,中科信息,False
2021-10-29,28.652,30.524,28.652,29.48,19341.0,31332420.0,15.74,16.78,15.74,16.2,True,中科信息,False
2021-11-01,29.48,29.984,29.03,29.714,11496.0,18772968.0,16.2,16.48,15.95,16.33,True,中科信息,False
2021-11-02,30.02,30.542,28.976,29.336,15774.0,25427688.0,16.5,16.79,15.92,16.12,True,中科信息,False
2021-11-03,29.03,29.966,29.03,29.642,13193.0,21491397.0,15.95,16.47,15.95,16.29,True,中科信息,False
2021-11-04,29.426,30.002,29.318,29.894,11557.0,18988151.0,16.17,16.49,16.11,16.43,True,中科信息,False
2021-11-05,29.966,30.47,29.75,30.254,16429.0,27321427.0,16.47,16.75,16.35,16.63,True,中科信息,False
2021-11-08,30.254,30.452,29.876,30.38,12853.0,21464510.0,16.63,16.74,16.42,16.7,True,中科信息,False
2021-11-09,30.74,31.748,30.596,30.902,28065.0,47682434.99999999,16.9,17.46,16.82,16.99,True,中科信息,False
2021-11-10,30.704,31.37,30.578,31.226,18942.0,32523414.000000004,16.88,17.25,16.81,17.17,True,中科信息,False
2021-11-11,30.92,31.658,30.92,31.442,17698.0,30599842.0,17.0,17.41,17.0,17.29,True,中科信息,False
2021-11-12,31.406,32.234,31.244,32.126,22637.0,39999579.00000001,17.27,17.73,17.18,17.67,True,中科信息,False
2021-11-15,32.162,32.594,31.838,32.594,26011.0,46637723.0,17.69,17.93,17.51,17.93,True,中科信息,False
2021-11-16,32.54,32.684,31.838,31.928,19376.0,34024256.0,17.9,17.98,17.51,17.56,True,中科信息,False
2021-11-17,31.838,32.45,31.838,32.198,15178.0,26880238.0,17.51,17.85,17.51,17.71,True,中科信息,False
2021-11-18,32.288,32.54,31.55,31.586,20338.0,35327106.0,17.76,17.9,17.35,17.37,True,中科信息,False
2021-11-19,31.568,32.27,31.37,31.91,21368.0,37500840.0,17.36,17.75,17.25,17.55,True,中科信息,False
2021-11-22,32.288,32.396,31.658,32.0,14475.0,25476000.000000004,17.76,17.82,17.41,17.6,True,中科信息,False
2021-11-23,32.0,33.152,31.892,32.378,28340.0,50473540.0,17.6,18.24,17.54,17.81,True,中科信息,False
2021-11-24,32.36,32.576,31.712,32.09,23233.0,41006245.0,17.8,17.92,17.44,17.65,True,中科信息,False
2021-11-25,32.342,32.54,31.928,32.324,20512.0,36470336.0,17.79,17.9,17.56,17.78,True,中科信息,False
2021-11-26,32.27,32.396,31.442,32.018,24242.0,42690162.0,17.75,17.82,17.29,17.61,True,中科信息,False
2021-11-29,31.73,38.354,31.73,38.354,243392.0,514287296.0,17.45,21.13,17.45,21.13,True,中科信息,False
2021-11-30,41.36,44.906,37.796,41.378,383795.0,875436395.0,22.8,24.77,20.82,22.81,True,中科信息,False
2021-12-01,41.396,49.586,41.396,49.586,446008.0,1220723896.0,22.82,27.37,22.82,27.37,True,中科信息,False
2021-12-02,50.252,52.448,44.24,47.12,461378.0,1199582800.0,27.74,28.96,24.4,26.0,True,中科信息,False
2021-12-03,44.456,45.842,40.28,40.568,366612.0,819744432.0,24.52,25.29,22.2,22.36,True,中科信息,False
2021-12-06,39.92,42.944,38.876,41.936,313956.0,725866272.0,22.0,23.68,21.42,23.12,True,中科信息,False
2021-12-07,39.938,40.442,37.94,38.444,226887.0,480546666.0,22.01,22.29,20.9,21.18,True,中科信息,False
2021-12-08,38.156,39.578,38.156,39.362,147273.0,319435137.0,21.02,21.81,21.02,21.69,True,中科信息,False
2021-12-09,39.92,41.45,38.408,40.712,230099.0,516342156.0,22.0,22.85,21.16,22.44,True,中科信息,False
2021-12-10,39.596,40.046,38.336,38.642,167057.0,355664353.0,21.82,22.07,21.12,21.29,True,中科信息,False
2021-12-13,38.912,39.884,38.48,38.912,126329.0,270849376.0,21.44,21.98,21.2,21.44,True,中科信息,False
2021-12-14,38.156,41.342,37.958,41.126,226480.0,513430160.00000006,21.02,22.79,20.91,22.67,True,中科信息,False
2021-12-15,40.406,44.204,39.578,42.08,239377.0,555354640.0,22.27,24.38,21.81,23.2,True,中科信息,False
2021-12-16,41.09,41.918,39.452,40.154,193457.0,428120341.0,22.65,23.11,21.74,22.13,True,中科信息,False
2021-12-17,39.704,43.52,39.164,41.63,210295.0,482627025.0,21.88,24.0,21.58,22.95,True,中科信息,False
2021-12-20,40.406,43.16,39.938,40.55,169770.0,379435950.0,22.27,23.8,22.01,22.35,True,中科信息,False
2021-12-21,39.848,40.55,37.778,38.246,151715.0,319663505.0,21.96,22.35,20.81,21.07,True,中科信息,False
2021-12-22,38.174,39.704,37.886,39.002,111991.0,240668659.0,21.03,21.88,20.87,21.49,True,中科信息,False
2021-12-23,38.66,38.66,37.04,37.238,110402.0,226434502.00000003,21.3,21.3,20.4,20.51,True,中科信息,False
2021-12-24,37.274,37.814,36.374,36.698,84285.0,170339985.0,20.53,20.83,20.03,20.21,True,中科信息,False
2021-12-27,36.248,37.652,36.14,37.544,61883.0,127974044.0,19.96,20.74,19.9,20.68,True,中科信息,False
2021-12-28,37.22,38.264,36.86,37.382,68956.0,141980404.0,20.5,21.08,20.3,20.59,True,中科信息,False
2021-12-29,37.526,39.362,37.166,38.822,119250.0,255075750.0,20.67,21.69,20.47,21.39,True,中科信息,False
2021-12-30,38.102,41.72,37.94,40.64,170095.0,381012800.0,20.99,23.0,20.9,22.4,True,中科信息,False
2021-12-31,40.46,41.36,39.722,40.856,134546.0,302997592.0,22.3,22.8,21.89,22.52,True,中科信息,False
2022-01-04,41.36,42.134,40.136,40.802,117285.0,263773965.0,22.8,23.23,22.12,22.49,True,中科信息,False
2022-01-05,40.28,41.108,39.218,40.46,101136.0,225533280.0,22.2,22.66,21.61,22.3,True,中科信息,False
2022-01-06,39.938,41.288,39.578,40.838,91375.0,205685125.0,22.01,22.76,21.81,22.51,True,中科信息,False
2022-01-07,40.298,41.162,38.498,38.57,106207.0,225689875.0,22.21,22.69,21.21,21.25,True,中科信息,False
2022-01-10,39.254,39.254,36.752,37.94,83527.0,174571430.0,21.63,21.63,20.24,20.9,True,中科信息,False
2022-01-11,38.444,38.876,36.986,37.364,63176.0,130016208.0,21.18,21.42,20.37,20.58,True,中科信息,False
2022-01-12,37.796,38.75,37.346,38.372,60155.0,127167670.0,20.82,21.35,20.57,21.14,True,中科信息,False
2022-01-13,38.372,39.056,38.192,38.426,55492.0,117476564.0,21.14,21.52,21.04,21.17,True,中科信息,False
2022-01-14,38.39,40.28,37.94,39.83,88856.0,195038920.0,21.15,22.2,20.9,21.95,True,中科信息,False
2022-01-17,40.64,43.178,39.56,42.332,173930.0,405952620.0,22.4,23.81,21.8,23.34,True,中科信息,False
2022-01-18,42.35,44.24,41.72,42.638,199754.0,469621654.00000006,23.35,24.4,23.0,23.51,True,中科信息,False
2022-01-19,41.36,43.844,41.36,43.61,165357.0,397683585.0,22.8,24.18,22.8,24.05,True,中科信息,False
2022-01-20,43.772,43.772,40.586,42.386,140330.0,327951210.0,24.14,24.14,22.37,23.37,True,中科信息,False
2022-01-21,41.9,50.792,41.504,48.614,352445.0,945609935.0,23.1,28.04,22.88,26.83,True,中科信息,False
2022-01-24,45.32,48.848,45.104,47.12,224994.0,584984400.0,25.0,26.96,24.88,26.0,True,中科信息,False
2022-01-25,47.498,48.182,43.16,44.24,196163.0,478637720.0,26.21,26.59,23.8,24.4,True,中科信息,False
2022-01-26,44.942,49.154,41.702,48.02,292436.0,774955400.0,24.79,27.13,22.99,26.5,True,中科信息,False
2022-01-27,47.048,47.48,38.93,39.272,210923.0,456437372.0,25.96,26.2,21.45,21.64,True,中科信息,False
2022-01-28,38.876,41.45,37.94,37.994,178839.0,374310027.0,21.42,22.85,20.9,20.93,True,中科信息,False
2022-02-07,38.12,38.912,35.564,36.374,120111.0,240582333.0,21.0,21.44,19.58,20.03,True,中科信息,False
2022-02-08,36.626,37.832,35.618,37.418,92689.0,191032029.0,20.17,20.84,19.61,20.61,True,中科信息,False
2022-02-09,37.148,40.424,36.896,39.308,119156.0,258091896.0,20.46,22.28,20.32,21.66,True,中科信息,False
2022-02-10,39.254,39.326,36.608,38.084,102262.0,214545676.0,21.63,21.67,20.16,20.98,True,中科信息,False
2022-02-11,37.76,38.48,36.014,36.662,104551.0,211088469.0,20.8,21.2,19.83,20.19,True,中科信息,False
2022-02-14,36.302,37.256,34.862,37.004,73849.0,150504262.0,19.99,20.52,19.19,20.38,True,中科信息,False
2022-02-15,36.626,37.13,35.708,36.014,69514.0,137846262.0,20.17,20.45,19.66,19.83,True,中科信息,False
2022-02-16,36.536,37.202,35.474,35.87,86470.0,170778250.0,20.12,20.49,19.53,19.75,True,中科信息,False
2022-02-17,35.528,36.032,34.61,34.628,78520.0,149659120.0,19.56,19.84,19.05,19.06,True,中科信息,False
2022-02-18,34.61,35.924,34.52,35.798,83681.0,164935251.0,19.05,19.78,19.0,19.71,True,中科信息,False
2022-02-21,36.554,38.264,35.798,38.264,125547.0,264653076.0,20.13,21.08,19.71,21.08,True,中科信息,False
2022-02-22,37.22,39.29,37.022,37.994,118715.0,248470495.0,20.5,21.65,20.39,20.93,True,中科信息,False
2022-02-23,37.238,38.714,36.878,38.12,112059.0,235323900.0,20.51,21.33,20.31,21.0,True,中科信息,False
2022-02-24,37.562,38.408,35.276,35.78,120061.0,236520170.0,20.69,21.16,19.42,19.7,True,中科信息,False
2022-02-25,36.32,36.644,35.564,35.816,58588.0,115535536.0,20.0,20.18,19.58,19.72,True,中科信息,False
2022-02-28,36.212,36.68,35.06,36.068,52455.0,104175630.0,19.94,20.2,19.3,19.86,True,中科信息,False
2022-03-01,35.798,37.958,35.672,37.49,86765.0,179169725.0,19.71,20.91,19.64,20.65,True,中科信息,False
2022-03-02,36.608,38.066,36.608,37.544,84375.0,174487500.0,20.16,20.97,20.16,20.68,True,中科信息,False
2022-03-03,37.598,37.85,36.32,37.112,73090.0,149395960.0,20.71,20.85,20.0,20.44,True,中科信息,False
2022-03-04,36.86,37.04,35.78,35.96,52978.0,104896440.0,20.3,20.4,19.7,19.8,True,中科信息,False
2022-03-07,36.122,36.464,35.33,35.564,40231.0,78772298.0,19.89,20.08,19.45,19.58,True,中科信息,False
2022-03-08,35.564,35.924,34.556,34.646,45024.0,85860768.0,19.58,19.78,19.02,19.07,True,中科信息,False
2022-03-09,34.7,35.15,31.91,33.494,77131.0,142152433.0,19.1,19.35,17.55,18.43,True,中科信息,False
2022-03-10,34.124,34.7,33.332,33.44,55155.0,101485200.0,18.78,19.1,18.34,18.4,True,中科信息,False
2022-03-11,32.846,33.908,32.252,33.71,50696.0,94041080.0,18.07,18.66,17.74,18.55,True,中科信息,False
2022-03-14,33.62,34.88,33.35,33.476,65410.0,120485220.0,18.5,19.2,18.35,18.42,True,中科信息,False
2022-03-15,33.548,34.196,31.91,31.91,60368.0,105945840.0,18.46,18.82,17.55,17.55,True,中科信息,False
2022-03-16,32.486,33.386,31.64,33.296,50784.0,93036288.0,17.87,18.37,17.4,18.32,True,中科信息,False
2022-03-17,33.692,34.412,33.296,33.962,55399.0,103540731.0,18.54,18.94,18.32,18.69,True,中科信息,False
2022-03-18,33.8,34.7,33.584,34.376,52902.0,100090584.0,18.6,19.1,18.48,18.92,True,中科信息,False
2022-03-21,34.268,34.502,33.746,34.376,43173.0,81683316.0,18.86,18.99,18.57,18.92,True,中科信息,False
2022-03-22,34.358,34.664,33.764,34.232,37198.0,70081032.0,18.91,19.08,18.58,18.84,True,中科信息,False
2022-03-23,34.142,34.16,33.62,33.89,39858.0,74335170.0,18.79,18.8,18.5,18.65,True,中科信息,False
2022-03-24,33.548,33.584,32.756,33.098,36086.0,65712606.0,18.46,18.48,18.02,18.21,True,中科信息,False
2022-03-25,33.386,33.548,32.576,32.702,27801.0,50013998.99999999,18.37,18.46,17.92,17.99,True,中科信息,False
2022-03-28,32.864,33.152,32.018,32.666,28502.0,51218094.0,18.08,18.24,17.61,17.97,True,中科信息,False
2022-03-29,32.666,32.792,31.55,31.64,35570.0,61891799.99999999,17.97,18.04,17.35,17.4,True,中科信息,False
2022-03-30,31.766,32.216,31.604,32.036,25061.0,44157482.0,17.47,17.72,17.38,17.62,True,中科信息,False
2022-03-31,32.09,32.972,31.712,32.45,49737.0,88780545.0,17.65,18.14,17.44,17.85,True,中科信息,False
2022-04-01,32.27,32.504,31.766,31.874,29241.0,51259473.0,17.75,17.88,17.47,17.53,True,中科信息,False
2022-04-06,31.712,32.63,31.64,32.252,34617.0,61410557.99999999,17.44,17.95,17.4,17.74,True,中科信息,False
2022-04-07,32.342,32.36,30.83,30.938,38757.0,65925657.00000001,17.79,17.8,16.95,17.01,True,中科信息,False
2022-04-08,30.794,30.92,29.732,29.93,37190.0,61177550.0,16.93,17.0,16.34,16.45,True,中科信息,False
2022-04-11,30.182,30.182,28.958,29.408,30933.0,49987728.0,16.59,16.59,15.91,16.16,True,中科信息,False
2022-04-12,29.39,30.2,28.958,30.074,27503.0,45462459.0,16.15,16.6,15.91,16.53,True,中科信息,False
2022-04-13,30.812,30.848,29.21,29.264,32885.0,52879079.99999999,16.94,16.96,16.05,16.08,True,中科信息,False
2022-04-14,29.462,29.912,29.408,29.822,25828.0,42332092.0,16.19,16.44,16.16,16.39,True,中科信息,False
2022-04-15,29.48,29.624,28.85,29.372,28832.0,46534848.0,16.2,16.28,15.85,16.14,True,中科信息,False
2022-04-18,29.372,30.218,28.616,30.11,33687.0,55751985.0,16.14,16.61,15.72,16.55,True,中科信息,False
2022-04-19,29.948,30.47,29.696,30.434,30955.0,51787715.0,16.46,16.75,16.32,16.73,True,中科信息,False
2022-04-20,32.522,34.16,30.65,30.704,99613.0,168146744.0,17.89,18.8,16.85,16.88,True,中科信息,False
2022-04-21,29.66,32.36,29.138,31.334,100393.0,172977139.0,16.3,17.8,16.01,17.23,True,中科信息,False
2022-04-22,30.38,30.704,29.426,29.516,59408.0,96359776.0,16.7,16.88,16.17,16.22,True,中科信息,False
2022-04-25,28.976,28.976,25.97,26.042,55625.0,79488125.0,15.92,15.92,14.25,14.29,True,中科信息,False
2022-04-26,26.672,26.87,24.962,25.16,38807.0,53553660.0,14.64,14.75,13.69,13.8,True,中科信息,False
2022-04-27,25.088,26.114,24.44,26.024,34339.0,49036092.0,13.76,14.33,13.4,14.28,True,中科信息,False
2022-04-28,26.024,26.024,24.476,24.818,34928.0,47537008.0,14.28,14.28,13.42,13.61,True,中科信息,False
2022-04-29,25.232,26.384,24.944,26.204,37605.0,54075990.0,13.84,14.48,13.68,14.38,True,中科信息,False
2022-05-05,25.988,27.104,25.916,26.744,29523.0,43339764.0,14.26,14.88,14.22,14.68,True,中科信息,False
2022-05-06,25.88,27.5,25.88,26.762,36138.0,53086722.0,14.2,15.1,14.2,14.69,True,中科信息,False
2022-05-09,26.654,27.482,26.618,27.248,28343.0,42401128.0,14.63,15.09,14.61,14.96,True,中科信息,False
2022-05-10,26.96,27.986,26.564,27.77,27330.0,41678250.0,14.8,15.37,14.58,15.25,True,中科信息,False
2022-05-11,28.022,28.778,27.68,27.68,37924.0,57644480.0,15.39,15.81,15.2,15.2,True,中科信息,False
2022-05-12,27.644,28.472,27.5,27.95,25442.0,39053470.0,15.18,15.64,15.1,15.35,True,中科信息,False
2022-05-13,27.986,28.346,27.554,27.914,18754.0,28749882.0,15.37,15.57,15.13,15.33,True,中科信息,False
2022-05-16,27.95,28.364,27.5,27.806,21440.0,32738880.0,15.35,15.58,15.1,15.27,True,中科信息,False
2022-05-17,27.824,27.86,27.104,27.536,19152.0,28957824.0,15.28,15.3,14.88,15.12,True,中科信息,False
2022-05-18,28.184,28.742,27.932,28.724,53451.0,84345678.0,15.48,15.79,15.34,15.78,True,中科信息,False
2022-05-19,28.904,30.362,28.328,28.472,86946.0,135983544.0,15.88,16.69,15.56,15.64,True,中科信息,False
2022-05-20,28.544,29.336,28.418,28.67,56010.0,88215750.0,15.68,16.12,15.61,15.75,True,中科信息,False
2022-05-23,28.364,29.084,28.22,28.976,39316.0,62591072.0,15.58,15.98,15.5,15.92,True,中科信息,False
2022-05-24,28.994,29.102,27.104,27.14,41825.0,62319250.0,15.93,15.99,14.88,14.9,True,中科信息,False
2022-05-25,27.32,28.22,27.14,28.148,30901.0,47772946.0,15.0,15.5,14.9,15.46,True,中科信息,False
2022-05-26,28.166,28.454,27.41,28.4,31402.0,48987120.0,15.47,15.63,15.05,15.6,True,中科信息,False
2022-05-27,28.526,29.804,28.418,29.534,64509.0,104698107.0,15.67,16.38,15.61,16.23,True,中科信息,False
2022-05-30,29.624,30.92,29.156,30.848,75596.0,128210816.0,16.28,17.0,16.02,16.96,True,中科信息,False
2022-05-31,30.47,30.83,29.624,30.398,55737.0,93136527.0,16.75,16.95,16.28,16.71,True,中科信息,False
2022-06-01,30.398,31.262,30.02,30.902,52598.0,89364001.99999999,16.71,17.19,16.5,16.99,True,中科信息,False
2022-06-02,30.92,31.514,30.488,31.316,49678.0,85545516.0,17.0,17.33,16.76,17.22,True,中科信息,False
2022-06-06,31.334,32.09,31.298,31.784,48176.0,84211648.0,17.23,17.65,17.21,17.48,True,中科信息,False
2022-06-07,31.784,31.874,30.974,31.19,39169.0,67174835.0,17.48,17.53,17.03,17.15,True,中科信息,False
2022-06-08,31.442,31.964,30.578,31.028,40607.0,69275542.0,17.29,17.58,16.81,17.06,True,中科信息,False
2022-06-09,30.992,32.396,30.578,32.108,65678.0,115987348.0,17.04,17.82,16.81,17.66,True,中科信息,False
2022-06-10,31.676,34.448,31.316,33.422,157860.0,290304540.0,17.42,18.96,17.22,18.39,True,中科信息,False
2022-06-13,32.504,33.494,31.55,32.27,107979.0,191122830.0,17.83,18.38,17.3,17.7,True,中科信息,False
2022-06-14,31.748,31.838,30.362,31.568,74790.0,129461490.0,17.41,17.46,16.64,17.31,True,中科信息,False
2022-06-15,31.676,31.676,30.776,30.884,57120.0,96704160.0,17.37,17.37,16.87,16.93,True,中科信息,False
2022-06-16,30.722,31.208,30.614,30.92,41608.0,70525560.0,16.84,17.11,16.78,16.95,True,中科信息,False
2022-06-17,30.776,31.1,30.218,30.902,44561.0,75486334.0,16.87,17.05,16.56,16.94,True,中科信息,False
2022-06-20,31.082,31.406,30.794,31.208,39453.0,67504083.0,17.04,17.22,16.88,17.11,True,中科信息,False
2022-06-21,31.244,31.766,31.028,31.46,51464.0,88775400.0,17.13,17.42,17.01,17.25,True,中科信息,False
2022-06-22,31.37,31.73,30.506,30.524,38191.0,63893543.0,17.2,17.4,16.72,16.73,True,中科信息,False
2022-06-23,30.974,31.262,30.47,31.154,29478.0,50348423.99999999,16.98,17.14,16.7,17.08,True,中科信息,False
2022-06-24,31.874,32.396,31.028,31.334,61937.0,106407766.0,17.48,17.77,17.01,17.18,True,中科信息,False
2022-06-27,31.136,31.586,30.92,31.118,32569.0,55562713.99999999,17.07,17.32,16.95,17.06,True,中科信息,False
2022-06-28,31.1,31.694,30.506,31.604,46490.0,80567169.99999999,17.05,17.38,16.72,17.33,True,中科信息,False
2022-06-29,31.37,31.91,30.668,30.686,40534.0,68178188.0,17.2,17.5,16.81,16.82,True,中科信息,False
2022-06-30,30.686,31.172,30.326,30.38,40336.0,67159440.0,16.82,17.09,16.62,16.65,True,中科信息,False
2022-07-01,30.65,31.244,30.398,30.668,37185.0,62507984.99999999,16.8,17.13,16.66,16.81,True,中科信息,False
2022-07-04,30.668,31.28,30.182,31.1,33869.0,57746645.0,16.81,17.15,16.54,17.05,True,中科信息,False
2022-07-05,31.01,31.694,30.398,30.686,41127.0,69175614.0,17.0,17.38,16.66,16.82,True,中科信息,False
2022-07-06,30.65,31.874,30.524,30.992,47430.0,80583570.0,16.8,17.48,16.73,16.99,True,中科信息,False
2022-07-07,31.1,31.892,30.794,31.73,42300.0,73602000.0,17.05,17.49,16.88,17.4,True,中科信息,False
2022-07-08,31.73,32.324,31.46,31.55,41214.0,71300220.0,17.4,17.73,17.25,17.3,True,中科信息,False
2022-07-11,31.73,31.91,30.776,31.172,29358.0,50172822.0,17.4,17.5,16.87,17.09,True,中科信息,False
2022-07-12,31.028,31.172,30.146,30.362,30666.0,51028224.0,17.01,17.09,16.52,16.64,True,中科信息,False
2022-07-13,30.344,30.794,30.272,30.722,16068.0,27058512.0,16.63,16.88,16.59,16.84,True,中科信息,False
2022-07-14,30.722,30.992,30.434,30.632,21824.0,36642496.0,16.84,16.99,16.68,16.79,True,中科信息,False
2022-07-15,30.65,30.74,30.092,30.218,25532.0,42280992.0,16.8,16.85,16.49,16.56,True,中科信息,False
2022-07-18,30.29,32.036,30.29,31.766,51245.0,89268790.00000001,16.6,17.57,16.6,17.42,True,中科信息,False
2022-07-19,31.73,33.656,31.64,33.494,88308.0,162310104.0,17.4,18.47,17.35,18.38,True,中科信息,False
2022-07-20,34.808,35.51,32.684,33.08,117570.0,213389550.0,19.11,19.5,17.93,18.15,True,中科信息,False
2022-07-21,32.54,33.566,32.54,32.576,62343.0,111406941.0,17.85,18.42,17.85,17.87,True,中科信息,False
2022-07-22,32.576,32.954,31.766,31.964,54462.0,95471886.0,17.87,18.08,17.42,17.53,True,中科信息,False
2022-07-25,32.054,32.612,31.46,31.802,29924.0,52187456.00000001,17.58,17.89,17.25,17.44,True,中科信息,False
2022-07-26,31.766,32.108,31.622,32.072,24035.0,42277565.0,17.42,17.61,17.34,17.59,True,中科信息,False
2022-07-27,31.856,32.54,31.856,32.36,34876.0,61904900.0,17.47,17.85,17.47,17.75,True,中科信息,False
2022-07-28,32.432,33.332,32.432,33.152,42910.0,78053290.0,17.79,18.29,17.79,18.19,True,中科信息,False
2022-07-29,33.116,33.602,32.882,33.044,41421.0,75096273.0,18.17,18.44,18.04,18.13,True,中科信息,False
2022-08-01,33.044,33.8,32.756,33.602,36248.0,66841312.00000001,18.13,18.55,17.97,18.44,True,中科信息,False
2022-08-02,33.008,33.17,31.496,31.91,44619.0,78083250.0,18.11,18.2,17.27,17.5,True,中科信息,False
2022-08-03,31.838,33.476,31.838,32.756,50385.0,90541845.0,17.46,18.37,17.46,17.97,True,中科信息,False
2022-08-04,32.774,33.278,32.522,32.9,36154.0,65257970.0,17.98,18.26,17.84,18.05,True,中科信息,False
2022-08-05,33.17,34.142,32.9,34.07,69510.0,129983700.0,18.2,18.74,18.05,18.7,True,中科信息,False
2022-08-08,34.25,36.05,33.548,35.6,104250.0,203808750.0,18.8,19.8,18.41,19.55,True,中科信息,False
2022-08-09,35.042,35.6,34.628,35.312,76223.0,147796397.0,19.24,19.55,19.01,19.39,True,中科信息,False
2022-08-10,35.096,35.294,34.646,35.114,42821.0,82558888.0,19.27,19.38,19.02,19.28,True,中科信息,False
2022-08-11,35.168,35.456,34.934,35.168,41876.0,80862556.0,19.31,19.47,19.18,19.31,True,中科信息,False
2022-08-12,35.06,35.672,34.538,34.628,46925.0,89204425.0,19.25,19.59,18.96,19.01,True,中科信息,False
2022-08-15,34.646,34.646,33.854,34.178,41502.0,77857752.0,19.02,19.02,18.58,18.76,True,中科信息,False
2022-08-16,34.358,34.736,33.71,34.016,28733.0,53644511.00000001,18.86,19.07,18.5,18.67,True,中科信息,False
2022-08-17,34.25,34.412,33.44,34.052,39519.0,73861011.0,18.8,18.89,18.35,18.69,True,中科信息,False
2022-08-18,33.89,34.484,33.62,34.43,39195.0,74078550.0,18.6,18.93,18.45,18.9,True,中科信息,False
2022-08-19,34.25,34.862,33.638,33.638,61338.0,113229948.0,18.8,19.14,18.46,18.46,True,中科信息,False
2022-08-22,33.71,34.034,33.206,33.674,31275.0,57796200.0,18.5,18.68,18.22,18.48,True,中科信息,False
2022-08-23,33.656,33.872,33.188,33.638,23485.0,43353310.0,18.47,18.59,18.21,18.46,True,中科信息,False
2022-08-24,33.494,33.62,32.054,32.054,38340.0,67401720.0,18.38,18.45,17.58,17.58,True,中科信息,False
2022-08-25,32.09,32.252,31.046,31.748,25470.0,44343270.0,17.6,17.69,17.02,17.41,True,中科信息,False
2022-08-26,31.82,32.36,31.658,31.928,19470.0,34091970.0,17.45,17.75,17.36,17.51,True,中科信息,False
2022-08-29,31.406,31.838,31.064,31.712,11567.0,20115013.0,17.22,17.46,17.03,17.39,True,中科信息,False
2022-08-30,31.802,32.27,31.568,32.234,14583.0,25782744.0,17.44,17.7,17.31,17.68,True,中科信息,False
2022-08-31,32.27,33.44,31.73,31.802,42468.0,74064192.0,17.7,18.35,17.4,17.44,True,中科信息,False
2022-09-01,31.154,32.09,29.966,30.344,41852.0,69599876.0,17.08,17.6,16.42,16.63,True,中科信息,False
2022-09-02,30.02,32.036,30.02,31.766,35490.0,61823580.00000001,16.45,17.57,16.45,17.42,True,中科信息,False
2022-09-05,31.838,32.45,30.74,30.956,19928.0,33817816.0,17.46,17.8,16.85,16.97,True,中科信息,False
2022-09-06,30.92,31.1,30.506,30.848,14829.0,25075839.0,16.95,17.05,16.72,16.91,True,中科信息,False
2022-09-07,30.866,31.262,30.524,31.118,31001.0,52887705.99999999,16.92,17.14,16.73,17.06,True,中科信息,False
2022-09-08,31.01,31.19,29.984,30.164,33647.0,55618491.00000001,17.0,17.1,16.43,16.53,True,中科信息,False
2022-09-09,29.93,30.362,29.84,30.11,16004.0,26406600.0,16.4,16.64,16.35,16.5,True,中科信息,False
2022-09-13,30.2,30.452,29.534,29.678,21350.0,34715100.0,16.55,16.69,16.18,16.26,True,中科信息,False
2022-09-14,29.372,29.66,29.03,29.57,13767.0,22302540.0,16.09,16.25,15.9,16.2,True,中科信息,False
2022-09-15,29.678,30.092,28.238,28.58,26190.0,40987350.0,16.26,16.49,15.46,15.65,True,中科信息,False
2022-09-16,28.58,28.994,28.454,28.526,18961.0,29617082.0,15.65,15.88,15.58,15.62,True,中科信息,False
2022-09-19,28.49,28.508,27.554,27.914,17084.0,26104352.0,15.6,15.61,15.08,15.28,True,中科信息,False
2022-09-20,28.094,28.976,28.022,28.814,17863.0,28187814.0,15.38,15.87,15.34,15.78,True,中科信息,False
2022-09-21,28.796,29.084,27.95,28.958,16212.0,25712232.0,15.77,15.93,15.3,15.86,True,中科信息,False
2022-09-22,28.724,29.624,28.616,29.21,15873.0,25396800.0,15.73,16.23,15.67,16.0,True,中科信息,False
2022-09-23,29.228,29.3,28.238,28.346,17704.0,27476608.0,16.01,16.05,15.46,15.52,True,中科信息,False
2022-09-26,28.238,28.706,27.626,28.508,20212.0,31550932.0,15.46,15.72,15.12,15.61,True,中科信息,False
2022-09-27,28.4,28.832,28.094,28.76,15157.0,23872275.0,15.55,15.79,15.38,15.75,True,中科信息,False
2022-09-28,28.706,28.796,27.41,27.59,21604.0,32622040.0,15.72,15.77,15.0,15.1,True,中科信息,False
2022-09-29,27.698,28.148,27.446,27.5,13371.0,20123355.0,15.16,15.41,15.02,15.05,True,中科信息,False
2022-09-30,27.41,27.752,26.834,26.852,16933.0,24874577.0,15.0,15.19,14.68,14.69,True,中科信息,False
2022-10-10,26.942,27.302,26.258,26.384,13144.0,18966792.0,14.74,14.94,14.36,14.43,True,中科信息,False
2022-10-11,26.384,26.888,26.204,26.834,13838.0,20314184.0,14.43,14.71,14.33,14.68,True,中科信息,False
2022-10-12,26.69,28.49,26.6,28.454,27943.0,43535194.0,14.6,15.6,14.55,15.58,True,中科信息,False
2022-10-13,28.454,30.344,28.454,29.606,56166.0,91101252.0,15.58,16.63,15.58,16.22,True,中科信息,False
2022-10-14,29.39,31.892,29.102,31.37,102130.0,175663600.0,16.1,17.49,15.94,17.2,True,中科信息,False
2022-10-17,30.596,32.846,30.56,31.766,134856.0,234919152.00000003,16.77,18.02,16.75,17.42,True,中科信息,False
2022-10-18,31.55,32.198,30.884,31.676,90487.0,157175919.0,17.3,17.66,16.93,17.37,True,中科信息,False
2022-10-19,31.82,32.234,31.028,31.388,60548.0,104203108.0,17.45,17.68,17.01,17.21,True,中科信息,False
2022-10-20,31.514,32.396,31.172,31.352,48987.0,84208653.0,17.28,17.77,17.09,17.19,True,中科信息,False
2022-10-21,31.172,31.604,30.776,31.226,42430.0,72640160.0,17.09,17.33,16.87,17.12,True,中科信息,False
2022-10-24,31.568,32.072,30.974,31.1,47335.0,80706175.0,17.31,17.59,16.98,17.05,True,中科信息,False
2022-10-25,30.794,31.55,30.038,30.164,44394.0,73383282.0,16.88,17.3,16.46,16.53,True,中科信息,False
2022-10-26,30.542,32.63,30.29,32.306,78430.0,138977960.0,16.74,17.9,16.6,17.72,True,中科信息,False
2022-10-27,32.594,35.168,32.144,32.99,133138.0,240979780.00000003,17.88,19.31,17.63,18.1,True,中科信息,False
2022-10-28,32.99,33.872,31.91,32.09,97477.0,171559520.0,18.1,18.59,17.5,17.6,True,中科信息,False
2022-10-31,32.522,34.196,32.522,33.53,114947.0,211502480.0,17.84,18.77,17.84,18.4,True,中科信息,False
2022-11-01,33.224,33.8,32.63,33.458,91532.0,168052752.0,18.23,18.55,17.9,18.36,True,中科信息,False
2022-11-02,32.882,33.098,32.45,32.81,71309.0,128356200.0,18.04,18.16,17.8,18.0,True,中科信息,False
2022-11-03,32.414,33.008,31.64,32.414,56578.0,100595684.0,17.78,18.11,17.35,17.78,True,中科信息,False
2022-11-04,32.36,32.738,31.874,32.522,53382.0,95233488.0,17.75,17.96,17.48,17.84,True,中科信息,False
2022-11-07,32.432,33.494,32.162,32.288,48187.0,85339177.0,17.79,18.38,17.64,17.71,True,中科信息,False
2022-11-08,32.126,33.584,31.568,33.548,100450.0,184928450.0,17.62,18.43,17.31,18.41,True,中科信息,False
2022-11-09,33.062,33.44,32.378,33.008,59428.0,107624108.0,18.14,18.35,17.76,18.11,True,中科信息,False
2022-11-10,32.972,34.286,32.828,33.368,69630.0,127492530.0,18.09,18.82,18.01,18.31,True,中科信息,False
2022-11-11,33.98,34.556,32.558,32.612,75551.0,135160739.0,18.65,18.97,17.86,17.89,True,中科信息,False
2022-11-14,32.09,33.476,32.036,33.296,65651.0,119944377.0,17.6,18.37,17.57,18.27,True,中科信息,False
2022-11-15,33.278,34.322,33.206,33.638,71788.0,132520648.0,18.26,18.84,18.22,18.46,True,中科信息,False
2022-11-16,33.71,34.538,33.458,34.16,73089.0,137041875.0,18.5,18.96,18.36,18.75,True,中科信息,False
2022-11-17,34.394,35.564,33.71,35.492,142742.0,278204158.0,18.88,19.53,18.5,19.49,True,中科信息,False
2022-11-18,35.87,35.87,33.656,33.71,133190.0,246401500.0,19.7,19.7,18.47,18.5,True,中科信息,False
2022-11-21,34.232,34.592,33.152,34.25,77566.0,145824080.0,18.79,18.99,18.19,18.8,True,中科信息,False
2022-11-22,33.89,35.15,33.278,34.052,82985.0,155098965.0,18.6,19.3,18.26,18.69,True,中科信息,False
2022-11-23,33.89,36.338,32.63,35.024,159202.0,306145446.0,18.6,19.96,17.9,19.23,True,中科信息,False
2022-11-24,34.43,34.718,32.846,33.71,120585.0,223082250.0,18.9,19.06,18.02,18.5,True,中科信息,False
2022-11-25,33.638,39.254,33.134,36.41,252128.0,504256000.0,18.46,21.58,18.18,20.0,True,中科信息,False
2022-11-28,36.59,37.778,35.618,37.724,211056.0,437519088.0,20.1,20.76,19.56,20.73,True,中科信息,False
2022-11-29,36.428,37.31,36.14,36.932,154442.0,313362818.0,20.01,20.5,19.85,20.29,True,中科信息,False
2022-11-30,36.734,36.734,35.294,35.96,112383.0,221956425.0,20.18,20.18,19.38,19.75,True,中科信息,False
2022-12-01,35.96,36.734,35.42,36.572,121268.0,243627412.0,19.75,20.18,19.45,20.09,True,中科信息,False
2022-12-02,36.428,37.454,35.708,36.41,133850.0,267700000.0,20.01,20.58,19.61,20.0,True,中科信息,False
2022-12-05,36.392,37.634,35.69,37.634,160636.0,332195248.0,19.99,20.68,19.6,20.68,True,中科信息,False
2022-12-06,37.022,37.31,36.266,36.5,97186.0,194857930.0,20.34,20.5,19.92,20.05,True,中科信息,False
2022-12-07,35.96,36.158,34.934,35.294,84138.0,163059444.0,19.75,19.86,19.18,19.38,True,中科信息,False
2022-12-08,34.592,34.682,32.864,32.936,100558.0,181708306.0,18.99,19.04,18.03,18.07,True,中科信息,False
2022-12-09,32.81,33.26,32.648,33.08,50924.0,92427060.0,18.0,18.25,17.91,18.15,True,中科信息,False
2022-12-12,33.08,33.71,32.45,33.386,55465.0,101611880.0,18.15,18.5,17.8,18.32,True,中科信息,False
2022-12-13,33.602,33.674,32.36,32.396,47963.0,85230251.0,18.44,18.48,17.75,17.77,True,中科信息,False
2022-12-14,32.396,33.17,32.18,32.558,44391.0,79282326.0,17.77,18.2,17.65,17.86,True,中科信息,False
2022-12-15,32.378,33.404,32.27,32.936,42372.0,76566204.0,17.76,18.33,17.7,18.07,True,中科信息,False
2022-12-16,32.684,32.684,31.46,31.46,55901.0,96429225.0,17.93,17.93,17.25,17.25,True,中科信息,False
2022-12-19,31.478,31.712,30.722,30.956,33895.0,57519814.99999999,17.26,17.39,16.84,16.97,True,中科信息,False
2022-12-20,31.028,31.532,30.254,30.272,30744.0,51004296.0,17.01,17.29,16.58,16.59,True,中科信息,False
2022-12-21,30.29,30.578,29.858,30.038,20786.0,34213756.0,16.6,16.76,16.36,16.46,True,中科信息,False
2022-12-22,30.128,30.488,29.642,29.714,25540.0,41579120.0,16.51,16.71,16.24,16.28,True,中科信息,False
2022-12-23,29.552,30.416,29.552,30.29,24022.0,39876520.0,16.19,16.67,16.19,16.6,True,中科信息,False
2022-12-26,30.182,30.704,30.074,30.614,24552.0,41198256.0,16.54,16.83,16.48,16.78,True,中科信息,False
2022-12-27,30.614,30.812,29.912,30.38,28660.0,47718899.99999999,16.78,16.89,16.39,16.65,True,中科信息,False
2022-12-28,30.308,30.308,29.39,29.534,31634.0,51183812.0,16.61,16.61,16.1,16.18,True,中科信息,False
2022-12-29,29.732,30.2,29.426,29.552,25987.0,42072953.0,16.29,16.55,16.12,16.19,True,中科信息,False
2022-12-30,29.732,30.182,29.516,30.074,25967.0,42793616.0,16.29,16.54,16.17,16.48,True,中科信息,False
2023-01-03,30.2,31.586,30.038,31.514,59091.0,102109248.0,16.55,17.32,16.46,17.28,True,中科信息,False
2023-01-04,31.658,31.82,31.244,31.586,49142.0,85113944.0,17.36,17.45,17.13,17.32,True,中科信息,False
2023-01-05,31.748,31.784,31.37,31.622,33382.0,57884388.0,17.41,17.43,17.2,17.34,True,中科信息,False
2023-01-06,31.406,31.694,31.172,31.226,30213.0,51724656.0,17.22,17.38,17.09,17.12,True,中科信息,False
2023-01-09,31.478,31.694,31.208,31.406,21559.0,37124598.0,17.26,17.38,17.11,17.22,True,中科信息,False
2023-01-10,31.406,31.604,31.1,31.316,20598.0,35366766.0,17.22,17.33,17.05,17.17,True,中科信息,False
2023-01-11,31.37,31.658,30.686,30.704,32363.0,54466928.99999999,17.2,17.36,16.82,16.83,True,中科信息,False
2023-01-12,30.704,31.208,30.578,30.848,27026.0,45700966.0,16.83,17.11,16.76,16.91,True,中科信息,False
2023-01-13,30.704,30.974,30.416,30.776,25375.0,42807625.0,16.83,16.98,16.67,16.87,True,中科信息,False
2023-01-16,30.812,31.802,30.794,31.334,35459.0,60918562.0,16.89,17.44,16.88,17.18,True,中科信息,False
2023-01-17,31.442,31.514,30.884,31.064,22880.0,38964640.0,17.24,17.28,16.93,17.03,True,中科信息,False
2023-01-18,31.064,31.982,30.938,31.694,38008.0,66057903.99999999,17.03,17.54,16.96,17.38,True,中科信息,False
2023-01-19,31.514,32.594,31.514,32.54,52024.0,92862840.0,17.28,17.88,17.28,17.85,True,中科信息,False
2023-01-20,32.558,33.098,32.09,32.81,46385.0,83493000.0,17.86,18.16,17.6,18.0,True,中科信息,False
2023-01-30,33.44,34.304,33.044,33.782,68003.0,126077562.0,18.35,18.83,18.13,18.54,True,中科信息,False
2023-01-31,34.16,34.88,33.53,33.89,74931.0,139371660.0,18.75,19.15,18.4,18.6,True,中科信息,False
2023-02-01,34.07,35.474,33.908,35.42,102502.0,199366390.0,18.7,19.48,18.61,19.45,True,中科信息,False
2023-02-02,35.33,37.292,35.15,35.654,151648.0,296926784.0,19.4,20.49,19.3,19.58,True,中科信息,False
2023-02-03,35.15,37.112,35.06,36.554,136274.0,273638192.0,19.3,20.39,19.25,20.08,True,中科信息,False
2023-02-06,36.41,40.172,36.05,38.66,243016.0,516409000.0,20.0,22.09,19.8,21.25,True,中科信息,False
2023-02-07,38.228,40.91,37.778,39.902,216965.0,476021210.0,21.01,22.5,20.76,21.94,True,中科信息,False
2023-02-08,39.146,39.29,37.778,38.138,158469.0,332151024.0,21.52,21.6,20.76,20.96,True,中科信息,False
2023-02-09,37.508,38.732,37.49,38.174,116624.0,244677152.0,20.61,21.29,20.6,20.98,True,中科信息,False
2023-02-10,39.218,40.01,37.958,38.462,132717.0,280563738.0,21.56,22.0,20.86,21.14,True,中科信息,False
2023-02-13,38.228,40.73,38.228,39.668,158277.0,345202137.0,21.01,22.4,21.01,21.81,True,中科信息,False
2023-02-14,39.11,39.488,38.138,38.192,129308.0,271417492.0,21.5,21.71,20.96,20.99,True,中科信息,False
2023-02-15,38.174,39.758,37.76,39.47,137859.0,299154030.0,20.98,21.86,20.75,21.7,True,中科信息,False
2023-02-16,39.236,40.334,38.21,38.66,167583.0,356113875.0,21.57,22.18,21.0,21.25,True,中科信息,False
2023-02-17,38.246,38.912,37.202,37.31,99523.0,204022150.0,21.02,21.39,20.44,20.5,True,中科信息,False
2023-02-20,37.67,38.282,37.184,38.048,66178.0,138378198.0,20.7,21.04,20.43,20.91,True,中科信息,False
2023-02-21,38.066,38.75,37.418,37.904,65585.0,136613555.0,20.92,21.3,20.56,20.83,True,中科信息,False
2023-02-22,37.67,40.604,36.986,39.38,176665.0,382479725.0,20.7,22.33,20.32,21.65,True,中科信息,False
2023-02-23,39.2,39.47,37.634,38.066,120113.0,251276396.00000003,21.55,21.7,20.68,20.92,True,中科信息,False
2023-02-24,38.12,38.696,37.778,38.12,69226.0,145028470.0,20.95,21.27,20.76,20.95,True,中科信息,False
2023-02-27,38.912,40.28,38.174,38.21,147564.0,309884400.0,21.39,22.15,20.98,21.0,True,中科信息,False
2023-02-28,39.146,43.394,38.732,42.782,285448.0,671944592.0,21.52,23.88,21.29,23.54,True,中科信息,False
2023-03-01,42.35,43.97,41.45,42.926,328828.0,776691736.0,23.3,24.2,22.8,23.62,True,中科信息,False
2023-03-02,42.026,42.764,41.378,41.558,199628.0,456349608.0,23.12,23.53,22.76,22.86,True,中科信息,False
2023-03-03,41.036,43.61,40.028,42.908,263305.0,621663105.0,22.57,24.0,22.01,23.61,True,中科信息,False
2023-03-06,42.188,44.816,41.954,42.386,224636.0,523851152.0,23.21,24.67,23.08,23.32,True,中科信息,False
2023-03-07,42.422,43.79,41.27,41.288,202348.0,459532308.0,23.34,24.1,22.7,22.71,True,中科信息,False
2023-03-08,42.35,43.268,41.594,42.548,171922.0,402469402.0,23.3,23.81,22.88,23.41,True,中科信息,False
2023-03-09,41.81,42.134,40.514,41.252,151966.0,344810854.0,23.0,23.18,22.28,22.69,True,中科信息,False
2023-03-10,40.37,41.576,40.118,40.694,107133.0,239763654.0,22.2,22.87,22.06,22.38,True,中科信息,False
2023-03-13,40.316,43.07,40.208,43.034,160956.0,381143808.0,22.17,23.7,22.11,23.68,True,中科信息,False
2023-03-14,42.53,42.872,41.504,42.098,123971.0,287116836.0,23.4,23.59,22.83,23.16,True,中科信息,False
2023-03-15,42.26,42.566,41.072,41.45,87396.0,199262880.0,23.25,23.42,22.59,22.8,True,中科信息,False
2023-03-16,40.928,41.414,39.47,39.65,115011.0,250723980.0,22.51,22.78,21.7,21.8,True,中科信息,False
2023-03-17,40.208,41.792,40.172,41.252,127784.0,289941896.0,22.11,22.99,22.09,22.69,True,中科信息,False
2023-03-20,40.964,43.484,40.784,41.702,134959.0,309595946.0,22.53,23.93,22.43,22.94,True,中科信息,False
2023-03-21,41.72,43.034,40.874,42.296,123501.0,287386827.0,22.95,23.68,22.48,23.27,True,中科信息,False
2023-03-22,41.936,44.114,41.702,44.042,191976.0,465349824.0,23.07,24.28,22.94,24.24,True,中科信息,False
2023-03-23,43.79,44.78,42.782,44.348,176832.0,431646912.0,24.1,24.65,23.54,24.41,True,中科信息,False
2023-03-24,45.536,46.076,43.43,44.366,187216.0,457181472.00000006,25.07,25.37,23.9,24.42,True,中科信息,False
2023-03-27,44.078,44.636,43.034,44.06,175274.0,425039450.0,24.26,24.57,23.68,24.25,True,中科信息,False
2023-03-28,44.15,46.4,43.718,44.906,226414.0,559695408.0,24.3,25.55,24.06,24.72,True,中科信息,False
2023-03-29,44.114,44.78,42.71,43.952,169935.0,411072765.0,24.28,24.65,23.5,24.19,True,中科信息,False
2023-03-30,43.772,43.772,41.99,42.206,125977.0,292518594.0,24.09,24.09,23.1,23.22,True,中科信息,False
2023-03-31,43.43,44.888,43.106,44.636,197949.0,486360693.0,23.9,24.71,23.72,24.57,True,中科信息,False
2023-04-03,44.654,46.634,44.294,46.598,216067.0,554427922.0,24.58,25.68,24.38,25.66,True,中科信息,False
2023-04-04,46.868,46.868,45.32,45.608,189290.0,475307190.0,25.81,25.81,24.95,25.11,True,中科信息,False
2023-04-06,44.708,45.068,43.682,44.096,136249.0,330676323.0,24.61,24.81,24.04,24.27,True,中科信息,False
2023-04-07,44.528,45.338,42.98,44.96,123118.0,304717050.0,24.51,24.96,23.65,24.75,True,中科信息,False
2023-04-10,44.798,44.834,42.908,43.016,114763.0,271644021.0,24.66,24.68,23.61,23.67,True,中科信息,False
2023-04-11,43.052,44.132,42.728,43.394,74399.0,177664812.0,23.69,24.29,23.51,23.88,True,中科信息,False
2023-04-12,43.412,44.69,42.908,44.564,125720.0,308391160.0,23.89,24.6,23.61,24.53,True,中科信息,False
2023-04-13,44.6,51.386,44.546,48.65,371878.0,996633040.0,24.55,28.32,24.52,26.8,True,中科信息,False
2023-04-14,48.272,50.198,47.228,49.082,251250.0,679380000.0,26.59,27.66,26.01,27.04,True,中科信息,False
2023-04-17,49.91,50.594,46.49,47.066,179168.0,464403456.00000006,27.5,27.88,25.6,25.92,True,中科信息,False
2023-04-18,47.084,54.032,47.084,53.096,358488.0,1049294376.0,25.93,29.79,25.93,29.27,True,中科信息,False
2023-04-19,52.664,63.626,51.872,63.626,511878.0,1797715535.9999998,29.03,35.12,28.59,35.12,True,中科信息,False
2023-04-20,62.294,70.754,59.342,69.53,568924.0,2184668160.0,34.38,39.08,32.74,38.4,True,中科信息,False
2023-04-21,68.63,76.01,68.486,72.95,537348.0,2165512440.0,37.9,42.0,37.82,40.3,True,中科信息,False
2023-04-24,72.338,79.142,69.71,76.046,418184.0,1757209168.0000002,39.96,43.74,38.5,42.02,True,中科信息,False
2023-04-25,74.984,91.166,73.994,91.166,440448.0,2220738816.0,41.43,50.42,40.88,50.42,True,中科信息,False
2023-04-26,92.228,101.192,87.134,94.568,441044.0,2307101164.0,51.01,55.99,48.18,52.31,True,中科信息,False
2023-04-27,88.718,91.904,77.882,81.68,405834.0,1832340510.0,49.06,50.83,43.04,45.15,True,中科信息,False
2023-04-28,82.85,97.934,80.564,97.934,428694.0,2322664092.0,45.8,54.18,44.53,54.18,True,中科信息,False
2023-05-04,99.41,117.194,96.188,111.416,394947.0,2435638149.0,55.0,64.88,53.21,61.67,True,中科信息,False
2023-05-05,104.81,111.236,101.156,105.44,291639.0,1701713565.0,58.0,61.57,55.97,58.35,True,中科信息,False
2023-05-08,106.61,120.11,100.49,115.43,362321.0,2315231190.0,59.0,66.5,55.6,63.9,True,中科信息,False
2023-05-09,112.874,126.914,105.548,110.75,384563.0,2357371190.0,62.48,70.28,58.41,61.3,True,中科信息,False
2023-05-10,110.75,117.194,100.904,109.292,316304.0,1913322896.0,61.3,64.88,55.83,60.49,True,中科信息,False
2023-05-11,106.826,107.87,98.708,99.374,266053.0,1462759394.0,59.12,59.7,54.61,54.98,True,中科信息,False
2023-05-12,95.81,99.14,94.55,95.756,204825.0,1084958025.0,53.0,54.85,52.3,52.97,True,中科信息,False
2023-05-15,95.738,100.868,92.156,99.356,306341.0,1683956477.0,52.96,55.81,50.97,54.97,True,中科信息,False
2023-05-16,98.51,98.51,85.892,85.91,323149.0,1534957750.0,54.5,54.5,47.49,47.5,True,中科信息,False
2023-05-17,83.228,87.53,82.004,83.75,248710.0,1151527300.0,46.01,48.4,45.33,46.3,True,中科信息,False
2023-05-18,83.732,94.298,83.534,90.302,337948.0,1687712312.0,46.29,52.16,46.18,49.94,True,中科信息,False
2023-05-19,92.48,98.15,89.906,89.906,308948.0,1536089456.0,51.15,54.3,49.72,49.72,True,中科信息,False
2023-05-22,89.888,94.892,86.54,91.31,238920.0,1206546000.0,49.71,52.49,47.85,50.5,True,中科信息,False
2023-05-23,90.5,92.804,86.81,86.81,171578.0,823574400.0,50.05,51.33,48.0,48.0,True,中科信息,False
2023-05-24,85.874,101.21,85.73,99.41,350114.0,1925627000.0,47.48,56.0,47.4,55.0,True,中科信息,False
2023-05-25,97.808,119.21,95.792,119.21,412109.0,2719919400.0,54.11,66.0,52.99,66.0,True,中科信息,False
2023-05-26,116.924,134.42,115.304,124.403,667641.0,3063804549.0,43.12,49.6,42.52,45.89,True,中科信息,False
2023-05-29,130.1,135.446,122.54,124.376,528149.0,2423147612.0,48.0,49.98,45.2,45.88,True,中科信息,False
2023-05-30,128.75,149.162,124.16,149.162,658306.0,3624632836.0,47.5,55.06,45.8,55.06,True,中科信息,False
2023-05-31,151.538,159.8,140.927,142.952,743338.0,3921851288.0,55.94,59.0,52.01,52.76,True,中科信息,False
2023-06-01,138.659,156.911,136.013,146.327,642557.0,3470450357.0,51.17,57.93,50.19,54.01,True,中科信息,False
2023-06-02,146.3,150.296,134.636,134.636,582511.0,2893914648.0,54.0,55.48,49.68,49.68,True,中科信息,False
2023-06-05,128.777,136.958,128.75,132.449,354970.0,1734738390.0,47.51,50.54,47.5,48.87,True,中科信息,False
2023-06-06,130.127,139.28,123.701,138.956,575364.0,2950466592.0,48.01,51.4,45.63,51.28,True,中科信息,False
2023-06-07,134.987,153.131,134.177,145.76,700894.0,3770809720.0,49.81,56.53,49.51,53.8,True,中科信息,False
2023-06-08,140.63,152.996,132.125,140.63,571453.0,2965841070.0,51.9,56.48,48.75,51.9,True,中科信息,False
2023-06-09,136.985,142.79,132.8,136.877,409263.0,2067187413.0,50.55,52.7,49.0,50.51,True,中科信息,False
2023-06-12,135.5,139.55,132.125,132.719,328723.0,1609756531.0,50.0,51.5,48.75,48.97,True,中科信息,False
2023-06-13,133.07,138.875,129.776,134.204,358897.0,1777257944.0,49.1,51.25,47.88,49.52,True,中科信息,False
2023-06-14,132.611,144.167,132.53,140.657,468135.0,2430088785.0,48.93,53.21,48.9,51.91,True,中科信息,False
2023-06-15,139.01,146.03,134.231,141.17,464723.0,2421206830.0,51.3,53.9,49.53,52.1,True,中科信息,False
2023-06-16,141.197,169.304,137.687,160.232,756468.0,4475264688.0,52.11,62.52,50.81,59.16,True,中科信息,False
2023-06-19,162.5,171.464,153.86,166.091,660579.0,4051331007.0,60.0,63.32,56.8,61.33,True,中科信息,False
2023-06-20,161.15,165.956,157.559,159.8,450718.0,2659236200.0,59.5,61.28,58.17,59.0,True,中科信息,False
2023-06-21,157.397,164.39,147.542,147.623,410845.0,2238694405.0,58.11,60.7,54.46,54.49,True,中科信息,False
2023-06-26,141.737,151.997,138.767,147.65,345249.0,1881607050.0,52.31,56.11,51.21,54.5,True,中科信息,False
2023-06-27,146.678,154.67,143.6,150.458,319725.0,1775752650.0,54.14,57.1,53.0,55.54,True,中科信息,False
2023-06-28,146.3,146.3,130.127,132.53,383776.0,1876664640.0,54.0,54.0,48.01,48.9,True,中科信息,False
2023-06-29,132.584,136.391,131.585,133.07,254742.0,1250783220.0,48.92,50.33,48.55,49.1,True,中科信息,False
2023-06-30,133.07,136.715,130.127,135.473,279512.0,1397280488.0,49.1,50.45,48.01,49.99,True,中科信息,False
2023-07-03,134.96,136.85,123.35,127.049,309169.0,1449075103.0,49.8,50.5,45.5,46.87,True,中科信息,False
2023-07-04,126.671,129.83,124.7,128.345,229520.0,1086777200.0,46.73,47.9,46.0,47.35,True,中科信息,False
2023-07-05,127.427,129.965,120.083,120.11,305212.0,1352089160.0,47.01,47.95,44.29,44.3,True,中科信息,False
2023-07-06,120.596,128.021,120.596,123.809,270381.0,1234830027.0,44.48,47.23,44.48,45.67,True,中科信息,False
2023-07-07,122.567,123.755,116.627,119.084,252318.0,1108180656.0,45.21,45.65,43.01,43.92,True,中科信息,False
2023-07-10,119.435,122.432,115.52,119.786,212634.0,939417012.0,44.05,45.16,42.6,44.18,True,中科信息,False
2023-07-11,119.813,125.483,118.76,123.863,266994.0,1219895586.0,44.19,46.29,43.8,45.69,True,中科信息,False
2023-07-12,122.54,123.377,115.547,116.141,260851.0,1117224833.0,45.2,45.51,42.61,42.83,True,中科信息,False
2023-07-13,116.87,121.433,113.63,119.3,276522.0,1216696800.0,43.1,44.79,41.9,44.0,True,中科信息,False
2023-07-14,119.3,129.182,118.949,124.7,412402.0,1897049200.0,44.0,47.66,43.87,46.0,True,中科信息,False
2023-07-17,124.754,131.936,123.026,128.615,346741.0,1645286045.0,46.02,48.68,45.38,47.45,True,中科信息,False
2023-07-18,126.347,127.346,120.164,120.758,259640.0,1156436560.0,46.61,46.98,44.32,44.54,True,中科信息,False
2023-07-19,120.92,124.43,120.677,121.028,135998.0,607095072.0,44.6,45.9,44.51,44.64,True,中科信息,False
2023-07-20,119.3,120.65,109.715,110.39,295772.0,1203792040.0,44.0,44.5,40.45,40.7,True,中科信息,False
2023-07-21,109.85,113.009,109.364,110.606,149826.0,610990428.0,40.5,41.67,40.32,40.78,True,中科信息,False
2023-07-24,109.742,115.196,109.148,111.605,156059.0,642182785.0,40.46,42.48,40.24,41.15,True,中科信息,False
2023-07-25,113.36,115.871,110.876,112.091,198509.0,820437697.0,41.8,42.73,40.88,41.33,True,中科信息,False
2023-07-26,111.2,111.47,106.664,107.744,170258.0,676264776.0,41.0,41.1,39.32,39.72,True,中科信息,False
2023-07-27,107.744,108.959,105.395,105.584,119165.0,463790180.0,39.72,40.17,38.85,38.92,True,中科信息,False
2023-07-28,106.583,106.583,102.533,103.451,151988.0,579530244.0,39.29,39.29,37.79,38.13,True,中科信息,False
2023-07-31,104.369,107.555,102.344,105.26,156044.0,605450720.0,38.47,39.65,37.72,38.8,True,中科信息,False
2023-08-01,104.45,106.151,101.48,104.828,155925.0,602494200.0,38.5,39.13,37.4,38.64,True,中科信息,False
2023-08-02,103.883,106.529,103.289,106.286,149377.0,585259086.0,38.29,39.27,38.07,39.18,True,中科信息,False
2023-08-03,104.18,106.853,102.803,105.206,137063.0,531530314.0,38.4,39.39,37.89,38.78,True,中科信息,False
2023-08-04,104.612,107.123,104.207,106.502,189396.0,743568696.0,38.56,39.49,38.41,39.26,True,中科信息,False
2023-08-07,106.961,110.12,106.61,107.69,221229.0,878279130.0000001,39.43,40.6,39.3,39.7,True,中科信息,False
2023-08-08,106.475,110.417,104.234,104.369,198316.0,762921652.0,39.25,40.71,38.42,38.47,True,中科信息,False
2023-08-09,103.181,107.15,101.507,102.074,206396.0,776461752.0,38.03,39.5,37.41,37.62,True,中科信息,False
2023-08-10,100.94,103.505,99.941,102.101,119463.0,449539269.00000006,37.2,38.15,36.83,37.63,True,中科信息,False
2023-08-11,101.966,103.91,99.725,100.427,114802.0,424882202.0,37.58,38.3,36.75,37.01,True,中科信息,False
2023-08-14,99.86,104.126,99.644,104.126,144105.0,553074990.0,36.8,38.38,36.72,38.38,True,中科信息,False
2023-08-15,105.746,105.746,100.076,100.94,158953.0,591305160.0,38.98,38.98,36.88,37.2,True,中科信息,False
2023-08-16,99.887,101.048,97.403,97.997,127331.0,459792241.0,36.81,37.24,35.89,36.11,True,中科信息,False
2023-08-17,98.807,100.832,96.971,99.941,118537.0,436571771.0,36.41,37.16,35.73,36.83,True,中科信息,False
2023-08-18,100.481,101.21,95.702,96.35,132452.0,470204600.0,37.03,37.3,35.26,35.5,True,中科信息,False
2023-08-21,94.973,99.266,94.514,97.106,116587.0,417148286.0,34.99,36.58,34.82,35.78,True,中科信息,False
2023-08-22,98.51,105.665,96.89,104.99,305778.0,1183360860.0,36.3,38.95,35.7,38.7,True,中科信息,False
2023-08-23,102.29,102.29,97.97,98.51,234687.0,851913809.9999999,37.7,37.7,36.1,36.3,True,中科信息,False
2023-08-24,99.752,100.562,96.89,97.403,165312.0,593304768.0,36.76,37.06,35.7,35.89,True,中科信息,False
2023-08-25,95.0,95.0,88.79,89.465,222427.0,732896965.0000001,35.0,35.0,32.7,32.95,True,中科信息,False
2023-08-28,95.054,96.728,90.815,90.815,164832.0,551363040.0,35.02,35.64,33.45,33.45,True,中科信息,False
2023-08-29,91.247,97.187,90.194,95.729,207879.0,733189233.0000001,33.61,35.81,33.22,35.27,True,中科信息,False
2023-08-30,95.837,114.764,95.54,110.903,590332.0,2413867548.0,35.31,42.32,35.2,40.89,True,中科信息,False
2023-08-31,107.447,109.607,104.99,108.743,419227.0,1680681043.0000002,39.61,40.41,38.7,40.09,True,中科信息,False
2023-09-01,107.987,109.985,105.26,106.421,224002.0,878759845.9999999,39.81,40.55,38.8,39.23,True,中科信息,False
2023-09-04,107.447,107.852,104.126,107.096,184583.0,728733684.0,39.61,39.76,38.38,39.48,True,中科信息,False
2023-09-05,106.367,106.61,102.425,102.587,185083.0,699798823.0,39.21,39.3,37.75,37.81,True,中科信息,False
2023-09-06,102.317,102.965,98.375,99.158,186008.0,679673232.0,37.71,37.95,36.25,36.54,True,中科信息,False
2023-09-07,97.862,98.672,95.378,95.567,140905.0,496126505.0,36.06,36.36,35.14,35.21,True,中科信息,False
2023-09-08,95.432,96.08,92.03,93.596,135680.0,467824640.0,35.16,35.4,33.9,34.48,True,中科信息,False
2023-09-11,93.65,98.267,91.571,96.512,194409.0,691318404.0,34.5,36.21,33.73,35.56,True,中科信息,False
2023-09-12,96.08,98.24,95.162,96.026,156176.0,552550688.0,35.4,36.2,35.06,35.38,True,中科信息,False
2023-09-13,95.0,95.27,91.382,92.516,135183.0,460703664.0,35.0,35.1,33.66,34.08,True,中科信息,False
2023-09-14,93.299,93.299,90.41,90.923,84216.0,282039384.0,34.37,34.37,33.3,33.49,True,中科信息,False
2023-09-15,89.654,91.76,88.871,89.06,92188.0,302376640.0,33.02,33.8,32.73,32.8,True,中科信息,False
2023-09-18,88.25,89.033,86.171,86.657,110109.0,351357819.0,32.5,32.79,31.73,31.91,True,中科信息,False
2023-09-19,86.765,86.792,84.47,85.253,89389.0,280592071.0,31.95,31.96,31.1,31.39,True,中科信息,False
2023-09-20,85.928,88.817,85.334,85.631,166738.0,525724914.0,31.64,32.71,31.42,31.53,True,中科信息,False
2023-09-21,84.281,87.251,84.227,84.821,108077.0,337524471.0,31.03,32.13,31.01,31.23,True,中科信息,False
2023-09-22,84.713,91.922,84.47,90.41,254685.0,848101049.9999999,31.19,33.86,31.1,33.3,True,中科信息,False
2023-09-25,89.762,90.41,87.278,87.791,163545.0,528740985.0,33.06,33.3,32.14,32.33,True,中科信息,False
2023-09-26,88.223,99.455,87.791,93.947,352404.0,1219670244.0,32.49,36.65,32.33,34.61,True,中科信息,False
2023-09-27,92.57,96.35,92.408,93.272,242533.0,833343388.0,34.1,35.5,34.04,34.36,True,中科信息,False
2023-09-28,94.19,94.919,91.733,92.219,145176.0,493162872.0,34.7,34.97,33.79,33.97,True,中科信息,False
2023-10-09,91.22,91.976,89.384,89.87,118890.0,393525900.0,33.6,33.88,32.92,33.1,True,中科信息,False
2023-10-10,90.599,91.058,88.925,89.006,134274.0,440150172.0,33.37,33.54,32.75,32.78,True,中科信息,False
2023-10-11,88.574,94.406,88.439,92.3,215528.0,732795200.0,32.62,34.78,32.57,34.0,True,中科信息,False
2023-10-12,92.057,93.083,89.627,90.086,126678.0,420317604.0,33.91,34.29,33.01,33.18,True,中科信息,False
2023-10-13,89.087,89.627,86.306,86.495,123715.0,394032275.0,32.81,33.01,31.78,31.85,True,中科信息,False
2023-10-16,86.873,87.305,84.2,85.118,96540.0,302556360.0,31.99,32.15,31.0,31.34,True,中科信息,False
2023-10-17,85.064,85.523,82.904,83.93,91295.0,282101550.0,31.32,31.49,30.52,30.9,True,中科信息,False
2023-10-18,83.336,84.065,79.907,81.122,122187.0,364850382.0,30.68,30.95,29.41,29.86,True,中科信息,False
2023-10-19,80.933,84.659,80.933,81.662,107994.0,324629964.0,29.79,31.17,29.79,30.06,True,中科信息,False
2023-10-20,80.933,82.445,78.287,78.395,100065.0,288687525.0,29.79,30.35,28.81,28.85,True,中科信息,False
2023-10-23,77.72,79.07,74.885,75.668,94207.0,262272288.0,28.6,29.1,27.55,27.84,True,中科信息,False
2023-10-24,76.208,79.259,75.776,77.261,110211.0,313329873.0,28.04,29.17,27.88,28.43,True,中科信息,False
2023-10-25,77.72,80.15,76.775,77.666,101483.0,290038414.0,28.6,29.5,28.25,28.58,True,中科信息,False
2023-10-26,76.748,79.745,76.262,78.962,120422.0,349946332.0,28.24,29.35,28.06,29.06,True,中科信息,False
2023-10-27,78.314,79.529,76.613,78.692,146760.0,425016960.0,28.82,29.27,28.19,28.96,True,中科信息,False
2023-10-30,77.99,80.123,77.666,79.772,108125.0,317455000.0,28.7,29.49,28.58,29.36,True,中科信息,False
2023-10-31,79.745,80.393,77.018,77.963,104707.0,300404383.0,29.35,29.59,28.34,28.69,True,中科信息,False
2023-11-01,77.99,81.473,77.558,78.611,119838.0,346691334.0,28.7,29.99,28.54,28.93,True,中科信息,False
2023-11-02,78.638,80.366,77.612,77.612,111954.0,319740624.0,28.94,29.58,28.56,28.56,True,中科信息,False
2023-11-03,78.8,81.176,78.611,79.475,142516.0,416859300.0,29.0,29.88,28.93,29.25,True,中科信息,False
2023-11-06,80.15,82.931,79.637,82.634,182256.0,554422752.0,29.5,30.53,29.31,30.42,True,中科信息,False
2023-11-07,85.55,89.546,82.85,87.575,328171.0,1058351475.0,31.5,32.98,30.5,32.25,True,中科信息,False
2023-11-08,85.55,89.06,85.28,88.709,281242.0,918817614.0,31.5,32.8,31.4,32.67,True,中科信息,False
2023-11-09,89.87,101.102,88.979,96.35,476911.0,1693034050.0,33.1,37.26,32.77,35.5,True,中科信息,False
2023-11-10,93.65,93.812,90.059,90.599,302158.0,1008301246.0,34.5,34.56,33.17,33.37,True,中科信息,False
2023-11-13,91.247,97.376,89.681,92.975,257704.0,882636200.0,33.61,35.88,33.03,34.25,True,中科信息,False
2023-11-14,92.435,95.675,91.976,94.379,244630.0,850578510.0000001,34.05,35.25,33.88,34.77,True,中科信息,False
2023-11-15,95.432,95.675,92.03,92.462,176709.0,601870854.0,35.16,35.25,33.9,34.06,True,中科信息,False
2023-11-16,91.76,93.677,90.788,90.95,130971.0,438752850.0,33.8,34.51,33.44,33.5,True,中科信息,False
2023-11-17,91.409,91.949,89.168,91.22,141504.0,475453440.0,33.67,33.87,32.84,33.6,True,中科信息,False
2023-11-20,91.274,96.161,91.274,95.027,269632.0,943981632.0,33.62,35.43,33.62,35.01,True,中科信息,False
2023-11-21,94.433,95.297,91.976,92.408,172237.0,586294748.0,34.79,35.11,33.88,34.04,True,中科信息,False
2023-11-22,91.652,92.597,89.06,89.087,126358.0,414580598.0,33.76,34.11,32.8,32.81,True,中科信息,False
2023-11-23,89.087,89.411,86.684,89.222,103272.0,339351792.0,32.81,32.93,31.92,32.86,True,中科信息,False
2023-11-24,89.249,89.33,85.415,85.793,99103.0,313066377.0,32.87,32.9,31.45,31.59,True,中科信息,False
2023-11-27,85.307,86.9,84.2,84.821,84728.0,264605544.0,31.41,32.0,31.0,31.23,True,中科信息,False
2023-11-28,85.037,85.28,83.147,84.47,74378.0,231315580.0,31.31,31.4,30.61,31.1,True,中科信息,False
2023-11-29,84.47,84.686,83.282,83.606,53538.0,164789964.0,31.1,31.18,30.66,30.78,True,中科信息,False
2023-11-30,84.119,84.443,82.796,83.795,69346.0,213932410.0,30.97,31.09,30.48,30.85,True,中科信息,False
2023-12-01,83.768,92.273,83.687,90.356,239350.0,796556800.0,30.84,33.99,30.81,33.28,True,中科信息,False
2023-12-04,91.976,94.676,90.842,90.977,236436.0,792297036.0,33.88,34.88,33.46,33.51,True,中科信息,False
2023-12-05,89.384,90.626,86.279,86.306,146663.0,466095014.0,32.92,33.38,31.77,31.78,True,中科信息,False
2023-12-06,84.956,88.385,84.254,86.765,131308.0,419529060.0,31.28,32.55,31.02,31.95,True,中科信息,False
2023-12-07,86.36,92.273,86.279,91.22,221875.0,745500000.0,31.8,33.99,31.77,33.6,True,中科信息,False
2023-12-08,91.49,95.675,90.14,94.541,331938.0,1156140054.0,33.7,35.25,33.2,34.83,True,中科信息,False
2023-12-11,92.3,95.216,91.922,94.676,187688.0,654655744.0,34.0,35.08,33.86,34.88,True,中科信息,False
2023-12-12,95.324,99.968,94.406,94.46,322941.0,1123834680.0,35.12,36.84,34.78,34.8,True,中科信息,False
2023-12-13,93.65,96.215,92.786,93.029,206528.0,707771456.0000001,34.5,35.45,34.18,34.27,True,中科信息,False
2023-12-14,93.056,94.379,91.625,91.76,128309.0,433684420.0,34.28,34.77,33.75,33.8,True,中科信息,False
2023-12-15,92.138,92.921,89.357,90.599,114001.0,380421337.0,33.94,34.23,32.91,33.37,True,中科信息,False
2023-12-18,90.14,91.571,88.52,88.871,91821.0,300530133.0,33.2,33.73,32.6,32.73,True,中科信息,False
2023-12-19,89.303,90.194,87.764,89.816,85220.0,281907760.0,32.89,33.22,32.32,33.08,True,中科信息,False
2023-12-20,89.735,89.789,84.821,84.983,118057.0,369400353.0,33.05,33.07,31.23,31.29,True,中科信息,False
2023-12-21,83.309,86.576,82.418,85.982,113947.0,360756202.0,30.67,31.88,30.34,31.66,True,中科信息,False
2023-12-22,85.226,85.955,80.636,80.825,136204.0,405206900.0,31.38,31.65,29.68,29.75,True,中科信息,False
2023-12-25,80.798,82.013,79.097,80.285,60090.0,177565950.0,29.74,30.19,29.11,29.55,True,中科信息,False
2023-12-26,79.664,80.312,77.288,77.477,75237.0,214500687.0,29.32,29.56,28.44,28.51,True,中科信息,False
2023-12-27,77.396,78.935,77.369,78.584,64749.0,187254108.0,28.48,29.05,28.47,28.92,True,中科信息,False
2023-12-28,78.314,81.068,77.45,80.231,88972.0,262734316.0,28.82,29.84,28.5,29.53,True,中科信息,False
2023-12-29,80.474,81.797,79.637,81.446,79311.0,237774378.0,29.62,30.11,29.31,29.98,True,中科信息,False
2024-01-02,81.446,82.013,79.718,79.826,62873.0,184720874.0,29.98,30.19,29.34,29.38,True,中科信息,False
2024-01-03,79.205,80.69,77.612,79.07,61744.0,179675040.0,29.15,29.7,28.56,29.1,True,中科信息,False
2024-01-04,79.043,79.178,76.91,77.531,55866.0,159385698.0,29.09,29.14,28.3,28.53,True,中科信息,False
2024-01-05,77.585,78.206,75.263,75.776,59247.0,165180636.0,28.55,28.78,27.69,27.88,True,中科信息,False
2024-01-08,75.182,75.776,73.994,73.994,49506.0,134755332.0,27.66,27.88,27.22,27.22,True,中科信息,False
2024-01-09,74.75,75.776,73.157,74.021,57865.0,157566395.0,27.5,27.88,26.91,27.23,True,中科信息,False
2024-01-10,73.589,74.075,71.024,71.051,67424.0,176178912.0,27.07,27.25,26.12,26.13,True,中科信息,False
2024-01-11,71.078,75.83,71.078,75.101,104232.0,287993016.0,26.14,27.9,26.14,27.63,True,中科信息,False
2024-01-12,75.074,75.155,73.13,73.157,54692.0,147176172.0,27.62,27.65,26.9,26.91,True,中科信息,False
2024-01-15,72.536,73.751,72.05,72.968,36615.0,98274660.0,26.68,27.13,26.5,26.84,True,中科信息,False
2024-01-16,72.968,73.076,70.538,71.942,63573.0,168214158.0,26.84,26.88,25.94,26.46,True,中科信息,False
2024-01-17,71.618,72.914,70.7,70.7,54593.0,141941800.0,26.34,26.82,26.0,26.0,True,中科信息,False
2024-01-18,70.214,73.103,69.566,73.049,100012.0,268732244.0,25.82,26.89,25.58,26.87,True,中科信息,False
2024-01-19,72.374,73.913,71.672,71.807,66037.0,174403717.0,26.62,27.19,26.36,26.41,True,中科信息,False
2024-01-22,71.51,72.725,66.947,67.487,76894.0,190774014.0,26.3,26.75,24.61,24.81,True,中科信息,False
2024-01-23,66.974,74.21,66.974,72.293,122301.0,325198359.0,24.62,27.3,24.62,26.59,True,中科信息,False
2024-01-24,72.266,74.966,70.16,74.615,162759.0,446773455.0,26.58,27.58,25.8,27.45,True,中科信息,False
2024-01-25,74.129,86.9,72.941,82.904,340493.0,1039184636.0,27.27,32.0,26.83,30.52,True,中科信息,False
2024-01-26,82.175,84.011,79.583,80.096,254144.0,749216512.0,30.25,30.93,29.29,29.48,True,中科信息,False
2024-01-29,79.853,86.9,79.799,81.5,293860.0,881580000.0,29.39,32.0,29.37,30.0,True,中科信息,False
2024-01-30,83.768,86.846,81.662,82.796,260855.0,795086040.0,30.84,31.98,30.06,30.48,True,中科信息,False
2024-01-31,77.261,82.472,75.074,75.533,230313.0,640039827.0,28.43,30.36,27.62,27.79,True,中科信息,False
2024-02-01,72.833,81.095,68.378,77.423,253935.0,723460815.0,26.79,29.85,25.14,28.49,True,中科信息,False
2024-02-02,76.64,81.122,71.591,74.696,218808.0,601284384.0,28.2,29.86,26.33,27.48,True,中科信息,False
2024-02-05,73.454,74.156,65.165,66.056,201394.0,488984632.0,27.02,27.28,23.95,24.28,True,中科信息,False
2024-02-06,63.95,71.753,62.6,70.511,175163.0,454197659.0,23.5,26.39,23.0,25.93,True,中科信息,False
2024-02-07,70.025,74.966,69.377,69.431,187561.0,478843233.0,25.75,27.58,25.51,25.53,True,中科信息,False
2024-02-08,70.943,74.885,68.702,73.994,199190.0,542195180.0,26.09,27.55,25.26,27.22,True,中科信息,False
2024-02-19,77.585,86.225,75.56,84.065,270765.0,838017675.0,28.55,31.75,27.8,30.95,True,中科信息,False
2024-02-20,81.365,90.14,80.42,84.794,337505.0,1053690610.0,29.95,33.2,29.6,31.22,True,中科信息,False
2024-02-21,83.039,88.979,82.904,84.794,320013.0,999080586.0,30.57,32.77,30.52,31.22,True,中科信息,False
2024-02-22,95.162,100.508,90.167,91.409,492096.0,1656887232.0,35.06,37.04,33.21,33.67,True,中科信息,False
2024-02-23,94.19,95.864,90.518,94.973,435919.0,1525280581.0,34.7,35.32,33.34,34.99,True,中科信息,False
2024-02-26,92.03,94.649,91.031,91.976,340831.0,1154735428.0,33.9,34.87,33.53,33.88,True,中科信息,False
2024-02-27,89.654,98.753,87.845,96.782,439744.0,1568127103.9999998,33.02,36.39,32.35,35.66,True,中科信息,False
2024-02-28,95.54,100.454,89.681,90.491,474913.0,1582885029.0,35.2,37.02,33.03,33.33,True,中科信息,False
2024-02-29,89.789,94.649,89.789,94.19,296802.0,1029902940.0,33.07,34.87,33.07,34.7,True,中科信息,False
2024-03-01,93.38,106.124,92.624,103.1,520456.0,1977732800.0,34.4,39.12,34.12,38.0,True,中科信息,False
2024-03-04,102.263,106.583,99.428,103.856,454729.0,1740702612.0,37.69,39.29,36.64,38.28,True,中科信息,False
2024-03-05,101.75,103.721,99.293,99.86,322338.0,1186203840.0,37.5,38.23,36.59,36.8,True,中科信息,False
2024-03-06,98.186,103.046,97.7,101.156,245514.0,915276192.0,36.18,37.98,36.0,37.28,True,中科信息,False
2024-03-07,100.94,102.209,93.65,94.271,290300.0,1008211900.0,37.2,37.67,34.5,34.73,True,中科信息,False
2024-03-08,94.46,98.375,93.65,97.106,217040.0,776569120.0,34.8,36.25,34.5,35.78,True,中科信息,False
2024-03-11,95.189,97.7,94.784,96.863,186485.0,665564965.0,35.07,36.0,34.92,35.69,True,中科信息,False
2024-03-12,96.701,99.536,95.405,96.08,183990.0,651324600.0,35.63,36.68,35.15,35.4,True,中科信息,False
2024-03-13,97.133,99.509,96.62,97.646,222904.0,802008591.9999999,35.79,36.67,35.6,35.98,True,中科信息,False
2024-03-14,96.35,97.268,93.515,95.135,177551.0,622316255.0,35.5,35.84,34.45,35.05,True,中科信息,False
2024-03-15,94.73,95.837,92.3,95.81,167972.0,592941160.0,34.9,35.31,34.0,35.3,True,中科信息,False
2024-03-18,96.377,99.32,95.27,99.023,228869.0,835142981.0,35.51,36.6,35.1,36.49,True,中科信息,False
2024-03-19,98.213,99.536,97.295,97.376,180969.0,649316772.0,36.19,36.68,35.85,35.88,True,中科信息,False
2024-03-20,97.16,99.995,96.701,99.401,215074.0,787816062.0,35.8,36.85,35.63,36.63,True,中科信息,False
2024-03-21,99.482,100.67,98.402,99.59,205567.0,754430890.0,36.66,37.1,36.26,36.7,True,中科信息,False
2024-03-22,99.185,99.968,94.757,95.081,207564.0,727096692.0,36.55,36.84,34.91,35.03,True,中科信息,False
2024-03-25,94.028,96.08,90.707,90.707,159667.0,533447447.0,34.64,35.4,33.41,33.41,True,中科信息,False
2024-03-26,90.896,92.165,86.873,87.683,153004.0,494049916.0,33.48,33.95,31.99,32.29,True,中科信息,False
2024-03-27,87.71,88.196,83.066,83.201,133220.0,408052860.0,32.3,32.48,30.58,30.63,True,中科信息,False
2024-03-28,83.498,87.305,83.282,86.63,142227.0,453704130.0,30.74,32.15,30.66,31.9,True,中科信息,False
2024-03-29,86.63,86.63,84.443,85.901,91107.0,288171441.0,31.9,31.9,31.09,31.63,True,中科信息,False
2024-04-01,86.387,87.98,86.036,87.98,104311.0,337967640.0,31.81,32.4,31.68,32.4,True,中科信息,False
2024-04-02,87.521,87.521,84.389,84.848,103684.0,323908816.0,32.23,32.23,31.07,31.24,True,中科信息,False
2024-04-03,85.199,85.388,79.907,79.961,140902.0,414674586.0,31.37,31.44,29.41,29.43,True,中科信息,False
2024-04-08,79.475,80.555,78.152,78.449,82518.0,238229466.0,29.25,29.65,28.76,28.87,True,中科信息,False
2024-04-09,79.097,79.772,77.396,79.529,70233.0,205571991.0,29.11,29.36,28.48,29.27,True,中科信息,False
2024-04-10,78.962,79.124,76.343,76.91,78235.0,221405050.0,29.06,29.12,28.09,28.3,True,中科信息,False
2024-04-11,76.91,79.259,76.64,77.828,95740.0,274199360.0,28.3,29.17,28.2,28.64,True,中科信息,False
2024-04-12,78.314,79.043,77.45,77.666,71106.0,203220948.0,28.82,29.09,28.5,28.58,True,中科信息,False
2024-04-15,77.45,82.499,76.586,81.473,189312.0,567746688.0,28.5,30.37,28.18,29.99,True,中科信息,False
2024-04-16,80.906,84.605,79.286,80.501,216805.0,642393215.0,29.78,31.15,29.18,29.63,True,中科信息,False
2024-04-17,81.068,83.984,78.638,83.768,170613.0,526170492.0,29.84,30.92,28.94,30.84,True,中科信息,False
2024-04-18,82.634,84.038,81.284,81.527,146269.0,438953269.0,30.42,30.94,29.92,30.01,True,中科信息,False
2024-04-19,80.258,83.363,80.015,80.501,109016.0,323014408.0,29.54,30.69,29.45,29.63,True,中科信息,False
2024-04-22,78.233,79.286,73.103,75.182,146630.0,405578580.0,28.79,29.18,26.89,27.66,True,中科信息,False
2024-04-23,74.48,75.56,74.156,74.264,79755.0,217890660.0,27.4,27.8,27.28,27.32,True,中科信息,False
2024-04-24,74.723,77.288,74.696,76.802,101741.0,287520066.0,27.49,28.44,27.48,28.26,True,中科信息,False
2024-04-25,76.1,78.476,74.75,76.397,99188.0,278817468.0,28.0,28.88,27.5,28.11,True,中科信息,False
2024-04-26,76.397,79.286,76.154,79.043,125530.0,365166770.0,28.11,29.18,28.02,29.09,True,中科信息,False
2024-04-29,80.447,81.932,79.637,81.527,129045.0,387264045.0,29.61,30.16,29.31,30.01,True,中科信息,False
2024-04-30,81.77,83.12,79.772,80.609,102836.0,305114412.0,30.1,30.6,29.36,29.67,True,中科信息,False
2024-05-06,82.04,82.499,80.636,80.879,83297.0,247975169.0,30.2,30.37,29.68,29.77,True,中科信息,False
2024-05-07,80.447,81.959,79.205,79.934,91631.0,269578402.0,29.61,30.17,29.15,29.42,True,中科信息,False
2024-05-08,78.8,79.61,76.964,77.369,89292.0,254214324.0,29.0,29.3,28.32,28.47,True,中科信息,False
2024-05-09,77.396,78.449,76.1,77.936,57445.0,164752260.0,28.48,28.87,28.0,28.68,True,中科信息,False
2024-05-10,78.017,78.719,75.614,75.938,69015.0,192827910.0,28.71,28.97,27.82,27.94,True,中科信息,False
2024-05-13,75.722,75.722,73.13,73.616,71002.0,192273416.0,27.86,27.86,26.9,27.08,True,中科信息,False
2024-05-14,74.453,75.479,74.102,75.29,60269.0,166945130.0,27.39,27.77,27.26,27.7,True,中科信息,False
2024-05-15,75.155,75.776,73.967,74.156,53550.0,146084400.0,27.65,27.88,27.21,27.28,True,中科信息,False
2024-05-16,74.75,75.776,74.264,74.534,62530.0,171457260.0,27.5,27.88,27.32,27.42,True,中科信息,False
2024-05-17,74.183,75.56,73.373,75.533,69222.0,192367938.0,27.29,27.8,26.99,27.79,True,中科信息,False
2024-05-20,75.506,77.261,74.507,76.802,79594.0,224932644.0,27.78,28.43,27.41,28.26,True,中科信息,False
2024-05-21,76.775,77.18,75.56,75.668,53966.0,150241344.0,28.25,28.4,27.8,27.84,True,中科信息,False
2024-05-22,75.587,76.1,74.642,75.56,40900.0,113702000.0,27.81,28.0,27.46,27.8,True,中科信息,False
2024-05-23,75.695,75.776,73.13,73.346,58547.0,157959806.0,27.85,27.88,26.9,26.98,True,中科信息,False
2024-05-24,73.67,73.994,70.781,70.997,68028.0,177621108.0,27.1,27.22,26.03,26.11,True,中科信息,False
2024-05-27,71.294,72.401,69.782,72.401,56472.0,150384936.0,26.22,26.63,25.66,26.63,True,中科信息,False
2024-05-28,72.293,72.698,70.484,70.673,44695.0,115938830.0,26.54,26.69,25.87,25.94,True,中科信息,False
2024-05-29,70.511,71.699,70.106,70.646,35707.0,92588251.0,25.88,26.32,25.73,25.93,True,中科信息,False
2024-05-30,70.16,71.348,69.242,70.565,35154.0,91048860.0,25.75,26.19,25.41,25.9,True,中科信息,False
2024-05-31,70.835,72.347,70.781,71.915,53225.0,140514000.0,26.0,26.56,25.98,26.4,True,中科信息,False
2024-06-03,72.131,72.482,70.106,70.835,53894.0,140124400.0,26.48,26.61,25.73,26.0,True,中科信息,False
2024-06-04,70.7,72.104,70.349,71.429,54138.0,141949836.0,25.95,26.47,25.82,26.22,True,中科信息,False
2024-06-05,71.105,71.726,69.62,69.836,45740.0,117231620.0,26.1,26.33,25.55,25.63,True,中科信息,False
2024-06-06,70.241,70.565,66.677,66.866,85601.0,209979253.0,25.78,25.9,24.46,24.53,True,中科信息,False
2024-06-07,67.217,68.0,66.11,67.325,45305.0,111903350.0,24.66,24.95,24.25,24.7,True,中科信息,False
2024-06-11,67.325,68.594,65.84,68.405,45753.0,114840030.0,24.7,25.17,24.15,25.1,True,中科信息,False
2024-06-12,67.865,69.755,67.865,69.431,47578.0,121228744.0,24.9,25.6,24.9,25.48,True,中科信息,False
2024-06-13,69.512,69.89,69.053,69.161,43604.0,110666952.0,25.51,25.65,25.34,25.38,True,中科信息,False
2024-06-14,69.431,70.592,68.702,70.511,86668.0,224296784.0,25.48,25.91,25.21,25.88,True,中科信息,False
2024-06-17,70.484,71.321,69.89,70.781,51689.0,134288022.0,25.87,26.18,25.65,25.98,True,中科信息,False
2024-06-18,70.727,72.401,70.349,72.158,65506.0,173525394.0,25.96,26.58,25.82,26.49,True,中科信息,False
2024-06-19,72.239,73.103,71.321,71.348,60984.0,159717096.0,26.52,26.84,26.18,26.19,True,中科信息,False
2024-06-20,70.835,71.699,69.161,69.188,59723.0,151636697.0,26.0,26.32,25.38,25.39,True,中科信息,False
2024-06-21,69.377,70.295,67.838,69.62,47754.0,122011470.0,25.46,25.8,24.89,25.55,True,中科信息,False
2024-06-24,68.972,68.972,65.813,65.894,63286.0,152962262.0,25.31,25.31,24.14,24.17,True,中科信息,False
2024-06-25,65.894,66.353,63.545,64.328,54536.0,128650424.0,24.17,24.34,23.3,23.59,True,中科信息,False
2024-06-26,64.301,70.511,64.085,70.025,123223.0,316683110.0,23.58,25.88,23.5,25.7,True,中科信息,False
2024-06-27,69.782,76.829,68.972,71.726,191201.0,503432233.0,25.61,28.22,25.31,26.33,True,中科信息,False
2024-06-28,70.835,74.21,70.511,72.239,154520.0,409787040.0,26.0,27.25,25.88,26.52,True,中科信息,False
2024-07-01,71.915,72.995,71.159,72.401,86179.0,229063782.0,26.4,26.8,26.12,26.58,True,中科信息,False
2024-07-02,73.535,76.991,73.265,73.724,179657.0,486331499.0,27.0,28.28,26.9,27.07,True,中科信息,False
2024-07-03,73.022,73.643,70.484,71.051,127934.0,333651872.0,26.81,27.04,25.87,26.08,True,中科信息,False
2024-07-04,70.133,71.78,68.459,68.513,76126.0,191380764.0,25.74,26.35,25.12,25.14,True,中科信息,False
2024-07-05,68.054,69.35,67.811,68.729,62302.0,157125644.0,24.97,25.45,24.88,25.22,True,中科信息,False
2024-07-08,68.432,68.432,65.408,65.867,61886.0,149516576.0,25.11,25.11,23.99,24.16,True,中科信息,False
2024-07-09,65.867,68.81,65.138,68.756,85359.0,215360757.0,24.16,25.25,23.89,25.23,True,中科信息,False
2024-07-10,68.567,69.215,67.73,67.838,57672.0,143545608.0,25.16,25.4,24.85,24.89,True,中科信息,False
2024-07-11,69.215,69.836,68.486,69.377,64842.0,165087732.0,25.4,25.63,25.13,25.46,True,中科信息,False
2024-07-12,69.404,69.404,67.865,67.892,49831.0,124129021.0,25.47,25.47,24.9,24.91,True,中科信息,False
2024-07-15,68.108,68.108,66.326,66.677,41726.0,102061796.0,24.99,24.99,24.33,24.46,True,中科信息,False
2024-07-16,66.272,67.973,66.029,67.568,49895.0,123689705.0,24.31,24.94,24.22,24.79,True,中科信息,False
2024-07-17,67.514,69.35,66.866,67.46,62151.0,153823725.0,24.77,25.45,24.53,24.75,True,中科信息,False
2024-07-18,66.65,67.055,64.625,66.812,60265.0,147709515.0,24.45,24.6,23.7,24.51,True,中科信息,False
2024-07-19,66.785,69.107,66.488,68.648,73140.0,184239660.0,24.5,25.36,24.39,25.19,True,中科信息,False
2024-07-22,69.755,70.295,68.864,69.377,67972.0,173056712.0,25.6,25.8,25.27,25.46,True,中科信息,False
2024-07-23,68.675,69.836,67.811,67.811,68902.0,171428176.0,25.2,25.63,24.88,24.88,True,中科信息,False
2024-07-24,67.109,68.729,66.569,66.623,54867.0,134094948.0,24.62,25.22,24.42,24.44,True,中科信息,False
2024-07-25,65.732,67.271,65.516,66.245,38736.0,94128480.0,24.11,24.68,24.03,24.3,True,中科信息,False
2024-07-26,66.488,67.325,65.975,66.623,55153.0,134793932.0,24.39,24.7,24.2,24.44,True,中科信息,False
2024-07-29,66.731,67.136,66.137,66.38,40587.0,98829345.0,24.48,24.63,24.26,24.35,True,中科信息,False
2024-07-30,66.245,66.92,65.003,66.92,50220.0,123290100.0,24.3,24.55,23.84,24.55,True,中科信息,False
2024-07-31,66.677,69.35,66.569,69.269,81367.0,206834914.0,24.46,25.45,24.42,25.42,True,中科信息,False
2024-08-01,69.215,70.241,68.945,69.269,65912.0,167548304.0,25.4,25.78,25.3,25.42,True,中科信息,False
2024-08-02,68.918,69.485,66.758,66.812,60924.0,149324724.0,25.29,25.5,24.49,24.51,True,中科信息,False
2024-08-05,65.921,67.46,63.221,63.275,86577.0,200858640.0,24.18,24.75,23.18,23.2,True,中科信息,False
2024-08-06,64.112,65.165,63.464,64.544,47612.0,112697604.0,23.51,23.9,23.27,23.67,True,中科信息,False
2024-08-07,64.787,65.624,63.842,64.085,42793.0,100563550.0,23.76,24.07,23.41,23.5,True,中科信息,False
2024-08-08,64.112,64.706,62.222,64.247,49777.0,117274612.0,23.51,23.73,22.81,23.56,True,中科信息,False
2024-08-09,64.49,65.138,63.194,63.437,33483.0,77881458.0,23.65,23.89,23.17,23.26,True,中科信息,False
2024-08-12,63.545,64.031,61.898,62.195,37699.0,85953720.0,23.3,23.48,22.69,22.8,True,中科信息,False
2024-08-13,62.195,63.005,62.033,62.816,24824.0,57169672.0,22.8,23.1,22.74,23.03,True,中科信息,False
2024-08-14,62.951,63.41,62.465,62.465,26816.0,61408639.99999999,23.08,23.25,22.9,22.9,True,中科信息,False
2024-08-15,62.33,63.977,62.06,63.113,47832.0,110683248.0,22.85,23.46,22.75,23.14,True,中科信息,False
2024-08-16,63.14,63.464,62.654,62.654,32621.0,74930437.0,23.15,23.27,22.97,22.97,True,中科信息,False
2024-08-19,62.465,63.68,62.357,62.978,36637.0,84594833.0,22.9,23.35,22.86,23.09,True,中科信息,False
2024-08-20,62.978,62.978,61.061,61.088,40425.0,90511575.0,23.09,23.09,22.38,22.39,True,中科信息,False
2024-08-21,61.034,61.547,59.9,60.143,35752.0,78797408.0,22.37,22.56,21.95,22.04,True,中科信息,False
2024-08-22,60.143,61.061,58.955,59.117,41076.0,88970616.0,22.04,22.38,21.6,21.66,True,中科信息,False
2024-08-23,58.631,59.684,58.118,58.793,39462.0,85001148.0,21.48,21.87,21.29,21.54,True,中科信息,False
2024-08-26,58.793,59.576,58.334,58.982,32037.0,69231957.0,21.54,21.83,21.37,21.61,True,中科信息,False
2024-08-27,58.631,58.631,56.93,56.957,43741.0,91243726.0,21.48,21.48,20.85,20.86,True,中科信息,False
2024-08-28,55.985,56.957,54.095,54.932,80940.0,162770340.0,20.5,20.86,19.8,20.11,True,中科信息,False
2024-08-29,54.635,57.254,54.419,56.876,70333.0,146503639.0,20.0,20.97,19.92,20.83,True,中科信息,False
2024-08-30,56.795,59.306,56.471,58.361,61809.0,132147642.0,20.8,21.73,20.68,21.38,True,中科信息,False
2024-09-02,58.334,58.55,56.417,56.417,47911.0,98984126.0,21.37,21.45,20.66,20.66,True,中科信息,False
2024-09-03,56.741,58.523,56.444,58.091,48982.0,104233696.0,20.78,21.44,20.67,21.28,True,中科信息,False
2024-09-04,57.227,58.469,57.227,57.551,37075.0,78154100.0,20.96,21.42,20.96,21.08,True,中科信息,False
2024-09-05,57.659,58.739,57.524,58.28,33023.0,70504105.0,21.12,21.52,21.07,21.35,True,中科信息,False
2024-09-06,58.253,58.523,56.66,56.66,32668.0,67786100.0,21.34,21.44,20.75,20.75,True,中科信息,False
2024-09-09,56.525,57.038,55.85,56.363,30827.0,63626928.0,20.7,20.89,20.45,20.64,True,中科信息,False
2024-09-10,56.795,60.278,55.769,59.279,97759.0,212332548.0,20.8,22.09,20.42,21.72,True,中科信息,False
2024-09-11,59.171,59.414,58.226,58.82,55364.0,119309420.0,21.68,21.77,21.33,21.55,True,中科信息,False
2024-09-12,58.928,59.711,58.415,58.874,52315.0,112843455.0,21.59,21.88,21.4,21.57,True,中科信息,False
2024-09-13,58.658,59.09,57.335,57.416,48052.0,101053356.0,21.49,21.65,21.0,21.03,True,中科信息,False
2024-09-18,57.065,57.74,55.985,56.741,35460.0,73685880.0,20.9,21.15,20.5,20.78,True,中科信息,False
2024-09-19,57.335,58.874,56.336,58.388,56586.0,121037454.0,21.0,21.57,20.63,21.39,True,中科信息,False
2024-09-20,59.009,59.576,58.415,59.009,70698.0,152849076.0,21.62,21.83,21.4,21.62,True,中科信息,False
2024-09-23,58.955,60.305,58.658,59.684,71645.0,156687615.0,21.6,22.1,21.49,21.87,True,中科信息,False
2024-09-24,59.684,61.304,58.28,61.277,109435.0,245791010.0,21.87,22.47,21.35,22.46,True,中科信息,False
2024-09-25,62.06,63.923,61.628,61.79,134558.0,304773870.0,22.75,23.44,22.59,22.65,True,中科信息,False
2024-09-26,61.736,63.491,61.304,63.491,108801.0,253288728.0,22.63,23.28,22.47,23.28,True,中科信息,False
2024-09-27,64.544,70.727,64.22,70.43,220610.0,570276850.0,23.67,25.96,23.55,25.85,True,中科信息,False
2024-09-30,78.962,84.389,74.885,84.389,374222.0,1160836644.0,29.01,31.02,27.5,31.02,True,中科信息,False
2024-10-08,101.129,101.129,92.219,101.129,420236.0,1564118392.0,37.22,37.22,33.92,37.22,True,中科信息,False
2024-10-09,99.995,108.662,93.785,98.051,511599.0,1845849192.0,36.8,40.01,34.5,36.08,True,中科信息,False
2024-10-10,100.535,108.635,86.117,97.43,446273.0,1599888705.0,37.0,40.0,31.66,35.85,True,中科信息,False
2024-10-11,90.815,95.135,86.198,87.575,271456.0,874088320.0000001,33.4,35.0,31.69,32.2,True,中科信息,False
2024-10-14,87.521,91.571,85.145,91.463,225820.0,759658480.0,32.18,33.68,31.3,33.64,True,中科信息,False
2024-10-15,91.463,101.075,89.141,93.92,354027.0,1223163285.0,33.64,37.2,32.78,34.55,True,中科信息,False
2024-10-16,89.816,112.577,89.816,112.577,741286.0,3073371756.0,33.03,41.46,33.03,41.46,True,中科信息,False
2024-10-17,115.385,118.328,105.8,108.554,781437.0,3123403689.0,42.5,43.59,38.95,39.97,True,中科信息,False
2024-10-18,104.612,117.14,103.262,109.796,623808.0,2522055744.0,38.51,43.15,38.01,40.43,True,中科信息,False
2024-10-21,108.743,118.193,107.555,112.307,559060.0,2312272160.0,40.04,43.54,39.6,41.36,True,中科信息,False
2024-10-22,109.607,109.688,103.235,104.315,396942.0,1524257280.0,40.36,40.39,38.0,38.4,True,中科信息,False
2024-10-23,103.262,107.096,103.235,103.964,258384.0,988835568.0,38.01,39.43,38.0,38.27,True,中科信息,False
2024-10-24,100.535,102.695,97.835,101.21,196168.0,730725800.0,37.0,37.8,36.0,37.25,True,中科信息,False
2024-10-25,101.885,102.83,99.887,101.588,173230.0,647706970.0,37.5,37.85,36.76,37.39,True,中科信息,False
2024-10-28,101.588,102.371,100.238,102.29,188090.0,708158850.0,37.39,37.68,36.89,37.65,True,中科信息,False
2024-10-29,102.695,110.498,99.725,107.285,425496.0,1680709200.0,37.8,40.69,36.7,39.5,True,中科信息,False
2024-10-30,106.961,106.961,102.182,103.208,237355.0,901711645.0,39.38,39.38,37.61,37.99,True,中科信息,False
2024-10-31,103.235,106.34,101.102,103.586,242443.0,924435159.0,38.0,39.15,37.21,38.13,True,中科信息,False
2024-11-01,103.64,116.87,102.911,105.152,434509.0,1681984339.0,38.15,43.05,37.88,38.71,True,中科信息,False
2024-11-04,105.152,114.008,104.315,110.471,340455.0,1384970940.0,38.71,41.99,38.4,40.68,True,中科信息,False
2024-11-05,108.095,128.939,106.988,120.569,547823.0,2433429766.0,39.8,47.52,39.39,44.42,True,中科信息,False
2024-11-06,120.704,121.865,114.332,117.167,445735.0,1923792260.0,44.47,44.9,42.11,43.16,True,中科信息,False
2024-11-07,116.789,122.945,115.52,121.109,367914.0,1641632268.0,43.02,45.3,42.55,44.62,True,中科信息,False
2024-11-08,124.997,137.633,122.54,124.187,500162.0,2288741312.0,46.06,50.74,45.15,45.76,True,中科信息,False
2024-11-11,127.265,137.201,124.835,133.583,472452.0,2326353648.0,46.9,50.58,46.0,49.24,True,中科信息,False
2024-11-12,130.235,131.531,120.488,122.297,374550.0,1687722300.0,48.0,48.48,44.39,45.06,True,中科信息,False
2024-11-13,121.325,126.995,119.705,123.242,208901.0,948619441.0,44.7,46.8,44.1,45.41,True,中科信息,False
2024-11-14,123.296,123.377,115.385,116.195,220794.0,944998320.0,45.43,45.46,42.5,42.8,True,中科信息,False
2024-11-15,115.385,118.517,110.39,110.66,194203.0,791377225.0,42.5,43.66,40.65,40.75,True,中科信息,False
2024-11-18,110.66,112.091,100.616,101.588,258185.0,965353715.0,40.75,41.28,37.03,37.39,True,中科信息,False
2024-11-19,102.155,106.88,99.833,105.503,208103.0,808272052.0000001,37.6,39.35,36.74,38.84,True,中科信息,False
2024-11-20,104.99,109.445,104.315,107.744,196717.0,780376339.0,38.65,40.3,38.4,39.67,True,中科信息,False
2024-11-21,108.635,109.931,106.124,107.717,179716.0,712753655.9999999,40.0,40.48,39.07,39.66,True,中科信息,False
2024-11-22,107.717,109.418,101.318,101.426,188686.0,704364838.0,39.66,40.29,37.29,37.33,True,中科信息,False
2024-11-25,102.749,103.775,98.159,101.75,148315.0,555439675.0,37.82,38.2,36.12,37.45,True,中科信息,False
2024-11-26,104.558,106.826,100.94,102.074,183375.0,688939875.0,38.49,39.33,37.15,37.57,True,中科信息,False
2024-11-27,100.346,104.531,97.862,104.288,157863.0,606036057.0,36.93,38.48,36.01,38.39,True,中科信息,False
2024-11-28,103.316,108.284,103.235,103.775,174452.0,666406640.0,38.03,39.87,38.0,38.2,True,中科信息,False
2024-11-29,103.451,107.717,101.858,106.124,182719.0,713883133.0,38.08,39.66,37.49,39.07,True,中科信息,False
2024-12-02,106.421,108.284,105.611,107.123,149526.0,589730544.0,39.18,39.87,38.88,39.44,True,中科信息,False
2024-12-03,107.15,110.147,105.935,108.473,181562.0,725158628.0,39.45,40.56,39.0,39.94,True,中科信息,False
2024-12-04,107.015,108.23,104.531,105.017,139789.0,540424274.0,39.4,39.85,38.48,38.66,True,中科信息,False
2024-12-05,104.72,113.36,104.585,111.2,265633.0,1087767135.0,38.55,41.75,38.5,40.95,True,中科信息,False
2024-12-06,110.525,112.739,108.041,110.525,215976.0,879022320.0000001,40.7,41.52,39.78,40.7,True,中科信息,False
2024-12-09,109.769,112.172,107.771,108.041,133585.0,531401130.0,40.42,41.31,39.68,39.78,True,中科信息,False
2024-12-10,111.902,118.544,110.255,116.438,361771.0,1551635819.0,41.21,43.67,40.6,42.89,True,中科信息,False
2024-12-11,115.277,117.437,112.388,116.465,223778.0,960007620.0,42.46,43.26,41.39,42.9,True,中科信息,False
2024-12-12,116.141,116.762,113.522,114.278,144490.0,608158410.0,42.78,43.01,41.81,42.09,True,中科信息,False
2024-12-13,113.414,114.035,106.88,107.474,195627.0,774096039.0,41.77,42.0,39.35,39.57,True,中科信息,False
2024-12-16,107.366,108.419,104.153,104.936,121021.0,467504123.00000006,39.53,39.92,38.34,38.63,True,中科信息,False
2024-12-17,105.881,106.637,102.83,104.801,119190.0,459835020.0,38.98,39.26,37.85,38.58,True,中科信息,False
2024-12-18,105.503,116.708,105.26,114.008,317032.0,1331217368.0,38.84,42.99,38.75,41.99,True,中科信息,False
2024-12-19,111.848,113.981,108.149,110.768,266573.0,1087351267.0,41.19,41.98,39.82,40.79,True,中科信息,False
2024-12-20,109.85,116.114,109.067,112.928,207603.0,863420877.0000001,40.45,42.77,40.16,41.59,True,中科信息,False
2024-12-23,111.956,112.739,106.745,107.636,159092.0,630481596.0,41.23,41.52,39.3,39.63,True,中科信息,False
2024-12-24,108.365,108.77,104.747,107.258,118811.0,469184639.0,39.9,40.05,38.56,39.49,True,中科信息,False
2024-12-25,108.095,111.038,105.935,106.799,122225.0,480588700.0,39.8,40.89,39.0,39.32,True,中科信息,False
2024-12-26,105.935,108.419,104.855,106.502,98383.0,385759743.0,39.0,39.92,38.6,39.21,True,中科信息,False
2024-12-27,106.205,107.339,104.855,104.882,103507.0,399640527.0,39.1,39.52,38.6,38.61,True,中科信息,False
2024-12-30,104.423,104.72,102.02,102.83,88909.0,336520565.0,38.44,38.55,37.55,37.85,True,中科信息,False
2024-12-31,103.613,103.613,98.726,98.834,101050.0,367518850.0,38.14,38.14,36.33,36.37,True,中科信息,False
2025-01-02,98.375,98.672,92.867,94.298,108366.0,375921654.0,36.2,36.31,34.16,34.69,True,中科信息,False
2025-01-03,94.595,95.648,88.601,88.844,106685.0,348539895.0,34.8,35.19,32.58,32.67,True,中科信息,False
2025-01-06,88.871,90.761,86.954,87.98,83334.0,269585490.0,32.68,33.38,31.97,32.35,True,中科信息,False
2025-01-07,88.547,90.167,87.899,90.14,80131.0,265634265.0,32.56,33.16,32.32,33.15,True,中科信息,False
2025-01-08,91.328,95.135,90.329,93.002,171590.0,587009390.0,33.59,35.0,33.22,34.21,True,中科信息,False
2025-01-09,90.95,93.11,90.653,91.895,99852.0,337499760.0,33.45,34.25,33.34,33.8,True,中科信息,False
2025-01-10,92.03,93.164,88.52,88.736,80956.0,264159428.00000003,33.85,34.27,32.55,32.63,True,中科信息,False
2025-01-13,87.413,90.491,87.089,89.195,66860.0,219300800.0,32.14,33.28,32.02,32.8,True,中科信息,False
2025-01-14,90.113,94.649,89.357,94.595,132940.0,462631200.0,33.14,34.82,32.86,34.8,True,中科信息,False
2025-01-15,94.325,95.135,93.137,93.434,88665.0,304741605.0,34.7,35.0,34.26,34.37,True,中科信息,False
2025-01-16,94.136,96.08,92.516,93.137,91354.0,312978804.0,34.63,35.35,34.03,34.26,True,中科信息,False
2025-01-17,93.137,94.703,92.246,93.407,74818.0,257074648.0,34.26,34.84,33.93,34.36,True,中科信息,False
2025-01-20,94.595,96.161,93.245,93.812,94080.0,324670080.0,34.8,35.38,34.3,34.51,True,中科信息,False
2025-01-21,94.352,94.784,91.895,93.515,82004.0,282093760.0,34.71,34.87,33.8,34.4,True,中科信息,False
2025-01-22,92.3,92.948,90.329,91.085,82997.0,278039950.0,33.95,34.19,33.22,33.5,True,中科信息,False
2025-01-23,92.381,95.513,91.112,91.112,106805.0,357903555.0,33.98,35.14,33.51,33.51,True,中科信息,False
2025-01-24,91.193,95.675,90.761,95.405,142204.0,499136040.0,33.54,35.2,33.38,35.1,True,中科信息,False
2025-01-27,97.106,97.511,91.895,91.895,98281.0,332189780.0,35.73,35.88,33.8,33.8,True,中科信息,False
2025-02-05,93.002,97.16,93.002,95.621,144814.0,509455652.0,34.21,35.75,34.21,35.18,True,中科信息,False
2025-02-06,94.73,98.996,94.271,98.996,153429.0,558941847.0,34.85,36.43,34.68,36.43,True,中科信息,False
2025-02-07,98.888,102.317,98.132,100.535,212940.0,787878000.0,36.39,37.66,36.11,37.0,True,中科信息,False
2025-02-10,100.265,104.018,99.617,103.532,213019.0,811815409.0,36.9,38.29,36.66,38.11,True,中科信息,False
2025-02-11,103.019,103.019,100.265,100.994,150918.0,560962206.0,37.92,37.92,36.9,37.17,True,中科信息,False
2025-02-12,100.049,101.75,100.022,101.237,111939.0,417084714.0,36.82,37.45,36.81,37.26,True,中科信息,False
2025-02-13,101.183,101.21,98.51,99.131,116739.0,425863872.0,37.24,37.25,36.25,36.48,True,中科信息,False
2025-02-14,99.455,104.558,99.077,104.45,266871.0,1026118995.0,36.6,38.49,36.46,38.45,True,中科信息,False
2025-02-17,105.071,108.554,102.965,105.125,276266.0,1069149420.0,38.68,39.97,37.9,38.7,True,中科信息,False
2025-02-18,104.315,107.015,99.347,99.671,196304.0,720043072.0,38.4,39.4,36.56,36.68,True,中科信息,False
2025-02-19,99.941,102.263,98.699,101.453,127043.0,474378562.00000006,36.78,37.64,36.32,37.34,True,中科信息,False
2025-02-20,101.075,106.124,100.535,103.694,211034.0,805516778.0,37.2,39.07,37.0,38.17,True,中科信息,False
2025-02-21,103.694,105.773,101.345,105.746,222670.0,866854310.0,38.17,38.94,37.3,38.93,True,中科信息,False
2025-02-24,105.773,109.229,104.612,107.312,248963.0,983652813.0,38.94,40.22,38.51,39.51,True,中科信息,False
2025-02-25,104.855,108.635,103.721,105.611,174833.0,679750704.0,38.6,40.0,38.18,38.88,True,中科信息,False
2025-02-26,105.395,111.335,103.235,110.093,325928.0,1321312112.0,38.8,41.0,38.0,40.54,True,中科信息,False
2025-02-27,108.743,108.797,104.72,107.285,212666.0,840030700.0,40.04,40.06,38.55,39.5,True,中科信息,False
2025-02-28,106.232,106.232,98.942,99.644,158762.0,582180254.0,39.11,39.11,36.41,36.67,True,中科信息,False
2025-03-03,100.292,101.534,98.051,98.564,101304.0,367429608.00000006,36.91,37.37,36.08,36.27,True,中科信息,False
2025-03-04,97.592,100.211,97.025,99.968,75696.0,278485584.0,35.91,36.88,35.7,36.79,True,中科信息,False
2025-03-05,99.995,101.237,98.375,99.968,78507.0,288827253.0,36.8,37.26,36.2,36.79,True,中科信息,False
2025-03-06,100.751,104.531,100.67,104.045,168451.0,645167330.0,37.08,38.48,37.05,38.3,True,中科信息,False
2025-03-07,103.262,104.045,100.211,101.102,124992.0,465095232.0,38.01,38.3,36.88,37.21,True,中科信息,False
2025-03-10,101.615,102.938,99.644,100.319,74225.0,274038700.0,37.4,37.89,36.67,36.92,True,中科信息,False
2025-03-11,98.537,100.562,97.889,99.833,69569.0,255596506.0,36.26,37.01,36.02,36.74,True,中科信息,False
2025-03-12,100.022,107.771,99.914,104.234,224580.0,861713460.0,36.81,39.68,36.77,38.37,True,中科信息,False
2025-03-13,103.397,103.937,99.671,100.967,133444.0,495877904.0,38.06,38.26,36.68,37.16,True,中科信息,False
2025-03-14,101.021,102.911,99.671,102.047,98064.0,368328384.0,37.18,37.88,36.68,37.56,True,中科信息,False
2025-03-17,102.074,103.775,101.345,102.722,85083.0,321698823.0,37.57,38.2,37.3,37.81,True,中科信息,False
2025-03-18,102.938,105.206,102.371,104.45,117703.0,452568035.00000006,37.89,38.73,37.68,38.45,True,中科信息,False
2025-03-19,103.991,107.285,103.1,105.476,182921.0,710282243.0,38.28,39.5,37.95,38.83,True,中科信息,False
2025-03-20,103.775,107.636,102.155,103.37,137547.0,523366335.0,38.2,39.63,37.6,38.05,True,中科信息,False
2025-03-21,103.235,103.235,98.429,98.456,127129.0,460588367.0,38.0,38.0,36.22,36.23,True,中科信息,False
2025-03-24,98.294,98.78,91.355,94.001,127959.0,442482222.0,36.17,36.35,33.6,34.58,True,中科信息,False
2025-03-25,93.974,94.19,91.922,92.219,58422.0,198167424.0,34.57,34.65,33.81,33.92,True,中科信息,False
2025-03-26,92.327,93.515,91.922,92.111,44939.0,152253332.0,33.96,34.4,33.81,33.88,True,中科信息,False
2025-03-27,92.111,93.299,90.599,92.219,50951.0,172825792.0,33.88,34.32,33.32,33.92,True,中科信息,False
2025-03-28,92.435,93.218,90.005,90.032,46342.0,153438362.0,34.0,34.29,33.1,33.11,True,中科信息,False
2025-03-31,89.411,90.491,86.792,90.383,64657.0,214919868.0,32.88,33.28,31.91,33.24,True,中科信息,False
2025-04-01,90.383,92.786,89.951,90.302,54001.0,179337321.0,33.24,34.13,33.08,33.21,True,中科信息,False
2025-04-02,89.546,91.112,89.438,89.897,33255.0,109941030.0,32.93,33.51,32.89,33.06,True,中科信息,False
2025-04-03,89.276,91.058,88.385,88.763,41310.0,134835840.0,32.83,33.49,32.5,32.64,True,中科信息,False
2025-04-07,81.716,85.523,71.132,71.132,136964.0,357613004.0,30.03,31.44,26.11,26.11,True,中科信息,False
2025-04-08,71.915,76.532,71.915,75.344,120786.0,334214862.0,26.4,28.11,26.4,27.67,True,中科信息,False
2025-04-09,74.075,79.259,70.376,78.8,120644.0,349264380.0,27.2,29.12,25.83,28.95,True,中科信息,False
2025-04-10,80.555,82.931,79.07,79.259,95385.0,277761120.0,29.6,30.48,29.05,29.12,True,中科信息,False
2025-04-11,78.476,81.311,78.233,80.123,71096.0,209306624.0,28.83,29.88,28.74,29.44,True,中科信息,False
2025-04-14,81.257,82.31,80.069,80.42,53657.0,158556435.0,29.86,30.25,29.42,29.55,True,中科信息,False
2025-04-15,80.852,81.041,79.016,79.826,41010.0,120282330.0,29.71,29.78,29.03,29.33,True,中科信息,False
2025-04-16,79.853,81.203,77.585,78.854,53630.0,155366110.0,29.34,29.84,28.5,28.97,True,中科信息,False
2025-04-17,78.341,79.826,78.125,78.611,43452.0,125489376.0,28.78,29.33,28.7,28.88,True,中科信息,False
2025-04-18,78.53,79.313,77.882,78.989,34989.0,101538078.0,28.85,29.14,28.61,29.02,True,中科信息,False
2025-04-21,78.611,80.609,78.422,80.285,41233.0,121637350.0,28.88,29.62,28.81,29.5,True,中科信息,False
2025-04-22,80.447,81.041,79.421,79.61,38372.0,112238100.0,29.56,29.78,29.18,29.25,True,中科信息,False
2025-04-23,80.231,81.23,79.718,80.555,47145.0,139549200.0,29.48,29.85,29.29,29.6,True,中科信息,False
2025-04-24,80.852,80.852,78.044,78.152,47264.0,135694944.0,29.71,29.71,28.67,28.71,True,中科信息,False
2025-04-25,77.72,80.339,77.72,78.935,42757.0,123995300.0,28.55,29.52,28.55,29.0,True,中科信息,False
2025-04-28,79.043,80.015,78.071,78.314,33571.0,96583767.0,29.04,29.4,28.68,28.77,True,中科信息,False
2025-04-29,78.476,79.34,77.423,78.665,27978.0,80856420.0,28.83,29.15,28.44,28.9,True,中科信息,False
2025-04-30,79.016,80.906,78.746,80.501,55156.0,163151448.0,29.03,29.73,28.93,29.58,True,中科信息,False
2025-05-06,81.176,83.525,81.176,83.39,67102.0,205667630.0,29.83,30.7,29.83,30.65,True,中科信息,False
2025-05-07,84.875,87.953,83.498,84.146,127618.0,394722474.0,31.2,32.34,30.69,30.93,True,中科信息,False
2025-05-08,83.849,86.684,83.525,85.685,92209.0,290458350.0,30.82,31.87,30.7,31.5,True,中科信息,False
2025-05-09,85.496,85.577,83.444,83.876,55947.0,172484601.0,31.43,31.46,30.67,30.83,True,中科信息,False
2025-05-12,85.091,85.901,84.443,85.604,53913.0,169664211.0,31.28,31.58,31.04,31.47,True,中科信息,False
2025-05-13,87.089,87.305,84.767,84.848,58283.0,181784677.0,32.02,32.1,31.16,31.19,True,中科信息,False
2025-05-14,84.308,86.144,83.93,85.118,51379.0,160764891.0,30.99,31.67,30.85,31.29,True,中科信息,False
2025-05-15,85.091,85.091,82.607,82.634,43750.0,132868750.0,31.28,31.28,30.36,30.37,True,中科信息,False
2025-05-16,82.607,83.201,82.094,82.094,29634.0,89405778.0,30.36,30.58,30.17,30.17,True,中科信息,False
2025-05-19,82.283,83.471,81.419,83.255,35638.0,109052280.0,30.24,30.68,29.92,30.6,True,中科信息,False
2025-05-20,82.985,83.417,82.283,82.904,31589.0,96251683.0,30.5,30.66,30.24,30.47,True,中科信息,False
2025-05-21,83.66,84.146,82.013,82.445,41721.0,126414630.0,30.75,30.93,30.14,30.3,True,中科信息,False
2025-05-22,81.635,82.85,81.23,81.716,29143.0,87516429.0,30.0,30.45,29.85,30.03,True,中科信息,False
2025-05-23,81.797,82.364,79.475,79.664,46057.0,134808839.0,30.06,30.27,29.2,29.27,True,中科信息,False
2025-05-26,87.035,95.459,87.035,95.459,321789.0,1130122968.0,32.0,35.12,32.0,35.12,True,中科信息,False
2025-05-27,93.65,93.65,90.626,91.301,318428.0,1069281224.0,34.45,34.45,33.33,33.58,True,中科信息,False
2025-05-28,92.435,92.435,89.897,90.977,180569.0,603281028.9999999,33.95,33.95,33.01,33.41,True,中科信息,False
2025-05-29,89.897,92.975,89.897,91.139,180974.0,605719978.0,33.01,34.15,33.01,33.47,True,中科信息,False
2025-05-30,90.167,103.91,88.763,96.566,404239.0,1434239971.9999998,33.11,38.2,32.59,35.48,True,中科信息,False
2025-06-03,93.569,100.049,93.569,97.592,257873.0,924732578.0,34.37,36.77,34.37,35.86,True,中科信息,False
2025-06-04,97.889,100.265,95.27,99.995,240560.0,884058000.0,35.97,36.85,35.0,36.75,True,中科信息,False
2025-06-05,98.996,101.426,97.052,99.374,215451.0,786827052.0000001,36.38,37.28,35.66,36.52,True,中科信息,False
2025-06-06,98.51,101.723,98.483,100.94,219217.0,813295070.0,36.2,37.39,36.19,37.1,True,中科信息,False
2025-06-09,98.456,100.913,96.188,100.67,214997.0,795488900.0,36.18,37.09,35.34,37.0,True,中科信息,False
2025-06-10,100.67,100.67,91.625,92.3,276593.0,937650270.0,37.0,37.0,33.65,33.9,True,中科信息,False
2025-06-11,91.625,93.002,91.247,92.327,119207.0,404230937.0,33.65,34.16,33.51,33.91,True,中科信息,False
2025-06-12,91.517,92.516,90.734,91.058,101383.0,339024752.0,33.61,33.98,33.32,33.44,True,中科信息,False
2025-06-13,90.221,90.356,87.683,87.683,122846.0,395441274.0,33.13,33.18,32.19,32.19,True,中科信息,False
2025-06-16,88.493,89.708,87.818,89.465,73247.0,240616395.0,32.49,32.94,32.24,32.85,True,中科信息,False
2025-06-17,93.92,97.16,93.65,94.514,279174.0,969292128.0,34.5,35.7,34.4,34.72,True,中科信息,False
2025-06-18,92.354,94.703,91.139,91.598,174594.0,587334216.0,33.92,34.79,33.47,33.64,True,中科信息,False
2025-06-19,90.194,91.787,88.817,89.033,103922.0,339721018.0,33.12,33.71,32.61,32.69,True,中科信息,False
2025-06-20,88.952,88.979,87.224,87.44,65073.0,208884330.0,32.66,32.67,32.02,32.1,True,中科信息,False
2025-06-23,86.9,88.817,86.495,88.79,64609.0,210625340.0,31.9,32.61,31.75,32.6,True,中科信息,False
2025-06-24,89.06,91.247,88.655,90.599,88267.0,293664309.0,32.7,33.51,32.55,33.27,True,中科信息,False
2025-06-25,90.275,92.246,90.14,92.138,104913.0,355025592.00000006,33.15,33.88,33.1,33.84,True,中科信息,False
2025-06-26,91.895,93.488,91.355,91.895,112143.0,378482625.0,33.75,34.34,33.55,33.75,True,中科信息,False
2025-06-27,92.516,93.272,91.49,91.733,87896.0,296121624.0,33.98,34.26,33.6,33.69,True,中科信息,False
2025-06-30,93.245,94.46,92.813,94.136,129624.0,448239792.0,34.25,34.7,34.09,34.58,True,中科信息,False
2025-07-01,93.245,96.62,93.245,93.947,140153.0,483668003.0,34.25,35.5,34.25,34.51,True,中科信息,False
2025-07-02,93.272,93.299,90.437,90.977,105947.0,353968926.99999994,34.26,34.27,33.21,33.41,True,中科信息,False
2025-07-03,90.977,91.652,90.248,90.869,52068.0,173750916.0,33.41,33.66,33.14,33.37,True,中科信息,False
2025-07-04,92.354,93.785,91.409,92.003,119493.0,403766847.0,33.92,34.45,33.57,33.79,True,中科信息,False
2025-07-07,90.869,91.76,90.383,90.437,65297.0,216851337.0,33.37,33.7,33.19,33.21,True,中科信息,False
2025-07-08,90.221,91.301,89.951,91.193,53020.0,177563980.0,33.13,33.53,33.03,33.49,True,中科信息,False
2025-07-09,91.22,91.49,89.735,90.005,61597.0,203578085.0,33.5,33.6,32.95,33.05,True,中科信息,False
2025-07-10,89.87,90.437,89.087,90.032,46936.0,155170416.0,33.0,33.21,32.71,33.06,True,中科信息,False
2025-07-11,90.005,92.435,89.357,92.057,97598.0,329978838.0,33.05,33.95,32.81,33.81,True,中科信息,False
2025-07-14,92.111,92.165,90.977,91.355,54007.0,181193485.0,33.83,33.85,33.41,33.55,True,中科信息,False
2025-07-15,90.923,92.165,89.708,92.165,71597.0,242355845.0,33.39,33.85,32.94,33.85,True,中科信息,False
2025-07-16,92.219,93.002,90.95,91.301,75560.0,253352680.0,33.87,34.16,33.4,33.53,True,中科信息,False
2025-07-17,91.085,92.84,90.707,92.462,82351.0,279663996.0,33.45,34.1,33.31,33.96,True,中科信息,False
2025-07-18,92.867,93.488,91.895,92.408,71665.0,243231010.0,34.11,34.34,33.75,33.94,True,中科信息,False
2025-07-21,92.678,92.867,92.138,92.732,60874.0,207336844.0,34.04,34.11,33.84,34.06,True,中科信息,False
2025-07-22,92.57,92.57,91.193,92.003,68777.0,232397483.0,34.0,34.0,33.49,33.79,True,中科信息,False
2025-07-23,91.544,91.949,90.41,90.626,60241.0,200482048.0,33.62,33.77,33.2,33.28,True,中科信息,False
2025-07-24,90.599,92.057,90.464,92.057,55849.0,188825469.0,33.27,33.81,33.22,33.81,True,中科信息,False
2025-07-25,92.084,93.272,91.895,92.948,85453.0,291736542.0,33.82,34.26,33.75,34.14,True,中科信息,False
2025-07-28,93.92,94.163,91.787,92.948,64132.0,218946648.0,34.5,34.59,33.71,34.14,True,中科信息,False
2025-07-29,92.678,93.11,91.49,93.11,58205.0,199061100.00000003,34.04,34.2,33.6,34.2,True,中科信息,False
2025-07-30,92.975,93.11,91.031,91.922,68323.0,230658448.0,34.15,34.2,33.43,33.76,True,中科信息,False
2025-07-31,91.706,93.893,91.274,92.516,121519.0,412921562.0,33.68,34.49,33.52,33.98,True,中科信息,False
2025-08-01,93.11,97.052,91.706,96.485,244901.0,868174045.0000001,34.2,35.66,33.68,35.45,True,中科信息,False
2025-08-04,95.729,102.074,95.297,101.318,323040.0,1203000960.0,35.17,37.52,35.01,37.24,True,中科信息,False
2025-08-05,100.4,102.884,98.807,101.642,242124.0,904575264.0,36.9,37.82,36.31,37.36,True,中科信息,False
2025-08-06,102.047,104.612,100.967,101.318,228061.0,849299164.0,37.51,38.46,37.11,37.24,True,中科信息,False
2025-08-07,104.828,112.631,103.046,104.558,408987.0,1572146028.0,38.54,41.43,37.88,38.44,True,中科信息,False
2025-08-08,108.635,111.011,98.429,100.373,495544.0,1828061816.0,39.95,40.83,36.17,36.89,True,中科信息,False
2025-08-11,98.618,108.446,98.618,103.64,344082.0,1310952420.0,36.24,39.88,36.24,38.1,True,中科信息,False
2025-08-12,102.83,105.638,101.831,103.262,248166.0,942038136.0,37.8,38.84,37.43,37.96,True,中科信息,False
2025-08-13,102.506,103.721,100.886,103.1,191125.0,724363750.0,37.68,38.13,37.08,37.9,True,中科信息,False
2025-08-14,102.587,105.8,101.372,104.369,254464.0,976378368.0,37.71,38.9,37.26,38.37,True,中科信息,False
2025-08-15,103.478,104.612,102.749,103.91,180768.0,690533760.0,38.04,38.46,37.77,38.2,True,中科信息,False
2025-08-18,104.45,109.85,104.18,107.231,293220.0,1156166460.0,38.4,40.4,38.3,39.43,True,中科信息,False
2025-08-19,106.151,107.393,104.72,104.855,178555.0,688329525.0,39.03,39.49,38.5,38.55,True,中科信息,False
2025-08-20,104.018,104.045,100.697,103.451,172493.0,655990879.0,38.24,38.25,37.01,38.03,True,中科信息,False
2025-08-21,103.37,104.882,102.074,102.992,140352.0,531372672.0,38.0,38.56,37.52,37.86,True,中科信息,False
2025-08-22,103.046,107.42,102.371,107.366,252906.0,998472888.0,37.88,39.5,37.63,39.48,True,中科信息,False
2025-08-25,109.931,111.416,106.61,109.148,290626.0,1166572764.0,40.43,40.98,39.2,40.14,True,中科信息,False
2025-08-26,107.555,109.094,106.043,106.583,235070.0,921239330.0,39.55,40.12,38.99,39.19,True,中科信息,False
2025-08-27,108.635,108.716,102.695,102.722,227673.0,859693248.0,39.95,39.98,37.75,37.76,True,中科信息,False
2025-08-28,102.641,106.07,100.67,106.016,227618.0,887254963.9999999,37.73,39.0,37.0,38.98,True,中科信息,False
2025-08-29,105.395,105.746,102.263,102.56,140285.0,528874450.00000006,38.75,38.88,37.59,37.7,True,中科信息,False
2025-09-01,103.424,106.61,103.37,105.314,175078.0,677902016.0,38.02,39.2,38.0,38.72,True,中科信息,False
2025-09-02,104.261,104.72,98.213,99.293,178661.0,651933989.0,38.33,38.5,36.09,36.49,True,中科信息,False
2025-09-03,99.293,102.425,96.89,98.645,138016.0,500308000.0,36.49,37.65,35.6,36.25,True,中科信息,False
2025-09-04,98.78,105.287,97.43,98.861,232468.0,844556244.0,36.3,38.71,35.8,36.33,True,中科信息,False
2025-09-05,99.374,100.67,95.432,99.509,131391.0,480496887.0,36.52,37.0,35.06,36.57,True,中科信息,False
2025-09-08,99.995,99.995,97.322,99.374,103010.0,376192520.00000006,36.75,36.75,35.76,36.52,True,中科信息,False
2025-09-09,99.401,99.536,95.621,96.026,94634.0,333868752.0,36.53,36.58,35.13,35.28,True,中科信息,False
2025-09-10,96.35,97.484,95.621,95.702,65676.0,230916816.0,35.4,35.82,35.13,35.16,True,中科信息,False
2025-09-11,96.026,98.375,94.784,98.132,105152.0,379178112.0,35.28,36.15,34.82,36.06,True,中科信息,False
2025-09-12,97.7,101.345,97.592,99.806,137845.0,505615460.0,35.9,37.25,35.86,36.68,True,中科信息,False
2025-09-15,99.617,99.698,97.916,97.997,79356.0,285760956.0,36.61,36.64,35.98,36.01,True,中科信息,False
2025-09-16,97.808,101.399,97.673,100.967,128754.0,477806094.0,35.94,37.27,35.89,37.11,True,中科信息,False
2025-09-17,100.67,101.21,99.59,100.265,82561.0,304237285.0,37.0,37.2,36.6,36.85,True,中科信息,False
2025-09-18,99.806,101.534,96.647,97.673,135601.0,486671989.0,36.68,37.32,35.51,35.89,True,中科信息,False
2025-09-19,97.808,99.158,96.296,96.62,82530.0,292981500.0,35.94,36.44,35.38,35.5,True,中科信息,False
2025-09-22,96.62,97.592,96.161,97.268,72417.0,258818358.0,35.5,35.86,35.33,35.74,True,中科信息,False
2025-09-23,96.89,97.16,91.652,94.244,127747.0,442260114.0,35.6,35.7,33.66,34.62,True,中科信息,False
2025-09-24,93.38,96.836,93.083,96.809,85443.0,303920751.0,34.3,35.58,34.19,35.57,True,中科信息,False
2025-09-25,96.539,99.59,96.296,97.376,94777.0,339112106.0,35.47,36.6,35.38,35.78,True,中科信息,False
2025-09-26,96.647,97.268,94.19,94.19,74007.0,256064220.0,35.51,35.74,34.6,34.6,True,中科信息,False
2025-09-29,94.19,95.432,93.353,94.892,52611.0,183401946.0,34.6,35.06,34.29,34.86,True,中科信息,False
2025-09-30,95.324,96.593,94.973,95.702,55898.0,196537368.0,35.02,35.49,34.89,35.16,True,中科信息,False
2025-10-09,95.864,98.51,95.351,97.673,93652.0,336117028.0,35.22,36.2,35.03,35.89,True,中科信息,False
2025-10-10,97.673,99.482,96.08,96.323,73971.0,261783369.0,35.89,36.56,35.3,35.39,True,中科信息,False
2025-10-13,92.57,96.701,90.68,95.648,81011.0,284672654.0,34.0,35.53,33.3,35.14,True,中科信息,False
2025-10-14,95.594,96.62,91.355,91.571,99988.0,336259644.0,35.12,35.5,33.55,33.63,True,中科信息,False
2025-10-15,91.652,93.11,90.761,92.786,58278.0,198611424.0,33.66,34.2,33.33,34.08,True,中科信息,False
2025-10-16,92.165,92.516,90.626,91.139,50862.0,170235114.0,33.85,33.98,33.28,33.47,True,中科信息,False
2025-10-17,90.923,91.463,88.061,88.196,62870.0,203573060.00000003,33.39,33.59,32.33,32.38,True,中科信息,False
2025-10-20,89.357,90.68,88.52,89.33,38736.0,127054080.0,32.81,33.3,32.5,32.8,True,中科信息,False
2025-10-21,89.546,90.329,88.844,90.005,40385.0,133472425.0,32.88,33.17,32.62,33.05,True,中科信息,False
2025-10-22,89.735,90.032,89.06,89.411,25643.0,84185969.0,32.95,33.06,32.7,32.83,True,中科信息,False
2025-10-23,89.33,90.572,87.359,89.897,45619.0,150588319.0,32.8,33.26,32.07,33.01,True,中科信息,False
2025-10-24,90.329,92.165,90.059,91.193,61076.0,204543524.0,33.17,33.85,33.07,33.49,True,中科信息,False
2025-10-27,91.436,92.57,91.22,92.057,53562.0,181093122.0,33.58,34.0,33.5,33.81,True,中科信息,False
2025-10-28,91.895,92.975,91.139,91.382,47692.0,160054352.0,33.75,34.15,33.47,33.56,True,中科信息,False
2025-10-29,91.652,91.895,90.842,91.328,41086.0,137802444.0,33.66,33.75,33.36,33.54,True,中科信息,False
2025-10-30,91.247,91.247,89.6,89.843,62137.0,204989963.0,33.51,33.51,32.9,32.99,True,中科信息,False
2025-10-31,89.546,92.111,89.546,91.517,65866.0,221375626.0,32.88,33.83,32.88,33.61,True,中科信息,False
2025-11-03,92.003,92.327,90.518,92.273,57633.0,195318237.0,33.79,33.91,33.24,33.89,True,中科信息,False
2025-11-04,92.273,98.132,90.518,96.404,219249.0,776579958.0,33.89,36.06,33.24,35.42,True,中科信息,False
2025-11-05,94.406,95.216,92.219,93.65,145513.0,500564720.0,34.68,34.98,33.87,34.4,True,中科信息,False
2025-11-06,93.11,93.218,91.679,92.138,87839.0,297247176.00000006,34.2,34.24,33.67,33.84,True,中科信息,False
2025-11-07,91.949,91.949,89.951,90.221,65579.0,217263227.00000003,33.77,33.77,33.03,33.13,True,中科信息,False
2025-11-10,90.221,91.031,89.735,90.41,54882.0,182208240.00000003,33.13,33.43,32.95,33.2,True,中科信息,False
2025-11-11,90.275,90.626,88.736,88.925,51699.0,168797235.0,33.15,33.28,32.58,32.65,True,中科信息,False
2025-11-12,88.898,90.005,88.142,88.493,47238.0,153476262.0,32.64,33.05,32.36,32.49,True,中科信息,False
2025-11-13,88.196,88.979,87.359,88.682,37429.0,121868824.0,32.38,32.67,32.07,32.56,True,中科信息,False
2025-11-14,88.007,88.223,86.9,86.9,47812.0,152520280.0,32.31,32.39,31.9,31.9,True,中科信息,False
2025-11-17,86.9,87.629,86.495,87.008,32577.0,104050938.0,31.9,32.17,31.75,31.94,True,中科信息,False
2025-11-18,87.008,88.088,86.36,87.521,38553.0,123870789.0,31.94,32.34,31.7,32.13,True,中科信息,False
2025-11-19,87.521,87.872,85.307,85.496,44540.0,139766520.0,32.13,32.26,31.31,31.38,True,中科信息,False
2025-11-20,85.712,86.414,84.146,84.335,41039.0,127015705.0,31.46,31.72,30.88,30.95,True,中科信息,False
2025-11-21,83.741,84.956,81.5,81.824,50735.0,152306470.0,30.73,31.18,29.9,30.02,True,中科信息,False
2025-11-24,82.013,84.632,81.419,84.2,45295.0,139961550.0,30.09,31.06,29.87,30.9,True,中科信息,False
2025-11-25,84.443,85.658,84.092,84.497,46046.0,142788646.0,30.99,31.44,30.86,31.01,True,中科信息,False
2025-11-26,83.984,85.199,83.525,83.687,33998.0,104407858.0,30.82,31.27,30.65,30.71,True,中科信息,False
2025-11-27,83.714,84.389,82.877,82.904,30858.0,93870036.0,30.72,30.97,30.41,30.42,True,中科信息,False
2025-11-28,82.877,83.66,82.688,83.606,27280.0,83695040.0,30.41,30.7,30.34,30.68,True,中科信息,False
2025-12-01,83.552,85.118,83.147,85.037,35659.0,111291739.0,30.66,31.24,30.51,31.21,True,中科信息,False
2025-12-02,84.74,85.172,83.66,83.687,35405.0,108728755.0,31.1,31.26,30.7,30.71,True,中科信息,False
2025-12-03,84.335,84.686,81.986,82.445,36188.0,109468700.0,30.95,31.08,30.08,30.25,True,中科信息,False
2025-12-04,82.256,82.931,81.662,82.634,26188.0,79402016.0,30.18,30.43,29.96,30.32,True,中科信息,False
2025-12-05,82.661,84.524,82.418,84.524,42432.0,131624064.0,30.33,31.02,30.24,31.02,True,中科信息,False
2025-12-08,84.713,85.28,84.47,84.659,47255.0,146821285.0,31.09,31.3,31.0,31.07,True,中科信息,False
2025-12-09,84.47,85.145,83.714,83.795,27437.0,84368775.0,31.0,31.25,30.72,30.75,True,中科信息,False
2025-12-10,83.525,83.552,82.175,83.012,33973.0,103481758.0,30.65,30.66,30.15,30.46,True,中科信息,False
2025-12-11,82.985,83.12,81.5,81.5,36434.0,108937660.0,30.45,30.5,29.9,29.9,True,中科信息,False
2025-12-12,81.5,82.229,80.906,81.203,30683.0,91404657.0,29.9,30.17,29.68,29.79,True,中科信息,False
2025-12-15,80.69,81.473,79.745,79.88,31933.0,93563690.0,29.6,29.89,29.25,29.3,True,中科信息,False
2025-12-16,79.745,80.069,78.206,79.583,41449.0,120989631.0,29.25,29.37,28.68,29.19,True,中科信息,False
2025-12-17,79.853,80.393,78.26,80.15,47677.0,140170380.0,29.29,29.49,28.7,29.4,True,中科信息,False
2025-12-18,80.15,83.552,80.123,81.311,54907.0,163787581.0,29.4,30.66,29.39,29.83,True,中科信息,False
2025-12-19,81.311,81.986,81.257,81.365,30353.0,90603705.0,29.83,30.08,29.81,29.85,True,中科信息,False
2025-12-22,81.743,82.553,81.176,82.337,38908.0,117541068.0,29.99,30.29,29.78,30.21,True,中科信息,False
2025-12-23,81.851,82.31,80.609,80.852,35024.0,103881184.0,30.03,30.2,29.57,29.66,True,中科信息,False
2025-12-24,80.447,82.634,80.42,82.094,36338.0,109450056.0,29.51,30.32,29.5,30.12,True,中科信息,False
2025-12-25,82.094,82.715,81.716,82.364,37681.0,113871982.0,30.12,30.35,29.98,30.22,True,中科信息,False
2025-12-26,82.364,82.688,81.284,81.635,52332.0,156734340.0,30.22,30.34,29.82,29.95,True,中科信息,False
2025-12-29,81.473,83.282,81.365,82.715,60770.0,184436950.0,29.89,30.56,29.85,30.35,True,中科信息,False
2025-12-30,82.121,84.092,82.067,83.39,60859.0,186228540.0,30.13,30.86,30.11,30.6,True,中科信息,False
2025-12-31,83.39,84.119,82.796,83.822,50836.0,156371536.0,30.6,30.87,30.38,30.76,True,中科信息,False
2026-01-05,87.17,99.86,87.17,97.97,473570.0,1704852000.0,32.0,36.7,32.0,36.0,True,中科信息,False
2026-01-06,97.97,99.428,94.46,96.107,363765.0,1284454215.0,36.0,36.54,34.7,35.31,True,中科信息,False
2026-01-07,95.0,95.567,90.977,91.193,257628.0,862796172.0,34.9,35.11,33.41,33.49,True,中科信息,False
2026-01-08,92.489,97.619,90.788,94.514,311863.0,1082788336.0,33.97,35.87,33.34,34.72,True,中科信息,False
2026-01-09,93.11,94.352,92.165,93.839,206024.0,710164728.0,34.2,34.66,33.85,34.47,True,中科信息,False
2026-01-12,95.594,100.886,95.27,100.616,359724.0,1330259352.0,35.12,37.08,35.0,36.98,True,中科信息,False
2026-01-13,103.37,104.693,97.619,97.862,312123.0,1122394308.0,38.0,38.49,35.87,35.96,True,中科信息,False
2026-01-14,97.808,103.1,97.322,99.644,300990.0,1102225380.0,35.94,37.9,35.76,36.62,True,中科信息,False
2026-01-15,98.78,100.238,96.35,97.511,166344.0,596010552.0,36.3,36.84,35.4,35.83,True,中科信息,False
2026-01-16,97.538,97.943,93.758,94.811,145005.0,505052415.0,35.84,35.99,34.44,34.83,True,中科信息,False
2026-01-19,93.407,94.811,92.975,93.272,89542.0,306770892.0,34.31,34.83,34.15,34.26,True,中科信息,False
2026-01-20,93.677,94.217,90.194,90.896,97910.0,326823580.0,34.41,34.61,33.12,33.38,True,中科信息,False
2026-01-21,90.356,92.3,89.924,90.437,85557.0,284134797.0,33.18,33.9,33.02,33.21,True,中科信息,False
2026-01-22,90.734,92.219,90.68,91.274,74831.0,250833512.00000003,33.32,33.87,33.3,33.52,True,中科信息,False
2026-01-23,92.03,92.84,90.815,92.462,101821.0,345784116.0,33.8,34.1,33.35,33.96,True,中科信息,False
2026-01-26,92.462,92.678,88.277,89.438,123660.0,406099440.00000006,33.96,34.04,32.41,32.84,True,中科信息,False
2026-01-27,88.574,89.951,87.17,89.33,78205.0,256512400.0,32.52,33.03,32.0,32.8,True,中科信息,False
2026-01-28,89.438,90.356,88.061,88.25,68772.0,222821280.0,32.84,33.18,32.33,32.4,True,中科信息,False
2026-01-29,89.519,92.813,88.358,90.842,150565.0,502284840.0,32.87,34.09,32.44,33.36,True,中科信息,False
2026-01-30,89.951,91.652,87.521,91.652,123127.0,414445482.0,33.03,33.66,32.13,33.66,True,中科信息,False
2026-02-02,91.031,92.219,88.277,88.331,83554.0,270965622.0,33.43,33.87,32.41,32.43,True,中科信息,False
2026-02-03,89.735,90.896,88.709,90.869,64104.0,213915048.0,32.95,33.38,32.57,33.37,True,中科信息,False
2026-02-04,91.355,91.355,88.79,89.897,63320.0,209019320.0,33.55,33.55,32.6,33.01,True,中科信息,False
2026-02-05,89.384,89.627,88.25,88.574,46986.0,152798472.0,32.82,32.91,32.4,32.52,True,中科信息,False
2026-02-06,87.818,89.357,86.441,87.845,57082.0,184089450.0,32.24,32.81,31.73,32.25,True,中科信息,False
2026-02-09,89.33,91.625,89.06,90.977,82673.0,276210493.0,32.8,33.65,32.7,33.41,True,中科信息,False
2026-02-10,91.085,95.594,91.085,93.353,127758.0,438082182.0,33.45,35.12,33.45,34.29,True,中科信息,False
2026-02-11,92.786,93.461,91.787,92.111,63145.0,213619535.0,34.08,34.33,33.71,33.83,True,中科信息,False
2026-02-12,92.057,94.055,91.49,93.974,94058.0,324688216.0,33.81,34.55,33.6,34.52,True,中科信息,False
2026-02-13,93.38,94.433,92.597,92.597,69754.0,237233354.0,34.3,34.69,34.01,34.01,True,中科信息,False
2026-02-24,93.65,93.704,89.33,90.95,66116.0,220827440.0,34.4,34.42,32.8,33.4,True,中科信息,False
2026-02-25,91.085,91.49,90.113,90.302,69144.0,229281504.0,33.45,33.6,33.09,33.16,True,中科信息,False
2026-02-26,90.329,91.49,89.816,90.653,66322.0,220785938.0,33.17,33.6,32.98,33.29,True,中科信息,False
2026-02-27,90.275,91.949,89.87,91.814,74249.0,250367628.0,33.15,33.77,33.0,33.72,True,中科信息,False
2026-03-02,90.41,91.058,87.197,87.71,106993.0,344517460.00000006,33.2,33.44,32.01,32.2,True,中科信息,False
2026-03-03,87.494,88.007,82.04,82.202,111383.0,335931128.0,32.12,32.31,30.1,30.16,True,中科信息,False
2026-03-04,81.635,83.444,80.987,81.203,64650.0,192592350.0,29.95,30.62,29.71,29.79,True,中科信息,False
2026-03-05,82.796,86.036,82.256,84.146,90474.0,279383712.0,30.38,31.58,30.18,30.88,True,中科信息,False
2026-03-06,83.174,86.441,83.174,85.793,71401.0,224841749.0,30.52,31.73,30.52,31.49,True,中科信息,False
2026-03-09,84.2,86.819,83.39,86.225,77923.0,246626295.0,30.9,31.87,30.6,31.65,True,中科信息,False
2026-03-10,86.846,88.439,85.766,86.495,63467.0,201507725.0,31.88,32.47,31.48,31.75,True,中科信息,False
2026-03-11,86.738,87.386,85.685,85.712,60720.0,191025120.0,31.84,32.08,31.45,31.46,True,中科信息,False
2026-03-12,85.361,86.225,84.605,85.091,43402.0,135544446.0,31.33,31.65,31.05,31.23,True,中科信息,False
2026-03-13,85.388,86.603,83.876,85.226,79957.0,250105496.0,31.34,31.79,30.78,31.28,True,中科信息,False
2026-03-16,85.064,86.279,84.146,86.171,70591.0,223279333.0,31.22,31.67,30.88,31.63,True,中科信息,False
2026-03-17,86.063,86.36,83.957,84.092,49613.0,153105718.0,31.59,31.7,30.81,30.86,True,中科信息,False
2026-03-18,84.2,86.063,84.2,85.982,42446.0,133959576.0,30.9,31.59,30.9,31.56,True,中科信息,False
2026-03-19,84.983,85.55,84.254,85.523,46724.0,146666636.0,31.19,31.4,30.92,31.39,True,中科信息,False
2026-03-20,85.766,86.036,80.636,80.636,90305.0,267122190.0,31.48,31.58,29.58,29.58,True,中科信息,False
2026-03-23,79.07,79.124,75.02,76.1,78359.0,218621610.0,29.0,29.02,27.5,27.9,True,中科信息,False
2026-03-24,77.747,78.287,75.776,77.693,50025.0,142521225.0,28.51,28.71,27.78,28.49,True,中科信息,False
2026-03-25,77.99,79.07,77.774,78.26,49962.0,143390940.0,28.6,29.0,28.52,28.7,True,中科信息,False
2026-03-26,78.152,78.935,76.1,76.505,43480.0,121961400.0,28.66,28.95,27.9,28.05,True,中科信息,False
2026-03-27,75.56,77.612,75.236,76.748,40051.0,112703514.0,27.7,28.46,27.58,28.14,True,中科信息,False
2026-03-30,75.83,76.802,74.912,76.802,42999.0,121085184.0,27.8,28.16,27.46,28.16,True,中科信息,False
2026-03-31,76.829,78.908,76.802,77.207,50628.0,143327868.0,28.17,28.94,28.16,28.31,True,中科信息,False
2026-04-01,78.935,79.043,77.963,78.503,37719.0,108593001.0,28.95,28.99,28.59,28.79,True,中科信息,False
2026-04-02,78.179,78.314,76.559,76.883,32408.0,91358152.0,28.67,28.72,28.07,28.19,True,中科信息,False
2026-04-03,77.126,78.395,75.29,75.29,31227.0,86186520.0,28.28,28.75,27.6,27.6,True,中科信息,False
2026-04-07,75.344,76.37,74.912,75.695,24881.0,69044775.0,27.62,28.0,27.46,27.75,True,中科信息,False
2026-04-08,78.017,79.61,77.477,79.556,66423.0,193822314.0,28.61,29.2,28.41,29.18,True,中科信息,False
2026-04-09,78.476,78.908,77.315,77.558,48743.0,138625092.0,28.78,28.94,28.35,28.44,True,中科信息,False
2026-04-10,78.395,79.151,77.936,78.206,42310.0,121345080.0,28.75,29.03,28.58,28.68,True,中科信息,False
2026-04-13,77.72,78.611,77.207,78.233,32511.0,93274059.0,28.5,28.83,28.31,28.69,True,中科信息,False
2026-04-14,79.016,80.312,78.098,79.043,45759.0,132655341.0,28.98,29.46,28.64,28.99,True,中科信息,False
2026-04-15,79.367,79.61,77.72,78.125,41920.0,120100800.0,29.11,29.2,28.5,28.65,True,中科信息,False
2026-04-16,78.206,79.583,77.99,79.286,50142.0,145812936.0,28.68,29.19,28.6,29.08,True,中科信息,False
2026-04-17,79.07,79.286,78.125,78.881,41272.0,119399896.0,29.0,29.08,28.65,28.93,True,中科信息,False
2026-04-20,78.692,79.745,78.53,79.475,45408.0,132364320.0,28.86,29.25,28.8,29.15,True,中科信息,False
2026-04-21,79.124,79.475,77.882,78.476,44643.0,128482554.0,29.02,29.15,28.56,28.78,True,中科信息,False
2026-04-22,78.368,79.502,77.855,79.475,49209.0,143444235.0,28.74,29.16,28.55,29.15,True,中科信息,False
2026-04-23,79.151,80.015,77.531,78.233,55501.0,159232369.0,29.03,29.35,28.43,28.69,True,中科信息,False
2026-04-24,77.477,78.206,75.614,76.721,70025.0,196980325.0,28.41,28.68,27.72,28.13,True,中科信息,False
2026-04-27,76.64,78.881,75.506,78.584,66958.0,192972956.0,28.1,28.93,27.68,28.82,True,中科信息,False
2026-04-28,78.233,78.503,76.046,76.37,51857.0,145199600.0,28.69,28.79,27.88,28.0,True,中科信息,False
2026-04-29,75.857,77.639,75.857,77.18,37584.0,106362720.0,27.81,28.47,27.81,28.3,True,中科信息,False
2026-04-30,76.991,78.071,76.856,77.774,39804.0,113521008.0,28.23,28.63,28.18,28.52,True,中科信息,False
2026-05-06,78.26,79.961,78.125,79.394,77317.0,225147104.0,28.7,29.33,28.65,29.12,True,中科信息,False
2026-05-07,79.61,80.393,79.097,80.285,69464.0,204571480.0,29.2,29.49,29.01,29.45,True,中科信息,False
2026-05-08,80.015,81.554,79.88,80.69,70831.0,209659760.0,29.35,29.92,29.3,29.6,True,中科信息,False
2026-05-11,81.257,81.473,80.042,80.771,71226.0,211042638.0,29.81,29.89,29.36,29.63,True,中科信息,False
2026-05-12,80.555,82.283,79.502,81.392,119890.0,357991540.0,29.55,30.19,29.16,29.86,True,中科信息,False
2026-05-13,80.69,81.311,79.61,80.744,73420.0,217470040.0,29.6,29.83,29.2,29.62,True,中科信息,False
2026-05-14,81.338,81.689,77.855,77.909,76610.0,218874770.0,29.84,29.97,28.55,28.57,True,中科信息,False
2026-05-15,77.801,79.205,77.099,77.882,56490.0,161335440.0,28.53,29.05,28.27,28.56,True,中科信息,False
2026-05-18,77.396,78.638,77.18,78.287,45685.0,131161635.0,28.38,28.84,28.3,28.71,True,中科信息,False
2026-05-19,78.341,81.095,77.963,80.312,77143.0,227263278.0,28.73,29.75,28.59,29.46,True,中科信息,False
2026-05-20,79.961,80.555,78.368,78.422,63543.0,182749668.0,29.33,29.55,28.74,28.76,True,中科信息,False
2026-05-21,78.935,79.853,75.506,75.776,82494.0,229168332.0,28.95,29.29,27.68,27.78,True,中科信息,False
2026-05-22,75.776,76.262,72.347,73.346,94537.0,254115456.0,27.78,27.96,26.51,26.88,True,中科信息,False
2026-05-25,73.481,74.291,71.402,72.374,73042.0,193707384.0,26.93,27.23,26.16,26.52,True,中科信息,False
2026-05-26,71.861,72.104,69.62,70.997,67937.0,176704137.0,26.33,26.42,25.5,26.01,True,中科信息,False
2026-05-27,70.97,71.456,69.161,69.755,53578.0,136891790.0,26.0,26.18,25.33,25.55,True,中科信息,False
2026-05-28,69.755,70.376,67.325,69.08,68973.0,174501690.0,25.55,25.78,24.65,25.3,True,中科信息,False
2026-05-29,69.62,69.836,66.407,66.65,57391.0,140034040.0,25.5,25.58,24.31,24.4,True,中科信息,False
2026-06-01,66.434,69.107,66.434,68.081,54944.0,136975392.0,24.32,25.31,24.32,24.93,True,中科信息,False
2026-06-02,68.27,68.567,66.434,67.001,40635.0,99677655.0,25.0,25.11,24.32,24.53,True,中科信息,False
2026-06-03,66.974,67.082,65.516,66.002,44211.0,106548510.0,24.46,24.5,23.92,24.1,True,中科信息,False
2026-06-04,65.732,66.245,63.68,63.95,51189.0,119475126.0,24.0,24.19,23.24,23.34,True,中科信息,False
2026-06-05,64.274,66.191,63.059,65.084,65696.0,156093696.0,23.46,24.17,23.01,23.76,True,中科信息,False
2026-06-08,62.978,64.787,62.33,63.275,62648.0,144654232.0,22.98,23.65,22.74,23.09,True,中科信息,False
2026-06-09,63.68,64.517,62.816,64.22,51605.0,120962120.0,23.24,23.55,22.92,23.44,True,中科信息,False
2026-06-10,63.869,65.327,63.194,64.22,60117.0,140914248.0,23.31,23.85,23.06,23.44,True,中科信息,False
2026-06-11,64.085,64.085,60.737,61.277,63657.0,142273395.0,23.39,23.39,22.15,22.35,True,中科信息,False
2026-06-12,62.222,63.167,61.736,62.573,52673.0,120252459.0,22.7,23.05,22.52,22.83,True,中科信息,False
2026-06-15,63.248,64.058,63.032,63.842,45521.0,106063930.0,23.08,23.38,23.0,23.3,True,中科信息,False
2026-06-16,63.761,64.274,62.762,64.031,45057.0,105298209.0,23.27,23.46,22.9,23.37,True,中科信息,False
2026-06-17,63.572,64.49,62.951,64.49,51134.0,120369436.0,23.2,23.54,22.97,23.54,True,中科信息,False
2026-06-18,64.463,66.137,63.707,65.111,67768.0,161084536.0,23.53,24.15,23.25,23.77,True,中科信息,False
2026-06-22,65.084,65.165,62.168,65.003,73821.0,175177233.0,23.76,23.79,22.68,23.73,True,中科信息,False
2026-06-23,65.003,67.811,64.598,66.056,88858.0,214325496.0,23.73,24.77,23.58,24.12,True,中科信息,False
2026-06-24,65.705,66.947,64.085,64.382,68827.0,161743450.0,23.99,24.45,23.39,23.5,True,中科信息,False
2026-06-25,64.112,65.624,62.249,62.762,61582.0,141022780.0,23.4,23.96,22.71,22.9,True,中科信息,False
2026-06-26,62.6,62.627,59.387,59.576,70887.0,153966564.0,22.84,22.85,21.65,21.72,True,中科信息,False
2026-06-29,60.44,60.44,58.55,59.387,50952.0,110311080.0,22.04,22.04,21.34,21.65,True,中科信息,False
2026-06-30,59.252,62.708,58.523,61.412,72422.0,162225280.0,21.6,22.88,21.33,22.4,True,中科信息,False
2026-07-01,61.277,63.113,61.034,62.276,59909.0,136113248.0,22.35,23.03,22.26,22.72,True,中科信息,False
2026-07-02,62.222,63.707,61.547,61.979,60625.0,137073125.0,22.7,23.25,22.45,22.61,True,中科信息,False
2026-07-03,62.006,62.843,61.574,62.357,49593.0,112824075.0,22.62,22.93,22.46,22.75,True,中科信息,False
2026-07-06,62.681,62.681,60.413,60.845,47299.0,104956481.0,22.87,22.87,22.03,22.19,True,中科信息,False
2026-07-07,60.845,60.98,58.793,59.198,36338.0,78417404.0,22.19,22.24,21.43,21.58,True,中科信息,False
2026-07-08,59.198,60.143,58.064,59.954,51285.0,112109010.0,21.58,21.93,21.16,21.86,True,中科信息,False
2026-07-09,59.414,60.224,58.28,60.008,48057.0,105148716.0,21.66,21.96,21.24,21.88,True,中科信息,False
2026-07-10,60.035,62.978,58.955,61.628,83063.0,186725624.0,21.89,22.98,21.49,22.48,True,中科信息,False
2026-07-13,61.385,62.411,58.82,59.063,59196.0,127448988.0,22.39,22.77,21.44,21.53,True,中科信息,False
2026-07-14,59.063,59.738,56.876,58.037,53117.0,112342455.0,21.53,21.78,20.72,21.15,True,中科信息,False
2026-07-15,57.983,59.846,57.659,58.874,46841.0,100520786.0,21.13,21.82,21.01,21.46,True,中科信息,False
2026-07-16,58.874,60.818,58.307,60.035,55929.0,122428581.0,21.46,22.18,21.25,21.89,True,中科信息,False
2026-07-17,59.711,60.953,57.146,57.2,69267.0,144352428.0,21.77,22.23,20.82,20.84,True,中科信息,False
2026-07-20,57.848,59.279,57.173,58.415,68708.0,146279332.0,21.08,21.61,20.83,21.29,True,中科信息,False
2026-07-21,58.712,60.872,58.064,60.872,83846.0,186138120.0,21.4,22.2,21.16,22.2,True,中科信息,False
2026-07-22,60.332,60.575,59.09,59.522,63583.0,137975110.0,22.0,22.09,21.54,21.7,True,中科信息,False
2026-07-23,59.279,60.278,58.712,60.17,40941.0,89824554.0,21.61,21.98,21.4,21.94,True,中科信息,False
2026-07-24,60.332,61.358,58.037,58.037,72237.0,152781255.0,22.0,22.38,21.15,21.15,True,中科信息,False
2026-07-27,57.362,61.115,57.092,60.764,81909.0,181510344.0,20.9,22.29,20.8,22.16,True,中科信息,False
2026-07-28,59.846,66.083,59.711,64.868,201467.0,477073856.0,21.82,24.13,21.77,23.68,True,中科信息,False
2026-07-29,63.842,64.922,62.087,63.707,140434.0,326509050.0,23.3,23.7,22.65,23.25,True,中科信息,False
2026-07-30,63.167,64.868,63.032,63.275,95594.0,220726546.0,23.05,23.68,23.0,23.09,True,中科信息,False
2026-07-31,64.382,66.056,64.031,64.949,129265.0,306487315.0,23.5,24.12,23.37,23.71,True,中科信息,False
2026-08-03,64.625,66.731,64.274,66.218,103811.0,251014998.0,23.59,24.37,23.46,24.18,True,中科信息,False
2026-08-04,66.245,67.19,65.705,66.488,101878.0,247359784.0,24.19,24.54,23.99,24.28,True,中科信息,False
2026-08-05,66.488,67.244,65.786,66.407,104154.0,252573450.0,24.28,24.56,24.02,24.25,True,中科信息,False
2026-08-06,65.759,67.082,64.598,65.111,92448.0,219748896.0,24.01,24.5,23.58,23.77,True,中科信息,False
2026-08-07,64.814,65.3,62.762,64.274,83232.0,195262272.0,23.66,23.84,22.9,23.46,True,中科信息,False
2026-08-10,64.355,65.516,63.41,64.652,51046.0,120468560.0,23.49,23.92,23.14,23.6,True,中科信息,False
2026-08-11,64.652,64.868,63.653,64.139,40478.0,94758998.0,23.6,23.68,23.23,23.41,True,中科信息,False
2026-08-12,64.274,64.976,63.815,64.598,46702.0,110123316.0,23.46,23.72,23.29,23.58,True,中科信息,False
2026-08-13,64.598,65.273,63.356,63.41,53989.0,124930546.0,23.58,23.83,23.12,23.14,True,中科信息,False
2026-08-14,63.572,64.409,62.303,62.762,46459.0,106391110.0,23.2,23.51,22.73,22.9,True,中科信息,False
2026-08-17,62.67977903930132,63.14569781659389,61.747941484716165,63.14569781659389,42679.0,97320000.0,22.87,23.04,22.53,23.04,True,中科信息,True
2026-08-24,59.66501048034935,59.66501048034935,58.21244017467249,58.56873100436682,28297.0,60650000.0,21.77,21.77,21.24,21.37,True,中科信息,True
2026-08-25,58.70576593886464,60.213150218340616,58.21244017467249,60.10352227074236,36753.0,79820000.0,21.42,21.97,21.24,21.93,True,中科信息,True
2026-08-27,60.10352227074236,61.36424366812228,59.939080349344984,60.95313886462882,35284.0,78120000.0,21.93,22.39,21.87,22.24,True,中科信息,True
