date,open,high,low,close,volume,amount,raw_open,raw_high,raw_low,raw_close,tradable,name,provisional
2017-10-19,46.44,55.73,46.44,55.73,104.0,579592.0,46.44,55.73,46.44,55.73,True,精研科技,False
2017-10-20,61.3,61.3,61.3,61.3,28.0,171640.0,61.3,61.3,61.3,61.3,True,精研科技,False
2017-10-23,67.43,67.43,67.43,67.43,73.0,492239.00000000006,67.43,67.43,67.43,67.43,True,精研科技,False
2017-10-24,74.17,74.17,74.17,74.17,109.0,808453.0,74.17,74.17,74.17,74.17,True,精研科技,False
2017-10-25,81.59,81.59,81.59,81.59,434.0,3541006.0,81.59,81.59,81.59,81.59,True,精研科技,False
2017-10-26,89.75,89.75,89.75,89.75,1230.0,11039250.0,89.75,89.75,89.75,89.75,True,精研科技,False
2017-10-27,98.0,98.73,95.36,98.73,87647.0,865338831.0,98.0,98.73,95.36,98.73,True,精研科技,False
2017-10-30,94.6,98.75,90.93,91.01,91258.0,830539058.0,94.6,98.75,90.93,91.01,True,精研科技,False
2017-10-31,92.53,94.53,91.0,93.15,59260.0,552006900.0,92.53,94.53,91.0,93.15,True,精研科技,False
2017-11-01,92.0,102.0,89.01,97.86,85189.0,833659554.0,92.0,102.0,89.01,97.86,True,精研科技,False
2017-11-02,96.5,99.7,95.0,95.0,60101.0,570959500.0,96.5,99.7,95.0,95.0,True,精研科技,False
2017-11-03,95.5,96.58,89.58,93.14,57014.0,531028396.0,95.5,96.58,89.58,93.14,True,精研科技,False
2017-11-06,96.5,102.0,96.5,96.85,68337.0,661843845.0,96.5,102.0,96.5,96.85,True,精研科技,False
2017-11-07,95.85,106.54,94.98,106.54,80379.0,856357866.0,95.85,106.54,94.98,106.54,True,精研科技,False
2017-11-08,111.0,112.6,104.63,104.7,98411.0,1030363170.0,111.0,112.6,104.63,104.7,True,精研科技,False
2017-11-09,103.0,107.46,101.51,105.79,66443.0,702900497.0,103.0,107.46,101.51,105.79,True,精研科技,False
2017-11-10,104.61,108.0,102.85,102.92,56080.0,577175360.0,104.61,108.0,102.85,102.92,True,精研科技,False
2017-11-13,102.5,106.21,102.5,104.19,42576.0,443599344.0,102.5,106.21,102.5,104.19,True,精研科技,False
2017-11-14,105.45,109.67,102.11,107.3,65772.0,705733560.0,105.45,109.67,102.11,107.3,True,精研科技,False
2017-11-15,105.6,105.99,96.57,96.6,66060.0,638139600.0,105.6,105.99,96.57,96.6,True,精研科技,False
2017-11-16,95.28,97.37,91.0,92.0,38043.0,349995600.0,95.28,97.37,91.0,92.0,True,精研科技,False
2017-11-17,91.28,92.5,82.8,82.8,44102.0,365164560.0,91.28,92.5,82.8,82.8,True,精研科技,False
2017-11-20,82.99,86.6,81.2,85.83,29231.0,250889673.0,82.99,86.6,81.2,85.83,True,精研科技,False
2017-11-21,84.9,85.8,77.25,83.23,43597.0,362857831.0,84.9,85.8,77.25,83.23,True,精研科技,False
2017-11-22,82.3,84.55,80.11,83.41,27988.0,233447908.0,82.3,84.55,80.11,83.41,True,精研科技,False
2017-11-23,81.8,84.38,81.0,81.36,22011.0,179081496.0,81.8,84.38,81.0,81.36,True,精研科技,False
2017-11-24,79.02,82.4,78.5,78.72,19560.0,153976320.0,79.02,82.4,78.5,78.72,True,精研科技,False
2017-11-27,78.13,81.29,78.13,78.84,17193.0,135549612.0,78.13,81.29,78.13,78.84,True,精研科技,False
2017-11-28,79.48,84.57,79.48,84.39,29870.0,252072930.0,79.48,84.57,79.48,84.39,True,精研科技,False
2017-11-29,83.51,83.8,80.25,82.45,23837.0,196536065.0,83.51,83.8,80.25,82.45,True,精研科技,False
2017-11-30,82.08,84.6,81.91,82.38,17222.0,141874836.0,82.08,84.6,81.91,82.38,True,精研科技,False
2017-12-01,82.1,84.37,82.1,83.14,17211.0,143092254.0,82.1,84.37,82.1,83.14,True,精研科技,False
2017-12-04,84.0,86.8,78.8,79.53,28775.0,228847575.0,84.0,86.8,78.8,79.53,True,精研科技,False
2017-12-05,78.2,80.5,71.58,73.08,28058.0,205047864.0,78.2,80.5,71.58,73.08,True,精研科技,False
2017-12-06,73.1,76.4,73.1,76.0,21451.0,163027600.0,73.1,76.4,73.1,76.0,True,精研科技,False
2017-12-07,75.11,77.35,74.61,75.91,12994.0,98637454.0,75.11,77.35,74.61,75.91,True,精研科技,False
2017-12-08,76.8,79.96,76.8,78.78,19291.0,151974498.0,76.8,79.96,76.8,78.78,True,精研科技,False
2017-12-11,78.66,79.83,78.0,79.05,10260.0,81105300.0,78.66,79.83,78.0,79.05,True,精研科技,False
2017-12-12,78.65,79.84,77.67,78.07,12655.0,98797585.0,78.65,79.84,77.67,78.07,True,精研科技,False
2017-12-13,78.07,79.48,77.6,79.07,8377.0,66236938.99999999,78.07,79.48,77.6,79.07,True,精研科技,False
2017-12-14,79.25,79.88,77.61,78.85,8900.0,70176500.0,79.25,79.88,77.61,78.85,True,精研科技,False
2017-12-15,78.99,79.66,74.36,75.27,13753.0,103518831.0,78.99,79.66,74.36,75.27,True,精研科技,False
2017-12-18,75.68,76.9,73.52,75.0,8479.0,63592500.0,75.68,76.9,73.52,75.0,True,精研科技,False
2017-12-19,75.0,76.0,73.8,74.92,8291.0,62116172.0,75.0,76.0,73.8,74.92,True,精研科技,False
2017-12-20,74.6,75.3,72.0,72.34,9924.0,71790216.0,74.6,75.3,72.0,72.34,True,精研科技,False
2017-12-21,71.67,74.44,71.67,73.72,10402.0,76683544.0,71.67,74.44,71.67,73.72,True,精研科技,False
2017-12-22,73.58,74.45,72.8,72.84,7414.0,54003576.0,73.58,74.45,72.8,72.84,True,精研科技,False
2017-12-25,71.57,72.47,68.13,70.5,17242.0,121556100.0,71.57,72.47,68.13,70.5,True,精研科技,False
2017-12-26,70.0,74.7,69.54,73.15,16373.0,119768495.0,70.0,74.7,69.54,73.15,True,精研科技,False
2017-12-27,73.46,74.1,71.7,72.15,14159.0,102157185.0,73.46,74.1,71.7,72.15,True,精研科技,False
2017-12-28,72.0,75.38,71.6,73.13,14946.0,109300098.0,72.0,75.38,71.6,73.13,True,精研科技,False
2017-12-29,72.0,73.68,71.8,72.33,11426.0,82644258.0,72.0,73.68,71.8,72.33,True,精研科技,False
2018-01-02,72.69,73.48,72.01,72.51,7715.0,55941465.00000001,72.69,73.48,72.01,72.51,True,精研科技,False
2018-01-03,72.6,72.6,70.41,72.0,12158.0,87537600.0,72.6,72.6,70.41,72.0,True,精研科技,False
2018-01-04,71.79,73.5,70.98,72.75,15254.0,110972850.0,71.79,73.5,70.98,72.75,True,精研科技,False
2018-01-05,72.58,73.22,70.91,70.91,10469.0,74235679.0,72.58,73.22,70.91,70.91,True,精研科技,False
2018-01-08,70.99,72.3,70.49,71.2,9129.0,64998480.0,70.99,72.3,70.49,71.2,True,精研科技,False
2018-01-09,71.31,71.48,70.63,71.41,6815.0,48665915.0,71.31,71.48,70.63,71.41,True,精研科技,False
2018-01-10,71.43,73.6,71.0,72.01,16814.0,121077614.0,71.43,73.6,71.0,72.01,True,精研科技,False
2018-01-11,71.55,74.0,70.5,72.6,20274.0,147189240.0,71.55,74.0,70.5,72.6,True,精研科技,False
2018-01-12,72.77,78.88,72.43,76.25,32828.0,250313500.0,72.77,78.88,72.43,76.25,True,精研科技,False
2018-01-15,75.0,75.78,73.22,74.34,21213.0,157697442.0,75.0,75.78,73.22,74.34,True,精研科技,False
2018-01-16,74.55,77.99,74.55,76.18,19756.0,150501208.0,74.55,77.99,74.55,76.18,True,精研科技,False
2018-01-17,76.31,78.66,74.0,77.54,22102.0,171378908.0,76.31,78.66,74.0,77.54,True,精研科技,False
2018-01-18,77.38,77.38,75.01,75.1,14457.0,108572070.0,77.38,77.38,75.01,75.1,True,精研科技,False
2018-01-19,75.29,76.5,72.72,72.91,16202.0,118128782.0,75.29,76.5,72.72,72.91,True,精研科技,False
2018-01-22,72.83,72.83,68.68,69.85,16097.0,112437545.0,72.83,72.83,68.68,69.85,True,精研科技,False
2018-01-23,69.85,71.48,69.52,70.1,9369.0,65676689.99999999,69.85,71.48,69.52,70.1,True,精研科技,False
2018-01-24,70.25,71.8,69.73,71.15,11686.0,83145890.0,70.25,71.8,69.73,71.15,True,精研科技,False
2018-01-25,71.27,71.9,70.45,70.5,11873.0,83704650.0,71.27,71.9,70.45,70.5,True,精研科技,False
2018-01-26,70.46,70.77,68.06,68.1,16392.0,111629520.0,70.46,70.77,68.06,68.1,True,精研科技,False
2018-01-29,68.11,68.49,66.3,67.55,12511.0,84511805.0,68.11,68.49,66.3,67.55,True,精研科技,False
2018-01-30,67.48,67.48,66.0,66.27,7917.0,52465959.0,67.48,67.48,66.0,66.27,True,精研科技,False
2018-01-31,65.67,66.06,60.82,61.65,17762.0,109502730.0,65.67,66.06,60.82,61.65,True,精研科技,False
2018-02-01,61.65,62.2,57.78,58.58,13350.0,78204300.0,61.65,62.2,57.78,58.58,True,精研科技,False
2018-02-02,57.8,59.79,56.36,58.08,10917.0,63405936.0,57.8,59.79,56.36,58.08,True,精研科技,False
2018-02-05,58.05,58.05,56.11,56.15,7802.0,43808230.0,58.05,58.05,56.11,56.15,True,精研科技,False
2018-02-06,54.95,55.55,50.8,50.9,11946.0,60805140.0,54.95,55.55,50.8,50.9,True,精研科技,False
2018-02-07,52.5,53.0,50.1,52.08,11242.0,58548336.0,52.5,53.0,50.1,52.08,True,精研科技,False
2018-02-08,52.08,53.25,51.89,53.09,8703.0,46204227.0,52.08,53.25,51.89,53.09,True,精研科技,False
2018-02-09,51.0,52.35,50.01,51.2,8381.0,42910720.0,51.0,52.35,50.01,51.2,True,精研科技,False
2018-02-12,52.2,53.86,52.0,53.4,8631.0,46089540.0,52.2,53.86,52.0,53.4,True,精研科技,False
2018-02-13,53.5,54.06,52.48,52.7,8197.0,43198190.0,53.5,54.06,52.48,52.7,True,精研科技,False
2018-02-14,52.5,57.58,52.5,55.64,14497.0,80661308.0,52.5,57.58,52.5,55.64,True,精研科技,False
2018-02-22,56.0,56.63,55.06,56.5,10814.0,61099100.0,56.0,56.63,55.06,56.5,True,精研科技,False
2018-02-23,56.1,56.4,55.06,55.77,8461.0,47186997.0,56.1,56.4,55.06,55.77,True,精研科技,False
2018-02-26,56.13,58.3,56.13,58.05,14562.0,84532410.0,56.13,58.3,56.13,58.05,True,精研科技,False
2018-02-27,58.1,59.66,57.28,58.2,15089.0,87817980.0,58.1,59.66,57.28,58.2,True,精研科技,False
2018-02-28,57.25,57.44,56.11,56.5,8830.0,49889500.0,57.25,57.44,56.11,56.5,True,精研科技,False
2018-03-01,56.0,58.7,55.6,58.7,9915.0,58201050.0,56.0,58.7,55.6,58.7,True,精研科技,False
2018-03-02,58.43,58.75,57.0,57.5,10665.0,61323750.0,58.43,58.75,57.0,57.5,True,精研科技,False
2018-03-05,57.69,58.67,56.06,58.57,14664.0,85887048.0,57.69,58.67,56.06,58.57,True,精研科技,False
2018-03-06,58.15,60.9,58.15,59.41,19986.0,118736826.0,58.15,60.9,58.15,59.41,True,精研科技,False
2018-03-07,59.18,60.68,59.1,59.95,14541.0,87173295.0,59.18,60.68,59.1,59.95,True,精研科技,False
2018-03-08,59.51,62.5,59.51,62.12,21235.0,131911820.0,59.51,62.5,59.51,62.12,True,精研科技,False
2018-03-09,62.2,63.49,61.55,63.29,22375.0,141611375.0,62.2,63.49,61.55,63.29,True,精研科技,False
2018-03-12,64.2,65.35,63.0,63.37,18036.0,114294132.0,64.2,65.35,63.0,63.37,True,精研科技,False
2018-03-13,63.07,63.3,61.31,61.74,14385.0,88812990.0,63.07,63.3,61.31,61.74,True,精研科技,False
2018-03-14,61.65,62.65,61.14,61.14,9281.0,56744034.0,61.65,62.65,61.14,61.14,True,精研科技,False
2018-03-15,60.66,60.66,56.78,58.65,16870.0,98942550.0,60.66,60.66,56.78,58.65,True,精研科技,False
2018-03-16,58.96,59.58,58.5,59.02,7690.0,45386380.0,58.96,59.58,58.5,59.02,True,精研科技,False
2018-03-19,58.91,60.48,58.25,59.81,10646.0,63673726.0,58.91,60.48,58.25,59.81,True,精研科技,False
2018-03-20,59.0,62.28,58.79,61.84,12582.0,77807088.0,59.0,62.28,58.79,61.84,True,精研科技,False
2018-03-21,61.79,62.49,60.0,60.02,17809.0,106889618.0,61.79,62.49,60.0,60.02,True,精研科技,False
2018-03-22,59.99,61.8,59.99,60.8,13174.0,80097920.0,59.99,61.8,59.99,60.8,True,精研科技,False
2018-03-23,58.29,58.3,54.72,54.72,18027.0,98643744.0,58.29,58.3,54.72,54.72,True,精研科技,False
2018-03-26,53.0,55.84,50.27,55.8,14537.0,81116460.0,53.0,55.84,50.27,55.8,True,精研科技,False
2018-03-27,55.86,58.58,55.86,57.68,16876.0,97340768.0,55.86,58.58,55.86,57.68,True,精研科技,False
2018-03-28,56.68,58.76,56.01,58.0,16430.0,95294000.0,56.68,58.76,56.01,58.0,True,精研科技,False
2018-03-29,58.03,59.3,57.5,58.8,12334.0,72523920.0,58.03,59.3,57.5,58.8,True,精研科技,False
2018-03-30,59.56,61.3,59.0,61.03,20065.0,122456695.0,59.56,61.3,59.0,61.03,True,精研科技,False
2018-04-02,62.3,62.79,60.33,61.48,19202.0,118053896.0,62.3,62.79,60.33,61.48,True,精研科技,False
2018-04-03,60.35,63.88,59.01,63.86,25195.0,160895270.0,60.35,63.88,59.01,63.86,True,精研科技,False
2018-04-04,64.47,64.47,62.02,62.02,18937.0,117447274.0,64.47,64.47,62.02,62.02,True,精研科技,False
2018-04-09,61.48,61.98,59.8,61.39,16383.0,100575237.0,61.48,61.98,59.8,61.39,True,精研科技,False
2018-04-10,55.33,56.39,55.25,55.25,29613.0,163611825.0,55.33,56.39,55.25,55.25,True,精研科技,False
2018-04-11,55.05,55.49,52.88,55.08,24846.0,136851768.0,55.05,55.49,52.88,55.08,True,精研科技,False
2018-04-12,54.5,56.39,54.5,55.98,22711.0,127136178.0,54.5,56.39,54.5,55.98,True,精研科技,False
2018-04-13,56.66,56.8,55.31,55.99,14652.0,82036548.0,56.66,56.8,55.31,55.99,True,精研科技,False
2018-04-16,56.45,56.45,54.88,55.5,14918.0,82794900.0,56.45,56.45,54.88,55.5,True,精研科技,False
2018-04-17,55.0,55.85,53.07,53.26,17146.0,91319596.0,55.0,55.85,53.07,53.26,True,精研科技,False
2018-04-18,53.5,54.89,52.01,54.79,13080.0,71665320.0,53.5,54.89,52.01,54.79,True,精研科技,False
2018-04-19,54.43,56.29,54.0,55.75,12754.0,71103550.0,54.43,56.29,54.0,55.75,True,精研科技,False
2018-04-20,55.0,55.69,52.8,52.9,11809.0,62469610.0,55.0,55.69,52.8,52.9,True,精研科技,False
2018-04-23,53.0,53.93,51.03,52.2,9312.0,48608640.0,53.0,53.93,51.03,52.2,True,精研科技,False
2018-04-24,51.1,53.13,51.0,52.74,12859.0,67818366.0,51.1,53.13,51.0,52.74,True,精研科技,False
2018-04-25,52.55,52.55,50.24,50.3,23852.0,119975560.0,52.55,52.55,50.24,50.3,True,精研科技,False
2018-04-26,50.18,50.18,47.65,47.73,18233.0,87026109.0,50.18,50.18,47.65,47.73,True,精研科技,False
2018-04-27,47.8,48.59,47.8,47.9,8718.0,41759220.0,47.8,48.59,47.8,47.9,True,精研科技,False
2018-05-02,48.2,48.66,46.0,46.7,7088.0,33100960.000000004,48.2,48.66,46.0,46.7,True,精研科技,False
2018-05-03,46.6,49.0,46.6,48.63,10122.0,49223286.0,46.6,49.0,46.6,48.63,True,精研科技,False
2018-05-04,48.8,48.97,47.73,48.22,7528.0,36300016.0,48.8,48.97,47.73,48.22,True,精研科技,False
2018-05-07,48.8,48.98,47.93,48.7,8641.0,42081670.0,48.8,48.98,47.93,48.7,True,精研科技,False
2018-05-08,48.5,49.5,48.48,49.01,8367.0,41006667.0,48.5,49.5,48.48,49.01,True,精研科技,False
2018-05-09,48.82,49.78,48.81,49.62,9196.0,45630552.0,48.82,49.78,48.81,49.62,True,精研科技,False
2018-05-10,49.81,49.88,48.93,49.38,8926.0,44076588.0,49.81,49.88,48.93,49.38,True,精研科技,False
2018-05-11,49.36,49.57,48.36,48.52,8006.0,38845112.0,49.36,49.57,48.36,48.52,True,精研科技,False
2018-05-14,48.5,49.05,47.8,48.19,5550.0,26745450.0,48.5,49.05,47.8,48.19,True,精研科技,False
2018-05-15,48.01,48.99,47.82,48.94,7081.0,34654414.0,48.01,48.99,47.82,48.94,True,精研科技,False
2018-05-16,49.0,49.48,48.62,48.8,6815.0,33257200.0,49.0,49.48,48.62,48.8,True,精研科技,False
2018-05-17,48.75,48.95,48.06,48.47,5511.0,26711817.0,48.75,48.95,48.06,48.47,True,精研科技,False
2018-05-18,48.01,52.72,48.01,50.48,21999.0,111050952.0,48.01,52.72,48.01,50.48,True,精研科技,False
2018-05-21,50.02,51.78,50.01,51.27,14590.0,74802930.0,50.02,51.78,50.01,51.27,True,精研科技,False
2018-05-22,51.0,51.8,50.52,51.61,14415.0,74395815.0,51.0,51.8,50.52,51.61,True,精研科技,False
2018-05-23,51.61,51.92,50.87,51.3,12268.0,62934840.0,51.61,51.92,50.87,51.3,True,精研科技,False
2018-05-24,51.1,51.49,50.81,51.02,7582.0,38683364.0,51.1,51.49,50.81,51.02,True,精研科技,False
2018-05-25,50.67,51.79,50.67,51.5,11778.0,60656700.0,50.67,51.79,50.67,51.5,True,精研科技,False
2018-05-28,51.95,51.95,48.86,49.02,11764.0,57667128.0,51.95,51.95,48.86,49.02,True,精研科技,False
2018-05-29,49.0,50.61,48.6,49.75,8821.0,43884475.0,49.0,50.61,48.6,49.75,True,精研科技,False
2018-05-30,48.42,48.98,46.03,46.15,11762.0,54281630.0,48.42,48.98,46.03,46.15,True,精研科技,False
2018-05-31,46.32,47.42,46.32,46.73,5678.0,26533294.0,46.32,47.42,46.32,46.73,True,精研科技,False
2018-06-01,47.26,51.4,46.98,48.97,20445.0,100119165.0,47.26,51.4,46.98,48.97,True,精研科技,False
2018-06-04,49.1,52.5,49.1,51.67,21470.0,110935490.0,49.1,52.5,49.1,51.67,True,精研科技,False
2018-06-05,51.89,52.36,50.3,51.72,17052.0,88192944.0,51.89,52.36,50.3,51.72,True,精研科技,False
2018-06-06,51.3,53.06,51.08,51.74,17990.0,93080260.0,51.3,53.06,51.08,51.74,True,精研科技,False
2018-06-07,52.44,52.6,50.03,50.22,13668.0,68640696.0,52.44,52.6,50.03,50.22,True,精研科技,False
2018-06-08,49.0,51.3,49.0,51.0,11612.0,59221200.0,49.0,51.3,49.0,51.0,True,精研科技,False
2018-06-11,50.85,51.92,50.01,50.4,8631.0,43500240.0,50.85,51.92,50.01,50.4,True,精研科技,False
2018-06-12,50.44,51.33,49.0,51.16,10982.0,56183911.99999999,50.44,51.33,49.0,51.16,True,精研科技,False
2018-06-13,50.92,51.59,50.5,50.73,10734.0,54453582.0,50.92,51.59,50.5,50.73,True,精研科技,False
2018-06-14,51.43,54.8,51.06,52.74,30153.0,159026922.0,51.43,54.8,51.06,52.74,True,精研科技,False
2018-06-15,52.591,52.591,49.641,51.071,19854.0,100381824.0,52.08,52.08,49.13,50.56,True,精研科技,False
2018-06-19,48.521,49.011,46.011,46.011,12481.0,56788550.0,48.01,48.5,45.5,45.5,True,精研科技,False
2018-06-20,45.011,46.481,44.011,45.741,11828.0,53498044.0,44.5,45.97,43.5,45.23,True,精研科技,False
2018-06-21,45.351,45.961,41.221,41.221,18258.0,74328318.0,44.84,45.45,40.71,40.71,True,精研科技,False
2018-06-22,41.111,41.361,39.311,41.011,10164.0,41164200.0,40.6,40.85,38.8,40.5,True,精研科技,False
2018-06-25,41.391,41.861,40.211,40.311,8387.0,33380260.0,40.88,41.35,39.7,39.8,True,精研科技,False
2018-06-26,39.521,41.391,39.331,41.131,7844.0,31862328.0,39.01,40.88,38.82,40.62,True,精研科技,False
2018-06-27,40.801,42.011,40.801,41.681,8326.0,34278142.0,40.29,41.5,40.29,41.17,True,精研科技,False
2018-06-28,41.491,42.301,41.061,41.191,6811.0,27707148.0,40.98,41.79,40.55,40.68,True,精研科技,False
2018-06-29,41.901,42.891,40.621,42.441,10774.0,45175382.0,41.39,42.38,40.11,41.93,True,精研科技,False
2018-07-02,42.941,43.281,41.841,42.241,10848.0,45268704.0,42.43,42.77,41.33,41.73,True,精研科技,False
2018-07-03,42.311,43.291,41.661,43.291,9210.0,39400380.0,41.8,42.78,41.15,42.78,True,精研科技,False
2018-07-04,43.101,43.101,40.221,40.531,9706.0,38843412.0,42.59,42.59,39.71,40.02,True,精研科技,False
2018-07-05,40.621,41.211,39.391,39.501,6409.0,24988691.0,40.11,40.7,38.88,38.99,True,精研科技,False
2018-07-06,39.911,40.911,39.221,40.051,7388.0,29212152.0,39.4,40.4,38.71,39.54,True,精研科技,False
2018-07-09,40.111,40.911,40.091,40.881,5681.0,22934197.0,39.6,40.4,39.58,40.37,True,精研科技,False
2018-07-10,41.001,42.521,40.661,42.091,8857.0,36827406.0,40.49,42.01,40.15,41.58,True,精研科技,False
2018-07-11,42.511,45.591,42.111,43.671,26409.0,113981244.0,42.0,45.08,41.6,43.16,True,精研科技,False
2018-07-12,42.531,44.501,42.531,44.091,19790.0,86244820.0,42.02,43.99,42.02,43.58,True,精研科技,False
2018-07-13,42.401,42.741,41.041,41.551,24070.0,98783280.0,41.89,42.23,40.53,41.04,True,精研科技,False
2018-07-16,41.511,41.511,40.551,41.031,8488.0,34393376.0,41.0,41.0,40.04,40.52,True,精研科技,False
2018-07-17,40.801,41.491,40.571,41.411,6815.0,27873350.0,40.29,40.98,40.06,40.9,True,精研科技,False
2018-07-18,41.411,42.011,41.381,41.501,9398.0,38522402.0,40.9,41.5,40.87,40.99,True,精研科技,False
2018-07-19,41.311,41.541,40.141,40.331,7428.0,29578296.0,40.8,41.03,39.63,39.82,True,精研科技,False
2018-07-20,39.821,41.171,39.711,40.891,4995.0,20169810.0,39.31,40.66,39.2,40.38,True,精研科技,False
2018-07-23,40.591,40.941,40.131,40.811,5100.0,20553000.0,40.08,40.43,39.62,40.3,True,精研科技,False
2018-07-24,40.821,42.311,40.521,42.161,12218.0,50887970.0,40.31,41.8,40.01,41.65,True,精研科技,False
2018-07-25,41.601,42.001,41.221,41.251,10048.0,40935552.0,41.09,41.49,40.71,40.74,True,精研科技,False
2018-07-26,41.391,41.421,40.391,40.751,7853.0,31600472.0,40.88,40.91,39.88,40.24,True,精研科技,False
2018-07-27,42.311,42.311,40.821,40.931,9442.0,38164564.0,41.8,41.8,40.31,40.42,True,精研科技,False
2018-07-30,39.711,40.731,39.511,39.721,6100.0,23918100.0,39.2,40.22,39.0,39.21,True,精研科技,False
2018-07-31,39.691,40.191,39.621,39.991,2964.0,11701872.0,39.18,39.68,39.11,39.48,True,精研科技,False
2018-08-01,40.071,40.291,39.391,39.461,3776.0,14707520.000000002,39.56,39.78,38.88,38.95,True,精研科技,False
2018-08-02,39.261,39.711,35.571,36.511,9071.0,32655600.0,38.75,39.2,35.06,36.0,True,精研科技,False
2018-08-03,36.631,37.001,35.511,35.511,4442.0,15547000.0,36.12,36.49,35.0,35.0,True,精研科技,False
2018-08-06,35.501,35.501,34.171,34.231,5147.0,17355684.0,34.99,34.99,33.66,33.72,True,精研科技,False
2018-08-07,34.301,35.291,34.131,35.211,4729.0,16409630.000000002,33.79,34.78,33.62,34.7,True,精研科技,False
2018-08-08,34.901,35.191,33.001,33.421,6334.0,20845194.0,34.39,34.68,32.49,32.91,True,精研科技,False
2018-08-09,33.011,34.811,33.011,34.461,6173.0,20957335.0,32.5,34.3,32.5,33.95,True,精研科技,False
2018-08-10,34.311,36.131,34.311,35.501,8502.0,29748498.0,33.8,35.62,33.8,34.99,True,精研科技,False
2018-08-13,34.521,35.661,34.511,35.661,6457.0,22696355.0,34.01,35.15,34.0,35.15,True,精研科技,False
2018-08-14,36.261,36.921,35.061,35.571,5550.0,19458300.0,35.75,36.41,34.55,35.06,True,精研科技,False
2018-08-15,35.231,35.511,34.291,34.511,5086.0,17292400.0,34.72,35.0,33.78,34.0,True,精研科技,False
2018-08-16,34.011,34.891,33.661,34.591,4806.0,16378848.0,33.5,34.38,33.15,34.08,True,精研科技,False
2018-08-17,34.771,35.011,33.811,34.011,4408.0,14766800.0,34.26,34.5,33.3,33.5,True,精研科技,False
2018-08-20,33.811,34.201,33.111,33.961,4380.0,14651100.000000002,33.3,33.69,32.6,33.45,True,精研科技,False
2018-08-21,34.241,34.241,33.041,34.151,4723.0,15888172.0,33.73,33.73,32.53,33.64,True,精研科技,False
2018-08-22,34.171,34.171,33.241,33.301,4073.0,13355367.0,33.66,33.66,32.73,32.79,True,精研科技,False
2018-08-23,33.611,34.001,33.261,33.761,3916.0,13020700.0,33.1,33.49,32.75,33.25,True,精研科技,False
2018-08-24,34.411,37.011,34.411,34.531,11311.0,38480022.0,33.9,36.5,33.9,34.02,True,精研科技,False
2018-08-27,33.661,34.881,33.501,34.731,11079.0,37912338.0,33.15,34.37,32.99,34.22,True,精研科技,False
2018-08-28,34.501,34.671,34.161,34.311,6224.0,21037120.0,33.99,34.16,33.65,33.8,True,精研科技,False
2018-08-29,34.321,34.701,34.061,34.161,4580.0,15411700.0,33.81,34.19,33.55,33.65,True,精研科技,False
2018-08-30,34.261,34.451,33.111,33.111,4727.0,15410020.0,33.75,33.94,32.6,32.6,True,精研科技,False
2018-08-31,33.001,33.261,32.161,32.361,4798.0,15281630.0,32.49,32.75,31.65,31.85,True,精研科技,False
2018-09-03,32.461,32.461,31.331,31.861,4851.0,15207885.0,31.95,31.95,30.82,31.35,True,精研科技,False
2018-09-04,32.001,32.361,31.641,32.051,3311.0,10442894.0,31.49,31.85,31.13,31.54,True,精研科技,False
2018-09-05,32.141,32.321,31.671,31.721,3488.0,10886048.0,31.63,31.81,31.16,31.21,True,精研科技,False
2018-09-06,31.421,31.911,31.311,31.591,3418.0,10623144.0,30.91,31.4,30.8,31.08,True,精研科技,False
2018-09-07,31.841,32.291,31.441,31.891,4880.0,15313440.0,31.33,31.78,30.93,31.38,True,精研科技,False
2018-09-10,32.101,32.111,30.661,30.661,4024.0,12132360.0,31.59,31.6,30.15,30.15,True,精研科技,False
2018-09-11,30.511,31.131,30.311,30.841,3212.0,9741996.0,30.0,30.62,29.8,30.33,True,精研科技,False
2018-09-12,30.861,31.041,30.501,30.931,2908.0,8846136.0,30.35,30.53,29.99,30.42,True,精研科技,False
2018-09-13,30.911,31.491,30.701,31.201,3031.0,9302139.0,30.4,30.98,30.19,30.69,True,精研科技,False
2018-09-14,30.881,32.171,30.881,31.471,6517.0,20176632.0,30.37,31.66,30.37,30.96,True,精研科技,False
2018-09-17,31.461,31.461,30.311,30.311,3904.0,11633920.0,30.95,30.95,29.8,29.8,True,精研科技,False
2018-09-18,30.221,30.861,30.191,30.711,3270.0,9875400.0,29.71,30.35,29.68,30.2,True,精研科技,False
2018-09-19,30.711,31.161,30.331,30.921,4253.0,12933373.0,30.2,30.65,29.82,30.41,True,精研科技,False
2018-09-20,30.841,31.071,30.531,30.671,2876.0,8674016.0,30.33,30.56,30.02,30.16,True,精研科技,False
2018-09-21,30.861,31.061,30.531,30.961,3674.0,11187330.0,30.35,30.55,30.02,30.45,True,精研科技,False
2018-09-25,30.931,31.211,30.661,31.011,2601.0,7933050.0,30.42,30.7,30.15,30.5,True,精研科技,False
2018-09-26,31.011,31.191,30.721,30.911,3812.0,11588480.0,30.5,30.68,30.21,30.4,True,精研科技,False
2018-09-27,30.821,30.821,29.561,29.561,5023.0,14591815.0,30.31,30.31,29.05,29.05,True,精研科技,False
2018-09-28,29.411,30.271,29.411,29.991,2485.0,7325780.0,28.9,29.76,28.9,29.48,True,精研科技,False
2018-10-08,29.911,30.421,29.041,29.091,4142.0,11837836.0,29.4,29.91,28.53,28.58,True,精研科技,False
2018-10-09,29.781,29.781,29.091,29.231,2505.0,7194360.0,29.27,29.27,28.58,28.72,True,精研科技,False
2018-10-10,29.261,30.001,29.121,29.991,3871.0,11411708.0,28.75,29.49,28.61,29.48,True,精研科技,False
2018-10-11,28.841,29.291,27.041,27.041,6819.0,18090807.0,28.33,28.78,26.53,26.53,True,精研科技,False
2018-10-12,27.011,27.011,24.751,26.011,6218.0,15855900.0,26.5,26.5,24.24,25.5,True,精研科技,False
2018-10-15,25.981,26.611,25.691,25.691,3454.0,8697172.0,25.47,26.1,25.18,25.18,True,精研科技,False
2018-10-16,25.681,26.591,25.091,25.571,3974.0,9958844.0,25.17,26.08,24.58,25.06,True,精研科技,False
2018-10-17,25.981,26.101,25.331,25.991,4345.0,11071060.0,25.47,25.59,24.82,25.48,True,精研科技,False
2018-10-18,26.501,26.501,25.541,25.591,4297.0,10776876.0,25.99,25.99,25.03,25.08,True,精研科技,False
2018-10-19,25.091,26.251,24.641,26.211,4203.0,10801710.0,24.58,25.74,24.13,25.7,True,精研科技,False
2018-10-22,26.261,27.581,26.201,27.391,6210.0,16692480.0,25.75,27.07,25.69,26.88,True,精研科技,False
2018-10-23,27.481,27.491,26.591,26.781,4431.0,11640237.0,26.97,26.98,26.08,26.27,True,精研科技,False
2018-10-24,26.781,27.291,26.611,26.951,2709.0,7162596.0,26.27,26.78,26.1,26.44,True,精研科技,False
2018-10-25,26.401,26.401,25.771,26.211,3142.0,8074940.0,25.89,25.89,25.26,25.7,True,精研科技,False
2018-10-26,26.071,26.901,26.071,26.481,4014.0,10424358.0,25.56,26.39,25.56,25.97,True,精研科技,False
2018-10-29,26.781,26.781,26.091,26.131,3975.0,10183950.0,26.27,26.27,25.58,25.62,True,精研科技,False
2018-10-30,26.091,26.511,25.921,26.421,4583.0,11874553.0,25.58,26.0,25.41,25.91,True,精研科技,False
2018-10-31,26.591,26.881,26.361,26.711,6656.0,17438720.0,26.08,26.37,25.85,26.2,True,精研科技,False
2018-11-01,26.961,27.261,26.781,26.871,8483.0,22361188.0,26.45,26.75,26.27,26.36,True,精研科技,False
2018-11-02,27.281,27.591,27.031,27.501,10240.0,27637760.0,26.77,27.08,26.52,26.99,True,精研科技,False
2018-11-05,27.651,28.111,27.121,27.451,13694.0,36891636.0,27.14,27.6,26.61,26.94,True,精研科技,False
2018-11-06,26.911,27.211,26.491,26.961,6686.0,17684470.0,26.4,26.7,25.98,26.45,True,精研科技,False
2018-11-07,26.921,27.491,26.821,27.131,5801.0,15442262.0,26.41,26.98,26.31,26.62,True,精研科技,False
2018-11-08,27.211,27.411,26.791,26.861,5689.0,14990515.0,26.7,26.9,26.28,26.35,True,精研科技,False
2018-11-09,26.651,27.161,26.451,26.881,3123.0,8235351.0,26.14,26.65,25.94,26.37,True,精研科技,False
2018-11-12,26.881,28.171,26.751,27.991,8905.0,24470940.0,26.37,27.66,26.24,27.48,True,精研科技,False
2018-11-13,27.611,30.361,27.581,29.541,18597.0,53987091.0,27.1,29.85,27.07,29.03,True,精研科技,False
2018-11-14,29.671,29.671,28.811,28.951,10332.0,29384208.0,29.16,29.16,28.3,28.44,True,精研科技,False
2018-11-15,29.501,31.791,29.241,31.791,22733.0,71108824.0,28.99,31.28,28.73,31.28,True,精研科技,False
2018-11-16,32.891,33.391,31.671,31.701,29495.0,91994905.0,32.38,32.88,31.16,31.19,True,精研科技,False
2018-11-19,31.581,31.591,30.811,31.591,13781.0,42831348.0,31.07,31.08,30.3,31.08,True,精研科技,False
2018-11-20,31.171,31.881,30.491,30.491,11113.0,33316774.0,30.66,31.37,29.98,29.98,True,精研科技,False
2018-11-21,30.431,30.481,29.891,30.321,7852.0,23406812.0,29.92,29.97,29.38,29.81,True,精研科技,False
2018-11-22,30.711,31.661,30.511,31.161,13512.0,41414280.0,30.2,31.15,30.0,30.65,True,精研科技,False
2018-11-23,31.021,31.291,28.711,29.131,10674.0,30548988.0,30.51,30.78,28.2,28.62,True,精研科技,False
2018-11-26,28.561,30.011,28.301,28.541,7552.0,21168256.0,28.05,29.5,27.79,28.03,True,精研科技,False
2018-11-27,28.821,29.111,28.341,28.561,5345.0,14992725.0,28.31,28.6,27.83,28.05,True,精研科技,False
2018-11-28,28.511,29.451,28.121,29.411,7877.0,22764530.0,28.0,28.94,27.61,28.9,True,精研科技,False
2018-11-29,29.361,29.601,27.911,27.981,8538.0,23453886.0,28.85,29.09,27.4,27.47,True,精研科技,False
2018-11-30,28.061,28.271,27.091,28.141,6427.0,17757801.0,27.55,27.76,26.58,27.63,True,精研科技,False
2018-12-03,28.821,29.221,28.581,29.021,7666.0,21855766.0,28.31,28.71,28.07,28.51,True,精研科技,False
2018-12-04,29.181,29.181,28.571,29.111,7576.0,21667360.0,28.67,28.67,28.06,28.6,True,精研科技,False
2018-12-05,28.511,29.001,28.311,28.521,5773.0,16170173.0,28.0,28.49,27.8,28.01,True,精研科技,False
2018-12-06,28.441,28.851,28.021,28.021,4698.0,12924198.0,27.93,28.34,27.51,27.51,True,精研科技,False
2018-12-07,28.031,28.391,27.591,27.801,3873.0,10569417.0,27.52,27.88,27.08,27.29,True,精研科技,False
2018-12-10,27.551,27.691,27.101,27.251,3457.0,9244018.0,27.04,27.18,26.59,26.74,True,精研科技,False
2018-12-11,27.311,27.601,27.141,27.371,2669.0,7168934.0,26.8,27.09,26.63,26.86,True,精研科技,False
2018-12-12,27.631,27.631,27.251,27.341,2575.0,6908725.0,27.12,27.12,26.74,26.83,True,精研科技,False
2018-12-13,27.511,27.881,27.121,27.841,4816.0,13162128.0,27.0,27.37,26.61,27.33,True,精研科技,False
2018-12-14,27.911,27.911,26.771,26.861,4101.0,10806135.0,27.4,27.4,26.26,26.35,True,精研科技,False
2018-12-17,26.861,27.271,26.321,27.201,4813.0,12845897.0,26.35,26.76,25.81,26.69,True,精研科技,False
2018-12-18,27.011,27.261,26.811,27.071,2678.0,7112768.0,26.5,26.75,26.3,26.56,True,精研科技,False
2018-12-19,27.271,27.951,26.971,27.361,4619.0,12402015.0,26.76,27.44,26.46,26.85,True,精研科技,False
2018-12-20,27.431,27.431,26.491,27.061,4775.0,12677625.0,26.92,26.92,25.98,26.55,True,精研科技,False
2018-12-21,27.011,27.271,26.811,27.021,2730.0,7237230.0,26.5,26.76,26.3,26.51,True,精研科技,False
2018-12-24,26.821,27.941,26.821,27.701,4187.0,11384453.0,26.31,27.43,26.31,27.19,True,精研科技,False
2018-12-25,27.531,27.681,26.581,27.441,4988.0,13432684.0,27.02,27.17,26.07,26.93,True,精研科技,False
2018-12-26,27.691,28.121,27.491,27.641,5200.0,14107600.0,27.18,27.61,26.98,27.13,True,精研科技,False
2018-12-27,28.031,28.261,27.131,27.131,4590.0,12218580.0,27.52,27.75,26.62,26.62,True,精研科技,False
2018-12-28,27.111,27.331,26.761,26.901,3122.0,8238958.0,26.6,26.82,26.25,26.39,True,精研科技,False
2019-01-02,26.891,27.171,26.711,26.731,2259.0,5923098.0,26.38,26.66,26.2,26.22,True,精研科技,False
2019-01-03,26.811,27.161,26.561,26.681,2939.0,7691363.000000001,26.3,26.65,26.05,26.17,True,精研科技,False
2019-01-04,26.521,27.101,26.051,27.091,4505.0,11974290.0,26.01,26.59,25.54,26.58,True,精研科技,False
2019-01-07,27.271,27.651,27.151,27.521,4140.0,11182140.0,26.76,27.14,26.64,27.01,True,精研科技,False
2019-01-08,27.461,28.181,27.461,27.691,4141.0,11255238.0,26.95,27.67,26.95,27.18,True,精研科技,False
2019-01-09,27.911,27.981,27.311,27.361,6038.0,16212030.0,27.4,27.47,26.8,26.85,True,精研科技,False
2019-01-10,27.661,27.701,27.061,27.081,3995.0,10614715.0,27.15,27.19,26.55,26.57,True,精研科技,False
2019-01-11,27.071,27.651,27.021,27.651,4439.0,12047446.0,26.56,27.14,26.51,27.14,True,精研科技,False
2019-01-14,27.651,28.321,27.411,28.321,8761.0,24364341.0,27.14,27.81,26.9,27.81,True,精研科技,False
2019-01-15,28.231,28.261,27.871,27.941,8572.0,23512996.0,27.72,27.75,27.36,27.43,True,精研科技,False
2019-01-16,28.041,28.041,27.401,27.811,6376.0,17406480.0,27.53,27.53,26.89,27.3,True,精研科技,False
2019-01-17,27.761,27.771,26.901,26.921,5768.0,15233288.0,27.25,27.26,26.39,26.41,True,精研科技,False
2019-01-18,26.911,27.061,26.471,26.911,4799.0,12669360.0,26.4,26.55,25.96,26.4,True,精研科技,False
2019-01-21,26.901,27.501,26.721,27.271,3807.0,10187532.0,26.39,26.99,26.21,26.76,True,精研科技,False
2019-01-22,27.191,27.401,26.821,26.971,3325.0,8797950.0,26.68,26.89,26.31,26.46,True,精研科技,False
2019-01-23,26.821,27.201,26.811,27.061,2663.0,7070265.0,26.31,26.69,26.3,26.55,True,精研科技,False
2019-01-24,27.091,27.611,27.081,27.381,3610.0,9700070.0,26.58,27.1,26.57,26.87,True,精研科技,False
2019-01-25,27.291,27.491,27.041,27.111,3310.0,8804600.0,26.78,26.98,26.53,26.6,True,精研科技,False
2019-01-28,27.221,27.471,26.811,26.811,2845.0,7482350.0,26.71,26.96,26.3,26.3,True,精研科技,False
2019-01-29,26.811,26.861,25.381,25.561,4800.0,12024000.0,26.3,26.35,24.87,25.05,True,精研科技,False
2019-01-30,25.561,25.861,25.111,25.171,3117.0,7686522.0,25.05,25.35,24.6,24.66,True,精研科技,False
2019-01-31,25.191,25.501,24.511,24.611,4893.0,11792130.0,24.68,24.99,24.0,24.1,True,精研科技,False
2019-02-01,24.791,25.241,24.641,25.181,3235.0,7980745.000000001,24.28,24.73,24.13,24.67,True,精研科技,False
2019-02-11,25.171,26.041,25.171,26.011,3275.0,8351250.0,24.66,25.53,24.66,25.5,True,精研科技,False
2019-02-12,26.121,26.471,25.761,26.291,4664.0,12023792.0,25.61,25.96,25.25,25.78,True,精研科技,False
2019-02-13,26.491,28.871,26.491,28.871,10904.0,30923744.0,25.98,28.36,25.98,28.36,True,精研科技,False
2019-02-14,29.511,31.711,29.501,29.771,35943.0,105169218.0,29.0,31.2,28.99,29.26,True,精研科技,False
2019-02-15,29.411,29.871,28.991,28.991,21078.0,60030144.0,28.9,29.36,28.48,28.48,True,精研科技,False
2019-02-18,28.831,30.711,28.831,30.601,23821.0,71677389.0,28.32,30.2,28.32,30.09,True,精研科技,False
2019-02-19,31.101,31.101,29.691,30.211,19327.0,57401190.0,30.59,30.59,29.18,29.7,True,精研科技,False
2019-02-20,30.211,30.391,29.261,29.401,13584.0,39244176.0,29.7,29.88,28.75,28.89,True,精研科技,False
2019-02-21,29.451,30.461,29.231,29.551,12655.0,36750120.0,28.94,29.95,28.72,29.04,True,精研科技,False
2019-02-22,29.021,30.711,29.021,30.411,19949.0,59647510.0,28.51,30.2,28.51,29.9,True,精研科技,False
2019-02-25,31.611,33.401,30.931,33.401,27628.0,90868492.0,31.1,32.89,30.42,32.89,True,精研科技,False
2019-02-26,34.511,35.111,33.101,33.101,37590.0,122505810.0,34.0,34.6,32.59,32.59,True,精研科技,False
2019-02-27,32.511,32.701,31.831,32.101,19151.0,60498009.0,32.0,32.19,31.32,31.59,True,精研科技,False
2019-02-28,32.061,32.461,31.511,31.621,9532.0,29654052.0,31.55,31.95,31.0,31.11,True,精研科技,False
2019-03-01,31.451,32.391,31.451,32.161,7047.0,22303755.0,30.94,31.88,30.94,31.65,True,精研科技,False
2019-03-04,32.461,33.011,32.141,32.411,13035.0,41581650.0,31.95,32.5,31.63,31.9,True,精研科技,False
2019-03-05,32.111,33.111,31.811,33.111,9938.0,32397880.0,31.6,32.6,31.3,32.6,True,精研科技,False
2019-03-06,33.231,34.401,33.031,33.631,16101.0,53326511.99999999,32.72,33.89,32.52,33.12,True,精研科技,False
2019-03-07,33.531,34.171,33.171,33.791,15586.0,51870208.0,33.02,33.66,32.66,33.28,True,精研科技,False
2019-03-08,33.301,33.301,31.031,31.511,16740.0,51894000.0,32.79,32.79,30.52,31.0,True,精研科技,False
2019-03-11,31.621,33.011,31.621,32.921,10893.0,35304213.0,31.11,32.5,31.11,32.41,True,精研科技,False
2019-03-12,33.021,35.301,33.021,35.211,30316.0,105196520.0,32.51,34.79,32.51,34.7,True,精研科技,False
2019-03-13,35.211,35.211,33.091,33.311,15714.0,51541919.99999999,34.7,34.7,32.58,32.8,True,精研科技,False
2019-03-14,33.211,33.931,32.211,32.221,11664.0,36986544.0,32.7,33.42,31.7,31.71,True,精研科技,False
2019-03-15,32.321,34.001,32.221,33.961,12657.0,42337665.0,31.81,33.49,31.71,33.45,True,精研科技,False
2019-03-18,33.611,35.821,33.611,35.631,21631.0,75968072.0,33.1,35.31,33.1,35.12,True,精研科技,False
2019-03-19,36.511,39.141,36.511,38.841,54025.0,207077825.0,36.0,38.63,36.0,38.33,True,精研科技,False
2019-03-20,38.631,42.521,38.331,40.061,42402.0,167699910.0,38.12,42.01,37.82,39.55,True,精研科技,False
2019-03-21,39.911,40.411,38.521,38.931,18159.0,69766878.0,39.4,39.9,38.01,38.42,True,精研科技,False
2019-03-22,40.891,42.771,38.691,42.771,39098.0,165228148.0,40.38,42.26,38.18,42.26,True,精研科技,False
2019-03-25,42.841,47.001,42.841,47.001,32469.0,150948381.0,42.33,46.49,42.33,46.49,True,精研科技,False
2019-03-26,46.521,48.451,42.411,42.521,31077.0,130554477.0,46.01,47.94,41.9,42.01,True,精研科技,False
2019-03-27,44.311,46.011,42.531,43.531,28964.0,124603128.0,43.8,45.5,42.02,43.02,True,精研科技,False
2019-03-28,44.951,45.091,40.711,40.921,24883.0,100552203.0,44.44,44.58,40.2,40.41,True,精研科技,False
2019-03-29,42.481,44.911,41.711,44.711,24843.0,109806060.0,41.97,44.4,41.2,44.2,True,精研科技,False
2019-04-01,44.921,49.131,44.921,49.131,26452.0,128609624.0,44.41,48.62,44.41,48.62,True,精研科技,False
2019-04-02,50.161,50.311,47.011,48.651,32981.0,158770534.0,49.65,49.8,46.5,48.14,True,精研科技,False
2019-04-03,48.841,53.461,47.981,53.211,36787.0,193867490.0,48.33,52.95,47.47,52.7,True,精研科技,False
2019-04-04,52.021,53.011,50.521,51.811,19857.0,101866410.0,51.51,52.5,50.01,51.3,True,精研科技,False
2019-04-08,51.821,52.481,47.391,47.571,22120.0,104096720.0,51.31,51.97,46.88,47.06,True,精研科技,False
2019-04-09,48.981,48.981,46.851,47.701,17255.0,81426345.0,48.47,48.47,46.34,47.19,True,精研科技,False
2019-04-10,47.311,47.611,45.771,46.601,10423.0,48039607.0,46.8,47.1,45.26,46.09,True,精研科技,False
2019-04-11,46.491,46.491,44.631,45.401,15557.0,69835373.0,45.98,45.98,44.12,44.89,True,精研科技,False
2019-04-12,46.061,46.911,45.011,45.531,9281.0,41783062.0,45.55,46.4,44.5,45.02,True,精研科技,False
2019-04-15,46.481,46.641,44.111,44.141,14031.0,61217253.0,45.97,46.13,43.6,43.63,True,精研科技,False
2019-04-16,43.511,45.611,43.131,44.461,12536.0,55095720.0,43.0,45.1,42.62,43.95,True,精研科技,False
2019-04-17,45.011,47.711,44.391,46.711,27158.0,125469960.0,44.5,47.2,43.88,46.2,True,精研科技,False
2019-04-18,45.911,49.011,45.201,47.691,20619.0,97280442.0,45.4,48.5,44.69,47.18,True,精研科技,False
2019-04-19,47.501,48.391,46.411,47.431,10608.0,49772736.0,46.99,47.88,45.9,46.92,True,精研科技,False
2019-04-22,46.861,47.701,45.541,47.461,11498.0,53983110.0,46.35,47.19,45.03,46.95,True,精研科技,False
2019-04-23,46.571,48.581,46.561,47.471,11144.0,52332224.0,46.06,48.07,46.05,46.96,True,精研科技,False
2019-04-24,47.471,48.511,46.711,47.511,6112.0,28726400.0,46.96,48.0,46.2,47.0,True,精研科技,False
2019-04-25,48.001,49.951,47.511,48.561,20453.0,98276665.0,47.49,49.44,47.0,48.05,True,精研科技,False
2019-04-26,47.501,49.291,45.221,45.251,11474.0,51334676.0,46.99,48.78,44.71,44.74,True,精研科技,False
2019-04-29,45.381,47.011,44.511,44.801,12108.0,53626332.0,44.87,46.5,44.0,44.29,True,精研科技,False
2019-04-30,44.411,46.511,42.711,44.861,12551.0,55663685.0,43.9,46.0,42.2,44.35,True,精研科技,False
2019-05-06,43.371,43.371,40.431,40.431,12807.0,51125544.0,42.86,42.86,39.92,39.92,True,精研科技,False
2019-05-07,41.401,43.011,40.511,41.781,9105.0,37576335.0,40.89,42.5,40.0,41.27,True,精研科技,False
2019-05-08,40.621,42.671,39.981,41.041,11716.0,47484948.0,40.11,42.16,39.47,40.53,True,精研科技,False
2019-05-09,41.331,41.491,40.321,40.731,6043.0,24304946.0,40.82,40.98,39.81,40.22,True,精研科技,False
2019-05-10,41.301,42.031,39.791,41.701,13154.0,54181326.0,40.79,41.52,39.28,41.19,True,精研科技,False
2019-05-13,41.051,42.231,40.511,40.981,4726.0,19126122.0,40.54,41.72,40.0,40.47,True,精研科技,False
2019-05-14,40.011,41.791,39.901,41.191,4651.0,18920268.0,39.5,41.28,39.39,40.68,True,精研科技,False
2019-05-15,42.201,42.201,40.611,41.181,5030.0,20457010.0,41.69,41.69,40.1,40.67,True,精研科技,False
2019-05-16,40.721,41.261,40.051,40.381,4919.0,19612053.0,40.21,40.75,39.54,39.87,True,精研科技,False
2019-05-17,40.411,40.901,36.391,38.811,5964.0,22842120.0,39.9,40.39,35.88,38.3,True,精研科技,False
2019-05-20,37.861,38.361,35.511,36.781,9044.0,32802588.000000004,37.35,37.85,35.0,36.27,True,精研科技,False
2019-05-21,34.811,39.961,34.811,39.861,13199.0,51938065.0,34.3,39.45,34.3,39.35,True,精研科技,False
2019-05-22,40.591,41.611,39.811,40.921,8713.0,35209233.0,40.08,41.1,39.3,40.41,True,精研科技,False
2019-05-23,40.921,44.461,40.221,42.781,16942.0,71613834.0,40.41,43.95,39.71,42.27,True,精研科技,False
2019-05-24,42.741,44.111,42.561,43.781,8194.0,35455438.0,42.23,43.6,42.05,43.27,True,精研科技,False
2019-05-27,44.601,45.701,42.901,44.311,9531.0,41745780.0,44.09,45.19,42.39,43.8,True,精研科技,False
2019-05-28,44.001,45.771,43.861,44.851,7883.0,34953222.0,43.49,45.26,43.35,44.34,True,精研科技,False
2019-05-29,44.321,46.481,44.321,45.741,8551.0,38676173.0,43.81,45.97,43.81,45.23,True,精研科技,False
2019-05-30,45.631,47.171,44.561,46.211,7014.0,32053980.000000004,45.12,46.66,44.05,45.7,True,精研科技,False
2019-05-31,46.301,48.171,46.301,47.711,9880.0,46633600.0,45.79,47.66,45.79,47.2,True,精研科技,False
2019-06-03,47.281,48.471,46.761,47.321,8046.0,37663326.0,46.77,47.96,46.25,46.81,True,精研科技,False
2019-06-04,47.301,47.781,45.911,47.231,6945.0,32447040.0,46.79,47.27,45.4,46.72,True,精研科技,False
2019-06-05,47.231,48.301,45.431,46.081,5117.0,23261882.0,46.61,47.68,44.81,45.46,True,精研科技,False
2019-06-06,45.741,47.491,44.681,46.441,9955.0,45613810.0,45.12,46.87,44.06,45.82,True,精研科技,False
2019-06-10,44.921,47.821,44.921,45.761,5824.0,26289536.0,44.3,47.2,44.3,45.14,True,精研科技,False
2019-06-11,46.521,48.601,45.121,48.601,8780.0,42126440.0,45.9,47.98,44.5,47.98,True,精研科技,False
2019-06-12,48.611,49.471,47.441,48.111,6221.0,29543529.0,47.99,48.85,46.82,47.49,True,精研科技,False
2019-06-13,48.111,48.611,46.421,47.921,6055.0,28640150.0,47.49,47.99,45.8,47.3,True,精研科技,False
2019-06-14,47.831,47.831,45.891,46.571,3736.0,17166920.0,47.21,47.21,45.27,45.95,True,精研科技,False
2019-06-17,46.571,47.031,44.621,45.941,3311.0,15005452.0,45.95,46.41,44.0,45.32,True,精研科技,False
2019-06-18,46.221,46.221,45.041,45.581,2916.0,13110336.0,45.6,45.6,44.42,44.96,True,精研科技,False
2019-06-19,47.541,47.541,44.631,46.011,3268.0,14833452.0,46.92,46.92,44.01,45.39,True,精研科技,False
2019-06-20,45.121,46.621,44.701,45.741,4063.0,18332256.0,44.5,46.0,44.08,45.12,True,精研科技,False
2019-06-21,46.191,49.101,45.581,48.521,8150.0,39038500.0,45.57,48.48,44.96,47.9,True,精研科技,False
2019-06-24,48.381,49.381,47.651,48.321,3236.0,15435720.0,47.76,48.76,47.03,47.7,True,精研科技,False
2019-06-25,47.531,48.491,46.921,47.901,3780.0,17871840.0,46.91,47.87,46.3,47.28,True,精研科技,False
2019-06-26,47.101,48.821,47.101,47.561,3179.0,14922226.0,46.48,48.2,46.48,46.94,True,精研科技,False
2019-06-27,48.121,50.121,47.121,48.621,8086.0,38812800.0,47.5,49.5,46.5,48.0,True,精研科技,False
2019-06-28,49.221,49.311,47.941,48.961,4176.0,20186784.0,48.6,48.69,47.32,48.34,True,精研科技,False
2019-07-01,49.121,51.121,48.961,49.351,12076.0,58846347.99999999,48.5,50.5,48.34,48.73,True,精研科技,False
2019-07-02,49.301,51.561,48.121,51.311,7968.0,40389792.0,48.68,50.94,47.5,50.69,True,精研科技,False
2019-07-03,51.161,52.511,50.231,50.941,11066.0,55684112.0,50.54,51.89,49.61,50.32,True,精研科技,False
2019-07-04,50.741,52.501,50.631,51.191,4875.0,24652875.0,50.12,51.88,50.01,50.57,True,精研科技,False
2019-07-05,51.721,53.321,50.981,53.021,5829.0,30543960.0,51.1,52.7,50.36,52.4,True,精研科技,False
2019-07-08,53.071,53.421,50.471,52.031,5764.0,29632724.0,52.45,52.8,49.85,51.41,True,精研科技,False
2019-07-09,51.721,52.071,50.781,51.671,2503.0,12777815.0,51.1,51.45,50.16,51.05,True,精研科技,False
2019-07-10,51.121,56.781,50.921,56.051,24391.0,135199313.0,50.5,56.16,50.3,55.43,True,精研科技,False
2019-07-11,56.441,56.501,53.621,55.531,8120.0,44586920.0,55.82,55.88,53.0,54.91,True,精研科技,False
2019-07-12,54.841,58.081,54.841,56.391,8971.0,50031267.0,54.22,57.46,54.22,55.77,True,精研科技,False
2019-07-15,55.401,55.921,50.811,52.611,19094.0,99269706.0,54.78,55.3,50.19,51.99,True,精研科技,False
2019-07-16,52.591,53.081,51.221,52.471,8679.0,45000615.0,51.97,52.46,50.6,51.85,True,精研科技,False
2019-07-17,52.471,55.711,51.621,54.601,8168.0,44090864.0,51.85,55.09,51.0,53.98,True,精研科技,False
2019-07-18,54.371,54.521,52.271,53.271,8121.0,42757065.0,53.75,53.9,51.65,52.65,True,精研科技,False
2019-07-19,53.321,53.911,52.521,53.601,4515.0,23920470.0,52.7,53.29,51.9,52.98,True,精研科技,False
2019-07-22,53.621,54.821,50.931,51.421,6460.0,32816800.0,53.0,54.2,50.31,50.8,True,精研科技,False
2019-07-23,50.621,52.321,50.621,51.381,4132.0,20974032.0,50.0,51.7,50.0,50.76,True,精研科技,False
2019-07-24,51.621,53.141,50.681,52.281,6240.0,32235840.0,51.0,52.52,50.06,51.66,True,精研科技,False
2019-07-25,52.221,54.521,51.641,54.421,7654.0,41178520.0,51.6,53.9,51.02,53.8,True,精研科技,False
2019-07-26,53.621,54.411,52.731,53.651,8014.0,42498242.0,53.0,53.79,52.11,53.03,True,精研科技,False
2019-07-29,55.221,55.221,52.021,52.051,4533.0,23313219.0,54.6,54.6,51.4,51.43,True,精研科技,False
2019-07-30,52.051,52.921,51.291,51.881,6827.0,34995202.0,51.43,52.3,50.67,51.26,True,精研科技,False
2019-07-31,51.921,52.021,51.321,51.751,2965.0,15160045.0,51.3,51.4,50.7,51.13,True,精研科技,False
2019-08-01,51.621,52.241,51.121,51.491,4394.0,22352278.0,51.0,51.62,50.5,50.87,True,精研科技,False
2019-08-02,49.761,51.311,49.501,50.961,6356.0,31996104.000000004,49.14,50.69,48.88,50.34,True,精研科技,False
2019-08-05,51.561,52.201,50.001,51.121,4579.0,23123950.0,50.94,51.58,49.38,50.5,True,精研科技,False
2019-08-06,49.951,50.941,48.631,50.531,5515.0,27525365.0,49.33,50.32,48.01,49.91,True,精研科技,False
2019-08-07,51.561,51.561,50.031,50.371,4053.0,20163675.0,50.94,50.94,49.41,49.75,True,精研科技,False
2019-08-08,50.991,51.101,50.491,50.921,2500.0,12575000.0,50.37,50.48,49.87,50.3,True,精研科技,False
2019-08-09,50.921,55.951,50.921,55.951,35486.0,196344038.0,50.3,55.33,50.3,55.33,True,精研科技,False
2019-08-12,57.661,61.481,57.131,60.351,28089.0,167775597.0,57.04,60.86,56.51,59.73,True,精研科技,False
2019-08-13,58.621,62.221,58.621,61.321,16559.0,100513130.0,58.0,61.6,58.0,60.7,True,精研科技,False
2019-08-14,63.621,64.471,60.751,62.011,19465.0,119495635.0,63.0,63.85,60.13,61.39,True,精研科技,False
2019-08-15,60.161,68.151,60.161,68.151,27246.0,183992238.0,59.54,67.53,59.54,67.53,True,精研科技,False
2019-08-16,68.621,71.121,66.171,68.151,19396.0,130981188.0,68.0,70.5,65.55,67.53,True,精研科技,False
2019-08-19,69.711,69.711,66.721,68.621,19497.0,132579600.0,69.09,69.09,66.1,68.0,True,精研科技,False
2019-08-20,68.811,73.521,66.121,66.621,27266.0,179955600.0,68.19,72.9,65.5,66.0,True,精研科技,False
2019-08-21,67.481,70.421,65.621,69.521,27125.0,186891250.00000003,66.86,69.8,65.0,68.9,True,精研科技,False
2019-08-22,68.221,71.911,67.851,70.421,18065.0,126093700.0,67.6,71.29,67.23,69.8,True,精研科技,False
2019-08-23,71.831,76.121,71.621,73.491,25344.0,184681728.0,71.21,75.5,71.0,72.87,True,精研科技,False
2019-08-26,72.981,74.941,71.431,72.721,19936.0,143738560.0,72.36,74.32,70.81,72.1,True,精研科技,False
2019-08-27,72.751,74.501,70.441,71.341,19221.0,135930912.0,72.13,73.88,69.82,70.72,True,精研科技,False
2019-08-28,71.341,72.211,69.621,69.851,14770.0,102252710.0,70.72,71.59,69.0,69.23,True,精研科技,False
2019-08-29,70.751,72.351,68.881,70.201,14256.0,99193248.0,70.13,71.73,68.26,69.58,True,精研科技,False
2019-08-30,70.871,71.921,66.621,69.161,20306.0,139177324.0,70.25,71.3,66.0,68.54,True,精研科技,False
2019-09-02,68.931,70.681,67.661,69.981,17517.0,121497912.0,68.31,70.06,67.04,69.36,True,精研科技,False
2019-09-03,69.281,71.111,68.621,69.871,17096.0,118389800.0,68.66,70.49,68.0,69.25,True,精研科技,False
2019-09-04,69.891,74.621,69.891,72.291,31623.0,226642041.0,69.27,74.0,69.27,71.67,True,精研科技,False
2019-09-05,72.221,75.101,71.111,73.721,25163.0,183941530.0,71.6,74.48,70.49,73.1,True,精研科技,False
2019-09-06,72.621,74.091,70.441,72.571,14838.0,106759410.0,72.0,73.47,69.82,71.95,True,精研科技,False
2019-09-09,72.721,72.721,70.721,72.061,16841.0,120312104.0,72.1,72.1,70.1,71.44,True,精研科技,False
2019-09-10,72.471,74.421,70.751,71.181,14585.0,102911760.0,71.85,73.8,70.13,70.56,True,精研科技,False
2019-09-11,71.651,75.611,70.851,72.251,25658.0,183788254.0,71.03,74.99,70.23,71.63,True,精研科技,False
2019-09-12,71.131,75.191,69.331,70.641,16790.0,117563580.0,70.51,74.57,68.71,70.02,True,精研科技,False
2019-09-16,70.621,73.121,67.631,72.801,26299.0,189826182.00000003,70.0,72.5,67.01,72.18,True,精研科技,False
2019-09-17,70.711,72.621,65.581,65.581,30558.0,198504768.0,70.09,72.0,64.96,64.96,True,精研科技,False
2019-09-18,65.751,69.111,65.521,68.211,22959.0,155179881.0,65.13,68.49,64.9,67.59,True,精研科技,False
2019-09-19,67.331,68.511,66.521,67.921,16103.0,108373190.0,66.71,67.89,65.9,67.3,True,精研科技,False
2019-09-20,69.321,69.321,61.191,63.621,59977.0,377855100.0,68.7,68.7,60.57,63.0,True,精研科技,False
2019-09-23,63.321,66.011,62.471,64.791,40438.0,259490646.0,62.7,65.39,61.85,64.17,True,精研科技,False
2019-09-24,66.521,66.521,62.931,63.121,28109.0,175681250.0,65.9,65.9,62.31,62.5,True,精研科技,False
2019-09-25,63.511,63.601,61.291,62.241,21388.0,131792856.0,62.89,62.98,60.67,61.62,True,精研科技,False
2019-09-26,62.361,63.071,58.931,59.621,17656.0,104170400.0,61.74,62.45,58.31,59.0,True,精研科技,False
2019-09-27,59.301,60.781,58.961,59.221,15900.0,93174000.0,58.68,60.16,58.34,58.6,True,精研科技,False
2019-09-30,58.921,61.441,58.121,58.931,15711.0,91610841.0,58.3,60.82,57.5,58.31,True,精研科技,False
2019-10-08,58.621,60.221,58.021,58.551,17675.0,102391275.0,58.0,59.6,57.4,57.93,True,精研科技,False
2019-10-09,57.111,59.731,56.761,59.371,14036.0,82461500.0,56.49,59.11,56.14,58.75,True,精研科技,False
2019-10-10,59.121,60.811,58.651,60.481,17327.0,103719422.0,58.5,60.19,58.03,59.86,True,精研科技,False
2019-10-11,60.421,60.601,58.181,58.561,20227.0,117195238.0,59.8,59.98,57.56,57.94,True,精研科技,False
2019-10-14,58.931,64.321,58.931,61.581,31040.0,189219840.0,58.31,63.7,58.31,60.96,True,精研科技,False
2019-10-15,61.041,62.001,58.801,59.211,16828.0,98595252.0,60.42,61.38,58.18,58.59,True,精研科技,False
2019-10-16,59.811,60.321,58.071,58.501,15771.0,91282548.0,59.19,59.7,57.45,57.88,True,精研科技,False
2019-10-17,59.111,59.311,57.921,58.671,10907.0,63315135.0,58.49,58.69,57.3,58.05,True,精研科技,False
2019-10-18,58.541,59.171,56.911,57.051,14760.0,83290680.0,57.92,58.55,56.29,56.43,True,精研科技,False
2019-10-21,57.041,58.221,55.621,57.841,13277.0,75970994.0,56.42,57.6,55.0,57.22,True,精研科技,False
2019-10-22,58.221,60.201,57.741,59.521,16432.0,96784480.0,57.6,59.58,57.12,58.9,True,精研科技,False
2019-10-23,59.911,60.021,57.121,57.521,14518.0,82607420.0,59.29,59.4,56.5,56.9,True,精研科技,False
2019-10-24,57.841,58.221,56.131,57.001,9748.0,54959224.0,57.22,57.6,55.51,56.38,True,精研科技,False
2019-10-25,57.111,62.441,56.711,61.441,28534.0,173543788.0,56.49,61.82,56.09,60.82,True,精研科技,False
2019-10-28,61.621,61.621,58.621,60.401,27016.0,161501648.0,61.0,61.0,58.0,59.78,True,精研科技,False
2019-10-29,61.621,63.001,59.921,60.391,30646.0,183171142.0,61.0,62.38,59.3,59.77,True,精研科技,False
2019-10-30,59.901,61.541,59.261,61.271,21661.0,131373965.0,59.28,60.92,58.64,60.65,True,精研科技,False
2019-10-31,60.791,62.481,60.431,60.431,19513.0,116707253.0,60.17,61.86,59.81,59.81,True,精研科技,False
2019-11-01,59.921,61.601,59.741,60.911,14274.0,86057946.0,59.3,60.98,59.12,60.29,True,精研科技,False
2019-11-04,61.001,66.781,61.001,65.411,33181.0,214979699.00000003,60.38,66.16,60.38,64.79,True,精研科技,False
2019-11-05,65.311,66.721,64.621,66.321,22618.0,148600260.0,64.69,66.1,64.0,65.7,True,精研科技,False
2019-11-06,67.071,67.491,65.791,66.521,19413.0,127931670.0,66.45,66.87,65.17,65.9,True,精研科技,False
2019-11-07,64.121,66.591,63.521,66.151,21820.0,142986460.0,63.5,65.97,62.9,65.53,True,精研科技,False
2019-11-08,66.181,72.081,66.121,70.791,31955.0,224228235.0,65.56,71.46,65.5,70.17,True,精研科技,False
2019-11-11,70.541,73.121,69.301,70.921,23330.0,164009900.0,69.92,72.5,68.68,70.3,True,精研科技,False
2019-11-12,69.951,71.821,65.821,68.891,28197.0,192500919.0,69.33,71.2,65.2,68.27,True,精研科技,False
2019-11-13,69.591,73.271,67.681,72.271,33647.0,241080755.00000003,68.97,72.65,67.06,71.65,True,精研科技,False
2019-11-14,72.021,76.331,72.021,75.221,40032.0,298638720.0,71.4,75.71,71.4,74.6,True,精研科技,False
2019-11-15,80.621,82.681,78.951,82.681,65720.0,539298320.0,80.0,82.06,78.33,82.06,True,精研科技,False
2019-11-18,88.121,90.621,79.921,81.321,73844.0,595921080.0,87.5,90.0,79.3,80.7,True,精研科技,False
2019-11-19,83.551,87.351,81.321,84.621,53664.0,450777600.0,82.93,86.73,80.7,84.0,True,精研科技,False
2019-11-20,83.141,85.391,80.951,82.631,43955.0,360474955.0,82.52,84.77,80.33,82.01,True,精研科技,False
2019-11-21,82.611,82.621,79.621,80.571,30129.0,240881355.0,81.99,82.0,79.0,79.95,True,精研科技,False
2019-11-22,81.401,82.601,77.421,80.021,35311.0,280369340.0,80.78,81.98,76.8,79.4,True,精研科技,False
2019-11-25,78.601,82.101,76.321,78.971,24778.0,194135630.0,77.98,81.48,75.7,78.35,True,精研科技,False
2019-11-26,79.621,81.121,76.791,78.381,23885.0,185729760.0,79.0,80.5,76.17,77.76,True,精研科技,False
2019-11-27,77.431,82.901,76.821,81.001,22698.0,182446524.0,76.81,82.28,76.2,80.38,True,精研科技,False
2019-11-28,80.481,81.621,78.681,79.441,15112.0,119112784.0,79.86,81.0,78.06,78.82,True,精研科技,False
2019-11-29,80.411,80.691,78.641,79.701,11348.0,89739984.0,79.79,80.07,78.02,79.08,True,精研科技,False
2019-12-02,80.041,81.871,78.621,81.121,16183.0,130273150.0,79.42,81.25,78.0,80.5,True,精研科技,False
2019-12-03,80.661,85.111,79.711,83.821,24538.0,204156160.0,80.04,84.49,79.09,83.2,True,精研科技,False
2019-12-04,83.141,84.201,82.701,83.931,15549.0,129538719.0,82.52,83.58,82.08,83.31,True,精研科技,False
2019-12-05,83.561,85.571,83.411,85.571,17630.0,149766850.0,82.94,84.95,82.79,84.95,True,精研科技,False
2019-12-06,86.461,90.301,84.811,89.821,28442.0,253702640.0,85.84,89.68,84.19,89.2,True,精研科技,False
2019-12-09,90.121,95.201,89.591,92.221,36110.0,330767600.0,89.5,94.58,88.97,91.6,True,精研科技,False
2019-12-10,90.621,95.201,89.661,93.341,22705.0,210520760.0,90.0,94.58,89.04,92.72,True,精研科技,False
2019-12-11,94.121,99.351,92.121,98.771,42175.0,413947625.0,93.5,98.73,91.5,98.15,True,精研科技,False
2019-12-12,97.031,103.621,95.701,99.001,32434.0,319085692.0,96.41,103.0,95.08,98.38,True,精研科技,False
2019-12-13,100.621,101.121,97.221,100.061,18110.0,180085840.0,100.0,100.5,96.6,99.44,True,精研科技,False
2019-12-16,100.431,104.501,98.561,101.511,24571.0,247896819.0,99.81,103.88,97.94,100.89,True,精研科技,False
2019-12-17,101.511,110.241,101.141,107.921,39982.0,429006860.0,100.89,109.62,100.52,107.3,True,精研科技,False
2019-12-18,106.191,109.511,105.221,106.761,24211.0,256975554.0,105.57,108.89,104.6,106.14,True,精研科技,False
2019-12-19,107.621,107.621,101.791,103.751,24295.0,250554335.0,107.0,107.0,101.17,103.13,True,精研科技,False
2019-12-20,104.951,106.501,100.631,103.801,12595.0,129955210.0,104.33,105.88,100.01,103.18,True,精研科技,False
2019-12-23,99.141,103.581,99.141,101.421,20923.0,210903840.0,98.52,102.96,98.52,100.8,True,精研科技,False
2019-12-24,102.191,110.221,101.041,109.121,20267.0,219896950.0,101.57,109.6,100.42,108.5,True,精研科技,False
2019-12-25,113.611,114.101,101.221,102.871,63281.0,647048225.0,112.99,113.48,100.6,102.25,True,精研科技,False
2019-12-26,101.721,107.551,101.621,105.621,29655.0,311377500.0,101.1,106.93,101.0,105.0,True,精研科技,False
2019-12-27,105.281,107.621,100.391,100.601,24769.0,247640462.0,104.66,107.0,99.77,99.98,True,精研科技,False
2019-12-30,101.121,103.411,97.471,101.821,21282.0,215373840.0,100.5,102.79,96.85,101.2,True,精研科技,False
2019-12-31,101.781,102.521,97.451,98.271,25921.0,253118565.0,101.16,101.9,96.83,97.65,True,精研科技,False
2020-01-02,98.621,105.321,97.851,103.221,26452.0,271397520.0,98.0,104.7,97.23,102.6,True,精研科技,False
2020-01-03,103.561,107.691,100.501,101.701,23985.0,242440380.0,102.94,107.07,99.88,101.08,True,精研科技,False
2020-01-06,102.541,104.621,98.421,101.621,16899.0,170679900.0,101.92,104.0,97.8,101.0,True,精研科技,False
2020-01-07,101.621,102.601,99.491,101.281,17839.0,179567374.0,101.0,101.98,98.87,100.66,True,精研科技,False
2020-01-08,100.021,102.111,99.121,100.021,19589.0,194714660.0,99.4,101.49,98.5,99.4,True,精研科技,False
2020-01-09,100.021,104.451,100.021,103.921,22029.0,227559570.0,99.4,103.83,99.4,103.3,True,精研科技,False
2020-01-10,103.191,108.151,101.101,106.121,27513.0,290262150.0,102.57,107.53,100.48,105.5,True,精研科技,False
2020-01-13,106.301,115.621,105.661,113.521,25114.0,283537060.0,105.68,115.0,105.04,112.9,True,精研科技,False
2020-01-14,114.621,117.281,111.621,113.761,20798.0,235308572.0,114.0,116.66,111.0,113.14,True,精研科技,False
2020-01-15,113.641,115.421,109.021,113.741,16564.0,187371968.0,113.02,114.8,108.4,113.12,True,精研科技,False
2020-01-16,113.751,124.621,112.971,124.601,29662.0,367749476.0,113.13,124.0,112.35,123.98,True,精研科技,False
2020-01-17,123.761,123.761,114.621,117.321,33009.0,385215030.0,123.14,123.14,114.0,116.7,True,精研科技,False
2020-01-20,115.651,118.911,112.121,114.971,17279.0,197585365.0,115.03,118.29,111.5,114.35,True,精研科技,False
2020-01-21,115.941,117.531,113.521,115.971,12039.0,138869865.0,115.32,116.91,112.9,115.35,True,精研科技,False
2020-01-22,114.591,119.421,111.031,118.481,14648.0,172641328.0,113.97,118.8,110.41,117.86,True,精研科技,False
2020-01-23,119.611,119.611,108.331,110.221,24606.0,269681760.0,118.99,118.99,107.71,109.6,True,精研科技,False
2020-02-03,99.261,99.261,99.261,99.261,1547.0,15259608.0,98.64,98.64,98.64,98.64,True,精研科技,False
2020-02-04,89.401,109.121,89.401,107.841,41480.0,444748560.0,88.78,108.5,88.78,107.22,True,精研科技,False
2020-02-05,109.271,115.971,107.301,110.751,31221.0,343836873.0,108.65,115.35,106.68,110.13,True,精研科技,False
2020-02-06,107.761,118.121,107.641,116.341,31931.0,369505532.0,107.14,117.5,107.02,115.72,True,精研科技,False
2020-02-07,115.621,116.021,109.981,114.241,21854.0,248305148.0,115.0,115.4,109.36,113.62,True,精研科技,False
2020-02-10,112.621,113.821,107.521,110.911,25972.0,286445188.0,112.0,113.2,106.9,110.29,True,精研科技,False
2020-02-11,114.561,118.981,110.911,116.321,34758.0,402150060.0,113.94,118.36,110.29,115.7,True,精研科技,False
2020-02-12,115.571,118.621,114.601,116.501,20516.0,237739408.0,114.95,118.0,113.98,115.88,True,精研科技,False
2020-02-13,116.911,119.411,113.021,117.721,20966.0,245511860.0,116.29,118.79,112.4,117.1,True,精研科技,False
2020-02-14,118.111,118.321,112.301,114.221,17215.0,195562400.0,117.49,117.7,111.68,113.6,True,精研科技,False
2020-02-17,115.311,124.621,113.261,121.261,25924.0,312747136.0,114.69,124.0,112.64,120.64,True,精研科技,False
2020-02-18,120.231,129.211,118.821,126.751,24794.0,312726722.0,119.61,128.59,118.2,126.13,True,精研科技,False
2020-02-19,126.471,130.201,122.131,124.921,21148.0,262869640.0,125.85,129.58,121.51,124.3,True,精研科技,False
2020-02-20,125.021,137.351,125.021,137.351,39982.0,546673886.0,124.4,136.73,124.4,136.73,True,精研科技,False
2020-02-21,136.321,148.281,135.651,146.641,42766.0,624469132.0,135.7,147.66,135.03,146.02,True,精研科技,False
2020-02-24,148.121,156.691,139.571,150.231,43054.0,644130894.0,147.5,156.07,138.95,149.61,True,精研科技,False
2020-02-25,142.621,157.621,136.921,150.621,47009.0,705135000.0,142.0,157.0,136.3,150.0,True,精研科技,False
2020-02-26,144.121,146.471,135.621,136.621,36067.0,490511200.0,143.5,145.85,135.0,136.0,True,精研科技,False
2020-02-27,138.621,143.091,135.621,137.621,23266.0,318744200.0,138.0,142.47,135.0,137.0,True,精研科技,False
2020-02-28,127.091,140.471,127.091,133.921,21437.0,285755210.0,126.47,139.85,126.47,133.3,True,精研科技,False
2020-03-02,133.321,137.251,127.621,131.641,24180.0,316806360.0,132.7,136.63,127.0,131.02,True,精研科技,False
2020-03-03,134.761,139.701,129.621,131.731,20966.0,274885226.0,134.14,139.08,129.0,131.11,True,精研科技,False
2020-03-04,129.631,130.591,121.511,124.821,21549.0,267638580.0,129.01,129.97,120.89,124.2,True,精研科技,False
2020-03-05,128.161,129.171,123.011,125.931,17985.0,225370035.0,127.54,128.55,122.39,125.31,True,精研科技,False
2020-03-06,126.081,126.081,122.011,125.621,16508.0,206350000.0,125.46,125.46,121.39,125.0,True,精研科技,False
2020-03-09,123.551,123.551,113.121,113.121,28471.0,320298750.0,122.93,122.93,112.5,112.5,True,精研科技,False
2020-03-10,107.641,116.621,107.621,115.691,26352.0,303232464.0,107.02,116.0,107.0,115.07,True,精研科技,False
2020-03-11,117.321,118.321,112.661,112.741,16217.0,181825004.0,116.7,117.7,112.04,112.12,True,精研科技,False
2020-03-12,109.681,112.371,107.621,109.971,16277.0,177988995.0,109.06,111.75,107.0,109.35,True,精研科技,False
2020-03-13,101.711,111.601,100.821,109.071,23680.0,256809600.0,101.09,110.98,100.2,108.45,True,精研科技,False
2020-03-16,109.621,110.921,98.231,98.231,24473.0,238880953.0,109.0,110.3,97.61,97.61,True,精研科技,False
2020-03-17,98.231,100.581,88.471,95.331,36742.0,347983482.0,97.61,99.96,87.85,94.71,True,精研科技,False
2020-03-18,96.831,100.551,93.381,93.381,26499.0,245804724.0,96.21,99.93,92.76,92.76,True,精研科技,False
2020-03-19,96.261,97.491,92.221,95.711,21342.0,202941078.0,95.64,96.87,91.6,95.09,True,精研科技,False
2020-03-20,97.191,100.181,94.631,96.621,19579.0,187958400.0,96.57,99.56,94.01,96.0,True,精研科技,False
2020-03-23,93.721,93.721,87.021,88.581,30533.0,268568268.0,93.1,93.1,86.4,87.96,True,精研科技,False
2020-03-24,91.811,92.201,85.651,89.611,22717.0,202158583.0,91.19,91.58,85.03,88.99,True,精研科技,False
2020-03-25,92.801,96.421,91.661,94.601,28289.0,265860022.0,92.18,95.8,91.04,93.98,True,精研科技,False
2020-03-26,95.981,95.981,90.411,90.831,16950.0,152905950.0,95.36,95.36,89.79,90.21,True,精研科技,False
2020-03-27,92.691,92.921,87.121,87.381,23555.0,204363180.0,92.07,92.3,86.5,86.76,True,精研科技,False
2020-03-30,84.551,85.871,80.941,83.461,24598.0,203769832.0,83.93,85.25,80.32,82.84,True,精研科技,False
2020-03-31,86.601,86.601,82.251,82.521,17889.0,146510910.0,85.98,85.98,81.63,81.9,True,精研科技,False
2020-04-01,83.791,88.321,82.291,85.021,25200.0,212688000.0,83.17,87.7,81.67,84.4,True,精研科技,False
2020-04-02,85.251,93.461,85.251,93.461,33973.0,315405332.0,84.63,92.84,84.63,92.84,True,精研科技,False
2020-04-03,94.621,97.121,91.141,93.621,31605.0,293926500.0,94.0,96.5,90.52,93.0,True,精研科技,False
2020-04-07,98.681,102.621,96.881,99.351,33109.0,326885157.0,98.06,102.0,96.26,98.73,True,精研科技,False
2020-04-08,99.621,100.721,95.201,96.551,26392.0,253178456.00000003,99.0,100.1,94.58,95.93,True,精研科技,False
2020-04-09,96.521,97.401,93.821,94.421,24616.0,230898080.0,95.9,96.78,93.2,93.8,True,精研科技,False
2020-04-10,95.331,95.341,88.111,89.621,27660.0,246174000.0,94.71,94.72,87.49,89.0,True,精研科技,False
2020-04-13,88.321,89.491,85.371,86.621,21537.0,185218200.0,87.7,88.87,84.75,86.0,True,精研科技,False
2020-04-14,87.801,88.901,86.651,88.521,24620.0,216409800.0,87.18,88.28,86.03,87.9,True,精研科技,False
2020-04-15,88.351,90.821,87.621,88.681,23408.0,206130848.0,87.73,90.2,87.0,88.06,True,精研科技,False
2020-04-16,87.421,89.171,85.251,88.381,22385.0,196450760.0,86.8,88.55,84.63,87.76,True,精研科技,False
2020-04-17,89.621,91.921,87.121,87.811,30618.0,266958342.0,89.0,91.3,86.5,87.19,True,精研科技,False
2020-04-20,88.741,89.871,87.811,89.391,20244.0,179705988.0,88.12,89.25,87.19,88.77,True,精研科技,False
2020-04-21,89.321,89.321,86.181,87.721,20415.0,177814650.0,88.7,88.7,85.56,87.1,True,精研科技,False
2020-04-22,86.401,87.121,83.951,86.121,34409.0,294196950.0,85.78,86.5,83.33,85.5,True,精研科技,False
2020-04-23,86.621,87.281,84.601,84.781,19779.0,166460064.0,86.0,86.66,83.98,84.16,True,精研科技,False
2020-04-24,85.581,85.581,80.621,81.121,28281.0,227662050.0,84.96,84.96,80.0,80.5,True,精研科技,False
2020-04-27,81.781,82.871,79.121,81.861,23708.0,192603792.0,81.16,82.25,78.5,81.24,True,精研科技,False
2020-04-28,82.321,86.211,78.221,84.871,34257.0,288615225.0,81.7,85.59,77.6,84.25,True,精研科技,False
2020-04-29,84.621,86.661,83.631,85.821,21505.0,183222600.0,84.0,86.04,83.01,85.2,True,精研科技,False
2020-04-30,87.081,94.341,86.821,94.341,28920.0,271038240.0,86.46,93.72,86.2,93.72,True,精研科技,False
2020-05-06,93.621,102.611,92.641,100.981,53578.0,537708808.0,93.0,101.99,92.02,100.36,True,精研科技,False
2020-05-07,100.321,102.401,98.471,99.281,23617.0,233005322.0,99.7,101.78,97.85,98.66,True,精研科技,False
2020-05-08,100.721,104.551,99.151,104.201,29503.0,305592074.0,100.1,103.93,98.53,103.58,True,精研科技,False
2020-05-11,105.421,105.741,100.451,101.441,21168.0,213415776.0,104.8,105.12,99.83,100.82,True,精研科技,False
2020-05-12,101.921,102.511,99.161,102.501,18598.0,189476424.0,101.3,101.89,98.54,101.88,True,精研科技,False
2020-05-13,100.791,102.201,99.951,101.311,15557.0,156643433.0,100.17,101.58,99.33,100.69,True,精研科技,False
2020-05-14,101.311,106.551,100.301,103.321,25582.0,262727140.0,100.69,105.93,99.68,102.7,True,精研科技,False
2020-05-15,104.631,109.321,102.651,106.801,21943.0,232990774.00000003,104.01,108.7,102.03,106.18,True,精研科技,False
2020-05-18,109.121,109.121,96.181,98.191,43662.0,426010134.0,108.5,108.5,95.56,97.57,True,精研科技,False
2020-05-19,99.191,101.291,97.751,100.611,19576.0,195740424.0,98.57,100.67,97.13,99.99,True,精研科技,False
2020-05-20,100.921,101.051,96.621,96.981,19720.0,190021920.0,100.3,100.43,96.0,96.36,True,精研科技,False
2020-05-21,98.081,98.311,93.911,93.921,17107.0,159608310.0,97.46,97.69,93.29,93.3,True,精研科技,False
2020-05-22,94.421,95.621,91.181,92.121,16292.0,149071800.0,93.8,95.0,90.56,91.5,True,精研科技,False
2020-05-25,90.921,93.001,89.811,91.221,10663.0,96606780.0,90.3,92.38,89.19,90.6,True,精研科技,False
2020-05-26,90.921,93.971,90.831,93.031,16664.0,153992024.0,90.3,93.35,90.21,92.41,True,精研科技,False
2020-05-27,92.421,99.401,91.791,95.051,28513.0,269248259.0,91.8,98.78,91.17,94.43,True,精研科技,False
2020-05-28,95.041,95.041,90.631,92.221,20037.0,183538920.0,94.42,94.42,90.01,91.6,True,精研科技,False
2020-05-29,91.621,92.921,90.661,90.721,13977.0,125932770.0,91.0,92.3,90.04,90.1,True,精研科技,False
2020-06-01,93.621,99.731,92.191,99.731,22912.0,227080832.0,93.0,99.11,91.57,99.11,True,精研科技,False
2020-06-02,103.621,109.451,103.121,106.221,37325.0,394152000.0,103.0,108.83,102.5,105.6,True,精研科技,False
2020-06-03,107.631,116.781,103.731,114.531,50780.0,578434980.0,107.01,116.16,103.11,113.91,True,精研科技,False
2020-06-04,117.771,121.621,115.171,117.621,38788.0,453819600.0,117.15,121.0,114.55,117.0,True,精研科技,False
2020-06-05,117.631,120.301,115.521,117.791,28443.0,333266631.0,117.01,119.68,114.9,117.17,True,精研科技,False
2020-06-08,120.621,120.621,116.421,116.681,24412.0,283325672.0,120.0,120.0,115.8,116.06,True,精研科技,False
2020-06-09,119.521,119.521,115.181,117.751,21481.0,251606953.0,118.9,118.9,114.56,117.13,True,精研科技,False
2020-06-10,117.611,119.211,114.121,118.221,26879.0,316097040.0,116.99,118.59,113.5,117.6,True,精研科技,False
2020-06-11,118.111,121.201,115.181,116.211,25259.0,291968781.0,117.49,120.58,114.56,115.59,True,精研科技,False
2020-06-12,112.061,115.051,108.122,112.789,36498.0,314101788.0,85.5,87.8,82.47,86.06,True,精研科技,False
2020-06-15,112.815,113.361,107.511,107.641,33785.0,277374850.0,86.08,86.5,82.0,82.1,True,精研科技,False
2020-06-16,110.137,116.065,109.578,113.01,41195.0,355224485.0,84.02,88.58,83.59,86.23,True,精研科技,False
2020-06-17,113.01,113.14,107.901,109.058,28834.0,239870046.0,86.23,86.33,82.3,83.19,True,精研科技,False
2020-06-18,108.265,119.718,108.265,118.028,53615.0,483017535.0,82.58,91.39,82.58,90.09,True,精研科技,False
2020-06-19,116.65,122.955,115.064,120.784,42915.0,395719215.0,89.03,93.88,87.81,92.21,True,精研科技,False
2020-06-22,121.005,127.765,120.901,124.671,38923.0,370546960.0,92.38,97.58,92.3,95.2,True,精研科技,False
2020-06-23,126.465,126.465,120.511,122.487,30624.0,286395648.0,96.58,96.58,92.0,93.52,True,精研科技,False
2020-06-24,123.657,125.165,121.005,123.527,24085.0,227169720.0,94.42,95.58,92.38,94.32,True,精研科技,False
2020-06-29,123.527,123.527,116.754,119.081,38674.0,351546660.0,94.32,94.32,89.11,90.9,True,精研科技,False
2020-06-30,114.024,128.025,113.855,125.906,80843.0,777305445.0,87.01,97.78,86.88,96.15,True,精研科技,False
2020-07-01,125.217,129.455,121.395,127.557,44420.0,432739640.0,95.62,98.88,92.68,97.42,True,精研科技,False
2020-07-02,125.711,128.298,122.695,123.176,35455.0,333454275.0,96.0,97.99,93.68,94.05,True,精研科技,False
2020-07-03,124.385,128.298,120.667,127.271,31619.0,307336680.0,94.98,97.99,92.12,97.2,True,精研科技,False
2020-07-06,125.672,134.551,123.124,131.496,51867.0,521004015.0,95.97,102.8,94.01,100.45,True,精研科技,False
2020-07-07,132.211,137.385,129.611,133.212,33352.0,339423304.0,101.0,104.98,99.0,101.77,True,精研科技,False
2020-07-08,132.211,141.961,131.418,140.089,33730.0,361113380.0,101.0,108.5,100.39,107.06,True,精研科技,False
2020-07-09,141.311,142.949,137.411,139.621,34864.0,371998880.0,108.0,109.26,105.0,106.7,True,精研科技,False
2020-07-10,136.111,137.151,130.911,134.096,32868.0,336732660.0,104.0,104.8,100.0,102.45,True,精研科技,False
2020-07-13,133.927,137.918,132.744,137.554,24667.0,259274837.0,102.32,105.39,101.41,105.11,True,精研科技,False
2020-07-14,137.281,137.554,131.782,134.317,21949.0,225240638.0,104.9,105.11,100.67,102.62,True,精研科技,False
2020-07-15,133.511,136.592,129.247,130.859,22591.0,225819636.0,102.0,104.37,98.72,99.96,True,精研科技,False
2020-07-16,130.118,134.031,125.711,126.101,27862.0,268311060.0,99.39,102.4,96.0,96.3,True,精研科技,False
2020-07-17,126.452,132.666,126.114,129.468,25050.0,247719450.0,96.57,101.35,96.31,98.89,True,精研科技,False
2020-07-20,130.911,132.224,124.84,129.611,19486.0,192911400.0,100.0,101.01,95.33,99.0,True,精研科技,False
2020-07-21,128.051,131.509,126.088,126.504,16550.0,159889550.0,97.8,100.46,96.29,96.61,True,精研科技,False
2020-07-22,125.672,128.051,125.152,126.491,18432.0,178053120.0,95.97,97.8,95.57,96.6,True,精研科技,False
2020-07-23,128.181,128.181,116.975,121.941,30781.0,286571110.0,97.9,97.9,89.28,93.1,True,精研科技,False
2020-07-24,121.772,122.682,112.542,112.594,23637.0,203065467.0,92.97,93.67,85.87,85.91,True,精研科技,False
2020-07-27,111.892,114.817,110.501,113.387,18333.0,158617116.0,85.37,87.62,84.3,86.52,True,精研科技,False
2020-07-28,113.088,118.6,112.711,116.754,18844.0,167918884.0,86.29,90.53,86.0,89.11,True,精研科技,False
2020-07-29,116.741,120.901,116.611,119.211,19881.0,180917100.0,89.1,92.3,89.0,91.0,True,精研科技,False
2020-07-30,119.822,119.822,115.636,117.391,19822.0,177605120.0,91.47,91.47,88.25,89.6,True,精研科技,False
2020-07-31,117.391,126.01,117.391,125.074,34122.0,325899222.0,89.6,96.23,89.6,95.51,True,精研科技,False
2020-08-03,127.349,127.661,120.706,122.487,33139.0,309915928.0,97.26,97.5,92.15,93.52,True,精研科技,False
2020-08-04,120.407,121.798,115.311,116.182,35187.0,312003129.0,91.92,92.99,88.0,88.67,True,精研科技,False
2020-08-05,116.494,118.249,113.582,117.391,23856.0,213749760.0,88.91,90.26,86.67,89.6,True,精研科技,False
2020-08-06,116.351,118.171,114.271,116.871,21313.0,190111960.0,88.8,90.2,87.2,89.2,True,精研科技,False
2020-08-07,115.311,117.404,111.541,112.672,24311.0,209001667.0,88.0,89.61,85.1,85.97,True,精研科技,False
2020-08-10,111.424,113.049,108.226,111.463,21677.0,184341208.0,85.01,86.26,82.55,85.04,True,精研科技,False
2020-08-11,112.711,113.738,106.159,106.211,22199.0,179811900.0,86.0,86.79,80.96,81.0,True,精研科技,False
2020-08-12,107.589,108.681,102.61,106.653,18941.0,154066094.0,82.06,82.9,78.23,81.34,True,精研科技,False
2020-08-13,107.641,107.745,104.56,105.171,18379.0,147399580.0,82.1,82.18,79.73,80.2,True,精研科技,False
2020-08-14,105.561,108.174,103.195,105.951,26109.0,210960720.0,80.5,82.51,78.68,80.8,True,精研科技,False
2020-08-17,107.121,112.451,106.276,111.164,36251.0,307444731.0,81.7,85.8,81.05,84.81,True,精研科技,False
2020-08-18,111.151,112.841,108.187,111.879,25798.0,220211728.0,84.8,86.1,82.52,85.36,True,精研科技,False
2020-08-19,112.191,112.581,109.357,109.851,20361.0,170625180.0,85.6,85.9,83.42,83.8,True,精研科技,False
2020-08-20,108.291,113.335,106.315,107.329,37930.0,310494980.0,82.6,86.48,81.08,81.86,True,精研科技,False
2020-08-21,107.641,109.851,104.495,105.249,30736.0,246687136.00000003,82.1,83.8,79.68,80.26,True,精研科技,False
2020-08-24,105.457,115.571,103.221,111.918,50041.0,427300099.0,80.42,88.2,78.7,85.39,True,精研科技,False
2020-08-25,112.971,113.595,110.969,111.97,22891.0,195557813.00000003,86.2,86.68,84.66,85.43,True,精研科技,False
2020-08-26,112.321,112.321,101.232,101.921,36124.0,280683480.0,85.7,85.7,77.17,77.7,True,精研科技,False
2020-08-27,101.934,104.105,99.087,101.869,26431.0,205263146.0,77.71,79.38,75.52,77.66,True,精研科技,False
2020-08-28,101.843,105.808,99.711,104.417,23638.0,188205756.0,77.64,80.69,76.0,79.62,True,精研科技,False
2020-08-31,104.469,106.471,101.401,101.869,26569.0,206334854.0,79.66,81.2,77.3,77.66,True,精研科技,False
2020-09-01,101.375,101.856,98.515,100.946,24835.0,191105325.0,77.28,77.65,75.08,76.95,True,精研科技,False
2020-09-02,101.479,104.261,99.776,103.286,22446.0,176762250.0,77.36,79.5,76.05,78.75,True,精研科技,False
2020-09-03,102.584,104.885,101.154,101.882,16925.0,131456475.0,78.21,79.98,77.11,77.67,True,精研科技,False
2020-09-04,100.348,105.6,99.984,105.236,17150.0,137628750.0,76.49,80.53,76.21,80.25,True,精研科技,False
2020-09-07,106.471,106.939,101.44,103.195,25553.0,201051004.00000003,81.2,81.56,77.33,78.68,True,精研科技,False
2020-09-08,103.026,105.522,101.856,102.87,20089.0,157558027.0,78.55,80.47,77.65,78.43,True,精研科技,False
2020-09-09,101.908,102.168,96.461,96.565,22321.0,164237918.0,77.69,77.89,73.5,73.58,True,精研科技,False
2020-09-10,97.761,97.761,89.961,90.091,34314.0,235394040.0,74.5,74.5,68.5,68.6,True,精研科技,False
2020-09-11,90.351,92.275,87.881,89.389,27623.0,188002138.0,68.8,70.28,66.9,68.06,True,精研科技,False
2020-09-14,89.844,91.638,87.855,89.961,19564.0,134013400.0,68.41,69.79,66.88,68.5,True,精研科技,False
2020-09-15,89.701,90.351,87.881,88.895,13437.0,90941616.0,68.3,68.8,66.9,67.68,True,精研科技,False
2020-09-16,89.168,89.805,87.569,88.193,15326.0,102898764.0,67.89,68.38,66.66,67.14,True,精研科技,False
2020-09-17,88.921,90.702,86.971,89.038,18584.0,125980936.0,67.7,69.07,66.2,67.79,True,精研科技,False
2020-09-18,89.181,89.207,87.101,87.465,23014.0,153227212.0,67.9,67.92,66.3,66.58,True,精研科技,False
2020-09-21,88.206,88.921,87.023,87.686,17533.0,117032775.0,67.15,67.7,66.24,66.75,True,精研科技,False
2020-09-22,87.036,88.232,84.293,86.477,15978.0,105167196.0,66.25,67.17,64.14,65.82,True,精研科技,False
2020-09-23,86.568,88.323,84.475,86.932,27482.0,181848394.0,65.89,67.24,64.28,66.17,True,精研科技,False
2020-09-24,86.386,86.919,83.214,83.851,20296.0,129488480.0,65.75,66.16,63.31,63.8,True,精研科技,False
2020-09-25,84.111,85.905,81.836,85.268,17120.0,111091680.0,64.0,65.38,62.25,64.89,True,精研科技,False
2020-09-28,85.775,87.361,82.655,82.824,15510.0,97728510.0,65.28,66.5,62.88,63.01,True,精研科技,False
2020-09-29,84.241,85.749,82.291,82.85,15703.0,98976009.0,64.1,65.26,62.6,63.03,True,精研科技,False
2020-09-30,83.019,84.501,81.615,82.031,18443.0,115084320.0,63.16,64.3,62.08,62.4,True,精研科技,False
2020-10-09,82.85,85.762,82.824,83.11,19151.0,121091773.0,63.03,65.27,63.01,63.23,True,精研科技,False
2020-10-12,84.085,87.725,83.981,85.84,31588.0,206364404.0,63.98,66.78,63.9,65.33,True,精研科技,False
2020-10-13,85.84,87.491,85.099,86.971,21187.0,140257940.0,65.33,66.6,64.76,66.2,True,精研科技,False
2020-10-14,86.373,86.516,82.551,83.552,28567.0,181600419.0,65.74,65.85,62.8,63.57,True,精研科技,False
2020-10-15,83.331,83.487,80.861,80.887,20895.0,128546040.0,63.4,63.52,61.5,61.52,True,精研科技,False
2020-10-16,80.9,80.913,77.481,79.054,28470.0,171133170.0,61.53,61.54,58.9,60.11,True,精研科技,False
2020-10-19,79.34,81.186,78.274,78.508,16277.0,97157413.0,60.33,61.75,59.51,59.69,True,精研科技,False
2020-10-20,78.911,81.797,77.962,81.654,17715.0,110027865.0,60.0,62.22,59.27,62.11,True,精研科技,False
2020-10-21,82.408,83.734,79.821,80.354,20822.0,127243242.0,62.69,63.71,60.7,61.11,True,精研科技,False
2020-10-22,80.861,83.955,78.274,83.435,24224.0,153773952.0,61.5,63.88,59.51,63.48,True,精研科技,False
2020-10-23,83.448,83.981,78.651,79.119,25690.0,154551040.0,63.49,63.9,59.8,60.16,True,精研科技,False
2020-10-26,78.521,82.785,77.715,81.121,28623.0,176603910.0,59.7,62.98,59.08,61.7,True,精研科技,False
2020-10-27,81.511,82.668,79.184,82.148,21055.0,131572695.0,62.0,62.89,60.21,62.49,True,精研科技,False
2020-10-28,82.005,83.318,79.951,83.149,26449.0,167316374.0,62.38,63.39,60.8,63.26,True,精研科技,False
2020-10-29,81.771,84.059,80.913,80.952,30052.0,185030164.0,62.2,63.96,61.54,61.57,True,精研科技,False
2020-10-30,80.211,82.044,79.119,79.756,24396.0,147961740.0,61.0,62.41,60.16,60.65,True,精研科技,False
2020-11-02,79.834,80.081,74.491,74.66,30717.0,174257541.0,60.71,60.9,56.6,56.73,True,精研科技,False
2020-11-03,75.583,88.531,74.855,85.723,70473.0,459765852.0,57.44,67.4,56.88,65.24,True,精研科技,False
2020-11-04,85.294,85.71,83.24,84.137,38061.0,243666522.0,64.91,65.23,63.33,64.02,True,精研科技,False
2020-11-05,84.839,85.606,82.421,83.656,27886.0,177494390.0,64.56,65.15,62.7,63.65,True,精研科技,False
2020-11-06,84.241,87.569,83.201,84.865,50047.0,323203526.0,64.1,66.66,63.3,64.58,True,精研科技,False
2020-11-09,86.178,92.132,85.281,89.051,49665.0,336728700.0,65.59,70.17,64.9,67.8,True,精研科技,False
2020-11-10,89.064,91.586,86.438,90.351,40961.0,281811680.0,67.81,69.75,65.79,68.8,True,精研科技,False
2020-11-11,90.338,94.069,88.934,88.934,44417.0,300747507.0,68.79,71.66,67.71,67.71,True,精研科技,False
2020-11-12,89.441,89.961,86.464,87.283,27099.0,180045756.0,68.1,68.5,65.81,66.44,True,精研科技,False
2020-11-13,87.686,88.31,84.683,85.931,24669.0,161335260.0,66.75,67.23,64.44,65.4,True,精研科技,False
2020-11-16,85.411,85.541,80.861,81.979,33036.0,206012496.0,65.0,65.1,61.5,62.36,True,精研科技,False
2020-11-17,81.849,81.966,78.755,79.795,23249.0,141074932.0,62.26,62.35,59.88,60.68,True,精研科技,False
2020-11-18,80.601,83.136,80.575,81.381,17977.0,111277630.0,61.3,63.25,61.28,61.9,True,精研科技,False
2020-11-19,81.212,82.642,79.21,82.33,15296.0,95798848.0,61.77,62.87,60.23,62.63,True,精研科技,False
2020-11-20,82.343,82.681,81.095,81.303,12157.0,75178888.0,62.64,62.9,61.68,61.84,True,精研科技,False
2020-11-23,80.471,80.861,78.742,79.379,19099.0,115281564.0,61.2,61.5,59.87,60.36,True,精研科技,False
2020-11-24,79.483,80.666,79.015,79.236,12688.0,76445200.0,60.44,61.35,60.08,60.25,True,精研科技,False
2020-11-25,79.6,80.536,78.456,79.431,15825.0,95583000.0,60.53,61.25,59.65,60.4,True,精研科技,False
2020-11-26,79.392,80.211,78.885,79.21,9762.0,58796526.0,60.37,61.0,59.98,60.23,True,精研科技,False
2020-11-27,79.821,81.277,79.041,80.601,12464.0,76404320.0,60.7,61.82,60.1,61.3,True,精研科技,False
2020-11-30,80.614,81.966,80.185,80.328,13981.0,85409929.0,61.31,62.35,60.98,61.09,True,精研科技,False
2020-12-01,80.991,81.94,80.458,81.407,15007.0,92923344.0,61.6,62.33,61.19,61.92,True,精研科技,False
2020-12-02,81.511,82.694,80.731,82.694,19128.0,120334248.0,62.0,62.91,61.4,62.91,True,精研科技,False
2020-12-03,81.316,81.68,80.315,80.809,15727.0,96658142.0,61.85,62.13,61.08,61.46,True,精研科技,False
2020-12-04,80.731,81.316,80.016,80.12,9042.0,55092906.0,61.4,61.85,60.85,60.93,True,精研科技,False
2020-12-07,80.029,80.419,79.275,79.327,8725.0,52629200.0,60.86,61.16,60.28,60.32,True,精研科技,False
2020-12-08,79.275,79.951,78.664,78.781,9202.0,55119980.0,60.28,60.8,59.81,59.9,True,精研科技,False
2020-12-09,78.586,79.431,77.546,77.598,10019.0,59102081.0,59.75,60.4,58.95,58.99,True,精研科技,False
2020-12-10,77.494,77.988,75.089,75.648,11895.0,68384355.0,58.91,59.29,57.06,57.49,True,精研科技,False
2020-12-11,75.388,75.388,72.424,73.971,15589.0,87610180.0,57.29,57.29,55.01,56.2,True,精研科技,False
2020-12-14,73.607,73.633,70.526,71.683,15575.0,84790300.0,55.92,55.94,53.55,54.44,True,精研科技,False
2020-12-15,71.553,74.582,71.241,72.853,12959.0,71715106.0,54.34,56.67,54.1,55.34,True,精研科技,False
2020-12-16,72.983,72.983,69.655,69.863,13401.0,71078904.0,55.44,55.44,52.88,53.04,True,精研科技,False
2020-12-17,69.837,70.955,67.328,70.526,15112.0,80924760.0,53.02,53.88,51.09,53.55,True,精研科技,False
2020-12-18,70.643,71.397,67.874,68.316,14573.0,75561005.0,53.64,54.22,51.51,51.85,True,精研科技,False
2020-12-21,68.004,69.785,68.004,68.771,12675.0,66163500.0,51.61,52.98,51.61,52.2,True,精研科技,False
2020-12-22,68.979,68.979,65.95,66.691,27421.0,138750260.0,52.36,52.36,50.03,50.6,True,精研科技,False
2020-12-23,67.081,67.081,64.611,65.157,24103.0,119117026.0,50.9,50.9,49.0,49.42,True,精研科技,False
2020-12-24,65.417,66.301,62.739,63.389,26404.0,126897624.0,49.62,50.3,47.56,48.06,True,精研科技,False
2020-12-25,63.441,64.871,62.531,63.155,17841.0,85422708.0,48.1,49.2,47.4,47.88,True,精研科技,False
2020-12-28,63.467,63.662,60.854,61.621,20899.0,97598330.0,48.12,48.27,46.11,46.7,True,精研科技,False
2020-12-29,63.194,69.707,62.505,66.236,54198.0,272344950.0,47.91,52.92,47.38,50.25,True,精研科技,False
2020-12-30,65.274,65.859,64.091,64.884,23203.0,114181963.0,49.51,49.96,48.6,49.21,True,精研科技,False
2020-12-31,64.585,70.201,64.234,69.564,38126.0,201343406.0,48.98,53.3,48.71,52.81,True,精研科技,False
2021-01-04,69.291,73.971,68.511,72.177,39616.0,217174912.0,52.6,56.2,52.0,54.82,True,精研科技,False
2021-01-05,73.607,73.607,70.5,71.345,25686.0,139166748.0,55.92,55.92,53.53,54.18,True,精研科技,False
2021-01-06,71.293,72.281,69.447,70.89,21968.0,118253744.0,54.14,54.9,52.72,53.83,True,精研科技,False
2021-01-07,70.89,71.111,67.406,67.991,26934.0,138979440.0,53.83,54.0,51.15,51.6,True,精研科技,False
2021-01-08,67.419,72.268,66.99,71.449,33326.0,180826876.0,51.16,54.89,50.83,54.26,True,精研科技,False
2021-01-11,71.813,73.282,69.811,70.123,21788.0,115999312.0,54.54,55.67,53.0,53.24,True,精研科技,False
2021-01-12,69.577,72.255,68.797,72.255,20217.0,110950896.0,52.82,54.88,52.22,54.88,True,精研科技,False
2021-01-13,71.644,72.632,68.511,68.901,23379.0,122272170.0,54.41,55.17,52.0,52.3,True,精研科技,False
2021-01-14,69.174,73.087,69.174,71.54,26228.0,142496724.0,52.51,55.52,52.51,54.33,True,精研科技,False
2021-01-15,71.605,73.1,70.617,71.787,18308.0,99815216.0,54.38,55.53,53.62,54.52,True,精研科技,False
2021-01-18,71.137,74.166,71.137,73.685,22277.0,124706646.0,54.02,56.35,54.02,55.98,True,精研科技,False
2021-01-19,73.971,73.971,70.695,70.864,21493.0,115653833.0,56.2,56.2,53.68,53.81,True,精研科技,False
2021-01-20,70.799,71.631,69.668,70.578,12398.0,66440882.00000001,53.76,54.4,52.89,53.59,True,精研科技,False
2021-01-21,70.916,71.917,68.771,70.916,21562.0,116111370.0,53.85,54.62,52.2,53.85,True,精研科技,False
2021-01-22,70.604,70.604,63.311,63.766,52076.0,251787460.0,53.61,53.61,48.0,48.35,True,精研科技,False
2021-01-25,63.337,65.313,62.037,63.922,21005.0,101811235.0,48.02,49.54,47.02,48.47,True,精研科技,False
2021-01-26,63.311,63.922,60.191,60.815,29462.0,135760896.0,48.0,48.47,45.6,46.08,True,精研科技,False
2021-01-27,60.932,61.491,59.801,60.295,18311.0,83644648.0,46.17,46.6,45.3,45.68,True,精研科技,False
2021-01-28,60.295,62.271,59.801,60.724,18524.0,85228924.0,45.68,47.2,45.3,46.01,True,精研科技,False
2021-01-29,60.711,60.724,57.331,59.021,22567.0,100874490.0,46.0,46.01,43.4,44.7,True,精研科技,False
2021-02-01,58.969,59.918,57.76,58.111,12660.0,55704000.0,44.66,45.39,43.73,44.0,True,精研科技,False
2021-02-02,58.696,60.841,57.201,59.931,19261.0,87444940.0,44.45,46.1,43.3,45.4,True,精研科技,False
2021-02-03,60.711,60.841,56.551,56.629,20625.0,88398750.0,46.0,46.1,42.8,42.86,True,精研科技,False
2021-02-04,55.875,56.551,53.366,54.926,21067.0,87533385.0,42.28,42.8,40.35,41.55,True,精研科技,False
2021-02-05,56.005,58.215,54.783,54.926,18882.0,78454710.0,42.38,44.08,41.44,41.55,True,精研科技,False
2021-02-08,54.926,55.537,53.366,53.6,16645.0,67462185.0,41.55,42.02,40.35,40.53,True,精研科技,False
2021-02-09,53.535,54.51,53.171,53.639,15082.0,61172592.0,40.48,41.23,40.2,40.56,True,精研科技,False
2021-02-10,53.821,54.315,53.47,53.795,16451.0,66922668.0,40.7,41.08,40.43,40.68,True,精研科技,False
2021-02-18,54.627,56.668,54.354,55.953,16006.0,67769404.0,41.32,42.89,41.11,42.34,True,精研科技,False
2021-02-19,55.849,59.346,55.147,59.047,23104.0,103321088.0,42.26,44.95,41.72,44.72,True,精研科技,False
2021-02-22,59.697,60.711,58.397,58.878,23309.0,103934831.0,45.22,46.0,44.22,44.59,True,精研科技,False
2021-02-23,59.489,59.983,57.24,58.514,17623.0,78087513.0,45.06,45.44,43.33,44.31,True,精研科技,False
2021-02-24,57.968,59.736,57.968,58.839,15809.0,70444904.0,43.89,45.25,43.89,44.56,True,精研科技,False
2021-02-25,59.255,59.658,56.837,57.292,16433.0,71269921.0,44.88,45.19,43.02,43.37,True,精研科技,False
2021-02-26,55.836,57.812,55.771,56.941,12422.0,53538820.0,42.25,43.77,42.2,43.1,True,精研科技,False
2021-03-01,56.902,58.865,56.837,58.657,16237.0,72124754.0,43.07,44.58,43.02,44.42,True,精研科技,False
2021-03-02,59.398,59.645,57.266,57.851,12959.0,56760420.0,44.99,45.18,43.35,43.8,True,精研科技,False
2021-03-03,57.513,58.605,56.655,57.344,13968.0,60635087.99999999,43.54,44.38,42.88,43.41,True,精研科技,False
2021-03-04,56.642,57.383,55.251,55.407,16316.0,68396672.0,42.87,43.44,41.8,41.92,True,精研科技,False
2021-03-05,55.277,58.631,55.251,57.578,18667.0,81369453.0,41.82,44.4,41.8,43.59,True,精研科技,False
2021-03-08,57.981,59.255,56.421,56.46,18244.0,77956612.0,43.9,44.88,42.7,42.73,True,精研科技,False
2021-03-09,56.564,57.461,53.717,53.899,20414.0,83207464.0,42.81,43.5,40.62,40.76,True,精研科技,False
2021-03-10,53.899,54.731,51.715,51.845,19694.0,77161092.0,40.76,41.4,39.08,39.18,True,精研科技,False
2021-03-11,51.845,53.275,50.714,53.093,13794.0,55369116.0,39.18,40.28,38.31,40.14,True,精研科技,False
2021-03-12,53.145,53.249,51.351,51.572,13419.0,52293843.0,40.18,40.26,38.8,38.97,True,精研科技,False
2021-03-15,51.208,51.442,50.103,50.532,9842.0,37566914.0,38.69,38.87,37.84,38.17,True,精研科技,False
2021-03-16,50.48,51.78,50.168,50.766,9215.0,35339525.0,38.13,39.13,37.89,38.35,True,精研科技,False
2021-03-17,50.298,51.52,49.661,51.364,10936.0,42442616.0,37.99,38.93,37.5,38.81,True,精研科技,False
2021-03-18,51.273,52.365,50.87,52.001,11501.0,45198930.0,38.74,39.58,38.43,39.3,True,精研科技,False
2021-03-19,51.195,51.806,50.61,51.572,10968.0,42742296.0,38.68,39.15,38.23,38.97,True,精研科技,False
2021-03-22,50.974,52.755,50.961,52.716,11753.0,46835705.0,38.51,39.88,38.5,39.85,True,精研科技,False
2021-03-23,52.716,52.911,51.351,51.533,9162.0,35676828.0,39.85,40.0,38.8,38.94,True,精研科技,False
2021-03-24,51.481,52.651,50.545,51.897,11596.0,45479512.0,38.9,39.8,38.18,39.22,True,精研科技,False
2021-03-25,51.598,53.548,51.377,52.547,13190.0,52390680.0,38.99,40.49,38.82,39.72,True,精研科技,False
2021-03-26,52.755,55.381,52.235,54.926,22655.0,94131525.0,39.88,41.9,39.48,41.55,True,精研科技,False
2021-03-29,54.926,55.251,53.496,53.821,12438.0,50622660.0,41.55,41.8,40.45,40.7,True,精研科技,False
2021-03-30,53.509,53.912,52.82,53.34,8435.0,34018355.0,40.46,40.77,39.93,40.33,True,精研科技,False
2021-03-31,53.873,54.991,53.366,54.263,14613.0,59971752.0,40.74,41.6,40.35,41.04,True,精研科技,False
2021-04-01,54.094,54.952,53.704,54.471,11407.0,46996840.0,40.91,41.57,40.61,41.2,True,精研科技,False
2021-04-02,54.393,55.355,54.055,54.081,12245.0,50082050.0,41.14,41.88,40.88,40.9,True,精研科技,False
2021-04-06,54.081,56.135,53.652,55.888,17369.0,73453501.0,40.9,42.48,40.57,42.29,True,精研科技,False
2021-04-07,55.914,56.018,55.017,55.394,8189.0,34320099.0,42.31,42.39,41.62,41.91,True,精研科技,False
2021-04-08,54.991,55.901,54.237,54.328,8873.0,36459157.0,41.6,42.3,41.02,41.09,True,精研科技,False
2021-04-09,54.328,55.329,53.145,55.16,13688.0,57120023.99999999,41.09,41.86,40.18,41.73,True,精研科技,False
2021-04-12,55.056,55.264,51.91,52.17,12660.0,49918380.0,41.65,41.81,39.23,39.43,True,精研科技,False
2021-04-13,52.157,52.846,51.598,51.598,8036.0,31332364.0,39.42,39.95,38.99,38.99,True,精研科技,False
2021-04-14,52.014,52.56,51.663,52.469,5190.0,20583540.0,39.31,39.73,39.04,39.66,True,精研科技,False
2021-04-15,52.157,52.508,51.455,52.391,9184.0,36368640.0,39.42,39.69,38.88,39.6,True,精研科技,False
2021-04-16,52.261,53.561,52.014,53.184,7487.0,30105227.0,39.5,40.5,39.31,40.21,True,精研科技,False
2021-04-19,53.223,54.861,53.197,54.549,11965.0,49367590.0,40.24,41.5,40.22,41.26,True,精研科技,False
2021-04-20,54.549,55.316,54.237,54.627,11034.0,45592488.0,41.26,41.85,41.02,41.32,True,精研科技,False
2021-04-21,54.575,55.108,53.756,54.861,7253.0,30099950.0,41.28,41.69,40.65,41.5,True,精研科技,False
2021-04-22,54.484,55.251,54.406,55.017,8302.0,34552924.0,41.21,41.8,41.15,41.62,True,精研科技,False
2021-04-23,54.523,55.108,53.639,54.406,10521.0,43293915.0,41.24,41.69,40.56,41.15,True,精研科技,False
2021-04-26,54.406,54.926,53.691,53.717,10037.0,40770294.0,41.15,41.55,40.6,40.62,True,精研科技,False
2021-04-27,54.146,54.146,52.157,52.911,7934.0,31736000.0,40.95,40.95,39.42,40.0,True,精研科技,False
2021-04-28,52.755,53.171,51.923,52.196,8769.0,34593705.0,39.88,40.2,39.24,39.45,True,精研科技,False
2021-04-29,52.144,52.521,50.844,50.844,11888.0,45661807.99999999,39.41,39.7,38.41,38.41,True,精研科技,False
2021-04-30,50.792,50.961,49.674,49.843,11483.0,43222012.0,38.37,38.5,37.51,37.64,True,精研科技,False
2021-05-06,49.895,50.766,49.401,49.479,7746.0,28939056.0,37.68,38.35,37.3,37.36,True,精研科技,False
2021-05-07,49.492,50.077,48.751,48.816,9446.0,34808510.0,37.37,37.82,36.8,36.85,True,精研科技,False
2021-05-10,48.816,49.141,46.97,47.698,15556.0,55986044.0,36.85,37.1,35.43,35.99,True,精研科技,False
2021-05-11,47.321,47.958,46.736,47.932,11542.0,41747414.0,35.7,36.19,35.25,36.17,True,精研科技,False
2021-05-12,47.841,47.841,46.983,47.555,9966.0,35758008.0,36.1,36.1,35.44,35.88,True,精研科技,False
2021-05-13,47.191,47.984,46.658,47.23,12362.0,44045806.0,35.6,36.21,35.19,35.63,True,精研科技,False
2021-05-14,47.282,48.478,47.126,48.179,11323.0,41170428.0,35.67,36.59,35.55,36.36,True,精研科技,False
2021-05-17,47.932,48.751,47.724,48.01,10383.0,37617609.0,36.17,36.8,36.01,36.23,True,精研科技,False
2021-05-18,48.023,48.049,46.229,46.541,19528.0,68543280.0,36.24,36.26,34.86,35.1,True,精研科技,False
2021-05-19,46.45,46.957,46.177,46.619,11393.0,40057787.99999999,35.03,35.42,34.82,35.16,True,精研科技,False
2021-05-20,46.385,46.801,46.047,46.476,11996.0,42045980.0,34.98,35.3,34.72,35.05,True,精研科技,False
2021-05-21,46.541,49.7,46.411,48.478,31790.0,116319610.0,35.1,37.53,35.0,36.59,True,精研科技,False
2021-05-24,48.361,48.621,47.451,48.309,17189.0,62671094.0,36.5,36.7,35.8,36.46,True,精研科技,False
2021-05-25,48.335,49.583,48.205,48.517,16648.0,60964975.99999999,36.48,37.44,36.38,36.62,True,精研科技,False
2021-05-26,48.491,49.895,48.296,49.882,19783.0,74522561.0,36.6,37.68,36.45,37.67,True,精研科技,False
2021-05-27,49.622,51.351,49.531,51.169,20492.0,79222072.0,37.47,38.8,37.4,38.66,True,精研科技,False
2021-05-28,50.766,51.052,49.7,50.311,18409.0,69954200.0,38.35,38.57,37.53,38.0,True,精研科技,False
2021-05-31,50.649,51.208,50.311,50.688,13022.0,49861238.0,38.26,38.69,38.0,38.29,True,精研科技,False
2021-06-01,51.138,53.415,51.091,52.011,25886.0,84362474.00000001,32.03,33.49,32.0,32.59,True,精研科技,False
2021-06-02,52.667,59.78,52.667,57.471,72928.0,263197152.00000003,33.01,37.57,33.01,36.09,True,精研科技,False
2021-06-03,58.875,58.875,55.225,56.099,45839.0,161399119.0,36.99,36.99,34.65,35.21,True,精研科技,False
2021-06-04,55.943,60.17,55.194,59.406,58943.0,220034219.0,35.11,37.82,34.63,37.33,True,精研科技,False
2021-06-07,59.234,63.54,57.799,62.838,66711.0,263708583.0,37.22,39.98,36.3,39.53,True,精研科技,False
2021-06-08,62.682,65.802,60.701,61.699,65467.0,254011960.0,39.43,41.43,38.16,38.8,True,精研科技,False
2021-06-09,61.231,62.089,58.938,59.234,41576.0,154745872.0,38.5,39.05,37.03,37.22,True,精研科技,False
2021-06-10,59.889,60.357,59.047,60.077,27647.0,104395072.0,37.64,37.94,37.1,37.76,True,精研科技,False
2021-06-11,59.531,60.077,56.535,56.894,36044.0,128749168.0,37.41,37.76,35.49,35.72,True,精研科技,False
2021-06-15,56.551,58.813,55.849,58.376,21802.0,79947934.0,35.5,36.95,35.05,36.67,True,精研科技,False
2021-06-16,57.939,60.03,56.832,56.988,19258.0,68905124.0,36.39,37.73,35.68,35.78,True,精研科技,False
2021-06-17,56.847,57.893,56.333,57.627,16847.0,60969292.99999999,35.69,36.36,35.36,36.19,True,精研科技,False
2021-06-18,57.175,59.203,55.896,58.704,33655.0,124119640.0,35.9,37.2,35.08,36.88,True,精研科技,False
2021-06-21,58.704,59.172,57.815,58.454,21378.0,78500016.0,36.88,37.18,36.31,36.72,True,精研科技,False
2021-06-22,58.454,59.047,57.066,57.144,20103.0,72129564.0,36.72,37.1,35.83,35.88,True,精研科技,False
2021-06-23,57.284,60.966,56.879,60.716,47470.0,181192990.0,35.97,38.33,35.71,38.17,True,精研科技,False
2021-06-24,60.451,62.791,59.952,61.621,47960.0,185845000.0,38.0,39.5,37.68,38.75,True,精研科技,False
2021-06-25,61.527,61.995,59.671,61.371,33911.0,130862549.0,38.69,38.99,37.5,38.59,True,精研科技,False
2021-06-28,61.293,68.204,61.075,66.8,71690.0,301599830.0,38.54,42.97,38.4,42.07,True,精研科技,False
2021-06-29,66.753,66.753,64.835,64.85,36970.0,150911540.0,42.04,42.04,40.81,40.82,True,精研科技,False
2021-06-30,64.585,68.969,64.367,67.736,55778.0,238004726.0,40.65,43.46,40.51,42.67,True,精研科技,False
2021-07-01,67.736,69.031,65.911,66.379,43561.0,182084980.0,42.67,43.5,41.5,41.8,True,精研科技,False
2021-07-02,65.599,66.223,62.744,63.758,45659.0,183183908.0,41.3,41.7,39.47,40.12,True,精研科技,False
2021-07-05,63.774,64.46,61.886,64.008,27912.0,112429536.0,40.13,40.57,38.92,40.28,True,精研科技,False
2021-07-06,63.977,64.101,60.451,61.605,32003.0,123979622.0,40.26,40.34,38.0,38.74,True,精研科技,False
2021-07-07,61.231,62.947,61.013,62.12,22771.0,88966297.0,38.5,39.6,38.36,39.07,True,精研科技,False
2021-07-08,62.479,64.164,61.808,63.103,32087.0,127385390.0,39.3,40.38,38.87,39.7,True,精研科技,False
2021-07-09,62.479,64.601,62.276,63.555,22960.0,91817040.0,39.3,40.66,39.17,39.99,True,精研科技,False
2021-07-12,63.602,64.304,62.339,63.555,28697.0,114759303.0,40.02,40.47,39.21,39.99,True,精研科技,False
2021-07-13,63.587,64.008,62.011,62.276,23749.0,93024833.0,40.01,40.28,39.0,39.17,True,精研科技,False
2021-07-14,62.027,62.604,58.969,59.406,35219.0,131472527.0,39.01,39.38,37.05,37.33,True,精研科技,False
2021-07-15,59.359,59.359,57.487,58.423,20303.0,74512010.0,37.3,37.3,36.1,36.7,True,精研科技,False
2021-07-16,58.548,59.265,58.158,58.953,13309.0,49296536.0,36.78,37.24,36.53,37.04,True,精研科技,False
2021-07-19,58.283,59.047,57.113,58.392,14051.0,51539068.0,36.61,37.1,35.86,36.68,True,精研科技,False
2021-07-20,58.095,60.685,57.549,60.077,16823.0,63523648.0,36.49,38.15,36.14,37.76,True,精研科技,False
2021-07-21,60.279,62.916,59.468,61.995,32314.0,125992286.0,37.89,39.58,37.37,38.99,True,精研科技,False
2021-07-22,61.668,64.164,61.418,62.573,32488.0,127872768.0,38.78,40.38,38.62,39.36,True,精研科技,False
2021-07-23,62.058,62.198,60.217,60.981,23452.0,89914968.00000001,39.03,39.12,37.85,38.34,True,精研科技,False
2021-07-26,53.415,55.771,50.763,51.684,53089.0,171902182.0,33.49,35.0,31.79,32.38,True,精研科技,False
2021-07-27,51.871,52.105,49.687,49.843,35675.0,111306000.0,32.5,32.65,31.1,31.2,True,精研科技,False
2021-07-28,49.547,51.216,48.751,49.999,20480.0,64102400.0,31.01,32.08,30.5,31.3,True,精研科技,False
2021-07-29,50.28,51.075,49.905,50.061,17589.0,55123926.0,31.48,31.99,31.24,31.34,True,精研科技,False
2021-07-30,50.061,51.013,49.609,50.436,18277.0,57718766.0,31.34,31.95,31.05,31.58,True,精研科技,False
2021-08-02,50.935,50.935,48.735,50.171,29838.0,93721158.0,31.9,31.9,30.49,31.41,True,精研科技,False
2021-08-03,49.703,50.389,47.955,48.517,29267.0,88825345.0,31.11,31.55,29.99,30.35,True,精研科技,False
2021-08-04,48.923,49.125,48.143,48.876,21562.0,65936596.0,30.61,30.74,30.11,30.58,True,精研科技,False
2021-08-05,49.515,50.997,48.33,48.938,32806.0,100451972.0,30.99,31.94,30.23,30.62,True,精研科技,False
2021-08-06,48.985,49.141,47.753,48.47,21238.0,64393616.0,30.65,30.75,29.86,30.32,True,精研科技,False
2021-08-09,48.127,49.032,47.815,48.86,17890.0,54689730.0,30.1,30.68,29.9,30.57,True,精研科技,False
2021-08-10,48.86,49.687,48.408,49.531,21410.0,66371000.0,30.57,31.1,30.28,31.0,True,精研科技,False
2021-08-11,49.531,49.921,48.767,49.25,17124.0,52776168.0,31.0,31.25,30.51,30.82,True,精研科技,False
2021-08-12,48.907,49.874,48.907,49.344,20835.0,64338480.0,30.6,31.22,30.6,30.88,True,精研科技,False
2021-08-13,49.359,52.947,48.829,51.777,60387.0,195895428.0,30.89,33.19,30.55,32.44,True,精研科技,False
2021-08-16,51.777,51.777,49.843,50.139,37117.0,116510263.0,32.44,32.44,31.2,31.39,True,精研科技,False
2021-08-17,50.202,50.342,47.909,48.127,31085.0,93565850.0,31.43,31.52,29.96,30.1,True,精研科技,False
2021-08-18,47.815,48.189,47.066,47.753,21120.0,63064320.0,29.9,30.14,29.42,29.86,True,精研科技,False
2021-08-19,47.721,48.439,47.035,47.784,18063.0,53972244.0,29.84,30.3,29.4,29.88,True,精研科技,False
2021-08-20,47.456,47.862,46.411,46.957,18096.0,53111760.0,29.67,29.93,29.0,29.35,True,精研科技,False
2021-08-23,46.848,48.751,46.442,48.439,27490.0,83294700.0,29.28,30.5,29.02,30.3,True,精研科技,False
2021-08-24,48.798,48.798,46.583,47.113,29725.0,87540125.0,30.53,30.53,29.11,29.45,True,精研科技,False
2021-08-25,47.129,47.659,46.879,47.3,19913.0,58882741.0,29.46,29.8,29.3,29.57,True,精研科技,False
2021-08-26,47.3,47.3,45.319,45.319,33569.0,95000270.0,29.57,29.57,28.3,28.3,True,精研科技,False
2021-08-27,45.054,46.427,44.258,44.695,26868.0,74961720.0,28.13,29.01,27.62,27.9,True,精研科技,False
2021-08-30,44.555,44.929,43.79,44.196,21095.0,58180010.0,27.81,28.05,27.32,27.58,True,精研科技,False
2021-08-31,43.993,44.945,43.307,44.882,17376.0,48687552.0,27.45,28.06,27.01,28.02,True,精研科技,False
2021-09-01,45.179,46.083,44.383,45.553,22491.0,63986895.0,28.21,28.79,27.7,28.45,True,精研科技,False
2021-09-02,45.428,47.394,45.023,47.269,27929.0,82530195.0,28.37,29.63,28.11,29.55,True,精研科技,False
2021-09-03,47.269,52.308,47.269,50.888,69936.0,222886032.0,29.55,32.78,29.55,31.87,True,精研科技,False
2021-09-06,53.4,60.529,52.495,60.326,131857.0,500001744.0,33.48,38.05,32.9,37.92,True,精研科技,False
2021-09-07,57.799,60.732,57.113,58.095,109962.0,401251338.0,36.3,38.18,35.86,36.49,True,精研科技,False
2021-09-08,58.095,58.095,53.166,53.899,103148.0,348640240.0,36.49,36.49,33.33,33.8,True,精研科技,False
2021-09-09,54.211,58.563,52.698,55.927,100251.0,351881010.0,34.0,36.79,33.03,35.1,True,精研科技,False
2021-09-10,55.49,55.771,53.462,54.585,56420.0,193182080.0,34.82,35.0,33.52,34.24,True,精研科技,False
2021-09-13,54.819,57.596,52.526,56.395,61628.0,218163120.0,34.39,36.17,32.92,35.4,True,精研科技,False
2021-09-14,56.27,56.801,54.289,55.038,39505.0,136410765.0,35.32,35.66,34.05,34.53,True,精研科技,False
2021-09-15,54.663,56.567,53.681,54.663,39078.0,133998462.0,34.29,35.51,33.66,34.29,True,精研科技,False
2021-09-16,54.539,55.787,53.743,53.883,30981.0,104684799.0,34.21,35.01,33.7,33.79,True,精研科技,False
2021-09-17,53.556,54.492,52.433,52.994,24207.0,80415654.0,33.58,34.18,32.86,33.22,True,精研科技,False
2021-09-22,52.651,54.133,51.871,52.62,22345.0,73693810.0,33.0,33.95,32.5,32.98,True,精研科技,False
2021-09-23,52.651,53.525,52.183,53.384,19464.0,65146008.0,33.0,33.56,32.7,33.47,True,精研科技,False
2021-09-24,53.384,56.177,52.464,56.177,51301.0,180887326.0,33.47,35.26,32.88,35.26,True,精研科技,False
2021-09-27,55.771,56.145,52.791,52.869,41440.0,137332160.0,35.0,35.24,33.09,33.14,True,精研科技,False
2021-09-28,52.838,53.852,50.857,51.091,28575.0,91440000.0,33.12,33.77,31.85,32.0,True,精研科技,False
2021-09-29,50.389,50.982,48.501,48.501,27272.0,82743248.0,31.55,31.93,30.34,30.34,True,精研科技,False
2021-09-30,48.829,50.592,48.501,50.28,17354.0,54630392.0,30.55,31.68,30.34,31.48,True,精研科技,False
2021-10-08,50.186,55.365,50.108,54.991,47222.0,162915900.0,31.42,34.74,31.37,34.5,True,精研科技,False
2021-10-11,55.194,57.924,54.882,55.163,40032.0,138550752.0,34.63,36.38,34.43,34.61,True,精研科技,False
2021-10-12,55.147,57.924,54.227,56.645,50911.0,181039516.0,34.6,36.38,34.01,35.56,True,精研科技,False
2021-10-13,56.551,57.612,55.272,55.615,26924.0,93964760.0,35.5,36.18,34.68,34.9,True,精研科技,False
2021-10-14,62.011,65.911,59.718,61.886,165512.0,644172704.0,39.0,41.5,37.53,38.92,True,精研科技,False
2021-10-15,60.779,63.103,58.298,62.276,100177.0,392393309.0,38.21,39.7,36.62,39.17,True,精研科技,False
2021-10-18,61.091,61.995,59.78,60.061,50176.0,189414400.0,38.41,38.99,37.57,37.75,True,精研科技,False
2021-10-19,60.857,60.919,57.799,58.095,44219.0,161355131.0,38.26,38.3,36.3,36.49,True,精研科技,False
2021-10-20,57.893,59.905,57.893,59.265,40335.0,150207540.0,36.36,37.65,36.36,37.24,True,精研科技,False
2021-10-21,58.86,62.931,58.86,60.607,50835.0,193681350.0,36.98,39.59,36.98,38.1,True,精研科技,False
2021-10-22,60.233,63.509,60.155,61.2,41665.0,160326920.0,37.86,39.96,37.81,38.48,True,精研科技,False
2021-10-25,60.732,63.665,60.732,62.401,37854.0,148576950.0,38.18,40.06,38.18,39.25,True,精研科技,False
2021-10-26,62.526,71.527,61.98,70.014,125834.0,555305442.0,39.33,45.1,38.98,44.13,True,精研科技,False
2021-10-27,68.407,72.073,67.799,69.156,74212.0,323415896.0,43.1,45.45,42.71,43.58,True,精研科技,False
2021-10-28,68.563,78.391,68.563,73.118,138900.0,640606800.0,43.2,49.5,43.2,46.12,True,精研科技,False
2021-10-29,73.29,76.737,71.714,75.006,92485.0,437731505.0,46.23,48.44,45.22,47.33,True,精研科技,False
2021-11-01,76.051,79.327,74.819,78.313,109446.0,541210470.0,48.0,50.1,47.21,49.45,True,精研科技,False
2021-11-02,79.171,79.171,75.021,76.051,62323.0,299150400.0,50.0,50.0,47.34,48.0,True,精研科技,False
2021-11-03,75.521,78.079,74.351,76.581,58951.0,284969134.0,47.66,49.3,46.91,48.34,True,精研科技,False
2021-11-04,76.55,79.951,76.472,78.547,53566.0,265687360.0,48.32,50.5,48.27,49.6,True,精研科技,False
2021-11-05,78.547,90.668,76.769,85.567,123399.0,667588590.0,49.6,57.37,48.46,54.1,True,精研科技,False
2021-11-08,85.567,89.545,79.842,80.731,101235.0,516298500.0,54.1,56.65,50.43,51.0,True,精研科技,False
2021-11-09,80.934,84.522,77.221,82.759,85807.0,448770610.0,51.13,53.43,48.75,52.3,True,精研科技,False
2021-11-10,83.508,86.784,81.495,86.519,68969.0,377329399.0,52.78,54.88,51.49,54.71,True,精研科技,False
2021-11-11,84.085,89.311,83.867,85.473,46112.0,249189248.0,53.15,56.5,53.01,54.04,True,精研科技,False
2021-11-12,84.319,96.175,84.054,93.336,80423.0,475139084.0,53.3,60.9,53.13,59.08,True,精研科技,False
2021-11-15,90.871,93.024,88.063,90.013,53517.0,304779315.0,57.5,58.88,55.7,56.95,True,精研科技,False
2021-11-16,91.339,92.493,89.171,92.181,42995.0,250832830.0,57.8,58.54,56.41,58.34,True,精研科技,False
2021-11-17,90.793,94.007,90.715,92.712,30312.0,177870816.0,57.45,59.51,57.4,58.68,True,精研科技,False
2021-11-18,93.211,97.563,85.411,88.531,82781.0,463573600.0,59.0,61.79,54.0,56.0,True,精研科技,False
2021-11-19,87.252,88.328,84.397,84.631,86572.0,463160200.0,55.18,55.87,53.35,53.5,True,精研科技,False
2021-11-22,83.976,89.077,83.851,86.581,62816.0,343917600.0,53.08,56.35,53.0,54.75,True,精研科技,False
2021-11-23,87.111,87.158,82.041,83.601,61952.0,327354368.0,55.09,55.12,51.84,52.84,True,精研科技,False
2021-11-24,83.695,83.945,79.187,79.951,82479.0,416518950.0,52.9,53.06,50.01,50.5,True,精研科技,False
2021-11-25,81.199,81.199,77.549,78.75,51295.0,255090035.0,51.3,51.3,48.96,49.73,True,精研科技,False
2021-11-26,78.032,79.171,77.377,78.391,32579.0,161266050.0,49.27,50.0,48.85,49.5,True,精研科技,False
2021-11-29,77.767,84.319,76.987,83.835,82663.0,438031237.0,49.1,53.3,48.6,52.99,True,精研科技,False
2021-11-30,84.849,90.403,84.054,87.813,84558.0,469635132.0,53.64,57.2,53.13,55.54,True,精研科技,False
2021-12-01,86.971,88.344,85.115,85.863,50946.0,276585834.0,55.0,55.88,53.81,54.29,True,精研科技,False
2021-12-02,85.427,89.311,84.147,85.645,44998.0,243664170.0,54.01,56.5,53.19,54.15,True,精研科技,False
2021-12-03,85.973,91.167,85.973,88.827,60386.0,339308934.0,54.36,57.69,54.36,56.19,True,精研科技,False
2021-12-06,86.675,88.515,83.461,85.255,86993.0,468892270.0,54.81,55.99,52.75,53.9,True,精研科技,False
2021-12-07,85.583,86.472,81.979,82.681,44695.0,233531375.0,54.11,54.68,51.8,52.25,True,精研科技,False
2021-12-08,83.102,85.567,81.792,84.319,53673.0,286077090.0,52.52,54.1,51.68,53.3,True,精研科技,False
2021-12-09,84.927,87.735,82.291,84.319,39753.0,211883490.0,53.69,55.49,52.0,53.3,True,精研科技,False
2021-12-10,83.851,85.099,81.667,81.979,35304.0,182874720.0,53.0,53.8,51.6,51.8,True,精研科技,False
2021-12-13,82.073,82.104,79.109,80.263,43621.0,221158470.0,51.86,51.88,49.96,50.7,True,精研科技,False
2021-12-14,81.417,83.305,80.388,82.946,38563.0,202147246.0,51.44,52.65,50.78,52.42,True,精研科技,False
2021-12-15,80.871,87.486,80.871,85.224,61625.0,332035500.0,51.09,55.33,51.09,53.88,True,精研科技,False
2021-12-16,87.813,90.559,78.984,80.544,100008.0,508840704.0,55.54,57.3,49.88,50.88,True,精研科技,False
2021-12-17,79.639,83.071,79.389,81.059,66721.0,341678241.0,50.3,52.5,50.14,51.21,True,精研科技,False
2021-12-20,80.731,87.735,80.247,84.553,67841.0,362610145.0,51.0,55.49,50.69,53.45,True,精研科技,False
2021-12-21,85.848,86.097,82.447,84.678,43449.0,232582497.0,54.28,54.44,52.1,53.53,True,精研科技,False
2021-12-22,85.364,97.532,84.303,96.097,106217.0,646330445.0,53.97,61.77,53.29,60.85,True,精研科技,False
2021-12-23,96.768,99.233,93.024,93.679,67605.0,400897650.0,61.28,62.86,58.88,59.3,True,精研科技,False
2021-12-24,95.067,96.191,87.829,88.531,64001.0,358405600.0,60.19,60.91,55.55,56.0,True,精研科技,False
2021-12-27,89.42,94.319,88.079,91.76,62941.0,365498387.0,56.57,59.71,55.71,58.07,True,精研科技,False
2021-12-28,91.651,94.35,89.28,90.777,43839.0,251811216.0,58.0,59.73,56.48,57.44,True,精研科技,False
2021-12-29,90.715,93.819,89.701,91.651,31243.0,181209400.0,57.4,59.39,56.75,58.0,True,精研科技,False
2021-12-30,91.152,95.645,90.091,94.88,50143.0,301209001.0,57.68,60.56,57.0,60.07,True,精研科技,False
2021-12-31,93.96,95.972,93.211,94.693,31493.0,188800535.0,59.48,60.77,59.0,59.95,True,精研科技,False
2022-01-04,93.398,99.264,92.337,96.331,56662.0,345638200.0,59.12,62.88,58.44,61.0,True,精研科技,False
2022-01-05,96.144,96.331,87.876,90.372,60719.0,347191242.0,60.88,61.0,55.58,57.18,True,精研科技,False
2022-01-06,90.091,92.899,89.311,90.98,32256.0,185697792.0,57.0,58.8,56.5,57.57,True,精研科技,False
2022-01-07,91.011,93.476,86.019,86.737,37682.0,206685770.0,57.59,59.17,54.39,54.85,True,精研科技,False
2022-01-10,86.815,88.531,85.505,87.08,28078.0,154625546.0,54.9,56.0,54.06,55.07,True,精研科技,False
2022-01-11,86.971,87.735,78.953,80.31,69739.0,353785947.0,55.0,55.49,49.86,50.73,True,精研科技,False
2022-01-12,80.263,83.071,78.999,82.104,46198.0,239675224.0,50.7,52.5,49.89,51.88,True,精研科技,False
2022-01-13,82.119,85.801,79.249,83.18,46179.0,242763003.0,51.89,54.25,50.05,52.57,True,精研科技,False
2022-01-14,82.307,88.812,80.981,86.347,45909.0,250663140.0,52.01,56.18,51.16,54.6,True,精研科技,False
2022-01-17,83.133,89.295,83.133,88.5,37171.0,208083258.0,52.54,56.49,52.54,55.98,True,精研科技,False
2022-01-18,88.937,89.467,85.567,86.035,21000.0,114240000.0,56.26,56.6,54.1,54.4,True,精研科技,False
2022-01-19,85.458,86.191,82.135,83.305,23551.0,123996015.0,54.03,54.5,51.9,52.65,True,精研科技,False
2022-01-20,84.631,84.865,78.219,79.296,43349.0,217091792.0,53.5,53.65,49.39,50.08,True,精研科技,False
2022-01-21,79.608,80.684,77.705,79.452,23465.0,117747370.0,50.28,50.97,49.06,50.18,True,精研科技,False
2022-01-24,78.672,80.466,77.143,78.375,23486.0,116232214.0,49.68,50.83,48.7,49.49,True,精研科技,False
2022-01-25,78.36,79.514,73.524,74.429,36464.0,171234944.0,49.48,50.22,46.38,46.96,True,精研科技,False
2022-01-26,74.429,76.129,73.399,75.474,29907.0,142447041.0,46.96,48.05,46.3,47.63,True,精研科技,False
2022-01-27,75.271,78.999,72.931,73.399,51145.0,236801350.0,47.5,49.89,46.0,46.3,True,精研科技,False
2022-01-28,74.148,77.205,72.931,76.004,29060.0,139400820.0,46.78,48.74,46.0,47.97,True,精研科技,False
2022-02-07,76.987,78.173,71.683,73.789,53185.0,247576175.0,48.6,49.36,45.2,46.55,True,精研科技,False
2022-02-08,75.755,75.755,71.402,72.931,38011.0,174850600.0,47.81,47.81,45.02,46.0,True,精研科技,False
2022-02-09,72.042,73.383,70.123,73.274,31763.0,146808586.0,45.43,46.29,44.2,46.22,True,精研科技,False
2022-02-10,72.619,73.29,70.404,71.886,23663.0,107264379.0,45.8,46.23,44.38,45.33,True,精研科技,False
2022-02-11,72.073,72.073,68.547,69.0,33057.0,143731836.0,45.45,45.45,43.19,43.48,True,精研科技,False
2022-02-14,68.563,69.343,66.785,67.955,33813.0,144753453.0,43.2,43.7,42.06,42.81,True,精研科技,False
2022-02-15,68.111,71.309,67.955,70.841,28332.0,126530712.0,42.91,44.96,42.81,44.66,True,精研科技,False
2022-02-16,71.621,73.415,70.279,70.607,29782.0,132559682.0,45.16,46.31,44.3,44.51,True,精研科技,False
2022-02-17,70.638,73.087,70.139,72.276,35732.0,162866456.0,44.53,46.1,44.21,45.58,True,精研科技,False
2022-02-18,72.151,74.007,70.716,72.744,29880.0,137089440.0,45.5,46.69,44.58,45.88,True,精研科技,False
2022-02-21,72.931,74.787,71.917,74.195,23888.0,111819728.0,46.0,47.19,45.35,46.81,True,精研科技,False
2022-02-22,73.711,74.99,71.964,74.569,22409.0,105434345.0,46.5,47.32,45.38,47.05,True,精研科技,False
2022-02-23,74.179,77.19,73.274,76.956,26062.0,126609196.0,46.8,48.73,46.22,48.58,True,精研科技,False
2022-02-24,76.956,78.828,75.521,76.893,32889.0,159643206.0,48.58,49.78,47.66,48.54,True,精研科技,False
2022-02-25,77.923,81.059,76.909,79.951,31041.0,156757050.0,49.2,51.21,48.55,50.5,True,精研科技,False
2022-02-28,80.013,85.395,79.982,84.537,46051.0,246096544.0,50.54,53.99,50.52,53.44,True,精研科技,False
2022-03-01,83.258,85.161,81.979,83.461,26484.0,139703100.0,52.62,53.84,51.8,52.75,True,精研科技,False
2022-03-02,83.82,83.851,81.807,83.679,16842.0,89077338.0,52.98,53.0,51.69,52.89,True,精研科技,False
2022-03-03,83.321,84.787,81.792,84.241,23653.0,125952225.0,52.66,53.6,51.68,53.25,True,精研科技,False
2022-03-04,83.851,87.205,82.291,84.303,18485.0,98506565.0,53.0,55.15,52.0,53.29,True,精研科技,False
2022-03-07,83.523,84.849,80.949,81.948,25378.0,131407284.0,52.79,53.64,51.14,51.78,True,精研科技,False
2022-03-08,83.04,83.414,79.514,81.745,22934.0,118454110.0,52.48,52.72,50.22,51.65,True,精研科技,False
2022-03-09,82.26,83.024,75.77,80.107,33832.0,171189920.0,51.98,52.47,47.82,50.6,True,精研科技,False
2022-03-10,81.807,83.071,80.201,80.622,29573.0,150615289.0,51.69,52.5,50.66,50.93,True,精研科技,False
2022-03-11,80.154,82.587,77.408,82.197,19944.0,103589136.0,50.63,52.19,48.87,51.94,True,精研科技,False
2022-03-14,82.26,83.352,76.457,77.143,31191.0,151900170.0,51.98,52.68,48.26,48.7,True,精研科技,False
2022-03-15,76.285,77.127,72.931,73.727,22930.0,106647430.0,48.15,48.69,46.0,46.51,True,精研科技,False
2022-03-16,74.943,79.015,70.388,77.611,23351.0,114419900.0,47.29,49.9,44.37,49.0,True,精研科技,False
2022-03-17,79.062,80.497,77.611,78.656,15567.0,77321289.0,49.93,50.85,49.0,49.67,True,精研科技,False
2022-03-18,79.202,79.717,76.363,77.985,12229.0,60215596.0,50.02,50.35,48.2,49.24,True,精研科技,False
2022-03-21,77.954,78.391,74.413,76.176,25196.0,121142368.0,49.22,49.5,46.95,48.08,True,精研科技,False
2022-03-22,75.817,76.8,74.631,76.176,12655.0,60845240.0,47.85,48.48,47.09,48.08,True,精研科技,False
2022-03-23,75.271,77.33,74.319,76.488,16450.0,79420600.0,47.5,48.82,46.89,48.28,True,精研科技,False
2022-03-24,76.098,76.223,73.399,75.63,19303.0,92133219.0,48.03,48.11,46.3,47.73,True,精研科技,False
2022-03-25,75.63,76.659,71.34,72.713,31125.0,142739250.0,47.73,48.39,44.98,45.86,True,精研科技,False
2022-03-28,73.851,74.023,69.78,73.477,21774.0,100922490.0,46.59,46.7,43.98,46.35,True,精研科技,False
2022-03-29,73.399,73.399,69.811,69.858,20635.0,90855905.0,46.3,46.3,44.0,44.03,True,精研科技,False
2022-03-30,70.373,71.667,68.189,71.324,29382.0,132130854.0,44.36,45.19,42.96,44.97,True,精研科技,False
2022-03-31,71.277,71.277,68.251,69.234,24287.0,105964181.0,44.94,44.94,43.0,43.63,True,精研科技,False
2022-04-01,68.438,68.438,59.718,60.467,102201.0,388466001.0,43.12,43.12,37.53,38.01,True,精研科技,False
2022-04-06,60.56,60.732,58.61,59.515,46291.0,173128340.0,38.07,38.18,36.82,37.4,True,精研科技,False
2022-04-07,59.187,59.515,56.941,59.016,39549.0,146647692.0,37.19,37.4,35.75,37.08,True,精研科技,False
2022-04-08,58.361,59.671,57.378,58.439,35978.0,132075238.0,36.66,37.5,36.03,36.71,True,精研科技,False
2022-04-11,57.534,58.407,55.818,56.691,30097.0,107115223.0,36.13,36.69,35.03,35.59,True,精研科技,False
2022-04-12,55.116,56.863,54.913,56.161,19187.0,67634175.0,34.58,35.7,34.45,35.25,True,精研科技,False
2022-04-13,55.771,55.927,53.899,54.211,16462.0,55970800.0,35.0,35.1,33.8,34.0,True,精研科技,False
2022-04-14,54.133,54.398,52.947,53.837,20752.0,70058752.0,33.95,34.12,33.19,33.76,True,精研科技,False
2022-04-15,53.54,53.883,52.089,52.417,24651.0,80978535.0,33.57,33.79,32.64,32.85,True,精研科技,False
2022-04-18,52.589,55.49,51.294,55.49,40194.0,139955508.0,32.96,34.82,32.13,34.82,True,精研科技,False
2022-04-19,55.709,56.145,53.868,54.476,17713.0,60525321.0,34.96,35.24,33.78,34.17,True,精研科技,False
2022-04-20,54.476,55.178,52.651,52.963,24401.0,81011320.0,34.17,34.62,33.0,33.2,True,精研科技,False
2022-04-21,53.665,53.821,50.654,51.434,18698.0,60244956.0,33.65,33.75,31.72,32.22,True,精研科技,False
2022-04-22,50.467,51.637,49.718,50.951,20239.0,64582649.0,31.6,32.35,31.12,31.91,True,精研科技,False
2022-04-25,49.843,50.841,46.411,46.77,22944.0,67065312.0,31.2,31.84,29.0,29.23,True,精研科技,False
2022-04-26,47.675,48.127,44.945,45.272,20302.0,57393754.0,29.81,30.1,28.06,28.27,True,精研科技,False
2022-04-27,44.851,47.784,44.087,47.207,33735.0,99551985.0,28.0,29.88,27.51,29.51,True,精研科技,False
2022-04-28,47.004,47.971,45.662,46.224,23844.0,68861472.0,29.38,30.0,28.52,28.88,True,精研科技,False
2022-04-29,46.723,52.557,46.411,52.152,50077.0,163651636.0,29.2,32.94,29.0,32.68,True,精研科技,False
2022-05-05,51.559,56.239,51.309,54.773,53708.0,184540688.0,32.3,35.3,32.14,34.36,True,精研科技,False
2022-05-06,52.963,54.819,52.183,53.213,24928.0,83159808.0,33.2,34.39,32.7,33.36,True,精研科技,False
2022-05-09,53.01,53.478,52.152,52.604,16986.0,56002842.0,33.23,33.53,32.68,32.97,True,精研科技,False
2022-05-10,52.152,55.709,51.107,55.085,26511.0,91622016.0,32.68,34.96,32.01,34.56,True,精研科技,False
2022-05-11,54.741,58.704,54.585,56.067,32640.0,114860160.0,34.34,36.88,34.24,35.19,True,精研科技,False
2022-05-12,56.504,59.172,56.083,58.454,41368.0,151903296.0,35.47,37.18,35.2,36.72,True,精研科技,False
2022-05-13,58.938,61.2,57.144,58.657,22695.0,83631075.0,37.03,38.48,35.88,36.85,True,精研科技,False
2022-05-16,58.829,59.312,57.799,57.955,16410.0,59732400.0,36.96,37.27,36.3,36.4,True,精研科技,False
2022-05-17,57.908,59.484,57.331,59.016,13002.0,48211416.0,36.37,37.38,36.0,37.08,True,精研科技,False
2022-05-18,60.279,63.774,58.361,63.399,37027.0,147700703.0,37.89,40.13,36.66,39.89,True,精研科技,False
2022-05-19,62.027,63.899,61.231,63.353,25294.0,100821884.0,39.01,40.21,38.5,39.86,True,精研科技,False
2022-05-20,63.399,64.008,61.699,62.76,19109.0,75442332.0,39.89,40.28,38.8,39.48,True,精研科技,False
2022-05-23,63.555,63.555,60.95,61.761,15234.0,59168856.00000001,39.99,39.99,38.32,38.84,True,精研科技,False
2022-05-24,62.791,62.791,58.579,58.704,18239.0,67265432.0,39.5,39.5,36.8,36.88,True,精研科技,False
2022-05-25,59.515,59.655,57.69,58.485,13940.0,51215560.0,37.4,37.49,36.23,36.74,True,精研科技,False
2022-05-26,58.579,62.651,56.239,61.933,28167.0,109710465.0,36.8,39.41,35.3,38.95,True,精研科技,False
2022-05-27,62.229,63.384,60.03,61.013,19563.0,75043668.0,39.14,39.88,37.73,38.36,True,精研科技,False
2022-05-30,61.278,62.307,58.938,60.794,14388.0,54990936.0,38.53,39.19,37.03,38.22,True,精研科技,False
2022-05-31,60.451,64.913,59.047,64.335,36844.0,149181356.0,38.0,40.86,37.1,40.49,True,精研科技,False
2022-06-01,64.413,64.429,61.668,62.791,31210.0,123279500.0,40.54,40.55,38.78,39.5,True,精研科技,False
2022-06-02,62.167,64.179,62.089,63.337,15099.0,60169515.0,39.1,40.39,39.05,39.85,True,精研科技,False
2022-06-06,63.899,66.098,62.853,64.679,27692.0,112734132.0,40.21,41.62,39.54,40.71,True,精研科技,False
2022-06-07,64.632,67.97,64.476,67.752,38468.0,164181424.0,40.68,42.82,40.58,42.68,True,精研科技,False
2022-06-08,67.658,68.142,65.443,66.863,27264.0,114808704.0,42.62,42.93,41.2,42.11,True,精研科技,False
2022-06-09,66.207,66.379,62.947,64.07,23053.0,92949696.0,41.69,41.8,39.6,40.32,True,精研科技,False
2022-06-10,64.039,66.301,63.103,63.758,37941.0,152219292.0,40.3,41.75,39.7,40.12,True,精研科技,False
2022-06-13,63.696,64.538,61.044,62.292,34683.0,135887994.0,40.08,40.62,38.38,39.18,True,精研科技,False
2022-06-14,62.479,62.479,59.359,60.981,27843.0,106750062.0,39.3,39.3,37.3,38.34,True,精研科技,False
2022-06-15,61.559,64.788,61.559,63.025,31889.0,126439885.0,38.71,40.78,38.71,39.65,True,精研科技,False
2022-06-16,62.91,64.725,62.292,62.554,22755.0,74272320.0,32.83,33.8,32.5,32.64,True,精研科技,False
2022-06-17,62.292,64.07,60.42,61.992,35051.0,113354934.0,32.5,33.45,31.5,32.34,True,精研科技,False
2022-06-20,62.91,64.632,61.524,61.936,31101.0,100487331.0,32.83,33.75,32.09,32.31,True,精研科技,False
2022-06-21,62.479,62.741,60.27,61.318,32261.0,103170678.0,32.6,32.74,31.42,31.98,True,精研科技,False
2022-06-22,61.318,61.917,58.061,58.885,33518.0,102833224.0,31.98,32.3,30.24,30.68,True,精研科技,False
2022-06-23,58.304,59.166,57.537,58.398,44147.0,134295174.0,30.37,30.83,29.96,30.42,True,精研科技,False
2022-06-24,58.922,60.289,58.248,58.904,34016.0,104395104.0,30.7,31.43,30.34,30.69,True,精研科技,False
2022-06-27,58.96,61.15,58.042,59.896,27761.0,86669842.0,30.72,31.89,30.23,31.22,True,精研科技,False
2022-06-28,59.783,59.783,57.032,59.278,38643.0,119368227.0,31.16,31.16,29.69,30.89,True,精研科技,False
2022-06-29,59.091,59.971,56.676,57.088,29739.0,88384308.0,30.79,31.26,29.5,29.72,True,精研科技,False
2022-06-30,56.957,58.417,56.751,56.844,28772.0,85136348.0,29.65,30.43,29.54,29.59,True,精研科技,False
2022-07-01,56.975,57.556,56.582,57.312,23445.0,69959880.0,29.66,29.97,29.45,29.84,True,精研科技,False
2022-07-04,56.994,57.2,55.365,56.077,38791.0,113192138.0,29.67,29.78,28.8,29.18,True,精研科技,False
2022-07-05,55.796,56.657,53.812,54.804,35878.0,102252300.0,29.03,29.49,27.97,28.5,True,精研科技,False
2022-07-06,54.692,55.085,53.437,54.055,22831.0,64155110.0,28.44,28.65,27.77,28.1,True,精研科技,False
2022-07-07,53.793,55.272,53.231,54.411,33704.0,95348616.0,27.96,28.75,27.66,28.29,True,精研科技,False
2022-07-08,54.635,58.66,54.411,57.518,65946.0,197508270.0,28.41,30.56,28.29,29.95,True,精研科技,False
2022-07-11,57.518,57.649,54.523,54.935,39932.0,114085724.0,29.95,30.02,28.35,28.57,True,精研科技,False
2022-07-12,55.103,55.122,52.277,52.426,44132.0,120171436.0,28.66,28.67,27.15,27.23,True,精研科技,False
2022-07-13,52.501,54.373,52.183,53.194,27171.0,75100644.0,27.27,28.27,27.1,27.64,True,精研科技,False
2022-07-14,53.119,53.849,52.37,52.651,32206.0,88083410.0,27.6,27.99,27.2,27.35,True,精研科技,False
2022-07-15,52.464,53.961,52.015,52.557,31002.0,84635460.0,27.25,28.05,27.01,27.3,True,精研科技,False
2022-07-18,52.763,54.654,52.557,54.186,62370.0,175696290.0,27.41,28.42,27.3,28.17,True,精研科技,False
2022-07-19,54.336,55.89,52.82,54.336,60676.0,171409700.0,28.25,29.08,27.44,28.25,True,精研科技,False
2022-07-20,54.486,55.515,54.018,55.178,45192.0,129701040.0,28.33,28.88,28.08,28.7,True,精研科技,False
2022-07-21,55.103,58.473,54.186,57.78,85623.0,257639607.0,28.66,30.46,28.17,30.09,True,精研科技,False
2022-07-22,57.368,59.634,56.863,57.687,74505.0,223813020.0,29.87,31.08,29.6,30.04,True,精研科技,False
2022-07-25,56.938,58.136,55.178,55.291,66130.0,190189880.0,29.64,30.28,28.7,28.76,True,精研科技,False
2022-07-26,55.44,56.264,53.868,54.411,48883.0,138290007.0,28.84,29.28,28.0,28.29,True,精研科技,False
2022-07-27,54.448,61.131,54.392,60.981,100773.0,320458140.0,28.31,31.88,28.28,31.8,True,精研科技,False
2022-07-28,61.356,63.378,60.42,61.88,86469.0,279121932.0,32.0,33.08,31.5,32.28,True,精研科技,False
2022-07-29,61.917,62.46,60.476,60.907,42587.0,135256312.0,32.3,32.59,31.53,31.76,True,精研科技,False
2022-08-01,61.075,66.223,60.045,65.381,84342.0,288027930.0,31.85,34.6,31.3,34.15,True,精研科技,False
2022-08-02,64.501,65.362,60.719,61.786,78854.0,254146442.0,33.68,34.14,31.66,32.23,True,精研科技,False
2022-08-03,62.591,63.977,59.446,60.289,79723.0,250569389.0,32.66,33.4,30.98,31.43,True,精研科技,False
2022-08-04,59.708,61.337,59.222,60.682,38929.0,123171356.0,31.12,31.99,30.86,31.64,True,精研科技,False
2022-08-05,60.682,62.853,60.176,62.329,63452.0,206345904.00000003,31.64,32.8,31.37,32.52,True,精研科技,False
2022-08-08,63.228,67.683,61.974,67.253,104301.0,366618015.0,33.0,35.38,32.33,35.15,True,精研科技,False
2022-08-09,66.916,69.499,65.98,68.713,78746.0,282934378.0,34.97,36.35,34.47,35.93,True,精研科技,False
2022-08-10,71.09,71.652,67.533,68.844,93202.0,335527200.0,37.2,37.5,35.3,36.0,True,精研科技,False
2022-08-11,68.338,76.051,67.945,75.171,124582.0,490603916.00000006,35.73,39.85,35.52,39.38,True,精研科技,False
2022-08-12,75.321,77.268,71.072,71.596,128733.0,482362551.0,39.46,40.5,37.19,37.47,True,精研科技,False
2022-08-15,71.315,71.839,68.432,68.825,103234.0,371539166.0,37.32,37.6,35.78,35.99,True,精研科技,False
2022-08-16,68.844,72.401,67.683,70.51,112826.0,416215114.0,36.0,37.9,35.38,36.89,True,精研科技,False
2022-08-17,70.716,73.543,69.499,72.869,84050.0,320650750.0,37.0,38.51,36.35,38.15,True,精研科技,False
2022-08-18,72.588,77.829,71.427,76.407,114948.0,460251792.0,38.0,40.8,37.38,40.04,True,精研科技,False
2022-08-19,77.455,79.121,74.46,74.666,90161.0,352619671.0,40.6,41.49,39.0,39.11,True,精研科技,False
2022-08-22,74.834,77.829,72.27,74.179,84092.0,326697420.0,39.2,40.8,37.83,38.85,True,精研科技,False
2022-08-23,72.906,74.104,71.558,72.195,69458.0,262481782.0,38.17,38.81,37.45,37.79,True,精研科技,False
2022-08-24,72.625,72.663,66.991,67.908,87479.0,310550450.0,38.02,38.04,35.01,35.5,True,精研科技,False
2022-08-25,68.282,68.863,65.006,66.597,55502.0,193146960.0,35.7,36.01,33.95,34.8,True,精研科技,False
2022-08-26,67.552,68.806,65.718,67.44,42632.0,150277800.0,35.31,35.98,34.33,35.25,True,精研科技,False
2022-08-29,65.661,68.657,64.164,67.047,39304.0,137721216.0,34.3,35.9,33.5,35.04,True,精研科技,False
2022-08-30,67.29,69.649,66.223,67.477,34888.0,123049976.0,35.17,36.43,34.6,35.27,True,精研科技,False
2022-08-31,67.159,67.365,62.385,62.779,66060.0,216412560.0,35.1,35.21,32.55,32.76,True,精研科技,False
2022-09-01,62.891,62.947,58.173,58.567,85252.0,260103852.0,32.82,32.85,30.3,30.51,True,精研科技,False
2022-09-02,58.492,61.599,57.78,60.513,56448.0,178093440.0,30.47,32.13,30.09,31.55,True,精研科技,False
2022-09-05,59.914,64.463,59.634,62.853,62511.0,205036080.0,31.23,33.66,31.08,32.8,True,精研科技,False
2022-09-06,62.629,62.966,60.907,62.011,40972.0,132544420.0,32.68,32.86,31.76,32.35,True,精研科技,False
2022-09-07,61.618,63.565,61.356,62.292,33037.0,107370250.0,32.14,33.18,32.0,32.5,True,精研科技,False
2022-09-08,61.861,63.509,60.495,61.449,32376.0,103765080.0,32.27,33.15,31.54,32.05,True,精研科技,False
2022-09-09,61.637,62.011,59.933,60.944,24236.0,77022008.0,32.15,32.35,31.24,31.78,True,精研科技,False
2022-09-13,61.225,62.685,60.251,61.393,29255.0,93674510.0,31.93,32.71,31.41,32.02,True,精研科技,False
2022-09-14,60.27,60.981,59.109,59.521,31061.0,96351222.0,31.42,31.8,30.8,31.02,True,精研科技,False
2022-09-15,60.008,60.251,56.489,56.957,38122.0,113031730.0,31.28,31.41,29.4,29.65,True,精研科技,False
2022-09-16,56.844,57.612,55.553,56.189,31597.0,92389628.0,29.59,30.0,28.9,29.24,True,精研科技,False
2022-09-19,55.74,56.283,53.905,53.961,29112.0,81659160.0,29.0,29.29,28.02,28.05,True,精研科技,False
2022-09-20,54.579,56.058,54.317,55.59,27476.0,79460592.0,28.38,29.17,28.24,28.92,True,精研科技,False
2022-09-21,55.74,56.414,54.092,54.542,29868.0,84705648.0,29.0,29.36,28.12,28.36,True,精研科技,False
2022-09-22,53.924,55.122,53.699,54.336,19435.0,54903875.0,28.03,28.67,27.91,28.25,True,精研科技,False
2022-09-23,54.149,54.823,53.306,54.336,31696.0,89541200.0,28.15,28.51,27.7,28.25,True,精研科技,False
2022-09-26,53.681,57.294,53.4,56.788,55991.0,165509396.0,27.9,29.83,27.75,29.56,True,精研科技,False
2022-09-27,56.545,58.323,55.927,57.893,41795.0,126011925.0,29.43,30.38,29.1,30.15,True,精研科技,False
2022-09-28,56.676,57.687,55.927,56.189,30540.0,89298960.0,29.5,30.04,29.1,29.24,True,精研科技,False
2022-09-29,56.695,57.387,55.272,56.039,30233.0,88159428.0,29.51,29.88,28.75,29.16,True,精研科技,False
2022-09-30,56.451,56.451,54.149,55.272,23338.0,67096750.0,29.38,29.38,28.15,28.75,True,精研科技,False
2022-10-10,56.676,56.676,52.183,52.932,30965.0,85153750.0,29.5,29.5,27.1,27.5,True,精研科技,False
2022-10-11,52.539,53.044,51.06,51.902,20086.0,54131770.0,27.29,27.56,26.5,26.95,True,精研科技,False
2022-10-12,53.437,55.178,51.359,54.916,41913.0,119703528.0,27.77,28.7,26.66,28.56,True,精研科技,False
2022-10-13,54.579,55.459,53.119,53.325,32031.0,88757901.0,28.38,28.85,27.6,27.71,True,精研科技,False
2022-10-14,53.681,56.021,53.681,55.684,35612.0,103167964.0,27.9,29.15,27.9,28.97,True,精研科技,False
2022-10-17,55.178,56.863,54.991,56.676,30849.0,91004550.0,28.7,29.6,28.6,29.5,True,精研科技,False
2022-10-18,56.844,58.417,55.833,57.799,36167.0,108862670.0,29.59,30.43,29.05,30.1,True,精研科技,False
2022-10-19,57.612,58.417,56.002,56.526,33285.0,97924470.0,30.0,30.43,29.14,29.42,True,精研科技,False
2022-10-20,56.32,57.237,54.242,55.646,39880.0,115452600.0,29.31,29.8,28.2,28.95,True,精研科技,False
2022-10-21,55.628,56.227,54.149,54.429,29599.0,83765170.0,28.94,29.26,28.15,28.3,True,精研科技,False
2022-10-24,54.411,56.545,53.306,53.905,38417.0,107644434.0,28.29,29.43,27.7,28.02,True,精研科技,False
2022-10-25,53.587,54.729,52.651,53.868,30645.0,85806000.0,27.85,28.46,27.35,28.0,True,精研科技,False
2022-10-26,53.493,56.451,53.381,55.328,44809.0,128960302.0,27.8,29.38,27.74,28.78,True,精研科技,False
2022-10-27,55.328,56.489,54.336,55.365,39275.0,113112000.0,28.78,29.4,28.25,28.8,True,精研科技,False
2022-10-28,55.253,57.537,54.167,54.766,69350.0,197508800.0,28.74,29.96,28.16,28.48,True,精研科技,False
2022-10-31,54.879,57.013,54.355,55.721,45040.0,130570960.0,28.54,29.68,28.26,28.99,True,精研科技,False
2022-11-01,55.815,57.799,55.122,57.762,48219.0,145042752.0,29.04,30.1,28.67,30.08,True,精研科技,False
2022-11-02,58.155,59.727,57.93,59.166,48203.0,148609849.0,30.29,31.13,30.17,30.83,True,精研科技,False
2022-11-03,59.765,60.888,58.136,58.679,53581.0,163797117.0,31.15,31.75,30.28,30.57,True,精研科技,False
2022-11-04,58.735,60.027,58.304,59.222,50653.0,156315158.0,30.6,31.29,30.37,30.86,True,精研科技,False
2022-11-07,59.222,60.888,59.166,60.42,43682.0,137598300.0,30.86,31.75,30.83,31.5,True,精研科技,False
2022-11-08,60.045,60.326,58.585,59.297,32470.0,100332300.0,31.3,31.45,30.52,30.9,True,精研科技,False
2022-11-09,58.473,59.24,57.949,58.548,24566.0,74926300.0,30.46,30.87,30.18,30.5,True,精研科技,False
2022-11-10,58.548,58.548,56.564,56.564,47242.0,139080448.0,30.5,30.5,29.44,29.44,True,精研科技,False
2022-11-11,57.537,58.66,56.601,57.2,41201.0,122696578.0,29.96,30.56,29.46,29.78,True,精研科技,False
2022-11-14,57.106,57.724,55.347,55.646,33873.0,98062335.0,29.73,30.06,28.79,28.95,True,精研科技,False
2022-11-15,55.384,60.944,55.178,60.401,70632.0,222420168.0,28.81,31.78,28.7,31.49,True,精研科技,False
2022-11-16,60.42,61.094,59.596,60.008,39942.0,124938576.0,31.5,31.86,31.06,31.28,True,精研科技,False
2022-11-17,60.045,60.401,58.866,60.382,37732.0,118780336.0,31.3,31.49,30.67,31.48,True,精研科技,False
2022-11-18,59.952,61.768,59.858,60.139,41262.0,129356370.0,31.25,32.22,31.2,31.35,True,精研科技,False
2022-11-21,59.877,61.693,58.735,61.337,41260.0,131990740.0,31.21,32.18,30.6,31.99,True,精研科技,False
2022-11-22,61.318,62.236,59.858,60.233,37497.0,117740580.0,31.98,32.47,31.2,31.4,True,精研科技,False
2022-11-23,60.195,60.401,58.173,59.39,23134.0,71599730.0,31.38,31.49,30.3,30.95,True,精研科技,False
2022-11-24,59.016,60.832,59.016,60.289,23491.0,73832213.0,30.75,31.72,30.75,31.43,True,精研科技,False
2022-11-25,59.989,60.382,58.23,58.304,23561.0,71554757.0,31.27,31.48,30.33,30.37,True,精研科技,False
2022-11-28,57.406,58.061,56.114,56.751,28936.0,85476944.0,29.89,30.24,29.2,29.54,True,精研科技,False
2022-11-29,56.676,58.641,56.414,57.5,35024.0,104861856.0,29.5,30.55,29.36,29.94,True,精研科技,False
2022-11-30,57.612,58.024,56.283,56.564,29449.0,86697856.0,30.0,30.22,29.29,29.44,True,精研科技,False
2022-12-01,57.331,59.896,56.9,58.398,53007.0,161247294.0,29.85,31.22,29.62,30.42,True,精研科技,False
2022-12-02,58.005,60.27,57.855,59.446,39463.0,122256374.0,30.21,31.42,30.13,30.98,True,精研科技,False
2022-12-05,59.446,59.933,58.342,59.765,32723.0,101932145.0,30.98,31.24,30.39,31.15,True,精研科技,False
2022-12-06,59.559,60.326,59.259,60.289,26692.0,83892956.0,31.04,31.45,30.88,31.43,True,精研科技,False
2022-12-07,59.297,60.364,56.975,58.173,81230.0,246126900.0,30.9,31.47,29.66,30.3,True,精研科技,False
2022-12-08,58.211,58.604,56.863,58.042,51128.0,154559944.0,30.32,30.53,29.6,30.23,True,精研科技,False
2022-12-09,57.518,61.73,56.863,60.326,99515.0,312974675.0,29.95,32.2,29.6,31.45,True,精研科技,False
2022-12-12,58.548,58.941,55.459,56.451,127747.0,375320686.0,30.5,30.71,28.85,29.38,True,精研科技,False
2022-12-13,55.833,56.844,55.478,56.133,36286.0,105991406.0,29.05,29.59,28.86,29.21,True,精研科技,False
2022-12-14,55.927,57.574,55.702,55.946,33551.0,97666961.0,29.1,29.98,28.98,29.11,True,精研科技,False
2022-12-15,55.515,56.564,55.515,55.89,24562.0,71426296.0,28.88,29.44,28.88,29.08,True,精研科技,False
2022-12-16,55.197,55.74,53.306,54.167,41985.0,118229760.0,28.71,29.0,27.7,28.16,True,精研科技,False
2022-12-19,54.317,54.654,53.119,53.662,20801.0,58013989.0,28.24,28.42,27.6,27.89,True,精研科技,False
2022-12-20,53.325,54.879,53.231,54.298,22142.0,62506866.0,27.71,28.54,27.66,28.23,True,精研科技,False
2022-12-21,54.448,54.448,52.782,52.988,18774.0,51684822.0,28.31,28.31,27.42,27.53,True,精研科技,False
2022-12-22,53.306,53.662,52.146,52.389,16383.0,44578143.0,27.7,27.89,27.08,27.21,True,精研科技,False
2022-12-23,51.996,52.651,51.715,52.408,13528.0,36823216.0,27.0,27.35,26.85,27.22,True,精研科技,False
2022-12-26,52.277,54.71,52.015,54.504,29502.0,83608668.0,27.15,28.45,27.01,28.34,True,精研科技,False
2022-12-27,54.486,54.617,53.587,54.392,14079.0,39815412.0,28.33,28.4,27.85,28.28,True,精研科技,False
2022-12-28,54.841,54.841,53.362,53.961,15184.0,42591120.0,28.52,28.52,27.73,28.05,True,精研科技,False
2022-12-29,53.699,54.579,53.587,53.756,15366.0,42932604.0,27.91,28.38,27.85,27.94,True,精研科技,False
2022-12-30,54.205,54.242,53.55,54.224,15918.0,44872842.0,28.18,28.2,27.83,28.19,True,精研科技,False
2023-01-03,54.411,55.347,53.887,55.103,25601.0,73372466.0,28.29,28.79,28.01,28.66,True,精研科技,False
2023-01-04,55.01,55.291,53.306,53.774,28598.0,79931410.0,28.61,28.76,27.7,27.95,True,精研科技,False
2023-01-05,53.793,54.542,53.381,54.074,27049.0,76034739.0,27.96,28.36,27.74,28.11,True,精研科技,False
2023-01-06,54.074,54.748,53.756,54.149,22472.0,63258680.0,28.11,28.47,27.94,28.15,True,精研科技,False
2023-01-09,54.298,54.935,54.036,54.56,18238.0,51741206.0,28.23,28.57,28.09,28.37,True,精研科技,False
2023-01-10,54.56,55.721,54.092,55.178,25641.0,73589670.0,28.37,28.99,28.12,28.7,True,精研科技,False
2023-01-11,54.897,55.553,53.905,54.092,29685.0,83474220.0,28.55,28.9,28.02,28.12,True,精研科技,False
2023-01-12,54.205,54.411,53.475,53.55,22520.0,62673159.99999999,28.18,28.29,27.79,27.83,True,精研科技,False
2023-01-13,53.887,54.036,52.838,53.699,22617.0,63124047.0,28.01,28.09,27.45,27.91,True,精研科技,False
2023-01-16,44.714,47.69,44.339,45.987,223516.0,531744564.0,23.11,24.7,22.91,23.79,True,精研科技,False
2023-01-17,44.564,45.107,44.246,44.339,101795.0,233212345.0,23.03,23.32,22.86,22.91,True,精研科技,False
2023-01-18,44.358,44.601,44.096,44.152,51210.0,116810010.0,22.92,23.05,22.78,22.81,True,精研科技,False
2023-01-19,44.096,44.096,43.46,43.946,55955.0,127017850.0,22.78,22.78,22.44,22.7,True,精研科技,False
2023-01-20,43.984,44.339,43.946,44.227,39602.0,90490570.0,22.72,22.91,22.7,22.85,True,精研科技,False
2023-01-30,44.789,46.342,44.508,45.687,112011.0,264681993.0,23.15,23.98,23.0,23.63,True,精研科技,False
2023-01-31,45.8,46.492,45.668,46.249,61152.0,146336736.0,23.69,24.06,23.62,23.93,True,精研科技,False
2023-02-01,46.567,46.792,45.874,46.736,60082.0,145338358.0,24.1,24.22,23.73,24.19,True,精研科技,False
2023-02-02,46.736,46.941,46.08,46.193,53268.0,127310520.0,24.19,24.3,23.84,23.9,True,精研科技,False
2023-02-03,46.174,46.885,45.612,46.698,60071.0,145191607.0,23.89,24.27,23.59,24.17,True,精研科技,False
2023-02-06,46.38,46.567,45.818,46.08,55851.0,133148784.0,24.0,24.1,23.7,23.84,True,精研科技,False
2023-02-07,45.931,47.896,45.743,47.466,79078.0,194373724.0,23.76,24.81,23.66,24.58,True,精研科技,False
2023-02-08,47.503,51.116,47.466,49.431,132463.0,339502669.0,24.6,26.53,24.58,25.63,True,精研科技,False
2023-02-09,49.188,50.461,48.214,49.993,80183.0,207914519.0,25.5,26.18,24.98,25.93,True,精研科技,False
2023-02-10,49.862,49.862,48.589,48.982,59081.0,150006659.0,25.86,25.86,25.18,25.39,True,精研科技,False
2023-02-13,48.645,49.019,48.476,48.832,40077.0,101434887.0,25.21,25.41,25.12,25.31,True,精研科技,False
2023-02-14,49.45,49.45,48.008,48.476,43780.0,109975360.0,25.64,25.64,24.87,25.12,True,精研科技,False
2023-02-15,48.608,49.319,48.364,48.608,53871.0,135701049.0,25.19,25.57,25.06,25.19,True,精研科技,False
2023-02-16,48.907,49.188,46.567,47.072,61520.0,149924240.0,25.35,25.5,24.1,24.37,True,精研科技,False
2023-02-17,47.316,48.121,46.96,47.222,50462.0,123379590.0,24.5,24.93,24.31,24.45,True,精研科技,False
2023-02-20,47.222,47.222,46.193,47.054,41217.0,100404612.0,24.45,24.45,23.9,24.36,True,精研科技,False
2023-02-21,47.185,48.102,47.016,47.484,35476.0,87235484.0,24.43,24.92,24.34,24.59,True,精研科技,False
2023-02-22,47.466,47.466,46.679,46.979,39596.0,96297472.0,24.58,24.58,24.16,24.32,True,精研科技,False
2023-02-23,46.923,47.166,46.38,46.661,27698.0,66890669.99999999,24.29,24.42,24.0,24.15,True,精研科技,False
2023-02-24,46.717,46.754,45.781,46.024,39038.0,92949478.0,24.18,24.2,23.68,23.81,True,精研科技,False
2023-02-27,46.024,46.062,44.62,45.144,46074.0,107536716.0,23.81,23.83,23.06,23.34,True,精研科技,False
2023-02-28,44.976,45.481,44.882,45.444,27179.0,63870650.0,23.25,23.52,23.2,23.5,True,精研科技,False
2023-03-01,45.444,45.631,45.163,45.313,41379.0,96950997.0,23.5,23.6,23.35,23.43,True,精研科技,False
2023-03-02,45.35,45.725,44.714,44.976,40217.0,93504525.0,23.45,23.65,23.11,23.25,True,精研科技,False
2023-03-03,45.219,45.332,44.433,44.957,35659.0,82871516.0,23.38,23.44,22.96,23.24,True,精研科技,False
2023-03-06,45.032,45.631,44.601,45.594,35276.0,83180808.0,23.28,23.6,23.05,23.58,True,精研科技,False
2023-03-07,45.594,45.631,44.601,44.601,31745.0,73172225.0,23.58,23.6,23.05,23.05,True,精研科技,False
2023-03-08,44.414,44.957,44.358,44.938,20070.0,46622610.0,22.95,23.24,22.92,23.23,True,精研科技,False
2023-03-09,44.976,45.65,44.901,45.556,32209.0,75884404.0,23.25,23.61,23.21,23.56,True,精研科技,False
2023-03-10,45.257,45.594,44.676,44.845,30874.0,71565932.0,23.4,23.58,23.09,23.18,True,精研科技,False
2023-03-13,44.545,44.957,43.478,43.778,48183.0,108941763.0,23.02,23.24,22.45,22.61,True,精研科技,False
2023-03-14,43.665,43.796,41.194,42.467,71831.0,157381721.0,22.55,22.62,21.23,21.91,True,精研科技,False
2023-03-15,42.617,43.366,42.449,42.692,33296.0,73351088.0,21.99,22.39,21.9,22.03,True,精研科技,False
2023-03-16,42.411,42.58,41.887,42.149,30277.0,65822197.99999999,21.88,21.97,21.6,21.74,True,精研科技,False
2023-03-17,42.636,43.347,42.505,43.291,35169.0,78602715.0,22.0,22.38,21.93,22.35,True,精研科技,False
2023-03-20,42.935,43.703,42.692,43.572,30056.0,67626000.0,22.16,22.57,22.03,22.5,True,精研科技,False
2023-03-21,43.46,44.396,43.16,44.321,38678.0,88572620.0,22.44,22.94,22.28,22.9,True,精研科技,False
2023-03-22,44.751,49.899,44.545,49.749,246895.0,636989100.0,23.13,25.88,23.02,25.8,True,精研科技,False
2023-03-23,50.948,53.025,48.795,53.025,292045.0,804583975.0,26.44,27.55,25.29,27.55,True,精研科技,False
2023-03-24,52.052,52.52,49.712,50.367,219324.0,573093612.0,27.03,27.28,25.78,26.13,True,精研科技,False
2023-03-27,50.554,50.835,48.439,49.375,160896.0,411893760.0,26.23,26.38,25.1,25.6,True,精研科技,False
2023-03-28,49.375,49.394,47.503,47.803,102688.0,254255488.00000003,25.6,25.61,24.6,24.76,True,精研科技,False
2023-03-29,47.971,48.533,47.278,47.803,71834.0,177860984.0,24.85,25.15,24.48,24.76,True,精研科技,False
2023-03-30,47.915,48.813,47.335,48.027,75899.0,188836712.0,24.82,25.3,24.51,24.88,True,精研科技,False
2023-03-31,48.027,48.102,46.548,47.428,71017.0,174417752.0,24.88,24.92,24.09,24.56,True,精研科技,False
2023-04-03,47.316,48.252,47.035,48.14,65759.0,164002946.0,24.5,25.0,24.35,24.94,True,精研科技,False
2023-04-04,48.982,50.311,48.14,48.214,155756.0,389078488.0,25.39,26.1,24.94,24.98,True,精研科技,False
2023-04-06,48.907,56.358,48.907,54.523,255697.0,724900995.0,25.35,29.33,25.35,28.35,True,精研科技,False
2023-04-07,52.408,53.718,52.089,53.269,161866.0,448045088.0,27.22,27.92,27.05,27.68,True,精研科技,False
2023-04-10,53.119,54.523,51.472,51.94,139202.0,375427794.0,27.6,28.35,26.72,26.97,True,精研科技,False
2023-04-11,52.745,52.932,50.985,52.183,93094.0,252284740.0,27.4,27.5,26.46,27.1,True,精研科技,False
2023-04-12,52.557,55.365,51.378,54.56,166027.0,471018599.0,27.3,28.8,26.67,28.37,True,精研科技,False
2023-04-13,53.681,53.793,51.902,52.239,111415.0,302268895.0,27.9,27.96,26.95,27.13,True,精研科技,False
2023-04-14,52.22,52.557,50.124,52.164,78078.0,211513302.0,27.12,27.3,26.0,27.09,True,精研科技,False
2023-04-17,51.621,52.089,50.592,51.247,66562.0,177054920.0,26.8,27.05,26.25,26.6,True,精研科技,False
2023-04-18,51.004,53.643,50.685,53.568,125325.0,348904800.0,26.47,27.88,26.3,27.84,True,精研科技,False
2023-04-19,52.838,58.529,52.015,55.74,227537.0,659857300.0,27.45,30.49,27.01,29.0,True,精研科技,False
2023-04-20,55.365,58.361,54.654,57.2,208389.0,620582442.0,28.8,30.4,28.42,29.78,True,精研科技,False
2023-04-21,57.425,61.73,56.114,59.222,306113.0,944664718.0,29.9,32.2,29.2,30.86,True,精研科技,False
2023-04-24,59.521,67.702,58.604,65.474,324301.0,1109109420.0,31.02,35.39,30.53,34.2,True,精研科技,False
2023-04-25,64.725,68.806,62.142,63.602,306554.0,1017759280.0,33.8,35.98,32.42,33.2,True,精研科技,False
2023-04-26,63.471,67.833,60.981,66.766,360105.0,1256406345.0,33.13,35.46,31.8,34.89,True,精研科技,False
2023-04-27,57.612,60.57,53.699,53.699,169631.0,473440121.0,30.0,31.58,27.91,27.91,True,精研科技,False
2023-04-28,46.38,50.648,45.837,48.271,335065.0,837997565.0,24.0,26.28,23.71,25.01,True,精研科技,False
2023-05-04,48.027,48.233,44.227,45.257,263218.0,615930120.0,24.88,24.99,22.85,23.4,True,精研科技,False
2023-05-05,45.35,45.556,42.374,42.954,186713.0,413942721.00000006,23.45,23.56,21.86,22.17,True,精研科技,False
2023-05-08,42.729,43.871,42.093,43.422,119454.0,267815868.00000003,22.05,22.66,21.71,22.42,True,精研科技,False
2023-05-09,43.085,43.609,41.7,41.85,111207.0,239984706.0,22.24,22.52,21.5,21.58,True,精研科技,False
2023-05-10,41.775,42.411,41.269,42.037,69085.0,149776280.0,21.54,21.88,21.27,21.68,True,精研科技,False
2023-05-11,42.243,42.748,41.887,42.355,75342.0,164622270.0,21.79,22.06,21.6,21.85,True,精研科技,False
2023-05-12,42.449,42.449,41.7,41.812,53049.0,114373644.0,21.9,21.9,21.5,21.56,True,精研科技,False
2023-05-15,41.588,42.168,41.269,42.112,58064.0,126115008.0,21.44,21.75,21.27,21.72,True,精研科技,False
2023-05-16,42.168,42.917,41.7,42.561,74757.0,164166372.0,21.75,22.15,21.5,21.96,True,精研科技,False
2023-05-17,42.28,42.992,41.531,42.037,94060.0,203922080.0,21.81,22.19,21.41,21.68,True,精研科技,False
2023-05-18,42.056,42.842,41.625,42.505,101845.0,223346085.0,21.69,22.11,21.46,21.93,True,精研科技,False
2023-05-19,42.318,44.021,41.775,43.628,166412.0,374926236.0,21.83,22.74,21.54,22.53,True,精研科技,False
2023-05-22,43.085,44.059,42.58,43.778,102583.0,231940163.0,22.24,22.76,21.97,22.61,True,精研科技,False
2023-05-23,43.534,43.553,42.542,42.617,73082.0,160707318.0,22.48,22.49,21.95,21.99,True,精研科技,False
2023-05-24,42.636,43.366,42.505,42.767,63016.0,139076312.0,22.0,22.39,21.93,22.07,True,精研科技,False
2023-05-25,44.864,46.099,43.703,44.133,201645.0,459750600.0,23.19,23.85,22.57,22.8,True,精研科技,False
2023-05-26,44.508,50.798,44.508,48.87,352915.0,893933694.9999999,23.0,26.36,23.0,25.33,True,精研科技,False
2023-05-29,49.188,58.361,49.057,54.486,415279.0,1176485407.0,25.5,30.4,25.43,28.33,True,精研科技,False
2023-05-30,52.557,56.788,50.498,54.879,329232.0,939628128.0,27.3,29.56,26.2,28.54,True,精研科技,False
2023-05-31,53.868,56.227,52.389,53.718,240270.0,670833840.0,28.0,29.26,27.21,27.92,True,精研科技,False
2023-06-01,51.64,53.456,51.547,51.547,216311.0,578848236.0,26.81,27.78,26.76,26.76,True,精研科技,False
2023-06-02,52.557,53.606,51.06,51.771,190216.0,511300608.0,27.3,27.86,26.5,26.88,True,精研科技,False
2023-06-05,52.089,53.362,51.303,51.472,133215.0,355950480.0,27.05,27.73,26.63,26.72,True,精研科技,False
2023-06-06,52.969,54.804,51.734,51.809,260445.0,700597050.0,27.52,28.5,26.86,26.9,True,精研科技,False
2023-06-07,52.164,54.804,50.124,54.167,252824.0,711952384.0,27.09,28.5,26.0,28.16,True,精研科技,False
2023-06-08,53.493,56.039,52.838,53.868,194243.0,543880400.0,27.8,29.16,27.45,28.0,True,精研科技,False
2023-06-09,53.568,57.387,53.493,56.021,244360.0,712309400.0,27.84,29.88,27.8,29.15,True,精研科技,False
2023-06-12,54.972,55.721,51.659,51.678,235742.0,632495786.0,28.59,28.99,26.82,26.83,True,精研科技,False
2023-06-13,50.891,53.437,50.798,51.94,143783.0,387782751.0,26.41,27.77,26.36,26.97,True,精研科技,False
2023-06-14,51.809,53.025,50.648,52.426,166582.0,453602786.0,26.9,27.55,26.28,27.23,True,精研科技,False
2023-06-15,52.426,53.119,50.91,51.247,123227.0,327783820.0,27.23,27.6,26.42,26.6,True,精研科技,False
2023-06-16,50.929,52.183,50.311,51.827,101573.0,273332943.0,26.43,27.1,26.1,26.91,True,精研科技,False
2023-06-19,51.434,54.149,51.284,53.961,186943.0,524375115.0,26.7,28.15,26.62,28.05,True,精研科技,False
2023-06-20,53.306,53.999,52.146,52.483,139089.0,379156614.0,27.7,28.07,27.08,27.26,True,精研科技,False
2023-06-21,52.033,52.932,50.536,50.573,95520.0,250644480.0,27.02,27.5,26.22,26.24,True,精研科技,False
2023-06-26,49.6,50.442,46.773,46.848,126285.0,306241125.0,25.72,26.17,24.21,24.25,True,精研科技,False
2023-06-27,46.848,47.784,46.848,47.185,53381.0,130409783.0,24.25,24.75,24.25,24.43,True,精研科技,False
2023-06-28,47.129,47.129,44.414,45.668,86380.0,204029560.0,24.4,24.4,22.95,23.62,True,精研科技,False
2023-06-29,45.238,47.035,45.238,46.455,56751.0,136429404.0,23.39,24.35,23.39,24.04,True,精研科技,False
2023-06-30,46.342,47.765,46.005,47.634,57539.0,141948713.0,23.98,24.74,23.8,24.67,True,精研科技,False
2023-07-03,47.915,48.364,46.193,46.305,65579.0,157127284.0,24.82,25.06,23.9,23.96,True,精研科技,False
2023-07-04,46.193,46.736,45.949,46.417,47609.0,114356818.0,23.9,24.19,23.77,24.02,True,精研科技,False
2023-07-05,46.268,46.81,45.706,45.949,48055.0,114226735.0,23.94,24.23,23.64,23.77,True,精研科技,False
2023-07-06,45.949,46.998,45.818,46.417,49017.0,117738834.0,23.77,24.33,23.7,24.02,True,精研科技,False
2023-07-07,46.268,46.417,44.882,45.144,45956.0,107261304.0,23.94,24.02,23.2,23.34,True,精研科技,False
2023-07-10,45.463,45.668,44.658,44.751,33957.0,78542541.0,23.51,23.62,23.08,23.13,True,精研科技,False
2023-07-11,44.751,45.781,44.714,45.537,36590.0,86169450.0,23.13,23.68,23.11,23.55,True,精研科技,False
2023-07-12,45.594,45.987,44.564,44.564,43177.0,99436631.0,23.58,23.79,23.03,23.03,True,精研科技,False
2023-07-13,44.882,46.698,44.658,46.286,58568.0,140270360.0,23.2,24.17,23.08,23.95,True,精研科技,False
2023-07-14,46.567,47.409,46.024,47.054,68105.0,165903780.0,24.1,24.55,23.81,24.36,True,精研科技,False
2023-07-17,47.877,53.868,47.672,52.726,268841.0,736355499.0,24.8,28.0,24.69,27.39,True,精研科技,False
2023-07-18,52.089,55.066,50.367,53.98,279742.0,784956052.0,27.05,28.64,26.13,28.06,True,精研科技,False
2023-07-19,52.932,53.849,51.734,52.932,150332.0,413413000.0,27.5,27.99,26.86,27.5,True,精研科技,False
2023-07-20,52.445,53.119,48.813,49.132,159149.0,405352503.0,27.24,27.6,25.3,25.47,True,精研科技,False
2023-07-21,49.356,49.562,45.425,45.556,149816.0,352966496.0,25.59,25.7,23.49,23.56,True,精研科技,False
2023-07-24,45.444,48.87,45.051,47.503,135463.0,333238980.0,23.5,25.33,23.29,24.6,True,精研科技,False
2023-07-25,47.971,48.626,47.054,47.578,82587.0,203494368.0,24.85,25.2,24.36,24.64,True,精研科技,False
2023-07-26,47.877,48.065,45.837,46.361,65180.0,156366820.0,24.8,24.9,23.71,23.99,True,精研科技,False
2023-07-27,47.11,47.11,45.406,45.556,56105.0,132183380.0,24.39,24.39,23.48,23.56,True,精研科技,False
2023-07-28,45.444,45.725,44.508,45.275,65395.0,153089695.0,23.5,23.65,23.0,23.41,True,精研科技,False
2023-07-31,45.444,46.099,44.976,45.856,49664.0,117803008.0,23.5,23.85,23.25,23.72,True,精研科技,False
2023-08-01,44.358,44.92,42.992,44.152,107595.0,245424195.0,22.92,23.22,22.19,22.81,True,精研科技,False
2023-08-02,44.133,44.264,43.628,44.04,43270.0,98439250.0,22.8,22.87,22.53,22.75,True,精研科技,False
2023-08-03,44.021,44.433,43.684,44.096,45070.0,102669460.0,22.74,22.96,22.56,22.78,True,精研科技,False
2023-08-04,44.096,44.864,44.096,44.714,49618.0,114667198.0,22.78,23.19,22.78,23.11,True,精研科技,False
2023-08-07,44.882,46.005,44.845,45.987,70660.0,168100140.0,23.2,23.8,23.18,23.79,True,精研科技,False
2023-08-08,45.481,46.005,45.257,45.668,42954.0,101457348.0,23.52,23.8,23.4,23.62,True,精研科技,False
2023-08-09,45.219,45.987,45.069,45.219,33890.0,79234820.0,23.38,23.79,23.3,23.38,True,精研科技,False
2023-08-10,45.069,45.781,44.732,44.882,33682.0,78142240.0,23.3,23.68,23.12,23.2,True,精研科技,False
2023-08-11,44.751,45.444,44.096,44.227,33390.0,76296150.0,23.13,23.5,22.78,22.85,True,精研科技,False
2023-08-14,43.385,44.845,43.029,44.845,31570.0,73179260.0,22.4,23.18,22.21,23.18,True,精研科技,False
2023-08-15,45.032,46.623,44.789,45.294,57530.0,134735260.0,23.28,24.13,23.15,23.42,True,精研科技,False
2023-08-16,44.789,45.126,43.628,43.759,38961.0,88051860.0,23.15,23.33,22.53,22.6,True,精研科技,False
2023-08-17,43.441,44.508,43.216,44.246,30781.0,70365366.0,22.43,23.0,22.31,22.86,True,精研科技,False
2023-08-18,44.302,44.601,42.917,42.917,35257.0,78094255.0,22.89,23.05,22.15,22.15,True,精研科技,False
2023-08-21,42.973,43.665,42.261,42.355,32796.0,71659260.0,22.18,22.55,21.8,21.85,True,精研科技,False
2023-08-22,42.842,43.197,41.419,42.935,38945.0,86302120.0,22.11,22.3,21.35,22.16,True,精研科技,False
2023-08-23,42.636,42.636,41.569,41.588,27629.0,59236576.0,22.0,22.0,21.43,21.44,True,精研科技,False
2023-08-24,41.887,42.224,40.577,40.839,38252.0,80482208.0,21.6,21.78,20.9,21.04,True,精研科技,False
2023-08-25,40.24,40.315,38.536,38.78,55429.0,110525426.0,20.72,20.76,19.81,19.94,True,精研科技,False
2023-08-28,41.531,41.531,37.975,38.686,49393.0,98242677.0,21.41,21.41,19.51,19.89,True,精研科技,False
2023-08-29,38.143,40.446,37.975,40.221,53268.0,110318028.0,19.6,20.83,19.51,20.71,True,精研科技,False
2023-08-30,40.595,41.999,40.595,41.456,62596.0,133767652.0,20.91,21.66,20.91,21.37,True,精研科技,False
2023-08-31,41.251,42.224,40.876,41.85,52489.0,113271262.0,21.26,21.78,21.06,21.58,True,精研科技,False
2023-09-01,41.7,42.336,41.307,42.056,31229.0,67735701.0,21.5,21.84,21.29,21.69,True,精研科技,False
2023-09-04,41.962,43.572,41.962,43.553,53807.0,121011943.0,21.64,22.5,21.64,22.49,True,精研科技,False
2023-09-05,43.553,44.264,43.291,43.853,51774.0,117268110.0,22.49,22.87,22.35,22.65,True,精研科技,False
2023-09-06,43.441,44.714,43.16,44.676,49020.0,113187180.0,22.43,23.11,22.28,23.09,True,精研科技,False
2023-09-07,44.676,44.676,43.216,43.235,41639.0,92938248.0,23.09,23.09,22.31,22.32,True,精研科技,False
2023-09-08,43.572,46.604,42.86,45.668,125068.0,295410616.0,22.5,24.12,22.12,23.62,True,精研科技,False
2023-09-11,45.519,45.781,44.04,45.238,103374.0,241791786.0,23.54,23.68,22.75,23.39,True,精研科技,False
2023-09-12,45.088,46.005,44.414,45.463,63451.0,149173301.0,23.31,23.8,22.95,23.51,True,精研科技,False
2023-09-13,45.032,45.069,43.197,43.909,59340.0,134583120.0,23.28,23.3,22.3,22.68,True,精研科技,False
2023-09-14,43.796,43.89,42.935,43.291,31167.0,69658245.0,22.62,22.67,22.16,22.35,True,精研科技,False
2023-09-15,43.31,43.722,42.655,42.992,32399.0,71893381.0,22.36,22.58,22.01,22.19,True,精研科技,False
2023-09-18,42.767,44.04,42.187,42.86,33524.0,74155088.0,22.07,22.75,21.76,22.12,True,精研科技,False
2023-09-19,42.86,42.992,41.793,41.831,32414.0,69916998.0,22.12,22.19,21.55,21.57,True,精研科技,False
2023-09-20,41.775,42.729,41.307,41.344,37278.0,79439418.0,21.54,22.05,21.29,21.31,True,精研科技,False
2023-09-21,41.7,41.981,41.269,41.419,25889.0,55273015.0,21.5,21.65,21.27,21.35,True,精研科技,False
2023-09-22,41.625,42.786,41.288,42.748,38274.0,84432444.0,21.46,22.08,21.28,22.06,True,精研科技,False
2023-09-25,42.973,42.992,42.187,42.598,27964.0,61464872.0,22.18,22.19,21.76,21.98,True,精研科技,False
2023-09-26,42.392,42.58,41.887,42.018,23175.0,50220225.00000001,21.87,21.97,21.6,21.67,True,精研科技,False
2023-09-27,41.887,42.374,41.4,41.456,32408.0,69255896.0,21.6,21.86,21.34,21.37,True,精研科技,False
2023-09-28,41.588,43.31,41.588,43.085,46086.0,102495264.0,21.44,22.36,21.44,22.24,True,精研科技,False
2023-10-09,43.066,45.556,42.786,45.257,88194.0,206373960.0,22.23,23.56,22.08,23.4,True,精研科技,False
2023-10-10,45.219,46.923,44.676,45.294,104142.0,243900564.00000003,23.38,24.29,23.09,23.42,True,精研科技,False
2023-10-11,45.257,47.915,44.508,46.867,122632.0,297505232.0,23.4,24.82,23.0,24.26,True,精研科技,False
2023-10-12,46.548,48.158,46.174,47.129,98346.0,239964240.0,24.09,24.95,23.89,24.4,True,精研科技,False
2023-10-13,47.222,49.094,46.81,48.42,125281.0,314330029.0,24.45,25.45,24.23,25.09,True,精研科技,False
2023-10-16,47.821,48.214,46.23,46.754,92272.0,223298240.0,24.77,24.98,23.92,24.2,True,精研科技,False
2023-10-17,46.698,47.409,45.781,46.23,65691.0,157132872.0,24.17,24.55,23.68,23.92,True,精研科技,False
2023-10-18,45.444,46.043,44.564,45.481,57359.0,134908368.0,23.5,23.82,23.03,23.52,True,精研科技,False
2023-10-19,45.144,45.874,44.414,44.695,48672.0,112432320.0,23.34,23.73,22.95,23.1,True,精研科技,False
2023-10-20,44.339,44.938,43.197,43.422,43165.0,96775930.0,22.91,23.23,22.3,22.42,True,精研科技,False
2023-10-23,43.422,43.478,41.662,41.962,43350.0,93809400.0,22.42,22.45,21.48,21.64,True,精研科技,False
2023-10-24,42.205,45.069,41.793,44.059,71552.0,162852352.0,21.77,23.3,21.55,22.76,True,精研科技,False
2023-10-25,44.283,44.826,43.628,44.096,50624.0,115321472.0,22.88,23.17,22.53,22.78,True,精研科技,False
2023-10-26,44.096,45.781,43.01,45.687,71282.0,168439366.0,22.78,23.68,22.2,23.63,True,精研科技,False
2023-10-27,49.057,51.827,47.503,51.079,271853.0,720682303.0,25.43,26.91,24.6,26.51,True,精研科技,False
2023-10-30,52.932,61.0,52.857,61.0,339893.0,1081199633.0,27.5,31.81,27.46,31.81,True,精研科技,False
2023-10-31,65.081,66.373,60.869,62.891,488192.0,1602246144.0,33.99,34.68,31.74,32.82,True,精研科技,False
2023-11-01,63.34,75.171,63.34,70.136,646680.0,2372668920.0,33.06,39.38,33.06,36.69,True,精研科技,False
2023-11-02,72.363,75.021,66.148,66.448,488185.0,1694978320.0,37.88,39.3,34.56,34.72,True,精研科技,False
2023-11-03,64.033,68.02,63.003,64.744,369352.0,1248779112.0,33.43,35.56,32.88,33.81,True,精研科技,False
2023-11-06,66.934,72.588,66.26,71.072,421069.0,1565955611.0,34.98,38.0,34.62,37.19,True,精研科技,False
2023-11-07,70.753,71.577,68.02,68.994,308225.0,1112075800.0,37.02,37.46,35.56,36.08,True,精研科技,False
2023-11-08,67.739,71.933,67.646,71.09,289387.0,1076519640.0,35.41,37.65,35.36,37.2,True,精研科技,False
2023-11-09,70.491,75.134,66.186,66.785,292689.0,1021484610.0,36.88,39.36,34.58,34.9,True,精研科技,False
2023-11-10,65.1,71.39,65.1,69.873,257695.0,941875225.0,34.0,37.36,34.0,36.55,True,精研科技,False
2023-11-13,71.652,72.195,66.972,70.716,201380.0,745106000.0,37.5,37.79,35.0,37.0,True,精研科技,False
2023-11-14,69.405,72.831,68.844,70.51,207367.0,764976863.0,36.3,38.13,36.0,36.89,True,精研科技,False
2023-11-15,71.277,72.176,68.657,70.192,197249.0,724298328.0,37.3,37.78,35.9,36.72,True,精研科技,False
2023-11-16,70.285,72.401,69.087,69.405,163735.0,594358050.0,36.77,37.9,36.13,36.3,True,精研科技,False
2023-11-17,68.844,69.724,67.533,68.488,133587.0,478375047.00000006,36.0,36.47,35.3,35.81,True,精研科技,False
2023-11-20,68.619,70.079,66.597,66.597,171854.0,598051920.0,35.88,36.66,34.8,34.8,True,精研科技,False
2023-11-21,67.515,68.189,65.25,65.942,153596.0,529138220.00000006,35.29,35.65,34.08,34.45,True,精研科技,False
2023-11-22,65.399,65.811,62.442,62.76,158795.0,520053625.0,34.16,34.38,32.58,32.75,True,精研科技,False
2023-11-23,62.292,64.351,62.292,63.995,81023.0,270697843.0,32.5,33.6,32.5,33.41,True,精研科技,False
2023-11-24,63.284,63.977,61.599,62.292,76410.0,248332500.0,33.03,33.4,32.13,32.5,True,精研科技,False
2023-11-27,61.73,62.573,61.15,62.048,57177.0,185081949.0,32.2,32.65,31.89,32.37,True,精研科技,False
2023-11-28,62.404,64.37,61.73,62.835,93329.0,306025791.0,32.56,33.61,32.2,32.79,True,精研科技,False
2023-11-29,63.321,63.958,61.805,62.067,70968.0,229794384.00000003,33.05,33.39,32.24,32.38,True,精研科技,False
2023-11-30,60.981,63.527,60.944,61.637,81414.0,261746010.0,31.8,33.16,31.78,32.15,True,精研科技,False
2023-12-01,61.618,62.236,60.794,61.3,69237.0,221350689.0,32.14,32.47,31.7,31.97,True,精研科技,False
2023-12-04,61.3,62.573,61.056,61.487,75513.0,242170191.0,31.97,32.65,31.84,32.07,True,精研科技,False
2023-12-05,61.449,61.861,59.671,59.84,61110.0,190602090.0,32.05,32.27,31.1,31.19,True,精研科技,False
2023-12-06,59.708,60.42,59.091,59.465,54443.0,168718857.0,31.12,31.5,30.79,30.99,True,精研科技,False
2023-12-07,59.652,59.971,58.735,59.184,46858.0,144510072.0,31.09,31.26,30.6,30.84,True,精研科技,False
2023-12-08,59.446,60.12,59.016,59.484,57210.0,177351000.0,30.98,31.34,30.75,31.0,True,精研科技,False
2023-12-11,59.203,61.075,58.941,60.719,71934.0,227743044.0,30.85,31.85,30.71,31.66,True,精研科技,False
2023-12-12,60.794,61.318,59.671,60.045,55396.0,173389480.0,31.7,31.98,31.1,31.3,True,精研科技,False
2023-12-13,60.027,60.326,59.24,59.409,41846.0,129555216.0,31.29,31.45,30.87,30.96,True,精研科技,False
2023-12-14,59.821,60.139,58.735,58.885,38504.0,118130272.0,31.18,31.35,30.6,30.68,True,精研科技,False
2023-12-15,59.297,59.372,58.304,58.623,40735.0,124404690.0,30.9,30.94,30.37,30.54,True,精研科技,False
2023-12-18,58.754,59.203,57.743,58.099,37340.0,112990840.0,30.61,30.85,30.07,30.26,True,精研科技,False
2023-12-19,57.911,59.184,57.799,58.698,37886.0,115855388.0,30.16,30.84,30.1,30.58,True,精研科技,False
2023-12-20,58.96,59.409,57.612,57.762,33460.0,100647680.0,30.72,30.96,30.0,30.08,True,精研科技,False
2023-12-21,57.443,58.791,56.676,57.762,39771.0,119631168.0,29.91,30.63,29.5,30.08,True,精研科技,False
2023-12-22,57.874,59.166,56.844,57.219,64341.0,191671839.0,30.14,30.83,29.59,29.79,True,精研科技,False
2023-12-25,57.032,58.173,56.358,57.481,39697.0,118813121.0,29.69,30.3,29.33,29.93,True,精研科技,False
2023-12-26,57.387,57.537,55.197,55.852,57109.0,165958754.0,29.88,29.96,28.71,29.06,True,精研科技,False
2023-12-27,56.152,58.361,55.702,57.05,87120.0,258746400.0,29.22,30.4,28.98,29.7,True,精研科技,False
2023-12-28,57.237,58.173,55.946,57.593,66638.0,199847362.0,29.8,30.3,29.11,29.99,True,精研科技,False
2023-12-29,57.425,60.944,57.406,59.84,106600.0,332485400.0,29.9,31.78,29.89,31.19,True,精研科技,False
2024-01-02,60.289,60.757,58.66,59.596,91029.0,282736074.0,31.43,31.68,30.56,31.06,True,精研科技,False
2024-01-03,60.045,60.045,57.612,58.698,64645.0,197684410.0,31.3,31.3,30.0,30.58,True,精研科技,False
2024-01-04,58.042,58.567,57.443,57.986,52634.0,158954680.0,30.23,30.51,29.91,30.2,True,精研科技,False
2024-01-05,58.286,58.754,56.114,56.451,46436.0,136428968.0,30.36,30.61,29.2,29.38,True,精研科技,False
2024-01-08,56.283,56.769,54.729,54.766,48711.0,138728928.0,29.29,29.55,28.46,28.48,True,精研科技,False
2024-01-09,54.972,56.264,54.692,55.197,57783.0,165894993.0,28.59,29.28,28.44,28.71,True,精研科技,False
2024-01-10,55.028,55.347,53.475,54.036,34956.0,98191404.0,28.62,28.79,27.79,28.09,True,精研科技,False
2024-01-11,53.868,56.021,53.568,55.459,42638.0,123010630.0,28.0,29.15,27.84,28.85,True,精研科技,False
2024-01-12,55.515,55.609,54.523,55.122,38118.0,109284306.0,28.88,28.93,28.35,28.67,True,精研科技,False
2024-01-15,55.066,55.964,54.317,54.879,40540.0,115701160.0,28.64,29.12,28.24,28.54,True,精研科技,False
2024-01-16,54.954,55.16,53.175,54.205,46423.0,130820014.0,28.58,28.69,27.63,28.18,True,精研科技,False
2024-01-17,54.242,54.411,52.277,52.352,39763.0,108115597.0,28.2,28.29,27.15,27.19,True,精研科技,False
2024-01-18,52.52,53.082,51.06,52.557,46507.0,126964110.0,27.28,27.58,26.5,27.3,True,精研科技,False
2024-01-19,52.557,53.269,51.21,51.416,32646.0,87132174.0,27.3,27.68,26.58,26.69,True,精研科技,False
2024-01-22,51.397,51.603,47.559,48.065,57990.0,144395100.0,26.68,26.79,24.63,24.9,True,精研科技,False
2024-01-23,48.065,48.72,47.297,48.065,52408.0,130495920.0,24.9,25.25,24.49,24.9,True,精研科技,False
2024-01-24,49.394,49.787,46.923,48.907,61114.0,154923990.0,25.61,25.82,24.29,25.35,True,精研科技,False
2024-01-25,49.001,50.573,47.69,50.498,52337.0,137122940.0,25.4,26.24,24.7,26.2,True,精研科技,False
2024-01-26,50.348,50.536,48.57,48.813,46909.0,118679770.0,26.12,26.22,25.17,25.3,True,精研科技,False
2024-01-29,48.383,48.645,45.931,46.249,68126.0,163025518.0,25.07,25.21,23.76,23.93,True,精研科技,False
2024-01-30,46.305,46.511,44.396,44.601,51612.0,118965660.0,23.96,24.07,22.94,23.05,True,精研科技,False
2024-01-31,44.601,45.444,42.449,42.561,61293.0,134599428.0,23.05,23.5,21.9,21.96,True,精研科技,False
2024-02-01,42.823,43.291,41.475,42.318,59534.0,129962722.0,22.1,22.35,21.38,21.83,True,精研科技,False
2024-02-02,42.411,42.898,38.517,39.996,71041.0,146273419.0,21.88,22.14,19.8,20.59,True,精研科技,False
2024-02-05,39.622,40.146,34.83,36.889,116618.0,220757874.0,20.39,20.67,17.83,18.93,True,精研科技,False
2024-02-06,36.44,38.78,34.268,37.712,129249.0,250355313.0,18.69,19.94,17.53,19.37,True,精研科技,False
2024-02-07,37.376,39.266,35.709,36.795,145648.0,274983424.0,19.19,20.2,18.3,18.88,True,精研科技,False
2024-02-08,37.357,42.074,36.571,41.981,187098.0,405067170.0,19.18,21.7,18.76,21.65,True,精研科技,False
2024-02-19,41.494,45.781,41.494,45.406,214272.0,503110656.0,21.39,23.68,21.39,23.48,True,精研科技,False
2024-02-20,44.489,47.166,43.048,45.631,222182.0,524349520.00000006,22.99,24.42,22.22,23.6,True,精研科技,False
2024-02-21,44.133,47.054,43.478,45.612,182313.0,430076367.0,22.8,24.36,22.45,23.59,True,精研科技,False
2024-02-22,45.294,48.177,45.294,47.204,150121.0,366895724.0,23.42,24.96,23.42,24.44,True,精研科技,False
2024-02-23,49.487,51.397,48.271,49.899,194715.0,503922420.0,25.66,26.68,25.01,25.88,True,精研科技,False
2024-02-26,48.87,50.124,48.308,49.113,172659.0,439589814.0,25.33,26.0,25.03,25.46,True,精研科技,False
2024-02-27,49.094,51.472,48.589,51.116,147540.0,391423620.0,25.45,26.72,25.18,26.53,True,精研科技,False
2024-02-28,51.135,51.659,45.874,45.931,185878.0,441646128.0,26.54,26.82,23.73,23.76,True,精研科技,False
2024-02-29,45.275,49.469,45.163,49.375,140276.0,359106560.0,23.41,25.65,23.35,25.6,True,精研科技,False
2024-03-01,50.236,54.092,50.161,53.475,233204.0,648073916.0,26.06,28.12,26.02,27.79,True,精研科技,False
2024-03-04,59.297,63.584,57.237,60.513,373176.0,1177370280.0,30.9,33.19,29.8,31.55,True,精研科技,False
2024-03-05,58.117,59.821,56.395,57.106,279547.0,831093231.0,30.27,31.18,29.35,29.73,True,精研科技,False
2024-03-06,57.106,59.821,57.106,59.802,223793.0,697562781.0,29.73,31.18,29.73,31.17,True,精研科技,False
2024-03-07,59.409,66.373,58.08,60.701,339294.0,1073865510.0,30.96,34.68,30.25,31.65,True,精研科技,False
2024-03-08,63.434,72.55,63.003,72.55,365846.0,1389483108.0,33.11,37.98,32.88,37.98,True,精研科技,False
2024-03-11,74.085,85.654,70.51,82.509,446070.0,1931483100.0,38.8,44.98,36.89,43.3,True,精研科技,False
2024-03-12,81.648,83.801,74.479,79.14,499698.0,2073746700.0,42.84,43.99,39.01,41.5,True,精研科技,False
2024-03-13,77.474,78.26,74.273,75.302,374579.0,1477714155.0,40.61,41.03,38.9,39.45,True,精研科技,False
2024-03-14,72.213,72.27,68.881,69.93,363088.0,1328175904.0,37.8,37.83,36.02,36.58,True,精研科技,False
2024-03-15,68.881,71.708,68.001,71.708,325114.0,1220152842.0,36.02,37.53,35.55,37.53,True,精研科技,False
2024-03-18,70.641,74.104,69.93,73.43,336406.0,1293481070.0,36.96,38.81,36.58,38.45,True,精研科技,False
2024-03-19,71.09,71.146,68.469,69.742,304915.0,1112329920.0,37.2,37.23,35.8,36.48,True,精研科技,False
2024-03-20,69.63,71.072,68.825,70.341,235992.0,868450559.9999999,36.42,37.19,35.99,36.8,True,精研科技,False
2024-03-21,69.462,70.491,67.721,67.833,232705.0,825171930.0,36.33,36.88,35.4,35.46,True,精研科技,False
2024-03-22,67.477,68.825,66.373,67.421,181805.0,640680820.0,35.27,35.99,34.68,35.24,True,精研科技,False
2024-03-25,67.309,69.312,64.538,64.632,187995.0,634483125.0,35.18,36.25,33.7,33.75,True,精研科技,False
2024-03-26,63.827,65.268,62.123,62.853,198162.0,649971360.0,33.32,34.09,32.41,32.8,True,精研科技,False
2024-03-27,62.872,63.228,59.465,59.671,138090.0,429459900.0,32.81,33.0,30.99,31.1,True,精研科技,False
2024-03-28,59.634,63.003,59.484,62.123,183578.0,594976297.9999999,31.08,32.88,31.0,32.41,True,精研科技,False
2024-03-29,61.749,64.276,60.364,63.92,195672.0,652957464.0,32.21,33.56,31.47,33.37,True,精研科技,False
2024-04-01,63.378,64.126,62.666,63.696,164416.0,546683200.0,33.08,33.48,32.7,33.25,True,精研科技,False
2024-04-02,63.509,64.651,61.992,62.554,140154.0,457462656.0,33.15,33.76,32.34,32.64,True,精研科技,False
2024-04-03,61.73,62.236,59.521,60.907,130188.0,413477088.0,32.2,32.47,31.02,31.76,True,精研科技,False
2024-04-08,60.289,60.963,59.259,59.297,83971.0,259470390.0,31.43,31.79,30.88,30.9,True,精研科技,False
2024-04-09,59.297,60.776,58.379,60.439,107324.0,338177924.0,30.9,31.69,30.41,31.51,True,精研科技,False
2024-04-10,60.195,60.457,57.425,58.211,107515.0,325985480.0,31.38,31.52,29.9,30.32,True,精研科技,False
2024-04-11,58.548,59.353,57.331,57.612,85085.0,255255000.0,30.5,30.93,29.85,30.0,True,精研科技,False
2024-04-12,57.836,58.829,57.219,57.387,96506.0,288359928.0,30.12,30.65,29.79,29.88,True,精研科技,False
2024-04-15,56.882,57.799,53.606,54.785,115127.0,327996823.0,29.61,30.1,27.86,28.49,True,精研科技,False
2024-04-16,53.868,54.579,50.18,50.292,120817.0,315211553.0,28.0,28.38,26.03,26.09,True,精研科技,False
2024-04-17,51.752,54.542,51.752,54.429,123047.0,348223010.0,26.87,28.36,26.87,28.3,True,精研科技,False
2024-04-18,54.111,58.173,53.325,56.863,190215.0,563036400.0,28.13,30.3,27.71,29.6,True,精研科技,False
2024-04-19,56.676,56.676,53.868,54.28,141241.0,398582102.0,29.5,29.5,28.0,28.22,True,精研科技,False
2024-04-22,52.183,53.531,51.359,53.044,86443.0,238236908.0,27.1,27.82,26.66,27.56,True,精研科技,False
2024-04-23,53.812,54.879,53.437,53.568,82630.0,230041920.0,27.97,28.54,27.77,27.84,True,精研科技,False
2024-04-24,53.25,56.788,52.557,56.564,145500.0,428352000.0,27.67,29.56,27.3,29.44,True,精研科技,False
2024-04-25,55.59,57.724,55.59,56.638,114382.0,337198136.0,28.92,30.06,28.92,29.48,True,精研科技,False
2024-04-26,57.237,59.952,56.919,59.109,166620.0,513189600.0,29.8,31.25,29.63,30.8,True,精研科技,False
2024-04-29,57.612,59.128,57.181,58.398,169921.0,516899682.0,30.0,30.81,29.77,30.42,True,精研科技,False
2024-04-30,58.698,59.072,56.283,56.788,123138.0,363995928.0,30.58,30.78,29.29,29.56,True,精研科技,False
2024-05-06,57.855,58.567,56.957,57.968,106731.0,322220889.0,30.13,30.51,29.65,30.19,True,精研科技,False
2024-05-07,57.986,58.847,57.088,57.649,94521.0,283752042.0,30.2,30.66,29.72,30.02,True,精研科技,False
2024-05-08,57.5,57.631,54.935,55.122,112778.0,323334526.0,29.94,30.01,28.57,28.67,True,精研科技,False
2024-05-09,55.066,55.833,54.71,54.954,77971.0,222841118.0,28.64,29.05,28.45,28.58,True,精研科技,False
2024-05-10,54.897,55.141,53.025,53.344,72773.0,201726756.0,28.55,28.68,27.55,27.72,True,精研科技,False
2024-05-13,52.557,52.763,51.266,51.547,64594.0,172853544.0,27.3,27.41,26.61,26.76,True,精研科技,False
2024-05-14,52.183,53.119,51.378,51.771,59434.0,159758592.0,27.1,27.6,26.67,26.88,True,精研科技,False
2024-05-15,51.996,52.127,51.079,51.228,44849.0,119253491.0,27.0,27.07,26.51,26.59,True,精研科技,False
2024-05-16,52.033,54.224,51.715,52.763,115596.0,316848636.0,27.02,28.19,26.85,27.41,True,精研科技,False
2024-05-17,52.37,53.419,51.921,53.381,74180.0,205775320.0,27.2,27.76,26.96,27.74,True,精研科技,False
2024-05-20,53.119,53.624,52.539,53.213,68093.0,188277145.0,27.6,27.87,27.29,27.65,True,精研科技,False
2024-05-21,52.932,54.579,52.763,53.868,95653.0,267828400.0,27.5,28.38,27.41,28.0,True,精研科技,False
2024-05-22,53.456,55.628,53.288,54.785,112744.0,321207656.0,27.78,28.94,27.69,28.49,True,精研科技,False
2024-05-23,55.609,56.47,54.71,54.916,166338.0,475061328.0,28.93,29.39,28.45,28.56,True,精研科技,False
2024-05-24,54.916,55.553,53.082,53.456,125928.0,349827984.0,28.56,28.9,27.58,27.78,True,精研科技,False
2024-05-27,53.475,54.055,51.659,53.306,79759.0,220932430.0,27.79,28.1,26.82,27.7,True,精研科技,False
2024-05-28,52.894,53.606,51.921,52.239,62618.0,168880746.0,27.32,27.7,26.8,26.97,True,精研科技,False
2024-05-29,52.295,54.486,51.94,53.1,91747.0,251662021.0,27.0,28.17,26.81,27.43,True,精研科技,False
2024-05-30,52.501,54.336,51.434,53.662,99715.0,276509695.0,27.11,28.09,26.54,27.73,True,精研科技,False
2024-05-31,53.55,55.852,53.55,54.579,120570.0,340248540.0,27.67,28.9,27.67,28.22,True,精研科技,False
2024-06-03,54.504,55.178,53.044,53.699,92451.0,256551525.0,28.18,28.54,27.4,27.75,True,精研科技,False
2024-06-04,53.156,53.531,50.723,51.827,95041.0,254234675.0,27.46,27.66,26.16,26.75,True,精研科技,False
2024-06-05,51.827,51.827,49.862,49.937,75083.0,193263642.0,26.75,26.75,25.7,25.74,True,精研科技,False
2024-06-06,50.068,51.079,47.784,48.476,105125.0,262392000.0,25.81,26.35,24.59,24.96,True,精研科技,False
2024-06-07,48.926,49.263,47.185,47.765,70934.0,174355772.0,25.2,25.38,24.27,24.58,True,精研科技,False
2024-06-11,47.204,49.019,46.399,48.813,61430.0,154435020.0,24.28,25.25,23.85,25.14,True,精研科技,False
2024-06-12,49.244,50.985,49.113,50.012,66853.0,172347034.0,25.37,26.3,25.3,25.78,True,精研科技,False
2024-06-13,50.012,51.247,49.88,50.068,62530.0,161389930.0,25.78,26.44,25.71,25.81,True,精研科技,False
2024-06-14,49.88,51.341,49.188,50.91,57400.0,150732400.0,25.71,26.49,25.34,26.26,True,精研科技,False
2024-06-17,50.648,52.857,50.143,51.827,79584.0,212887200.0,26.12,27.3,25.85,26.75,True,精研科技,False
2024-06-18,51.958,52.632,51.547,51.977,71593.0,192084019.0,26.82,27.18,26.6,26.83,True,精研科技,False
2024-06-19,51.902,52.632,50.779,51.041,59829.0,157529757.0,26.79,27.18,26.19,26.33,True,精研科技,False
2024-06-20,51.116,51.284,49.244,49.6,62999.0,161025444.0,26.37,26.46,25.37,25.56,True,精研科技,False
2024-06-21,50.03,50.33,48.121,48.476,61484.0,153464064.0,25.79,25.95,24.77,24.96,True,精研科技,False
2024-06-24,48.327,48.608,46.062,46.136,60132.0,142572972.0,24.88,25.03,23.67,23.71,True,精研科技,False
2024-06-25,46.268,46.586,44.845,45.35,55189.0,128535181.0,23.78,23.95,23.02,23.29,True,精研科技,False
2024-06-26,45.481,48.289,44.676,48.158,69662.0,172692098.0,23.36,24.86,22.93,24.79,True,精研科技,False
2024-06-27,48.102,49.132,47.204,47.204,62045.0,150645260.0,24.76,25.31,24.28,24.28,True,精研科技,False
2024-06-28,47.072,50.648,46.904,49.076,94012.0,237662336.0,24.21,26.12,24.12,25.28,True,精研科技,False
2024-07-01,48.626,49.263,47.204,48.065,57758.0,142893292.0,25.04,25.38,24.28,24.74,True,精研科技,False
2024-07-02,48.14,48.533,47.072,47.484,41566.0,101545738.0,24.78,24.99,24.21,24.43,True,精研科技,False
2024-07-03,47.26,47.877,46.473,46.81,37714.0,90777598.0,24.31,24.64,23.89,24.07,True,精研科技,False
2024-07-04,46.904,47.54,45.874,46.062,41039.0,97139313.0,24.12,24.46,23.57,23.67,True,精研科技,False
2024-07-05,46.024,46.754,44.938,46.268,42149.0,100230322.0,23.65,24.04,23.07,23.78,True,精研科技,False
2024-07-08,46.099,46.567,45.051,45.275,38546.0,89619450.0,23.69,23.94,23.13,23.25,True,精研科技,False
2024-07-09,45.163,48.514,45.051,48.308,99193.0,246692991.0,23.19,24.98,23.13,24.87,True,精研科技,False
2024-07-10,48.177,48.776,47.428,48.083,63192.0,156400200.0,24.8,25.12,24.4,24.75,True,精研科技,False
2024-07-11,48.944,50.348,48.083,49.806,80427.0,206456109.0,25.21,25.96,24.75,25.67,True,精研科技,False
2024-07-12,49.675,49.768,48.439,49.132,55440.0,140318640.0,25.6,25.65,24.94,25.31,True,精研科技,False
2024-07-15,49.15,49.431,47.241,47.709,53002.0,130119910.0,25.32,25.47,24.3,24.55,True,精研科技,False
2024-07-16,45.369,47.578,44.807,47.278,92071.0,223916672.0,23.3,24.48,23.0,24.32,True,精研科技,False
2024-07-17,47.278,47.765,45.743,45.856,54359.0,128069804.0,24.32,24.58,23.5,23.56,True,精研科技,False
2024-07-18,45.332,46.062,42.935,44.47,75900.0,173203800.0,23.28,23.67,22.0,22.82,True,精研科技,False
2024-07-19,44.433,46.062,44.021,45.144,56566.0,131119988.0,22.8,23.67,22.58,23.18,True,精研科技,False
2024-07-22,45.238,46.53,44.845,45.781,62091.0,146038032.0,23.23,23.92,23.02,23.52,True,精研科技,False
2024-07-23,45.463,45.912,43.928,43.984,46024.0,103830144.0,23.35,23.59,22.53,22.56,True,精研科技,False
2024-07-24,49.974,52.426,49.113,52.426,223270.0,604391890.0,25.76,27.07,25.3,27.07,True,精研科技,False
2024-07-25,50.91,51.921,49.544,49.955,287911.0,741370825.0,26.26,26.8,25.53,25.75,True,精研科技,False
2024-07-26,50.348,52.408,49.487,51.509,252590.0,671384220.0,25.96,27.06,25.5,26.58,True,精研科技,False
2024-07-29,51.079,56.376,50.423,54.86,302059.0,856941383.0,26.35,29.18,26.0,28.37,True,精研科技,False
2024-07-30,54.092,58.286,54.055,55.197,298405.0,851946275.0,27.96,30.2,27.94,28.55,True,精研科技,False
2024-07-31,53.887,56.882,53.699,56.152,276679.0,804029174.0,27.85,29.45,27.75,29.06,True,精研科技,False
2024-08-01,56.376,56.919,55.01,55.496,166037.0,476692227.0,29.18,29.47,28.45,28.71,True,精研科技,False
2024-08-02,54.186,55.122,52.857,52.951,169317.0,463081995.0,28.01,28.51,27.3,27.35,True,精研科技,False
2024-08-05,52.295,52.913,49.862,49.88,137639.0,353869869.0,27.0,27.33,25.7,25.71,True,精研科技,False
2024-08-06,51.827,52.108,50.086,51.06,91213.0,240255042.0,26.75,26.9,25.82,26.34,True,精研科技,False
2024-08-07,50.985,52.539,50.854,51.172,87066.0,229854240.0,26.3,27.13,26.23,26.4,True,精研科技,False
2024-08-08,50.685,53.044,50.255,51.921,158161.0,423871480.0,26.14,27.4,25.91,26.8,True,精研科技,False
2024-08-09,52.314,56.788,52.146,55.759,302900.0,873866500.0,27.01,29.4,26.92,28.85,True,精研科技,False
2024-08-12,54.916,58.454,53.924,54.448,294684.0,829535460.0,28.4,30.29,27.87,28.15,True,精研科技,False
2024-08-13,53.887,55.759,53.419,54.579,186221.0,525515662.0,27.85,28.85,27.6,28.22,True,精研科技,False
2024-08-14,53.774,56.208,52.951,56.077,238629.0,692501358.0,27.79,29.09,27.35,29.02,True,精研科技,False
2024-08-15,55.103,56.451,53.98,54.523,206627.0,582481513.0,28.5,29.22,27.9,28.19,True,精研科技,False
2024-08-16,54.879,58.866,54.523,56.676,284865.0,835793910.0,28.38,30.51,28.19,29.34,True,精研科技,False
2024-08-19,55.44,55.852,52.951,53.175,202748.0,556948756.0,28.68,28.9,27.35,27.47,True,精研科技,False
2024-08-20,53.419,56.751,52.501,53.082,162619.0,445901298.0,27.6,29.38,27.11,27.42,True,精研科技,False
2024-08-21,52.295,55.459,51.79,53.924,163648.0,456086976.0,27.0,28.69,26.73,27.87,True,精研科技,False
2024-08-22,53.568,56.601,52.82,55.515,224807.0,645645704.0,27.68,29.3,27.28,28.72,True,精研科技,False
2024-08-23,55.103,61.468,54.504,59.896,352879.0,1096042174.0,28.5,31.9,28.18,31.06,True,精研科技,False
2024-08-26,60.588,71.521,60.308,71.521,383498.0,1429297046.0000002,31.43,37.27,31.28,37.27,True,精研科技,False
2024-08-27,69.499,69.499,62.404,63.995,484634.0,1611408050.0,36.19,36.19,32.4,33.25,True,精研科技,False
2024-08-28,63.434,66.803,62.591,62.648,384404.0,1250466212.0,32.95,34.75,32.5,32.53,True,精研科技,False
2024-08-29,61.712,74.479,61.712,68.582,470998.0,1681462860.0000002,32.03,38.85,32.03,35.7,True,精研科技,False
2024-08-30,71.914,79.945,71.914,72.251,580044.0,2184445704.0,37.48,41.77,37.48,37.66,True,精研科技,False
2024-09-02,73.468,78.709,73.468,74.198,526350.0,2036974500.0,38.31,41.11,38.31,38.7,True,精研科技,False
2024-09-03,70.21,74.011,69.536,72.887,350628.0,1332386400.0,36.57,38.6,36.21,38.0,True,精研科技,False
2024-09-04,73.037,73.037,63.546,66.523,399242.0,1381377320.0,38.08,38.08,33.01,34.6,True,精研科技,False
2024-09-05,65.661,66.129,63.396,65.137,273457.0,925925402.0,34.14,34.39,32.93,33.86,True,精研科技,False
2024-09-06,64.052,65.924,61.843,62.123,250292.0,807191700.0,33.28,34.28,32.1,32.25,True,精研科技,False
2024-09-09,63.565,66.129,62.161,64.632,314181.0,1055333979.0,33.02,34.39,32.27,33.59,True,精研科技,False
2024-09-10,62.423,64.407,59.128,62.779,232633.0,758383580.0,32.41,33.47,30.65,32.6,True,精研科技,False
2024-09-11,61.655,62.591,58.866,59.765,261684.0,810958716.0,32.0,32.5,30.51,30.99,True,精研科技,False
2024-09-12,59.802,60.382,57.855,58.042,183717.0,552437019.0,31.01,31.32,29.97,30.07,True,精研科技,False
2024-09-13,57.425,58.492,56.695,56.957,126393.0,372732957.0,29.74,30.31,29.35,29.49,True,精研科技,False
2024-09-18,57.762,58.248,55.328,56.133,116298.0,337845690.0,29.92,30.18,28.62,29.05,True,精研科技,False
2024-09-19,56.807,57.331,55.833,56.564,168148.0,492337344.0,29.41,29.69,28.89,29.28,True,精研科技,False
2024-09-20,56.826,57.368,55.347,56.301,166930.0,486434020.0,29.42,29.71,28.63,29.14,True,精研科技,False
2024-09-23,55.964,57.275,55.216,55.478,160082.0,459435340.0,28.96,29.66,28.56,28.7,True,精研科技,False
2024-09-24,55.946,57.687,54.167,57.331,218507.0,648747283.0,28.95,29.88,28.0,29.69,True,精研科技,False
2024-09-25,57.368,60.214,57.237,58.117,242983.0,731621813.0,29.71,31.23,29.64,30.11,True,精研科技,False
2024-09-26,58.005,59.54,56.638,59.54,193121.0,596164527.0,30.05,30.87,29.32,30.87,True,精研科技,False
2024-09-27,60.195,64.894,59.615,63.658,265795.0,878984065.0,31.22,33.73,30.91,33.07,True,精研科技,False
2024-09-30,67.271,75.377,64.145,73.636,373907.0,1435802880.0,35.0,39.33,33.33,38.4,True,精研科技,False
2024-10-08,85.767,88.013,77.886,88.013,394707.0,1818809856.0,44.88,46.08,40.67,46.08,True,精研科技,False
2024-10-09,83.183,102.839,82.435,90.203,465544.0,2199695400.0,43.5,54.0,43.1,47.25,True,精研科技,False
2024-10-10,93.142,99.283,85.991,91.589,393965.0,1890638035.0,48.82,52.1,45.0,47.99,True,精研科技,False
2024-10-11,87.863,89.717,80.188,82.36,327270.0,1409224620.0,46.0,46.99,41.9,43.06,True,精研科技,False
2024-10-14,81.368,96.961,79.439,95.876,415097.0,2087107716.0,42.53,50.86,41.5,50.28,True,精研科技,False
2024-10-15,92.45,99.095,90.578,91.607,381404.0,1830739200.0,48.45,52.0,47.45,48.0,True,精研科技,False
2024-10-16,86.328,90.241,85.617,87.508,254616.0,1166395896.0,45.18,47.27,44.8,45.81,True,精研科技,False
2024-10-17,87.732,97.223,86.085,92.525,353665.0,1714921585.0,45.93,51.0,45.05,48.49,True,精研科技,False
2024-10-18,91.607,104.711,91.121,96.4,398763.0,2016145728.0,48.0,55.0,47.74,50.56,True,精研科技,False
2024-10-21,97.223,103.289,94.808,96.1,399060.0,2011262400.0,51.0,54.24,49.71,50.4,True,精研科技,False
2024-10-22,94.228,99.507,92.843,97.074,302746.0,1541582632.0,49.4,52.22,48.66,50.92,True,精研科技,False
2024-10-23,95.37,96.119,90.765,91.476,260047.0,1246405271.0,50.01,50.41,47.55,47.93,True,精研科技,False
2024-10-24,89.698,92.113,89.174,89.96,133375.0,628463000.0,46.98,48.27,46.7,47.12,True,精研科技,False
2024-10-25,90.671,90.821,87.639,88.238,157054.0,725589480.0,47.5,47.58,45.88,46.2,True,精研科技,False
2024-10-28,87.77,91.158,86.384,91.139,195649.0,934223975.0,45.95,47.76,45.21,47.75,True,精研科技,False
2024-10-29,90.203,95.501,88.93,94.902,276068.0,1373714368.0,47.25,50.08,46.57,49.76,True,精研科技,False
2024-10-30,84.119,88.799,84.119,84.681,299032.0,1324711760.0,44.0,46.5,44.0,44.3,True,精研科技,False
2024-10-31,83.464,85.973,81.311,83.408,199271.0,869220102.0,43.65,44.99,42.5,43.62,True,精研科技,False
2024-11-01,82.247,84.101,78.653,79.758,161000.0,670887000.0,43.0,43.99,41.08,41.67,True,精研科技,False
2024-11-04,79.758,81.798,79.458,81.686,109711.0,468465970.00000006,41.67,42.76,41.51,42.7,True,精研科技,False
2024-11-05,81.592,85.954,80.993,84.438,167191.0,738482647.0,42.65,44.98,42.33,44.17,True,精研科技,False
2024-11-06,83.745,85.43,81.499,82.285,156017.0,671185134.0,43.8,44.7,42.6,43.02,True,精研科技,False
2024-11-07,81.461,83.67,80.75,83.52,111548.0,487241664.0,42.58,43.76,42.2,43.68,True,精研科技,False
2024-11-08,84.363,88.051,84.119,85.636,186609.0,836194929.0,44.13,46.1,44.0,44.81,True,精研科技,False
2024-11-11,85.168,90.11,84.494,89.436,180188.0,844000592.0000001,44.56,47.2,44.2,46.84,True,精研科技,False
2024-11-12,90.11,91.982,86.197,87.77,156962.0,721240390.0,47.2,48.2,45.11,45.95,True,精研科技,False
2024-11-13,86.422,87.489,82.435,85.037,116735.0,519354015.0,45.23,45.8,43.1,44.49,True,精研科技,False
2024-11-14,84.119,85.018,80.375,80.637,125939.0,530706946.0,44.0,44.48,42.0,42.14,True,精研科技,False
2024-11-15,80.02,82.865,79.608,80.057,97605.0,408281715.0,41.81,43.33,41.59,41.83,True,精研科技,False
2024-11-18,80.357,81.349,73.748,74.741,110464.0,430699136.0,41.99,42.52,38.46,38.99,True,精研科技,False
2024-11-19,75.209,77.23,73.823,77.193,89075.0,358972250.0,39.24,40.32,38.5,40.3,True,精研科技,False
2024-11-20,77.755,80.544,77.081,79.346,96580.0,400324100.0,40.6,42.09,40.24,41.45,True,精研科技,False
2024-11-21,78.503,79.009,76.538,78.017,79064.0,322106736.0,41.0,41.27,39.95,40.74,True,精研科技,False
2024-11-22,77.586,79.308,74.797,75.321,81659.0,320919870.0,40.51,41.43,39.02,39.3,True,精研科技,False
2024-11-25,74.759,75.77,71.671,73.543,78000.0,299130000.0,39.0,39.54,37.35,38.35,True,精研科技,False
2024-11-26,73.093,75.508,72.962,73.075,52842.0,201328020.0,38.11,39.4,38.04,38.1,True,精研科技,False
2024-11-27,72.532,74.422,70.791,74.404,65144.0,252823864.0,37.81,38.82,36.88,38.81,True,精研科技,False
2024-11-28,74.291,74.684,72.288,72.307,64425.0,242817825.0,38.75,38.96,37.68,37.69,True,精研科技,False
2024-11-29,71.614,74.647,71.577,73.58,69468.0,266548716.0,37.32,38.94,37.3,38.37,True,精研科技,False
2024-12-02,74.048,77.006,74.011,76.313,95259.0,379416597.0,38.62,40.2,38.6,39.83,True,精研科技,False
2024-12-03,76.669,77.867,74.909,76.107,76564.0,304112208.0,40.02,40.66,39.08,39.72,True,精研科技,False
2024-12-04,75.714,75.957,73.262,73.917,69472.0,267814560.0,39.51,39.64,38.2,38.55,True,精研科技,False
2024-12-05,72.925,75.546,72.887,74.872,56812.0,221907672.0,38.02,39.42,38.0,39.06,True,精研科技,False
2024-12-06,74.947,76.163,74.479,75.04,73566.0,288010890.0,39.1,39.75,38.85,39.15,True,精研科技,False
2024-12-09,74.947,75.714,73.299,74.048,56735.0,219110570.0,39.1,39.51,38.22,38.62,True,精研科技,False
2024-12-10,76.257,81.293,75.527,79.982,206163.0,861555177.0,39.8,42.49,39.41,41.79,True,精研科技,False
2024-12-11,79.14,85.055,78.784,85.055,260191.0,1157849950.0,41.34,44.5,41.15,44.5,True,精研科技,False
2024-12-12,84.7,84.756,81.068,82.135,163613.0,702554222.0,44.31,44.34,42.37,42.94,True,精研科技,False
2024-12-13,81.405,84.082,80.001,80.188,128014.0,536378660.0,42.55,43.98,41.8,41.9,True,精研科技,False
2024-12-16,79.028,79.758,76.725,77.361,96387.0,389307093.0,41.28,41.67,40.05,40.39,True,精研科技,False
2024-12-17,77.53,79.065,74.984,75.452,88261.0,347483557.0,40.48,41.3,39.12,39.37,True,精研科技,False
2024-12-18,74.947,79.795,73.262,77.661,99490.0,403431950.0,39.1,41.69,38.2,40.55,True,精研科技,False
2024-12-19,76.444,79.402,75.808,79.102,91295.0,377230940.0,39.9,41.48,39.56,41.32,True,精研科技,False
2024-12-20,78.503,80.338,77.755,78.616,85860.0,352541160.0,41.0,41.98,40.6,41.06,True,精研科技,False
2024-12-23,78.372,79.046,74.479,74.497,78666.0,305696076.0,40.93,41.29,38.85,38.86,True,精研科技,False
2024-12-24,74.984,75.845,73.561,75.134,50761.0,198983120.0,39.12,39.58,38.36,39.2,True,精研科技,False
2024-12-25,75.695,76.519,72.906,75.957,69363.0,274954932.0,39.5,39.94,38.01,39.64,True,精研科技,False
2024-12-26,75.34,83.895,75.096,82.36,189431.0,815689886.0,39.31,43.88,39.18,43.06,True,精研科技,False
2024-12-27,82.36,82.996,79.084,79.402,146286.0,606794328.0,43.06,43.4,41.31,41.48,True,精研科技,False
2024-12-30,79.758,81.667,77.998,81.031,117832.0,499018520.0,41.67,42.69,40.73,42.35,True,精研科技,False
2024-12-31,80.488,81.293,76.95,76.95,92901.0,373183317.0,42.06,42.49,40.17,40.17,True,精研科技,False
2025-01-02,76.95,78.054,72.157,73.374,87797.0,335911322.0,40.17,40.76,37.61,38.26,True,精研科技,False
2025-01-03,73.954,73.973,67.459,67.571,97917.0,344276171.99999994,38.57,38.58,35.1,35.16,True,精研科技,False
2025-01-06,67.459,68.956,65.306,67.945,65776.0,232583936.0,35.1,35.9,33.95,35.36,True,精研科技,False
2025-01-07,67.908,70.828,67.833,70.791,67607.0,249334616.00000003,35.34,36.9,35.3,36.88,True,精研科技,False
2025-01-08,69.724,70.547,66.148,69.349,78595.0,283806545.0,36.31,36.75,34.4,36.11,True,精研科技,False
2025-01-09,68.956,70.735,68.657,69.331,49280.0,177900800.0,35.9,36.85,35.74,36.1,True,精研科技,False
2025-01-10,68.619,72.232,67.87,69.443,92744.0,335362303.99999994,35.72,37.65,35.32,36.16,True,精研科技,False
2025-01-13,67.908,68.769,65.961,68.769,59849.0,214259420.0,35.34,35.8,34.3,35.8,True,精研科技,False
2025-01-14,69.855,78.503,69.162,77.661,164495.0,667027225.0,36.38,41.0,36.01,40.55,True,精研科技,False
2025-01-15,77.755,77.96,74.553,74.816,98122.0,382970166.0,40.6,40.71,38.89,39.03,True,精研科技,False
2025-01-16,75.77,76.95,74.909,75.546,93575.0,368872650.0,39.54,40.17,39.08,39.42,True,精研科技,False
2025-01-17,74.816,77.174,74.385,75.04,62452.0,244499580.0,39.03,40.29,38.8,39.15,True,精研科技,False
2025-01-20,75.695,76.688,74.797,75.171,55516.0,217733752.0,39.5,40.03,39.02,39.22,True,精研科技,False
2025-01-21,75.789,76.519,74.872,76.088,73309.0,291110039.0,39.55,39.94,39.06,39.71,True,精研科技,False
2025-01-22,75.77,80.656,75.471,77.436,140675.0,568749025.0,39.54,42.15,39.38,40.43,True,精研科技,False
2025-01-23,78.503,80.787,77.492,77.68,122982.0,498814992.0,41.0,42.22,40.46,40.56,True,精研科技,False
2025-01-24,76.556,78.503,76.257,78.017,93669.0,381607506.0,39.96,41.0,39.8,40.74,True,精研科技,False
2025-01-27,78.503,78.803,73.88,73.898,77412.0,298345848.0,41.0,41.16,38.53,38.54,True,精研科技,False
2025-02-05,74.759,76.856,72.887,76.238,69617.0,277006043.0,39.0,40.12,38.0,39.79,True,精研科技,False
2025-02-06,75.695,79.589,75.452,79.57,116643.0,484884951.0,39.5,41.58,39.37,41.57,True,精研科技,False
2025-02-07,80.357,85.355,79.851,81.33,196609.0,835784859.0,41.99,44.66,41.72,42.51,True,精研科技,False
2025-02-10,82.004,82.21,80.6,81.779,96187.0,411199425.0,42.87,42.98,42.12,42.75,True,精研科技,False
2025-02-11,81.536,81.573,80.057,80.263,72787.0,305268678.0,42.62,42.64,41.83,41.94,True,精研科技,False
2025-02-12,80.188,83.782,79.439,83.745,161630.0,707939400.0,41.9,43.82,41.5,43.8,True,精研科技,False
2025-02-13,84.119,84.119,80.937,80.937,114544.0,484521120.0,44.0,44.0,42.3,42.3,True,精研科技,False
2025-02-14,80.45,81.873,79.832,80.151,84814.0,355201032.0,42.04,42.8,41.71,41.88,True,精研科技,False
2025-02-17,80.188,86.16,79.832,86.048,240370.0,1082386110.0,41.9,45.09,41.71,45.03,True,精研科技,False
2025-02-18,85.43,87.845,82.734,83.333,203160.0,885371280.0,44.7,45.99,43.26,43.58,True,精研科技,False
2025-02-19,82.715,87.115,82.715,85.879,158113.0,710559822.0,43.25,45.6,43.25,44.94,True,精研科技,False
2025-02-20,86.291,89.735,85.542,89.155,219653.0,1025559857.0,45.16,47.0,44.76,46.69,True,精研科技,False
2025-02-21,90.859,91.607,88.743,89.623,273554.0,1284062476.0,47.6,48.0,46.47,46.94,True,精研科技,False
2025-02-24,89.735,91.607,85.636,87.115,196894.0,897836640.0,47.0,48.0,44.81,45.6,True,精研科技,False
2025-02-25,85.261,90.84,83.97,88.051,217829.0,1004191690.0,44.61,47.59,43.92,46.1,True,精研科技,False
2025-02-26,89.511,89.735,86.59,87.208,158520.0,723643800.0,46.88,47.0,45.32,45.65,True,精研科技,False
2025-02-27,87.021,87.676,82.247,84.269,153058.0,674679664.0,45.55,45.9,43.0,44.08,True,精研科技,False
2025-02-28,83.371,83.651,77.904,78.129,128276.0,523366080.0,43.6,43.75,40.68,40.8,True,精研科技,False
2025-03-03,78.878,79.627,76.819,77.567,76738.0,310788900.0,41.2,41.6,40.1,40.5,True,精研科技,False
2025-03-04,76.519,78.466,76.145,78.223,63905.0,261051925.0,39.94,40.98,39.74,40.85,True,精研科技,False
2025-03-05,78.934,82.172,78.84,81.611,126486.0,539589276.0,41.23,42.96,41.18,42.66,True,精研科技,False
2025-03-06,82.229,83.651,81.049,82.734,120909.0,523052334.0,42.99,43.75,42.36,43.26,True,精研科技,False
2025-03-07,81.873,82.622,80.338,80.918,83224.0,351954296.0,42.8,43.2,41.98,42.29,True,精研科技,False
2025-03-10,81.349,81.892,79.87,81.461,53689.0,228607762.0,42.52,42.81,41.73,42.58,True,精研科技,False
2025-03-11,79.477,81.031,79.458,80.843,51225.0,216425625.0,41.52,42.35,41.51,42.25,True,精研科技,False
2025-03-12,81.386,86.609,80.993,84.737,166132.0,736463156.0,42.54,45.33,42.33,44.33,True,精研科技,False
2025-03-13,84.344,84.494,81.162,83.558,116535.0,509257950.00000006,44.12,44.2,42.42,43.7,True,精研科技,False
2025-03-14,84.288,86.272,82.959,85.692,128341.0,575481044.0,44.09,45.15,43.38,44.84,True,精研科技,False
2025-03-17,87.152,88.5,85.598,86.31,148884.0,672509028.0,45.62,46.34,44.79,45.17,True,精研科技,False
2025-03-18,86.066,87.788,82.809,83.726,150753.0,660147387.0,45.04,45.96,43.3,43.79,True,精研科技,False
2025-03-19,83.052,85.542,81.499,82.734,119612.0,517441512.0,43.43,44.76,42.6,43.26,True,精研科技,False
2025-03-20,82.734,83.371,80.151,80.675,90572.0,381851552.0,43.26,43.6,41.88,42.16,True,精研科技,False
2025-03-21,79.814,79.982,75.883,75.883,123002.0,487087920.0,41.7,41.79,39.6,39.6,True,精研科技,False
2025-03-24,75.321,77.137,73.075,76.014,73825.0,292863775.0,39.3,40.27,38.1,39.67,True,精研科技,False
2025-03-25,76.032,76.425,74.029,74.329,44768.0,173565536.0,39.68,39.89,38.61,38.77,True,精研科技,False
2025-03-26,74.329,75.302,74.011,74.422,34675.0,134608350.0,38.77,39.29,38.6,38.82,True,精研科技,False
2025-03-27,74.198,74.984,72.738,74.553,37466.0,145705274.0,38.7,39.12,37.92,38.89,True,精研科技,False
2025-03-28,74.085,74.947,73.823,73.936,27599.0,106421744.0,38.64,39.1,38.5,38.56,True,精研科技,False
2025-03-31,73.224,73.73,71.727,73.355,35534.0,135917550.0,38.18,38.45,37.38,38.25,True,精研科技,False
2025-04-01,74.011,76.519,73.954,74.516,36068.0,140196316.0,38.6,39.94,38.57,38.87,True,精研科技,False
2025-04-02,74.572,76.631,73.973,75.752,54374.0,214940422.0,38.9,40.0,38.58,39.53,True,精研科技,False
2025-04-03,74.479,75.508,73.655,73.711,46716.0,179576304.0,38.85,39.4,38.41,38.44,True,精研科技,False
2025-04-07,67.271,67.646,59.315,59.315,86932.0,267315900.0,35.0,35.2,30.75,30.75,True,精研科技,False
2025-04-08,58.66,61.094,53.718,56.788,135002.0,396905880.0,30.4,31.7,27.76,29.4,True,精研科技,False
2025-04-09,55.122,57.911,50.386,57.106,117260.0,346737820.0,28.51,30.0,25.98,29.57,True,精研科技,False
2025-04-10,60.607,61.655,59.222,59.315,98591.0,303167325.0,31.44,32.0,30.7,30.75,True,精研科技,False
2025-04-11,57.818,61.094,57.818,60.102,78589.0,244961913.0,29.95,31.7,29.95,31.17,True,精研科技,False
2025-04-14,63.527,64.576,61.187,61.225,97126.0,308569302.0,33.0,33.56,31.75,31.77,True,精研科技,False
2025-04-15,61.58,61.974,60.064,60.701,44647.0,140593403.0,31.96,32.17,31.15,31.49,True,精研科技,False
2025-04-16,60.364,61.0,58.323,59.372,44387.0,136623186.0,31.31,31.65,30.22,30.78,True,精研科技,False
2025-04-17,58.81,60.214,58.436,59.072,35972.0,110146264.0,30.48,31.23,30.28,30.62,True,精研科技,False
2025-04-18,59.203,61.094,58.623,60.644,46813.0,147273698.0,30.69,31.7,30.38,31.46,True,精研科技,False
2025-04-21,60.607,61.599,59.54,61.281,48175.0,153196500.0,31.44,31.97,30.87,31.8,True,精研科技,False
2025-04-22,61.056,61.468,59.952,60.102,36620.0,114144540.0,31.68,31.9,31.09,31.17,True,精研科技,False
2025-04-23,68.02,68.675,63.247,63.64,131828.0,435823368.00000006,35.4,35.75,32.85,33.06,True,精研科技,False
2025-04-24,62.966,63.396,60.925,61.524,73329.0,234139497.0,32.7,32.93,31.61,31.93,True,精研科技,False
2025-04-25,61.038,62.779,60.981,61.749,48637.0,155881585.0,31.67,32.6,31.64,32.05,True,精研科技,False
2025-04-28,61.468,62.03,60.682,61.094,30992.0,98244640.0,31.9,32.2,31.48,31.7,True,精研科技,False
2025-04-29,60.532,61.637,60.326,61.3,27144.0,86345064.0,31.4,31.99,31.29,31.81,True,精研科技,False
2025-04-30,61.393,63.228,61.393,62.666,49567.0,161291018.0,31.86,32.84,31.86,32.54,True,精研科技,False
2025-05-06,62.573,64.819,62.554,64.8,69576.0,234331968.0,32.49,33.69,32.48,33.68,True,精研科技,False
2025-05-07,66.335,66.466,64.089,65.1,75436.0,255275424.00000003,34.5,34.57,33.3,33.84,True,精研科技,False
2025-05-08,64.744,67.739,64.744,66.597,76784.0,265979776.0,33.65,35.25,33.65,34.64,True,精研科技,False
2025-05-09,65.774,66.298,64.276,64.669,50674.0,170315314.0,34.2,34.48,33.4,33.61,True,精研科技,False
2025-05-12,66.616,69.986,65.961,69.443,125237.0,452856992.0,34.65,36.45,34.3,36.16,True,精研科技,False
2025-05-13,71.802,79.814,71.259,76.968,354918.0,1426060524.0,37.42,41.7,37.13,40.18,True,精研科技,False
2025-05-14,75.265,78.11,73.88,75.321,177373.0,697075890.0,39.27,40.79,38.53,39.3,True,精研科技,False
2025-05-15,75.695,76.257,72.85,72.925,101424.0,385614048.00000006,39.5,39.8,37.98,38.02,True,精研科技,False
2025-05-16,72.944,80.338,70.903,77.586,216275.0,876130025.0,38.03,41.98,36.94,40.51,True,精研科技,False
2025-05-19,78.054,78.185,73.599,76.294,136375.0,543045250.0,40.76,40.83,38.38,39.82,True,精研科技,False
2025-05-20,75.415,76.912,73.636,76.631,111702.0,446808000.0,39.35,40.15,38.4,40.0,True,精研科技,False
2025-05-21,76.257,76.725,74.46,75.452,70556.0,277778972.0,39.8,40.05,38.84,39.37,True,精研科技,False
2025-05-22,75.171,75.321,72.906,73.075,64439.0,245512590.0,39.22,39.3,38.01,38.1,True,精研科技,False
2025-05-23,72.7,73.636,70.828,71.408,99081.0,368680401.0,37.9,38.4,36.9,37.21,True,精研科技,False
2025-05-26,71.408,73.823,70.828,73.805,74088.0,285164712.0,37.21,38.5,36.9,38.49,True,精研科技,False
2025-05-27,73.636,73.636,71.951,72.288,48251.0,181809768.0,38.4,38.4,37.5,37.68,True,精研科技,False
2025-05-28,72.625,76.912,71.989,75.471,135796.0,534764648.00000006,37.86,40.15,37.52,39.38,True,精研科技,False
2025-05-29,75.152,76.538,74.385,75.04,76749.0,300472335.0,39.21,39.95,38.8,39.15,True,精研科技,False
2025-05-30,74.741,74.741,72.887,73.543,43119.0,165361365.0,38.99,38.99,38.0,38.35,True,精研科技,False
2025-06-03,72.625,73.505,71.577,71.839,41350.0,154814400.0,37.86,38.33,37.3,37.44,True,精研科技,False
2025-06-04,72.532,73.093,71.689,72.513,39682.0,149997960.0,37.81,38.11,37.36,37.8,True,精研科技,False
2025-06-05,72.869,73.636,71.502,73.449,56470.0,216280100.0,37.99,38.4,37.26,38.3,True,精研科技,False
2025-06-06,73.823,74.029,71.745,72.176,47812.0,179342812.0,38.39,38.5,37.28,37.51,True,精研科技,False
2025-06-09,72.176,73.58,72.157,72.981,38495.0,146050030.0,37.51,38.26,37.5,37.94,True,精研科技,False
2025-06-10,72.7,73.318,70.285,71.577,53396.0,198579724.0,37.79,38.12,36.5,37.19,True,精研科技,False
2025-06-11,71.558,72.644,71.259,71.446,32170.0,119415040.0,37.18,37.76,37.02,37.12,True,精研科技,False
2025-06-12,71.259,72.681,71.015,71.203,48136.0,178055064.0,37.02,37.78,36.89,36.99,True,精研科技,False
2025-06-13,70.66,71.708,69.742,69.911,38056.0,138143280.0,36.7,37.26,36.21,36.3,True,精研科技,False
2025-06-16,69.162,71.034,69.162,70.304,30355.0,110826105.0,35.9,36.9,35.9,36.51,True,精研科技,False
2025-06-17,71.015,74.816,70.154,72.925,99407.0,376851937.0,36.89,38.92,36.43,37.91,True,精研科技,False
2025-06-18,72.906,75.377,71.39,75.078,109002.0,425761812.0,37.9,39.22,37.09,39.06,True,精研科技,False
2025-06-19,74.684,76.444,73.093,73.374,82984.0,316583960.0,38.85,39.79,38.0,38.15,True,精研科技,False
2025-06-20,73.748,75.096,70.529,70.697,70773.0,259878456.0,38.35,39.07,36.63,36.72,True,精研科技,False
2025-06-23,70.042,72.962,69.63,71.914,53610.0,200340570.0,36.37,37.93,36.15,37.37,True,精研科技,False
2025-06-24,72.12,74.89,71.914,74.029,66669.0,256675650.0,37.48,38.96,37.37,38.5,True,精研科技,False
2025-06-25,74.385,75.508,73.842,75.246,68932.0,269868780.0,38.69,39.29,38.4,39.15,True,精研科技,False
2025-06-26,75.152,75.527,73.786,74.179,60373.0,232919034.0,39.1,39.3,38.37,38.58,True,精研科技,False
2025-06-27,74.684,75.302,73.486,73.842,57274.0,219932160.0,38.85,39.18,38.21,38.4,True,精研科技,False
2025-06-30,74.216,75.302,73.748,75.059,40288.0,157324640.0,38.6,39.18,38.35,39.05,True,精研科技,False
2025-07-01,74.965,75.995,74.198,74.759,41916.0,163011324.0,39.0,39.55,38.59,38.89,True,精研科技,False
2025-07-02,74.816,75.134,73.131,73.748,34789.0,133415815.0,38.92,39.09,38.02,38.35,True,精研科技,False
2025-07-03,74.011,79.233,74.011,78.503,168986.0,690983754.0,38.49,41.28,38.49,40.89,True,精研科技,False
2025-07-04,77.698,78.297,75.246,75.433,103672.0,406912600.0,40.46,40.78,39.15,39.25,True,精研科技,False
2025-07-07,75.508,75.583,73.655,74.142,49872.0,192306432.0,39.29,39.33,38.3,38.56,True,精研科技,False
2025-07-08,74.142,84.606,74.123,80.918,210270.0,886918860.0,38.56,44.15,38.55,42.18,True,精研科技,False
2025-07-09,80.843,82.06,79.29,79.664,94303.0,391451753.0,42.14,42.79,41.31,41.51,True,精研科技,False
2025-07-10,81.162,81.536,78.241,79.29,80778.0,333693918.0,42.31,42.51,40.75,41.31,True,精研科技,False
2025-07-11,80.375,80.956,78.204,79.645,100342.0,416419300.0,41.89,42.2,40.73,41.5,True,精研科技,False
2025-07-14,80.207,82.865,79.701,80.974,95244.0,402024924.0,41.8,43.22,41.53,42.21,True,精研科技,False
2025-07-15,80.038,82.94,78.896,82.435,110958.0,477008442.0,41.71,43.26,41.1,42.99,True,精研科技,False
2025-07-16,81.704,85.149,81.611,82.06,130799.0,559688921.0,42.6,44.44,42.55,42.79,True,精研科技,False
2025-07-17,81.368,84.325,80.881,81.817,108217.0,461653722.0,42.42,44.0,42.16,42.66,True,精研科技,False
2025-07-18,81.031,81.985,79.814,80.169,63612.0,265770936.0,42.24,42.75,41.59,41.78,True,精研科技,False
2025-07-21,80.357,80.862,79.065,80.694,57516.0,241912296.0,41.88,42.15,41.19,42.06,True,精研科技,False
2025-07-22,79.926,82.397,79.758,80.413,80245.0,336306795.0,41.65,42.97,41.56,41.91,True,精研科技,False
2025-07-23,80.132,81.442,79.159,80.282,62493.0,261470712.00000003,41.76,42.46,41.24,41.84,True,精研科技,False
2025-07-24,80.918,86.16,80.918,84.25,167792.0,737613632.0,42.18,44.98,42.18,43.96,True,精研科技,False
2025-07-25,84.756,85.561,82.921,83.389,77446.0,336890100.0,44.23,44.66,43.25,43.5,True,精研科技,False
2025-07-28,83.389,84.943,82.921,84.269,78649.0,345819653.0,43.5,44.33,43.25,43.97,True,精研科技,False
2025-07-29,83.97,86.478,83.483,84.999,99347.0,440703292.0,43.81,45.15,43.55,44.36,True,精研科技,False
2025-07-30,84.344,85.074,82.453,83.146,88172.0,382401964.0,44.01,44.4,43.0,43.37,True,精研科技,False
2025-07-31,83.183,85.823,81.873,82.341,105681.0,453794214.0,43.39,44.8,42.69,42.94,True,精研科技,False
2025-08-01,82.341,86.141,81.798,83.764,99318.0,434019660.0,42.94,44.97,42.65,43.7,True,精研科技,False
2025-08-04,83.202,85.13,81.704,84.943,83053.0,368173949.0,43.4,44.43,42.6,44.33,True,精研科技,False
2025-08-05,84.793,89.005,84.101,86.984,168249.0,764186958.0,44.25,46.5,43.88,45.42,True,精研科技,False
2025-08-06,88.051,92.525,86.085,91.926,256730.0,1233844380.0,45.99,48.38,44.94,48.06,True,精研科技,False
2025-08-07,93.217,93.798,89.473,89.773,186288.0,873877007.9999999,48.75,49.06,46.75,46.91,True,精研科技,False
2025-08-08,88.462,91.139,87.133,89.848,127578.0,598978710.0,46.21,47.64,45.5,46.95,True,精研科技,False
2025-08-11,89.679,92.862,88.425,91.664,144615.0,692995080.0,46.86,48.56,46.19,47.92,True,精研科技,False
2025-08-12,90.877,92.132,88.949,89.192,121260.0,565071600.0,47.5,48.17,46.47,46.6,True,精研科技,False
2025-08-13,88.444,89.735,87.714,88.874,104921.0,487148203.0,46.2,46.89,45.81,46.43,True,精研科技,False
2025-08-14,90.334,90.84,85.467,86.141,119629.0,537971613.0,47.21,47.48,44.61,44.97,True,精研科技,False
2025-08-15,85.842,89.529,85.823,89.249,141685.0,660677155.0,44.81,46.78,44.8,46.63,True,精研科技,False
2025-08-18,90.166,96.549,90.166,93.76,217675.0,1067478200.0,47.12,50.53,47.12,49.04,True,精研科技,False
2025-08-19,94.771,97.991,93.049,96.418,197642.0,997301532.0,49.58,51.3,48.66,50.46,True,精研科技,False
2025-08-20,95.744,100.125,93.872,98.946,183956.0,953076036.0,50.1,52.44,49.1,51.81,True,精研科技,False
2025-08-21,100.237,100.761,94.078,94.846,167485.0,831060570.0,52.5,52.78,49.21,49.62,True,精研科技,False
2025-08-22,93.76,96.007,93.292,94.996,136798.0,679886060.0,49.04,50.24,48.79,49.7,True,精研科技,False
2025-08-25,95.557,98.515,94.546,96.175,163768.0,824244344.0,50.0,51.58,49.46,50.33,True,精研科技,False
2025-08-26,96.493,104.786,95.183,101.566,252597.0,1344068637.0,50.5,54.93,49.8,53.21,True,精研科技,False
2025-08-27,101.529,103.513,98.421,98.515,173893.0,896940094.0,53.19,54.25,51.53,51.58,True,精研科技,False
2025-08-28,96.493,98.328,94.247,97.148,135796.0,690522660.0,50.5,51.48,49.3,50.85,True,精研科技,False
2025-08-29,105.086,106.789,99.301,100.892,202604.0,1070762140.0,55.09,56.0,52.0,52.85,True,精研科技,False
2025-09-01,100.855,110.795,98.927,109.99,259538.0,1497793798.0,52.83,58.14,51.8,57.71,True,精研科技,False
2025-09-02,107.838,107.875,100.537,102.446,237760.0,1276295680.0,56.56,56.58,52.66,53.68,True,精研科技,False
2025-09-03,101.66,108.643,101.005,105.685,209689.0,1161886749.0,53.26,56.99,52.91,55.41,True,精研科技,False
2025-09-04,110.552,117.085,103.981,106.789,291234.0,1630910400.0,58.01,61.5,54.5,56.0,True,精研科技,False
2025-09-05,108.287,113.996,102.746,111.619,248148.0,1453650984.0,56.8,59.85,53.84,58.58,True,精研科技,False
2025-09-08,112.405,115.681,107.838,110.515,210778.0,1222301622.0,59.0,60.75,56.56,57.99,True,精研科技,False
2025-09-09,108.661,110.065,97.654,97.991,250738.0,1286285940.0,57.0,57.75,51.12,51.3,True,精研科技,False
2025-09-10,96.119,98.159,92.3,95.613,208884.0,1045046652.0,50.3,51.39,48.26,50.03,True,精研科技,False
2025-09-11,95.576,97.804,92.805,97.205,139685.0,710717280.0,50.01,51.2,48.53,50.88,True,精研科技,False
2025-09-12,97.317,99.245,95.744,95.744,126211.0,632317110.0,50.94,51.97,50.1,50.1,True,精研科技,False
2025-09-15,96.699,98.328,95.389,95.876,89394.0,448489698.0,50.61,51.48,49.91,50.17,True,精研科技,False
2025-09-16,96.774,100.275,95.857,97.841,114539.0,586668758.0,50.65,52.52,50.16,51.22,True,精研科技,False
2025-09-17,97.467,106.696,97.467,104.524,225527.0,1235662433.0,51.02,55.95,51.02,54.79,True,精研科技,False
2025-09-18,104.543,107.332,101.922,103.551,184041.0,998790507.0,54.8,56.29,53.4,54.27,True,精研科技,False
2025-09-19,103.551,103.888,99.02,99.563,116596.0,607931544.0,54.27,54.45,51.85,52.14,True,精研科技,False
2025-09-22,100.593,105.76,100.593,102.446,128799.0,691393032.0,52.69,55.45,52.69,53.68,True,精研科技,False
2025-09-23,103.045,103.719,95.426,97.916,131427.0,673694802.0,54.0,54.36,49.93,51.26,True,精研科技,False
2025-09-24,97.953,99.994,95.426,99.301,99501.0,517405200.0,51.28,52.37,49.93,52.0,True,精研科技,False
2025-09-25,98.665,103.794,98.534,100.911,104810.0,554025660.0,51.66,54.4,51.59,52.86,True,精研科技,False
2025-09-26,100.05,100.892,95.183,95.333,102946.0,513494648.0,52.4,52.85,49.8,49.88,True,精研科技,False
2025-09-29,95.838,101.342,95.557,98.627,112010.0,578419640.0,50.15,53.09,50.0,51.64,True,精研科技,False
2025-09-30,99.488,99.601,97.28,97.616,73650.0,376351500.0,52.1,52.16,50.92,51.1,True,精研科技,False
2025-10-09,98.047,100.593,97.148,97.542,85570.0,436920420.0,51.33,52.69,50.85,51.06,True,精研科技,False
2025-10-10,96.868,97.598,93.049,93.667,94316.0,462054084.0,50.7,51.09,48.66,48.99,True,精研科技,False
2025-10-13,88.069,93.068,85.168,92.412,99931.0,482866592.0,46.0,48.67,44.45,48.32,True,精研科技,False
2025-10-14,93.086,94.022,88.182,88.912,78136.0,362941720.0,48.68,49.18,46.06,46.45,True,精研科技,False
2025-10-15,88.949,91.383,87.339,91.102,59968.0,285567616.0,46.47,47.77,45.61,47.62,True,精研科技,False
2025-10-16,90.54,91.532,88.893,89.267,38435.0,179260840.0,47.32,47.85,46.44,46.64,True,精研科技,False
2025-10-17,89.043,89.717,84.849,84.943,59764.0,264933812.0,46.52,46.88,44.28,44.33,True,精研科技,False
2025-10-20,86.122,87.564,85.598,86.403,46105.0,207979655.0,44.96,45.73,44.68,45.11,True,精研科技,False
2025-10-21,87.133,89.473,86.235,88.949,51837.0,240886539.0,45.5,46.75,45.02,46.47,True,精研科技,False
2025-10-22,88.069,89.249,87.358,88.107,29537.0,135929274.0,46.0,46.63,45.62,46.02,True,精研科技,False
2025-10-23,87.732,87.732,85.336,87.564,39412.0,180231076.0,45.82,45.82,44.54,45.73,True,精研科技,False
2025-10-24,87.508,90.671,87.508,90.353,58256.0,275084832.0,45.7,47.39,45.7,47.22,True,精研科技,False
2025-10-27,91.813,93.442,90.821,92.319,67257.0,324649539.0,48.0,48.87,47.47,48.27,True,精研科技,False
2025-10-28,91.795,93.947,91.458,93.011,55947.0,272126208.0,47.99,49.14,47.81,48.64,True,精研科技,False
2025-10-29,92.918,94.771,91.757,94.49,53568.0,264786624.0,48.59,49.58,47.97,49.43,True,精研科技,False
2025-10-30,95.894,95.894,91.364,91.532,71586.0,342539010.0,50.18,50.18,47.76,47.85,True,精研科技,False
2025-10-31,91.532,93.61,91.383,91.701,51125.0,245093250.0,47.85,48.96,47.77,47.94,True,精研科技,False
2025-11-03,91.327,91.514,89.005,89.904,52962.0,248815476.0,47.74,47.84,46.5,46.98,True,精研科技,False
2025-11-04,89.548,89.866,85.037,85.748,82642.0,369905592.0,46.79,46.96,44.38,44.76,True,精研科技,False
2025-11-05,84.288,86.085,84.288,85.243,45019.0,200289531.0,43.98,44.94,43.98,44.49,True,精研科技,False
2025-11-06,85.392,86.946,84.569,86.871,46674.0,211713264.0,44.57,45.4,44.13,45.36,True,精研科技,False
2025-11-07,86.328,87.208,85.542,85.935,31115.0,139581890.0,45.07,45.54,44.65,44.86,True,精研科技,False
2025-11-10,86.16,86.852,84.4,85.055,38260.0,169836140.0,44.98,45.35,44.04,44.39,True,精研科技,False
2025-11-11,85.729,86.179,84.232,84.344,35046.0,154237446.0,44.75,44.99,43.95,44.01,True,精研科技,False
2025-11-12,84.887,84.887,82.547,83.52,37280.0,162428960.0,44.3,44.3,43.05,43.57,True,精研科技,False
2025-11-13,83.221,84.98,83.015,83.876,33925.0,148455800.0,43.41,44.35,43.3,43.76,True,精研科技,False
2025-11-14,83.595,83.913,82.36,82.453,36109.0,155268700.0,43.61,43.78,42.95,43.0,True,精研科技,False
2025-11-17,82.509,82.828,81.293,82.528,38678.0,166470112.0,43.03,43.2,42.38,43.04,True,精研科技,False
2025-11-18,82.491,82.734,81.555,81.91,25398.0,108474858.0,43.02,43.15,42.52,42.71,True,精研科技,False
2025-11-19,81.929,82.64,79.72,79.982,51997.0,216723496.0,42.72,43.1,41.54,41.68,True,精研科技,False
2025-11-20,81.143,81.218,79.458,79.514,34893.0,144561699.0,42.3,42.34,41.4,41.43,True,精研科技,False
2025-11-21,78.017,79.383,76.238,76.294,52806.0,209692626.0,40.63,41.36,39.68,39.71,True,精研科技,False
2025-11-24,76.893,79.196,76.294,78.41,50883.0,207806172.00000003,40.03,41.26,39.71,40.84,True,精研科技,False
2025-11-25,79.177,82.229,78.597,81.33,65945.0,279606800.0,41.25,42.88,40.94,42.4,True,精研科技,False
2025-11-26,81.049,82.079,80.506,80.712,42088.0,177064216.0,42.25,42.8,41.96,42.07,True,精研科技,False
2025-11-27,80.263,83.857,80.263,82.21,54873.0,235240551.0,41.83,43.75,41.83,42.87,True,精研科技,False
2025-11-28,82.36,84.737,81.892,84.176,52948.0,232547616.0,42.95,44.22,42.7,43.92,True,精研科技,False
2025-12-01,84.269,88.275,84.232,87.377,121964.0,556521732.0,43.97,46.11,43.95,45.63,True,精研科技,False
2025-12-02,87.994,88.687,85.785,86.104,77069.0,346425155.0,45.96,46.33,44.78,44.95,True,精研科技,False
2025-12-03,87.115,88.256,83.913,84.381,64728.0,284997384.0,45.49,46.1,43.78,44.03,True,精研科技,False
2025-12-04,84.213,84.681,81.049,82.36,64450.0,276812750.0,43.94,44.19,42.25,42.95,True,精研科技,False
2025-12-05,82.509,88.762,81.91,86.179,129023.0,580474477.0,43.03,46.37,42.71,44.99,True,精研科技,False
2025-12-08,85.448,86.478,84.138,85.711,100717.0,450607858.0,44.6,45.15,43.9,44.74,True,精研科技,False
2025-12-09,84.962,87.283,84.7,85.748,71872.0,321699072.0,44.34,45.58,44.2,44.76,True,精研科技,False
2025-12-10,85.299,86.122,84.101,85.879,52719.0,236339277.0,44.52,44.96,43.88,44.83,True,精研科技,False
2025-12-11,85.561,86.104,84.082,84.082,42368.0,185868416.0,44.66,44.95,43.87,43.87,True,精研科技,False
2025-12-12,83.745,84.98,82.603,84.082,39361.0,172676707.0,43.69,44.35,43.08,43.87,True,精研科技,False
2025-12-15,83.483,83.857,81.573,82.004,47368.0,202545568.0,43.55,43.75,42.53,42.76,True,精研科技,False
2025-12-16,81.555,81.611,79.102,79.608,40439.0,167740972.0,42.52,42.55,41.21,41.48,True,精研科技,False
2025-12-17,79.589,82.64,79.552,82.584,45852.0,197484564.0,41.47,43.1,41.45,43.07,True,精研科技,False
2025-12-18,81.517,82.977,81.349,81.536,33491.0,142370241.0,42.5,43.28,42.41,42.51,True,精研科技,False
2025-12-19,81.948,83.015,81.723,82.116,36115.0,154644430.0,42.73,43.3,42.61,42.82,True,精研科技,False
2025-12-22,80.6,82.865,80.6,82.247,61369.0,263211641.0,42.01,43.22,42.01,42.89,True,精研科技,False
2025-12-23,81.967,86.89,81.293,85.523,109984.0,490968576.0,42.74,45.37,42.38,44.64,True,精研科技,False
2025-12-24,85.074,92.6,84.924,91.252,204728.0,976552560.0,44.4,48.42,44.32,47.7,True,精研科技,False
2025-12-25,90.877,91.401,89.455,89.679,97437.0,456589782.0,47.5,47.78,46.74,46.86,True,精研科技,False
2025-12-26,89.754,90.128,87.564,88.331,73448.0,338889072.0,46.9,47.1,45.73,46.14,True,精研科技,False
2025-12-29,88.069,89.66,86.721,88.912,104227.0,484134415.0,46.0,46.85,45.28,46.45,True,精研科技,False
2025-12-30,88.088,90.653,86.984,89.941,109164.0,513070800.0,46.01,47.38,45.42,47.0,True,精研科技,False
2025-12-31,91.214,91.589,89.192,90.241,117723.0,555181668.0,47.68,47.88,46.6,47.16,True,精研科技,False
2026-01-05,89.904,90.653,89.623,90.484,90947.0,430088363.0,46.98,47.38,46.83,47.29,True,精研科技,False
2026-01-06,90.559,92.0,89.997,91.345,113589.0,542387475.0,47.33,48.1,47.03,47.75,True,精研科技,False
2026-01-07,90.653,93.985,89.81,92.0,134379.0,646362990.0,47.38,49.16,46.93,48.1,True,精研科技,False
2026-01-08,91.345,92.431,90.503,91.139,96422.0,459354408.0,47.75,48.33,47.3,47.64,True,精研科技,False
2026-01-09,90.69,93.442,90.26,93.142,120534.0,587121114.0,47.4,48.87,47.17,48.71,True,精研科技,False
2026-01-12,93.236,93.929,91.813,93.723,133543.0,654627786.0,48.76,49.13,48.0,49.02,True,精研科技,False
2026-01-13,93.461,93.479,90.128,90.503,114566.0,541897180.0,48.88,48.89,47.1,47.3,True,精研科技,False
2026-01-14,89.979,92.169,88.93,90.465,116609.0,551327352.0,47.02,48.19,46.46,47.28,True,精研科技,False
2026-01-15,89.979,92.132,89.979,91.757,74068.0,355304196.0,47.02,48.17,47.02,47.97,True,精研科技,False
2026-01-16,91.813,95.95,91.813,95.22,162808.0,811109456.0,48.0,50.21,48.0,49.82,True,精研科技,False
2026-01-19,95.37,95.37,93.255,93.835,94064.0,461666112.0,49.9,49.9,48.77,49.08,True,精研科技,False
2026-01-20,93.423,94.022,90.316,91.233,87057.0,415174833.0,48.86,49.18,47.2,47.69,True,精研科技,False
2026-01-21,90.409,94.771,90.091,93.573,94498.0,462473212.0,47.25,49.58,47.08,48.94,True,精研科技,False
2026-01-22,93.685,94.284,92.15,92.843,61359.0,297897945.0,49.0,49.32,48.18,48.55,True,精研科技,False
2026-01-23,92.862,93.854,92.019,93.311,75213.0,367039440.0,48.56,49.09,48.11,48.8,True,精研科技,False
2026-01-26,93.217,94.434,89.118,89.548,103457.0,484075303.0,48.75,49.4,46.56,46.79,True,精研科技,False
2026-01-27,90.147,93.273,86.684,92.862,115738.0,562023728.0,47.11,48.78,45.26,48.56,True,精研科技,False
2026-01-28,91.832,92.899,90.896,92.038,67587.0,325228644.0,48.01,48.58,47.51,48.12,True,精研科技,False
2026-01-29,91.439,92.431,87.994,88.182,78949.0,363639094.0,47.8,48.33,45.96,46.06,True,精研科技,False
2026-01-30,80.244,82.435,76.294,79.121,209097.0,861897834.0,41.82,42.99,39.71,41.22,True,精研科技,False
2026-02-02,78.915,79.421,75.639,75.901,103314.0,408090300.0,41.11,41.38,39.36,39.5,True,精研科技,False
2026-02-03,76.463,77.474,74.984,77.062,83381.0,334524572.0,39.8,40.34,39.01,40.12,True,精研科技,False
2026-02-04,76.669,77.642,75.34,76.088,57586.0,228040560.0,39.91,40.43,39.2,39.6,True,精研科技,False
2026-02-05,75.714,76.5,73.861,74.366,59158.0,228823144.0,39.4,39.82,38.41,38.68,True,精研科技,False
2026-02-06,73.842,75.115,73.505,74.104,39199.0,151072946.0,38.4,39.08,38.22,38.54,True,精研科技,False
2026-02-09,74.89,76.388,74.778,75.845,49489.0,195333083.0,38.96,39.76,38.9,39.47,True,精研科技,False
2026-02-10,75.883,76.613,75.284,75.34,37535.0,147137200.0,39.49,39.88,39.17,39.2,True,精研科技,False
2026-02-11,75.452,76.201,74.778,74.816,32549.0,126680708.0,39.26,39.66,38.9,38.92,True,精研科技,False
2026-02-12,75.096,76.556,74.984,76.238,42980.0,170544640.0,39.07,39.85,39.01,39.68,True,精研科技,False
2026-02-13,75.92,76.987,75.714,75.995,39225.0,155134875.0,39.51,40.08,39.4,39.55,True,精研科技,False
2026-02-24,77.343,84.25,76.613,81.873,150209.0,641242221.0,40.27,43.96,39.88,42.69,True,精研科技,False
2026-02-25,81.255,82.678,81.143,81.704,74629.0,317919540.0,42.36,43.12,42.3,42.6,True,精研科技,False
2026-02-26,81.386,84.269,81.386,83.483,80661.0,351278655.0,42.43,43.97,42.43,43.55,True,精研科技,False
2026-02-27,82.64,84.007,80.956,83.165,73323.0,318075174.0,43.1,43.83,42.2,43.38,True,精研科技,False
2026-03-02,81.985,83.988,80.637,81.499,69802.0,296588698.0,42.75,43.82,42.03,42.49,True,精研科技,False
2026-03-03,82.079,85.13,78.522,80.319,163880.0,686001680.0,42.8,44.43,40.9,41.86,True,精研科技,False
2026-03-04,79.308,83.445,79.102,80.993,92129.0,388968638.0,41.32,43.53,41.21,42.22,True,精研科技,False
2026-03-05,83.595,83.951,81.199,82.023,76036.0,325205972.0,43.61,43.8,42.33,42.77,True,精研科技,False
2026-03-06,81.349,83.389,80.694,81.704,53163.0,226474380.0,42.41,43.5,42.06,42.6,True,精研科技,False
2026-03-09,79.832,81.611,78.578,80.918,67830.0,286106940.0,41.6,42.55,40.93,42.18,True,精研科技,False
2026-03-10,82.884,87.358,82.734,86.197,135457.0,609556500.0,43.23,45.62,43.15,45.0,True,精研科技,False
2026-03-11,86.216,88.406,85.13,85.374,111886.0,498564016.0,45.01,46.18,44.43,44.56,True,精研科技,False
2026-03-12,85.112,86.085,82.229,83.371,75004.0,326192396.0,44.42,44.94,42.88,43.49,True,精研科技,False
2026-03-13,82.566,84.119,81.536,82.041,60008.0,256714224.0,43.06,43.89,42.51,42.78,True,精研科技,False
2026-03-16,81.536,82.004,79.477,81.929,53384.0,228056448.0,42.51,42.76,41.41,42.72,True,精研科技,False
2026-03-17,82.416,83.015,76.706,76.762,87624.0,350145504.0,42.98,43.3,39.93,39.96,True,精研科技,False
2026-03-18,77.024,79.252,77.024,78.953,57905.0,238163265.0,40.1,41.29,40.1,41.13,True,精研科技,False
2026-03-19,77.586,78.11,76.201,76.482,47614.0,189551334.0,40.4,40.68,39.66,39.81,True,精研科技,False
2026-03-20,77.137,78.709,74.722,74.947,62075.0,242030425.0,40.16,41.0,38.87,38.99,True,精研科技,False
2026-03-23,72.157,73.636,69.761,70.117,89288.0,325097607.99999994,37.5,38.29,36.22,36.41,True,精研科技,False
2026-03-24,71.465,72.419,69.274,72.195,58501.0,219495752.00000003,37.13,37.64,35.96,37.52,True,精研科技,False
2026-03-25,72.831,74.778,72.831,73.655,51699.0,198007170.0,37.86,38.9,37.86,38.3,True,精研科技,False
2026-03-26,73.093,74.16,71.277,72.906,51350.0,194616500.0,38.0,38.57,37.03,37.9,True,精研科技,False
2026-03-27,72.157,74.909,71.446,73.767,48391.0,185627876.0,37.5,38.97,37.12,38.36,True,精研科技,False
2026-03-30,72.307,74.235,71.764,73.543,38438.0,146986912.0,37.58,38.61,37.29,38.24,True,精研科技,False
2026-03-31,73.075,77.624,72.962,75.92,88788.0,350801388.0,37.99,40.42,37.93,39.51,True,精研科技,False
2026-04-01,77.773,79.233,77.081,77.96,72577.0,294662620.0,40.5,41.28,40.13,40.6,True,精研科技,False
2026-04-02,77.511,78.99,75.003,75.583,54140.0,212932620.0,40.36,41.15,39.02,39.33,True,精研科技,False
2026-04-03,75.901,76.313,73.973,74.216,42751.0,165018860.0,39.5,39.72,38.47,38.6,True,精研科技,False
2026-04-07,78.634,79.533,75.939,76.463,102140.0,406517200.0,40.96,41.44,39.52,39.8,True,精研科技,False
2026-04-08,77.979,80.525,77.661,80.525,97296.0,408351312.0,40.61,41.97,40.44,41.97,True,精研科技,False
2026-04-09,78.709,82.828,78.485,81.311,93946.0,398237094.0,41.0,43.2,40.88,42.39,True,精研科技,False
2026-04-10,81.517,82.435,80.581,80.675,80534.0,338645470.0,42.5,42.99,42.0,42.05,True,精研科技,False
2026-04-13,79.439,81.985,79.439,80.656,47972.0,201674288.0,41.39,42.75,41.39,42.04,True,精研科技,False
2026-04-14,81.63,82.21,80.881,81.667,60173.0,256216634.0,42.56,42.87,42.16,42.58,True,精研科技,False
2026-04-15,81.667,83.876,81.162,81.91,75383.0,321960793.0,42.58,43.76,42.31,42.71,True,精研科技,False
2026-04-16,81.892,82.435,80.993,81.218,61891.0,262046494.00000003,42.7,42.99,42.22,42.34,True,精研科技,False
2026-04-17,80.843,81.948,80.581,80.694,48632.0,204546192.0,42.14,42.73,42.0,42.06,True,精研科技,False
2026-04-20,80.525,82.172,80.001,80.357,63118.0,264338184.00000003,41.97,42.85,41.69,41.88,True,精研科技,False
2026-04-21,80.169,80.169,77.923,79.028,51032.0,210098744.0,41.78,41.78,40.58,41.17,True,精研科技,False
2026-04-22,78.709,79.889,77.96,79.851,40442.0,168279162.0,41.0,41.63,40.6,41.61,True,精研科技,False
2026-04-23,77.942,78.859,74.816,75.714,97427.0,383862380.0,40.59,41.08,38.92,39.4,True,精研科技,False
2026-04-24,75.246,76.201,72.625,73.374,70071.0,267320865.0,39.15,39.66,37.75,38.15,True,精研科技,False
2026-04-27,72.775,76.538,72.7,76.032,100655.0,398291835.0,37.83,39.84,37.79,39.57,True,精研科技,False
2026-04-28,75.209,76.538,74.029,74.235,61631.0,237957291.0,39.13,39.84,38.5,38.61,True,精研科技,False
2026-04-29,73.524,82.416,73.524,80.113,165088.0,689242400.0,38.23,42.98,38.23,41.75,True,精研科技,False
2026-04-30,80.02,80.768,78.691,79.795,71359.0,296710722.0,41.7,42.1,40.99,41.58,True,精研科技,False
2026-05-06,80.581,81.985,79.196,79.683,61314.0,254575728.00000003,42.0,42.75,41.26,41.52,True,精研科技,False
2026-05-07,81.386,84.307,79.87,82.79,112026.0,483728268.0,42.43,43.99,41.62,43.18,True,精研科技,False
2026-05-08,81.929,83.764,81.386,83.221,60066.0,260746506.0,42.72,43.7,42.43,43.41,True,精研科技,False
2026-05-11,84.007,85.261,83.034,84.644,71575.0,316146775.0,43.83,44.5,43.31,44.17,True,精研科技,False
2026-05-12,84.943,89.342,84.307,86.441,124592.0,562283696.0,44.33,46.68,43.99,45.13,True,精研科技,False
2026-05-13,86.197,90.596,85.448,89.267,110057.0,513305848.0,45.0,47.35,44.6,46.64,True,精研科技,False
2026-05-14,88.406,90.84,87.62,88.182,96189.0,443046534.0,46.18,47.48,45.76,46.06,True,精研科技,False
2026-05-15,88.163,95.089,86.572,89.96,166328.0,781907928.0,46.05,49.75,45.2,47.01,True,精研科技,False
2026-05-18,89.174,94.771,88.125,93.311,159133.0,776569040.0,46.59,49.58,46.03,48.8,True,精研科技,False
2026-05-19,91.813,96.081,91.626,95.408,126160.0,629790720.0,48.0,50.28,47.9,49.92,True,精研科技,False
2026-05-20,95.033,97.28,93.011,94.808,105460.0,523081600.0,49.72,50.92,48.64,49.6,True,精研科技,False
2026-05-21,94.247,96.755,90.69,91.121,123801.0,589664163.0,49.3,50.64,47.4,47.63,True,精研科技,False
2026-05-22,92.169,94.771,90.971,93.648,88070.0,431366860.0,48.19,49.58,47.55,48.98,True,精研科技,False
2026-05-25,93.536,95.67,91.813,92.974,74768.0,363522016.0,48.92,50.06,48.0,48.62,True,精研科技,False
2026-05-26,92.244,93.498,90.166,91.214,88086.0,419994048.0,48.23,48.9,47.12,47.68,True,精研科技,False
2026-05-27,91.42,93.086,88.706,89.717,79437.0,372400656.0,47.79,48.68,46.34,46.88,True,精研科技,False
2026-05-28,90.877,94.565,89.473,90.353,84484.0,398933448.0,47.5,49.47,46.75,47.22,True,精研科技,False
2026-05-29,90.615,91.214,82.622,83.202,107966.0,468572440.0,47.36,47.68,43.09,43.4,True,精研科技,False
2026-06-01,83.296,87.545,82.322,85.561,113045.0,504858970.0,43.45,45.72,42.93,44.66,True,精研科技,False
2026-06-02,84.756,94.247,84.756,92.0,169905.0,817243050.0,44.23,49.3,44.23,48.1,True,精研科技,False
2026-06-03,91.345,92.394,87.695,89.249,103389.0,482102907.0,47.75,48.31,45.8,46.63,True,精研科技,False
2026-06-04,86.665,94.902,86.235,92.712,171038.0,829192224.0,45.25,49.65,45.02,48.48,True,精研科技,False
2026-06-05,91.907,100.237,91.345,97.485,194141.0,990701523.0,48.05,52.5,47.75,51.03,True,精研科技,False
2026-06-08,95.557,99.058,89.997,90.859,148564.0,705530436.0,50.0,51.87,47.03,47.49,True,精研科技,False
2026-06-09,91.813,100.537,89.717,99.114,181778.0,943427820.0,48.0,52.66,46.88,51.9,True,精研科技,False
2026-06-10,96.493,97.467,91.27,92.749,139727.0,677675950.0,50.5,51.02,47.71,48.5,True,精研科技,False
2026-06-11,90.915,95.819,88.256,90.372,154524.0,729816852.0,47.52,50.14,46.1,47.23,True,精研科技,False
2026-06-12,95.613,102.858,84.101,92.525,363065.0,1756508470.0,50.03,53.9,43.88,48.38,True,精研科技,False
2026-06-15,92.525,100.537,92.525,98.347,274512.0,1413462288.0,48.38,52.66,48.38,51.49,True,精研科技,False
2026-06-16,97.074,115.269,96.456,114.464,320907.0,1928651070.0,50.81,60.53,50.48,60.1,True,精研科技,False
2026-06-17,112.405,117.085,111.095,116.168,179158.0,1093042958.0,59.0,61.5,58.3,61.01,True,精研科技,False
2026-06-18,116.149,124.573,115.213,120.006,176308.0,1111798248.0,61.0,65.5,60.5,63.06,True,精研科技,False
2026-06-22,122.252,125.097,117.441,124.311,166982.0,1091394352.0,64.26,65.78,61.69,65.36,True,精研科技,False
2026-06-23,125.266,131.593,121.541,122.514,133940.0,862573600.0000001,65.87,69.25,63.88,64.4,True,精研科技,False
2026-06-24,122.215,128.074,120.043,125.94,122045.0,808304035.0,64.24,67.37,63.08,66.23,True,精研科技,False
2026-06-25,126.071,132.155,123.731,123.731,216209.0,1405358500.0,66.25,69.5,65.0,65.0,True,精研科技,False
2026-06-26,124.948,125.94,116.468,117.198,158928.0,977566128.0,65.65,66.18,61.12,61.51,True,精研科技,False
2026-06-29,117.984,118.77,101.454,104.019,202891.0,1105147277.0,61.93,62.35,53.1,54.47,True,精研科技,False
2026-06-30,104.075,108.998,101.81,107.351,122449.0,688775625.0,54.5,57.13,53.29,56.25,True,精研科技,False
2026-07-01,106.976,112.274,98.889,99.582,175066.0,912093860.0,56.05,58.88,51.73,52.1,True,精研科技,False
2026-07-02,95.876,101.697,93.554,95.164,150256.0,747373344.0,50.12,53.23,48.88,49.74,True,精研科技,False
2026-07-03,98.234,101.604,95.445,97.148,117662.0,597722960.0,51.38,53.18,49.89,50.8,True,精研科技,False
2026-07-06,96.83,99.114,90.465,96.475,126309.0,637102596.0,50.63,51.85,47.23,50.44,True,精研科技,False
2026-07-07,95.52,97.261,91.72,92.45,82091.0,396417439.0,49.93,50.86,47.9,48.29,True,精研科技,False
2026-07-08,94.06,95.239,87.957,88.069,79168.0,363776960.0,49.15,49.78,45.89,45.95,True,精研科技,False
2026-07-09,89.099,90.596,85.317,89.324,88721.0,413617302.0,46.5,47.3,44.48,46.62,True,精研科技,False
2026-07-10,89.155,93.33,86.684,90.859,161552.0,766402688.0,46.53,48.76,45.21,47.44,True,精研科技,False
2026-07-13,89.866,90.409,77.886,78.522,141708.0,578877180.0,46.91,47.2,40.51,40.85,True,精研科技,False
2026-07-14,78.428,80.843,75.901,79.627,82629.0,342414576.0,40.8,42.09,39.45,41.44,True,精研科技,False
2026-07-15,79.739,81.18,76.088,76.669,75296.0,300129856.0,41.5,42.27,39.55,39.86,True,精研科技,False
2026-07-16,76.126,84.288,75.901,77.867,153613.0,622132650.0,39.57,43.93,39.45,40.5,True,精研科技,False
2026-07-17,77.23,78.541,72.532,72.532,136358.0,513387870.0,40.16,40.86,37.65,37.65,True,精研科技,False
2026-07-20,73.805,73.861,64.445,64.988,159714.0,536958468.0,38.33,38.36,33.33,33.62,True,精研科技,False
2026-07-21,66.26,69.443,59.521,69.068,151337.0,541786460.0,34.3,36.0,30.7,35.8,True,精研科技,False
2026-07-22,67.964,70.004,66.429,66.822,90432.0,312894720.0,35.21,36.3,34.39,34.6,True,精研科技,False
2026-07-23,67.309,68.937,65.324,66.298,62669.0,215080008.0,34.86,35.73,33.8,34.32,True,精研科技,False
2026-07-24,65.324,68.376,64.37,66.56,74202.0,255700092.0,33.8,35.43,33.29,34.46,True,精研科技,False
2026-07-27,66.373,69.761,65.025,69.611,73657.0,265828113.00000003,34.36,36.17,33.64,36.09,True,精研科技,False
2026-07-28,70.566,71.989,66.354,66.728,93336.0,322475880.0,36.6,37.36,34.35,34.55,True,精研科技,False
2026-07-29,67.047,69.068,62.891,66.86,134927.0,467117274.0,34.72,35.8,32.5,34.62,True,精研科技,False
2026-07-30,65.998,66.728,61.206,61.487,124334.0,394760450.0,34.16,34.55,31.6,31.75,True,精研科技,False
2026-07-31,64.744,65.924,62.76,63.041,118521.0,386141418.0,33.49,34.12,32.43,32.58,True,精研科技,False
2026-08-03,63.059,65.811,62.554,65.193,93330.0,314802090.0,32.59,34.06,32.32,33.73,True,精研科技,False
2026-08-04,66.635,68.507,65.418,67.945,94283.0,331876160.0,34.5,35.5,33.85,35.2,True,精研科技,False
2026-08-05,67.196,72.139,66.878,71.09,129597.0,477953736.00000006,34.8,37.44,34.63,36.88,True,精研科技,False
2026-08-06,70.323,75.003,70.21,73.468,108071.0,412290865.0,36.47,38.97,36.41,38.15,True,精研科技,False
2026-08-07,73.486,75.003,72.569,74.104,90785.0,349431465.0,38.16,38.97,37.67,38.49,True,精研科技,False
2026-08-10,74.104,75.227,71.895,73.43,85579.0,326312727.0,38.49,39.09,37.31,38.13,True,精研科技,False
2026-08-11,73.43,74.797,72.981,73.861,64923.0,249044628.0,38.13,38.86,37.89,38.36,True,精研科技,False
2026-08-12,73.187,76.538,73.093,74.984,66846.0,260432016.0,38.0,39.79,37.95,38.96,True,精研科技,False
2026-08-13,75.34,76.444,73.206,73.374,74689.0,284565090.0,39.15,39.74,38.01,38.1,True,精研科技,False
2026-08-14,75.19,78.578,73.917,77.212,149218.0,599110270.0,39.07,40.88,38.39,40.15,True,精研科技,False
2026-08-17,78.84662515566626,81.44279452054795,76.15430136986302,80.2504797011208,120564.0,495210000.0,41.0,42.35,39.6,41.73,True,精研科技,True
2026-08-24,78.32739128268992,79.63509140722292,75.96199252801993,77.23123088418431,117445.0,471450000.0,40.73,41.41,39.5,40.16,True,精研科技,True
2026-08-25,74.69275417185555,79.26970460772105,73.4619775840598,77.73123387297636,139643.0,557270000.0,38.84,41.22,38.2,40.42,True,精研科技,True
2026-08-27,79.07739576587798,80.13509439601496,75.57737484433376,79.76970759651309,171945.0,702970000.0,41.12,41.67,39.3,41.48,True,精研科技,True
