date,open,high,low,close,volume,amount,raw_open,raw_high,raw_low,raw_close,tradable,name,provisional
2020-11-05,58.99,62.0,57.01,57.82,297025.0,1717398550.0,58.99,62.0,57.01,57.82,True,科翔股份,False
2020-11-06,55.0,72.0,54.38,68.5,288908.0,1979019800.0,55.0,72.0,54.38,68.5,True,科翔股份,False
2020-11-09,69.0,82.0,66.8,74.61,267322.0,1994489442.0,69.0,82.0,66.8,74.61,True,科翔股份,False
2020-11-10,70.8,72.48,65.56,65.76,219433.0,1442991408.0,70.8,72.48,65.56,65.76,True,科翔股份,False
2020-11-11,63.78,68.2,62.79,66.19,164355.0,1087865745.0,63.78,68.2,62.79,66.19,True,科翔股份,False
2020-11-12,64.0,64.99,59.0,59.34,157424.0,934154016.0,64.0,64.99,59.0,59.34,True,科翔股份,False
2020-11-13,57.99,61.2,57.16,59.34,108061.0,641233974.0,57.99,61.2,57.16,59.34,True,科翔股份,False
2020-11-16,58.68,61.62,57.23,61.18,110888.0,678412784.0,58.68,61.62,57.23,61.18,True,科翔股份,False
2020-11-17,60.35,67.99,60.11,67.92,174270.0,1183641840.0,60.35,67.99,60.11,67.92,True,科翔股份,False
2020-11-18,65.0,67.28,64.08,64.12,123329.0,790785548.0,65.0,67.28,64.08,64.12,True,科翔股份,False
2020-11-19,62.99,65.98,61.15,61.85,111394.0,688971890.0,62.99,65.98,61.15,61.85,True,科翔股份,False
2020-11-20,62.48,64.5,59.58,61.75,99741.0,615900675.0,62.48,64.5,59.58,61.75,True,科翔股份,False
2020-11-23,60.5,61.8,59.08,60.23,83897.0,505311631.0,60.5,61.8,59.08,60.23,True,科翔股份,False
2020-11-24,60.7,64.5,60.7,62.08,115295.0,715751360.0,60.7,64.5,60.7,62.08,True,科翔股份,False
2020-11-25,61.58,61.6,57.98,58.68,100353.0,588871404.0,61.58,61.6,57.98,58.68,True,科翔股份,False
2020-11-26,58.0,60.18,57.71,58.44,70465.0,411797460.0,58.0,60.18,57.71,58.44,True,科翔股份,False
2020-11-27,57.89,59.31,55.5,56.02,76739.0,429891878.0,57.89,59.31,55.5,56.02,True,科翔股份,False
2020-11-30,56.6,56.88,54.75,55.72,61571.0,343073612.0,56.6,56.88,54.75,55.72,True,科翔股份,False
2020-12-01,57.0,58.73,56.99,58.18,85401.0,496863018.0,57.0,58.73,56.99,58.18,True,科翔股份,False
2020-12-02,57.48,58.8,57.01,57.45,72733.0,417851085.0,57.48,58.8,57.01,57.45,True,科翔股份,False
2020-12-03,57.0,57.99,55.09,55.1,73714.0,406164140.0,57.0,57.99,55.09,55.1,True,科翔股份,False
2020-12-04,54.55,57.35,54.22,56.15,69965.0,392853475.0,54.55,57.35,54.22,56.15,True,科翔股份,False
2020-12-07,57.5,58.55,55.51,55.6,65137.0,362161720.0,57.5,58.55,55.51,55.6,True,科翔股份,False
2020-12-08,55.02,57.98,54.64,57.77,67975.0,392691575.0,55.02,57.98,54.64,57.77,True,科翔股份,False
2020-12-09,57.0,58.87,55.52,55.7,67549.0,376247930.0,57.0,58.87,55.52,55.7,True,科翔股份,False
2020-12-10,55.18,55.31,50.6,50.63,92782.0,469755266.0,55.18,55.31,50.6,50.63,True,科翔股份,False
2020-12-11,50.01,51.17,47.0,48.32,71928.0,347556096.0,50.01,51.17,47.0,48.32,True,科翔股份,False
2020-12-14,47.7,48.77,47.28,48.64,41794.0,203286016.0,47.7,48.77,47.28,48.64,True,科翔股份,False
2020-12-15,48.3,49.47,47.64,48.42,43600.0,211111200.0,48.3,49.47,47.64,48.42,True,科翔股份,False
2020-12-16,48.2,48.35,45.5,45.76,61008.0,279172608.0,48.2,48.35,45.5,45.76,True,科翔股份,False
2020-12-17,45.95,47.65,44.21,47.08,62314.0,293374312.0,45.95,47.65,44.21,47.08,True,科翔股份,False
2020-12-18,47.13,50.7,47.13,48.08,74457.0,357989256.0,47.13,50.7,47.13,48.08,True,科翔股份,False
2020-12-21,47.14,49.31,46.6,48.09,54314.0,261196026.00000003,47.14,49.31,46.6,48.09,True,科翔股份,False
2020-12-22,47.6,47.99,45.02,45.02,55707.0,250792914.00000003,47.6,47.99,45.02,45.02,True,科翔股份,False
2020-12-23,44.7,45.86,44.28,45.1,42197.0,190308470.0,44.7,45.86,44.28,45.1,True,科翔股份,False
2020-12-24,44.9,45.56,42.15,42.52,50140.0,213195280.00000003,44.9,45.56,42.15,42.52,True,科翔股份,False
2020-12-25,42.37,43.0,41.2,41.3,42912.0,177226560.0,42.37,43.0,41.2,41.3,True,科翔股份,False
2020-12-28,40.96,41.58,39.06,39.42,45292.0,178541064.0,40.96,41.58,39.06,39.42,True,科翔股份,False
2020-12-29,39.52,43.79,39.33,42.15,77920.0,328432800.0,39.52,43.79,39.33,42.15,True,科翔股份,False
2020-12-30,41.5,42.83,40.23,41.15,61458.0,252899670.0,41.5,42.83,40.23,41.15,True,科翔股份,False
2020-12-31,41.15,42.6,41.15,42.28,47798.0,202089944.0,41.15,42.6,41.15,42.28,True,科翔股份,False
2021-01-04,41.93,44.17,41.93,43.81,54845.0,240275945.0,41.93,44.17,41.93,43.81,True,科翔股份,False
2021-01-05,43.39,44.6,42.88,43.76,60356.0,264117856.0,43.39,44.6,42.88,43.76,True,科翔股份,False
2021-01-06,44.5,44.8,40.53,40.64,66129.0,268748256.0,44.5,44.8,40.53,40.64,True,科翔股份,False
2021-01-07,40.02,41.08,36.86,37.26,73435.0,273618810.0,40.02,41.08,36.86,37.26,True,科翔股份,False
2021-01-08,36.88,38.2,35.1,36.61,58253.0,213264233.0,36.88,38.2,35.1,36.61,True,科翔股份,False
2021-01-11,36.61,38.15,35.8,36.82,62074.0,228556468.0,36.61,38.15,35.8,36.82,True,科翔股份,False
2021-01-12,36.41,37.3,35.19,35.5,52168.0,185196400.0,36.41,37.3,35.19,35.5,True,科翔股份,False
2021-01-13,35.32,35.88,33.0,33.4,57358.0,191575720.0,35.32,35.88,33.0,33.4,True,科翔股份,False
2021-01-14,33.6,36.26,33.55,35.34,70440.0,248934960.00000003,33.6,36.26,33.55,35.34,True,科翔股份,False
2021-01-15,35.27,39.91,34.9,37.9,104828.0,397298120.0,35.27,39.91,34.9,37.9,True,科翔股份,False
2021-01-18,37.06,39.5,37.06,38.17,82943.0,316593431.0,37.06,39.5,37.06,38.17,True,科翔股份,False
2021-01-19,38.99,41.22,37.7,39.87,102959.0,410497533.0,38.99,41.22,37.7,39.87,True,科翔股份,False
2021-01-20,39.3,41.12,38.55,39.28,77561.0,304659608.0,39.3,41.12,38.55,39.28,True,科翔股份,False
2021-01-21,38.45,38.71,37.18,37.37,73396.0,274280852.0,38.45,38.71,37.18,37.37,True,科翔股份,False
2021-01-22,37.31,39.55,37.31,37.51,60500.0,226935500.0,37.31,39.55,37.31,37.51,True,科翔股份,False
2021-01-25,36.9,38.86,35.13,38.35,65616.0,251637360.0,36.9,38.86,35.13,38.35,True,科翔股份,False
2021-01-26,38.06,40.08,37.61,37.8,68941.0,260596980.0,38.06,40.08,37.61,37.8,True,科翔股份,False
2021-01-27,36.58,37.76,36.41,37.25,45470.0,169375750.0,36.58,37.76,36.41,37.25,True,科翔股份,False
2021-01-28,36.31,38.08,35.15,35.2,47133.0,165908160.0,36.31,38.08,35.15,35.2,True,科翔股份,False
2021-01-29,35.56,36.89,35.08,36.74,50253.0,184629522.0,35.56,36.89,35.08,36.74,True,科翔股份,False
2021-02-01,37.01,39.98,36.88,39.85,84525.0,336832125.0,37.01,39.98,36.88,39.85,True,科翔股份,False
2021-02-02,39.96,40.7,38.7,39.42,77144.0,304101648.0,39.96,40.7,38.7,39.42,True,科翔股份,False
2021-02-03,38.75,39.97,37.83,38.25,56221.0,215045325.0,38.75,39.97,37.83,38.25,True,科翔股份,False
2021-02-04,37.4,38.79,35.83,38.79,63316.0,245602764.0,37.4,38.79,35.83,38.79,True,科翔股份,False
2021-02-05,38.68,38.7,34.9,35.0,54392.0,190372000.0,38.68,38.7,34.9,35.0,True,科翔股份,False
2021-02-08,34.48,35.44,32.7,32.85,45602.0,149802570.0,34.48,35.44,32.7,32.85,True,科翔股份,False
2021-02-09,32.82,34.18,32.82,33.3,36745.0,122360850.0,32.82,34.18,32.82,33.3,True,科翔股份,False
2021-02-10,33.54,34.52,32.5,32.66,39107.0,127723462.0,33.54,34.52,32.5,32.66,True,科翔股份,False
2021-02-18,33.67,34.88,33.33,34.3,48162.0,165195660.0,33.67,34.88,33.33,34.3,True,科翔股份,False
2021-02-19,34.26,35.44,33.8,35.21,37016.0,130333336.0,34.26,35.44,33.8,35.21,True,科翔股份,False
2021-02-22,35.8,36.51,34.8,34.8,46939.0,163347720.0,35.8,36.51,34.8,34.8,True,科翔股份,False
2021-02-23,34.47,35.59,33.63,35.49,42907.0,152276943.0,34.47,35.59,33.63,35.49,True,科翔股份,False
2021-02-24,35.99,38.68,35.99,36.89,69710.0,257160190.0,35.99,38.68,35.99,36.89,True,科翔股份,False
2021-02-25,36.67,36.9,35.04,35.08,46045.0,161525860.0,36.67,36.9,35.04,35.08,True,科翔股份,False
2021-02-26,34.01,35.67,33.83,34.92,27506.0,96050952.0,34.01,35.67,33.83,34.92,True,科翔股份,False
2021-03-01,35.21,36.8,35.21,36.78,37878.0,139315284.0,35.21,36.8,35.21,36.78,True,科翔股份,False
2021-03-02,37.05,37.3,35.9,36.7,32685.0,119953950.0,37.05,37.3,35.9,36.7,True,科翔股份,False
2021-03-03,36.57,36.93,35.68,36.66,28512.0,104524992.0,36.57,36.93,35.68,36.66,True,科翔股份,False
2021-03-04,36.28,37.18,36.11,36.26,32396.0,117467896.0,36.28,37.18,36.11,36.26,True,科翔股份,False
2021-03-05,35.88,36.9,35.32,36.53,29000.0,105937000.0,35.88,36.9,35.32,36.53,True,科翔股份,False
2021-03-08,37.58,37.9,36.22,36.38,41206.0,149907428.0,37.58,37.9,36.22,36.38,True,科翔股份,False
2021-03-09,36.12,36.5,33.7,33.89,39086.0,132462454.0,36.12,36.5,33.7,33.89,True,科翔股份,False
2021-03-10,34.39,34.8,33.69,33.75,21710.0,73271250.0,34.39,34.8,33.69,33.75,True,科翔股份,False
2021-03-11,33.7,34.69,33.03,34.53,24343.0,84056379.0,33.7,34.69,33.03,34.53,True,科翔股份,False
2021-03-12,34.66,34.91,33.0,33.23,28125.0,93459375.0,34.66,34.91,33.0,33.23,True,科翔股份,False
2021-03-15,33.2,33.55,32.51,33.03,19704.0,65082312.0,33.2,33.55,32.51,33.03,True,科翔股份,False
2021-03-16,32.99,34.12,32.99,33.68,18837.0,63443016.0,32.99,34.12,32.99,33.68,True,科翔股份,False
2021-03-17,33.68,34.87,33.37,34.5,29184.0,100684800.0,33.68,34.87,33.37,34.5,True,科翔股份,False
2021-03-18,34.58,35.45,34.02,34.6,31038.0,107391480.0,34.58,35.45,34.02,34.6,True,科翔股份,False
2021-03-19,34.41,36.44,34.11,36.07,52323.0,188729061.0,34.41,36.44,34.11,36.07,True,科翔股份,False
2021-03-22,36.16,36.58,35.59,36.17,40420.0,146199140.0,36.16,36.58,35.59,36.17,True,科翔股份,False
2021-03-23,36.03,37.27,35.85,36.8,49393.0,181766240.0,36.03,37.27,35.85,36.8,True,科翔股份,False
2021-03-24,37.46,39.21,37.13,37.85,64478.0,244049230.0,37.46,39.21,37.13,37.85,True,科翔股份,False
2021-03-25,35.15,36.3,35.15,35.27,52302.0,184469154.00000003,35.15,36.3,35.15,35.27,True,科翔股份,False
2021-03-26,35.27,35.58,34.2,34.71,39343.0,136559553.0,35.27,35.58,34.2,34.71,True,科翔股份,False
2021-03-29,35.11,35.2,33.94,34.25,30861.0,105698925.0,35.11,35.2,33.94,34.25,True,科翔股份,False
2021-03-30,34.22,34.62,33.75,34.45,24968.0,86014760.0,34.22,34.62,33.75,34.45,True,科翔股份,False
2021-03-31,34.26,34.63,33.9,34.15,21270.0,72637050.0,34.26,34.63,33.9,34.15,True,科翔股份,False
2021-04-01,34.21,35.12,33.75,34.9,31409.0,109617410.0,34.21,35.12,33.75,34.9,True,科翔股份,False
2021-04-02,34.75,37.37,34.74,36.48,53846.0,196430208.0,34.75,37.37,34.74,36.48,True,科翔股份,False
2021-04-06,37.29,37.37,35.72,36.08,41861.0,151034488.0,37.29,37.37,35.72,36.08,True,科翔股份,False
2021-04-07,36.01,37.42,35.85,37.42,55984.0,209492128.0,36.01,37.42,35.85,37.42,True,科翔股份,False
2021-04-08,37.94,41.36,37.06,38.27,105901.0,405283127.00000006,37.94,41.36,37.06,38.27,True,科翔股份,False
2021-04-09,37.5,40.25,37.5,39.38,77447.0,304986286.0,37.5,40.25,37.5,39.38,True,科翔股份,False
2021-04-12,39.26,39.47,37.2,37.45,54440.0,203877800.00000003,39.26,39.47,37.2,37.45,True,科翔股份,False
2021-04-13,37.19,38.18,37.01,37.25,31560.0,117561000.0,37.19,38.18,37.01,37.25,True,科翔股份,False
2021-04-14,37.4,39.3,37.25,39.04,52321.0,204261184.0,37.4,39.3,37.25,39.04,True,科翔股份,False
2021-04-15,39.91,39.97,37.89,37.91,40527.0,153637857.0,39.91,39.97,37.89,37.91,True,科翔股份,False
2021-04-16,37.63,39.41,37.44,39.08,47975.0,187486300.0,37.63,39.41,37.44,39.08,True,科翔股份,False
2021-04-19,38.59,41.16,38.58,40.4,67713.0,273560520.0,38.59,41.16,38.58,40.4,True,科翔股份,False
2021-04-20,39.91,40.5,39.2,39.45,50184.0,197975880.0,39.91,40.5,39.2,39.45,True,科翔股份,False
2021-04-21,39.26,39.26,37.62,37.81,41643.0,157452183.0,39.26,39.26,37.62,37.81,True,科翔股份,False
2021-04-22,38.0,38.58,37.16,37.4,33344.0,124706560.0,38.0,38.58,37.16,37.4,True,科翔股份,False
2021-04-23,37.7,37.7,36.25,36.83,35378.0,130297174.0,37.7,37.7,36.25,36.83,True,科翔股份,False
2021-04-26,35.91,35.92,33.46,33.64,61459.0,206748076.0,35.91,35.92,33.46,33.64,True,科翔股份,False
2021-04-27,33.56,34.0,32.7,33.19,27236.0,90396284.0,33.56,34.0,32.7,33.19,True,科翔股份,False
2021-04-28,33.0,33.48,32.98,33.14,18664.0,61852496.0,33.0,33.48,32.98,33.14,True,科翔股份,False
2021-04-29,33.2,33.76,32.14,32.15,27867.0,89592405.0,33.2,33.76,32.14,32.15,True,科翔股份,False
2021-04-30,31.96,32.16,29.2,29.51,45591.0,134539041.0,31.96,32.16,29.2,29.51,True,科翔股份,False
2021-05-06,28.9,29.75,28.83,29.2,28530.0,83307600.0,28.9,29.75,28.83,29.2,True,科翔股份,False
2021-05-07,29.22,29.47,28.92,29.4,22752.0,66890880.0,29.22,29.47,28.92,29.4,True,科翔股份,False
2021-05-10,29.4,29.53,27.9,28.02,31186.0,87383172.0,29.4,29.53,27.9,28.02,True,科翔股份,False
2021-05-11,27.73,29.24,27.71,29.02,28860.0,83751720.0,27.73,29.24,27.71,29.02,True,科翔股份,False
2021-05-12,28.73,28.9,28.24,28.86,19330.0,55786380.0,28.73,28.9,28.24,28.86,True,科翔股份,False
2021-05-13,28.51,29.4,28.38,28.63,18889.0,54079207.0,28.51,29.4,28.38,28.63,True,科翔股份,False
2021-05-14,28.65,29.48,28.64,29.15,20487.0,59719605.0,28.65,29.48,28.64,29.15,True,科翔股份,False
2021-05-17,29.2,30.0,28.55,29.8,28764.0,85716720.0,29.2,30.0,28.55,29.8,True,科翔股份,False
2021-05-18,29.8,30.88,29.8,30.02,28051.0,84209102.0,29.8,30.88,29.8,30.02,True,科翔股份,False
2021-05-19,29.69,29.86,29.18,29.23,20353.0,59491819.0,29.69,29.86,29.18,29.23,True,科翔股份,False
2021-05-20,29.3,29.49,28.85,28.89,16546.0,47801394.0,29.3,29.49,28.85,28.89,True,科翔股份,False
2021-05-21,28.9,29.34,28.7,28.85,12780.0,36870300.0,28.9,29.34,28.7,28.85,True,科翔股份,False
2021-05-24,28.82,29.33,28.36,29.26,15876.0,46453176.0,28.82,29.33,28.36,29.26,True,科翔股份,False
2021-05-25,29.5,30.16,29.45,29.62,22368.0,66254016.0,29.5,30.16,29.45,29.62,True,科翔股份,False
2021-05-26,29.53,29.94,29.35,29.76,20285.0,60368160.0,29.53,29.94,29.35,29.76,True,科翔股份,False
2021-05-27,29.91,30.98,29.76,30.83,40593.0,125148219.0,29.91,30.98,29.76,30.83,True,科翔股份,False
2021-05-28,30.92,31.2,29.83,30.02,28501.0,85560002.0,30.92,31.2,29.83,30.02,True,科翔股份,False
2021-05-31,30.1,30.53,29.91,30.33,17979.0,54530307.0,30.1,30.53,29.91,30.33,True,科翔股份,False
2021-06-01,30.34,30.78,29.88,30.25,22248.0,67300200.0,30.34,30.78,29.88,30.25,True,科翔股份,False
2021-06-02,30.25,30.32,29.66,29.76,23094.0,68727744.0,30.25,30.32,29.66,29.76,True,科翔股份,False
2021-06-03,29.86,30.6,29.62,30.26,24140.0,73047640.0,29.86,30.6,29.62,30.26,True,科翔股份,False
2021-06-04,30.04,30.25,29.65,29.73,18807.0,55913211.0,30.04,30.25,29.65,29.73,True,科翔股份,False
2021-06-07,30.25,31.3,30.16,30.92,38201.0,118117492.0,30.25,31.3,30.16,30.92,True,科翔股份,False
2021-06-08,31.01,31.22,30.43,30.62,27672.0,84731664.0,31.01,31.22,30.43,30.62,True,科翔股份,False
2021-06-09,30.5,31.85,30.5,30.75,26712.0,82139400.0,30.5,31.85,30.5,30.75,True,科翔股份,False
2021-06-10,30.725,31.045,30.365,30.895,22587.0,69635721.0,30.66,30.98,30.3,30.83,True,科翔股份,False
2021-06-11,31.065,31.165,30.395,30.475,18519.0,56316279.0,31.0,31.1,30.33,30.41,True,科翔股份,False
2021-06-15,30.475,30.665,29.605,29.605,19260.0,56894040.0,30.41,30.6,29.54,29.54,True,科翔股份,False
2021-06-16,29.565,31.065,29.445,29.945,26008.0,77711904.0,29.5,31.0,29.38,29.88,True,科翔股份,False
2021-06-17,29.645,31.845,29.645,31.525,46551.0,146449446.0,29.58,31.78,29.58,31.46,True,科翔股份,False
2021-06-18,31.415,31.555,30.785,31.415,31809.0,99721215.0,31.35,31.49,30.72,31.35,True,科翔股份,False
2021-06-21,31.185,32.395,31.115,31.975,32169.0,102651279.0,31.12,32.33,31.05,31.91,True,科翔股份,False
2021-06-22,31.965,31.965,31.265,31.825,24692.0,78421792.0,31.9,31.9,31.2,31.76,True,科翔股份,False
2021-06-23,31.765,33.255,31.435,32.665,49055.0,159919300.0,31.7,33.19,31.37,32.6,True,科翔股份,False
2021-06-24,32.355,35.655,32.265,34.365,73131.0,250839330.0,32.29,35.59,32.2,34.3,True,科翔股份,False
2021-06-25,33.765,34.155,32.775,32.955,46925.0,154336325.0,33.7,34.09,32.71,32.89,True,科翔股份,False
2021-06-28,33.065,33.325,32.125,32.365,30768.0,99380640.0,33.0,33.26,32.06,32.3,True,科翔股份,False
2021-06-29,33.175,34.695,32.475,32.605,45201.0,147084054.0,33.11,34.63,32.41,32.54,True,科翔股份,False
2021-06-30,31.565,33.015,31.465,32.125,32397.0,103864782.0,31.5,32.95,31.4,32.06,True,科翔股份,False
2021-07-01,32.065,32.355,29.865,30.085,39870.0,119689740.0,32.0,32.29,29.8,30.02,True,科翔股份,False
2021-07-02,30.065,30.655,29.565,29.585,20036.0,59146272.0,30.0,30.59,29.5,29.52,True,科翔股份,False
2021-07-05,29.715,30.515,29.715,30.305,19148.0,57903552.0,29.65,30.45,29.65,30.24,True,科翔股份,False
2021-07-06,30.725,30.725,29.705,30.085,18668.0,56041336.0,30.66,30.66,29.64,30.02,True,科翔股份,False
2021-07-07,29.795,30.545,29.795,30.245,19163.0,57833934.0,29.73,30.48,29.73,30.18,True,科翔股份,False
2021-07-08,30.455,30.615,29.835,30.325,21581.0,65304106.0,30.39,30.55,29.77,30.26,True,科翔股份,False
2021-07-09,30.865,31.945,30.855,31.255,38380.0,119707220.0,30.8,31.88,30.79,31.19,True,科翔股份,False
2021-07-12,30.735,32.505,30.645,32.035,38066.0,121697002.0,30.67,32.44,30.58,31.97,True,科翔股份,False
2021-07-13,31.665,32.045,30.715,31.255,32629.0,101769851.0,31.6,31.98,30.65,31.19,True,科翔股份,False
2021-07-14,31.255,31.255,30.195,30.285,22843.0,69031546.0,31.19,31.19,30.13,30.22,True,科翔股份,False
2021-07-15,30.305,30.445,29.265,29.415,22202.0,65162870.0,30.24,30.38,29.2,29.35,True,科翔股份,False
2021-07-16,29.405,29.695,29.025,29.025,15698.0,45461408.0,29.34,29.63,28.96,28.96,True,科翔股份,False
2021-07-19,29.135,29.345,28.875,29.225,12080.0,35225280.0,29.07,29.28,28.81,29.16,True,科翔股份,False
2021-07-20,28.965,29.185,28.395,28.875,16932.0,48781092.0,28.9,29.12,28.33,28.81,True,科翔股份,False
2021-07-21,28.945,29.725,28.905,29.495,18476.0,54374868.0,28.88,29.66,28.84,29.43,True,科翔股份,False
2021-07-22,29.235,30.945,29.175,30.565,31763.0,96877150.0,29.17,30.88,29.11,30.5,True,科翔股份,False
2021-07-23,30.565,30.705,29.265,29.315,25111.0,73449675.0,30.5,30.64,29.2,29.25,True,科翔股份,False
2021-07-26,29.615,29.745,28.275,28.495,21222.0,60334146.0,29.55,29.68,28.21,28.43,True,科翔股份,False
2021-07-27,28.545,34.185,28.545,34.185,139743.0,476803116.0,28.48,34.12,28.48,34.12,True,科翔股份,False
2021-07-28,34.045,39.065,31.535,35.865,186278.0,666875240.0,33.98,39.0,31.47,35.8,True,科翔股份,False
2021-07-29,36.065,39.065,34.095,37.535,156904.0,587919288.0,36.0,39.0,34.03,37.47,True,科翔股份,False
2021-07-30,36.185,36.835,34.665,35.385,112125.0,396025500.0,36.12,36.77,34.6,35.32,True,科翔股份,False
2021-08-02,34.765,38.045,34.515,37.145,103917.0,385324236.0,34.7,37.98,34.45,37.08,True,科翔股份,False
2021-08-03,36.425,36.425,34.065,34.145,80618.0,274746144.0,36.36,36.36,34.0,34.08,True,科翔股份,False
2021-08-04,33.875,35.065,33.875,34.945,51926.0,181117888.0,33.81,35.0,33.81,34.88,True,科翔股份,False
2021-08-05,34.765,36.865,34.215,36.015,83335.0,299589325.0,34.7,36.8,34.15,35.95,True,科翔股份,False
2021-08-06,35.085,37.185,35.065,36.935,83505.0,307882935.0,35.02,37.12,35.0,36.87,True,科翔股份,False
2021-08-09,36.485,36.745,35.235,35.815,52207.0,186640025.0,36.42,36.68,35.17,35.75,True,科翔股份,False
2021-08-10,35.175,35.975,34.265,35.065,51948.0,181818000.0,35.11,35.91,34.2,35.0,True,科翔股份,False
2021-08-11,36.065,39.025,36.065,37.785,114319.0,431211268.0,36.0,38.96,36.0,37.72,True,科翔股份,False
2021-08-12,37.665,39.145,36.085,36.255,84469.0,305693311.0,37.6,39.08,36.02,36.19,True,科翔股份,False
2021-08-13,36.075,36.725,34.765,35.935,52497.0,188306739.0,36.01,36.66,34.7,35.87,True,科翔股份,False
2021-08-16,36.745,37.465,35.965,36.485,48227.0,175642734.0,36.68,37.4,35.9,36.42,True,科翔股份,False
2021-08-17,35.945,36.455,34.665,34.665,47308.0,163685680.0,35.88,36.39,34.6,34.6,True,科翔股份,False
2021-08-18,34.405,34.905,32.875,33.155,45378.0,150155802.00000003,34.34,34.84,32.81,33.09,True,科翔股份,False
2021-08-19,33.085,33.565,32.475,33.005,29751.0,97999794.0,33.02,33.5,32.41,32.94,True,科翔股份,False
2021-08-20,32.655,33.345,32.155,32.795,23988.0,78512723.99999999,32.59,33.28,32.09,32.73,True,科翔股份,False
2021-08-23,33.195,33.965,33.135,33.905,30308.0,102562272.0,33.13,33.9,33.07,33.84,True,科翔股份,False
2021-08-24,33.905,34.685,33.435,33.905,31467.0,106484328.0,33.84,34.62,33.37,33.84,True,科翔股份,False
2021-08-25,34.215,34.365,32.945,33.965,31749.0,107629110.0,34.15,34.3,32.88,33.9,True,科翔股份,False
2021-08-26,34.765,35.145,33.105,33.105,34543.0,114130072.0,34.7,35.08,33.04,33.04,True,科翔股份,False
2021-08-27,32.565,33.095,30.695,30.715,47056.0,144226640.0,32.5,33.03,30.63,30.65,True,科翔股份,False
2021-08-30,30.945,31.705,30.705,30.985,19200.0,59366400.0,30.88,31.64,30.64,30.92,True,科翔股份,False
2021-08-31,31.015,31.015,29.635,30.085,22592.0,67821184.0,30.95,30.95,29.57,30.02,True,科翔股份,False
2021-09-01,29.765,30.695,29.415,30.645,25585.0,78238930.0,29.7,30.63,29.35,30.58,True,科翔股份,False
2021-09-02,30.505,31.855,30.065,31.315,24895.0,77796875.0,30.44,31.79,30.0,31.25,True,科翔股份,False
2021-09-03,31.225,31.865,30.725,31.275,24640.0,76901440.0,31.16,31.8,30.66,31.21,True,科翔股份,False
2021-09-06,31.055,31.725,30.725,31.675,22050.0,69700050.0,30.99,31.66,30.66,31.61,True,科翔股份,False
2021-09-07,31.645,32.045,31.315,31.585,18775.0,59178800.0,31.58,31.98,31.25,31.52,True,科翔股份,False
2021-09-08,32.435,32.895,31.555,31.575,26378.0,83117078.0,32.37,32.83,31.49,31.51,True,科翔股份,False
2021-09-09,31.245,31.435,30.665,30.945,16686.0,51526368.0,31.18,31.37,30.6,30.88,True,科翔股份,False
2021-09-10,31.165,31.465,30.565,31.205,21214.0,66060396.0,31.1,31.4,30.5,31.14,True,科翔股份,False
2021-09-13,34.065,34.325,31.715,31.845,26427.0,83985006.0,34.0,34.26,31.65,31.78,True,科翔股份,False
2021-09-14,31.965,32.845,31.585,31.635,22334.0,70508438.0,31.9,32.78,31.52,31.57,True,科翔股份,False
2021-09-15,31.475,31.565,30.695,31.245,15773.0,49180214.0,31.41,31.5,30.63,31.18,True,科翔股份,False
2021-09-16,30.945,31.325,30.195,30.195,15972.0,48123636.0,30.88,31.26,30.13,30.13,True,科翔股份,False
2021-09-17,30.195,31.565,29.935,31.175,18749.0,58328139.0,30.13,31.5,29.87,31.11,True,科翔股份,False
2021-09-22,30.615,31.705,30.615,31.205,14038.0,43714332.0,30.55,31.64,30.55,31.14,True,科翔股份,False
2021-09-23,31.115,31.965,31.065,31.455,15561.0,48845979.0,31.05,31.9,31.0,31.39,True,科翔股份,False
2021-09-24,31.215,31.385,30.395,30.395,13527.0,41027391.0,31.15,31.32,30.33,30.33,True,科翔股份,False
2021-09-27,30.595,30.865,29.365,29.685,12948.0,38351976.0,30.53,30.8,29.3,29.62,True,科翔股份,False
2021-09-28,29.765,30.055,29.445,29.765,6376.0,18936720.0,29.7,29.99,29.38,29.7,True,科翔股份,False
2021-09-29,29.645,29.795,28.745,28.745,11033.0,31642644.0,29.58,29.73,28.68,28.68,True,科翔股份,False
2021-09-30,28.815,29.365,28.675,29.095,6378.0,18515334.0,28.75,29.3,28.61,29.03,True,科翔股份,False
2021-10-08,29.695,30.115,29.305,29.665,6132.0,18150720.0,29.63,30.05,29.24,29.6,True,科翔股份,False
2021-10-11,29.665,30.095,29.365,29.495,8112.0,23873616.0,29.6,30.03,29.3,29.43,True,科翔股份,False
2021-10-12,29.385,29.815,28.875,29.075,6828.0,19808028.0,29.32,29.75,28.81,29.01,True,科翔股份,False
2021-10-13,29.265,30.745,29.125,30.705,22139.0,67833896.0,29.2,30.68,29.06,30.64,True,科翔股份,False
2021-10-14,30.565,31.055,30.245,30.385,15011.0,45513352.0,30.5,30.99,30.18,30.32,True,科翔股份,False
2021-10-15,30.195,30.695,29.755,29.885,11840.0,35306880.0,30.13,30.63,29.69,29.82,True,科翔股份,False
2021-10-18,29.855,30.505,29.415,30.295,10577.0,31974271.0,29.79,30.44,29.35,30.23,True,科翔股份,False
2021-10-19,30.285,30.545,29.705,29.875,11062.0,32975822.0,30.22,30.48,29.64,29.81,True,科翔股份,False
2021-10-20,29.875,29.885,29.075,29.075,12696.0,36831096.0,29.81,29.82,29.01,29.01,True,科翔股份,False
2021-10-21,29.445,29.445,28.445,28.765,11350.0,32574500.0,29.38,29.38,28.38,28.7,True,科翔股份,False
2021-10-22,28.765,29.425,28.765,29.005,9242.0,26746348.0,28.7,29.36,28.7,28.94,True,科翔股份,False
2021-10-25,29.035,29.135,28.345,28.505,9503.0,27026532.0,28.97,29.07,28.28,28.44,True,科翔股份,False
2021-10-26,28.665,29.065,28.515,29.065,11419.0,33115100.0,28.6,29.0,28.45,29.0,True,科翔股份,False
2021-10-27,28.865,29.045,27.385,27.455,20348.0,55733172.0,28.8,28.98,27.32,27.39,True,科翔股份,False
2021-10-28,27.445,27.565,25.065,25.515,17717.0,45089765.0,27.38,27.5,25.0,25.45,True,科翔股份,False
2021-10-29,25.065,25.955,25.065,25.465,11622.0,29519880.0,25.0,25.89,25.0,25.4,True,科翔股份,False
2021-11-01,25.565,27.065,25.465,26.435,17557.0,46297809.0,25.5,27.0,25.4,26.37,True,科翔股份,False
2021-11-02,26.825,27.475,25.955,26.145,18596.0,48498368.0,26.76,27.41,25.89,26.08,True,科翔股份,False
2021-11-03,26.175,27.045,26.025,26.205,12136.0,31723504.0,26.11,26.98,25.96,26.14,True,科翔股份,False
2021-11-04,26.195,26.735,25.975,26.265,13012.0,34091440.0,26.13,26.67,25.91,26.2,True,科翔股份,False
2021-11-05,26.285,27.765,26.185,26.525,39036.0,103289256.0,26.22,27.7,26.12,26.46,True,科翔股份,False
2021-11-08,24.165,24.915,23.565,24.375,45157.0,109776667.0,24.1,24.85,23.5,24.31,True,科翔股份,False
2021-11-09,24.315,28.945,24.105,26.365,90108.0,236984040.0,24.25,28.88,24.04,26.3,True,科翔股份,False
2021-11-10,26.655,29.945,26.445,29.345,128930.0,377507040.0,26.59,29.88,26.38,29.28,True,科翔股份,False
2021-11-11,28.265,28.865,28.065,28.255,92988.0,262133172.0,28.2,28.8,28.0,28.19,True,科翔股份,False
2021-11-12,28.255,28.725,27.615,28.555,57618.0,164153682.0,28.19,28.66,27.55,28.49,True,科翔股份,False
2021-11-15,28.385,28.915,27.855,28.715,47549.0,136227885.0,28.32,28.85,27.79,28.65,True,科翔股份,False
2021-11-16,28.715,28.765,27.595,27.705,39790.0,109979560.0,28.65,28.7,27.53,27.64,True,科翔股份,False
2021-11-17,27.705,28.265,27.595,27.845,28826.0,80078628.0,27.64,28.2,27.53,27.78,True,科翔股份,False
2021-11-18,27.695,28.385,26.885,26.975,41457.0,111560787.0,27.63,28.32,26.82,26.91,True,科翔股份,False
2021-11-19,27.175,28.265,27.095,27.465,35959.0,98527660.0,27.11,28.2,27.03,27.4,True,科翔股份,False
2021-11-22,27.495,28.945,27.495,28.825,65227.0,187592852.0,27.43,28.88,27.43,28.76,True,科翔股份,False
2021-11-23,28.735,29.465,28.465,29.095,54236.0,157447108.0,28.67,29.4,28.4,29.03,True,科翔股份,False
2021-11-24,28.965,30.605,28.785,30.215,73855.0,222672825.0,28.9,30.54,28.72,30.15,True,科翔股份,False
2021-11-25,30.165,30.245,29.495,29.835,43135.0,128412895.0,30.1,30.18,29.43,29.77,True,科翔股份,False
2021-11-26,29.685,30.245,29.365,29.485,34060.0,100204520.0,29.62,30.18,29.3,29.42,True,科翔股份,False
2021-11-29,28.935,30.365,28.855,30.175,45777.0,137834547.0,28.87,30.3,28.79,30.11,True,科翔股份,False
2021-11-30,30.565,30.795,29.345,29.745,49056.0,145598208.0,30.5,30.73,29.28,29.68,True,科翔股份,False
2021-12-01,29.455,30.215,29.455,29.765,31931.0,94835070.0,29.39,30.15,29.39,29.7,True,科翔股份,False
2021-12-02,29.505,29.885,28.675,28.825,39842.0,114585592.0,29.44,29.82,28.61,28.76,True,科翔股份,False
2021-12-03,29.165,29.165,28.445,28.635,25672.0,73344904.0,29.1,29.1,28.38,28.57,True,科翔股份,False
2021-12-06,28.815,28.815,26.845,27.045,40132.0,108276136.0,28.75,28.75,26.78,26.98,True,科翔股份,False
2021-12-07,27.265,27.365,26.095,26.415,31190.0,82185650.0,27.2,27.3,26.03,26.35,True,科翔股份,False
2021-12-08,26.515,26.835,26.365,26.655,19964.0,53084276.0,26.45,26.77,26.3,26.59,True,科翔股份,False
2021-12-09,26.685,27.175,26.595,26.965,20273.0,54534370.0,26.62,27.11,26.53,26.9,True,科翔股份,False
2021-12-10,26.985,27.255,26.745,27.005,17168.0,46250592.0,26.92,27.19,26.68,26.94,True,科翔股份,False
2021-12-13,27.095,27.215,26.785,26.895,13651.0,36625633.0,27.03,27.15,26.72,26.83,True,科翔股份,False
2021-12-14,26.925,27.335,26.765,27.155,17158.0,46481022.0,26.86,27.27,26.7,27.09,True,科翔股份,False
2021-12-15,27.205,27.545,27.065,27.255,23262.0,63249378.0,27.14,27.48,27.0,27.19,True,科翔股份,False
2021-12-16,27.365,27.765,27.265,27.495,20909.0,57353387.0,27.3,27.7,27.2,27.43,True,科翔股份,False
2021-12-17,27.275,27.405,26.555,26.705,28284.0,75348576.0,27.21,27.34,26.49,26.64,True,科翔股份,False
2021-12-20,26.845,26.845,25.775,25.965,21964.0,56886760.0,26.78,26.78,25.71,25.9,True,科翔股份,False
2021-12-21,25.965,26.585,25.865,26.355,18608.0,48920432.0,25.9,26.52,25.8,26.29,True,科翔股份,False
2021-12-22,26.355,26.635,26.205,26.485,17185.0,45402770.0,26.29,26.57,26.14,26.42,True,科翔股份,False
2021-12-23,26.465,26.845,26.015,26.555,30495.0,80781255.0,26.4,26.78,25.95,26.49,True,科翔股份,False
2021-12-24,26.515,26.605,25.445,25.655,36093.0,92361987.0,26.45,26.54,25.38,25.59,True,科翔股份,False
2021-12-27,25.655,25.655,25.225,25.565,10750.0,27412500.0,25.59,25.59,25.16,25.5,True,科翔股份,False
2021-12-28,25.645,26.045,25.565,25.865,17165.0,44285700.0,25.58,25.98,25.5,25.8,True,科翔股份,False
2021-12-29,25.825,25.855,25.415,25.565,13343.0,34024650.0,25.76,25.79,25.35,25.5,True,科翔股份,False
2021-12-30,25.565,25.915,25.485,25.695,14755.0,37817065.0,25.5,25.85,25.42,25.63,True,科翔股份,False
2021-12-31,25.865,26.025,25.545,25.935,17680.0,45738160.0,25.8,25.96,25.48,25.87,True,科翔股份,False
2022-01-04,26.065,26.435,25.945,26.385,18154.0,47781328.0,26.0,26.37,25.88,26.32,True,科翔股份,False
2022-01-05,26.245,26.345,25.675,25.945,18444.0,47733072.0,26.18,26.28,25.61,25.88,True,科翔股份,False
2022-01-06,25.815,26.265,25.685,26.085,15409.0,40094218.0,25.75,26.2,25.62,26.02,True,科翔股份,False
2022-01-07,26.155,26.285,25.485,25.495,17863.0,45425609.0,26.09,26.22,25.42,25.43,True,科翔股份,False
2022-01-10,25.535,25.855,24.755,25.815,18211.0,46893325.0,25.47,25.79,24.69,25.75,True,科翔股份,False
2022-01-11,25.915,26.235,25.665,25.815,13545.0,34878375.0,25.85,26.17,25.6,25.75,True,科翔股份,False
2022-01-12,25.765,26.265,25.765,26.165,17280.0,45100800.0,25.7,26.2,25.7,26.1,True,科翔股份,False
2022-01-13,26.365,26.365,25.865,25.865,13107.0,33816060.0,26.3,26.3,25.8,25.8,True,科翔股份,False
2022-01-14,25.845,26.235,25.675,25.975,12810.0,33190710.0,25.78,26.17,25.61,25.91,True,科翔股份,False
2022-01-17,26.005,26.815,26.005,26.625,22561.0,59922016.0,25.94,26.75,25.94,26.56,True,科翔股份,False
2022-01-18,26.665,26.745,26.245,26.285,19985.0,52400670.0,26.6,26.68,26.18,26.22,True,科翔股份,False
2022-01-19,26.285,26.485,26.075,26.435,14343.0,37822491.0,26.22,26.42,26.01,26.37,True,科翔股份,False
2022-01-20,26.445,26.535,25.195,25.265,23955.0,60366600.0,26.38,26.47,25.13,25.2,True,科翔股份,False
2022-01-21,25.075,25.505,24.465,24.625,16269.0,39956664.0,25.01,25.44,24.4,24.56,True,科翔股份,False
2022-01-24,24.475,24.815,24.435,24.535,9213.0,22544211.0,24.41,24.75,24.37,24.47,True,科翔股份,False
2022-01-25,24.455,24.615,23.065,23.135,18405.0,42460335.0,24.39,24.55,23.0,23.07,True,科翔股份,False
2022-01-26,23.565,24.165,23.135,23.965,16311.0,38983290.0,23.5,24.1,23.07,23.9,True,科翔股份,False
2022-01-27,24.265,24.265,22.865,22.995,14116.0,32367988.0,24.2,24.2,22.8,22.93,True,科翔股份,False
2022-01-28,23.445,23.655,22.775,23.325,9609.0,22350534.0,23.38,23.59,22.71,23.26,True,科翔股份,False
2022-02-07,23.995,24.065,23.465,23.685,6966.0,16453692.0,23.93,24.0,23.4,23.62,True,科翔股份,False
2022-02-08,23.655,24.165,23.385,24.045,9907.0,23756986.0,23.59,24.1,23.32,23.98,True,科翔股份,False
2022-02-09,23.875,24.435,23.875,24.315,10153.0,24621025.0,23.81,24.37,23.81,24.25,True,科翔股份,False
2022-02-10,24.315,24.465,24.055,24.125,8868.0,21336408.0,24.25,24.4,23.99,24.06,True,科翔股份,False
2022-02-11,23.905,24.065,23.415,23.455,9902.0,23160778.0,23.84,24.0,23.35,23.39,True,科翔股份,False
2022-02-14,23.205,23.795,23.205,23.605,7136.0,16798144.0,23.14,23.73,23.14,23.54,True,科翔股份,False
2022-02-15,23.565,24.255,23.565,23.995,10565.0,25282045.0,23.5,24.19,23.5,23.93,True,科翔股份,False
2022-02-16,24.255,24.265,23.885,23.995,8903.0,21304879.0,24.19,24.2,23.82,23.93,True,科翔股份,False
2022-02-17,23.865,24.435,23.815,23.875,12684.0,30200604.0,23.8,24.37,23.75,23.81,True,科翔股份,False
2022-02-18,23.705,24.035,23.565,24.015,8137.0,19488115.0,23.64,23.97,23.5,23.95,True,科翔股份,False
2022-02-21,23.975,24.415,23.885,24.275,10323.0,24991983.0,23.91,24.35,23.82,24.21,True,科翔股份,False
2022-02-22,24.075,24.145,23.665,23.835,9336.0,22191672.0,24.01,24.08,23.6,23.77,True,科翔股份,False
2022-02-23,23.865,24.605,23.865,24.525,19614.0,47975844.0,23.8,24.54,23.8,24.46,True,科翔股份,False
2022-02-24,24.355,24.605,23.355,23.695,21412.0,50596556.0,24.29,24.54,23.29,23.63,True,科翔股份,False
2022-02-25,23.935,24.705,23.935,24.415,22277.0,54244495.0,23.87,24.64,23.87,24.35,True,科翔股份,False
2022-02-28,24.255,24.835,23.965,24.245,14942.0,36129756.0,24.19,24.77,23.9,24.18,True,科翔股份,False
2022-03-01,24.275,24.445,24.135,24.345,11832.0,28728096.0,24.21,24.38,24.07,24.28,True,科翔股份,False
2022-03-02,24.155,24.465,24.065,24.425,9248.0,22528128.0,24.09,24.4,24.0,24.36,True,科翔股份,False
2022-03-03,24.555,24.705,24.265,24.435,13397.0,32648489.0,24.49,24.64,24.2,24.37,True,科翔股份,False
2022-03-04,24.315,24.775,24.115,24.145,12889.0,31036712.0,24.25,24.71,24.05,24.08,True,科翔股份,False
2022-03-07,24.075,24.255,23.265,23.395,13629.0,31796457.0,24.01,24.19,23.2,23.33,True,科翔股份,False
2022-03-08,23.385,23.615,22.075,22.505,16038.0,35989272.0,23.32,23.55,22.01,22.44,True,科翔股份,False
2022-03-09,22.655,22.845,21.065,22.275,19961.0,44333381.0,22.59,22.78,21.0,22.21,True,科翔股份,False
2022-03-10,22.615,22.985,22.325,22.385,12179.0,27183528.0,22.55,22.92,22.26,22.32,True,科翔股份,False
2022-03-11,22.115,22.555,21.625,22.445,11649.0,26070462.0,22.05,22.49,21.56,22.38,True,科翔股份,False
2022-03-14,22.265,22.345,21.775,21.785,8795.0,19102740.0,22.2,22.28,21.71,21.72,True,科翔股份,False
2022-03-15,21.715,21.715,20.485,20.515,12637.0,25842665.0,21.65,21.65,20.42,20.45,True,科翔股份,False
2022-03-16,20.885,21.125,20.015,21.065,12848.0,26980800.0,20.82,21.06,19.95,21.0,True,科翔股份,False
2022-03-17,21.245,22.005,21.245,21.625,15469.0,33351164.0,21.18,21.94,21.18,21.56,True,科翔股份,False
2022-03-18,21.445,21.865,21.385,21.715,8757.0,18958905.0,21.38,21.8,21.32,21.65,True,科翔股份,False
2022-03-21,22.065,22.125,21.665,21.965,12221.0,26763990.0,22.0,22.06,21.6,21.9,True,科翔股份,False
2022-03-22,21.995,22.445,21.825,22.025,12548.0,27555408.0,21.93,22.38,21.76,21.96,True,科翔股份,False
2022-03-23,21.975,22.725,21.945,22.535,21433.0,48159951.0,21.91,22.66,21.88,22.47,True,科翔股份,False
2022-03-24,22.405,22.545,21.855,21.855,16211.0,35323769.0,22.34,22.48,21.79,21.79,True,科翔股份,False
2022-03-25,21.955,22.155,21.515,21.555,20717.0,44520833.0,21.89,22.09,21.45,21.49,True,科翔股份,False
2022-03-28,21.555,21.785,21.065,21.445,9411.0,20120718.0,21.49,21.72,21.0,21.38,True,科翔股份,False
2022-03-29,21.455,21.665,20.935,20.965,11730.0,24515700.0,21.39,21.6,20.87,20.9,True,科翔股份,False
2022-03-30,21.165,22.025,21.075,21.945,21657.0,47385516.0,21.1,21.96,21.01,21.88,True,科翔股份,False
2022-03-31,21.945,22.545,21.675,22.235,31030.0,68793510.0,21.88,22.48,21.61,22.17,True,科翔股份,False
2022-04-01,21.995,22.185,21.775,21.975,11583.0,25378353.0,21.93,22.12,21.71,21.91,True,科翔股份,False
2022-04-06,21.795,22.165,21.735,22.015,10208.0,22406560.0,21.73,22.1,21.67,21.95,True,科翔股份,False
2022-04-07,21.985,22.185,21.315,21.385,14204.0,30282928.0,21.92,22.12,21.25,21.32,True,科翔股份,False
2022-04-08,21.355,21.465,20.625,20.935,10147.0,21176789.0,21.29,21.4,20.56,20.87,True,科翔股份,False
2022-04-11,20.935,20.965,19.625,19.715,16887.0,33182955.0,20.87,20.9,19.56,19.65,True,科翔股份,False
2022-04-12,19.665,20.215,19.565,20.065,10724.0,21448000.0,19.6,20.15,19.5,20.0,True,科翔股份,False
2022-04-13,19.965,20.145,19.585,19.645,8464.0,16572511.999999998,19.9,20.08,19.52,19.58,True,科翔股份,False
2022-04-14,19.765,21.545,19.765,20.785,21701.0,44964472.0,19.7,21.48,19.7,20.72,True,科翔股份,False
2022-04-15,20.815,22.645,20.815,22.065,56211.0,123664200.0,20.75,22.58,20.75,22.0,True,科翔股份,False
2022-04-18,21.965,22.795,21.865,22.515,36091.0,81024295.0,21.9,22.73,21.8,22.45,True,科翔股份,False
2022-04-19,22.565,23.295,22.555,22.885,35270.0,80486140.0,22.5,23.23,22.49,22.82,True,科翔股份,False
2022-04-20,22.865,23.455,22.865,23.035,33330.0,76559010.0,22.8,23.39,22.8,22.97,True,科翔股份,False
2022-04-21,23.115,23.155,22.445,22.595,25694.0,57888582.0,23.05,23.09,22.38,22.53,True,科翔股份,False
2022-04-22,22.755,22.855,22.185,22.465,18849.0,42221760.0,22.69,22.79,22.12,22.4,True,科翔股份,False
2022-04-25,22.085,22.455,20.815,20.995,24517.0,51314081.0,22.02,22.39,20.75,20.93,True,科翔股份,False
2022-04-26,21.435,21.625,20.385,21.005,21759.0,45563346.0,21.37,21.56,20.32,20.94,True,科翔股份,False
2022-04-27,21.015,21.985,20.565,21.765,27077.0,58757090.0,20.95,21.92,20.5,21.7,True,科翔股份,False
2022-04-28,21.765,22.595,21.585,22.095,29356.0,64671268.0,21.7,22.53,21.52,22.03,True,科翔股份,False
2022-04-29,22.215,23.065,21.565,22.895,31206.0,71243298.0,22.15,23.0,21.5,22.83,True,科翔股份,False
2022-05-05,22.685,23.715,22.665,22.835,27085.0,61672545.0,22.62,23.65,22.6,22.77,True,科翔股份,False
2022-05-06,22.325,23.565,22.225,23.015,27932.0,64103940.0,22.26,23.5,22.16,22.95,True,科翔股份,False
2022-05-09,22.735,23.715,22.735,23.635,28542.0,67273494.0,22.67,23.65,22.67,23.57,True,科翔股份,False
2022-05-10,23.325,24.245,23.325,23.465,31194.0,72993960.0,23.26,24.18,23.26,23.4,True,科翔股份,False
2022-05-11,23.465,24.065,23.165,23.275,35466.0,82316586.0,23.4,24.0,23.1,23.21,True,科翔股份,False
2022-05-12,23.125,23.535,23.045,23.335,21363.0,49711701.0,23.06,23.47,22.98,23.27,True,科翔股份,False
2022-05-13,23.555,23.565,22.865,23.155,22265.0,51409885.0,23.49,23.5,22.8,23.09,True,科翔股份,False
2022-05-16,23.335,23.635,22.685,22.885,23763.0,54227166.0,23.27,23.57,22.62,22.82,True,科翔股份,False
2022-05-17,22.865,24.165,22.715,24.065,52397.0,125752800.0,22.8,24.1,22.65,24.0,True,科翔股份,False
2022-05-18,24.375,24.375,23.515,23.595,34598.0,81409094.0,24.31,24.31,23.45,23.53,True,科翔股份,False
2022-05-19,23.055,23.455,22.905,23.285,25362.0,58890564.0,22.99,23.39,22.84,23.22,True,科翔股份,False
2022-05-20,23.585,23.715,23.085,23.415,20562.0,48012270.0,23.52,23.65,23.02,23.35,True,科翔股份,False
2022-05-23,23.465,23.515,23.115,23.365,17401.0,40544330.0,23.4,23.45,23.05,23.3,True,科翔股份,False
2022-05-24,23.375,23.415,22.285,22.285,23635.0,52516970.0,23.31,23.35,22.22,22.22,True,科翔股份,False
2022-05-25,22.645,24.215,22.585,24.105,55247.0,132813788.0,22.58,24.15,22.52,24.04,True,科翔股份,False
2022-05-26,24.165,25.165,23.865,25.055,63734.0,159271266.0,24.1,25.1,23.8,24.99,True,科翔股份,False
2022-05-27,24.895,25.035,24.565,24.685,34780.0,85628360.0,24.83,24.97,24.5,24.62,True,科翔股份,False
2022-05-30,24.595,24.915,24.485,24.815,23241.0,57521475.0,24.53,24.85,24.42,24.75,True,科翔股份,False
2022-05-31,24.065,24.325,23.275,24.205,40235.0,97127290.0,24.0,24.26,23.21,24.14,True,科翔股份,False
2022-06-01,24.065,24.315,23.795,24.065,23955.0,57492000.0,24.0,24.25,23.73,24.0,True,科翔股份,False
2022-06-02,24.073,25.765,23.353,24.739,65550.0,89672400.0,13.31,14.25,12.91,13.68,True,科翔股份,False
2022-06-06,24.415,25.657,24.415,25.315,75425.0,105595000.0,13.5,14.19,13.5,14.0,True,科翔股份,False
2022-06-07,25.243,25.243,24.379,24.649,50464.0,68782432.0,13.96,13.96,13.48,13.63,True,科翔股份,False
2022-06-08,24.685,24.703,23.821,24.235,41174.0,55173160.0,13.65,13.66,13.17,13.4,True,科翔股份,False
2022-06-09,24.235,24.235,23.299,23.551,36174.0,47098548.0,13.4,13.4,12.88,13.02,True,科翔股份,False
2022-06-10,23.659,24.235,23.425,24.019,30335.0,40284880.0,13.08,13.4,12.95,13.28,True,科翔股份,False
2022-06-13,23.875,24.433,23.569,24.073,32241.0,42912771.0,13.2,13.51,13.03,13.31,True,科翔股份,False
2022-06-14,23.911,23.911,22.831,23.569,42027.0,54761181.0,13.22,13.22,12.62,13.03,True,科翔股份,False
2022-06-15,23.533,24.019,23.353,23.353,37632.0,48582912.0,13.01,13.28,12.91,12.91,True,科翔股份,False
2022-06-16,23.227,24.163,23.173,23.623,43087.0,56271622.0,12.84,13.36,12.81,13.06,True,科翔股份,False
2022-06-17,23.515,24.469,23.065,23.911,45932.0,60722104.0,13.0,13.53,12.75,13.22,True,科翔股份,False
2022-06-20,23.911,24.415,23.857,24.019,51573.0,68488944.0,13.22,13.5,13.19,13.28,True,科翔股份,False
2022-06-21,24.109,24.739,23.749,24.739,61539.0,84185352.0,13.33,13.68,13.13,13.68,True,科翔股份,False
2022-06-22,24.649,24.685,24.181,24.199,38485.0,51492930.0,13.63,13.65,13.37,13.38,True,科翔股份,False
2022-06-23,24.343,25.027,24.235,24.973,66272.0,91521632.0,13.46,13.84,13.4,13.81,True,科翔股份,False
2022-06-24,24.991,25.279,24.685,24.865,59036.0,81174500.0,13.82,13.98,13.65,13.75,True,科翔股份,False
2022-06-27,24.973,25.225,24.559,24.847,56454.0,77567796.0,13.81,13.95,13.58,13.74,True,科翔股份,False
2022-06-28,25.063,26.035,24.793,25.963,83919.0,120507684.0,13.86,14.4,13.71,14.36,True,科翔股份,False
2022-06-29,25.927,26.395,25.315,25.531,67210.0,94900520.0,14.34,14.6,14.0,14.12,True,科翔股份,False
2022-06-30,25.567,26.017,25.225,25.513,43839.0,61856829.0,14.14,14.39,13.95,14.11,True,科翔股份,False
2022-07-01,25.765,25.873,25.171,25.225,41035.0,57243825.0,14.25,14.31,13.92,13.95,True,科翔股份,False
2022-07-04,25.225,25.711,24.631,25.549,48053.0,67898889.0,13.95,14.22,13.62,14.13,True,科翔股份,False
2022-07-05,25.657,25.657,24.523,24.937,53571.0,73874409.0,14.19,14.19,13.56,13.79,True,科翔股份,False
2022-07-06,24.937,25.225,24.343,24.667,41674.0,56843336.0,13.79,13.95,13.46,13.64,True,科翔股份,False
2022-07-07,24.829,24.937,24.343,24.433,36246.0,48968346.0,13.73,13.79,13.46,13.51,True,科翔股份,False
2022-07-08,24.595,25.261,24.451,24.577,57917.0,78709203.0,13.6,13.97,13.52,13.59,True,科翔股份,False
2022-07-11,24.757,24.955,23.731,24.055,35790.0,47600700.0,13.69,13.8,13.12,13.3,True,科翔股份,False
2022-07-12,24.055,24.847,23.515,23.875,52162.0,68853840.0,13.3,13.74,13.0,13.2,True,科翔股份,False
2022-07-13,23.875,24.973,23.875,24.739,60372.0,82588896.0,13.2,13.81,13.2,13.68,True,科翔股份,False
2022-07-14,24.919,26.125,24.433,25.639,96467.0,136790206.0,13.78,14.45,13.51,14.18,True,科翔股份,False
2022-07-15,25.945,25.999,24.973,25.009,60381.0,83506923.0,14.35,14.38,13.81,13.83,True,科翔股份,False
2022-07-18,24.973,25.747,24.973,25.513,46055.0,64983605.0,13.81,14.24,13.81,14.11,True,科翔股份,False
2022-07-19,25.513,26.143,25.495,26.017,58863.0,84703857.0,14.11,14.46,14.1,14.39,True,科翔股份,False
2022-07-20,26.017,26.395,25.675,25.855,52172.0,74605960.0,14.39,14.6,14.2,14.3,True,科翔股份,False
2022-07-21,26.071,26.611,25.675,25.927,62020.0,88936680.0,14.42,14.72,14.2,14.34,True,科翔股份,False
2022-07-22,26.107,26.287,25.315,25.639,42059.0,59639662.0,14.44,14.54,14.0,14.18,True,科翔股份,False
2022-07-25,25.531,26.053,25.261,25.351,32512.0,45581824.0,14.12,14.41,13.97,14.02,True,科翔股份,False
2022-07-26,25.351,25.549,24.793,25.441,28019.0,39422733.0,14.02,14.13,13.71,14.07,True,科翔股份,False
2022-07-27,25.495,26.089,25.315,25.783,36297.0,51759522.0,14.1,14.43,14.0,14.26,True,科翔股份,False
2022-07-28,25.909,27.007,25.891,26.683,84719.0,125045244.0,14.33,14.94,14.32,14.76,True,科翔股份,False
2022-07-29,26.881,27.007,26.143,26.305,52059.0,75745845.0,14.87,14.94,14.46,14.55,True,科翔股份,False
2022-08-01,26.323,27.223,25.945,26.989,83925.0,125300025.0,14.56,15.06,14.35,14.93,True,科翔股份,False
2022-08-02,26.575,26.971,25.693,26.161,94019.0,136045493.0,14.7,14.92,14.21,14.47,True,科翔股份,False
2022-08-03,26.755,27.115,25.729,25.999,88720.0,127579360.0,14.8,15.0,14.23,14.38,True,科翔股份,False
2022-08-04,26.089,26.701,25.891,26.377,50157.0,73179063.0,14.43,14.77,14.32,14.59,True,科翔股份,False
2022-08-05,26.359,27.151,26.287,27.025,102489.0,153221055.0,14.58,15.02,14.54,14.95,True,科翔股份,False
2022-08-08,27.205,28.105,26.755,27.637,133105.0,203517545.0,15.05,15.55,14.8,15.29,True,科翔股份,False
2022-08-09,27.385,27.943,27.259,27.817,95191.0,146498949.0,15.15,15.46,15.08,15.39,True,科翔股份,False
2022-08-10,27.709,29.185,27.385,28.483,140122.0,220832272.0,15.33,16.15,15.15,15.76,True,科翔股份,False
2022-08-11,28.375,30.103,28.231,29.365,177819.0,288955875.0,15.7,16.66,15.62,16.25,True,科翔股份,False
2022-08-12,29.293,30.229,28.429,28.555,191630.0,302775400.0,16.21,16.73,15.73,15.8,True,科翔股份,False
2022-08-15,28.123,29.239,27.835,28.681,119424.0,189525888.0,15.56,16.18,15.4,15.87,True,科翔股份,False
2022-08-16,28.681,29.221,28.483,28.645,81704.0,129500840.0,15.87,16.17,15.76,15.85,True,科翔股份,False
2022-08-17,28.681,28.771,28.159,28.267,67433.0,105465212.0,15.87,15.92,15.58,15.64,True,科翔股份,False
2022-08-18,28.195,28.717,27.925,28.627,67001.0,106129584.0,15.6,15.89,15.45,15.84,True,科翔股份,False
2022-08-19,28.627,29.239,27.457,27.619,93540.0,142929120.0,15.84,16.18,15.19,15.28,True,科翔股份,False
2022-08-22,27.583,27.961,27.151,27.439,58195.0,88340010.0,15.26,15.47,15.02,15.18,True,科翔股份,False
2022-08-23,27.763,28.285,27.277,27.781,50580.0,77741460.0,15.36,15.65,15.09,15.37,True,科翔股份,False
2022-08-24,28.195,28.195,26.341,26.377,78290.0,114225110.0,15.6,15.6,14.57,14.59,True,科翔股份,False
2022-08-25,26.629,26.683,25.099,25.531,67909.0,95887508.0,14.73,14.76,13.88,14.12,True,科翔股份,False
2022-08-26,25.585,25.963,25.153,25.441,44041.0,61965687.0,14.15,14.36,13.91,14.07,True,科翔股份,False
2022-08-29,24.775,25.351,24.595,25.081,41574.0,57663138.0,13.7,14.02,13.6,13.87,True,科翔股份,False
2022-08-30,25.207,25.243,24.325,24.667,44164.0,60239696.0,13.94,13.96,13.45,13.64,True,科翔股份,False
2022-08-31,24.595,24.613,23.065,23.227,66055.0,84814620.0,13.6,13.61,12.75,12.84,True,科翔股份,False
2022-09-01,23.209,23.587,22.939,23.029,34027.0,43316371.0,12.83,13.04,12.68,12.73,True,科翔股份,False
2022-09-02,23.155,23.857,23.119,23.659,30794.0,40278552.0,12.8,13.19,12.78,13.08,True,科翔股份,False
2022-09-05,23.659,23.929,23.461,23.605,24448.0,31904640.0,13.08,13.23,12.97,13.05,True,科翔股份,False
2022-09-06,23.659,23.785,23.461,23.713,23889.0,31318479.0,13.08,13.15,12.97,13.11,True,科翔股份,False
2022-09-07,23.839,24.127,23.731,23.749,37609.0,49380617.0,13.18,13.34,13.12,13.13,True,科翔股份,False
2022-09-08,23.965,23.965,23.425,23.461,27775.0,36024175.0,13.25,13.25,12.95,12.97,True,科翔股份,False
2022-09-09,23.335,23.443,23.065,23.263,24967.0,32107562.0,12.9,12.96,12.75,12.86,True,科翔股份,False
2022-09-13,23.479,25.153,23.479,24.379,79274.0,106861352.0,12.98,13.91,12.98,13.48,True,科翔股份,False
2022-09-14,23.911,24.577,23.695,24.415,43804.0,59135400.0,13.22,13.59,13.1,13.5,True,科翔股份,False
2022-09-15,24.577,24.775,23.641,23.893,41082.0,54269322.0,13.59,13.7,13.07,13.21,True,科翔股份,False
2022-09-16,23.965,24.091,22.795,22.795,35001.0,44101260.0,13.25,13.32,12.6,12.6,True,科翔股份,False
2022-09-19,22.759,22.849,21.931,22.003,24624.0,29942784.0,12.58,12.63,12.12,12.16,True,科翔股份,False
2022-09-20,22.003,22.687,22.003,22.579,17667.0,22048416.0,12.16,12.54,12.16,12.48,True,科翔股份,False
2022-09-21,22.435,22.777,22.111,22.651,14515.0,18172780.0,12.4,12.59,12.22,12.52,True,科翔股份,False
2022-09-22,22.561,23.731,22.435,23.335,35161.0,45357690.0,12.47,13.12,12.4,12.9,True,科翔股份,False
2022-09-23,23.335,23.767,23.155,23.479,33298.0,43220804.0,12.9,13.14,12.8,12.98,True,科翔股份,False
2022-09-26,23.335,23.659,23.101,23.191,24081.0,30871842.0,12.9,13.08,12.77,12.82,True,科翔股份,False
2022-09-27,23.317,23.749,23.173,23.641,25818.0,33744126.0,12.89,13.13,12.81,13.07,True,科翔股份,False
2022-09-28,23.659,23.731,22.939,22.939,19191.0,24334188.0,13.08,13.12,12.68,12.68,True,科翔股份,False
2022-09-29,23.263,23.659,23.011,23.209,21031.0,26982773.0,12.86,13.08,12.72,12.83,True,科翔股份,False
2022-09-30,23.191,23.695,23.137,23.515,27598.0,35877400.0,12.82,13.1,12.79,13.0,True,科翔股份,False
2022-10-10,23.569,23.749,23.299,23.425,25741.0,33334595.0,13.03,13.13,12.88,12.95,True,科翔股份,False
2022-10-11,23.479,23.551,22.903,23.083,22590.0,28824840.0,12.98,13.02,12.66,12.76,True,科翔股份,False
2022-10-12,23.083,23.875,22.687,23.875,23373.0,30852360.0,12.76,13.2,12.54,13.2,True,科翔股份,False
2022-10-13,23.749,24.433,23.641,24.163,38248.0,51099328.0,13.13,13.51,13.07,13.36,True,科翔股份,False
2022-10-14,24.307,24.361,23.929,24.217,33612.0,45006468.0,13.44,13.47,13.23,13.39,True,科翔股份,False
2022-10-17,24.181,24.541,23.875,24.415,50465.0,68127750.0,13.37,13.57,13.2,13.5,True,科翔股份,False
2022-10-18,24.415,24.415,23.821,24.019,38058.0,50541024.0,13.5,13.5,13.17,13.28,True,科翔股份,False
2022-10-19,24.019,24.037,23.533,23.569,31038.0,40442514.0,13.28,13.29,13.01,13.03,True,科翔股份,False
2022-10-20,23.677,23.965,23.083,23.677,42621.0,55790889.0,13.09,13.25,12.76,13.09,True,科翔股份,False
2022-10-21,23.605,23.785,23.065,23.065,31056.0,39596400.0,13.05,13.15,12.75,12.75,True,科翔股份,False
2022-10-24,23.029,23.497,22.057,22.093,49419.0,60340599.00000001,12.73,12.99,12.19,12.21,True,科翔股份,False
2022-10-25,22.057,22.255,20.491,20.851,82970.0,95581440.0,12.19,12.3,11.32,11.52,True,科翔股份,False
2022-10-26,20.725,21.787,20.725,21.769,62859.0,75619377.0,11.45,12.04,11.45,12.03,True,科翔股份,False
2022-10-27,21.535,22.147,21.355,21.589,37699.0,44974907.0,11.9,12.24,11.8,11.93,True,科翔股份,False
2022-10-28,21.283,21.499,20.185,20.329,50103.0,56265669.0,11.76,11.88,11.15,11.23,True,科翔股份,False
2022-10-31,20.275,20.851,20.149,20.221,92707.0,103553719.0,11.2,11.52,11.13,11.17,True,科翔股份,False
2022-11-01,20.419,20.977,20.401,20.941,64880.0,75066160.0,11.28,11.59,11.27,11.57,True,科翔股份,False
2022-11-02,21.085,21.895,20.959,21.445,68343.0,80986455.0,11.65,12.1,11.58,11.85,True,科翔股份,False
2022-11-03,21.427,21.805,21.283,21.661,60120.0,71963640.0,11.84,12.05,11.76,11.97,True,科翔股份,False
2022-11-04,21.661,21.985,21.517,21.949,68333.0,82887929.0,11.97,12.15,11.89,12.13,True,科翔股份,False
2022-11-07,21.895,22.201,21.733,22.057,55935.0,68184765.0,12.1,12.27,12.01,12.19,True,科翔股份,False
2022-11-08,22.075,22.381,21.931,22.129,60668.0,74196964.0,12.2,12.37,12.12,12.23,True,科翔股份,False
2022-11-09,22.165,22.435,21.967,22.309,52271.0,64450143.0,12.25,12.4,12.14,12.33,True,科翔股份,False
2022-11-10,22.291,22.399,22.057,22.165,43500.0,53287500.0,12.32,12.38,12.19,12.25,True,科翔股份,False
2022-11-11,22.435,22.759,22.093,22.111,55963.0,68386786.0,12.4,12.58,12.21,12.22,True,科翔股份,False
2022-11-14,22.597,22.615,22.093,22.147,47778.0,58480272.0,12.49,12.5,12.21,12.24,True,科翔股份,False
2022-11-15,22.183,22.705,22.021,22.651,63533.0,79543316.0,12.26,12.55,12.17,12.52,True,科翔股份,False
2022-11-16,22.669,23.029,22.561,22.669,36357.0,45555321.0,12.53,12.73,12.47,12.53,True,科翔股份,False
2022-11-17,22.651,22.795,22.309,22.795,32209.0,40583340.0,12.52,12.6,12.33,12.6,True,科翔股份,False
2022-11-18,22.885,23.137,22.579,22.633,39873.0,49881123.0,12.65,12.79,12.48,12.51,True,科翔股份,False
2022-11-21,22.795,22.795,22.147,22.363,34139.0,42195804.0,12.6,12.6,12.24,12.36,True,科翔股份,False
2022-11-22,22.363,22.525,21.985,22.093,37487.0,45771627.0,12.36,12.45,12.15,12.21,True,科翔股份,False
2022-11-23,22.165,22.237,21.769,22.039,35048.0,42688464.0,12.25,12.29,12.03,12.18,True,科翔股份,False
2022-11-24,22.075,22.291,22.021,22.147,19467.0,23827608.0,12.2,12.32,12.17,12.24,True,科翔股份,False
2022-11-25,22.057,22.273,21.463,21.481,38818.0,46076966.0,12.19,12.31,11.86,11.87,True,科翔股份,False
2022-11-28,21.373,21.571,21.121,21.409,32636.0,38608388.0,11.81,11.92,11.67,11.83,True,科翔股份,False
2022-11-29,21.391,21.805,21.391,21.679,29766.0,35659668.0,11.82,12.05,11.82,11.98,True,科翔股份,False
2022-11-30,21.589,22.147,21.571,21.859,31611.0,38186088.0,11.93,12.24,11.92,12.08,True,科翔股份,False
2022-12-01,22.093,22.237,21.859,21.949,24177.0,29326701.000000004,12.21,12.29,12.08,12.13,True,科翔股份,False
2022-12-02,21.913,22.381,21.877,22.057,28571.0,34828049.0,12.11,12.37,12.09,12.19,True,科翔股份,False
2022-12-05,22.093,22.741,22.021,22.597,94476.0,118000524.0,12.21,12.57,12.17,12.49,True,科翔股份,False
2022-12-06,22.597,24.181,22.507,24.019,171254.0,227425312.0,12.49,13.37,12.44,13.28,True,科翔股份,False
2022-12-07,24.055,24.397,23.461,24.289,138674.0,186239182.0,13.3,13.49,12.97,13.43,True,科翔股份,False
2022-12-08,24.127,24.793,24.073,24.757,129608.0,177433352.0,13.34,13.71,13.31,13.69,True,科翔股份,False
2022-12-09,24.235,24.559,23.371,23.731,153861.0,201865632.0,13.4,13.58,12.92,13.12,True,科翔股份,False
2022-12-12,23.695,25.315,23.677,24.973,185796.0,256584276.0,13.1,14.0,13.09,13.81,True,科翔股份,False
2022-12-13,24.847,25.567,24.559,24.613,137008.0,186467888.0,13.74,14.14,13.58,13.61,True,科翔股份,False
2022-12-14,25.045,25.171,24.091,24.199,109248.0,146173824.0,13.85,13.92,13.32,13.38,True,科翔股份,False
2022-12-15,24.343,24.865,23.983,24.001,140875.0,186941125.0,13.46,13.75,13.26,13.27,True,科翔股份,False
2022-12-16,23.893,24.109,23.317,23.461,136666.0,177255802.0,13.21,13.33,12.89,12.97,True,科翔股份,False
2022-12-19,23.479,24.127,23.209,23.425,91710.0,118764450.0,12.98,13.34,12.83,12.95,True,科翔股份,False
2022-12-20,23.335,23.749,22.957,23.155,65224.0,83486720.0,12.9,13.13,12.69,12.8,True,科翔股份,False
2022-12-21,22.795,23.137,22.075,22.273,79064.0,97327784.0,12.6,12.79,12.2,12.31,True,科翔股份,False
2022-12-22,22.687,22.687,21.463,21.463,58529.0,69415394.0,12.54,12.54,11.86,11.86,True,科翔股份,False
2022-12-23,21.571,21.733,20.545,20.743,72640.0,83245440.0,11.92,12.01,11.35,11.46,True,科翔股份,False
2022-12-26,20.815,21.859,20.707,21.427,69254.0,81996736.0,11.5,12.08,11.44,11.84,True,科翔股份,False
2022-12-27,21.553,22.039,21.229,21.913,59818.0,72439598.0,11.91,12.18,11.73,12.11,True,科翔股份,False
2022-12-28,21.805,21.913,21.211,21.301,41140.0,48421780.0,12.05,12.11,11.72,11.77,True,科翔股份,False
2022-12-29,21.139,21.337,20.761,20.923,39632.0,45814592.0,11.68,11.79,11.47,11.56,True,科翔股份,False
2022-12-30,21.157,21.247,20.635,20.923,37908.0,43821648.0,11.69,11.74,11.4,11.56,True,科翔股份,False
2023-01-03,20.923,23.785,20.797,23.479,183438.0,238102524.0,11.56,13.15,11.49,12.98,True,科翔股份,False
2023-01-04,23.641,24.181,23.065,23.263,90820.0,116794520.0,13.07,13.37,12.75,12.86,True,科翔股份,False
2023-01-05,23.155,23.335,22.831,22.921,57278.0,72571226.0,12.8,12.9,12.62,12.67,True,科翔股份,False
2023-01-06,22.813,23.605,22.813,22.903,59286.0,75056076.0,12.61,13.05,12.61,12.66,True,科翔股份,False
2023-01-09,23.065,24.091,22.993,23.767,170181.0,223617834.0,12.75,13.32,12.71,13.14,True,科翔股份,False
2023-01-10,23.911,24.019,23.245,23.425,125619.0,162676605.0,13.22,13.28,12.85,12.95,True,科翔股份,False
2023-01-11,23.425,23.587,22.975,23.011,109728.0,139574016.0,12.95,13.04,12.7,12.72,True,科翔股份,False
2023-01-12,23.425,23.785,23.011,23.443,109482.0,141888672.0,12.95,13.15,12.72,12.96,True,科翔股份,False
2023-01-13,24.109,24.631,22.885,23.047,170573.0,217310002.0,13.33,13.62,12.65,12.74,True,科翔股份,False
2023-01-16,23.137,23.821,23.119,23.425,124047.0,160640865.0,12.79,13.17,12.78,12.95,True,科翔股份,False
2023-01-17,23.407,24.181,23.371,23.983,113033.0,149881758.0,12.94,13.37,12.92,13.26,True,科翔股份,False
2023-01-18,23.857,24.109,23.659,24.001,68745.0,91224615.0,13.19,13.33,13.08,13.27,True,科翔股份,False
2023-01-19,23.875,24.091,23.803,23.839,60682.0,79978876.0,13.2,13.32,13.16,13.18,True,科翔股份,False
2023-01-20,23.785,24.019,23.785,23.929,59414.0,78604722.0,13.15,13.28,13.15,13.23,True,科翔股份,False
2023-01-30,24.379,25.765,24.379,25.171,208315.0,289974480.0,13.48,14.25,13.48,13.92,True,科翔股份,False
2023-01-31,25.171,25.171,24.577,24.811,85393.0,117159196.0,13.92,13.92,13.59,13.72,True,科翔股份,False
2023-02-01,24.847,25.279,24.775,25.063,78124.0,108279864.0,13.74,13.98,13.7,13.86,True,科翔股份,False
2023-02-02,24.883,25.225,24.829,24.919,65033.0,89615474.0,13.76,13.95,13.73,13.78,True,科翔股份,False
2023-02-03,24.793,25.135,24.487,24.937,61416.0,84692664.0,13.71,13.9,13.54,13.79,True,科翔股份,False
2023-02-06,24.703,24.883,24.595,24.685,45073.0,61524645.0,13.66,13.76,13.6,13.65,True,科翔股份,False
2023-02-07,24.667,25.135,24.667,24.991,57719.0,79767658.0,13.64,13.9,13.64,13.82,True,科翔股份,False
2023-02-08,24.991,25.351,24.667,24.667,53881.0,73493684.0,13.82,14.02,13.64,13.64,True,科翔股份,False
2023-02-09,25.063,25.351,24.487,25.279,99394.0,138952812.0,13.86,14.02,13.54,13.98,True,科翔股份,False
2023-02-10,25.315,25.765,24.865,24.991,80524.0,111284168.0,14.0,14.25,13.75,13.82,True,科翔股份,False
2023-02-13,24.991,25.207,24.685,25.027,70384.0,97411456.0,13.82,13.94,13.65,13.84,True,科翔股份,False
2023-02-14,25.081,25.783,25.081,25.189,111684.0,155575812.0,13.87,14.26,13.87,13.93,True,科翔股份,False
2023-02-15,25.261,25.369,24.973,25.171,60664.0,84444288.0,13.97,14.03,13.81,13.92,True,科翔股份,False
2023-02-16,25.171,25.279,24.019,24.253,103664.0,139013424.0,13.92,13.98,13.28,13.41,True,科翔股份,False
2023-02-17,24.325,24.595,23.947,23.983,56830.0,75356580.0,13.45,13.6,13.24,13.26,True,科翔股份,False
2023-02-20,23.911,24.253,23.659,24.253,73338.0,98346258.0,13.22,13.41,13.08,13.41,True,科翔股份,False
2023-02-21,24.325,24.649,23.893,24.109,50831.0,67757723.0,13.45,13.63,13.21,13.33,True,科翔股份,False
2023-02-22,24.091,24.433,23.983,24.361,52615.0,70872405.0,13.32,13.51,13.26,13.47,True,科翔股份,False
2023-02-23,24.235,24.955,24.235,24.685,91614.0,125053110.0,13.4,13.8,13.4,13.65,True,科翔股份,False
2023-02-24,24.595,25.315,24.559,24.721,112513.0,153805271.0,13.6,14.0,13.58,13.67,True,科翔股份,False
2023-02-27,24.577,24.667,23.839,24.271,90393.0,121307406.0,13.59,13.64,13.18,13.42,True,科翔股份,False
2023-02-28,24.253,24.847,24.091,24.577,79276.0,107736084.0,13.41,13.74,13.32,13.59,True,科翔股份,False
2023-03-01,24.487,24.847,24.289,24.829,64417.0,88444541.0,13.54,13.74,13.43,13.73,True,科翔股份,False
2023-03-02,24.829,25.495,24.829,25.063,100918.0,139872348.0,13.73,14.1,13.73,13.86,True,科翔股份,False
2023-03-03,25.099,25.441,24.883,25.225,90870.0,126763650.0,13.88,14.07,13.76,13.95,True,科翔股份,False
2023-03-06,26.197,26.989,25.603,25.891,299297.0,428593304.0,14.49,14.93,14.16,14.32,True,科翔股份,False
2023-03-07,25.675,25.837,24.055,24.127,233511.0,311503674.0,14.2,14.29,13.3,13.34,True,科翔股份,False
2023-03-08,23.875,24.937,23.857,24.703,148188.0,202424808.0,13.2,13.79,13.19,13.66,True,科翔股份,False
2023-03-09,24.865,25.117,24.523,24.775,109385.0,149857450.0,13.75,13.89,13.56,13.7,True,科翔股份,False
2023-03-10,24.487,24.937,24.181,24.217,88714.0,118788046.0,13.54,13.79,13.37,13.39,True,科翔股份,False
2023-03-13,24.109,24.487,23.875,24.307,77295.0,103884480.0,13.33,13.54,13.2,13.44,True,科翔股份,False
2023-03-14,24.559,24.577,24.001,24.235,79484.0,106508560.0,13.58,13.59,13.27,13.4,True,科翔股份,False
2023-03-15,24.559,25.081,24.505,24.613,150401.0,204695761.0,13.58,13.87,13.55,13.61,True,科翔股份,False
2023-03-16,24.253,24.613,23.785,23.857,109950.0,145024050.0,13.41,13.61,13.15,13.19,True,科翔股份,False
2023-03-17,24.055,24.127,23.659,23.713,86765.0,113748915.0,13.3,13.34,13.08,13.11,True,科翔股份,False
2023-03-20,23.641,23.641,22.705,23.173,103407.0,132464367.0,13.07,13.07,12.55,12.81,True,科翔股份,False
2023-03-21,23.173,23.515,22.921,23.497,68931.0,89541369.0,12.81,13.0,12.67,12.99,True,科翔股份,False
2023-03-22,23.515,24.775,23.479,24.757,205068.0,280738092.0,13.0,13.7,12.98,13.69,True,科翔股份,False
2023-03-23,24.739,25.369,24.523,24.937,158511.0,218586669.0,13.68,14.03,13.56,13.79,True,科翔股份,False
2023-03-24,24.991,25.279,23.983,24.109,325081.0,433332973.0,13.82,13.98,13.26,13.33,True,科翔股份,False
2023-03-27,24.163,24.325,23.353,23.659,159722.0,208916376.0,13.36,13.45,12.91,13.08,True,科翔股份,False
2023-03-28,23.659,23.677,22.147,22.219,231386.0,284142008.0,13.08,13.09,12.24,12.28,True,科翔股份,False
2023-03-29,22.255,22.471,21.859,22.183,134413.0,164790338.0,12.3,12.42,12.08,12.26,True,科翔股份,False
2023-03-30,22.183,22.363,21.895,22.273,96943.0,119336833.0,12.26,12.36,12.1,12.31,True,科翔股份,False
2023-03-31,22.219,22.831,22.129,22.417,97239.0,120479121.0,12.28,12.62,12.23,12.39,True,科翔股份,False
2023-04-03,22.561,22.759,22.363,22.741,102306.0,128598642.0,12.47,12.58,12.36,12.57,True,科翔股份,False
2023-04-04,22.579,22.867,22.183,22.399,106712.0,132109456.0,12.48,12.64,12.26,12.38,True,科翔股份,False
2023-04-06,22.399,23.461,22.219,23.191,165760.0,212504320.0,12.38,12.97,12.28,12.82,True,科翔股份,False
2023-04-07,23.155,23.245,22.813,23.137,96284.0,123147236.0,12.8,12.85,12.61,12.79,True,科翔股份,False
2023-04-10,23.191,23.371,22.633,22.759,85741.0,107862178.0,12.82,12.92,12.51,12.58,True,科翔股份,False
2023-04-11,22.741,23.605,22.705,23.083,102533.0,130832108.0,12.57,13.05,12.55,12.76,True,科翔股份,False
2023-04-12,22.939,23.587,22.867,23.479,117103.0,151999694.0,12.68,13.04,12.64,12.98,True,科翔股份,False
2023-04-13,23.479,23.515,22.903,22.975,101912.0,129428240.0,12.98,13.0,12.66,12.7,True,科翔股份,False
2023-04-14,23.065,23.065,22.381,22.921,122686.0,155443162.0,12.75,12.75,12.37,12.67,True,科翔股份,False
2023-04-17,22.741,23.173,22.489,22.579,83782.0,104559936.0,12.57,12.81,12.43,12.48,True,科翔股份,False
2023-04-18,22.471,22.525,21.913,22.273,87593.0,107826983.0,12.42,12.45,12.11,12.31,True,科翔股份,False
2023-04-19,22.201,22.795,22.129,22.435,92688.0,114933120.0,12.27,12.6,12.23,12.4,True,科翔股份,False
2023-04-20,22.381,22.489,22.111,22.363,80150.0,99065400.0,12.37,12.43,12.22,12.36,True,科翔股份,False
2023-04-21,22.237,22.309,20.779,20.797,161576.0,185650824.0,12.29,12.33,11.48,11.49,True,科翔股份,False
2023-04-24,20.725,20.995,20.437,20.617,83341.0,94925399.0,11.45,11.6,11.29,11.39,True,科翔股份,False
2023-04-25,19.555,19.555,16.513,16.819,317380.0,294528640.0,10.8,10.8,9.11,9.28,True,科翔股份,False
2023-04-26,16.603,17.053,16.585,16.909,157545.0,146989485.0,9.16,9.41,9.15,9.33,True,科翔股份,False
2023-04-27,16.891,17.143,16.621,16.639,100233.0,92013894.0,9.32,9.46,9.17,9.18,True,科翔股份,False
2023-04-28,16.603,17.017,16.549,16.981,95533.0,89514420.99999999,9.16,9.39,9.13,9.37,True,科翔股份,False
2023-05-04,16.909,16.963,16.423,16.603,120588.0,110458608.0,9.33,9.36,9.06,9.16,True,科翔股份,False
2023-05-05,16.549,16.657,16.063,16.189,101100.0,90282300.0,9.13,9.19,8.86,8.93,True,科翔股份,False
2023-05-08,16.189,16.333,16.135,16.225,78617.0,70362215.0,8.93,9.01,8.9,8.95,True,科翔股份,False
2023-05-09,16.135,16.333,15.829,15.829,101183.0,88332759.0,8.9,9.01,8.73,8.73,True,科翔股份,False
2023-05-10,15.973,16.063,15.685,15.919,80727.0,70878306.0,8.81,8.86,8.65,8.78,True,科翔股份,False
2023-05-11,15.937,16.117,15.847,16.045,63997.0,56637345.0,8.79,8.89,8.74,8.85,True,科翔股份,False
2023-05-12,15.973,16.135,15.685,15.721,87482.0,75846894.0,8.81,8.9,8.65,8.67,True,科翔股份,False
2023-05-15,15.685,16.009,15.541,15.973,76977.0,67816737.0,8.65,8.83,8.57,8.81,True,科翔股份,False
2023-05-16,15.955,16.081,15.721,16.009,74138.0,65463854.0,8.8,8.87,8.67,8.83,True,科翔股份,False
2023-05-17,15.883,16.477,15.847,16.405,119102.0,107787310.0,8.76,9.09,8.74,9.05,True,科翔股份,False
2023-05-18,16.387,16.765,16.315,16.729,98272.0,90705056.0,9.04,9.25,9.0,9.23,True,科翔股份,False
2023-05-19,16.639,17.215,16.621,17.143,125100.0,118344600.0,9.18,9.5,9.17,9.46,True,科翔股份,False
2023-05-22,17.269,17.917,17.251,17.539,194701.0,188470568.0,9.53,9.89,9.52,9.68,True,科翔股份,False
2023-05-23,17.287,17.809,17.287,17.467,130998.0,126282072.0,9.54,9.83,9.54,9.64,True,科翔股份,False
2023-05-24,17.467,17.791,17.233,17.521,116728.0,112875976.0,9.64,9.82,9.51,9.67,True,科翔股份,False
2023-05-25,17.575,17.845,17.323,17.683,98829.0,96457104.0,9.7,9.85,9.56,9.76,True,科翔股份,False
2023-05-26,17.611,19.681,17.575,18.637,328052.0,337565508.0,9.72,10.87,9.7,10.29,True,科翔股份,False
2023-05-29,18.727,19.159,18.439,19.051,257030.0,270395560.0,10.34,10.58,10.18,10.52,True,科翔股份,False
2023-05-30,18.655,18.943,18.259,18.655,216489.0,222983670.00000003,10.3,10.46,10.08,10.3,True,科翔股份,False
2023-05-31,18.367,18.817,18.223,18.727,165302.0,170922268.0,10.14,10.39,10.06,10.34,True,科翔股份,False
2023-06-01,18.565,18.709,18.259,18.547,130652.0,133787648.0,10.25,10.33,10.08,10.24,True,科翔股份,False
2023-06-02,18.565,18.799,18.457,18.601,83615.0,85872605.0,10.25,10.38,10.19,10.27,True,科翔股份,False
2023-06-05,18.493,18.835,18.475,18.529,89134.0,91184082.0,10.21,10.4,10.2,10.23,True,科翔股份,False
2023-06-06,18.493,18.511,17.881,17.989,109060.0,108296580.0,10.21,10.22,9.87,9.93,True,科翔股份,False
2023-06-07,17.935,18.943,17.863,18.799,189814.0,197026932.0,9.9,10.46,9.86,10.38,True,科翔股份,False
2023-06-08,18.691,18.871,18.259,18.277,126324.0,127460916.0,10.32,10.42,10.08,10.09,True,科翔股份,False
2023-06-09,18.331,18.439,18.025,18.205,77990.0,78379950.0,10.12,10.18,9.95,10.05,True,科翔股份,False
2023-06-12,18.295,18.457,18.115,18.151,68997.0,68997000.0,10.08,10.17,9.98,10.0,True,科翔股份,False
2023-06-13,18.133,19.051,17.989,18.997,137628.0,144096516.0,9.99,10.5,9.91,10.47,True,科翔股份,False
2023-06-14,18.655,18.673,18.061,18.529,176182.0,179881822.00000003,10.28,10.29,9.95,10.21,True,科翔股份,False
2023-06-15,18.529,18.907,18.331,18.385,111631.0,113082203.0,10.21,10.42,10.1,10.13,True,科翔股份,False
2023-06-16,18.457,18.583,18.133,18.511,78339.0,79905780.0,10.17,10.24,9.99,10.2,True,科翔股份,False
2023-06-19,18.457,19.015,18.421,18.907,139238.0,145085996.0,10.17,10.48,10.15,10.42,True,科翔股份,False
2023-06-20,18.871,18.925,18.421,18.457,98159.0,99827703.0,10.4,10.43,10.15,10.17,True,科翔股份,False
2023-06-21,18.457,19.195,18.061,18.583,199714.0,204507136.0,10.17,10.58,9.95,10.24,True,科翔股份,False
2023-06-26,18.691,19.375,18.619,18.997,245481.0,257018607.00000003,10.3,10.68,10.26,10.47,True,科翔股份,False
2023-06-27,19.231,20.401,18.511,20.095,326243.0,361477244.0,10.6,11.25,10.2,11.08,True,科翔股份,False
2023-06-28,19.807,20.653,19.249,19.915,270525.0,297036450.0,10.92,11.39,10.61,10.98,True,科翔股份,False
2023-06-29,19.771,20.401,19.645,19.843,192243.0,210313842.0,10.9,11.25,10.83,10.94,True,科翔股份,False
2023-06-30,19.591,20.527,19.429,20.221,243437.0,271432255.0,10.8,11.32,10.71,11.15,True,科翔股份,False
2023-07-03,20.491,21.427,20.491,20.743,276440.0,316247360.0,11.3,11.82,11.3,11.44,True,科翔股份,False
2023-07-04,20.743,22.633,20.311,21.751,343913.0,412695600.0,11.44,12.49,11.2,12.0,True,科翔股份,False
2023-07-05,21.535,22.381,21.409,21.427,255546.0,302055372.0,11.88,12.35,11.81,11.82,True,科翔股份,False
2023-07-06,21.175,21.625,20.599,20.887,265647.0,306025344.0,11.68,11.93,11.36,11.52,True,科翔股份,False
2023-07-07,20.869,21.337,20.545,20.563,172238.0,195317892.0,11.51,11.77,11.33,11.34,True,科翔股份,False
2023-07-10,20.527,20.779,19.699,19.969,172313.0,189716613.0,11.32,11.46,10.86,11.01,True,科翔股份,False
2023-07-11,20.041,21.643,19.861,21.337,275515.0,324281155.0,11.05,11.94,10.95,11.77,True,科翔股份,False
2023-07-12,21.139,21.427,20.383,20.545,176930.0,200461690.0,11.66,11.82,11.24,11.33,True,科翔股份,False
2023-07-13,20.491,21.931,20.365,21.931,343656.0,415823760.0,11.3,12.1,11.23,12.1,True,科翔股份,False
2023-07-14,22.093,22.777,21.625,22.291,397137.0,488478510.0,12.19,12.57,11.93,12.3,True,科翔股份,False
2023-07-17,21.751,22.795,21.499,21.661,267336.0,319466520.0,12.0,12.58,11.86,11.95,True,科翔股份,False
2023-07-18,21.733,22.399,21.139,21.337,270878.0,318823406.0,11.99,12.36,11.66,11.77,True,科翔股份,False
2023-07-19,20.851,21.427,20.545,20.653,197998.0,225519722.0,11.5,11.82,11.33,11.39,True,科翔股份,False
2023-07-20,20.671,20.689,19.411,19.447,224772.0,240955584.0,11.4,11.41,10.7,10.72,True,科翔股份,False
2023-07-21,19.447,19.861,18.781,18.835,149342.0,155016996.0,10.72,10.95,10.35,10.38,True,科翔股份,False
2023-07-24,18.493,19.285,18.439,18.943,96671.0,100924524.0,10.19,10.63,10.16,10.44,True,科翔股份,False
2023-07-25,19.051,19.591,18.979,19.411,103491.0,110735370.0,10.5,10.8,10.46,10.7,True,科翔股份,False
2023-07-26,19.249,19.303,18.565,18.745,115073.0,118870409.0,10.61,10.64,10.23,10.33,True,科翔股份,False
2023-07-27,18.673,18.871,18.349,18.385,79023.0,80050299.0,10.29,10.4,10.11,10.13,True,科翔股份,False
2023-07-28,18.421,18.529,18.043,18.403,74378.0,75419292.0,10.15,10.21,9.94,10.14,True,科翔股份,False
2023-07-31,18.421,18.493,18.205,18.295,88223.0,88928784.0,10.15,10.19,10.03,10.08,True,科翔股份,False
2023-08-01,18.313,18.583,18.025,18.421,73262.0,74360930.0,10.09,10.24,9.93,10.15,True,科翔股份,False
2023-08-02,18.277,18.511,18.277,18.439,46855.0,47604680.0,10.07,10.2,10.07,10.16,True,科翔股份,False
2023-08-03,18.439,18.619,18.151,18.331,72103.0,72824030.0,10.16,10.26,10.0,10.1,True,科翔股份,False
2023-08-04,18.313,18.583,18.259,18.421,64095.0,65056425.0,10.09,10.24,10.06,10.15,True,科翔股份,False
2023-08-07,18.385,18.583,18.349,18.403,42337.0,42929718.0,10.13,10.24,10.11,10.14,True,科翔股份,False
2023-08-08,18.421,18.529,18.169,18.187,45270.0,45360540.0,10.15,10.21,10.01,10.02,True,科翔股份,False
2023-08-09,18.205,18.259,17.755,17.755,75008.0,73357824.0,10.03,10.06,9.78,9.78,True,科翔股份,False
2023-08-10,17.845,17.971,17.773,17.845,40484.0,39795772.0,9.83,9.9,9.79,9.83,True,科翔股份,False
2023-08-11,17.881,17.953,17.521,17.539,46825.0,45232950.0,9.85,9.89,9.65,9.66,True,科翔股份,False
2023-08-14,17.521,17.683,17.287,17.593,44984.0,43589496.0,9.65,9.74,9.52,9.69,True,科翔股份,False
2023-08-15,17.665,17.701,17.179,17.269,55172.0,52468572.0,9.73,9.75,9.46,9.51,True,科翔股份,False
2023-08-16,17.161,17.341,17.017,17.035,41969.0,39366922.0,9.45,9.55,9.37,9.38,True,科翔股份,False
2023-08-17,16.927,17.467,16.909,17.449,44018.0,42301298.0,9.32,9.62,9.31,9.61,True,科翔股份,False
2023-08-18,17.431,17.557,17.125,17.143,43866.0,41409504.0,9.6,9.67,9.43,9.44,True,科翔股份,False
2023-08-21,17.089,17.377,16.963,16.981,37487.0,35050345.0,9.41,9.57,9.34,9.35,True,科翔股份,False
2023-08-22,17.071,17.269,16.675,17.233,53332.0,50612068.0,9.4,9.51,9.18,9.49,True,科翔股份,False
2023-08-23,17.143,17.197,16.729,16.729,32522.0,29952762.000000004,9.44,9.47,9.21,9.21,True,科翔股份,False
2023-08-24,16.801,16.963,16.567,16.711,33490.0,30810800.0,9.25,9.34,9.12,9.2,True,科翔股份,False
2023-08-25,16.531,16.675,16.009,16.117,59475.0,52754324.99999999,9.1,9.18,8.81,8.87,True,科翔股份,False
2023-08-28,17.089,17.143,15.901,15.919,82210.0,72015960.0,9.41,9.44,8.75,8.76,True,科翔股份,False
2023-08-29,15.811,16.855,15.721,16.801,100121.0,92611925.0,8.7,9.28,8.65,9.25,True,科翔股份,False
2023-08-30,16.909,17.611,16.873,17.287,105838.0,100757776.0,9.31,9.7,9.29,9.52,True,科翔股份,False
2023-08-31,17.377,17.575,17.125,17.431,67878.0,65162880.0,9.57,9.68,9.43,9.6,True,科翔股份,False
2023-09-01,17.521,17.647,17.305,17.521,46853.0,45213145.0,9.65,9.72,9.53,9.65,True,科翔股份,False
2023-09-04,17.629,17.899,17.521,17.899,63600.0,62709600.0,9.71,9.86,9.65,9.86,True,科翔股份,False
2023-09-05,17.863,18.241,17.791,18.025,66454.0,65988822.0,9.84,10.05,9.8,9.93,True,科翔股份,False
2023-09-06,17.971,18.457,17.917,18.439,81818.0,83127088.0,9.9,10.17,9.87,10.16,True,科翔股份,False
2023-09-07,18.295,18.349,17.971,18.007,69126.0,68572992.0,10.08,10.11,9.9,9.92,True,科翔股份,False
2023-09-08,18.241,18.385,18.097,18.331,68282.0,68964820.0,10.05,10.13,9.97,10.1,True,科翔股份,False
2023-09-11,18.277,18.475,18.133,18.223,54958.0,55177831.99999999,10.07,10.18,9.99,10.04,True,科翔股份,False
2023-09-12,18.871,19.699,18.403,19.339,317449.0,338400634.0,10.4,10.86,10.14,10.66,True,科翔股份,False
2023-09-13,18.871,18.925,18.007,18.205,244989.0,245723967.0,10.4,10.43,9.92,10.03,True,科翔股份,False
2023-09-14,17.953,18.187,17.539,17.665,117577.0,114402421.0,9.89,10.02,9.66,9.73,True,科翔股份,False
2023-09-15,17.701,17.953,17.395,17.539,90957.0,87864462.0,9.75,9.89,9.58,9.66,True,科翔股份,False
2023-09-18,17.431,17.845,17.305,17.557,81918.0,79214706.0,9.6,9.83,9.53,9.67,True,科翔股份,False
2023-09-19,17.467,17.665,17.071,17.161,70125.0,66268124.99999999,9.62,9.73,9.4,9.45,True,科翔股份,False
2023-09-20,17.089,17.269,16.927,16.945,42538.0,39687954.0,9.41,9.51,9.32,9.33,True,科翔股份,False
2023-09-21,16.891,17.179,16.873,17.017,43280.0,40553360.0,9.3,9.46,9.29,9.37,True,科翔股份,False
2023-09-22,16.927,17.665,16.891,17.611,72113.0,69949610.0,9.32,9.73,9.3,9.7,True,科翔股份,False
2023-09-25,17.701,17.935,17.467,17.557,60966.0,58954122.0,9.75,9.88,9.62,9.67,True,科翔股份,False
2023-09-26,17.521,17.629,17.107,17.143,51307.0,48433808.0,9.65,9.71,9.42,9.44,True,科翔股份,False
2023-09-27,17.071,17.287,16.945,17.089,46370.0,43634170.0,9.4,9.52,9.33,9.41,True,科翔股份,False
2023-09-28,17.143,17.737,17.071,17.665,71599.0,69665827.0,9.44,9.77,9.4,9.73,True,科翔股份,False
2023-10-09,17.665,18.007,17.467,17.791,65352.0,64044960.00000001,9.73,9.92,9.62,9.8,True,科翔股份,False
2023-10-10,17.791,18.223,17.773,18.187,90326.0,90506652.0,9.8,10.04,9.79,10.02,True,科翔股份,False
2023-10-11,18.187,18.205,17.881,18.097,66265.0,66066205.00000001,10.02,10.03,9.85,9.97,True,科翔股份,False
2023-10-12,18.115,18.259,17.953,18.223,51977.0,52184907.99999999,9.98,10.06,9.89,10.04,True,科翔股份,False
2023-10-13,18.115,18.493,18.007,18.439,78865.0,80126840.0,9.98,10.19,9.92,10.16,True,科翔股份,False
2023-10-16,18.511,18.565,17.791,17.971,80354.0,79550460.0,10.2,10.23,9.8,9.9,True,科翔股份,False
2023-10-17,17.971,18.061,17.629,17.863,48610.0,47832240.0,9.9,9.95,9.71,9.84,True,科翔股份,False
2023-10-18,17.791,17.863,17.431,17.467,46183.0,44428046.0,9.8,9.84,9.6,9.62,True,科翔股份,False
2023-10-19,17.431,18.457,17.377,17.881,118224.0,116450640.0,9.6,10.17,9.57,9.85,True,科翔股份,False
2023-10-20,17.845,17.845,17.053,17.125,110459.0,104162837.0,9.83,9.83,9.39,9.43,True,科翔股份,False
2023-10-23,16.999,17.107,16.315,16.423,71284.0,64440735.99999999,9.36,9.42,8.98,9.04,True,科翔股份,False
2023-10-24,16.549,17.215,16.297,16.999,83186.0,77862096.0,9.11,9.48,8.97,9.36,True,科翔股份,False
2023-10-25,16.963,17.233,16.873,16.999,59463.0,55657368.0,9.34,9.49,9.29,9.36,True,科翔股份,False
2023-10-26,16.873,17.035,16.621,16.981,63499.0,59371565.0,9.29,9.38,9.15,9.35,True,科翔股份,False
2023-10-27,16.891,17.359,16.639,17.269,91186.0,86717886.0,9.3,9.56,9.16,9.51,True,科翔股份,False
2023-10-30,17.143,18.079,17.071,18.025,94871.0,94206903.0,9.44,9.96,9.4,9.93,True,科翔股份,False
2023-10-31,18.097,18.223,17.701,17.791,61189.0,59965220.00000001,9.97,10.04,9.75,9.8,True,科翔股份,False
2023-11-01,17.755,18.241,17.629,18.079,73365.0,73071540.0,9.78,10.05,9.71,9.96,True,科翔股份,False
2023-11-02,18.043,18.223,17.665,17.683,57057.0,55573518.0,9.94,10.04,9.73,9.74,True,科翔股份,False
2023-11-03,17.701,18.403,17.683,18.331,84985.0,85834850.0,9.75,10.14,9.74,10.1,True,科翔股份,False
2023-11-06,18.367,18.763,18.349,18.727,92197.0,95147304.0,10.12,10.34,10.11,10.32,True,科翔股份,False
2023-11-07,18.709,18.925,18.619,18.889,65070.0,67737870.0,10.31,10.43,10.26,10.41,True,科翔股份,False
2023-11-08,18.835,18.907,18.529,18.655,60717.0,62417075.99999999,10.38,10.42,10.21,10.28,True,科翔股份,False
2023-11-09,18.655,18.871,18.403,18.511,59983.0,61182659.99999999,10.28,10.4,10.14,10.2,True,科翔股份,False
2023-11-10,18.457,18.889,18.403,18.709,81936.0,84476016.0,10.17,10.41,10.14,10.31,True,科翔股份,False
2023-11-13,19.033,19.321,18.763,18.961,94906.0,99176770.0,10.49,10.65,10.34,10.45,True,科翔股份,False
2023-11-14,18.763,19.249,18.709,19.123,89496.0,94328784.0,10.34,10.61,10.31,10.54,True,科翔股份,False
2023-11-15,19.195,19.915,19.159,19.393,120534.0,128850846.0,10.58,10.98,10.56,10.69,True,科翔股份,False
2023-11-16,19.303,19.483,19.033,19.123,93140.0,98169560.0,10.64,10.74,10.49,10.54,True,科翔股份,False
2023-11-17,19.051,20.059,19.033,19.789,249596.0,272309236.0,10.5,11.06,10.49,10.91,True,科翔股份,False
2023-11-20,20.149,20.491,19.843,19.879,359668.0,394196128.00000006,11.11,11.3,10.94,10.96,True,科翔股份,False
2023-11-21,19.969,20.401,19.339,19.429,210061.0,224975331.00000003,11.01,11.25,10.66,10.71,True,科翔股份,False
2023-11-22,19.339,19.465,18.943,19.069,138659.0,145730609.0,10.66,10.73,10.44,10.51,True,科翔股份,False
2023-11-23,19.105,19.627,18.997,19.483,105036.0,112808664.0,10.53,10.82,10.47,10.74,True,科翔股份,False
2023-11-24,19.339,19.465,18.925,18.979,78935.0,82566010.0,10.66,10.73,10.43,10.46,True,科翔股份,False
2023-11-27,18.871,19.339,18.799,19.177,78961.0,83461777.0,10.4,10.66,10.36,10.57,True,科翔股份,False
2023-11-28,19.105,19.717,19.051,19.465,85556.0,91801588.0,10.53,10.87,10.5,10.73,True,科翔股份,False
2023-11-29,19.411,19.807,19.321,19.393,62561.0,66877709.0,10.7,10.92,10.65,10.69,True,科翔股份,False
2023-11-30,19.357,19.429,18.781,19.069,64506.0,67795806.0,10.67,10.71,10.35,10.51,True,科翔股份,False
2023-12-01,18.997,19.231,18.871,19.087,52516.0,55246832.0,10.47,10.6,10.4,10.52,True,科翔股份,False
2023-12-04,19.069,19.285,18.925,18.925,49602.0,51734886.0,10.51,10.63,10.43,10.43,True,科翔股份,False
2023-12-05,18.889,18.925,18.331,18.349,72741.0,73541151.0,10.41,10.43,10.1,10.11,True,科翔股份,False
2023-12-06,18.403,18.565,18.295,18.349,53102.0,53686122.0,10.14,10.23,10.08,10.11,True,科翔股份,False
2023-12-07,18.331,18.547,18.259,18.385,57446.0,58192798.00000001,10.1,10.22,10.06,10.13,True,科翔股份,False
2023-12-08,18.421,18.997,18.421,18.637,95225.0,97796075.0,10.15,10.47,10.15,10.27,True,科翔股份,False
2023-12-11,18.565,18.565,18.079,18.511,85598.0,87309960.0,10.23,10.23,9.96,10.2,True,科翔股份,False
2023-12-12,18.547,18.673,18.313,18.457,53843.0,54758331.0,10.22,10.29,10.09,10.17,True,科翔股份,False
2023-12-13,18.457,18.457,18.097,18.169,47051.0,47098051.0,10.17,10.17,9.97,10.01,True,科翔股份,False
2023-12-14,18.223,18.403,18.133,18.151,38312.0,38312000.0,10.04,10.14,9.99,10.0,True,科翔股份,False
2023-12-15,18.133,18.223,17.917,18.025,40240.0,39958320.0,9.99,10.04,9.87,9.93,True,科翔股份,False
2023-12-18,17.971,18.115,17.647,17.683,47068.0,45844232.0,9.9,9.98,9.72,9.74,True,科翔股份,False
2023-12-19,17.611,17.953,17.611,17.827,43518.0,42734676.0,9.7,9.89,9.7,9.82,True,科翔股份,False
2023-12-20,17.881,18.115,17.719,17.737,38399.0,37515823.0,9.85,9.98,9.76,9.77,True,科翔股份,False
2023-12-21,17.701,18.007,17.395,17.845,51315.0,50442645.0,9.75,9.92,9.58,9.83,True,科翔股份,False
2023-12-22,17.827,17.971,17.431,17.467,39412.0,37914344.0,9.82,9.9,9.6,9.62,True,科翔股份,False
2023-12-25,17.467,17.611,17.287,17.359,30316.0,28982096.0,9.62,9.7,9.52,9.56,True,科翔股份,False
2023-12-26,17.467,17.467,16.963,17.017,37990.0,35596630.0,9.62,9.62,9.34,9.37,True,科翔股份,False
2023-12-27,17.017,17.377,16.999,17.323,29009.0,27674586.0,9.37,9.57,9.36,9.54,True,科翔股份,False
2023-12-28,17.341,17.881,17.233,17.755,44929.0,43940562.0,9.55,9.85,9.49,9.78,True,科翔股份,False
2023-12-29,17.809,18.331,17.683,18.259,55557.0,55890342.0,9.81,10.1,9.74,10.06,True,科翔股份,False
2024-01-02,18.259,18.385,18.169,18.331,44204.0,44646040.0,10.06,10.13,10.01,10.1,True,科翔股份,False
2024-01-03,18.241,18.313,17.809,17.953,49061.0,48521329.0,10.05,10.09,9.81,9.89,True,科翔股份,False
2024-01-04,17.989,18.025,17.791,17.863,32023.0,31510632.0,9.91,9.93,9.8,9.84,True,科翔股份,False
2024-01-05,17.845,18.133,17.431,17.485,40471.0,38973573.0,9.83,9.99,9.6,9.63,True,科翔股份,False
2024-01-08,17.521,17.521,16.873,16.891,45113.0,41955090.0,9.65,9.65,9.29,9.3,True,科翔股份,False
2024-01-09,16.909,17.197,16.819,16.927,43662.0,40692984.0,9.31,9.47,9.26,9.32,True,科翔股份,False
2024-01-10,16.981,16.981,16.441,16.603,48120.0,43981680.0,9.35,9.35,9.05,9.14,True,科翔股份,False
2024-01-11,16.621,17.107,16.549,17.053,48737.0,45764043.0,9.15,9.42,9.11,9.39,True,科翔股份,False
2024-01-12,17.089,17.197,16.783,16.837,37206.0,34489962.0,9.41,9.47,9.24,9.27,True,科翔股份,False
2024-01-15,16.747,16.873,16.549,16.765,39344.0,36314512.0,9.22,9.29,9.11,9.23,True,科翔股份,False
2024-01-16,16.801,16.801,16.279,16.603,41331.0,37776534.0,9.25,9.25,8.96,9.14,True,科翔股份,False
2024-01-17,16.603,16.675,16.135,16.135,46591.0,41372808.0,9.14,9.18,8.88,8.88,True,科翔股份,False
2024-01-18,16.009,16.189,15.289,15.775,81361.0,70621348.0,8.81,8.91,8.41,8.68,True,科翔股份,False
2024-01-19,15.739,15.919,15.523,15.613,54980.0,47227820.0,8.66,8.76,8.54,8.59,True,科翔股份,False
2024-01-22,15.595,15.649,14.263,14.371,86469.0,68310510.0,8.58,8.61,7.84,7.9,True,科翔股份,False
2024-01-23,14.299,14.641,14.083,14.227,74221.0,58040822.0,7.86,8.05,7.74,7.82,True,科翔股份,False
2024-01-24,14.281,14.479,13.615,14.263,99301.0,77851984.0,7.85,7.96,7.48,7.84,True,科翔股份,False
2024-01-25,14.245,15.019,14.119,14.965,82213.0,67661299.0,7.83,8.26,7.76,8.23,True,科翔股份,False
2024-01-26,14.965,15.145,14.731,14.821,53157.0,43322955.0,8.23,8.33,8.1,8.15,True,科翔股份,False
2024-01-29,14.839,14.947,14.011,14.047,65434.0,50515048.0,8.16,8.22,7.7,7.72,True,科翔股份,False
2024-01-30,13.921,14.047,13.399,13.435,59453.0,43876314.0,7.65,7.72,7.36,7.38,True,科翔股份,False
2024-01-31,13.309,13.417,12.355,12.355,114733.0,77788974.0,7.31,7.37,6.78,6.78,True,科翔股份,False
2024-02-01,12.391,12.409,11.833,12.031,114781.0,75755460.0,6.8,6.81,6.49,6.6,True,科翔股份,False
2024-02-02,12.031,12.373,10.681,11.167,136564.0,83577168.0,6.6,6.79,5.85,6.12,True,科翔股份,False
2024-02-05,11.257,11.311,9.133,9.421,254158.0,130891370.0,6.17,6.2,4.99,5.15,True,科翔股份,False
2024-02-06,9.295,9.673,8.431,9.241,238007.0,120193535.0,5.08,5.29,4.6,5.05,True,科翔股份,False
2024-02-07,9.259,9.403,8.269,8.485,248544.0,115075872.0,5.06,5.14,4.51,4.63,True,科翔股份,False
2024-02-08,8.539,9.907,8.341,9.853,255757.0,137853023.0,4.66,5.42,4.55,5.39,True,科翔股份,False
2024-02-19,9.979,10.663,9.979,10.429,209078.0,119383538.0,5.46,5.84,5.46,5.71,True,科翔股份,False
2024-02-20,10.465,10.537,9.961,10.501,124670.0,71685250.0,5.73,5.77,5.45,5.75,True,科翔股份,False
2024-02-21,10.375,11.311,10.249,10.843,157069.0,93298986.0,5.68,6.2,5.61,5.94,True,科翔股份,False
2024-02-22,10.825,12.985,10.825,12.985,148549.0,105915437.0,5.93,7.13,5.93,7.13,True,科翔股份,False
2024-02-23,15.559,15.559,15.559,15.559,59283.0,50746248.0,8.56,8.56,8.56,8.56,True,科翔股份,False
2024-02-26,17.323,17.323,14.713,14.713,630545.0,510110905.0,9.54,9.54,8.09,8.09,True,科翔股份,False
2024-02-27,14.263,14.983,14.119,14.785,428084.0,348032292.00000006,7.84,8.24,7.76,8.13,True,科翔股份,False
2024-02-28,14.569,14.767,12.913,13.021,410785.0,293711275.0,8.01,8.12,7.09,7.15,True,科翔股份,False
2024-02-29,12.931,13.687,12.787,13.561,267764.0,199484180.0,7.1,7.52,7.02,7.45,True,科翔股份,False
2024-03-01,13.561,14.065,13.363,13.669,224046.0,168258546.0,7.45,7.73,7.34,7.51,True,科翔股份,False
2024-03-04,13.723,14.029,13.471,13.993,226604.0,174258476.0,7.54,7.71,7.4,7.69,True,科翔股份,False
2024-03-05,13.759,14.245,13.363,13.489,184105.0,136421805.0,7.56,7.83,7.34,7.41,True,科翔股份,False
2024-03-06,13.381,13.651,13.147,13.525,128459.0,95445037.0,7.35,7.5,7.22,7.43,True,科翔股份,False
2024-03-07,13.633,13.777,13.219,13.309,126564.0,92518284.0,7.49,7.57,7.26,7.31,True,科翔股份,False
2024-03-08,13.309,13.831,13.165,13.813,159730.0,121235070.0,7.31,7.6,7.23,7.59,True,科翔股份,False
2024-03-11,13.651,13.975,13.525,13.975,155730.0,119600640.0,7.5,7.68,7.43,7.68,True,科翔股份,False
2024-03-12,13.885,14.209,13.831,14.011,163511.0,125903470.0,7.63,7.81,7.6,7.7,True,科翔股份,False
2024-03-13,14.011,14.263,13.831,14.101,167062.0,129473050.0,7.7,7.84,7.6,7.75,True,科翔股份,False
2024-03-14,14.011,14.065,13.489,13.759,144856.0,109511136.0,7.7,7.73,7.41,7.56,True,科翔股份,False
2024-03-15,13.669,13.939,13.471,13.939,114390.0,87622740.0,7.51,7.66,7.4,7.66,True,科翔股份,False
2024-03-18,13.975,14.299,13.975,14.281,133392.0,104712720.0,7.68,7.86,7.68,7.85,True,科翔股份,False
2024-03-19,14.389,14.983,14.281,14.641,244930.0,197168650.00000003,7.91,8.24,7.85,8.05,True,科翔股份,False
2024-03-20,14.731,15.037,14.605,14.839,179784.0,146703744.0,8.1,8.27,8.03,8.16,True,科翔股份,False
2024-03-21,14.659,14.911,14.479,14.785,153697.0,124955661.0,8.06,8.2,7.96,8.13,True,科翔股份,False
2024-03-22,14.749,15.361,14.677,14.947,234593.0,192835446.00000003,8.11,8.45,8.07,8.22,True,科翔股份,False
2024-03-25,14.731,14.731,13.831,13.921,194558.0,148836870.0,8.1,8.1,7.6,7.65,True,科翔股份,False
2024-03-26,13.885,14.551,13.651,14.029,150847.0,116303037.0,7.63,8.0,7.5,7.71,True,科翔股份,False
2024-03-27,13.975,13.975,13.003,13.003,130022.0,92835708.0,7.68,7.68,7.14,7.14,True,科翔股份,False
2024-03-28,13.057,13.867,13.003,13.615,125250.0,93687000.0,7.17,7.62,7.14,7.48,True,科翔股份,False
2024-03-29,13.597,13.939,13.453,13.939,75687.0,57976242.0,7.47,7.66,7.39,7.66,True,科翔股份,False
2024-04-01,14.011,14.551,13.957,14.443,103807.0,82422758.0,7.7,8.0,7.67,7.94,True,科翔股份,False
2024-04-02,14.461,14.623,14.011,14.227,88339.0,69081098.0,7.95,8.04,7.7,7.82,True,科翔股份,False
2024-04-03,14.209,14.299,13.579,13.813,93631.0,71065929.0,7.81,7.86,7.46,7.59,True,科翔股份,False
2024-04-08,13.759,13.813,13.003,13.039,96439.0,69050324.0,7.56,7.59,7.14,7.16,True,科翔股份,False
2024-04-09,13.039,13.291,13.021,13.291,60523.0,44181790.0,7.16,7.3,7.15,7.3,True,科翔股份,False
2024-04-10,13.219,13.291,12.427,12.661,81214.0,56443730.0,7.26,7.3,6.82,6.95,True,科翔股份,False
2024-04-11,12.571,12.895,12.445,12.589,61189.0,42281599.0,6.9,7.08,6.83,6.91,True,科翔股份,False
2024-04-12,12.661,12.841,12.481,12.517,61253.0,42080811.0,6.95,7.05,6.85,6.87,True,科翔股份,False
2024-04-15,12.499,12.679,11.311,11.581,124150.0,78835250.0,6.86,6.96,6.2,6.35,True,科翔股份,False
2024-04-16,11.527,11.635,10.195,10.231,152081.0,85165360.0,6.32,6.38,5.58,5.6,True,科翔股份,False
2024-04-17,10.573,12.031,10.573,11.959,179290.0,117614240.0,5.79,6.6,5.79,6.56,True,科翔股份,False
2024-04-18,11.905,12.013,11.401,11.581,123859.0,78650465.0,6.53,6.59,6.25,6.35,True,科翔股份,False
2024-04-19,11.473,11.599,11.149,11.275,94014.0,58100652.0,6.29,6.36,6.11,6.18,True,科翔股份,False
2024-04-22,11.275,11.311,10.663,11.149,78882.0,48196902.0,6.18,6.2,5.84,6.11,True,科翔股份,False
2024-04-23,11.239,12.139,11.185,12.049,143752.0,95020072.0,6.16,6.66,6.13,6.61,True,科翔股份,False
2024-04-24,11.149,11.599,10.879,11.545,222425.0,140795025.0,6.11,6.36,5.96,6.33,True,科翔股份,False
2024-04-25,11.527,11.833,11.347,11.671,134057.0,85796480.0,6.32,6.49,6.22,6.4,True,科翔股份,False
2024-04-26,11.743,12.337,11.527,12.139,133980.0,89230680.0,6.44,6.77,6.32,6.66,True,科翔股份,False
2024-04-29,12.139,12.715,12.121,12.679,100983.0,70284168.0,6.66,6.98,6.65,6.96,True,科翔股份,False
2024-04-30,12.715,12.787,12.211,12.463,99021.0,67730364.0,6.98,7.02,6.7,6.84,True,科翔股份,False
2024-05-06,12.517,12.985,12.517,12.805,92925.0,65326275.0,6.87,7.13,6.87,7.03,True,科翔股份,False
2024-05-07,12.769,12.931,12.643,12.805,64951.0,45660553.0,7.01,7.1,6.94,7.03,True,科翔股份,False
2024-05-08,12.805,12.985,12.553,12.607,68107.0,47130044.0,7.03,7.13,6.89,6.92,True,科翔股份,False
2024-05-09,12.643,13.471,12.589,12.985,99469.0,70921397.0,6.94,7.4,6.91,7.13,True,科翔股份,False
2024-05-10,13.021,13.039,12.409,12.445,85496.0,58393768.0,7.15,7.16,6.81,6.83,True,科翔股份,False
2024-05-13,12.265,12.391,11.779,11.905,97623.0,63747819.0,6.73,6.8,6.46,6.53,True,科翔股份,False
2024-05-14,11.995,12.337,11.941,12.013,58436.0,38509324.0,6.58,6.77,6.55,6.59,True,科翔股份,False
2024-05-15,11.923,12.193,11.797,11.923,48003.0,31393962.0,6.54,6.69,6.47,6.54,True,科翔股份,False
2024-05-16,11.923,12.373,11.923,12.247,67324.0,45241728.0,6.54,6.79,6.54,6.72,True,科翔股份,False
2024-05-17,12.229,12.697,12.121,12.697,70742.0,49307174.0,6.71,6.97,6.65,6.97,True,科翔股份,False
2024-05-20,12.751,12.877,12.535,12.697,60803.0,42379691.0,7.0,7.07,6.88,6.97,True,科翔股份,False
2024-05-21,12.661,12.895,12.481,12.859,81006.0,57190236.0,6.95,7.08,6.85,7.06,True,科翔股份,False
2024-05-22,14.137,14.713,13.075,13.345,360794.0,264462002.0,7.77,8.09,7.18,7.33,True,科翔股份,False
2024-05-23,13.273,13.399,12.571,12.751,254039.0,177827300.0,7.29,7.36,6.9,7.0,True,科翔股份,False
2024-05-24,12.571,12.679,12.193,12.265,167809.0,112935457.0,6.9,6.96,6.69,6.73,True,科翔股份,False
2024-05-27,12.751,13.237,12.031,12.589,191767.0,132510997.0,7.0,7.27,6.6,6.91,True,科翔股份,False
2024-05-28,12.499,12.607,12.067,12.265,146108.0,98330684.0,6.86,6.92,6.62,6.73,True,科翔股份,False
2024-05-29,12.535,13.129,12.409,12.553,210904.0,145312856.0,6.88,7.21,6.81,6.89,True,科翔股份,False
2024-05-30,12.211,12.643,11.887,12.409,161749.0,110151069.0,6.7,6.94,6.52,6.81,True,科翔股份,False
2024-05-31,12.391,12.859,12.319,12.751,151480.0,106036000.0,6.8,7.06,6.76,7.0,True,科翔股份,False
2024-06-03,12.697,13.183,12.553,12.841,199732.0,140811060.0,6.97,7.24,6.89,7.05,True,科翔股份,False
2024-06-04,12.373,12.535,11.689,11.887,241325.0,157343900.0,6.79,6.88,6.41,6.52,True,科翔股份,False
2024-06-05,11.617,11.833,11.329,11.347,138029.0,85854038.0,6.37,6.49,6.21,6.22,True,科翔股份,False
2024-06-06,11.419,13.579,11.365,12.877,589925.0,417076975.0,6.26,7.46,6.23,7.07,True,科翔股份,False
2024-06-07,12.373,12.535,11.581,11.653,470731.0,300797109.0,6.79,6.88,6.35,6.39,True,科翔股份,False
2024-06-11,11.653,12.571,11.059,12.517,394329.0,270904023.0,6.39,6.9,6.06,6.87,True,科翔股份,False
2024-06-12,12.733,12.841,12.337,12.733,304250.0,212670750.0,6.99,7.05,6.77,6.99,True,科翔股份,False
2024-06-13,12.625,13.309,12.625,13.003,361607.0,258187398.0,6.93,7.31,6.93,7.14,True,科翔股份,False
2024-06-14,12.751,13.471,12.571,13.201,355146.0,257480850.0,7.0,7.4,6.9,7.25,True,科翔股份,False
2024-06-17,13.057,13.651,12.913,13.435,328508.0,242438904.0,7.17,7.5,7.09,7.38,True,科翔股份,False
2024-06-18,13.975,14.335,13.273,13.471,408255.0,302108700.0,7.68,7.88,7.29,7.4,True,科翔股份,False
2024-06-19,14.191,16.135,14.191,16.135,872886.0,775122768.0000001,7.8,8.88,7.8,8.88,True,科翔股份,False
2024-06-20,15.523,17.215,15.091,16.639,1021856.0,936020096.0,8.54,9.48,8.3,9.16,True,科翔股份,False
2024-06-21,14.965,16.207,14.569,14.587,590515.0,473593030.0,8.23,8.92,8.01,8.02,True,科翔股份,False
2024-06-24,14.641,17.467,14.641,17.467,768232.0,739039183.9999999,8.05,9.62,8.05,9.62,True,科翔股份,False
2024-06-25,18.151,18.889,16.711,16.927,1193541.0,1112380212.0,10.0,10.41,9.2,9.32,True,科翔股份,False
2024-06-26,16.621,18.601,15.541,17.305,943530.0,899184089.9999999,9.15,10.25,8.55,9.53,True,科翔股份,False
2024-06-27,16.945,17.215,15.667,15.757,776808.0,673492536.0,9.33,9.48,8.62,8.67,True,科翔股份,False
2024-06-28,15.325,15.955,14.677,14.983,635899.0,523980776.0,8.43,8.78,8.07,8.24,True,科翔股份,False
2024-07-01,14.965,15.055,13.867,14.335,516772.0,407216336.0,8.23,8.28,7.62,7.88,True,科翔股份,False
2024-07-02,14.209,14.911,13.993,14.713,491274.0,397440666.0,7.81,8.2,7.69,8.09,True,科翔股份,False
2024-07-03,14.299,14.389,13.651,13.705,385270.0,290108310.0,7.86,7.91,7.5,7.53,True,科翔股份,False
2024-07-04,13.705,13.921,13.021,13.057,317387.0,227566479.0,7.53,7.65,7.15,7.17,True,科翔股份,False
2024-07-05,13.057,13.057,12.391,12.787,240128.0,168569856.0,7.17,7.17,6.8,7.02,True,科翔股份,False
2024-07-08,12.805,12.985,12.247,12.301,221428.0,149463900.0,7.03,7.13,6.72,6.75,True,科翔股份,False
2024-07-09,12.445,12.931,12.211,12.877,285784.0,202049288.0,6.83,7.1,6.7,7.07,True,科翔股份,False
2024-07-10,12.607,13.165,12.499,12.859,291391.0,205722046.0,6.92,7.23,6.86,7.06,True,科翔股份,False
2024-07-11,13.057,13.219,12.769,13.093,281632.0,202493408.0,7.17,7.26,7.01,7.19,True,科翔股份,False
2024-07-12,12.967,13.129,12.661,12.823,259746.0,182861184.0,7.12,7.21,6.95,7.04,True,科翔股份,False
2024-07-15,12.949,14.137,12.337,13.363,440635.0,323426090.0,7.11,7.77,6.77,7.34,True,科翔股份,False
2024-07-16,13.291,13.597,13.093,13.345,301800.0,221219400.0,7.3,7.47,7.19,7.33,True,科翔股份,False
2024-07-17,13.147,13.183,12.391,12.409,274964.0,187250484.0,7.22,7.24,6.8,6.81,True,科翔股份,False
2024-07-18,12.211,12.247,11.707,12.049,208680.0,137937480.0,6.7,6.72,6.42,6.61,True,科翔股份,False
2024-07-19,12.013,12.607,11.887,12.427,173792.0,118526144.0,6.59,6.92,6.52,6.82,True,科翔股份,False
2024-07-22,12.391,12.733,12.283,12.625,163654.0,113412222.0,6.8,6.99,6.74,6.93,True,科翔股份,False
2024-07-23,12.571,12.877,12.247,12.247,152909.0,102754848.0,6.9,7.07,6.72,6.72,True,科翔股份,False
2024-07-24,12.157,12.463,12.031,12.049,135677.0,89682497.0,6.67,6.84,6.6,6.61,True,科翔股份,False
2024-07-25,11.977,12.211,11.743,12.085,120027.0,79577901.0,6.57,6.7,6.44,6.63,True,科翔股份,False
2024-07-26,11.995,12.319,11.977,12.247,102760.0,69054720.0,6.58,6.76,6.57,6.72,True,科翔股份,False
2024-07-29,12.265,12.481,12.085,12.337,101758.0,68890166.0,6.73,6.85,6.63,6.77,True,科翔股份,False
2024-07-30,12.283,12.553,12.193,12.517,125474.0,86200638.0,6.74,6.89,6.69,6.87,True,科翔股份,False
2024-07-31,12.499,12.805,12.391,12.769,186848.0,130980448.0,6.86,7.03,6.8,7.01,True,科翔股份,False
2024-08-01,12.733,13.039,12.679,12.985,204906.0,146097978.0,6.99,7.16,6.96,7.13,True,科翔股份,False
2024-08-02,12.805,12.913,12.445,12.445,183819.0,125548377.0,7.03,7.09,6.83,6.83,True,科翔股份,False
2024-08-05,12.265,12.409,11.671,11.707,171187.0,109902054.0,6.73,6.81,6.4,6.42,True,科翔股份,False
2024-08-06,11.887,11.977,11.671,11.833,110119.0,71467231.0,6.52,6.57,6.4,6.49,True,科翔股份,False
2024-08-07,11.851,12.157,11.815,12.013,118363.0,78001217.0,6.5,6.67,6.48,6.59,True,科翔股份,False
2024-08-08,11.923,11.995,11.581,11.779,117488.0,75897248.0,6.54,6.58,6.35,6.46,True,科翔股份,False
2024-08-09,11.941,12.121,11.815,11.833,98967.0,64229583.0,6.55,6.65,6.48,6.49,True,科翔股份,False
2024-08-12,11.707,11.869,11.545,11.653,83040.0,53062560.0,6.42,6.51,6.33,6.39,True,科翔股份,False
2024-08-13,11.635,11.977,11.581,11.941,88285.0,57826675.0,6.38,6.57,6.35,6.55,True,科翔股份,False
2024-08-14,11.959,12.175,11.923,12.067,96389.0,63809518.0,6.56,6.68,6.54,6.62,True,科翔股份,False
2024-08-15,12.031,12.355,11.869,12.283,112768.0,76005632.0,6.6,6.78,6.51,6.74,True,科翔股份,False
2024-08-16,12.319,12.589,12.319,12.337,108822.0,73672494.0,6.76,6.91,6.76,6.77,True,科翔股份,False
2024-08-19,12.265,12.373,11.887,11.923,134298.0,87830892.0,6.73,6.79,6.52,6.54,True,科翔股份,False
2024-08-20,11.905,12.049,11.653,11.707,86302.0,55405884.0,6.53,6.61,6.39,6.42,True,科翔股份,False
2024-08-21,11.617,12.049,11.617,11.797,85251.0,55157397.0,6.37,6.61,6.37,6.47,True,科翔股份,False
2024-08-22,11.815,11.923,11.491,11.581,81496.0,51749960.0,6.48,6.54,6.3,6.35,True,科翔股份,False
2024-08-23,11.599,11.707,11.329,11.437,96526.0,60521801.99999999,6.36,6.42,6.21,6.27,True,科翔股份,False
2024-08-26,11.473,11.653,11.401,11.563,69226.0,43889284.0,6.29,6.39,6.25,6.34,True,科翔股份,False
2024-08-27,11.455,11.617,11.185,11.239,89759.0,55291544.0,6.28,6.37,6.13,6.16,True,科翔股份,False
2024-08-28,11.203,11.473,11.131,11.401,86858.0,54286250.0,6.14,6.29,6.1,6.25,True,科翔股份,False
2024-08-29,11.329,11.671,11.257,11.635,72174.0,46047012.0,6.21,6.4,6.17,6.38,True,科翔股份,False
2024-08-30,11.617,12.103,11.617,11.887,105061.0,68499772.0,6.37,6.64,6.37,6.52,True,科翔股份,False
2024-09-02,11.959,12.157,11.815,11.815,108342.0,70205616.0,6.56,6.67,6.48,6.48,True,科翔股份,False
2024-09-03,11.851,12.067,11.761,12.049,77934.0,51514374.0,6.5,6.62,6.45,6.61,True,科翔股份,False
2024-09-04,11.887,11.995,11.725,11.887,77010.0,50210520.0,6.52,6.58,6.43,6.52,True,科翔股份,False
2024-09-05,11.869,12.283,11.851,12.175,97553.0,65165404.0,6.51,6.74,6.5,6.68,True,科翔股份,False
2024-09-06,12.157,12.175,11.797,11.797,78824.0,50999128.0,6.67,6.68,6.47,6.47,True,科翔股份,False
2024-09-09,12.103,12.103,11.545,11.671,78978.0,50545920.0,6.64,6.64,6.33,6.4,True,科翔股份,False
2024-09-10,11.671,12.067,11.545,12.067,91520.0,60586240.0,6.4,6.62,6.33,6.62,True,科翔股份,False
2024-09-11,11.923,12.085,11.887,11.959,60531.0,39708336.0,6.54,6.63,6.52,6.56,True,科翔股份,False
2024-09-12,12.013,12.103,11.833,11.887,60160.0,39224320.0,6.59,6.64,6.49,6.52,True,科翔股份,False
2024-09-13,11.815,11.959,11.545,11.545,63273.0,40051809.0,6.48,6.56,6.33,6.33,True,科翔股份,False
2024-09-18,11.563,11.653,11.077,11.329,76025.0,47211525.0,6.34,6.39,6.07,6.21,True,科翔股份,False
2024-09-19,11.401,11.527,11.293,11.491,70037.0,44123310.0,6.25,6.32,6.19,6.3,True,科翔股份,False
2024-09-20,11.491,11.779,11.419,11.545,82602.0,52287066.0,6.3,6.46,6.26,6.33,True,科翔股份,False
2024-09-23,11.545,11.761,11.383,11.689,63054.0,40417614.0,6.33,6.45,6.24,6.41,True,科翔股份,False
2024-09-24,11.671,11.977,11.473,11.977,107971.0,70936947.0,6.4,6.57,6.29,6.57,True,科翔股份,False
2024-09-25,12.013,12.445,11.977,12.103,151590.0,100655760.0,6.59,6.83,6.57,6.64,True,科翔股份,False
2024-09-26,12.085,12.391,12.031,12.391,104669.0,71174920.0,6.63,6.8,6.6,6.8,True,科翔股份,False
2024-09-27,12.661,13.291,12.499,13.057,198932.0,142634244.0,6.95,7.3,6.86,7.17,True,科翔股份,False
2024-09-30,13.795,15.037,13.327,14.965,333764.0,274687772.0,7.58,8.27,7.32,8.23,True,科翔股份,False
2024-10-08,17.791,17.791,15.631,17.485,460621.0,443578023.00000006,9.8,9.8,8.6,9.63,True,科翔股份,False
2024-10-09,16.531,16.711,14.929,14.929,335240.0,275232040.0,9.1,9.2,8.21,8.21,True,科翔股份,False
2024-10-10,15.217,15.793,14.983,15.073,237421.0,196822009.0,8.37,8.69,8.24,8.29,True,科翔股份,False
2024-10-11,15.037,15.037,13.885,14.101,184761.0,143189775.0,8.27,8.27,7.63,7.75,True,科翔股份,False
2024-10-14,14.119,14.785,14.101,14.767,166381.0,135101372.0,7.76,8.13,7.75,8.12,True,科翔股份,False
2024-10-15,14.731,15.163,14.479,14.551,156495.0,125196000.0,8.1,8.34,7.96,8.0,True,科翔股份,False
2024-10-16,14.191,14.695,14.137,14.317,132867.0,104566329.0,7.8,8.08,7.77,7.87,True,科翔股份,False
2024-10-17,14.515,14.965,14.461,14.569,143188.0,114693588.0,7.98,8.23,7.95,8.01,True,科翔股份,False
2024-10-18,14.767,15.847,14.623,15.469,279955.0,238241705.0,8.12,8.72,8.04,8.51,True,科翔股份,False
2024-10-21,15.685,16.333,15.505,15.883,247623.0,216422502.0,8.63,8.99,8.53,8.74,True,科翔股份,False
2024-10-22,16.189,16.387,15.505,15.757,190018.0,164745606.0,8.91,9.02,8.53,8.67,True,科翔股份,False
2024-10-23,15.577,16.081,15.487,15.613,164909.0,141656831.0,8.57,8.85,8.52,8.59,True,科翔股份,False
2024-10-24,15.487,15.667,15.253,15.523,133254.0,113798916.0,8.52,8.62,8.39,8.54,True,科翔股份,False
2024-10-25,15.595,16.171,15.577,15.991,149728.0,131760640.0,8.58,8.9,8.57,8.8,True,科翔股份,False
2024-10-28,15.991,16.261,15.739,16.117,148982.0,132147034.0,8.8,8.95,8.66,8.87,True,科翔股份,False
2024-10-29,15.991,16.189,15.487,15.541,143506.0,122697630.0,8.8,8.91,8.52,8.55,True,科翔股份,False
2024-10-30,15.415,15.577,14.947,15.253,158312.0,132823768.0,8.48,8.57,8.22,8.39,True,科翔股份,False
2024-10-31,15.217,16.099,15.127,15.937,196038.0,171925326.0,8.37,8.86,8.32,8.77,True,科翔股份,False
2024-11-01,16.099,16.189,14.767,14.821,198825.0,162042375.0,8.86,8.91,8.12,8.15,True,科翔股份,False
2024-11-04,14.767,15.937,14.749,15.685,210620.0,181765060.00000003,8.12,8.77,8.11,8.63,True,科翔股份,False
2024-11-05,15.757,16.081,15.541,16.009,184417.0,162471377.0,8.67,8.85,8.55,8.81,True,科翔股份,False
2024-11-06,15.973,16.405,15.847,16.117,221588.0,196548556.0,8.79,9.03,8.72,8.87,True,科翔股份,False
2024-11-07,16.351,16.783,16.171,16.441,299677.0,271207685.0,9.0,9.24,8.9,9.05,True,科翔股份,False
2024-11-08,16.567,16.981,16.477,16.675,266097.0,244277046.0,9.12,9.35,9.07,9.18,True,科翔股份,False
2024-11-11,16.657,17.917,16.585,17.701,361216.0,352185600.0,9.17,9.87,9.13,9.75,True,科翔股份,False
2024-11-12,17.701,17.701,16.873,16.999,264870.0,247918320.0,9.75,9.75,9.29,9.36,True,科翔股份,False
2024-11-13,16.891,17.197,16.369,16.909,164091.0,152768721.0,9.3,9.47,9.01,9.31,True,科翔股份,False
2024-11-14,16.819,16.891,16.189,16.243,128194.0,114605436.0,9.26,9.3,8.91,8.94,True,科翔股份,False
2024-11-15,16.171,16.531,15.811,15.865,133155.0,116244315.0,8.9,9.1,8.7,8.73,True,科翔股份,False
2024-11-18,15.937,16.567,15.163,15.451,171042.0,145385700.0,8.77,9.12,8.34,8.5,True,科翔股份,False
2024-11-19,15.487,16.063,15.307,16.063,131378.0,116138152.0,8.52,8.84,8.42,8.84,True,科翔股份,False
2024-11-20,15.955,16.531,15.955,16.369,125240.0,112841240.0,8.78,9.1,8.78,9.01,True,科翔股份,False
2024-11-21,16.279,16.477,15.919,16.225,110048.0,98272864.0,8.96,9.07,8.76,8.93,True,科翔股份,False
2024-11-22,16.135,16.441,15.307,15.361,140776.0,118955720.0,8.88,9.05,8.42,8.45,True,科翔股份,False
2024-11-25,15.577,15.793,15.145,15.793,124750.0,108407750.0,8.57,8.69,8.33,8.69,True,科翔股份,False
2024-11-26,15.991,16.891,15.937,16.045,242472.0,214102776.0,8.8,9.3,8.77,8.83,True,科翔股份,False
2024-11-27,15.901,16.153,15.271,16.135,168987.0,150060456.0,8.75,8.89,8.4,8.88,True,科翔股份,False
2024-11-28,16.135,16.675,16.045,16.171,156022.0,138859580.0,8.88,9.18,8.83,8.9,True,科翔股份,False
2024-11-29,16.171,16.819,15.865,16.819,243956.0,225903256.0,8.9,9.26,8.73,9.26,True,科翔股份,False
2024-12-02,16.819,16.963,16.567,16.693,197113.0,181146847.0,9.26,9.34,9.12,9.19,True,科翔股份,False
2024-12-03,16.657,16.963,16.423,16.711,167853.0,154424760.0,9.17,9.34,9.04,9.2,True,科翔股份,False
2024-12-04,16.819,16.963,16.261,16.387,144880.0,130681760.0,9.26,9.34,8.95,9.02,True,科翔股份,False
2024-12-05,16.333,16.963,16.135,16.837,170262.0,157832874.0,8.99,9.34,8.88,9.27,True,科翔股份,False
2024-12-06,16.837,16.981,16.585,16.711,156236.0,143737120.0,9.27,9.35,9.13,9.2,True,科翔股份,False
2024-12-09,16.675,16.783,16.333,16.549,105811.0,96393821.0,9.18,9.24,8.99,9.11,True,科翔股份,False
2024-12-10,17.107,17.179,16.693,16.711,201627.0,185496840.0,9.42,9.46,9.19,9.2,True,科翔股份,False
2024-12-11,16.711,17.053,16.675,16.927,136565.0,127278580.0,9.2,9.39,9.18,9.32,True,科翔股份,False
2024-12-12,17.017,17.197,16.657,16.927,139104.0,129644928.0,9.37,9.47,9.17,9.32,True,科翔股份,False
2024-12-13,16.747,16.909,16.459,16.513,111323.0,101192607.0,9.22,9.31,9.06,9.09,True,科翔股份,False
2024-12-16,16.549,17.107,16.405,16.549,149638.0,136320218.0,9.11,9.42,9.03,9.11,True,科翔股份,False
2024-12-17,16.441,17.935,16.225,16.801,460981.0,426407425.0,9.05,9.88,8.93,9.25,True,科翔股份,False
2024-12-18,17.071,19.735,16.801,18.475,722961.0,735974298.0,9.4,10.88,9.25,10.18,True,科翔股份,False
2024-12-19,17.791,18.421,17.575,18.133,484925.0,484440075.0,9.8,10.15,9.68,9.99,True,科翔股份,False
2024-12-20,18.079,18.997,18.025,18.403,481326.0,488064564.0,9.96,10.47,9.93,10.14,True,科翔股份,False
2024-12-23,18.295,18.601,16.711,17.035,394241.0,369798058.00000006,10.08,10.25,9.2,9.38,True,科翔股份,False
2024-12-24,16.909,17.251,15.901,16.459,343805.0,311487330.0,9.31,9.5,8.75,9.06,True,科翔股份,False
2024-12-25,16.297,16.315,15.109,15.559,260945.0,223368920.0,8.97,8.98,8.31,8.56,True,科翔股份,False
2024-12-26,15.487,16.081,15.271,15.883,193437.0,169063938.0,8.52,8.85,8.4,8.74,True,科翔股份,False
2024-12-27,15.883,16.351,15.595,15.649,190794.0,164273634.0,8.74,9.0,8.58,8.61,True,科翔股份,False
2024-12-30,15.523,16.099,14.839,15.541,198793.0,169968015.0,8.54,8.86,8.16,8.55,True,科翔股份,False
2024-12-31,15.631,15.631,14.533,14.533,187944.0,150167256.0,8.6,8.6,7.99,7.99,True,科翔股份,False
2025-01-02,14.515,14.893,14.083,14.263,133830.0,104922720.0,7.98,8.19,7.74,7.84,True,科翔股份,False
2025-01-03,14.299,14.461,13.237,13.327,161642.0,118321944.0,7.86,7.95,7.27,7.32,True,科翔股份,False
2025-01-06,13.291,13.597,12.769,13.273,116771.0,85126059.0,7.3,7.47,7.01,7.29,True,科翔股份,False
2025-01-07,13.363,14.281,13.291,14.263,165627.0,129851568.0,7.34,7.85,7.3,7.84,True,科翔股份,False
2025-01-08,14.083,14.227,13.543,14.047,132141.0,102012852.0,7.74,7.82,7.44,7.72,True,科翔股份,False
2025-01-09,13.939,14.983,13.939,14.515,196351.0,156688098.0,7.66,8.24,7.66,7.98,True,科翔股份,False
2025-01-10,14.371,14.605,13.777,13.795,133046.0,100848868.0,7.9,8.03,7.57,7.58,True,科翔股份,False
2025-01-13,13.615,13.723,13.147,13.651,104279.0,78209250.0,7.48,7.54,7.22,7.5,True,科翔股份,False
2025-01-14,13.741,14.515,13.741,14.515,124517.0,99364566.0,7.55,7.98,7.55,7.98,True,科翔股份,False
2025-01-15,14.623,14.731,14.191,14.263,93150.0,73029600.0,8.04,8.1,7.8,7.84,True,科翔股份,False
2025-01-16,14.443,14.677,14.173,14.443,122719.0,97438886.0,7.94,8.07,7.79,7.94,True,科翔股份,False
2025-01-17,14.371,14.821,14.353,14.641,141860.0,114197300.0,7.9,8.15,7.89,8.05,True,科翔股份,False
2025-01-20,14.767,14.929,14.569,14.803,121142.0,98609588.0,8.12,8.21,8.01,8.14,True,科翔股份,False
2025-01-21,14.605,14.749,14.173,14.479,148786.0,118433656.0,8.03,8.11,7.79,7.96,True,科翔股份,False
2025-01-22,14.425,14.911,14.281,14.443,122015.0,96879910.0,7.93,8.2,7.85,7.94,True,科翔股份,False
2025-01-23,14.641,14.893,14.245,14.245,125154.0,97995582.0,8.05,8.19,7.83,7.83,True,科翔股份,False
2025-01-24,14.281,14.659,14.245,14.587,98818.0,79252036.0,7.85,8.06,7.83,8.02,True,科翔股份,False
2025-01-27,14.587,14.821,13.903,13.939,122810.0,94072460.0,8.02,8.15,7.64,7.66,True,科翔股份,False
2025-02-05,14.119,14.569,14.047,14.533,117989.0,94273211.0,7.76,8.01,7.72,7.99,True,科翔股份,False
2025-02-06,14.551,14.947,14.425,14.893,134186.0,109898334.0,8.0,8.22,7.93,8.19,True,科翔股份,False
2025-02-07,14.875,15.163,14.695,14.929,144070.0,118281470.0,8.18,8.34,8.08,8.21,True,科翔股份,False
2025-02-10,14.983,15.217,14.911,15.217,124209.0,103962933.0,8.24,8.37,8.2,8.37,True,科翔股份,False
2025-02-11,15.199,15.217,14.911,15.091,91933.0,76304390.0,8.36,8.37,8.2,8.3,True,科翔股份,False
2025-02-12,15.055,15.217,14.965,15.217,102718.0,85974965.99999999,8.28,8.37,8.23,8.37,True,科翔股份,False
2025-02-13,15.199,15.199,14.875,14.965,103709.0,85352507.0,8.36,8.36,8.18,8.23,True,科翔股份,False
2025-02-14,14.929,15.127,14.767,14.839,86850.0,70869600.0,8.21,8.32,8.12,8.16,True,科翔股份,False
2025-02-17,14.893,15.487,14.893,15.469,176614.0,150298514.0,8.19,8.52,8.19,8.51,True,科翔股份,False
2025-02-18,15.469,15.685,14.821,14.857,162927.0,133111359.0,8.51,8.63,8.15,8.17,True,科翔股份,False
2025-02-19,14.893,15.397,14.893,15.397,128181.0,108569307.0,8.19,8.47,8.19,8.47,True,科翔股份,False
2025-02-20,15.361,15.613,15.253,15.559,121259.0,103797704.0,8.45,8.59,8.39,8.56,True,科翔股份,False
2025-02-21,15.595,16.261,15.361,16.099,264576.0,234414336.0,8.58,8.95,8.45,8.86,True,科翔股份,False
2025-02-24,16.099,16.099,15.685,15.919,183434.0,160688184.0,8.86,8.86,8.63,8.76,True,科翔股份,False
2025-02-25,15.775,16.099,15.631,15.829,135918.0,118384578.0,8.68,8.86,8.6,8.71,True,科翔股份,False
2025-02-26,15.883,16.171,15.757,16.117,175068.0,155285316.0,8.74,8.9,8.67,8.87,True,科翔股份,False
2025-02-27,16.135,16.261,15.559,15.865,159264.0,139037472.0,8.88,8.95,8.56,8.73,True,科翔股份,False
2025-02-28,15.775,15.847,14.821,14.893,174696.0,143076024.0,8.68,8.72,8.15,8.19,True,科翔股份,False
2025-03-03,14.947,15.487,14.731,14.983,137314.0,113146736.0,8.22,8.52,8.1,8.24,True,科翔股份,False
2025-03-04,14.911,15.379,14.821,15.361,105628.0,89255659.99999999,8.2,8.46,8.15,8.45,True,科翔股份,False
2025-03-05,15.343,15.721,15.109,15.649,132171.0,113799231.0,8.44,8.65,8.31,8.61,True,科翔股份,False
2025-03-06,15.703,16.153,15.703,15.991,197872.0,174127360.0,8.64,8.89,8.64,8.8,True,科翔股份,False
2025-03-07,15.991,16.045,15.505,15.631,127668.0,109794480.0,8.8,8.83,8.53,8.6,True,科翔股份,False
2025-03-10,15.649,16.045,15.649,15.937,128606.0,112787462.0,8.61,8.83,8.61,8.77,True,科翔股份,False
2025-03-11,15.757,16.675,15.685,16.279,262203.0,234933888.00000003,8.67,9.18,8.63,8.96,True,科翔股份,False
2025-03-12,16.297,16.405,16.117,16.279,173081.0,155080576.0,8.97,9.03,8.87,8.96,True,科翔股份,False
2025-03-13,16.189,16.261,15.685,15.973,127184.0,111794736.0,8.91,8.95,8.63,8.79,True,科翔股份,False
2025-03-14,15.901,16.333,15.631,16.135,160073.0,142144824.0,8.75,8.99,8.6,8.88,True,科翔股份,False
2025-03-17,16.171,16.279,15.991,16.207,113419.0,101169748.0,8.9,8.96,8.8,8.92,True,科翔股份,False
2025-03-18,16.261,16.603,16.261,16.387,138867.0,125258034.0,8.95,9.14,8.95,9.02,True,科翔股份,False
2025-03-19,16.351,16.441,15.991,16.081,141232.0,124990320.0,9.0,9.05,8.8,8.85,True,科翔股份,False
2025-03-20,16.135,16.153,15.937,15.955,96334.0,84581252.0,8.88,8.89,8.77,8.78,True,科翔股份,False
2025-03-21,15.955,16.063,15.433,15.541,141774.0,121216770.0,8.78,8.84,8.49,8.55,True,科翔股份,False
2025-03-24,15.541,15.631,14.443,14.839,158973.0,129721968.0,8.55,8.6,7.94,8.16,True,科翔股份,False
2025-03-25,14.857,14.857,14.353,14.515,105489.0,84180222.0,8.17,8.17,7.89,7.98,True,科翔股份,False
2025-03-26,14.515,14.875,14.497,14.749,98553.0,79926483.0,7.98,8.18,7.97,8.11,True,科翔股份,False
2025-03-27,14.677,14.803,14.299,14.623,85802.0,68984808.0,8.07,8.14,7.86,8.04,True,科翔股份,False
2025-03-28,14.659,14.839,14.227,14.227,93389.0,73030198.0,8.06,8.16,7.82,7.82,True,科翔股份,False
2025-03-31,14.083,14.425,13.993,14.263,106423.0,83435632.0,7.74,7.93,7.69,7.84,True,科翔股份,False
2025-04-01,14.371,14.641,14.245,14.263,90515.0,70963760.0,7.9,8.05,7.83,7.84,True,科翔股份,False
2025-04-02,14.317,14.515,14.209,14.281,57613.0,45226205.0,7.87,7.98,7.81,7.85,True,科翔股份,False
2025-04-03,14.209,14.425,13.993,14.101,83357.0,64601675.0,7.81,7.93,7.69,7.75,True,科翔股份,False
2025-04-07,12.949,13.075,11.311,11.311,209963.0,130177060.0,7.11,7.18,6.2,6.2,True,科翔股份,False
2025-04-08,11.419,12.067,11.329,11.653,152011.0,97135029.0,6.26,6.62,6.21,6.39,True,科翔股份,False
2025-04-09,11.347,12.121,10.609,12.031,165376.0,109148160.0,6.22,6.65,5.81,6.6,True,科翔股份,False
2025-04-10,12.355,12.679,12.301,12.355,111169.0,75372582.0,6.78,6.96,6.75,6.78,True,科翔股份,False
2025-04-11,12.319,12.769,12.139,12.535,93494.0,64323872.0,6.76,7.01,6.66,6.88,True,科翔股份,False
2025-04-14,12.913,13.093,12.715,12.823,87241.0,61417664.0,7.09,7.19,6.98,7.04,True,科翔股份,False
2025-04-15,12.895,12.931,12.661,12.841,67601.0,47658705.0,7.08,7.1,6.95,7.05,True,科翔股份,False
2025-04-16,12.769,12.841,12.265,12.535,75854.0,52187552.0,7.01,7.05,6.73,6.88,True,科翔股份,False
2025-04-17,12.535,12.877,12.427,12.571,58771.0,40551990.0,6.88,7.07,6.82,6.9,True,科翔股份,False
2025-04-18,12.553,12.859,12.355,12.679,76187.0,53026152.0,6.89,7.06,6.78,6.96,True,科翔股份,False
2025-04-21,12.643,12.859,12.571,12.787,63147.0,44329194.0,6.94,7.06,6.9,7.02,True,科翔股份,False
2025-04-22,12.787,12.877,12.643,12.733,55517.0,38806383.0,7.02,7.07,6.94,6.99,True,科翔股份,False
2025-04-23,12.769,13.075,12.769,13.057,74939.0,53731263.0,7.01,7.18,7.01,7.17,True,科翔股份,False
2025-04-24,13.021,13.471,12.877,13.291,150592.0,109932160.0,7.15,7.4,7.07,7.3,True,科翔股份,False
2025-04-25,13.255,13.291,12.715,12.967,156199.0,111213688.0,7.28,7.3,6.98,7.12,True,科翔股份,False
2025-04-28,12.985,13.219,12.985,13.111,96761.0,69667920.0,7.13,7.26,7.13,7.2,True,科翔股份,False
2025-04-29,13.021,13.561,13.021,13.399,77737.0,57214432.0,7.15,7.45,7.15,7.36,True,科翔股份,False
2025-04-30,13.399,13.723,13.363,13.597,61223.0,45733581.0,7.36,7.54,7.34,7.47,True,科翔股份,False
2025-05-06,13.705,14.155,13.705,14.119,84593.0,65644168.0,7.53,7.78,7.53,7.76,True,科翔股份,False
2025-05-07,14.209,14.353,14.065,14.191,73386.0,57241080.0,7.81,7.89,7.73,7.8,True,科翔股份,False
2025-05-08,14.191,14.767,14.101,14.713,107280.0,86789520.0,7.8,8.12,7.75,8.09,True,科翔股份,False
2025-05-09,14.605,14.713,14.371,14.515,75586.0,60317628.0,8.03,8.09,7.9,7.98,True,科翔股份,False
2025-05-12,14.533,14.785,14.533,14.695,75184.0,60748672.0,7.99,8.13,7.99,8.08,True,科翔股份,False
2025-05-13,14.839,14.911,14.569,14.605,56404.0,45292412.0,8.16,8.2,8.01,8.03,True,科翔股份,False
2025-05-14,14.569,14.713,14.443,14.551,67634.0,54107200.0,8.01,8.09,7.94,8.0,True,科翔股份,False
2025-05-15,14.515,14.695,14.335,14.407,59751.0,47322792.0,7.98,8.08,7.88,7.92,True,科翔股份,False
2025-05-16,14.389,14.605,14.335,14.515,61040.0,48709920.0,7.91,8.03,7.88,7.98,True,科翔股份,False
2025-05-19,14.605,14.677,14.317,14.677,61427.0,49571589.0,8.03,8.07,7.87,8.07,True,科翔股份,False
2025-05-20,14.677,14.731,14.479,14.731,51833.0,41984730.0,8.07,8.1,7.96,8.1,True,科翔股份,False
2025-05-21,14.641,14.695,14.425,14.605,52695.0,42314085.0,8.05,8.08,7.93,8.03,True,科翔股份,False
2025-05-22,14.461,14.803,14.407,14.443,67945.0,53948330.0,7.95,8.14,7.92,7.94,True,科翔股份,False
2025-05-23,14.371,14.533,14.101,14.155,62037.0,48264786.0,7.9,7.99,7.75,7.78,True,科翔股份,False
2025-05-26,14.065,14.515,14.065,14.389,54016.0,42726656.0,7.73,7.98,7.73,7.91,True,科翔股份,False
2025-05-27,14.371,14.569,14.227,14.353,61836.0,48788604.0,7.9,8.01,7.82,7.89,True,科翔股份,False
2025-05-28,14.353,14.497,14.191,14.263,48327.0,37888368.0,7.89,7.97,7.8,7.84,True,科翔股份,False
2025-05-29,14.191,14.623,14.191,14.623,79416.0,63850463.99999999,7.8,8.04,7.8,8.04,True,科翔股份,False
2025-05-30,14.515,14.587,14.155,14.191,62473.0,48728940.0,7.98,8.02,7.78,7.8,True,科翔股份,False
2025-06-03,14.245,14.461,14.155,14.245,59518.0,46602594.0,7.83,7.95,7.78,7.83,True,科翔股份,False
2025-06-04,14.245,14.569,14.245,14.497,55703.0,44395291.0,7.83,8.01,7.83,7.97,True,科翔股份,False
2025-06-05,14.515,14.821,14.371,14.803,87801.0,71470014.0,7.98,8.15,7.9,8.14,True,科翔股份,False
2025-06-06,14.731,14.875,14.695,14.839,66518.0,54278688.0,8.1,8.18,8.08,8.16,True,科翔股份,False
2025-06-09,14.911,15.073,14.839,14.929,52199.0,42855379.00000001,8.2,8.29,8.16,8.21,True,科翔股份,False
2025-06-10,15.019,15.055,14.623,14.839,78220.0,63827520.0,8.26,8.28,8.04,8.16,True,科翔股份,False
2025-06-11,14.893,15.073,14.749,14.929,57757.0,47418497.00000001,8.19,8.29,8.11,8.21,True,科翔股份,False
2025-06-12,14.983,15.037,14.731,14.911,46719.0,38309580.0,8.24,8.27,8.1,8.2,True,科翔股份,False
2025-06-13,14.821,14.911,14.587,14.641,66494.0,53527670.00000001,8.15,8.2,8.02,8.05,True,科翔股份,False
2025-06-16,14.641,17.431,14.605,16.495,612780.0,556404240.0,8.05,9.6,8.03,9.08,True,科翔股份,False
2025-06-17,16.837,16.981,15.793,16.099,525849.0,465902214.0,9.27,9.35,8.69,8.86,True,科翔股份,False
2025-06-18,16.027,19.285,15.847,19.285,1041662.0,1107286706.0,8.82,10.63,8.72,10.63,True,科翔股份,False
2025-06-19,19.951,21.571,19.051,19.249,1364474.0,1447706914.0,11.0,11.9,10.5,10.61,True,科翔股份,False
2025-06-20,18.835,20.311,18.331,19.825,941078.0,1028598254.0,10.38,11.2,10.1,10.93,True,科翔股份,False
2025-06-23,18.295,19.933,17.809,19.591,836752.0,903692160.0,10.08,10.99,9.81,10.8,True,科翔股份,False
2025-06-24,19.375,20.833,18.727,20.311,1026303.0,1149459360.0,10.68,11.49,10.32,11.2,True,科翔股份,False
2025-06-25,19.951,19.951,18.925,19.105,681507.0,717626871.0,11.0,11.0,10.43,10.53,True,科翔股份,False
2025-06-26,19.537,22.651,19.357,19.861,1076495.0,1178762025.0,10.77,12.5,10.67,10.95,True,科翔股份,False
2025-06-27,19.249,21.373,19.087,21.031,994320.0,1153411200.0,10.61,11.79,10.52,11.6,True,科翔股份,False
2025-06-30,20.275,21.391,20.131,21.049,790217.0,917441937.0,11.18,11.8,11.1,11.61,True,科翔股份,False
2025-07-01,20.851,20.851,19.969,20.221,535906.0,597535190.0,11.5,11.5,11.01,11.15,True,科翔股份,False
2025-07-02,19.699,19.699,18.475,18.655,552408.0,567875424.0,10.86,10.86,10.18,10.28,True,科翔股份,False
2025-07-03,18.727,19.717,18.655,19.537,539144.0,580658088.0,10.32,10.87,10.28,10.77,True,科翔股份,False
2025-07-04,19.807,20.095,19.357,19.465,532546.0,571421858.0,10.92,11.08,10.67,10.73,True,科翔股份,False
2025-07-07,19.303,19.771,19.051,19.105,356346.0,375232338.0,10.64,10.9,10.5,10.53,True,科翔股份,False
2025-07-08,19.807,20.491,19.591,20.293,723697.0,809816943.0,10.92,11.3,10.8,11.19,True,科翔股份,False
2025-07-09,20.347,21.301,20.023,20.131,739465.0,820806150.0,11.22,11.75,11.04,11.1,True,科翔股份,False
2025-07-10,19.969,20.455,19.339,19.465,445857.0,478404561.0,11.01,11.28,10.66,10.73,True,科翔股份,False
2025-07-11,19.951,20.131,18.781,19.123,413479.0,435806866.0,11.0,11.1,10.35,10.54,True,科翔股份,False
2025-07-14,19.033,19.375,18.799,19.159,226295.0,238967520.0,10.49,10.68,10.36,10.56,True,科翔股份,False
2025-07-15,19.069,20.257,18.799,18.907,433255.0,451451710.0,10.51,11.17,10.36,10.42,True,科翔股份,False
2025-07-16,18.583,19.231,18.547,18.781,281291.0,291136185.0,10.24,10.6,10.22,10.35,True,科翔股份,False
2025-07-17,18.907,20.131,18.691,19.753,475154.0,517442706.0,10.42,11.1,10.3,10.89,True,科翔股份,False
2025-07-18,20.041,22.615,19.915,20.545,802723.0,909485159.0,11.05,12.48,10.98,11.33,True,科翔股份,False
2025-07-21,20.779,21.031,19.879,20.401,511317.0,575231625.0,11.46,11.6,10.96,11.25,True,科翔股份,False
2025-07-22,20.329,20.743,19.681,19.807,423439.0,462395388.0,11.21,11.44,10.85,10.92,True,科翔股份,False
2025-07-23,19.699,19.843,19.321,19.537,231697.0,249537669.0,10.86,10.94,10.65,10.77,True,科翔股份,False
2025-07-24,19.591,19.987,19.285,19.591,298849.0,322756920.0,10.8,11.02,10.63,10.8,True,科翔股份,False
2025-07-25,19.681,19.807,19.123,19.285,233882.0,248616566.00000003,10.85,10.92,10.54,10.63,True,科翔股份,False
2025-07-28,19.411,22.363,19.339,21.625,841512.0,1003923816.0,10.7,12.34,10.66,11.93,True,科翔股份,False
2025-07-29,21.589,22.255,21.301,22.165,679621.0,831176483.0,11.91,12.28,11.75,12.23,True,科翔股份,False
2025-07-30,22.147,22.345,21.481,21.823,406145.0,488998580.0,12.22,12.33,11.85,12.04,True,科翔股份,False
2025-07-31,22.201,23.155,21.481,21.589,617629.0,735596139.0,12.25,12.78,11.85,11.91,True,科翔股份,False
2025-08-01,21.319,21.985,20.887,21.085,391833.0,455701779.00000006,11.76,12.13,11.52,11.63,True,科翔股份,False
2025-08-04,21.121,21.301,20.653,21.103,287384.0,334514976.0,11.65,11.75,11.39,11.64,True,科翔股份,False
2025-08-05,21.391,21.823,20.851,21.571,386128.0,459492320.0,11.8,12.04,11.5,11.9,True,科翔股份,False
2025-08-06,21.391,22.975,21.229,22.795,622950.0,783671100.0,11.8,12.68,11.71,12.58,True,科翔股份,False
2025-08-07,23.461,25.603,23.137,23.551,828511.0,1077064300.0,12.95,14.14,12.77,13.0,True,科翔股份,False
2025-08-08,23.047,23.515,22.417,22.489,497925.0,617924925.0,12.72,12.98,12.37,12.41,True,科翔股份,False
2025-08-11,22.471,23.299,22.291,22.759,398709.0,500778504.0,12.4,12.86,12.3,12.56,True,科翔股份,False
2025-08-12,22.759,22.921,22.201,22.507,332358.0,412788636.0,12.56,12.65,12.25,12.42,True,科翔股份,False
2025-08-13,22.507,22.741,22.273,22.561,313200.0,389934000.0,12.42,12.55,12.29,12.45,True,科翔股份,False
2025-08-14,22.381,22.543,21.409,21.427,365256.0,431732592.0,12.35,12.44,11.81,11.82,True,科翔股份,False
2025-08-15,22.273,23.173,21.967,22.093,674600.0,822337400.0,12.29,12.79,12.12,12.19,True,科翔股份,False
2025-08-18,21.967,22.723,21.787,22.597,528952.0,659603144.0,12.12,12.54,12.02,12.47,True,科翔股份,False
2025-08-19,22.489,22.705,22.021,22.471,387503.0,480503720.0,12.41,12.53,12.15,12.4,True,科翔股份,False
2025-08-20,22.309,22.363,21.751,22.057,270889.0,329671913.0,12.31,12.34,12.0,12.17,True,科翔股份,False
2025-08-21,22.057,22.075,21.031,21.589,327489.0,390039399.0,12.17,12.18,11.6,11.91,True,科翔股份,False
2025-08-22,21.409,21.751,21.211,21.517,239196.0,283925652.0,11.81,12.0,11.7,11.87,True,科翔股份,False
2025-08-25,21.697,22.003,21.355,21.625,287733.0,343265469.0,11.97,12.14,11.78,11.93,True,科翔股份,False
2025-08-26,21.445,22.255,21.229,21.715,299769.0,359123262.0,11.83,12.28,11.71,11.98,True,科翔股份,False
2025-08-27,21.517,21.895,20.599,20.617,318596.0,362243652.0,11.87,12.08,11.36,11.37,True,科翔股份,False
2025-08-28,20.491,21.517,20.329,21.517,305438.0,362554906.0,11.3,11.87,11.21,11.87,True,科翔股份,False
2025-08-29,21.121,21.247,20.401,20.905,289415.0,333695495.0,11.65,11.72,11.25,11.53,True,科翔股份,False
2025-09-01,20.887,21.139,20.545,20.617,206975.0,235330575.0,11.52,11.66,11.33,11.37,True,科翔股份,False
2025-09-02,20.581,20.689,19.429,19.645,274712.0,297513096.0,11.35,11.41,10.71,10.83,True,科翔股份,False
2025-09-03,19.663,19.789,18.997,19.177,170901.0,180642357.0,10.84,10.91,10.47,10.57,True,科翔股份,False
2025-09-04,19.267,19.897,18.691,18.979,211245.0,220962270.00000003,10.62,10.97,10.3,10.46,True,科翔股份,False
2025-09-05,19.159,19.897,19.051,19.789,198500.0,216563500.0,10.56,10.97,10.5,10.91,True,科翔股份,False
2025-09-08,19.717,21.733,19.681,21.697,521043.0,623688471.0,10.87,11.99,10.85,11.97,True,科翔股份,False
2025-09-09,21.463,21.715,20.797,21.103,307766.0,358239624.0,11.84,11.98,11.47,11.64,True,科翔股份,False
2025-09-10,21.157,21.715,20.923,21.391,273112.0,322272160.0,11.67,11.98,11.54,11.8,True,科翔股份,False
2025-09-11,21.211,22.075,21.067,21.859,426629.0,514514574.0,11.7,12.18,11.62,12.06,True,科翔股份,False
2025-09-12,21.625,22.021,21.229,21.733,349373.0,418898227.0,11.93,12.15,11.71,11.99,True,科翔股份,False
2025-09-15,21.787,23.425,21.463,23.191,603690.0,772723200.0,12.02,12.93,11.84,12.8,True,科翔股份,False
2025-09-16,23.011,23.677,22.669,23.119,402656.0,513789056.0,12.7,13.07,12.51,12.76,True,科翔股份,False
2025-09-17,22.993,24.235,22.939,23.677,444758.0,581298706.0,12.69,13.38,12.66,13.07,True,科翔股份,False
2025-09-18,23.677,23.983,22.795,23.119,383977.0,489954652.0,13.07,13.24,12.58,12.76,True,科翔股份,False
2025-09-19,23.119,23.515,22.597,22.741,283971.0,356383605.0,12.76,12.98,12.47,12.55,True,科翔股份,False
2025-09-22,22.741,24.613,22.597,24.181,434756.0,580399260.0,12.55,13.59,12.47,13.35,True,科翔股份,False
2025-09-23,24.271,24.415,23.065,23.641,347406.0,453364830.0,13.4,13.48,12.73,13.05,True,科翔股份,False
2025-09-24,23.479,23.821,22.939,23.785,243020.0,319085260.0,12.96,13.15,12.66,13.13,True,科翔股份,False
2025-09-25,23.515,24.019,23.191,23.227,214106.0,274483892.0,12.98,13.26,12.8,12.82,True,科翔股份,False
2025-09-26,23.119,23.497,22.687,22.687,191667.0,239967084.0,12.76,12.97,12.52,12.52,True,科翔股份,False
2025-09-29,22.651,23.551,22.615,23.299,188425.0,242314550.0,12.5,13.0,12.48,12.86,True,科翔股份,False
2025-09-30,23.551,23.893,23.101,23.461,216116.0,279870220.0,13.0,13.19,12.75,12.95,True,科翔股份,False
2025-10-09,23.875,25.333,23.875,24.343,367616.0,494075904.0,13.18,13.99,13.18,13.44,True,科翔股份,False
2025-10-10,24.271,24.271,22.921,23.641,247656.0,323191080.0,13.4,13.4,12.65,13.05,True,科翔股份,False
2025-10-13,22.291,25.243,21.607,24.721,426123.0,581657895.0,12.3,13.94,11.92,13.65,True,科翔股份,False
2025-10-14,24.955,25.333,24.109,24.235,307414.0,411319932.0,13.78,13.99,13.31,13.38,True,科翔股份,False
2025-10-15,24.109,24.253,23.227,23.893,214953.0,283523007.0,13.31,13.39,12.82,13.19,True,科翔股份,False
2025-10-16,23.911,24.253,23.479,23.659,189403.0,247360318.0,13.2,13.39,12.96,13.06,True,科翔股份,False
2025-10-17,23.479,23.515,21.895,21.967,247552.0,300033024.0,12.96,12.98,12.08,12.12,True,科翔股份,False
2025-10-20,22.561,23.263,22.363,22.669,242591.0,303481341.0,12.45,12.84,12.34,12.51,True,科翔股份,False
2025-10-21,22.921,23.479,22.741,23.137,195279.0,249371283.0,12.65,12.96,12.55,12.77,True,科翔股份,False
2025-10-22,23.173,23.173,22.309,22.543,135667.0,168769748.0,12.79,12.79,12.31,12.44,True,科翔股份,False
2025-10-23,22.435,22.759,21.751,22.291,128525.0,158085750.0,12.38,12.56,12.0,12.3,True,科翔股份,False
2025-10-24,22.471,26.719,22.471,26.719,542966.0,801417816.0,12.4,14.76,12.4,14.76,True,科翔股份,False
2025-10-27,27.727,28.141,26.431,27.331,832989.0,1257813390.0,15.32,15.55,14.6,15.1,True,科翔股份,False
2025-10-28,26.917,29.311,26.611,28.555,729507.0,1151162046.0,14.87,16.2,14.7,15.78,True,科翔股份,False
2025-10-29,28.987,30.049,27.673,28.015,565251.0,875008548.0,16.02,16.61,15.29,15.48,True,科翔股份,False
2025-10-30,27.511,27.745,26.611,26.863,446045.0,661930780.0,15.2,15.33,14.7,14.84,True,科翔股份,False
2025-10-31,27.115,27.187,26.125,26.395,268200.0,391035600.0,14.98,15.02,14.43,14.58,True,科翔股份,False
2025-11-03,26.269,26.449,25.639,26.395,267127.0,389471166.0,14.51,14.61,14.16,14.58,True,科翔股份,False
2025-11-04,26.395,30.589,26.161,28.771,813136.0,1292886240.0,14.58,16.91,14.45,15.9,True,科翔股份,False
2025-11-05,28.447,30.445,28.195,29.617,657685.0,1076630345.0,15.72,16.83,15.58,16.37,True,科翔股份,False
2025-11-06,30.085,31.255,29.131,30.661,649749.0,1101324555.0,16.63,17.28,16.1,16.95,True,科翔股份,False
2025-11-07,30.121,31.561,29.329,31.237,608582.0,1051021114.0,16.65,17.45,16.21,17.27,True,科翔股份,False
2025-11-10,31.489,33.451,30.085,30.787,582909.0,992111118.0,17.41,18.5,16.63,17.02,True,科翔股份,False
2025-11-11,31.165,32.533,30.607,31.867,523829.0,922986698.0,17.23,17.99,16.92,17.62,True,科翔股份,False
2025-11-12,31.597,38.203,31.201,38.203,983632.0,2079398048.0,17.47,21.14,17.25,21.14,True,科翔股份,False
2025-11-13,38.401,41.965,38.005,38.545,1165889.0,2486841237.0,21.25,23.23,21.03,21.33,True,科翔股份,False
2025-11-14,37.645,37.933,34.675,34.729,754679.0,1449738359.0,20.83,20.99,19.18,19.21,True,科翔股份,False
2025-11-17,34.459,35.467,34.045,34.441,428310.0,815930550.0,19.06,19.62,18.83,19.05,True,科翔股份,False
2025-11-18,34.225,34.459,33.307,33.577,355151.0,659515407.0,18.93,19.06,18.42,18.57,True,科翔股份,False
2025-11-19,33.397,33.649,32.083,32.443,289181.0,518790714.00000006,18.47,18.61,17.74,17.94,True,科翔股份,False
2025-11-20,33.001,33.271,31.237,31.561,269100.0,469579500.0,18.25,18.4,17.27,17.45,True,科翔股份,False
2025-11-21,30.661,31.111,29.113,29.149,300485.0,484081335.0,16.95,17.2,16.09,16.11,True,科翔股份,False
2025-11-24,29.815,30.931,29.491,30.049,314779.0,522847919.0,16.48,17.1,16.3,16.61,True,科翔股份,False
2025-11-25,30.661,30.733,29.689,29.797,295212.0,486214164.0,16.95,16.99,16.41,16.47,True,科翔股份,False
2025-11-26,29.689,30.193,29.239,29.401,217830.0,353973750.0,16.41,16.69,16.16,16.25,True,科翔股份,False
2025-11-27,29.311,30.463,29.275,29.419,213942.0,347869692.00000006,16.2,16.84,16.18,16.26,True,科翔股份,False
2025-11-28,29.023,30.877,29.023,30.571,406394.0,686805860.0,16.04,17.07,16.04,16.9,True,科翔股份,False
2025-12-01,33.001,36.655,32.551,36.655,404781.0,820895868.0,18.25,20.28,18.0,20.28,True,科翔股份,False
2025-12-02,38.977,39.931,36.781,37.735,985969.0,2058703272.0,21.57,22.1,20.35,20.88,True,科翔股份,False
2025-12-03,37.663,39.553,36.565,36.889,707501.0,1444009541.0,20.84,21.89,20.23,20.41,True,科翔股份,False
2025-12-04,36.079,36.601,34.135,34.405,583787.0,1110946661.0,19.96,20.25,18.88,19.03,True,科翔股份,False
2025-12-05,34.621,37.645,33.685,37.087,617142.0,1266375384.0,19.15,20.83,18.63,20.52,True,科翔股份,False
2025-12-08,37.051,37.501,36.133,36.331,512306.0,1029735060.0,20.5,20.75,19.99,20.1,True,科翔股份,False
2025-12-09,36.187,38.761,35.935,36.745,714550.0,1452680149.9999998,20.02,21.45,19.88,20.33,True,科翔股份,False
2025-12-10,36.889,37.519,35.251,35.863,458233.0,909134272.0,20.41,20.76,19.5,19.84,True,科翔股份,False
2025-12-11,36.277,36.637,34.513,34.585,326485.0,624565805.0,20.07,20.27,19.09,19.13,True,科翔股份,False
2025-12-12,34.549,35.575,34.225,34.621,267563.0,512383145.0,19.11,19.68,18.93,19.15,True,科翔股份,False
2025-12-15,34.297,36.043,33.991,34.981,294557.0,569967795.0,18.97,19.94,18.8,19.35,True,科翔股份,False
2025-12-16,34.405,34.855,33.343,34.009,256368.0,482228208.0,19.03,19.28,18.44,18.81,True,科翔股份,False
2025-12-17,34.207,34.603,32.623,33.703,266074.0,495961936.0,18.92,19.14,18.04,18.64,True,科翔股份,False
2025-12-18,33.253,33.271,32.065,32.389,256906.0,460118646.0,18.39,18.4,17.73,17.91,True,科翔股份,False
2025-12-19,32.947,33.055,31.525,31.615,230296.0,402557408.0,18.22,18.28,17.43,17.48,True,科翔股份,False
2025-12-22,31.741,34.981,31.741,34.171,409071.0,773144190.0,17.55,19.35,17.55,18.9,True,科翔股份,False
2025-12-23,33.847,34.279,33.217,33.721,258171.0,481488915.0,18.72,18.96,18.37,18.65,True,科翔股份,False
2025-12-24,33.631,34.441,33.055,33.919,229187.0,429954812.00000006,18.6,19.05,18.28,18.76,True,科翔股份,False
2025-12-25,33.595,34.639,33.325,33.955,267478.0,502323684.00000006,18.58,19.16,18.43,18.78,True,科翔股份,False
2025-12-26,33.739,35.341,33.559,34.135,328165.0,619575520.0,18.66,19.55,18.56,18.88,True,科翔股份,False
2025-12-29,34.135,35.215,33.361,33.703,255097.0,475500808.0,18.88,19.48,18.45,18.64,True,科翔股份,False
2025-12-30,33.343,34.153,32.839,32.911,224161.0,407973020.0,18.44,18.89,18.16,18.2,True,科翔股份,False
2025-12-31,33.559,36.205,33.559,34.873,486211.0,937901019.0,18.56,20.03,18.56,19.29,True,科翔股份,False
2026-01-05,35.575,36.457,34.909,36.205,354853.0,710770559.0,19.68,20.17,19.31,20.03,True,科翔股份,False
2026-01-06,36.475,36.475,34.855,35.467,302723.0,593942526.0,20.18,20.18,19.28,19.62,True,科翔股份,False
2026-01-07,36.169,38.311,35.431,37.213,486211.0,1001108449.0,20.01,21.2,19.6,20.59,True,科翔股份,False
2026-01-08,37.105,40.489,37.105,38.815,519828.0,1116590544.0,20.53,22.41,20.53,21.48,True,科翔股份,False
2026-01-09,37.987,39.049,36.691,38.509,408508.0,870530548.0,21.02,21.61,20.3,21.31,True,科翔股份,False
2026-01-12,38.905,39.139,37.231,38.023,378372.0,796094688.0,21.53,21.66,20.6,21.04,True,科翔股份,False
2026-01-13,37.555,37.771,36.007,36.439,307349.0,619615584.0,20.78,20.9,19.92,20.16,True,科翔股份,False
2026-01-14,36.169,37.141,35.251,36.331,370265.0,744232650.0,20.01,20.55,19.5,20.1,True,科翔股份,False
2026-01-15,35.791,36.007,34.387,35.449,243105.0,476728905.0,19.8,19.92,19.02,19.61,True,科翔股份,False
2026-01-16,35.989,41.551,35.845,40.381,705944.0,1577784840.0,19.91,23.0,19.83,22.35,True,科翔股份,False
2026-01-19,41.641,43.135,40.399,41.119,626201.0,1425233476.0,23.05,23.88,22.36,22.76,True,科翔股份,False
2026-01-20,40.183,41.281,38.959,39.373,371109.0,808646511.0,22.24,22.85,21.56,21.79,True,科翔股份,False
2026-01-21,39.031,46.339,38.761,44.269,737063.0,1806541413.0,21.6,25.66,21.45,24.51,True,科翔股份,False
2026-01-22,44.251,45.241,43.333,43.693,502357.0,1215201583.0,24.5,25.05,23.99,24.19,True,科翔股份,False
2026-01-23,43.477,47.545,43.477,47.347,602476.0,1579692072.0,24.07,26.33,24.07,26.22,True,科翔股份,False
2026-01-26,46.951,51.451,46.429,50.497,568682.0,1590603554.0,26.0,28.5,25.71,27.97,True,科翔股份,False
2026-01-27,49.129,55.519,48.931,52.621,634240.0,1848809600.0,27.21,30.76,27.1,29.15,True,科翔股份,False
2026-01-28,52.351,52.621,49.525,49.939,470533.0,1301494278.0,29.0,29.15,27.43,27.66,True,科翔股份,False
2026-01-29,49.561,49.561,46.933,48.337,506747.0,1356561719.0,27.45,27.45,25.99,26.77,True,科翔股份,False
2026-01-30,48.031,52.585,47.635,50.947,471644.0,1330979368.0,26.6,29.13,26.38,28.22,True,科翔股份,False
2026-02-02,50.569,54.115,49.975,50.011,357036.0,988989720.0,28.01,29.98,27.68,27.7,True,科翔股份,False
2026-02-03,51.001,53.935,49.165,53.557,478773.0,1420519491.0,28.25,29.88,27.23,29.67,True,科翔股份,False
2026-02-04,55.033,55.501,50.551,53.377,351182.0,1038445174.0,30.49,30.75,28.0,29.57,True,科翔股份,False
2026-02-05,51.469,52.981,49.741,51.181,228147.0,646796745.0,28.51,29.35,27.55,28.35,True,科翔股份,False
2026-02-06,50.731,53.989,49.561,50.101,253932.0,704661300.0,28.1,29.91,27.45,27.75,True,科翔股份,False
2026-02-09,50.713,51.595,48.967,50.569,235163.0,658691563.0,28.09,28.58,27.12,28.01,True,科翔股份,False
2026-02-10,50.263,52.099,49.615,50.083,176954.0,490870396.0,27.84,28.86,27.48,27.74,True,科翔股份,False
2026-02-11,50.353,51.235,47.959,48.139,258355.0,688774430.0,27.89,28.38,26.56,26.66,True,科翔股份,False
2026-02-12,48.697,50.515,48.463,48.715,210914.0,569045972.0,26.97,27.98,26.84,26.98,True,科翔股份,False
2026-02-13,48.283,49.705,47.743,48.697,159315.0,429672555.0,26.74,27.53,26.44,26.97,True,科翔股份,False
2026-02-24,49.399,50.047,47.995,48.841,191025.0,516722625.0,27.36,27.72,26.58,27.05,True,科翔股份,False
2026-02-25,48.679,50.515,47.653,49.993,241444.0,668558436.0,26.96,27.98,26.39,27.69,True,科翔股份,False
2026-02-26,49.993,54.637,48.589,53.341,408526.0,1207194330.0,27.69,30.27,26.91,29.55,True,科翔股份,False
2026-02-27,52.225,55.357,51.721,54.943,310652.0,945624688.0,28.93,30.67,28.65,30.44,True,科翔股份,False
2026-03-02,54.151,57.643,53.269,56.635,359890.0,1129334820.0,30.0,31.94,29.51,31.38,True,科翔股份,False
2026-03-03,56.527,59.515,53.773,53.827,353600.0,1054435200.0,31.32,32.98,29.79,29.82,True,科翔股份,False
2026-03-04,52.981,54.871,52.315,52.999,199489.0,585699704.0,29.35,30.4,28.98,29.36,True,科翔股份,False
2026-03-05,54.151,60.559,53.467,57.391,437463.0,1391132340.0,30.0,33.56,29.62,31.8,True,科翔股份,False
2026-03-06,57.175,68.839,55.789,67.687,766358.0,2875375216.0000005,31.68,38.16,30.91,37.52,True,科翔股份,False
2026-03-09,65.797,66.067,61.819,65.311,492352.0,1782314240.0000002,36.47,36.62,34.26,36.2,True,科翔股份,False
2026-03-10,66.571,74.437,64.411,73.897,573471.0,2349510687.0,36.9,41.27,35.7,40.97,True,科翔股份,False
2026-03-11,73.951,75.733,71.809,75.013,436478.0,1815312002.0,41.0,41.99,39.81,41.59,True,科翔股份,False
2026-03-12,76.093,81.151,74.329,74.869,523270.0,2172093770.0,42.19,45.0,41.21,41.51,True,科翔股份,False
2026-03-13,73.969,76.633,72.151,72.727,430387.0,1735320384.0,41.01,42.49,40.0,40.32,True,科翔股份,False
2026-03-16,71.611,72.691,69.451,71.719,283746.0,1128174096.0,39.7,40.3,38.5,39.76,True,科翔股份,False
2026-03-17,72.601,73.141,66.319,66.409,399146.0,1469256426.0,40.25,40.55,36.76,36.81,True,科翔股份,False
2026-03-18,67.741,68.479,65.455,67.741,249963.0,938611065.0,37.55,37.96,36.28,37.55,True,科翔股份,False
2026-03-19,66.607,67.435,64.771,65.527,204503.0,742754896.0,36.92,37.38,35.9,36.32,True,科翔股份,False
2026-03-20,66.787,69.955,64.951,65.563,311573.0,1132256282.0,37.02,38.78,36.0,36.34,True,科翔股份,False
2026-03-23,65.599,67.255,62.791,63.277,296263.0,1038994341.0,36.36,37.28,34.8,35.07,True,科翔股份,False
2026-03-24,64.591,65.041,60.667,64.411,272958.0,974460060.0,35.8,36.05,33.62,35.7,True,科翔股份,False
2026-03-25,65.617,67.147,64.105,65.275,290897.0,1052465346.0,36.37,37.22,35.53,36.18,True,科翔股份,False
2026-03-26,64.105,65.095,60.559,61.459,257547.0,877205082.0,35.53,36.08,33.56,34.06,True,科翔股份,False
2026-03-27,60.541,61.585,58.561,60.289,229136.0,765543375.9999999,33.55,34.13,32.45,33.41,True,科翔股份,False
2026-03-30,59.209,59.497,57.715,59.119,192828.0,631704528.0,32.81,32.97,31.98,32.76,True,科翔股份,False
2026-03-31,59.371,60.937,57.535,57.697,167555.0,535673335.0,32.9,33.77,31.88,31.97,True,科翔股份,False
2026-04-01,59.011,60.271,57.985,59.785,225435.0,746866155.0,32.7,33.4,32.13,33.13,True,科翔股份,False
2026-04-02,59.551,60.829,57.823,58.309,200831.0,648884961.0,33.0,33.71,32.04,32.31,True,科翔股份,False
2026-04-03,59.083,59.335,55.951,56.149,151136.0,470184096.0,32.74,32.88,31.0,31.11,True,科翔股份,False
2026-04-07,56.725,57.931,55.861,56.617,136470.0,428106390.0,31.43,32.1,30.95,31.37,True,科翔股份,False
2026-04-08,59.551,60.415,56.635,59.803,210144.0,696417216.0,33.0,33.48,31.38,33.14,True,科翔股份,False
2026-04-09,58.651,63.727,58.651,61.927,322905.0,1108209960.0,32.5,35.32,32.5,34.32,True,科翔股份,False
2026-04-10,62.611,64.015,61.171,61.405,260817.0,887560251.0,34.7,35.48,33.9,34.03,True,科翔股份,False
2026-04-13,60.505,61.459,59.299,60.001,177579.0,590450175.0,33.53,34.06,32.86,33.25,True,科翔股份,False
2026-04-14,60.091,68.317,59.551,68.191,520566.0,1967739480.0,33.3,37.87,33.0,37.8,True,科翔股份,False
2026-04-15,68.569,74.833,68.569,71.719,524011.0,2083467736.0,38.01,41.49,38.01,39.76,True,科翔股份,False
2026-04-16,70.729,73.033,70.009,70.549,323744.0,1266162784.0,39.21,40.49,38.81,39.11,True,科翔股份,False
2026-04-17,70.783,71.701,68.551,70.891,260226.0,1022688180.0,39.24,39.75,38.0,39.3,True,科翔股份,False
2026-04-20,70.891,70.927,67.489,67.777,264078.0,992141046.0,39.3,39.32,37.41,37.57,True,科翔股份,False
2026-04-21,66.877,70.549,66.121,69.235,229256.0,879884528.0,37.07,39.11,36.65,38.38,True,科翔股份,False
2026-04-22,68.911,79.945,67.651,79.207,546923.0,2402085816.0,38.2,44.33,37.5,43.92,True,科翔股份,False
2026-04-23,78.685,82.231,75.931,76.903,464983.0,1982687512.0,43.63,45.6,42.1,42.64,True,科翔股份,False
2026-04-24,76.471,77.551,70.891,72.673,325146.0,1310013234.0,42.4,43.0,39.3,40.29,True,科翔股份,False
2026-04-27,71.989,79.855,70.963,77.299,423022.0,1813072292.0,39.91,44.28,39.34,42.86,True,科翔股份,False
2026-04-28,77.605,82.951,76.741,82.159,369393.0,1682954508.0,43.03,46.0,42.55,45.56,True,科翔股份,False
2026-04-29,82.411,93.409,79.261,90.601,417186.0,2096359650.0,45.7,51.81,43.95,50.25,True,科翔股份,False
2026-04-30,89.323,91.645,87.343,89.557,295773.0,1469104491.0,49.54,50.83,48.44,49.67,True,科翔股份,False
2026-05-06,90.151,95.173,87.631,93.751,328160.0,1706432000.0,50.0,52.79,48.6,52.0,True,科翔股份,False
2026-05-07,93.751,106.639,91.411,105.883,399609.0,2347303266.0,52.0,59.16,50.7,58.74,True,科翔股份,False
2026-05-08,105.937,111.139,101.995,104.659,461446.0,2679155476.0,58.77,61.66,56.58,58.06,True,科翔股份,False
2026-05-11,105.307,113.173,105.307,109.411,375736.0,2280717520.0,58.42,62.79,58.42,60.7,True,科翔股份,False
2026-05-12,110.725,131.263,106.405,124.747,621149.0,4299593378.0,61.43,72.84,59.03,69.22,True,科翔股份,False
2026-05-13,129.193,133.351,126.151,129.751,424811.0,3058639200.0,71.69,74.0,70.0,72.0,True,科翔股份,False
2026-05-14,131.659,149.335,131.551,142.783,435357.0,3449768868.0,73.06,82.88,73.0,79.24,True,科翔股份,False
2026-05-15,144.151,145.951,133.117,135.241,416510.0,3125907550.0,80.0,81.0,73.87,75.05,True,科翔股份,False
2026-05-18,135.115,142.351,133.891,135.601,335976.0,2528219400.0,74.98,79.0,74.3,75.25,True,科翔股份,False
2026-05-19,134.125,135.475,124.315,129.931,407311.0,2936712310.0,74.43,75.18,68.98,72.1,True,科翔股份,False
2026-05-20,129.751,138.553,126.835,135.259,323293.0,2426637258.0,72.0,76.89,70.38,75.06,True,科翔股份,False
2026-05-21,136.861,138.301,127.591,128.311,336652.0,2396962240.0,75.95,76.75,70.8,71.2,True,科翔股份,False
2026-05-22,132.469,145.501,131.551,143.053,383785.0,3046869115.0,73.51,80.75,73.0,79.39,True,科翔股份,False
2026-05-25,142.891,151.135,140.191,149.299,391309.0,3242386374.0,79.3,83.88,77.8,82.86,True,科翔股份,False
2026-05-26,147.859,152.953,142.693,144.097,266477.0,2131016569.0,82.06,84.89,79.19,79.97,True,科翔股份,False
2026-05-27,144.097,145.051,131.047,133.927,315578.0,2345375696.0,79.97,80.5,72.72,74.32,True,科翔股份,False
2026-05-28,136.573,138.805,130.651,137.347,234921.0,1790567862.0,75.79,77.03,72.5,76.22,True,科翔股份,False
2026-05-29,135.151,135.961,125.269,127.033,271592.0,1914452008.0,75.0,75.45,69.51,70.49,True,科翔股份,False
2026-06-01,130.021,131.191,119.113,119.959,269651.0,1794797056.0,72.15,72.8,66.09,66.56,True,科翔股份,False
2026-06-02,122.281,123.721,111.751,119.599,242655.0,1610258580.0,67.85,68.65,62.0,66.36,True,科翔股份,False
2026-06-03,118.951,128.347,116.935,126.097,277099.0,1938861703.0,66.0,71.22,64.88,69.97,True,科翔股份,False
2026-06-04,123.829,136.699,123.829,132.901,298111.0,2198568625.0,68.71,75.86,68.71,73.75,True,科翔股份,False
2026-06-05,131.551,142.297,128.743,129.931,281715.0,2031165150.0,73.0,78.97,71.44,72.1,True,科翔股份,False
2026-06-08,123.091,125.431,118.051,120.031,242626.0,1615889159.9999998,68.3,69.6,65.5,66.6,True,科翔股份,False
2026-06-09,123.091,127.519,120.679,126.421,204761.0,1436398415.0,68.3,70.76,66.96,70.15,True,科翔股份,False
2026-06-10,126.403,126.511,118.051,118.951,159274.0,1051208400.0,70.14,70.2,65.5,66.0,True,科翔股份,False
2026-06-11,118.051,136.051,116.035,134.089,232915.0,1733120515.0,65.5,75.5,64.38,74.41,True,科翔股份,False
2026-06-12,136.231,138.121,125.593,126.205,286506.0,2006401518.0,75.6,76.65,69.69,70.03,True,科翔股份,False
2026-06-15,126.313,142.189,124.009,140.947,304078.0,2378498116.0,70.09,78.91,68.81,78.22,True,科翔股份,False
2026-06-16,137.851,149.281,137.851,147.391,283809.0,2321557620.0,76.5,82.85,76.5,81.8,True,科翔股份,False
2026-06-17,146.851,176.839,146.329,176.839,327650.0,3216212400.0,81.5,98.16,81.21,98.16,True,科翔股份,False
2026-06-18,180.007,189.151,175.633,182.995,365267.0,3710382186.0,99.92,105.0,97.49,101.58,True,科翔股份,False
2026-06-22,191.509,206.791,191.131,198.151,307906.0,3386966000.0,106.31,114.8,106.1,110.0,True,科翔股份,False
2026-06-23,196.711,210.535,193.021,198.385,302806.0,3334802478.0,109.2,116.88,107.15,110.13,True,科翔股份,False
2026-06-24,196.045,202.147,188.791,199.321,245681.0,2718460265.0,108.83,112.22,104.8,110.65,True,科翔股份,False
2026-06-25,202.831,209.851,194.569,203.029,213324.0,2404374804.0,112.6,116.5,108.01,112.71,True,科翔股份,False
2026-06-26,203.551,204.973,188.251,189.619,219648.0,2312014848.0,113.0,113.79,104.5,105.26,True,科翔股份,False
2026-06-29,190.321,191.905,168.811,183.175,280419.0,2851300392.0,105.65,106.53,93.7,101.68,True,科翔股份,False
2026-06-30,181.933,187.927,175.219,182.509,192185.0,1947026235.0,100.99,104.32,97.26,101.31,True,科翔股份,False
2026-07-01,182.599,184.381,174.211,175.111,162164.0,1576234080.0,101.36,102.35,96.7,97.2,True,科翔股份,False
2026-07-02,172.951,181.915,163.501,164.311,198614.0,1811359680.0,96.0,100.98,90.75,91.2,True,科翔股份,False
2026-07-03,166.093,184.651,164.815,172.771,229676.0,2202592840.0,92.19,102.5,91.48,95.9,True,科翔股份,False
2026-07-06,175.057,180.115,165.751,168.721,202546.0,1896843290.0,97.17,99.98,92.0,93.65,True,科翔股份,False
2026-07-07,165.823,173.671,156.751,160.549,184674.0,1645630014.0,92.04,96.4,87.0,89.11,True,科翔股份,False
2026-07-08,162.133,163.753,148.975,152.125,164746.0,1390950478.0,89.99,90.89,82.68,84.43,True,科翔股份,False
2026-07-09,156.499,158.911,148.651,155.671,159163.0,1375168320.0,86.86,88.2,82.5,86.4,True,科翔股份,False
2026-07-10,156.697,167.191,151.963,152.269,206878.0,1748325978.0,86.97,92.8,84.34,84.51,True,科翔股份,False
2026-07-13,158.569,165.751,142.225,143.521,262537.0,2091107205.0,88.01,92.0,78.93,79.65,True,科翔股份,False
2026-07-14,145.591,153.529,139.111,152.935,232804.0,1976040352.0,80.8,85.21,77.2,84.88,True,科翔股份,False
2026-07-15,154.735,160.135,141.595,144.295,185582.0,1486140656.0,85.88,88.88,78.58,80.08,True,科翔股份,False
2026-07-16,141.757,147.715,134.575,136.663,171787.0,1302832608.0,78.67,81.98,74.68,75.84,True,科翔股份,False
2026-07-17,136.051,136.663,109.591,114.343,417750.0,2650206000.0,75.5,75.84,60.8,63.44,True,科翔股份,False
2026-07-20,117.547,125.755,115.945,118.951,432883.0,2857027800.0,65.22,69.78,64.33,66.0,True,科翔股份,False
2026-07-21,121.921,124.243,97.351,122.947,396098.0,2702180556.0,67.65,68.94,54.0,68.22,True,科翔股份,False
2026-07-22,122.263,130.237,115.585,117.115,249373.0,1620425754.0,67.84,72.27,64.13,64.98,True,科翔股份,False
2026-07-23,118.915,122.335,111.733,113.965,199115.0,1259004145.0,65.98,67.88,61.99,63.23,True,科翔股份,False
2026-07-24,112.003,117.385,107.971,109.555,167235.0,1016454330.0,62.14,65.13,59.9,60.78,True,科翔股份,False
2026-07-27,109.627,113.551,100.735,113.497,206724.0,1301741028.0,60.82,63.0,55.88,62.97,True,科翔股份,False
2026-07-28,112.147,115.351,102.499,103.975,189852.0,1095066336.0,62.22,64.0,56.86,57.68,True,科翔股份,False
2026-07-29,102.967,103.471,89.935,97.099,319965.0,1723331490.0,57.12,57.4,49.88,53.86,True,科翔股份,False
2026-07-30,96.451,97.099,81.151,81.637,333062.0,1507771674.0,53.5,53.86,45.0,45.27,True,科翔股份,False
2026-07-31,91.951,92.401,84.103,84.355,379690.0,1776189820.0,51.0,51.25,46.64,46.78,True,科翔股份,False
2026-08-03,83.257,86.911,77.857,79.279,247517.0,1088084732.0,46.17,48.2,43.17,43.96,True,科翔股份,False
2026-08-04,80.089,85.903,78.775,84.499,256567.0,1202272962.0,44.41,47.64,43.68,46.86,True,科翔股份,False
2026-08-05,81.169,98.539,81.169,96.631,332614.0,1782811040.0,45.01,54.66,45.01,53.6,True,科翔股份,False
2026-08-06,95.983,115.927,94.291,115.927,428958.0,2759057855.9999995,53.24,64.32,52.3,64.32,True,科翔股份,False
2026-08-07,121.471,130.975,118.951,130.345,611864.0,4425612312.0,67.4,72.68,66.0,72.33,True,科翔股份,False
2026-08-10,130.327,134.683,120.031,126.115,525332.0,3676273336.0,72.32,74.74,66.6,69.98,True,科翔股份,False
2026-08-11,125.503,138.391,121.669,135.691,467724.0,3521961720.0,69.64,76.8,67.51,75.3,True,科翔股份,False
2026-08-12,138.769,147.751,133.351,144.673,391328.0,3141972512.0000005,77.01,82.0,74.0,80.29,True,科翔股份,False
2026-08-13,145.051,146.275,138.751,139.471,323770.0,2505979800.0,80.5,81.18,77.0,77.4,True,科翔股份,False
2026-08-14,140.947,144.475,137.959,143.971,258936.0,2068898640.0,78.22,80.18,76.56,79.9,True,科翔股份,False
2026-08-17,143.827,152.143,142.351,152.125,289474.0,2444028982.0,79.82,84.44,79.0,84.43,True,科翔股份,False
2026-08-18,153.169,153.979,147.751,151.927,230846.0,1946493472.0,85.01,85.46,82.0,84.32,True,科翔股份,False
2026-08-19,145.591,148.111,129.751,131.569,369204.0,2695558404.0,80.8,82.2,72.0,73.01,True,科翔股份,False
2026-08-20,138.751,146.491,132.217,142.027,341525.0,2691900050.0,77.0,81.3,73.37,78.82,True,科翔股份,False
2026-08-21,139.507,144.115,135.151,141.667,232209.0,1825627158.0,77.42,79.98,75.0,78.62,True,科翔股份,False
2026-08-24,141.451,143.179,133.657,140.191,198998.0,1548204440.0,78.5,79.46,74.17,77.8,True,科翔股份,False
2026-08-25,139.687,142.891,133.405,142.261,239633.0,1891902535.0,77.52,79.3,74.03,78.95,True,科翔股份,False
2026-08-26,144.151,147.751,135.151,143.377,251490.0,2001105930.0,80.0,82.0,75.0,79.57,True,科翔股份,False
2026-08-27,146.85466256126682,163.6123111725525,143.7914364710318,163.46815935654143,335267.0,2895260000.0,81.5,90.8,79.8,90.72,True,科翔股份,True
