date,open,high,low,close,volume,amount,raw_open,raw_high,raw_low,raw_close,tradable,name,provisional
2016-01-04,41.611,41.947,37.442,37.453,48620.0,173330300.0,39.61,39.93,35.64,35.65,True,中稀有色,False
2016-01-05,35.206,37.243,34.145,36.319,65249.0,225565793.0,33.51,35.45,32.5,34.57,True,中稀有色,False
2016-01-06,36.382,38.744,36.382,38.282,82451.0,300451444.0,34.63,36.88,34.63,36.44,True,中稀有色,False
2016-01-07,37.316,37.484,34.46,34.481,17078.0,56049996.0,35.52,35.68,32.8,32.82,True,中稀有色,False
2016-01-08,35.563,36.434,32.255,35.815,66945.0,228215505.00000003,33.85,34.68,30.7,34.09,True,中稀有色,False
2016-01-11,35.72,38.461,34.733,37.19,103753.0,367285620.0,34.0,36.61,33.06,35.4,True,中稀有色,False
2016-01-12,36.665,38.744,35.72,37.673,95188.0,341344168.0,34.9,36.88,34.0,35.86,True,中稀有色,False
2016-01-13,36.655,36.655,34.46,35.731,79163.0,269233363.0,34.89,34.89,32.8,34.01,True,中稀有色,False
2016-01-14,34.586,36.991,34.376,36.875,66118.0,232074180.0,32.92,35.21,32.72,35.1,True,中稀有色,False
2016-01-15,36.581,36.991,33.83,34.208,57822.0,188268432.0,34.82,35.21,32.2,32.56,True,中稀有色,False
2016-01-18,32.087,34.177,32.087,33.431,50686.0,161282852.0,30.54,32.53,30.54,31.82,True,中稀有色,False
2016-01-19,33.599,34.88,33.179,34.639,52986.0,174694842.0,31.98,33.2,31.58,32.97,True,中稀有色,False
2016-01-20,34.229,36.938,33.83,35.216,77968.0,261348736.00000003,32.58,35.16,32.2,33.52,True,中稀有色,False
2016-01-21,33.893,35.048,32.57,33.473,53988.0,172005768.0,32.26,33.36,31.0,31.86,True,中稀有色,False
2016-01-22,33.935,34.135,33.2,33.872,35653.0,114945272.0,32.3,32.49,31.6,32.24,True,中稀有色,False
2016-01-25,34.46,35.069,33.904,34.712,37529.0,123995816.0,32.8,33.38,32.27,33.04,True,中稀有色,False
2016-01-26,34.513,35.657,31.552,32.276,63383.0,194712576.0,32.85,33.94,30.03,30.72,True,中稀有色,False
2016-01-27,32.654,33.473,30.502,32.875,53487.0,167360823.0,31.08,31.86,29.03,31.29,True,中稀有色,False
2016-01-28,32.528,32.528,29.588,29.588,45058.0,126883328.0,30.96,30.96,28.16,28.16,True,中稀有色,False
2016-01-29,29.599,30.659,28.79,30.449,44072.0,127720656.0,28.17,29.18,27.4,28.98,True,中稀有色,False
2016-02-01,30.46,31.048,27.856,29.032,34229.0,94574727.0,28.99,29.55,26.51,27.63,True,中稀有色,False
2016-02-02,28.769,29.956,28.706,29.746,37842.0,107130702.0,27.38,28.51,27.32,28.31,True,中稀有色,False
2016-02-03,29.21,29.693,28.78,29.536,31947.0,89803017.0,27.8,28.26,27.39,28.11,True,中稀有色,False
2016-02-04,30.029,32.486,30.029,32.486,72468.0,224071056.0,28.58,30.92,28.58,30.92,True,中稀有色,False
2016-02-05,33.305,33.725,31.415,31.762,64904.0,196204792.0,31.7,32.1,29.9,30.23,True,中稀有色,False
2016-02-15,30.029,33.935,30.029,33.148,57537.0,181529235.0,28.58,32.3,28.58,31.55,True,中稀有色,False
2016-02-16,32.938,34.04,32.759,33.872,81151.0,261630824.00000003,31.35,32.4,31.18,32.24,True,中稀有色,False
2016-02-17,33.505,34.093,33.095,33.904,60365.0,194797855.00000003,31.89,32.45,31.5,32.27,True,中稀有色,False
2016-02-18,33.998,35.017,33.536,33.62,76264.0,244044800.0,32.36,33.33,31.92,32.0,True,中稀有色,False
2016-02-19,33.442,33.515,32.791,33.211,36930.0,116735730.0,31.83,31.9,31.21,31.61,True,中稀有色,False
2016-02-22,35.689,36.529,35.363,36.529,68561.0,238386597.00000003,33.97,34.77,33.66,34.77,True,中稀有色,False
2016-02-23,39.92,40.183,38.24,40.183,283011.0,1082517075.0,38.0,38.25,36.4,38.25,True,中稀有色,False
2016-02-24,39.91,42.314,39.805,41.086,220833.0,863677863.0,37.99,40.28,37.89,39.11,True,中稀有色,False
2016-02-25,40.34,40.928,36.98,38.608,164629.0,605011575.0,38.4,38.96,35.2,36.75,True,中稀有色,False
2016-02-26,38.87,42.083,37.925,40.981,181520.0,708109520.0,37.0,40.06,36.1,39.01,True,中稀有色,False
2016-02-29,39.49,39.521,36.886,37.411,148244.0,527896884.0,37.59,37.62,35.11,35.61,True,中稀有色,False
2016-03-01,37.82,40.235,36.581,38.293,91381.0,333083745.0,36.0,38.3,34.82,36.45,True,中稀有色,False
2016-03-02,37.82,42.125,37.211,42.125,139487.0,559342870.0,36.0,40.1,35.42,40.1,True,中稀有色,False
2016-03-03,43.28,46.094,42.02,42.514,157305.0,636613335.0,41.2,43.88,40.0,40.47,True,中稀有色,False
2016-03-04,43.196,44.12,40.445,41.348,137924.0,542868864.0,41.12,42.0,38.5,39.36,True,中稀有色,False
2016-03-07,43.48,44.414,41.506,42.913,135315.0,552761775.0,41.39,42.28,39.51,40.85,True,中稀有色,False
2016-03-08,43.385,44.645,40.76,42.587,168146.0,681663884.0,41.3,42.5,38.8,40.54,True,中稀有色,False
2016-03-09,39.773,40.445,38.335,38.377,131817.0,481527501.0,37.86,38.5,36.49,36.53,True,中稀有色,False
2016-03-10,38.849,38.849,36.77,36.949,92756.0,326222852.0,36.98,36.98,35.0,35.17,True,中稀有色,False
2016-03-11,36.119,37.621,36.119,37.379,57534.0,204705972.0,34.38,35.81,34.38,35.58,True,中稀有色,False
2016-03-14,38.24,39.091,37.526,38.041,79097.0,286410237.0,36.4,37.21,35.72,36.21,True,中稀有色,False
2016-03-15,37.883,37.946,36.256,36.76,84753.0,296550747.0,36.06,36.12,34.51,34.99,True,中稀有色,False
2016-03-16,36.791,37.295,35.405,35.731,54843.0,186521043.0,35.02,35.5,33.7,34.01,True,中稀有色,False
2016-03-17,36.77,37.159,35.846,36.938,88778.0,312143447.99999994,35.0,35.37,34.12,35.16,True,中稀有色,False
2016-03-18,37.495,40.634,37.358,40.151,145989.0,557969958.0,35.69,38.68,35.56,38.22,True,中稀有色,False
2016-03-21,39.857,40.876,39.227,40.666,168716.0,653099636.0,37.94,38.91,37.34,38.71,True,中稀有色,False
2016-03-22,39.92,40.844,39.416,39.952,119015.0,452614045.0,38.0,38.88,37.52,38.03,True,中稀有色,False
2016-03-23,39.689,43.942,39.689,43.942,193736.0,810397688.0,37.78,41.83,37.78,41.83,True,中稀有色,False
2016-03-24,42.65,44.12,42.178,42.787,187083.0,761989059.0,40.6,42.0,40.15,40.73,True,中稀有色,False
2016-03-25,42.797,43.364,41.243,42.01,76996.0,307907004.0,40.74,41.28,39.26,39.99,True,中稀有色,False
2016-03-28,42.02,44.246,41.39,43.585,161152.0,668619648.0,40.0,42.12,39.4,41.49,True,中稀有色,False
2016-03-29,43.312,47.795,42.493,43.648,188086.0,781497330.0,41.23,45.5,40.45,41.55,True,中稀有色,False
2016-03-30,44.54,46.945,42.545,45.097,154690.0,664084170.0,42.4,44.69,40.5,42.93,True,中稀有色,False
2016-03-31,44.75,45.328,43.354,44.456,94113.0,398286216.0,42.6,43.15,41.27,42.32,True,中稀有色,False
2016-04-01,44.96,47.9,44.96,47.879,145122.0,661466076.0,42.8,45.6,42.8,45.58,True,中稀有色,False
2016-04-05,47.879,50.263,46.409,48.688,134022.0,621191970.0,45.58,47.85,44.18,46.35,True,中稀有色,False
2016-04-06,47.722,48.688,46.514,47.701,84667.0,384472847.0,45.43,46.35,44.28,45.41,True,中稀有色,False
2016-04-07,47.9,48.037,44.908,45.076,103239.0,442998549.0,45.6,45.73,42.75,42.91,True,中稀有色,False
2016-04-08,44.12,44.131,42.02,42.524,112472.0,455286656.0,42.0,42.01,40.0,40.48,True,中稀有色,False
2016-04-11,46.241,46.777,45.989,46.777,123304.0,549072712.0,44.02,44.53,43.78,44.53,True,中稀有色,False
2016-04-12,48.184,50.032,46.745,47.428,224194.0,1012235910.0,45.87,47.63,44.5,45.15,True,中稀有色,False
2016-04-13,48.74,52.174,48.341,51.586,148024.0,726945864.0,46.4,49.67,46.02,49.11,True,中稀有色,False
2016-04-14,51.47,54.095,50.788,52.982,149870.0,755944280.0,49.0,51.5,48.35,50.44,True,中稀有色,False
2016-04-15,51.47,56.153,50.966,53.917,141774.0,727725942.0,49.0,53.46,48.52,51.33,True,中稀有色,False
2016-04-18,52.804,55.985,51.344,54.862,134445.0,702206235.0,50.27,53.3,48.88,52.23,True,中稀有色,False
2016-04-19,56.269,58.988,54.893,58.232,145543.0,806890392.0,53.57,56.16,52.26,55.44,True,中稀有色,False
2016-04-20,58.337,59.345,53.686,57.361,163527.0,893020947.0,55.54,56.5,51.11,54.61,True,中稀有色,False
2016-04-21,57.35,61.834,56.384,57.203,169575.0,923505450.0,54.6,58.87,53.68,54.46,True,中稀有色,False
2016-04-22,54.998,56.363,52.751,55.744,132409.0,702694563.0,52.36,53.66,50.22,53.07,True,中稀有色,False
2016-04-25,55.838,57.445,54.2,54.662,77915.0,405469660.0,53.16,54.69,51.6,52.04,True,中稀有色,False
2016-04-26,53.591,55.649,52.835,54.946,84497.0,442003807.0,51.02,52.98,50.3,52.31,True,中稀有色,False
2016-04-27,55.46,55.46,53.36,53.749,62249.0,318528133.0,52.8,52.8,50.8,51.17,True,中稀有色,False
2016-04-28,53.675,55.67,53.36,54.337,70009.0,362156557.0,51.1,53.0,50.8,51.73,True,中稀有色,False
2016-04-29,54.526,59.765,54.526,59.44,124329.0,703577811.0,51.91,56.9,51.91,56.59,True,中稀有色,False
2016-05-03,58.841,62.075,57.928,61.109,123122.0,716323796.0,56.02,59.1,55.15,58.18,True,中稀有色,False
2016-05-04,60.29,61.687,59.398,59.923,70509.0,402253845.0,57.4,58.73,56.55,57.05,True,中稀有色,False
2016-05-05,59.419,60.92,58.82,60.563,49938.0,287942508.0,56.57,58.0,56.0,57.66,True,中稀有色,False
2016-05-06,60.71,64.06,59.66,60.574,112618.0,649468006.0,57.8,60.99,56.8,57.67,True,中稀有色,False
2016-05-09,58.82,59.912,54.515,54.515,116829.0,606342510.0,56.0,57.04,51.9,51.9,True,中稀有色,False
2016-05-10,52.52,54.778,49.496,52.867,119165.0,599757445.0,50.0,52.15,47.12,50.33,True,中稀有色,False
2016-05-11,53.885,56.069,53.612,54.725,96026.0,500295460.0,51.3,53.38,51.04,52.1,True,中稀有色,False
2016-05-12,54.095,60.196,52.94,60.196,119060.0,682332860.0,51.5,57.31,50.4,57.31,True,中稀有色,False
2016-05-13,59.734,62.663,57.77,59.366,141577.0,800193204.0,56.87,59.66,55.0,56.52,True,中稀有色,False
2016-05-16,59.45,65.12,59.198,63.409,136965.0,826857705.0,56.6,62.0,56.36,60.37,True,中稀有色,False
2016-05-17,63.02,67.189,61.55,61.655,151129.0,887127230.0,60.0,63.97,58.6,58.7,True,中稀有色,False
2016-05-18,59.765,63.545,58.715,62.548,96689.0,575782995.0,56.9,60.5,55.9,59.55,True,中稀有色,False
2016-05-19,61.445,65.834,61.13,65.026,135247.0,837314177.0,58.5,62.68,58.2,61.91,True,中稀有色,False
2016-05-20,63.86,66.139,61.834,62.38,124566.0,739797474.0,60.8,62.97,58.87,59.39,True,中稀有色,False
2016-05-23,60.952,63.01,60.92,62.264,70472.0,417758016.0,58.03,59.99,58.0,59.28,True,中稀有色,False
2016-05-24,62.285,63.02,61.561,62.915,73551.0,440570490.0,59.3,60.0,58.61,59.9,True,中稀有色,False
2016-05-25,63.965,65.036,60.71,60.931,81376.0,472062176.0,60.9,61.92,57.8,58.01,True,中稀有色,False
2016-05-26,60.931,64.7,57.256,64.123,119812.0,731452260.0,58.01,61.6,54.51,61.05,True,中稀有色,False
2016-05-27,63.125,67.115,63.125,63.787,93816.0,569744568.0,60.1,63.9,60.1,60.73,True,中稀有色,False
2016-05-30,62.926,65.173,62.285,64.07,62459.0,380999900.0,59.91,62.05,59.3,61.0,True,中稀有色,False
2016-05-31,65.95,70.475,65.95,70.475,140142.0,940352820.0,62.79,67.1,62.79,67.1,True,中稀有色,False
2016-06-01,71.42,75.169,70.475,71.273,135679.0,920717694.0,68.0,71.57,67.1,67.86,True,中稀有色,False
2016-06-02,69.215,71.063,67.609,70.496,155980.0,1046937760.0,65.9,67.66,64.37,67.12,True,中稀有色,False
2016-06-03,70.381,72.46,69.32,70.37,116610.0,781287000.0,67.01,68.99,66.0,67.0,True,中稀有色,False
2016-06-06,69.856,71.2,69.635,70.402,75851.0,508429253.0,66.51,67.79,66.3,67.03,True,中稀有色,False
2016-06-07,69.961,73.058,69.478,71.011,94784.0,640834624.0,66.61,69.56,66.15,67.61,True,中稀有色,False
2016-06-08,69.52,69.52,66.254,67.22,117681.0,753158400.0,66.19,66.19,63.08,64.0,True,中稀有色,False
2016-06-13,66.17,68.165,64.396,64.595,83478.0,513389700.0,63.0,64.9,61.31,61.5,True,中稀有色,False
2016-06-14,64.07,65.939,61.666,63.598,81346.0,492550030.0,61.0,62.78,58.71,60.55,True,中稀有色,False
2016-06-15,62.558,67.378,62.495,66.496,94338.0,597253878.0,59.56,64.15,59.5,63.31,True,中稀有色,False
2016-06-16,66.149,69.352,66.149,66.758,96481.0,613233236.0,62.98,66.03,62.98,63.56,True,中稀有色,False
2016-06-17,66.359,67.325,65.036,65.477,87611.0,546166974.0,63.18,64.1,61.92,62.34,True,中稀有色,False
2016-06-20,66.002,66.002,63.157,64.606,68017.0,418372567.0,62.84,62.84,60.13,61.51,True,中稀有色,False
2016-06-21,65.435,67.535,63.293,64.805,114200.0,704614000.0,62.3,64.3,60.26,61.7,True,中稀有色,False
2016-06-22,65.12,67.22,64.679,66.16,115348.0,726577052.0,62.0,64.0,61.58,62.99,True,中稀有色,False
2016-06-23,64.984,65.477,59.765,59.965,176410.0,1007124690.0,61.87,62.34,56.9,57.09,True,中稀有色,False
2016-06-24,59.114,59.125,54.62,58.19,120425.0,667154500.0,56.28,56.29,52.0,55.4,True,中稀有色,False
2016-06-27,57.088,58.82,57.088,58.768,71609.0,400652355.0,54.35,56.0,54.35,55.95,True,中稀有色,False
2016-06-28,58.4,60.269,58.043,58.799,79139.0,443020122.0,55.6,57.38,55.26,55.98,True,中稀有色,False
2016-06-29,58.715,63.419,58.085,62.149,174982.0,1035368494.0,55.9,60.38,55.3,59.17,True,中稀有色,False
2016-06-30,61.97,62.023,59.492,60.143,99225.0,568162350.0,59.0,59.05,56.64,57.26,True,中稀有色,False
2016-07-01,60.448,62.768,59.87,62.107,111733.0,660677229.0,57.55,59.76,57.0,59.13,True,中稀有色,False
2016-07-04,61.235,67.43,61.235,67.199,166663.0,1066309874.0,58.3,64.2,58.3,63.98,True,中稀有色,False
2016-07-05,66.181,67.199,64.816,66.517,121033.0,766501989.0,63.01,63.98,61.71,63.33,True,中稀有色,False
2016-07-06,65.582,66.779,64.91,66.118,98873.0,622405535.0,62.44,63.58,61.8,62.95,True,中稀有色,False
2016-07-07,66.118,71.399,65.645,66.958,181763.0,1158739125.0,62.95,67.98,62.5,63.75,True,中稀有色,False
2016-07-08,66.118,66.118,63.85,65.036,70969.0,439440048.0,62.95,62.95,60.79,61.92,True,中稀有色,False
2016-07-11,64.994,69.31,64.942,65.446,107199.0,667956969.0,61.88,65.99,61.83,62.31,True,中稀有色,False
2016-07-12,64.595,66.79,63.923,66.307,82664.0,521857832.0,61.5,63.59,60.86,63.13,True,中稀有色,False
2016-07-13,66.38,67.021,64.606,66.181,67495.0,425285995.0,63.2,63.81,61.51,63.01,True,中稀有色,False
2016-07-14,65.645,65.981,64.081,64.574,58886.0,362031128.0,62.5,62.82,61.01,61.48,True,中稀有色,False
2016-07-15,64.7,65.068,63.43,64.217,42653.0,260780442.0,61.6,61.95,60.39,61.14,True,中稀有色,False
2016-07-18,64.91,67.535,64.91,66.863,111958.0,712724628.0,61.8,64.3,61.8,63.66,True,中稀有色,False
2016-07-19,66.863,67.115,65.173,66.464,47687.0,301763336.0,63.66,63.9,62.05,63.28,True,中稀有色,False
2016-07-20,66.59,67.745,66.139,66.475,56399.0,356949271.0,63.4,64.5,62.97,63.29,True,中稀有色,False
2016-07-21,66.013,66.475,64.532,65.173,66125.0,410305625.0,62.85,63.29,61.44,62.05,True,中稀有色,False
2016-07-22,65.12,65.33,63.031,63.44,58236.0,351745440.0,62.0,62.2,60.01,60.4,True,中稀有色,False
2016-07-25,62.663,63.808,61.981,62.275,41315.0,244956635.0,59.66,60.75,59.01,59.29,True,中稀有色,False
2016-07-26,62.159,63.451,61.771,62.989,34887.0,209217339.0,59.18,60.41,58.81,59.97,True,中稀有色,False
2016-07-27,63.01,63.367,56.689,56.689,141956.0,766136532.0,59.99,60.33,53.97,53.97,True,中稀有色,False
2016-07-28,56.426,57.34,54.095,56.657,92542.0,499171548.0,53.72,54.59,51.5,53.94,True,中稀有色,False
2016-07-29,56.195,56.615,54.2,54.557,52086.0,270534684.0,53.5,53.9,51.6,51.94,True,中稀有色,False
2016-08-01,53.066,54.095,50.924,52.909,63727.0,320992899.0,50.52,51.5,48.48,50.37,True,中稀有色,False
2016-08-02,52.573,53.78,52.52,53.098,34490.0,174346950.0,50.05,51.2,50.0,50.55,True,中稀有色,False
2016-08-03,53.14,53.864,52.835,53.087,43163.0,218145802.0,50.59,51.28,50.3,50.54,True,中稀有色,False
2016-08-04,53.213,55.177,52.52,54.704,70805.0,368752440.0,50.66,52.53,50.0,52.08,True,中稀有色,False
2016-08-05,54.2,56.195,53.969,54.883,54774.0,286194150.0,51.6,53.5,51.38,52.25,True,中稀有色,False
2016-08-08,54.494,54.568,52.205,54.536,40456.0,210047552.0,51.88,51.95,49.7,51.92,True,中稀有色,False
2016-08-09,55.145,57.319,55.145,55.492,62513.0,330256179.0,52.5,54.57,52.5,52.83,True,中稀有色,False
2016-08-10,55.145,57.109,54.62,55.481,52933.0,279592106.0,52.5,54.37,52.0,52.82,True,中稀有色,False
2016-08-11,55.838,55.838,53.36,53.602,51726.0,263957778.0,53.16,53.16,50.8,51.03,True,中稀有色,False
2016-08-12,53.57,53.938,53.108,53.696,26027.0,133050024.0,51.0,51.35,50.56,51.12,True,中稀有色,False
2016-08-15,53.696,55.093,52.394,54.841,58594.0,305919274.0,51.12,52.45,49.88,52.21,True,中稀有色,False
2016-08-16,54.631,56.227,54.62,55.723,56759.0,301106495.0,52.01,53.53,52.0,53.05,True,中稀有色,False
2016-08-17,55.681,55.681,54.83,55.009,43137.0,225908469.0,53.01,53.01,52.2,52.37,True,中稀有色,False
2016-08-18,54.83,55.439,54.2,54.452,38127.0,197650368.0,52.2,52.78,51.6,51.84,True,中稀有色,False
2016-08-19,54.316,59.02,54.316,57.844,150091.0,826551137.0,51.71,56.19,51.71,55.07,True,中稀有色,False
2016-08-22,56.804,57.728,56.384,56.458,57104.0,306934000.0,54.08,54.96,53.68,53.75,True,中稀有色,False
2016-08-23,56.458,58.306,55.891,56.552,50790.0,273453360.0,53.75,55.51,53.21,53.84,True,中稀有色,False
2016-08-24,56.531,57.035,55.135,55.523,43770.0,231368220.0,53.82,54.3,52.49,52.86,True,中稀有色,False
2016-08-25,54.967,54.967,52.909,54.043,54047.0,278071815.0,52.33,52.33,50.37,51.45,True,中稀有色,False
2016-08-26,53.801,55.019,53.581,54.295,46202.0,238818138.0,51.22,52.38,51.01,51.69,True,中稀有色,False
2016-08-29,53.675,54.4,53.57,54.337,25787.0,133396151.0,51.1,51.79,51.0,51.73,True,中稀有色,False
2016-08-30,54.305,55.229,53.675,54.085,33581.0,172908569.0,51.7,52.58,51.1,51.49,True,中稀有色,False
2016-08-31,53.759,56.615,53.57,55.303,84484.0,444808260.0,51.18,53.9,51.0,52.65,True,中稀有色,False
2016-09-01,55.145,56.09,54.83,54.862,38155.0,199283565.0,52.5,53.4,52.2,52.23,True,中稀有色,False
2016-09-02,54.935,56.195,54.568,54.872,45658.0,238517392.0,52.3,53.5,51.95,52.24,True,中稀有色,False
2016-09-05,54.41,55.964,54.41,55.04,40661.0,213063640.0,51.8,53.28,51.8,52.4,True,中稀有色,False
2016-09-06,55.502,55.964,54.62,55.66,44082.0,233590518.0,52.84,53.28,52.0,52.99,True,中稀有色,False
2016-09-07,55.943,56.269,55.24,55.418,38679.0,204070404.0,53.26,53.57,52.59,52.76,True,中稀有色,False
2016-09-08,55.46,55.597,54.599,54.809,27277.0,142331386.0,52.8,52.93,51.98,52.18,True,中稀有色,False
2016-09-09,54.883,54.935,53.57,53.633,40891.0,208789446.0,52.25,52.3,51.0,51.06,True,中稀有色,False
2016-09-12,52.205,52.3,48.268,48.499,100709.0,464973453.0,49.7,49.79,45.95,46.17,True,中稀有色,False
2016-09-13,48.635,49.265,47.774,48.625,39067.0,180841143.0,46.3,46.9,45.48,46.29,True,中稀有色,False
2016-09-14,48.089,50.609,47.816,49.591,59193.0,279450153.0,45.78,48.18,45.52,47.21,True,中稀有色,False
2016-09-19,50.441,52.73,50.431,52.079,77265.0,383079870.0,48.02,50.2,48.01,49.58,True,中稀有色,False
2016-09-20,53.045,53.098,50.998,51.932,36711.0,181499184.0,50.5,50.55,48.55,49.44,True,中稀有色,False
2016-09-21,51.838,52.678,51.271,51.89,36683.0,181214020.0,49.35,50.15,48.81,49.4,True,中稀有色,False
2016-09-22,52.363,52.699,51.47,51.859,27077.0,133679149.0,49.85,50.17,49.0,49.37,True,中稀有色,False
2016-09-23,51.365,51.365,49.717,50.084,40444.0,192836992.0,48.9,48.9,47.33,47.68,True,中稀有色,False
2016-09-26,49.895,49.895,48.194,48.278,37984.0,174574464.0,47.5,47.5,45.88,45.96,True,中稀有色,False
2016-09-27,48.047,49.57,47.848,49.37,31771.0,149323700.0,45.74,47.19,45.55,47.0,True,中稀有色,False
2016-09-28,49.717,49.717,48.772,49.255,17959.0,84209751.0,47.33,47.33,46.43,46.89,True,中稀有色,False
2016-09-29,49.496,49.927,49.202,49.297,24612.0,115504116.0,47.12,47.53,46.84,46.93,True,中稀有色,False
2016-09-30,49.318,51.365,49.318,51.092,47409.0,230597376.0,46.95,48.9,46.95,48.64,True,中稀有色,False
2016-10-10,51.355,52.006,50.42,51.722,36952.0,181951648.0,48.89,49.51,48.0,49.24,True,中稀有色,False
2016-10-11,51.733,53.255,51.502,51.806,45431.0,224065692.0,49.25,50.7,49.03,49.32,True,中稀有色,False
2016-10-12,51.334,51.89,51.019,51.26,30507.0,148874160.0,48.87,49.4,48.57,48.8,True,中稀有色,False
2016-10-13,51.386,51.859,50.525,51.575,37433.0,183796030.0,48.92,49.37,48.1,49.1,True,中稀有色,False
2016-10-14,51.575,51.575,50.0,50.63,38581.0,185960420.0,49.1,49.1,47.6,48.2,True,中稀有色,False
2016-10-17,50.84,52.289,50.525,51.397,64826.0,317193618.0,48.4,49.78,48.1,48.93,True,中稀有色,False
2016-10-18,50.893,52.52,50.788,52.237,55026.0,273644298.0,48.45,50.0,48.35,49.73,True,中稀有色,False
2016-10-19,53.203,55.145,52.888,53.465,120075.0,611181750.0,50.65,52.5,50.35,50.9,True,中稀有色,False
2016-10-20,53.486,53.549,52.573,53.318,37033.0,187979508.0,50.92,50.98,50.05,50.76,True,中稀有色,False
2016-10-21,53.36,54.568,52.793,53.833,64335.0,329716875.0,50.8,51.95,50.26,51.25,True,中稀有色,False
2016-10-24,53.339,55.67,53.339,54.851,68004.0,355116888.0,50.78,53.0,50.78,52.22,True,中稀有色,False
2016-10-25,54.725,55.933,53.969,55.229,57511.0,302392838.0,52.1,53.25,51.38,52.58,True,中稀有色,False
2016-10-26,55.649,55.933,54.137,54.295,43832.0,226567608.0,52.98,53.25,51.54,51.69,True,中稀有色,False
2016-10-27,54.337,54.389,53.686,54.064,24125.0,124171375.0,51.73,51.78,51.11,51.47,True,中稀有色,False
2016-10-28,54.2,54.295,52.709,53.255,29321.0,148657470.0,51.6,51.69,50.18,50.7,True,中稀有色,False
2016-10-31,52.835,54.61,52.783,54.053,25549.0,131475154.0,50.3,51.99,50.25,51.46,True,中稀有色,False
2016-11-01,54.148,56.185,54.148,55.25,82895.0,436027700.0,51.55,53.49,51.55,52.6,True,中稀有色,False
2016-11-02,55.46,57.172,55.303,56.216,114777.0,614286504.0,52.8,54.43,52.65,53.52,True,中稀有色,False
2016-11-03,55.733,56.216,54.83,56.006,53073.0,282985236.0,53.06,53.52,52.2,53.32,True,中稀有色,False
2016-11-04,56.164,61.603,56.164,60.626,214890.0,1240345080.0,53.47,58.65,53.47,57.72,True,中稀有色,False
2016-11-07,59.734,61.729,58.484,60.91,107849.0,625416351.0,56.87,58.77,55.68,57.99,True,中稀有色,False
2016-11-08,60.269,61.634,59.891,61.382,68908.0,402698352.0,57.38,58.68,57.02,58.44,True,中稀有色,False
2016-11-09,61.655,64.385,60.448,62.474,137310.0,816719880.0,58.7,61.3,57.55,59.48,True,中稀有色,False
2016-11-10,64.091,65.005,61.844,62.464,105894.0,629751618.0,61.02,61.89,58.88,59.47,True,中稀有色,False
2016-11-11,62.422,63.976,60.248,62.884,135364.0,810424268.0,59.43,60.91,57.36,59.87,True,中稀有色,False
2016-11-14,60.92,62.474,60.92,61.393,83462.0,487835390.0,58.0,59.48,58.0,58.45,True,中稀有色,False
2016-11-15,61.655,64.679,61.655,62.422,100802.0,599066286.0,58.7,61.58,58.7,59.43,True,中稀有色,False
2016-11-16,61.561,63.02,60.385,62.684,65839.0,392927152.0,58.61,60.0,57.49,59.68,True,中稀有色,False
2016-11-17,62.453,66.044,61.792,65.057,128998.0,799013612.0,59.46,62.88,58.83,61.94,True,中稀有色,False
2016-11-18,63.094,64.784,62.894,63.829,68560.0,416639120.0,60.07,61.68,59.88,60.77,True,中稀有色,False
2016-11-21,63.136,63.965,59.87,61.204,80253.0,467634231.0,60.11,60.9,57.0,58.27,True,中稀有色,False
2016-11-22,60.983,62.747,60.962,62.327,45084.0,267528456.00000003,58.06,59.74,58.04,59.34,True,中稀有色,False
2016-11-23,62.338,63.745,61.477,62.149,54269.0,321109673.0,59.35,60.69,58.53,59.17,True,中稀有色,False
2016-11-24,61.529,65.068,61.529,63.493,96867.0,585561015.0,58.58,61.95,58.58,60.45,True,中稀有色,False
2016-11-25,64.06,64.711,61.571,62.989,46241.0,277307277.0,60.99,61.61,58.62,59.97,True,中稀有色,False
2016-11-28,63.23,64.91,62.39,64.763,78866.0,486287756.0,60.2,61.8,59.4,61.66,True,中稀有色,False
2016-11-29,64.07,64.616,61.613,62.338,82051.0,486972685.0,61.0,61.52,58.66,59.35,True,中稀有色,False
2016-11-30,62.39,62.39,58.295,60.175,90760.0,519964040.0,59.4,59.4,55.5,57.29,True,中稀有色,False
2016-12-01,59.849,60.763,59.849,60.448,30357.0,174704535.0,56.98,57.85,56.98,57.55,True,中稀有色,False
2016-12-02,60.448,60.7,56.594,57.938,75041.0,413926156.0,57.55,57.79,53.88,55.16,True,中稀有色,False
2016-12-05,56.195,58.663,55.723,57.949,30660.0,169151220.0,53.5,55.85,53.05,55.17,True,中稀有色,False
2016-12-06,57.928,58.411,56.458,58.295,48832.0,271017600.0,55.15,55.61,53.75,55.5,True,中稀有色,False
2016-12-07,58.442,59.482,57.014,57.56,54711.0,299816280.0,55.64,56.63,54.28,54.8,True,中稀有色,False
2016-12-08,57.613,58.967,57.014,58.841,64795.0,362981590.0,54.85,56.14,54.28,56.02,True,中稀有色,False
2016-12-09,58.778,60.101,58.4,58.589,55694.0,310661132.0,55.96,57.22,55.6,55.78,True,中稀有色,False
2016-12-12,58.295,59.345,53.444,53.665,51392.0,262561728.00000003,55.5,56.5,50.88,51.09,True,中稀有色,False
2016-12-13,53.749,54.095,50.42,51.691,90532.0,445507972.0,51.17,51.5,48.0,49.21,True,中稀有色,False
2016-12-14,51.05,51.68,47.113,48.52,111475.0,514903025.0,48.6,49.2,44.85,46.19,True,中稀有色,False
2016-12-15,48.425,49.475,47.48,49.097,55366.0,258780684.0,46.1,47.1,45.2,46.74,True,中稀有色,False
2016-12-16,49.349,49.349,47.564,48.121,66248.0,303482088.0,46.98,46.98,45.28,45.81,True,中稀有色,False
2016-12-19,48.11,48.509,47.302,47.848,39376.0,179357680.0,45.8,46.18,45.03,45.55,True,中稀有色,False
2016-12-20,47.522,49.013,47.176,48.247,52089.0,239244777.0,45.24,46.66,44.91,45.93,True,中稀有色,False
2016-12-21,48.32,49.024,47.911,48.52,44394.0,205055886.0,46.0,46.67,45.61,46.19,True,中稀有色,False
2016-12-22,48.467,48.467,47.501,47.795,40008.0,182036400.0,46.14,46.14,45.22,45.5,True,中稀有色,False
2016-12-23,47.743,48.047,44.708,44.813,87369.0,372716154.0,45.45,45.74,42.56,42.66,True,中稀有色,False
2016-12-26,44.12,45.884,43.343,45.527,55138.0,238968092.00000003,42.0,43.68,41.26,43.34,True,中稀有色,False
2016-12-27,45.17,46.01,45.097,45.527,25179.0,109125786.0,43.0,43.8,42.93,43.34,True,中稀有色,False
2016-12-28,45.538,45.968,44.099,44.561,37526.0,159185292.0,43.35,43.76,41.98,42.42,True,中稀有色,False
2016-12-29,44.383,44.95,44.12,44.141,28187.0,118441774.0,42.25,42.79,42.0,42.02,True,中稀有色,False
2016-12-30,44.341,44.824,44.12,44.635,26053.0,110699197.0,42.21,42.67,42.0,42.49,True,中稀有色,False
2017-01-03,44.635,45.359,44.288,44.624,33798.0,143573904.0,42.49,43.18,42.16,42.48,True,中稀有色,False
2017-01-04,44.645,46.934,44.414,46.861,77810.0,347110410.0,42.5,44.68,42.28,44.61,True,中稀有色,False
2017-01-05,46.619,46.934,45.884,46.609,50730.0,225089010.0,44.38,44.68,43.68,44.37,True,中稀有色,False
2017-01-06,46.378,46.735,45.968,46.189,30915.0,135933255.0,44.15,44.49,43.76,43.97,True,中稀有色,False
2017-01-09,46.199,46.745,45.968,46.588,25505.0,113114675.0,43.98,44.5,43.76,44.35,True,中稀有色,False
2017-01-10,46.336,46.714,45.044,46.073,41769.0,183198834.0,44.11,44.47,42.88,43.86,True,中稀有色,False
2017-01-11,46.21,46.409,45.401,45.884,28254.0,123413472.0,43.99,44.18,43.22,43.68,True,中稀有色,False
2017-01-12,45.443,46.21,45.086,45.139,28694.0,123298118.0,43.26,43.99,42.92,42.97,True,中稀有色,False
2017-01-13,45.128,45.128,42.923,42.955,59524.0,243393636.0,42.96,42.96,40.86,40.89,True,中稀有色,False
2017-01-16,42.86,42.86,38.66,39.931,71575.0,272056575.0,40.8,40.8,36.8,38.01,True,中稀有色,False
2017-01-17,39.553,40.634,38.891,40.435,34642.0,133337058.0,37.65,38.68,37.02,38.49,True,中稀有色,False
2017-01-18,40.96,40.96,40.151,40.214,20461.0,78324708.0,38.99,38.99,38.22,38.28,True,中稀有色,False
2017-01-19,40.235,40.823,40.046,40.54,38647.0,149138773.0,38.3,38.86,38.12,38.59,True,中稀有色,False
2017-01-20,40.12,41.296,40.12,41.191,25099.0,98413179.0,38.19,39.31,38.19,39.21,True,中稀有色,False
2017-01-23,41.59,42.388,41.59,41.915,39741.0,158566590.0,39.59,40.35,39.59,39.9,True,中稀有色,False
2017-01-24,41.768,42.272,41.285,41.338,23962.0,94290470.0,39.76,40.24,39.3,39.35,True,中稀有色,False
2017-01-25,41.495,42.356,41.495,42.115,23996.0,96199964.0,39.5,40.32,39.5,40.09,True,中稀有色,False
2017-01-26,42.713,46.325,42.598,46.325,100901.0,444973410.0,40.66,44.1,40.55,44.1,True,中稀有色,False
2017-02-03,47.228,48.268,46.01,47.417,98331.0,443866134.0,44.96,45.95,43.8,45.14,True,中稀有色,False
2017-02-06,47.995,47.995,46.273,47.407,77390.0,349261070.0,45.69,45.69,44.05,45.13,True,中稀有色,False
2017-02-07,47.218,48.11,46.63,47.711,75510.0,342966420.0,44.95,45.8,44.39,45.42,True,中稀有色,False
2017-02-08,47.585,47.953,46.798,47.596,60884.0,275865404.0,45.3,45.65,44.55,45.31,True,中稀有色,False
2017-02-09,47.596,48.289,47.333,47.911,62776.0,286321336.0,45.31,45.97,45.06,45.61,True,中稀有色,False
2017-02-10,47.69,48.268,46.871,48.079,72834.0,333361218.0,45.4,45.95,44.62,45.77,True,中稀有色,False
2017-02-13,48.95,51.04,48.95,49.675,108618.0,513654522.0,46.6,48.59,46.6,47.29,True,中稀有色,False
2017-02-14,49.108,50.599,48.982,50.21,73496.0,351310880.0,46.75,48.17,46.63,47.8,True,中稀有色,False
2017-02-15,49.412,50.063,48.121,48.646,66126.0,306229506.0,47.04,47.66,45.81,46.31,True,中稀有色,False
2017-02-16,49.37,52.468,49.349,51.302,154407.0,754123788.0,47.0,49.95,46.98,48.84,True,中稀有色,False
2017-02-17,50.851,51.166,49.801,50.294,75486.0,361426968.0,48.41,48.71,47.41,47.88,True,中稀有色,False
2017-02-20,50.084,50.84,49.381,50.357,48837.0,234124578.0,47.68,48.4,47.01,47.94,True,中稀有色,False
2017-02-21,50.735,51.397,49.496,50.347,66390.0,318207270.0,48.3,48.93,47.12,47.93,True,中稀有色,False
2017-02-22,49.958,51.313,49.948,50.252,61765.0,295483760.0,47.56,48.85,47.55,47.84,True,中稀有色,False
2017-02-23,50.021,51.313,49.853,50.41,75645.0,363020355.0,47.62,48.85,47.46,47.99,True,中稀有色,False
2017-02-24,49.916,50.126,48.215,49.013,82975.0,387161350.0,47.52,47.72,45.9,46.66,True,中稀有色,False
2017-02-27,48.845,48.95,47.228,47.491,65474.0,296007954.0,46.5,46.6,44.96,45.21,True,中稀有色,False
2017-02-28,47.375,47.963,47.102,47.753,57651.0,262081446.0,45.1,45.66,44.84,45.46,True,中稀有色,False
2017-03-01,47.375,49.223,47.365,48.572,67445.0,311865680.0,45.1,46.86,45.09,46.24,True,中稀有色,False
2017-03-02,48.614,50.641,48.32,49.423,100389.0,472330245.0,46.28,48.21,46.0,47.05,True,中稀有色,False
2017-03-03,48.845,49.643,47.995,49.58,55717.0,262984240.00000003,46.5,47.26,45.69,47.2,True,中稀有色,False
2017-03-06,49.37,49.832,48.95,49.559,41422.0,195428996.0,47.0,47.44,46.6,47.18,True,中稀有色,False
2017-03-07,49.633,49.643,48.383,48.814,40187.0,186748989.0,47.25,47.26,46.06,46.47,True,中稀有色,False
2017-03-08,48.53,48.835,47.837,48.299,29774.0,136900852.0,46.2,46.49,45.54,45.98,True,中稀有色,False
2017-03-09,47.921,49.15,47.165,47.207,43827.0,196958538.0,45.62,46.79,44.9,44.94,True,中稀有色,False
2017-03-10,47.008,47.48,46.934,47.071,33940.0,152085140.0,44.75,45.2,44.68,44.81,True,中稀有色,False
2017-03-13,47.029,49.307,46.85,49.16,84713.0,396456840.0,44.77,46.94,44.6,46.8,True,中稀有色,False
2017-03-14,49.276,49.685,48.583,48.719,45441.0,210755358.0,46.91,47.3,46.25,46.38,True,中稀有色,False
2017-03-15,48.425,49.538,48.425,48.688,37904.0,175685040.0,46.1,47.16,46.1,46.35,True,中稀有色,False
2017-03-16,49.265,49.706,48.656,49.675,66318.0,313617822.0,46.9,47.32,46.32,47.29,True,中稀有色,False
2017-03-17,50.284,51.523,49.769,50.168,128434.0,613400784.0,47.87,49.05,47.38,47.76,True,中稀有色,False
2017-03-20,50.735,51.964,50.326,50.714,81264.0,392342592.0,48.3,49.47,47.91,48.28,True,中稀有色,False
2017-03-21,50.42,50.819,49.769,50.399,48406.0,232251988.0,48.0,48.38,47.38,47.98,True,中稀有色,False
2017-03-22,49.79,50.515,48.982,49.402,45574.0,214334522.0,47.4,48.09,46.63,47.03,True,中稀有色,False
2017-03-23,49.475,50.084,48.845,49.874,41164.0,195446672.0,47.1,47.68,46.5,47.48,True,中稀有色,False
2017-03-24,50.168,50.389,48.425,48.53,56579.0,261394980.00000003,47.76,47.97,46.1,46.2,True,中稀有色,False
2017-03-27,48.53,48.698,47.533,48.499,36417.0,168137289.0,46.2,46.36,45.25,46.17,True,中稀有色,False
2017-03-28,48.215,48.719,47.785,48.058,32913.0,150576975.0,45.9,46.38,45.49,45.75,True,中稀有色,False
2017-03-29,48.11,49.244,48.11,48.152,45292.0,207618528.00000003,45.8,46.88,45.8,45.84,True,中稀有色,False
2017-03-30,48.121,48.152,44.96,45.391,75124.0,324610804.0,45.81,45.84,42.8,43.21,True,中稀有色,False
2017-03-31,45.097,46.22,44.834,45.38,38598.0,166743360.0,42.93,44.0,42.68,43.2,True,中稀有色,False
2017-04-05,45.38,47.008,45.38,46.577,36417.0,161472978.0,43.2,44.75,43.2,44.34,True,中稀有色,False
2017-04-06,46.577,46.829,46.115,46.273,26037.0,114692985.0,44.34,44.58,43.9,44.05,True,中稀有色,False
2017-04-07,46.294,46.808,45.863,45.905,42020.0,183627400.0,44.07,44.56,43.66,43.7,True,中稀有色,False
2017-04-10,45.391,45.989,43.154,43.973,68251.0,285698686.0,43.21,43.78,41.08,41.86,True,中稀有色,False
2017-04-11,43.931,44.099,42.335,44.026,60540.0,253723140.0,41.82,41.98,40.3,41.91,True,中稀有色,False
2017-04-12,44.068,44.477,43.123,44.089,45902.0,192650694.0,41.95,42.34,41.05,41.97,True,中稀有色,False
2017-04-13,44.11,44.834,43.112,44.467,42451.0,179695083.0,41.99,42.68,41.04,42.33,True,中稀有色,False
2017-04-14,44.246,45.128,43.564,44.047,49503.0,207566079.0,42.12,42.96,41.47,41.93,True,中稀有色,False
2017-04-17,43.91,44.404,43.49,44.057,27104.0,113674176.0,41.8,42.27,41.4,41.94,True,中稀有色,False
2017-04-18,43.7,44.278,42.545,42.598,34557.0,140128635.0,41.6,42.15,40.5,40.55,True,中稀有色,False
2017-04-19,42.44,42.44,40.97,41.18,40588.0,159104960.0,40.4,40.4,39.0,39.2,True,中稀有色,False
2017-04-20,41.075,41.705,41.075,41.359,35140.0,138346180.0,39.1,39.7,39.1,39.37,True,中稀有色,False
2017-04-21,41.18,41.474,40.445,40.729,32943.0,127720011.0,39.2,39.48,38.5,38.77,True,中稀有色,False
2017-04-24,40.33,40.729,38.345,38.755,56776.0,209446664.0,38.39,38.77,36.5,36.89,True,中稀有色,False
2017-04-25,38.755,39.059,38.293,38.713,37598.0,138548630.0,36.89,37.18,36.45,36.85,True,中稀有色,False
2017-04-26,38.765,39.164,38.492,38.933,31394.0,116346164.0,36.9,37.28,36.64,37.06,True,中稀有色,False
2017-04-27,38.933,40.046,37.873,39.973,45181.0,171913705.0,37.06,38.12,36.05,38.05,True,中稀有色,False
2017-04-28,39.815,40.078,39.206,39.815,26965.0,102197350.0,37.9,38.15,37.32,37.9,True,中稀有色,False
2017-05-02,40.057,40.078,39.532,39.899,24341.0,92447118.0,38.13,38.15,37.63,37.98,True,中稀有色,False
2017-05-03,40.015,41.81,39.815,40.76,42381.0,164438280.0,38.09,39.8,37.9,38.8,True,中稀有色,False
2017-05-04,40.34,41.275,40.183,40.96,31186.0,121594214.0,38.4,39.29,38.25,38.99,True,中稀有色,False
2017-05-05,41.033,41.264,40.183,40.351,37270.0,143154070.0,39.06,39.28,38.25,38.41,True,中稀有色,False
2017-05-08,39.931,40.267,38.744,38.765,30034.0,110825460.0,38.01,38.33,36.88,36.9,True,中稀有色,False
2017-05-09,38.933,41.128,38.933,40.771,49662.0,192738222.0,37.06,39.15,37.06,38.81,True,中稀有色,False
2017-05-10,40.96,41.002,39.395,39.689,37328.0,141025184.0,38.99,39.03,37.5,37.78,True,中稀有色,False
2017-05-11,38.986,40.55,38.986,40.519,33824.0,130459168.0,37.11,38.6,37.11,38.57,True,中稀有色,False
2017-05-12,40.435,40.571,39.343,39.784,30245.0,114537815.0,38.49,38.62,37.45,37.87,True,中稀有色,False
2017-05-15,39.805,40.057,39.511,39.511,24786.0,93220146.0,37.89,38.13,37.61,37.61,True,中稀有色,False
2017-05-16,39.71,41.401,39.185,41.338,50155.0,197359925.0,37.8,39.41,37.3,39.35,True,中稀有色,False
2017-05-17,41.38,41.863,40.991,41.149,40604.0,159045868.0,39.39,39.85,39.02,39.17,True,中稀有色,False
2017-05-18,40.97,41.275,40.676,40.823,23173.0,90050278.0,39.0,39.29,38.72,38.86,True,中稀有色,False
2017-05-19,41.065,41.915,40.802,41.548,47468.0,187735940.0,39.09,39.9,38.84,39.55,True,中稀有色,False
2017-05-22,41.474,42.545,40.666,40.802,45398.0,176325832.00000003,39.48,40.5,38.71,38.84,True,中稀有色,False
2017-05-23,40.865,40.865,38.881,39.133,52350.0,195003750.0,38.9,38.9,37.01,37.25,True,中稀有色,False
2017-05-24,38.881,39.784,38.167,39.647,29812.0,112510488.0,37.01,37.87,36.33,37.74,True,中稀有色,False
2017-05-25,39.353,40.109,38.975,40.067,28456.0,108531184.0,37.46,38.18,37.1,38.14,True,中稀有色,False
2017-05-26,40.057,40.76,39.71,39.868,22090.0,83831550.0,38.13,38.8,37.8,37.95,True,中稀有色,False
2017-05-31,40.34,40.571,39.259,39.374,27077.0,101484596.0,38.4,38.62,37.37,37.48,True,中稀有色,False
2017-06-01,39.385,39.679,38.429,38.482,27348.0,100175724.0,37.49,37.77,36.58,36.63,True,中稀有色,False
2017-06-02,38.356,38.482,35.731,37.432,58627.0,208888001.00000003,36.51,36.63,34.01,35.63,True,中稀有色,False
2017-06-05,37.463,37.715,36.875,37.442,28149.0,100323036.0,35.66,35.9,35.1,35.64,True,中稀有色,False
2017-06-06,37.442,37.663,37.085,37.589,16705.0,59770490.0,35.64,35.85,35.3,35.78,True,中稀有色,False
2017-06-07,37.526,38.65,37.526,38.566,31891.0,117071861.0,35.72,36.79,35.72,36.71,True,中稀有色,False
2017-06-08,38.44,39.238,38.356,38.366,26903.0,98249756.0,36.59,37.35,36.51,36.52,True,中稀有色,False
2017-06-09,38.009,38.975,38.009,38.891,27456.0,101642112.0,36.18,37.1,36.18,37.02,True,中稀有色,False
2017-06-12,38.765,38.786,37.82,37.831,31222.0,112430422.0,36.9,36.92,36.0,36.01,True,中稀有色,False
2017-06-13,37.726,39.532,37.652,39.059,45997.0,171016846.0,35.91,37.63,35.84,37.18,True,中稀有色,False
2017-06-14,38.849,41.747,38.702,40.067,70005.0,266999070.0,36.98,39.74,36.84,38.14,True,中稀有色,False
2017-06-15,40.078,40.34,39.574,39.878,40950.0,155446200.0,38.15,38.4,37.67,37.96,True,中稀有色,False
2017-06-16,39.878,41.201,39.605,40.382,63312.0,243371328.0,37.96,39.22,37.7,38.44,True,中稀有色,False
2017-06-19,40.267,40.781,39.983,40.466,35948.0,138471696.0,38.33,38.82,38.06,38.52,True,中稀有色,False
2017-06-20,40.183,41.653,40.183,40.886,67080.0,261075360.0,38.25,39.65,38.25,38.92,True,中稀有色,False
2017-06-21,40.844,40.886,40.046,40.645,44267.0,171269023.0,38.88,38.92,38.12,38.69,True,中稀有色,False
2017-06-22,40.645,41.317,40.13,40.435,49132.0,189109068.0,38.69,39.33,38.2,38.49,True,中稀有色,False
2017-06-23,40.414,41.6,40.183,41.296,68838.0,270602178.0,38.47,39.6,38.25,39.31,True,中稀有色,False
2017-06-26,41.275,42.02,41.086,41.831,58087.0,231302434.0,39.29,40.0,39.11,39.82,True,中稀有色,False
2017-06-27,41.915,41.989,41.044,41.485,38111.0,150500339.0,39.9,39.97,39.07,39.49,True,中稀有色,False
2017-06-28,41.485,42.335,41.359,42.073,66377.0,265839885.0,39.49,40.3,39.37,40.05,True,中稀有色,False
2017-06-29,41.852,42.188,41.327,41.663,44510.0,176526659.99999997,39.84,40.16,39.34,39.66,True,中稀有色,False
2017-06-30,41.401,41.401,40.697,41.012,39013.0,152306752.0,39.41,39.41,38.74,39.04,True,中稀有色,False
2017-07-03,41.275,41.842,41.086,41.348,38058.0,149796288.0,39.29,39.83,39.11,39.36,True,中稀有色,False
2017-07-04,41.632,42.209,41.369,41.569,57557.0,227753049.0,39.63,40.18,39.38,39.57,True,中稀有色,False
2017-07-05,41.443,42.43,41.054,42.251,85390.0,343438580.0,39.45,40.39,39.08,40.22,True,中稀有色,False
2017-07-06,42.167,46.472,42.073,46.472,189390.0,837861360.0,40.14,44.24,40.05,44.24,True,中稀有色,False
2017-07-07,46.745,51.113,45.779,51.113,281516.0,1369856856.0,44.5,48.66,43.58,48.66,True,中稀有色,False
2017-07-10,52.205,52.426,50.557,51.428,255419.0,1250531424.0,49.7,49.91,48.13,48.96,True,中稀有色,False
2017-07-11,51.155,51.691,48.436,49.549,182592.0,861286464.0,48.7,49.21,46.11,47.17,True,中稀有色,False
2017-07-12,49.937,50.452,48.74,50.399,161992.0,777237616.0,47.54,48.03,46.4,47.98,True,中稀有色,False
2017-07-13,51.481,54.263,50.294,50.819,292507.0,1415148866.0,49.01,51.66,47.88,48.38,True,中稀有色,False
2017-07-14,49.465,51.355,48.73,50.263,139954.0,669679890.0,47.09,48.89,46.39,47.85,True,中稀有色,False
2017-07-17,50.315,50.882,46.462,48.299,154403.0,709944994.0,47.9,48.44,44.23,45.98,True,中稀有色,False
2017-07-18,48.425,49.528,47.281,49.402,121672.0,572223416.0,46.1,47.15,45.01,47.03,True,中稀有色,False
2017-07-19,49.402,52.205,48.908,51.628,210851.0,1036332665.0,47.03,49.7,46.56,49.15,True,中稀有色,False
2017-07-20,51.313,54.179,50.42,52.762,218077.0,1095400771.0,48.85,51.58,48.0,50.23,True,中稀有色,False
2017-07-21,52.163,52.762,50.735,50.903,128081.0,620680526.0,49.66,50.23,48.3,48.46,True,中稀有色,False
2017-07-24,50.315,51.554,49.79,51.449,88296.0,432473808.0,47.9,49.08,47.4,48.98,True,中稀有色,False
2017-07-25,51.502,53.203,49.979,50.336,161818.0,775431856.0,49.03,50.65,47.58,47.92,True,中稀有色,False
2017-07-26,51.26,52.898,50.273,52.3,172438.0,858568802.0,48.8,50.36,47.86,49.79,True,中稀有色,False
2017-07-27,51.659,53.728,50.431,50.914,196651.0,953167397.0,49.18,51.15,48.01,48.47,True,中稀有色,False
2017-07-28,50.42,54.673,49.391,53.224,259743.0,1316117781.0,48.0,52.05,47.02,50.67,True,中稀有色,False
2017-07-31,52.573,57.928,52.468,56.951,339371.0,1840069562.0,50.05,55.15,49.95,54.22,True,中稀有色,False
2017-08-01,55.838,55.985,53.854,54.662,185882.0,967329928.0,53.16,53.3,51.27,52.04,True,中稀有色,False
2017-08-02,54.62,56.773,52.814,53.266,227967.0,1156020657.0,52.0,54.05,50.28,50.71,True,中稀有色,False
2017-08-03,52.657,54.085,52.184,53.476,126608.0,644561328.0,50.13,51.49,49.68,50.91,True,中稀有色,False
2017-08-04,53.539,55.177,50.273,50.62,188731.0,909494689.0,50.97,52.53,47.86,48.19,True,中稀有色,False
2017-08-07,49.633,54.62,49.633,54.19,209079.0,1078638561.0,47.25,52.0,47.25,51.59,True,中稀有色,False
2017-08-08,55.145,59.608,54.41,57.844,361160.0,1988908120.0,52.5,56.75,51.8,55.07,True,中稀有色,False
2017-08-09,57.319,62.989,56.825,61.75,288210.0,1694386590.0,54.57,59.97,54.1,58.79,True,中稀有色,False
2017-08-14,57.77,61.991,55.576,60.7,305075.0,1763028425.0,55.0,59.02,52.91,57.79,True,中稀有色,False
2017-08-15,59.881,60.794,56.825,57.707,244718.0,1344480692.0,57.01,57.88,54.1,54.94,True,中稀有色,False
2017-08-16,56.846,57.098,52.867,54.767,187787.0,979121418.0,54.12,54.36,50.33,52.14,True,中稀有色,False
2017-08-17,55.576,55.828,53.381,54.61,143743.0,747319857.0,52.91,53.15,50.82,51.99,True,中稀有色,False
2017-08-18,52.72,53.413,51.26,52.636,132913.0,666027043.0,50.19,50.85,48.8,50.11,True,中稀有色,False
2017-08-21,52.835,53.822,52.048,52.982,111124.0,560509456.0,50.3,51.24,49.55,50.44,True,中稀有色,False
2017-08-22,52.562,53.339,51.313,52.436,125445.0,626221440.0,50.04,50.78,48.85,49.92,True,中稀有色,False
2017-08-23,51.502,51.943,50.294,50.546,109978.0,529214136.0,49.03,49.45,47.88,48.12,True,中稀有色,False
2017-08-24,50.767,51.313,49.58,50.158,84481.0,403396775.0,48.33,48.85,47.2,47.75,True,中稀有色,False
2017-08-25,50.42,51.859,50.032,51.292,103994.0,507802702.0,48.0,49.37,47.63,48.83,True,中稀有色,False
2017-08-28,50.914,52.573,50.861,51.932,111835.0,552912240.0,48.47,50.05,48.42,49.44,True,中稀有色,False
2017-08-29,51.785,53.045,51.271,51.439,87705.0,429491385.0,49.3,50.5,48.81,48.97,True,中稀有色,False
2017-08-30,51.05,52.478,50.924,52.258,93867.0,466988325.0,48.6,49.96,48.48,49.75,True,中稀有色,False
2017-08-31,52.216,52.394,50.945,52.037,107696.0,533525984.0,49.71,49.88,48.5,49.54,True,中稀有色,False
2017-09-01,51.785,55.145,51.785,53.486,193456.0,985077952.0,49.3,52.5,49.3,50.92,True,中稀有色,False
2017-09-04,53.423,54.473,52.783,54.389,140919.0,729678582.0,50.86,51.86,50.25,51.78,True,中稀有色,False
2017-09-05,54.095,54.095,52.478,52.877,92095.0,463606230.00000006,51.5,51.5,49.96,50.34,True,中稀有色,False
2017-09-06,51.89,54.064,51.586,52.604,116976.0,585815808.0,49.4,51.47,49.11,50.08,True,中稀有色,False
2017-09-07,52.1,52.625,50.945,51.103,99910.0,486062150.0,49.6,50.1,48.5,48.65,True,中稀有色,False
2017-09-08,50.998,51.943,50.956,51.313,70033.0,342111205.0,48.55,49.45,48.51,48.85,True,中稀有色,False
2017-09-11,51.355,53.654,51.271,53.171,126872.0,642226064.0,48.89,51.08,48.81,50.62,True,中稀有色,False
2017-09-12,53.077,56.048,52.814,53.822,219074.0,1122535176.0,50.53,53.36,50.28,51.24,True,中稀有色,False
2017-09-13,53.675,55.408,53.129,55.334,157591.0,830189388.0,51.1,52.75,50.58,52.68,True,中稀有色,False
2017-09-14,55.366,55.366,53.245,53.381,126571.0,643233822.0,52.71,52.71,50.69,50.82,True,中稀有色,False
2017-09-15,52.961,53.024,50.945,51.155,115484.0,562407080.0,50.42,50.48,48.5,48.7,True,中稀有色,False
2017-09-18,51.124,52.016,50.956,51.512,59033.0,289497832.0,48.67,49.52,48.51,49.04,True,中稀有色,False
2017-09-19,51.523,51.817,49.37,49.759,96386.0,456580482.0,49.05,49.33,47.0,47.37,True,中稀有色,False
2017-09-20,49.769,50.683,49.601,50.62,78724.0,379370956.0,47.38,48.25,47.22,48.19,True,中稀有色,False
2017-09-21,50.42,50.462,48.845,48.856,76523.0,355908473.0,48.0,48.04,46.5,46.51,True,中稀有色,False
2017-09-22,48.761,49.885,48.551,48.698,50197.0,232713292.0,46.42,47.49,46.22,46.36,True,中稀有色,False
2017-09-25,48.53,48.677,45.359,45.706,91793.0,399391343.0,46.2,46.34,43.18,43.51,True,中稀有色,False
2017-09-26,45.821,46.451,45.695,46.252,45176.0,198909928.0,43.62,44.22,43.5,44.03,True,中稀有色,False
2017-09-27,46.22,46.808,45.884,46.535,32223.0,142747890.0,44.0,44.56,43.68,44.3,True,中稀有色,False
2017-09-28,46.315,46.882,45.685,45.727,39378.0,171412434.0,44.09,44.63,43.49,43.53,True,中稀有色,False
2017-09-29,46.43,46.63,45.811,46.21,37488.0,164909712.0,44.2,44.39,43.61,43.99,True,中稀有色,False
2017-10-09,46.756,47.113,46.094,46.357,39284.0,173360292.0,44.51,44.85,43.88,44.13,True,中稀有色,False
2017-10-10,46.357,46.42,44.792,45.086,60376.0,259133792.0,44.13,44.19,42.64,42.92,True,中稀有色,False
2017-10-11,44.803,45.632,44.467,45.275,45649.0,196747190.0,42.65,43.44,42.33,43.1,True,中稀有色,False
2017-10-12,44.981,45.17,43.7,44.393,53636.0,226665736.0,42.82,43.0,41.6,42.26,True,中稀有色,False
2017-10-13,44.435,45.034,44.435,44.96,32420.0,138757600.0,42.3,42.87,42.3,42.8,True,中稀有色,False
2017-10-16,44.992,45.8,44.194,45.223,51383.0,221203815.0,42.83,43.6,42.07,43.05,True,中稀有色,False
2017-10-17,45.055,45.055,44.309,44.635,25600.0,108774400.0,42.89,42.89,42.18,42.49,True,中稀有色,False
2017-10-18,44.53,45.128,43.973,43.984,30018.0,125685366.0,42.39,42.96,41.86,41.87,True,中稀有色,False
2017-10-19,43.984,44.425,42.913,43.018,34523.0,141371685.0,41.87,42.29,40.85,40.95,True,中稀有色,False
2017-10-20,43.081,45.38,42.755,44.981,66753.0,285836346.0,41.01,43.2,40.7,42.82,True,中稀有色,False
2017-10-23,45.044,45.044,44.12,44.582,37879.0,160758476.0,42.88,42.88,42.0,42.44,True,中稀有色,False
2017-10-24,44.383,45.17,44.383,44.761,32068.0,136641748.0,42.25,43.0,42.25,42.61,True,中稀有色,False
2017-10-25,44.771,44.866,44.288,44.687,21520.0,91546080.0,42.62,42.71,42.16,42.54,True,中稀有色,False
2017-10-26,44.729,45.349,44.341,44.666,53235.0,226355220.00000003,42.58,43.17,42.21,42.52,True,中稀有色,False
2017-10-27,44.53,44.74,43.175,43.322,52866.0,218019384.0,42.39,42.59,41.1,41.24,True,中稀有色,False
2017-10-30,43.322,43.595,41.495,41.684,46538.0,184662784.0,41.24,41.5,39.5,39.68,True,中稀有色,False
2017-10-31,41.684,42.314,41.684,42.125,30269.0,121378690.0,39.68,40.28,39.68,40.1,True,中稀有色,False
2017-11-01,42.283,42.808,41.81,42.083,39689.0,158994134.0,40.25,40.75,39.8,40.06,True,中稀有色,False
2017-11-02,42.041,42.314,41.495,41.6,28261.0,111913560.0,40.02,40.28,39.5,39.6,True,中稀有色,False
2017-11-03,41.506,41.758,40.13,40.403,39472.0,151809312.0,39.51,39.75,38.2,38.46,True,中稀有色,False
2017-11-06,40.55,41.38,40.477,41.327,30457.0,119817838.0,38.6,39.39,38.53,39.34,True,中稀有色,False
2017-11-07,41.39,41.915,40.802,41.8,37096.0,147604984.0,39.4,39.9,38.84,39.79,True,中稀有色,False
2017-11-08,41.705,42.472,41.39,41.999,39796.0,159104408.0,39.7,40.43,39.4,39.98,True,中稀有色,False
2017-11-09,41.915,42.419,41.705,41.915,25038.0,99901620.0,39.9,40.38,39.7,39.9,True,中稀有色,False
2017-11-10,41.915,41.915,41.191,41.422,27966.0,110269938.0,39.9,39.9,39.21,39.43,True,中稀有色,False
2017-11-13,41.758,42.314,41.18,42.314,43976.0,177135328.0,39.75,40.28,39.2,40.28,True,中稀有色,False
2017-11-14,42.283,42.629,41.768,41.852,44297.0,176479248.00000003,40.25,40.58,39.76,39.84,True,中稀有色,False
2017-11-15,41.075,41.348,39.92,40.225,51081.0,195589149.0,39.1,39.36,38.0,38.29,True,中稀有色,False
2017-11-16,40.309,40.634,40.162,40.34,21694.0,83304960.0,38.37,38.68,38.23,38.4,True,中稀有色,False
2017-11-17,40.141,40.424,38.744,38.849,36943.0,136615214.0,38.21,38.48,36.88,36.98,True,中稀有色,False
2017-11-20,37.904,39.448,37.904,39.406,24469.0,91783219.0,36.08,37.55,36.08,37.51,True,中稀有色,False
2017-11-21,39.238,39.92,38.933,39.458,24784.0,93088704.0,37.35,38.0,37.06,37.56,True,中稀有色,False
2017-11-22,39.437,39.91,39.395,39.658,21536.0,81298400.0,37.54,37.99,37.5,37.75,True,中稀有色,False
2017-11-23,39.542,41.075,39.406,39.689,47968.0,181223104.0,37.64,39.1,37.51,37.78,True,中稀有色,False
2017-11-24,39.763,43.658,39.238,42.629,111234.0,451387572.0,37.85,41.56,37.35,40.58,True,中稀有色,False
2017-11-27,42.545,43.774,41.863,42.451,91541.0,369917181.0,40.5,41.67,39.85,40.41,True,中稀有色,False
2017-11-28,42.251,43.333,41.39,42.997,71338.0,291986434.0,40.22,41.25,39.4,40.93,True,中稀有色,False
2017-11-29,42.65,44.225,42.451,43.732,98635.0,410617505.0,40.6,42.1,40.41,41.63,True,中稀有色,False
2017-11-30,43.438,43.469,42.283,42.346,56168.0,226413208.0,41.35,41.38,40.25,40.31,True,中稀有色,False
2017-12-01,42.094,42.493,41.684,42.199,37688.0,151392696.0,40.07,40.45,39.68,40.17,True,中稀有色,False
2017-12-04,42.346,43.385,41.915,41.936,48798.0,194801616.0,40.31,41.3,39.9,39.92,True,中稀有色,False
2017-12-05,41.684,41.684,38.944,39.343,72986.0,273332570.0,39.68,39.68,37.07,37.45,True,中稀有色,False
2017-12-06,38.744,39.868,38.618,39.836,32938.0,124900896.0,36.88,37.95,36.76,37.92,True,中稀有色,False
2017-12-07,39.5,40.214,39.395,39.458,27023.0,101498388.0,37.6,38.28,37.5,37.56,True,中稀有色,False
2017-12-08,39.248,40.067,39.133,39.763,26068.0,98667380.0,37.36,38.14,37.25,37.85,True,中稀有色,False
2017-12-11,39.815,40.519,39.689,40.435,32444.0,124876956.0,37.9,38.57,37.78,38.49,True,中稀有色,False
2017-12-12,40.309,40.876,39.92,39.983,34213.0,130214678.0,38.37,38.91,38.0,38.06,True,中稀有色,False
2017-12-13,39.92,40.151,39.626,40.046,20695.0,78889340.0,38.0,38.22,37.72,38.12,True,中稀有色,False
2017-12-14,39.931,40.309,39.5,39.721,20323.0,76841263.0,38.01,38.37,37.6,37.81,True,中稀有色,False
2017-12-15,39.668,39.773,38.954,39.269,28823.0,107740374.0,37.76,37.86,37.08,37.38,True,中稀有色,False
2017-12-18,39.322,39.889,39.101,39.847,26602.0,100901386.0,37.43,37.97,37.22,37.93,True,中稀有色,False
2017-12-19,39.805,39.973,39.605,39.847,18605.0,70568765.0,37.89,38.05,37.7,37.93,True,中稀有色,False
2017-12-20,40.025,40.109,38.786,38.86,30081.0,111269619.0,38.1,38.18,36.92,36.99,True,中稀有色,False
2017-12-21,38.723,39.437,38.713,39.206,23612.0,88119984.0,36.86,37.54,36.85,37.32,True,中稀有色,False
2017-12-22,39.133,40.393,39.038,39.658,38880.0,146772000.0,37.25,38.45,37.16,37.75,True,中稀有色,False
2017-12-25,39.742,40.235,39.406,39.805,35763.0,135506007.0,37.83,38.3,37.51,37.89,True,中稀有色,False
2017-12-26,39.92,40.015,39.059,39.91,33631.0,127764169.0,38.0,38.09,37.18,37.99,True,中稀有色,False
2017-12-27,39.868,41.18,39.563,40.204,72657.0,278058339.0,37.95,39.2,37.66,38.27,True,中稀有色,False
2017-12-28,39.941,42.325,39.92,41.726,100467.0,399054924.0,38.02,40.29,38.0,39.72,True,中稀有色,False
2017-12-29,41.39,41.642,40.876,41.275,53222.0,209109238.0,39.4,39.64,38.91,39.29,True,中稀有色,False
2018-01-02,41.38,41.873,40.991,41.6,43279.0,171384840.0,39.39,39.86,39.02,39.6,True,中稀有色,False
2018-01-03,41.6,42.23,41.18,41.38,57568.0,226760352.0,39.6,40.2,39.2,39.39,True,中稀有色,False
2018-01-04,41.369,41.684,40.781,41.653,59732.0,236837380.0,39.38,39.68,38.82,39.65,True,中稀有色,False
2018-01-05,41.548,41.548,40.865,41.012,44498.0,173720192.0,39.55,39.55,38.9,39.04,True,中稀有色,False
2018-01-08,40.729,41.789,40.729,41.453,96024.0,378910704.0,38.77,39.78,38.77,39.46,True,中稀有色,False
2018-01-09,41.432,42.892,40.781,41.915,106829.0,426247710.0,39.44,40.83,38.82,39.9,True,中稀有色,False
2018-01-10,42.524,42.934,41.611,41.842,105574.0,420501242.0,40.48,40.87,39.61,39.83,True,中稀有色,False
2018-01-11,41.516,42.482,41.317,41.768,50392.0,200358592.0,39.52,40.44,39.33,39.76,True,中稀有色,False
2018-01-12,41.758,41.894,41.002,41.033,39477.0,154197162.0,39.75,39.88,39.03,39.06,True,中稀有色,False
2018-01-15,41.264,41.264,38.66,39.028,71361.0,265106115.0,39.28,39.28,36.8,37.15,True,中稀有色,False
2018-01-16,39.059,39.332,38.345,38.492,56143.0,205707952.0,37.18,37.44,36.5,36.64,True,中稀有色,False
2018-01-17,38.555,38.555,37.085,37.957,67269.0,243042897.00000003,36.7,36.7,35.3,36.13,True,中稀有色,False
2018-01-18,37.894,38.503,37.768,37.82,43586.0,156909600.0,36.07,36.65,35.95,36.0,True,中稀有色,False
2018-01-19,37.862,38.03,37.369,37.631,51076.0,182954232.0,36.04,36.2,35.57,35.82,True,中稀有色,False
2018-01-22,37.505,38.24,37.295,38.198,37227.0,135357372.0,35.7,36.4,35.5,36.36,True,中稀有色,False
2018-01-23,38.135,38.786,37.978,38.576,51856.0,190415232.0,36.3,36.92,36.15,36.72,True,中稀有色,False
2018-01-24,38.482,38.65,37.925,38.272,32350.0,117851050.0,36.63,36.79,36.1,36.43,True,中稀有色,False
2018-01-25,38.345,39.038,38.345,38.408,42404.0,155029024.0,36.5,37.16,36.5,36.56,True,中稀有色,False
2018-01-26,38.408,38.555,38.135,38.251,23773.0,86557492.99999999,36.56,36.7,36.3,36.41,True,中稀有色,False
2018-01-29,38.251,38.828,37.81,37.957,30992.0,111974096.0,36.41,36.96,35.99,36.13,True,中稀有色,False
2018-01-30,37.831,38.45,37.768,38.03,20477.0,74126740.0,36.01,36.6,35.95,36.2,True,中稀有色,False
2018-01-31,37.81,37.81,36.151,36.329,50144.0,173397952.0,35.99,35.99,34.41,34.58,True,中稀有色,False
2018-02-01,36.329,36.728,33.704,34.376,55755.0,182430360.0,34.58,34.96,32.08,32.72,True,中稀有色,False
2018-02-02,34.387,35.405,33.62,35.017,35458.0,118181514.0,32.73,33.7,32.0,33.33,True,中稀有色,False
2018-02-05,34.25,35.342,34.145,34.597,29775.0,98049075.0,32.6,33.64,32.5,32.93,True,中稀有色,False
2018-02-06,33.62,34.723,31.741,31.919,41510.0,126107380.0,32.0,33.05,30.21,30.38,True,中稀有色,False
2018-02-07,32.623,33.053,31.762,32.476,38692.0,119596972.0,31.05,31.46,30.23,30.91,True,中稀有色,False
2018-02-08,32.15,33.127,32.15,32.864,35485.0,110997080.0,30.6,31.53,30.6,31.28,True,中稀有色,False
2018-02-09,32.255,32.455,30.607,31.258,44762.0,133166950.0,30.7,30.89,29.13,29.75,True,中稀有色,False
2018-02-12,31.289,33.305,31.289,32.728,31980.0,99617700.0,29.78,31.7,29.78,31.15,True,中稀有色,False
2018-02-13,32.759,33.568,32.759,32.927,24798.0,77716932.0,31.18,31.95,31.18,31.34,True,中稀有色,False
2018-02-14,32.948,33.41,32.654,33.148,21795.0,68763225.0,31.36,31.8,31.08,31.55,True,中稀有色,False
2018-02-22,33.61,35.185,33.316,34.366,44736.0,146331456.0,31.99,33.49,31.71,32.71,True,中稀有色,False
2018-02-23,34.303,34.303,33.694,34.145,25716.0,83577000.0,32.65,32.65,32.07,32.5,True,中稀有色,False
2018-02-26,34.565,34.943,33.725,34.523,38265.0,125738790.0,32.9,33.26,32.1,32.86,True,中稀有色,False
2018-02-27,34.355,34.429,33.914,34.198,27185.0,88487174.99999999,32.7,32.77,32.28,32.55,True,中稀有色,False
2018-02-28,33.935,35.657,33.725,35.237,57384.0,192465936.0,32.3,33.94,32.1,33.54,True,中稀有色,False
2018-03-01,34.775,35.164,34.66,34.996,35786.0,119203166.0,33.1,33.47,32.99,33.31,True,中稀有色,False
2018-03-02,34.67,36.14,34.628,35.069,45717.0,152603346.0,33.0,34.4,32.96,33.38,True,中稀有色,False
2018-03-05,35.174,35.416,34.67,34.859,26330.0,87362940.0,33.48,33.71,33.0,33.18,True,中稀有色,False
2018-03-06,34.985,36.088,34.954,35.941,60489.0,206932869.0,33.3,34.35,33.27,34.21,True,中稀有色,False
2018-03-07,35.647,36.697,35.405,35.699,46392.0,157640016.0,33.93,34.93,33.7,33.98,True,中稀有色,False
2018-03-08,35.93,36.434,35.752,36.014,41707.0,142971596.0,34.2,34.68,34.03,34.28,True,中稀有色,False
2018-03-09,36.14,36.193,35.458,35.962,35211.0,120527253.0,34.4,34.45,33.75,34.23,True,中稀有色,False
2018-03-12,36.382,36.749,35.962,36.445,46697.0,161991893.0,34.63,34.98,34.23,34.69,True,中稀有色,False
2018-03-13,36.508,36.508,35.72,36.025,36359.0,124675011.0,34.75,34.75,34.0,34.29,True,中稀有色,False
2018-03-14,35.983,37.274,35.983,36.319,68104.0,235435528.0,34.25,35.48,34.25,34.57,True,中稀有色,False
2018-03-15,35.93,36.235,35.017,35.668,47001.0,159568395.0,34.2,34.49,33.33,33.95,True,中稀有色,False
2018-03-16,35.773,35.773,35.006,35.038,23875.0,79623125.0,34.05,34.05,33.32,33.35,True,中稀有色,False
2018-03-19,35.09,35.09,34.355,34.87,20382.0,67647858.0,33.4,33.4,32.7,33.19,True,中稀有色,False
2018-03-20,34.765,35.185,34.471,35.038,17213.0,57405355.0,33.09,33.49,32.81,33.35,True,中稀有色,False
2018-03-21,35.216,35.437,34.376,34.439,29521.0,96769838.0,33.52,33.73,32.72,32.78,True,中稀有色,False
2018-03-22,34.681,34.87,33.956,34.061,26867.0,87102814.0,33.01,33.19,32.32,32.42,True,中稀有色,False
2018-03-23,33.41,33.41,31.174,31.709,60842.0,183621156.0,31.8,31.8,29.67,30.18,True,中稀有色,False
2018-03-26,30.995,33.914,30.554,33.085,53001.0,166900149.0,29.5,32.28,29.08,31.49,True,中稀有色,False
2018-03-27,33.232,33.946,33.095,33.904,45962.0,148319374.0,31.63,32.31,31.5,32.27,True,中稀有色,False
2018-03-28,33.326,33.799,32.833,33.526,25461.0,81246051.0,31.72,32.17,31.25,31.91,True,中稀有色,False
2018-03-29,33.589,34.313,33.295,34.208,42611.0,138741416.0,31.97,32.66,31.69,32.56,True,中稀有色,False
2018-03-30,34.04,34.208,33.652,34.03,36248.0,117407272.0,32.4,32.56,32.03,32.39,True,中稀有色,False
2018-04-02,34.051,34.607,33.83,34.208,39612.0,128976672.0,32.41,32.94,32.2,32.56,True,中稀有色,False
2018-04-03,33.904,33.935,33.232,33.463,32049.0,102076065.0,32.27,32.3,31.63,31.85,True,中稀有色,False
2018-04-04,33.473,34.093,33.473,33.62,28804.0,92172800.0,31.86,32.45,31.86,32.0,True,中稀有色,False
2018-04-09,33.515,36.76,33.515,36.728,135120.0,472379520.0,31.9,34.99,31.9,34.96,True,中稀有色,False
2018-04-10,36.539,36.539,35.069,35.804,95971.0,327069168.0,34.78,34.78,33.38,34.08,True,中稀有色,False
2018-04-11,35.699,36.308,35.3,36.14,65576.0,225581440.0,33.98,34.56,33.6,34.4,True,中稀有色,False
2018-04-12,35.899,35.983,35.164,35.174,48291.0,161678267.99999997,34.17,34.25,33.47,33.48,True,中稀有色,False
2018-04-13,35.458,35.657,34.933,35.017,29315.0,97706895.0,33.75,33.94,33.25,33.33,True,中稀有色,False
2018-04-16,36.34,38.345,36.088,37.442,221091.0,787968324.0,34.59,36.5,34.35,35.64,True,中稀有色,False
2018-04-17,36.623,36.644,34.996,35.027,118848.0,396239232.00000006,34.86,34.88,33.31,33.34,True,中稀有色,False
2018-04-18,35.185,35.353,33.095,34.334,71401.0,233338468.0,33.49,33.65,31.5,32.68,True,中稀有色,False
2018-04-19,34.219,36.014,34.156,35.657,85477.0,290108938.0,32.57,34.28,32.51,33.94,True,中稀有色,False
2018-04-20,35.09,35.269,33.725,33.851,63928.0,205976016.0,33.4,33.57,32.1,32.22,True,中稀有色,False
2018-04-23,34.04,34.04,32.591,33.043,43449.0,136647105.0,32.4,32.4,31.02,31.45,True,中稀有色,False
2018-04-24,33.053,33.809,33.053,33.715,33039.0,106022151.0,31.46,32.18,31.46,32.09,True,中稀有色,False
2018-04-25,33.389,33.914,33.179,33.694,33196.0,106459572.0,31.78,32.28,31.58,32.07,True,中稀有色,False
2018-04-26,33.694,33.694,32.896,32.917,30810.0,96527730.0,32.07,32.07,31.31,31.33,True,中稀有色,False
2018-04-27,33.095,33.757,33.011,33.442,28104.0,89455032.0,31.5,32.13,31.42,31.83,True,中稀有色,False
2018-05-02,33.41,33.704,33.169,33.494,18344.0,58480672.0,31.8,32.08,31.57,31.88,True,中稀有色,False
2018-05-03,33.515,33.61,32.602,33.326,28344.0,89907168.0,31.9,31.99,31.03,31.72,True,中稀有色,False
2018-05-04,33.326,34.082,33.305,33.473,27514.0,87659604.0,31.72,32.44,31.7,31.86,True,中稀有色,False
2018-05-07,33.82,33.914,33.358,33.809,38149.0,122763482.0,32.19,32.28,31.75,32.18,True,中稀有色,False
2018-05-08,33.736,34.124,33.599,34.04,34604.0,112116960.0,32.11,32.48,31.98,32.4,True,中稀有色,False
2018-05-09,34.009,34.061,33.599,33.746,23891.0,76737892.0,32.37,32.42,31.98,32.12,True,中稀有色,False
2018-05-10,33.82,33.998,33.536,33.694,22060.0,70746420.0,32.19,32.36,31.92,32.07,True,中稀有色,False
2018-05-11,33.851,34.376,33.662,34.355,54382.0,177829140.00000003,32.22,32.72,32.04,32.7,True,中稀有色,False
2018-05-14,34.303,34.618,33.935,34.156,37192.0,120911192.0,32.65,32.95,32.3,32.51,True,中稀有色,False
2018-05-15,34.093,34.292,33.484,33.862,25806.0,83172737.99999999,32.45,32.64,31.87,32.23,True,中稀有色,False
2018-05-16,33.799,33.809,33.41,33.662,23949.0,76732596.0,32.17,32.18,31.8,32.04,True,中稀有色,False
2018-05-17,33.694,33.725,33.316,33.347,19604.0,62223096.0,32.07,32.1,31.71,31.74,True,中稀有色,False
2018-05-18,33.347,33.715,33.274,33.599,16448.0,52600704.0,31.74,32.09,31.67,31.98,True,中稀有色,False
2018-05-21,33.998,34.303,33.641,33.82,32865.0,105792435.0,32.36,32.65,32.02,32.19,True,中稀有色,False
2018-05-22,33.925,33.925,33.284,33.778,27272.0,87679480.0,32.29,32.29,31.68,32.15,True,中稀有色,False
2018-05-23,33.967,34.03,33.305,33.337,21009.0,66661557.0,32.33,32.39,31.7,31.73,True,中稀有色,False
2018-05-24,33.337,34.355,33.326,33.82,43385.0,139656315.0,31.73,32.7,31.72,32.19,True,中稀有色,False
2018-05-25,33.851,33.851,33.2,33.221,29723.0,93984126.0,32.22,32.22,31.6,31.62,True,中稀有色,False
2018-05-28,33.2,33.379,32.57,32.581,23319.0,72312219.0,31.6,31.77,31.0,31.01,True,中稀有色,False
2018-05-29,32.602,32.801,32.255,32.276,19183.0,58930176.0,31.03,31.22,30.7,30.72,True,中稀有色,False
2018-05-30,31.993,32.78,31.436,31.835,31639.0,95866170.0,30.45,31.2,29.92,30.3,True,中稀有色,False
2018-05-31,32.045,32.276,31.888,32.056,16433.0,50137083.0,30.5,30.72,30.35,30.51,True,中稀有色,False
2018-06-01,32.045,32.507,31.814,32.14,14749.0,45117191.0,30.5,30.94,30.28,30.59,True,中稀有色,False
2018-06-04,32.14,32.486,32.024,32.192,16630.0,50954320.0,30.59,30.92,30.48,30.64,True,中稀有色,False
2018-06-05,32.098,32.959,32.077,32.875,21163.0,66219027.0,30.55,31.37,30.53,31.29,True,中稀有色,False
2018-06-06,32.728,33.221,32.507,32.717,18538.0,57727332.0,31.15,31.62,30.94,31.14,True,中稀有色,False
2018-06-07,32.822,33.106,32.339,32.497,16407.0,50746851.0,31.24,31.51,30.78,30.93,True,中稀有色,False
2018-06-08,32.339,32.696,31.583,31.814,20968.0,63491104.0,30.78,31.12,30.06,30.28,True,中稀有色,False
2018-06-11,31.793,32.024,31.499,31.562,12859.0,38628436.0,30.26,30.48,29.98,30.04,True,中稀有色,False
2018-06-12,31.688,31.982,31.31,31.856,15368.0,46595776.0,30.16,30.44,29.8,30.32,True,中稀有色,False
2018-06-13,31.699,32.297,31.573,31.636,14174.0,42677914.0,30.17,30.74,30.05,30.11,True,中稀有色,False
2018-06-14,32.15,33.358,31.993,32.696,55992.0,174247104.0,30.6,31.75,30.45,31.12,True,中稀有色,False
2018-06-15,32.213,33.095,32.213,32.507,34590.0,107021460.0,30.66,31.5,30.66,30.94,True,中稀有色,False
2018-06-19,32.045,32.896,29.441,30.145,53764.0,154248916.0,30.5,31.31,28.02,28.69,True,中稀有色,False
2018-06-20,30.05,30.859,29.945,30.659,26078.0,76095604.0,28.6,29.37,28.5,29.18,True,中稀有色,False
2018-06-21,30.47,31.73,30.365,30.418,32371.0,93714045.0,29.0,30.2,28.9,28.95,True,中稀有色,False
2018-06-22,29.788,30.733,29.42,30.47,25115.0,72833500.0,28.35,29.25,28.0,29.0,True,中稀有色,False
2018-06-25,30.859,31.079,29.977,30.124,17285.0,49556095.0,29.37,29.58,28.53,28.67,True,中稀有色,False
2018-06-26,29.557,30.722,29.525,30.449,18258.0,52911684.0,28.13,29.24,28.1,28.98,True,中稀有色,False
2018-06-27,30.47,31.163,30.313,30.68,28744.0,83932480.0,29.0,29.66,28.85,29.2,True,中稀有色,False
2018-06-28,30.47,30.817,29.998,30.061,19807.0,56667827.0,29.0,29.33,28.55,28.61,True,中稀有色,False
2018-06-29,30.029,30.785,29.977,30.764,25426.0,74447328.0,28.58,29.3,28.53,29.28,True,中稀有色,False
2018-07-02,30.754,31.258,30.218,30.544,23542.0,68436594.0,29.27,29.75,28.76,29.07,True,中稀有色,False
2018-07-03,30.47,30.785,29.746,30.586,23213.0,67573043.0,29.0,29.3,28.31,29.11,True,中稀有色,False
2018-07-04,30.575,30.88,30.092,30.25,20199.0,58152921.0,29.1,29.39,28.64,28.79,True,中稀有色,False
2018-07-05,30.344,30.344,29.21,29.21,23781.0,66111180.0,28.88,28.88,27.8,27.8,True,中稀有色,False
2018-07-06,29.189,29.41,27.32,28.601,39990.0,108852780.0,27.78,27.99,26.0,27.22,True,中稀有色,False
2018-07-09,28.601,29.252,28.475,29.21,17947.0,49892660.0,27.22,27.84,27.1,27.8,True,中稀有色,False
2018-07-10,29.21,29.882,29.105,29.378,22570.0,63105720.0,27.8,28.44,27.7,27.96,True,中稀有色,False
2018-07-11,28.885,28.885,27.929,28.234,24632.0,66186184.0,27.49,27.49,26.58,26.87,True,中稀有色,False
2018-07-12,28.37,28.948,28.244,28.864,20131.0,55299857.0,27.0,27.55,26.88,27.47,True,中稀有色,False
2018-07-13,28.79,29.231,28.685,29.021,18735.0,51746070.0,27.4,27.82,27.3,27.62,True,中稀有色,False
2018-07-16,29.105,29.189,28.528,28.78,13493.0,36957327.0,27.7,27.78,27.15,27.39,True,中稀有色,False
2018-07-17,28.79,28.969,28.528,28.727,11309.0,30918806.0,27.4,27.57,27.15,27.34,True,中稀有色,False
2018-07-18,28.58,28.895,28.549,28.612,12230.0,33302290.0,27.2,27.5,27.17,27.23,True,中稀有色,False
2018-07-19,28.675,28.843,28.034,28.496,15081.0,40899672.0,27.29,27.45,26.68,27.12,True,中稀有色,False
2018-07-20,28.496,28.706,28.139,28.612,12099.0,32945577.0,27.12,27.32,26.78,27.23,True,中稀有色,False
2018-07-23,28.612,29.179,28.475,29.095,21685.0,60045765.0,27.23,27.77,27.1,27.69,True,中稀有色,False
2018-07-24,29.315,29.924,29.011,29.683,39461.0,111477325.0,27.9,28.48,27.61,28.25,True,中稀有色,False
2018-07-25,29.546,30.355,29.42,30.04,35842.0,102472278.0,28.12,28.89,28.0,28.59,True,中稀有色,False
2018-07-26,29.872,30.008,29.473,29.662,21964.0,62004372.0,28.43,28.56,28.05,28.23,True,中稀有色,False
2018-07-27,29.546,29.714,29.221,29.273,15865.0,44199890.0,28.12,28.28,27.81,27.86,True,中稀有色,False
2018-07-30,29.525,29.924,29.263,29.41,19902.0,55705698.0,28.1,28.48,27.85,27.99,True,中稀有色,False
2018-07-31,29.431,29.567,29.021,29.294,11956.0,33333328.0,28.01,28.14,27.62,27.88,True,中稀有色,False
2018-08-01,29.504,29.504,28.223,28.265,26290.0,70720100.0,28.08,28.08,26.86,26.9,True,中稀有色,False
2018-08-02,28.223,28.559,26.963,27.499,28869.0,75550173.0,26.86,27.18,25.66,26.17,True,中稀有色,False
2018-08-03,27.499,27.761,27.268,27.278,12477.0,32390292.0,26.17,26.42,25.95,25.96,True,中稀有色,False
2018-08-06,26.795,27.614,26.795,27.079,15411.0,39714147.0,25.5,26.28,25.5,25.77,True,中稀有色,False
2018-08-07,27.016,27.793,26.963,27.782,17567.0,46447148.0,25.71,26.45,25.66,26.44,True,中稀有色,False
2018-08-08,27.73,27.73,27.079,27.1,16079.0,41467741.0,26.39,26.39,25.77,25.79,True,中稀有色,False
2018-08-09,26.879,27.625,26.837,27.446,17396.0,45438352.0,25.58,26.29,25.54,26.12,True,中稀有色,False
2018-08-10,27.415,27.614,27.236,27.467,11538.0,30160332.0,26.09,26.28,25.92,26.14,True,中稀有色,False
2018-08-13,27.194,27.415,26.9,27.362,14669.0,38198076.0,25.88,26.09,25.6,26.04,True,中稀有色,False
2018-08-14,27.247,28.003,27.215,27.625,21476.0,56460404.0,25.93,26.65,25.9,26.29,True,中稀有色,False
2018-08-15,27.625,27.845,27.068,27.131,13323.0,34399986.0,26.29,26.5,25.76,25.82,True,中稀有色,False
2018-08-16,26.942,27.089,26.081,26.134,19974.0,49675338.0,25.64,25.78,24.82,24.87,True,中稀有色,False
2018-08-17,26.323,26.48,25.22,25.315,26907.0,64818963.0,25.05,25.2,24.0,24.09,True,中稀有色,False
2018-08-20,25.304,25.535,24.485,25.115,24679.0,58982810.0,24.08,24.3,23.3,23.9,True,中稀有色,False
2018-08-21,25.168,25.388,24.8,25.283,12241.0,29451846.0,23.95,24.16,23.6,24.06,True,中稀有色,False
2018-08-22,25.409,25.409,24.737,24.779,10764.0,25381512.0,24.18,24.18,23.54,23.58,True,中稀有色,False
2018-08-23,24.884,25.063,24.611,24.863,10913.0,25820158.0,23.68,23.85,23.42,23.66,True,中稀有色,False
2018-08-24,24.905,25.157,24.748,24.916,10351.0,24542221.0,23.7,23.94,23.55,23.71,True,中稀有色,False
2018-08-27,25.115,26.06,24.884,26.018,28459.0,70464484.0,23.9,24.8,23.68,24.76,True,中稀有色,False
2018-08-28,25.955,26.218,25.651,25.913,21849.0,53879634.0,24.7,24.95,24.41,24.66,True,中稀有色,False
2018-08-29,25.819,25.829,25.409,25.504,14302.0,34710954.0,24.57,24.58,24.18,24.27,True,中稀有色,False
2018-08-30,25.357,25.735,24.8,24.811,15712.0,37096032.0,24.13,24.49,23.6,23.61,True,中稀有色,False
2018-08-31,24.8,25.378,24.59,24.748,13565.0,31945575.0,23.6,24.15,23.4,23.55,True,中稀有色,False
2018-09-03,24.905,25.031,24.59,24.8,9317.0,21988120.0,23.7,23.82,23.4,23.6,True,中稀有色,False
2018-09-04,24.989,25.115,24.727,25.01,11578.0,27555640.0,23.78,23.9,23.53,23.8,True,中稀有色,False
2018-09-05,25.01,25.01,24.59,24.59,12090.0,28290600.0,23.8,23.8,23.4,23.4,True,中稀有色,False
2018-09-06,24.685,24.727,23.866,23.981,17396.0,39697672.0,23.49,23.53,22.71,22.82,True,中稀有色,False
2018-09-07,23.981,24.275,23.75,23.908,11681.0,26574275.0,22.82,23.1,22.6,22.75,True,中稀有色,False
2018-09-10,23.761,23.897,22.48,22.49,26828.0,57411919.99999999,22.61,22.74,21.39,21.4,True,中稀有色,False
2018-09-11,22.501,22.753,21.923,22.175,23883.0,50393130.0,21.41,21.65,20.86,21.1,True,中稀有色,False
2018-09-12,22.228,22.438,22.07,22.333,12038.0,25580750.0,21.15,21.35,21.0,21.25,True,中稀有色,False
2018-09-13,22.427,22.805,22.385,22.616,18188.0,39140576.0,21.34,21.7,21.3,21.52,True,中稀有色,False
2018-09-14,22.469,24.874,22.469,24.107,72505.0,166326470.0,21.38,23.67,21.38,22.94,True,中稀有色,False
2018-09-17,23.33,23.33,22.595,23.225,39388.0,87047480.0,22.2,22.2,21.5,22.1,True,中稀有色,False
2018-09-18,23.015,23.561,22.91,23.519,29202.0,65354076.0,21.9,22.42,21.8,22.38,True,中稀有色,False
2018-09-19,23.498,24.59,23.288,24.17,53736.0,123592800.0,22.36,23.4,22.16,23.0,True,中稀有色,False
2018-09-20,24.59,25.619,24.349,24.643,78550.0,184199750.0,23.4,24.38,23.17,23.45,True,中稀有色,False
2018-09-21,24.38,25.126,23.96,24.905,49714.0,117822180.0,23.2,23.91,22.8,23.7,True,中稀有色,False
2018-09-25,24.905,25.315,24.485,25.01,40089.0,95411820.0,23.7,24.09,23.3,23.8,True,中稀有色,False
2018-09-26,24.916,25.598,24.916,25.168,38287.0,91697365.0,23.71,24.36,23.71,23.95,True,中稀有色,False
2018-09-27,25.157,25.357,24.538,24.559,31957.0,74683509.0,23.94,24.13,23.35,23.37,True,中稀有色,False
2018-09-28,24.664,26.491,24.643,26.375,78389.0,196756390.0,23.47,25.21,23.45,25.1,True,中稀有色,False
2018-10-08,26.323,28.559,25.756,27.142,107129.0,276714207.0,25.05,27.18,24.51,25.83,True,中稀有色,False
2018-10-09,27.205,28.118,26.48,27.761,93252.0,246371784.00000003,25.89,26.76,25.2,26.42,True,中稀有色,False
2018-10-10,27.415,28.108,27.121,27.425,65112.0,169942320.0,26.09,26.75,25.81,26.1,True,中稀有色,False
2018-10-11,26.27,27.215,25.409,26.144,84193.0,209472184.0,25.0,25.9,24.18,24.88,True,中稀有色,False
2018-10-12,26.039,27.32,25.556,26.701,88064.0,223770624.0,24.78,26.0,24.32,25.41,True,中稀有色,False
2018-10-15,26.69,26.701,24.884,24.947,62765.0,149004110.0,25.4,25.41,23.68,23.74,True,中稀有色,False
2018-10-16,24.695,25.766,24.695,25.43,52160.0,126227200.0,23.5,24.52,23.5,24.2,True,中稀有色,False
2018-10-17,26.05,26.218,24.181,24.695,51637.0,121346950.0,24.79,24.95,23.01,23.5,True,中稀有色,False
2018-10-18,24.233,24.674,23.12,23.467,41659.0,93024547.0,23.06,23.48,22.0,22.33,True,中稀有色,False
2018-10-19,22.606,24.118,22.49,24.097,34181.0,78377033.0,21.51,22.95,21.4,22.93,True,中稀有色,False
2018-10-22,24.202,25.934,24.17,25.546,51893.0,126151883.0,23.03,24.68,23.0,24.31,True,中稀有色,False
2018-10-23,25.409,26.081,25.115,25.504,43843.0,106406961.0,24.18,24.82,23.9,24.27,True,中稀有色,False
2018-10-24,25.241,25.829,24.947,25.294,31400.0,75579800.0,24.02,24.58,23.74,24.07,True,中稀有色,False
2018-10-25,24.17,25.598,24.055,25.567,39709.0,96611997.0,23.0,24.36,22.89,24.33,True,中稀有色,False
2018-10-26,26.491,27.32,25.651,25.997,75698.0,187276852.0,25.21,26.0,24.41,24.74,True,中稀有色,False
2018-10-29,25.955,26.375,25.409,25.787,39227.0,96263058.0,24.7,25.1,24.18,24.54,True,中稀有色,False
2018-10-30,25.661,27.845,25.64,27.215,79606.0,206179540.0,24.42,26.5,24.4,25.9,True,中稀有色,False
2018-10-31,26.48,29.84,26.48,29.011,163523.0,451487003.0,25.2,28.4,25.2,27.61,True,中稀有色,False
2018-11-01,28.36,29.41,27.793,28.465,108093.0,292823937.0,26.99,27.99,26.45,27.09,True,中稀有色,False
2018-11-02,28.738,29.021,28.055,28.517,82891.0,224966174.0,27.35,27.62,26.7,27.14,True,中稀有色,False
2018-11-05,28.381,28.958,27.719,28.276,59200.0,159307200.0,27.01,27.56,26.38,26.91,True,中稀有色,False
2018-11-06,28.16,28.906,27.772,28.622,56766.0,154630584.0,26.8,27.51,26.43,27.24,True,中稀有色,False
2018-11-07,28.622,29.158,27.95,27.961,63546.0,169095906.0,27.24,27.75,26.6,26.61,True,中稀有色,False
2018-11-08,28.013,28.339,27.184,27.268,52729.0,136831755.0,26.66,26.97,25.87,25.95,True,中稀有色,False
2018-11-09,27.257,27.772,27.005,27.173,27570.0,71296020.0,25.94,26.43,25.7,25.86,True,中稀有色,False
2018-11-12,27.173,27.856,26.995,27.856,35643.0,94489593.0,25.86,26.51,25.69,26.51,True,中稀有色,False
2018-11-13,28.034,28.727,27.635,28.349,61879.0,166949542.0,26.68,27.34,26.3,26.98,True,中稀有色,False
2018-11-14,28.16,28.223,27.362,27.509,48954.0,128161572.0,26.8,26.86,26.04,26.18,True,中稀有色,False
2018-11-15,27.32,28.003,27.226,28.003,38567.0,102781055.0,26.0,26.65,25.91,26.65,True,中稀有色,False
2018-11-16,28.013,28.192,27.73,28.181,42643.0,114368526.0,26.66,26.83,26.39,26.82,True,中稀有色,False
2018-11-19,28.076,29.189,27.845,29.063,74902.0,207178932.0,26.72,27.78,26.5,27.66,True,中稀有色,False
2018-11-20,28.664,28.895,28.129,28.139,50816.0,136085248.0,27.28,27.5,26.77,26.78,True,中稀有色,False
2018-11-21,27.845,28.097,27.331,27.541,36314.0,95178994.0,26.5,26.74,26.01,26.21,True,中稀有色,False
2018-11-22,27.425,27.793,27.331,27.467,23947.0,62597458.0,26.1,26.45,26.01,26.14,True,中稀有色,False
2018-11-23,27.467,27.541,24.874,25.22,74718.0,179323200.0,26.14,26.21,23.67,24.0,True,中稀有色,False
2018-11-26,24.8,25.745,24.8,25.063,21175.0,50502375.0,23.6,24.5,23.6,23.85,True,中稀有色,False
2018-11-27,25.126,25.598,25.063,25.231,16037.0,38504837.0,23.91,24.36,23.85,24.01,True,中稀有色,False
2018-11-28,25.231,25.735,24.895,25.64,21333.0,52052520.0,24.01,24.49,23.69,24.4,True,中稀有色,False
2018-11-29,25.997,26.48,25.577,25.661,36407.0,88905894.0,24.74,25.2,24.34,24.42,True,中稀有色,False
2018-11-30,25.388,25.976,25.21,25.682,21534.0,52629096.0,24.16,24.72,23.99,24.44,True,中稀有色,False
2018-12-03,26.123,26.764,25.735,26.69,46304.0,117612160.0,24.86,25.47,24.49,25.4,True,中稀有色,False
2018-12-04,26.449,26.627,26.134,26.407,27611.0,69386443.0,25.17,25.34,24.87,25.13,True,中稀有色,False
2018-12-05,25.913,26.869,25.766,26.323,35972.0,90109860.0,24.66,25.57,24.52,25.05,True,中稀有色,False
2018-12-06,26.071,26.26,25.745,25.766,20747.0,50871644.0,24.81,24.99,24.5,24.52,True,中稀有色,False
2018-12-07,25.672,26.039,25.567,25.619,12837.0,31296606.0,24.43,24.78,24.33,24.38,True,中稀有色,False
2018-12-10,25.409,25.829,25.325,25.483,12550.0,30433750.0,24.18,24.58,24.1,24.25,True,中稀有色,False
2018-12-11,25.535,25.745,25.304,25.441,9897.0,23960637.0,24.3,24.5,24.08,24.21,True,中稀有色,False
2018-12-12,25.546,25.903,25.462,25.567,11144.0,27113352.0,24.31,24.65,24.23,24.33,True,中稀有色,False
2018-12-13,25.567,25.85,25.43,25.619,15813.0,38552094.0,24.33,24.6,24.2,24.38,True,中稀有色,False
2018-12-14,25.598,25.598,24.653,24.674,28538.0,67007224.0,24.36,24.36,23.46,23.48,True,中稀有色,False
2018-12-17,24.611,24.853,24.38,24.695,12402.0,29144700.0,23.42,23.65,23.2,23.5,True,中稀有色,False
2018-12-18,24.643,24.685,24.17,24.422,12520.0,29096480.0,23.45,23.49,23.0,23.24,True,中稀有色,False
2018-12-19,24.58,24.643,23.561,23.614,25050.0,56287350.0,23.39,23.45,22.42,22.47,True,中稀有色,False
2018-12-20,23.593,23.845,23.435,23.792,13476.0,30509664.0,22.45,22.69,22.3,22.64,True,中稀有色,False
2018-12-21,23.813,24.002,23.341,23.845,12312.0,27935928.0,22.66,22.84,22.21,22.69,True,中稀有色,False
2018-12-24,23.845,24.044,23.551,23.939,13158.0,29973924.0,22.69,22.88,22.41,22.78,True,中稀有色,False
2018-12-25,23.729,23.75,23.015,23.645,21566.0,48523500.0,22.58,22.6,21.9,22.5,True,中稀有色,False
2018-12-26,23.834,23.834,23.488,23.729,9636.0,21758088.0,22.68,22.68,22.35,22.58,True,中稀有色,False
2018-12-27,24.17,24.338,23.131,23.299,13352.0,29601384.000000004,23.0,23.16,22.01,22.17,True,中稀有色,False
2018-12-28,23.299,23.572,23.204,23.498,12494.0,27936584.0,22.17,22.43,22.08,22.36,True,中稀有色,False
2019-01-02,23.53,23.677,22.805,22.816,16445.0,35702095.0,22.39,22.53,21.7,21.71,True,中稀有色,False
2019-01-03,23.33,23.519,22.826,23.141,12915.0,28438830.0,22.2,22.38,21.72,22.02,True,中稀有色,False
2019-01-04,22.805,24.17,22.606,23.981,25165.0,57426530.0,21.7,23.0,21.51,22.82,True,中稀有色,False
2019-01-07,23.992,24.989,23.918,24.653,36555.0,85758030.0,22.83,23.78,22.76,23.46,True,中稀有色,False
2019-01-08,24.485,24.958,24.118,24.307,22654.0,52398702.0,23.3,23.75,22.95,23.13,True,中稀有色,False
2019-01-09,24.422,24.559,24.086,24.086,24218.0,55507656.00000001,23.24,23.37,22.92,22.92,True,中稀有色,False
2019-01-10,24.118,24.328,23.897,23.971,12940.0,29516140.0,22.95,23.15,22.74,22.81,True,中稀有色,False
2019-01-11,24.16,24.485,23.971,24.307,21691.0,50171283.0,22.99,23.3,22.81,23.13,True,中稀有色,False
2019-01-14,24.38,24.569,24.034,24.076,16045.0,36759095.0,23.2,23.38,22.87,22.91,True,中稀有色,False
2019-01-15,24.149,24.275,23.908,24.223,13733.0,31654565.0,22.98,23.1,22.75,23.05,True,中稀有色,False
2019-01-16,24.433,24.433,23.908,24.118,12672.0,29082240.0,23.25,23.25,22.75,22.95,True,中稀有色,False
2019-01-17,24.223,24.464,23.708,23.908,22405.0,50971375.0,23.05,23.28,22.56,22.75,True,中稀有色,False
2019-01-18,23.866,24.485,23.866,24.349,28020.0,64922340.00000001,22.71,23.3,22.71,23.17,True,中稀有色,False
2019-01-21,24.464,24.622,24.223,24.38,18335.0,42537200.0,23.28,23.43,23.05,23.2,True,中稀有色,False
2019-01-22,24.38,24.422,23.887,24.013,16374.0,37414590.0,23.2,23.24,22.73,22.85,True,中稀有色,False
2019-01-23,24.013,24.149,23.729,23.824,15074.0,34172758.0,22.85,22.98,22.58,22.67,True,中稀有色,False
2019-01-24,23.771,24.055,23.572,23.824,13805.0,31295935.000000004,22.62,22.89,22.43,22.67,True,中稀有色,False
2019-01-25,23.698,23.876,23.456,23.477,15328.0,34242752.0,22.55,22.72,22.32,22.34,True,中稀有色,False
2019-01-28,23.74,23.866,23.236,23.257,10050.0,22240650.0,22.59,22.71,22.11,22.13,True,中稀有色,False
2019-01-29,23.194,23.435,22.805,23.078,13487.0,29617452.0,22.07,22.3,21.7,21.96,True,中稀有色,False
2019-01-30,22.91,23.215,22.711,22.732,8551.0,18495813.0,21.8,22.09,21.61,21.63,True,中稀有色,False
2019-01-31,22.49,22.837,20.684,21.146,45822.0,92193864.0,21.4,21.73,19.68,20.12,True,中稀有色,False
2019-02-01,21.23,22.049,21.23,21.986,17196.0,35974032.0,20.2,20.98,20.2,20.92,True,中稀有色,False
2019-02-11,22.091,22.69,22.091,22.658,16486.0,35543816.0,21.02,21.59,21.02,21.56,True,中稀有色,False
2019-02-12,22.627,22.91,22.501,22.648,16799.0,36201845.0,21.53,21.8,21.41,21.55,True,中稀有色,False
2019-02-13,22.648,23.456,22.585,23.215,29794.0,65814946.0,21.55,22.32,21.49,22.09,True,中稀有色,False
2019-02-14,23.215,23.278,22.847,23.162,18393.0,40538172.0,22.09,22.15,21.74,22.04,True,中稀有色,False
2019-02-15,23.183,23.477,23.036,23.194,22842.0,50412294.0,22.06,22.34,21.92,22.07,True,中稀有色,False
2019-02-18,23.194,23.96,23.194,23.939,31497.0,71750166.0,22.07,22.8,22.07,22.78,True,中稀有色,False
2019-02-19,23.929,24.443,23.645,24.149,33623.0,77265654.0,22.77,23.26,22.5,22.98,True,中稀有色,False
2019-02-20,24.181,25.21,24.086,24.643,47137.0,110536265.0,23.01,23.99,22.92,23.45,True,中稀有色,False
2019-02-21,24.695,25.535,24.464,24.821,56429.0,133285298.0,23.5,24.3,23.28,23.62,True,中稀有色,False
2019-02-22,24.685,25.241,24.443,25.22,42481.0,101954400.0,23.49,24.02,23.26,24.0,True,中稀有色,False
2019-02-25,25.546,27.74,25.115,27.74,142925.0,377322000.0,24.31,26.4,23.9,26.4,True,中稀有色,False
2019-02-26,27.845,29.588,27.383,28.181,144535.0,387642870.0,26.5,28.16,26.06,26.82,True,中稀有色,False
2019-02-27,27.929,28.36,27.026,27.194,83773.0,216804524.0,26.58,26.99,25.72,25.88,True,中稀有色,False
2019-02-28,27.194,27.509,26.585,26.879,45907.0,117430106.0,25.88,26.18,25.3,25.58,True,中稀有色,False
2019-03-01,27.11,27.289,26.144,26.942,49200.0,126148800.0,25.8,25.97,24.88,25.64,True,中稀有色,False
2019-03-04,27.058,27.856,26.806,27.415,79675.0,207872075.0,25.75,26.51,25.51,26.09,True,中稀有色,False
2019-03-05,27.478,28.129,27.194,28.108,72273.0,193330275.0,26.15,26.77,25.88,26.75,True,中稀有色,False
2019-03-06,29.21,30.449,29.021,29.788,149148.0,422834580.0,27.8,28.98,27.62,28.35,True,中稀有色,False
2019-03-07,29.252,32.77,28.979,32.77,227170.0,708543230.0,27.84,31.19,27.58,31.19,True,中稀有色,False
2019-03-08,31.793,34.334,31.405,31.52,210078.0,630234000.0,30.26,32.68,29.89,30.0,True,中稀有色,False
2019-03-11,31.384,33.358,31.363,32.696,120345.0,374513640.0,29.87,31.75,29.85,31.12,True,中稀有色,False
2019-03-12,33.61,34.051,32.203,32.78,131919.0,411587280.0,31.99,32.41,30.65,31.2,True,中稀有色,False
2019-03-13,32.99,34.25,32.654,33.305,133038.0,421730460.0,31.4,32.6,31.08,31.7,True,中稀有色,False
2019-03-14,32.728,35.384,31.909,33.305,167249.0,530179330.0,31.15,33.68,30.37,31.7,True,中稀有色,False
2019-03-15,34.313,34.66,32.57,34.051,99397.0,322145676.99999994,32.66,32.99,31.0,32.41,True,中稀有色,False
2019-03-18,37.453,37.453,35.825,37.453,236546.0,843286490.0,35.65,35.65,34.1,35.65,True,中稀有色,False
2019-03-19,36.77,39.91,36.613,38.86,208727.0,772081173.0,35.0,37.99,34.85,36.99,True,中稀有色,False
2019-03-20,37.82,38.702,36.928,37.862,160885.0,579829540.0,36.0,36.84,35.15,36.04,True,中稀有色,False
2019-03-21,37.883,40.624,37.505,39.322,192303.0,719790129.0,36.06,38.67,35.7,37.43,True,中稀有色,False
2019-03-22,39.353,41.915,39.353,41.443,185401.0,731406945.0,37.46,39.9,37.46,39.45,True,中稀有色,False
2019-03-25,40.603,41.548,39.521,40.34,165167.0,634241280.0,38.65,39.55,37.62,38.4,True,中稀有色,False
2019-03-26,40.256,41.075,37.558,38.335,174856.0,638049544.0,38.32,39.1,35.75,36.49,True,中稀有色,False
2019-03-27,38.849,39.08,35.972,37.085,161927.0,571602310.0,36.98,37.2,34.24,35.3,True,中稀有色,False
2019-03-28,36.613,36.77,35.017,35.3,156523.0,525917280.0,34.85,35.0,33.33,33.6,True,中稀有色,False
2019-03-29,35.069,36.749,34.964,36.277,145579.0,502684287.0,33.38,34.98,33.28,34.53,True,中稀有色,False
2019-04-01,35.93,38.881,35.93,37.337,179657.0,638500978.0,34.2,37.01,34.2,35.54,True,中稀有色,False
2019-04-02,37.379,41.065,36.77,41.065,275480.0,1076851320.0,35.58,39.09,35.0,39.09,True,中稀有色,False
2019-04-03,40.235,41.81,39.815,40.792,218627.0,848928641.0,38.3,39.8,37.9,38.83,True,中稀有色,False
2019-04-04,40.445,42.566,39.868,41.306,199667.0,785090644.0,38.5,40.52,37.95,39.32,True,中稀有色,False
2019-04-08,41.705,44.194,40.445,43.543,240777.0,998020665.0,39.7,42.07,38.5,41.45,True,中稀有色,False
2019-04-09,42.965,42.965,39.91,40.214,196549.0,752389572.0,40.9,40.9,37.99,38.28,True,中稀有色,False
2019-04-10,39.343,40.918,37.936,39.868,135787.0,515311665.00000006,37.45,38.95,36.11,37.95,True,中稀有色,False
2019-04-11,39.133,40.813,38.87,38.965,93868.0,348156412.00000006,37.25,38.85,37.0,37.09,True,中稀有色,False
2019-04-12,38.965,39.395,37.316,38.23,96756.0,352095084.0,37.09,37.5,35.52,36.39,True,中稀有色,False
2019-04-15,38.87,39.763,37.558,37.747,79598.0,285995614.0,37.0,37.85,35.75,35.93,True,中稀有色,False
2019-04-16,36.77,39.605,36.718,39.448,107033.0,401908915.0,35.0,37.7,34.95,37.55,True,中稀有色,False
2019-04-17,39.322,40.046,38.818,39.133,80933.0,301475425.0,37.43,38.12,36.95,37.25,True,中稀有色,False
2019-04-18,38.87,39.637,38.009,38.051,80284.0,290788648.0,37.0,37.73,36.18,36.22,True,中稀有色,False
2019-04-19,37.747,38.219,36.245,37.957,97040.0,350605520.0,35.93,36.38,34.5,36.13,True,中稀有色,False
2019-04-22,37.4,38.534,36.791,36.928,69143.0,243037645.0,35.6,36.68,35.02,35.15,True,中稀有色,False
2019-04-23,36.896,37.978,36.109,37.4,80953.0,288192680.0,35.12,36.15,34.37,35.6,True,中稀有色,False
2019-04-24,36.928,37.285,36.193,36.581,54273.0,188978586.0,35.15,35.49,34.45,34.82,True,中稀有色,False
2019-04-25,36.55,37.453,35.72,35.794,73376.0,249992032.0,34.79,35.65,34.0,34.07,True,中稀有色,False
2019-04-26,35.405,35.878,34.219,34.271,71220.0,232319640.0,33.7,34.15,32.57,32.62,True,中稀有色,False
2019-04-29,34.649,34.649,32.948,33.41,61030.0,194075400.0,32.98,32.98,31.36,31.8,True,中稀有色,False
2019-04-30,34.04,34.775,33.62,34.618,47505.0,156528975.0,32.4,33.1,32.0,32.95,True,中稀有色,False
2019-05-06,33.2,34.145,31.31,31.405,79997.0,239111033.0,31.6,32.5,29.8,29.89,True,中稀有色,False
2019-05-07,31.951,32.728,31.447,31.94,69012.0,209796480.0,30.41,31.15,29.93,30.4,True,中稀有色,False
2019-05-08,30.911,32.318,30.817,31.415,63145.0,188803550.0,29.42,30.76,29.33,29.9,True,中稀有色,False
2019-05-09,31.31,33.347,31.1,32.696,85632.0,266486784.0,29.8,31.74,29.6,31.12,True,中稀有色,False
2019-05-10,32.78,35.678,32.78,35.615,132308.0,448524120.0,31.2,33.96,31.2,33.9,True,中稀有色,False
2019-05-13,35.72,36.76,34.681,36.329,103777.0,358860866.0,34.0,34.99,33.01,34.58,True,中稀有色,False
2019-05-14,38.807,39.962,36.781,37.075,158804.0,560419316.0,36.94,38.04,35.01,35.29,True,中稀有色,False
2019-05-15,37.012,38.146,36.361,37.904,131613.0,474859704.0,35.23,36.31,34.61,36.08,True,中稀有色,False
2019-05-16,38.45,41.695,38.45,41.695,214310.0,850596390.0,36.6,39.69,36.6,39.69,True,中稀有色,False
2019-05-17,44.12,44.12,38.87,39.395,301421.0,1130328750.0,42.0,42.0,37.0,37.5,True,中稀有色,False
2019-05-20,38.188,42.65,36.875,41.6,238620.0,944935200.0,36.35,40.6,35.1,39.6,True,中稀有色,False
2019-05-21,40.97,45.758,39.395,45.758,372535.0,1622762460.0,39.0,43.56,37.5,43.56,True,中稀有色,False
2019-05-22,44.803,46.105,42.65,42.703,321618.0,1307377170.0,42.65,43.89,40.6,40.65,True,中稀有色,False
2019-05-23,43.595,44.53,41.369,42.125,212790.0,853287900.0,41.5,42.39,39.38,40.1,True,中稀有色,False
2019-05-24,40.97,42.745,38.534,39.017,203384.0,755368176.0,39.0,40.69,36.68,37.14,True,中稀有色,False
2019-05-27,39.605,40.855,39.08,40.13,172330.0,658300600.0,37.7,38.89,37.2,38.2,True,中稀有色,False
2019-05-28,40.393,41.285,39.805,40.046,180331.0,687421772.0,38.45,39.3,37.89,38.12,True,中稀有色,False
2019-05-29,42.755,43.679,41.243,42.283,252424.0,1016006600.0,40.7,41.58,39.26,40.25,True,中稀有色,False
2019-05-30,41.747,41.989,38.902,40.634,187606.0,725660008.0,39.74,39.97,37.03,38.68,True,中稀有色,False
2019-05-31,40.676,43.595,40.561,41.947,218063.0,870725559.0,38.72,41.5,38.61,39.93,True,中稀有色,False
2019-06-03,42.125,42.367,39.815,40.046,164400.0,626692800.0,40.1,40.33,37.9,38.12,True,中稀有色,False
2019-06-04,39.92,40.739,38.765,39.343,123441.0,462286545.00000006,38.0,38.78,36.9,37.45,True,中稀有色,False
2019-06-05,40.813,41.485,39.815,40.015,135014.0,514268326.00000006,38.85,39.49,37.9,38.09,True,中稀有色,False
2019-06-06,40.498,42.787,40.445,41.579,196544.0,777921152.0,38.55,40.73,38.5,39.58,True,中稀有色,False
2019-06-10,42.944,43.07,40.088,42.02,174816.0,699264000.0,40.88,41.0,38.16,40.0,True,中稀有色,False
2019-06-11,42.23,45.475,41.894,44.425,238351.0,1007986379.0,40.2,43.29,39.88,42.29,True,中稀有色,False
2019-06-12,44.939,48.866,44.425,45.223,361019.0,1554186795.0,42.78,46.52,42.29,43.05,True,中稀有色,False
2019-06-13,44.099,46.535,43.585,44.887,218465.0,933500945.0,41.98,44.3,41.49,42.73,True,中稀有色,False
2019-06-14,45.118,48.184,43.7,46.451,268628.0,1187873016.0,42.95,45.87,41.6,44.22,True,中稀有色,False
2019-06-17,47.26,51.092,46.745,49.055,283742.0,1325075140.0,44.99,48.64,44.5,46.7,True,中稀有色,False
2019-06-18,47.491,48.845,45.727,46.745,215856.0,960559200.0,45.21,46.5,43.53,44.5,True,中稀有色,False
2019-06-19,45.895,47.06,45.17,45.884,201037.0,878129616.0,43.69,44.8,43.0,43.68,True,中稀有色,False
2019-06-20,45.58,45.905,43.606,44.561,200570.0,850817940.0,43.39,43.7,41.51,42.42,True,中稀有色,False
2019-06-21,44.057,45.464,44.057,44.299,160669.0,677541173.0,41.94,43.28,41.94,42.17,True,中稀有色,False
2019-06-24,44.204,45.853,44.204,45.086,146326.0,628031192.0,42.08,43.65,42.08,42.92,True,中稀有色,False
2019-06-25,44.12,44.141,40.781,41.716,205362.0,815492502.0,42.0,42.02,38.82,39.71,True,中稀有色,False
2019-06-26,41.485,42.367,40.655,40.876,110499.0,429951609.0,39.49,40.33,38.7,38.91,True,中稀有色,False
2019-06-27,40.96,41.6,40.445,41.17,94057.0,368609383.0,38.99,39.6,38.5,39.19,True,中稀有色,False
2019-06-28,40.939,42.703,40.813,42.335,137631.0,554652930.0,38.97,40.65,38.85,40.3,True,中稀有色,False
2019-07-01,40.445,41.632,40.057,41.18,145072.0,568682240.0,38.5,39.63,38.13,39.2,True,中稀有色,False
2019-07-02,40.97,41.642,40.76,41.191,79068.0,310025628.0,39.0,39.64,38.8,39.21,True,中稀有色,False
2019-07-03,41.054,41.579,40.298,40.403,76131.0,292799826.0,39.08,39.58,38.36,38.46,True,中稀有色,False
2019-07-04,40.613,40.76,38.975,40.76,107061.0,415396680.0,38.66,38.8,37.1,38.8,True,中稀有色,False
2019-07-05,40.97,41.18,40.267,40.991,68924.0,268941448.0,39.0,39.2,38.33,39.02,True,中稀有色,False
2019-07-08,40.96,40.96,38.44,39.059,96506.0,358809308.0,38.99,38.99,36.59,37.18,True,中稀有色,False
2019-07-09,38.923,39.899,38.513,39.332,60522.0,226594368.0,37.05,37.98,36.66,37.44,True,中稀有色,False
2019-07-10,39.185,39.374,37.453,37.61,89412.0,320094960.0,37.3,37.48,35.65,35.8,True,中稀有色,False
2019-07-11,37.967,38.23,36.959,37.61,59725.0,213815500.0,36.14,36.39,35.18,35.8,True,中稀有色,False
2019-07-12,37.789,37.831,36.959,37.001,48742.0,171669324.0,35.97,36.01,35.18,35.22,True,中稀有色,False
2019-07-15,37.663,38.734,37.064,38.513,89965.0,329811689.99999994,35.85,36.87,35.28,36.66,True,中稀有色,False
2019-07-16,38.503,38.818,38.051,38.45,51753.0,189415980.0,36.65,36.95,36.22,36.6,True,中稀有色,False
2019-07-17,38.324,39.448,38.02,38.744,67803.0,250057464.00000003,36.48,37.55,36.19,36.88,True,中稀有色,False
2019-07-18,39.395,41.369,39.395,40.004,129934.0,494788672.0,37.5,39.38,37.5,38.08,True,中稀有色,False
2019-07-19,39.49,40.225,39.49,39.511,68150.0,256312150.0,37.59,38.29,37.59,37.61,True,中稀有色,False
2019-07-22,38.86,38.86,35.563,35.563,144023.0,487517855.0,36.99,36.99,33.85,33.85,True,中稀有色,False
2019-07-23,35.531,35.741,34.46,35.741,60361.0,205348122.00000003,33.82,34.02,32.8,34.02,True,中稀有色,False
2019-07-24,35.689,36.497,35.51,36.161,55290.0,190308180.0,33.97,34.74,33.8,34.42,True,中稀有色,False
2019-07-25,35.752,36.613,35.72,36.151,47261.0,162625100.99999997,34.03,34.85,34.0,34.41,True,中稀有色,False
2019-07-26,35.941,36.434,35.384,36.34,55537.0,192102483.00000003,34.21,34.68,33.68,34.59,True,中稀有色,False
2019-07-29,36.161,36.466,35.92,35.983,28206.0,96605550.0,34.42,34.71,34.19,34.25,True,中稀有色,False
2019-07-30,35.773,36.224,35.773,35.962,27803.0,95169669.0,34.05,34.48,34.05,34.23,True,中稀有色,False
2019-07-31,36.056,36.298,35.405,36.193,49518.0,170589510.0,34.32,34.55,33.7,34.45,True,中稀有色,False
2019-08-01,36.088,36.088,35.416,35.51,41193.0,139232340.0,34.35,34.35,33.71,33.8,True,中稀有色,False
2019-08-02,37.295,38.765,36.413,38.387,188250.0,687865500.0,35.5,36.9,34.66,36.54,True,中稀有色,False
2019-08-05,38.24,39.794,37.694,38.87,130702.0,483597400.0,36.4,37.88,35.88,37.0,True,中稀有色,False
2019-08-06,38.135,39.238,37.358,37.505,117701.0,420192570.00000006,36.3,37.35,35.56,35.7,True,中稀有色,False
2019-08-07,37.82,40.12,37.694,39.584,139602.0,526020336.0,36.0,38.19,35.88,37.68,True,中稀有色,False
2019-08-08,38.996,39.28,38.03,38.461,103038.0,377222118.0,37.12,37.39,36.2,36.61,True,中稀有色,False
2019-08-09,38.345,39.07,37.852,38.02,76462.0,276715978.0,36.5,37.19,36.03,36.19,True,中稀有色,False
2019-08-12,37.642,37.999,35.458,36.329,103745.0,358750210.0,35.83,36.17,33.75,34.58,True,中稀有色,False
2019-08-13,35.878,37.054,35.878,36.371,56494.0,195582228.0,34.15,35.27,34.15,34.62,True,中稀有色,False
2019-08-14,35.164,35.678,34.67,35.447,71251.0,240400874.0,33.47,33.96,33.0,33.74,True,中稀有色,False
2019-08-15,34.754,35.657,34.733,35.038,53068.0,176981780.0,33.08,33.94,33.06,33.35,True,中稀有色,False
2019-08-16,36.025,36.749,35.867,36.35,97416.0,337059360.0,34.29,34.98,34.14,34.6,True,中稀有色,False
2019-08-19,35.72,36.749,35.3,36.707,88678.0,309840932.0,34.0,34.98,33.6,34.94,True,中稀有色,False
2019-08-20,36.665,37.589,36.256,37.085,86270.0,304533100.0,34.9,35.78,34.51,35.3,True,中稀有色,False
2019-08-21,36.77,36.875,36.14,36.235,53411.0,184214539.0,35.0,35.1,34.4,34.49,True,中稀有色,False
2019-08-22,36.182,37.064,36.13,36.571,52655.0,183292055.0,34.44,35.28,34.39,34.81,True,中稀有色,False
2019-08-23,36.56,37.652,36.508,37.022,89573.0,315655252.0,34.8,35.84,34.75,35.24,True,中稀有色,False
2019-08-26,38.177,38.345,36.823,36.917,96465.0,338978010.0,36.34,36.5,35.05,35.14,True,中稀有色,False
2019-08-27,36.245,36.781,35.615,36.76,73906.0,258597094.0,34.5,35.01,33.9,34.99,True,中稀有色,False
2019-08-28,36.518,36.718,36.056,36.067,50554.0,173551882.0,34.76,34.95,34.32,34.33,True,中稀有色,False
2019-08-29,35.92,36.424,35.92,36.046,40457.0,138807967.0,34.19,34.67,34.19,34.31,True,中稀有色,False
2019-08-30,35.647,37.82,35.51,36.833,95992.0,336547952.0,33.93,36.0,33.8,35.06,True,中稀有色,False
2019-09-02,36.665,36.854,35.93,36.739,62410.0,218247770.0,34.9,35.08,34.2,34.97,True,中稀有色,False
2019-09-03,36.791,37.642,36.749,37.022,60797.0,214248628.0,35.02,35.83,34.98,35.24,True,中稀有色,False
2019-09-04,36.98,37.799,36.56,37.421,88759.0,316159558.0,35.2,35.98,34.8,35.62,True,中稀有色,False
2019-09-05,37.421,38.303,36.791,37.684,111318.0,399297666.0,35.62,36.46,35.02,35.87,True,中稀有色,False
2019-09-06,37.978,38.219,37.117,37.264,80697.0,286232259.0,36.15,36.38,35.33,35.47,True,中稀有色,False
2019-09-09,37.621,37.82,37.316,37.747,69435.0,249479955.0,35.81,36.0,35.52,35.93,True,中稀有色,False
2019-09-10,37.705,38.692,37.432,38.041,87821.0,317999841.0,35.89,36.83,35.63,36.21,True,中稀有色,False
2019-09-11,38.051,38.513,37.421,37.747,78613.0,282456509.0,36.22,36.66,35.62,35.93,True,中稀有色,False
2019-09-12,37.81,37.82,37.211,37.285,54564.0,193647636.0,35.99,36.0,35.42,35.49,True,中稀有色,False
2019-09-16,37.148,37.568,36.907,37.054,47008.0,165797216.0,35.36,35.76,35.13,35.27,True,中稀有色,False
2019-09-17,37.075,37.6,36.56,36.634,66145.0,230647615.0,35.29,35.79,34.8,34.87,True,中稀有色,False
2019-09-18,36.718,36.928,36.245,36.298,44662.0,154307210.0,34.95,35.15,34.5,34.55,True,中稀有色,False
2019-09-19,36.361,36.907,36.245,36.728,38757.0,135494472.0,34.61,35.13,34.5,34.96,True,中稀有色,False
2019-09-20,36.665,36.938,36.403,36.728,35588.0,124415648.0,34.9,35.16,34.65,34.96,True,中稀有色,False
2019-09-23,36.434,36.455,35.479,35.531,56758.0,191955556.0,34.68,34.7,33.77,33.82,True,中稀有色,False
2019-09-24,35.762,35.762,35.132,35.216,37894.0,127020688.0,34.04,34.04,33.44,33.52,True,中稀有色,False
2019-09-25,35.09,35.867,34.565,35.489,54787.0,185070486.0,33.4,34.14,32.9,33.78,True,中稀有色,False
2019-09-26,35.3,35.699,33.62,33.736,48577.0,155980747.0,33.6,33.98,32.0,32.11,True,中稀有色,False
2019-09-27,34.061,34.219,33.694,33.736,22548.0,72401628.0,32.42,32.57,32.07,32.11,True,中稀有色,False
2019-09-30,33.977,34.198,33.736,33.82,22760.0,73264440.0,32.34,32.55,32.11,32.19,True,中稀有色,False
2019-10-08,33.809,34.408,33.232,34.408,28372.0,92918300.0,32.18,32.75,31.63,32.75,True,中稀有色,False
2019-10-09,34.229,35.195,33.946,34.985,40200.0,133866000.0,32.58,33.5,32.31,33.3,True,中稀有色,False
2019-10-10,34.691,35.132,34.534,34.828,25742.0,85334730.0,33.02,33.44,32.87,33.15,True,中稀有色,False
2019-10-11,34.838,34.922,34.25,34.397,22349.0,73170626.0,33.16,33.24,32.6,32.74,True,中稀有色,False
2019-10-14,34.009,34.649,34.009,34.492,28343.0,93050069.0,32.37,32.98,32.37,32.83,True,中稀有色,False
2019-10-15,34.25,34.607,33.568,33.61,27679.0,88545121.0,32.6,32.94,31.95,31.99,True,中稀有色,False
2019-10-16,33.599,34.124,33.599,33.662,21908.0,70193232.0,31.98,32.48,31.98,32.04,True,中稀有色,False
2019-10-17,33.862,33.872,33.452,33.526,14265.0,45519615.0,32.23,32.24,31.84,31.91,True,中稀有色,False
2019-10-18,33.725,33.725,31.216,32.066,49859.0,152169668.0,32.1,32.1,29.71,30.52,True,中稀有色,False
2019-10-21,32.234,32.329,31.31,31.888,23666.0,71826310.0,30.68,30.77,29.8,30.35,True,中稀有色,False
2019-10-22,32.035,32.276,31.667,31.835,19301.0,58482030.0,30.49,30.72,30.14,30.3,True,中稀有色,False
2019-10-23,32.003,32.003,31.31,31.352,22748.0,67880032.0,30.46,30.46,29.8,29.84,True,中稀有色,False
2019-10-24,31.489,31.615,30.995,31.499,21510.0,64486980.0,29.97,30.09,29.5,29.98,True,中稀有色,False
2019-10-25,31.373,31.615,30.827,31.541,23820.0,71507640.0,29.86,30.09,29.34,30.02,True,中稀有色,False
2019-10-28,31.604,32.192,31.331,31.972,26809.0,81579787.0,30.08,30.64,29.82,30.43,True,中稀有色,False
2019-10-29,31.93,31.993,31.31,31.31,22102.0,65863960.0,30.39,30.45,29.8,29.8,True,中稀有色,False
2019-10-30,31.331,31.394,29.861,29.998,47019.0,134239245.0,29.82,29.88,28.42,28.55,True,中稀有色,False
2019-10-31,30.208,30.607,29.84,29.987,25096.0,71623984.0,28.75,29.13,28.4,28.54,True,中稀有色,False
2019-11-01,30.061,32.014,29.651,31.615,62680.0,188604120.0,28.61,30.47,28.22,30.09,True,中稀有色,False
2019-11-04,31.447,31.835,31.31,31.468,31310.0,93773450.0,29.93,30.3,29.8,29.95,True,中稀有色,False
2019-11-05,31.52,32.528,31.52,32.15,46241.0,141497460.0,30.0,30.96,30.0,30.6,True,中稀有色,False
2019-11-06,31.961,32.57,31.793,32.045,36228.0,110495400.0,30.42,31.0,30.26,30.5,True,中稀有色,False
2019-11-07,31.73,32.14,31.604,31.961,22998.0,69959916.0,30.2,30.59,30.08,30.42,True,中稀有色,False
2019-11-08,32.129,32.36,31.814,31.814,27984.0,84735552.0,30.58,30.8,30.28,30.28,True,中稀有色,False
2019-11-11,32.14,32.56,30.859,30.922,42192.0,124171056.0,30.59,30.99,29.37,29.43,True,中稀有色,False
2019-11-12,30.995,31.825,30.575,31.142,31415.0,93114060.0,29.5,30.29,29.1,29.64,True,中稀有色,False
2019-11-13,31.142,31.142,30.155,30.554,26600.0,77352800.0,29.64,29.64,28.7,29.08,True,中稀有色,False
2019-11-14,30.239,30.47,29.945,30.26,26184.0,75409920.0,28.78,29.0,28.5,28.8,True,中稀有色,False
2019-11-15,30.103,32.045,30.103,31.016,45289.0,133693128.0,28.65,30.5,28.65,29.52,True,中稀有色,False
2019-11-18,30.68,30.838,30.229,30.533,29978.0,87116068.0,29.2,29.35,28.77,29.06,True,中稀有色,False
2019-11-19,30.439,30.754,30.313,30.68,25839.0,75449880.0,28.97,29.27,28.85,29.2,True,中稀有色,False
2019-11-20,30.701,32.36,30.449,32.024,73908.0,225271584.0,29.22,30.8,28.98,30.48,True,中稀有色,False
2019-11-21,31.73,31.73,31.079,31.132,46858.0,138840254.0,30.2,30.2,29.58,29.63,True,中稀有色,False
2019-11-22,30.712,31.657,30.712,30.722,36477.0,106658748.0,29.23,30.13,29.23,29.24,True,中稀有色,False
2019-11-25,30.575,31.174,30.26,30.764,30313.0,88756464.0,29.1,29.67,28.8,29.28,True,中稀有色,False
2019-11-26,30.743,30.911,30.292,30.649,21435.0,62525895.0,29.26,29.42,28.83,29.17,True,中稀有色,False
2019-11-27,30.764,32.119,30.649,31.489,61656.0,184783032.0,29.28,30.57,29.17,29.97,True,中稀有色,False
2019-11-28,31.541,32.213,31.541,31.573,51807.0,155680035.0,30.02,30.66,30.02,30.05,True,中稀有色,False
2019-11-29,31.531,32.045,31.216,31.888,32080.0,97362800.0,30.01,30.5,29.71,30.35,True,中稀有色,False
2019-12-02,31.804,32.014,30.575,30.733,47325.0,138425625.0,30.27,30.47,29.1,29.25,True,中稀有色,False
2019-12-03,30.785,31.814,30.785,31.478,42182.0,126377272.0,29.3,30.28,29.3,29.96,True,中稀有色,False
2019-12-04,31.363,33.2,31.205,32.98,105807.0,332128173.0,29.85,31.6,29.7,31.39,True,中稀有色,False
2019-12-05,32.57,33.053,32.234,32.938,74584.0,233820840.0,31.0,31.46,30.68,31.35,True,中稀有色,False
2019-12-06,32.57,34.46,32.57,33.631,97642.0,312552042.0,31.0,32.8,31.0,32.01,True,中稀有色,False
2019-12-09,34.051,34.355,33.316,33.809,75541.0,243090938.0,32.41,32.7,31.71,32.18,True,中稀有色,False
2019-12-10,33.568,34.229,33.337,33.62,62382.0,199622400.0,31.95,32.58,31.73,32.0,True,中稀有色,False
2019-12-11,33.463,33.599,32.948,33.2,51613.0,163097080.0,31.85,31.98,31.36,31.6,True,中稀有色,False
2019-12-12,33.095,33.673,33.001,33.473,57024.0,181678464.0,31.5,32.05,31.41,31.86,True,中稀有色,False
2019-12-13,32.812,33.379,32.791,33.284,50978.0,161498304.0,31.23,31.77,31.21,31.68,True,中稀有色,False
2019-12-16,33.232,33.368,32.675,33.368,61201.0,194374376.0,31.63,31.76,31.1,31.76,True,中稀有色,False
2019-12-17,33.599,34.828,33.515,34.586,114054.0,375465768.0,31.98,33.15,31.9,32.92,True,中稀有色,False
2019-12-18,34.849,35.143,34.25,34.471,94071.0,308646951.0,33.17,33.45,32.6,32.81,True,中稀有色,False
2019-12-19,34.66,34.975,34.177,34.67,52022.0,171672600.0,32.99,33.29,32.53,33.0,True,中稀有色,False
2019-12-20,34.786,34.985,33.599,33.62,57786.0,184915200.0,33.11,33.3,31.98,32.0,True,中稀有色,False
2019-12-23,33.526,34.051,32.686,32.843,44672.0,139644672.0,31.91,32.41,31.11,31.26,True,中稀有色,False
2019-12-24,32.675,34.271,32.675,34.093,58927.0,191218115.00000003,31.1,32.62,31.1,32.45,True,中稀有色,False
2019-12-25,34.124,34.408,33.746,34.093,46750.0,151703750.0,32.48,32.75,32.12,32.45,True,中稀有色,False
2019-12-26,34.009,34.25,33.652,33.904,33479.0,108036733.0,32.37,32.6,32.03,32.27,True,中稀有色,False
2019-12-27,34.198,37.295,34.198,36.991,256584.0,903432264.0,32.55,35.5,32.55,35.21,True,中稀有色,False
2019-12-30,36.455,36.718,35.458,36.497,155457.0,540057618.0,34.7,34.95,33.75,34.74,True,中稀有色,False
2019-12-31,36.413,37.453,35.93,36.529,124206.0,431864262.00000006,34.66,35.65,34.2,34.77,True,中稀有色,False
2020-01-02,36.77,37.4,36.329,37.232,124147.0,439976968.0,35.0,35.6,34.58,35.44,True,中稀有色,False
2020-01-03,36.959,38.324,36.487,37.432,122063.0,434910469.00000006,35.18,36.48,34.73,35.63,True,中稀有色,False
2020-01-06,37.274,38.387,36.77,38.135,147023.0,533693490.0,35.48,36.54,35.0,36.3,True,中稀有色,False
2020-01-07,37.82,37.936,37.085,37.463,98645.0,351768069.99999994,36.0,36.11,35.3,35.66,True,中稀有色,False
2020-01-08,37.453,37.925,36.77,36.98,90151.0,317331520.0,35.65,36.1,35.0,35.2,True,中稀有色,False
2020-01-09,37.348,37.453,36.833,37.222,63054.0,223400322.0,35.55,35.65,35.06,35.43,True,中稀有色,False
2020-01-10,38.03,38.03,36.907,37.001,73357.0,258363354.0,36.2,36.2,35.13,35.22,True,中稀有色,False
2020-01-13,36.76,36.76,35.972,36.686,71375.0,249241500.0,34.99,34.99,34.24,34.92,True,中稀有色,False
2020-01-14,36.833,37.925,36.581,36.802,73010.0,255754030.0,35.06,36.1,34.82,35.03,True,中稀有色,False
2020-01-15,36.665,36.728,36.035,36.245,47705.0,164582250.0,34.9,34.96,34.3,34.5,True,中稀有色,False
2020-01-16,36.55,37.043,35.983,36.413,44025.0,152590649.99999997,34.79,35.26,34.25,34.66,True,中稀有色,False
2020-01-17,36.088,36.665,36.088,36.35,30660.0,106083600.0,34.35,34.9,34.35,34.6,True,中稀有色,False
2020-01-20,36.025,36.623,35.615,36.466,43193.0,149922903.0,34.29,34.86,33.9,34.71,True,中稀有色,False
2020-01-21,36.088,36.182,35.216,35.72,58135.0,197659000.0,34.35,34.44,33.52,34.0,True,中稀有色,False
2020-01-22,35.363,35.573,34.481,35.206,44609.0,149484759.0,33.66,33.86,32.82,33.51,True,中稀有色,False
2020-01-23,34.544,35.248,33.725,34.292,57575.0,187924800.0,32.88,33.55,32.1,32.64,True,中稀有色,False
2020-02-03,30.869,30.869,30.869,30.869,7104.0,20871552.0,29.38,29.38,29.38,29.38,True,中稀有色,False
2020-02-04,27.782,30.26,27.782,29.62,76363.0,215267297.0,26.44,28.8,26.44,28.19,True,中稀有色,False
2020-02-05,29.735,30.995,29.63,30.554,53903.0,156749924.0,28.3,29.5,28.2,29.08,True,中稀有色,False
2020-02-06,30.449,30.89,30.155,30.68,59740.0,174440800.0,28.98,29.4,28.7,29.2,True,中稀有色,False
2020-02-07,30.659,31.205,30.26,31.048,51325.0,151665375.0,29.18,29.7,28.8,29.55,True,中稀有色,False
2020-02-10,30.974,31.625,30.47,31.52,52976.0,158928000.0,29.48,30.1,29.0,30.0,True,中稀有色,False
2020-02-11,31.52,32.224,31.331,31.373,54676.0,163262536.0,30.0,30.67,29.82,29.86,True,中稀有色,False
2020-02-12,31.373,32.36,31.058,32.308,69507.0,213734025.0,29.86,30.8,29.56,30.75,True,中稀有色,False
2020-02-13,32.119,33.085,31.783,32.108,67975.0,207731600.0,30.57,31.49,30.25,30.56,True,中稀有色,False
2020-02-14,31.888,32.665,31.741,32.192,49411.0,151395304.0,30.35,31.09,30.21,30.64,True,中稀有色,False
2020-02-17,32.801,33.925,32.276,33.809,86278.0,277642604.0,31.22,32.29,30.72,32.18,True,中稀有色,False
2020-02-18,34.366,36.308,34.25,35.279,137076.0,460301208.0,32.71,34.56,32.6,33.58,True,中稀有色,False
2020-02-19,35.195,35.195,34.019,34.093,88776.0,288078120.0,33.5,33.5,32.38,32.45,True,中稀有色,False
2020-02-20,34.261,34.628,33.526,34.502,82369.0,270499796.0,32.61,32.96,31.91,32.84,True,中稀有色,False
2020-02-21,34.324,35.479,34.219,35.416,116563.0,392933873.0,32.67,33.77,32.57,33.71,True,中稀有色,False
2020-02-24,35.09,35.384,34.156,34.723,115338.0,381192090.0,33.4,33.68,32.51,33.05,True,中稀有色,False
2020-02-25,33.935,34.303,32.119,33.757,126061.0,405033993.00000006,32.3,32.65,30.57,32.13,True,中稀有色,False
2020-02-26,32.99,34.009,32.99,33.074,65648.0,206659904.0,31.4,32.37,31.4,31.48,True,中稀有色,False
2020-02-27,33.074,33.358,32.465,32.602,45669.0,141710907.0,31.48,31.75,30.9,31.03,True,中稀有色,False
2020-02-28,31.541,31.909,29.851,30.05,85407.0,244264020.0,30.02,30.37,28.41,28.6,True,中稀有色,False
2020-03-02,30.187,31.625,30.187,31.426,51595.0,154320645.0,28.73,30.1,28.73,29.91,True,中稀有色,False
2020-03-03,32.035,32.56,31.541,32.087,55153.0,168437262.0,30.49,30.99,30.02,30.54,True,中稀有色,False
2020-03-04,31.825,32.465,31.772,32.36,37143.0,114400440.0,30.29,30.9,30.24,30.8,True,中稀有色,False
2020-03-05,32.717,33.137,32.213,33.127,64414.0,203097342.0,31.14,31.54,30.66,31.53,True,中稀有色,False
2020-03-06,32.78,32.791,32.171,32.413,44206.0,136375510.0,31.2,31.21,30.62,30.85,True,中稀有色,False
2020-03-09,31.615,31.615,30.239,30.386,98264.0,284179488.0,30.09,30.09,28.78,28.92,True,中稀有色,False
2020-03-10,30.344,30.901,29.609,30.89,63904.0,187877760.0,28.88,29.41,28.18,29.4,True,中稀有色,False
2020-03-11,30.995,31.919,30.533,30.901,66844.0,196588204.0,29.5,30.38,29.06,29.41,True,中稀有色,False
2020-03-12,30.155,30.449,29.767,30.166,50592.0,145249632.0,28.7,28.98,28.33,28.71,True,中稀有色,False
2020-03-13,28.381,29.966,28.37,29.62,54799.0,154478381.0,27.01,28.52,27.0,28.19,True,中稀有色,False
2020-03-16,29.945,30.176,28.696,28.811,50745.0,139142790.0,28.5,28.72,27.31,27.42,True,中稀有色,False
2020-03-17,28.895,29.504,27.793,28.675,41630.0,113608270.0,27.5,28.08,26.45,27.29,True,中稀有色,False
2020-03-18,28.895,29.284,28.192,28.223,31402.0,84345772.0,27.5,27.87,26.83,26.86,True,中稀有色,False
2020-03-19,28.213,28.339,27.499,28.286,34971.0,94141932.0,26.85,26.97,26.17,26.92,True,中稀有色,False
2020-03-20,28.832,28.832,28.192,28.801,28951.0,79354691.0,27.44,27.44,26.83,27.41,True,中稀有色,False
2020-03-23,28.15,28.769,27.709,27.814,28719.0,76019193.0,26.79,27.38,26.37,26.47,True,中稀有色,False
2020-03-24,28.37,28.58,27.95,28.486,32591.0,88354201.0,27.0,27.2,26.6,27.11,True,中稀有色,False
2020-03-25,29.158,29.21,28.738,28.895,35561.0,97792750.0,27.75,27.8,27.35,27.5,True,中稀有色,False
2020-03-26,28.738,29.714,28.381,29.053,44783.0,123824995.0,27.35,28.28,27.01,27.65,True,中稀有色,False
2020-03-27,29.263,29.294,28.391,28.465,33484.0,90708156.0,27.85,27.88,27.02,27.09,True,中稀有色,False
2020-03-30,27.95,28.339,27.205,27.436,35348.0,92293628.0,26.6,26.97,25.89,26.11,True,中稀有色,False
2020-03-31,27.667,30.061,27.446,29.053,63759.0,176293635.0,26.33,28.61,26.12,27.65,True,中稀有色,False
2020-04-01,28.58,29.945,28.402,29.053,61467.0,169956255.0,27.2,28.5,27.03,27.65,True,中稀有色,False
2020-04-02,29.053,29.2,28.706,29.158,34725.0,96361875.0,27.65,27.79,27.32,27.75,True,中稀有色,False
2020-04-03,29.41,29.935,28.906,29.231,53599.0,149112418.0,27.99,28.49,27.51,27.82,True,中稀有色,False
2020-04-07,29.756,30.061,29.378,29.672,52735.0,148923640.0,28.32,28.61,27.96,28.24,True,中稀有色,False
2020-04-08,29.914,30.449,29.672,30.208,64524.0,185506500.0,28.47,28.98,28.24,28.75,True,中稀有色,False
2020-04-09,30.05,30.995,30.04,30.785,71606.0,209805580.0,28.6,29.5,28.59,29.3,True,中稀有色,False
2020-04-10,30.785,32.77,30.68,31.657,114422.0,344753486.0,29.3,31.19,29.2,30.13,True,中稀有色,False
2020-04-13,31.688,32.917,31.468,32.14,96466.0,295089494.0,30.16,31.33,29.95,30.59,True,中稀有色,False
2020-04-14,32.297,32.36,31.415,32.045,66439.0,202638950.0,30.74,30.8,29.9,30.5,True,中稀有色,False
2020-04-15,31.94,32.129,30.859,30.995,61115.0,180289250.0,30.4,30.58,29.37,29.5,True,中稀有色,False
2020-04-16,30.659,30.995,30.134,30.355,52837.0,152646093.0,29.18,29.5,28.68,28.89,True,中稀有色,False
2020-04-17,30.47,31.163,30.355,30.586,51233.0,149139263.0,29.0,29.66,28.89,29.11,True,中稀有色,False
2020-04-20,30.565,30.565,29.914,30.376,34779.0,100546089.0,29.09,29.09,28.47,28.91,True,中稀有色,False
2020-04-21,30.239,30.271,29.158,29.693,52275.0,147729150.0,28.78,28.81,27.75,28.26,True,中稀有色,False
2020-04-22,29.735,30.88,29.735,30.775,68172.0,199675788.0,28.3,29.39,28.3,29.29,True,中稀有色,False
2020-04-23,30.722,30.89,30.134,30.334,43687.0,126124369.0,29.24,29.4,28.68,28.87,True,中稀有色,False
2020-04-24,30.05,30.25,29.588,29.767,37623.0,106585959.0,28.6,28.79,28.16,28.33,True,中稀有色,False
2020-04-27,29.777,29.945,29.231,29.263,27766.0,77328310.0,28.34,28.5,27.82,27.85,True,中稀有色,False
2020-04-28,29.42,29.872,28.171,28.822,29637.0,81294291.0,28.0,28.43,26.81,27.43,True,中稀有色,False
2020-04-29,29.0,29.557,28.748,29.084,22594.0,62540192.0,27.6,28.13,27.36,27.68,True,中稀有色,False
2020-04-30,29.21,30.124,29.0,29.903,38931.0,110797626.0,27.8,28.67,27.6,28.46,True,中稀有色,False
2020-05-06,29.914,31.846,29.914,31.279,81251.0,241884227.0,28.47,30.31,28.47,29.77,True,中稀有色,False
2020-05-07,30.89,31.258,30.428,30.47,55850.0,161965000.0,29.4,29.75,28.96,29.0,True,中稀有色,False
2020-05-08,30.722,30.89,30.187,30.418,44217.0,128008215.0,29.24,29.4,28.73,28.95,True,中稀有色,False
2020-05-11,30.47,30.848,30.134,30.281,37131.0,107011542.0,29.0,29.36,28.68,28.82,True,中稀有色,False
2020-05-12,30.512,30.512,29.557,29.935,34300.0,97720700.0,29.04,29.04,28.13,28.49,True,中稀有色,False
2020-05-13,30.029,30.302,29.945,30.029,28951.0,82741958.0,28.58,28.84,28.5,28.58,True,中稀有色,False
2020-05-14,30.46,31.468,30.449,30.901,98641.0,290103181.0,28.99,29.95,28.98,29.41,True,中稀有色,False
2020-05-15,30.901,31.142,30.292,30.796,54244.0,158989164.0,29.41,29.64,28.83,29.31,True,中稀有色,False
2020-05-18,31.72,33.715,30.586,33.2,177202.0,559958320.0,30.19,32.09,29.11,31.6,True,中稀有色,False
2020-05-19,32.675,33.715,32.371,32.885,115637.0,361943810.0,31.1,32.09,30.81,31.3,True,中稀有色,False
2020-05-20,33.127,33.62,32.675,32.896,91261.0,285738191.0,31.53,32.0,31.1,31.31,True,中稀有色,False
2020-05-21,33.095,33.935,32.57,32.728,113310.0,352960650.0,31.5,32.3,31.0,31.15,True,中稀有色,False
2020-05-22,32.413,34.114,31.877,33.305,142107.0,450479190.0,30.85,32.47,30.34,31.7,True,中稀有色,False
2020-05-25,33.935,34.408,32.434,33.263,120495.0,381487170.0,32.3,32.75,30.87,31.66,True,中稀有色,False
2020-05-26,32.833,33.83,32.696,33.641,85819.0,274792438.0,31.25,32.2,31.12,32.02,True,中稀有色,False
2020-05-27,33.316,34.639,33.148,33.956,124971.0,403906272.0,31.71,32.97,31.55,32.32,True,中稀有色,False
2020-05-28,33.725,36.13,33.379,34.67,194399.0,641516700.0,32.1,34.39,31.77,33.0,True,中稀有色,False
2020-05-29,34.67,35.804,34.282,35.531,135876.0,459532632.0,33.0,34.08,32.63,33.82,True,中稀有色,False
2020-06-01,34.45,35.069,34.261,34.933,121144.0,402803800.0,32.79,33.38,32.61,33.25,True,中稀有色,False
2020-06-02,35.636,35.636,34.282,34.345,116770.0,381721130.0,33.92,33.92,32.63,32.69,True,中稀有色,False
2020-06-03,33.998,34.04,32.885,33.316,116662.0,369935202.0,32.36,32.4,31.3,31.71,True,中稀有色,False
2020-06-04,33.379,33.589,33.064,33.431,62849.0,199985518.0,31.77,31.97,31.47,31.82,True,中稀有色,False
2020-06-05,33.158,33.578,32.99,33.095,46104.0,145227600.0,31.56,31.96,31.4,31.5,True,中稀有色,False
2020-06-08,33.148,33.725,33.022,33.494,52878.0,168575064.0,31.55,32.1,31.43,31.88,True,中稀有色,False
2020-06-09,33.536,33.641,32.476,32.549,66256.0,205261088.0,31.92,32.02,30.91,30.98,True,中稀有色,False
2020-06-10,32.644,32.833,32.381,32.717,35450.0,110391300.0,31.07,31.25,30.82,31.14,True,中稀有色,False
2020-06-11,32.77,33.284,32.728,33.253,70665.0,223654725.0,31.19,31.68,31.15,31.65,True,中稀有色,False
2020-06-12,32.549,32.78,32.266,32.465,48009.0,148347810.0,30.98,31.2,30.71,30.9,True,中稀有色,False
2020-06-15,32.381,32.381,31.363,31.394,60656.0,181240128.0,30.82,30.82,29.85,29.88,True,中稀有色,False
2020-06-16,31.468,32.035,31.468,31.909,37681.0,114437197.0,29.95,30.49,29.95,30.37,True,中稀有色,False
2020-06-17,32.045,32.434,31.814,31.982,33666.0,102479304.0,30.5,30.87,30.28,30.44,True,中稀有色,False
2020-06-18,31.993,32.308,31.604,32.014,32141.0,97933627.0,30.45,30.75,30.08,30.47,True,中稀有色,False
2020-06-19,32.045,32.171,31.772,32.171,30419.0,93142978.0,30.5,30.62,30.24,30.62,True,中稀有色,False
2020-06-22,32.045,32.623,32.045,32.255,42984.0,131960880.0,30.5,31.05,30.5,30.7,True,中稀有色,False
2020-06-23,32.203,32.854,32.077,32.392,46078.0,142058474.0,30.65,31.27,30.53,30.83,True,中稀有色,False
2020-06-24,32.36,32.381,31.573,31.73,42150.0,127293000.0,30.8,30.82,30.05,30.2,True,中稀有色,False
2020-06-29,31.573,31.688,30.89,31.027,42576.0,125726928.0,30.05,30.16,29.4,29.53,True,中稀有色,False
2020-06-30,31.058,31.625,31.058,31.52,30190.0,90570000.0,29.56,30.1,29.56,30.0,True,中稀有色,False
2020-07-01,31.51,32.213,31.426,32.119,43911.0,134235927.0,29.99,30.66,29.91,30.57,True,中稀有色,False
2020-07-02,32.087,32.749,31.762,32.644,59559.0,185049813.0,30.54,31.17,30.23,31.07,True,中稀有色,False
2020-07-03,32.633,33.484,32.623,32.969,82011.0,257350518.0,31.06,31.87,31.05,31.38,True,中稀有色,False
2020-07-06,33.2,35.174,33.2,34.985,137705.0,458557650.0,31.6,33.48,31.6,33.3,True,中稀有色,False
2020-07-07,35.72,35.825,34.46,34.691,130492.0,430884584.00000006,34.0,34.1,32.8,33.02,True,中稀有色,False
2020-07-08,34.46,38.156,34.376,38.156,240074.0,871948768.0,32.8,36.32,32.72,36.32,True,中稀有色,False
2020-07-09,38.093,39.637,37.4,38.755,263828.0,973261492.0,36.26,37.73,35.6,36.89,True,中稀有色,False
2020-07-10,37.768,38.87,37.096,37.379,177360.0,631046880.0,35.95,37.0,35.31,35.58,True,中稀有色,False
2020-07-13,36.749,38.324,36.644,38.03,135517.0,490571540.00000006,34.98,36.48,34.88,36.2,True,中稀有色,False
2020-07-14,37.82,38.734,36.56,37.232,134125.0,475339000.0,36.0,36.87,34.8,35.44,True,中稀有色,False
2020-07-15,37.841,38.293,36.046,36.109,97503.0,335117811.0,36.02,36.45,34.31,34.37,True,中稀有色,False
2020-07-16,37.369,38.03,35.038,35.405,123082.0,414786340.00000006,35.57,36.2,33.35,33.7,True,中稀有色,False
2020-07-17,35.153,35.353,34.093,34.639,79735.0,262886295.0,33.46,33.65,32.45,32.97,True,中稀有色,False
2020-07-20,34.88,37.568,34.786,37.138,97538.0,344796830.0,33.2,35.76,33.11,35.35,True,中稀有色,False
2020-07-21,36.592,37.075,35.93,36.235,63125.0,217718125.0,34.83,35.29,34.2,34.49,True,中稀有色,False
2020-07-22,36.655,37.327,36.34,36.865,78909.0,276891681.0,34.89,35.53,34.59,35.09,True,中稀有色,False
2020-07-23,37.61,39.458,37.159,37.516,157931.0,563971601.0,35.8,37.56,35.37,35.71,True,中稀有色,False
2020-07-24,36.98,38.555,35.458,36.256,126960.0,438138960.0,35.2,36.7,33.75,34.51,True,中稀有色,False
2020-07-27,35.941,36.823,34.702,35.972,77914.0,266777536.00000003,34.21,35.05,33.03,34.24,True,中稀有色,False
2020-07-28,36.403,38.272,36.308,36.644,115726.0,403652288.0,34.65,36.43,34.56,34.88,True,中稀有色,False
2020-07-29,36.056,36.928,35.51,36.865,83844.0,294208596.0,34.32,35.15,33.8,35.09,True,中稀有色,False
2020-07-30,36.718,37.085,35.72,36.151,69762.0,240051042.0,34.95,35.3,34.0,34.41,True,中稀有色,False
2020-07-31,35.825,36.172,35.132,35.699,71686.0,243589028.0,34.1,34.43,33.44,33.98,True,中稀有色,False
2020-08-03,35.71,37.054,35.71,36.875,92557.0,324875070.0,33.99,35.27,33.99,35.1,True,中稀有色,False
2020-08-04,36.907,37.453,36.329,37.064,83260.0,293741280.0,35.13,35.65,34.58,35.28,True,中稀有色,False
2020-08-05,37.169,39.563,36.623,38.429,180938.0,661871204.0,35.38,37.66,34.86,36.58,True,中稀有色,False
2020-08-06,37.82,39.112,37.505,38.408,168778.0,617052368.0,36.0,37.23,35.7,36.56,True,中稀有色,False
2020-08-07,38.146,39.584,37.915,39.395,183442.0,687907500.0,36.31,37.68,36.09,37.5,True,中稀有色,False
2020-08-10,39.185,39.185,37.463,37.684,120746.0,433115902.0,37.3,37.3,35.66,35.87,True,中稀有色,False
2020-08-11,37.841,39.395,37.82,38.03,130026.0,470694120.00000006,36.02,37.5,36.0,36.2,True,中稀有色,False
2020-08-12,37.295,37.295,35.594,36.256,101463.0,350148813.0,35.5,35.5,33.88,34.51,True,中稀有色,False
2020-08-13,36.256,36.466,35.405,35.93,58179.0,198972180.00000003,34.51,34.71,33.7,34.2,True,中稀有色,False
2020-08-14,35.846,36.235,35.563,36.151,39301.0,135234741.0,34.12,34.49,33.85,34.41,True,中稀有色,False
2020-08-17,36.245,37.012,35.857,36.98,63851.0,224755520.00000003,34.5,35.23,34.13,35.2,True,中稀有色,False
2020-08-18,37.117,37.379,36.487,36.739,49306.0,172423082.0,35.33,35.58,34.73,34.97,True,中稀有色,False
2020-08-19,37.505,38.23,36.571,36.802,77607.0,271857321.0,35.7,36.39,34.81,35.03,True,中稀有色,False
2020-08-20,36.067,36.224,35.51,35.584,56528.0,191460336.0,34.33,34.48,33.8,33.87,True,中稀有色,False
2020-08-21,35.72,36.014,35.363,35.72,37242.0,126622800.0,34.0,34.28,33.66,34.0,True,中稀有色,False
2020-08-24,35.71,35.93,35.248,35.804,31141.0,106128528.0,33.99,34.2,33.55,34.08,True,中稀有色,False
2020-08-25,35.983,36.098,34.985,35.048,44433.0,148228488.0,34.25,34.36,33.3,33.36,True,中稀有色,False
2020-08-26,34.712,34.922,33.62,33.62,48714.0,155884800.0,33.04,33.24,32.0,32.0,True,中稀有色,False
2020-08-27,33.851,34.135,33.683,33.988,26199.0,84753765.0,32.22,32.49,32.06,32.35,True,中稀有色,False
2020-08-28,33.988,34.544,33.82,34.513,33263.0,109268955.0,32.35,32.88,32.19,32.85,True,中稀有色,False
2020-08-31,34.303,34.964,34.261,34.324,30109.0,98366103.0,32.65,33.28,32.61,32.67,True,中稀有色,False
2020-09-01,34.366,34.88,34.25,34.691,25497.0,84191094.00000001,32.71,33.2,32.6,33.02,True,中稀有色,False
2020-09-02,34.46,34.66,33.914,34.04,26347.0,85364280.0,32.8,32.99,32.28,32.4,True,中稀有色,False
2020-09-03,33.904,34.156,33.431,33.61,28793.0,92108807.0,32.27,32.51,31.82,31.99,True,中稀有色,False
2020-09-04,33.116,33.967,32.969,33.935,22705.0,73337150.0,31.52,32.33,31.38,32.3,True,中稀有色,False
2020-09-07,33.935,34.124,32.948,33.2,26484.0,83689440.0,32.3,32.48,31.36,31.6,True,中稀有色,False
2020-09-08,33.232,33.757,33.095,33.62,23746.0,75987200.0,31.63,32.13,31.5,32.0,True,中稀有色,False
2020-09-09,33.095,33.62,32.57,32.843,27764.0,86790264.0,31.5,32.0,31.0,31.26,True,中稀有色,False
2020-09-10,33.095,33.358,32.591,32.854,25641.0,80179407.0,31.5,31.75,31.02,31.27,True,中稀有色,False
2020-09-11,32.822,33.043,32.591,32.896,19548.0,61204788.0,31.24,31.45,31.02,31.31,True,中稀有色,False
2020-09-14,32.927,33.599,32.917,33.568,25858.0,82616310.0,31.34,31.98,31.33,31.95,True,中稀有色,False
2020-09-15,33.568,33.883,33.148,33.778,24254.0,77976610.0,31.95,32.25,31.55,32.15,True,中稀有色,False
2020-09-16,33.631,33.904,33.148,33.494,17328.0,55241664.0,32.01,32.27,31.55,31.88,True,中稀有色,False
2020-09-17,33.473,33.473,32.57,32.906,21882.0,68534424.0,31.86,31.86,31.0,31.32,True,中稀有色,False
2020-09-18,32.917,33.589,32.78,33.494,22768.0,72584384.0,31.33,31.97,31.2,31.88,True,中稀有色,False
2020-09-21,33.494,33.809,33.41,33.526,21683.0,69190453.0,31.88,32.18,31.8,31.91,True,中稀有色,False
2020-09-22,33.232,33.232,32.381,32.402,26010.0,80214840.0,31.63,31.63,30.82,30.84,True,中稀有色,False
2020-09-23,32.57,33.053,32.318,32.476,21303.0,65847573.0,31.0,31.46,30.76,30.91,True,中稀有色,False
2020-09-24,32.045,32.056,31.247,31.3,29432.0,87677928.0,30.5,30.51,29.74,29.79,True,中稀有色,False
2020-09-25,31.51,31.51,30.848,31.153,18066.0,53565690.0,29.99,29.99,29.36,29.65,True,中稀有色,False
2020-09-28,31.174,31.394,30.733,30.806,12830.0,37617560.0,29.67,29.88,29.25,29.32,True,中稀有色,False
2020-09-29,30.89,31.352,30.785,30.785,16362.0,47940660.0,29.4,29.84,29.3,29.3,True,中稀有色,False
2020-09-30,31.016,31.184,30.481,30.638,13997.0,40815252.0,29.52,29.68,29.01,29.16,True,中稀有色,False
2020-10-09,31.541,31.762,31.132,31.489,17725.0,53121825.0,30.02,30.23,29.63,29.97,True,中稀有色,False
2020-10-12,31.678,32.276,31.678,32.245,25188.0,77301972.0,30.15,30.72,30.15,30.69,True,中稀有色,False
2020-10-13,32.119,32.129,31.667,31.804,27255.0,82500885.0,30.57,30.58,30.14,30.27,True,中稀有色,False
2020-10-14,31.835,31.835,31.363,31.373,18359.0,54819974.0,30.3,30.3,29.85,29.86,True,中稀有色,False
2020-10-15,31.31,31.762,31.079,31.132,19598.0,58068874.0,29.8,30.23,29.58,29.63,True,中稀有色,False
2020-10-16,31.142,31.268,30.806,30.985,13305.0,39236445.0,29.64,29.76,29.32,29.49,True,中稀有色,False
2020-10-19,31.048,31.394,30.901,31.016,14629.0,43184808.0,29.55,29.88,29.41,29.52,True,中稀有色,False
2020-10-20,30.995,31.163,30.47,31.132,17899.0,53034737.0,29.5,29.66,29.0,29.63,True,中稀有色,False
2020-10-21,31.006,31.405,30.712,30.953,13591.0,40039086.0,29.51,29.89,29.23,29.46,True,中稀有色,False
2020-10-22,30.848,30.943,30.533,30.775,12139.0,35555131.0,29.36,29.45,29.06,29.29,True,中稀有色,False
2020-10-23,30.67,31.037,30.47,30.659,13770.0,40180860.0,29.19,29.54,29.0,29.18,True,中稀有色,False
2020-10-26,30.659,30.659,29.903,30.061,20004.0,57231444.0,29.18,29.18,28.46,28.61,True,中稀有色,False
2020-10-27,30.155,30.659,30.05,30.281,17139.0,49394598.0,28.7,29.18,28.6,28.82,True,中稀有色,False
2020-10-28,30.166,30.743,30.082,30.722,17527.0,51248948.0,28.71,29.26,28.63,29.24,True,中稀有色,False
2020-10-29,30.523,30.712,30.26,30.628,15567.0,45377805.0,29.05,29.23,28.8,29.15,True,中稀有色,False
2020-10-30,30.733,30.764,29.483,29.567,23392.0,65825088.0,29.25,29.28,28.06,28.14,True,中稀有色,False
2020-11-02,29.462,29.641,28.559,29.0,26172.0,72234720.0,28.04,28.21,27.18,27.6,True,中稀有色,False
2020-11-03,29.284,30.985,29.21,30.533,43805.0,127297330.0,27.87,29.49,27.8,29.06,True,中稀有色,False
2020-11-04,30.565,30.68,30.145,30.428,22884.0,66272064.0,29.09,29.2,28.69,28.96,True,中稀有色,False
2020-11-05,30.649,30.754,30.155,30.701,25248.0,73774656.0,29.17,29.27,28.7,29.22,True,中稀有色,False
2020-11-06,30.764,31.247,30.491,31.1,38701.0,114554960.0,29.28,29.74,29.02,29.6,True,中稀有色,False
2020-11-09,31.079,31.835,30.995,31.594,45320.0,136277240.0,29.58,30.3,29.5,30.07,True,中稀有色,False
2020-11-10,31.73,31.877,31.163,31.289,34886.0,103890508.0,30.2,30.34,29.66,29.78,True,中稀有色,False
2020-11-11,31.069,31.888,31.048,31.31,36780.0,109604400.0,29.57,30.35,29.55,29.8,True,中稀有色,False
2020-11-12,31.195,31.541,30.89,31.048,24692.0,72964860.0,29.69,30.02,29.4,29.55,True,中稀有色,False
2020-11-13,31.1,32.56,30.995,31.667,56801.0,171198214.0,29.6,30.99,29.5,30.14,True,中稀有色,False
2020-11-16,31.73,33.494,31.73,33.074,85114.0,267938872.0,30.2,31.88,30.2,31.48,True,中稀有色,False
2020-11-17,33.095,33.2,32.003,32.308,57134.0,175687050.0,31.5,31.6,30.46,30.75,True,中稀有色,False
2020-11-18,32.339,33.022,32.15,32.885,53189.0,166481570.0,30.78,31.43,30.6,31.3,True,中稀有色,False
2020-11-19,32.591,32.843,31.73,31.972,42242.0,128542406.0,31.02,31.26,30.2,30.43,True,中稀有色,False
2020-11-20,32.255,33.557,31.909,33.211,79125.0,250114125.0,30.7,31.94,30.37,31.61,True,中稀有色,False
2020-11-23,33.211,34.66,32.938,33.946,117191.0,378644121.0,31.61,32.99,31.35,32.31,True,中稀有色,False
2020-11-24,33.956,36.98,33.463,35.51,186842.0,631525960.0,32.32,35.2,31.85,33.8,True,中稀有色,False
2020-11-25,35.594,36.077,34.544,34.828,150827.0,499991505.0,33.88,34.34,32.88,33.15,True,中稀有色,False
2020-11-26,35.51,35.72,34.334,35.5,123186.0,416245494.0,33.8,34.0,32.68,33.79,True,中稀有色,False
2020-11-27,35.185,35.72,33.893,34.838,100943.0,334726987.99999994,33.49,34.0,32.26,33.16,True,中稀有色,False
2020-11-30,34.775,36.119,34.67,34.775,102402.0,338950620.0,33.1,34.38,33.0,33.1,True,中稀有色,False
2020-12-01,34.702,35.237,34.051,34.87,86408.0,286788152.0,33.03,33.54,32.41,33.19,True,中稀有色,False
2020-12-02,34.565,35.71,34.324,34.733,92226.0,304899156.0,32.9,33.99,32.67,33.06,True,中稀有色,False
2020-12-03,34.67,34.67,33.242,33.746,76698.0,246353976.0,33.0,33.0,31.64,32.12,True,中稀有色,False
2020-12-04,33.694,34.754,33.389,34.397,63159.0,206782566.0,32.07,33.08,31.78,32.74,True,中稀有色,False
2020-12-07,34.565,35.237,34.187,34.964,77982.0,259524096.0,32.9,33.54,32.54,33.28,True,中稀有色,False
2020-12-08,34.891,35.069,33.767,33.788,54028.0,173754047.99999997,33.21,33.38,32.14,32.16,True,中稀有色,False
2020-12-09,33.673,34.082,32.581,32.654,66303.0,206069724.0,32.05,32.44,31.01,31.08,True,中稀有色,False
2020-12-10,32.675,32.927,32.36,32.675,36027.0,112043970.0,31.1,31.34,30.8,31.1,True,中稀有色,False
2020-12-11,32.896,33.253,31.583,31.762,45983.0,139006609.0,31.31,31.65,30.06,30.23,True,中稀有色,False
2020-12-14,31.615,31.741,31.027,31.604,31660.0,95233280.0,30.09,30.21,29.53,30.08,True,中稀有色,False
2020-12-15,31.31,31.625,31.163,31.573,20523.0,61671615.0,29.8,30.1,29.66,30.05,True,中稀有色,False
2020-12-16,32.885,32.927,31.405,31.709,35747.0,107884446.0,31.3,31.34,29.89,30.18,True,中稀有色,False
2020-12-17,31.09,32.812,30.47,32.644,69185.0,214957795.0,29.59,31.23,29.0,31.07,True,中稀有色,False
2020-12-18,32.392,33.557,32.14,32.896,62161.0,194626091.0,30.83,31.94,30.59,31.31,True,中稀有色,False
2020-12-21,32.864,33.127,32.329,33.011,51820.0,162818440.0,31.28,31.53,30.77,31.42,True,中稀有色,False
2020-12-22,32.885,32.896,31.394,31.489,61187.0,183377439.0,31.3,31.31,29.88,29.97,True,中稀有色,False
2020-12-23,31.373,32.906,31.321,32.245,54191.0,166312179.0,29.86,31.32,29.81,30.69,True,中稀有色,False
2020-12-24,32.738,32.77,31.531,31.625,43364.0,130525640.0,31.16,31.19,30.01,30.1,True,中稀有色,False
2020-12-25,31.604,32.833,31.184,32.57,54248.0,168168800.0,30.08,31.25,29.68,31.0,True,中稀有色,False
2020-12-28,32.57,32.812,31.468,31.552,46106.0,138456318.0,31.0,31.23,29.95,30.03,True,中稀有色,False
2020-12-29,31.562,31.741,30.334,30.344,53129.0,153436552.0,30.04,30.21,28.87,28.88,True,中稀有色,False
2020-12-30,30.502,31.573,30.271,30.848,42869.0,125863384.0,29.03,30.05,28.81,29.36,True,中稀有色,False
2020-12-31,30.88,31.972,30.428,31.699,50548.0,152503316.0,29.39,30.43,28.96,30.17,True,中稀有色,False
2021-01-04,31.888,32.948,31.699,32.801,70750.0,220881500.0,30.35,31.36,30.17,31.22,True,中稀有色,False
2021-01-05,32.57,32.948,32.003,32.759,54864.0,171065952.0,31.0,31.36,30.46,31.18,True,中稀有色,False
2021-01-06,32.675,33.001,32.182,32.738,48962.0,152565592.0,31.1,31.41,30.63,31.16,True,中稀有色,False
2021-01-07,32.57,33.631,32.57,33.179,81088.0,256075904.0,31.0,32.01,31.0,31.58,True,中稀有色,False
2021-01-08,33.379,33.379,31.52,32.728,67563.0,210458745.0,31.77,31.77,30.0,31.15,True,中稀有色,False
2021-01-11,32.707,34.544,32.129,33.316,115658.0,366751518.0,31.13,32.88,30.58,31.71,True,中稀有色,False
2021-01-12,32.57,33.074,31.94,32.885,74244.0,232383720.0,31.0,31.48,30.4,31.3,True,中稀有色,False
2021-01-13,32.57,34.544,32.57,33.536,104937.0,334958904.0,31.0,32.88,31.0,31.92,True,中稀有色,False
2021-01-14,33.547,33.757,32.266,32.623,65689.0,203964345.0,31.93,32.13,30.71,31.05,True,中稀有色,False
2021-01-15,32.686,34.082,31.772,32.066,87012.0,265560624.0,31.11,32.44,30.24,30.52,True,中稀有色,False
2021-01-18,35.269,35.269,34.082,35.269,133469.0,448055433.0,33.57,33.57,32.44,33.57,True,中稀有色,False
2021-01-19,35.384,35.615,32.675,33.169,185674.0,586172818.0,33.68,33.9,31.1,31.57,True,中稀有色,False
2021-01-20,32.885,36.487,32.36,36.487,250964.0,871597971.9999999,31.3,34.73,30.8,34.73,True,中稀有色,False
2021-01-21,36.466,40.13,35.783,40.13,353250.0,1349415000.0,34.71,38.2,34.06,38.2,True,中稀有色,False
2021-01-22,40.97,41.957,38.314,38.545,357125.0,1310291625.0,39.0,39.94,36.47,36.69,True,中稀有色,False
2021-01-25,38.639,39.92,37.295,37.4,250886.0,893154160.0,36.78,38.0,35.5,35.6,True,中稀有色,False
2021-01-26,37.054,40.445,36.823,38.944,223130.0,827142910.0,35.27,38.5,35.05,37.07,True,中稀有色,False
2021-01-27,38.503,38.524,35.836,37.106,146366.0,516964712.0,36.65,36.67,34.11,35.32,True,中稀有色,False
2021-01-28,36.308,40.445,36.119,38.219,171246.0,622992948.0,34.56,38.5,34.38,36.38,True,中稀有色,False
2021-01-29,38.944,39.626,36.886,37.673,142229.0,510033194.0,37.07,37.72,35.11,35.86,True,中稀有色,False
2021-02-01,36.98,37.694,35.836,36.487,105755.0,367287115.0,35.2,35.88,34.11,34.73,True,中稀有色,False
2021-02-02,37.295,39.91,36.413,39.322,189731.0,710163133.0,35.5,37.99,34.66,37.43,True,中稀有色,False
2021-02-03,38.629,42.167,38.513,40.477,263484.0,1015203852.0,36.77,40.14,36.66,38.53,True,中稀有色,False
2021-02-04,39.427,40.613,37.568,38.188,175783.0,638971205.0,37.53,38.66,35.76,36.35,True,中稀有色,False
2021-02-05,37.127,37.768,34.376,34.376,194386.0,636030992.0,35.34,35.95,32.72,32.72,True,中稀有色,False
2021-02-08,33.757,34.513,32.864,33.83,103013.0,331701860.0,32.13,32.85,31.28,32.2,True,中稀有色,False
2021-02-09,33.935,36.749,33.925,36.245,156385.0,539528250.0,32.3,34.98,32.29,34.5,True,中稀有色,False
2021-02-10,36.245,39.563,35.993,39.154,182992.0,682011184.0,34.5,37.66,34.26,37.27,True,中稀有色,False
2021-02-18,41.905,41.968,40.466,41.548,211350.0,835889249.9999999,39.89,39.95,38.52,39.55,True,中稀有色,False
2021-02-19,40.981,41.285,39.248,40.288,177824.0,681955040.0,39.01,39.3,37.36,38.35,True,中稀有色,False
2021-02-22,41.495,44.32,41.086,42.629,297293.0,1206414994.0,39.5,42.19,39.11,40.58,True,中稀有色,False
2021-02-23,41.285,42.524,40.571,40.844,207653.0,807354864.0,39.3,40.48,38.62,38.88,True,中稀有色,False
2021-02-24,40.97,41.138,38.765,39.679,154202.0,582420954.0,39.0,39.16,36.9,37.77,True,中稀有色,False
2021-02-25,40.76,41.075,38.671,39.259,119858.0,447909346.0,38.8,39.1,36.81,37.37,True,中稀有色,False
2021-02-26,37.295,39.92,37.117,38.188,118110.0,429329850.0,35.5,38.0,35.33,36.35,True,中稀有色,False
2021-03-01,38.177,42.01,37.883,42.01,218016.0,871845984.0,36.34,39.99,36.06,39.99,True,中稀有色,False
2021-03-02,43.07,46.21,42.461,44.929,381883.0,1633313591.0000002,41.0,43.99,40.42,42.77,True,中稀有色,False
2021-03-03,44.929,49.423,44.929,49.423,341971.0,1608973555.0,42.77,47.05,42.77,47.05,True,中稀有色,False
2021-03-04,51.47,54.148,48.898,50.326,511205.0,2449183155.0,49.0,51.55,46.55,47.91,True,中稀有色,False
2021-03-05,48.635,50.63,46.745,49.286,337206.0,1582170552.0,46.3,48.2,44.5,46.92,True,中稀有色,False
2021-03-08,50.21,51.155,47.071,47.585,307464.0,1392811920.0,47.8,48.7,44.81,45.3,True,中稀有色,False
2021-03-09,45.17,46.199,42.829,42.829,273873.0,1116580221.0,43.0,43.98,40.77,40.77,True,中稀有色,False
2021-03-10,43.07,44.96,41.894,43.784,239222.0,997077296.0,41.0,42.8,39.88,41.68,True,中稀有色,False
2021-03-11,44.225,46.084,43.133,45.401,234876.0,1015134072.0,42.1,43.87,41.06,43.22,True,中稀有色,False
2021-03-12,44.813,45.559,43.039,43.952,227835.0,953261640.0,42.66,43.37,40.97,41.84,True,中稀有色,False
2021-03-15,43.343,45.559,43.133,44.75,173595.0,739514700.0,41.26,43.37,41.06,42.6,True,中稀有色,False
2021-03-16,44.645,44.813,41.495,42.335,197387.0,795469610.0,42.5,42.66,39.5,40.3,True,中稀有色,False
2021-03-17,41.485,43.007,41.369,42.703,117850.0,479060250.0,39.49,40.94,39.38,40.65,True,中稀有色,False
2021-03-18,42.493,42.934,41.285,41.548,116670.0,461429850.0,40.45,40.87,39.3,39.55,True,中稀有色,False
2021-03-19,40.655,41.894,40.414,41.065,113867.0,445106103.00000006,38.7,39.88,38.47,39.09,True,中稀有色,False
2021-03-22,40.655,41.39,40.057,40.414,101855.0,391836185.0,38.7,39.4,38.13,38.47,True,中稀有色,False
2021-03-23,40.456,40.708,37.211,37.642,166996.0,598346668.0,38.51,38.75,35.42,35.83,True,中稀有色,False
2021-03-24,37.253,37.883,36.077,36.403,115150.0,398994750.0,35.46,36.06,34.34,34.65,True,中稀有色,False
2021-03-25,36.676,38.104,36.676,36.739,126315.0,441723555.0,34.91,36.27,34.91,34.97,True,中稀有色,False
2021-03-26,36.791,38.282,36.56,37.547,124996.0,446735704.0,35.02,36.44,34.8,35.74,True,中稀有色,False
2021-03-29,37.526,38.356,36.644,37.4,107853.0,383956680.0,35.72,36.51,34.88,35.6,True,中稀有色,False
2021-03-30,37.558,41.138,37.295,41.138,231903.0,908132148.0,35.75,39.16,35.5,39.16,True,中稀有色,False
2021-03-31,39.92,40.445,39.164,39.595,183078.0,690020982.0,38.0,38.5,37.28,37.69,True,中稀有色,False
2021-04-01,39.353,40.298,39.007,39.29,105693.0,395291820.0,37.46,38.36,37.13,37.4,True,中稀有色,False
2021-04-02,39.343,39.574,38.198,38.923,92358.0,342186390.0,37.45,37.67,36.36,37.05,True,中稀有色,False
2021-04-06,39.112,39.605,38.818,39.059,81805.0,304150990.0,37.23,37.7,36.95,37.18,True,中稀有色,False
2021-04-07,38.797,40.099,38.251,39.71,132072.0,499232160.0,36.93,38.17,36.41,37.8,True,中稀有色,False
2021-04-08,38.996,40.34,38.461,39.71,143536.0,542566080.0,37.12,38.4,36.61,37.8,True,中稀有色,False
2021-04-09,40.004,41.6,39.794,40.981,187066.0,729744466.0,38.08,39.6,37.88,39.01,True,中稀有色,False
2021-04-12,40.445,40.96,38.618,38.86,140479.0,519631821.0,38.5,38.99,36.76,36.99,True,中稀有色,False
2021-04-13,38.629,39.049,37.642,37.81,81772.0,294297428.0,36.77,37.17,35.83,35.99,True,中稀有色,False
2021-04-14,37.663,38.398,37.61,38.167,66021.0,239854293.0,35.85,36.55,35.8,36.33,True,中稀有色,False
2021-04-15,37.904,38.618,37.012,38.545,76182.0,279511758.0,36.08,36.76,35.23,36.69,True,中稀有色,False
2021-04-16,38.408,38.555,37.274,37.61,89141.0,319124780.0,36.56,36.7,35.48,35.8,True,中稀有色,False
2021-04-19,37.033,38.765,36.749,38.471,97776.0,358055712.0,35.25,36.9,34.98,36.62,True,中稀有色,False
2021-04-20,38.188,40.046,38.009,38.839,132324.0,489201828.0,36.35,38.12,36.18,36.97,True,中稀有色,False
2021-04-21,38.293,38.965,37.642,37.946,91424.0,330223488.0,36.45,37.09,35.83,36.12,True,中稀有色,False
2021-04-22,37.978,38.555,37.789,38.03,65070.0,235553400.00000003,36.15,36.7,35.97,36.2,True,中稀有色,False
2021-04-23,37.831,38.188,36.875,37.61,72574.0,259814920.0,36.01,36.35,35.1,35.8,True,中稀有色,False
2021-04-26,37.411,38.188,36.875,36.917,88776.0,311958864.0,35.61,36.35,35.1,35.14,True,中稀有色,False
2021-04-27,36.98,37.484,35.195,36.056,95568.0,327989376.0,35.2,35.68,33.5,34.32,True,中稀有色,False
2021-04-28,35.993,37.253,35.384,36.907,78365.0,275296245.0,34.26,35.46,33.68,35.13,True,中稀有色,False
2021-04-29,36.886,36.98,35.93,36.287,66390.0,229311060.0,35.11,35.2,34.2,34.54,True,中稀有色,False
2021-04-30,35.668,36.004,34.67,34.943,99810.0,331968060.0,33.95,34.27,33.0,33.26,True,中稀有色,False
2021-05-06,34.943,35.983,34.775,35.678,73152.0,248424192.0,33.26,34.25,33.1,33.96,True,中稀有色,False
2021-05-07,35.783,37.999,35.594,36.949,156418.0,550122106.0,34.06,36.17,33.88,35.17,True,中稀有色,False
2021-05-10,37.568,38.356,37.211,38.345,144185.0,526275250.0,35.76,36.51,35.42,36.5,True,中稀有色,False
2021-05-11,37.453,37.453,35.626,36.098,121475.0,417388100.0,35.65,35.65,33.91,34.36,True,中稀有色,False
2021-05-12,36.025,39.448,35.93,38.198,155309.0,564703524.0,34.29,37.55,34.2,36.36,True,中稀有色,False
2021-05-13,37.421,37.915,36.518,36.644,106039.0,369864032.0,35.62,36.09,34.76,34.88,True,中稀有色,False
2021-05-14,36.655,37.285,35.867,36.97,78019.0,274548861.0,34.89,35.49,34.14,35.19,True,中稀有色,False
2021-05-17,36.749,37.778,36.298,37.694,93418.0,335183784.0,34.98,35.96,34.55,35.88,True,中稀有色,False
2021-05-18,37.726,38.545,37.316,38.083,103874.0,376543250.0,35.91,36.69,35.52,36.25,True,中稀有色,False
2021-05-19,37.799,38.482,36.875,37.799,99391.0,357608817.99999994,35.98,36.63,35.1,35.98,True,中稀有色,False
2021-05-20,37.19,37.201,35.636,35.941,112969.0,386466949.0,35.4,35.41,33.92,34.21,True,中稀有色,False
2021-05-21,35.941,36.56,35.731,35.993,53844.0,184469544.0,34.21,34.8,34.01,34.26,True,中稀有色,False
2021-05-24,35.594,35.983,35.363,35.552,58201.0,196952184.00000003,33.88,34.25,33.66,33.84,True,中稀有色,False
2021-05-25,35.72,36.287,35.521,36.151,64259.0,221115219.0,34.0,34.54,33.81,34.41,True,中稀有色,False
2021-05-26,36.308,37.736,36.035,37.327,127287.0,452250711.0,34.56,35.92,34.3,35.53,True,中稀有色,False
2021-05-27,37.033,37.484,36.854,37.211,76704.0,271685568.0,35.25,35.68,35.08,35.42,True,中稀有色,False
2021-05-28,37.684,37.988,36.896,37.096,83159.0,293634429.0,35.87,36.16,35.12,35.31,True,中稀有色,False
2021-05-31,37.033,38.629,36.959,38.114,125268.0,454472304.0,35.25,36.77,35.18,36.28,True,中稀有色,False
2021-06-01,37.82,38.104,37.19,37.988,81041.0,293044256.0,36.0,36.27,35.4,36.16,True,中稀有色,False
2021-06-02,37.757,38.513,37.295,37.505,87838.0,313581660.0,35.94,36.66,35.5,35.7,True,中稀有色,False
2021-06-03,37.4,39.973,37.4,38.86,203195.0,751618305.0,35.6,38.05,35.6,36.99,True,中稀有色,False
2021-06-04,38.261,38.933,37.925,38.23,109135.0,397142265.0,36.42,37.06,36.1,36.39,True,中稀有色,False
2021-06-07,38.293,39.07,37.505,37.915,76701.0,276813909.0,36.45,37.19,35.7,36.09,True,中稀有色,False
2021-06-08,37.988,38.398,36.539,36.781,91391.0,319959891.0,36.16,36.55,34.78,35.01,True,中稀有色,False
2021-06-09,36.833,37.169,36.539,36.686,58887.0,205633404.0,35.06,35.38,34.78,34.92,True,中稀有色,False
2021-06-10,36.665,36.98,36.34,36.686,62641.0,218742372.0,34.9,35.2,34.59,34.92,True,中稀有色,False
2021-06-11,36.56,36.76,35.804,36.035,65335.0,224099050.0,34.8,34.99,34.08,34.3,True,中稀有色,False
2021-06-15,35.972,36.214,35.048,35.08,68128.0,227479392.0,34.24,34.47,33.36,33.39,True,中稀有色,False
2021-06-16,35.048,35.636,34.261,34.439,57803.0,189478234.0,33.36,33.92,32.61,32.78,True,中稀有色,False
2021-06-17,34.523,34.733,34.313,34.597,37608.0,123843144.0,32.86,33.06,32.66,32.93,True,中稀有色,False
2021-06-18,34.439,34.964,33.41,34.87,58093.0,192810667.0,32.78,33.28,31.8,33.19,True,中稀有色,False
2021-06-21,34.481,35.195,34.439,35.048,38755.0,129286680.0,32.82,33.5,32.78,33.36,True,中稀有色,False
2021-06-22,35.206,36.644,34.859,36.172,92483.0,318418969.0,33.51,34.88,33.18,34.43,True,中稀有色,False
2021-06-23,36.035,36.035,35.363,35.668,57321.0,194604795.00000003,34.3,34.3,33.66,33.95,True,中稀有色,False
2021-06-24,35.731,36.77,35.416,36.235,87128.0,300504472.0,34.01,35.0,33.71,34.49,True,中稀有色,False
2021-06-25,36.088,36.172,35.542,35.846,58249.0,198745588.0,34.35,34.43,33.83,34.12,True,中稀有色,False
2021-06-28,35.594,36.025,35.416,35.468,43888.0,148165888.0,33.88,34.29,33.71,33.76,True,中稀有色,False
2021-06-29,35.363,36.224,35.279,35.3,58065.0,195098400.0,33.66,34.48,33.58,33.6,True,中稀有色,False
2021-06-30,35.101,36.35,35.006,35.521,58896.0,199127376.0,33.41,34.6,33.32,33.81,True,中稀有色,False
2021-07-01,35.615,35.678,34.513,34.555,57615.0,189495735.0,33.9,33.96,32.85,32.89,True,中稀有色,False
2021-07-02,34.565,36.697,34.387,35.237,99146.0,332535684.0,32.9,34.93,32.73,33.54,True,中稀有色,False
2021-07-05,35.521,37.463,35.384,37.012,162978.0,574171494.0,33.81,35.66,33.68,35.23,True,中稀有色,False
2021-07-06,36.77,38.23,36.382,37.715,187867.0,674442530.0,35.0,36.39,34.63,35.9,True,中稀有色,False
2021-07-07,37.169,40.97,36.529,39.962,292488.0,1112624352.0,35.38,39.0,34.77,38.04,True,中稀有色,False
2021-07-08,39.658,42.545,39.658,40.204,323128.0,1236610856.0,37.75,40.5,37.75,38.27,True,中稀有色,False
2021-07-09,39.92,44.225,39.92,44.225,264578.0,1113873380.0,38.0,42.1,38.0,42.1,True,中稀有色,False
2021-07-12,47.795,48.646,45.695,45.989,510584.0,2235336752.0,45.5,46.31,43.5,43.78,True,中稀有色,False
2021-07-13,44.645,44.96,42.913,43.847,319995.0,1335659130.0,42.5,42.8,40.85,41.74,True,中稀有色,False
2021-07-14,43.07,43.774,41.831,42.514,223269.0,903569643.0,41.0,41.67,39.82,40.47,True,中稀有色,False
2021-07-15,42.283,46.766,40.76,46.766,365670.0,1627962840.0,40.25,44.52,38.8,44.52,True,中稀有色,False
2021-07-16,45.17,48.719,44.855,45.643,341993.0,1485959585.0,43.0,46.38,42.7,43.45,True,中稀有色,False
2021-07-19,45.538,50.21,45.538,48.593,493521.0,2283028146.0,43.35,47.8,43.35,46.26,True,中稀有色,False
2021-07-20,48.068,50.179,47.396,48.31,299260.0,1376296740.0,45.76,47.77,45.12,45.99,True,中稀有色,False
2021-07-21,48.635,50.998,46.934,49.937,399161.0,1897611394.0,46.3,48.55,44.68,47.54,True,中稀有色,False
2021-07-22,49.591,49.885,47.963,48.11,297798.0,1363914840.0,47.21,47.49,45.66,45.8,True,中稀有色,False
2021-07-23,47.921,50.21,47.165,48.425,283326.0,1306132860.0,45.62,47.8,44.9,46.1,True,中稀有色,False
2021-07-26,48.215,49.895,46.64,48.425,213722.0,985258420.0,45.9,47.5,44.4,46.1,True,中稀有色,False
2021-07-27,48.047,50.294,44.131,44.131,317208.0,1332590808.0,45.74,47.88,42.01,42.01,True,中稀有色,False
2021-07-28,43.28,48.541,43.091,47.081,449776.0,2015896032.0,41.2,46.21,41.02,44.82,True,中稀有色,False
2021-07-29,47.942,49.874,46.693,49.37,393319.0,1848599300.0,45.64,47.48,44.45,47.0,True,中稀有色,False
2021-07-30,48.604,52.478,46.945,51.491,430329.0,2109472758.0,46.27,49.96,44.69,49.02,True,中稀有色,False
2021-08-02,50.882,52.184,47.27,48.971,375781.0,1751891022.0,48.44,49.68,45.0,46.62,True,中稀有色,False
2021-08-03,48.488,50.305,45.685,46.22,264259.0,1162739600.0,46.16,47.89,43.49,44.0,True,中稀有色,False
2021-08-04,46.21,49.454,46.21,48.845,254087.0,1181504550.0,43.99,47.08,43.99,46.5,True,中稀有色,False
2021-08-05,48.131,50.945,47.144,49.507,294510.0,1388025630.0,45.82,48.5,44.88,47.13,True,中稀有色,False
2021-08-06,49.297,53.759,49.297,51.796,346831.0,1710223661.0,46.93,51.18,46.93,49.31,True,中稀有色,False
2021-08-09,51.029,51.701,48.835,50.242,248980.0,1190871340.0,48.58,49.22,46.49,47.83,True,中稀有色,False
2021-08-10,49.864,55.261,49.79,53.224,465096.0,2356641432.0,47.47,52.61,47.4,50.67,True,中稀有色,False
2021-08-11,52.52,54.2,50.84,53.78,313963.0,1607490560.0,50.0,51.6,48.4,51.2,True,中稀有色,False
2021-08-12,52.52,53.444,51.355,52.331,187413.0,933691566.0,50.0,50.88,48.89,49.82,True,中稀有色,False
2021-08-13,52.205,55.135,50.63,50.63,214436.0,1033581520.0,49.7,52.49,48.2,48.2,True,中稀有色,False
2021-08-16,49.58,50.368,47.617,48.11,209293.0,958561940.0,47.2,47.95,45.33,45.8,True,中稀有色,False
2021-08-17,48.53,49.685,47.281,47.806,168843.0,768404493.0,46.2,47.3,45.01,45.51,True,中稀有色,False
2021-08-18,47.806,48.635,46.0,46.619,174221.0,773192798.0,45.51,46.3,43.79,44.38,True,中稀有色,False
2021-08-19,46.094,47.795,45.044,47.302,170771.0,768981813.0,43.88,45.5,42.88,45.03,True,中稀有色,False
2021-08-20,46.22,49.16,45.853,48.194,188265.0,863759820.0,44.0,46.8,43.65,45.88,True,中稀有色,False
2021-08-23,47.942,50.42,47.806,49.685,196962.0,931630260.0,45.64,48.0,45.51,47.3,True,中稀有色,False
2021-08-24,49.874,51.869,49.37,49.801,198978.0,943354698.0,47.48,49.38,47.0,47.41,True,中稀有色,False
2021-08-25,49.486,54.778,49.486,54.778,351500.0,1833072500.0,47.11,52.15,47.11,52.15,True,中稀有色,False
2021-08-26,56.185,56.815,54.631,55.544,316814.0,1675312432.0,53.49,54.09,52.01,52.88,True,中稀有色,False
2021-08-27,55.481,57.371,54.2,56.174,243338.0,1301371624.0,52.82,54.62,51.6,53.48,True,中稀有色,False
2021-08-30,55.67,58.39,55.355,57.088,261401.0,1420714435.0,53.0,55.59,52.7,54.35,True,中稀有色,False
2021-08-31,57.245,59.524,56.447,59.03,282157.0,1585722340.0,54.5,56.67,53.74,56.2,True,中稀有色,False
2021-09-01,58.642,60.395,53.129,53.129,353129.0,1786126482.0,55.83,57.5,50.58,50.58,True,中稀有色,False
2021-09-02,53.444,54.043,51.628,52.982,201332.0,1015518608.0,50.88,51.45,49.15,50.44,True,中稀有色,False
2021-09-03,52.016,53.99,49.265,50.074,218758.0,1042819386.0,49.52,51.4,46.9,47.67,True,中稀有色,False
2021-09-06,49.265,50.809,48.95,50.504,149778.0,720132624.0,46.9,48.37,46.6,48.08,True,中稀有色,False
2021-09-07,50.368,52.184,49.979,51.859,173643.0,857275491.0,47.95,49.68,47.58,49.37,True,中稀有色,False
2021-09-08,51.586,53.665,51.491,52.153,137378.0,682081770.0,49.11,51.09,49.02,49.65,True,中稀有色,False
2021-09-09,52.153,57.371,51.607,57.371,194482.0,1062260684.0,49.65,54.62,49.13,54.62,True,中稀有色,False
2021-09-10,59.996,63.104,59.398,63.104,240685.0,1446035480.0,57.12,60.08,56.55,60.08,True,中稀有色,False
2021-09-13,66.265,69.415,64.795,69.404,381403.0,2520311024.0,63.09,66.09,61.69,66.08,True,中稀有色,False
2021-09-14,68.407,76.345,68.407,76.345,397429.0,2888911401.0,65.13,72.69,65.13,72.69,True,中稀有色,False
2021-09-15,75.4,77.594,69.646,70.349,404960.0,2712422080.0,71.79,73.88,66.31,66.98,True,中稀有色,False
2021-09-16,73.321,73.615,67.01,67.682,349738.0,2253711672.0,69.81,70.09,63.8,64.44,True,中稀有色,False
2021-09-17,69.572,69.835,62.411,64.784,239469.0,1477044792.0,66.24,66.49,59.42,61.68,True,中稀有色,False
2021-09-22,64.69,68.018,63.766,64.816,214919.0,1326265149.0,61.59,64.76,60.71,61.71,True,中稀有色,False
2021-09-23,65.698,66.59,62.653,64.795,237946.0,1467888874.0,62.55,63.4,59.65,61.69,True,中稀有色,False
2021-09-24,67.073,70.591,62.191,63.419,284122.0,1715528636.0,63.86,67.21,59.21,60.38,True,中稀有色,False
2021-09-27,59.702,60.92,57.077,57.077,197543.0,1073448662.0,56.84,58.0,54.34,54.34,True,中稀有色,False
2021-09-28,55.67,56.783,54.358,56.258,184051.0,985777156.0,53.0,54.06,51.75,53.56,True,中稀有色,False
2021-09-29,55.46,56.216,52.919,53.455,127467.0,648679563.0,52.8,53.52,50.38,50.89,True,中稀有色,False
2021-09-30,53.875,56.195,53.276,55.67,132329.0,701343700.0,51.29,53.5,50.72,53.0,True,中稀有色,False
2021-10-08,56.594,56.93,51.869,53.728,131801.0,674162115.0,53.88,54.2,49.38,51.15,True,中稀有色,False
2021-10-11,52.625,53.854,51.586,52.73,87116.0,437322320.0,50.1,51.27,49.11,50.2,True,中稀有色,False
2021-10-12,52.898,53.024,48.709,49.181,127539.0,597137598.0,50.36,50.48,46.37,46.82,True,中稀有色,False
2021-10-13,50.389,51.187,48.845,50.179,104349.0,498475173.00000006,47.97,48.73,46.5,47.77,True,中稀有色,False
2021-10-14,50.147,51.334,49.79,50.336,92957.0,445449944.0,47.74,48.87,47.4,47.92,True,中稀有色,False
2021-10-15,50.882,50.882,49.276,50.315,88021.0,421620590.0,48.44,48.44,46.91,47.9,True,中稀有色,False
2021-10-18,50.62,51.313,49.433,51.313,131546.0,642602210.0,48.19,48.85,47.06,48.85,True,中稀有色,False
2021-10-19,50.819,53.024,50.095,52.52,164003.0,820015000.0,48.38,50.48,47.69,50.0,True,中稀有色,False
2021-10-20,51.47,53.518,50.21,52.877,160406.0,807483804.0,49.0,50.95,47.8,50.34,True,中稀有色,False
2021-10-21,53.738,56.489,52.699,54.41,235582.0,1220314760.0,51.16,53.78,50.17,51.8,True,中稀有色,False
2021-10-22,53.57,54.095,50.893,51.46,182799.0,895532301.0,51.0,51.5,48.45,48.99,True,中稀有色,False
2021-10-25,50.861,53.15,49.948,52.636,139851.0,700793361.0,48.42,50.6,47.55,50.11,True,中稀有色,False
2021-10-26,52.636,54.515,52.163,54.295,180138.0,931133322.0,50.11,51.9,49.66,51.69,True,中稀有色,False
2021-10-27,53.885,54.305,51.838,52.762,118940.0,597435620.0,51.3,51.7,49.35,50.23,True,中稀有色,False
2021-10-28,52.363,52.688,47.522,47.722,156227.0,709739261.0,49.85,50.16,45.24,45.43,True,中稀有色,False
2021-10-29,48.1,51.418,48.1,50.567,136395.0,656605530.0,45.79,48.95,45.79,48.14,True,中稀有色,False
2021-11-01,50.147,52.069,48.488,48.761,103263.0,479346846.0,47.74,49.57,46.16,46.42,True,中稀有色,False
2021-11-02,48.961,51.124,47.491,49.727,130995.0,620130330.0,46.61,48.67,45.21,47.34,True,中稀有色,False
2021-11-03,48.709,52.898,47.921,51.638,155420.0,764044720.0,46.37,50.36,45.62,49.16,True,中稀有色,False
2021-11-04,51.25,52.951,50.336,52.888,124853.0,628634855.0,48.79,50.41,47.92,50.35,True,中稀有色,False
2021-11-05,52.531,53.402,50.998,51.113,141457.0,688329762.0,50.01,50.84,48.55,48.66,True,中稀有色,False
2021-11-08,51.155,53.056,51.061,52.625,140661.0,704711610.0,48.7,50.51,48.61,50.1,True,中稀有色,False
2021-11-09,52.31,52.783,51.166,51.428,90151.0,441379296.0,49.8,50.25,48.71,48.96,True,中稀有色,False
2021-11-10,50.945,51.785,48.835,49.853,101282.0,480684372.0,48.5,49.3,46.49,47.46,True,中稀有色,False
2021-11-11,49.349,50.378,49.223,49.538,63714.0,300475224.0,46.98,47.96,46.86,47.16,True,中稀有色,False
2021-11-12,49.633,51.05,49.517,49.696,67994.0,321679614.0,47.25,48.6,47.14,47.31,True,中稀有色,False
2021-11-15,49.244,49.465,47.533,47.554,103776.0,469793952.00000006,46.88,47.09,45.25,45.27,True,中稀有色,False
2021-11-16,47.564,48.026,46.22,46.22,83617.0,367914800.0,45.28,45.72,44.0,44.0,True,中稀有色,False
2021-11-17,46.672,48.32,46.451,47.827,79259.0,360866227.0,44.43,46.0,44.22,45.53,True,中稀有色,False
2021-11-18,47.585,50.378,47.386,49.57,114649.0,541028631.0,45.3,47.96,45.11,47.19,True,中稀有色,False
2021-11-19,48.95,49.927,48.845,49.265,76288.0,357790720.0,46.6,47.53,46.5,46.9,True,中稀有色,False
2021-11-22,49.244,51.796,49.171,51.46,132769.0,650435331.0,46.88,49.31,46.81,48.99,True,中稀有色,False
2021-11-23,52.52,53.36,51.344,51.523,142856.0,700708680.0,50.0,50.8,48.88,49.05,True,中稀有色,False
2021-11-24,51.113,54.284,51.113,53.623,206200.0,1052651000.0,48.66,51.68,48.66,51.05,True,中稀有色,False
2021-11-25,53.623,55.67,52.52,53.854,171389.0,878711403.0,51.05,53.0,50.0,51.27,True,中稀有色,False
2021-11-26,53.518,59.24,53.434,59.24,127250.0,717690000.0,50.95,56.4,50.87,56.4,True,中稀有色,False
2021-11-29,59.345,61.897,57.98,60.605,319744.0,1844922880.0,56.5,58.93,55.2,57.7,True,中稀有色,False
2021-11-30,59.986,61.613,57.13,57.371,223250.0,1219391500.0,57.11,58.66,54.39,54.62,True,中稀有色,False
2021-12-01,56.615,57.455,55.639,56.594,135908.0,732272304.0,53.9,54.7,52.97,53.88,True,中稀有色,False
2021-12-02,56.584,60.899,55.933,60.395,242494.0,1394340500.0,53.87,57.98,53.25,57.5,True,中稀有色,False
2021-12-03,59.419,60.028,57.277,58.904,177186.0,993659088.0,56.57,57.15,54.53,56.08,True,中稀有色,False
2021-12-06,59.083,61.235,57.77,59.135,186866.0,1052055580.0,56.25,58.3,55.0,56.3,True,中稀有色,False
2021-12-07,59.051,60.185,55.46,57.035,169340.0,919516200.0,56.22,57.3,52.8,54.3,True,中稀有色,False
2021-12-08,57.718,58.631,56.479,57.739,103914.0,571215258.0,54.95,55.82,53.77,54.97,True,中稀有色,False
2021-12-09,57.644,59.219,57.014,57.413,101250.0,553432500.0,54.88,56.38,54.28,54.66,True,中稀有色,False
2021-12-10,57.518,60.164,56.72,58.726,117305.0,655852255.0,54.76,57.28,54.0,55.91,True,中稀有色,False
2021-12-13,58.726,60.479,57.445,60.479,129686.0,746731988.0,55.91,57.58,54.69,57.58,True,中稀有色,False
2021-12-14,60.248,60.395,56.92,57.214,155383.0,846371201.0,57.36,57.5,54.19,54.47,True,中稀有色,False
2021-12-15,56.521,58.295,55.807,56.017,105488.0,562567504.0,53.81,55.5,53.13,53.33,True,中稀有色,False
2021-12-16,55.607,56.279,54.442,56.09,86104.0,459795360.0,52.94,53.58,51.83,53.4,True,中稀有色,False
2021-12-17,56.206,56.405,54.41,54.41,86904.0,450162720.0,53.51,53.7,51.8,51.8,True,中稀有色,False
2021-12-20,54.4,59.849,54.305,57.665,212540.0,1166844600.0,51.79,56.98,51.7,54.9,True,中稀有色,False
2021-12-21,56.741,59.324,55.754,55.985,136627.0,728221910.0,54.02,56.48,53.08,53.3,True,中稀有色,False
2021-12-22,55.67,56.815,54.62,55.46,92337.0,487539360.0,53.0,54.09,52.0,52.8,True,中稀有色,False
2021-12-23,55.985,56.185,52.846,52.877,156116.0,785887944.0,53.3,53.49,50.31,50.34,True,中稀有色,False
2021-12-24,52.51,52.772,49.969,50.242,113473.0,542741359.0,49.99,50.24,47.57,47.83,True,中稀有色,False
2021-12-27,50.116,50.578,49.013,50.084,54752.0,261057536.0,47.71,48.15,46.66,47.68,True,中稀有色,False
2021-12-28,50.105,51.943,50.105,51.638,74916.0,368287056.0,47.7,49.45,47.7,49.16,True,中稀有色,False
2021-12-29,51.365,52.604,51.26,51.365,61004.0,298309560.0,48.9,50.08,48.8,48.9,True,中稀有色,False
2021-12-30,51.575,52.72,51.491,51.911,53834.0,266047628.0,49.1,50.19,49.02,49.42,True,中稀有色,False
2021-12-31,51.533,52.625,51.533,51.722,52144.0,256757056.0,49.06,50.1,49.06,49.24,True,中稀有色,False
2022-01-04,51.869,52.205,49.99,50.893,63100.0,305719500.0,49.38,49.7,47.59,48.45,True,中稀有色,False
2022-01-05,50.84,51.355,49.013,49.276,56811.0,266500401.0,48.4,48.89,46.66,46.91,True,中稀有色,False
2022-01-06,49.055,50.399,48.95,49.769,42296.0,200398448.0,46.7,47.98,46.6,47.38,True,中稀有色,False
2022-01-07,49.895,50.137,48.016,48.751,62392.0,289561272.0,47.5,47.73,45.71,46.41,True,中稀有色,False
2022-01-10,49.003,49.738,48.583,49.181,42461.0,198802402.0,46.65,47.35,46.25,46.82,True,中稀有色,False
2022-01-11,49.181,49.78,48.95,49.045,41456.0,193558064.0,46.82,47.39,46.6,46.69,True,中稀有色,False
2022-01-12,49.654,50.0,49.223,49.801,61255.0,290409955.0,47.27,47.6,46.86,47.41,True,中稀有色,False
2022-01-13,49.79,49.801,48.425,48.646,48930.0,226594830.0,47.4,47.41,46.1,46.31,True,中稀有色,False
2022-01-14,48.667,50.336,48.194,49.36,73441.0,345099259.0,46.33,47.92,45.88,46.99,True,中稀有色,False
2022-01-17,48.95,49.118,47.69,48.394,49528.0,228175496.0,46.6,46.76,45.4,46.07,True,中稀有色,False
2022-01-18,48.625,48.856,47.795,48.026,41353.0,189065916.0,46.29,46.51,45.5,45.72,True,中稀有色,False
2022-01-19,47.911,48.278,46.85,47.228,43545.0,195778320.0,45.61,45.96,44.6,44.96,True,中稀有色,False
2022-01-20,47.47,47.995,46.22,46.493,38403.0,169971678.0,45.19,45.69,44.0,44.26,True,中稀有色,False
2022-01-21,46.483,47.239,46.283,46.556,30634.0,135769888.0,44.25,44.97,44.06,44.32,True,中稀有色,False
2022-01-24,46.556,48.299,46.241,48.226,54905.0,252068855.0,44.32,45.98,44.02,45.91,True,中稀有色,False
2022-01-25,48.068,48.583,46.22,46.304,45893.0,202296344.0,45.76,46.25,44.0,44.08,True,中稀有色,False
2022-01-26,46.336,47.795,45.706,47.333,33907.0,152784942.0,44.11,45.5,43.51,45.06,True,中稀有色,False
2022-01-27,47.228,47.785,45.842,45.905,37873.0,165505010.0,44.96,45.49,43.64,43.7,True,中稀有色,False
2022-01-28,45.685,45.685,41.495,42.755,81552.0,331916640.0,43.49,43.49,39.5,40.7,True,中稀有色,False
2022-02-07,43.322,46.588,43.175,45.8,68275.0,297679000.0,41.24,44.35,41.1,43.6,True,中稀有色,False
2022-02-08,45.8,45.8,44.341,45.391,43072.0,186114112.0,43.6,43.6,42.21,43.21,True,中稀有色,False
2022-02-09,45.17,47.144,45.002,46.724,49537.0,220340576.0,43.0,44.88,42.84,44.48,True,中稀有色,False
2022-02-10,47.165,47.795,46.42,46.913,44452.0,198522632.0,44.9,45.5,44.19,44.66,True,中稀有色,False
2022-02-11,46.945,47.827,46.325,46.85,47523.0,211952580.0,44.69,45.53,44.1,44.6,True,中稀有色,False
2022-02-14,46.588,48.058,46.514,47.375,52828.0,238254280.0,44.35,45.75,44.28,45.1,True,中稀有色,False
2022-02-15,47.795,48.299,46.651,47.743,49620.0,225522900.0,45.5,45.98,44.41,45.45,True,中稀有色,False
2022-02-16,48.194,50.063,47.753,49.055,74794.0,349287980.0,45.88,47.66,45.46,46.7,True,中稀有色,False
2022-02-17,48.583,50.147,48.341,49.654,79760.0,377025520.0,46.25,47.74,46.02,47.27,True,中稀有色,False
2022-02-18,49.307,49.475,48.635,49.244,44185.0,207139280.0,46.94,47.1,46.3,46.88,True,中稀有色,False
2022-02-21,48.845,49.895,48.572,49.066,46783.0,218523393.0,46.5,47.5,46.24,46.71,True,中稀有色,False
2022-02-22,48.961,49.832,48.751,49.402,53990.0,253914970.0,46.61,47.44,46.41,47.03,True,中稀有色,False
2022-02-23,49.622,50.21,49.066,49.937,53904.0,256259616.0,47.24,47.8,46.71,47.54,True,中稀有色,False
2022-02-24,49.79,51.124,47.795,48.646,97624.0,452096744.0,47.4,48.67,45.5,46.31,True,中稀有色,False
2022-02-25,49.664,51.239,49.171,49.696,106891.0,505701321.0,47.28,48.78,46.81,47.31,True,中稀有色,False
2022-02-28,49.78,50.798,49.171,50.452,60007.0,288213621.0,47.39,48.36,46.81,48.03,True,中稀有色,False
2022-03-01,50.452,50.903,49.129,49.286,52425.0,245978100.0,48.03,48.46,46.77,46.92,True,中稀有色,False
2022-03-02,49.087,52.52,48.95,50.756,117945.0,569910240.0,46.73,50.0,46.6,48.32,True,中稀有色,False
2022-03-03,50.893,51.155,49.255,49.36,80847.0,379900053.0,48.45,48.7,46.89,46.99,True,中稀有色,False
2022-03-04,49.265,50.798,48.751,49.003,60929.0,284233785.0,46.9,48.36,46.41,46.65,True,中稀有色,False
2022-03-07,47.008,48.803,46.43,47.984,58251.0,266090568.0,44.75,46.46,44.2,45.68,True,中稀有色,False
2022-03-08,47.984,48.709,45.884,46.22,67942.0,298944800.0,45.68,46.37,43.68,44.0,True,中稀有色,False
2022-03-09,46.514,46.924,43.07,45.359,57735.0,249299730.0,44.28,44.67,41.0,43.18,True,中稀有色,False
2022-03-10,46.22,48.163,45.695,47.029,57653.0,258112481.00000003,44.0,45.85,43.5,44.77,True,中稀有色,False
2022-03-11,46.483,46.735,44.866,46.399,48531.0,214361427.0,44.25,44.49,42.71,44.17,True,中稀有色,False
2022-03-14,45.706,46.0,44.225,44.288,48262.0,203472592.0,43.51,43.79,42.1,42.16,True,中稀有色,False
2022-03-15,43.858,44.645,41.6,41.705,63275.0,251201750.00000003,41.75,42.5,39.6,39.7,True,中稀有色,False
2022-03-16,42.304,42.85,39.931,42.766,65568.0,266927328.0,40.27,40.79,38.01,40.71,True,中稀有色,False
2022-03-17,43.7,46.451,43.606,45.17,94902.0,408078600.0,41.6,44.22,41.51,43.0,True,中稀有色,False
2022-03-18,44.813,45.139,44.047,44.257,47280.0,199190640.0,42.66,42.97,41.93,42.13,True,中稀有色,False
2022-03-21,44.131,45.811,44.131,44.908,46535.0,198937125.0,42.01,43.61,42.01,42.75,True,中稀有色,False
2022-03-22,44.551,45.149,43.742,44.12,38714.0,162598800.0,42.41,42.98,41.64,42.0,True,中稀有色,False
2022-03-23,44.467,44.467,43.658,43.837,30778.0,128436594.0,42.33,42.33,41.56,41.73,True,中稀有色,False
2022-03-24,43.7,44.068,43.091,43.543,35322.0,146409690.0,41.6,41.95,41.02,41.45,True,中稀有色,False
2022-03-25,43.7,44.414,42.881,42.944,34012.0,139041056.0,41.6,42.28,40.82,40.88,True,中稀有色,False
2022-03-28,42.02,42.524,41.17,42.262,38820.0,156172860.0,40.0,40.48,39.19,40.23,True,中稀有色,False
2022-03-29,42.188,42.356,40.697,40.802,51516.0,200088144.00000003,40.16,40.32,38.74,38.84,True,中稀有色,False
2022-03-30,41.285,42.608,41.254,42.367,49894.0,201222502.0,39.3,40.56,39.27,40.33,True,中稀有色,False
2022-03-31,42.094,42.314,41.086,41.191,37987.0,148947027.0,40.07,40.28,39.11,39.21,True,中稀有色,False
2022-04-01,41.075,41.338,40.666,40.834,38077.0,148005299.0,39.1,39.35,38.71,38.87,True,中稀有色,False
2022-04-06,40.834,40.855,39.92,40.361,37676.0,144751192.0,38.87,38.89,38.0,38.42,True,中稀有色,False
2022-04-07,40.099,41.138,39.794,40.099,51515.0,196632755.0,38.17,39.16,37.88,38.17,True,中稀有色,False
2022-04-08,40.141,40.319,38.807,39.605,36183.0,136409910.0,38.21,38.38,36.94,37.7,True,中稀有色,False
2022-04-11,38.933,39.175,36.77,37.096,63481.0,224151411.0,37.06,37.29,35.0,35.31,True,中稀有色,False
2022-04-12,36.907,37.768,36.466,37.673,56914.0,204093604.0,35.13,35.95,34.71,35.86,True,中稀有色,False
2022-04-13,37.579,38.702,37.085,38.041,61824.0,223864704.0,35.77,36.84,35.3,36.21,True,中稀有色,False
2022-04-14,38.692,38.818,37.894,38.324,32883.0,119957184.0,36.83,36.95,36.07,36.48,True,中稀有色,False
2022-04-15,38.093,38.702,37.82,38.072,34548.0,125201952.0,36.26,36.84,36.0,36.24,True,中稀有色,False
2022-04-18,37.642,38.629,36.613,38.345,38723.0,141338950.0,35.83,36.77,34.85,36.5,True,中稀有色,False
2022-04-19,38.345,39.29,38.293,38.639,39040.0,143589120.0,36.5,37.4,36.45,36.78,True,中稀有色,False
2022-04-20,38.828,39.007,37.369,37.474,32371.0,115467357.0,36.96,37.13,35.57,35.67,True,中稀有色,False
2022-04-21,37.81,37.81,35.468,35.594,50558.0,171290504.0,35.99,35.99,33.76,33.88,True,中稀有色,False
2022-04-22,35.395,35.878,34.733,35.248,39972.0,134106060.0,33.69,34.15,33.06,33.55,True,中稀有色,False
2022-04-25,34.544,34.544,31.793,31.793,61851.0,187161126.0,32.88,32.88,30.26,30.26,True,中稀有色,False
2022-04-26,31.856,32.885,30.481,30.785,67678.0,198296540.0,30.32,31.3,29.01,29.3,True,中稀有色,False
2022-04-27,30.407,33.568,29.756,33.536,74752.0,238608384.0,28.94,31.95,28.32,31.92,True,中稀有色,False
2022-04-28,32.654,33.368,32.213,32.822,47444.0,148215056.0,31.08,31.76,30.66,31.24,True,中稀有色,False
2022-04-29,33.389,34.912,32.78,34.544,63163.0,207679944.00000003,31.78,33.23,31.2,32.88,True,中稀有色,False
2022-05-05,34.25,35.699,34.093,34.712,48495.0,160227480.0,32.6,33.98,32.45,33.04,True,中稀有色,False
2022-05-06,33.61,34.303,33.473,33.851,42647.0,137408634.0,31.99,32.65,31.86,32.22,True,中稀有色,False
2022-05-09,33.967,36.193,33.599,35.626,57732.0,195769212.0,32.33,34.45,31.98,33.91,True,中稀有色,False
2022-05-10,35.038,36.665,34.87,35.962,51280.0,175531439.99999997,33.35,34.9,33.19,34.23,True,中稀有色,False
2022-05-11,36.13,37.663,35.71,36.277,81071.0,279938163.0,34.39,35.85,33.99,34.53,True,中稀有色,False
2022-05-12,35.92,37.295,35.92,36.833,57847.0,202811582.0,34.19,35.5,34.19,35.06,True,中稀有色,False
2022-05-13,37.61,37.715,36.319,36.812,43099.0,151018896.0,35.8,35.9,34.57,35.04,True,中稀有色,False
2022-05-16,37.19,37.705,36.77,37.033,46165.0,162731625.0,35.4,35.89,35.0,35.25,True,中稀有色,False
2022-05-17,37.043,37.988,36.802,37.768,51465.0,185016675.0,35.26,36.16,35.03,35.95,True,中稀有色,False
2022-05-18,37.925,38.534,37.495,37.883,40251.0,145145106.0,36.1,36.68,35.69,36.06,True,中稀有色,False
2022-05-19,37.19,38.009,36.928,37.904,41289.0,148970712.0,35.4,36.18,35.15,36.08,True,中稀有色,False
2022-05-20,38.198,38.807,37.652,38.692,51695.0,190392685.0,36.36,36.94,35.84,36.83,True,中稀有色,False
2022-05-23,39.29,39.679,38.45,39.448,61249.0,229989995.0,37.4,37.77,36.6,37.55,True,中稀有色,False
2022-05-24,38.986,40.004,37.726,37.747,65141.0,234051613.0,37.11,38.08,35.91,35.93,True,中稀有色,False
2022-05-25,37.915,38.545,37.327,38.104,43103.0,156334581.0,36.09,36.69,35.53,36.27,True,中稀有色,False
2022-05-26,37.978,38.429,37.043,38.114,40162.0,145707736.0,36.15,36.58,35.26,36.28,True,中稀有色,False
2022-05-27,38.324,39.059,37.484,37.831,36946.0,133042546.0,36.48,37.18,35.68,36.01,True,中稀有色,False
2022-05-30,38.45,38.461,37.652,38.062,31659.0,114700557.0,36.6,36.61,35.84,36.23,True,中稀有色,False
2022-05-31,38.219,38.419,37.264,38.366,39432.0,144005664.0,36.38,36.57,35.47,36.52,True,中稀有色,False
2022-06-01,38.524,38.524,37.705,38.062,32371.0,117280133.0,36.67,36.67,35.89,36.23,True,中稀有色,False
2022-06-02,37.82,41.863,37.61,41.863,98527.0,392630095.0,36.0,39.85,35.8,39.85,True,中稀有色,False
2022-06-06,42.545,43.469,41.81,42.188,174110.0,699225760.0,40.5,41.38,39.8,40.16,True,中稀有色,False
2022-06-07,41.81,42.566,41.474,41.821,102325.0,407355825.0,39.8,40.52,39.48,39.81,True,中稀有色,False
2022-06-08,41.527,45.695,41.516,44.278,195673.0,824761695.0,39.53,43.5,39.52,42.15,True,中稀有色,False
2022-06-09,43.732,44.908,43.385,43.784,102517.0,427290856.0,41.63,42.75,41.3,41.68,True,中稀有色,False
2022-06-10,43.48,48.163,43.417,48.163,148638.0,681505230.0,41.39,45.85,41.33,45.85,True,中稀有色,False
2022-06-13,48.32,52.982,48.121,52.982,202689.0,1022363316.0,46.0,50.44,45.81,50.44,True,中稀有色,False
2022-06-14,54.4,58.274,54.4,56.699,332983.0,1797442234.0,51.79,55.48,51.79,53.98,True,中稀有色,False
2022-06-15,55.901,57.14,53.675,55.387,226482.0,1194239586.0,53.22,54.4,51.1,52.73,True,中稀有色,False
2022-06-16,55.67,58.012,54.085,55.124,179710.0,943118080.0,53.0,55.23,51.49,52.48,True,中稀有色,False
2022-06-17,55.397,55.67,52.541,54.379,195592.0,1012579784.0,52.74,53.0,50.02,51.77,True,中稀有色,False
2022-06-20,54.746,55.04,51.46,52.699,173270.0,869295590.0,52.12,52.4,48.99,50.17,True,中稀有色,False
2022-06-21,53.213,53.99,49.916,50.725,190786.0,921305594.0,50.66,51.4,47.52,48.29,True,中稀有色,False
2022-06-22,50.21,51.659,49.874,50.021,112528.0,535858336.0,47.8,49.18,47.48,47.62,True,中稀有色,False
2022-06-23,50.998,51.46,48.425,50.777,142143.0,687119262.0,48.55,48.99,46.1,48.34,True,中稀有色,False
2022-06-24,50.819,51.323,49.864,50.903,122282.0,592578572.0,48.38,48.86,47.47,48.46,True,中稀有色,False
2022-06-27,51.166,55.996,50.683,55.996,267748.0,1427364588.0,48.71,53.31,48.25,53.31,True,中稀有色,False
2022-06-28,55.996,60.343,55.817,58.6,269641.0,1504327139.0,53.31,57.45,53.14,55.79,True,中稀有色,False
2022-06-29,57.613,58.558,53.57,53.728,187710.0,960136650.0,54.85,55.75,51.0,51.15,True,中稀有色,False
2022-06-30,54.358,54.809,52.415,53.203,118944.0,602451360.0,51.75,52.18,49.9,50.65,True,中稀有色,False
2022-07-01,53.045,54.778,52.31,53.686,109230.0,558274530.0,50.5,52.15,49.8,51.11,True,中稀有色,False
2022-07-04,53.045,54.988,52.94,54.715,109341.0,569557269.0,50.5,52.35,50.4,52.09,True,中稀有色,False
2022-07-05,53.938,54.263,52.184,53.266,111894.0,567414474.0,51.35,51.66,49.68,50.71,True,中稀有色,False
2022-07-06,52.646,53.507,51.113,51.785,87512.0,431434160.0,50.12,50.94,48.66,49.3,True,中稀有色,False
2022-07-07,52.247,55.796,51.785,54.673,147985.0,770261925.0,49.74,53.12,49.3,52.05,True,中稀有色,False
2022-07-08,54.599,57.056,54.158,54.704,112248.0,584587584.0,51.98,54.32,51.56,52.08,True,中稀有色,False
2022-07-11,60.175,60.175,58.82,60.175,156177.0,894738033.0,57.29,57.29,56.0,57.29,True,中稀有色,False
2022-07-12,63.01,63.01,54.158,54.158,325681.0,1679211236.0,59.99,59.99,51.56,51.56,True,中稀有色,False
2022-07-13,54.284,55.103,51.47,52.52,202515.0,1012575000.0,51.68,52.46,49.0,50.0,True,中稀有色,False
2022-07-14,51.334,54.505,51.04,53.486,145079.0,738742268.0,48.87,51.89,48.59,50.92,True,中稀有色,False
2022-07-15,52.835,55.891,52.814,53.045,130651.0,659787550.0,50.3,53.21,50.28,50.5,True,中稀有色,False
2022-07-18,53.749,55.66,53.15,54.085,119028.0,612875172.0,51.17,52.99,50.6,51.49,True,中稀有色,False
2022-07-19,53.581,55.796,53.15,54.2,122823.0,633766680.0,51.01,53.12,50.6,51.6,True,中稀有色,False
2022-07-20,54.694,55.145,52.961,53.308,104005.0,527825375.0,52.07,52.5,50.42,50.75,True,中稀有色,False
2022-07-21,52.73,53.234,51.344,51.376,95949.0,469286559.0,50.2,50.68,48.88,48.91,True,中稀有色,False
2022-07-22,51.47,51.785,49.727,50.294,88649.0,424451412.0,49.0,49.3,47.34,47.88,True,中稀有色,False
2022-07-25,50.063,50.893,49.633,49.738,57264.0,271145040.0,47.66,48.45,47.25,47.35,True,中稀有色,False
2022-07-26,49.79,51.029,49.423,50.284,61332.0,293596284.0,47.4,48.58,47.05,47.87,True,中稀有色,False
2022-07-27,50.42,51.586,49.496,50.683,72798.0,351250350.0,48.0,49.11,47.12,48.25,True,中稀有色,False
2022-07-28,51.05,51.733,50.21,50.851,94870.0,459265670.0,48.6,49.25,47.8,48.41,True,中稀有色,False
2022-07-29,50.704,51.376,49.895,50.179,61518.0,293871486.0,48.27,48.91,47.5,47.77,True,中稀有色,False
2022-08-01,49.895,51.628,48.751,51.187,79658.0,388173434.0,47.5,49.15,46.41,48.73,True,中稀有色,False
2022-08-02,50.63,50.63,47.606,47.932,111990.0,511010370.0,48.2,48.2,45.32,45.63,True,中稀有色,False
2022-08-03,48.268,52.72,48.257,52.289,229497.0,1142436066.0,45.95,50.19,45.94,49.78,True,中稀有色,False
2022-08-04,51.376,51.827,49.465,50.252,140785.0,673515440.0,48.91,49.34,47.09,47.84,True,中稀有色,False
2022-08-05,50.305,54.106,49.916,52.94,160926.0,811067040.0,47.89,51.51,47.52,50.4,True,中稀有色,False
2022-08-08,52.951,53.99,52.016,53.329,103997.0,527992769.00000006,50.41,51.4,49.52,50.77,True,中稀有色,False
2022-08-09,52.898,53.749,52.52,53.014,69976.0,353168872.0,50.36,51.17,50.0,50.47,True,中稀有色,False
2022-08-10,53.003,55.261,52.94,53.959,133707.0,686852859.0,50.46,52.61,50.4,51.37,True,中稀有色,False
2022-08-11,53.444,54.505,52.52,53.98,97678.0,501967242.0,50.88,51.89,50.0,51.39,True,中稀有色,False
2022-08-12,53.885,54.851,53.045,53.056,71048.0,358863448.0,51.3,52.22,50.5,50.51,True,中稀有色,False
2022-08-15,52.783,55.523,52.646,54.736,110172.0,574106292.0,50.25,52.86,50.12,52.11,True,中稀有色,False
2022-08-16,54.557,54.82,52.93,53.339,87072.0,442151616.0,51.94,52.19,50.39,50.78,True,中稀有色,False
2022-08-17,53.339,53.549,51.334,53.056,97088.0,490391488.0,50.78,50.98,48.87,50.51,True,中稀有色,False
2022-08-18,52.625,54.841,52.31,53.35,89253.0,453315987.0,50.1,52.21,49.8,50.79,True,中稀有色,False
2022-08-19,53.266,54.043,51.376,51.376,83020.0,406050820.0,50.71,51.45,48.91,48.91,True,中稀有色,False
2022-08-22,51.208,52.373,50.074,52.205,61992.0,308100240.0,48.75,49.86,47.67,49.7,True,中稀有色,False
2022-08-23,51.974,52.205,50.62,51.092,64070.0,311636480.0,49.48,49.7,48.19,48.64,True,中稀有色,False
2022-08-24,51.449,51.575,48.341,48.719,100721.0,467143998.0,48.98,49.1,46.02,46.38,True,中稀有色,False
2022-08-25,49.045,49.139,47.501,48.499,57367.0,264863439.0,46.69,46.78,45.22,46.17,True,中稀有色,False
2022-08-26,48.163,50.179,48.163,49.045,52951.0,247228219.0,45.85,47.77,45.85,46.69,True,中稀有色,False
2022-08-29,48.32,49.265,47.827,48.11,47739.0,218644620.0,46.0,46.9,45.53,45.8,True,中稀有色,False
2022-08-30,48.215,48.446,47.281,47.575,49013.0,221979877.0,45.9,46.12,45.01,45.29,True,中稀有色,False
2022-08-31,47.575,47.9,45.8,46.168,56791.0,249596445.00000003,45.29,45.6,43.6,43.95,True,中稀有色,False
2022-09-01,45.748,46.85,45.275,45.758,45582.0,198555192.0,43.55,44.6,43.1,43.56,True,中稀有色,False
2022-09-02,46.01,46.189,45.17,45.391,33251.0,143677571.0,43.8,43.97,43.0,43.21,True,中稀有色,False
2022-09-05,44.939,45.664,43.91,45.622,61480.0,267007640.0,42.78,43.47,41.8,43.43,True,中稀有色,False
2022-09-06,45.632,47.228,45.223,46.724,57779.0,257000992.0,43.44,44.96,43.05,44.48,True,中稀有色,False
2022-09-07,46.682,48.058,46.325,47.396,52110.0,235120320.0,44.44,45.75,44.1,45.12,True,中稀有色,False
2022-09-08,47.312,47.701,46.451,46.493,33433.0,147974458.0,45.04,45.41,44.22,44.26,True,中稀有色,False
2022-09-09,46.535,48.016,46.462,47.291,46244.0,208190488.0,44.3,45.71,44.23,45.02,True,中稀有色,False
2022-09-13,47.06,48.457,47.06,47.48,53475.0,241707000.00000003,44.8,46.13,44.8,45.2,True,中稀有色,False
2022-09-14,46.43,47.018,44.96,45.359,119800.0,517296400.0,44.2,44.76,42.8,43.18,True,中稀有色,False
2022-09-15,45.79,45.8,42.325,43.102,103229.0,423548587.0,43.59,43.6,40.29,41.03,True,中稀有色,False
2022-09-16,43.06,43.595,42.493,42.524,53317.0,215827216.0,40.99,41.5,40.45,40.48,True,中稀有色,False
2022-09-19,42.472,43.175,42.083,42.283,41728.0,167955200.0,40.43,41.1,40.06,40.25,True,中稀有色,False
2022-09-20,43.07,43.984,42.766,43.448,67358.0,278592688.0,41.0,41.87,40.71,41.36,True,中稀有色,False
2022-09-21,43.522,45.338,43.249,44.488,85325.0,361351375.0,41.43,43.16,41.17,42.35,True,中稀有色,False
2022-09-22,43.984,44.981,43.753,44.183,66623.0,280216338.0,41.87,42.82,41.65,42.06,True,中稀有色,False
2022-09-23,44.204,44.477,42.272,43.144,62383.0,256206981.0,42.08,42.34,40.24,41.07,True,中稀有色,False
2022-09-26,43.018,43.795,41.947,43.007,49894.0,204266036.0,40.95,41.69,39.93,40.94,True,中稀有色,False
2022-09-27,42.934,43.438,42.125,42.923,42171.0,172310706.0,40.87,41.35,40.1,40.86,True,中稀有色,False
2022-09-28,42.661,42.923,40.55,40.624,61088.0,236227296.0,40.61,40.86,38.6,38.67,True,中稀有色,False
2022-09-29,41.159,42.104,40.949,41.306,49548.0,194822736.0,39.18,40.08,38.98,39.32,True,中稀有色,False
2022-09-30,41.516,41.989,40.55,40.75,41611.0,161409069.0,39.52,39.97,38.6,38.79,True,中稀有色,False
2022-10-10,40.75,41.285,39.143,39.395,50407.0,189026250.0,38.79,39.3,37.26,37.5,True,中稀有色,False
2022-10-11,39.605,40.487,39.5,39.973,37082.0,141097010.0,37.7,38.54,37.6,38.05,True,中稀有色,False
2022-10-12,40.246,41.023,38.86,41.023,52541.0,205172605.0,38.31,39.05,36.99,39.05,True,中稀有色,False
2022-10-13,40.739,43.196,40.582,41.621,73851.0,292597662.0,38.78,41.12,38.63,39.62,True,中稀有色,False
2022-10-14,41.8,42.493,41.495,42.094,50519.0,202429633.0,39.79,40.45,39.5,40.07,True,中稀有色,False
2022-10-17,41.348,42.377,41.296,42.136,47931.0,192251241.0,39.36,40.34,39.31,40.11,True,中稀有色,False
2022-10-18,42.22,42.913,41.821,42.199,45241.0,181733097.0,40.19,40.85,39.81,40.17,True,中稀有色,False
2022-10-19,41.915,43.228,41.81,41.936,52680.0,210298560.0,39.9,41.15,39.8,39.92,True,中稀有色,False
2022-10-20,41.695,42.44,40.991,41.821,46173.0,183814713.0,39.69,40.4,39.02,39.81,True,中稀有色,False
2022-10-21,42.02,42.283,41.107,41.243,35277.0,138497502.0,40.0,40.25,39.13,39.26,True,中稀有色,False
2022-10-24,41.002,42.608,40.099,40.456,51389.0,197899039.0,39.03,40.56,38.17,38.51,True,中稀有色,False
2022-10-25,40.309,40.876,39.259,40.319,38484.0,147701592.0,38.37,38.91,37.37,38.38,True,中稀有色,False
2022-10-26,40.55,44.351,40.288,42.892,116117.0,474105711.0,38.6,42.22,38.35,40.83,True,中稀有色,False
2022-10-27,43.595,47.176,42.913,47.176,227357.0,1021060287.0,41.5,44.91,40.85,44.91,True,中稀有色,False
2022-10-28,47.144,47.365,44.971,44.992,187039.0,801088037.0,44.88,45.09,42.81,42.83,True,中稀有色,False
2022-10-31,44.971,45.695,43.228,45.38,138122.0,596687040.0,42.81,43.5,41.15,43.2,True,中稀有色,False
2022-11-01,45.643,48.719,45.37,47.533,209642.0,948630050.0,43.45,46.38,43.19,45.25,True,中稀有色,False
2022-11-02,46.231,49.36,46.22,47.879,198696.0,905656368.0,44.01,46.99,44.0,45.58,True,中稀有色,False
2022-11-03,47.375,50.126,47.218,47.942,178003.0,812405692.0,45.1,47.72,44.95,45.64,True,中稀有色,False
2022-11-04,47.785,49.16,47.501,48.53,121832.0,562863840.0,45.49,46.8,45.22,46.2,True,中稀有色,False
2022-11-07,49.16,50.945,48.814,50.126,182664.0,871672608.0,46.8,48.5,46.47,47.72,True,中稀有色,False
2022-11-08,49.454,49.874,48.205,48.782,103045.0,478540980.0,47.08,47.48,45.89,46.44,True,中稀有色,False
2022-11-09,48.95,49.559,48.635,48.824,78821.0,366360008.0,46.6,47.18,46.3,46.48,True,中稀有色,False
2022-11-10,48.656,48.95,47.564,47.596,65717.0,297763727.0,46.32,46.6,45.28,45.31,True,中稀有色,False
2022-11-11,49.37,49.391,47.281,47.627,76975.0,349004650.0,47.0,47.02,45.01,45.34,True,中稀有色,False
2022-11-14,47.585,48.047,46.031,46.745,65066.0,289543700.0,45.3,45.74,43.82,44.5,True,中稀有色,False
2022-11-15,46.871,47.795,46.147,47.743,47494.0,215860230.0,44.62,45.5,43.93,45.45,True,中稀有色,False
2022-11-16,47.648,47.711,46.43,46.63,44926.0,199426514.0,45.36,45.42,44.2,44.39,True,中稀有色,False
2022-11-17,46.724,47.06,45.989,46.43,53903.0,238251260.00000003,44.48,44.8,43.78,44.2,True,中稀有色,False
2022-11-18,46.22,46.42,45.359,45.559,50877.0,220653549.0,44.0,44.19,43.18,43.37,True,中稀有色,False
2022-11-21,44.855,45.706,44.656,45.611,34810.0,151145020.0,42.7,43.51,42.51,43.42,True,中稀有色,False
2022-11-22,45.611,45.937,44.834,45.065,51470.0,220806300.0,43.42,43.73,42.68,42.9,True,中稀有色,False
2022-11-23,44.855,45.422,43.9,44.96,45023.0,192698440.0,42.7,43.24,41.79,42.8,True,中稀有色,False
2022-11-24,44.855,45.58,44.645,44.992,36550.0,156543650.0,42.7,43.39,42.5,42.83,True,中稀有色,False
2022-11-25,44.729,44.95,43.753,44.068,36370.0,152572150.0,42.58,42.79,41.65,41.95,True,中稀有色,False
2022-11-28,43.207,43.553,42.766,43.343,42118.0,173778868.0,41.13,41.46,40.71,41.26,True,中稀有色,False
2022-11-29,43.69,44.593,43.585,44.488,37479.0,158723565.0,41.59,42.45,41.49,42.35,True,中稀有色,False
2022-11-30,44.603,44.834,43.994,44.32,30564.0,128949516.0,42.46,42.68,41.88,42.19,True,中稀有色,False
2022-12-01,44.729,45.307,44.446,44.803,43524.0,185629860.0,42.58,43.13,42.31,42.65,True,中稀有色,False
2022-12-02,45.086,45.38,44.12,44.173,46242.0,194447610.0,42.92,43.2,42.0,42.05,True,中稀有色,False
2022-12-05,44.341,47.228,44.12,47.039,118572.0,530965416.0,42.21,44.96,42.0,44.78,True,中稀有色,False
2022-12-06,46.451,46.64,45.779,46.388,56141.0,247918656.0,44.22,44.4,43.58,44.16,True,中稀有色,False
2022-12-07,46.01,46.535,45.443,45.685,42920.0,186659080.0,43.8,44.3,43.26,43.49,True,中稀有色,False
2022-12-08,45.716,46.273,45.086,45.317,39660.0,171093240.0,43.52,44.05,42.92,43.14,True,中稀有色,False
2022-12-09,45.328,45.895,44.824,45.59,51725.0,224486500.0,43.15,43.69,42.67,43.4,True,中稀有色,False
2022-12-12,45.328,45.328,43.994,44.204,45192.0,190167936.0,43.15,43.15,41.88,42.08,True,中稀有色,False
2022-12-13,44.204,46.661,44.047,45.254,80912.0,348568896.0,42.08,44.42,41.93,43.08,True,中稀有色,False
2022-12-14,45.065,46.178,44.866,45.307,39175.0,168961775.0,42.9,43.96,42.71,43.13,True,中稀有色,False
2022-12-15,45.181,45.569,44.435,45.548,33848.0,146764928.0,43.01,43.38,42.3,43.36,True,中稀有色,False
2022-12-16,45.034,45.38,43.994,44.288,37311.0,157303176.0,42.87,43.2,41.88,42.16,True,中稀有色,False
2022-12-19,43.973,45.37,43.396,43.784,42053.0,175276904.0,41.86,43.19,41.31,41.68,True,中稀有色,False
2022-12-20,43.322,44.204,43.175,43.396,25181.0,104022711.0,41.24,42.08,41.1,41.31,True,中稀有色,False
2022-12-21,43.27,43.669,42.209,42.818,31526.0,128499976.0,41.19,41.57,40.18,40.76,True,中稀有色,False
2022-12-22,42.944,43.028,41.653,41.768,34462.0,137020912.0,40.88,40.96,39.65,39.76,True,中稀有色,False
2022-12-23,41.495,42.062,41.054,41.495,27114.0,107100300.0,39.5,40.04,39.08,39.5,True,中稀有色,False
2022-12-26,41.485,41.884,41.296,41.863,32152.0,128125720.0,39.49,39.87,39.31,39.85,True,中稀有色,False
2022-12-27,41.863,43.574,41.863,43.511,49366.0,204473972.0,39.85,41.48,39.85,41.42,True,中稀有色,False
2022-12-28,43.354,44.246,42.629,43.27,46999.0,193588881.0,41.27,42.12,40.58,41.19,True,中稀有色,False
2022-12-29,43.459,44.141,43.102,43.354,26380.0,108870260.0,41.37,42.02,41.03,41.27,True,中稀有色,False
2022-12-30,43.553,43.858,42.01,42.23,43425.0,174568500.0,41.46,41.75,39.99,40.2,True,中稀有色,False
2023-01-03,42.23,44.015,42.23,43.322,55888.0,230482112.0,40.2,41.9,40.2,41.24,True,中稀有色,False
2023-01-04,43.364,43.364,42.083,42.377,41894.0,169000396.0,41.28,41.28,40.06,40.34,True,中稀有色,False
2023-01-05,42.545,43.438,42.241,42.923,45946.0,187735356.0,40.5,41.35,40.21,40.86,True,中稀有色,False
2023-01-06,42.682,44.047,42.682,43.48,51322.0,212421758.0,40.63,41.93,40.63,41.39,True,中稀有色,False
2023-01-09,43.805,45.128,43.543,44.971,76967.0,329495727.0,41.7,42.96,41.45,42.81,True,中稀有色,False
2023-01-10,44.824,44.918,44.036,44.351,39007.0,164687554.0,42.67,42.76,41.92,42.22,True,中稀有色,False
2023-01-11,44.362,45.044,44.33,44.351,39248.0,165705056.0,42.23,42.88,42.2,42.22,True,中稀有色,False
2023-01-12,44.593,45.013,43.921,44.036,30764.0,128962688.0,42.45,42.85,41.81,41.92,True,中稀有色,False
2023-01-13,44.372,44.624,43.522,44.278,29590.0,124721850.0,42.24,42.48,41.43,42.15,True,中稀有色,False
2023-01-16,44.414,45.695,44.299,45.107,57191.0,245578154.0,42.28,43.5,42.17,42.94,True,中稀有色,False
2023-01-17,45.286,46.231,45.16,45.895,56761.0,247988809.0,43.11,44.01,42.99,43.69,True,中稀有色,False
2023-01-18,45.947,46.535,45.727,46.0,41067.0,179832393.0,43.74,44.3,43.53,43.79,True,中稀有色,False
2023-01-19,45.884,46.346,45.706,46.241,27942.0,123000684.0,43.68,44.12,43.51,44.02,True,中稀有色,False
2023-01-20,46.241,48.688,46.031,48.215,118257.0,542799630.0,44.02,46.35,43.82,45.9,True,中稀有色,False
2023-01-30,48.646,49.57,48.173,48.215,113506.0,520992540.0,46.31,47.19,45.86,45.9,True,中稀有色,False
2023-01-31,47.617,49.402,47.417,49.045,91389.0,426695241.0,45.33,47.03,45.14,46.69,True,中稀有色,False
2023-02-01,49.37,53.119,49.108,51.796,175386.0,864828366.0,47.0,50.57,46.75,49.31,True,中稀有色,False
2023-02-02,51.47,51.911,50.935,51.523,111877.0,548756685.0,49.0,49.42,48.49,49.05,True,中稀有色,False
2023-02-03,51.344,51.47,49.895,50.546,82925.0,399035100.0,48.88,49.0,47.5,48.12,True,中稀有色,False
2023-02-06,50.263,50.263,48.94,49.874,70882.0,336547736.0,47.85,47.85,46.59,47.48,True,中稀有色,False
2023-02-07,50.0,51.155,49.171,50.819,79260.0,383459880.0,47.6,48.7,46.81,48.38,True,中稀有色,False
2023-02-08,50.462,51.344,49.895,49.906,68554.0,325700054.0,48.04,48.88,47.5,47.51,True,中稀有色,False
2023-02-09,49.979,50.378,49.685,50.116,45486.0,217013706.0,47.58,47.96,47.3,47.71,True,中稀有色,False
2023-02-10,49.738,49.958,48.551,48.908,68328.0,318135168.0,47.35,47.56,46.22,46.56,True,中稀有色,False
2023-02-13,48.803,49.927,48.74,49.633,60836.0,287450100.0,46.46,47.53,46.4,47.25,True,中稀有色,False
2023-02-14,49.885,50.179,49.276,49.58,45692.0,215666240.0,47.49,47.77,46.91,47.2,True,中稀有色,False
2023-02-15,49.454,49.895,48.73,48.929,40587.0,189054246.0,47.08,47.5,46.39,46.58,True,中稀有色,False
2023-02-16,48.95,49.108,46.535,46.955,79238.0,354193860.0,46.6,46.75,44.3,44.7,True,中稀有色,False
2023-02-17,47.333,50.389,47.333,49.507,149621.0,705163773.0,45.06,47.97,45.06,47.13,True,中稀有色,False
2023-02-20,49.013,52.94,48.688,51.113,169615.0,825346590.0,46.66,50.4,46.35,48.66,True,中稀有色,False
2023-02-21,51.428,52.405,50.609,51.47,94888.0,464951200.0,48.96,49.89,48.18,49.0,True,中稀有色,False
2023-02-22,51.481,52.279,50.945,51.428,85953.0,420825888.0,49.01,49.77,48.5,48.96,True,中稀有色,False
2023-02-23,51.554,52.72,50.987,51.47,68728.0,336767200.0,49.08,50.19,48.54,49.0,True,中稀有色,False
2023-02-24,51.47,51.481,50.294,50.641,54548.0,262975908.0,49.0,49.01,47.88,48.21,True,中稀有色,False
2023-02-27,50.42,51.145,49.475,49.822,60635.0,287591805.0,48.0,48.69,47.1,47.43,True,中稀有色,False
2023-02-28,49.832,50.21,48.929,49.654,55648.0,263048096.00000003,47.44,47.8,46.58,47.27,True,中稀有色,False
2023-03-01,49.664,50.998,49.37,50.536,70708.0,340176188.0,47.28,48.55,47.0,48.11,True,中稀有色,False
2023-03-02,48.719,48.719,45.695,47.134,254244.0,1140792828.0,46.38,46.38,43.5,44.87,True,中稀有色,False
2023-03-03,46.504,47.365,46.073,46.514,104625.0,463279500.0,44.27,45.09,43.86,44.28,True,中稀有色,False
2023-03-06,46.525,46.535,44.75,45.601,121009.0,525300069.0,44.29,44.3,42.6,43.41,True,中稀有色,False
2023-03-07,45.401,46.514,45.181,45.506,92934.0,402590088.0,43.22,44.28,43.01,43.32,True,中稀有色,False
2023-03-08,45.17,45.349,44.855,45.191,42781.0,184043862.0,43.0,43.17,42.7,43.02,True,中稀有色,False
2023-03-09,44.624,46.147,44.624,44.939,73245.0,313342110.0,42.48,43.93,42.48,42.78,True,中稀有色,False
2023-03-10,44.624,45.401,44.246,44.782,55793.0,237845559.0,42.48,43.22,42.12,42.63,True,中稀有色,False
2023-03-13,44.908,45.359,44.435,45.265,44005.0,189617545.00000003,42.75,43.18,42.3,43.09,True,中稀有色,False
2023-03-14,45.244,45.412,43.595,44.341,58347.0,246282687.0,43.07,43.23,41.5,42.21,True,中稀有色,False
2023-03-15,44.467,45.044,44.33,44.414,41373.0,174925044.0,42.33,42.88,42.2,42.28,True,中稀有色,False
2023-03-16,44.12,44.12,42.776,42.808,59286.0,241590450.0,42.0,42.0,40.72,40.75,True,中稀有色,False
2023-03-17,43.217,43.448,42.766,42.892,51154.0,208861782.0,41.14,41.36,40.71,40.83,True,中稀有色,False
2023-03-20,42.892,43.049,41.8,42.839,57766.0,235569748.0,40.83,40.98,39.79,40.78,True,中稀有色,False
2023-03-21,42.703,43.595,42.514,43.48,50609.0,209470651.0,40.65,41.5,40.47,41.39,True,中稀有色,False
2023-03-22,43.606,43.679,42.829,43.07,44441.0,182208100.0,41.51,41.58,40.77,41.0,True,中稀有色,False
2023-03-23,43.07,43.385,42.787,43.07,35682.0,146296200.0,41.0,41.3,40.73,41.0,True,中稀有色,False
2023-03-24,43.07,43.07,42.136,42.377,50493.0,203688762.00000003,41.0,41.0,40.11,40.34,True,中稀有色,False
2023-03-27,42.608,42.839,42.125,42.524,41210.0,166818080.0,40.56,40.78,40.1,40.48,True,中稀有色,False
2023-03-28,42.577,42.713,41.957,42.02,39996.0,159984000.0,40.53,40.66,39.94,40.0,True,中稀有色,False
2023-03-29,41.894,42.304,41.495,41.81,34528.0,137421440.0,39.88,40.27,39.5,39.8,True,中稀有色,False
2023-03-30,41.926,42.188,41.422,42.188,36927.0,148298832.0,39.91,40.16,39.43,40.16,True,中稀有色,False
2023-03-31,42.125,42.524,41.81,41.884,53202.0,212116374.0,40.1,40.48,39.8,39.87,True,中稀有色,False
2023-04-03,41.6,42.955,41.579,42.724,58153.0,236508251.0,39.6,40.89,39.58,40.67,True,中稀有色,False
2023-04-04,42.493,42.734,41.632,41.894,63673.0,253927924.00000003,40.45,40.68,39.63,39.88,True,中稀有色,False
2023-04-06,41.905,42.451,40.918,42.44,103491.0,418103640.0,39.89,40.41,38.95,40.4,True,中稀有色,False
2023-04-07,42.073,42.44,42.01,42.073,47141.0,188799705.0,40.05,40.4,39.99,40.05,True,中稀有色,False
2023-04-10,42.073,42.073,41.285,41.38,55932.0,220316148.0,40.05,40.05,39.3,39.39,True,中稀有色,False
2023-04-11,41.149,42.608,40.991,42.482,64070.0,259099080.0,39.17,40.56,39.02,40.44,True,中稀有色,False
2023-04-12,42.23,43.27,42.167,43.018,72473.0,296776935.0,40.2,41.19,40.14,40.95,True,中稀有色,False
2023-04-13,42.965,44.32,42.776,43.07,98239.0,402779900.0,40.9,42.19,40.72,41.0,True,中稀有色,False
2023-04-14,43.049,43.9,43.049,43.28,57539.0,237060680.00000003,40.98,41.79,40.98,41.2,True,中稀有色,False
2023-04-17,43.595,44.572,42.965,44.435,98029.0,414662670.0,41.5,42.43,40.9,42.3,True,中稀有色,False
2023-04-18,44.225,44.698,43.637,43.91,67670.0,282860600.0,42.1,42.55,41.54,41.8,True,中稀有色,False
2023-04-19,43.7,43.963,42.808,42.892,55369.0,226071627.0,41.6,41.85,40.75,40.83,True,中稀有色,False
2023-04-20,42.734,42.734,41.915,42.115,44461.0,178244149.00000003,40.68,40.68,39.9,40.09,True,中稀有色,False
2023-04-21,41.957,42.209,40.739,40.823,55677.0,216360822.0,39.94,40.18,38.78,38.86,True,中稀有色,False
2023-04-24,40.865,41.233,39.983,40.34,35064.0,134645760.0,38.9,39.25,38.06,38.4,True,中稀有色,False
2023-04-25,40.172,40.687,38.891,39.08,55624.0,206921280.00000003,38.24,38.73,37.02,37.2,True,中稀有色,False
2023-04-26,38.849,39.92,38.734,39.469,45519.0,171014883.0,36.98,38.0,36.87,37.57,True,中稀有色,False
2023-04-27,39.479,39.616,38.902,39.521,28892.0,108691704.0,37.58,37.71,37.03,37.62,True,中稀有色,False
2023-04-28,39.532,40.078,39.395,39.983,31408.0,119538848.0,37.63,38.15,37.5,38.06,True,中稀有色,False
2023-05-04,39.605,39.605,38.324,38.419,61179.0,223731603.0,37.7,37.7,36.48,36.57,True,中稀有色,False
2023-05-05,38.135,38.545,37.694,38.482,37226.0,136358838.0,36.3,36.69,35.88,36.63,True,中稀有色,False
2023-05-08,38.461,39.374,38.429,39.133,33413.0,124463425.0,36.61,37.48,36.58,37.25,True,中稀有色,False
2023-05-09,39.08,40.456,38.534,39.29,63233.0,236491420.0,37.2,38.51,36.68,37.4,True,中稀有色,False
2023-05-10,39.301,39.374,38.776,38.986,25064.0,93012504.0,37.41,37.48,36.91,37.11,True,中稀有色,False
2023-05-11,38.891,39.238,38.66,38.692,23366.0,86056978.0,37.02,37.35,36.8,36.83,True,中稀有色,False
2023-05-12,38.692,38.692,38.051,38.104,19427.0,70461729.0,36.83,36.83,36.22,36.27,True,中稀有色,False
2023-05-15,38.125,39.343,38.083,39.248,35755.0,133580680.0,36.29,37.45,36.25,37.36,True,中稀有色,False
2023-05-16,39.395,39.49,38.734,38.828,22683.0,83836368.0,37.5,37.59,36.87,36.96,True,中稀有色,False
2023-05-17,38.828,39.154,38.671,39.007,16337.0,60659281.00000001,36.96,37.27,36.81,37.13,True,中稀有色,False
2023-05-18,39.017,39.133,38.513,38.807,18861.0,69672534.0,37.14,37.25,36.66,36.94,True,中稀有色,False
2023-05-19,38.807,38.807,38.146,38.692,17801.0,65561083.0,36.94,36.94,36.31,36.83,True,中稀有色,False
2023-05-22,38.692,38.797,38.24,38.618,14764.0,54272464.0,36.83,36.93,36.4,36.76,True,中稀有色,False
2023-05-23,38.66,38.986,38.482,38.534,16087.0,59007116.0,36.8,37.11,36.63,36.68,True,中稀有色,False
2023-05-24,38.45,38.818,38.209,38.377,14408.0,52632424.0,36.6,36.95,36.37,36.53,True,中稀有色,False
2023-05-25,38.282,38.65,37.726,37.999,25564.0,92464988.0,36.44,36.79,35.91,36.17,True,中稀有色,False
2023-05-26,38.156,38.156,37.043,37.558,27087.0,96836025.0,36.32,36.32,35.26,35.75,True,中稀有色,False
2023-05-29,37.442,37.694,37.075,37.18,25674.0,90860286.0,35.64,35.88,35.29,35.39,True,中稀有色,False
2023-05-30,37.085,37.39,36.329,37.043,35434.0,124940284.0,35.3,35.59,34.58,35.26,True,中稀有色,False
2023-05-31,36.938,37.222,36.623,36.907,20414.0,71714382.0,35.16,35.43,34.86,35.13,True,中稀有色,False
2023-06-01,36.854,37.694,36.676,37.442,25597.0,91227708.0,35.08,35.88,34.91,35.64,True,中稀有色,False
2023-06-02,37.495,38.293,37.453,37.999,30373.0,109859141.0,35.69,36.45,35.65,36.17,True,中稀有色,False
2023-06-05,38.156,38.177,37.348,37.432,26466.0,94298358.0,36.32,36.34,35.55,35.63,True,中稀有色,False
2023-06-06,37.4,37.6,36.424,36.665,28632.0,99925680.0,35.6,35.79,34.67,34.9,True,中稀有色,False
2023-06-07,36.697,36.928,35.836,36.004,28909.0,99071143.0,34.93,35.15,34.11,34.27,True,中稀有色,False
2023-06-08,35.993,36.109,35.542,35.815,25080.0,85497720.00000001,34.26,34.37,33.83,34.09,True,中稀有色,False
2023-06-09,35.909,36.224,35.258,35.458,28411.0,95887125.0,34.18,34.48,33.56,33.75,True,中稀有色,False
2023-06-12,35.437,36.35,35.227,36.098,28782.0,98894952.0,33.73,34.6,33.53,34.36,True,中稀有色,False
2023-06-13,36.245,36.844,35.941,36.35,23071.0,79825660.0,34.5,35.07,34.21,34.6,True,中稀有色,False
2023-06-14,36.35,36.76,36.109,36.434,18102.0,62777736.0,34.6,34.99,34.37,34.68,True,中稀有色,False
2023-06-15,36.434,38.324,36.13,37.684,70329.0,252270123.0,34.68,36.48,34.39,35.87,True,中稀有色,False
2023-06-16,37.684,37.925,37.138,37.579,34385.0,122995145.0,35.87,36.1,35.35,35.77,True,中稀有色,False
2023-06-19,37.526,37.789,37.085,37.19,29001.0,102663540.0,35.72,35.97,35.3,35.4,True,中稀有色,False
2023-06-20,37.169,37.505,36.833,37.243,26453.0,93775885.0,35.38,35.7,35.06,35.45,True,中稀有色,False
2023-06-21,37.022,37.463,36.602,36.602,22058.0,76850072.00000001,35.24,35.66,34.84,34.84,True,中稀有色,False
2023-06-26,36.256,36.896,36.172,36.329,25810.0,89250980.0,34.51,35.12,34.43,34.58,True,中稀有色,False
2023-06-27,36.518,37.033,36.256,36.928,20796.0,73097940.0,34.76,35.25,34.51,35.15,True,中稀有色,False
2023-06-28,36.98,37.001,36.014,36.697,20310.0,70942830.0,35.2,35.22,34.28,34.93,True,中稀有色,False
2023-06-29,36.665,38.965,36.455,38.398,69390.0,253620450.0,34.9,37.09,34.7,36.55,True,中稀有色,False
2023-06-30,38.314,38.471,37.883,37.967,34141.0,123385574.0,36.47,36.62,36.06,36.14,True,中稀有色,False
2023-07-03,37.883,38.545,37.82,37.936,30759.0,111070749.0,36.06,36.69,36.0,36.11,True,中稀有色,False
2023-07-04,39.353,39.92,38.45,38.681,83436.0,307211352.0,37.46,38.0,36.6,36.82,True,中稀有色,False
2023-07-05,38.429,42.02,38.209,41.737,197767.0,785728290.9999999,36.58,40.0,36.37,39.73,True,中稀有色,False
2023-07-06,40.97,40.97,39.679,39.815,119934.0,454549860.0,39.0,39.0,37.77,37.9,True,中稀有色,False
2023-07-07,39.637,40.592,39.479,40.046,78882.0,300698184.0,37.73,38.64,37.58,38.12,True,中稀有色,False
2023-07-10,39.5,40.162,38.902,39.164,57131.0,212984368.0,37.6,38.23,37.03,37.28,True,中稀有色,False
2023-07-11,39.038,39.311,38.524,39.259,44342.0,165706054.0,37.16,37.42,36.67,37.37,True,中稀有色,False
2023-07-12,39.059,39.29,38.513,38.545,49656.0,182187864.0,37.18,37.4,36.66,36.69,True,中稀有色,False
2023-07-13,38.65,39.185,38.65,38.923,31856.0,118026480.0,36.79,37.3,36.79,37.05,True,中稀有色,False
2023-07-14,38.786,39.427,38.681,38.755,34140.0,125942460.0,36.92,37.53,36.82,36.89,True,中稀有色,False
2023-07-17,38.44,38.461,37.663,37.705,37738.0,135441682.0,36.59,36.61,35.85,35.89,True,中稀有色,False
2023-07-18,37.642,38.209,37.558,38.146,26182.0,95066842.0,35.83,36.37,35.75,36.31,True,中稀有色,False
2023-07-19,37.925,38.923,37.925,38.608,32218.0,118401150.0,36.1,37.05,36.1,36.75,True,中稀有色,False
2023-07-20,38.608,39.08,38.24,38.272,30332.0,110499476.0,36.75,37.2,36.4,36.43,True,中稀有色,False
2023-07-21,38.261,38.975,38.009,38.681,26637.0,98077434.0,36.42,37.1,36.18,36.82,True,中稀有色,False
2023-07-24,38.45,38.545,37.883,37.894,24198.0,87282186.0,36.6,36.69,36.06,36.07,True,中稀有色,False
2023-07-25,38.051,39.07,38.051,38.828,35094.0,129707424.0,36.22,37.19,36.22,36.96,True,中稀有色,False
2023-07-26,38.902,38.996,38.492,38.965,27415.0,101682235.0,37.03,37.12,36.64,37.09,True,中稀有色,False
2023-07-27,38.902,39.08,38.513,38.534,33094.0,121388792.0,37.03,37.2,36.66,36.68,True,中稀有色,False
2023-07-28,38.293,39.931,38.114,39.521,52734.0,198385308.0,36.45,38.01,36.28,37.62,True,中稀有色,False
2023-07-31,39.626,40.13,39.458,39.616,40536.0,152861256.0,37.72,38.2,37.56,37.71,True,中稀有色,False
2023-08-01,39.71,40.834,39.332,40.193,56717.0,216999242.0,37.8,38.87,37.44,38.26,True,中稀有色,False
2023-08-02,40.445,40.445,39.595,39.668,29777.0,112437952.0,38.5,38.5,37.69,37.76,True,中稀有色,False
2023-08-03,39.574,39.868,39.374,39.679,23969.0,90530913.0,37.67,37.95,37.48,37.77,True,中稀有色,False
2023-08-04,39.994,39.994,39.29,39.49,33868.0,127309812.0,38.07,38.07,37.4,37.59,True,中稀有色,False
2023-08-07,39.29,40.592,39.143,39.742,47578.0,179987574.0,37.4,38.64,37.26,37.83,True,中稀有色,False
2023-08-08,39.553,40.193,39.269,39.91,38938.0,147925462.0,37.65,38.26,37.38,37.99,True,中稀有色,False
2023-08-09,39.784,40.046,39.406,39.637,19600.0,73950800.0,37.87,38.12,37.51,37.73,True,中稀有色,False
2023-08-10,39.584,39.784,39.175,39.553,18391.0,69242115.0,37.68,37.87,37.29,37.65,True,中稀有色,False
2023-08-11,39.479,39.616,38.419,38.419,27426.0,100296882.0,37.58,37.71,36.57,36.57,True,中稀有色,False
2023-08-14,37.852,38.45,37.421,37.946,22218.0,80251416.0,36.03,36.6,35.62,36.12,True,中稀有色,False
2023-08-15,37.936,38.188,37.18,37.358,20594.0,73232264.0,36.11,36.35,35.39,35.56,True,中稀有色,False
2023-08-16,37.295,37.526,36.203,36.245,34043.0,117448350.0,35.5,35.72,34.46,34.5,True,中稀有色,False
2023-08-17,36.245,36.781,36.014,36.728,28235.0,98709560.0,34.5,35.01,34.28,34.96,True,中稀有色,False
2023-08-18,36.686,36.875,36.046,36.056,20500.0,70356000.0,34.92,35.1,34.31,34.32,True,中稀有色,False
2023-08-21,36.035,36.329,35.552,35.563,21261.0,71968485.0,34.3,34.58,33.84,33.85,True,中稀有色,False
2023-08-22,35.657,36.214,35.353,36.067,25189.0,86473837.0,33.94,34.47,33.65,34.33,True,中稀有色,False
2023-08-23,35.878,35.909,35.164,35.195,17496.0,58611600.0,34.15,34.18,33.47,33.5,True,中稀有色,False
2023-08-24,35.437,35.92,35.09,35.531,15926.0,53861732.0,33.73,34.19,33.4,33.82,True,中稀有色,False
2023-08-25,35.405,35.909,35.101,35.405,15619.0,52636030.00000001,33.7,34.18,33.41,33.7,True,中稀有色,False
2023-08-28,37.18,37.285,35.384,35.605,34559.0,117120451.0,35.39,35.49,33.68,33.89,True,中稀有色,False
2023-08-29,35.615,36.749,35.605,36.529,30688.0,106702176.0,33.9,34.98,33.89,34.77,True,中稀有色,False
2023-08-30,36.413,36.98,35.72,36.34,28719.0,99339021.0,34.66,35.2,34.0,34.59,True,中稀有色,False
2023-08-31,37.295,37.327,36.256,36.434,23638.0,81976584.0,35.5,35.53,34.51,34.68,True,中稀有色,False
2023-09-01,36.455,37.054,36.455,36.728,20823.0,72797208.0,34.7,35.27,34.7,34.96,True,中稀有色,False
2023-09-04,36.928,38.618,36.844,38.377,65224.0,238263272.0,35.15,36.76,35.07,36.53,True,中稀有色,False
2023-09-05,38.345,38.902,37.978,38.797,55260.0,204075180.0,36.5,37.03,36.15,36.93,True,中稀有色,False
2023-09-06,38.639,39.08,38.576,38.629,31613.0,116241001.0,36.78,37.2,36.72,36.77,True,中稀有色,False
2023-09-07,38.618,38.723,37.631,37.684,34442.0,123543454.0,36.76,36.86,35.82,35.87,True,中稀有色,False
2023-09-08,37.505,37.894,37.295,37.505,23555.0,84091350.0,35.7,36.07,35.5,35.7,True,中稀有色,False
2023-09-11,37.579,38.65,37.463,38.188,28485.0,103542975.0,35.77,36.79,35.66,36.35,True,中稀有色,False
2023-09-12,38.282,38.492,37.925,38.083,20541.0,74461125.0,36.44,36.64,36.1,36.25,True,中稀有色,False
2023-09-13,37.957,38.293,37.61,37.694,20699.0,74268012.0,36.13,36.45,35.8,35.88,True,中稀有色,False
2023-09-14,37.736,38.135,37.547,37.841,19689.0,70919778.0,35.92,36.3,35.74,36.02,True,中稀有色,False
2023-09-15,37.988,38.387,37.715,37.757,40528.0,145657632.0,36.16,36.54,35.9,35.94,True,中稀有色,False
2023-09-18,38.083,38.744,37.505,38.471,49495.0,181250690.0,36.25,36.88,35.7,36.62,True,中稀有色,False
2023-09-19,37.999,38.293,37.589,37.883,35371.0,127547826.0,36.17,36.45,35.78,36.06,True,中稀有色,False
2023-09-20,37.82,37.82,37.064,37.222,22351.0,79189593.0,36.0,36.0,35.28,35.43,True,中稀有色,False
2023-09-21,37.085,37.421,36.56,36.655,27438.0,95731182.0,35.3,35.62,34.8,34.89,True,中稀有色,False
2023-09-22,36.508,37.064,36.497,36.97,19205.0,67582395.0,34.75,35.28,34.74,35.19,True,中稀有色,False
2023-09-25,36.949,37.022,36.256,36.35,19464.0,67345440.0,35.17,35.24,34.51,34.6,True,中稀有色,False
2023-09-26,36.35,36.413,35.804,35.867,27165.0,92741310.0,34.6,34.66,34.08,34.14,True,中稀有色,False
2023-09-27,35.867,36.445,35.836,35.909,20167.0,68930806.0,34.14,34.69,34.11,34.18,True,中稀有色,False
2023-09-28,36.004,36.34,35.909,36.098,17013.0,58456668.0,34.27,34.59,34.18,34.36,True,中稀有色,False
2023-10-09,36.098,36.098,35.353,35.636,20927.0,70984384.0,34.36,34.36,33.65,33.92,True,中稀有色,False
2023-10-10,35.636,36.287,35.636,35.92,19712.0,67395328.0,33.92,34.54,33.92,34.19,True,中稀有色,False
2023-10-11,36.035,36.245,35.794,35.941,22234.0,76062514.0,34.3,34.5,34.07,34.21,True,中稀有色,False
2023-10-12,35.993,36.77,35.909,36.55,27366.0,95206314.0,34.26,35.0,34.18,34.79,True,中稀有色,False
2023-10-13,36.287,36.287,35.71,35.825,20614.0,70293740.0,34.54,34.54,33.99,34.1,True,中稀有色,False
2023-10-16,35.794,36.056,35.384,35.573,17750.0,60101500.0,34.07,34.32,33.68,33.86,True,中稀有色,False
2023-10-17,35.584,35.773,35.311,35.395,18377.0,61912112.99999999,33.87,34.05,33.61,33.69,True,中稀有色,False
2023-10-18,35.3,35.384,34.208,34.366,27946.0,91411366.0,33.6,33.68,32.56,32.71,True,中稀有色,False
2023-10-19,34.145,35.09,33.967,34.565,23656.0,77828240.0,32.5,33.4,32.33,32.9,True,中稀有色,False
2023-10-20,34.544,35.08,34.355,34.733,16598.0,54872988.00000001,32.88,33.39,32.7,33.06,True,中稀有色,False
2023-10-23,34.702,34.744,33.536,33.61,25218.0,80672382.0,33.03,33.07,31.92,31.99,True,中稀有色,False
2023-10-24,33.61,36.97,33.389,34.912,60728.0,201799144.0,31.99,35.19,31.78,33.23,True,中稀有色,False
2023-10-25,34.46,35.09,34.418,34.565,32145.0,105757050.0,32.8,33.4,32.76,32.9,True,中稀有色,False
2023-10-26,34.345,35.594,33.998,35.395,51267.0,172718523.0,32.69,33.88,32.36,33.69,True,中稀有色,False
2023-10-27,35.174,36.14,35.111,35.878,42610.0,145513150.0,33.48,34.4,33.42,34.15,True,中稀有色,False
2023-10-30,35.72,37.505,35.615,36.875,63841.0,224081910.0,34.0,35.7,33.9,35.1,True,中稀有色,False
2023-10-31,37.19,39.259,36.896,38.062,117418.0,425405414.0,35.4,37.37,35.12,36.23,True,中稀有色,False
2023-11-01,38.051,38.429,37.684,38.272,49873.0,181687339.0,36.22,36.58,35.87,36.43,True,中稀有色,False
2023-11-02,38.261,38.335,37.684,37.799,37514.0,134975372.0,36.42,36.49,35.87,35.98,True,中稀有色,False
2023-11-03,37.495,38.503,37.495,38.324,39166.0,142877568.0,35.69,36.65,35.69,36.48,True,中稀有色,False
2023-11-06,37.894,38.65,36.277,37.684,92788.0,332830556.0,36.07,36.79,34.53,35.87,True,中稀有色,False
2023-11-07,37.652,38.114,37.39,37.831,37251.0,134140851.0,35.84,36.28,35.59,36.01,True,中稀有色,False
2023-11-08,37.726,37.862,37.295,37.348,27581.0,98050455.0,35.91,36.04,35.5,35.55,True,中稀有色,False
2023-11-09,37.337,37.589,36.959,37.033,24464.0,86235600.0,35.54,35.78,35.18,35.25,True,中稀有色,False
2023-11-10,36.844,37.4,36.844,37.106,16617.0,58691244.0,35.07,35.6,35.07,35.32,True,中稀有色,False
2023-11-13,37.033,37.568,36.854,37.463,20177.0,71951182.0,35.25,35.76,35.08,35.66,True,中稀有色,False
2023-11-14,37.348,37.778,37.348,37.579,20517.0,73389309.0,35.55,35.96,35.55,35.77,True,中稀有色,False
2023-11-15,37.925,38.062,37.484,37.652,20866.0,74783744.0,36.1,36.23,35.68,35.84,True,中稀有色,False
2023-11-16,37.484,37.631,37.064,37.159,20065.0,70969905.0,35.68,35.82,35.28,35.37,True,中稀有色,False
2023-11-17,36.854,37.379,36.854,37.306,15866.0,56340166.0,35.08,35.58,35.08,35.51,True,中稀有色,False
2023-11-20,37.348,37.579,36.875,37.285,23413.0,83092737.0,35.55,35.77,35.1,35.49,True,中稀有色,False
2023-11-21,37.274,37.411,36.665,36.802,26969.0,94472407.0,35.48,35.61,34.9,35.03,True,中稀有色,False
2023-11-22,36.749,36.896,35.993,36.004,28940.0,99177380.0,34.98,35.12,34.26,34.27,True,中稀有色,False
2023-11-23,36.035,36.476,35.951,36.235,21681.0,74777769.0,34.3,34.72,34.22,34.49,True,中稀有色,False
2023-11-24,36.224,36.245,35.594,35.689,18446.0,62661062.0,34.48,34.5,33.88,33.97,True,中稀有色,False
2023-11-27,35.594,35.972,35.479,35.71,15690.0,53330310.0,33.88,34.24,33.77,33.99,True,中稀有色,False
2023-11-28,35.71,35.888,35.353,35.762,17085.0,58157340.0,33.99,34.16,33.65,34.04,True,中稀有色,False
2023-11-29,35.72,36.035,35.594,35.668,16708.0,56723660.00000001,34.0,34.3,33.88,33.95,True,中稀有色,False
2023-11-30,35.668,35.836,35.195,35.794,22169.0,75529783.0,33.95,34.11,33.5,34.07,True,中稀有色,False
2023-12-01,35.72,35.93,35.3,35.489,17784.0,60074352.0,34.0,34.2,33.6,33.78,True,中稀有色,False
2023-12-04,35.489,36.172,35.489,35.867,22839.0,77972346.0,33.78,34.43,33.78,34.14,True,中稀有色,False
2023-12-05,35.762,35.825,35.101,35.111,19816.0,66225072.0,34.04,34.1,33.41,33.42,True,中稀有色,False
2023-12-06,35.101,36.077,34.88,35.395,34346.0,115711674.0,33.41,34.34,33.2,33.69,True,中稀有色,False
2023-12-07,35.594,35.815,34.901,35.657,29930.0,101582420.0,33.88,34.09,33.22,33.94,True,中稀有色,False
2023-12-08,35.731,35.773,34.901,35.395,45005.0,151621845.0,34.01,34.05,33.22,33.69,True,中稀有色,False
2023-12-11,35.038,35.29,34.334,35.195,34444.0,115387400.0,33.35,33.59,32.68,33.5,True,中稀有色,False
2023-12-12,35.006,35.195,34.88,35.048,19012.0,63424032.0,33.32,33.5,33.2,33.36,True,中稀有色,False
2023-12-13,34.933,35.227,34.807,34.817,20278.0,67201292.0,33.25,33.53,33.13,33.14,True,中稀有色,False
2023-12-14,35.143,35.279,34.67,34.712,12121.0,40047784.0,33.45,33.58,33.0,33.04,True,中稀有色,False
2023-12-15,34.901,35.164,34.481,34.618,15245.0,50232275.00000001,33.22,33.47,32.82,32.95,True,中稀有色,False
2023-12-18,34.397,34.838,34.145,34.198,17324.0,56389619.99999999,32.74,33.16,32.5,32.55,True,中稀有色,False
2023-12-19,34.313,34.355,33.893,34.145,16469.0,53524250.0,32.66,32.7,32.26,32.5,True,中稀有色,False
2023-12-20,34.177,34.313,33.505,33.62,22049.0,70556800.0,32.53,32.66,31.89,32.0,True,中稀有色,False
2023-12-21,33.484,34.03,33.095,33.935,24960.0,80620800.0,31.87,32.39,31.5,32.3,True,中稀有色,False
2023-12-22,33.925,34.492,33.61,34.124,24847.0,80703055.99999999,32.29,32.83,31.99,32.48,True,中稀有色,False
2023-12-25,34.219,35.573,33.988,35.132,48413.0,161893072.0,32.57,33.86,32.35,33.44,True,中稀有色,False
2023-12-26,34.996,36.403,34.996,35.668,78265.0,265709675.00000003,33.31,34.65,33.31,33.95,True,中稀有色,False
2023-12-27,35.689,35.93,34.576,35.143,39604.0,132475380.0,33.97,34.2,32.91,33.45,True,中稀有色,False
2023-12-28,35.248,37.169,35.195,36.791,84752.0,296801504.0,33.55,35.38,33.5,35.02,True,中稀有色,False
2023-12-29,36.928,37.348,36.77,37.243,62405.0,221225725.00000003,35.15,35.55,35.0,35.45,True,中稀有色,False
2024-01-02,38.429,38.429,35.258,35.72,150773.0,512628200.0,36.58,36.58,33.56,34.0,True,中稀有色,False
2024-01-03,35.384,35.804,35.132,35.405,58831.0,198260470.00000003,33.68,34.08,33.44,33.7,True,中稀有色,False
2024-01-04,35.363,35.363,34.366,34.639,42928.0,141533616.0,33.66,33.66,32.71,32.97,True,中稀有色,False
2024-01-05,34.544,34.985,34.051,34.156,28919.0,94015669.0,32.88,33.3,32.41,32.51,True,中稀有色,False
2024-01-08,34.124,34.156,33.326,33.368,35461.0,112624136.0,32.48,32.51,31.72,31.76,True,中稀有色,False
2024-01-09,33.41,33.872,32.99,33.379,38135.0,121154895.0,31.8,32.24,31.4,31.77,True,中稀有色,False
2024-01-10,33.4,33.872,32.602,33.61,32321.0,103394879.0,31.79,32.24,31.03,31.99,True,中稀有色,False
2024-01-11,33.547,34.366,33.263,34.24,29051.0,94677209.0,31.93,32.71,31.66,32.59,True,中稀有色,False
2024-01-12,34.25,34.292,33.095,33.116,39677.0,125061904.0,32.6,32.64,31.5,31.52,True,中稀有色,False
2024-01-15,32.938,33.242,32.633,32.759,19372.0,60401896.0,31.35,31.64,31.06,31.18,True,中稀有色,False
2024-01-16,32.77,32.917,31.867,32.381,31503.0,97092246.0,31.19,31.33,30.33,30.82,True,中稀有色,False
2024-01-17,32.287,32.36,31.52,31.52,20754.0,62262000.0,30.73,30.8,30.0,30.0,True,中稀有色,False
2024-01-18,31.184,31.52,30.344,31.415,42879.0,128208210.0,29.68,30.0,28.88,29.9,True,中稀有色,False
2024-01-19,31.468,31.783,31.048,31.079,18444.0,54557352.0,29.95,30.25,29.55,29.58,True,中稀有色,False
2024-01-22,30.953,30.995,28.717,29.21,42362.0,117766360.0,29.46,29.5,27.33,27.8,True,中稀有色,False
2024-01-23,29.231,29.62,28.664,29.536,29295.0,82348245.0,27.82,28.19,27.28,28.11,True,中稀有色,False
2024-01-24,29.63,30.292,29.021,30.155,30468.0,87443160.0,28.2,28.83,27.62,28.7,True,中稀有色,False
2024-01-25,30.271,31.027,30.071,30.848,41186.0,120922096.0,28.81,29.53,28.62,29.36,True,中稀有色,False
2024-01-26,30.68,31.499,30.575,30.859,33578.0,98618586.0,29.2,29.98,29.1,29.37,True,中稀有色,False
2024-01-29,30.869,31.1,30.323,30.481,42656.0,123745056.0,29.38,29.6,28.86,29.01,True,中稀有色,False
2024-01-30,29.998,30.418,29.168,29.221,27519.0,76530339.0,28.55,28.95,27.76,27.81,True,中稀有色,False
2024-01-31,28.906,29.609,28.286,28.454,38091.0,103150428.0,27.51,28.18,26.92,27.08,True,中稀有色,False
2024-02-01,28.244,29.105,27.803,27.824,36270.0,96042960.0,26.88,27.7,26.46,26.48,True,中稀有色,False
2024-02-02,27.772,28.16,25.819,26.396,51723.0,129928176.0,26.43,26.8,24.57,25.12,True,中稀有色,False
2024-02-05,26.144,26.165,24.044,25.042,56245.0,134031835.0,24.88,24.9,22.88,23.83,True,中稀有色,False
2024-02-06,24.905,27.541,24.517,27.541,54465.0,142752765.0,23.7,26.21,23.33,26.21,True,中稀有色,False
2024-02-07,28.349,30.292,27.929,30.292,53164.0,153271812.0,26.98,28.83,26.58,28.83,True,中稀有色,False
2024-02-08,32.644,32.644,30.46,30.575,136610.0,397535100.0,31.07,31.07,28.99,29.1,True,中稀有色,False
2024-02-19,30.155,30.775,29.882,30.386,80364.0,232412688.0,28.7,29.29,28.44,28.92,True,中稀有色,False
2024-02-20,29.945,30.313,29.84,30.166,39110.0,112284810.0,28.5,28.85,28.4,28.71,True,中稀有色,False
2024-02-21,29.861,30.995,29.777,30.124,56669.0,162470023.0,28.42,29.5,28.34,28.67,True,中稀有色,False
2024-02-22,29.945,30.68,29.945,30.649,39331.0,114728527.0,28.5,29.2,28.5,29.17,True,中稀有色,False
2024-02-23,30.565,30.859,30.302,30.743,45992.0,134572592.0,29.09,29.37,28.84,29.26,True,中稀有色,False
2024-02-26,30.743,31.184,30.449,30.607,40725.0,118631925.0,29.26,29.68,28.98,29.13,True,中稀有色,False
2024-02-27,30.124,30.974,30.124,30.974,42005.0,123830740.0,28.67,29.48,28.67,29.48,True,中稀有色,False
2024-02-28,31.027,32.266,30.376,30.376,84606.0,244595946.0,29.53,30.71,28.91,28.91,True,中稀有色,False
2024-02-29,29.945,31.079,29.903,31.048,53896.0,159262680.0,28.5,29.58,28.46,29.55,True,中稀有色,False
2024-03-01,31.058,31.478,30.848,31.363,44688.0,133393680.0,29.56,29.96,29.36,29.85,True,中稀有色,False
2024-03-04,31.415,31.678,30.89,31.174,41491.0,123103797.0,29.9,30.15,29.4,29.67,True,中稀有色,False
2024-03-05,30.974,32.423,30.754,31.478,73662.0,220691352.0,29.48,30.86,29.27,29.96,True,中稀有色,False
2024-03-06,31.363,31.478,30.607,30.964,36728.0,108237416.0,29.85,29.96,29.13,29.47,True,中稀有色,False
2024-03-07,30.943,33.799,30.943,31.961,145528.0,442696176.0,29.45,32.17,29.45,30.42,True,中稀有色,False
2024-03-08,31.961,32.213,31.426,31.919,68593.0,208385534.0,30.42,30.66,29.91,30.38,True,中稀有色,False
2024-03-11,32.129,32.686,31.888,32.308,60670.0,186560250.0,30.58,31.11,30.35,30.75,True,中稀有色,False
2024-03-12,32.15,32.297,31.52,31.856,53035.0,160802120.0,30.6,30.74,30.0,30.32,True,中稀有色,False
2024-03-13,31.93,32.161,31.688,31.93,38388.0,116661132.0,30.39,30.61,30.16,30.39,True,中稀有色,False
2024-03-14,31.94,32.812,31.646,31.993,64890.0,197590050.0,30.4,31.23,30.12,30.45,True,中稀有色,False
2024-03-15,31.793,33.368,31.52,33.221,105631.0,334005222.0,30.26,31.76,30.0,31.62,True,中稀有色,False
2024-03-18,33.221,33.389,32.591,33.148,76535.0,241467925.0,31.62,31.78,31.02,31.55,True,中稀有色,False
2024-03-19,33.011,34.198,32.822,33.127,78967.0,248982951.0,31.42,32.55,31.24,31.53,True,中稀有色,False
2024-03-20,32.833,33.106,32.465,32.885,49075.0,153604750.0,31.25,31.51,30.9,31.3,True,中稀有色,False
2024-03-21,33.116,33.295,32.581,32.864,36654.0,114653712.0,31.52,31.69,31.01,31.28,True,中稀有色,False
2024-03-22,32.675,32.77,31.625,31.835,51216.0,155184480.0,31.1,31.19,30.1,30.3,True,中稀有色,False
2024-03-25,31.615,32.329,31.31,31.363,37251.0,111194235.0,30.09,30.77,29.8,29.85,True,中稀有色,False
2024-03-26,31.121,31.51,30.554,31.205,37236.0,110590920.0,29.62,29.99,29.08,29.7,True,中稀有色,False
2024-03-27,31.1,31.184,30.019,30.029,30344.0,86723152.0,29.6,29.68,28.57,28.58,True,中稀有色,False
2024-03-28,29.998,30.974,29.872,30.733,31504.0,92149200.0,28.55,29.48,28.43,29.25,True,中稀有色,False
2024-03-29,30.964,31.468,30.869,31.415,37010.0,110659900.0,29.47,29.95,29.38,29.9,True,中稀有色,False
2024-04-01,31.667,32.78,31.636,32.182,55501.0,169999563.0,30.14,31.2,30.11,30.63,True,中稀有色,False
2024-04-02,32.035,33.043,32.035,33.022,83169.0,261400167.0,30.49,31.45,30.49,31.43,True,中稀有色,False
2024-04-03,33.284,35.668,32.791,34.303,168228.0,549264420.0,31.68,33.95,31.21,32.65,True,中稀有色,False
2024-04-08,34.565,35.573,34.04,34.082,156412.0,507400528.0,32.9,33.86,32.4,32.44,True,中稀有色,False
2024-04-09,34.24,36.518,33.935,36.256,189931.0,655451881.0,32.59,34.76,32.3,34.51,True,中稀有色,False
2024-04-10,35.584,35.584,34.082,34.25,131657.0,429201820.0,33.87,33.87,32.44,32.6,True,中稀有色,False
2024-04-11,33.778,34.733,33.158,33.788,98693.0,317396687.99999994,32.15,33.06,31.56,32.16,True,中稀有色,False
2024-04-12,33.841,34.282,33.41,33.704,66191.0,212340728.0,32.21,32.63,31.8,32.08,True,中稀有色,False
2024-04-15,32.77,33.431,31.741,33.116,93856.0,295834112.0,31.19,31.82,30.21,31.52,True,中稀有色,False
2024-04-16,32.885,33.19,30.47,30.607,112977.0,329102001.0,31.3,31.59,29.0,29.13,True,中稀有色,False
2024-04-17,30.764,31.762,30.733,31.688,64294.0,193910704.0,29.28,30.23,29.25,30.16,True,中稀有色,False
2024-04-18,31.52,31.972,30.974,31.688,59966.0,180857456.0,30.0,30.43,29.48,30.16,True,中稀有色,False
2024-04-19,31.447,32.36,30.911,31.09,64778.0,191678102.0,29.93,30.8,29.42,29.59,True,中稀有色,False
2024-04-22,30.995,31.72,30.523,30.638,55642.0,162252072.0,29.5,30.19,29.05,29.16,True,中稀有色,False
2024-04-23,30.365,30.418,29.294,29.42,63878.0,178858400.0,28.9,28.95,27.88,28.0,True,中稀有色,False
2024-04-24,29.389,30.733,29.21,30.67,56649.0,165358431.0,27.97,29.25,27.8,29.19,True,中稀有色,False
2024-04-25,30.47,31.1,30.218,30.785,43207.0,126596510.0,29.0,29.6,28.76,29.3,True,中稀有色,False
2024-04-26,30.575,31.793,30.523,31.783,58465.0,176856625.0,29.1,30.26,29.05,30.25,True,中稀有色,False
2024-04-29,30.47,30.596,29.431,30.397,121309.0,350946937.0,29.0,29.12,28.01,28.93,True,中稀有色,False
2024-04-30,30.26,30.638,29.546,29.683,61041.0,172440825.0,28.8,29.16,28.12,28.25,True,中稀有色,False
2024-05-06,29.987,30.922,29.819,30.47,66429.0,192644100.0,28.54,29.43,28.38,29.0,True,中稀有色,False
2024-05-07,30.701,31.289,30.628,30.943,52884.0,155743380.0,29.22,29.78,29.15,29.45,True,中稀有色,False
2024-05-08,30.89,31.342,30.344,30.586,38674.0,112580014.0,29.4,29.83,28.88,29.11,True,中稀有色,False
2024-05-09,30.554,32.329,30.544,31.94,93408.0,283960320.0,29.08,30.77,29.07,30.4,True,中稀有色,False
2024-05-10,31.951,32.413,31.048,31.373,56210.0,167843060.0,30.41,30.85,29.55,29.86,True,中稀有色,False
2024-05-13,31.31,31.31,30.376,30.554,47339.0,137661812.0,29.8,29.8,28.91,29.08,True,中稀有色,False
2024-05-14,30.502,31.1,30.481,30.722,29655.0,86711220.0,29.03,29.6,29.01,29.24,True,中稀有色,False
2024-05-15,30.743,31.09,30.323,30.344,30321.0,87567048.0,29.26,29.59,28.86,28.88,True,中稀有色,False
2024-05-16,30.659,30.943,30.029,30.092,38721.0,110896944.0,29.18,29.45,28.58,28.64,True,中稀有色,False
2024-05-17,30.103,30.271,29.599,30.271,42463.0,122335903.0,28.65,28.81,28.17,28.81,True,中稀有色,False
2024-05-20,30.46,31.079,30.418,30.922,62366.0,183543138.0,28.99,29.58,28.95,29.43,True,中稀有色,False
2024-05-21,30.922,30.974,30.04,30.218,47204.0,135758704.0,29.43,29.48,28.59,28.76,True,中稀有色,False
2024-05-22,30.061,30.68,30.05,30.355,31876.0,92089764.0,28.61,29.2,28.6,28.89,True,中稀有色,False
2024-05-23,30.071,30.071,29.315,29.452,46800.0,131180400.0,28.62,28.62,27.9,28.03,True,中稀有色,False
2024-05-24,29.263,29.557,29.21,29.336,25609.0,71500328.0,27.85,28.13,27.8,27.92,True,中稀有色,False
2024-05-27,29.357,29.462,28.759,29.326,29236.0,81597676.0,27.94,28.04,27.37,27.91,True,中稀有色,False
2024-05-28,29.294,29.809,29.168,29.336,26246.0,73278832.0,27.88,28.37,27.76,27.92,True,中稀有色,False
2024-05-29,29.231,30.449,29.2,30.061,51761.0,148088221.0,27.82,28.98,27.79,28.61,True,中稀有色,False
2024-05-30,29.945,30.029,29.252,29.336,37014.0,103343088.0,28.5,28.58,27.84,27.92,True,中稀有色,False
2024-05-31,29.336,29.494,29.126,29.273,21218.0,59113348.0,27.92,28.07,27.72,27.86,True,中稀有色,False
2024-06-03,29.221,29.368,28.517,28.738,31576.0,86360360.0,27.81,27.95,27.14,27.35,True,中稀有色,False
2024-06-04,28.895,29.231,28.559,28.979,23279.0,64203481.99999999,27.5,27.82,27.18,27.58,True,中稀有色,False
2024-06-05,28.874,29.0,28.591,28.591,16186.0,44042106.0,27.48,27.6,27.21,27.21,True,中稀有色,False
2024-06-06,28.685,28.958,27.908,28.045,34254.0,91423926.0,27.3,27.56,26.56,26.69,True,中稀有色,False
2024-06-07,28.213,28.633,28.055,28.454,25566.0,69232728.0,26.85,27.25,26.7,27.08,True,中稀有色,False
2024-06-11,28.37,28.37,27.803,28.328,18592.0,50124032.0,27.0,27.0,26.46,26.96,True,中稀有色,False
2024-06-12,28.181,28.717,28.171,28.58,18094.0,49215680.0,26.82,27.33,26.81,27.2,True,中稀有色,False
2024-06-13,28.601,28.696,28.16,28.255,14786.0,39759554.0,27.22,27.31,26.8,26.89,True,中稀有色,False
2024-06-14,28.16,28.675,27.94,28.559,22241.0,60451038.0,26.8,27.29,26.59,27.18,True,中稀有色,False
2024-06-17,28.423,29.074,28.37,28.685,22562.0,61594260.0,27.05,27.67,27.0,27.3,True,中稀有色,False
2024-06-18,28.895,29.599,28.727,29.074,33041.0,91424447.0,27.5,28.17,27.34,27.67,True,中稀有色,False
2024-06-19,29.042,29.399,28.727,28.727,20922.0,57200748.0,27.64,27.98,27.34,27.34,True,中稀有色,False
2024-06-20,28.769,28.948,28.171,28.265,20814.0,55989660.0,27.38,27.55,26.81,26.9,True,中稀有色,False
2024-06-21,28.255,28.727,27.992,28.066,18587.0,49645877.0,26.89,27.34,26.64,26.71,True,中稀有色,False
2024-06-24,27.835,28.213,27.32,27.856,30441.0,80699091.0,26.49,26.85,26.0,26.51,True,中稀有色,False
2024-06-25,27.761,28.307,27.688,28.118,21465.0,57440340.0,26.42,26.94,26.35,26.76,True,中稀有色,False
2024-06-26,28.003,28.99,27.74,28.948,33938.0,93499190.0,26.65,27.59,26.4,27.55,True,中稀有色,False
2024-06-27,28.748,29.137,28.486,28.549,19227.0,52239759.0,27.36,27.73,27.11,27.17,True,中稀有色,False
2024-06-28,28.444,29.137,28.402,28.727,27976.0,76486384.0,27.07,27.73,27.03,27.34,True,中稀有色,False
2024-07-01,29.777,29.945,28.727,29.252,85483.0,237984672.0,28.34,28.5,27.34,27.84,True,中稀有色,False
2024-07-02,28.79,28.885,28.066,28.097,50711.0,135601214.0,27.4,27.49,26.71,26.74,True,中稀有色,False
2024-07-03,28.066,28.223,27.793,27.919,18410.0,48915370.0,26.71,26.86,26.45,26.57,True,中稀有色,False
2024-07-04,27.908,28.192,26.564,26.638,41572.0,105385020.0,26.56,26.83,25.28,25.35,True,中稀有色,False
2024-07-05,26.638,27.457,26.197,27.352,27757.0,72251471.0,25.35,26.13,24.93,26.03,True,中稀有色,False
2024-07-08,27.289,27.446,26.617,26.774,22520.0,57380960.0,25.97,26.12,25.33,25.48,True,中稀有色,False
2024-07-09,26.785,27.184,26.291,26.995,22597.0,58051693.0,25.49,25.87,25.02,25.69,True,中稀有色,False
2024-07-10,26.764,27.32,26.47,26.585,22476.0,56864280.0,25.47,26.0,25.19,25.3,True,中稀有色,False
2024-07-11,26.911,27.698,26.827,27.446,30617.0,79971604.0,25.61,26.36,25.53,26.12,True,中稀有色,False
2024-07-12,27.572,27.572,26.9,27.016,20269.0,52111599.0,26.24,26.24,25.6,25.71,True,中稀有色,False
2024-07-15,27.026,27.446,26.743,27.205,17915.0,46381935.0,25.72,26.12,25.45,25.89,True,中稀有色,False
2024-07-16,27.163,27.299,26.932,27.173,11988.0,31000968.0,25.85,25.98,25.63,25.86,True,中稀有色,False
2024-07-17,27.152,27.415,27.026,27.31,17427.0,45292773.0,25.84,26.09,25.72,25.99,True,中稀有色,False
2024-07-18,27.131,27.415,26.9,27.341,19204.0,49968808.0,25.82,26.09,25.6,26.02,True,中稀有色,False
2024-07-19,27.121,27.635,26.974,27.331,20139.0,52381539.0,25.81,26.3,25.67,26.01,True,中稀有色,False
2024-07-22,27.425,27.625,27.131,27.31,16336.0,42457264.0,26.1,26.29,25.82,25.99,True,中稀有色,False
2024-07-23,27.131,27.31,26.354,26.354,21054.0,52803432.0,25.82,25.99,25.08,25.08,True,中稀有色,False
2024-07-24,26.375,26.522,26.018,26.05,15840.0,39267360.0,25.1,25.24,24.76,24.79,True,中稀有色,False
2024-07-25,26.018,26.459,25.84,26.144,13008.0,32363904.0,24.76,25.18,24.59,24.88,True,中稀有色,False
2024-07-26,26.155,26.669,26.155,26.575,17426.0,44070354.0,24.89,25.38,24.89,25.29,True,中稀有色,False
2024-07-29,26.564,26.669,26.302,26.459,9353.0,23550854.0,25.28,25.38,25.03,25.18,True,中稀有色,False
2024-07-30,26.323,26.575,26.113,26.47,9620.0,24232780.0,25.05,25.29,24.85,25.19,True,中稀有色,False
2024-07-31,26.47,27.236,26.407,27.226,27113.0,70249783.0,25.19,25.92,25.13,25.91,True,中稀有色,False
2024-08-01,27.32,27.604,26.911,27.079,16416.0,42304032.0,26.0,26.27,25.61,25.77,True,中稀有色,False
2024-08-02,26.921,27.215,26.827,26.9,13510.0,34585600.0,25.62,25.9,25.53,25.6,True,中稀有色,False
2024-08-05,26.858,27.299,26.438,26.459,23730.0,59752140.0,25.56,25.98,25.16,25.18,True,中稀有色,False
2024-08-06,26.764,26.9,26.512,26.774,13747.0,35027356.0,25.47,25.6,25.23,25.48,True,中稀有色,False
2024-08-07,26.69,26.9,26.522,26.617,15393.0,38990469.0,25.4,25.6,25.24,25.33,True,中稀有色,False
2024-08-08,26.533,26.858,26.197,26.68,18198.0,46204722.0,25.25,25.56,24.93,25.39,True,中稀有色,False
2024-08-09,26.816,26.963,26.375,26.428,11721.0,29478315.0,25.52,25.66,25.1,25.15,True,中稀有色,False
2024-08-12,26.428,26.543,26.197,26.239,10597.0,26460709.0,25.15,25.26,24.93,24.97,True,中稀有色,False
2024-08-13,26.375,26.522,26.123,26.438,10114.0,25446824.0,25.1,25.24,24.86,25.16,True,中稀有色,False
2024-08-14,26.449,26.491,26.144,26.218,6720.0,16766400.0,25.17,25.21,24.88,24.95,True,中稀有色,False
2024-08-15,26.155,26.627,25.955,26.312,14490.0,36282960.0,24.89,25.34,24.7,25.04,True,中稀有色,False
2024-08-16,26.407,26.522,26.06,26.06,11631.0,28844880.0,25.13,25.24,24.8,24.8,True,中稀有色,False
2024-08-19,26.071,26.438,26.018,26.176,9648.0,24033168.0,24.81,25.16,24.76,24.91,True,中稀有色,False
2024-08-20,26.228,26.375,25.808,25.903,14607.0,36006255.0,24.96,25.1,24.56,24.65,True,中稀有色,False
2024-08-21,25.787,26.081,25.619,25.85,10414.0,25618440.0,24.54,24.82,24.38,24.6,True,中稀有色,False
2024-08-22,25.85,26.008,25.294,25.325,13352.0,32178320.000000004,24.6,24.75,24.07,24.1,True,中稀有色,False
2024-08-23,25.399,25.535,25.199,25.294,9400.0,22625800.0,24.17,24.3,23.98,24.07,True,中稀有色,False
2024-08-26,25.388,25.966,25.388,25.724,14718.0,36029664.0,24.16,24.71,24.16,24.48,True,中稀有色,False
2024-08-27,25.724,25.85,25.199,25.336,15644.0,37717684.0,24.48,24.6,23.98,24.11,True,中稀有色,False
2024-08-28,25.325,25.64,25.262,25.514,10355.0,25141940.0,24.1,24.4,24.04,24.28,True,中稀有色,False
2024-08-29,25.304,26.102,25.283,25.987,17604.0,43534692.0,24.08,24.84,24.06,24.73,True,中稀有色,False
2024-08-30,25.987,26.722,25.955,26.438,23985.0,60346260.0,24.73,25.43,24.7,25.16,True,中稀有色,False
2024-09-02,26.417,26.459,26.092,26.102,14346.0,35635464.0,25.14,25.18,24.83,24.84,True,中稀有色,False
2024-09-03,26.113,26.554,26.008,26.281,17308.0,43287308.0,24.85,25.27,24.75,25.01,True,中稀有色,False
2024-09-04,26.249,26.491,26.123,26.228,13327.0,33264192.0,24.98,25.21,24.86,24.96,True,中稀有色,False
2024-09-05,26.207,26.659,26.165,26.239,12760.0,31861720.0,24.94,25.37,24.9,24.97,True,中稀有色,False
2024-09-06,26.26,26.312,25.735,25.766,11768.0,28855136.0,24.99,25.04,24.49,24.52,True,中稀有色,False
2024-09-09,25.745,25.945,25.42,25.441,14859.0,35973639.0,24.5,24.69,24.19,24.21,True,中稀有色,False
2024-09-10,25.472,25.987,24.905,25.399,32041.0,77443097.0,24.24,24.73,23.7,24.17,True,中稀有色,False
2024-09-11,25.22,25.724,25.0,25.472,21614.0,52392336.0,24.0,24.48,23.79,24.24,True,中稀有色,False
2024-09-12,25.409,25.808,25.409,25.472,13548.0,32840352.0,24.18,24.56,24.18,24.24,True,中稀有色,False
2024-09-13,25.472,25.63,24.979,24.989,16571.0,39405838.0,24.24,24.39,23.77,23.78,True,中稀有色,False
2024-09-18,25.0,25.021,24.17,24.538,17379.0,40579965.0,23.79,23.81,23.0,23.35,True,中稀有色,False
2024-09-19,24.695,25.409,24.338,25.409,26887.0,65012766.0,23.5,24.18,23.16,24.18,True,中稀有色,False
2024-09-20,25.273,25.493,25.126,25.441,15432.0,37360872.0,24.05,24.26,23.91,24.21,True,中稀有色,False
2024-09-23,25.199,25.651,25.094,25.147,14696.0,35167528.0,23.98,24.41,23.88,23.93,True,中稀有色,False
2024-09-24,25.199,26.386,25.199,26.228,39570.0,98766720.0,23.98,25.11,23.98,24.96,True,中稀有色,False
2024-09-25,26.596,26.9,25.955,26.081,52650.0,130677300.0,25.31,25.6,24.7,24.82,True,中稀有色,False
2024-09-26,26.05,27.268,25.955,27.205,47474.0,122910186.0,24.79,25.95,24.7,25.89,True,中稀有色,False
2024-09-27,27.719,28.675,27.604,28.664,73759.0,201214552.0,26.38,27.29,26.27,27.28,True,中稀有色,False
2024-09-30,30.05,31.52,29.578,31.51,129445.0,388205555.0,28.6,30.0,28.15,29.99,True,中稀有色,False
2024-10-08,34.649,34.649,31.51,33.074,166428.0,523915344.0,32.98,32.98,29.99,31.48,True,中稀有色,False
2024-10-09,32.045,32.15,30.134,30.166,102650.0,294708150.0,30.5,30.6,28.68,28.71,True,中稀有色,False
2024-10-10,30.155,31.468,29.641,30.302,71029.0,204847636.0,28.7,29.95,28.21,28.84,True,中稀有色,False
2024-10-11,30.281,30.502,28.864,29.147,52770.0,146383980.0,28.82,29.03,27.47,27.74,True,中稀有色,False
2024-10-14,29.158,29.788,28.685,29.693,41247.0,116564022.0,27.75,28.35,27.3,28.26,True,中稀有色,False
2024-10-15,29.525,29.714,28.79,28.79,44995.0,123286300.0,28.1,28.28,27.4,27.4,True,中稀有色,False
2024-10-16,28.58,29.147,28.381,28.717,34879.0,95324307.0,27.2,27.74,27.01,27.33,True,中稀有色,False
2024-10-17,29.063,29.063,28.171,28.192,36978.0,99211974.0,27.66,27.66,26.81,26.83,True,中稀有色,False
2024-10-18,28.16,29.63,28.024,29.0,64400.0,177744000.0,26.8,28.2,26.67,27.6,True,中稀有色,False
2024-10-21,29.357,30.323,29.095,29.578,78859.0,221988085.0,27.94,28.86,27.69,28.15,True,中稀有色,False
2024-10-22,29.578,30.586,29.42,29.987,75944.0,216744176.0,28.15,29.11,28.0,28.54,True,中稀有色,False
2024-10-23,30.008,31.09,29.735,31.037,121218.0,358077972.0,28.56,29.59,28.3,29.54,True,中稀有色,False
2024-10-24,30.733,31.205,30.145,30.323,63489.0,183229254.0,29.25,29.7,28.69,28.86,True,中稀有色,False
2024-10-25,30.103,32.234,30.103,31.331,132402.0,394822764.0,28.65,30.68,28.65,29.82,True,中稀有色,False
2024-10-28,31.1,32.045,30.785,31.73,88315.0,266711300.0,29.6,30.5,29.3,30.2,True,中稀有色,False
2024-10-29,31.604,32.161,30.901,31.195,87850.0,260826650.0,30.08,30.61,29.41,29.69,True,中稀有色,False
2024-10-30,31.363,31.52,30.481,30.67,63178.0,184416582.0,29.85,30.0,29.01,29.19,True,中稀有色,False
2024-10-31,30.491,32.234,30.439,31.73,116742.0,352560840.0,29.02,30.68,28.97,30.2,True,中稀有色,False
2024-11-01,32.36,34.901,32.36,34.901,199455.0,662589510.0,30.8,33.22,30.8,33.22,True,中稀有色,False
2024-11-04,36.581,36.77,32.833,33.62,340028.0,1088089600.0,34.82,35.0,31.25,32.0,True,中稀有色,False
2024-11-05,32.78,36.529,32.78,35.185,263755.0,883315495.0,31.2,34.77,31.2,33.49,True,中稀有色,False
2024-11-06,35.195,36.98,34.681,36.14,270008.0,928827520.0,33.5,35.2,33.01,34.4,True,中稀有色,False
2024-11-07,36.14,36.623,34.681,35.458,174723.0,589690125.0,34.4,34.86,33.01,33.75,True,中稀有色,False
2024-11-08,35.689,36.035,34.397,34.46,158695.0,520519600.0,33.97,34.3,32.74,32.8,True,中稀有色,False
2024-11-11,34.25,35.374,34.051,35.3,112033.0,376430880.0,32.6,33.67,32.41,33.6,True,中稀有色,False
2024-11-12,35.332,35.699,33.946,34.345,98968.0,323526392.0,33.63,33.98,32.31,32.69,True,中稀有色,False
2024-11-13,34.355,35.93,33.977,34.397,96035.0,314418590.0,32.7,34.2,32.34,32.74,True,中稀有色,False
2024-11-14,33.704,34.229,32.843,33.001,90700.0,284888700.0,32.08,32.58,31.26,31.41,True,中稀有色,False
2024-11-15,32.78,33.179,31.982,32.003,63127.0,192284842.0,31.2,31.58,30.44,30.46,True,中稀有色,False
2024-11-18,32.045,32.56,30.932,31.027,68273.0,201610169.0,30.5,30.99,29.44,29.53,True,中稀有色,False
2024-11-19,31.205,31.982,30.974,31.919,62339.0,189385882.0,29.7,30.44,29.48,30.38,True,中稀有色,False
2024-11-20,31.94,33.074,31.657,32.665,73134.0,227373606.0,30.4,31.48,30.13,31.09,True,中稀有色,False
2024-11-21,32.885,33.62,31.94,32.833,80398.0,251243750.0,31.3,32.0,30.4,31.25,True,中稀有色,False
2024-11-22,32.78,33.725,31.741,32.066,126760.0,386871520.0,31.2,32.1,30.21,30.52,True,中稀有色,False
2024-11-25,32.066,32.938,31.709,32.213,79212.0,242863992.0,30.52,31.35,30.18,30.66,True,中稀有色,False
2024-11-26,32.182,32.833,31.468,31.52,59044.0,177132000.0,30.63,31.25,29.95,30.0,True,中稀有色,False
2024-11-27,31.31,31.699,30.407,31.678,54233.0,163512495.0,29.8,30.17,28.94,30.15,True,中稀有色,False
2024-11-28,31.625,31.793,30.985,31.048,39475.0,116648625.0,30.1,30.26,29.49,29.55,True,中稀有色,False
2024-11-29,31.079,31.678,30.722,31.436,45706.0,136752352.0,29.58,30.15,29.24,29.92,True,中稀有色,False
2024-12-02,31.447,33.526,31.31,32.875,103331.0,323322699.0,29.93,31.91,29.8,31.29,True,中稀有色,False
2024-12-03,32.885,33.2,32.35,32.612,69972.0,217193088.0,31.3,31.6,30.79,31.04,True,中稀有色,False
2024-12-04,33.473,33.61,32.213,32.423,77145.0,238069470.0,31.86,31.99,30.66,30.86,True,中稀有色,False
2024-12-05,32.15,32.486,31.94,32.276,46799.0,143766528.0,30.6,30.92,30.4,30.72,True,中稀有色,False
2024-12-06,32.255,32.381,31.583,32.129,45778.0,139989124.0,30.7,30.82,30.06,30.58,True,中稀有色,False
2024-12-09,31.93,32.266,31.331,31.531,44715.0,134189715.0,30.39,30.71,29.82,30.01,True,中稀有色,False
2024-12-10,32.528,32.549,31.604,31.667,53339.0,160763746.0,30.96,30.98,30.08,30.14,True,中稀有色,False
2024-12-11,31.657,32.119,31.615,31.961,34607.0,105274494.0,30.13,30.57,30.09,30.42,True,中稀有色,False
2024-12-12,31.94,32.077,31.552,31.888,34413.0,104443455.0,30.4,30.53,30.03,30.35,True,中稀有色,False
2024-12-13,31.657,31.678,31.006,31.016,46567.0,137465784.0,30.13,30.15,29.51,29.52,True,中稀有色,False
2024-12-16,31.006,31.1,30.439,30.544,35597.0,103480479.0,29.51,29.6,28.97,29.07,True,中稀有色,False
2024-12-17,30.544,30.838,30.344,30.407,32515.0,94098410.0,29.07,29.35,28.88,28.94,True,中稀有色,False
2024-12-18,30.449,30.68,30.386,30.418,25924.0,75049980.0,28.98,29.2,28.92,28.95,True,中稀有色,False
2024-12-19,30.239,30.638,29.998,30.512,31017.0,90073368.0,28.78,29.16,28.55,29.04,True,中稀有色,False
2024-12-20,30.47,30.67,30.355,30.46,25688.0,74469512.0,29.0,29.19,28.89,28.99,True,中稀有色,False
2024-12-23,30.46,30.575,29.651,29.714,37018.0,104686904.0,28.99,29.1,28.22,28.28,True,中稀有色,False
2024-12-24,29.704,30.25,29.704,30.029,24016.0,68637728.0,28.27,28.79,28.27,28.58,True,中稀有色,False
2024-12-25,30.124,30.134,29.473,29.662,24432.0,68971536.0,28.67,28.68,28.05,28.23,True,中稀有色,False
2024-12-26,29.662,30.166,29.609,29.903,18028.0,51307688.0,28.23,28.71,28.18,28.46,True,中稀有色,False
2024-12-27,29.945,30.407,29.945,30.029,24019.0,68646302.0,28.5,28.94,28.5,28.58,True,中稀有色,False
2024-12-30,29.998,30.218,29.735,30.124,23073.0,66150291.00000001,28.55,28.76,28.3,28.67,True,中稀有色,False
2024-12-31,30.166,30.239,29.21,29.221,29514.0,82078434.0,28.71,28.78,27.8,27.81,True,中稀有色,False
2025-01-02,29.263,29.431,28.234,28.465,33460.0,90643140.0,27.85,28.01,26.87,27.09,True,中稀有色,False
2025-01-03,28.633,29.158,28.129,28.202,37395.0,100368180.0,27.25,27.75,26.77,26.84,True,中稀有色,False
2025-01-06,28.213,31.016,28.16,31.016,173372.0,511794144.0,26.85,29.52,26.8,29.52,True,中稀有色,False
2025-01-07,31.016,31.982,30.659,31.52,185577.0,556731000.0,29.52,30.44,29.18,30.0,True,中稀有色,False
2025-01-08,31.069,31.73,30.197,31.058,113695.0,336082420.0,29.57,30.2,28.74,29.56,True,中稀有色,False
2025-01-09,30.943,31.646,30.869,31.048,99152.0,292994160.0,29.45,30.12,29.38,29.55,True,中稀有色,False
2025-01-10,31.1,31.646,30.418,31.352,124313.0,370949992.0,29.6,30.12,28.95,29.84,True,中稀有色,False
2025-01-13,30.995,33.379,30.859,32.36,179407.0,552573560.0,29.5,31.77,29.37,30.8,True,中稀有色,False
2025-01-14,32.371,32.843,31.888,32.801,150173.0,468840106.0,30.81,31.26,30.35,31.22,True,中稀有色,False
2025-01-15,32.539,32.833,31.342,32.077,139170.0,424886010.0,30.97,31.25,29.83,30.53,True,中稀有色,False
2025-01-16,32.077,32.276,31.436,31.814,93557.0,283290596.0,30.53,30.72,29.92,30.28,True,中稀有色,False
2025-01-17,31.604,31.951,31.09,31.699,77690.0,234390730.0,30.08,30.41,29.59,30.17,True,中稀有色,False
2025-01-20,31.415,31.415,30.67,30.922,75733.0,222882219.0,29.9,29.9,29.19,29.43,True,中稀有色,False
2025-01-21,30.901,31.016,29.84,30.733,81780.0,239206500.0,29.41,29.52,28.4,29.25,True,中稀有色,False
2025-01-22,30.502,30.796,30.113,30.239,45635.0,131337530.0,29.03,29.31,28.66,28.78,True,中稀有色,False
2025-01-23,30.407,31.153,30.187,30.334,70379.0,203184173.0,28.94,29.65,28.73,28.87,True,中稀有色,False
2025-01-24,30.26,30.712,30.103,30.68,47759.0,139456280.0,28.8,29.23,28.65,29.2,True,中稀有色,False
2025-01-27,30.796,30.796,29.788,29.819,44467.0,126197346.0,29.31,29.31,28.35,28.38,True,中稀有色,False
2025-02-05,30.365,31.205,30.103,30.659,65816.0,192051088.0,28.9,29.7,28.65,29.18,True,中稀有色,False
2025-02-06,30.523,32.15,30.47,31.94,101769.0,309377760.0,29.05,30.6,29.0,30.4,True,中稀有色,False
2025-02-07,31.741,31.93,31.363,31.667,74855.0,225612970.0,30.21,30.39,29.85,30.14,True,中稀有色,False
2025-02-10,31.657,31.919,31.331,31.825,53554.0,162215066.0,30.13,30.38,29.82,30.29,True,中稀有色,False
2025-02-11,31.772,32.129,31.594,31.72,55114.0,166389166.0,30.24,30.58,30.07,30.19,True,中稀有色,False
2025-02-12,31.51,31.741,31.205,31.709,62315.0,188066670.0,29.99,30.21,29.7,30.18,True,中稀有色,False
2025-02-13,31.636,31.909,30.922,30.953,54655.0,161013630.0,30.11,30.37,29.43,29.46,True,中稀有色,False
2025-02-14,30.911,31.363,30.68,30.827,42640.0,125105760.0,29.42,29.85,29.2,29.34,True,中稀有色,False
2025-02-17,30.848,31.1,30.47,30.638,42801.0,124807716.0,29.36,29.6,29.0,29.16,True,中稀有色,False
2025-02-18,30.649,30.743,29.998,30.103,43155.0,123639075.0,29.17,29.26,28.55,28.65,True,中稀有色,False
2025-02-19,30.061,30.848,30.04,30.838,45089.0,132336215.0,28.61,29.36,28.59,29.35,True,中稀有色,False
2025-02-20,32.119,33.914,32.119,32.56,229647.0,711676053.0,30.57,32.28,30.57,30.99,True,中稀有色,False
2025-02-21,32.056,32.507,31.741,31.909,91767.0,278696379.0,30.51,30.94,30.21,30.37,True,中稀有色,False
2025-02-24,31.762,32.969,31.541,32.234,84573.0,259469964.0,30.23,31.38,30.02,30.68,True,中稀有色,False
2025-02-25,32.098,32.56,31.825,31.888,60468.0,183520380.0,30.55,30.99,30.29,30.35,True,中稀有色,False
2025-02-26,31.699,32.056,31.51,31.772,65414.0,197811936.0,30.17,30.51,29.99,30.24,True,中稀有色,False
2025-02-27,31.741,32.045,31.205,31.678,56571.0,170561565.0,30.21,30.5,29.7,30.15,True,中稀有色,False
2025-02-28,31.52,31.951,31.205,31.321,57044.0,170048164.0,30.0,30.41,29.7,29.81,True,中稀有色,False
2025-03-03,31.699,32.56,31.426,31.52,81283.0,243849000.0,30.17,30.99,29.91,30.0,True,中稀有色,False
2025-03-04,31.783,34.67,31.72,32.927,182411.0,571676074.0,30.25,33.0,30.19,31.34,True,中稀有色,False
2025-03-05,32.591,32.843,32.003,32.003,120143.0,365955578.0,31.02,31.26,30.46,30.46,True,中稀有色,False
2025-03-06,31.73,32.171,31.478,32.045,93779.0,286025950.0,30.2,30.62,29.96,30.5,True,中稀有色,False
2025-03-07,31.636,33.389,31.636,32.759,151270.0,471659860.0,30.11,31.78,30.11,31.18,True,中稀有色,False
2025-03-10,32.539,33.83,32.392,33.326,152269.0,482997268.0,30.97,32.2,30.83,31.72,True,中稀有色,False
2025-03-11,32.969,35.489,32.686,35.311,232114.0,780135154.0,31.38,33.78,31.11,33.61,True,中稀有色,False
2025-03-12,35.248,36.361,34.786,35.374,195971.0,659834357.0,33.55,34.61,33.11,33.67,True,中稀有色,False
2025-03-13,35.3,35.857,34.712,35.762,125738.0,428012152.0,33.6,34.13,33.04,34.04,True,中稀有色,False
2025-03-14,36.245,36.655,35.395,35.489,108526.0,366600828.0,34.5,34.89,33.69,33.78,True,中稀有色,False
2025-03-17,35.458,35.794,34.67,35.605,115222.0,390487358.0,33.75,34.07,33.0,33.89,True,中稀有色,False
2025-03-18,35.594,37.978,35.332,36.98,175417.0,617467840.0,33.88,36.15,33.63,35.2,True,中稀有色,False
2025-03-19,36.77,37.432,36.256,37.148,93401.0,330265936.0,35.0,35.63,34.51,35.36,True,中稀有色,False
2025-03-20,37.148,37.925,36.235,36.35,88013.0,304524980.0,35.36,36.1,34.49,34.6,True,中稀有色,False
2025-03-21,36.14,36.539,35.027,35.216,77831.0,260889512.00000003,34.4,34.78,33.34,33.52,True,中稀有色,False
2025-03-24,35.195,35.353,34.303,34.87,62261.0,206644259.0,33.5,33.65,32.65,33.19,True,中稀有色,False
2025-03-25,34.87,35.647,34.66,35.08,71199.0,237733461.0,33.19,33.93,32.99,33.39,True,中稀有色,False
2025-03-26,34.849,37.001,34.796,36.109,104113.0,357836381.0,33.17,35.22,33.12,34.37,True,中稀有色,False
2025-03-27,35.72,36.319,35.51,35.846,64584.0,220360608.0,34.0,34.57,33.8,34.12,True,中稀有色,False
2025-03-28,35.71,36.949,34.691,36.928,117424.0,412745360.0,33.99,35.17,33.02,35.15,True,中稀有色,False
2025-03-31,35.825,35.825,34.25,34.985,104828.0,349077240.0,34.1,34.1,32.6,33.3,True,中稀有色,False
2025-04-01,34.639,35.993,34.628,35.657,73665.0,250019010.0,32.97,34.26,32.96,33.94,True,中稀有色,False
2025-04-02,35.563,37.274,35.489,36.728,103518.0,361898928.0,33.85,35.48,33.78,34.96,True,中稀有色,False
2025-04-03,37.085,38.45,36.34,38.02,178597.0,646342543.0,35.3,36.6,34.59,36.19,True,中稀有色,False
2025-04-07,39.08,40.96,34.261,35.92,298856.0,1021788664.0,37.2,38.99,32.61,34.19,True,中稀有色,False
2025-04-08,35.773,39.374,34.345,38.902,266019.0,985068357.0,34.05,37.48,32.69,37.03,True,中稀有色,False
2025-04-09,38.345,40.844,37.432,39.206,274518.0,1024501176.0,36.5,38.88,35.63,37.32,True,中稀有色,False
2025-04-10,38.03,39.458,37.694,38.387,211827.0,774015858.0,36.2,37.56,35.88,36.54,True,中稀有色,False
2025-04-11,38.377,38.881,37.127,37.295,168375.0,597731250.0,36.53,37.01,35.34,35.5,True,中稀有色,False
2025-04-14,36.77,38.188,36.529,37.652,120800.0,432947200.00000006,35.0,36.35,34.77,35.84,True,中稀有色,False
2025-04-15,37.411,38.65,37.411,37.82,121728.0,438220800.0,35.61,36.79,35.61,36.0,True,中稀有色,False
2025-04-16,37.516,38.849,36.991,37.967,109616.0,396152224.0,35.71,36.98,35.21,36.14,True,中稀有色,False
2025-04-17,37.705,38.818,37.18,37.18,89647.0,317260733.0,35.89,36.95,35.39,35.39,True,中稀有色,False
2025-04-18,36.781,37.012,34.786,34.88,137751.0,457333320.00000006,35.01,35.23,33.11,33.2,True,中稀有色,False
2025-04-21,34.681,36.14,34.681,36.025,99735.0,341991315.0,33.01,34.4,33.01,34.29,True,中稀有色,False
2025-04-22,36.035,36.245,35.678,35.72,61582.0,209378800.0,34.3,34.5,33.96,34.0,True,中稀有色,False
2025-04-23,35.72,36.728,35.72,36.056,63474.0,217842768.0,34.0,34.96,34.0,34.32,True,中稀有色,False
2025-04-24,36.088,36.308,35.311,35.479,44991.0,151934607.0,34.35,34.56,33.61,33.77,True,中稀有色,False
2025-04-25,35.468,37.537,35.405,36.298,78868.0,272488940.0,33.76,35.73,33.7,34.55,True,中稀有色,False
2025-04-28,36.455,38.125,36.287,37.505,97589.0,348392730.0,34.7,36.29,34.54,35.7,True,中稀有色,False
2025-04-29,37.232,38.429,36.875,37.988,87211.0,315354976.0,35.44,36.58,35.1,36.16,True,中稀有色,False
2025-04-30,37.778,38.87,37.715,37.81,82816.0,298054784.0,35.96,37.0,35.9,35.99,True,中稀有色,False
2025-05-06,38.902,41.59,38.849,41.59,298039.0,1179936401.0,37.03,39.59,36.98,39.59,True,中稀有色,False
2025-05-07,41.38,41.579,40.067,40.151,216232.0,826438704.0,39.39,39.58,38.14,38.22,True,中稀有色,False
2025-05-08,40.151,40.907,39.5,40.561,130137.0,502458957.0,38.22,38.94,37.6,38.61,True,中稀有色,False
2025-05-09,40.298,40.949,39.616,39.92,104755.0,398069000.0,38.36,38.98,37.71,38.0,True,中稀有色,False
2025-05-12,39.973,42.598,38.923,41.474,187725.0,741138300.0,38.05,40.55,37.05,39.48,True,中稀有色,False
2025-05-13,41.705,41.915,40.288,40.571,123467.0,476829554.0,39.7,39.9,38.35,38.62,True,中稀有色,False
2025-05-14,40.582,44.624,40.571,43.868,317321.0,1325132496.0,38.63,42.48,38.62,41.76,True,中稀有色,False
2025-05-15,43.858,46.682,43.564,44.603,330841.0,1404750886.0,41.75,44.44,41.47,42.46,True,中稀有色,False
2025-05-16,43.511,45.695,43.28,43.616,216778.0,900062256.0000001,41.42,43.5,41.2,41.52,True,中稀有色,False
2025-05-19,44.12,45.538,42.713,44.54,207665.0,880499600.0,42.0,43.35,40.66,42.4,True,中稀有色,False
2025-05-20,44.246,48.992,44.173,48.992,379396.0,1769502944.0,42.12,46.64,42.05,46.64,True,中稀有色,False
2025-05-21,48.016,48.415,46.409,46.819,239393.0,1066974601.0,45.71,46.09,44.18,44.57,True,中稀有色,False
2025-05-22,46.84,47.564,45.779,46.483,152996.0,677007300.0,44.59,45.28,43.58,44.25,True,中稀有色,False
2025-05-23,46.21,47.974,46.189,46.63,153378.0,680844942.0,43.99,45.67,43.97,44.39,True,中稀有色,False
2025-05-26,46.22,47.05,45.338,46.115,124386.0,546054540.0,44.0,44.79,43.16,43.9,True,中稀有色,False
2025-05-27,45.706,45.989,43.795,44.929,152415.0,651878955.0,43.51,43.78,41.69,42.77,True,中稀有色,False
2025-05-28,44.75,47.249,44.75,46.871,155776.0,695072512.0,42.6,44.98,42.6,44.62,True,中稀有色,False
2025-05-29,46.588,46.945,46.126,46.294,102578.0,452061246.0,44.35,44.69,43.91,44.07,True,中稀有色,False
2025-05-30,45.842,46.21,44.824,45.17,90727.0,390126100.0,43.64,43.99,42.67,43.0,True,中稀有色,False
2025-06-03,46.01,49.685,45.653,49.685,287637.0,1360523010.0,43.8,47.3,43.46,47.3,True,中稀有色,False
2025-06-04,49.685,54.652,49.58,54.652,245264.0,1276108592.0,47.3,52.03,47.2,52.03,True,中稀有色,False
2025-06-05,56.825,59.87,56.384,57.55,452512.0,2479313248.0,54.1,57.0,53.68,54.79,True,中稀有色,False
2025-06-06,58.61,58.61,55.376,55.681,240896.0,1276989696.0,55.8,55.8,52.72,53.01,True,中稀有色,False
2025-06-09,56.815,57.56,54.2,54.83,386244.0,2016193680.0,54.09,54.8,51.6,52.2,True,中稀有色,False
2025-06-10,55.46,58.117,53.36,54.62,382251.0,1987705200.0,52.8,55.33,50.8,52.0,True,中稀有色,False
2025-06-11,54.127,60.08,53.78,57.151,459447.0,2499851127.0,51.53,57.2,51.2,54.41,True,中稀有色,False
2025-06-12,57.151,57.613,54.599,55.292,289744.0,1525212416.0,54.41,54.85,51.98,52.64,True,中稀有色,False
2025-06-13,56.363,59.639,54.62,58.61,339466.0,1894220280.0,53.66,56.78,52.0,55.8,True,中稀有色,False
2025-06-16,57.77,64.469,57.77,64.469,496073.0,3044896074.0,55.0,61.38,55.0,61.38,True,中稀有色,False
2025-06-17,62.422,64.448,59.639,60.227,410173.0,2351931982.0,59.43,61.36,56.78,57.34,True,中稀有色,False
2025-06-18,60.29,60.29,56.279,57.161,315467.0,1716771414.0,57.4,57.4,53.58,54.42,True,中稀有色,False
2025-06-19,56.531,56.867,55.061,55.639,172387.0,913133939.0,53.82,54.14,52.42,52.97,True,中稀有色,False
2025-06-20,55.796,56.689,54.767,54.935,162980.0,852385400.0,53.12,53.97,52.14,52.3,True,中稀有色,False
2025-06-23,54.158,55.901,53.99,55.313,162197.0,854129402.0,51.56,53.22,51.4,52.66,True,中稀有色,False
2025-06-24,55.093,56.311,54.41,55.492,153307.0,809920881.0,52.45,53.61,51.8,52.83,True,中稀有色,False
2025-06-25,55.145,55.723,54.305,55.334,137218.0,722864424.0,52.5,53.05,51.7,52.68,True,中稀有色,False
2025-06-26,55.145,55.145,52.793,53.014,195327.0,985815369.0,52.5,52.5,50.26,50.47,True,中稀有色,False
2025-06-27,53.014,54.788,52.993,53.749,162148.0,829711316.0,50.47,52.16,50.45,51.17,True,中稀有色,False
2025-06-30,53.57,56.069,53.129,55.796,195965.0,1040966080.0,51.0,53.38,50.58,53.12,True,中稀有色,False
2025-07-01,55.229,55.691,53.675,54.914,150272.0,785622016.0,52.58,53.02,51.1,52.28,True,中稀有色,False
2025-07-02,54.253,56.206,54.095,55.04,169839.0,889956360.0,51.65,53.51,51.5,52.4,True,中稀有色,False
2025-07-03,54.725,56.437,54.106,55.408,126303.0,666248325.0,52.1,53.73,51.51,52.75,True,中稀有色,False
2025-07-04,55.418,55.46,51.554,51.943,234896.0,1161560720.0,52.76,52.8,49.08,49.45,True,中稀有色,False
2025-07-07,51.775,53.78,51.575,53.728,146911.0,751449765.0,49.29,51.2,49.1,51.15,True,中稀有色,False
2025-07-08,53.885,57.224,53.875,56.794,249765.0,1350479355.0,51.3,54.48,51.29,54.07,True,中稀有色,False
2025-07-09,56.279,56.825,54.925,55.187,137546.0,722666684.0,53.58,54.1,52.29,52.54,True,中稀有色,False
2025-07-10,57.046,58.81,54.809,57.886,288729.0,1591185519.0,54.31,55.99,52.18,55.11,True,中稀有色,False
2025-07-11,58.82,63.545,58.369,61.109,339012.0,1972371816.0,56.0,60.5,55.57,58.18,True,中稀有色,False
2025-07-14,60.91,61.928,57.812,58.148,237612.0,1315420032.0,57.99,58.96,55.04,55.36,True,中稀有色,False
2025-07-15,57.781,58.747,56.573,56.815,155619.0,841743171.0,55.01,55.93,53.86,54.09,True,中稀有色,False
2025-07-16,56.626,57.959,56.122,56.825,118736.0,642361760.0,53.91,55.18,53.43,54.1,True,中稀有色,False
2025-07-17,56.353,57.875,55.775,57.56,124906.0,684484880.0,53.65,55.1,53.1,54.8,True,中稀有色,False
2025-07-18,57.298,61.13,57.067,58.663,226904.0,1267258840.0,54.55,58.2,54.33,55.85,True,中稀有色,False
2025-07-21,58.064,61.351,57.991,60.185,203204.0,1164358920.0,55.28,58.41,55.21,57.3,True,中稀有色,False
2025-07-22,59.24,63.524,59.146,62.18,235511.0,1394225120.0,56.4,60.48,56.31,59.2,True,中稀有色,False
2025-07-23,60.931,62.884,60.259,60.532,206473.0,1189903899.0,58.01,59.87,57.37,57.63,True,中稀有色,False
2025-07-24,60.143,66.58,59.986,66.58,427584.0,2710454976.0,57.26,63.39,57.11,63.39,True,中稀有色,False
2025-07-25,66.601,68.879,63.86,67.64,422513.0,2720983720.0000005,63.41,65.58,60.8,64.4,True,中稀有色,False
2025-07-28,67.01,71.903,65.855,69.74,342470.0,2274000800.0,63.8,68.46,62.7,66.4,True,中稀有色,False
2025-07-29,68.27,68.869,65.708,66.338,284724.0,1798316784.0,65.0,65.57,62.56,63.16,True,中稀有色,False
2025-07-30,66.17,66.832,63.944,65.036,194990.0,1207378080.0,63.0,63.63,60.88,61.92,True,中稀有色,False
2025-07-31,64.291,66.055,64.102,64.427,134510.0,825084340.0,61.21,62.89,61.03,61.34,True,中稀有色,False
2025-08-01,64.595,64.7,62.789,63.545,121464.0,734857200.0,61.5,61.6,59.78,60.5,True,中稀有色,False
2025-08-04,63.02,64.994,62.999,64.784,105692.0,651908256.0,60.0,61.88,59.98,61.68,True,中稀有色,False
2025-08-05,64.763,65.435,62.863,63.23,124295.0,748255900.0,61.66,62.3,59.85,60.2,True,中稀有色,False
2025-08-06,63.02,63.619,62.39,63.062,102881.0,617697524.0,60.0,60.57,59.4,60.04,True,中稀有色,False
2025-08-07,63.23,66.359,60.868,66.044,277559.0,1745290992.0,60.2,63.18,57.95,62.88,True,中稀有色,False
2025-08-08,65.12,66.233,63.755,64.553,153332.0,942378472.0,62.0,63.06,60.7,61.46,True,中稀有色,False
2025-08-11,63.955,66.023,63.073,65.068,146656.0,908533920.0,60.89,62.86,60.05,61.95,True,中稀有色,False
2025-08-12,64.27,64.459,61.498,61.949,198933.0,1173306834.0,61.19,61.37,58.55,58.98,True,中稀有色,False
2025-08-13,61.855,62.852,61.655,62.285,126574.0,750583820.0,58.89,59.84,58.7,59.3,True,中稀有色,False
2025-08-14,62.285,62.863,61.109,61.162,137136.0,798542928.0,59.3,59.85,58.18,58.23,True,中稀有色,False
2025-08-15,60.679,63.209,60.448,62.285,133507.0,791696510.0,57.77,60.18,57.55,59.3,True,中稀有色,False
2025-08-18,62.905,66.464,61.655,66.097,276309.0,1738812537.0,59.89,63.28,58.7,62.93,True,中稀有色,False
2025-08-19,65.981,68.144,65.435,67.136,280801.0,1794879992.0,62.82,64.88,62.3,63.92,True,中稀有色,False
2025-08-20,66.139,68.144,65.33,66.716,199877.0,1269618704.0,62.97,64.88,62.2,63.52,True,中稀有色,False
2025-08-21,66.044,69.152,66.023,66.401,187832.0,1187473904.0,62.88,65.84,62.86,63.22,True,中稀有色,False
2025-08-22,66.16,68.795,66.16,67.241,204120.0,1306776240.0,62.99,65.5,62.99,64.02,True,中稀有色,False
2025-08-25,68.165,71.42,67.829,69.656,263827.0,1749700663.9999998,64.9,68.0,64.58,66.32,True,中稀有色,False
2025-08-26,68.816,68.974,64.585,65.372,247610.0,1541124640.0,65.52,65.67,61.49,62.24,True,中稀有色,False
2025-08-27,65.635,68.26,65.047,65.939,231510.0,1453419780.0,62.49,64.99,61.93,62.78,True,中稀有色,False
2025-08-28,65.341,70.895,65.173,69.236,259304.0,1709331968.0,62.21,67.5,62.05,65.92,True,中稀有色,False
2025-08-29,70.801,76.156,70.37,76.156,278468.0,2019171468.0,67.41,72.51,67.0,72.51,True,中稀有色,False
2025-09-01,78.77,79.043,72.848,73.205,392729.0,2737321130.0,75.0,75.26,69.36,69.7,True,中稀有色,False
2025-09-02,74.371,76.534,69.782,73.205,363031.0,2530326070.0,70.81,72.87,66.44,69.7,True,中稀有色,False
2025-09-03,73.373,73.678,67.756,68.438,267529.0,1743218964.0,69.86,70.15,64.51,65.16,True,中稀有色,False
2025-09-04,67.913,68.764,63.23,64.606,213045.0,1310439795.0,64.66,65.47,60.2,61.51,True,中稀有色,False
2025-09-05,64.543,66.674,64.28,66.412,125168.0,791437264.0,61.45,63.48,61.2,63.23,True,中稀有色,False
2025-09-08,67.115,67.115,64.732,65.96,117652.0,738854560.0,63.9,63.9,61.63,62.8,True,中稀有色,False
2025-09-09,65.645,66.118,63.808,64.805,120033.0,740603610.0,62.5,62.95,60.75,61.7,True,中稀有色,False
2025-09-10,64.07,65.656,62.821,63.839,118013.0,717283014.0,61.0,62.51,59.81,60.78,True,中稀有色,False
2025-09-11,63.629,66.149,63.02,65.75,148008.0,926530080.0,60.58,62.98,60.0,62.6,True,中稀有色,False
2025-09-12,65.635,66.716,64.469,66.17,189824.0,1195891200.0,62.49,63.52,61.38,63.0,True,中稀有色,False
2025-09-15,66.737,66.748,64.805,65.047,118225.0,732167425.0,63.54,63.55,61.7,61.93,True,中稀有色,False
2025-09-16,64.805,64.942,60.763,62.002,208084.0,1228319852.0,61.7,61.83,57.85,59.03,True,中稀有色,False
2025-09-17,61.445,62.233,60.511,62.201,112740.0,667646280.0,58.5,59.25,57.61,59.22,True,中稀有色,False
2025-09-18,61.802,61.802,58.568,59.209,181514.0,1023194418.0,58.84,58.84,55.76,56.37,True,中稀有色,False
2025-09-19,59.24,60.143,58.831,58.988,93491.0,525045456.0,56.4,57.26,56.01,56.16,True,中稀有色,False
2025-09-22,58.568,59.513,57.938,58.663,86809.0,484828265.0,55.76,56.66,55.16,55.85,True,中稀有色,False
2025-09-23,58.232,58.967,55.24,56.08,152642.0,814955638.0,55.44,56.14,52.59,53.39,True,中稀有色,False
2025-09-24,55.67,57.602,55.66,57.581,122360.0,670777520.0,53.0,54.84,52.99,54.82,True,中稀有色,False
2025-09-25,57.35,58.652,57.35,58.39,119548.0,664567332.0,54.6,55.84,54.6,55.59,True,中稀有色,False
2025-09-26,58.715,59.576,58.39,58.6,118675.0,662087825.0,55.9,56.72,55.59,55.79,True,中稀有色,False
2025-09-29,58.6,60.154,58.295,59.429,102894.0,582174252.0,55.79,57.27,55.5,56.58,True,中稀有色,False
2025-09-30,60.028,61.435,59.429,60.647,130745.0,754921630.0,57.15,58.49,56.58,57.74,True,中稀有色,False
2025-10-09,61.97,64.564,60.931,64.564,248429.0,1527093063.0,59.0,61.47,58.01,61.47,True,中稀有色,False
2025-10-10,65.12,65.666,61.34,61.918,170327.0,1004077665.0,62.0,62.52,58.4,58.95,True,中稀有色,False
2025-10-13,63.86,68.113,63.178,68.113,349749.0,2268122265.0,60.8,64.85,60.15,64.85,True,中稀有色,False
2025-10-14,68.144,71.399,64.784,64.91,336691.0,2080750380.0,64.88,67.98,61.68,61.8,True,中稀有色,False
2025-10-15,64.994,67.724,62.401,63.976,211593.0,1288812963.0,61.88,64.48,59.41,60.91,True,中稀有色,False
2025-10-16,63.02,63.787,60.941,61.13,151486.0,881648520.0,60.0,60.73,58.02,58.2,True,中稀有色,False
2025-10-17,61.183,65.54,61.162,61.76,184835.0,1086829800.0,58.25,62.4,58.23,58.8,True,中稀有色,False
2025-10-20,60.395,61.151,58.883,59.471,150124.0,850002088.0,57.5,58.22,56.06,56.62,True,中稀有色,False
2025-10-21,59.65,60.479,59.135,60.185,86949.0,498217770.0,56.79,57.58,56.3,57.3,True,中稀有色,False
2025-10-22,59.167,59.681,57.655,58.831,91777.0,514042977.0,56.33,56.82,54.89,56.01,True,中稀有色,False
2025-10-23,58.736,59.114,56.825,57.949,68923.0,380248191.0,55.92,56.28,54.1,55.17,True,中稀有色,False
2025-10-24,57.77,59.114,57.77,58.799,89336.0,500102928.0,55.0,56.28,55.0,55.98,True,中稀有色,False
2025-10-27,58.306,60.983,58.306,59.765,118791.0,675920790.0,55.51,58.06,55.51,56.9,True,中稀有色,False
2025-10-28,59.818,60.248,57.875,58.264,90590.0,502502730.0,56.95,57.36,55.1,55.47,True,中稀有色,False
2025-10-29,58.264,60.154,57.781,60.017,100646.0,575091244.0,55.47,57.27,55.01,57.14,True,中稀有色,False
2025-10-30,59.555,62.338,59.083,60.595,177757.0,1025480133.0,56.7,59.35,56.25,57.69,True,中稀有色,False
2025-10-31,60.595,60.605,57.529,57.697,127481.0,700253133.0,57.69,57.7,54.77,54.93,True,中稀有色,False
2025-11-03,57.718,57.718,53.686,54.862,136719.0,714083337.0,54.95,54.95,51.11,52.23,True,中稀有色,False
2025-11-04,54.83,55.313,54.211,54.694,59073.0,307593111.0,52.2,52.66,51.61,52.07,True,中稀有色,False
2025-11-05,53.99,54.893,53.36,54.347,67056.0,346947744.0,51.4,52.26,50.8,51.74,True,中稀有色,False
2025-11-06,54.326,55.208,54.179,54.998,60153.0,314961108.0,51.72,52.56,51.58,52.36,True,中稀有色,False
2025-11-07,55.408,56.678,54.473,56.027,90953.0,485143302.00000006,52.75,53.96,51.86,53.34,True,中稀有色,False
2025-11-10,58.789,58.82,55.366,55.87,72063.0,383303097.0,55.97,56.0,52.71,53.19,True,中稀有色,False
2025-11-11,56.279,56.342,54.62,54.62,58443.0,303903600.0,53.58,53.64,52.0,52.0,True,中稀有色,False
2025-11-12,54.421,54.872,53.024,53.476,66191.0,336978381.0,51.81,52.24,50.48,50.91,True,中稀有色,False
2025-11-13,53.287,55.859,53.15,55.408,93522.0,493328550.0,50.73,53.18,50.6,52.75,True,中稀有色,False
2025-11-14,54.725,55.649,54.095,54.767,52068.0,271482552.0,52.1,52.98,51.5,52.14,True,中稀有色,False
2025-11-17,55.145,55.88,54.935,55.387,50661.0,267135453.0,52.5,53.2,52.3,52.73,True,中稀有色,False
2025-11-18,55.219,55.481,53.675,54.305,53508.0,276636360.0,52.57,52.82,51.1,51.7,True,中稀有色,False
2025-11-19,54.41,56.51,53.465,56.143,92115.0,492354675.0,51.8,53.8,50.9,53.45,True,中稀有色,False
2025-11-20,56.195,60.91,55.996,59.765,302048.0,1718653120.0,53.5,57.99,53.31,56.9,True,中稀有色,False
2025-11-21,57.35,58.757,57.035,57.035,152120.0,826011600.0,54.6,55.94,54.3,54.3,True,中稀有色,False
2025-11-24,57.035,59.345,55.009,58.799,162797.0,911337606.0,54.3,56.5,52.37,55.98,True,中稀有色,False
2025-11-25,59.429,59.429,57.088,57.529,144444.0,791119788.0,56.58,56.58,54.35,54.77,True,中稀有色,False
2025-11-26,56.416,56.72,55.051,55.187,121837.0,640131598.0,53.71,54.0,52.41,52.54,True,中稀有色,False
2025-11-27,55.135,56.195,54.463,54.61,86686.0,450680514.0,52.49,53.5,51.85,51.99,True,中稀有色,False
2025-11-28,54.62,55.555,53.885,55.229,72268.0,379985144.0,52.0,52.89,51.3,52.58,True,中稀有色,False
2025-12-01,56.3,57.613,55.88,57.266,139546.0,760804792.0,53.6,54.85,53.2,54.52,True,中稀有色,False
2025-12-02,57.077,57.077,55.46,55.67,70766.0,375059800.0,54.34,54.34,52.8,53.0,True,中稀有色,False
2025-12-03,55.933,57.55,55.933,56.437,108993.0,585619389.0,53.25,54.79,53.25,53.73,True,中稀有色,False
2025-12-04,56.594,56.762,54.4,54.61,107773.0,560311827.0,53.88,54.04,51.79,51.99,True,中稀有色,False
2025-12-05,54.872,56.647,53.99,55.681,98359.0,521401059.0,52.24,53.93,51.4,53.01,True,中稀有色,False
2025-12-08,55.271,56.363,55.198,55.985,78153.0,416555490.0,52.62,53.66,52.55,53.3,True,中稀有色,False
2025-12-09,55.67,56.3,54.977,55.345,68731.0,362143639.0,53.0,53.6,52.34,52.69,True,中稀有色,False
2025-12-10,55.513,56.426,54.568,56.332,112287.0,602195181.0,52.85,53.72,51.95,53.63,True,中稀有色,False
2025-12-11,56.069,56.332,54.179,54.41,119113.0,617005340.0,53.38,53.63,51.58,51.8,True,中稀有色,False
2025-12-12,54.515,55.775,53.329,55.313,126036.0,663705576.0,51.9,53.1,50.77,52.66,True,中稀有色,False
2025-12-15,54.641,55.124,54.148,54.211,54615.0,281868015.0,52.02,52.48,51.55,51.61,True,中稀有色,False
2025-12-16,54.106,54.106,51.26,51.565,104107.0,511061263.00000006,51.51,51.51,48.8,49.09,True,中稀有色,False
2025-12-17,51.575,52.825,51.365,52.541,80045.0,400385090.0,49.1,50.29,48.9,50.02,True,中稀有色,False
2025-12-18,52.1,54.106,51.943,52.363,76079.0,379253815.0,49.6,51.51,49.45,49.85,True,中稀有色,False
2025-12-19,52.615,56.93,52.415,55.565,164755.0,871553950.0,50.09,54.2,49.9,52.9,True,中稀有色,False
2025-12-22,55.534,59.639,55.166,58.789,267721.0,1498434437.0,52.87,56.78,52.52,55.97,True,中稀有色,False
2025-12-23,58.736,58.736,56.489,56.657,168268.0,907637592.0,55.92,55.92,53.78,53.94,True,中稀有色,False
2025-12-24,56.72,57.14,55.471,55.933,104057.0,554103525.0,54.0,54.4,52.81,53.25,True,中稀有色,False
2025-12-25,55.88,56.678,55.051,56.447,94694.0,508885556.0,53.2,53.96,52.41,53.74,True,中稀有色,False
2025-12-26,56.342,58.39,56.195,57.665,152228.0,835731720.0,53.64,55.59,53.5,54.9,True,中稀有色,False
2025-12-29,58.138,62.558,58.138,59.839,244312.0,1391845464.0,55.35,59.56,55.35,56.97,True,中稀有色,False
2025-12-30,58.82,59.849,58.358,59.135,101218.0,569857340.0,56.0,56.98,55.56,56.3,True,中稀有色,False
2025-12-31,59.24,60.322,58.726,59.093,93566.0,526402316.0,56.4,57.43,55.91,56.26,True,中稀有色,False
2026-01-05,59.093,61.13,58.799,59.912,112123.0,639549592.0,56.26,58.2,55.98,57.04,True,中稀有色,False
2026-01-06,60.5,61.97,59.912,61.141,138594.0,806755674.0,57.6,59.0,57.04,58.21,True,中稀有色,False
2026-01-07,62.39,67.252,61.76,65.467,370955.0,2312162515.0,59.4,64.03,58.8,62.33,True,中稀有色,False
2026-01-08,65.11,66.013,62.863,63.388,220419.0,1330228665.0,61.99,62.85,59.85,60.35,True,中稀有色,False
2026-01-09,63.02,68.239,62.968,67.451,255479.0,1640686138.0,60.0,64.97,59.95,64.22,True,中稀有色,False
2026-01-12,69.95,74.192,68.984,74.192,314846.0,2224072144.0,66.6,70.64,65.68,70.64,True,中稀有色,False
2026-01-13,75.62,78.749,73.678,75.515,304258.0,2187615020.0,72.0,74.98,70.15,71.9,True,中稀有色,False
2026-01-14,75.62,78.413,73.363,75.41,215257.0,1545545260.0,72.0,74.66,69.85,71.8,True,中稀有色,False
2026-01-15,75.683,81.059,75.683,78.455,179234.0,1338877980.0,72.06,77.18,72.06,74.7,True,中稀有色,False
2026-01-16,78.319,83.894,76.985,80.135,169616.0,1294170080.0,74.57,79.88,73.3,76.3,True,中稀有色,False
2026-01-19,80.135,81.605,77.93,79.274,140207.0,1058282436.0,76.3,77.7,74.2,75.48,True,中稀有色,False
2026-01-20,78.172,80.272,74.99,78.329,161856.0,1207122048.0,74.43,76.43,71.4,74.58,True,中稀有色,False
2026-01-21,77.93,83.128,77.51,81.71,148786.0,1157555080.0,74.2,79.15,73.8,77.8,True,中稀有色,False
2026-01-22,81.679,86.488,80.44,83.81,151951.0,1212568980.0,77.77,82.35,76.59,79.8,True,中稀有色,False
2026-01-23,84.125,84.608,80.618,82.718,139194.0,1096291944.0,80.1,80.56,76.76,78.76,True,中稀有色,False
2026-01-26,82.802,90.992,82.34,88.808,245838.0,2078806128.0,78.84,86.64,78.4,84.56,True,中稀有色,False
2026-01-27,86.12,87.59,82.309,84.283,195607.0,1569746175.0,82.0,83.4,78.37,80.25,True,中稀有色,False
2026-01-28,84.02,87.38,81.164,86.593,175080.0,1443534600.0,80.0,83.2,77.28,82.45,True,中稀有色,False
2026-01-29,85.595,94.541,83.674,88.766,235655.0,1991756060.0,81.5,90.02,79.67,84.52,True,中稀有色,False
2026-01-30,83.894,85.553,79.894,83.485,191705.0,1523863045.0,79.88,81.46,76.07,79.49,True,中稀有色,False
2026-02-02,78.77,84.104,78.77,80.555,152098.0,1166591660.0,75.0,80.08,75.0,76.7,True,中稀有色,False
2026-02-03,83.705,88.115,81.742,87.58,169263.0,1411484157.0,79.7,83.9,77.83,83.39,True,中稀有色,False
2026-02-04,88.514,89.26,84.157,86.005,98480.0,806452720.0,84.28,84.99,80.13,81.89,True,中稀有色,False
2026-02-05,85.028,85.868,80.933,81.584,110859.0,861152712.0000001,80.96,81.76,77.06,77.68,True,中稀有色,False
2026-02-06,78.77,82.76,78.256,81.511,104194.0,808649634.0,75.0,78.8,74.51,77.61,True,中稀有色,False
2026-02-09,82.96,86.624,81.847,85.963,118165.0,967180525.0,78.99,82.48,77.93,81.85,True,中稀有色,False
2026-02-10,86.204,88.598,83.632,86.225,116650.0,957696500.0,82.08,84.36,79.63,82.1,True,中稀有色,False
2026-02-11,86.299,90.782,86.299,88.567,157811.0,1330820163.0,82.17,86.44,82.17,84.33,True,中稀有色,False
2026-02-12,88.724,92.704,86.771,91.759,171938.0,1502222306.0,84.48,88.27,82.62,87.37,True,中稀有色,False
2026-02-13,90.005,91.307,87.895,87.905,108933.0,911769210.0,85.7,86.94,83.69,83.7,True,中稀有色,False
2026-02-24,91.213,95.339,89.165,91.444,134442.0,1170586494.0,86.85,90.78,84.9,87.07,True,中稀有色,False
2026-02-25,92.998,100.589,92.0,100.442,190062.0,1817752968.0,88.55,95.78,87.6,95.64,True,中稀有色,False
2026-02-26,100.201,100.369,95.99,97.46,166161.0,1541974080.0,95.41,95.57,91.4,92.8,True,中稀有色,False
2026-02-27,98.72,107.204,98.615,107.204,184271.0,1881038368.0,94.0,102.08,93.9,102.08,True,中稀有色,False
2026-03-02,112.475,117.925,110.27,117.925,282303.0,3169980387.0,107.1,112.29,105.0,112.29,True,中稀有色,False
2026-03-03,114.187,117.032,106.133,106.133,210097.0,2123240282.0,108.73,111.44,101.06,101.06,True,中稀有色,False
2026-03-04,100.726,108.034,99.77,101.891,241231.0,2340423162.0,95.91,102.87,95.0,97.02,True,中稀有色,False
2026-03-05,104.443,104.684,95.969,97.46,210860.0,1956780800.0,99.45,99.68,91.38,92.8,True,中稀有色,False
2026-03-06,96.746,100.033,93.502,96.431,156454.0,1436560628.0,92.12,95.25,89.03,91.82,True,中稀有色,False
2026-03-09,94.268,97.765,90.719,96.62,164376.0,1512259200.0,89.76,93.09,86.38,92.0,True,中稀有色,False
2026-03-10,98.027,101.849,97.04,98.3,164538.0,1540075680.0,93.34,96.98,92.4,93.6,True,中稀有色,False
2026-03-11,97.67,99.287,93.386,94.373,161333.0,1449738338.0,93.0,94.54,88.92,89.86,True,中稀有色,False
2026-03-12,94.205,100.82,93.743,98.605,176195.0,1654294855.0,89.7,96.0,89.26,93.89,True,中稀有色,False
2026-03-13,97.67,98.08,94.321,94.552,109263.0,983694789.0,93.0,93.39,89.81,90.03,True,中稀有色,False
2026-03-16,94.079,94.52,89.354,91.958,130338.0,1141239528.0,89.58,90.0,85.08,87.56,True,中稀有色,False
2026-03-17,93.008,93.418,89.564,89.585,84027.0,716750310.0,88.56,88.95,85.28,85.3,True,中稀有色,False
2026-03-18,91.265,93.344,88.64,92.074,136372.0,1195573324.0,86.9,88.88,84.4,87.67,True,中稀有色,False
2026-03-19,90.32,90.656,85.91,86.477,145389.0,1197133026.0,86.0,86.32,81.8,82.34,True,中稀有色,False
2026-03-20,86.614,88.199,83.506,83.705,93621.0,746159370.0,82.47,83.98,79.51,79.7,True,中稀有色,False
2026-03-23,79.547,86.383,79.484,81.794,160851.0,1252707588.0,75.74,82.25,75.68,77.88,True,中稀有色,False
2026-03-24,83.422,83.81,77.878,80.03,163674.0,1247195880.0,79.43,79.8,74.15,76.2,True,中稀有色,False
2026-03-25,81.679,83.128,79.516,81.763,195429.0,1521414765.0,77.77,79.15,75.71,77.85,True,中稀有色,False
2026-03-26,80.87,81.395,78.119,78.865,98625.0,740575125.0,77.0,77.5,74.38,75.09,True,中稀有色,False
2026-03-27,77.72,84.419,77.458,82.592,158322.0,1245044208.0,74.0,80.38,73.75,78.64,True,中稀有色,False
2026-03-30,82.855,83.495,80.135,81.815,94095.0,733000050.0,78.89,79.5,76.3,77.9,True,中稀有色,False
2026-03-31,82.393,85.49,81.238,82.508,114812.0,901963072.0,78.45,81.4,77.35,78.56,True,中稀有色,False
2026-04-01,84.251,85.816,83.18,84.598,126114.0,1015848270.0,80.22,81.71,79.2,80.55,True,中稀有色,False
2026-04-02,83.831,84.22,81.532,82.445,80952.0,635473200.0,79.82,80.19,77.63,78.5,True,中稀有色,False
2026-04-03,82.771,85.06,81.721,83.023,84932.0,671387460.0,78.81,80.99,77.81,79.05,True,中稀有色,False
2026-04-07,82.97,91.328,82.256,91.328,189002.0,1643561392.0,79.0,86.96,78.32,86.96,True,中稀有色,False
2026-04-08,96.158,98.699,95.423,96.232,206906.0,1895879678.0,91.56,93.98,90.86,91.63,True,中稀有色,False
2026-04-09,95.507,101.555,94.52,100.253,197574.0,1886041404.0,90.94,96.7,90.0,95.46,True,中稀有色,False
2026-04-10,101.44,101.576,97.25,99.203,151719.0,1433137674.0,96.59,96.72,92.6,94.46,True,中稀有色,False
2026-04-13,102.185,102.794,96.263,97.555,182931.0,1699246059.0,97.3,97.88,91.66,92.89,True,中稀有色,False
2026-04-14,97.46,98.048,92.924,96.568,177550.0,1632572250.0,92.8,93.36,88.48,91.95,True,中稀有色,False
2026-04-15,97.166,100.295,95.675,96.704,140691.0,1295482728.0,92.52,95.5,91.1,92.08,True,中稀有色,False
2026-04-16,96.988,103.603,95.948,100.295,186683.0,1782822650.0,92.35,98.65,91.36,95.5,True,中稀有色,False
2026-04-17,98.836,106.07,98.3,102.217,165185.0,1607745605.0,94.11,101.0,93.6,97.33,True,中稀有色,False
2026-04-20,100.463,110.27,100.463,108.979,179845.0,1866251565.0,95.66,105.0,95.66,103.77,True,中稀有色,False
2026-04-21,108.17,113.735,106.91,110.123,147372.0,1545342792.0,103.0,108.3,101.8,104.86,True,中稀有色,False
2026-04-22,108.905,111.404,106.994,110.449,112343.0,1181511331.0,103.7,106.08,101.88,105.17,True,中稀有色,False
2026-04-23,109.126,109.21,99.403,99.403,174176.0,1648575840.0,103.91,103.99,94.65,94.65,True,中稀有色,False
2026-04-24,94.898,97.691,91.612,95.696,245743.0,2235524071.0,90.21,92.87,87.08,90.97,True,中稀有色,False
2026-04-27,95.696,95.707,91.822,92.557,165794.0,1458655612.0,90.97,90.98,87.28,87.98,True,中稀有色,False
2026-04-28,93.628,93.932,89.522,90.478,124021.0,1066580600.0,89.0,89.29,85.09,86.0,True,中稀有色,False
2026-04-29,92.105,99.403,91.528,98.531,218790.0,2049405930.0,87.55,94.5,87.0,93.67,True,中稀有色,False
2026-04-30,97.24,98.5,95.035,96.788,147059.0,1353089859.0,92.44,93.64,90.34,92.01,True,中稀有色,False
2026-05-06,96.673,103.624,94.993,103.088,203845.0,1997884845.0,91.9,98.52,90.3,98.01,True,中稀有色,False
2026-05-07,102.259,104.117,100.978,103.288,158820.0,1559612400.0,97.22,98.99,96.0,98.2,True,中稀有色,False
2026-05-08,101.975,104.926,100.999,104.18,129320.0,1280914600.0,96.95,99.76,96.02,99.05,True,中稀有色,False
2026-05-11,105.188,114.586,104.978,114.586,301656.0,3286843776.0,100.01,108.96,99.81,108.96,True,中稀有色,False
2026-05-12,114.817,115.678,109.724,112.717,217335.0,2329396530.0,109.18,110.0,104.33,107.18,True,中稀有色,False
2026-05-13,113.578,115.468,109.42,109.987,210022.0,2196410076.0,108.0,109.8,104.04,104.58,True,中稀有色,False
2026-05-14,110.291,110.291,102.878,106.081,205498.0,2072652828.0,104.87,104.87,97.81,100.86,True,中稀有色,False
2026-05-15,105.482,109.199,101.387,102.154,226204.0,2196893248.0,100.29,103.83,96.39,97.12,True,中稀有色,False
2026-05-18,102.038,103.267,96.347,97.072,188503.0,1739505684.0,97.01,98.18,91.59,92.28,True,中稀有色,False
2026-05-19,96.778,97.271,92.053,94.048,138758.0,1240496520.0,92.0,92.47,87.5,89.4,True,中稀有色,False
2026-05-20,92.945,96.022,90.593,94.783,159642.0,1438374420.0,88.35,91.28,86.11,90.1,True,中稀有色,False
2026-05-21,94.552,96.179,91.286,91.37,131839.0,1145021715.0,89.88,91.43,86.77,86.85,True,中稀有色,False
2026-05-22,91.36,92.704,89.953,91.601,109787.0,955915409.0,86.84,88.12,85.5,87.07,True,中稀有色,False
2026-05-25,91.612,93.502,88.85,91.465,120539.0,1047966066.0,87.08,88.88,84.45,86.94,True,中稀有色,False
2026-05-26,91.465,91.465,88.052,90.541,103465.0,890419790.0,86.94,86.94,83.69,86.06,True,中稀有色,False
2026-05-27,90.058,91.381,86.393,87.758,95688.0,798133608.0,85.6,86.86,82.11,83.41,True,中稀有色,False
2026-05-28,87.328,95.108,86.666,94.363,163489.0,1466496330.0,83.0,90.41,82.37,89.7,True,中稀有色,False
2026-05-29,93.523,93.628,87.38,87.737,123414.0,1029149346.0,88.9,89.0,83.05,83.39,True,中稀有色,False
2026-06-01,86.33,89.05,85.396,85.879,83982.0,685461084.0,82.05,84.64,81.16,81.62,True,中稀有色,False
2026-06-02,86.593,88.892,83.716,88.231,102514.0,859682404.0,82.3,84.49,79.56,83.86,True,中稀有色,False
2026-06-03,87.38,94.426,86.005,92.809,180885.0,1595767470.0,83.05,89.76,81.74,88.22,True,中稀有色,False
2026-06-04,91.528,101.44,89.533,98.647,192573.0,1805949594.0,87.0,96.44,85.1,93.78,True,中稀有色,False
2026-06-05,97.292,102.973,97.198,98.794,166142.0,1560405664.0,92.49,97.9,92.4,93.92,True,中稀有色,False
2026-06-08,94.678,98.794,91.286,92.315,144916.0,1271637900.0,90.0,93.92,86.77,87.75,True,中稀有色,False
2026-06-09,94.153,97.072,91.549,94.646,141212.0,1270484364.0,89.5,92.28,87.02,89.97,True,中稀有色,False
2026-06-10,93.449,100.348,92.872,94.625,156474.0,1407483630.0,88.83,95.4,88.28,89.95,True,中稀有色,False
2026-06-11,93.628,98.668,93.502,96.872,152446.0,1403875214.0,89.0,93.8,88.88,92.09,True,中稀有色,False
2026-06-12,98.867,103.393,95.938,98.815,236263.0,2219454622.0,93.99,98.3,91.2,93.94,True,中稀有色,False
2026-06-15,100.453,105.167,97.828,105.073,259550.0,2592904500.0,95.5,99.99,93.0,99.9,True,中稀有色,False
2026-06-16,104.842,114.838,103.603,111.625,293088.0,3110836032.0,99.68,109.2,98.5,106.14,True,中稀有色,False
2026-06-17,111.478,116.843,109.693,111.173,285403.0,3016995113.0,106.0,111.11,104.3,105.71,True,中稀有色,False
2026-06-18,111.173,122.272,110.837,122.272,334293.0,3887159004.0,105.71,116.28,105.39,116.28,True,中稀有色,False
2026-06-22,122.608,125.653,118.828,124.771,411166.0,4878895756.0,116.6,119.5,113.0,118.66,True,中稀有色,False
2026-06-23,122.702,122.86,112.307,112.307,267248.0,2853941392.0,116.69,116.84,106.79,106.79,True,中稀有色,False
2026-06-24,112.255,113.053,106.133,110.186,267402.0,2801570754.0,106.74,107.5,100.91,104.77,True,中稀有色,False
2026-06-25,109.378,112.906,106.942,110.312,186089.0,1951887521.0,104.0,107.36,101.68,104.89,True,中稀有色,False
2026-06-26,108.769,110.123,104.138,104.674,181073.0,1802038496.0,103.42,104.71,99.01,99.52,True,中稀有色,False
2026-06-29,105.136,105.671,96.253,99.466,179997.0,1702051632.0,99.96,100.47,91.5,94.56,True,中稀有色,False
2026-06-30,98.143,107.12,96.862,106.868,173186.0,1759742946.0,93.3,101.85,92.08,101.61,True,中稀有色,False
2026-07-01,105.787,106.763,101.429,101.797,134974.0,1306278372.0,100.58,101.51,96.43,96.78,True,中稀有色,False
2026-07-02,99.991,107.12,98.878,102.458,160475.0,1563186975.0,95.06,101.85,94.0,97.41,True,中稀有色,False
2026-07-03,104.128,111.184,100.705,107.551,230496.0,2357052096.0,99.0,105.72,95.74,102.26,True,中稀有色,False
2026-07-06,110.428,112.528,100.778,100.904,190911.0,1831409223.0,105.0,107.0,95.81,95.93,True,中稀有色,False
2026-07-07,98.794,102.836,96.778,97.796,124635.0,1158731595.0,93.92,97.77,92.0,92.97,True,中稀有色,False
2026-07-08,97.828,98.668,93.575,93.628,107591.0,957559900.0,93.0,93.8,88.95,89.0,True,中稀有色,False
2026-07-09,93.628,95.077,85.858,89.848,200137.0,1709169980.0,89.0,90.38,81.6,85.4,True,中稀有色,False
2026-07-10,88.798,92.368,88.01,88.199,127196.0,1066284068.0,84.4,87.8,83.65,83.83,True,中稀有色,False
2026-07-13,87.842,88.199,82.687,82.865,125430.0,987761250.0,83.49,83.83,78.58,78.75,True,中稀有色,False
2026-07-14,85.186,90.982,84.293,90.352,163161.0,1401226668.0,80.96,86.48,80.11,85.88,True,中稀有色,False
2026-07-15,91.528,91.528,86.309,86.971,114649.0,947688634.0,87.0,87.0,82.03,82.66,True,中稀有色,False
2026-07-16,85.753,87.422,82.75,83.128,107344.0,848017600.0,81.5,83.09,78.64,79.0,True,中稀有色,False
2026-07-17,82.886,83.128,77.353,77.93,127624.0,945055720.0,78.77,79.0,73.5,74.05,True,中稀有色,False
2026-07-20,79.757,79.936,71.368,73.646,154382.0,1080210854.0,75.79,75.96,67.8,69.97,True,中稀有色,False
2026-07-21,74.15,77.195,70.727,76.996,162243.0,1186969788.0,70.45,73.35,67.19,73.16,True,中稀有色,False
2026-07-22,76.387,78.172,75.211,75.599,120368.0,864603344.0,72.58,74.28,71.46,71.83,True,中稀有色,False
2026-07-23,75.841,78.655,75.221,77.92,118785.0,879484140.0000001,72.06,74.74,71.47,74.04,True,中稀有色,False
2026-07-24,75.799,77.605,74.612,74.843,84679.0,602152369.0,72.02,73.74,70.89,71.11,True,中稀有色,False
2026-07-27,75.242,76.964,74.119,76.912,82106.0,600030648.0,71.49,73.13,70.42,73.08,True,中稀有色,False
2026-07-28,75.778,76.586,73.552,74.171,72385.0,510097095.0,72.0,72.77,69.88,70.47,True,中稀有色,False
2026-07-29,73.993,76.828,71.672,74.864,100890.0,717630570.0,70.3,73.0,68.09,71.13,True,中稀有色,False
2026-07-30,74.717,75.809,71.893,72.68,78448.0,541683440.0,70.99,72.03,68.3,69.05,True,中稀有色,False
2026-07-31,74.78,78.077,74.78,76.114,125893.0,910458176.0,71.05,74.19,71.05,72.32,True,中稀有色,False
2026-08-03,75.778,81.647,75.452,80.461,128780.0,984651880.0,72.0,77.59,71.69,76.46,True,中稀有色,False
2026-08-04,82.025,83.138,80.608,82.886,97507.0,768062639.0,77.95,79.01,76.6,78.77,True,中稀有色,False
2026-08-05,86.666,88.483,83.327,87.8,140195.0,1169927275.0,82.37,84.1,79.19,83.45,True,中稀有色,False
2026-08-06,88.871,93.208,87.38,89.407,163633.0,1390553234.0,84.47,88.6,83.05,84.98,True,中稀有色,False
2026-08-07,87.485,98.332,87.464,95.392,208856.0,1893906208.0,83.15,93.48,83.13,90.68,True,中稀有色,False
2026-08-10,94.657,95.728,90.793,95.203,194379.0,1759129950.0,89.98,91.0,86.3,90.5,True,中稀有色,False
2026-08-11,93.691,95.192,90.688,90.698,130505.0,1125083605.0,89.06,90.49,86.2,86.21,True,中稀有色,False
2026-08-12,90.194,96.337,89.953,93.953,130300.0,1163709300.0,85.73,91.58,85.5,89.31,True,中稀有色,False
2026-08-13,93.953,95.602,92.599,92.662,105180.0,926425440.0,89.31,90.88,88.02,88.08,True,中稀有色,False
2026-08-14,92.662,99.245,92.578,96.988,159631.0,1471797820.0,88.08,94.35,88.0,92.2,True,中稀有色,False
2026-08-17,96.883,96.883,92.746,96.064,150425.0,1373681100.0,92.1,92.1,88.16,91.32,True,中稀有色,False
2026-08-18,94.678,96.421,93.817,94.888,104006.0,938134120.0,90.0,91.66,89.18,90.2,True,中稀有色,False
2026-08-19,92.473,94.006,90.163,90.236,127906.0,1097049762.0,87.9,89.36,85.7,85.77,True,中稀有色,False
2026-08-20,92.158,93.103,88.535,89.165,97866.0,829414350.0,87.6,88.5,84.15,84.75,True,中稀有色,False
2026-08-21,87.37,90.037,86.656,89.743,84905.0,724239650.0,83.04,85.58,82.36,85.3,True,中稀有色,False
2026-08-24,91.024,92.357,86.278,88.493,115400.0,970629400.0,86.52,87.79,82.0,84.11,True,中稀有色,False
2026-08-25,88.409,90.352,84.577,85.522,96876.0,787408128.0,84.03,85.88,80.38,81.28,True,中稀有色,False
2026-08-26,87.328,87.853,83.968,84.556,92395.0,742486220.0,83.0,83.5,79.8,80.36,True,中稀有色,False
2026-08-27,84.18772473867595,89.59611000497759,84.18772473867595,89.39618914883025,126450.0,1054740000.0,80.01,85.15,80.01,84.96,True,中稀有色,True
