date,open,high,low,close,volume,amount,raw_open,raw_high,raw_low,raw_close,tradable,name,provisional
2016-01-04,115.574,115.574,104.709,104.709,199379.0,248027476.0,13.79,13.79,12.44,12.44,True,健康元,False
2016-01-05,99.558,103.502,94.729,100.041,335363.0,397740518.0,11.8,12.29,11.2,11.86,True,健康元,False
2016-01-06,100.363,102.616,100.363,102.214,177715.0,215568295.0,11.9,12.18,11.9,12.13,True,健康元,False
2016-01-07,101.087,101.087,92.476,92.476,64728.0,70682976.0,11.99,11.99,10.92,10.92,True,健康元,False
2016-01-08,94.729,95.937,86.681,93.683,259967.0,287783469.0,11.2,11.35,10.2,11.07,True,健康元,False
2016-01-11,91.993,92.959,84.75,84.911,246093.0,245600814.0,10.86,10.98,9.96,9.98,True,健康元,False
2016-01-12,85.313,87.727,83.703,86.923,221398.0,226490154.0,10.03,10.33,9.83,10.23,True,健康元,False
2016-01-13,88.13,88.693,83.462,83.542,163694.0,160583814.0,10.38,10.45,9.8,9.81,True,健康元,False
2016-01-14,79.357,87.164,79.357,87.003,212962.0,218073088.0,9.29,10.26,9.29,10.24,True,健康元,False
2016-01-15,85.957,87.084,82.657,82.979,177943.0,173316482.0,10.11,10.25,9.7,9.74,True,健康元,False
2016-01-18,81.53,86.44,80.886,85.232,139932.0,140211864.0,9.56,10.17,9.48,10.02,True,健康元,False
2016-01-19,85.554,91.51,84.428,90.061,250601.0,266138262.0,10.06,10.8,9.92,10.62,True,健康元,False
2016-01-20,89.096,90.544,87.084,87.566,213962.0,220594822.0,10.5,10.68,10.25,10.31,True,健康元,False
2016-01-21,85.957,91.349,84.669,84.83,220761.0,220098717.0,10.11,10.78,9.95,9.97,True,健康元,False
2016-01-22,86.44,87.084,83.864,86.52,173141.0,176257538.0,10.17,10.25,9.85,10.18,True,健康元,False
2016-01-25,86.923,87.888,85.957,87.084,142790.0,146359750.0,10.23,10.35,10.11,10.25,True,健康元,False
2016-01-26,85.957,86.279,78.874,79.035,242305.0,224132125.0,10.11,10.15,9.23,9.25,True,健康元,False
2016-01-27,79.277,80.404,73.643,77.748,188105.0,170987445.0,9.28,9.42,8.58,9.09,True,健康元,False
2016-01-28,76.943,80.886,75.414,75.897,166408.0,147437488.0,8.99,9.48,8.8,8.86,True,健康元,False
2016-01-29,75.494,79.116,75.494,78.552,161269.0,148206211.0,8.81,9.26,8.81,9.19,True,健康元,False
2016-02-01,78.552,78.713,76.138,77.265,115019.0,103862157.0,9.19,9.21,8.89,9.03,True,健康元,False
2016-02-02,77.506,80.645,77.506,79.76,157595.0,147193730.0,9.06,9.45,9.06,9.34,True,健康元,False
2016-02-03,78.713,80.082,77.426,79.84,148374.0,138729690.0,9.21,9.38,9.05,9.35,True,健康元,False
2016-02-04,79.84,82.255,79.679,81.289,175793.0,167530729.0,9.35,9.65,9.33,9.53,True,健康元,False
2016-02-05,81.369,81.933,79.84,80.162,123222.0,115705458.0,9.54,9.61,9.35,9.39,True,健康元,False
2016-02-15,77.828,79.921,77.104,79.599,104852.0,97722064.0,9.1,9.36,9.01,9.32,True,健康元,False
2016-02-16,79.84,84.267,79.84,84.025,223987.0,221075169.0,9.35,9.9,9.35,9.87,True,健康元,False
2016-02-17,83.381,85.474,82.255,85.152,269694.0,269963694.0,9.79,10.05,9.65,10.01,True,健康元,False
2016-02-18,85.474,88.613,84.669,85.232,356256.0,356968512.0,10.05,10.44,9.95,10.02,True,健康元,False
2016-02-19,84.991,86.198,83.864,85.957,222872.0,225323592.0,9.99,10.14,9.85,10.11,True,健康元,False
2016-02-22,87.969,88.13,86.359,87.245,252195.0,259004265.0,10.36,10.38,10.16,10.27,True,健康元,False
2016-02-23,87.325,87.486,84.83,85.957,200750.0,202958250.0,10.28,10.3,9.97,10.11,True,健康元,False
2016-02-24,85.715,87.486,84.428,87.325,236376.0,242994528.0,10.08,10.3,9.92,10.28,True,健康元,False
2016-02-25,87.486,87.727,79.035,79.116,294851.0,273032026.0,10.3,10.33,9.25,9.26,True,健康元,False
2016-02-26,80.001,80.243,77.506,79.277,181849.0,168755872.0,9.37,9.4,9.06,9.28,True,健康元,False
2016-02-29,78.794,79.438,72.114,74.046,237940.0,205342220.00000003,9.22,9.3,8.39,8.63,True,健康元,False
2016-03-01,74.287,76.701,71.39,75.816,156747.0,138721095.0,8.66,8.96,8.3,8.85,True,健康元,False
2016-03-02,75.655,79.438,75.092,79.357,217058.0,201646882.0,8.83,9.3,8.76,9.29,True,健康元,False
2016-03-03,79.438,83.462,78.713,80.323,285783.0,268921803.0,9.3,9.8,9.21,9.41,True,健康元,False
2016-03-04,79.438,80.082,76.219,77.506,218068.0,197569608.0,9.3,9.38,8.9,9.06,True,健康元,False
2016-03-07,78.311,80.001,77.989,78.874,137352.0,126775896.0,9.16,9.37,9.12,9.23,True,健康元,False
2016-03-08,78.955,78.955,75.092,78.231,179982.0,164683530.0,9.24,9.24,8.76,9.15,True,健康元,False
2016-03-09,76.782,81.047,75.897,78.552,248330.0,228215270.0,8.97,9.5,8.86,9.19,True,健康元,False
2016-03-10,77.909,78.794,76.058,76.46,143538.0,128179434.0,9.11,9.22,8.88,8.93,True,健康元,False
2016-03-11,75.253,77.345,75.011,76.299,96819.0,86265729.0,8.78,9.04,8.75,8.91,True,健康元,False
2016-03-14,77.345,80.404,77.345,78.955,198679.0,183579396.0,9.04,9.42,9.04,9.24,True,健康元,False
2016-03-15,78.713,79.116,77.023,77.506,182003.0,164894718.0,9.21,9.26,9.0,9.06,True,健康元,False
2016-03-16,77.748,78.955,76.219,76.782,152043.0,136382571.0,9.09,9.24,8.9,8.97,True,健康元,False
2016-03-17,77.023,79.599,76.862,78.955,249763.0,230781012.0,9.0,9.32,8.98,9.24,True,健康元,False
2016-03-18,79.357,84.106,79.116,83.381,473543.0,463598597.0,9.29,9.88,9.26,9.79,True,健康元,False
2016-03-21,83.703,86.44,83.462,85.876,415675.0,419831750.0,9.83,10.17,9.8,10.1,True,健康元,False
2016-03-22,84.83,85.554,83.864,84.106,294716.0,291179408.0,9.97,10.06,9.85,9.88,True,健康元,False
2016-03-23,84.267,85.313,83.864,84.991,227851.0,227623149.0,9.9,10.03,9.85,9.99,True,健康元,False
2016-03-24,84.267,84.267,82.335,82.416,260100.0,251516700.0,9.9,9.9,9.66,9.67,True,健康元,False
2016-03-25,82.496,83.864,82.255,83.542,168884.0,165675204.0,9.68,9.85,9.65,9.81,True,健康元,False
2016-03-28,84.025,85.715,83.059,83.784,262976.0,258768384.0,9.87,10.08,9.75,9.84,True,健康元,False
2016-03-29,83.059,83.381,79.921,80.886,238458.0,226058184.0,9.75,9.79,9.36,9.48,True,健康元,False
2016-03-30,81.611,83.462,81.45,83.301,206135.0,201600030.0,9.57,9.8,9.55,9.78,True,健康元,False
2016-03-31,83.22,84.669,83.059,83.301,214270.0,209556060.0,9.77,9.95,9.75,9.78,True,健康元,False
2016-04-01,82.979,83.301,80.243,81.933,201542.0,193681862.0,9.74,9.78,9.4,9.61,True,健康元,False
2016-04-05,81.852,85.393,81.772,85.152,281071.0,281352071.0,9.6,10.04,9.59,10.01,True,健康元,False
2016-04-06,84.911,86.842,84.428,86.279,370145.0,375697175.0,9.98,10.22,9.92,10.15,True,健康元,False
2016-04-07,86.359,87.325,84.267,84.347,302532.0,299809212.0,10.16,10.28,9.9,9.91,True,健康元,False
2016-04-08,83.703,90.303,82.335,88.613,700013.0,730813572.0,9.83,10.65,9.66,10.44,True,健康元,False
2016-04-11,88.291,92.878,87.888,91.51,684185.0,738919800.0,10.4,10.97,10.35,10.8,True,健康元,False
2016-04-12,90.705,91.671,87.647,89.176,423111.0,444689661.0,10.7,10.82,10.32,10.51,True,健康元,False
2016-04-13,89.498,90.625,88.935,89.015,407242.0,427196858.0,10.55,10.69,10.48,10.49,True,健康元,False
2016-04-14,89.418,89.9,88.049,89.659,258151.0,272865607.0,10.54,10.6,10.37,10.57,True,健康元,False
2016-04-15,89.337,89.578,88.13,88.774,194472.0,203417712.00000003,10.53,10.56,10.38,10.46,True,健康元,False
2016-04-18,88.613,88.613,86.118,86.279,202799.0,205840985.0,10.44,10.44,10.13,10.15,True,健康元,False
2016-04-19,87.003,89.096,86.198,87.245,211570.0,217282390.0,10.24,10.5,10.14,10.27,True,健康元,False
2016-04-20,87.566,87.888,80.323,82.335,350430.0,338515380.0,10.31,10.35,9.41,9.66,True,健康元,False
2016-04-21,81.611,82.738,80.243,80.484,191705.0,180777815.0,9.57,9.71,9.4,9.43,True,健康元,False
2016-04-22,80.243,81.047,79.438,80.967,130378.0,123728722.0,9.4,9.5,9.3,9.49,True,健康元,False
2016-04-25,80.484,80.645,78.552,79.518,114606.0,106698186.0,9.43,9.45,9.19,9.31,True,健康元,False
2016-04-26,79.518,81.45,79.116,81.369,123662.0,117973548.0,9.31,9.55,9.26,9.54,True,健康元,False
2016-04-27,81.45,82.255,80.243,80.725,111459.0,105440214.0,9.55,9.65,9.4,9.46,True,健康元,False
2016-04-28,80.484,81.047,78.633,79.921,107876.0,100971936.0,9.43,9.5,9.2,9.36,True,健康元,False
2016-04-29,79.76,80.565,79.277,79.921,79778.0,74672208.0,9.34,9.44,9.28,9.36,True,健康元,False
2016-05-03,80.243,83.059,79.438,82.657,179377.0,173995690.0,9.4,9.75,9.3,9.7,True,健康元,False
2016-05-04,82.335,83.301,81.691,82.174,138350.0,133369400.0,9.66,9.78,9.58,9.64,True,健康元,False
2016-05-05,82.094,82.818,81.53,82.496,105307.0,101937176.0,9.63,9.72,9.56,9.68,True,健康元,False
2016-05-06,82.577,83.059,78.633,78.713,215284.0,198276564.00000003,9.69,9.75,9.2,9.21,True,健康元,False
2016-05-09,77.909,78.15,76.058,76.46,157825.0,140937725.0,9.11,9.14,8.88,8.93,True,健康元,False
2016-05-10,76.219,77.104,76.219,76.782,69534.0,62371998.00000001,8.9,9.01,8.9,8.97,True,健康元,False
2016-05-11,77.265,79.438,76.46,77.748,169868.0,154410012.0,9.03,9.3,8.93,9.09,True,健康元,False
2016-05-12,76.621,77.587,75.414,77.426,103030.0,93242150.0,8.95,9.07,8.8,9.05,True,健康元,False
2016-05-13,77.345,78.07,76.46,77.023,82654.0,74388600.0,9.04,9.13,8.93,9.0,True,健康元,False
2016-05-16,76.862,78.15,76.219,77.828,99997.0,90997270.0,8.98,9.14,8.9,9.1,True,健康元,False
2016-05-17,77.506,81.289,76.46,79.277,235306.0,218363968.0,9.06,9.53,8.93,9.28,True,健康元,False
2016-05-18,77.828,78.15,75.816,76.862,176595.0,158582310.0,9.1,9.14,8.85,8.98,True,健康元,False
2016-05-19,76.943,78.231,76.701,76.943,102291.0,91959609.0,8.99,9.15,8.96,8.99,True,健康元,False
2016-05-20,76.299,77.506,75.897,77.426,78910.0,71413550.0,8.91,9.06,8.86,9.05,True,健康元,False
2016-05-23,77.667,78.231,77.265,77.909,105162.0,95802582.0,9.08,9.15,9.03,9.11,True,健康元,False
2016-05-24,77.506,77.828,76.219,76.621,103781.0,92883995.0,9.06,9.1,8.9,8.95,True,健康元,False
2016-05-25,77.184,77.989,76.621,76.862,94947.0,85262406.0,9.02,9.12,8.95,8.98,True,健康元,False
2016-05-26,76.379,77.345,74.931,76.54,145686.0,130243284.0,8.92,9.04,8.74,8.94,True,健康元,False
2016-05-27,76.299,76.54,75.736,75.816,79291.0,70172535.0,8.91,8.94,8.84,8.85,True,健康元,False
2016-05-30,75.977,76.058,74.689,75.333,62307.0,54767852.99999999,8.87,8.88,8.71,8.79,True,健康元,False
2016-05-31,75.575,78.472,75.575,78.311,218979.0,200584764.0,8.82,9.18,8.82,9.16,True,健康元,False
2016-06-01,78.472,79.277,77.828,77.909,155279.0,141459169.0,9.18,9.28,9.1,9.11,True,健康元,False
2016-06-02,77.909,78.633,77.587,78.552,137349.0,126223731.0,9.11,9.2,9.07,9.19,True,健康元,False
2016-06-03,78.633,80.001,77.989,79.035,184804.0,170943700.0,9.2,9.37,9.12,9.25,True,健康元,False
2016-06-06,79.357,79.438,78.472,78.794,119260.0,109957720.0,9.29,9.3,9.18,9.22,True,健康元,False
2016-06-07,78.955,79.035,77.828,78.311,99935.0,91540460.0,9.24,9.25,9.1,9.16,True,健康元,False
2016-06-08,78.231,78.392,77.748,78.07,95624.0,87304712.00000001,9.15,9.17,9.09,9.13,True,健康元,False
2016-06-13,77.345,77.506,75.011,75.172,142403.0,124887431.0,9.04,9.06,8.75,8.77,True,健康元,False
2016-06-14,75.092,75.897,74.85,75.655,69580.0,61439140.0,8.76,8.86,8.73,8.83,True,健康元,False
2016-06-15,74.85,77.426,74.287,76.862,131339.0,117942422.0,8.73,9.05,8.66,8.98,True,健康元,False
2016-06-16,76.701,77.265,75.575,76.138,102288.0,90934032.0,8.96,9.03,8.82,8.89,True,健康元,False
2016-06-17,76.54,77.667,76.219,76.943,115587.0,103912713.0,8.94,9.08,8.9,8.99,True,健康元,False
2016-06-20,77.104,77.345,75.494,76.379,78573.0,70087116.0,9.01,9.04,8.81,8.92,True,健康元,False
2016-06-21,76.943,77.345,75.897,76.138,80231.0,71325359.0,8.99,9.04,8.86,8.89,True,健康元,False
2016-06-22,75.575,77.426,75.575,77.184,93750.0,84562500.0,8.82,9.05,8.82,9.02,True,健康元,False
2016-06-23,77.265,77.265,76.379,76.782,84280.0,75599160.0,9.03,9.03,8.92,8.97,True,健康元,False
2016-06-24,76.943,77.265,74.448,75.655,127862.0,112902146.0,8.99,9.03,8.68,8.83,True,健康元,False
2016-06-27,75.414,77.104,75.414,77.023,122895.0,110605500.0,8.8,9.01,8.8,9.0,True,健康元,False
2016-06-28,77.023,79.035,76.621,78.955,225274.0,208153176.0,9.0,9.25,8.95,9.24,True,健康元,False
2016-06-29,79.438,79.84,78.15,78.472,161907.0,148630626.0,9.3,9.35,9.14,9.18,True,健康元,False
2016-06-30,78.794,78.955,77.989,78.472,93783.0,86092794.0,9.22,9.24,9.12,9.18,True,健康元,False
2016-07-01,79.035,79.921,78.472,78.955,166478.0,153825672.0,9.25,9.36,9.18,9.24,True,健康元,False
2016-07-04,78.15,80.645,78.15,80.645,218196.0,206195220.0,9.14,9.45,9.14,9.45,True,健康元,False
2016-07-05,80.725,80.967,79.599,80.484,191579.0,180658997.0,9.46,9.49,9.32,9.43,True,健康元,False
2016-07-06,80.645,81.53,80.243,81.208,216002.0,203473884.0,9.35,9.46,9.3,9.42,True,健康元,False
2016-07-07,81.45,83.059,80.645,81.53,300975.0,284722350.0,9.45,9.65,9.35,9.46,True,健康元,False
2016-07-08,81.53,82.255,80.243,81.53,182545.0,172687570.00000003,9.46,9.55,9.3,9.46,True,健康元,False
2016-07-11,81.852,82.496,80.886,80.967,202279.0,189939981.0,9.5,9.58,9.38,9.39,True,健康元,False
2016-07-12,81.45,83.22,80.404,83.22,358645.0,346809715.0,9.45,9.67,9.32,9.67,True,健康元,False
2016-07-13,83.703,83.864,82.738,83.22,237421.0,229586107.0,9.73,9.75,9.61,9.67,True,健康元,False
2016-07-14,82.979,83.14,82.094,82.738,151005.0,145115805.0,9.64,9.66,9.53,9.61,True,健康元,False
2016-07-15,82.738,83.784,81.611,82.496,223272.0,213894576.0,9.61,9.74,9.47,9.58,True,健康元,False
2016-07-18,82.416,83.864,81.369,83.22,241650.0,233675550.0,9.57,9.75,9.44,9.67,True,健康元,False
2016-07-19,83.381,83.381,81.852,82.898,200013.0,192612519.00000003,9.69,9.69,9.5,9.63,True,健康元,False
2016-07-20,82.979,83.784,82.255,82.496,161693.0,154901894.0,9.64,9.74,9.55,9.58,True,健康元,False
2016-07-21,82.496,83.301,82.094,82.335,156974.0,150067144.0,9.58,9.68,9.53,9.56,True,健康元,False
2016-07-22,82.496,82.577,81.208,81.933,161949.0,154013499.0,9.58,9.59,9.42,9.51,True,健康元,False
2016-07-25,82.013,82.335,81.289,81.772,102911.0,97662539.0,9.52,9.56,9.43,9.49,True,健康元,False
2016-07-26,81.691,83.059,81.691,82.898,165445.0,159323535.0,9.48,9.65,9.48,9.63,True,健康元,False
2016-07-27,83.059,84.025,78.874,80.404,336969.0,314055108.0,9.65,9.77,9.13,9.32,True,健康元,False
2016-07-28,80.484,81.289,79.196,80.484,174434.0,162746922.0,9.33,9.43,9.17,9.33,True,健康元,False
2016-07-29,80.645,82.496,79.679,81.691,238536.0,226132128.0,9.35,9.58,9.23,9.48,True,健康元,False
2016-08-01,81.691,81.691,78.07,78.874,193926.0,177054438.00000003,9.48,9.48,9.03,9.13,True,健康元,False
2016-08-02,79.277,79.599,78.311,79.357,111363.0,102342597.0,9.18,9.22,9.06,9.19,True,健康元,False
2016-08-03,79.277,80.323,78.794,80.082,121383.0,112643424.0,9.18,9.31,9.12,9.28,True,健康元,False
2016-08-04,80.484,80.484,79.116,79.921,83438.0,77263588.0,9.33,9.33,9.16,9.26,True,健康元,False
2016-08-05,80.001,81.611,79.518,80.243,187432.0,174311760.0,9.27,9.47,9.21,9.3,True,健康元,False
2016-08-08,80.082,80.886,79.357,80.725,142630.0,133501680.0,9.28,9.38,9.19,9.36,True,健康元,False
2016-08-09,80.484,81.369,80.243,81.208,144890.0,136486380.0,9.33,9.44,9.3,9.42,True,健康元,False
2016-08-10,81.45,81.53,80.323,80.404,110431.0,102921692.0,9.45,9.46,9.31,9.32,True,健康元,False
2016-08-11,80.404,80.725,79.438,79.518,110838.0,102081798.0,9.32,9.36,9.2,9.21,True,健康元,False
2016-08-12,79.679,81.289,79.518,80.886,151482.0,142090116.0,9.23,9.43,9.21,9.38,True,健康元,False
2016-08-15,81.047,83.623,80.565,83.542,381967.0,370889957.00000006,9.4,9.72,9.34,9.71,True,健康元,False
2016-08-16,83.945,86.923,83.22,85.152,464792.0,460608872.0,9.76,10.13,9.67,9.91,True,健康元,False
2016-08-17,84.347,84.911,83.381,84.267,240250.0,235445000.00000003,9.81,9.88,9.69,9.8,True,健康元,False
2016-08-18,84.508,86.762,83.784,84.911,313664.0,309900032.0,9.83,10.11,9.74,9.88,True,健康元,False
2016-08-19,84.589,84.911,83.945,84.347,132988.0,130461228.0,9.84,9.88,9.76,9.81,True,健康元,False
2016-08-22,86.037,92.234,86.037,92.234,1320784.0,1425125936.0,10.02,10.79,10.02,10.79,True,健康元,False
2016-08-23,90.705,100.926,89.176,100.041,2228674.0,2620920624.0,10.6,11.87,10.41,11.76,True,健康元,False
2016-08-24,96.339,97.788,94.649,95.293,1401255.0,1565201835.0,11.3,11.48,11.09,11.17,True,健康元,False
2016-08-25,91.912,91.912,88.532,90.142,1091906.0,1149777018.0,10.75,10.75,10.33,10.53,True,健康元,False
2016-08-26,91.027,91.188,89.176,89.739,664861.0,696774328.0,10.64,10.66,10.41,10.48,True,健康元,False
2016-08-29,89.257,90.544,87.888,88.291,500311.0,515320330.00000006,10.42,10.58,10.25,10.3,True,健康元,False
2016-08-30,88.532,90.222,87.888,88.854,431251.0,447207287.0,10.33,10.54,10.25,10.37,True,健康元,False
2016-08-31,88.613,90.464,87.808,89.981,409466.0,430348766.0,10.34,10.57,10.24,10.51,True,健康元,False
2016-09-01,89.498,89.739,88.371,88.452,312857.0,322868424.0,10.45,10.48,10.31,10.32,True,健康元,False
2016-09-02,88.291,93.603,87.969,91.993,683264.0,735192064.0,10.3,10.96,10.26,10.76,True,健康元,False
2016-09-05,91.43,96.178,90.464,93.12,951297.0,1036913730.0,10.69,11.28,10.57,10.9,True,健康元,False
2016-09-06,91.349,92.878,89.418,92.717,572631.0,621304635.0,10.68,10.87,10.44,10.85,True,健康元,False
2016-09-07,91.993,93.603,90.705,91.188,420164.0,447894824.0,10.76,10.96,10.6,10.66,True,健康元,False
2016-09-08,91.269,96.339,90.786,95.534,953382.0,1067787840.0,10.67,11.3,10.61,11.2,True,健康元,False
2016-09-09,94.166,96.419,93.361,93.522,619840.0,678724800.0,11.03,11.31,10.93,10.95,True,健康元,False
2016-09-12,90.786,92.154,88.452,88.693,485200.0,502182000.0,10.61,10.78,10.32,10.35,True,健康元,False
2016-09-13,89.418,90.303,88.613,89.418,289635.0,302378940.0,10.44,10.55,10.34,10.44,True,健康元,False
2016-09-14,88.13,92.154,87.888,90.383,392257.0,414223392.0,10.28,10.78,10.25,10.56,True,健康元,False
2016-09-19,90.142,90.464,89.096,90.142,251882.0,265231746.0,10.53,10.57,10.4,10.53,True,健康元,False
2016-09-20,90.222,91.349,89.659,90.625,234533.0,248370447.0,10.54,10.68,10.47,10.59,True,健康元,False
2016-09-21,90.303,91.912,89.9,90.464,253619.0,268075283.0,10.55,10.75,10.5,10.57,True,健康元,False
2016-09-22,91.349,93.442,90.705,92.637,433944.0,470395296.0,10.68,10.94,10.6,10.84,True,健康元,False
2016-09-23,91.751,92.637,89.659,89.82,328889.0,345004561.0,10.73,10.84,10.47,10.49,True,健康元,False
2016-09-26,89.096,89.659,85.876,85.957,349722.0,350071722.0,10.4,10.47,10.0,10.01,True,健康元,False
2016-09-27,86.118,87.325,85.796,87.164,213744.0,217163904.0,10.03,10.18,9.99,10.16,True,健康元,False
2016-09-28,87.084,87.647,86.52,86.52,115875.0,116802000.0,10.15,10.22,10.08,10.08,True,健康元,False
2016-09-29,86.842,87.245,86.279,86.681,137007.0,138377070.0,10.12,10.17,10.05,10.1,True,健康元,False
2016-09-30,86.279,86.923,86.037,86.601,114834.0,115867506.0,10.05,10.13,10.02,10.09,True,健康元,False
2016-10-10,87.405,90.303,87.405,89.82,305114.0,320064586.0,10.19,10.55,10.19,10.49,True,健康元,False
2016-10-11,89.096,90.544,88.935,89.9,236171.0,247979550.0,10.4,10.58,10.38,10.5,True,健康元,False
2016-10-12,89.337,89.9,88.935,89.337,156086.0,162797698.0,10.43,10.5,10.38,10.43,True,健康元,False
2016-10-13,89.257,89.82,88.613,88.774,153236.0,158752496.0,10.42,10.49,10.34,10.36,True,健康元,False
2016-10-14,88.532,89.257,88.13,89.015,153714.0,159708846.0,10.33,10.42,10.28,10.39,True,健康元,False
2016-10-17,89.015,90.142,87.245,87.566,182719.0,186556099.00000003,10.39,10.53,10.17,10.21,True,健康元,False
2016-10-18,87.888,88.935,87.325,88.854,136914.0,141979818.0,10.25,10.38,10.18,10.37,True,健康元,False
2016-10-19,89.096,89.82,88.613,89.015,165897.0,172366983.0,10.4,10.49,10.34,10.39,True,健康元,False
2016-10-20,89.015,89.659,88.693,89.418,162130.0,169263720.0,10.39,10.47,10.35,10.44,True,健康元,False
2016-10-21,89.015,89.418,87.486,88.371,162222.0,167250882.0,10.39,10.44,10.2,10.31,True,健康元,False
2016-10-24,88.371,89.257,87.727,89.096,154349.0,160522960.0,10.31,10.42,10.23,10.4,True,健康元,False
2016-10-25,88.935,91.349,88.774,90.705,337380.0,357622800.0,10.38,10.68,10.36,10.6,True,健康元,False
2016-10-26,92.154,94.327,90.705,90.786,521973.0,553813353.0,10.78,11.05,10.6,10.61,True,健康元,False
2016-10-27,91.591,91.591,89.498,89.981,231345.0,243143595.0,10.71,10.71,10.45,10.51,True,健康元,False
2016-10-28,89.981,90.786,88.693,88.854,183789.0,190589193.0,10.51,10.61,10.35,10.37,True,健康元,False
2016-10-31,88.854,89.176,87.888,89.096,117527.0,122228080.0,10.37,10.41,10.25,10.4,True,健康元,False
2016-11-01,89.176,90.947,89.096,90.705,228565.0,242278900.0,10.41,10.63,10.4,10.6,True,健康元,False
2016-11-02,90.383,90.464,89.015,89.498,172232.0,179982440.0,10.56,10.57,10.39,10.45,True,健康元,False
2016-11-03,89.82,91.51,88.693,90.222,222137.0,234132398.0,10.49,10.7,10.35,10.54,True,健康元,False
2016-11-04,90.142,91.349,89.578,89.739,205804.0,215682592.0,10.53,10.68,10.46,10.48,True,健康元,False
2016-11-07,89.578,89.82,88.452,88.854,184445.0,191269465.0,10.46,10.49,10.32,10.37,True,健康元,False
2016-11-08,89.337,90.383,88.935,90.303,177774.0,187551570.0,10.43,10.56,10.38,10.55,True,健康元,False
2016-11-09,90.222,91.269,88.291,89.176,238382.0,248155662.0,10.54,10.67,10.3,10.41,True,健康元,False
2016-11-10,90.222,91.108,89.82,90.786,257699.0,273418639.0,10.54,10.65,10.49,10.61,True,健康元,False
2016-11-11,91.751,93.361,90.947,91.188,368845.0,393188770.0,10.73,10.93,10.63,10.66,True,健康元,False
2016-11-25,93.924,96.983,92.395,94.649,769765.0,853669385.0,11.0,11.38,10.81,11.09,True,健康元,False
2016-11-28,94.568,94.568,91.912,92.234,404645.0,436611955.0,11.08,11.08,10.75,10.79,True,健康元,False
2016-11-29,92.234,92.315,90.142,90.464,304288.0,321632416.0,10.79,10.8,10.53,10.57,True,健康元,False
2016-11-30,90.705,91.188,89.981,91.108,169302.0,180306630.0,10.6,10.66,10.51,10.65,True,健康元,False
2016-12-01,91.108,91.832,90.383,91.349,181325.0,193655100.0,10.65,10.74,10.56,10.68,True,健康元,False
2016-12-02,90.786,91.108,88.13,88.13,298253.0,306604084.0,10.61,10.65,10.28,10.28,True,健康元,False
2016-12-05,87.405,89.015,86.681,88.21,125994.0,129647826.0,10.19,10.39,10.1,10.29,True,健康元,False
2016-12-06,88.371,88.774,87.888,88.13,70381.0,72351668.0,10.31,10.36,10.25,10.28,True,健康元,False
2016-12-07,88.452,89.981,87.566,89.82,136424.0,143108776.0,10.32,10.51,10.21,10.49,True,健康元,False
2016-12-08,90.142,90.544,88.532,88.693,107705.0,111474675.0,10.53,10.58,10.33,10.35,True,健康元,False
2016-12-09,88.291,88.693,87.647,88.693,107337.0,111093795.0,10.3,10.35,10.22,10.35,True,健康元,False
2016-12-12,88.532,88.774,84.75,84.991,184590.0,182559510.0,10.33,10.36,9.86,9.89,True,健康元,False
2016-12-13,85.071,86.762,84.589,86.279,126834.0,127468170.0,9.9,10.11,9.84,10.05,True,健康元,False
2016-12-14,85.957,89.337,84.911,88.21,226811.0,233388519.0,10.01,10.43,9.88,10.29,True,健康元,False
2016-12-15,88.291,88.693,86.842,87.003,144352.0,146372928.0,10.3,10.35,10.12,10.14,True,健康元,False
2016-12-16,86.681,88.452,86.681,87.727,91000.0,93093000.0,10.1,10.32,10.1,10.23,True,健康元,False
2016-12-19,87.003,88.13,86.681,86.923,71613.0,72543969.0,10.14,10.28,10.1,10.13,True,健康元,False
2016-12-20,87.164,88.854,87.003,87.566,97454.0,99500534.0,10.16,10.37,10.14,10.21,True,健康元,False
2016-12-21,87.566,88.049,87.325,87.727,74381.0,76091763.0,10.21,10.27,10.18,10.23,True,健康元,False
2016-12-22,87.808,87.888,86.923,87.245,63332.0,64408644.0,10.24,10.25,10.13,10.17,True,健康元,False
2016-12-23,87.084,87.486,85.715,85.796,78650.0,78571350.0,10.15,10.2,9.98,9.99,True,健康元,False
2016-12-26,86.279,87.084,85.232,87.084,85123.0,86399845.0,10.05,10.15,9.92,10.15,True,健康元,False
2016-12-27,86.762,87.405,86.681,86.681,62551.0,63176510.0,10.11,10.19,10.1,10.1,True,健康元,False
2016-12-28,86.762,87.003,85.876,85.876,62504.0,62504000.0,10.11,10.14,10.0,10.0,True,健康元,False
2016-12-29,85.796,86.279,85.232,85.393,53784.0,53461296.0,9.99,10.05,9.92,9.94,True,健康元,False
2016-12-30,85.474,86.198,85.232,85.313,44957.0,44642301.0,9.95,10.04,9.92,9.93,True,健康元,False
2017-01-03,85.393,86.118,85.393,86.037,52845.0,52950690.0,9.94,10.03,9.94,10.02,True,健康元,False
2017-01-04,86.037,86.762,85.715,86.601,71300.0,71941700.0,10.02,10.11,9.98,10.09,True,健康元,False
2017-01-05,86.52,86.601,86.118,86.198,64361.0,64618443.99999999,10.08,10.09,10.03,10.04,True,健康元,False
2017-01-06,86.037,86.198,85.393,85.474,74834.0,74459830.0,10.02,10.04,9.94,9.95,True,健康元,False
2017-01-09,85.474,86.118,85.232,86.118,63452.0,63642355.99999999,9.95,10.03,9.92,10.03,True,健康元,False
2017-01-10,86.118,86.198,85.635,85.957,54508.0,54562508.0,10.03,10.04,9.97,10.01,True,健康元,False
2017-01-11,85.957,85.957,84.589,84.669,72700.0,71609500.0,10.01,10.01,9.84,9.85,True,健康元,False
2017-01-12,84.508,84.83,83.059,83.14,108355.0,104670930.0,9.83,9.87,9.65,9.66,True,健康元,False
2017-01-13,82.818,83.22,80.806,81.369,115474.0,109007456.0,9.62,9.67,9.37,9.44,True,健康元,False
2017-01-16,81.289,81.369,75.414,79.116,121829.0,111595364.0,9.43,9.44,8.7,9.16,True,健康元,False
2017-01-17,78.472,80.082,78.311,79.679,55904.0,51599392.0,9.08,9.28,9.06,9.23,True,健康元,False
2017-01-18,79.518,80.082,79.277,79.599,37128.0,34232016.0,9.21,9.28,9.18,9.22,True,健康元,False
2017-01-19,79.438,80.001,78.794,79.679,46712.0,43115176.0,9.2,9.27,9.12,9.23,True,健康元,False
2017-01-20,79.679,80.725,79.518,80.645,40390.0,37764650.0,9.23,9.36,9.21,9.35,True,健康元,False
2017-01-23,80.645,81.772,80.645,81.691,48614.0,46086072.0,9.35,9.49,9.35,9.48,True,健康元,False
2017-01-24,81.45,81.611,81.208,81.289,36328.0,34257304.0,9.45,9.47,9.42,9.43,True,健康元,False
2017-01-25,81.047,82.094,81.047,81.611,32736.0,31000992.000000004,9.4,9.53,9.4,9.47,True,健康元,False
2017-01-26,81.45,82.898,81.45,82.094,47611.0,45373283.0,9.45,9.63,9.45,9.53,True,健康元,False
2017-02-03,82.255,82.416,81.45,81.611,37331.0,35352457.0,9.55,9.57,9.45,9.47,True,健康元,False
2017-02-06,81.611,82.496,81.208,82.255,36164.0,34536620.0,9.47,9.58,9.42,9.55,True,健康元,False
2017-02-07,82.416,82.496,81.289,81.611,41353.0,39161291.0,9.57,9.58,9.43,9.47,True,健康元,False
2017-02-08,81.611,82.255,81.047,82.174,43795.0,41780429.99999999,9.47,9.55,9.4,9.54,True,健康元,False
2017-02-09,82.174,83.542,81.852,83.059,67486.0,65123990.0,9.54,9.71,9.5,9.65,True,健康元,False
2017-02-10,83.059,83.059,82.174,82.335,62607.0,59852292.0,9.65,9.65,9.54,9.56,True,健康元,False
2017-02-13,82.255,83.703,82.013,82.979,70604.0,68062256.0,9.55,9.73,9.52,9.64,True,健康元,False
2017-02-14,82.979,83.14,82.174,82.496,48550.0,46510900.0,9.64,9.66,9.54,9.58,True,健康元,False
2017-02-15,82.496,82.818,81.772,81.852,59126.0,56169700.0,9.58,9.62,9.49,9.5,True,健康元,False
2017-02-16,81.852,82.496,81.691,82.416,47854.0,45796278.0,9.5,9.58,9.48,9.57,True,健康元,False
2017-02-17,82.416,82.496,81.047,81.128,64985.0,61150885.0,9.57,9.58,9.4,9.41,True,健康元,False
2017-02-20,80.886,81.933,80.806,81.852,54065.0,51361750.0,9.38,9.51,9.37,9.5,True,健康元,False
2017-02-21,82.255,83.381,81.53,83.22,105033.0,101566911.0,9.55,9.69,9.46,9.67,True,健康元,False
2017-02-22,83.14,83.864,82.577,83.381,88163.0,85429947.0,9.66,9.75,9.59,9.69,True,健康元,False
2017-02-23,83.542,83.945,82.577,83.623,100325.0,97515900.0,9.71,9.76,9.59,9.72,True,健康元,False
2017-02-24,83.301,83.864,82.979,83.381,65034.0,63017946.0,9.68,9.75,9.64,9.69,True,健康元,False
2017-02-27,88.291,90.222,85.554,85.876,375602.0,375602000.0,10.3,10.54,9.96,10.0,True,健康元,False
2017-02-28,84.83,85.554,84.106,85.393,208423.0,207172462.0,9.87,9.96,9.78,9.94,True,健康元,False
2017-03-01,84.911,88.693,84.589,86.762,363090.0,367083990.0,9.88,10.35,9.84,10.11,True,健康元,False
2017-03-02,85.876,86.359,84.75,85.554,193584.0,192809664.00000003,10.0,10.06,9.86,9.96,True,健康元,False
2017-03-03,85.071,85.876,84.669,85.474,81172.0,80766140.0,9.9,10.0,9.85,9.95,True,健康元,False
2017-03-06,85.474,85.715,84.83,85.474,103198.0,102682010.0,9.95,9.98,9.87,9.95,True,健康元,False
2017-03-07,85.635,86.762,85.232,86.279,177115.0,178000575.0,9.97,10.11,9.92,10.05,True,健康元,False
2017-03-08,86.279,86.44,85.071,85.635,112455.0,112117635.0,10.05,10.07,9.9,9.97,True,健康元,False
2017-03-09,85.635,85.635,84.267,84.428,90656.0,89024192.0,9.97,9.97,9.8,9.82,True,健康元,False
2017-03-10,84.347,84.75,84.106,84.267,61196.0,59972080.00000001,9.81,9.86,9.78,9.8,True,健康元,False
2017-03-13,84.186,84.669,82.898,84.589,76514.0,75289776.0,9.79,9.85,9.63,9.84,True,健康元,False
2017-03-14,84.267,84.589,83.462,83.542,74627.0,72462817.0,9.8,9.84,9.7,9.71,True,健康元,False
2017-03-15,83.542,83.784,82.979,83.623,51416.0,49976352.0,9.71,9.74,9.64,9.72,True,健康元,False
2017-03-16,83.623,84.267,83.623,84.267,74776.0,73280480.0,9.72,9.8,9.72,9.8,True,健康元,False
2017-03-17,84.267,84.508,83.301,83.542,72686.0,70578106.0,9.8,9.83,9.68,9.71,True,健康元,False
2017-03-20,83.542,83.784,82.416,83.059,73217.0,70654405.0,9.71,9.74,9.57,9.65,True,健康元,False
2017-03-21,83.14,83.462,82.898,83.22,51452.0,49754084.0,9.66,9.7,9.63,9.67,True,健康元,False
2017-03-22,82.657,82.979,81.933,82.657,86651.0,83184960.0,9.6,9.64,9.51,9.6,True,健康元,False
2017-03-23,82.657,82.898,81.289,82.013,104943.0,99905736.0,9.6,9.63,9.43,9.52,True,健康元,False
2017-03-24,82.013,82.577,81.691,82.416,57706.0,55224642.0,9.52,9.59,9.48,9.57,True,健康元,False
2017-03-27,82.577,82.577,81.852,82.013,50912.0,48468224.0,9.59,9.59,9.5,9.52,True,健康元,False
2017-03-28,82.013,84.508,82.013,83.623,140511.0,136576692.0,9.52,9.83,9.52,9.72,True,健康元,False
2017-03-29,83.542,83.542,82.255,82.577,81437.0,78098083.0,9.71,9.71,9.55,9.59,True,健康元,False
2017-03-30,82.335,82.335,80.886,81.128,104836.0,98650676.0,9.56,9.56,9.38,9.41,True,健康元,False
2017-03-31,81.047,82.174,80.886,82.094,55559.0,52947727.0,9.4,9.54,9.38,9.53,True,健康元,False
2017-04-05,83.462,83.703,82.416,83.462,127086.0,123273420.0,9.7,9.73,9.57,9.7,True,健康元,False
2017-04-06,82.174,82.898,81.933,82.657,91249.0,87599040.0,9.54,9.63,9.51,9.6,True,健康元,False
2017-04-07,82.416,82.657,82.013,82.255,69922.0,66775510.00000001,9.57,9.6,9.52,9.55,True,健康元,False
2017-04-10,82.335,82.577,81.289,81.289,76184.0,71841512.0,9.56,9.59,9.43,9.43,True,健康元,False
2017-04-11,81.289,81.53,80.001,81.289,98505.0,92890215.0,9.43,9.46,9.27,9.43,True,健康元,False
2017-04-12,81.369,83.059,81.369,82.335,114500.0,109462000.0,9.44,9.65,9.44,9.56,True,健康元,False
2017-04-13,82.657,82.657,81.53,81.772,62108.0,58940492.0,9.6,9.6,9.46,9.49,True,健康元,False
2017-04-20,82.416,82.416,78.713,79.438,112062.0,103097040.0,9.57,9.57,9.11,9.2,True,健康元,False
2017-04-21,79.438,80.243,79.116,79.277,50422.0,46287396.0,9.2,9.3,9.16,9.18,True,健康元,False
2017-04-24,78.633,79.438,77.023,77.104,70404.0,62729964.0,9.1,9.2,8.9,8.91,True,健康元,False
2017-04-25,77.184,78.552,77.184,77.587,55021.0,49353837.0,8.92,9.09,8.92,8.97,True,健康元,False
2017-04-26,77.667,79.84,77.506,78.713,61644.0,56157684.0,8.98,9.25,8.96,9.11,True,健康元,False
2017-04-27,78.472,79.035,77.265,78.07,69761.0,62994182.99999999,9.08,9.15,8.93,9.03,True,健康元,False
2017-04-28,77.667,78.552,77.667,78.392,44029.0,39934303.0,8.98,9.09,8.98,9.07,True,健康元,False
2017-05-02,78.633,79.518,78.392,78.955,57375.0,52440750.0,9.1,9.21,9.07,9.14,True,健康元,False
2017-05-03,78.955,80.001,78.713,79.599,62160.0,57311520.00000001,9.14,9.27,9.11,9.22,True,健康元,False
2017-05-04,79.438,79.921,79.116,79.196,48564.0,44533188.0,9.2,9.26,9.16,9.17,True,健康元,False
2017-05-05,78.713,79.196,78.15,79.196,50793.0,46577181.0,9.11,9.17,9.04,9.17,True,健康元,False
2017-05-12,75.172,76.621,73.16,75.011,209076.0,180850740.0,8.67,8.85,8.42,8.65,True,健康元,False
2017-05-15,74.287,74.931,73.965,74.448,74123.0,63597534.0,8.56,8.64,8.52,8.58,True,健康元,False
2017-05-16,74.448,74.931,73.241,74.85,96123.0,82954149.00000001,8.58,8.64,8.43,8.63,True,健康元,False
2017-05-17,74.609,75.494,74.448,74.528,81883.0,70337497.0,8.6,8.71,8.58,8.59,True,健康元,False
2017-05-18,74.689,75.655,74.367,74.448,80025.0,68661450.0,8.61,8.73,8.57,8.58,True,健康元,False
2017-05-19,74.85,75.253,73.965,74.046,50341.0,42940873.0,8.63,8.68,8.52,8.53,True,健康元,False
2017-05-22,73.885,74.77,72.999,73.241,62452.0,52647036.0,8.51,8.62,8.4,8.43,True,健康元,False
2017-05-23,73.08,73.241,71.39,71.551,93993.0,77262246.0,8.41,8.43,8.2,8.22,True,健康元,False
2017-05-24,71.792,72.919,70.585,72.677,87818.0,73415848.0,8.25,8.39,8.1,8.36,True,健康元,False
2017-05-25,72.597,73.563,71.229,72.838,75397.0,63182686.00000001,8.35,8.47,8.18,8.38,True,健康元,False
2017-05-26,72.919,73.16,72.436,72.516,36975.0,30837150.0,8.39,8.42,8.33,8.34,True,健康元,False
2017-05-31,72.838,73.643,72.516,72.597,60065.0,50154275.0,8.38,8.48,8.34,8.35,True,健康元,False
2017-06-01,72.194,73.321,72.194,72.355,57405.0,47760960.0,8.3,8.44,8.3,8.32,True,健康元,False
2017-06-02,72.758,73.965,72.194,73.643,70925.0,60144400.0,8.37,8.52,8.3,8.48,True,健康元,False
2017-06-05,73.724,74.448,73.482,73.643,58612.0,49702976.0,8.49,8.58,8.46,8.48,True,健康元,False
2017-06-06,73.804,74.367,73.402,74.287,63150.0,54056400.0,8.5,8.57,8.45,8.56,True,健康元,False
2017-06-07,74.287,75.333,73.804,75.092,75532.0,65410712.0,8.56,8.69,8.5,8.66,True,健康元,False
2017-06-08,75.092,75.333,74.609,74.77,55848.0,48140975.99999999,8.66,8.69,8.6,8.62,True,健康元,False
2017-06-09,75.414,77.667,75.253,76.782,137627.0,122075149.0,8.7,8.98,8.68,8.87,True,健康元,False
2017-06-12,76.219,76.782,75.816,76.299,81531.0,71828811.0,8.8,8.87,8.75,8.81,True,健康元,False
2017-06-13,76.299,76.862,75.897,76.621,54468.0,48204180.0,8.81,8.88,8.76,8.85,True,健康元,False
2017-06-14,76.782,76.782,75.736,75.816,57687.0,50476125.0,8.87,8.87,8.74,8.75,True,健康元,False
2017-06-15,75.575,76.862,75.575,76.058,53283.0,46782474.0,8.72,8.88,8.72,8.78,True,健康元,False
2017-06-16,76.138,76.621,75.816,76.299,35971.0,31690451.0,8.79,8.85,8.75,8.81,True,健康元,False
2017-06-19,76.46,76.54,76.058,76.379,44143.0,38934126.0,8.83,8.84,8.78,8.82,True,健康元,False
2017-06-20,76.379,77.265,76.219,76.701,59549.0,52760414.0,8.82,8.93,8.8,8.86,True,健康元,False
2017-06-21,76.701,77.104,75.897,76.219,56236.0,49487680.00000001,8.86,8.91,8.76,8.8,True,健康元,False
2017-06-22,76.219,76.862,75.575,75.736,73644.0,64364856.0,8.8,8.88,8.72,8.74,True,健康元,False
2017-06-23,75.414,76.219,75.011,76.058,53083.0,46606874.0,8.7,8.8,8.65,8.78,True,健康元,False
2017-06-26,75.897,77.345,75.575,77.265,95864.0,85606552.0,8.76,8.94,8.72,8.93,True,健康元,False
2017-06-27,77.023,77.909,76.943,77.345,72370.0,64698780.0,8.9,9.01,8.89,8.94,True,健康元,False
2017-06-28,77.345,77.989,76.621,77.265,61213.0,54663209.0,8.94,9.02,8.85,8.93,True,健康元,False
2017-06-29,77.104,78.472,77.104,78.472,71025.0,64490700.0,8.91,9.08,8.91,9.08,True,健康元,False
2017-06-30,78.15,78.713,77.909,78.472,59678.0,54187624.0,9.04,9.11,9.01,9.08,True,健康元,False
2017-07-03,78.311,79.84,78.311,79.599,114701.0,105754322.0,9.06,9.25,9.06,9.22,True,健康元,False
2017-07-04,79.518,80.001,78.633,79.116,94642.0,86692072.0,9.21,9.27,9.1,9.16,True,健康元,False
2017-07-05,78.955,79.357,78.794,79.277,61803.0,56735154.0,9.14,9.19,9.12,9.18,True,健康元,False
2017-07-06,79.277,79.438,78.15,78.552,66562.0,60504858.0,9.18,9.2,9.04,9.09,True,健康元,False
2017-07-07,78.231,78.955,78.07,78.552,66662.0,60595758.0,9.05,9.14,9.03,9.09,True,健康元,False
2017-07-10,78.472,78.633,77.828,78.231,61578.0,55728090.00000001,9.08,9.1,9.0,9.05,True,健康元,False
2017-07-11,78.231,78.392,77.587,77.828,55924.0,50331600.0,9.05,9.07,8.97,9.0,True,健康元,False
2017-07-12,77.426,77.828,76.782,77.426,62798.0,56204209.99999999,8.95,9.0,8.87,8.95,True,健康元,False
2017-07-13,77.426,77.989,77.023,77.909,48010.0,43257010.0,8.95,9.02,8.9,9.01,True,健康元,False
2017-07-14,77.909,78.15,77.265,77.345,35295.0,31553730.0,9.01,9.04,8.93,8.94,True,健康元,False
2017-07-17,77.426,77.426,71.39,72.919,110026.0,92311814.0,8.95,8.95,8.2,8.39,True,健康元,False
2017-07-18,72.677,75.736,72.677,75.414,79073.0,68793510.0,8.36,8.74,8.36,8.7,True,健康元,False
2017-07-19,75.092,77.506,75.092,77.023,78430.0,69802700.0,8.66,8.96,8.66,8.9,True,健康元,False
2017-07-20,77.023,78.231,76.701,77.023,75810.0,67470900.0,8.9,9.05,8.86,8.9,True,健康元,False
2017-07-21,76.782,77.989,76.621,77.345,57796.0,51669624.0,8.87,9.02,8.85,8.94,True,健康元,False
2017-07-24,76.943,79.599,76.943,78.794,109346.0,99723552.0,8.89,9.22,8.89,9.12,True,健康元,False
2017-07-25,78.552,79.196,78.07,78.633,68423.0,62264930.0,9.09,9.17,9.03,9.1,True,健康元,False
2017-07-26,78.552,78.955,78.07,78.15,55076.0,49788703.99999999,9.09,9.14,9.03,9.04,True,健康元,False
2017-07-27,77.909,78.472,77.104,78.231,67245.0,60856725.00000001,9.01,9.08,8.91,9.05,True,健康元,False
2017-07-28,78.07,78.472,77.265,77.426,56167.0,50269464.99999999,9.03,9.08,8.93,8.95,True,健康元,False
2017-07-31,77.748,79.84,77.587,79.599,146680.0,135238960.0,8.99,9.25,8.97,9.22,True,健康元,False
2017-08-01,80.082,80.967,78.874,79.438,114133.0,105002360.0,9.28,9.39,9.13,9.2,True,健康元,False
2017-08-02,79.679,84.589,78.874,83.301,264008.0,255559744.0,9.23,9.84,9.13,9.68,True,健康元,False
2017-08-03,80.967,81.691,80.323,80.967,250985.0,235674915.0,9.39,9.48,9.31,9.39,True,健康元,False
2017-08-04,80.886,81.128,79.277,79.357,146276.0,132087228.0,9.22,9.25,9.02,9.03,True,健康元,False
2017-08-07,79.116,79.599,78.633,79.035,84401.0,75876499.0,9.0,9.06,8.94,8.99,True,健康元,False
2017-08-08,79.196,80.404,79.035,79.277,107867.0,97296034.0,9.01,9.16,8.99,9.02,True,健康元,False
2017-08-09,79.277,79.357,78.713,78.874,71918.0,64510446.00000001,9.02,9.03,8.95,8.97,True,健康元,False
2017-08-10,78.633,78.713,77.426,77.667,95861.0,84549402.0,8.94,8.95,8.79,8.82,True,健康元,False
2017-08-11,77.104,78.07,76.701,77.104,67545.0,59101875.0,8.75,8.87,8.7,8.75,True,健康元,False
2017-08-14,76.943,78.633,76.943,78.392,61486.0,54784026.0,8.73,8.94,8.73,8.91,True,健康元,False
2017-08-15,78.392,78.713,77.828,78.552,50819.0,45381367.0,8.91,8.95,8.84,8.93,True,健康元,False
2017-08-16,78.392,78.633,77.909,78.311,66559.0,59237510.0,8.91,8.94,8.85,8.9,True,健康元,False
2017-08-17,78.311,82.979,78.311,80.806,298714.0,275115594.0,8.9,9.48,8.9,9.21,True,健康元,False
2017-08-18,79.116,80.725,79.035,79.679,204357.0,185351799.0,9.0,9.2,8.99,9.07,True,健康元,False
2017-08-21,81.047,81.45,79.679,80.082,157486.0,143627232.0,9.24,9.29,9.07,9.12,True,健康元,False
2017-08-22,79.599,79.921,79.196,79.599,96492.0,87421752.0,9.06,9.1,9.01,9.06,True,健康元,False
2017-08-23,80.162,80.404,79.196,79.518,56948.0,51537940.00000001,9.13,9.16,9.01,9.05,True,健康元,False
2017-08-24,79.357,79.599,78.874,79.035,51296.0,46115104.0,9.03,9.06,8.97,8.99,True,健康元,False
2017-08-25,78.955,80.565,78.955,80.243,124769.0,114038866.0,8.98,9.18,8.98,9.14,True,健康元,False
2017-08-28,81.128,81.128,79.84,80.725,165026.0,151823920.0,9.25,9.25,9.09,9.2,True,健康元,False
2017-08-29,80.484,81.772,80.484,80.967,129658.0,119674334.0,9.17,9.33,9.17,9.23,True,健康元,False
2017-08-30,80.967,81.53,80.725,81.128,86000.0,79550000.0,9.23,9.3,9.2,9.25,True,健康元,False
2017-08-31,81.208,82.979,81.047,82.979,211864.0,200847072.0,9.26,9.48,9.24,9.48,True,健康元,False
2017-09-01,89.578,90.625,89.176,90.625,1299092.0,1354952956.0,10.3,10.43,10.25,10.43,True,健康元,False
2017-09-04,89.82,90.625,87.164,87.566,937812.0,942501060.0,10.33,10.43,10.0,10.05,True,健康元,False
2017-09-05,87.969,89.337,86.923,87.325,465732.0,466663464.0,10.1,10.27,9.97,10.02,True,健康元,False
2017-09-06,87.164,87.486,85.232,86.52,345283.0,342520736.0,10.0,10.04,9.76,9.92,True,健康元,False
2017-09-07,86.198,88.291,85.635,86.842,369916.0,368436336.00000006,9.88,10.14,9.81,9.96,True,健康元,False
2017-09-08,86.359,86.842,85.635,86.44,194933.0,193178603.0,9.9,9.96,9.81,9.91,True,健康元,False
2017-09-11,86.52,88.21,86.037,87.245,245355.0,245600355.0,9.92,10.13,9.86,10.01,True,健康元,False
2017-09-12,87.164,87.405,85.232,85.715,236886.0,232622052.0,10.0,10.03,9.76,9.82,True,健康元,False
2017-09-13,85.554,86.279,85.393,86.037,114265.0,112665290.0,9.8,9.89,9.78,9.86,True,健康元,False
2017-09-14,86.037,86.037,84.025,84.669,234056.0,226800264.0,9.86,9.86,9.61,9.69,True,健康元,False
2017-09-15,84.911,85.635,84.589,85.152,125643.0,122501925.0,9.72,9.81,9.68,9.75,True,健康元,False
2017-09-18,85.071,86.681,84.75,86.601,183603.0,182317779.0,9.74,9.94,9.7,9.93,True,健康元,False
2017-09-19,86.762,86.762,85.393,85.876,120040.0,118119360.0,9.95,9.95,9.78,9.84,True,健康元,False
2017-09-20,85.554,86.118,84.991,85.957,114845.0,113122325.0,9.8,9.87,9.73,9.85,True,健康元,False
2017-09-21,85.957,87.164,85.393,86.279,195319.0,193170491.0,9.85,10.0,9.78,9.89,True,健康元,False
2017-09-22,86.037,86.359,84.347,84.75,160142.0,155337740.0,9.86,9.9,9.65,9.7,True,健康元,False
2017-09-25,85.232,85.474,84.347,84.669,97666.0,94638354.0,9.76,9.79,9.65,9.69,True,健康元,False
2017-09-26,84.428,85.313,84.428,85.071,58898.0,57366652.0,9.66,9.77,9.66,9.74,True,健康元,False
2017-09-27,84.991,85.393,84.75,85.152,84846.0,82724850.0,9.73,9.78,9.7,9.75,True,健康元,False
2017-09-28,85.313,85.393,84.428,84.508,89473.0,86520391.0,9.77,9.78,9.66,9.67,True,健康元,False
2017-09-29,84.508,85.715,84.428,85.313,146115.0,142754355.0,9.67,9.82,9.66,9.77,True,健康元,False
2017-10-09,86.359,88.371,85.957,87.727,308420.0,310578940.0,9.9,10.15,9.85,10.07,True,健康元,False
2017-10-10,88.613,93.281,88.613,90.786,646128.0,675203760.0,10.18,10.76,10.18,10.45,True,健康元,False
2017-10-11,90.383,91.591,88.935,89.096,330086.0,338008064.0,10.4,10.55,10.22,10.24,True,健康元,False
2017-10-12,89.498,91.108,89.176,90.866,285181.0,298299326.0,10.29,10.49,10.25,10.46,True,健康元,False
2017-10-13,90.222,92.717,89.9,92.154,386761.0,410740182.0,10.38,10.69,10.34,10.62,True,健康元,False
2017-10-16,93.039,93.522,89.578,89.659,355648.0,366673088.0,10.73,10.79,10.3,10.31,True,健康元,False
2017-10-17,89.015,92.476,88.854,91.43,305750.0,321954750.0,10.23,10.66,10.21,10.53,True,健康元,False
2017-10-18,91.43,92.556,90.544,91.349,267724.0,281645648.0,10.53,10.67,10.42,10.52,True,健康元,False
2017-10-19,91.751,92.395,89.739,90.061,284375.0,294612500.0,10.57,10.65,10.32,10.36,True,健康元,False
2017-10-20,89.739,90.061,88.291,89.337,221252.0,227225804.0,10.32,10.36,10.14,10.27,True,健康元,False
2017-10-23,89.337,93.12,88.935,93.039,444277.0,476709221.0,10.27,10.74,10.22,10.73,True,健康元,False
2017-10-24,93.039,94.81,91.832,92.315,368771.0,392372344.0,10.73,10.95,10.58,10.64,True,健康元,False
2017-10-25,93.361,95.937,92.637,95.856,517279.0,573145132.0,10.77,11.09,10.68,11.08,True,健康元,False
2017-10-26,95.212,96.58,94.568,95.534,420732.0,464488128.0,11.0,11.17,10.92,11.04,True,健康元,False
2017-10-27,92.395,94.568,92.395,93.281,426832.0,459271232.0,10.65,10.92,10.65,10.76,True,健康元,False
2017-10-30,93.281,95.615,91.188,95.051,453263.0,497682774.0,10.76,11.05,10.5,10.98,True,健康元,False
2017-10-31,94.407,96.661,93.522,96.58,392673.0,438615741.0,10.9,11.18,10.79,11.17,True,健康元,False
2017-11-01,96.58,97.627,95.454,95.937,408012.0,452485308.0,11.17,11.3,11.03,11.09,True,健康元,False
2017-11-02,95.937,99.88,94.568,97.305,594910.0,669868660.0,11.09,11.58,10.92,11.26,True,健康元,False
2017-11-03,97.224,99.88,96.5,97.546,459452.0,518721308.0,11.25,11.58,11.16,11.29,True,健康元,False
2017-11-06,98.029,106.48,96.419,104.307,788160.0,956038080.0,11.35,12.4,11.15,12.13,True,健康元,False
2017-11-07,104.548,113.401,103.904,112.516,1132840.0,1489684600.0,12.16,13.26,12.08,13.15,True,健康元,False
2017-11-08,112.677,115.333,109.86,110.745,965570.0,1248482010.0,13.17,13.5,12.82,12.93,True,健康元,False
2017-11-09,110.584,115.333,108.733,115.091,772417.0,1040445699.0,12.91,13.5,12.68,13.47,True,健康元,False
2017-11-10,114.125,119.276,113.964,114.206,920340.0,1229574240.0,13.35,13.99,13.33,13.36,True,健康元,False
2017-11-13,112.274,116.781,110.262,114.367,715931.0,957915678.0,13.12,13.68,12.87,13.38,True,健康元,False
2017-11-14,114.286,114.286,109.699,110.423,584980.0,754039220.0,13.37,13.37,12.8,12.89,True,健康元,False
2017-11-15,110.826,113.16,109.216,111.63,466559.0,608392936.0,12.94,13.23,12.74,13.04,True,健康元,False
2017-11-16,110.906,118.391,110.262,118.069,844314.0,1168530576.0,12.95,13.88,12.87,13.84,True,健康元,False
2017-11-17,116.862,117.828,109.699,110.665,835595.0,1079588740.0,13.69,13.81,12.8,12.92,True,健康元,False
2017-11-20,107.284,108.17,101.651,107.204,581458.0,726241042.0,12.5,12.61,11.8,12.49,True,健康元,False
2017-11-21,108.17,110.906,107.123,108.653,507894.0,643501698.0,12.61,12.95,12.48,12.67,True,健康元,False
2017-11-22,108.814,109.216,103.582,104.226,537807.0,651822084.0,12.69,12.74,12.04,12.12,True,健康元,False
2017-11-23,104.387,105.272,101.248,101.973,479419.0,567632096.0,12.14,12.25,11.75,11.84,True,健康元,False
2017-11-24,101.812,103.985,100.926,101.731,302862.0,357680022.0,11.82,12.09,11.71,11.81,True,健康元,False
2017-11-27,101.892,103.421,98.914,101.812,288657.0,341192574.0,11.83,12.02,11.46,11.82,True,健康元,False
2017-11-28,101.087,103.743,101.087,103.502,273993.0,329613579.0,11.73,12.06,11.73,12.03,True,健康元,False
2017-11-29,103.099,103.18,98.753,98.914,437630.0,501523980.00000006,11.98,11.99,11.44,11.46,True,健康元,False
2017-11-30,97.627,98.19,95.856,96.258,355954.0,396176802.0,11.3,11.37,11.08,11.13,True,健康元,False
2017-12-01,96.822,98.753,96.822,97.868,256270.0,290353910.0,11.2,11.44,11.2,11.33,True,健康元,False
2017-12-04,97.627,101.007,96.097,99.478,353308.0,407364124.0,11.3,11.72,11.11,11.53,True,健康元,False
2017-12-05,98.592,100.041,96.419,97.385,244845.0,275940315.0,11.42,11.6,11.15,11.27,True,健康元,False
2017-12-06,97.466,100.604,96.741,100.443,342600.0,399129000.0,11.28,11.67,11.19,11.65,True,健康元,False
2017-12-07,100.041,102.053,99.397,100.604,303942.0,354700314.0,11.6,11.85,11.52,11.67,True,健康元,False
2017-12-08,100.202,101.49,99.639,100.765,225912.0,264091128.0,11.62,11.78,11.55,11.69,True,健康元,False
2017-12-11,100.041,103.824,98.431,103.18,462225.0,554207775.0,11.6,12.07,11.4,11.99,True,健康元,False
2017-12-12,102.134,103.663,101.49,101.651,281388.0,332037840.0,11.86,12.05,11.78,11.8,True,健康元,False
2017-12-13,101.329,101.731,100.202,101.248,184703.0,217026025.0,11.76,11.81,11.62,11.75,True,健康元,False
2017-12-14,101.49,102.375,100.443,100.604,193535.0,225855345.0,11.78,11.89,11.65,11.67,True,健康元,False
2017-12-15,100.041,100.041,96.017,96.339,337601.0,376087514.0,11.6,11.6,11.1,11.14,True,健康元,False
2017-12-18,95.212,95.293,92.073,92.637,323113.0,345084684.0,11.0,11.01,10.61,10.68,True,健康元,False
2017-12-19,92.556,94.246,92.556,93.603,162871.0,175900680.0,10.67,10.88,10.67,10.8,True,健康元,False
2017-12-20,93.603,94.729,92.959,94.085,152018.0,165091548.0,10.8,10.94,10.72,10.86,True,健康元,False
2017-12-21,93.603,94.327,91.51,93.683,182141.0,196894421.0,10.8,10.89,10.54,10.81,True,健康元,False
2017-12-22,94.246,96.741,94.085,95.454,229580.0,253226740.0,10.88,11.19,10.86,11.03,True,健康元,False
2017-12-25,95.776,96.419,94.488,95.373,145239.0,160053378.0,11.07,11.15,10.91,11.02,True,健康元,False
2017-12-26,95.937,98.19,95.695,96.741,221718.0,248102442.0,11.09,11.37,11.06,11.19,True,健康元,False
2017-12-27,96.822,96.822,94.649,94.729,180488.0,197453872.0,11.2,11.2,10.93,10.94,True,健康元,False
2017-12-28,94.407,95.695,93.603,95.051,124423.0,136616454.0,10.9,11.06,10.8,10.98,True,健康元,False
2017-12-29,95.132,97.063,94.407,96.741,148657.0,166347183.0,10.99,11.23,10.9,11.19,True,健康元,False
2018-01-02,96.741,98.431,96.258,98.351,202926.0,231132714.0,11.19,11.4,11.13,11.39,True,健康元,False
2018-01-03,98.592,101.973,98.592,101.329,331916.0,390333216.0,11.42,11.84,11.42,11.76,True,健康元,False
2018-01-04,101.409,102.456,100.524,101.651,271200.0,320016000.0,11.77,11.9,11.66,11.8,True,健康元,False
2018-01-05,101.731,102.053,100.524,101.651,212236.0,250438480.00000003,11.81,11.85,11.66,11.8,True,健康元,False
2018-01-08,101.651,105.272,101.651,103.985,390231.0,471789279.0,11.8,12.25,11.8,12.09,True,健康元,False
2018-01-09,103.985,109.296,103.743,108.331,527633.0,666400479.0,12.09,12.75,12.06,12.63,True,健康元,False
2018-01-10,109.296,110.906,104.95,107.365,495023.0,619273773.0,12.75,12.95,12.21,12.51,True,健康元,False
2018-01-11,105.916,106.721,104.789,105.272,283387.0,347149075.0,12.33,12.43,12.19,12.25,True,健康元,False
2018-01-12,105.111,108.331,103.663,107.204,350163.0,437353587.0,12.23,12.63,12.05,12.49,True,健康元,False
2018-01-15,108.17,110.584,106.48,106.56,639707.0,793876387.0,12.61,12.91,12.4,12.41,True,健康元,False
2018-01-16,105.514,108.572,104.87,107.606,326540.0,409481160.0,12.28,12.66,12.2,12.54,True,健康元,False
2018-01-17,107.606,107.767,103.824,104.387,334049.0,405535486.0,12.54,12.56,12.07,12.14,True,健康元,False
2018-01-18,104.548,105.916,104.468,104.87,184650.0,225273000.0,12.16,12.33,12.15,12.2,True,健康元,False
2018-01-19,105.031,105.353,103.341,103.582,224215.0,269954860.0,12.22,12.26,12.01,12.04,True,健康元,False
2018-01-22,104.307,107.848,103.904,107.687,352405.0,442268275.0,12.13,12.57,12.08,12.55,True,健康元,False
2018-01-23,108.17,110.262,106.962,109.216,393966.0,501912684.0,12.61,12.87,12.46,12.74,True,健康元,False
2018-01-24,110.745,112.516,109.779,112.033,542584.0,710242456.0,12.93,13.15,12.81,13.09,True,健康元,False
2018-01-25,111.308,111.308,108.331,108.975,405257.0,515081647.00000006,13.0,13.0,12.63,12.71,True,健康元,False
2018-01-26,109.296,112.113,108.572,110.343,373175.0,480649400.0,12.75,13.1,12.66,12.88,True,健康元,False
2018-01-29,110.262,111.469,107.767,108.25,316367.0,399255154.0,12.87,13.02,12.56,12.62,True,健康元,False
2018-01-30,107.767,109.377,107.687,108.411,164962.0,208511968.0,12.56,12.76,12.55,12.64,True,健康元,False
2018-01-31,108.572,111.308,108.089,110.101,337793.0,434064005.0,12.66,13.0,12.6,12.85,True,健康元,False
2018-02-01,110.101,111.228,101.49,101.973,544265.0,644409760.0,12.85,12.99,11.78,11.84,True,健康元,False
2018-02-02,100.041,104.065,98.592,103.824,268466.0,324038462.0,11.6,12.1,11.42,12.07,True,健康元,False
2018-02-05,102.295,103.824,101.812,103.421,170272.0,204666944.0,11.88,12.07,11.82,12.02,True,健康元,False
2018-02-06,99.961,102.134,95.856,96.017,309192.0,343203120.0,11.59,11.86,11.08,11.1,True,健康元,False
2018-02-07,98.753,99.719,94.407,97.385,228366.0,257368482.0,11.44,11.56,10.9,11.27,True,健康元,False
2018-02-08,96.983,99.397,96.983,98.753,129381.0,148011864.0,11.22,11.52,11.22,11.44,True,健康元,False
2018-02-09,95.937,97.144,93.603,95.454,230518.0,254261354.0,11.09,11.24,10.8,11.03,True,健康元,False
2018-02-12,95.695,99.317,95.695,98.592,169814.0,193927588.0,11.06,11.51,11.06,11.42,True,健康元,False
2018-02-13,99.478,100.283,98.11,98.351,155824.0,177483536.0,11.53,11.63,11.36,11.39,True,健康元,False
2018-02-14,98.914,99.075,97.949,98.27,98319.0,111887022.0,11.46,11.48,11.34,11.38,True,健康元,False
2018-02-22,99.317,101.007,98.592,100.846,148425.0,173657250.0,11.51,11.72,11.42,11.7,True,健康元,False
2018-02-23,100.926,100.926,99.317,100.202,133982.0,155687084.0,11.71,11.71,11.51,11.62,True,健康元,False
2018-02-26,100.363,103.663,99.88,103.582,260526.0,313673304.0,11.64,12.05,11.58,12.04,True,健康元,False
2018-02-27,103.663,104.065,101.892,102.697,220196.0,262693828.0,12.05,12.1,11.83,11.93,True,健康元,False
2018-02-28,101.812,102.938,100.363,102.616,157701.0,187979592.0,11.82,11.96,11.64,11.92,True,健康元,False
2018-03-01,102.295,105.433,101.409,105.272,306758.0,375778550.0,11.88,12.27,11.77,12.25,True,健康元,False
2018-03-02,104.468,107.928,104.307,106.721,362908.0,451094644.0,12.15,12.58,12.13,12.43,True,健康元,False
2018-03-05,106.802,108.331,105.433,106.641,313397.0,389239074.0,12.44,12.63,12.27,12.42,True,健康元,False
2018-03-06,107.606,109.86,106.962,109.296,417682.0,532544550.0,12.54,12.82,12.46,12.75,True,健康元,False
2018-03-07,107.928,108.572,105.353,105.433,347326.0,426169002.0,12.58,12.66,12.26,12.27,True,健康元,False
2018-03-08,104.87,107.767,104.709,106.802,229756.0,285816464.0,12.2,12.56,12.18,12.44,True,健康元,False
2018-03-09,107.848,109.216,107.445,108.089,331907.0,418202820.0,12.57,12.74,12.52,12.6,True,健康元,False
2018-03-12,108.17,110.423,108.17,110.343,360706.0,464589328.0,12.61,12.89,12.61,12.88,True,健康元,False
2018-03-13,110.745,110.745,107.043,107.526,319594.0,400451282.0,12.93,12.93,12.47,12.53,True,健康元,False
2018-03-14,107.365,108.17,105.675,106.399,226109.0,280149051.0,12.51,12.61,12.3,12.39,True,健康元,False
2018-03-15,105.836,107.123,104.709,106.48,181985.0,225661400.0,12.32,12.48,12.18,12.4,True,健康元,False
2018-03-16,107.123,110.182,106.962,108.653,481813.0,610457071.0,12.48,12.86,12.46,12.67,True,健康元,False
2018-03-19,108.089,108.17,105.594,106.962,279878.0,348727988.0,12.6,12.61,12.29,12.46,True,健康元,False
2018-03-20,105.594,111.469,104.95,111.308,690533.0,897692900.0,12.29,13.02,12.21,13.0,True,健康元,False
2018-03-21,111.55,112.033,107.123,107.687,513032.0,643855160.0,13.03,13.09,12.48,12.55,True,健康元,False
2018-03-22,107.123,108.814,106.641,107.445,266361.0,333483972.0,12.48,12.69,12.42,12.52,True,健康元,False
2018-03-23,104.146,105.675,98.029,99.075,515209.0,591459932.0,12.11,12.3,11.35,11.48,True,健康元,False
2018-03-26,97.385,101.248,96.178,100.685,277508.0,324129344.0,11.27,11.75,11.12,11.68,True,健康元,False
2018-03-27,101.973,103.904,101.973,103.26,267300.0,320760000.0,11.84,12.08,11.84,12.0,True,健康元,False
2018-03-28,101.812,105.111,101.49,102.456,213764.0,254379160.0,11.82,12.23,11.78,11.9,True,健康元,False
2018-03-29,102.536,103.904,101.651,103.341,157284.0,188898084.0,11.91,12.08,11.8,12.01,True,健康元,False
2018-03-30,103.421,105.675,103.421,105.353,198062.0,242824012.0,12.02,12.3,12.02,12.26,True,健康元,False
2018-04-02,104.87,107.687,104.87,107.043,296169.0,369322743.0,12.2,12.55,12.2,12.47,True,健康元,False
2018-04-03,104.709,105.353,101.973,104.065,319075.0,386080750.0,12.18,12.26,11.84,12.1,True,健康元,False
2018-04-04,104.065,105.836,102.456,102.616,284484.0,339104928.0,12.1,12.32,11.9,11.92,True,健康元,False
2018-04-09,101.087,101.973,99.397,100.926,220297.0,257967787.00000003,11.73,11.84,11.52,11.71,True,健康元,False
2018-04-10,101.409,102.536,100.202,102.456,189837.0,225906030.0,11.77,11.91,11.62,11.9,True,健康元,False
2018-04-11,103.019,103.18,101.731,101.812,166939.0,197321898.0,11.97,11.99,11.81,11.82,True,健康元,False
2018-04-12,101.812,101.812,99.075,99.719,213957.0,247334292.0,11.82,11.82,11.48,11.56,True,健康元,False
2018-04-13,100.443,101.329,98.914,99.156,132814.0,152603286.0,11.65,11.76,11.46,11.49,True,健康元,False
2018-04-16,98.27,99.156,97.305,98.512,147493.0,168289513.0,11.38,11.49,11.26,11.41,True,健康元,False
2018-04-17,98.512,99.236,96.419,96.661,154413.0,172633734.0,11.41,11.5,11.15,11.18,True,健康元,False
2018-04-18,97.546,98.029,95.293,97.385,152249.0,171584623.0,11.29,11.35,11.01,11.27,True,健康元,False
2018-04-19,97.224,98.431,97.063,98.19,132237.0,150353469.0,11.25,11.4,11.23,11.37,True,健康元,False
2018-04-20,98.27,98.592,94.488,94.568,172235.0,188080620.0,11.38,11.42,10.91,10.92,True,健康元,False
2018-04-23,94.166,95.454,92.154,93.281,143436.0,154337136.0,10.87,11.03,10.62,10.76,True,健康元,False
2018-04-24,94.005,95.937,93.522,95.534,129850.0,143354400.0,10.85,11.09,10.79,11.04,True,健康元,False
2018-04-25,95.051,96.419,94.729,96.178,102483.0,113961096.0,10.98,11.15,10.94,11.12,True,健康元,False
2018-04-26,96.017,96.097,93.603,93.844,122657.0,132837531.0,11.1,11.11,10.8,10.83,True,健康元,False
2018-04-27,94.166,95.454,92.395,94.971,129635.0,142209595.0,10.87,11.03,10.65,10.97,True,健康元,False
2018-05-02,95.051,96.822,93.683,96.741,162557.0,181901283.0,10.98,11.2,10.81,11.19,True,健康元,False
2018-05-03,96.58,96.58,94.649,96.178,135162.0,150300144.0,11.17,11.17,10.93,11.12,True,健康元,False
2018-05-04,96.339,97.385,95.615,96.419,122798.0,136919770.0,11.14,11.27,11.05,11.15,True,健康元,False
2018-05-07,96.902,98.351,96.902,97.707,163370.0,184771470.0,11.21,11.39,11.21,11.31,True,健康元,False
2018-05-08,97.707,98.673,97.224,97.707,140839.0,159288909.0,11.31,11.43,11.25,11.31,True,健康元,False
2018-05-09,97.707,98.11,96.5,96.822,109386.0,122512320.0,11.31,11.36,11.16,11.2,True,健康元,False
2018-05-10,96.902,98.512,96.419,98.27,146467.0,166679446.0,11.21,11.41,11.15,11.38,True,健康元,False
2018-05-11,98.351,98.753,96.5,96.661,135063.0,151000434.0,11.39,11.44,11.16,11.18,True,健康元,False
2018-05-14,97.063,97.063,94.166,94.729,155040.0,169613760.0,11.23,11.23,10.87,10.94,True,健康元,False
2018-05-15,94.729,95.856,94.488,95.454,91754.0,101204662.0,10.94,11.08,10.91,11.03,True,健康元,False
2018-05-16,95.293,98.834,94.81,97.949,282647.0,320521698.0,11.01,11.45,10.95,11.34,True,健康元,False
2018-05-17,97.627,98.351,96.5,96.741,122914.0,137540766.0,11.3,11.39,11.16,11.19,True,健康元,False
2018-05-18,96.822,98.029,95.615,97.466,142151.0,160346328.0,11.2,11.35,11.05,11.28,True,健康元,False
2018-05-21,97.868,98.029,96.983,97.466,159412.0,179816736.0,11.33,11.35,11.22,11.28,True,健康元,False
2018-05-22,97.466,97.868,96.902,97.385,117708.0,132656916.0,11.28,11.33,11.21,11.27,True,健康元,False
2018-05-23,97.144,97.868,94.89,94.971,160486.0,176053142.0,11.24,11.33,10.96,10.97,True,健康元,False
2018-05-24,94.89,95.454,94.327,94.568,85932.0,93837744.0,10.96,11.03,10.89,10.92,True,健康元,False
2018-05-25,94.488,94.568,92.878,93.281,108765.0,117031140.0,10.91,10.92,10.71,10.76,True,健康元,False
2018-05-28,93.2,94.327,92.798,92.959,92105.0,98736560.0,10.75,10.89,10.7,10.72,True,健康元,False
2018-05-29,92.637,94.407,92.476,92.637,117774.0,125782632.0,10.68,10.9,10.66,10.68,True,健康元,False
2018-05-30,91.188,91.188,86.52,87.245,208887.0,209095887.0,10.5,10.5,9.92,10.01,True,健康元,False
2018-05-31,87.647,88.371,87.245,88.049,119052.0,120361572.0,10.06,10.15,10.01,10.11,True,健康元,False
2018-06-01,87.808,88.291,84.508,85.635,143059.0,140340879.0,10.08,10.14,9.67,9.81,True,健康元,False
2018-06-04,85.715,86.842,85.635,86.681,77983.0,77515102.0,9.82,9.96,9.81,9.94,True,健康元,False
2018-06-05,86.52,88.532,86.44,88.371,90101.0,91452515.0,9.92,10.17,9.91,10.15,True,健康元,False
2018-06-06,88.291,92.315,87.969,91.912,220776.0,233801784.0,10.14,10.64,10.1,10.59,True,健康元,False
2018-06-07,91.993,93.603,91.188,91.993,139223.0,147576380.0,10.6,10.8,10.5,10.6,True,健康元,False
2018-06-08,92.878,93.764,91.269,92.395,161671.0,172179615.0,10.71,10.82,10.51,10.65,True,健康元,False
2018-06-11,92.637,94.89,91.591,93.2,161233.0,173325475.0,10.68,10.96,10.55,10.75,True,健康元,False
2018-06-12,92.154,93.12,90.222,92.395,105040.0,111867600.0,10.62,10.74,10.38,10.65,True,健康元,False
2018-06-13,92.154,92.959,90.061,90.303,87505.0,90917695.0,10.62,10.72,10.36,10.39,True,健康元,False
2018-06-14,89.578,91.832,89.418,90.947,76318.0,79904946.0,10.3,10.58,10.28,10.47,True,健康元,False
2018-06-15,90.303,93.12,90.303,91.027,131513.0,137825624.0,10.39,10.74,10.39,10.48,True,健康元,False
2018-06-19,90.866,93.603,87.164,89.015,318174.0,325492002.0,10.46,10.8,10.0,10.23,True,健康元,False
2018-06-20,89.578,97.063,89.498,96.58,439388.0,490796396.0,10.3,11.23,10.29,11.17,True,健康元,False
2018-06-21,96.983,98.351,95.293,97.063,403121.0,452704883.0,11.22,11.39,11.01,11.23,True,健康元,False
2018-06-22,95.212,101.248,95.051,100.846,405759.0,474738030.0,11.0,11.75,10.98,11.7,True,健康元,False
2018-06-25,101.973,102.777,97.627,98.592,325374.0,371577108.0,11.84,11.94,11.3,11.42,True,健康元,False
2018-06-26,97.707,101.007,97.385,99.317,244748.0,281704948.0,11.31,11.72,11.27,11.51,True,健康元,False
2018-06-27,98.914,103.985,98.592,101.007,362917.0,425338724.0,11.46,12.09,11.42,11.72,True,健康元,False
2018-06-28,100.041,100.765,97.466,98.431,202088.0,230380320.0,11.6,11.69,11.28,11.4,True,健康元,False
2018-06-29,98.19,102.456,98.029,102.134,254214.0,301497804.0,11.37,11.9,11.35,11.86,True,健康元,False
2018-07-02,101.812,105.433,100.926,102.858,319096.0,381319720.0,11.82,12.27,11.71,11.95,True,健康元,False
2018-07-03,102.214,103.904,97.627,102.536,252124.0,300279684.0,11.87,12.08,11.3,11.91,True,健康元,False
2018-07-04,101.812,102.938,98.673,99.478,173770.0,197228950.0,11.64,11.78,11.25,11.35,True,健康元,False
2018-07-05,98.995,102.134,97.627,98.914,181524.0,204759072.0,11.29,11.68,11.12,11.28,True,健康元,False
2018-07-06,97.627,97.868,89.82,92.476,424408.0,444779584.0,11.12,11.15,10.15,10.48,True,健康元,False
2018-07-09,91.993,93.844,91.832,92.878,224093.0,235969929.0,10.42,10.65,10.4,10.53,True,健康元,False
2018-07-10,93.039,101.329,92.798,101.329,341764.0,395762712.0,10.55,11.58,10.52,11.58,True,健康元,False
2018-07-11,99.88,101.248,98.431,100.926,278766.0,321417198.0,11.4,11.57,11.22,11.53,True,健康元,False
2018-07-12,101.892,106.962,101.087,103.743,451015.0,535805820.00000006,11.65,12.28,11.55,11.88,True,健康元,False
2018-07-13,104.629,109.86,103.904,107.204,463846.0,570994426.0,11.99,12.64,11.9,12.31,True,健康元,False
2018-07-16,106.158,109.377,106.077,106.802,287655.0,352665030.0,12.18,12.58,12.17,12.26,True,健康元,False
2018-07-17,107.606,108.25,105.031,107.767,232322.0,287614636.0,12.36,12.44,12.04,12.38,True,健康元,False
2018-07-18,108.17,108.331,105.272,105.594,240096.0,290756256.0,12.43,12.45,12.07,12.11,True,健康元,False
2018-07-19,106.319,107.767,103.824,105.514,277768.0,336099280.0,12.2,12.38,11.89,12.1,True,健康元,False
2018-07-20,106.077,109.86,104.468,109.457,406544.0,511838896.0,12.17,12.64,11.97,12.59,True,健康元,False
2018-07-23,105.272,105.755,101.087,104.548,518767.0,621482866.0,12.07,12.13,11.55,11.98,True,健康元,False
2018-07-24,102.858,105.755,101.731,104.468,345587.0,413667639.0,11.77,12.13,11.63,11.97,True,健康元,False
2018-07-25,103.985,105.192,102.616,103.985,232369.0,276751479.0,11.91,12.06,11.74,11.91,True,健康元,False
2018-07-26,104.065,104.307,101.731,102.777,158120.0,185949120.0,11.92,11.95,11.63,11.76,True,健康元,False
2018-07-27,101.973,106.158,101.651,104.065,254334.0,303166128.0,11.66,12.18,11.62,11.92,True,健康元,False
2018-07-30,102.938,103.099,96.661,98.19,372377.0,416689863.0,11.78,11.8,11.0,11.19,True,健康元,False
2018-07-31,97.466,100.202,97.466,99.075,201027.0,227160510.0,11.1,11.44,11.1,11.3,True,健康元,False
2018-08-01,98.995,100.685,98.592,98.914,139549.0,157411272.0,11.29,11.5,11.24,11.28,True,健康元,False
2018-08-02,97.224,100.604,96.097,100.443,198234.0,227374398.0,11.07,11.49,10.93,11.47,True,健康元,False
2018-08-03,99.961,102.214,99.719,100.524,213243.0,244802964.0,11.41,11.69,11.38,11.48,True,健康元,False
2018-08-06,100.202,101.49,97.868,98.914,150204.0,169430112.0,11.44,11.6,11.15,11.28,True,健康元,False
2018-08-07,98.914,99.961,93.603,97.788,239725.0,267053650.0,11.28,11.41,10.62,11.14,True,健康元,False
2018-08-08,97.466,98.512,95.373,96.178,140004.0,153164376.0,11.1,11.23,10.84,10.94,True,健康元,False
2018-08-09,94.89,98.592,94.246,97.305,147571.0,163508668.0,10.78,11.24,10.7,11.08,True,健康元,False
2018-08-10,97.385,99.8,96.983,97.546,136460.0,151607060.0,11.09,11.39,11.04,11.11,True,健康元,False
2018-08-13,96.258,100.363,95.534,99.8,150972.0,171957108.0,10.95,11.46,10.86,11.39,True,健康元,False
2018-08-14,99.478,100.846,98.27,99.156,109012.0,123292572.0,11.35,11.52,11.2,11.31,True,健康元,False
2018-08-15,99.075,100.443,97.466,98.27,115453.0,129307360.0,11.3,11.47,11.1,11.2,True,健康元,False
2018-08-16,96.741,98.512,95.937,97.385,86077.0,95459393.0,11.01,11.23,10.91,11.09,True,健康元,False
2018-08-17,97.949,98.351,92.315,93.361,206792.0,218992728.0,11.16,11.21,10.46,10.59,True,健康元,False
2018-08-20,90.222,92.234,86.359,88.854,295070.0,295955210.0,10.2,10.45,9.72,10.03,True,健康元,False
2018-08-21,89.015,90.947,87.888,90.866,174051.0,178924428.0,10.05,10.29,9.91,10.28,True,健康元,False
2018-08-22,90.464,91.108,88.452,88.532,100983.0,100882017.0,10.23,10.31,9.98,9.99,True,健康元,False
2018-08-23,88.291,89.739,87.325,88.613,100011.0,100011000.0,9.96,10.14,9.84,10.0,True,健康元,False
2018-08-24,88.291,89.257,88.049,88.452,69139.0,69000722.0,9.96,10.08,9.93,9.98,True,健康元,False
2018-08-27,88.452,91.832,88.452,90.947,139840.0,143895360.0,9.98,10.4,9.98,10.29,True,健康元,False
2018-08-28,91.027,91.43,89.418,89.82,131161.0,133128415.0,10.3,10.35,10.1,10.15,True,健康元,False
2018-08-29,89.739,89.981,88.854,89.337,57328.0,57843952.0,10.14,10.17,10.03,10.09,True,健康元,False
2018-08-30,89.257,89.981,88.613,88.693,61022.0,61083022.0,10.08,10.17,10.0,10.01,True,健康元,False
2018-08-31,87.164,88.613,87.164,87.808,70943.0,70233570.0,9.82,10.0,9.82,9.9,True,健康元,False
2018-09-03,87.808,88.613,87.084,88.13,55967.0,55631198.0,9.9,10.0,9.81,9.94,True,健康元,False
2018-09-04,87.888,89.739,87.888,89.337,72501.0,73153509.0,9.91,10.14,9.91,10.09,True,健康元,False
2018-09-05,89.337,89.739,87.888,87.969,52684.0,52262528.0,10.09,10.14,9.91,9.92,True,健康元,False
2018-09-06,88.21,88.371,86.681,87.084,68011.0,66718791.0,9.95,9.97,9.76,9.81,True,健康元,False
2018-09-07,87.084,88.532,86.037,86.681,77052.0,75202752.0,9.81,9.99,9.68,9.76,True,健康元,False
2018-09-10,86.198,86.923,85.393,85.876,56563.0,54639858.0,9.7,9.79,9.6,9.66,True,健康元,False
2018-09-11,85.635,86.601,82.657,83.623,115842.0,108659796.0,9.63,9.75,9.26,9.38,True,健康元,False
2018-09-12,83.542,84.508,82.979,83.703,72599.0,68170461.0,9.37,9.49,9.3,9.39,True,健康元,False
2018-09-13,84.267,84.75,78.955,80.967,189947.0,171902035.0,9.46,9.52,8.8,9.05,True,健康元,False
2018-09-14,80.243,80.806,79.357,79.599,74746.0,66374448.00000001,8.96,9.03,8.85,8.88,True,健康元,False
2018-09-17,78.633,79.277,75.172,75.253,133929.0,111696786.0,8.76,8.84,8.33,8.34,True,健康元,False
2018-09-18,75.092,76.943,74.931,76.782,93043.0,79365679.0,8.32,8.55,8.3,8.53,True,健康元,False
2018-09-19,77.023,80.082,76.54,79.357,142856.0,126427560.0,8.56,8.94,8.5,8.85,True,健康元,False
2018-09-20,79.679,83.22,79.196,81.933,182941.0,167756897.0,8.89,9.33,8.83,9.17,True,健康元,False
2018-09-21,81.852,82.577,80.484,82.174,101996.0,93836320.0,9.16,9.25,8.99,9.2,True,健康元,False
2018-09-25,82.094,84.025,81.128,82.416,78329.0,72297667.0,9.19,9.43,9.07,9.23,True,健康元,False
2018-09-26,82.738,83.22,80.001,80.565,222146.0,199931400.0,9.27,9.33,8.93,9.0,True,健康元,False
2018-09-27,80.725,81.933,79.438,79.518,210148.0,186401276.0,9.02,9.17,8.86,8.87,True,健康元,False
2018-09-28,79.116,82.496,79.116,82.496,202144.0,186781056.0,8.82,9.24,8.82,9.24,True,健康元,False
2018-10-16,73.921,73.921,73.921,73.921,19465.0,14637680.0,7.52,7.52,7.52,7.52,True,健康元,False
2018-10-17,67.872,71.343,66.484,68.071,341183.0,236439819.0,6.91,7.26,6.77,6.93,True,健康元,False
2018-10-18,67.575,67.575,64.798,65.393,157609.0,104967594.0,6.88,6.88,6.6,6.66,True,健康元,False
2018-10-19,64.997,69.757,64.6,69.558,162978.0,115388424.0,6.62,7.1,6.58,7.08,True,健康元,False
2018-10-22,70.352,74.814,70.352,72.93,172635.0,128095170.0,7.16,7.61,7.16,7.42,True,健康元,False
2018-10-23,72.93,74.318,70.649,72.335,130221.0,95842656.0,7.42,7.56,7.19,7.36,True,健康元,False
2018-10-24,71.046,73.525,70.748,71.442,112726.0,81951802.0,7.23,7.48,7.2,7.27,True,健康元,False
2018-10-25,69.261,70.054,68.071,69.459,130986.0,92607102.0,7.05,7.13,6.93,7.07,True,健康元,False
2018-10-26,69.955,71.839,69.757,70.352,87758.0,62834728.0,7.12,7.31,7.1,7.16,True,健康元,False
2018-10-29,70.352,70.352,67.377,68.071,101208.0,70137144.0,7.16,7.16,6.86,6.93,True,健康元,False
2018-10-30,68.467,71.046,67.972,70.054,111652.0,79607876.0,6.97,7.23,6.92,7.13,True,健康元,False
2018-10-31,70.451,72.93,70.252,71.938,100562.0,73611384.0,7.17,7.42,7.15,7.32,True,健康元,False
2018-11-01,72.236,74.913,71.74,72.731,162049.0,119916260.0,7.35,7.62,7.3,7.4,True,健康元,False
2018-11-02,74.417,76.004,73.426,75.905,179328.0,138441216.0,7.57,7.73,7.47,7.72,True,健康元,False
2018-11-05,75.805,76.797,74.417,75.607,126438.0,97230822.0,7.71,7.81,7.57,7.69,True,健康元,False
2018-11-06,75.409,77.194,74.814,76.698,140815.0,109835700.0,7.67,7.85,7.61,7.8,True,健康元,False
2018-11-07,77.194,79.97,76.599,78.681,215756.0,172604800.0,7.85,8.13,7.79,8.0,True,健康元,False
2018-11-08,79.078,79.772,76.5,76.698,112021.0,87376380.0,8.04,8.11,7.78,7.8,True,健康元,False
2018-11-09,76.698,79.772,75.21,78.681,149447.0,119557600.0,7.8,8.11,7.65,8.0,True,健康元,False
2018-11-12,77.789,80.069,76.797,79.871,146152.0,118675424.0,7.91,8.14,7.81,8.12,True,健康元,False
2018-11-13,78.78,80.268,78.483,79.871,118429.0,96164348.0,8.01,8.16,7.98,8.12,True,健康元,False
2018-11-14,79.276,81.458,79.177,80.169,151770.0,123692550.0,8.06,8.28,8.05,8.15,True,健康元,False
2018-11-15,81.061,83.738,81.061,82.449,253852.0,212727976.00000003,8.24,8.51,8.24,8.38,True,健康元,False
2018-11-16,82.846,84.333,82.053,82.449,180465.0,151229670.0,8.42,8.57,8.34,8.38,True,健康元,False
2018-11-19,82.35,83.044,81.16,81.954,143540.0,119568820.0,8.37,8.44,8.25,8.33,True,健康元,False
2018-11-20,81.854,82.549,79.474,79.474,130550.0,105484400.0,8.32,8.39,8.08,8.08,True,健康元,False
2018-11-21,78.88,83.54,78.086,83.243,206770.0,174927420.00000003,8.02,8.49,7.94,8.46,True,健康元,False
2018-11-22,83.639,85.127,82.846,83.243,131616.0,111347136.0,8.5,8.65,8.42,8.46,True,健康元,False
2018-11-23,82.747,83.937,80.268,80.367,123955.0,101271235.0,8.41,8.53,8.16,8.17,True,健康元,False
2018-11-26,80.466,81.656,79.97,80.367,78979.0,64525843.0,8.18,8.3,8.13,8.17,True,健康元,False
2018-11-27,80.764,83.342,80.764,81.755,96664.0,80327784.0,8.21,8.47,8.21,8.31,True,健康元,False
2018-11-28,81.061,82.152,80.268,81.656,76221.0,63263430.00000001,8.24,8.35,8.16,8.3,True,健康元,False
2018-11-29,82.35,82.549,79.871,79.871,80045.0,64996539.99999999,8.37,8.39,8.12,8.12,True,健康元,False
2018-11-30,79.871,81.656,79.375,81.259,80004.0,66083304.0,8.12,8.3,8.07,8.26,True,健康元,False
2018-12-03,82.35,83.937,81.755,82.449,137982.0,115628916.0,8.37,8.53,8.31,8.38,True,健康元,False
2018-12-04,82.449,83.342,81.557,83.243,82816.0,70062336.0,8.38,8.47,8.29,8.46,True,健康元,False
2018-12-05,81.755,84.036,81.656,82.846,86967.0,73226214.0,8.31,8.54,8.3,8.42,True,健康元,False
2018-12-06,82.549,82.747,79.078,79.177,159031.0,128019955.0,8.39,8.41,8.04,8.05,True,健康元,False
2018-12-07,78.086,78.582,71.244,72.831,343223.0,254328243.0,7.94,7.99,7.25,7.41,True,健康元,False
2018-12-10,71.641,71.641,68.567,69.955,257397.0,183266664.0,7.29,7.29,6.98,7.12,True,健康元,False
2018-12-11,70.153,71.145,69.757,70.649,128210.0,92182990.0,7.14,7.24,7.1,7.19,True,健康元,False
2018-12-12,70.847,71.046,69.459,69.856,110851.0,78815061.0,7.21,7.23,7.07,7.11,True,健康元,False
2018-12-13,69.955,71.244,69.459,70.352,111973.0,80172668.0,7.12,7.25,7.07,7.16,True,健康元,False
2018-12-14,70.054,70.451,68.368,68.765,115287.0,80700900.0,7.13,7.17,6.96,7.0,True,健康元,False
2018-12-17,68.269,69.062,66.881,68.467,69381.0,48358557.0,6.95,7.03,6.81,6.97,True,健康元,False
2018-12-18,68.269,69.757,67.773,68.765,81954.0,57367800.0,6.95,7.1,6.9,7.0,True,健康元,False
2018-12-19,68.567,69.36,67.476,67.674,73379.0,50558131.0,6.98,7.06,6.87,6.89,True,健康元,False
2018-12-20,67.377,68.17,66.881,67.674,56934.0,39227526.0,6.86,6.94,6.81,6.89,True,健康元,False
2018-12-21,67.377,67.773,65.294,65.79,94551.0,63349170.0,6.86,6.9,6.65,6.7,True,健康元,False
2018-12-24,65.79,68.567,65.79,68.269,107772.0,74901540.0,6.7,6.98,6.7,6.95,True,健康元,False
2018-12-25,67.674,68.467,66.385,67.773,78342.0,54055980.0,6.89,6.97,6.76,6.9,True,健康元,False
2018-12-26,67.674,69.36,67.674,67.972,59080.0,40883360.0,6.89,7.06,6.89,6.92,True,健康元,False
2018-12-27,69.261,69.757,66.484,66.484,89148.0,60353195.99999999,7.05,7.1,6.77,6.77,True,健康元,False
2018-12-28,66.484,66.98,65.096,65.493,82540.0,55054180.0,6.77,6.82,6.63,6.67,True,健康元,False
2019-01-02,65.592,65.988,63.807,64.203,80204.0,52453416.0,6.68,6.72,6.5,6.54,True,健康元,False
2019-01-03,64.203,64.898,62.22,62.518,105974.0,67505438.0,6.54,6.61,6.34,6.37,True,健康元,False
2019-01-04,62.022,64.798,61.625,64.699,97668.0,64363212.0,6.32,6.6,6.28,6.59,True,健康元,False
2019-01-07,65.889,66.385,65.195,65.493,97751.0,65199917.0,6.71,6.76,6.64,6.67,True,健康元,False
2019-01-08,65.195,66.583,65.195,66.385,80937.0,54713412.0,6.64,6.78,6.64,6.76,True,健康元,False
2019-01-09,66.385,68.071,66.087,66.484,115580.0,78247660.0,6.76,6.93,6.73,6.77,True,健康元,False
2019-01-10,66.583,66.98,65.988,65.988,55666.0,37407552.0,6.78,6.82,6.72,6.72,True,健康元,False
2019-01-11,65.988,66.682,65.493,66.286,51502.0,34763850.0,6.72,6.79,6.67,6.75,True,健康元,False
2019-01-14,65.889,66.583,65.493,65.691,55835.0,37353615.0,6.71,6.78,6.67,6.69,True,健康元,False
2019-01-15,65.889,67.972,65.79,67.773,113144.0,78069360.0,6.71,6.92,6.7,6.9,True,健康元,False
2019-01-16,67.773,68.368,67.377,67.674,65664.0,45242496.0,6.9,6.96,6.86,6.89,True,健康元,False
2019-01-17,67.972,68.765,67.079,68.071,94658.0,65597994.0,6.92,7.0,6.83,6.93,True,健康元,False
2019-01-18,67.773,69.261,67.178,68.864,136038.0,95362638.0,6.9,7.05,6.84,7.01,True,健康元,False
2019-01-21,68.368,69.162,66.782,67.476,158681.0,109013847.0,6.96,7.04,6.8,6.87,True,健康元,False
2019-01-22,67.377,67.377,63.708,64.303,254208.0,166506240.0,6.86,6.86,6.49,6.55,True,健康元,False
2019-01-23,64.203,64.402,63.013,63.41,117153.0,75680838.0,6.54,6.56,6.42,6.46,True,健康元,False
2019-01-24,63.807,64.699,63.311,64.402,119896.0,78651776.0,6.5,6.59,6.45,6.56,True,健康元,False
2019-01-25,64.303,64.798,63.41,63.509,96843.0,62657421.0,6.55,6.6,6.46,6.47,True,健康元,False
2019-01-28,64.203,65.691,63.708,64.798,137472.0,90731520.0,6.54,6.69,6.49,6.6,True,健康元,False
2019-01-29,64.699,64.798,62.022,63.807,111939.0,72760350.0,6.59,6.6,6.32,6.5,True,健康元,False
2019-01-30,63.608,64.402,62.914,63.013,63389.0,40695738.0,6.48,6.56,6.41,6.42,True,健康元,False
2019-01-31,63.311,63.708,61.823,62.022,97176.0,61415232.0,6.45,6.49,6.3,6.32,True,健康元,False
2019-02-01,62.319,65.294,62.319,65.096,123607.0,81951441.0,6.35,6.65,6.35,6.63,True,健康元,False
2019-02-11,64.898,67.377,64.6,67.079,131904.0,90090432.0,6.61,6.86,6.58,6.83,True,健康元,False
2019-02-12,67.178,69.856,66.98,68.963,204289.0,143410878.0,6.84,7.11,6.82,7.02,True,健康元,False
2019-02-13,68.765,70.054,68.071,69.261,180039.0,126927495.0,7.0,7.13,6.93,7.05,True,健康元,False
2019-02-14,69.062,70.252,68.864,69.36,131979.0,93177174.0,7.03,7.15,7.01,7.06,True,健康元,False
2019-02-15,69.459,70.252,69.162,69.261,147090.0,103698450.0,7.07,7.15,7.04,7.05,True,健康元,False
2019-02-18,69.261,71.938,69.261,71.74,193374.0,141163020.0,7.05,7.32,7.05,7.3,True,健康元,False
2019-02-19,72.236,72.731,70.451,71.046,198935.0,143830005.0,7.35,7.4,7.17,7.23,True,健康元,False
2019-02-20,70.55,71.541,69.757,71.145,159554.0,115517096.0,7.18,7.28,7.1,7.24,True,健康元,False
2019-02-21,70.649,71.541,69.856,70.054,171381.0,122194653.0,7.19,7.28,7.11,7.13,True,健康元,False
2019-02-22,69.757,70.847,69.261,70.649,169972.0,122209868.0,7.1,7.21,7.05,7.19,True,健康元,False
2019-02-25,71.641,75.31,70.748,75.111,369189.0,282060396.0,7.29,7.66,7.2,7.64,True,健康元,False
2019-02-26,75.012,79.97,74.021,78.582,557168.0,445177232.0,7.63,8.13,7.53,7.99,True,健康元,False
2019-02-27,78.582,79.474,77.392,78.681,303623.0,242898400.0,7.99,8.08,7.87,8.0,True,健康元,False
2019-02-28,78.78,81.359,78.78,79.871,274927.0,223240724.0,8.01,8.27,8.01,8.12,True,健康元,False
2019-03-01,79.97,80.565,79.078,80.069,204515.0,166475210.0,8.13,8.19,8.04,8.14,True,健康元,False
2019-03-04,80.764,83.044,80.764,81.458,267029.0,221100012.0,8.21,8.44,8.21,8.28,True,健康元,False
2019-03-05,81.557,83.342,80.069,81.854,322487.0,268309184.0,8.29,8.47,8.14,8.32,True,健康元,False
2019-03-06,82.648,84.631,81.061,83.937,364340.0,310782020.0,8.4,8.6,8.24,8.53,True,健康元,False
2019-03-07,84.631,84.631,82.35,83.342,316630.0,268185610.00000003,8.6,8.6,8.37,8.47,True,健康元,False
2019-03-08,81.656,85.226,80.764,81.16,304945.0,251579625.0,8.3,8.66,8.21,8.25,True,健康元,False
2019-03-11,81.656,89.391,81.656,89.391,278647.0,253011476.0,8.3,9.08,8.3,9.08,True,健康元,False
2019-03-12,96.035,96.035,88.597,90.184,664306.0,608504296.0,9.75,9.75,9.0,9.16,True,健康元,False
2019-03-13,90.283,96.035,87.606,92.266,661652.0,619967924.0,9.17,9.75,8.9,9.37,True,健康元,False
2019-03-14,89.787,93.06,85.028,87.408,412219.0,366050472.00000006,9.12,9.45,8.64,8.88,True,健康元,False
2019-03-15,88.102,90.581,86.614,87.804,325239.0,290113188.0,8.95,9.2,8.8,8.92,True,健康元,False
2019-03-18,88.597,91.87,86.416,90.482,334728.0,307615032.0,9.0,9.33,8.78,9.19,True,健康元,False
2019-03-19,90.382,90.878,88.796,89.49,183018.0,166363362.0,9.18,9.23,9.02,9.09,True,健康元,False
2019-03-20,90.184,90.482,87.804,89.391,200149.0,181735292.0,9.16,9.19,8.92,9.08,True,健康元,False
2019-03-21,89.49,91.969,89.49,89.986,285256.0,260723984.00000003,9.09,9.34,9.09,9.14,True,健康元,False
2019-03-22,90.283,90.581,87.606,89.589,229873.0,209184430.0,9.17,9.2,8.9,9.1,True,健康元,False
2019-03-25,88.102,88.796,86.416,86.614,255657.0,224978160.00000003,8.95,9.02,8.78,8.8,True,健康元,False
2019-03-26,87.308,87.507,83.044,83.144,227295.0,192064275.0,8.87,8.89,8.44,8.45,True,健康元,False
2019-03-27,83.144,86.118,83.144,85.028,154638.0,133607232.0,8.45,8.75,8.45,8.64,True,健康元,False
2019-03-28,85.028,85.424,83.937,84.631,118224.0,101672640.0,8.64,8.68,8.53,8.6,True,健康元,False
2019-03-29,84.73,87.308,83.838,86.912,180445.0,159332935.0,8.61,8.87,8.52,8.83,True,健康元,False
2019-04-01,87.011,90.085,87.011,89.49,247545.0,225018405.0,8.84,9.15,8.84,9.09,True,健康元,False
2019-04-02,89.986,90.283,88.201,88.895,224545.0,202764135.0,9.14,9.17,8.96,9.03,True,健康元,False
2019-04-03,88.895,89.986,88.498,89.589,185491.0,168796810.0,9.03,9.14,8.99,9.1,True,健康元,False
2019-04-04,89.887,90.581,88.697,89.292,161134.0,146148538.0,9.13,9.2,9.01,9.07,True,健康元,False
2019-04-08,89.787,91.275,88.002,88.796,238566.0,215186532.0,9.12,9.27,8.94,9.02,True,健康元,False
2019-04-09,88.796,90.085,87.408,89.093,155324.0,140568220.0,9.02,9.15,8.88,9.05,True,健康元,False
2019-04-10,90.68,96.035,90.68,92.861,501139.0,472574077.0,9.21,9.75,9.21,9.43,True,健康元,False
2019-04-11,93.556,94.151,89.887,89.887,270208.0,246699904.00000003,9.5,9.56,9.13,9.13,True,健康元,False
2019-04-12,89.49,90.085,87.209,88.002,181086.0,161890884.0,9.09,9.15,8.86,8.94,True,健康元,False
2019-04-15,88.796,89.787,86.118,86.317,190868.0,167391236.0,9.02,9.12,8.75,8.77,True,健康元,False
2019-04-16,86.614,87.408,84.928,87.308,141820.0,125794340.0,8.8,8.88,8.63,8.87,True,健康元,False
2019-04-17,87.408,88.3,86.813,87.903,131111.0,117082123.0,8.88,8.97,8.82,8.93,True,健康元,False
2019-04-18,87.804,87.804,86.019,86.317,106894.0,93746038.0,8.92,8.92,8.74,8.77,True,健康元,False
2019-04-19,86.317,87.11,85.424,86.515,79668.0,70028172.0,8.77,8.85,8.68,8.79,True,健康元,False
2019-04-22,86.317,87.308,86.218,86.713,116619.0,102741339.0,8.77,8.87,8.76,8.81,True,健康元,False
2019-04-23,86.515,86.912,84.928,85.028,101290.0,87514560.0,8.79,8.83,8.63,8.64,True,健康元,False
2019-04-24,85.623,85.722,83.243,85.523,101513.0,88214797.0,8.7,8.71,8.46,8.69,True,健康元,False
2019-04-25,84.631,85.821,82.747,82.846,100199.0,84367558.0,8.6,8.72,8.41,8.42,True,健康元,False
2019-04-26,83.342,83.937,81.656,82.152,86545.0,72265075.0,8.47,8.53,8.3,8.35,True,健康元,False
2019-04-29,84.631,86.416,83.937,84.333,197383.0,169157231.0,8.6,8.78,8.53,8.57,True,健康元,False
2019-04-30,84.333,87.606,84.333,86.218,138243.0,121100868.0,8.57,8.9,8.57,8.76,True,健康元,False
2019-05-06,84.234,84.928,79.772,81.259,164557.0,135924082.0,8.56,8.63,8.11,8.26,True,健康元,False
2019-05-07,80.268,85.821,80.169,85.424,196173.0,170278164.0,8.16,8.72,8.15,8.68,True,健康元,False
2019-05-08,84.036,87.606,83.243,85.028,197275.0,170445600.0,8.54,8.9,8.46,8.64,True,健康元,False
2019-05-09,83.937,84.135,80.664,80.764,171417.0,140733357.0,8.53,8.55,8.2,8.21,True,健康元,False
2019-05-10,80.962,82.945,80.169,82.747,108985.0,91656385.0,8.23,8.43,8.15,8.41,True,健康元,False
2019-05-13,81.656,82.251,81.16,81.259,60892.0,50296792.0,8.3,8.36,8.25,8.26,True,健康元,False
2019-05-14,80.863,81.755,79.871,80.169,83617.0,68147855.0,8.22,8.31,8.12,8.15,True,健康元,False
2019-05-15,80.764,83.144,80.764,82.549,118131.0,99111909.0,8.21,8.45,8.21,8.39,True,健康元,False
2019-05-16,82.648,83.639,81.755,83.144,85564.0,72301580.0,8.4,8.5,8.31,8.45,True,健康元,False
2019-05-17,83.639,83.639,80.664,81.16,75785.0,62522625.0,8.5,8.5,8.2,8.25,True,健康元,False
2019-05-20,81.557,81.854,79.673,80.664,71443.0,58583259.99999999,8.29,8.32,8.1,8.2,True,健康元,False
2019-05-21,81.061,82.251,80.069,81.458,73000.0,60443999.99999999,8.24,8.36,8.14,8.28,True,健康元,False
2019-05-22,81.656,81.656,80.169,80.367,50278.0,41077126.0,8.3,8.3,8.15,8.17,True,健康元,False
2019-05-23,80.466,80.466,78.185,78.384,83032.0,66176504.0,8.18,8.18,7.95,7.97,True,健康元,False
2019-05-24,78.582,79.574,78.384,79.177,63557.0,50146473.0,7.83,7.93,7.81,7.89,True,健康元,False
2019-05-27,79.177,81.458,79.177,81.061,65297.0,52759976.0,7.89,8.12,7.89,8.08,True,健康元,False
2019-05-28,80.962,82.747,80.863,81.656,80360.0,65413040.00000001,8.07,8.25,8.06,8.14,True,健康元,False
2019-05-29,81.854,82.945,81.458,82.152,79414.0,65040065.99999999,8.16,8.27,8.12,8.19,True,健康元,False
2019-05-30,81.755,83.342,81.259,82.945,72528.0,59980656.0,8.15,8.31,8.1,8.27,True,健康元,False
2019-05-31,82.945,83.144,81.458,81.755,52328.0,42647320.0,8.27,8.29,8.12,8.15,True,健康元,False
2019-06-03,82.35,82.648,81.061,81.359,56708.0,45990188.0,8.21,8.24,8.08,8.11,True,健康元,False
2019-06-04,81.359,81.854,80.764,81.259,52808.0,42774480.0,8.11,8.16,8.05,8.1,True,健康元,False
2019-06-05,81.755,82.251,80.863,81.259,51545.0,41751450.0,8.15,8.2,8.06,8.1,True,健康元,False
2019-06-06,80.764,81.259,75.409,76.4,126444.0,96223884.0,8.05,8.1,7.51,7.61,True,健康元,False
2019-06-10,77.194,78.88,76.202,77.789,60997.0,47272675.0,7.69,7.86,7.59,7.75,True,健康元,False
2019-06-11,78.78,82.449,78.285,81.954,105822.0,86456574.0,7.85,8.22,7.8,8.17,True,健康元,False
2019-06-12,81.954,83.144,81.061,81.359,95659.0,77579449.0,8.17,8.29,8.08,8.11,True,健康元,False
2019-06-13,81.557,84.631,80.664,82.846,153526.0,126812476.0,8.13,8.44,8.04,8.26,True,健康元,False
2019-06-14,81.954,82.251,79.474,79.97,128860.0,102701420.0,8.17,8.2,7.92,7.97,True,健康元,False
2019-06-17,80.069,81.259,79.375,79.97,61272.0,48833784.0,7.98,8.1,7.91,7.97,True,健康元,False
2019-06-18,80.069,80.367,79.177,79.772,52923.0,42073785.0,7.98,8.01,7.89,7.95,True,健康元,False
2019-06-19,81.656,81.954,80.268,80.367,75448.0,60433848.0,8.14,8.17,8.0,8.01,True,健康元,False
2019-06-20,80.466,82.747,80.268,81.656,93721.0,76288894.0,8.02,8.25,8.0,8.14,True,健康元,False
2019-06-21,81.656,85.226,81.458,84.532,204155.0,172102665.0,8.14,8.5,8.12,8.43,True,健康元,False
2019-06-24,85.028,86.713,84.234,86.218,127323.0,109497780.0,8.48,8.65,8.4,8.6,True,健康元,False
2019-06-25,85.92,86.614,83.937,85.623,93939.0,80223905.99999999,8.57,8.64,8.37,8.54,True,健康元,False
2019-06-26,85.028,87.903,84.631,87.705,140480.0,122920000.0,8.48,8.77,8.44,8.75,True,健康元,False
2019-06-27,87.705,88.796,86.813,87.308,109625.0,95483375.0,8.75,8.86,8.66,8.71,True,健康元,False
2019-06-28,87.308,88.201,86.019,86.713,79313.0,68605745.0,8.71,8.8,8.58,8.65,True,健康元,False
2019-07-01,88.498,89.292,87.308,88.697,128061.0,113333985.0,8.83,8.91,8.71,8.85,True,健康元,False
2019-07-02,88.895,88.895,87.507,87.903,103371.0,90656367.0,8.87,8.87,8.73,8.77,True,健康元,False
2019-07-03,88.002,88.895,86.813,87.606,100613.0,87935762.0,8.78,8.87,8.66,8.74,True,健康元,False
2019-07-04,87.804,88.201,87.011,87.705,58353.0,51058875.0,8.76,8.8,8.68,8.75,True,健康元,False
2019-07-05,88.201,89.787,86.614,89.093,140894.0,125254766.0,8.8,8.96,8.64,8.89,True,健康元,False
2019-07-08,89.192,89.49,86.813,87.209,133246.0,115924020.0,8.9,8.93,8.66,8.7,True,健康元,False
2019-07-09,87.507,88.994,87.011,87.606,84867.0,74173758.0,8.73,8.88,8.68,8.74,True,健康元,False
2019-07-10,87.606,89.391,86.019,88.3,162992.0,143595952.0,8.74,8.92,8.58,8.81,True,健康元,False
2019-07-11,89.292,89.49,86.614,87.804,100108.0,87694608.0,8.91,8.93,8.64,8.76,True,健康元,False
2019-07-12,87.408,89.292,86.813,88.796,121007.0,107212202.0,8.72,8.91,8.66,8.86,True,健康元,False
2019-07-15,88.3,89.49,87.408,89.093,133335.0,118534815.0,8.81,8.93,8.72,8.89,True,健康元,False
2019-07-16,89.49,92.861,89.49,89.688,192298.0,172106710.0,8.93,9.27,8.93,8.95,True,健康元,False
2019-07-17,88.994,90.68,87.705,87.903,128260.0,112484020.0,8.88,9.05,8.75,8.77,True,健康元,False
2019-07-18,87.308,87.606,86.317,86.912,82422.0,71459874.0,8.71,8.74,8.61,8.67,True,健康元,False
2019-07-19,87.11,88.002,86.317,86.614,62929.0,54370656.0,8.69,8.78,8.61,8.64,True,健康元,False
2019-07-22,86.713,87.903,84.928,86.713,87831.0,75973815.0,8.65,8.77,8.47,8.65,True,健康元,False
2019-07-23,86.813,87.606,86.515,87.011,39396.0,34195728.0,8.66,8.74,8.63,8.68,True,健康元,False
2019-07-24,87.011,87.903,86.713,87.011,52118.0,45238424.0,8.68,8.77,8.65,8.68,True,健康元,False
2019-07-25,86.912,87.209,85.523,86.019,59363.0,50933454.0,8.67,8.7,8.53,8.58,True,健康元,False
2019-07-26,86.019,86.118,85.028,85.92,39461.0,33818077.0,8.58,8.59,8.48,8.57,True,健康元,False
2019-07-29,85.821,85.821,85.028,85.523,31258.0,26663074.0,8.56,8.56,8.48,8.53,True,健康元,False
2019-07-30,85.424,86.912,85.424,86.118,45968.0,39486512.0,8.52,8.67,8.52,8.59,True,健康元,False
2019-07-31,85.722,87.507,85.127,87.209,60481.0,52618469.99999999,8.55,8.73,8.49,8.7,True,健康元,False
2019-08-01,87.011,87.011,84.433,84.631,74359.0,62758996.0,8.68,8.68,8.42,8.44,True,健康元,False
2019-08-02,83.044,83.54,82.549,83.044,53526.0,44319528.0,8.28,8.33,8.23,8.28,True,健康元,False
2019-08-05,82.449,83.243,81.359,81.359,45638.0,37012418.0,8.22,8.3,8.11,8.11,True,健康元,False
2019-08-06,80.367,82.053,78.681,80.962,65378.0,52760046.0,8.01,8.18,7.84,8.07,True,健康元,False
2019-08-07,80.962,82.152,80.863,80.962,38867.0,31365669.0,8.07,8.19,8.06,8.07,True,健康元,False
2019-08-08,81.259,82.251,81.16,81.954,35597.0,29082749.0,8.1,8.2,8.09,8.17,True,健康元,False
2019-08-09,82.053,82.846,80.863,81.061,33147.0,26782776.0,8.18,8.26,8.06,8.08,True,健康元,False
2019-08-12,81.061,82.648,80.962,82.35,31603.0,25946063.000000004,8.08,8.24,8.07,8.21,True,健康元,False
2019-08-13,82.053,82.35,81.359,81.854,26902.0,21952032.0,8.18,8.21,8.11,8.16,True,健康元,False
2019-08-14,82.747,83.144,82.251,82.846,32162.0,26565812.0,8.25,8.29,8.2,8.26,True,健康元,False
2019-08-15,81.458,84.036,80.962,83.54,63024.0,52498992.0,8.12,8.38,8.07,8.33,True,健康元,False
2019-08-16,83.54,84.631,82.747,83.838,53441.0,44676676.0,8.33,8.44,8.25,8.36,True,健康元,False
2019-08-19,85.722,87.209,84.928,86.218,115710.0,99510600.0,8.55,8.7,8.47,8.6,True,健康元,False
2019-08-20,86.118,89.49,85.424,88.102,150858.0,132604182.0,8.59,8.93,8.52,8.79,True,健康元,False
2019-08-21,88.002,89.986,87.507,88.399,111622.0,98450604.0,8.78,8.98,8.73,8.82,True,健康元,False
2019-08-22,89.688,89.688,87.705,88.399,97053.0,85600746.0,8.95,8.95,8.75,8.82,True,健康元,False
2019-08-23,89.093,90.482,88.201,89.292,139952.0,124697232.0,8.89,9.03,8.8,8.91,True,健康元,False
2019-08-26,87.705,92.465,86.912,91.077,227097.0,206431173.0,8.75,9.23,8.67,9.09,True,健康元,False
2019-08-27,92.762,94.944,91.771,92.068,275365.0,253060435.0,9.26,9.48,9.16,9.19,True,健康元,False
2019-08-28,92.564,93.655,92.167,92.465,148568.0,137128264.0,9.24,9.35,9.2,9.23,True,健康元,False
2019-08-29,91.969,93.258,91.572,91.771,138644.0,126997904.0,9.18,9.31,9.14,9.16,True,健康元,False
2019-08-30,92.465,97.125,92.465,94.845,330977.0,313435219.0,9.23,9.7,9.23,9.47,True,健康元,False
2019-09-02,95.043,97.324,94.349,96.431,251823.0,242505549.00000003,9.49,9.72,9.42,9.63,True,健康元,False
2019-09-03,97.125,97.324,94.746,95.44,134163.0,127857339.0,9.7,9.72,9.46,9.53,True,健康元,False
2019-09-04,95.44,95.936,94.051,95.737,115459.0,110378804.0,9.53,9.58,9.39,9.56,True,健康元,False
2019-09-05,97.026,97.621,95.638,96.233,163416.0,157042776.0,9.69,9.75,9.55,9.61,True,健康元,False
2019-09-06,96.233,96.63,94.25,95.539,124192.0,118479168.0,9.61,9.65,9.41,9.54,True,健康元,False
2019-09-09,96.332,97.522,95.539,96.729,136333.0,131697678.0,9.62,9.74,9.54,9.66,True,健康元,False
2019-09-10,97.026,100.001,96.63,98.117,197490.0,193540200.0,9.69,9.99,9.65,9.8,True,健康元,False
2019-09-11,98.91,100.398,96.332,97.026,177218.0,171724242.0,9.88,10.03,9.62,9.69,True,健康元,False
2019-09-12,97.026,98.117,96.233,97.423,77719.0,75620587.0,9.69,9.8,9.61,9.73,True,健康元,False
2019-09-16,97.621,98.415,96.927,97.125,84178.0,81652660.0,9.75,9.83,9.68,9.7,True,健康元,False
2019-09-17,97.026,97.423,92.564,93.556,168169.0,157069846.0,9.69,9.73,9.24,9.34,True,健康元,False
2019-09-18,93.952,94.944,93.853,94.646,90469.0,85493205.0,9.38,9.48,9.37,9.45,True,健康元,False
2019-09-19,94.25,97.522,94.151,97.225,128795.0,125059945.0,9.41,9.74,9.4,9.71,True,健康元,False
2019-09-20,97.423,104.364,96.729,102.778,416593.0,427841011.0,9.73,10.43,9.66,10.27,True,健康元,False
2019-09-23,105.058,107.042,102.679,104.563,402954.0,421086930.0,10.5,10.7,10.26,10.45,True,健康元,False
2019-09-24,104.959,106.546,103.472,104.067,272352.0,283246080.0,10.49,10.65,10.34,10.4,True,健康元,False
2019-09-25,105.058,105.653,102.282,102.778,213542.0,219307634.0,10.5,10.56,10.22,10.27,True,健康元,False
2019-09-26,103.075,105.257,98.712,98.91,259756.0,256638928.00000003,10.3,10.52,9.86,9.88,True,健康元,False
2019-09-27,99.406,101.984,98.712,98.91,148089.0,146311932.0,9.93,10.19,9.86,9.88,True,健康元,False
2019-09-30,98.415,101.389,97.423,98.216,137227.0,134619687.0,9.83,10.13,9.73,9.81,True,健康元,False
2019-10-08,99.109,104.067,99.109,102.48,202290.0,207144960.0,9.9,10.4,9.9,10.24,True,健康元,False
2019-10-09,102.48,103.075,99.109,100.497,176029.0,176733115.99999997,10.24,10.3,9.9,10.04,True,健康元,False
2019-10-10,100.497,100.497,98.018,99.704,166024.0,165359904.0,10.04,10.04,9.79,9.96,True,健康元,False
2019-10-11,99.307,100.2,98.712,99.109,177351.0,175577490.0,9.92,10.01,9.86,9.9,True,健康元,False
2019-10-14,99.902,101.786,98.91,99.208,171306.0,169764246.0,9.98,10.17,9.88,9.91,True,健康元,False
2019-10-15,98.117,99.307,96.233,97.423,173344.0,168663712.0,9.8,9.92,9.61,9.73,True,健康元,False
2019-10-16,97.423,99.803,97.423,98.613,209921.0,206772185.0,9.73,9.97,9.73,9.85,True,健康元,False
2019-10-17,99.01,99.406,95.836,96.035,190076.0,182282884.0,9.89,9.93,9.57,9.59,True,健康元,False
2019-10-18,96.729,98.018,95.44,96.332,165295.0,159013790.0,9.66,9.79,9.53,9.62,True,健康元,False
2019-10-21,96.233,96.729,93.952,94.746,130315.0,123277990.0,9.61,9.66,9.38,9.46,True,健康元,False
2019-10-22,94.845,99.01,94.448,97.324,218340.0,212226480.0,9.47,9.89,9.43,9.72,True,健康元,False
2019-10-23,98.315,98.415,92.762,93.754,276228.0,258549408.0,9.82,9.83,9.26,9.36,True,健康元,False
2019-10-24,93.853,93.853,90.581,92.167,210141.0,193329720.0,9.37,9.37,9.04,9.2,True,健康元,False
2019-10-25,92.167,93.357,90.977,92.663,192269.0,177848825.0,9.2,9.32,9.08,9.25,True,健康元,False
2019-10-28,93.159,94.944,92.266,94.448,199196.0,187841828.0,9.3,9.48,9.21,9.43,True,健康元,False
2019-10-29,96.134,97.125,95.043,95.539,229407.0,218854278.0,9.6,9.7,9.49,9.54,True,健康元,False
2019-10-30,95.44,95.936,93.06,93.556,180431.0,168522554.0,9.53,9.58,9.29,9.34,True,健康元,False
2019-10-31,93.556,94.646,92.167,92.961,157213.0,145893664.0,9.34,9.45,9.2,9.28,True,健康元,False
2019-11-01,92.663,98.91,92.663,98.315,409754.0,402378428.0,9.25,9.88,9.25,9.82,True,健康元,False
2019-11-04,98.415,101.191,98.117,99.505,267869.0,266261786.0,9.83,10.11,9.8,9.94,True,健康元,False
2019-11-05,99.605,100.001,98.514,99.406,192487.0,191139591.0,9.95,9.99,9.84,9.93,True,健康元,False
2019-11-06,99.605,99.803,97.324,97.72,153412.0,149730112.0,9.95,9.97,9.72,9.76,True,健康元,False
2019-11-07,98.018,103.373,97.324,101.885,310013.0,315593234.0,9.79,10.33,9.72,10.18,True,健康元,False
2019-11-08,102.778,103.769,101.489,101.786,170401.0,173297817.0,10.27,10.37,10.14,10.17,True,健康元,False
2019-11-11,100.596,101.687,99.307,99.605,140390.0,139688050.0,10.05,10.16,9.92,9.95,True,健康元,False
2019-11-12,99.307,99.902,97.522,99.505,112840.0,112162960.0,9.92,9.98,9.74,9.94,True,健康元,False
2019-11-13,99.109,101.389,98.613,99.902,188526.0,188148948.0,9.9,10.13,9.85,9.98,True,健康元,False
2019-11-14,99.109,100.001,98.315,99.307,105622.0,104777024.0,9.9,9.99,9.82,9.92,True,健康元,False
2019-11-15,99.803,104.563,98.117,102.976,337625.0,347416125.0,9.97,10.45,9.8,10.29,True,健康元,False
2019-11-18,101.885,104.464,101.29,103.174,240703.0,248164793.0,10.18,10.44,10.12,10.31,True,健康元,False
2019-11-19,102.877,106.645,102.381,105.158,271864.0,285729064.0,10.28,10.66,10.23,10.51,True,健康元,False
2019-11-20,105.356,106.943,104.563,105.356,282055.0,297003915.0,10.53,10.69,10.45,10.53,True,健康元,False
2019-11-21,104.563,106.447,102.976,104.563,226018.0,236188810.0,10.45,10.64,10.29,10.45,True,健康元,False
2019-11-22,105.753,107.637,101.092,101.786,280142.0,284904414.0,10.57,10.76,10.1,10.17,True,健康元,False
2019-11-25,100.001,101.786,99.109,100.2,181703.0,181884703.0,9.99,10.17,9.9,10.01,True,健康元,False
2019-11-26,100.299,100.993,96.927,96.927,203802.0,197280336.0,10.02,10.09,9.68,9.68,True,健康元,False
2019-11-27,98.216,103.373,97.621,101.687,238269.0,242081304.0,9.81,10.33,9.75,10.16,True,健康元,False
2019-11-28,101.588,102.976,100.2,101.786,127660.0,129830220.0,10.15,10.29,10.01,10.17,True,健康元,False
2019-11-29,101.489,101.786,97.125,98.315,194021.0,190528622.0,10.14,10.17,9.7,9.82,True,健康元,False
2019-12-02,98.018,98.613,95.043,95.241,184231.0,175203681.0,9.79,9.85,9.49,9.51,True,健康元,False
2019-12-03,95.142,95.142,93.159,94.349,131603.0,123970026.0,9.5,9.5,9.3,9.42,True,健康元,False
2019-12-04,93.754,94.746,92.564,93.556,189066.0,176587644.0,9.36,9.46,9.24,9.34,True,健康元,False
2019-12-05,93.754,95.341,93.357,94.547,151644.0,143151936.0,9.36,9.52,9.32,9.44,True,健康元,False
2019-12-06,94.845,95.737,93.655,95.638,141927.0,135540285.0,9.47,9.56,9.35,9.55,True,健康元,False
2019-12-09,95.44,95.44,93.159,94.349,201930.0,190218060.0,9.53,9.53,9.3,9.42,True,健康元,False
2019-12-10,93.952,95.44,93.655,94.746,137470.0,130046620.0,9.38,9.53,9.35,9.46,True,健康元,False
2019-12-11,94.746,96.332,94.25,95.638,144304.0,137810320.0,9.46,9.62,9.41,9.55,True,健康元,False
2019-12-12,95.341,97.621,95.142,96.828,166775.0,161271425.0,9.52,9.75,9.5,9.67,True,健康元,False
2019-12-13,97.82,97.919,96.63,97.522,140992.0,137326208.0,9.77,9.78,9.65,9.74,True,健康元,False
2019-12-16,97.82,98.216,96.63,97.72,140126.0,136762976.0,9.77,9.81,9.65,9.76,True,健康元,False
2019-12-17,97.72,99.704,97.125,99.01,178400.0,176437600.0,9.76,9.96,9.7,9.89,True,健康元,False
2019-12-18,98.91,100.695,98.415,99.208,151903.0,150535873.0,9.88,10.06,9.83,9.91,True,健康元,False
2019-12-19,99.406,100.596,98.415,99.902,153001.0,152694998.0,9.93,10.05,9.83,9.98,True,健康元,False
2019-12-20,100.596,101.885,99.406,99.605,157598.0,156810010.0,10.05,10.18,9.93,9.95,True,健康元,False
2019-12-23,99.109,100.695,97.72,97.82,124352.0,121491904.0,9.9,10.06,9.76,9.77,True,健康元,False
2019-12-24,97.82,101.489,97.82,100.894,169789.0,171147312.0,9.77,10.14,9.77,10.08,True,健康元,False
2019-12-25,100.695,100.695,98.811,99.803,114611.0,114267167.0,10.06,10.06,9.87,9.97,True,健康元,False
2019-12-26,99.803,100.497,98.811,100.1,97968.0,97968000.0,9.97,10.04,9.87,10.0,True,健康元,False
2019-12-27,99.803,101.687,99.505,100.596,176980.0,177864900.0,9.97,10.16,9.94,10.05,True,健康元,False
2019-12-30,99.902,100.894,97.621,99.902,220033.0,219592934.0,9.98,10.08,9.75,9.98,True,健康元,False
2019-12-31,100.2,104.563,100.2,103.571,340478.0,352394730.0,10.01,10.45,10.01,10.35,True,健康元,False
2020-01-02,104.166,105.356,102.778,104.86,226081.0,236932888.0,10.41,10.53,10.27,10.48,True,健康元,False
2020-01-03,103.67,106.447,103.472,105.158,185679.0,195148629.0,10.36,10.64,10.34,10.51,True,健康元,False
2020-01-06,104.761,105.951,103.075,103.571,213212.0,220674420.0,10.47,10.59,10.3,10.35,True,健康元,False
2020-01-07,103.472,105.257,103.373,104.166,156863.0,163294383.0,10.34,10.52,10.33,10.41,True,健康元,False
2020-01-08,104.067,105.058,102.679,102.877,165625.0,170262500.0,10.4,10.5,10.26,10.28,True,健康元,False
2020-01-09,104.166,107.438,103.869,106.248,230792.0,245101104.0,10.41,10.74,10.38,10.62,True,健康元,False
2020-01-10,107.042,110.81,107.042,108.331,377177.0,408482691.0,10.7,11.08,10.7,10.83,True,健康元,False
2020-01-13,108.529,109.521,107.637,109.025,187360.0,204222400.0,10.85,10.95,10.76,10.9,True,健康元,False
2020-01-14,108.728,109.025,106.843,106.943,164418.0,175762842.0,10.87,10.9,10.68,10.69,True,健康元,False
2020-01-15,106.943,110.612,106.943,107.538,301213.0,323803975.0,10.69,11.06,10.69,10.75,True,健康元,False
2020-01-16,107.637,107.637,100.1,105.158,311722.0,327619822.0,10.76,10.76,10.0,10.51,True,健康元,False
2020-01-17,104.86,107.438,103.373,104.364,178465.0,186138995.0,10.48,10.74,10.33,10.43,True,健康元,False
2020-01-20,106.348,108.331,104.563,108.232,227032.0,245648624.0,10.63,10.83,10.45,10.82,True,健康元,False
2020-01-21,110.116,111.504,107.736,109.917,362958.0,398890842.0,11.01,11.15,10.77,10.99,True,健康元,False
2020-01-22,109.818,109.818,106.348,108.033,204430.0,220784400.0,10.98,10.98,10.63,10.8,True,健康元,False
2020-01-23,109.322,110.81,103.174,103.869,259542.0,269404596.0,10.93,11.08,10.31,10.38,True,健康元,False
2020-02-03,96.927,101.687,93.556,93.556,332868.0,310898712.0,9.68,10.16,9.34,9.34,True,健康元,False
2020-02-04,97.125,99.902,95.836,99.406,333247.0,330914271.0,9.7,9.98,9.57,9.93,True,健康元,False
2020-02-05,100.2,104.662,99.406,103.274,405409.0,418382088.0,10.01,10.46,9.93,10.32,True,健康元,False
2020-02-06,103.67,108.43,101.588,105.753,405609.0,428728713.0,10.36,10.84,10.15,10.57,True,健康元,False
2020-02-07,107.538,109.025,104.464,106.943,322527.0,344781363.0,10.75,10.9,10.44,10.69,True,健康元,False
2020-02-10,108.331,108.728,103.571,104.959,253095.0,265496655.0,10.83,10.87,10.35,10.49,True,健康元,False
2020-02-11,107.934,113.289,106.149,111.504,535357.0,596923055.0,10.79,11.33,10.61,11.15,True,健康元,False
2020-02-12,111.306,112.595,110.017,112.297,373058.0,418944134.0,11.13,11.26,11.0,11.23,True,健康元,False
2020-02-13,112.198,112.297,107.141,109.124,336378.0,366988398.0,11.22,11.23,10.71,10.91,True,健康元,False
2020-02-14,109.917,110.711,106.744,107.24,225149.0,241359728.0,10.99,11.07,10.67,10.72,True,健康元,False
2020-02-17,107.538,109.521,106.843,109.124,270868.0,295516988.0,10.75,10.95,10.68,10.91,True,健康元,False
2020-02-18,110.512,110.612,107.141,108.43,261072.0,283002048.0,11.05,11.06,10.71,10.84,True,健康元,False
2020-02-19,107.538,107.934,105.356,105.753,223903.0,236665471.0,10.75,10.79,10.53,10.57,True,健康元,False
2020-02-20,105.753,106.843,105.158,106.248,202793.0,215366166.0,10.57,10.68,10.51,10.62,True,健康元,False
2020-02-21,106.149,110.612,104.662,110.314,429490.0,473727470.0,10.61,11.06,10.46,11.03,True,健康元,False
2020-02-24,110.612,117.256,110.413,117.156,598590.0,701547480.0,11.06,11.73,11.04,11.72,True,健康元,False
2020-02-25,114.38,118.941,111.802,116.958,593467.0,694356390.0,11.44,11.9,11.18,11.7,True,健康元,False
2020-02-26,115.173,116.561,112.198,113.983,420126.0,478943640.0,11.52,11.66,11.22,11.4,True,健康元,False
2020-02-27,114.776,124.891,114.082,119.536,689824.0,825029504.0,11.48,12.5,11.41,11.96,True,健康元,False
2020-02-28,116.859,122.61,113.487,114.479,543348.0,622133460.0,11.69,12.27,11.35,11.45,True,健康元,False
2020-03-02,115.471,121.024,113.388,119.14,461941.0,550633672.0,11.55,12.11,11.34,11.92,True,健康元,False
2020-03-03,120.429,127.668,119.735,125.784,556972.0,701227748.0,12.05,12.78,11.98,12.59,True,健康元,False
2020-03-04,125.784,127.568,122.412,126.478,371932.0,470865912.0,12.59,12.77,12.25,12.66,True,健康元,False
2020-03-05,126.478,127.271,123.007,125.089,363989.0,455714228.0,12.66,12.74,12.31,12.52,True,健康元,False
2020-03-06,123.999,127.37,121.817,121.916,281073.0,342909060.0,12.41,12.75,12.19,12.2,True,健康元,False
2020-03-09,119.933,123.106,117.256,120.429,285286.0,343769630.0,12.0,12.32,11.73,12.05,True,健康元,False
2020-03-10,118.941,122.61,115.471,119.437,265530.0,317308350.0,11.9,12.27,11.55,11.95,True,健康元,False
2020-03-11,119.04,122.412,117.851,119.239,243893.0,290964349.0,11.91,12.25,11.79,11.93,True,健康元,False
2020-03-12,117.751,118.644,114.082,115.272,249565.0,287748445.0,11.78,11.87,11.41,11.53,True,健康元,False
2020-03-13,109.322,115.074,108.133,112.694,261997.0,295270619.0,10.93,11.51,10.81,11.27,True,健康元,False
2020-03-16,113.785,115.768,107.637,108.827,215867.0,234863296.00000003,11.38,11.58,10.76,10.88,True,健康元,False
2020-03-17,108.331,110.512,103.769,107.042,242181.0,259133670.0,10.83,11.05,10.37,10.7,True,健康元,False
2020-03-18,108.232,109.719,106.248,106.447,175708.0,186953312.0,10.82,10.97,10.62,10.64,True,健康元,False
2020-03-19,106.149,107.538,103.075,106.149,187107.0,198520527.0,10.61,10.75,10.3,10.61,True,健康元,False
2020-03-20,107.042,110.909,106.248,110.909,187144.0,207542696.0,10.7,11.09,10.62,11.09,True,健康元,False
2020-03-23,107.934,110.612,106.943,107.438,162296.0,174305904.0,10.79,11.06,10.69,10.74,True,健康元,False
2020-03-24,110.116,112.0,108.331,111.504,198684.0,221532660.0,11.01,11.2,10.83,11.15,True,健康元,False
2020-03-25,113.487,115.57,111.702,113.487,208750.0,236931250.0,11.35,11.56,11.17,11.35,True,健康元,False
2020-03-26,112.793,117.553,112.297,116.661,250090.0,291855030.0,11.28,11.76,11.23,11.67,True,健康元,False
2020-03-27,117.355,120.33,115.371,115.966,246458.0,285891280.0,11.74,12.04,11.54,11.6,True,健康元,False
2020-03-30,113.388,116.859,112.0,112.694,176157.0,198528939.0,11.34,11.69,11.2,11.27,True,健康元,False
2020-03-31,113.587,115.966,112.099,114.578,170202.0,195051492.0,11.36,11.6,11.21,11.46,True,健康元,False
2020-04-01,113.884,114.479,110.314,111.008,197175.0,218864250.0,11.39,11.45,11.03,11.1,True,健康元,False
2020-04-02,110.512,112.297,109.025,112.297,140847.0,158171181.0,11.05,11.23,10.9,11.23,True,健康元,False
2020-04-03,112.297,114.181,111.603,112.694,117803.0,132763981.0,11.23,11.42,11.16,11.27,True,健康元,False
2020-04-07,114.181,118.247,113.686,117.156,187593.0,219858996.0,11.42,11.83,11.37,11.72,True,健康元,False
2020-04-08,116.859,119.536,115.272,117.851,169937.0,200355723.0,11.69,11.96,11.53,11.79,True,健康元,False
2020-04-09,118.941,120.925,118.148,119.735,223805.0,268118390.0,11.9,12.1,11.82,11.98,True,健康元,False
2020-04-10,120.528,122.015,117.156,117.454,227060.0,266795500.0,12.06,12.21,11.72,11.75,True,健康元,False
2020-04-13,118.049,124.891,118.049,122.908,399075.0,490862250.0,11.81,12.5,11.81,12.3,True,健康元,False
2020-04-14,123.899,129.353,122.511,129.254,463905.0,600293070.0,12.4,12.95,12.26,12.94,True,健康元,False
2020-04-15,129.849,131.832,127.668,128.56,334419.0,430397253.0,13.0,13.2,12.78,12.87,True,健康元,False
2020-04-16,127.866,131.138,126.18,128.957,290186.0,374630126.0,12.8,13.13,12.63,12.91,True,健康元,False
2020-04-17,130.841,131.436,124.296,124.594,373806.0,466136082.0,13.1,13.16,12.44,12.47,True,健康元,False
2020-04-20,124.891,127.668,124.197,126.874,238310.0,302653700.0,12.5,12.78,12.43,12.7,True,健康元,False
2020-04-21,125.883,128.957,125.387,127.172,193344.0,246126912.0,12.6,12.91,12.55,12.73,True,健康元,False
2020-04-22,125.585,129.155,124.99,128.263,176297.0,226365348.0,12.57,12.93,12.51,12.84,True,健康元,False
2020-04-23,129.056,134.609,129.056,133.32,416992.0,556684320.0,12.92,13.48,12.92,13.35,True,健康元,False
2020-04-24,132.527,132.626,125.883,126.18,254461.0,321384243.0,13.27,13.28,12.6,12.63,True,健康元,False
2020-04-27,126.775,127.866,123.899,124.494,185350.0,230946100.00000003,12.69,12.8,12.4,12.46,True,健康元,False
2020-04-28,124.098,126.874,122.908,124.693,196693.0,245472864.0,12.42,12.7,12.3,12.48,True,健康元,False
2020-04-29,123.899,129.849,120.528,126.379,239549.0,303029485.0,12.4,13.0,12.06,12.65,True,健康元,False
2020-04-30,126.775,126.775,122.908,125.189,194966.0,244292398.0,12.69,12.69,12.3,12.53,True,健康元,False
2020-05-06,124.296,128.163,123.503,128.064,160513.0,205777666.0,12.44,12.83,12.36,12.82,True,健康元,False
2020-05-07,128.064,130.246,126.973,128.957,178585.0,230553235.0,12.82,13.04,12.71,12.91,True,健康元,False
2020-05-08,128.957,129.552,126.973,128.957,147955.0,191009905.0,12.91,12.97,12.71,12.91,True,健康元,False
2020-05-11,129.056,133.915,128.461,133.32,260591.0,347888985.0,12.92,13.41,12.86,13.35,True,健康元,False
2020-05-12,132.328,133.221,131.138,132.229,137082.0,181496568.0,13.25,13.34,13.13,13.24,True,健康元,False
2020-05-13,131.337,135.303,130.246,134.411,191689.0,258013394.00000003,13.15,13.55,13.04,13.46,True,健康元,False
2020-05-14,133.419,133.717,130.147,130.246,163774.0,213561296.0,13.36,13.39,13.03,13.04,True,健康元,False
2020-05-15,131.138,131.535,128.659,130.643,150773.0,197211084.0,13.13,13.17,12.88,13.08,True,健康元,False
2020-05-18,129.849,131.733,128.461,129.948,136351.0,177392651.0,13.0,13.19,12.86,13.01,True,健康元,False
2020-05-19,130.543,132.527,129.353,131.634,156958.0,206870644.0,13.07,13.27,12.95,13.18,True,健康元,False
2020-05-20,130.246,130.94,126.279,126.279,175943.0,222391952.0,13.04,13.11,12.64,12.64,True,健康元,False
2020-05-21,128.163,133.816,126.577,129.849,254630.0,331019000.0,12.83,13.4,12.67,13.0,True,健康元,False
2020-05-22,129.849,131.436,125.387,125.784,161302.0,203079218.0,13.0,13.16,12.55,12.59,True,健康元,False
2020-05-25,125.982,128.163,124.296,127.073,99650.0,126754800.0,12.61,12.83,12.44,12.72,True,健康元,False
2020-05-26,127.767,134.807,127.073,134.014,283327.0,380224834.0,12.79,13.5,12.72,13.42,True,健康元,False
2020-05-27,134.807,137.286,132.13,133.32,247673.0,330643455.0,13.5,13.75,13.23,13.35,True,健康元,False
2020-05-28,132.824,132.824,126.478,126.478,238802.0,302323332.0,13.3,13.3,12.66,12.66,True,健康元,False
2020-05-29,126.676,128.858,126.18,127.172,164747.0,209722931.0,12.68,12.9,12.63,12.73,True,健康元,False
2020-06-01,127.866,136.096,127.866,135.7,256066.0,347993694.0,12.8,13.63,12.8,13.59,True,健康元,False
2020-06-02,135.898,137.286,133.717,135.898,197654.0,269007094.0,13.61,13.75,13.39,13.61,True,健康元,False
2020-06-03,136.791,138.377,133.717,134.014,189898.0,254843116.0,13.7,13.86,13.39,13.42,True,健康元,False
2020-06-04,135.501,139.666,132.824,139.468,293269.0,409696793.0,13.57,13.99,13.3,13.97,True,健康元,False
2020-06-05,139.666,146.112,138.774,144.525,357820.0,518123360.0,13.99,14.64,13.9,14.48,True,健康元,False
2020-06-08,145.616,145.715,140.757,142.74,267756.0,382891080.0,14.59,14.6,14.1,14.3,True,健康元,False
2020-06-09,141.253,156.623,141.055,153.847,403490.0,622181580.0,14.15,15.7,14.13,15.42,True,健康元,False
2020-06-10,155.136,160.491,153.946,157.516,420098.0,663334742.0,15.55,16.09,15.43,15.79,True,健康元,False
2020-06-11,156.623,159.4,154.64,155.632,229293.0,357697080.0,15.7,15.98,15.5,15.6,True,健康元,False
2020-06-12,153.152,162.077,152.657,160.094,293199.0,470584395.0,15.35,16.25,15.3,16.05,True,健康元,False
2020-06-15,159.697,162.474,156.623,158.309,212227.0,336804249.0,16.01,16.29,15.7,15.87,True,健康元,False
2020-06-16,158.309,160.986,156.425,159.796,213259.0,341640918.0,15.87,16.14,15.68,16.02,True,健康元,False
2020-06-17,159.4,171.002,159.301,167.829,373198.0,628092233.9999999,15.98,17.15,15.97,16.83,True,健康元,False
2020-06-18,167.234,168.324,163.366,165.647,251212.0,417263132.0,16.77,16.88,16.38,16.61,True,健康元,False
2020-06-19,165.052,168.721,163.763,168.523,245021.0,414085490.0,16.55,16.92,16.42,16.9,True,健康元,False
2020-06-22,168.225,169.118,160.391,162.97,312602.0,510791668.0,16.87,16.96,16.08,16.34,True,健康元,False
2020-06-23,162.97,165.449,161.581,163.465,193482.0,317116998.0,16.34,16.59,16.2,16.39,True,健康元,False
2020-06-24,163.069,164.457,158.111,162.176,233812.0,380178312.00000006,16.35,16.49,15.85,16.26,True,健康元,False
2020-06-29,159.102,162.474,154.838,161.581,311315.0,504330300.0,15.95,16.29,15.52,16.2,True,健康元,False
2020-06-30,161.879,164.655,161.086,161.978,204269.0,331732855.99999994,16.23,16.51,16.15,16.24,True,健康元,False
2020-07-01,162.97,163.763,155.632,158.606,224532.0,357005880.0,16.34,16.42,15.6,15.9,True,健康元,False
2020-07-02,158.606,159.598,148.888,153.45,515509.0,792852842.0,15.9,16.0,14.92,15.38,True,健康元,False
2020-07-03,154.029,157.004,152.145,154.822,310063.0,476256768.0,15.28,15.58,15.09,15.36,True,健康元,False
2020-07-06,151.451,157.5,151.153,155.021,397358.0,611136604.0,15.02,15.63,14.99,15.38,True,健康元,False
2020-07-07,155.219,160.673,153.236,157.698,427265.0,668669725.0,15.4,15.95,15.2,15.65,True,健康元,False
2020-07-08,157.797,159.781,155.715,157.996,281963.0,442117984.0,15.66,15.86,15.45,15.68,True,健康元,False
2020-07-09,159.582,169.102,157.599,169.003,516320.0,866901280.0,15.84,16.8,15.64,16.79,True,健康元,False
2020-07-10,169.895,174.159,166.226,168.11,422556.0,705668520.0,16.88,17.31,16.51,16.7,True,健康元,False
2020-07-13,184.67,184.67,184.67,184.67,65511.0,120343707.0,18.37,18.37,18.37,18.37,True,健康元,False
2020-07-14,202.916,202.916,197.462,202.916,1351975.0,2732341475.0,20.21,20.21,19.66,20.21,True,健康元,False
2020-07-15,200.834,216.105,198.851,204.602,1143632.0,2330722016.0,20.0,21.54,19.8,20.38,True,健康元,False
2020-07-16,202.817,212.535,192.306,193.099,738355.0,1419118310.0,20.2,21.18,19.14,19.22,True,健康元,False
2020-07-17,200.735,208.668,194.289,204.305,621390.0,1264528650.0,19.99,20.79,19.34,20.35,True,健康元,False
2020-07-20,207.775,208.668,195.876,202.817,549556.0,1110103120.0,20.7,20.79,19.5,20.2,True,健康元,False
2020-07-21,210.75,220.567,203.412,205.891,840125.0,1723096375.0000002,21.0,21.99,20.26,20.51,True,健康元,False
2020-07-22,198.851,225.327,197.363,216.601,833058.0,1798572222.0,19.8,22.47,19.65,21.59,True,健康元,False
2020-07-23,201.826,213.626,201.826,211.544,835335.0,1760886179.9999998,20.1,21.29,20.1,21.08,True,健康元,False
2020-07-24,210.552,210.75,194.884,194.983,652008.0,1265547528.0,20.98,21.0,19.4,19.41,True,健康元,False
2020-07-27,195.975,200.338,191.017,193.793,335974.0,648093846.0,19.51,19.95,19.01,19.29,True,健康元,False
2020-07-28,195.479,199.545,191.413,196.471,279001.0,545725956.0,19.46,19.87,19.05,19.56,True,健康元,False
2020-07-29,196.372,202.321,192.504,200.834,405183.0,810366000.0,19.55,20.15,19.16,20.0,True,健康元,False
2020-07-30,202.321,203.511,197.363,198.95,302555.0,599361455.0,20.15,20.27,19.65,19.81,True,健康元,False
2020-07-31,197.661,202.817,196.669,199.545,286334.0,568945658.0,19.68,20.2,19.58,19.87,True,健康元,False
2020-08-03,201.33,209.164,198.057,204.602,455392.0,928088896.0,20.05,20.84,19.72,20.38,True,健康元,False
2020-08-04,203.115,209.659,202.321,205.098,379905.0,776145915.0,20.23,20.89,20.15,20.43,True,健康元,False
2020-08-05,204.205,209.659,199.941,209.56,356400.0,744163200.0,20.34,20.89,19.91,20.88,True,健康元,False
2020-08-06,209.461,214.221,201.33,204.305,321376.0,654000160.0,20.87,21.35,20.05,20.35,True,健康元,False
2020-08-07,200.834,202.718,191.81,194.983,344915.0,669480015.0,20.0,20.19,19.09,19.41,True,健康元,False
2020-08-10,197.363,198.752,193.595,196.471,160470.0,313879320.0,19.65,19.79,19.27,19.56,True,健康元,False
2020-08-11,197.363,197.859,189.232,189.43,271050.0,510929250.00000006,19.65,19.7,18.83,18.85,True,健康元,False
2020-08-12,189.926,192.405,179.613,184.175,294017.0,538639144.0,18.9,19.15,17.86,18.32,True,健康元,False
2020-08-13,184.075,185.761,181.497,182.885,142357.0,258947383.00000003,18.31,18.48,18.05,18.19,True,健康元,False
2020-08-14,182.786,184.571,177.233,183.976,256880.0,470090400.0,18.18,18.36,17.62,18.3,True,健康元,False
2020-08-17,186.753,186.852,181.497,185.563,224013.0,413527998.0,18.58,18.59,18.05,18.46,True,健康元,False
2020-08-18,186.455,191.81,185.86,190.422,213893.0,405327235.0,18.55,19.09,18.49,18.95,True,健康元,False
2020-08-19,190.422,190.422,183.976,185.166,146136.0,269182512.0,18.95,18.95,18.3,18.42,True,健康元,False
2020-08-20,182.588,188.637,180.605,185.86,140142.0,259122558.0,18.16,18.77,17.96,18.49,True,健康元,False
2020-08-21,185.86,188.637,184.274,186.852,103464.0,192339576.0,18.49,18.77,18.33,18.59,True,健康元,False
2020-08-24,186.455,188.042,182.985,187.744,121897.0,227703596.0,18.55,18.71,18.2,18.68,True,健康元,False
2020-08-25,189.133,190.025,184.968,186.257,145189.0,269035217.0,18.82,18.91,18.4,18.53,True,健康元,False
2020-08-26,186.951,189.827,185.365,186.356,188335.0,349173090.0,18.6,18.89,18.44,18.54,True,健康元,False
2020-08-27,186.753,186.852,179.811,185.166,193562.0,356541204.00000006,18.58,18.59,17.88,18.42,True,健康元,False
2020-08-28,187.943,196.372,185.96,195.182,375450.0,729499350.0,18.7,19.55,18.5,19.43,True,健康元,False
2020-08-31,199.842,199.842,193.893,195.777,277739.0,541313311.0,19.9,19.9,19.3,19.49,True,健康元,False
2020-09-01,195.281,199.346,193.992,197.363,171996.0,337972140.0,19.44,19.85,19.31,19.65,True,健康元,False
2020-09-02,198.454,198.851,190.124,193.694,228058.0,439695824.0,19.76,19.8,18.92,19.28,True,健康元,False
2020-09-03,194.785,196.372,189.728,190.818,172174.0,326958426.0,19.39,19.55,18.88,18.99,True,健康元,False
2020-09-04,188.339,189.232,184.472,189.034,131379.0,247123899.0,18.74,18.83,18.35,18.81,True,健康元,False
2020-09-07,187.348,189.034,179.117,179.117,200687.0,357423547.0,18.64,18.81,17.81,17.81,True,健康元,False
2020-09-08,179.613,181.696,175.151,180.803,122222.0,219755156.0,17.86,18.07,17.41,17.98,True,健康元,False
2020-09-09,178.621,179.514,169.697,171.878,197554.0,337422231.99999994,17.76,17.85,16.86,17.08,True,健康元,False
2020-09-10,174.06,176.44,169.796,170.093,141330.0,238847700.0,17.3,17.54,16.87,16.9,True,健康元,False
2020-09-11,167.714,174.655,167.614,174.06,133693.0,231288890.0,16.66,17.36,16.65,17.3,True,健康元,False
2020-09-14,175.052,175.845,172.87,175.25,117335.0,204397570.00000003,17.4,17.48,17.18,17.42,True,健康元,False
2020-09-15,175.547,177.828,172.87,175.052,121735.0,211818900.0,17.45,17.68,17.18,17.4,True,健康元,False
2020-09-16,174.556,175.845,171.184,172.87,101263.0,173969834.0,17.35,17.48,17.01,17.18,True,健康元,False
2020-09-17,172.473,175.052,168.903,172.473,105966.0,181625724.0,17.14,17.4,16.78,17.14,True,健康元,False
2020-09-18,172.473,176.341,170.193,176.043,115832.0,202706000.0,17.14,17.53,16.91,17.5,True,健康元,False
2020-09-21,176.539,178.721,174.655,176.242,109915.0,192571080.0,17.55,17.77,17.36,17.52,True,健康元,False
2020-09-22,174.853,178.126,172.473,172.771,100183.0,172014211.00000003,17.38,17.71,17.14,17.17,True,健康元,False
2020-09-23,174.159,178.721,172.969,176.539,131284.0,230403420.0,17.31,17.77,17.19,17.55,True,健康元,False
2020-09-24,175.647,178.225,174.258,174.952,124049.0,215721211.0,17.46,17.72,17.32,17.39,True,健康元,False
2020-09-25,174.952,176.341,171.085,173.564,109692.0,189218700.0,17.39,17.53,17.0,17.25,True,健康元,False
2020-09-28,173.564,174.06,167.119,167.317,129015.0,214422930.0,17.25,17.3,16.6,16.62,True,健康元,False
2020-09-29,168.606,173.862,165.036,171.085,173684.0,295262800.0,16.75,17.28,16.39,17.0,True,健康元,False
2020-09-30,173.564,174.06,170.093,171.383,119236.0,203058908.0,17.25,17.3,16.9,17.03,True,健康元,False
2020-10-09,173.961,176.737,172.275,173.762,148124.0,255810148.0,17.29,17.57,17.12,17.27,True,健康元,False
2020-10-12,175.25,180.109,175.25,179.712,186389.0,333077143.0,17.42,17.91,17.42,17.87,True,健康元,False
2020-10-13,181.596,186.455,179.415,185.96,217120.0,401672000.0,18.06,18.55,17.84,18.5,True,健康元,False
2020-10-14,184.968,186.753,182.588,182.885,173745.0,316042155.0,18.4,18.58,18.16,18.19,True,健康元,False
2020-10-15,183.183,183.877,178.324,181.2,131099.0,236240398.0,18.22,18.29,17.73,18.02,True,健康元,False
2020-10-16,181.2,181.696,177.531,179.514,104594.0,186700290.0,18.02,18.07,17.65,17.85,True,健康元,False
2020-10-19,181.001,182.191,173.366,173.564,149522.0,257925450.0,18.0,18.12,17.23,17.25,True,健康元,False
2020-10-20,173.564,175.25,169.201,174.853,135800.0,236020400.0,17.25,17.42,16.81,17.38,True,健康元,False
2020-10-21,174.06,176.341,172.176,172.374,123516.0,211582908.0,17.3,17.53,17.11,17.13,True,健康元,False
2020-10-22,171.184,174.06,169.598,171.482,103249.0,175936296.0,17.01,17.3,16.85,17.04,True,健康元,False
2020-10-23,172.077,173.267,165.135,165.73,144717.0,238204182.0,17.1,17.22,16.4,16.46,True,健康元,False
2020-10-26,166.127,167.119,161.764,164.838,110982.0,181677534.0,16.5,16.6,16.06,16.37,True,健康元,False
2020-10-27,163.35,168.705,163.053,168.209,120389.0,201170019.0,16.22,16.76,16.19,16.71,True,健康元,False
2020-10-28,165.929,165.929,154.723,156.211,546375.0,846881250.0,16.48,16.48,15.35,15.5,True,健康元,False
2020-10-29,153.533,158.095,150.36,157.401,333139.0,520363118.0,15.23,15.69,14.91,15.62,True,健康元,False
2020-10-30,156.211,158.69,150.955,151.847,201959.0,304150254.0,15.5,15.75,14.97,15.06,True,健康元,False
2020-11-02,152.145,153.037,149.864,151.153,156786.0,235022214.0,15.09,15.18,14.86,14.99,True,健康元,False
2020-11-03,151.748,155.12,150.757,154.624,157754.0,241994636.0,15.05,15.39,14.95,15.34,True,健康元,False
2020-11-04,154.327,155.318,151.352,152.343,139959.0,211478049.0,15.31,15.41,15.01,15.11,True,健康元,False
2020-11-05,153.037,155.616,152.046,154.029,198682.0,303586096.0,15.18,15.44,15.08,15.28,True,健康元,False
2020-11-06,154.723,155.417,147.683,149.468,236745.0,350856090.0,15.35,15.42,14.64,14.82,True,健康元,False
2020-11-09,149.468,154.624,149.071,152.244,233271.0,352239210.0,14.82,15.34,14.78,15.1,True,健康元,False
2020-11-10,153.632,153.732,146.294,147.187,279623.0,407969957.0,15.24,15.25,14.5,14.59,True,健康元,False
2020-11-11,146.989,146.989,142.824,143.319,217881.0,309391020.0,14.57,14.57,14.15,14.2,True,健康元,False
2020-11-12,143.319,148.178,143.121,145.303,212916.0,306599040.0,14.2,14.69,14.18,14.4,True,健康元,False
2020-11-13,145.501,147.683,143.617,147.385,142567.0,208290387.0,14.42,14.64,14.23,14.61,True,健康元,False
2020-11-16,147.385,156.806,146.989,154.029,380723.0,581744744.0,14.61,15.56,14.57,15.28,True,健康元,False
2020-11-17,154.029,155.219,150.558,154.426,243228.0,372625296.0,15.28,15.4,14.93,15.32,True,健康元,False
2020-11-18,153.632,156.905,151.649,153.037,200787.0,304794666.0,15.24,15.57,15.04,15.18,True,健康元,False
2020-11-19,152.74,153.533,150.36,152.046,128228.0,193367824.0,15.15,15.23,14.91,15.08,True,健康元,False
2020-11-20,153.037,155.715,151.649,155.517,184793.0,285135599.0,15.18,15.45,15.04,15.43,True,健康元,False
2020-11-23,154.029,154.525,147.583,151.153,305440.0,457854560.0,15.28,15.33,14.63,14.99,True,健康元,False
2020-11-24,149.269,152.145,148.377,151.054,155779.0,233356942.0,14.8,15.09,14.71,14.98,True,健康元,False
2020-11-25,151.55,151.748,146.394,147.286,179976.0,262764960.0,15.03,15.05,14.51,14.6,True,健康元,False
2020-11-26,146.592,148.773,144.807,146.394,118160.0,171450160.0,14.53,14.75,14.35,14.51,True,健康元,False
2020-11-27,146.989,148.178,143.022,144.807,172296.0,247244760.0,14.57,14.69,14.17,14.35,True,健康元,False
2020-11-30,143.914,144.609,140.345,141.435,194139.0,271988739.0,14.26,14.33,13.9,14.01,True,健康元,False
2020-12-01,141.336,146.394,141.237,145.799,206143.0,297876635.0,14.0,14.51,13.99,14.45,True,健康元,False
2020-12-02,146.096,147.583,144.41,145.204,189081.0,272087559.0,14.48,14.63,14.31,14.39,True,健康元,False
2020-12-03,145.402,150.558,144.807,149.17,239019.0,353509101.0,14.41,14.93,14.35,14.79,True,健康元,False
2020-12-04,148.377,150.658,146.79,150.063,139426.0,207465888.0,14.71,14.94,14.55,14.88,True,健康元,False
2020-12-07,150.063,151.748,148.476,150.162,152784.0,227495376.0,14.88,15.05,14.72,14.89,True,健康元,False
2020-12-08,150.261,151.153,148.575,148.575,94623.0,139379679.0,14.9,14.99,14.73,14.73,True,健康元,False
2020-12-09,148.575,150.459,145.699,146.096,117317.0,169875016.0,14.73,14.92,14.44,14.48,True,健康元,False
2020-12-10,145.303,148.079,144.113,147.583,99864.0,146101032.0,14.4,14.68,14.28,14.63,True,健康元,False
2020-12-11,148.079,156.012,147.98,151.847,339045.0,510601770.0,14.68,15.48,14.67,15.06,True,健康元,False
2020-12-14,152.74,152.938,145.303,147.088,279031.0,406827198.0,15.15,15.17,14.4,14.58,True,健康元,False
2020-12-15,147.187,153.732,146.294,150.261,231372.0,344744280.0,14.59,15.25,14.5,14.9,True,健康元,False
2020-12-16,150.261,153.236,149.269,152.145,218588.0,329849292.0,14.9,15.2,14.8,15.09,True,健康元,False
2020-12-17,153.236,157.103,152.343,153.236,331561.0,503972720.0,15.2,15.59,15.11,15.2,True,健康元,False
2020-12-18,153.236,153.236,148.575,150.063,228914.0,340624032.0,15.2,15.2,14.73,14.88,True,健康元,False
2020-12-21,149.765,151.054,147.484,148.873,196471.0,289991196.0,14.85,14.98,14.62,14.76,True,健康元,False
2020-12-22,148.377,153.434,147.881,149.071,267224.0,394957072.0,14.71,15.22,14.66,14.78,True,健康元,False
2020-12-23,149.071,150.261,145.303,147.286,227617.0,332320820.0,14.78,14.9,14.4,14.6,True,健康元,False
2020-12-24,147.286,147.385,140.84,140.94,279479.0,390152684.0,14.6,14.61,13.95,13.96,True,健康元,False
2020-12-25,139.353,140.444,136.874,140.245,215007.0,298644723.0,13.8,13.91,13.55,13.89,True,健康元,False
2020-12-28,138.361,139.452,133.502,133.998,260266.0,345112716.0,13.7,13.81,13.21,13.26,True,健康元,False
2020-12-29,135.089,145.104,134.692,141.733,302090.0,424134360.0,13.37,14.38,13.33,14.04,True,健康元,False
2020-12-30,142.328,142.725,138.659,139.353,161526.0,222905880.0,14.1,14.14,13.73,13.8,True,健康元,False
2020-12-31,139.849,142.328,137.667,140.444,169600.0,235913600.0,13.85,14.1,13.63,13.91,True,健康元,False
2021-01-04,140.444,146.195,138.461,146.096,289053.0,418548744.0,13.91,14.49,13.71,14.48,True,健康元,False
2021-01-05,146.096,150.459,144.311,150.063,285921.0,425450448.0,14.48,14.92,14.3,14.88,True,健康元,False
2021-01-06,151.054,152.641,149.071,152.442,333905.0,504864360.0,14.98,15.14,14.78,15.12,True,健康元,False
2021-01-07,153.236,153.533,143.518,147.385,349968.0,511303248.0,15.2,15.23,14.22,14.61,True,健康元,False
2021-01-08,146.394,148.575,142.923,143.419,259743.0,369094803.0,14.51,14.73,14.16,14.21,True,健康元,False
2021-01-11,143.617,146.691,140.345,141.138,220189.0,307824222.0,14.23,14.54,13.9,13.98,True,健康元,False
2021-01-12,140.94,146.294,140.146,144.212,189328.0,270549712.0,13.96,14.5,13.88,14.29,True,健康元,False
2021-01-13,142.824,143.518,138.461,139.155,272627.0,375680006.0,14.15,14.22,13.71,13.78,True,健康元,False
2021-01-14,138.262,140.245,135.783,139.055,170749.0,235121373.0,13.69,13.89,13.44,13.77,True,健康元,False
2021-01-15,139.254,140.84,137.866,138.361,137771.0,188746270.0,13.79,13.95,13.65,13.7,True,健康元,False
2021-01-18,137.965,138.163,134.891,136.378,192898.0,260412300.0,13.66,13.68,13.35,13.5,True,健康元,False
2021-01-19,136.279,141.832,134.891,140.047,249016.0,345385192.0,13.49,14.05,13.35,13.87,True,健康元,False
2021-01-20,138.956,139.849,136.279,138.262,182956.0,250466764.0,13.76,13.85,13.49,13.69,True,健康元,False
2021-01-21,138.461,140.345,137.271,137.965,203435.0,277892210.0,13.71,13.9,13.59,13.66,True,健康元,False
2021-01-22,137.37,142.03,135.684,141.832,332653.0,467377465.0,13.6,14.07,13.43,14.05,True,健康元,False
2021-01-25,144.311,145.799,138.361,138.758,368800.0,506731200.0,14.3,14.45,13.7,13.74,True,健康元,False
2021-01-26,137.171,138.163,133.403,134.791,233335.0,311268890.0,13.58,13.68,13.2,13.34,True,健康元,False
2021-01-27,136.378,136.676,134.494,136.378,125689.0,169680150.0,13.5,13.53,13.31,13.5,True,健康元,False
2021-01-28,135.386,135.386,126.66,128.148,348628.0,441711676.0,13.4,13.4,12.52,12.67,True,健康元,False
2021-01-29,128.941,129.536,123.388,124.181,225962.0,277255374.0,12.75,12.81,12.19,12.27,True,健康元,False
2021-02-01,123.884,126.065,122.099,124.379,168153.0,206660037.0,12.24,12.46,12.06,12.29,True,健康元,False
2021-02-02,124.479,125.966,122.495,123.388,154119.0,187871061.0,12.3,12.45,12.1,12.19,True,健康元,False
2021-02-03,123.388,123.884,119.322,120.215,263556.0,312840972.0,12.19,12.24,11.78,11.87,True,健康元,False
2021-02-04,120.215,121.305,115.356,117.14,275748.0,318764688.0,11.87,11.98,11.38,11.56,True,健康元,False
2021-02-05,118.132,121.107,115.752,116.347,233082.0,267578136.0,11.66,11.96,11.42,11.48,True,健康元,False
2021-02-08,116.843,124.181,116.843,120.909,276332.0,329940408.0,11.53,12.27,11.53,11.94,True,健康元,False
2021-02-09,121.504,122.991,119.52,122.396,182983.0,221226447.0,12.0,12.15,11.8,12.09,True,健康元,False
2021-02-10,122.594,130.131,122.297,128.346,395036.0,501300684.0,12.11,12.87,12.08,12.69,True,健康元,False
2021-02-18,130.527,131.222,126.858,128.643,304606.0,387458832.0,12.91,12.98,12.54,12.72,True,健康元,False
2021-02-19,127.255,131.122,126.561,130.726,239367.0,309501531.0,12.58,12.97,12.51,12.93,True,健康元,False
2021-02-22,131.321,132.907,129.536,130.627,238662.0,308351304.0,12.99,13.15,12.81,12.92,True,健康元,False
2021-02-23,130.23,133.403,127.156,131.321,264663.0,343797237.0,12.88,13.2,12.57,12.99,True,健康元,False
2021-02-24,131.42,131.717,127.255,128.842,205642.0,261987908.0,13.0,13.03,12.58,12.74,True,健康元,False
2021-02-25,129.238,129.238,124.578,125.173,215247.0,266260539.0,12.78,12.78,12.31,12.37,True,健康元,False
2021-02-26,123.983,127.949,123.586,125.173,173491.0,214608367.0,12.25,12.65,12.21,12.37,True,健康元,False
2021-03-01,125.371,134.593,125.371,134.593,368823.0,491272236.0,12.39,13.32,12.39,13.32,True,健康元,False
2021-03-02,134.593,134.593,130.527,131.916,223017.0,291037185.0,13.32,13.32,12.91,13.05,True,健康元,False
2021-03-03,131.618,133.701,131.023,132.213,150848.0,197309184.0,13.02,13.23,12.96,13.08,True,健康元,False
2021-03-04,131.42,131.916,128.247,129.833,178184.0,228788256.0,13.0,13.05,12.68,12.84,True,健康元,False
2021-03-05,128.544,131.321,128.544,130.726,149048.0,192719064.0,12.71,12.99,12.71,12.93,True,健康元,False
2021-03-08,131.321,131.916,126.164,127.057,198684.0,249547104.0,12.99,13.05,12.47,12.56,True,健康元,False
2021-03-09,126.462,127.354,120.81,122.495,205167.0,248252070.0,12.5,12.59,11.93,12.1,True,健康元,False
2021-03-10,124.082,125.371,120.413,121.008,133972.0,160096540.0,12.26,12.39,11.89,11.95,True,健康元,False
2021-03-11,120.314,122.892,119.52,122.694,139361.0,168905532.0,11.88,12.14,11.8,12.12,True,健康元,False
2021-03-12,122.495,123.487,120.71,122.099,101812.0,122785272.0,12.1,12.2,11.92,12.06,True,健康元,False
2021-03-15,121.504,123.09,118.727,119.52,142493.0,168141740.0,12.0,12.16,11.72,11.8,True,健康元,False
2021-03-16,120.215,120.909,119.223,119.917,115780.0,137083520.0,11.87,11.94,11.77,11.84,True,健康元,False
2021-03-17,120.016,123.388,119.223,121.305,130151.0,155920898.0,11.85,12.19,11.77,11.98,True,健康元,False
2021-03-18,121.206,125.272,120.611,124.479,186903.0,229890690.0,11.97,12.38,11.91,12.3,True,健康元,False
2021-03-19,123.289,132.412,122.594,130.131,378930.0,487682910.0,12.18,13.1,12.11,12.87,True,健康元,False
2021-03-22,130.131,132.808,128.544,132.312,239810.0,313911290.0,12.87,13.14,12.71,13.09,True,健康元,False
2021-03-23,133.205,135.188,130.924,132.808,248939.0,327105846.0,13.18,13.38,12.95,13.14,True,健康元,False
2021-03-24,133.007,135.188,130.131,130.527,204672.0,264231552.0,13.16,13.38,12.87,12.91,True,健康元,False
2021-03-25,130.527,134.097,129.139,132.015,161696.0,211174976.0,12.91,13.27,12.77,13.06,True,健康元,False
2021-03-26,130.627,132.907,130.23,130.627,145568.0,188073856.0,12.92,13.15,12.88,12.92,True,健康元,False
2021-03-29,130.428,131.222,128.544,130.428,131207.0,169257030.0,12.9,12.98,12.71,12.9,True,健康元,False
2021-03-30,130.627,132.114,129.04,131.42,118269.0,153749700.0,12.92,13.07,12.76,13.0,True,健康元,False
2021-03-31,129.833,130.726,128.048,129.635,119542.0,153252844.0,12.84,12.93,12.66,12.82,True,健康元,False
2021-04-01,129.635,134.791,129.437,133.403,242934.0,320672880.0,12.82,13.34,12.8,13.2,True,健康元,False
2021-04-02,133.602,134.197,131.817,132.114,155651.0,203435857.0,13.22,13.28,13.04,13.07,True,健康元,False
2021-04-06,131.618,131.916,129.238,130.527,132761.0,171394451.0,13.02,13.05,12.78,12.91,True,健康元,False
2021-04-07,131.023,131.222,129.437,130.527,114266.0,147517406.0,12.96,12.98,12.8,12.91,True,健康元,False
2021-04-08,130.23,133.899,129.635,133.007,176807.0,232678012.0,12.88,13.25,12.82,13.16,True,健康元,False
2021-04-09,132.61,134.891,131.916,132.511,147821.0,193793331.0,13.12,13.35,13.05,13.11,True,健康元,False
2021-04-12,132.709,133.007,128.643,129.734,142598.0,182953234.0,13.13,13.16,12.72,12.83,True,健康元,False
2021-04-13,129.04,129.833,123.586,124.677,211591.0,260680112.0,12.76,12.84,12.21,12.32,True,健康元,False
2021-04-14,125.074,133.403,125.074,132.114,284248.0,371512136.0,12.36,13.2,12.36,13.07,True,健康元,False
2021-04-15,132.114,133.502,130.627,133.205,145803.0,192168354.0,13.07,13.21,12.92,13.18,True,健康元,False
2021-04-16,133.8,137.866,133.8,135.783,196289.0,263812416.0,13.24,13.65,13.24,13.44,True,健康元,False
2021-04-19,135.386,136.576,134.494,135.981,178393.0,240116978.00000003,13.4,13.52,13.31,13.46,True,健康元,False
2021-04-20,135.287,138.857,134.791,136.081,185691.0,250125777.0,13.39,13.75,13.34,13.47,True,健康元,False
2021-04-21,135.089,140.146,134.791,139.849,214948.0,297702980.0,13.37,13.88,13.34,13.85,True,健康元,False
2021-04-22,140.642,145.104,139.155,141.634,286188.0,401521764.0,13.93,14.38,13.78,14.03,True,健康元,False
2021-04-23,140.84,142.526,138.659,141.039,204091.0,285115127.0,13.95,14.12,13.73,13.97,True,健康元,False
2021-04-26,142.824,146.493,141.336,141.832,322227.0,452728935.0,14.15,14.52,14.0,14.05,True,健康元,False
2021-04-27,140.245,146.096,140.047,143.914,275866.0,393384916.0,13.89,14.48,13.87,14.26,True,健康元,False
2021-04-28,145.402,146.989,143.319,145.501,252131.0,363572902.0,14.41,14.57,14.2,14.42,True,健康元,False
2021-04-29,145.6,149.269,144.311,148.575,276714.0,407599722.0,14.43,14.8,14.3,14.73,True,健康元,False
2021-04-30,147.881,150.459,146.096,148.278,248971.0,365987370.0,14.66,14.92,14.48,14.7,True,健康元,False
2021-05-06,148.079,148.178,143.121,145.699,275039.0,397156316.0,14.68,14.69,14.18,14.44,True,健康元,False
2021-05-07,145.6,147.583,141.336,141.435,255983.0,358632183.0,14.43,14.63,14.0,14.01,True,健康元,False
2021-05-10,141.336,145.501,141.237,141.832,163241.0,229353605.0,14.0,14.42,13.99,14.05,True,健康元,False
2021-05-11,140.444,145.104,138.857,144.609,187366.0,268495478.0,13.91,14.38,13.75,14.33,True,健康元,False
2021-05-12,144.509,154.525,143.815,154.029,468699.0,716172072.0,14.32,15.33,14.25,15.28,True,健康元,False
2021-05-13,152.74,165.433,152.343,161.764,633300.0,1017079800.0,15.15,16.43,15.11,16.06,True,健康元,False
2021-05-14,161.764,171.482,161.169,168.309,643355.0,1075689560.0,16.06,17.04,16.0,16.72,True,健康元,False
2021-05-17,168.309,177.035,164.144,166.127,624908.0,1031098200.0,16.72,17.6,16.3,16.5,True,健康元,False
2021-05-18,168.11,168.903,157.5,158.789,389090.0,613205840.0,16.7,16.78,15.63,15.76,True,健康元,False
2021-05-19,158.987,159.285,154.525,156.31,285981.0,443556531.0,15.78,15.81,15.33,15.51,True,健康元,False
2021-05-20,157.103,157.996,154.029,154.426,330910.0,506954120.0,15.59,15.68,15.28,15.32,True,健康元,False
2021-05-21,155.219,156.508,150.955,151.55,278897.0,419182191.0,15.4,15.53,14.97,15.03,True,健康元,False
2021-05-24,151.253,153.732,147.187,152.442,262045.0,396212040.0,15.0,15.25,14.59,15.12,True,健康元,False
2021-05-25,151.748,156.111,151.352,153.831,303972.0,463861272.0,15.05,15.49,15.01,15.26,True,健康元,False
2021-05-26,154.128,155.318,151.55,154.029,236042.0,360672176.0,15.29,15.41,15.03,15.28,True,健康元,False
2021-05-27,154.227,154.922,150.063,152.74,238839.0,361841085.0,15.3,15.37,14.88,15.15,True,健康元,False
2021-05-28,152.244,152.442,147.98,149.468,276345.0,409543290.0,15.1,15.12,14.67,14.82,True,健康元,False
2021-05-31,149.17,151.253,146.592,148.476,271839.0,400147008.0,14.79,15.0,14.53,14.72,True,健康元,False
2021-06-01,149.567,151.847,145.799,146.493,250076.0,363110352.0,14.83,15.06,14.45,14.52,True,健康元,False
2021-06-02,146.493,147.286,142.824,143.121,263354.0,373435972.0,14.52,14.6,14.15,14.18,True,健康元,False
2021-06-03,143.419,145.104,141.535,141.634,199705.0,280186115.0,14.21,14.38,14.02,14.03,True,健康元,False
2021-06-04,141.634,147.088,141.138,144.906,283767.0,407489412.0,14.03,14.58,13.98,14.36,True,健康元,False
2021-06-07,145.005,147.881,143.319,145.997,259093.0,374907571.0,14.37,14.66,14.2,14.47,True,健康元,False
2021-06-08,146.096,147.683,143.319,144.41,233372.0,333955332.0,14.48,14.64,14.2,14.31,True,健康元,False
2021-06-09,143.319,143.518,139.155,139.948,328861.0,455801346.0,14.2,14.22,13.78,13.86,True,健康元,False
2021-06-10,139.551,141.733,139.155,140.444,152349.0,211917459.0,13.82,14.04,13.78,13.91,True,健康元,False
2021-06-11,140.345,142.526,139.155,141.634,171996.0,241310388.0,13.9,14.12,13.78,14.03,True,健康元,False
2021-06-15,141.931,142.526,134.296,137.866,343918.0,469448070.0,14.06,14.12,13.29,13.65,True,健康元,False
2021-06-16,137.866,139.75,136.378,136.676,140557.0,190173621.0,13.65,13.84,13.5,13.53,True,健康元,False
2021-06-17,136.676,142.13,136.576,140.444,170476.0,237132116.0,13.53,14.08,13.52,13.91,True,健康元,False
2021-06-18,140.642,141.336,137.965,139.353,133571.0,184327980.0,13.93,14.0,13.66,13.8,True,健康元,False
2021-06-21,139.353,145.402,138.956,143.914,207365.0,295702490.0,13.8,14.41,13.76,14.26,True,健康元,False
2021-06-22,145.303,146.294,142.427,145.303,182273.0,262473120.0,14.4,14.5,14.11,14.4,True,健康元,False
2021-06-23,145.997,151.55,142.824,149.269,358420.0,530461600.0,14.47,15.03,14.15,14.8,True,健康元,False
2021-06-24,148.674,148.773,143.319,144.113,249008.0,355583424.0,14.74,14.75,14.2,14.28,True,健康元,False
2021-06-25,144.979,144.979,140.22,142.996,230753.0,323515706.0,14.22,14.22,13.74,14.02,True,健康元,False
2021-06-28,142.6,143.69,140.616,141.41,178547.0,247466142.0,13.98,14.09,13.78,13.86,True,健康元,False
2021-06-29,141.806,142.798,139.426,139.526,155609.0,212717503.0,13.9,14.0,13.66,13.67,True,健康元,False
2021-06-30,139.228,141.31,138.732,140.12,139170.0,191080410.0,13.64,13.85,13.59,13.73,True,健康元,False
2021-07-01,140.418,145.574,139.823,143.79,257667.0,363310470.0,13.76,14.28,13.7,14.1,True,健康元,False
2021-07-02,143.591,144.979,138.732,139.129,199533.0,271963479.0,14.08,14.22,13.59,13.63,True,健康元,False
2021-07-05,137.939,137.939,131.196,132.485,306233.0,396877968.0,13.51,13.51,12.83,12.96,True,健康元,False
2021-07-06,133.179,133.179,130.403,131.592,174157.0,224140059.0,13.03,13.03,12.75,12.87,True,健康元,False
2021-07-07,131.592,132.882,130.898,132.386,107479.0,139185305.0,12.87,13.0,12.8,12.95,True,健康元,False
2021-07-08,132.782,133.179,129.51,129.808,153182.0,194387958.0,12.99,13.03,12.66,12.69,True,健康元,False
2021-07-09,129.808,131.097,128.419,130.204,109978.0,140001994.0,12.69,12.82,12.55,12.73,True,健康元,False
2021-07-12,130.7,132.287,129.708,131.394,112277.0,144275945.0,12.78,12.94,12.68,12.85,True,健康元,False
2021-07-13,131.394,133.774,130.898,133.477,132133.0,172565698.0,12.85,13.09,12.8,13.06,True,健康元,False
2021-07-14,133.477,134.766,131.692,133.873,130212.0,170577720.0,13.06,13.19,12.88,13.1,True,健康元,False
2021-07-15,133.377,133.377,131.097,131.493,101277.0,130242222.0,13.05,13.05,12.82,12.86,True,健康元,False
2021-07-16,130.898,132.782,130.204,131.592,87503.0,112616361.0,12.8,12.99,12.73,12.87,True,健康元,False
2021-07-19,131.89,132.485,130.403,131.196,103123.0,132306809.0,12.9,12.96,12.75,12.83,True,健康元,False
2021-07-20,131.196,132.584,130.7,131.692,112716.0,145178208.0,12.83,12.97,12.78,12.88,True,健康元,False
2021-07-21,131.89,132.683,130.006,130.403,143945.0,183529875.0,12.9,12.98,12.71,12.75,True,健康元,False
2021-07-22,130.502,130.502,125.345,126.535,236479.0,292288044.0,12.76,12.76,12.24,12.36,True,健康元,False
2021-07-23,125.544,126.436,122.47,123.858,222011.0,268411299.0,12.26,12.35,11.95,12.09,True,健康元,False
2021-07-26,123.659,124.949,120.982,121.478,202082.0,239467170.0,12.07,12.2,11.8,11.85,True,健康元,False
2021-07-27,121.478,122.866,118.305,118.9,219215.0,254070185.0,11.85,11.99,11.53,11.59,True,健康元,False
2021-07-28,119.891,120.585,116.321,119.197,188238.0,218732556.0,11.69,11.76,11.33,11.62,True,健康元,False
2021-07-29,121.18,121.676,117.908,118.404,176040.0,203150160.0,11.82,11.87,11.49,11.54,True,健康元,False
2021-07-30,118.602,122.271,116.123,120.784,172964.0,203751592.0,11.56,11.93,11.31,11.78,True,健康元,False
2021-08-02,121.379,123.759,119.098,122.271,170544.0,203458992.0,11.84,12.08,11.61,11.93,True,健康元,False
2021-08-03,122.172,126.139,121.577,125.345,210599.0,257773176.0,11.92,12.32,11.86,12.24,True,健康元,False
2021-08-04,124.75,128.221,124.453,125.742,200409.0,246102252.0,12.18,12.53,12.15,12.28,True,健康元,False
2021-08-05,125.147,126.932,123.858,124.849,145717.0,177629023.0,12.22,12.4,12.09,12.19,True,健康元,False
2021-08-06,124.354,124.552,121.081,123.759,155549.0,187903192.0,12.14,12.16,11.81,12.08,True,健康元,False
2021-08-09,122.866,126.337,121.875,124.949,135436.0,165231920.0,11.99,12.34,11.89,12.2,True,健康元,False
2021-08-10,125.048,126.039,124.254,125.246,98916.0,120974268.0,12.21,12.31,12.13,12.23,True,健康元,False
2021-08-11,125.643,126.535,124.949,125.444,102312.0,125332200.0,12.27,12.36,12.2,12.25,True,健康元,False
2021-08-12,125.246,126.535,124.155,124.254,101886.0,123587718.0,12.23,12.36,12.12,12.13,True,健康元,False
2021-08-13,124.354,124.849,122.569,124.056,86624.0,104901664.0,12.14,12.19,11.96,12.11,True,健康元,False
2021-08-16,123.957,125.246,123.064,124.552,85379.0,103820864.0,12.1,12.23,12.01,12.16,True,健康元,False
2021-08-17,124.254,125.048,121.081,121.18,124128.0,146719296.0,12.13,12.21,11.81,11.82,True,健康元,False
2021-08-18,121.379,123.362,120.288,122.866,126798.0,152030802.0,11.84,12.04,11.73,11.99,True,健康元,False
2021-08-19,122.073,124.453,121.974,122.47,91289.0,109090355.0,11.91,12.15,11.9,11.95,True,健康元,False
2021-08-20,122.767,122.767,118.503,119.891,152162.0,177877378.0,11.98,11.98,11.55,11.69,True,健康元,False
2021-08-23,119.594,121.18,118.503,119.098,178635.0,207395235.0,11.66,11.82,11.55,11.61,True,健康元,False
2021-08-24,118.9,121.379,118.602,120.982,123501.0,145731180.0,11.59,11.84,11.56,11.8,True,健康元,False
2021-08-25,120.189,124.651,118.999,123.362,165781.0,199600324.0,11.72,12.17,11.6,12.04,True,健康元,False
2021-08-26,122.866,122.965,119.296,120.685,249881.0,294109937.0,11.99,12.0,11.63,11.77,True,健康元,False
2021-08-27,121.974,122.47,118.701,118.999,159400.0,184904000.0,11.9,11.95,11.57,11.6,True,健康元,False
2021-08-30,118.701,118.701,113.148,113.347,243626.0,268719478.0,11.57,11.57,11.01,11.03,True,健康元,False
2021-08-31,112.157,114.536,112.057,113.446,130446.0,144012384.0,10.91,11.15,10.9,11.04,True,健康元,False
2021-09-01,113.446,115.925,110.967,115.429,147946.0,166291304.0,11.04,11.29,10.79,11.24,True,健康元,False
2021-09-02,114.834,117.71,114.735,116.718,134565.0,153000405.0,11.18,11.47,11.17,11.37,True,健康元,False
2021-09-03,116.916,121.974,116.321,120.685,180416.0,212349632.0,11.39,11.9,11.33,11.77,True,健康元,False
2021-09-06,120.784,122.668,120.189,122.073,177280.0,211140480.0,11.78,11.97,11.72,11.91,True,健康元,False
2021-09-07,122.073,124.453,121.18,123.362,151958.0,182957432.0,11.91,12.15,11.82,12.04,True,健康元,False
2021-09-08,123.461,125.444,122.668,125.048,159125.0,194291625.0,12.05,12.25,11.97,12.21,True,健康元,False
2021-09-09,125.147,126.337,124.155,125.643,120390.0,147718530.0,12.22,12.34,12.12,12.27,True,健康元,False
2021-09-10,125.643,126.238,123.362,123.659,132623.0,160075961.0,12.27,12.33,12.04,12.07,True,健康元,False
2021-09-13,123.461,125.444,123.263,123.957,112425.0,136034250.0,12.05,12.25,12.03,12.1,True,健康元,False
2021-09-14,123.957,125.94,122.37,122.668,116709.0,139700673.0,12.1,12.3,11.94,11.97,True,健康元,False
2021-09-15,122.271,123.461,120.883,121.478,95438.0,113094030.0,11.93,12.05,11.79,11.85,True,健康元,False
2021-09-16,122.47,130.403,121.974,124.453,287693.0,349546995.0,11.95,12.75,11.9,12.15,True,健康元,False
2021-09-17,125.444,127.229,122.569,126.337,213024.0,262871616.0,12.25,12.43,11.96,12.34,True,健康元,False
2021-09-22,126.337,126.634,122.073,123.56,165488.0,199578528.0,12.34,12.37,11.91,12.06,True,健康元,False
2021-09-23,122.668,125.444,122.172,123.263,102486.0,123290658.0,11.97,12.25,11.92,12.03,True,健康元,False
2021-09-24,123.263,124.949,122.47,123.957,132210.0,159974100.0,12.03,12.2,11.95,12.1,True,健康元,False
2021-09-27,123.858,123.858,119.693,121.478,156659.0,185640915.0,12.09,12.09,11.67,11.85,True,健康元,False
2021-09-28,121.478,121.775,118.8,119.495,109265.0,127293725.0,11.85,11.88,11.58,11.65,True,健康元,False
2021-09-29,118.8,119.792,115.429,116.222,123370.0,139654840.0,11.58,11.68,11.24,11.32,True,健康元,False
2021-09-30,116.817,117.809,116.421,116.817,73637.0,83798906.0,11.38,11.48,11.34,11.38,True,健康元,False
2021-10-08,116.817,122.073,116.222,120.486,141806.0,166622050.0,11.38,11.91,11.32,11.75,True,健康元,False
2021-10-11,120.982,123.362,119.098,121.577,88372.0,104809192.0,11.8,12.04,11.61,11.86,True,健康元,False
2021-10-12,120.982,122.172,119.197,120.189,73640.0,86306080.0,11.8,11.92,11.62,11.72,True,健康元,False
2021-10-13,119.99,121.081,119.495,120.784,60784.0,71603552.0,11.7,11.81,11.65,11.78,True,健康元,False
2021-10-14,120.982,121.379,119.495,119.99,52852.0,61836839.99999999,11.8,11.84,11.65,11.7,True,健康元,False
2021-10-15,119.99,119.99,116.718,117.115,100768.0,114976288.0,11.7,11.7,11.37,11.41,True,健康元,False
2021-10-18,116.817,116.817,114.239,114.636,106999.0,119410884.0,11.38,11.38,11.12,11.16,True,健康元,False
2021-10-19,114.636,115.826,114.041,115.032,77459.0,86754080.0,11.16,11.28,11.1,11.2,True,健康元,False
2021-10-20,115.33,115.528,113.545,113.942,93059.0,103202431.0,11.23,11.25,11.05,11.09,True,健康元,False
2021-10-21,113.644,114.338,112.256,113.247,81067.0,89335834.0,11.06,11.13,10.92,11.02,True,健康元,False
2021-10-22,112.95,113.743,112.057,112.95,68479.0,75258421.0,10.99,11.07,10.9,10.99,True,健康元,False
2021-10-25,113.049,113.446,112.057,112.454,83436.0,91278984.0,11.0,11.04,10.9,10.94,True,健康元,False
2021-10-26,112.553,113.049,110.57,110.967,119064.0,128470056.0,10.95,11.0,10.75,10.79,True,健康元,False
2021-10-27,114.536,116.817,113.545,115.131,212945.0,238711345.00000003,11.15,11.38,11.05,11.21,True,健康元,False
2021-10-28,114.14,115.726,113.644,114.437,147896.0,164756144.0,11.11,11.27,11.06,11.14,True,健康元,False
2021-10-29,114.437,118.9,114.14,118.305,177169.0,204275857.0,11.14,11.59,11.11,11.53,True,健康元,False
2021-11-01,118.404,121.18,117.71,120.883,148454.0,175027266.0,11.54,11.82,11.47,11.79,True,健康元,False
2021-11-02,120.982,121.775,119.594,119.99,150596.0,176197320.0,11.8,11.88,11.66,11.7,True,健康元,False
2021-11-03,120.486,122.073,119.99,120.685,86658.0,101996466.0,11.75,11.91,11.7,11.77,True,健康元,False
2021-11-04,120.585,121.775,120.09,121.775,85722.0,101837736.0,11.76,11.88,11.71,11.88,True,健康元,False
2021-11-05,121.875,122.271,119.594,120.288,71981.0,84433713.0,11.89,11.93,11.66,11.73,True,健康元,False
2021-11-08,119.891,120.883,117.611,119.99,96009.0,112330530.0,11.69,11.79,11.46,11.7,True,健康元,False
2021-11-09,120.486,121.676,119.792,120.387,69175.0,81211450.0,11.75,11.87,11.68,11.74,True,健康元,False
2021-11-10,120.486,122.47,119.594,121.28,123676.0,146308708.0,11.75,11.95,11.66,11.83,True,健康元,False
2021-11-11,121.775,121.974,120.685,120.883,82123.0,96823017.0,11.88,11.9,11.77,11.79,True,健康元,False
2021-11-12,120.982,121.577,120.189,120.784,73185.0,86211930.0,11.8,11.86,11.72,11.78,True,健康元,False
2021-11-15,120.784,124.849,120.784,122.767,117685.0,140986630.0,11.78,12.19,11.78,11.98,True,健康元,False
2021-11-16,124.155,126.734,123.362,123.858,172832.0,208953888.0,12.12,12.38,12.04,12.09,True,健康元,False
2021-11-17,123.957,124.453,122.073,123.164,109526.0,131650252.0,12.1,12.15,11.91,12.02,True,健康元,False
2021-11-18,122.965,123.064,120.189,120.486,114265.0,134261375.0,12.0,12.01,11.72,11.75,True,健康元,False
2021-11-19,120.09,121.676,119.693,121.28,87023.0,102948209.0,11.71,11.87,11.67,11.83,True,健康元,False
2021-11-22,121.577,121.875,119.99,120.09,80963.0,94807673.0,11.86,11.89,11.7,11.71,True,健康元,False
2021-11-23,120.189,121.478,119.594,120.585,82861.0,97444536.0,11.72,11.85,11.66,11.76,True,健康元,False
2021-11-24,120.387,123.56,120.288,122.965,121629.0,145954800.0,11.74,12.06,11.73,12.0,True,健康元,False
2021-11-25,123.659,124.849,121.974,123.957,114503.0,138548630.0,12.07,12.19,11.9,12.1,True,健康元,False
2021-11-26,124.75,125.147,123.263,123.858,99210.0,119944890.0,12.18,12.22,12.03,12.09,True,健康元,False
2021-11-29,125.643,126.734,122.271,123.263,175410.0,211018230.0,12.27,12.38,11.93,12.03,True,健康元,False
2021-11-30,122.866,123.164,121.081,122.569,127782.0,152827272.0,11.99,12.02,11.81,11.96,True,健康元,False
2021-12-01,121.875,123.362,121.775,122.866,86435.0,103635565.0,11.89,12.04,11.88,11.99,True,健康元,False
2021-12-02,122.47,123.858,120.189,120.784,142646.0,168036988.0,11.95,12.09,11.72,11.78,True,健康元,False
2021-12-03,120.784,121.478,118.8,119.197,144678.0,168115836.0,11.78,11.85,11.58,11.62,True,健康元,False
2021-12-06,119.693,120.09,117.115,117.313,107023.0,122327289.0,11.67,11.71,11.41,11.43,True,健康元,False
2021-12-07,120.189,123.263,119.891,120.685,205022.0,241310894.0,11.72,12.03,11.69,11.77,True,健康元,False
2021-12-08,119.693,120.784,118.8,120.387,114347.0,134243378.0,11.67,11.78,11.58,11.74,True,健康元,False
2021-12-09,120.486,124.651,120.09,124.354,235906.0,286389884.0,11.75,12.17,11.71,12.14,True,健康元,False
2021-12-10,123.659,124.949,123.064,124.254,136606.0,165703078.0,12.07,12.2,12.01,12.13,True,健康元,False
2021-12-13,124.155,124.453,122.668,122.866,127894.0,153344906.0,12.12,12.15,11.97,11.99,True,健康元,False
2021-12-14,123.064,125.444,122.965,123.56,141214.0,170304084.0,12.01,12.25,12.0,12.06,True,健康元,False
2021-12-15,123.362,124.552,122.668,122.668,102799.0,123050403.0,12.04,12.16,11.97,11.97,True,健康元,False
2021-12-16,122.767,123.362,121.974,122.47,90079.0,107644405.0,11.98,12.04,11.9,11.95,True,健康元,False
2021-12-17,122.47,122.767,119.99,121.478,119636.0,141768660.0,11.95,11.98,11.7,11.85,True,健康元,False
2021-12-20,122.073,124.056,121.081,123.858,162911.0,196959399.0,11.91,12.11,11.81,12.09,True,健康元,False
2021-12-21,123.164,124.552,122.172,123.064,109382.0,131367782.0,12.02,12.16,11.92,12.01,True,健康元,False
2021-12-22,123.064,125.94,122.47,125.742,258192.0,317059776.0,12.01,12.3,11.95,12.28,True,健康元,False
2021-12-23,126.535,126.734,121.875,122.47,223030.0,266520850.0,12.36,12.38,11.89,11.95,True,健康元,False
2021-12-24,121.775,126.238,120.982,125.345,244909.0,299768616.0,11.88,12.33,11.8,12.24,True,健康元,False
2021-12-27,124.949,130.403,124.453,129.708,405287.0,513903916.0,12.2,12.75,12.15,12.68,True,健康元,False
2021-12-28,128.618,130.204,127.229,127.626,207821.0,259152787.0,12.57,12.73,12.43,12.47,True,健康元,False
2021-12-29,127.527,129.708,126.833,127.824,173233.0,216368017.0,12.46,12.68,12.39,12.49,True,健康元,False
2021-12-30,128.221,128.518,126.139,128.122,162679.0,203674108.0,12.53,12.56,12.32,12.52,True,健康元,False
2021-12-31,127.824,132.683,127.229,131.295,320764.0,411860976.0,12.49,12.98,12.43,12.84,True,健康元,False
2022-01-04,132.882,138.236,131.592,137.146,504710.0,677825530.0,13.0,13.54,12.87,13.43,True,健康元,False
2022-01-05,135.262,135.856,131.89,134.27,356192.0,468036288.0,13.24,13.3,12.9,13.14,True,健康元,False
2022-01-06,133.774,138.236,132.088,137.84,394388.0,532423800.0,13.09,13.54,12.92,13.5,True,健康元,False
2022-01-07,136.848,139.922,135.559,137.245,344921.0,463573824.0,13.4,13.71,13.27,13.44,True,健康元,False
2022-01-10,137.84,139.724,136.451,137.344,243668.0,327733460.0,13.5,13.69,13.36,13.45,True,健康元,False
2022-01-11,135.956,139.228,134.468,135.162,273057.0,361254411.0,13.31,13.64,13.16,13.23,True,健康元,False
2022-01-12,135.063,135.856,131.89,132.683,289994.0,376412212.0,13.22,13.3,12.9,12.98,True,健康元,False
2022-01-13,132.782,133.675,128.915,129.411,256123.0,323995595.0,12.99,13.08,12.6,12.65,True,健康元,False
2022-01-14,129.808,131.791,129.808,130.998,203856.0,261139536.0,12.69,12.89,12.69,12.81,True,健康元,False
2022-01-17,132.386,133.774,130.303,130.998,242693.0,310889733.0,12.95,13.09,12.74,12.81,True,健康元,False
2022-01-18,131.592,132.782,128.023,128.816,290038.0,365157842.0,12.87,12.99,12.51,12.59,True,健康元,False
2022-01-19,129.014,130.403,128.419,129.411,156749.0,198287485.0,12.61,12.75,12.55,12.65,True,健康元,False
2022-01-20,130.303,130.898,126.535,127.626,209994.0,261862518.0,12.74,12.8,12.36,12.47,True,健康元,False
2022-01-21,127.626,128.419,124.949,125.444,216339.0,265015275.0,12.47,12.55,12.2,12.25,True,健康元,False
2022-01-24,125.94,126.634,123.659,125.444,134141.0,164322725.0,12.3,12.37,12.07,12.25,True,健康元,False
2022-01-25,125.246,125.444,120.09,120.585,173883.0,204486408.0,12.23,12.25,11.71,11.76,True,健康元,False
2022-01-26,120.585,121.577,118.206,119.197,149721.0,173975802.0,11.76,11.86,11.52,11.62,True,健康元,False
2022-01-27,119.891,120.09,116.817,117.908,123214.0,141572886.0,11.69,11.71,11.38,11.49,True,健康元,False
2022-01-28,119.098,121.478,117.214,119.99,144864.0,169490880.0,11.61,11.85,11.42,11.7,True,健康元,False
2022-02-07,121.478,123.164,120.189,121.676,130315.0,154683905.0,11.85,12.02,11.72,11.87,True,健康元,False
2022-02-08,120.784,121.974,120.09,121.577,95051.0,112730486.0,11.78,11.9,11.71,11.86,True,健康元,False
2022-02-09,121.875,123.56,121.577,123.263,93464.0,112437192.0,11.89,12.06,11.86,12.03,True,健康元,False
2022-02-10,123.858,124.849,122.668,123.858,108359.0,131006031.0,12.09,12.19,11.97,12.09,True,健康元,False
2022-02-11,123.858,124.056,121.18,121.974,125722.0,149609180.0,12.09,12.11,11.82,11.9,True,健康元,False
2022-02-14,121.775,122.47,120.982,121.974,103497.0,123161430.0,11.88,11.95,11.8,11.9,True,健康元,False
2022-02-15,121.875,124.75,121.18,124.75,103556.0,126131208.0,11.89,12.18,11.82,12.18,True,健康元,False
2022-02-16,124.453,125.444,123.263,124.155,78301.0,94900812.0,12.15,12.25,12.03,12.12,True,健康元,False
2022-02-17,128.915,128.915,124.453,124.949,169640.0,206960800.0,12.6,12.6,12.15,12.2,True,健康元,False
2022-02-18,124.552,126.238,123.957,125.544,78353.0,96060778.0,12.16,12.33,12.1,12.26,True,健康元,False
2022-02-21,128.419,137.344,128.419,136.253,508415.0,678225610.0,12.55,13.45,12.55,13.34,True,健康元,False
2022-02-22,133.179,134.468,127.428,127.527,422272.0,526150912.00000006,13.03,13.16,12.45,12.46,True,健康元,False
2022-02-23,127.626,128.717,126.932,127.428,198271.0,246847395.0,12.47,12.58,12.4,12.45,True,健康元,False
2022-02-24,127.428,128.717,123.263,124.949,259912.0,317092640.0,12.45,12.58,12.03,12.2,True,健康元,False
2022-02-25,125.94,128.32,124.949,125.544,202776.0,248603376.0,12.3,12.54,12.2,12.26,True,健康元,False
2022-02-28,126.337,126.734,124.254,125.643,138097.0,169445019.0,12.34,12.38,12.13,12.27,True,健康元,False
2022-03-01,125.444,126.932,124.354,125.345,115493.0,141363432.0,12.25,12.4,12.14,12.24,True,健康元,False
2022-03-02,124.75,126.039,124.155,125.742,95480.0,117249440.0,12.18,12.31,12.12,12.28,True,健康元,False
2022-03-03,125.643,127.229,125.048,126.634,124984.0,154605208.0,12.27,12.43,12.21,12.37,True,健康元,False
2022-03-04,126.039,129.014,125.742,127.13,154063.0,191346246.0,12.31,12.61,12.28,12.42,True,健康元,False
2022-03-07,126.039,126.634,121.875,122.569,178837.0,213889052.00000003,12.31,12.37,11.89,11.96,True,健康元,False
2022-03-08,122.271,122.767,118.701,119.098,154029.0,178827669.0,11.93,11.98,11.57,11.61,True,健康元,False
2022-03-09,119.495,120.288,112.057,116.024,177002.0,200012260.0,11.65,11.73,10.9,11.3,True,健康元,False
2022-03-10,118.305,119.792,115.528,116.52,246888.0,280217880.0,11.53,11.68,11.25,11.35,True,健康元,False
2022-03-11,115.726,120.288,114.041,120.189,184387.0,216101564.0,11.27,11.73,11.1,11.72,True,健康元,False
2022-03-14,120.486,127.428,120.288,121.775,284123.0,337538124.0,11.75,12.45,11.73,11.88,True,健康元,False
2022-03-15,120.982,121.18,114.437,114.437,205621.0,229061794.0,11.8,11.82,11.14,11.14,True,健康元,False
2022-03-16,116.222,117.214,110.768,116.52,199695.0,226653825.0,11.32,11.42,10.77,11.35,True,健康元,False
2022-03-17,117.214,122.37,116.619,118.206,220204.0,253675008.0,11.42,11.94,11.36,11.52,True,健康元,False
2022-03-18,118.007,121.28,117.611,120.982,130404.0,153876720.0,11.5,11.83,11.46,11.8,True,健康元,False
2022-03-21,121.28,127.626,121.28,127.527,385605.0,480463830.00000006,11.83,12.47,11.83,12.46,True,健康元,False
2022-03-22,126.634,130.898,125.544,127.13,335532.0,416730744.0,12.37,12.8,12.26,12.42,True,健康元,False
2022-03-23,126.436,128.618,126.139,126.932,179608.0,222713920.0,12.35,12.57,12.32,12.4,True,健康元,False
2022-03-24,126.634,129.213,125.147,128.419,219559.0,275546545.0,12.37,12.63,12.22,12.55,True,健康元,False
2022-03-25,127.626,130.601,127.428,127.527,212641.0,264950686.00000003,12.47,12.77,12.45,12.46,True,健康元,False
2022-03-28,127.13,127.923,124.254,125.246,196954.0,240874742.0,12.42,12.5,12.13,12.23,True,健康元,False
2022-03-29,125.742,127.626,123.957,126.436,124682.0,153982270.0,12.28,12.47,12.1,12.35,True,健康元,False
2022-03-30,126.238,126.932,124.056,126.039,126787.0,156074797.0,12.33,12.4,12.11,12.31,True,健康元,False
2022-03-31,126.436,128.32,124.949,125.345,176292.0,215781408.0,12.35,12.54,12.2,12.24,True,健康元,False
2022-04-01,123.957,125.345,122.47,124.75,167371.0,203857878.0,12.1,12.24,11.95,12.18,True,健康元,False
2022-04-06,124.552,127.031,123.858,124.453,208687.0,253554705.0,12.16,12.41,12.09,12.15,True,健康元,False
2022-04-07,124.056,124.453,119.99,120.585,221958.0,261022608.0,12.11,12.15,11.7,11.76,True,健康元,False
2022-04-08,120.982,121.379,117.611,119.891,179481.0,209813289.0,11.8,11.84,11.46,11.69,True,健康元,False
2022-04-11,119.495,119.792,114.834,115.627,178162.0,200610412.0,11.65,11.68,11.18,11.26,True,健康元,False
2022-04-12,115.231,116.52,112.752,115.726,151866.0,171152982.0,11.22,11.35,10.97,11.27,True,健康元,False
2022-04-13,115.528,115.826,112.752,113.049,163772.0,180149200.0,11.25,11.28,10.97,11.0,True,健康元,False
2022-04-14,114.636,115.528,113.545,115.231,102541.0,115051002.0,11.16,11.25,11.05,11.22,True,健康元,False
2022-04-15,114.14,115.826,113.942,114.536,83096.0,92652040.0,11.11,11.28,11.09,11.15,True,健康元,False
2022-04-18,114.041,114.933,112.157,114.239,82370.0,91595440.0,11.1,11.19,10.91,11.12,True,健康元,False
2022-04-19,114.536,117.908,113.446,116.321,161144.0,182576152.0,11.15,11.49,11.04,11.33,True,健康元,False
2022-04-20,116.024,118.206,115.032,116.024,136457.0,154196410.0,11.3,11.52,11.2,11.3,True,健康元,False
2022-04-21,115.032,115.231,111.066,111.562,177775.0,192885875.0,11.2,11.22,10.8,10.85,True,健康元,False
2022-04-22,111.363,112.851,109.876,112.256,123681.0,135059652.0,10.83,10.98,10.68,10.92,True,健康元,False
2022-04-25,114.041,117.313,111.066,111.462,293981.0,318675404.0,11.1,11.43,10.8,10.84,True,健康元,False
2022-04-26,113.247,113.247,106.901,107.099,245550.0,255372000.0,11.02,11.02,10.38,10.4,True,健康元,False
2022-04-27,105.116,110.57,103.331,110.074,200698.0,214746860.0,10.2,10.75,10.02,10.7,True,健康元,False
2022-04-28,109.975,111.066,108.19,110.967,118426.0,127781654.0,10.69,10.8,10.51,10.79,True,健康元,False
2022-04-29,110.967,115.33,110.471,114.338,190277.0,211778301.0,10.79,11.23,10.74,11.13,True,健康元,False
2022-05-05,114.239,117.908,113.247,116.619,203075.0,230693200.0,11.12,11.49,11.02,11.36,True,健康元,False
2022-05-06,114.14,115.925,113.545,115.131,113808.0,127578768.0,11.11,11.29,11.05,11.21,True,健康元,False
2022-05-09,115.032,117.115,114.437,116.421,122399.0,138800466.0,11.2,11.41,11.14,11.34,True,健康元,False
2022-05-10,115.231,118.206,114.14,118.007,139060.0,159919000.0,11.22,11.52,11.11,11.5,True,健康元,False
2022-05-11,117.412,119.594,116.817,117.016,132441.0,150982740.0,11.44,11.66,11.38,11.4,True,健康元,False
2022-05-12,116.619,120.685,116.619,119.594,176707.0,206040362.0,11.36,11.77,11.36,11.66,True,健康元,False
2022-05-13,119.792,122.172,118.503,120.189,93525.0,109611300.0,11.68,11.92,11.55,11.72,True,健康元,False
2022-05-16,120.09,120.685,117.611,117.908,117749.0,135293601.0,11.71,11.77,11.46,11.49,True,健康元,False
2022-05-17,117.313,118.701,115.131,116.817,113645.0,129328010.0,11.43,11.57,11.21,11.38,True,健康元,False
2022-05-18,115.925,117.214,115.528,115.826,69311.0,78182808.0,11.29,11.42,11.25,11.28,True,健康元,False
2022-05-19,115.032,115.528,113.347,114.536,100534.0,112095410.0,11.2,11.25,11.03,11.15,True,健康元,False
2022-05-20,115.231,118.007,114.536,116.321,123314.0,139714762.0,11.22,11.5,11.15,11.33,True,健康元,False
2022-05-23,117.313,117.511,116.123,116.718,84257.0,95800209.0,11.43,11.45,11.31,11.37,True,健康元,False
2022-05-24,116.321,116.817,112.256,112.256,125827.0,137403084.0,11.33,11.38,10.92,10.92,True,健康元,False
2022-05-25,112.057,115.131,111.958,115.032,91629.0,102624480.0,10.9,11.21,10.89,11.2,True,健康元,False
2022-05-26,114.735,120.288,112.851,119.792,199797.0,233362896.0,11.17,11.73,10.98,11.68,True,健康元,False
2022-05-27,119.098,121.379,118.9,120.486,159098.0,186940150.0,11.61,11.84,11.59,11.75,True,健康元,False
2022-05-30,121.081,121.081,118.602,119.594,100701.0,117417366.0,11.81,11.81,11.56,11.66,True,健康元,False
2022-05-31,119.99,122.271,119.098,121.875,148491.0,176555799.0,11.7,11.93,11.61,11.89,True,健康元,False
2022-06-01,121.478,123.263,121.081,122.271,142900.0,170479700.0,11.85,12.03,11.81,11.93,True,健康元,False
2022-06-02,121.28,123.759,120.486,123.064,149935.0,180071935.0,11.83,12.08,11.75,12.01,True,健康元,False
2022-06-06,122.47,126.535,122.172,125.246,149762.0,183158926.0,11.95,12.36,11.92,12.23,True,健康元,False
2022-06-07,125.643,127.428,124.651,126.932,171091.0,212152840.0,12.27,12.45,12.17,12.4,True,健康元,False
2022-06-08,126.337,128.221,125.544,126.535,148381.0,183398916.0,12.34,12.53,12.26,12.36,True,健康元,False
2022-06-09,125.94,128.122,123.164,124.453,157652.0,191547180.0,12.3,12.52,12.02,12.15,True,健康元,False
2022-06-10,124.453,126.139,123.56,125.544,141262.0,173187212.0,12.15,12.32,12.06,12.26,True,健康元,False
2022-06-13,126.139,126.139,123.164,125.246,152453.0,186450019.0,12.32,12.32,12.02,12.23,True,健康元,False
2022-06-14,125.841,125.841,121.676,125.048,117593.0,143581053.0,12.29,12.29,11.87,12.21,True,健康元,False
2022-06-15,125.345,126.238,123.759,123.759,174123.0,210340584.0,12.24,12.33,12.08,12.08,True,健康元,False
2022-06-16,124.651,126.932,123.759,125.345,162512.0,198914688.0,12.17,12.4,12.08,12.24,True,健康元,False
2022-06-17,124.453,126.238,122.965,125.742,125323.0,153896644.0,12.15,12.33,12.0,12.28,True,健康元,False
2022-06-20,126.139,127.328,124.651,124.849,146841.0,178999179.0,12.32,12.44,12.17,12.19,True,健康元,False
2022-06-21,125.048,125.94,123.56,124.849,120988.0,147484372.0,12.21,12.3,12.06,12.19,True,健康元,False
2022-06-22,124.75,125.246,123.064,123.064,103649.0,124482449.0,12.18,12.23,12.01,12.01,True,健康元,False
2022-06-23,123.263,123.759,121.875,123.164,94201.0,113229602.0,12.03,12.08,11.89,12.02,True,健康元,False
2022-06-24,123.064,125.742,122.767,124.354,118465.0,143816510.0,12.01,12.28,11.98,12.14,True,健康元,False
2022-06-27,124.75,126.436,124.056,124.651,147702.0,179753334.0,12.18,12.35,12.11,12.17,True,健康元,False
2022-06-28,124.75,126.139,123.064,125.544,145918.0,178895468.0,12.18,12.32,12.01,12.26,True,健康元,False
2022-06-29,124.254,124.849,122.073,122.073,153630.0,182973330.0,12.13,12.19,11.91,11.91,True,健康元,False
2022-06-30,123.116,131.545,123.017,127.876,291010.0,359397350.0,11.87,12.72,11.86,12.35,True,健康元,False
2022-07-01,127.479,129.859,125.694,128.074,198561.0,245619957.0,12.31,12.55,12.13,12.37,True,健康元,False
2022-07-04,128.372,133.528,127.082,132.933,296184.0,380892624.0,12.4,12.92,12.27,12.86,True,健康元,False
2022-07-05,133.826,135.511,132.338,134.123,300628.0,390215144.0,12.95,13.12,12.8,12.98,True,健康元,False
2022-07-06,133.131,133.925,130.652,132.338,176409.0,225803520.0,12.88,12.96,12.63,12.8,True,健康元,False
2022-07-07,132.14,132.14,127.38,129.462,187992.0,235177992.0,12.78,12.78,12.3,12.51,True,健康元,False
2022-07-08,129.561,131.148,127.876,128.272,102953.0,127558767.0,12.52,12.68,12.35,12.39,True,健康元,False
2022-07-11,128.173,132.14,128.074,130.454,174369.0,219879309.0,12.38,12.78,12.37,12.61,True,健康元,False
2022-07-12,131.941,132.735,126.587,126.785,160499.0,196450776.0,12.76,12.84,12.22,12.24,True,健康元,False
2022-07-13,126.785,127.876,124.405,124.703,138872.0,167063016.0,12.24,12.35,12.0,12.03,True,健康元,False
2022-07-14,124.603,126.289,124.306,125.397,100497.0,121601370.0,12.02,12.19,11.99,12.1,True,健康元,False
2022-07-15,124.703,125.892,122.719,122.719,135461.0,160250363.0,12.03,12.15,11.83,11.83,True,健康元,False
2022-07-18,122.62,124.207,116.373,117.067,345593.0,389137718.0,11.82,11.98,11.19,11.26,True,健康元,False
2022-07-19,117.067,118.356,116.67,117.364,149388.0,168659052.0,11.26,11.39,11.22,11.29,True,健康元,False
2022-07-20,117.761,119.744,117.662,118.356,134782.0,153516698.0,11.33,11.53,11.32,11.39,True,健康元,False
2022-07-21,118.951,119.348,117.761,117.86,98074.0,111215916.0,11.45,11.49,11.33,11.34,True,健康元,False
2022-07-22,117.364,118.852,115.48,116.472,114869.0,128653280.0,11.29,11.44,11.1,11.2,True,健康元,False
2022-07-25,116.274,117.86,115.877,116.075,95386.0,106450776.0,11.18,11.34,11.14,11.16,True,健康元,False
2022-07-26,117.662,117.761,115.877,116.968,90012.0,101263500.0,11.32,11.33,11.14,11.25,True,健康元,False
2022-07-27,116.472,117.067,115.877,116.472,77022.0,86264640.0,11.2,11.26,11.14,11.2,True,健康元,False
2022-07-28,116.968,117.067,115.976,116.274,110378.0,123402604.0,11.25,11.26,11.15,11.18,True,健康元,False
2022-07-29,116.472,116.571,114.489,114.786,136835.0,150929005.0,11.2,11.21,11.0,11.03,True,健康元,False
2022-08-01,114.786,116.075,113.894,115.778,94426.0,105096138.0,11.03,11.16,10.94,11.13,True,健康元,False
2022-08-02,114.786,114.985,110.522,111.712,176129.0,188810288.0,11.03,11.05,10.6,10.72,True,健康元,False
2022-08-03,111.514,113.299,111.316,111.316,105649.0,112833132.0,10.7,10.88,10.68,10.68,True,健康元,False
2022-08-04,112.208,114.092,111.415,113.497,130026.0,141728340.0,10.77,10.96,10.69,10.9,True,健康元,False
2022-08-05,113.596,116.274,113.1,116.075,111703.0,124660548.0,10.91,11.18,10.86,11.16,True,健康元,False
2022-08-08,116.175,117.86,115.48,116.769,110806.0,124435138.0,11.17,11.34,11.1,11.23,True,健康元,False
2022-08-09,116.175,116.67,115.282,116.472,83365.0,93368800.0,11.17,11.22,11.08,11.2,True,健康元,False
2022-08-10,116.472,116.769,113.993,114.687,97848.0,107828496.0,11.2,11.23,10.95,11.02,True,健康元,False
2022-08-11,117.166,118.059,115.877,117.364,221930.0,250558970.0,11.27,11.36,11.14,11.29,True,健康元,False
2022-08-12,117.86,117.86,116.175,117.265,186645.0,210535560.0,11.34,11.34,11.17,11.28,True,健康元,False
2022-08-15,117.761,117.761,115.381,115.48,190193.0,211114230.0,11.33,11.33,11.09,11.1,True,健康元,False
2022-08-16,115.778,116.472,115.282,115.58,127034.0,141134774.0,11.13,11.2,11.08,11.11,True,健康元,False
2022-08-17,116.175,116.968,115.48,116.968,128941.0,145058625.0,11.17,11.25,11.1,11.25,True,健康元,False
2022-08-18,117.364,117.364,114.985,115.282,117513.0,130204404.0,11.29,11.29,11.05,11.08,True,健康元,False
2022-08-19,115.282,115.282,114.29,114.489,108499.0,119348900.0,11.08,11.08,10.98,11.0,True,健康元,False
2022-08-22,114.29,115.084,113.596,114.885,115861.0,127910544.0,10.98,11.06,10.91,11.04,True,健康元,False
2022-08-23,114.489,115.183,114.092,114.489,88609.0,97469900.0,11.0,11.07,10.96,11.0,True,健康元,False
2022-08-24,114.687,115.381,112.406,112.505,140587.0,151833960.0,11.02,11.09,10.79,10.8,True,健康元,False
2022-08-25,113.001,114.39,112.307,113.795,103646.0,113285078.0,10.85,10.99,10.78,10.93,True,健康元,False
2022-08-26,113.497,114.985,113.2,113.894,74357.0,81346558.0,10.9,11.05,10.87,10.94,True,健康元,False
2022-08-29,112.605,113.993,111.811,112.803,124903.0,135269949.0,10.81,10.95,10.73,10.83,True,健康元,False
2022-08-30,112.803,113.795,112.605,113.398,74908.0,81574812.0,10.83,10.93,10.81,10.89,True,健康元,False
2022-08-31,113.2,114.885,112.406,113.596,119575.0,130456325.0,10.87,11.04,10.79,10.91,True,健康元,False
2022-09-01,113.299,115.381,113.001,114.092,126673.0,138833608.0,10.88,11.09,10.85,10.96,True,健康元,False
2022-09-02,114.489,117.86,114.29,115.976,172331.0,192149065.0,11.0,11.34,10.98,11.15,True,健康元,False
2022-09-05,118.257,118.852,115.778,116.373,145604.0,162930876.0,11.38,11.44,11.13,11.19,True,健康元,False
2022-09-06,116.67,116.67,115.679,116.472,77648.0,86965760.0,11.22,11.22,11.12,11.2,True,健康元,False
2022-09-07,116.472,117.166,115.58,115.976,117922.0,131483030.0,11.2,11.27,11.11,11.15,True,健康元,False
2022-09-08,116.472,118.951,116.075,117.662,183805.0,208067260.0,11.2,11.45,11.16,11.32,True,健康元,False
2022-09-09,118.554,120.637,117.761,119.744,177149.0,204252797.0,11.41,11.62,11.33,11.53,True,健康元,False
2022-09-13,119.744,120.934,118.951,119.249,129266.0,148397368.0,11.53,11.65,11.45,11.48,True,健康元,False
2022-09-14,118.455,119.844,117.067,119.546,124958.0,143826658.0,11.4,11.54,11.26,11.51,True,健康元,False
2022-09-15,119.943,121.43,117.86,119.05,132375.0,151701750.0,11.55,11.7,11.34,11.46,True,健康元,False
2022-09-16,118.753,119.447,115.976,115.976,119443.0,133178945.0,11.43,11.5,11.15,11.15,True,健康元,False
2022-09-19,115.976,116.869,111.811,112.803,133576.0,144662808.0,11.15,11.24,10.73,10.83,True,健康元,False
2022-09-20,112.605,113.894,111.117,111.415,158531.0,169469639.0,10.81,10.94,10.66,10.69,True,健康元,False
2022-09-21,110.721,111.712,105.762,108.043,225543.0,233437005.0,10.62,10.72,10.12,10.35,True,健康元,False
2022-09-22,106.556,108.539,105.862,106.952,99825.0,102220800.0,10.2,10.4,10.13,10.24,True,健康元,False
2022-09-23,106.457,107.647,105.366,106.357,90064.0,91685152.0,10.19,10.31,10.08,10.18,True,健康元,False
2022-09-26,105.564,106.159,102.292,102.589,153470.0,150400600.0,10.1,10.16,9.77,9.8,True,健康元,False
2022-09-27,102.193,106.457,102.093,106.357,123533.0,125756594.0,9.76,10.19,9.75,10.18,True,健康元,False
2022-09-28,105.762,108.638,105.068,105.167,140596.0,141439576.0,10.12,10.41,10.05,10.06,True,健康元,False
2022-09-29,106.159,111.415,106.159,108.44,235255.0,244429945.0,10.16,10.69,10.16,10.39,True,健康元,False
2022-09-30,108.341,110.324,107.547,109.729,133209.0,140135868.0,10.38,10.58,10.3,10.52,True,健康元,False
2022-10-10,109.729,110.919,106.357,106.655,126846.0,129509766.0,10.52,10.64,10.18,10.21,True,健康元,False
2022-10-11,106.655,108.638,105.465,108.142,109615.0,113561140.0,10.21,10.41,10.09,10.36,True,健康元,False
2022-10-12,107.746,109.63,106.06,109.63,96906.0,101848206.0,10.32,10.51,10.15,10.51,True,健康元,False
2022-10-13,108.539,111.216,108.341,110.126,96202.0,101589312.0,10.4,10.67,10.38,10.56,True,健康元,False
2022-10-14,110.721,115.282,110.721,114.786,198512.0,218958736.0,10.62,11.08,10.62,11.03,True,健康元,False
2022-10-17,117.464,119.844,116.571,118.455,232001.0,264481140.0,11.3,11.54,11.21,11.4,True,健康元,False
2022-10-18,118.455,126.289,117.067,125.0,355990.0,429323940.0,11.4,12.19,11.26,12.06,True,健康元,False
2022-10-19,124.504,125.297,121.43,122.323,197586.0,232953894.0,12.01,12.09,11.7,11.79,True,健康元,False
2022-10-20,121.43,123.612,121.43,122.521,179217.0,211655277.0,11.7,11.92,11.7,11.81,True,健康元,False
2022-10-21,122.223,123.513,120.339,122.124,156672.0,184402944.0,11.78,11.91,11.59,11.77,True,健康元,False
2022-10-24,122.025,124.802,118.554,119.348,152849.0,175623501.0,11.76,12.04,11.41,11.49,True,健康元,False
2022-10-25,119.645,121.232,115.381,117.662,218783.0,247662356.0,11.52,11.68,11.09,11.32,True,健康元,False
2022-10-26,118.654,125.496,118.654,123.413,280274.0,333526060.0,11.42,12.11,11.42,11.9,True,健康元,False
2022-10-27,123.017,125.496,121.628,124.603,248347.0,298513094.0,11.86,12.11,11.72,12.02,True,健康元,False
2022-10-28,123.413,125.198,120.141,120.637,201738.0,234419556.0,11.9,12.08,11.57,11.62,True,健康元,False
2022-10-31,120.736,123.116,118.455,121.331,158446.0,185223374.0,11.63,11.87,11.4,11.69,True,健康元,False
2022-11-01,122.422,127.578,122.025,126.388,339899.0,414676780.0,11.8,12.32,11.76,12.2,True,健康元,False
2022-11-02,126.289,134.619,124.603,130.95,480763.0,608645958.0,12.19,13.03,12.02,12.66,True,健康元,False
2022-11-03,127.975,127.975,124.207,125.397,269119.0,325633990.0,12.36,12.36,11.98,12.1,True,健康元,False
2022-11-04,125.793,129.363,124.306,126.983,227755.0,279227630.0,12.14,12.5,11.99,12.26,True,健康元,False
2022-11-07,126.388,127.876,122.918,124.008,221032.0,264354272.00000003,12.2,12.35,11.85,11.96,True,健康元,False
2022-11-08,124.207,124.306,121.43,123.612,138706.0,165337552.0,11.98,11.99,11.7,11.92,True,健康元,False
2022-11-09,123.215,125.595,122.62,123.513,130108.0,154958628.0,11.88,12.12,11.82,11.91,True,健康元,False
2022-11-10,122.918,125.397,122.521,123.017,147460.0,174887560.0,11.85,12.1,11.81,11.86,True,健康元,False
2022-11-11,125.892,128.57,122.818,123.513,320099.0,381237909.0,12.15,12.42,11.84,11.91,True,健康元,False
2022-11-14,123.513,131.446,122.422,130.156,374039.0,470541062.0,11.91,12.71,11.8,12.58,True,健康元,False
2022-11-15,130.355,134.916,129.363,134.321,523281.0,680265300.0,12.6,13.06,12.5,13.0,True,健康元,False
2022-11-16,134.321,135.214,130.256,130.652,336978.0,425603214.0,13.0,13.09,12.59,12.63,True,健康元,False
2022-11-17,130.553,134.321,130.156,132.933,271275.0,348859650.0,12.62,13.0,12.58,12.86,True,健康元,False
2022-11-18,133.231,136.8,132.338,133.925,259832.0,336742272.0,12.89,13.25,12.8,12.96,True,健康元,False
2022-11-21,133.826,134.718,131.644,133.231,272328.0,351030792.0,12.95,13.04,12.73,12.89,True,健康元,False
2022-11-22,132.338,134.222,128.372,129.066,284683.0,354999701.0,12.8,12.99,12.4,12.47,True,健康元,False
2022-11-23,128.669,130.057,125.397,126.19,204505.0,249087090.0,12.43,12.57,12.1,12.18,True,健康元,False
2022-11-24,125.892,128.173,125.694,127.281,127736.0,156987544.0,12.15,12.38,12.13,12.29,True,健康元,False
2022-11-25,127.578,128.372,124.703,126.983,132555.0,162512430.0,12.32,12.4,12.03,12.26,True,健康元,False
2022-11-28,125.694,128.967,124.405,125.397,175703.0,212600630.0,12.13,12.46,12.0,12.1,True,健康元,False
2022-11-29,125.595,129.859,125.595,129.561,222977.0,279167204.0,12.12,12.55,12.12,12.52,True,健康元,False
2022-11-30,129.363,130.751,125.397,126.19,243096.0,296090928.0,12.5,12.64,12.1,12.18,True,健康元,False
2022-12-01,127.677,128.768,122.323,123.909,416102.0,497241890.0,12.33,12.44,11.79,11.95,True,健康元,False
2022-12-02,122.818,126.587,122.818,124.802,168958.0,203425432.0,11.84,12.22,11.84,12.04,True,健康元,False
2022-12-05,126.487,128.669,124.802,125.397,201118.0,243352780.0,12.21,12.43,12.04,12.1,True,健康元,False
2022-12-06,125.198,126.487,123.314,124.008,146559.0,175284564.0,12.08,12.21,11.89,11.96,True,健康元,False
2022-12-07,123.513,126.19,121.926,125.694,190315.0,230852095.0,11.91,12.18,11.75,12.13,True,健康元,False
2022-12-08,125.892,126.785,123.314,124.504,183543.0,220435143.0,12.15,12.24,11.89,12.01,True,健康元,False
2022-12-09,124.603,126.785,123.81,125.198,237335.0,286700680.0,12.02,12.24,11.94,12.08,True,健康元,False
2022-12-12,126.686,128.768,125.892,126.884,275898.0,337975050.0,12.23,12.44,12.15,12.25,True,健康元,False
2022-12-13,127.182,127.578,122.223,124.802,290188.0,349386352.0,12.28,12.32,11.78,12.04,True,健康元,False
2022-12-14,123.612,124.306,121.43,122.62,188749.0,223101318.0,11.92,11.99,11.7,11.82,True,健康元,False
2022-12-15,122.62,124.008,121.827,122.025,146866.0,172714416.0,11.82,11.96,11.74,11.76,True,健康元,False
2022-12-16,122.124,124.901,121.529,124.306,195589.0,234511211.0,11.77,12.05,11.71,11.99,True,健康元,False
2022-12-19,124.008,124.207,118.753,119.249,197798.0,227072104.0,11.96,11.98,11.43,11.48,True,健康元,False
2022-12-20,119.348,119.943,117.464,117.761,119594.0,135500002.0,11.49,11.55,11.3,11.33,True,健康元,False
2022-12-21,117.86,118.654,117.364,117.464,100421.0,113475730.0,11.34,11.42,11.29,11.3,True,健康元,False
2022-12-22,117.464,119.348,116.769,117.166,111782.0,125978314.0,11.3,11.49,11.23,11.27,True,健康元,False
2022-12-23,117.166,118.356,116.769,117.166,56343.0,63498561.0,11.27,11.39,11.23,11.27,True,健康元,False
2022-12-26,117.464,121.133,117.166,118.554,115087.0,131314267.0,11.3,11.67,11.27,11.41,True,健康元,False
2022-12-27,118.158,118.951,116.075,117.563,84353.0,95403243.0,11.37,11.45,11.16,11.31,True,健康元,False
2022-12-28,117.265,118.059,115.778,117.364,142537.0,160924273.0,11.28,11.36,11.13,11.29,True,健康元,False
2022-12-29,117.067,119.249,115.778,118.852,165851.0,189733544.0,11.26,11.48,11.13,11.44,True,健康元,False
2022-12-30,118.753,118.753,117.067,117.364,88515.0,99933435.0,11.43,11.43,11.26,11.29,True,健康元,False
2023-01-03,117.265,121.033,117.265,120.339,147117.0,170508603.0,11.28,11.66,11.28,11.59,True,健康元,False
2023-01-04,120.934,121.133,119.249,119.943,105805.0,122204775.0,11.65,11.67,11.48,11.55,True,健康元,False
2023-01-05,120.042,122.719,119.447,121.728,172471.0,202308483.0,11.56,11.83,11.5,11.73,True,健康元,False
2023-01-06,121.133,121.43,119.348,119.744,137994.0,159107082.0,11.67,11.7,11.49,11.53,True,健康元,False
2023-01-09,119.546,120.439,119.249,120.042,100837.0,116567572.0,11.51,11.6,11.48,11.56,True,健康元,False
2023-01-10,120.141,121.133,119.249,120.439,99951.0,115943160.0,11.57,11.67,11.48,11.6,True,健康元,False
2023-01-11,120.439,121.133,119.645,119.844,82207.0,94866878.0,11.6,11.67,11.52,11.54,True,健康元,False
2023-01-12,119.645,120.042,118.356,119.149,82528.0,94659616.0,11.52,11.56,11.39,11.47,True,健康元,False
2023-01-13,119.05,123.116,119.05,122.62,155004.0,183214728.0,11.46,11.87,11.46,11.82,True,健康元,False
2023-01-16,122.422,126.785,122.025,124.306,214812.0,257559588.0,11.8,12.24,11.76,11.99,True,健康元,False
2023-01-17,124.306,124.405,121.926,122.223,137348.0,161795944.0,11.99,12.0,11.75,11.78,True,健康元,False
2023-01-18,122.323,123.017,121.728,121.926,81096.0,95287800.0,11.79,11.86,11.73,11.75,True,健康元,False
2023-01-19,121.926,125.892,121.628,124.405,124123.0,148947600.0,11.75,12.15,11.72,12.0,True,健康元,False
2023-01-20,124.405,125.892,124.008,124.504,87142.0,104657542.0,12.0,12.15,11.96,12.01,True,健康元,False
2023-01-30,125.496,125.793,123.017,123.017,148839.0,176523054.0,12.11,12.14,11.86,11.86,True,健康元,False
2023-01-31,123.017,124.008,121.926,122.025,380293.0,447224568.0,11.86,11.96,11.75,11.76,True,健康元,False
2023-02-01,122.521,123.612,121.43,123.215,240054.0,285184152.0,11.81,11.92,11.7,11.88,True,健康元,False
2023-02-02,123.909,126.785,123.909,126.289,337905.0,411906195.0,11.95,12.24,11.95,12.19,True,健康元,False
2023-02-03,125.892,125.992,122.918,123.81,182499.0,217903806.0,12.15,12.16,11.85,11.94,True,健康元,False
2023-02-06,124.405,124.405,122.323,123.116,188663.0,223942981.0,12.0,12.0,11.79,11.87,True,健康元,False
2023-02-07,123.116,123.612,121.728,122.521,149460.0,176512260.0,11.87,11.92,11.73,11.81,True,健康元,False
2023-02-08,122.62,123.116,121.926,121.926,116944.0,137409200.0,11.82,11.87,11.75,11.75,True,健康元,False
2023-02-09,124.405,128.173,124.108,127.677,557783.0,687746439.0,12.0,12.38,11.97,12.33,True,健康元,False
2023-02-10,127.777,128.272,125.099,125.595,206680.0,250496160.0,12.34,12.39,12.07,12.12,True,健康元,False
2023-02-13,125.892,128.372,125.595,127.281,180434.0,221753386.0,12.15,12.4,12.12,12.29,True,健康元,False
2023-02-14,127.281,127.975,126.091,126.983,117294.0,143802444.0,12.29,12.36,12.17,12.26,True,健康元,False
2023-02-15,127.082,127.281,125.099,125.694,126623.0,153593699.0,12.27,12.29,12.07,12.13,True,健康元,False
2023-02-16,125.793,126.884,122.719,123.81,178620.0,213272280.0,12.14,12.25,11.83,11.94,True,健康元,False
2023-02-17,123.909,126.785,123.909,124.405,134945.0,161934000.0,11.95,12.24,11.95,12.0,True,健康元,False
2023-02-20,125.0,126.091,123.711,125.892,119827.0,145589805.0,12.06,12.17,11.93,12.15,True,健康元,False
2023-02-21,126.487,134.916,125.595,132.14,540910.0,691282980.0,12.21,13.06,12.12,12.78,True,健康元,False
2023-02-22,132.636,133.528,131.545,132.14,183866.0,234980748.0,12.83,12.92,12.72,12.78,True,健康元,False
2023-02-23,132.14,132.437,129.165,129.561,163934.0,205245368.0,12.78,12.81,12.48,12.52,True,健康元,False
2023-02-24,129.661,131.446,129.661,130.95,135145.0,171093570.0,12.53,12.71,12.53,12.66,True,健康元,False
2023-02-27,129.958,131.743,129.165,130.156,125902.0,158384716.0,12.56,12.74,12.48,12.58,True,健康元,False
2023-02-28,130.355,138.288,129.958,136.205,469410.0,619151790.0,12.6,13.4,12.56,13.19,True,健康元,False
2023-03-01,136.305,136.305,134.222,134.817,183810.0,239872050.0,13.2,13.2,12.99,13.05,True,健康元,False
2023-03-02,134.321,135.115,133.528,133.826,124566.0,161312970.0,13.0,13.08,12.92,12.95,True,健康元,False
2023-03-03,133.726,134.817,132.636,132.933,148477.0,190941422.0,12.94,13.05,12.83,12.86,True,健康元,False
2023-03-06,133.131,135.115,132.636,134.42,196959.0,256243659.0,12.88,13.08,12.83,13.01,True,健康元,False
2023-03-07,133.925,134.024,130.553,130.751,225186.0,284635104.0,12.96,12.97,12.62,12.64,True,健康元,False
2023-03-08,130.751,131.743,129.363,130.454,185149.0,233472889.0,12.64,12.74,12.5,12.61,True,健康元,False
2023-03-09,130.454,133.032,130.454,131.842,168500.0,214837500.0,12.61,12.87,12.61,12.75,True,健康元,False
2023-03-10,131.049,133.826,130.256,132.041,169070.0,215902390.0,12.67,12.95,12.59,12.77,True,健康元,False
2023-03-13,131.545,133.131,130.652,132.834,135148.0,173665180.0,12.72,12.88,12.63,12.85,True,健康元,False
2023-03-14,133.131,134.222,129.859,130.851,177354.0,224352810.0,12.88,12.99,12.55,12.65,True,健康元,False
2023-03-15,130.851,133.429,130.851,132.338,127302.0,162946560.0,12.65,12.91,12.65,12.8,True,健康元,False
2023-03-16,132.834,134.916,131.743,133.231,178332.0,229869948.0,12.85,13.06,12.74,12.89,True,健康元,False
2023-03-17,134.024,134.817,131.644,131.644,178665.0,227440545.0,12.97,13.05,12.73,12.73,True,健康元,False
2023-03-20,131.545,132.338,127.479,130.851,176644.0,223454660.0,12.72,12.8,12.31,12.65,True,健康元,False
2023-03-21,130.851,133.131,130.454,132.536,126174.0,161755068.0,12.65,12.88,12.61,12.82,True,健康元,False
2023-03-22,133.627,134.222,132.041,133.032,103581.0,133308747.0,12.93,12.99,12.77,12.87,True,健康元,False
2023-03-23,133.032,133.627,131.941,132.338,122908.0,157322240.0,12.87,12.93,12.76,12.8,True,健康元,False
2023-03-24,132.437,134.024,130.751,131.743,147617.0,188064058.0,12.81,12.97,12.64,12.74,True,健康元,False
2023-03-27,131.842,134.024,130.355,133.925,167477.0,217050192.0,12.75,12.97,12.6,12.96,True,健康元,False
2023-03-28,133.925,135.511,132.338,134.321,160615.0,208799500.0,12.96,13.12,12.8,13.0,True,健康元,False
2023-03-29,134.619,135.214,131.941,133.131,129446.0,166726448.0,13.03,13.09,12.76,12.88,True,健康元,False
2023-03-30,133.032,133.429,130.355,132.536,121492.0,155752744.0,12.87,12.91,12.6,12.82,True,健康元,False
2023-03-31,132.834,136.305,132.636,136.007,222077.0,292475409.0,12.85,13.2,12.83,13.17,True,健康元,False
2023-04-03,136.503,137.891,133.33,133.925,191533.0,248226768.00000003,13.22,13.36,12.9,12.96,True,健康元,False
2023-04-04,134.222,135.809,133.826,135.412,137706.0,180532566.0,12.99,13.15,12.95,13.11,True,健康元,False
2023-04-06,135.313,138.189,134.916,137.693,196150.0,261664100.0,13.1,13.39,13.06,13.34,True,健康元,False
2023-04-07,137.296,144.238,137.197,142.75,298474.0,413386490.0,13.3,14.0,13.29,13.85,True,健康元,False
2023-04-10,142.75,146.618,140.965,141.957,251985.0,346983345.0,13.85,14.24,13.67,13.77,True,健康元,False
2023-04-11,143.543,143.742,139.775,141.064,206666.0,282719088.0,13.93,13.95,13.55,13.68,True,健康元,False
2023-04-12,141.263,142.552,138.982,139.18,208920.0,281833080.0,13.7,13.83,13.47,13.49,True,健康元,False
2023-04-13,138.784,141.759,137.792,140.767,278362.0,379964130.0,13.45,13.75,13.35,13.65,True,健康元,False
2023-04-14,141.064,143.444,139.577,141.957,264594.0,364345938.0,13.68,13.92,13.53,13.77,True,健康元,False
2023-04-17,141.858,144.138,140.569,142.651,239369.0,331286696.0,13.76,13.99,13.63,13.84,True,健康元,False
2023-04-18,142.254,142.651,140.469,140.866,132721.0,181296886.0,13.8,13.84,13.62,13.66,True,健康元,False
2023-04-19,140.965,141.362,138.189,138.982,192237.0,258943239.0,13.67,13.71,13.39,13.47,True,健康元,False
2023-04-20,138.883,139.874,138.387,138.982,140437.0,189168639.0,13.46,13.56,13.41,13.47,True,健康元,False
2023-04-21,138.288,139.279,136.007,136.503,214750.0,283899500.0,13.4,13.5,13.17,13.22,True,健康元,False
2023-04-24,136.602,138.288,133.528,134.42,180239.0,234490939.0,13.23,13.4,12.92,13.01,True,健康元,False
2023-04-25,134.52,134.916,125.992,128.967,341991.0,426120786.0,13.02,13.06,12.16,12.46,True,健康元,False
2023-04-26,128.867,131.545,127.876,129.661,146933.0,184107049.0,12.45,12.72,12.35,12.53,True,健康元,False
2023-04-27,130.553,134.916,129.958,133.528,158743.0,205095956.0,12.62,13.06,12.56,12.92,True,健康元,False
2023-04-28,133.032,134.321,131.644,133.826,120294.0,155780730.0,12.87,13.0,12.73,12.95,True,健康元,False
2023-05-04,133.627,136.404,133.231,135.61,147652.0,193867076.0,12.93,13.21,12.89,13.13,True,健康元,False
2023-05-05,135.71,135.809,131.346,133.33,150902.0,194663580.0,13.14,13.15,12.7,12.9,True,健康元,False
2023-05-08,133.33,135.313,132.338,133.231,96717.0,124668213.0,12.9,13.1,12.8,12.89,True,健康元,False
2023-05-09,133.032,134.321,130.851,131.842,151974.0,193766850.0,12.87,13.0,12.65,12.75,True,健康元,False
2023-05-10,131.346,132.536,130.355,130.652,112680.0,142314840.0,12.7,12.82,12.6,12.63,True,健康元,False
2023-05-11,130.851,134.619,130.454,131.148,156231.0,198100908.0,12.65,13.03,12.61,12.68,True,健康元,False
2023-05-12,131.148,131.842,129.462,129.76,108118.0,135579972.0,12.68,12.75,12.51,12.54,True,健康元,False
2023-05-15,129.661,133.528,129.066,133.33,181493.0,234125970.0,12.53,12.92,12.47,12.9,True,健康元,False
2023-05-16,133.131,139.279,132.636,136.404,273167.0,360853607.0,12.88,13.5,12.83,13.21,True,健康元,False
2023-05-17,136.305,136.305,134.718,135.809,99439.0,130762285.0,13.2,13.2,13.04,13.15,True,健康元,False
2023-05-18,135.809,136.305,133.131,133.726,97875.0,126650250.0,13.15,13.2,12.88,12.94,True,健康元,False
2023-05-19,133.726,135.71,132.735,134.718,99192.0,129346368.0,12.94,13.14,12.84,13.04,True,健康元,False
2023-05-22,134.619,138.684,134.42,138.288,175536.0,235218240.0,13.03,13.44,13.01,13.4,True,健康元,False
2023-05-23,138.784,142.254,138.189,138.288,151447.0,202938980.0,13.45,13.8,13.39,13.4,True,健康元,False
2023-05-24,137.99,139.279,135.115,137.891,108829.0,145395544.0,13.37,13.5,13.08,13.36,True,健康元,False
2023-05-25,137.594,138.585,135.115,136.503,95676.0,126483672.0,13.33,13.43,13.08,13.22,True,健康元,False
2023-05-26,136.106,143.246,135.809,142.849,261803.0,362858958.0,13.18,13.9,13.15,13.86,True,健康元,False
2023-05-29,142.75,143.742,140.37,142.254,154989.0,213884820.0,13.85,13.95,13.61,13.8,True,健康元,False
2023-05-30,142.75,143.543,140.569,141.858,103209.0,142015584.0,13.85,13.93,13.63,13.76,True,健康元,False
2023-05-31,141.759,142.651,140.469,141.56,88112.0,120977776.0,13.75,13.84,13.62,13.73,True,健康元,False
2023-06-01,140.767,141.759,138.784,139.379,117436.0,158656036.0,13.65,13.75,13.45,13.51,True,健康元,False
2023-06-02,140.271,141.263,137.395,138.982,117007.0,157608429.0,13.6,13.7,13.31,13.47,True,健康元,False
2023-06-05,138.982,142.254,138.684,142.056,171710.0,236616380.0,13.47,13.8,13.44,13.78,True,健康元,False
2023-06-06,142.056,142.056,137.99,138.387,121574.0,163030734.0,13.78,13.78,13.37,13.41,True,健康元,False
2023-06-07,138.387,139.279,136.503,136.999,83024.0,110172848.0,13.41,13.5,13.22,13.27,True,健康元,False
2023-06-08,136.8,137.395,133.33,136.106,115877.0,152725886.0,13.25,13.31,12.9,13.18,True,健康元,False
2023-06-09,136.305,138.09,135.412,137.395,130131.0,173204361.0,13.2,13.38,13.11,13.31,True,健康元,False
2023-06-12,136.305,137.197,134.817,135.313,82905.0,108605550.0,13.2,13.29,13.05,13.1,True,健康元,False
2023-06-13,135.313,136.205,132.338,133.726,115912.0,149990128.0,13.1,13.19,12.8,12.94,True,健康元,False
2023-06-14,133.429,136.503,133.429,133.726,100981.0,130669414.0,12.91,13.22,12.91,12.94,True,健康元,False
2023-06-15,134.123,137.891,133.33,136.503,146192.0,193265824.0,12.98,13.36,12.9,13.22,True,健康元,False
2023-06-16,137.197,137.495,136.007,136.602,80494.0,106493562.0,13.29,13.32,13.17,13.23,True,健康元,False
2023-06-19,136.305,137.197,133.528,133.528,152127.0,196548084.0,13.2,13.29,12.92,12.92,True,健康元,False
2023-06-20,133.627,134.817,131.842,134.321,126036.0,163846800.0,12.93,13.05,12.75,13.0,True,健康元,False
2023-06-21,133.826,134.123,131.247,131.247,112334.0,142551846.0,12.95,12.98,12.69,12.69,True,健康元,False
2023-06-26,130.355,132.834,129.859,131.247,116418.0,147734442.0,12.6,12.85,12.55,12.69,True,健康元,False
2023-06-27,131.941,134.817,131.446,131.743,110529.0,140813946.0,12.76,13.05,12.71,12.74,True,健康元,False
2023-06-28,132.041,132.636,129.066,130.751,85156.0,107637184.0,12.77,12.83,12.47,12.64,True,健康元,False
2023-06-29,131.446,132.437,129.958,130.851,67569.0,85474785.0,12.71,12.81,12.56,12.65,True,健康元,False
2023-06-30,130.751,133.528,130.553,131.446,87832.0,111634472.0,12.64,12.92,12.62,12.71,True,健康元,False
2023-07-03,132.239,132.239,129.561,131.346,102477.0,130145790.0,12.79,12.79,12.52,12.7,True,健康元,False
2023-07-04,131.644,131.644,129.462,130.751,111561.0,141013104.0,12.73,12.73,12.51,12.64,True,健康元,False
2023-07-05,130.751,132.14,130.256,130.355,66477.0,83761020.0,12.64,12.78,12.59,12.6,True,健康元,False
2023-07-06,129.958,129.958,126.884,128.074,140778.0,174142386.0,12.56,12.56,12.25,12.37,True,健康元,False
2023-07-07,127.975,129.363,127.677,128.272,61245.0,75882555.0,12.36,12.5,12.33,12.39,True,健康元,False
2023-07-10,128.867,130.156,127.677,129.859,107690.0,135150950.0,12.45,12.58,12.33,12.55,True,健康元,False
2023-07-11,130.256,130.256,128.372,129.462,46751.0,58485501.0,12.59,12.59,12.4,12.51,True,健康元,False
2023-07-12,129.859,130.057,127.975,128.173,66483.0,82305954.0,12.55,12.57,12.36,12.38,True,健康元,False
2023-07-13,128.372,129.561,127.777,128.669,146254.0,181793722.0,12.4,12.52,12.34,12.43,True,健康元,False
2023-07-14,128.967,129.462,128.173,128.272,54273.0,67244247.0,12.46,12.51,12.38,12.39,True,健康元,False
2023-07-17,127.777,128.173,126.289,127.578,66883.0,82399856.0,12.34,12.38,12.19,12.32,True,健康元,False
2023-07-18,127.578,128.768,127.182,128.074,80067.0,99042879.0,12.32,12.44,12.28,12.37,True,健康元,False
2023-07-19,127.777,128.57,126.785,127.281,40386.0,49634394.0,12.34,12.42,12.24,12.29,True,健康元,False
2023-07-20,127.876,128.372,126.686,126.884,61445.0,75270125.0,12.35,12.4,12.23,12.25,True,健康元,False
2023-07-21,126.946,129.325,126.747,128.235,65626.0,80129346.0,12.08,12.32,12.06,12.21,True,健康元,False
2023-07-24,128.334,130.615,127.64,130.218,83756.0,103941196.0,12.22,12.45,12.15,12.41,True,健康元,False
2023-07-25,130.515,131.507,129.92,131.408,80097.0,100361541.0,12.44,12.54,12.38,12.53,True,健康元,False
2023-07-26,131.21,133.788,130.615,133.094,121087.0,153780490.0,12.51,12.77,12.45,12.7,True,健康元,False
2023-07-27,133.193,133.391,132.003,132.796,74749.0,94706983.0,12.71,12.73,12.59,12.67,True,健康元,False
2023-07-28,132.697,135.176,132.201,134.978,101744.0,131148016.0,12.66,12.91,12.61,12.89,True,健康元,False
2023-07-31,134.581,135.573,131.11,131.805,193723.0,243509811.0,12.85,12.95,12.5,12.57,True,健康元,False
2023-08-01,131.904,132.499,129.722,130.119,133336.0,165336640.0,12.58,12.64,12.36,12.4,True,健康元,False
2023-08-02,130.218,130.912,128.929,129.325,92698.0,114203936.0,12.41,12.48,12.28,12.32,True,健康元,False
2023-08-03,129.226,132.4,128.83,132.003,90725.0,114222775.0,12.31,12.63,12.27,12.59,True,健康元,False
2023-08-04,132.598,133.391,131.705,132.102,94573.0,119161980.0,12.65,12.73,12.56,12.6,True,健康元,False
2023-08-07,132.102,132.102,119.608,120.599,526351.0,602145544.0,12.6,12.6,11.34,11.44,True,健康元,False
2023-08-08,120.203,122.582,119.112,121.69,250981.0,289883055.0,11.4,11.64,11.29,11.55,True,健康元,False
2023-08-09,121.492,122.682,120.996,121.789,133701.0,154558356.0,11.53,11.65,11.48,11.56,True,健康元,False
2023-08-10,121.492,122.384,121.095,121.591,97692.0,112736568.0,11.53,11.62,11.49,11.54,True,健康元,False
2023-08-11,121.194,122.682,120.698,120.797,104266.0,119488836.0,11.5,11.65,11.45,11.46,True,健康元,False
2023-08-14,120.401,121.888,118.814,121.69,114458.0,132198990.0,11.42,11.57,11.26,11.55,True,健康元,False
2023-08-15,121.789,122.781,120.302,122.781,91554.0,106751964.0,11.56,11.66,11.41,11.66,True,健康元,False
2023-08-16,122.087,123.673,122.087,122.483,79556.0,92523628.0,11.59,11.75,11.59,11.63,True,健康元,False
2023-08-17,122.087,123.872,121.987,122.979,97957.0,114413776.0,11.59,11.77,11.58,11.68,True,健康元,False
2023-08-18,122.979,123.475,120.599,120.698,74303.0,85076935.0,11.68,11.73,11.44,11.45,True,健康元,False
2023-08-21,120.401,121.095,118.12,118.12,104204.0,116604276.0,11.42,11.49,11.19,11.19,True,健康元,False
2023-08-22,118.418,119.608,117.029,118.616,114732.0,128958768.0,11.22,11.34,11.08,11.24,True,健康元,False
2023-08-23,118.616,119.707,116.93,117.228,88138.0,97833180.0,11.24,11.35,11.07,11.1,True,健康元,False
2023-08-24,118.318,122.087,117.922,120.004,104015.0,118369070.0,11.21,11.59,11.17,11.38,True,健康元,False
2023-08-25,119.806,120.996,117.525,118.021,101470.0,113443460.0,11.36,11.48,11.13,11.18,True,健康元,False
2023-08-28,123.971,124.07,118.814,119.211,106708.0,120580040.0,11.78,11.79,11.26,11.3,True,健康元,False
2023-08-29,118.913,120.698,118.814,120.302,101535.0,115851435.0,11.27,11.45,11.26,11.41,True,健康元,False
2023-08-30,120.599,120.897,119.508,120.5,77383.0,88448769.0,11.44,11.47,11.33,11.43,True,健康元,False
2023-08-31,119.905,120.897,119.211,120.203,74687.0,85143180.0,11.37,11.47,11.3,11.4,True,健康元,False
2023-09-01,119.905,121.888,119.905,121.591,58657.0,67690178.0,11.37,11.57,11.37,11.54,True,健康元,False
2023-09-04,122.186,122.979,121.492,122.582,90057.0,104826348.0,11.6,11.68,11.53,11.64,True,健康元,False
2023-09-05,122.582,123.872,121.888,121.888,68501.0,79255657.0,11.64,11.77,11.57,11.57,True,健康元,False
2023-09-06,122.087,122.582,120.103,120.698,68716.0,78679820.0,11.59,11.64,11.39,11.45,True,健康元,False
2023-09-07,120.698,121.095,118.219,118.517,84608.0,95014784.0,11.45,11.49,11.2,11.23,True,健康元,False
2023-09-08,118.418,119.806,118.219,118.517,53137.0,59672851.0,11.22,11.36,11.2,11.23,True,健康元,False
2023-09-11,118.517,123.475,118.517,122.979,166291.0,194227888.0,11.23,11.73,11.23,11.68,True,健康元,False
2023-09-12,123.277,124.07,122.285,123.277,74155.0,86835505.0,11.71,11.79,11.61,11.71,True,健康元,False
2023-09-13,123.574,123.971,121.789,122.781,67314.0,78488124.0,11.74,11.78,11.56,11.66,True,健康元,False
2023-09-14,122.781,123.971,122.087,123.475,69673.0,81726429.0,11.66,11.78,11.59,11.73,True,健康元,False
2023-09-15,123.772,126.648,123.574,125.954,122913.0,147249774.0,11.76,12.05,11.74,11.98,True,健康元,False
2023-09-18,126.152,127.243,125.26,127.045,85122.0,102912498.0,12.0,12.11,11.91,12.09,True,健康元,False
2023-09-19,126.648,127.937,125.756,127.144,59088.0,71496480.0,12.05,12.18,11.96,12.1,True,健康元,False
2023-09-20,127.045,127.541,126.152,126.648,57977.0,69862285.0,12.09,12.14,12.0,12.05,True,健康元,False
2023-09-21,126.747,126.747,125.359,125.855,62091.0,74322927.0,12.06,12.06,11.92,11.97,True,健康元,False
2023-09-22,126.152,127.441,125.061,127.243,74622.0,90367242.0,12.0,12.13,11.89,12.11,True,健康元,False
2023-09-25,127.342,128.631,126.846,128.036,75839.0,92447741.0,12.12,12.25,12.07,12.19,True,健康元,False
2023-09-26,128.631,129.623,127.739,128.136,69348.0,84604560.0,12.25,12.35,12.16,12.2,True,健康元,False
2023-09-27,129.127,130.02,128.136,129.722,76893.0,95039748.0,12.3,12.39,12.2,12.36,True,健康元,False
2023-09-28,129.623,131.11,129.524,130.02,84418.0,104593902.0,12.35,12.5,12.34,12.39,True,健康元,False
2023-10-09,129.623,130.714,128.731,129.92,86439.0,107011482.0,12.35,12.46,12.26,12.38,True,健康元,False
2023-10-10,129.127,130.218,127.739,127.838,82713.0,100661721.0,12.3,12.41,12.16,12.17,True,健康元,False
2023-10-11,127.739,129.127,126.946,127.243,111981.0,135608991.0,12.16,12.3,12.08,12.11,True,健康元,False
2023-10-12,127.937,130.02,127.838,129.425,107833.0,132958089.0,12.18,12.39,12.17,12.33,True,健康元,False
2023-10-13,129.127,130.813,128.631,130.02,84992.0,105305088.0,12.3,12.47,12.25,12.39,True,健康元,False
2023-10-16,130.615,131.21,128.631,129.028,84134.0,103400686.0,12.45,12.51,12.25,12.29,True,健康元,False
2023-10-17,129.028,129.821,128.136,129.425,79099.0,97529067.0,12.29,12.37,12.2,12.33,True,健康元,False
2023-10-18,129.623,129.623,127.441,127.64,110681.0,134477415.0,12.35,12.35,12.13,12.15,True,健康元,False
2023-10-19,127.838,127.937,125.656,126.45,121809.0,146536227.0,12.17,12.18,11.95,12.03,True,健康元,False
2023-10-20,126.251,126.846,124.863,125.557,67011.0,80011134.0,12.01,12.07,11.87,11.94,True,健康元,False
2023-10-23,125.161,127.045,123.872,124.367,83535.0,98738370.0,11.9,12.09,11.77,11.82,True,健康元,False
2023-10-24,124.367,125.161,122.979,123.772,90530.0,106463280.0,11.82,11.9,11.68,11.76,True,健康元,False
2023-10-25,124.169,124.367,118.219,120.103,203899.0,232240961.0,11.8,11.82,11.2,11.39,True,健康元,False
2023-10-26,116.335,118.418,114.352,117.525,234593.0,261102009.00000003,11.01,11.22,10.81,11.13,True,健康元,False
2023-10-27,117.327,124.467,117.029,123.673,182793.0,214781775.0,11.11,11.83,11.08,11.75,True,健康元,False
2023-10-30,122.781,125.855,122.483,124.467,127717.0,151089211.0,11.66,11.97,11.63,11.83,True,健康元,False
2023-10-31,124.863,125.756,124.07,124.764,99995.0,118594070.0,11.87,11.96,11.79,11.86,True,健康元,False
2023-11-01,125.359,125.855,123.772,125.26,80043.0,95331213.0,11.92,11.97,11.76,11.91,True,健康元,False
2023-11-02,125.26,127.045,124.863,126.053,83353.0,99940247.0,11.91,12.09,11.87,11.99,True,健康元,False
2023-11-03,126.053,127.342,125.061,125.161,105719.0,125805610.0,11.99,12.12,11.89,11.9,True,健康元,False
2023-11-06,125.161,128.83,125.061,127.342,106102.0,128595624.0,11.9,12.27,11.89,12.12,True,健康元,False
2023-11-07,128.235,128.631,126.549,126.747,83551.0,100762506.0,12.21,12.25,12.04,12.06,True,健康元,False
2023-11-08,126.747,128.731,126.45,127.541,79432.0,96430448.0,12.06,12.26,12.03,12.14,True,健康元,False
2023-11-09,127.045,127.937,124.665,125.756,154284.0,184523664.0,12.09,12.18,11.85,11.96,True,健康元,False
2023-11-10,125.26,128.036,124.467,127.045,91270.0,110345430.0,11.91,12.19,11.83,12.09,True,健康元,False
2023-11-13,127.144,127.64,125.26,125.855,74432.0,89095104.0,12.1,12.15,11.91,11.97,True,健康元,False
2023-11-14,126.251,127.64,125.756,126.946,72615.0,87718920.0,12.01,12.15,11.96,12.08,True,健康元,False
2023-11-15,127.541,128.136,126.152,127.541,75256.0,91360784.0,12.14,12.2,12.0,12.14,True,健康元,False
2023-11-16,127.144,128.532,125.954,126.45,81182.0,97661946.0,12.1,12.24,11.98,12.03,True,健康元,False
2023-11-17,126.152,128.929,125.656,128.433,122129.0,149363767.0,12.0,12.28,11.95,12.23,True,健康元,False
2023-11-20,128.433,129.821,127.739,129.722,106092.0,131129712.0,12.23,12.37,12.16,12.36,True,健康元,False
2023-11-21,129.821,131.606,128.334,128.929,153266.0,188210648.0,12.37,12.55,12.22,12.28,True,健康元,False
2023-11-22,128.731,132.201,128.334,129.821,145868.0,180438716.0,12.26,12.61,12.22,12.37,True,健康元,False
2023-11-23,129.524,131.705,129.425,131.309,109851.0,137533452.0,12.34,12.56,12.33,12.52,True,健康元,False
2023-11-24,131.011,134.482,131.011,132.895,185542.0,235267256.0,12.49,12.84,12.49,12.68,True,健康元,False
2023-11-27,132.895,133.292,129.92,130.317,165846.0,205980732.0,12.68,12.72,12.38,12.42,True,健康元,False
2023-11-28,130.515,133.689,128.334,132.697,162006.0,205099596.0,12.44,12.76,12.22,12.66,True,健康元,False
2023-11-29,132.697,133.49,131.11,131.21,94298.0,117966798.0,12.66,12.74,12.5,12.51,True,健康元,False
2023-11-30,131.21,132.697,130.615,132.598,91380.0,115595700.0,12.51,12.66,12.45,12.65,True,健康元,False
2023-12-01,132.598,132.895,131.309,132.4,74691.0,94334733.0,12.65,12.68,12.52,12.63,True,健康元,False
2023-12-04,132.4,133.094,130.714,131.011,114704.0,143265296.0,12.63,12.7,12.46,12.49,True,健康元,False
2023-12-05,130.912,131.507,129.821,130.119,85066.0,105481840.0,12.48,12.54,12.37,12.4,True,健康元,False
2023-12-06,130.02,131.309,128.929,130.317,71994.0,89416548.0,12.39,12.52,12.28,12.42,True,健康元,False
2023-12-07,130.317,130.317,128.929,129.226,102439.0,126102409.0,12.42,12.42,12.28,12.31,True,健康元,False
2023-12-08,129.325,130.218,128.731,129.722,127248.0,157278528.0,12.32,12.41,12.26,12.36,True,健康元,False
2023-12-11,128.731,131.904,127.739,131.606,133516.0,167562580.0,12.26,12.58,12.16,12.55,True,健康元,False
2023-12-12,132.102,132.499,130.714,131.408,64134.0,80359902.0,12.6,12.64,12.46,12.53,True,健康元,False
2023-12-13,131.408,133.49,131.11,132.201,96269.0,121395209.0,12.53,12.74,12.5,12.61,True,健康元,False
2023-12-14,133.094,136.168,132.201,134.284,198669.0,254693658.0,12.7,13.01,12.61,12.82,True,健康元,False
2023-12-15,133.689,133.986,131.507,131.606,123305.0,154747775.0,12.76,12.79,12.54,12.55,True,健康元,False
2023-12-18,131.606,132.796,130.218,130.416,115245.0,143249535.0,12.55,12.67,12.41,12.43,True,健康元,False
2023-12-19,130.416,130.515,128.929,129.722,59779.0,73886844.0,12.43,12.44,12.28,12.36,True,健康元,False
2023-12-20,129.722,131.705,129.623,129.92,64885.0,80327630.0,12.36,12.56,12.35,12.38,True,健康元,False
2023-12-21,128.731,130.218,127.243,129.623,96180.0,118782300.0,12.26,12.41,12.11,12.35,True,健康元,False
2023-12-22,129.623,130.515,128.83,129.92,75956.0,94033528.0,12.35,12.44,12.27,12.38,True,健康元,False
2023-12-25,129.821,130.416,128.136,129.425,45446.0,56034918.0,12.37,12.43,12.2,12.33,True,健康元,False
2023-12-26,129.127,129.92,126.946,127.243,47248.0,57217328.0,12.3,12.38,12.08,12.11,True,健康元,False
2023-12-27,127.144,129.524,126.946,129.226,52979.0,65217149.0,12.1,12.34,12.08,12.31,True,健康元,False
2023-12-28,129.524,129.524,126.846,127.045,136100.0,164544900.0,12.34,12.34,12.07,12.09,True,健康元,False
2023-12-29,126.846,130.515,126.648,130.416,100154.0,124491422.0,12.07,12.44,12.05,12.43,True,健康元,False
2024-01-02,130.416,132.895,129.821,132.102,88920.0,112039200.0,12.43,12.68,12.37,12.6,True,健康元,False
2024-01-03,132.003,135.077,131.408,133.986,115605.0,147858795.0,12.59,12.9,12.53,12.79,True,健康元,False
2024-01-04,133.887,134.581,132.499,133.887,66460.0,84935880.0,12.78,12.85,12.64,12.78,True,健康元,False
2024-01-05,133.887,133.986,131.309,131.705,68851.0,86476856.0,12.78,12.79,12.52,12.56,True,健康元,False
2024-01-08,131.705,131.805,127.838,128.136,74469.0,90852180.0,12.56,12.57,12.17,12.2,True,健康元,False
2024-01-09,128.334,128.83,125.954,127.739,67868.0,82527488.0,12.22,12.27,11.98,12.16,True,健康元,False
2024-01-10,126.648,127.64,125.656,126.053,60740.0,72827260.0,12.05,12.15,11.95,11.99,True,健康元,False
2024-01-11,125.656,128.036,124.764,127.342,68827.0,83418324.0,11.95,12.19,11.86,12.12,True,健康元,False
2024-01-12,126.946,128.532,125.656,125.656,59812.0,71475340.0,12.08,12.24,11.95,11.95,True,健康元,False
2024-01-15,125.656,128.631,125.656,127.144,76559.0,92636390.0,11.95,12.25,11.95,12.1,True,健康元,False
2024-01-16,127.144,127.937,125.656,127.441,53348.0,64711124.00000001,12.1,12.18,11.95,12.13,True,健康元,False
2024-01-17,127.243,128.334,123.772,123.772,56282.0,66187632.0,12.11,12.22,11.76,11.76,True,健康元,False
2024-01-18,123.277,123.673,118.021,122.483,140978.0,163957414.0,11.71,11.75,11.18,11.63,True,健康元,False
2024-01-19,122.087,123.475,121.591,122.285,67607.0,78491727.0,11.59,11.73,11.54,11.61,True,健康元,False
2024-01-22,122.285,122.483,114.253,114.649,119704.0,129759136.0,11.61,11.63,10.8,10.84,True,健康元,False
2024-01-23,114.947,119.013,114.55,118.616,100113.0,112527012.0,10.87,11.28,10.83,11.24,True,健康元,False
2024-01-24,118.616,119.707,115.344,118.814,85644.0,96435144.0,11.24,11.35,10.91,11.26,True,健康元,False
2024-01-25,119.211,121.492,118.318,121.293,60225.0,69318975.0,11.3,11.53,11.21,11.51,True,健康元,False
2024-01-26,121.095,122.087,119.707,120.203,57103.0,65097420.0,11.49,11.59,11.35,11.4,True,健康元,False
2024-01-29,120.797,121.591,118.715,119.608,42775.0,48506850.0,11.46,11.54,11.25,11.34,True,健康元,False
2024-01-30,119.013,119.608,117.228,117.228,53189.0,59039790.0,11.28,11.34,11.1,11.1,True,健康元,False
2024-01-31,116.335,117.723,113.261,113.658,101145.0,108629730.0,11.01,11.15,10.7,10.74,True,健康元,False
2024-02-01,112.964,115.839,111.972,113.36,79907.0,85580397.0,10.67,10.96,10.57,10.71,True,健康元,False
2024-02-02,113.658,115.641,107.708,110.584,106969.0,111568667.0,10.74,10.94,10.14,10.43,True,健康元,False
2024-02-05,108.7,113.459,103.345,110.98,191995.0,201018765.0,10.24,10.72,9.7,10.47,True,健康元,False
2024-02-06,109.89,120.302,109.89,119.608,184101.0,208770534.0,10.36,11.41,10.36,11.34,True,健康元,False
2024-02-07,118.715,127.739,118.715,127.739,312778.0,380338048.0,11.25,12.16,11.25,12.16,True,健康元,False
2024-02-08,127.739,130.813,126.152,126.45,259079.0,311672037.0,12.16,12.47,12.0,12.03,True,健康元,False
2024-02-19,128.631,128.631,123.772,125.161,194855.0,231877450.0,12.25,12.25,11.76,11.9,True,健康元,False
2024-02-20,125.161,126.549,123.971,125.954,101620.0,121740760.0,11.9,12.04,11.78,11.98,True,健康元,False
2024-02-21,125.26,127.64,124.467,125.26,115557.0,137628387.0,11.91,12.15,11.83,11.91,True,健康元,False
2024-02-22,125.161,126.251,124.169,125.458,105784.0,126200312.0,11.9,12.01,11.8,11.93,True,健康元,False
2024-02-23,125.656,125.855,123.772,125.458,101792.0,121437856.0,11.95,11.97,11.76,11.93,True,健康元,False
2024-02-26,125.458,126.747,123.971,125.557,117161.0,139890234.0,11.93,12.06,11.78,11.94,True,健康元,False
2024-02-27,125.458,126.053,124.764,125.954,84464.0,101187872.0,11.93,11.99,11.86,11.98,True,健康元,False
2024-02-28,125.954,128.136,125.756,125.756,139857.0,167268972.0,11.98,12.2,11.96,11.96,True,健康元,False
2024-02-29,124.268,127.838,124.268,126.946,139905.0,169005240.0,11.81,12.17,11.81,12.08,True,健康元,False
2024-03-01,127.045,127.541,126.152,126.648,113479.0,136742195.0,12.09,12.14,12.0,12.05,True,健康元,False
2024-03-04,126.648,128.631,126.053,128.235,144057.0,175893597.0,12.05,12.25,11.99,12.21,True,健康元,False
2024-03-05,127.541,128.136,125.656,126.351,103418.0,124308436.0,12.14,12.2,11.95,12.02,True,健康元,False
2024-03-06,126.152,126.351,124.169,124.863,96386.0,114410182.0,12.0,12.02,11.8,11.87,True,健康元,False
2024-03-07,124.467,125.161,120.897,120.897,140609.0,161278523.0,11.83,11.9,11.47,11.47,True,健康元,False
2024-03-08,120.698,122.682,120.599,122.682,78193.0,91094845.0,11.45,11.65,11.44,11.65,True,健康元,False
2024-03-11,122.682,125.26,120.996,124.863,111208.0,132003896.0,11.65,11.91,11.48,11.87,True,健康元,False
2024-03-12,124.962,127.144,124.169,124.764,87803.0,104134358.0,11.88,12.1,11.8,11.86,True,健康元,False
2024-03-13,124.467,125.359,122.186,122.781,89617.0,104493422.0,11.83,11.92,11.6,11.66,True,健康元,False
2024-03-14,125.359,127.144,122.186,122.582,125572.0,146165808.0,11.92,12.1,11.6,11.64,True,健康元,False
2024-03-15,122.186,123.574,121.492,122.979,80226.0,93703968.0,11.6,11.74,11.53,11.68,True,健康元,False
2024-03-18,123.078,125.656,121.69,125.359,133313.0,158909096.0,11.69,11.95,11.55,11.92,True,健康元,False
2024-03-19,125.161,125.26,123.277,123.277,82416.0,96509136.0,11.9,11.91,11.71,11.71,True,健康元,False
2024-03-20,123.177,123.772,122.384,123.475,66820.0,78379860.0,11.7,11.76,11.62,11.73,True,健康元,False
2024-03-21,123.078,123.574,121.789,121.888,76044.0,87982908.0,11.69,11.74,11.56,11.57,True,健康元,False
2024-03-22,121.293,121.888,117.525,118.418,169686.0,190387692.0,11.51,11.57,11.13,11.22,True,健康元,False
2024-03-25,118.715,119.707,117.525,117.624,74852.0,83385128.0,11.25,11.35,11.13,11.14,True,健康元,False
2024-03-26,117.228,118.12,114.947,116.236,136115.0,149726500.0,11.1,11.19,10.87,11.0,True,健康元,False
2024-03-27,115.839,117.723,115.244,115.244,78999.0,86108910.0,10.96,11.15,10.9,10.9,True,健康元,False
2024-03-28,115.443,116.732,114.253,114.55,112693.0,122046519.0,10.92,11.05,10.8,10.83,True,健康元,False
2024-03-29,114.451,115.443,113.856,115.145,67886.0,73927854.0,10.82,10.92,10.76,10.89,True,健康元,False
2024-04-01,115.145,118.021,114.848,117.922,119726.0,133733942.0,10.89,11.18,10.86,11.17,True,健康元,False
2024-04-02,118.021,118.021,116.137,117.228,69628.0,77287080.0,11.18,11.18,10.99,11.1,True,健康元,False
2024-04-03,118.219,122.186,117.327,120.004,206879.0,235428302.00000003,11.2,11.6,11.11,11.38,True,健康元,False
2024-04-08,119.508,121.888,118.715,120.401,137727.0,157284234.0,11.33,11.57,11.25,11.42,True,健康元,False
2024-04-09,120.203,121.789,119.211,121.69,98803.0,114117465.0,11.4,11.56,11.3,11.55,True,健康元,False
2024-04-10,121.591,122.582,120.203,120.797,94567.0,108373782.0,11.54,11.64,11.4,11.46,True,健康元,False
2024-04-11,120.599,122.186,119.806,121.392,74364.0,85667328.0,11.44,11.6,11.36,11.52,True,健康元,False
2024-04-12,121.194,122.285,120.302,121.194,66106.0,76021900.0,11.5,11.61,11.41,11.5,True,健康元,False
2024-04-15,121.492,124.367,121.293,122.979,145297.0,169706896.0,11.53,11.82,11.51,11.68,True,健康元,False
2024-04-16,122.582,125.061,122.384,122.979,156753.0,183087504.0,11.64,11.89,11.62,11.68,True,健康元,False
2024-04-17,123.177,124.268,121.392,123.078,134152.0,156823688.0,11.7,11.81,11.52,11.69,True,健康元,False
2024-04-18,122.88,125.656,122.384,122.88,151844.0,177201948.0,11.67,11.95,11.62,11.67,True,健康元,False
2024-04-19,122.384,123.475,122.186,122.384,90524.0,105188888.0,11.62,11.73,11.6,11.62,True,健康元,False
2024-04-22,122.483,125.161,122.483,123.772,119710.0,140778960.0,11.63,11.9,11.63,11.76,True,健康元,False
2024-04-23,123.772,124.367,121.987,123.177,93276.0,109132920.0,11.76,11.82,11.58,11.7,True,健康元,False
2024-04-24,123.872,124.268,122.781,124.268,78319.0,92494739.0,11.77,11.81,11.66,11.81,True,健康元,False
2024-04-25,123.574,126.152,123.574,126.053,108769.0,130414031.0,11.74,12.0,11.74,11.99,True,健康元,False
2024-04-26,123.475,126.648,121.789,126.152,184233.0,221079600.0,11.73,12.05,11.56,12.0,True,健康元,False
2024-04-29,126.152,126.846,124.962,125.756,149591.0,178910836.0,12.0,12.07,11.88,11.96,True,健康元,False
2024-04-30,125.756,129.127,125.359,127.64,160757.0,195319755.0,11.96,12.3,11.92,12.15,True,健康元,False
2024-05-06,129.325,131.805,128.731,131.507,188498.0,236376492.0,12.32,12.57,12.26,12.54,True,健康元,False
2024-05-07,132.102,133.788,130.317,133.292,163983.0,208586376.0,12.6,12.77,12.42,12.72,True,健康元,False
2024-05-08,133.292,134.978,132.499,133.094,129521.0,164491670.0,12.72,12.89,12.64,12.7,True,健康元,False
2024-05-09,132.598,136.961,132.598,136.366,196947.0,256621941.0,12.65,13.09,12.65,13.03,True,健康元,False
2024-05-10,136.069,136.664,134.68,135.176,126309.0,163064919.0,13.0,13.06,12.86,12.91,True,健康元,False
2024-05-13,134.978,136.564,134.284,135.771,121722.0,157873434.0,12.89,13.05,12.82,12.97,True,健康元,False
2024-05-14,135.374,138.548,135.176,137.655,179144.0,235753504.0,12.93,13.25,12.91,13.16,True,健康元,False
2024-05-15,137.259,137.953,135.771,135.87,94703.0,122924494.0,13.12,13.19,12.97,12.98,True,健康元,False
2024-05-16,135.87,136.862,134.184,134.68,130398.0,167691828.0,12.98,13.08,12.81,12.86,True,健康元,False
2024-05-17,134.68,136.465,134.284,136.267,114334.0,148862868.0,12.86,13.04,12.82,13.02,True,健康元,False
2024-05-20,135.672,136.366,134.184,134.68,97816.0,125791376.0,12.96,13.03,12.81,12.86,True,健康元,False
2024-05-21,134.779,136.763,133.887,135.077,96872.0,124964880.0,12.87,13.07,12.78,12.9,True,健康元,False
2024-05-22,134.879,135.771,133.49,133.788,75174.0,95997198.0,12.88,12.97,12.74,12.77,True,健康元,False
2024-05-23,134.085,134.085,131.11,131.705,108630.0,136439280.0,12.8,12.8,12.5,12.56,True,健康元,False
2024-05-24,131.606,133.49,131.507,132.201,105868.0,133499548.0,12.55,12.74,12.54,12.61,True,健康元,False
2024-05-27,132.4,133.49,131.11,133.193,113166.0,143833986.0,12.63,12.74,12.5,12.71,True,健康元,False
2024-05-28,133.193,133.589,130.615,131.21,103638.0,129651138.0,12.71,12.75,12.45,12.51,True,健康元,False
2024-05-29,131.11,132.201,130.515,131.011,63512.0,79326488.0,12.5,12.61,12.44,12.49,True,健康元,False
2024-05-30,131.011,133.193,130.515,131.309,66910.0,83771320.0,12.49,12.71,12.44,12.52,True,健康元,False
2024-05-31,132.3,132.3,130.615,130.813,85434.0,106536198.0,12.62,12.62,12.45,12.47,True,健康元,False
2024-06-03,130.813,132.3,128.83,129.722,106956.0,132197616.0,12.47,12.62,12.27,12.36,True,健康元,False
2024-06-04,129.92,132.499,128.631,131.904,110489.0,138995162.0,12.38,12.64,12.25,12.58,True,健康元,False
2024-06-05,132.499,133.589,130.714,130.912,97903.0,122182944.0,12.64,12.75,12.46,12.48,True,健康元,False
2024-06-06,131.309,132.598,130.912,131.309,96300.0,120567600.0,12.52,12.65,12.48,12.52,True,健康元,False
2024-06-07,131.705,132.003,129.425,129.623,97700.0,120659500.0,12.56,12.59,12.33,12.35,True,健康元,False
2024-06-11,129.226,131.309,129.127,130.02,127643.0,158149677.0,12.31,12.52,12.3,12.39,True,健康元,False
2024-06-12,129.722,131.21,128.731,129.722,84069.0,103909284.0,12.36,12.51,12.26,12.36,True,健康元,False
2024-06-13,130.317,131.904,128.532,129.226,116440.0,143337640.0,12.42,12.58,12.24,12.31,True,健康元,False
2024-06-14,128.631,131.507,128.532,130.416,154836.0,192461148.0,12.25,12.54,12.24,12.43,True,健康元,False
2024-06-17,130.218,132.598,129.524,130.615,105254.0,131041230.0,12.41,12.65,12.34,12.45,True,健康元,False
2024-06-18,131.309,131.507,128.83,129.226,82585.0,101662135.0,12.52,12.54,12.27,12.31,True,健康元,False
2024-06-19,128.631,129.524,127.045,127.838,89384.0,108780328.0,12.25,12.34,12.09,12.17,True,健康元,False
2024-06-20,127.739,128.731,125.656,126.053,91538.0,109754062.0,12.16,12.26,11.95,11.99,True,健康元,False
2024-06-21,125.954,127.64,125.161,125.458,96766.0,115441838.0,11.98,12.15,11.9,11.93,True,健康元,False
2024-06-24,125.061,125.855,122.384,124.665,126445.0,149837325.0,11.89,11.97,11.62,11.85,True,健康元,False
2024-06-25,124.665,126.053,123.574,124.467,68164.0,80638012.0,11.85,11.99,11.74,11.83,True,健康元,False
2024-06-26,124.665,125.458,123.376,124.962,62930.0,74760840.0,11.85,11.93,11.72,11.88,True,健康元,False
2024-06-27,124.566,125.061,119.013,119.608,216765.0,245811510.0,11.84,11.89,11.28,11.34,True,健康元,False
2024-06-28,119.806,122.682,116.93,117.922,269509.0,301041553.0,11.36,11.65,11.07,11.17,True,健康元,False
2024-07-01,117.823,120.401,116.236,119.508,150386.0,170387338.0,11.16,11.42,11.0,11.33,True,健康元,False
2024-07-02,119.707,119.905,117.426,117.823,128031.0,142882596.0,11.35,11.37,11.12,11.16,True,健康元,False
2024-07-03,117.624,118.418,115.641,115.939,118989.0,130530933.0,11.14,11.22,10.94,10.97,True,健康元,False
2024-07-04,115.641,116.434,112.964,113.36,136200.0,145870200.0,10.94,11.02,10.67,10.71,True,健康元,False
2024-07-05,113.757,116.038,112.964,115.641,174764.0,191191816.0,10.75,10.98,10.67,10.94,True,健康元,False
2024-07-08,115.74,115.939,112.269,112.864,135306.0,144236196.0,10.95,10.97,10.6,10.66,True,健康元,False
2024-07-09,112.468,113.559,110.683,113.063,130804.0,139698672.0,10.62,10.73,10.44,10.68,True,健康元,False
2024-07-10,112.666,113.459,111.774,112.17,84388.0,89366892.0,10.64,10.72,10.55,10.59,True,健康元,False
2024-07-11,113.757,115.244,112.071,113.559,162375.0,174228375.0,10.75,10.9,10.58,10.73,True,健康元,False
2024-07-12,113.658,114.848,113.559,114.154,93844.0,101257676.0,10.74,10.86,10.73,10.79,True,健康元,False
2024-07-15,113.757,114.154,112.666,113.162,85607.0,91513883.0,10.75,10.79,10.64,10.69,True,健康元,False
2024-07-16,112.864,113.162,111.675,112.071,87874.0,92970692.0,10.66,10.69,10.54,10.58,True,健康元,False
2024-07-17,112.071,112.765,110.485,112.666,100047.0,106450008.0,10.58,10.65,10.42,10.64,True,健康元,False
2024-07-18,112.567,114.451,111.972,114.451,127639.0,135807896.0,10.45,10.64,10.39,10.64,True,健康元,False
2024-07-19,113.955,114.352,113.162,113.856,100080.0,105884640.0,10.59,10.63,10.51,10.58,True,健康元,False
2024-07-22,113.459,116.236,112.765,114.947,159826.0,170853994.0,10.54,10.82,10.47,10.69,True,健康元,False
2024-07-23,115.244,115.542,110.782,110.881,204905.0,210642340.0,10.72,10.75,10.27,10.28,True,健康元,False
2024-07-24,110.385,111.675,109.394,110.088,113464.0,115733280.0,10.23,10.36,10.13,10.2,True,健康元,False
2024-07-25,109.493,111.179,109.195,110.088,109656.0,111849120.0,10.14,10.31,10.11,10.2,True,健康元,False
2024-07-26,109.989,111.575,109.79,110.584,97598.0,100037950.0,10.19,10.35,10.17,10.25,True,健康元,False
2024-07-29,110.881,110.881,108.7,108.997,108240.0,109214160.0,10.28,10.28,10.06,10.09,True,健康元,False
2024-07-30,108.7,109.691,107.807,109.394,104900.0,106263700.0,10.06,10.16,9.97,10.13,True,健康元,False
2024-07-31,109.592,113.856,108.799,113.658,215842.0,227929152.0,10.15,10.58,10.07,10.56,True,健康元,False
2024-08-01,114.054,115.641,112.468,112.765,145281.0,152109207.0,10.6,10.76,10.44,10.47,True,健康元,False
2024-08-02,112.468,115.046,111.972,113.658,131254.0,138604224.0,10.44,10.7,10.39,10.56,True,健康元,False
2024-08-05,113.658,115.939,112.071,112.468,142932.0,149221008.0,10.56,10.79,10.4,10.44,True,健康元,False
2024-08-06,113.063,115.145,112.964,114.848,152653.0,163033404.0,10.5,10.71,10.49,10.68,True,健康元,False
2024-08-07,114.55,114.55,112.666,113.658,93521.0,98758176.0,10.65,10.65,10.46,10.56,True,健康元,False
2024-08-08,113.459,115.839,113.261,114.848,138860.0,148302480.0,10.54,10.78,10.52,10.68,True,健康元,False
2024-08-09,115.542,116.236,113.063,113.261,118446.0,124605192.0,10.75,10.82,10.5,10.52,True,健康元,False
2024-08-12,113.063,116.533,113.063,115.542,154125.0,165684375.0,10.5,10.85,10.5,10.75,True,健康元,False
2024-08-13,116.434,116.533,114.054,114.947,113874.0,121731306.0,10.84,10.85,10.6,10.69,True,健康元,False
2024-08-14,114.55,114.848,111.774,112.567,142768.0,149192560.0,10.65,10.68,10.37,10.45,True,健康元,False
2024-08-15,112.071,113.856,111.575,113.261,113566.0,119471432.0,10.4,10.58,10.35,10.52,True,健康元,False
2024-08-16,113.162,113.856,111.873,113.162,97758.0,102743658.0,10.51,10.58,10.38,10.51,True,健康元,False
2024-08-19,113.162,114.848,112.468,112.666,101125.0,105776750.0,10.51,10.68,10.44,10.46,True,健康元,False
2024-08-20,112.666,112.864,109.89,111.179,105937.0,109221047.0,10.46,10.48,10.18,10.31,True,健康元,False
2024-08-21,110.683,112.071,110.088,110.187,72629.0,74154209.0,10.26,10.4,10.2,10.21,True,健康元,False
2024-08-22,110.088,111.179,108.799,109.195,84301.0,85228311.0,10.2,10.31,10.07,10.11,True,健康元,False
2024-08-23,108.6,109.79,107.906,108.204,80402.0,80482402.0,10.05,10.17,9.98,10.01,True,健康元,False
2024-08-26,107.708,108.105,103.345,104.535,265383.0,255829212.00000003,9.96,10.0,9.52,9.64,True,健康元,False
2024-08-27,106.121,107.807,105.626,106.816,175894.0,173607378.0,9.8,9.97,9.75,9.87,True,健康元,False
2024-08-28,106.121,107.311,105.526,106.32,114580.0,112517560.0,9.8,9.92,9.74,9.82,True,健康元,False
2024-08-29,105.526,109.394,105.328,108.005,125200.0,125074800.0,9.74,10.13,9.72,9.99,True,健康元,False
2024-08-30,108.303,110.286,106.716,108.204,299917.0,300216917.0,10.02,10.22,9.86,10.01,True,健康元,False
2024-09-02,108.402,108.6,105.031,105.13,203487.0,197382390.0,10.03,10.05,9.69,9.7,True,健康元,False
2024-09-03,106.32,108.402,105.13,107.113,146312.0,144848880.0,9.82,10.03,9.7,9.9,True,健康元,False
2024-09-04,106.816,108.204,106.32,106.716,156460.0,154269560.0,9.87,10.01,9.82,9.86,True,健康元,False
2024-09-05,106.716,108.303,106.419,108.105,113836.0,113836000.0,9.86,10.02,9.83,10.0,True,健康元,False
2024-09-06,107.906,108.303,106.816,107.014,80679.0,79791531.0,9.98,10.02,9.87,9.89,True,健康元,False
2024-09-09,106.617,107.411,106.419,106.617,102374.0,100838390.0,9.85,9.93,9.83,9.85,True,健康元,False
2024-09-10,106.915,107.014,103.94,105.13,116296.0,112807120.0,9.88,9.89,9.58,9.7,True,健康元,False
2024-09-11,105.13,105.824,104.436,105.031,89103.0,86340807.0,9.7,9.77,9.63,9.69,True,健康元,False
2024-09-12,105.13,106.518,104.733,104.832,104999.0,101534033.0,9.7,9.84,9.66,9.67,True,健康元,False
2024-09-13,105.526,105.526,103.246,103.444,99123.0,94464219.0,9.74,9.74,9.51,9.53,True,健康元,False
2024-09-18,103.147,104.237,102.155,103.543,76678.0,73150812.0,9.5,9.61,9.4,9.54,True,健康元,False
2024-09-19,103.94,106.121,102.849,104.832,127763.0,123546821.0,9.58,9.8,9.47,9.67,True,健康元,False
2024-09-20,104.436,104.733,102.948,103.741,107374.0,102649544.0,9.63,9.66,9.48,9.56,True,健康元,False
2024-09-23,103.642,105.328,103.543,104.039,104320.0,100042880.0,9.55,9.72,9.54,9.59,True,健康元,False
2024-09-24,104.634,107.807,104.237,107.807,194382.0,193798854.0,9.65,9.97,9.61,9.97,True,健康元,False
2024-09-25,109.096,110.485,107.807,107.906,217377.0,216942246.0,10.1,10.24,9.97,9.98,True,健康元,False
2024-09-26,107.411,112.864,107.212,112.864,196414.0,205841872.0,9.93,10.48,9.91,10.48,True,健康元,False
2024-09-27,114.55,118.318,113.856,117.426,203582.0,222718708.0,10.65,11.03,10.58,10.94,True,健康元,False
2024-09-30,122.087,127.739,120.401,126.648,437173.0,518924351.0,11.41,11.98,11.24,11.87,True,健康元,False
2024-10-08,138.25,138.349,127.243,129.524,618219.0,751754304.0,13.04,13.05,11.93,12.16,True,健康元,False
2024-10-09,127.64,128.334,120.599,122.186,420059.0,479707378.0,11.97,12.04,11.26,11.42,True,健康元,False
2024-10-10,122.979,125.656,119.905,121.987,294725.0,335986500.0,11.5,11.77,11.19,11.4,True,健康元,False
2024-10-11,121.987,122.781,117.922,119.211,243335.0,270588520.0,11.4,11.48,10.99,11.12,True,健康元,False
2024-10-14,119.409,120.401,117.228,119.905,203904.0,228168576.0,11.14,11.24,10.92,11.19,True,健康元,False
2024-10-15,120.004,120.599,117.327,117.426,157400.0,172195600.0,11.2,11.26,10.93,10.94,True,健康元,False
2024-10-16,116.831,118.418,116.038,116.93,137435.0,149666715.0,10.88,11.04,10.8,10.89,True,健康元,False
2024-10-17,117.426,118.318,115.344,115.344,144556.0,155108588.0,10.94,11.03,10.73,10.73,True,健康元,False
2024-10-18,115.046,119.707,114.947,117.624,207821.0,227771816.00000003,10.7,11.17,10.69,10.96,True,健康元,False
2024-10-21,117.922,118.517,116.236,116.831,198191.0,215631808.00000003,10.99,11.05,10.82,10.88,True,健康元,False
2024-10-22,116.633,118.616,116.335,117.823,180254.0,197918892.0,10.86,11.06,10.83,10.98,True,健康元,False
2024-10-23,117.624,118.715,117.228,118.219,191713.0,211267726.0,10.96,11.07,10.92,11.02,True,健康元,False
2024-10-24,118.021,118.814,116.038,116.236,223905.0,242265210.0,11.0,11.08,10.8,10.82,True,健康元,False
2024-10-25,116.831,120.203,116.831,119.409,283207.0,315492598.0,10.88,11.22,10.88,11.14,True,健康元,False
2024-10-28,120.897,124.764,120.5,124.367,373736.0,435028704.0,11.29,11.68,11.25,11.64,True,健康元,False
2024-10-29,125.656,125.954,120.302,120.599,327983.0,369308858.0,11.77,11.8,11.23,11.26,True,健康元,False
2024-10-30,120.5,122.483,120.203,121.492,210012.0,238363620.0,11.25,11.45,11.22,11.35,True,健康元,False
2024-10-31,121.194,122.087,120.401,120.897,232242.0,262201218.0,11.32,11.41,11.24,11.29,True,健康元,False
2024-11-01,120.897,122.88,120.302,121.987,280865.0,320186100.0,11.29,11.49,11.23,11.4,True,健康元,False
2024-11-04,122.186,125.954,122.186,125.161,335347.0,393026684.0,11.42,11.8,11.42,11.72,True,健康元,False
2024-11-05,124.764,126.846,123.574,126.45,334369.0,396227265.0,11.68,11.89,11.56,11.85,True,健康元,False
2024-11-06,126.45,126.648,124.169,125.061,264974.0,310284554.0,11.85,11.87,11.62,11.71,True,健康元,False
2024-11-07,124.962,127.739,123.673,127.64,290171.0,347334687.0,11.7,11.98,11.57,11.97,True,健康元,False
2024-11-08,128.036,128.929,125.954,126.648,262398.0,311466426.0,12.01,12.1,11.8,11.87,True,健康元,False
2024-11-11,125.954,129.821,124.367,128.929,313950.0,379879500.0,11.8,12.19,11.64,12.1,True,健康元,False
2024-11-12,129.524,132.201,128.036,128.731,487046.0,588351568.0,12.16,12.43,12.01,12.08,True,健康元,False
2024-11-13,128.235,129.623,126.053,128.036,245936.0,295369136.0,12.03,12.17,11.81,12.01,True,健康元,False
2024-11-14,127.838,127.838,124.665,125.061,193349.0,226411679.00000003,11.99,11.99,11.67,11.71,True,健康元,False
2024-11-15,124.566,125.557,122.186,122.682,214491.0,246021177.0,11.66,11.76,11.42,11.47,True,健康元,False
2024-11-18,122.682,125.458,122.186,122.781,239666.0,275136568.0,11.47,11.75,11.42,11.48,True,健康元,False
2024-11-19,123.078,125.756,123.078,124.367,230765.0,268610460.0,11.51,11.78,11.51,11.64,True,健康元,False
2024-11-20,124.367,126.251,123.772,125.756,199417.0,234913226.0,11.64,11.83,11.58,11.78,True,健康元,False
2024-11-21,125.557,125.954,123.673,124.863,186420.0,217924980.0,11.76,11.8,11.57,11.69,True,健康元,False
2024-11-22,124.467,124.764,119.608,119.707,233133.0,260409561.0,11.65,11.68,11.16,11.17,True,健康元,False
2024-11-25,119.707,120.897,118.12,119.211,175717.0,195397304.0,11.17,11.29,11.01,11.12,True,健康元,False
2024-11-26,119.409,120.302,118.814,119.211,152782.0,169893584.0,11.14,11.23,11.08,11.12,True,健康元,False
2024-11-27,119.508,121.492,118.12,121.492,143769.0,163177815.0,11.15,11.35,11.01,11.35,True,健康元,False
2024-11-28,121.492,121.69,120.5,120.897,104980.0,118522420.0,11.35,11.37,11.25,11.29,True,健康元,False
2024-11-29,121.392,123.872,121.095,123.277,183977.0,212125481.0,11.34,11.59,11.31,11.53,True,健康元,False
2024-12-02,123.574,123.872,122.582,123.376,196789.0,227094506.0,11.56,11.59,11.46,11.54,True,健康元,False
2024-12-03,123.376,124.07,122.285,123.772,149483.0,173101314.0,11.54,11.61,11.43,11.58,True,健康元,False
2024-12-04,123.772,123.772,121.69,121.987,137639.0,156908460.0,11.58,11.58,11.37,11.4,True,健康元,False
2024-12-05,121.987,122.682,121.392,122.186,88512.0,101080704.0,11.4,11.47,11.34,11.42,True,健康元,False
2024-12-06,122.384,123.872,121.888,123.574,135943.0,157150108.0,11.44,11.59,11.39,11.56,True,健康元,False
2024-12-09,124.467,125.161,123.078,123.673,179160.0,207288120.0,11.65,11.72,11.51,11.57,True,健康元,False
2024-12-10,125.954,126.45,123.277,123.475,194963.0,225182265.0,11.8,11.85,11.53,11.55,True,健康元,False
2024-12-11,123.078,124.665,123.078,123.872,109900.0,127374100.0,11.51,11.67,11.51,11.59,True,健康元,False
2024-12-12,123.971,125.458,123.475,125.161,162054.0,189927288.0,11.6,11.75,11.55,11.72,True,健康元,False
2024-12-13,124.665,125.161,123.078,123.277,173223.0,199726119.0,11.67,11.72,11.51,11.53,True,健康元,False
2024-12-16,123.277,124.169,121.987,122.285,130497.0,149158071.0,11.53,11.62,11.4,11.43,True,健康元,False
2024-12-17,122.285,122.682,121.095,121.69,114773.0,130496901.0,11.43,11.47,11.31,11.37,True,健康元,False
2024-12-18,121.789,122.384,121.293,121.392,84894.0,96269796.0,11.38,11.44,11.33,11.34,True,健康元,False
2024-12-19,120.698,121.293,119.508,120.996,117918.0,133247340.0,11.27,11.33,11.15,11.3,True,健康元,False
2024-12-20,120.996,122.285,120.996,121.293,107361.0,121640013.0,11.3,11.43,11.3,11.33,True,健康元,False
2024-12-23,121.392,122.087,119.707,119.806,116784.0,130564512.0,11.34,11.41,11.17,11.18,True,健康元,False
2024-12-24,120.004,122.285,119.905,121.888,146086.0,166391954.0,11.2,11.43,11.19,11.39,True,健康元,False
2024-12-25,122.781,122.88,121.194,122.186,97427.0,111261634.0,11.48,11.49,11.32,11.42,True,健康元,False
2024-12-26,122.186,122.285,121.194,121.492,99780.0,113250300.0,11.42,11.43,11.32,11.35,True,健康元,False
2024-12-27,121.492,123.277,120.996,123.078,141829.0,163245179.0,11.35,11.53,11.3,11.51,True,健康元,False
2024-12-30,123.078,123.475,122.483,123.078,106761.0,122881911.0,11.51,11.55,11.45,11.51,True,健康元,False
2024-12-31,123.177,123.376,120.698,120.698,126862.0,142973474.0,11.52,11.54,11.27,11.27,True,健康元,False
2025-01-02,120.797,121.492,117.228,117.922,172766.0,189869834.0,11.28,11.35,10.92,10.99,True,健康元,False
2025-01-03,118.021,121.392,117.823,118.517,185558.0,205041590.0,11.0,11.34,10.98,11.05,True,健康元,False
2025-01-06,120.996,123.277,119.806,121.789,273118.0,310808284.0,11.3,11.53,11.18,11.38,True,健康元,False
2025-01-07,121.888,121.987,118.12,119.409,231214.0,257572396.0,11.39,11.4,11.01,11.14,True,健康元,False
2025-01-08,119.409,120.401,117.228,118.715,156402.0,173137014.0,11.14,11.24,10.92,11.07,True,健康元,False
2025-01-09,118.021,119.013,116.633,117.426,112946.0,123562924.0,11.0,11.1,10.86,10.94,True,健康元,False
2025-01-10,117.228,117.823,116.137,116.633,116172.0,126162792.0,10.92,10.98,10.81,10.86,True,健康元,False
2025-01-13,114.054,115.344,113.261,115.145,174484.0,186872364.0,10.6,10.73,10.52,10.71,True,健康元,False
2025-01-14,114.848,116.633,114.649,116.137,154901.0,167447981.0,10.68,10.86,10.66,10.81,True,健康元,False
2025-01-15,116.137,116.236,115.145,115.74,97554.0,105065658.0,10.81,10.82,10.71,10.77,True,健康元,False
2025-01-16,115.939,117.327,115.145,115.839,96342.0,103856676.0,10.79,10.93,10.71,10.78,True,健康元,False
2025-01-17,115.145,117.228,114.947,116.831,99038.0,107753344.0,10.71,10.92,10.69,10.88,True,健康元,False
2025-01-20,116.434,118.318,116.335,116.732,102671.0,111603377.0,10.84,11.03,10.83,10.87,True,健康元,False
2025-01-21,117.029,117.426,115.641,115.939,74365.0,80239835.0,10.9,10.94,10.76,10.79,True,健康元,False
2025-01-22,115.641,116.335,114.154,116.137,92779.0,100294099.0,10.76,10.83,10.61,10.81,True,健康元,False
2025-01-23,116.533,117.624,116.038,116.038,113429.0,122503320.0,10.85,10.96,10.8,10.8,True,健康元,False
2025-01-24,115.839,116.533,115.344,116.434,98698.0,106988632.0,10.78,10.85,10.73,10.84,True,健康元,False
2025-01-27,116.434,118.318,116.434,116.93,108256.0,117890784.0,10.84,11.03,10.84,10.89,True,健康元,False
2025-02-05,117.823,118.12,116.335,117.029,96099.0,104747910.0,10.98,11.01,10.83,10.9,True,健康元,False
2025-02-06,117.029,118.318,116.137,117.922,109028.0,119821772.0,10.9,11.03,10.81,10.99,True,健康元,False
2025-02-07,118.517,118.814,117.426,118.418,135506.0,149598624.0,11.05,11.08,10.94,11.04,True,健康元,False
2025-02-10,118.814,119.508,118.021,119.31,141523.0,157515099.0,11.08,11.15,11.0,11.13,True,健康元,False
2025-02-11,119.806,119.905,117.922,119.112,122550.0,136153050.0,11.18,11.19,10.99,11.11,True,健康元,False
2025-02-12,118.715,119.013,117.922,118.418,125663.0,138731952.0,11.07,11.1,10.99,11.04,True,健康元,False
2025-02-13,120.004,121.392,118.715,118.913,219766.0,243720494.0,11.2,11.34,11.07,11.09,True,健康元,False
2025-02-14,118.418,126.053,118.418,124.268,579753.0,674252739.0,11.04,11.81,11.04,11.63,True,健康元,False
2025-02-17,126.45,130.119,124.169,124.764,697446.0,814616928.0,11.85,12.22,11.62,11.68,True,健康元,False
2025-02-18,124.367,125.458,122.186,123.177,353545.0,407283840.0,11.64,11.75,11.42,11.52,True,健康元,False
2025-02-19,122.781,123.078,121.293,122.781,271292.0,311443216.0,11.48,11.51,11.33,11.48,True,健康元,False
2025-02-20,122.979,128.433,122.979,123.872,462821.0,536409539.0,11.5,12.05,11.5,11.59,True,健康元,False
2025-02-21,124.764,125.656,122.186,123.872,380199.0,440650641.0,11.68,11.77,11.42,11.59,True,健康元,False
2025-02-24,123.277,124.665,122.483,122.979,275790.0,317158500.0,11.53,11.67,11.45,11.5,True,健康元,False
2025-02-25,122.186,122.88,121.095,121.987,206431.0,235331340.0,11.42,11.49,11.31,11.4,True,健康元,False
2025-02-26,121.591,122.483,121.392,121.987,175379.0,199932060.0,11.36,11.45,11.34,11.4,True,健康元,False
2025-02-27,122.087,122.186,120.797,121.987,197780.0,225469200.0,11.41,11.42,11.28,11.4,True,健康元,False
2025-02-28,121.69,122.979,120.004,120.401,203208.0,228405792.0,11.37,11.5,11.2,11.24,True,健康元,False
2025-03-03,120.401,122.186,120.401,121.591,152221.0,172923056.0,11.24,11.42,11.24,11.36,True,健康元,False
2025-03-04,121.293,122.285,120.897,121.789,118750.0,135137500.0,11.33,11.43,11.29,11.38,True,健康元,False
2025-03-05,122.087,122.087,120.103,120.5,126695.0,142531875.0,11.41,11.41,11.21,11.25,True,健康元,False
2025-03-06,120.698,121.789,120.203,121.69,162240.0,184466880.0,11.27,11.38,11.22,11.37,True,健康元,False
2025-03-07,121.293,121.392,120.203,120.599,142147.0,160057522.0,11.33,11.34,11.22,11.26,True,健康元,False
2025-03-10,123.078,123.475,121.392,122.384,197582.0,226033808.0,11.51,11.55,11.34,11.44,True,健康元,False
2025-03-11,121.69,123.277,121.194,122.582,163938.0,187872948.0,11.37,11.53,11.32,11.46,True,健康元,False
2025-03-12,122.781,122.979,121.095,121.392,187664.0,212810976.0,11.48,11.5,11.31,11.34,True,健康元,False
2025-03-13,121.293,121.591,120.302,121.095,133176.0,150622056.0,11.33,11.36,11.23,11.31,True,健康元,False
2025-03-14,120.996,122.582,120.897,122.582,173477.0,198804642.0,11.3,11.46,11.29,11.46,True,健康元,False
2025-03-17,122.979,123.277,122.285,122.285,136471.0,155986353.0,11.5,11.53,11.43,11.43,True,健康元,False
2025-03-18,122.781,123.574,121.987,122.582,132528.0,151877088.0,11.48,11.56,11.4,11.46,True,健康元,False
2025-03-19,122.285,122.979,121.987,122.582,102290.0,117224340.0,11.43,11.5,11.4,11.46,True,健康元,False
2025-03-20,122.682,122.781,121.392,121.492,111590.0,126654650.0,11.47,11.48,11.34,11.35,True,健康元,False
2025-03-21,121.888,122.186,119.608,120.103,165543.0,185573703.0,11.39,11.42,11.16,11.21,True,健康元,False
2025-03-24,119.707,121.293,119.707,120.599,113053.0,127297678.0,11.17,11.33,11.17,11.26,True,健康元,False
2025-03-25,120.401,121.987,120.004,121.789,110235.0,125447430.0,11.24,11.4,11.2,11.38,True,健康元,False
2025-03-26,121.492,122.087,120.797,121.293,93348.0,105763284.0,11.35,11.41,11.28,11.33,True,健康元,False
2025-03-27,121.591,123.673,120.599,123.574,213247.0,246513532.0,11.36,11.57,11.26,11.56,True,健康元,False
2025-03-28,123.376,125.656,123.078,124.566,231612.0,270059592.0,11.54,11.77,11.51,11.66,True,健康元,False
2025-03-31,123.971,125.756,122.979,123.772,186807.0,216322506.0,11.6,11.78,11.5,11.58,True,健康元,False
2025-04-01,123.971,128.433,123.574,126.946,376853.0,448455070.0,11.6,12.05,11.56,11.9,True,健康元,False
2025-04-02,127.441,127.937,125.061,125.656,223629.0,263211333.0,11.95,12.0,11.71,11.77,True,健康元,False
2025-04-03,124.962,126.747,124.764,125.756,196408.0,231368624.0,11.7,11.88,11.68,11.78,True,健康元,False
2025-04-07,120.996,122.88,114.054,114.154,359891.0,381844351.0,11.3,11.49,10.6,10.61,True,健康元,False
2025-04-08,114.848,117.922,111.873,113.36,350646.0,369230238.0,10.68,10.99,10.38,10.53,True,健康元,False
2025-04-09,111.675,112.765,108.799,112.071,296878.0,308753120.0,10.36,10.47,10.07,10.4,True,健康元,False
2025-04-10,113.559,114.352,112.071,113.063,239438.0,251409900.0,10.55,10.63,10.4,10.5,True,健康元,False
2025-04-11,112.468,113.559,111.278,112.071,185163.0,192569520.0,10.44,10.55,10.32,10.4,True,健康元,False
2025-04-14,113.261,114.947,112.468,113.658,275723.0,291163488.0,10.52,10.69,10.44,10.56,True,健康元,False
2025-04-15,113.658,114.054,112.269,112.864,154857.0,162290136.0,10.56,10.6,10.42,10.48,True,健康元,False
2025-04-16,112.567,112.567,110.187,111.179,191369.0,197301439.0,10.45,10.45,10.21,10.31,True,健康元,False
2025-04-17,110.584,112.071,110.286,111.575,105468.0,109159380.0,10.25,10.4,10.22,10.35,True,健康元,False
2025-04-18,111.774,112.765,111.278,112.071,89526.0,93107040.0,10.37,10.47,10.32,10.4,True,健康元,False
2025-04-21,111.972,112.369,111.278,112.17,116562.0,121341042.0,10.39,10.43,10.32,10.41,True,健康元,False
2025-04-22,112.071,114.352,111.774,114.054,178860.0,189591600.0,10.4,10.63,10.37,10.6,True,健康元,False
2025-04-23,114.054,114.649,112.864,113.162,129096.0,135679896.0,10.6,10.66,10.48,10.51,True,健康元,False
2025-04-24,113.162,115.344,112.964,113.757,160735.0,169896895.0,10.51,10.73,10.49,10.57,True,健康元,False
2025-04-25,114.55,115.542,113.261,113.658,177237.0,187162272.0,10.65,10.75,10.52,10.56,True,健康元,False
2025-04-28,114.054,114.947,112.765,114.55,178475.0,190075875.0,10.6,10.69,10.47,10.65,True,健康元,False
2025-04-29,114.054,116.137,114.054,115.046,100521.0,107557470.0,10.6,10.81,10.6,10.7,True,健康元,False
2025-04-30,114.947,115.443,114.054,114.054,107251.0,113686060.0,10.69,10.74,10.6,10.6,True,健康元,False
2025-05-06,114.154,115.74,114.054,115.046,177524.0,189950680.0,10.61,10.77,10.6,10.7,True,健康元,False
2025-05-07,115.542,116.038,114.352,114.947,156666.0,167475954.0,10.75,10.8,10.63,10.69,True,健康元,False
2025-05-08,114.848,115.145,114.451,114.947,111972.0,119698068.0,10.68,10.71,10.64,10.69,True,健康元,False
2025-05-09,115.046,115.939,114.848,115.145,114704.0,122847984.0,10.7,10.79,10.68,10.71,True,健康元,False
2025-05-12,115.443,115.74,114.352,114.947,145277.0,155301113.0,10.74,10.77,10.63,10.69,True,健康元,False
2025-05-13,115.344,115.839,115.046,115.542,175591.0,188760325.0,10.73,10.78,10.7,10.75,True,健康元,False
2025-05-14,115.542,115.839,114.451,115.443,120041.0,128924034.0,10.75,10.78,10.64,10.74,True,健康元,False
2025-05-15,115.344,115.839,115.046,115.145,102927.0,110234817.0,10.73,10.78,10.7,10.71,True,健康元,False
2025-05-16,115.244,115.839,114.848,115.443,113661.0,122071914.0,10.72,10.78,10.68,10.74,True,健康元,False
2025-05-19,115.443,115.74,114.352,114.749,135625.0,144711875.0,10.74,10.77,10.63,10.67,True,健康元,False
2025-05-20,114.649,115.939,114.649,115.542,139679.0,150154925.0,10.66,10.79,10.66,10.75,True,健康元,False
2025-05-21,115.74,117.426,115.542,116.93,141875.0,154501875.0,10.77,10.94,10.75,10.89,True,健康元,False
2025-05-22,116.533,116.732,115.443,116.038,111257.0,120157560.0,10.85,10.87,10.74,10.8,True,健康元,False
2025-05-23,117.029,118.814,116.831,116.93,210665.0,229414185.0,10.9,11.08,10.88,10.89,True,健康元,False
2025-05-26,117.426,117.823,114.848,115.443,179318.0,192587532.0,10.94,10.98,10.68,10.74,True,健康元,False
2025-05-27,115.542,117.029,115.046,116.633,129289.0,140407854.0,10.75,10.9,10.7,10.86,True,健康元,False
2025-05-28,116.633,116.831,115.939,116.236,90586.0,98014052.0,10.86,10.88,10.79,10.82,True,健康元,False
2025-05-29,116.137,118.318,115.641,118.219,170077.0,187424854.0,10.81,11.03,10.76,11.02,True,健康元,False
2025-05-30,118.12,120.401,117.922,119.508,196700.0,219320500.0,11.01,11.24,10.99,11.15,True,健康元,False
2025-06-03,118.814,122.88,118.517,122.682,230632.0,264534904.0,11.08,11.49,11.05,11.47,True,健康元,False
2025-06-04,121.987,124.764,121.888,124.467,258844.0,301553260.0,11.4,11.68,11.39,11.65,True,健康元,False
2025-06-05,124.764,124.863,122.384,123.277,201156.0,231932868.0,11.68,11.69,11.44,11.53,True,健康元,False
2025-06-06,123.772,124.764,123.177,123.971,157548.0,182755680.0,11.58,11.68,11.52,11.6,True,健康元,False
2025-06-09,124.367,126.648,123.971,125.954,194315.0,229291700.0,11.64,11.87,11.6,11.8,True,健康元,False
2025-06-10,125.954,128.235,125.557,127.342,298822.0,356793468.0,11.8,12.03,11.76,11.94,True,健康元,False
2025-06-11,127.441,127.937,125.557,125.656,189492.0,223032084.0,11.95,12.0,11.76,11.77,True,健康元,False
2025-06-12,125.855,127.045,125.557,126.846,165861.0,197208729.0,11.79,11.91,11.76,11.89,True,健康元,False
2025-06-13,126.846,127.541,123.971,124.566,177875.0,207402250.0,11.89,11.96,11.6,11.66,True,健康元,False
2025-06-16,124.863,125.061,122.087,122.384,181599.0,207749256.0,11.69,11.71,11.41,11.44,True,健康元,False
2025-06-17,122.781,124.169,120.5,120.996,184462.0,208442060.0,11.48,11.62,11.25,11.3,True,健康元,False
2025-06-18,120.5,120.897,118.12,118.318,172673.0,190458319.0,11.25,11.29,11.01,11.03,True,健康元,False
2025-06-19,118.318,118.814,117.228,117.624,145809.0,159806664.0,11.03,11.08,10.92,10.96,True,健康元,False
2025-06-20,117.624,118.021,116.93,117.228,118296.0,129179232.0,10.96,11.0,10.89,10.92,True,健康元,False
2025-06-23,116.533,117.228,115.641,116.93,124651.0,135744939.0,10.85,10.92,10.76,10.89,True,健康元,False
2025-06-24,117.525,118.12,117.228,118.021,149700.0,164670000.0,10.95,11.01,10.92,11.0,True,健康元,False
2025-06-25,118.318,118.814,117.228,118.318,143413.0,158184539.0,11.03,11.08,10.92,11.03,True,健康元,False
2025-06-26,118.318,118.318,116.831,117.029,133953.0,146008770.0,11.03,11.03,10.88,10.9,True,健康元,False
2025-06-27,117.029,118.616,117.029,118.418,157676.0,174074304.0,10.9,11.06,10.9,11.04,True,健康元,False
2025-06-30,118.021,118.814,117.228,118.318,160379.0,176898037.0,11.0,11.08,10.92,11.03,True,健康元,False
2025-07-01,118.318,119.905,117.823,119.707,187362.0,209283354.0,11.03,11.19,10.98,11.17,True,健康元,False
2025-07-02,119.905,120.996,118.318,119.013,177813.0,197372430.0,11.19,11.3,11.03,11.1,True,健康元,False
2025-07-03,118.913,119.707,118.616,119.508,153154.0,170766710.0,11.09,11.17,11.06,11.15,True,健康元,False
2025-07-04,120.203,124.467,120.203,123.872,425357.0,492988763.0,11.22,11.65,11.22,11.59,True,健康元,False
2025-07-07,123.772,125.855,122.285,122.384,281235.0,321732840.0,11.58,11.79,11.43,11.44,True,健康元,False
2025-07-08,122.285,124.268,121.392,121.789,246139.0,280106182.0,11.43,11.63,11.34,11.38,True,健康元,False
2025-07-09,122.186,123.673,120.996,122.88,218562.0,251127738.0,11.42,11.57,11.3,11.49,True,健康元,False
2025-07-10,122.88,125.458,122.682,125.161,228567.0,267880524.0,11.49,11.75,11.47,11.72,True,健康元,False
2025-07-11,124.764,125.756,124.566,124.764,205756.0,240323008.0,11.68,11.78,11.66,11.68,True,健康元,False
2025-07-14,124.467,125.557,124.268,124.962,139426.0,163128420.0,11.65,11.76,11.63,11.7,True,健康元,False
2025-07-15,125.458,126.152,124.268,125.458,176824.0,207768200.0,11.75,11.82,11.63,11.75,True,健康元,False
2025-07-16,125.557,133.887,125.557,132.895,638788.0,798485000.0,11.76,12.6,11.76,12.5,True,健康元,False
2025-07-17,132.499,133.292,130.515,131.011,428595.0,527600445.0,12.46,12.54,12.26,12.31,True,健康元,False
2025-07-18,131.904,132.102,129.127,131.805,267514.0,326099566.0,12.2,12.22,11.92,12.19,True,健康元,False
2025-07-21,131.21,131.705,128.731,130.515,263737.0,318066822.0,12.13,12.18,11.88,12.06,True,健康元,False
2025-07-22,131.805,140.035,131.805,134.779,715751.0,893972999.0,12.19,13.02,12.19,12.49,True,健康元,False
2025-07-23,134.383,135.573,132.201,132.4,319818.0,391777050.0,12.45,12.57,12.23,12.25,True,健康元,False
2025-07-24,131.904,134.085,131.705,132.895,242836.0,298688280.0,12.2,12.42,12.18,12.3,True,健康元,False
2025-07-25,133.094,134.779,132.102,132.499,208537.0,255666362.0,12.32,12.49,12.22,12.26,True,健康元,False
2025-07-28,133.391,136.961,133.391,134.085,259565.0,322379730.0,12.35,12.71,12.35,12.42,True,健康元,False
2025-07-29,135.969,137.655,134.184,137.159,423254.0,538802342.0,12.61,12.78,12.43,12.73,True,健康元,False
2025-07-30,135.969,139.043,135.672,137.06,397028.0,505019616.0,12.61,12.92,12.58,12.72,True,健康元,False
2025-07-31,136.664,138.746,135.771,136.862,356925.0,453294750.0,12.68,12.89,12.59,12.7,True,健康元,False
2025-08-01,136.862,140.432,135.176,135.573,369210.0,464096970.0,12.7,13.06,12.53,12.57,True,健康元,False
2025-08-04,135.176,137.159,132.201,136.862,386755.0,491178850.0,12.53,12.73,12.23,12.7,True,健康元,False
2025-08-05,137.259,139.936,135.374,137.06,254871.0,324195912.0,12.74,13.01,12.55,12.72,True,健康元,False
2025-08-06,136.862,138.25,133.887,134.085,274067.0,340391214.0,12.7,12.84,12.4,12.42,True,健康元,False
2025-08-07,134.085,134.978,131.507,132.499,266935.0,327262310.0,12.42,12.51,12.16,12.26,True,健康元,False
2025-08-08,132.4,133.788,131.606,132.499,169369.0,207646394.0,12.25,12.39,12.17,12.26,True,健康元,False
2025-08-11,132.499,133.094,131.805,132.499,249416.0,305784016.0,12.26,12.32,12.19,12.26,True,健康元,False
2025-08-12,132.697,133.689,131.21,132.499,190901.0,234044626.0,12.28,12.38,12.13,12.26,True,健康元,False
2025-08-13,133.094,135.771,132.003,134.68,280897.0,350559456.0,12.32,12.59,12.21,12.48,True,健康元,False
2025-08-14,134.779,134.879,132.102,132.796,201945.0,248190405.0,12.49,12.5,12.22,12.29,True,健康元,False
2025-08-15,132.598,140.729,132.3,139.837,552113.0,717746900.0,12.27,13.09,12.24,13.0,True,健康元,False
2025-08-18,140.828,143.803,139.341,140.035,421162.0,548352924.0,13.1,13.4,12.95,13.02,True,健康元,False
2025-08-19,140.531,141.324,137.556,138.052,309275.0,396490550.0,13.07,13.15,12.77,12.82,True,健康元,False
2025-08-20,137.953,138.647,135.672,138.052,257624.0,330273968.0,12.81,12.88,12.58,12.82,True,健康元,False
2025-08-21,138.151,139.738,137.853,138.845,242830.0,313250700.0,12.83,12.99,12.8,12.9,True,健康元,False
2025-08-22,138.548,139.242,137.358,138.548,240352.0,309333024.0,12.87,12.94,12.75,12.87,True,健康元,False
2025-08-25,139.043,140.035,137.556,139.242,348295.0,450693730.0,12.92,13.02,12.77,12.94,True,健康元,False
2025-08-26,139.143,140.035,138.052,138.052,218670.0,280334940.0,12.93,13.02,12.82,12.82,True,健康元,False
2025-08-27,138.448,139.44,134.879,135.077,297649.0,372656548.0,12.86,12.96,12.5,12.52,True,健康元,False
2025-08-28,135.176,136.465,131.11,134.184,311948.0,387751364.0,12.53,12.66,12.12,12.43,True,健康元,False
2025-08-29,134.184,135.275,133.49,134.085,200490.0,249008580.0,12.43,12.54,12.36,12.42,True,健康元,False
2025-09-01,134.879,146.381,134.879,146.381,557823.0,761986218.0,12.5,13.66,12.5,13.66,True,健康元,False
2025-09-02,149.753,151.835,145.291,146.381,1169242.0,1597184572.0,14.0,14.21,13.55,13.66,True,健康元,False
2025-09-03,146.282,149.951,144.894,145.886,522797.0,711526717.0,13.65,14.02,13.51,13.61,True,健康元,False
2025-09-04,146.084,148.563,139.738,141.523,490448.0,645920016.0,13.63,13.88,12.99,13.17,True,健康元,False
2025-09-05,141.82,144.795,139.738,144.696,408548.0,551131252.0,13.2,13.5,12.99,13.49,True,健康元,False
2025-09-08,144.894,145.192,142.514,143.902,321848.0,431598168.0,13.51,13.54,13.27,13.41,True,健康元,False
2025-09-09,144.795,146.679,140.928,141.721,419667.0,553540773.0,13.5,13.69,13.11,13.19,True,健康元,False
2025-09-10,141.423,142.712,138.746,139.738,294647.0,382746453.0,13.16,13.29,12.89,12.99,True,健康元,False
2025-09-11,138.845,140.233,134.383,140.134,360808.0,470132824.0,12.9,13.04,12.45,13.03,True,健康元,False
2025-09-12,140.432,141.82,138.151,140.828,355161.0,465260910.0,13.06,13.2,12.83,13.1,True,健康元,False
2025-09-15,140.828,142.217,139.837,140.233,234140.0,305318560.0,13.1,13.24,13.0,13.04,True,健康元,False
2025-09-16,140.134,140.233,137.358,138.845,211554.0,272904660.0,13.03,13.04,12.75,12.9,True,健康元,False
2025-09-17,139.341,139.341,137.259,138.349,179120.0,230169200.0,12.95,12.95,12.74,12.85,True,健康元,False
2025-09-18,138.448,142.514,137.953,139.638,358454.0,465273292.0,12.86,13.27,12.81,12.98,True,健康元,False
2025-09-19,139.539,140.233,136.168,136.664,241383.0,306073644.0,12.97,13.04,12.63,12.68,True,健康元,False
2025-09-22,137.358,139.341,134.284,134.879,250843.0,313553750.0,12.75,12.95,12.44,12.5,True,健康元,False
2025-09-23,134.581,134.978,131.11,133.193,251868.0,310553244.0,12.47,12.51,12.12,12.33,True,健康元,False
2025-09-24,132.895,135.077,132.4,134.383,175354.0,218315730.0,12.3,12.52,12.25,12.45,True,健康元,False
2025-09-25,134.085,135.275,132.995,133.49,163105.0,201597780.0,12.42,12.54,12.31,12.36,True,健康元,False
2025-09-26,132.4,133.292,131.11,132.3,164112.0,200873088.0,12.25,12.34,12.12,12.24,True,健康元,False
2025-09-29,132.201,134.383,130.813,133.292,167852.0,207129368.0,12.23,12.45,12.09,12.34,True,健康元,False
2025-09-30,134.68,135.969,133.986,134.68,153941.0,192118368.0,12.48,12.61,12.41,12.48,True,健康元,False
2025-10-09,134.482,135.374,133.193,135.374,157021.0,197061355.0,12.46,12.55,12.33,12.55,True,健康元,False
2025-10-10,134.779,136.069,134.383,135.077,153959.0,192756668.0,12.49,12.62,12.45,12.52,True,健康元,False
2025-10-13,131.408,133.292,131.21,132.499,180457.0,221240282.0,12.15,12.34,12.13,12.26,True,健康元,False
2025-10-14,132.499,133.193,130.813,131.011,193138.0,233890118.0,12.26,12.33,12.09,12.11,True,健康元,False
2025-10-15,131.309,133.589,131.011,132.796,170254.0,209242166.0,12.14,12.37,12.11,12.29,True,健康元,False
2025-10-16,132.4,133.49,131.805,132.201,121425.0,148502775.0,12.25,12.36,12.19,12.23,True,健康元,False
2025-10-17,132.4,133.689,130.416,130.515,151094.0,182219364.0,12.25,12.38,12.05,12.06,True,健康元,False
2025-10-20,131.408,131.606,129.722,130.515,169706.0,204665436.0,12.15,12.17,11.98,12.06,True,健康元,False
2025-10-21,130.615,132.796,130.416,132.4,169612.0,207774700.0,12.07,12.29,12.05,12.25,True,健康元,False
2025-10-22,132.3,133.292,131.904,132.3,118318.0,144821232.0,12.24,12.34,12.2,12.24,True,健康元,False
2025-10-23,132.201,132.499,130.615,132.4,112053.0,137264925.0,12.23,12.26,12.07,12.25,True,健康元,False
2025-10-24,132.102,132.796,130.615,130.912,151917.0,183819570.0,12.22,12.29,12.07,12.1,True,健康元,False
2025-10-27,130.912,131.507,128.929,128.929,306008.0,364149520.0,12.1,12.16,11.9,11.9,True,健康元,False
2025-10-28,129.325,129.325,128.334,128.532,144749.0,171672314.0,11.94,11.94,11.84,11.86,True,健康元,False
2025-10-29,128.235,129.722,128.235,129.325,148269.0,177033186.0,11.83,11.98,11.83,11.94,True,健康元,False
2025-10-30,129.524,130.02,128.731,128.731,145255.0,172562940.0,11.96,12.01,11.88,11.88,True,健康元,False
2025-10-31,129.028,131.705,128.83,131.507,226499.0,275422784.0,11.91,12.18,11.89,12.16,True,健康元,False
2025-11-03,131.408,131.904,130.515,131.606,162594.0,197876898.0,12.15,12.2,12.06,12.17,True,健康元,False
2025-11-04,131.507,131.507,129.425,130.317,131723.0,158594492.0,12.16,12.16,11.95,12.04,True,健康元,False
2025-11-05,129.623,131.606,129.524,130.813,108108.0,130702572.0,11.97,12.17,11.96,12.09,True,健康元,False
2025-11-06,130.515,131.408,130.119,130.912,104035.0,125882350.0,12.06,12.15,12.02,12.1,True,健康元,False
2025-11-07,130.416,133.689,130.416,133.094,216509.0,266739088.0,12.05,12.38,12.05,12.32,True,健康元,False
2025-11-10,133.986,134.779,133.193,134.284,169853.0,211297132.0,12.41,12.49,12.33,12.44,True,健康元,False
2025-11-11,134.284,134.68,133.292,133.589,122741.0,151830617.0,12.44,12.48,12.34,12.37,True,健康元,False
2025-11-12,133.589,135.87,133.49,135.374,211418.0,265329590.00000003,12.37,12.6,12.36,12.55,True,健康元,False
2025-11-13,135.474,136.564,134.68,136.069,184410.0,232725420.0,12.56,12.67,12.48,12.62,True,健康元,False
2025-11-14,135.969,138.349,135.474,136.862,216638.0,275130260.0,12.61,12.85,12.56,12.7,True,健康元,False
2025-11-17,137.06,137.358,133.788,134.184,206561.0,256755323.0,12.72,12.75,12.39,12.43,True,健康元,False
2025-11-18,133.49,134.482,132.102,132.598,141594.0,173735838.0,12.36,12.46,12.22,12.27,True,健康元,False
2025-11-19,132.697,133.391,130.218,131.011,132782.0,160799002.0,12.28,12.35,12.03,12.11,True,健康元,False
2025-11-20,131.408,135.374,130.912,132.598,186095.0,228338565.0,12.15,12.55,12.1,12.27,True,健康元,False
2025-11-21,132.102,133.292,129.425,129.524,192481.0,230207276.00000003,12.22,12.34,11.95,11.96,True,健康元,False
2025-11-24,129.92,131.11,129.226,129.623,129018.0,154434546.0,12.0,12.12,11.93,11.97,True,健康元,False
2025-11-25,129.524,134.284,129.524,133.193,223781.0,275921973.0,11.96,12.44,11.96,12.33,True,健康元,False
2025-11-26,133.391,136.267,133.391,133.689,202582.0,250796516.00000003,12.35,12.64,12.35,12.38,True,健康元,False
2025-11-27,133.49,134.383,132.697,133.986,121585.0,150886985.0,12.36,12.45,12.28,12.41,True,健康元,False
2025-11-28,133.589,133.788,132.4,133.391,116641.0,144051635.0,12.37,12.39,12.25,12.35,True,健康元,False
2025-12-01,133.589,134.68,133.094,134.383,164535.0,204846075.0,12.37,12.48,12.32,12.45,True,健康元,False
2025-12-02,134.184,134.978,133.193,134.284,117478.0,146142632.0,12.43,12.51,12.33,12.44,True,健康元,False
2025-12-03,134.779,136.862,134.085,136.664,230944.0,292836992.0,12.49,12.7,12.42,12.68,True,健康元,False
2025-12-04,135.969,137.655,135.077,136.564,180999.0,229325733.0,12.61,12.78,12.52,12.67,True,健康元,False
2025-12-05,136.862,136.961,134.879,136.267,166435.0,210373840.0,12.7,12.71,12.5,12.64,True,健康元,False
2025-12-08,136.168,137.457,134.68,135.275,199352.0,249987408.0,12.63,12.76,12.48,12.54,True,健康元,False
2025-12-09,135.275,137.259,134.978,135.176,158664.0,198805992.0,12.54,12.74,12.51,12.53,True,健康元,False
2025-12-10,135.176,135.374,133.094,133.391,148348.0,183209780.0,12.53,12.55,12.32,12.35,True,健康元,False
2025-12-11,133.689,136.465,133.589,134.68,186025.0,232159200.0,12.38,12.66,12.37,12.48,True,健康元,False
2025-12-12,136.664,136.664,131.309,131.705,350097.0,426418146.0,12.68,12.68,12.14,12.18,True,健康元,False
2025-12-15,131.21,131.705,129.524,129.623,185838.0,222448086.0,12.13,12.18,11.96,11.97,True,健康元,False
2025-12-16,129.623,129.92,125.954,126.351,226911.0,264124404.0,11.97,12.0,11.6,11.64,True,健康元,False
2025-12-17,126.152,127.045,125.061,126.648,147464.0,172090488.0,11.62,11.71,11.51,11.67,True,健康元,False
2025-12-18,125.954,127.441,125.656,126.648,113153.0,132049551.0,11.6,11.75,11.57,11.67,True,健康元,False
2025-12-19,126.846,128.631,126.152,127.838,125029.0,147409191.0,11.69,11.87,11.62,11.79,True,健康元,False
2025-12-22,128.631,130.218,128.036,128.731,133112.0,158137056.0,11.87,12.03,11.81,11.88,True,健康元,False
2025-12-23,129.028,129.127,126.251,126.549,147127.0,171550082.0,11.91,11.92,11.63,11.66,True,健康元,False
2025-12-24,126.549,127.243,125.756,126.946,124415.0,145565550.0,11.66,11.73,11.58,11.7,True,健康元,False
2025-12-25,127.045,127.64,126.45,127.441,92664.0,108880200.0,11.71,11.77,11.65,11.75,True,健康元,False
2025-12-26,127.64,128.036,126.45,126.946,101724.0,119017080.0,11.77,11.81,11.65,11.7,True,健康元,False
2025-12-29,126.549,126.946,125.359,125.557,117668.0,136024208.0,11.66,11.7,11.54,11.56,True,健康元,False
2025-12-30,125.557,125.756,123.971,125.557,136506.0,157800936.0,11.56,11.58,11.4,11.56,True,健康元,False
2025-12-31,125.061,126.152,124.962,125.458,83056.0,95929680.0,11.51,11.62,11.5,11.55,True,健康元,False
2026-01-05,125.26,127.243,125.161,127.045,155520.0,182113920.0,11.53,11.73,11.52,11.71,True,健康元,False
2026-01-06,126.846,127.64,126.45,127.541,191208.0,224860608.0,11.69,11.77,11.65,11.76,True,健康元,False
2026-01-07,127.243,129.127,127.144,127.838,175357.0,206745903.0,11.73,11.92,11.72,11.79,True,健康元,False
2026-01-08,128.136,128.929,127.739,127.838,131983.0,155607957.0,11.82,11.9,11.78,11.79,True,健康元,False
2026-01-09,127.838,129.722,127.541,129.623,183050.0,219110850.0,11.79,11.98,11.76,11.97,True,健康元,False
2026-01-12,130.119,132.499,130.02,130.813,244752.0,295905168.0,12.02,12.26,12.01,12.09,True,健康元,False
2026-01-13,131.011,133.986,131.011,132.003,308686.0,376905606.0,12.11,12.41,12.11,12.21,True,健康元,False
2026-01-14,132.003,133.689,129.325,130.813,332679.0,402208911.0,12.21,12.38,11.94,12.09,True,健康元,False
2026-01-15,130.615,130.714,129.028,129.325,161974.0,193396956.0,12.07,12.08,11.91,11.94,True,健康元,False
2026-01-16,129.524,130.218,127.739,127.838,182397.0,215046063.0,11.96,12.03,11.78,11.79,True,健康元,False
2026-01-19,127.144,130.218,127.144,129.127,148842.0,177419664.0,11.72,12.03,11.72,11.92,True,健康元,False
2026-01-20,129.425,130.119,128.731,129.524,119580.0,143017680.0,11.95,12.02,11.88,11.96,True,健康元,False
2026-01-21,129.226,131.408,129.028,129.623,145566.0,174242502.0,11.93,12.15,11.91,11.97,True,健康元,False
2026-01-22,129.524,129.92,128.731,129.028,120828.0,143906148.0,11.96,12.0,11.88,11.91,True,健康元,False
2026-01-23,129.425,130.515,129.028,130.416,154436.0,186095380.0,11.95,12.06,11.91,12.05,True,健康元,False
2026-01-26,130.813,132.4,129.127,131.606,269627.0,328136059.0,12.09,12.25,11.92,12.17,True,健康元,False
2026-01-27,131.507,131.904,127.937,129.524,217302.0,259893192.00000003,12.16,12.2,11.8,11.96,True,健康元,False
2026-01-28,129.325,129.722,127.937,128.334,173474.0,205393216.0,11.94,11.98,11.8,11.84,True,健康元,False
2026-01-29,127.739,128.731,125.954,127.739,181049.0,213275722.0,11.78,11.88,11.6,11.78,True,健康元,False
2026-01-30,127.739,129.127,126.251,126.648,158015.0,184403505.0,11.78,11.92,11.63,11.67,True,健康元,False
2026-02-02,125.954,126.846,122.88,123.078,213242.0,241176702.0,11.6,11.69,11.29,11.31,True,健康元,False
2026-02-03,123.872,124.367,122.781,124.169,122694.0,140116548.0,11.39,11.44,11.28,11.42,True,健康元,False
2026-02-04,124.07,125.954,123.376,125.855,126184.0,146247256.0,11.41,11.6,11.34,11.59,True,健康元,False
2026-02-05,125.855,126.549,125.26,126.152,96921.0,112622202.0,11.59,11.66,11.53,11.62,True,健康元,False
2026-02-06,126.152,128.334,125.756,126.549,170004.0,198224664.0,11.62,11.84,11.58,11.66,True,健康元,False
2026-02-09,126.747,127.937,126.648,126.946,111563.0,130528710.0,11.68,11.8,11.67,11.7,True,健康元,False
2026-02-10,126.946,127.838,126.351,126.946,87085.0,101889450.0,11.7,11.79,11.64,11.7,True,健康元,False
2026-02-11,127.243,127.64,126.747,126.946,87982.0,102938940.0,11.73,11.77,11.68,11.7,True,健康元,False
2026-02-12,126.747,127.144,125.656,125.656,100711.0,116522627.0,11.68,11.72,11.57,11.57,True,健康元,False
2026-02-13,126.053,126.251,123.971,124.07,110724.0,126336084.0,11.61,11.63,11.4,11.41,True,健康元,False
2026-02-24,124.467,124.764,122.979,124.07,113959.0,130027219.0,11.45,11.48,11.3,11.41,True,健康元,False
2026-02-25,124.07,125.855,123.772,124.962,128095.0,147309250.0,11.41,11.59,11.38,11.5,True,健康元,False
2026-02-26,125.26,126.251,123.772,124.268,142890.0,163323270.0,11.53,11.63,11.38,11.43,True,健康元,False
2026-02-27,124.268,124.962,123.772,124.566,78503.0,89964438.0,11.43,11.5,11.38,11.46,True,健康元,False
2026-03-02,123.475,124.566,121.591,122.682,178591.0,201272057.0,11.35,11.46,11.16,11.27,True,健康元,False
2026-03-03,121.987,123.475,120.5,120.996,172161.0,191098710.0,11.2,11.35,11.05,11.1,True,健康元,False
2026-03-04,120.203,120.698,118.021,118.814,170348.0,185338624.0,11.02,11.07,10.8,10.88,True,健康元,False
2026-03-05,119.608,120.203,118.517,118.814,109259.0,118873792.0,10.96,11.02,10.85,10.88,True,健康元,False
2026-03-06,118.814,122.087,118.318,121.888,156685.0,175330515.0,10.88,11.21,10.83,11.19,True,健康元,False
2026-03-09,121.194,122.087,120.401,121.492,139565.0,155614975.0,11.12,11.21,11.04,11.15,True,健康元,False
2026-03-10,121.987,123.078,121.987,122.979,111500.0,125995000.0,11.2,11.31,11.2,11.3,True,健康元,False
2026-03-11,122.979,123.277,121.987,122.582,88539.0,99694914.0,11.3,11.33,11.2,11.26,True,健康元,False
2026-03-12,122.582,123.177,121.987,122.384,114889.0,129135236.0,11.26,11.32,11.2,11.24,True,健康元,False
2026-03-13,122.186,122.979,121.789,121.987,120509.0,134970080.0,11.22,11.3,11.18,11.2,True,健康元,False
2026-03-16,121.987,122.781,120.996,122.384,107053.0,120327572.0,11.2,11.28,11.1,11.24,True,健康元,False
2026-03-17,122.582,124.764,122.285,123.078,125059.0,141441729.0,11.26,11.48,11.23,11.31,True,健康元,False
2026-03-18,122.979,123.574,121.987,122.384,76622.0,86123128.0,11.3,11.36,11.2,11.24,True,健康元,False
2026-03-19,121.888,122.682,120.401,120.698,96711.0,107059077.0,11.19,11.27,11.04,11.07,True,健康元,False
2026-03-20,120.698,122.285,119.608,119.608,93607.0,102593272.0,11.07,11.23,10.96,10.96,True,健康元,False
2026-03-23,118.616,118.616,113.063,113.955,211808.0,220068512.0,10.86,10.86,10.3,10.39,True,健康元,False
2026-03-24,115.046,116.831,114.649,116.732,156003.0,166455201.0,10.5,10.68,10.46,10.67,True,健康元,False
2026-03-25,116.732,117.525,115.839,116.831,120728.0,128937504.0,10.67,10.75,10.58,10.68,True,健康元,False
2026-03-26,116.831,118.715,116.137,116.533,121151.0,129025815.0,10.68,10.87,10.61,10.65,True,健康元,False
2026-03-27,115.641,120.004,115.145,119.806,146934.0,161333532.0,10.56,11.0,10.51,10.98,True,健康元,False
2026-03-30,118.616,122.186,118.517,121.789,175677.0,196406886.0,10.86,11.22,10.85,11.18,True,健康元,False
2026-03-31,121.789,123.177,121.392,121.987,154821.0,173399520.0,11.18,11.32,11.14,11.2,True,健康元,False
2026-04-01,121.987,124.962,119.707,124.863,261192.0,300109608.0,11.2,11.5,10.97,11.49,True,健康元,False
2026-04-02,124.268,125.855,123.971,124.566,183613.0,210420498.00000003,11.43,11.59,11.4,11.46,True,健康元,False
2026-04-03,123.971,124.467,122.483,122.781,139777.0,157668456.0,11.4,11.45,11.25,11.28,True,健康元,False
2026-04-07,122.88,123.574,120.897,121.888,121875.0,136378125.0,11.29,11.36,11.09,11.19,True,健康元,False
2026-04-08,123.277,123.971,121.888,122.682,185094.0,208600938.0,11.33,11.4,11.19,11.27,True,健康元,False
2026-04-09,122.384,124.566,121.095,121.095,140839.0,156472129.0,11.24,11.46,11.11,11.11,True,健康元,False
2026-04-10,121.194,123.376,120.996,121.492,120619.0,134490185.0,11.12,11.34,11.1,11.15,True,健康元,False
2026-04-13,121.591,121.789,119.211,119.211,128796.0,140645232.0,11.16,11.18,10.92,10.92,True,健康元,False
2026-04-14,119.707,120.302,118.318,120.203,124963.0,137709226.0,10.97,11.03,10.83,11.02,True,健康元,False
2026-04-15,121.194,123.971,120.698,123.475,237108.0,269117580.0,11.12,11.4,11.07,11.35,True,健康元,False
2026-04-16,123.475,123.673,122.087,122.384,124661.0,140118964.0,11.35,11.37,11.21,11.24,True,健康元,False
2026-04-17,122.186,122.384,120.5,120.897,111063.0,123168867.0,11.22,11.24,11.05,11.09,True,健康元,False
2026-04-20,120.599,120.797,119.608,119.608,135993.0,149048328.0,11.06,11.08,10.96,10.96,True,健康元,False
2026-04-21,119.806,120.797,119.211,119.508,91591.0,100292145.0,10.98,11.08,10.92,10.95,True,健康元,False
2026-04-22,119.112,119.806,119.013,119.409,65157.0,71281758.0,10.91,10.98,10.9,10.94,True,健康元,False
2026-04-23,119.112,119.707,118.12,119.013,99358.0,108300220.0,10.91,10.97,10.81,10.9,True,健康元,False
2026-04-24,118.12,119.013,116.831,118.318,124406.0,134731698.0,10.81,10.9,10.68,10.83,True,健康元,False
2026-04-27,119.112,119.707,118.12,118.814,122997.0,133820736.0,10.91,10.97,10.81,10.88,True,健康元,False
2026-04-28,118.616,120.599,118.219,118.814,146255.0,159125440.0,10.86,11.06,10.82,10.88,True,健康元,False
2026-04-29,118.913,121.987,118.715,120.996,187968.0,208644480.0,10.89,11.2,10.87,11.1,True,健康元,False
2026-04-30,120.897,121.293,119.211,119.31,132598.0,144929614.0,11.09,11.13,10.92,10.93,True,健康元,False
2026-05-06,119.31,120.103,118.219,118.418,173249.0,187801916.0,10.93,11.01,10.82,10.84,True,健康元,False
2026-05-07,118.814,119.211,117.525,117.624,134319.0,144527244.0,10.88,10.92,10.75,10.76,True,健康元,False
2026-05-08,117.723,118.318,117.426,117.624,96031.0,103329356.0,10.77,10.83,10.74,10.76,True,健康元,False
2026-05-11,118.021,121.492,117.128,121.194,274142.0,304845904.0,10.8,11.15,10.71,11.12,True,健康元,False
2026-05-12,121.194,121.293,119.112,119.806,172774.0,189705852.0,11.12,11.13,10.91,10.98,True,健康元,False
2026-05-13,119.806,120.203,118.318,118.715,172491.0,187497717.0,10.98,11.02,10.83,10.87,True,健康元,False
2026-05-14,118.814,119.013,116.633,116.732,147440.0,157318480.0,10.88,10.9,10.66,10.67,True,健康元,False
2026-05-15,116.633,117.228,114.451,114.947,172964.0,181439236.0,10.66,10.72,10.44,10.49,True,健康元,False
2026-05-18,114.848,114.848,111.575,112.567,187531.0,192219275.0,10.48,10.48,10.15,10.25,True,健康元,False
2026-05-19,112.567,114.352,112.071,113.559,113552.0,117526320.0,10.25,10.43,10.2,10.35,True,健康元,False
2026-05-20,113.757,113.856,112.17,112.964,80631.0,82969299.0,10.37,10.38,10.21,10.29,True,健康元,False
2026-05-21,113.063,114.352,111.774,111.774,124425.0,126540225.0,10.3,10.43,10.17,10.17,True,健康元,False
2026-05-22,112.468,112.864,110.881,111.278,108086.0,109383032.0,10.24,10.28,10.08,10.12,True,健康元,False
2026-05-25,111.179,111.575,109.79,110.584,118707.0,119300535.0,10.11,10.15,9.97,10.05,True,健康元,False
2026-05-26,110.584,111.575,109.989,111.377,90095.0,91266235.0,10.05,10.15,9.99,10.13,True,健康元,False
2026-05-27,111.377,111.675,109.592,110.782,113196.0,113988372.0,10.13,10.16,9.95,10.07,True,健康元,False
2026-05-28,110.584,110.782,108.799,109.096,112152.0,111030480.0,10.05,10.07,9.87,9.9,True,健康元,False
2026-05-29,109.79,112.964,108.997,112.071,178607.0,182179140.0,9.97,10.29,9.89,10.2,True,健康元,False
2026-06-01,112.17,112.864,111.08,112.468,127100.0,130150400.0,10.21,10.28,10.1,10.24,True,健康元,False
2026-06-02,112.468,112.964,111.08,111.278,102131.0,103356572.0,10.24,10.29,10.1,10.12,True,健康元,False
2026-06-03,111.179,111.278,109.592,109.89,109836.0,109616328.0,10.11,10.12,9.95,9.98,True,健康元,False
2026-06-04,109.89,110.286,107.51,108.105,111106.0,108883880.0,9.98,10.02,9.74,9.8,True,健康元,False
2026-06-05,108.6,109.592,108.402,109.195,100047.0,99146577.0,9.85,9.95,9.83,9.91,True,健康元,False
2026-06-08,108.105,109.195,105.725,106.617,138373.0,133529945.0,9.8,9.91,9.56,9.65,True,健康元,False
2026-06-09,106.816,108.105,105.923,107.311,110187.0,107101764.0,9.67,9.8,9.58,9.72,True,健康元,False
2026-06-10,106.716,108.898,106.617,108.501,116866.0,114996144.0,9.66,9.88,9.65,9.84,True,健康元,False
2026-06-11,108.303,108.898,107.113,108.303,104410.0,102530620.0,9.82,9.88,9.7,9.82,True,健康元,False
2026-06-12,108.303,110.485,107.708,110.485,138722.0,139276888.0,9.82,10.04,9.76,10.04,True,健康元,False
2026-06-15,110.385,111.278,109.989,111.179,123902.0,125264922.0,10.03,10.12,9.99,10.11,True,健康元,False
2026-06-16,111.575,111.575,108.799,109.195,96469.0,95600779.0,10.15,10.15,9.87,9.91,True,健康元,False
2026-06-17,108.799,109.394,107.51,107.906,103766.0,101483148.0,9.87,9.93,9.74,9.78,True,健康元,False
2026-06-18,107.212,109.195,106.221,108.204,132699.0,130177719.0,9.71,9.91,9.61,9.81,True,健康元,False
2026-06-22,107.51,108.105,104.535,107.906,156147.0,152711766.0,9.74,9.8,9.44,9.78,True,健康元,False
2026-06-23,107.609,110.584,107.311,108.799,157342.0,155296554.0,9.75,10.05,9.72,9.87,True,健康元,False
2026-06-24,109.295,111.774,109.096,109.691,168585.0,167910660.0,9.92,10.17,9.9,9.96,True,健康元,False
2026-06-25,108.6,109.79,106.419,108.6,158935.0,156550975.0,9.85,9.97,9.63,9.85,True,健康元,False
2026-06-26,109.195,109.493,105.13,105.229,144082.0,133852178.0,9.69,9.72,9.28,9.29,True,健康元,False
2026-06-29,104.832,109.989,103.147,109.79,205475.0,200338125.0,9.25,9.77,9.08,9.75,True,健康元,False
2026-06-30,109.096,109.195,106.121,106.518,142302.0,134048484.0,9.68,9.69,9.38,9.42,True,健康元,False
2026-07-01,106.518,109.295,104.634,109.096,176535.0,170885880.0,9.42,9.7,9.23,9.68,True,健康元,False
2026-07-02,108.898,111.774,108.501,110.98,185526.0,183114162.0,9.66,9.95,9.62,9.87,True,健康元,False
2026-07-03,111.575,112.864,111.179,112.666,188455.0,189208820.0,9.93,10.06,9.89,10.04,True,健康元,False
2026-07-06,112.269,114.848,111.675,114.749,226236.0,231891900.0,10.0,10.26,9.94,10.25,True,健康元,False
2026-07-07,114.451,114.451,111.476,111.575,136138.0,135185034.0,10.22,10.22,9.92,9.93,True,健康元,False
2026-07-08,111.575,113.559,110.385,111.278,127833.0,126554670.0,9.93,10.13,9.81,9.9,True,健康元,False
2026-07-09,110.881,112.964,109.493,111.08,134702.0,133085576.0,9.86,10.07,9.72,9.88,True,健康元,False
2026-07-10,110.881,114.352,109.592,112.567,193576.0,194156728.0,9.86,10.21,9.73,10.03,True,健康元,False
2026-07-13,112.567,114.054,111.873,113.261,160156.0,161757560.0,10.03,10.18,9.96,10.1,True,健康元,False
2026-07-14,113.559,115.244,112.071,114.848,219404.0,225108504.0,10.13,10.3,9.98,10.26,True,健康元,False
2026-07-15,114.451,118.418,114.054,117.426,285244.0,300076688.0,10.22,10.62,10.18,10.52,True,健康元,False
2026-07-16,117.426,119.211,116.038,118.616,281821.0,299857544.0,10.52,10.7,10.38,10.64,True,健康元,False
2026-07-17,118.219,119.013,114.749,114.848,240429.0,246680154.0,10.6,10.68,10.25,10.26,True,健康元,False
2026-07-20,114.848,117.228,114.649,117.029,215013.0,225333624.0,10.26,10.5,10.24,10.48,True,健康元,False
2026-07-21,116.831,118.219,115.244,115.839,195556.0,202596016.0,10.46,10.6,10.3,10.36,True,健康元,False
2026-07-22,115.244,117.228,114.749,117.029,194231.0,203554088.0,10.3,10.5,10.25,10.48,True,健康元,False
2026-07-23,116.732,117.029,113.856,115.344,167767.0,172967777.0,10.45,10.48,10.16,10.31,True,健康元,False
2026-07-24,114.848,116.137,112.765,112.765,123654.0,124272270.0,10.26,10.39,10.05,10.05,True,健康元,False
2026-07-27,112.567,114.55,112.468,113.955,119734.0,121769478.0,10.03,10.23,10.02,10.17,True,健康元,False
2026-07-28,114.054,114.55,111.774,113.459,187415.0,189663980.0,10.18,10.23,9.95,10.12,True,健康元,False
2026-07-29,113.459,115.244,113.459,114.253,151924.0,154962480.0,10.12,10.3,10.12,10.2,True,健康元,False
2026-07-30,114.253,115.74,112.964,114.649,152318.0,155973632.0,10.2,10.35,10.07,10.24,True,健康元,False
2026-07-31,114.054,115.145,113.459,114.749,159391.0,163375775.0,10.18,10.29,10.12,10.25,True,健康元,False
2026-08-03,114.947,115.641,114.253,114.848,142944.0,146660544.0,10.27,10.34,10.2,10.26,True,健康元,False
2026-08-04,115.046,115.939,114.054,114.154,155496.0,158450424.0,10.28,10.37,10.18,10.19,True,健康元,False
2026-08-05,114.154,114.253,112.468,113.36,136605.0,138107655.0,10.19,10.2,10.02,10.11,True,健康元,False
2026-08-06,113.559,113.757,111.873,112.369,115581.0,115696581.0,10.13,10.15,9.96,10.01,True,健康元,False
2026-08-07,112.567,115.046,111.774,114.848,209798.0,215252748.0,10.03,10.28,9.95,10.26,True,健康元,False
2026-08-10,114.947,116.633,114.749,115.046,194596.0,200044688.0,10.27,10.44,10.25,10.28,True,健康元,False
2026-08-11,114.55,117.723,114.55,116.137,250517.0,260287163.0,10.23,10.55,10.23,10.39,True,健康元,False
2026-08-12,115.939,117.426,114.55,115.443,157801.0,162850632.0,10.37,10.52,10.23,10.32,True,健康元,False
2026-08-13,115.443,117.228,113.856,115.74,209985.0,217334475.0,10.32,10.5,10.16,10.35,True,健康元,False
2026-08-14,115.443,116.831,113.757,114.154,156252.0,159220788.0,10.32,10.46,10.15,10.19,True,健康元,False
2026-08-17,113.955,114.649,111.377,113.658,173740.0,176172360.0,10.17,10.24,9.91,10.14,True,健康元,False
2026-08-18,113.261,115.542,113.261,113.856,155026.0,157506416.0,10.1,10.33,10.1,10.16,True,健康元,False
2026-08-19,114.154,114.55,112.17,112.666,146957.0,147544828.0,10.19,10.23,9.99,10.04,True,健康元,False
2026-08-20,113.757,117.228,113.757,115.939,302527.0,313720499.0,10.15,10.5,10.15,10.37,True,健康元,False
2026-08-21,115.244,115.74,110.683,111.08,331965.0,327981420.0,10.3,10.35,9.84,9.88,True,健康元,False
2026-08-24,107.51,107.708,105.13,105.824,323177.0,302170495.0,9.52,9.54,9.28,9.35,True,健康元,False
2026-08-25,105.13,106.121,103.94,104.733,227898.0,210577752.0,9.28,9.38,9.16,9.24,True,健康元,False
2026-08-26,104.634,106.32,104.634,105.229,200897.0,186633313.0,9.23,9.4,9.23,9.29,True,健康元,False
2026-08-27,105.229,105.45554251883746,103.75647362755652,105.11572874058126,166352.0,153670000.0,9.29,9.31,9.16,9.28,True,健康元,True
