date,open,high,low,close,volume,amount,raw_open,raw_high,raw_low,raw_close,tradable,name,provisional
2016-12-26,10.7,12.84,10.7,12.84,787.0,1010508.0,10.7,12.84,10.7,12.84,True,贵广网络,False
2016-12-27,14.12,14.12,14.12,14.12,328.0,463136.0,14.12,14.12,14.12,14.12,True,贵广网络,False
2016-12-28,15.53,15.53,15.53,15.53,528.0,819984.0,15.53,15.53,15.53,15.53,True,贵广网络,False
2016-12-29,17.08,17.08,17.08,17.08,1210.0,2066680.0,17.08,17.08,17.08,17.08,True,贵广网络,False
2016-12-30,18.79,18.79,18.79,18.79,9451.0,17758429.0,18.79,18.79,18.79,18.79,True,贵广网络,False
2017-01-03,19.0,20.67,18.5,20.67,1075623.0,2223312741.0,19.0,20.67,18.5,20.67,True,贵广网络,False
2017-01-04,19.8,21.73,19.67,20.35,940654.0,1914230890.0,19.8,21.73,19.67,20.35,True,贵广网络,False
2017-01-05,19.88,20.0,19.0,19.11,601618.0,1149691998.0,19.88,20.0,19.0,19.11,True,贵广网络,False
2017-01-06,18.82,18.82,17.42,17.6,491970.0,865867200.0000001,18.82,18.82,17.42,17.6,True,贵广网络,False
2017-01-09,17.3,17.53,17.1,17.3,272745.0,471848850.0,17.3,17.53,17.1,17.3,True,贵广网络,False
2017-01-10,17.29,17.95,17.23,17.47,286634.0,500749598.0,17.29,17.95,17.23,17.47,True,贵广网络,False
2017-01-11,17.26,17.26,16.39,16.44,288388.0,474109872.00000006,17.26,17.26,16.39,16.44,True,贵广网络,False
2017-01-12,16.25,16.59,15.83,15.99,215226.0,344146374.0,16.25,16.59,15.83,15.99,True,贵广网络,False
2017-01-13,16.0,16.12,15.66,15.74,164668.0,259187432.0,16.0,16.12,15.66,15.74,True,贵广网络,False
2017-01-16,15.55,15.75,14.38,15.02,209106.0,314077212.0,15.55,15.75,14.38,15.02,True,贵广网络,False
2017-01-17,15.0,15.96,14.65,15.78,268749.0,424085922.0,15.0,15.96,14.65,15.78,True,贵广网络,False
2017-01-18,15.58,15.67,15.12,15.14,171814.0,260126396.0,15.58,15.67,15.12,15.14,True,贵广网络,False
2017-01-19,15.01,15.57,14.9,15.21,157121.0,238981041.0,15.01,15.57,14.9,15.21,True,贵广网络,False
2017-01-20,15.12,15.6,15.12,15.43,159436.0,246009748.0,15.12,15.6,15.12,15.43,True,贵广网络,False
2017-01-23,15.42,15.63,15.35,15.47,136195.0,210693665.0,15.42,15.63,15.35,15.47,True,贵广网络,False
2017-01-24,15.41,15.43,14.96,15.05,147150.0,221460750.0,15.41,15.43,14.96,15.05,True,贵广网络,False
2017-01-25,15.05,15.29,14.93,15.2,93676.0,142387520.0,15.05,15.29,14.93,15.2,True,贵广网络,False
2017-01-26,15.2,15.29,15.05,15.15,83880.0,127078200.0,15.2,15.29,15.05,15.15,True,贵广网络,False
2017-02-03,15.14,15.28,15.0,15.17,86689.0,131507213.0,15.14,15.28,15.0,15.17,True,贵广网络,False
2017-02-06,15.24,15.85,15.24,15.84,232252.0,367887168.0,15.24,15.85,15.24,15.84,True,贵广网络,False
2017-02-07,15.83,16.1,15.65,15.79,197852.0,312408308.0,15.83,16.1,15.65,15.79,True,贵广网络,False
2017-02-08,15.71,16.11,15.65,16.1,174269.0,280573090.0,15.71,16.11,15.65,16.1,True,贵广网络,False
2017-02-09,16.11,16.23,15.94,16.04,161441.0,258951364.0,16.11,16.23,15.94,16.04,True,贵广网络,False
2017-02-10,16.04,16.1,15.76,15.78,144212.0,227566536.0,16.04,16.1,15.76,15.78,True,贵广网络,False
2017-02-13,15.73,16.39,15.69,16.21,247528.0,401242888.0,15.73,16.39,15.69,16.21,True,贵广网络,False
2017-02-14,16.14,16.23,15.95,16.1,172522.0,277760420.0,16.14,16.23,15.95,16.1,True,贵广网络,False
2017-02-15,16.11,16.98,16.02,16.43,411672.0,676377096.0,16.11,16.98,16.02,16.43,True,贵广网络,False
2017-02-16,16.32,16.93,16.17,16.88,315572.0,532685536.0,16.32,16.93,16.17,16.88,True,贵广网络,False
2017-02-17,16.91,18.57,16.9,17.36,622852.0,1081271072.0,16.91,18.57,16.9,17.36,True,贵广网络,False
2017-02-20,17.0,17.15,16.45,17.1,324882.0,555548220.0,17.0,17.15,16.45,17.1,True,贵广网络,False
2017-02-21,16.99,17.25,16.91,17.16,222259.0,381396444.0,16.99,17.25,16.91,17.16,True,贵广网络,False
2017-02-22,17.11,17.11,16.66,16.71,200532.0,335088972.0,17.11,17.11,16.66,16.71,True,贵广网络,False
2017-02-23,16.72,17.27,16.71,17.13,243418.0,416975034.0,16.72,17.27,16.71,17.13,True,贵广网络,False
2017-02-24,17.24,18.17,17.16,17.82,386674.0,689053068.0,17.24,18.17,17.16,17.82,True,贵广网络,False
2017-02-27,17.75,18.13,17.43,17.51,238470.0,417560970.00000006,17.75,18.13,17.43,17.51,True,贵广网络,False
2017-02-28,17.44,17.79,17.39,17.63,167920.0,296042960.0,17.44,17.79,17.39,17.63,True,贵广网络,False
2017-03-01,17.58,17.87,17.34,17.39,207177.0,360280803.0,17.58,17.87,17.34,17.39,True,贵广网络,False
2017-03-02,17.35,18.16,17.32,17.86,342604.0,611890744.0,17.35,18.16,17.32,17.86,True,贵广网络,False
2017-03-03,17.77,17.77,17.41,17.49,178173.0,311624577.0,17.77,17.77,17.41,17.49,True,贵广网络,False
2017-03-06,17.4,17.67,17.37,17.6,151550.0,266728000.00000003,17.4,17.67,17.37,17.6,True,贵广网络,False
2017-03-07,17.59,18.19,17.52,18.16,343476.0,623752416.0,17.59,18.19,17.52,18.16,True,贵广网络,False
2017-03-08,18.16,18.69,17.86,18.66,390420.0,728523720.0,18.16,18.69,17.86,18.66,True,贵广网络,False
2017-03-09,18.4,18.95,18.07,18.11,356923.0,646387553.0,18.4,18.95,18.07,18.11,True,贵广网络,False
2017-03-10,18.05,18.39,17.85,17.89,221148.0,395633772.0,18.05,18.39,17.85,17.89,True,贵广网络,False
2017-03-13,17.88,17.88,17.18,17.77,190860.0,339158220.0,17.88,17.88,17.18,17.77,True,贵广网络,False
2017-03-14,17.78,18.28,17.71,18.03,217981.0,393019743.0,17.78,18.28,17.71,18.03,True,贵广网络,False
2017-03-15,17.88,17.98,17.58,17.7,163419.0,289251630.0,17.88,17.98,17.58,17.7,True,贵广网络,False
2017-03-16,17.78,18.65,17.78,18.34,342931.0,628935454.0,17.78,18.65,17.78,18.34,True,贵广网络,False
2017-03-17,18.42,19.13,18.21,18.24,473460.0,863591039.9999999,18.42,19.13,18.21,18.24,True,贵广网络,False
2017-03-20,18.0,18.49,17.83,18.47,232419.0,429277893.0,18.0,18.49,17.83,18.47,True,贵广网络,False
2017-03-21,18.38,18.68,18.26,18.62,223346.0,415870252.0,18.38,18.68,18.26,18.62,True,贵广网络,False
2017-03-22,18.47,18.59,18.16,18.45,214047.0,394916715.0,18.47,18.59,18.16,18.45,True,贵广网络,False
2017-03-23,18.49,18.88,18.21,18.69,344581.0,644021889.0,18.49,18.88,18.21,18.69,True,贵广网络,False
2017-03-24,18.53,18.67,18.32,18.46,191908.0,354262168.0,18.53,18.67,18.32,18.46,True,贵广网络,False
2017-03-27,18.66,18.74,18.18,18.23,163266.0,297633918.0,18.66,18.74,18.18,18.23,True,贵广网络,False
2017-03-28,18.21,18.22,17.26,17.29,247155.0,427330995.0,18.21,18.22,17.26,17.29,True,贵广网络,False
2017-03-29,17.36,17.4,16.3,16.52,211057.0,348666164.0,17.36,17.4,16.3,16.52,True,贵广网络,False
2017-03-30,16.4,16.54,16.12,16.34,143441.0,234382594.0,16.4,16.54,16.12,16.34,True,贵广网络,False
2017-03-31,16.35,16.61,16.25,16.41,97661.0,160261701.0,16.35,16.61,16.25,16.41,True,贵广网络,False
2017-04-05,16.33,16.7,16.33,16.67,90124.0,150236708.00000003,16.33,16.7,16.33,16.67,True,贵广网络,False
2017-04-06,16.71,16.78,16.55,16.58,95565.0,158446769.99999997,16.71,16.78,16.55,16.58,True,贵广网络,False
2017-04-07,16.58,16.58,16.21,16.23,114526.0,185875698.0,16.58,16.58,16.21,16.23,True,贵广网络,False
2017-04-10,16.21,16.21,15.35,15.47,160986.0,249045342.0,16.21,16.21,15.35,15.47,True,贵广网络,False
2017-04-11,15.5,15.75,15.33,15.74,100568.0,158294032.0,15.5,15.75,15.33,15.74,True,贵广网络,False
2017-04-12,15.72,15.72,15.4,15.44,73121.0,112898824.0,15.72,15.72,15.4,15.44,True,贵广网络,False
2017-04-13,15.41,15.63,15.37,15.48,47373.0,73333404.0,15.41,15.63,15.37,15.48,True,贵广网络,False
2017-04-14,15.42,15.47,15.05,15.11,69521.0,105046231.0,15.42,15.47,15.05,15.11,True,贵广网络,False
2017-04-17,14.83,14.93,14.55,14.89,71063.0,105812807.0,14.83,14.93,14.55,14.89,True,贵广网络,False
2017-04-18,14.91,15.13,14.82,14.83,50100.0,74298300.0,14.91,15.13,14.82,14.83,True,贵广网络,False
2017-04-19,14.82,15.19,14.63,15.18,76871.0,116690178.0,14.82,15.19,14.63,15.18,True,贵广网络,False
2017-04-20,15.16,15.32,14.9,15.08,53249.0,80299492.0,15.16,15.32,14.9,15.08,True,贵广网络,False
2017-04-21,15.08,15.16,14.94,15.03,33111.0,49765833.0,15.08,15.16,14.94,15.03,True,贵广网络,False
2017-04-24,15.03,15.06,14.52,14.54,48842.0,71016268.0,15.03,15.06,14.52,14.54,True,贵广网络,False
2017-04-25,14.58,14.76,14.55,14.59,35348.0,51572732.0,14.58,14.76,14.55,14.59,True,贵广网络,False
2017-04-26,14.64,14.87,14.56,14.71,38963.0,57314573.0,14.64,14.87,14.56,14.71,True,贵广网络,False
2017-04-27,14.66,15.0,14.26,14.97,82630.0,123697110.0,14.66,15.0,14.26,14.97,True,贵广网络,False
2017-04-28,14.79,14.88,14.73,14.81,60819.0,90072939.0,14.79,14.88,14.73,14.81,True,贵广网络,False
2017-05-02,14.81,14.81,14.32,14.36,82806.0,118909416.0,14.81,14.81,14.32,14.36,True,贵广网络,False
2017-05-03,14.37,14.46,13.98,14.15,88083.0,124637445.0,14.37,14.46,13.98,14.15,True,贵广网络,False
2017-05-04,14.12,14.12,13.82,13.87,66461.0,92181407.0,14.12,14.12,13.82,13.87,True,贵广网络,False
2017-05-05,13.82,13.82,13.31,13.34,79897.0,106582598.0,13.82,13.82,13.31,13.34,True,贵广网络,False
2017-05-08,13.29,13.77,13.18,13.31,68146.0,90702326.0,13.29,13.77,13.18,13.31,True,贵广网络,False
2017-05-09,13.35,13.61,13.35,13.56,49774.0,67493544.0,13.35,13.61,13.35,13.56,True,贵广网络,False
2017-05-10,13.63,13.65,13.18,13.19,52036.0,68635484.0,13.63,13.65,13.18,13.19,True,贵广网络,False
2017-05-11,13.12,13.25,12.74,13.16,60107.0,79100812.0,13.12,13.25,12.74,13.16,True,贵广网络,False
2017-05-12,13.12,13.22,13.06,13.16,40234.0,52947944.0,13.12,13.22,13.06,13.16,True,贵广网络,False
2017-05-15,13.19,13.4,13.15,13.17,34161.0,44990037.0,13.19,13.4,13.15,13.17,True,贵广网络,False
2017-05-16,13.1,13.35,12.75,13.34,78057.0,104128038.0,13.1,13.35,12.75,13.34,True,贵广网络,False
2017-05-17,13.32,13.46,13.27,13.37,67212.0,89862444.0,13.32,13.46,13.27,13.37,True,贵广网络,False
2017-05-18,13.26,13.39,13.11,13.17,44710.0,58883070.0,13.26,13.39,13.11,13.17,True,贵广网络,False
2017-05-19,13.17,13.23,13.02,13.06,39965.0,52194290.0,13.17,13.23,13.02,13.06,True,贵广网络,False
2017-05-22,13.1,13.12,12.5,12.51,51719.0,64700469.0,13.1,13.12,12.5,12.51,True,贵广网络,False
2017-05-23,12.51,12.55,11.73,11.76,77831.0,91529256.0,12.51,12.55,11.73,11.76,True,贵广网络,False
2017-05-24,11.84,11.97,11.51,11.88,44272.0,52595136.0,11.84,11.97,11.51,11.88,True,贵广网络,False
2017-05-25,11.8,12.07,11.61,12.0,55937.0,67124400.0,11.8,12.07,11.61,12.0,True,贵广网络,False
2017-05-26,11.96,12.19,11.9,12.02,46342.0,55703084.0,11.96,12.19,11.9,12.02,True,贵广网络,False
2017-05-31,12.29,12.47,12.03,12.09,69097.0,83538273.0,12.29,12.47,12.03,12.09,True,贵广网络,False
2017-06-01,11.9,11.98,11.58,11.59,54229.0,62851411.0,11.9,11.98,11.58,11.59,True,贵广网络,False
2017-06-02,11.63,12.04,11.53,12.02,58914.0,70814628.0,11.63,12.04,11.53,12.02,True,贵广网络,False
2017-06-05,12.1,12.27,12.07,12.17,53856.0,65542752.0,12.1,12.27,12.07,12.17,True,贵广网络,False
2017-06-06,12.1,12.23,12.0,12.22,37703.0,46073066.0,12.1,12.23,12.0,12.22,True,贵广网络,False
2017-06-07,12.2,12.48,12.17,12.42,76334.0,94806828.0,12.2,12.48,12.17,12.42,True,贵广网络,False
2017-06-08,12.45,12.45,12.2,12.22,60331.0,73724482.0,12.45,12.45,12.2,12.22,True,贵广网络,False
2017-06-09,12.23,12.33,12.13,12.3,43138.0,53059740.0,12.23,12.33,12.13,12.3,True,贵广网络,False
2017-06-12,12.2,12.2,11.88,11.91,41453.0,49370523.0,12.2,12.2,11.88,11.91,True,贵广网络,False
2017-06-13,11.95,12.22,11.88,12.2,42129.0,51397380.0,11.95,12.22,11.88,12.2,True,贵广网络,False
2017-06-14,12.21,12.25,12.13,12.16,34210.0,41599360.0,12.21,12.25,12.13,12.16,True,贵广网络,False
2017-06-15,12.22,12.54,12.14,12.47,73660.0,91854020.0,12.22,12.54,12.14,12.47,True,贵广网络,False
2017-06-16,12.46,12.47,12.28,12.35,44037.0,54385695.0,12.46,12.47,12.28,12.35,True,贵广网络,False
2017-06-19,12.39,12.43,12.31,12.39,30487.0,37773393.0,12.39,12.43,12.31,12.39,True,贵广网络,False
2017-06-20,12.43,12.45,12.34,12.36,35088.0,43368768.0,12.43,12.45,12.34,12.36,True,贵广网络,False
2017-06-21,12.4,12.4,12.17,12.27,33929.0,41630883.0,12.4,12.4,12.17,12.27,True,贵广网络,False
2017-06-22,12.29,12.3,12.05,12.07,40422.0,48789354.0,12.29,12.3,12.05,12.07,True,贵广网络,False
2017-06-23,12.09,12.14,11.8,12.0,38478.0,46173600.0,12.09,12.14,11.8,12.0,True,贵广网络,False
2017-06-26,11.99,12.11,11.91,12.11,28422.0,34419042.0,11.99,12.11,11.91,12.11,True,贵广网络,False
2017-06-27,12.09,12.18,12.05,12.15,29673.0,36052695.0,12.09,12.18,12.05,12.15,True,贵广网络,False
2017-06-28,12.11,12.13,11.94,11.97,27756.0,32918616.0,12.0,12.02,11.83,11.86,True,贵广网络,False
2017-06-29,12.0,12.11,11.97,12.05,22246.0,26561724.0,11.89,12.0,11.86,11.94,True,贵广网络,False
2017-06-30,11.97,12.15,11.93,12.08,31349.0,37524753.0,11.86,12.04,11.82,11.97,True,贵广网络,False
2017-07-03,12.1,12.2,12.04,12.18,29793.0,35960151.0,11.99,12.09,11.93,12.07,True,贵广网络,False
2017-07-04,12.19,12.22,12.08,12.13,28509.0,34267818.0,12.08,12.11,11.97,12.02,True,贵广网络,False
2017-07-05,12.14,12.48,12.13,12.47,96397.0,119146692.0,12.03,12.37,12.02,12.36,True,贵广网络,False
2017-07-06,12.46,12.46,12.23,12.35,56840.0,69572160.0,12.35,12.35,12.12,12.24,True,贵广网络,False
2017-07-07,12.31,12.45,12.3,12.42,49802.0,61306262.0,12.2,12.34,12.19,12.31,True,贵广网络,False
2017-07-10,12.42,12.42,12.21,12.21,45079.0,54545590.0,12.31,12.31,12.1,12.1,True,贵广网络,False
2017-07-11,12.27,12.27,12.06,12.08,41728.0,49948416.0,12.16,12.16,11.95,11.97,True,贵广网络,False
2017-07-12,12.06,12.13,11.77,11.98,44514.0,52838118.0,11.95,12.02,11.66,11.87,True,贵广网络,False
2017-07-13,11.92,11.99,11.85,11.89,31694.0,37335532.0,11.81,11.88,11.74,11.78,True,贵广网络,False
2017-07-14,11.89,11.95,11.75,11.8,36440.0,42598360.0,11.78,11.84,11.64,11.69,True,贵广网络,False
2017-07-17,11.8,11.8,10.94,10.95,70392.0,76304928.0,11.69,11.69,10.83,10.84,True,贵广网络,False
2017-07-18,10.91,11.04,10.7,11.0,35791.0,38976399.0,10.8,10.93,10.59,10.89,True,贵广网络,False
2017-07-19,11.0,11.21,10.86,11.17,38966.0,43096396.0,10.89,11.1,10.75,11.06,True,贵广网络,False
2017-07-20,11.16,11.27,11.02,11.07,33002.0,36170192.0,11.05,11.16,10.91,10.96,True,贵广网络,False
2017-07-21,11.02,11.1,10.98,11.0,27938.0,30424482.0,10.91,10.99,10.87,10.89,True,贵广网络,False
2017-07-24,10.96,11.17,10.89,11.13,30875.0,34024250.0,10.85,11.06,10.78,11.02,True,贵广网络,False
2017-07-25,11.13,11.16,10.98,11.04,26983.0,29492419.0,11.02,11.05,10.87,10.93,True,贵广网络,False
2017-07-26,11.04,11.08,10.97,10.99,24736.0,26912768.000000004,10.93,10.97,10.86,10.88,True,贵广网络,False
2017-07-27,11.0,11.4,10.95,11.33,68847.0,77246334.0,10.89,11.29,10.84,11.22,True,贵广网络,False
2017-07-28,11.35,11.49,11.24,11.26,36857.0,41095555.0,11.24,11.38,11.13,11.15,True,贵广网络,False
2017-07-31,11.26,11.29,11.13,11.22,31617.0,35126487.0,11.15,11.18,11.02,11.11,True,贵广网络,False
2017-08-01,11.11,11.27,11.11,11.25,29851.0,33254014.0,11.0,11.16,11.0,11.14,True,贵广网络,False
2017-08-02,11.24,11.24,11.05,11.06,31673.0,34681935.0,11.13,11.13,10.94,10.95,True,贵广网络,False
2017-08-03,11.03,11.26,11.03,11.2,35507.0,39377263.0,10.92,11.15,10.92,11.09,True,贵广网络,False
2017-08-04,11.21,11.23,11.08,11.09,29248.0,32114304.0,11.1,11.12,10.97,10.98,True,贵广网络,False
2017-08-07,11.02,11.19,11.02,11.13,19812.0,21832824.0,10.91,11.08,10.91,11.02,True,贵广网络,False
2017-08-10,11.61,12.23,11.47,12.23,221452.0,268399824.0,11.5,12.12,11.36,12.12,True,贵广网络,False
2017-08-11,12.38,12.94,12.26,12.58,360963.0,450120861.0,12.27,12.83,12.15,12.47,True,贵广网络,False
2017-08-14,12.71,12.71,12.14,12.46,175467.0,216701745.0,12.6,12.6,12.03,12.35,True,贵广网络,False
2017-08-15,12.59,12.59,12.22,12.38,118223.0,145059621.0,12.48,12.48,12.11,12.27,True,贵广网络,False
2017-08-16,12.43,13.26,12.17,13.04,229519.0,296768067.0,12.32,13.15,12.06,12.93,True,贵广网络,False
2017-08-17,13.61,13.68,12.7,13.01,175301.0,226138290.0,13.5,13.57,12.59,12.9,True,贵广网络,False
2017-08-18,12.71,12.74,12.21,12.35,177494.0,217252656.0,12.6,12.63,12.1,12.24,True,贵广网络,False
2017-08-21,12.43,12.43,12.21,12.28,109264.0,132974288.0,12.32,12.32,12.1,12.17,True,贵广网络,False
2017-08-22,12.26,12.31,12.14,12.24,60005.0,72786065.0,12.15,12.2,12.03,12.13,True,贵广网络,False
2017-08-23,12.25,12.29,12.03,12.05,60477.0,72209538.0,12.14,12.18,11.92,11.94,True,贵广网络,False
2017-08-24,12.16,12.43,12.12,12.29,112672.0,137234496.0,12.05,12.32,12.01,12.18,True,贵广网络,False
2017-08-25,12.36,12.38,12.24,12.3,72200.0,88011800.0,12.25,12.27,12.13,12.19,True,贵广网络,False
2017-08-28,12.38,12.76,12.3,12.65,126903.0,159136362.0,12.27,12.65,12.19,12.54,True,贵广网络,False
2017-08-29,12.61,12.76,12.54,12.7,113478.0,142868802.0,12.5,12.65,12.43,12.59,True,贵广网络,False
2017-08-30,12.62,12.74,12.48,12.5,77389.0,95884971.0,12.51,12.63,12.37,12.39,True,贵广网络,False
2017-08-31,12.5,12.68,12.47,12.65,69757.0,87475278.0,12.39,12.57,12.36,12.54,True,贵广网络,False
2017-09-01,12.65,12.67,12.46,12.53,66542.0,82645164.0,12.54,12.56,12.35,12.42,True,贵广网络,False
2017-09-04,12.52,12.59,12.46,12.48,50401.0,62346036.99999999,12.41,12.48,12.35,12.37,True,贵广网络,False
2017-09-05,12.51,12.54,12.28,12.28,77423.0,94223791.0,12.4,12.43,12.17,12.17,True,贵广网络,False
2017-09-06,12.33,12.48,12.25,12.41,58454.0,71898420.0,12.22,12.37,12.14,12.3,True,贵广网络,False
2017-09-07,12.36,12.67,12.34,12.53,98071.0,121804182.0,12.25,12.56,12.23,12.42,True,贵广网络,False
2017-09-08,12.52,12.52,12.29,12.36,57943.0,70980175.0,12.41,12.41,12.18,12.25,True,贵广网络,False
2017-09-11,12.38,12.46,12.32,12.45,42619.0,52591846.0,12.27,12.35,12.21,12.34,True,贵广网络,False
2017-09-12,12.46,12.47,12.29,12.3,53401.0,65095819.0,12.35,12.36,12.18,12.19,True,贵广网络,False
2017-09-13,12.29,12.37,12.26,12.34,33319.0,40749137.0,12.18,12.26,12.15,12.23,True,贵广网络,False
2017-09-14,12.33,12.35,12.22,12.26,35472.0,43098480.0,12.22,12.24,12.11,12.15,True,贵广网络,False
2017-09-15,12.26,12.29,12.19,12.2,32525.0,39322725.0,12.15,12.18,12.08,12.09,True,贵广网络,False
2017-09-18,12.21,12.25,12.14,12.18,32893.0,39701851.0,12.1,12.14,12.03,12.07,True,贵广网络,False
2017-09-19,12.18,12.35,12.18,12.29,44684.0,54425112.0,12.07,12.24,12.07,12.18,True,贵广网络,False
2017-09-20,12.3,12.36,12.27,12.35,37042.0,45339408.0,12.19,12.25,12.16,12.24,True,贵广网络,False
2017-09-21,12.38,12.38,12.18,12.19,32454.0,39204432.0,12.27,12.27,12.07,12.08,True,贵广网络,False
2017-09-22,12.18,12.24,12.07,12.15,28732.0,34593328.0,12.07,12.13,11.96,12.04,True,贵广网络,False
2017-09-25,12.14,12.31,12.14,12.21,37559.0,45446390.0,12.03,12.2,12.03,12.1,True,贵广网络,False
2017-09-26,12.27,12.66,12.23,12.65,170915.0,214327410.0,12.16,12.55,12.12,12.54,True,贵广网络,False
2017-09-27,12.65,12.65,12.47,12.53,79811.0,99125262.0,12.54,12.54,12.36,12.42,True,贵广网络,False
2017-09-28,12.56,12.64,12.39,12.41,67972.0,83605560.0,12.45,12.53,12.28,12.3,True,贵广网络,False
2017-09-29,12.39,12.54,12.39,12.46,49197.0,60758295.0,12.28,12.43,12.28,12.35,True,贵广网络,False
2017-10-09,12.58,12.73,12.5,12.7,86151.0,108464109.0,12.47,12.62,12.39,12.59,True,贵广网络,False
2017-10-10,12.71,12.74,12.59,12.74,68559.0,86590017.0,12.6,12.63,12.48,12.63,True,贵广网络,False
2017-10-11,12.75,12.77,12.51,12.53,59198.0,73523916.0,12.64,12.66,12.4,12.42,True,贵广网络,False
2017-10-12,12.45,12.72,12.45,12.71,63988.0,80624880.0,12.34,12.61,12.34,12.6,True,贵广网络,False
2017-10-13,12.66,12.96,12.64,12.94,112715.0,144613345.0,12.55,12.85,12.53,12.83,True,贵广网络,False
2017-10-16,12.96,12.99,12.45,12.46,93418.0,115371230.0,12.85,12.88,12.34,12.35,True,贵广网络,False
2017-10-17,12.41,12.52,12.34,12.44,41893.0,51654069.0,12.3,12.41,12.23,12.33,True,贵广网络,False
2017-10-18,12.45,12.53,12.15,12.18,56024.0,67620968.0,12.34,12.42,12.04,12.07,True,贵广网络,False
2017-10-19,12.18,12.34,11.91,11.92,50914.0,60129434.0,12.07,12.23,11.8,11.81,True,贵广网络,False
2017-10-20,11.93,12.03,11.92,12.0,29159.0,34670051.0,11.82,11.92,11.81,11.89,True,贵广网络,False
2017-10-23,12.03,12.07,11.97,12.06,21997.0,26286415.0,11.92,11.96,11.86,11.95,True,贵广网络,False
2017-10-24,12.01,12.04,11.84,11.92,32078.0,37884118.0,11.9,11.93,11.73,11.81,True,贵广网络,False
2017-10-25,11.93,12.1,11.93,12.04,28182.0,33621126.0,11.82,11.99,11.82,11.93,True,贵广网络,False
2017-10-26,12.04,12.17,11.96,12.14,29718.0,35750754.0,11.93,12.06,11.85,12.03,True,贵广网络,False
2017-10-27,12.08,12.08,11.91,11.96,39271.0,46536135.0,11.97,11.97,11.8,11.85,True,贵广网络,False
2017-10-30,11.9,11.95,11.32,11.37,58716.0,66114216.0,11.79,11.84,11.21,11.26,True,贵广网络,False
2017-10-31,11.39,11.48,11.37,11.47,20565.0,23361840.0,11.28,11.37,11.26,11.36,True,贵广网络,False
2017-11-01,11.47,11.52,11.38,11.46,24977.0,28348895.0,11.36,11.41,11.27,11.35,True,贵广网络,False
2017-11-02,11.41,11.47,11.23,11.24,29434.0,32760042.000000004,11.3,11.36,11.12,11.13,True,贵广网络,False
2017-11-03,11.19,11.38,11.11,11.2,28701.0,31829409.0,11.08,11.27,11.0,11.09,True,贵广网络,False
2017-11-06,11.21,11.34,11.17,11.32,22946.0,25722466.000000004,11.1,11.23,11.06,11.21,True,贵广网络,False
2017-11-07,11.33,11.39,11.23,11.39,23512.0,26521536.0,11.22,11.28,11.12,11.28,True,贵广网络,False
2017-11-08,11.39,11.66,11.33,11.51,38028.0,43351920.0,11.28,11.55,11.22,11.4,True,贵广网络,False
2017-11-09,11.44,11.56,11.42,11.51,20706.0,23604840.0,11.33,11.45,11.31,11.4,True,贵广网络,False
2017-11-10,11.5,11.51,11.37,11.38,29329.0,33053783.0,11.39,11.4,11.26,11.27,True,贵广网络,False
2017-11-13,11.38,11.46,11.29,11.31,29937.0,33529440.0,11.27,11.35,11.18,11.2,True,贵广网络,False
2017-11-14,11.32,11.37,11.18,11.26,25865.0,28839475.0,11.21,11.26,11.07,11.15,True,贵广网络,False
2017-11-15,11.26,11.34,11.17,11.22,17723.0,19690253.0,11.15,11.23,11.06,11.11,True,贵广网络,False
2017-11-16,11.21,11.27,11.16,11.19,17998.0,19941784.0,11.1,11.16,11.05,11.08,True,贵广网络,False
2017-11-17,11.19,11.19,10.75,10.79,46860.0,50046480.0,11.08,11.08,10.64,10.68,True,贵广网络,False
2017-11-20,10.84,10.84,10.54,10.67,29473.0,31123488.0,10.73,10.73,10.43,10.56,True,贵广网络,False
2017-11-21,10.67,10.73,10.58,10.67,20225.0,21357600.0,10.56,10.62,10.47,10.56,True,贵广网络,False
2017-11-22,10.67,10.74,10.57,10.64,19741.0,20787273.0,10.56,10.63,10.46,10.53,True,贵广网络,False
2017-11-23,10.62,10.72,10.46,10.47,21490.0,22263640.0,10.51,10.61,10.35,10.36,True,贵广网络,False
2017-11-24,10.39,10.47,10.33,10.41,17667.0,18197010.0,10.28,10.36,10.22,10.3,True,贵广网络,False
2017-11-27,10.4,10.46,10.19,10.2,20569.0,20754121.0,10.29,10.35,10.08,10.09,True,贵广网络,False
2017-11-28,10.26,10.33,10.2,10.33,15872.0,16221184.000000002,10.15,10.22,10.09,10.22,True,贵广网络,False
2017-11-29,10.33,10.33,10.17,10.23,23356.0,23636272.0,10.22,10.22,10.06,10.12,True,贵广网络,False
2017-11-30,10.2,10.3,10.2,10.22,16537.0,16718906.999999998,10.09,10.19,10.09,10.11,True,贵广网络,False
2017-12-01,10.22,10.35,10.2,10.35,19684.0,20156416.0,10.11,10.24,10.09,10.24,True,贵广网络,False
2017-12-04,10.3,10.33,10.18,10.2,18806.0,18975254.0,10.19,10.22,10.07,10.09,True,贵广网络,False
2017-12-05,10.21,10.22,9.66,9.71,43367.0,41632320.0,10.1,10.11,9.55,9.6,True,贵广网络,False
2017-12-06,9.52,9.81,9.52,9.8,23895.0,23154255.0,9.41,9.7,9.41,9.69,True,贵广网络,False
2017-12-07,9.79,9.85,9.69,9.78,17725.0,17140075.0,9.68,9.74,9.58,9.67,True,贵广网络,False
2017-12-08,9.76,9.98,9.76,9.92,20836.0,20440116.0,9.65,9.87,9.65,9.81,True,贵广网络,False
2017-12-11,10.16,10.39,10.13,10.22,47685.0,48209535.0,10.05,10.28,10.02,10.11,True,贵广网络,False
2017-12-12,10.11,10.13,9.98,9.99,24113.0,23823644.000000004,10.0,10.02,9.87,9.88,True,贵广网络,False
2017-12-13,9.96,10.07,9.9,10.02,16280.0,16133480.0,9.85,9.96,9.79,9.91,True,贵广网络,False
2017-12-14,9.98,10.02,9.84,9.92,20092.0,19710252.0,9.87,9.91,9.73,9.81,True,贵广网络,False
2017-12-15,9.88,9.92,9.82,9.9,14436.0,14132843.999999998,9.77,9.81,9.71,9.79,True,贵广网络,False
2017-12-18,9.91,9.97,9.76,9.78,14034.0,13570878.0,9.8,9.86,9.65,9.67,True,贵广网络,False
2017-12-19,9.84,9.92,9.78,9.9,15639.0,15310580.999999998,9.73,9.81,9.67,9.79,True,贵广网络,False
2017-12-20,9.87,9.88,9.72,9.73,13513.0,12999505.999999998,9.76,9.77,9.61,9.62,True,贵广网络,False
2017-12-21,9.78,9.81,9.51,9.72,16574.0,15927613.999999998,9.67,9.7,9.4,9.61,True,贵广网络,False
2017-12-22,9.75,9.81,9.64,9.71,12729.0,12219840.0,9.64,9.7,9.53,9.6,True,贵广网络,False
2017-12-25,9.68,9.7,9.51,9.54,18690.0,17624670.0,9.57,9.59,9.4,9.43,True,贵广网络,False
2017-12-26,9.51,9.96,9.51,9.9,49917.0,48868742.99999999,9.4,9.85,9.4,9.79,True,贵广网络,False
2017-12-27,9.86,9.92,9.76,9.79,30470.0,29494960.0,9.75,9.81,9.65,9.68,True,贵广网络,False
2017-12-28,9.79,10.7,9.67,10.14,83005.0,83254015.0,9.68,10.59,9.56,10.03,True,贵广网络,False
2017-12-29,10.12,10.14,9.85,10.01,62039.0,61418610.0,10.01,10.03,9.74,9.9,True,贵广网络,False
2018-01-02,10.03,10.15,9.92,10.12,35952.0,35987952.0,9.92,10.04,9.81,10.01,True,贵广网络,False
2018-01-03,10.07,10.18,10.05,10.13,31193.0,31255386.0,9.96,10.07,9.94,10.02,True,贵广网络,False
2018-01-04,10.13,10.22,10.02,10.06,36661.0,36477695.0,10.02,10.11,9.91,9.95,True,贵广网络,False
2018-01-05,10.06,10.08,10.02,10.05,22379.0,22244726.0,9.95,9.97,9.91,9.94,True,贵广网络,False
2018-01-08,10.02,10.2,9.99,10.2,31889.0,32176001.0,9.91,10.09,9.88,10.09,True,贵广网络,False
2018-01-09,10.2,10.2,10.04,10.08,27472.0,27389584.0,10.09,10.09,9.93,9.97,True,贵广网络,False
2018-01-10,10.08,10.09,9.96,9.99,24086.0,23796968.000000004,9.97,9.98,9.85,9.88,True,贵广网络,False
2018-01-11,9.96,10.15,9.94,10.11,27801.0,27801000.0,9.85,10.04,9.83,10.0,True,贵广网络,False
2018-01-12,10.11,10.14,9.99,10.01,19730.0,19532700.0,10.0,10.03,9.88,9.9,True,贵广网络,False
2018-01-15,9.99,9.99,9.66,9.68,30964.0,29632548.0,9.88,9.88,9.55,9.57,True,贵广网络,False
2018-01-16,9.68,9.79,9.66,9.76,17493.0,16880745.0,9.57,9.68,9.55,9.65,True,贵广网络,False
2018-01-17,9.76,9.97,9.67,9.94,36666.0,36042678.0,9.65,9.86,9.56,9.83,True,贵广网络,False
2018-01-18,10.08,10.08,9.92,10.02,25772.0,25540052.0,9.97,9.97,9.81,9.91,True,贵广网络,False
2018-01-19,10.04,11.01,9.94,10.41,119708.0,123299240.0,9.93,10.9,9.83,10.3,True,贵广网络,False
2018-01-22,10.52,10.74,10.41,10.6,101364.0,106330836.0,10.41,10.63,10.3,10.49,True,贵广网络,False
2018-01-23,10.59,10.59,10.33,10.43,53096.0,54795072.0,10.48,10.48,10.22,10.32,True,贵广网络,False
2018-01-24,10.41,10.52,10.31,10.48,47421.0,49175577.0,10.3,10.41,10.2,10.37,True,贵广网络,False
2018-01-25,10.48,10.58,10.33,10.42,43644.0,44996964.0,10.37,10.47,10.22,10.31,True,贵广网络,False
2018-01-26,10.33,10.41,10.29,10.32,29271.0,29885691.000000004,10.22,10.3,10.18,10.21,True,贵广网络,False
2018-01-29,10.31,10.37,10.15,10.17,29552.0,29729312.0,10.2,10.26,10.04,10.06,True,贵广网络,False
2018-01-30,10.13,10.26,10.12,10.23,20213.0,20455556.0,10.02,10.15,10.01,10.12,True,贵广网络,False
2018-01-31,10.13,10.25,10.02,10.03,34488.0,34212096.0,10.02,10.14,9.91,9.92,True,贵广网络,False
2018-02-01,10.03,11.02,9.99,10.62,275495.0,289545245.0,9.92,10.91,9.88,10.51,True,贵广网络,False
2018-02-02,10.74,10.74,9.59,10.2,149659.0,151005931.0,10.63,10.63,9.48,10.09,True,贵广网络,False
2018-02-05,9.83,10.16,9.77,10.0,76459.0,75617951.0,9.72,10.05,9.66,9.89,True,贵广网络,False
2018-02-06,9.73,9.91,9.13,9.17,95266.0,86310996.0,9.62,9.8,9.02,9.06,True,贵广网络,False
2018-02-07,9.39,9.43,9.01,9.2,45231.0,41114979.0,9.28,9.32,8.9,9.09,True,贵广网络,False
2018-02-08,9.26,9.39,9.11,9.32,28952.0,26664792.000000004,9.15,9.28,9.0,9.21,True,贵广网络,False
2018-02-09,9.14,9.25,8.97,9.08,39679.0,35592063.0,9.03,9.14,8.86,8.97,True,贵广网络,False
2018-02-12,9.11,9.36,9.11,9.31,25382.0,23351440.0,9.0,9.25,9.0,9.2,True,贵广网络,False
2018-02-13,9.36,9.37,9.28,9.28,22611.0,20734287.0,9.25,9.26,9.17,9.17,True,贵广网络,False
2018-02-14,9.31,9.32,9.22,9.27,12391.0,11350156.0,9.2,9.21,9.11,9.16,True,贵广网络,False
2018-02-22,9.37,9.43,9.3,9.38,17703.0,16410681.0,9.26,9.32,9.19,9.27,True,贵广网络,False
2018-02-23,9.38,9.43,9.25,9.35,20650.0,19080600.0,9.27,9.32,9.14,9.24,True,贵广网络,False
2018-02-26,9.41,9.59,9.36,9.54,30841.0,29083063.0,9.3,9.48,9.25,9.43,True,贵广网络,False
2018-02-27,9.53,9.57,9.44,9.56,28491.0,26923995.0,9.42,9.46,9.33,9.45,True,贵广网络,False
2018-02-28,9.49,9.51,9.37,9.47,21957.0,20551752.0,9.38,9.4,9.26,9.36,True,贵广网络,False
2018-03-01,9.41,9.63,9.39,9.61,35174.0,33415300.0,9.3,9.52,9.28,9.5,True,贵广网络,False
2018-03-02,9.57,9.91,9.51,9.76,62813.0,60614545.0,9.46,9.8,9.4,9.65,True,贵广网络,False
2018-03-05,9.66,9.73,9.61,9.69,31742.0,30408836.0,9.55,9.62,9.5,9.58,True,贵广网络,False
2018-03-06,9.72,9.75,9.63,9.74,30132.0,29017116.000000004,9.61,9.64,9.52,9.63,True,贵广网络,False
2018-03-07,9.74,9.74,9.59,9.6,21939.0,20820111.0,9.63,9.63,9.48,9.49,True,贵广网络,False
2018-03-08,9.6,9.69,9.53,9.66,27224.0,25998920.000000004,9.49,9.58,9.42,9.55,True,贵广网络,False
2018-03-09,9.66,9.89,9.64,9.82,49872.0,48425712.00000001,9.55,9.78,9.53,9.71,True,贵广网络,False
2018-03-12,9.89,10.16,9.79,10.01,57503.0,56927970.0,9.78,10.05,9.68,9.9,True,贵广网络,False
2018-03-13,10.04,10.04,9.88,9.93,30477.0,29928414.0,9.93,9.93,9.77,9.82,True,贵广网络,False
2018-03-14,9.86,9.94,9.78,9.82,25587.0,24844977.000000004,9.75,9.83,9.67,9.71,True,贵广网络,False
2018-03-15,9.82,9.82,9.56,9.68,38537.0,36879909.0,9.71,9.71,9.45,9.57,True,贵广网络,False
2018-03-16,9.67,9.75,9.57,9.7,20853.0,19998027.0,9.56,9.64,9.46,9.59,True,贵广网络,False
2018-03-19,9.7,9.73,9.6,9.66,18758.0,17913890.0,9.59,9.62,9.49,9.55,True,贵广网络,False
2018-03-20,9.67,9.67,9.38,9.58,32849.0,31108003.000000004,9.56,9.56,9.27,9.47,True,贵广网络,False
2018-03-21,9.57,9.64,9.45,9.48,30278.0,28370486.0,9.46,9.53,9.34,9.37,True,贵广网络,False
2018-03-22,9.44,9.54,9.42,9.47,21404.0,20034144.0,9.33,9.43,9.31,9.36,True,贵广网络,False
2018-03-23,9.29,9.29,8.79,8.92,56058.0,49387098.0,9.18,9.18,8.68,8.81,True,贵广网络,False
2018-03-26,8.82,9.07,8.82,9.06,25317.0,22658715.0,8.71,8.96,8.71,8.95,True,贵广网络,False
2018-03-27,9.11,9.23,9.07,9.2,32533.0,29572497.0,9.0,9.12,8.96,9.09,True,贵广网络,False
2018-03-28,9.13,9.19,9.06,9.09,25532.0,22927736.0,9.02,9.08,8.95,8.98,True,贵广网络,False
2018-03-29,9.19,9.25,9.12,9.24,25407.0,23196591.000000004,9.08,9.14,9.01,9.13,True,贵广网络,False
2018-03-30,9.27,9.3,9.19,9.26,27461.0,25126815.0,9.16,9.19,9.08,9.15,True,贵广网络,False
2018-04-02,9.24,9.37,9.21,9.28,25225.0,23131325.0,9.13,9.26,9.1,9.17,True,贵广网络,False
2018-04-03,9.21,9.21,9.09,9.13,26746.0,24124892.0,9.1,9.1,8.98,9.02,True,贵广网络,False
2018-04-04,9.17,9.24,9.1,9.11,20911.0,18819900.0,9.06,9.13,8.99,9.0,True,贵广网络,False
2018-04-09,9.02,9.16,8.96,9.08,18986.0,17030442.0,8.91,9.05,8.85,8.97,True,贵广网络,False
2018-04-10,9.12,9.2,9.02,9.19,27280.0,24770240.0,9.01,9.09,8.91,9.08,True,贵广网络,False
2018-04-11,9.2,9.46,9.19,9.39,57362.0,53231936.0,9.09,9.35,9.08,9.28,True,贵广网络,False
2018-04-12,9.37,9.41,9.26,9.3,31214.0,28685666.0,9.26,9.3,9.15,9.19,True,贵广网络,False
2018-04-13,9.34,9.45,9.34,9.36,32493.0,30056025.0,9.23,9.34,9.23,9.25,True,贵广网络,False
2018-04-16,9.34,9.34,9.17,9.27,24582.0,22517112.0,9.23,9.23,9.06,9.16,True,贵广网络,False
2018-04-17,9.31,9.36,9.1,9.13,33885.0,30564270.0,9.2,9.25,8.99,9.02,True,贵广网络,False
2018-04-18,9.2,9.31,8.97,9.27,33964.0,31111024.0,9.09,9.2,8.86,9.16,True,贵广网络,False
2018-04-19,9.23,9.4,9.21,9.29,30868.0,28336824.0,9.12,9.29,9.1,9.18,True,贵广网络,False
2018-04-20,9.26,9.36,9.04,9.09,30915.0,27761670.0,9.15,9.25,8.93,8.98,True,贵广网络,False
2018-04-23,9.09,9.23,9.04,9.16,19311.0,17476455.0,8.98,9.12,8.93,9.05,True,贵广网络,False
2018-04-24,9.16,9.31,9.11,9.31,29462.0,27105040.0,9.05,9.2,9.0,9.2,True,贵广网络,False
2018-04-25,9.29,9.37,9.23,9.34,27614.0,25487722.0,9.18,9.26,9.12,9.23,True,贵广网络,False
2018-04-26,9.34,9.38,9.08,9.11,28273.0,25445700.0,9.23,9.27,8.97,9.0,True,贵广网络,False
2018-04-27,9.12,9.21,9.08,9.16,18280.0,16543400.000000002,9.01,9.1,8.97,9.05,True,贵广网络,False
2018-05-02,9.23,9.23,8.94,9.01,23993.0,21353770.0,9.12,9.12,8.83,8.9,True,贵广网络,False
2018-05-03,8.99,9.09,8.9,9.05,26466.0,23660604.0,8.88,8.98,8.79,8.94,True,贵广网络,False
2018-05-04,9.02,9.07,8.93,8.96,20341.0,18001785.0,8.91,8.96,8.82,8.85,True,贵广网络,False
2018-05-07,9.02,9.18,8.95,9.11,28483.0,25634700.0,8.91,9.07,8.84,9.0,True,贵广网络,False
2018-05-08,9.06,9.15,9.06,9.15,22724.0,20542496.0,8.95,9.04,8.95,9.04,True,贵广网络,False
2018-05-09,9.16,9.17,9.06,9.11,21631.0,19467900.0,9.05,9.06,8.95,9.0,True,贵广网络,False
2018-05-10,9.16,9.2,9.11,9.18,24689.0,22392923.0,9.05,9.09,9.0,9.07,True,贵广网络,False
2018-05-11,9.19,9.4,9.18,9.23,67623.0,61672175.99999999,9.08,9.29,9.07,9.12,True,贵广网络,False
2018-05-14,9.27,9.3,9.13,9.16,27498.0,24885690.000000004,9.16,9.19,9.02,9.05,True,贵广网络,False
2018-05-15,9.18,9.22,9.06,9.21,33656.0,30626960.0,9.07,9.11,8.95,9.1,True,贵广网络,False
2018-05-16,9.18,9.19,9.1,9.16,20822.0,18843910.0,9.07,9.08,8.99,9.05,True,贵广网络,False
2018-05-17,9.17,9.18,9.11,9.13,16526.0,14906452.0,9.06,9.07,9.0,9.02,True,贵广网络,False
2018-05-18,9.16,9.17,9.05,9.15,20926.0,18917104.0,9.05,9.06,8.94,9.04,True,贵广网络,False
2018-05-21,9.17,9.33,9.16,9.3,61257.0,56295183.0,9.06,9.22,9.05,9.19,True,贵广网络,False
2018-05-22,9.61,9.9,9.53,9.55,177093.0,167175792.0,9.5,9.79,9.42,9.44,True,贵广网络,False
2018-05-23,9.71,10.49,9.61,10.24,416963.0,422383519.00000006,9.6,10.38,9.5,10.13,True,贵广网络,False
2018-05-24,9.89,9.94,9.62,9.84,267771.0,260541183.0,9.78,9.83,9.51,9.73,True,贵广网络,False
2018-05-25,9.8,10.19,9.72,9.94,193278.0,189992274.0,9.69,10.08,9.61,9.83,True,贵广网络,False
2018-05-28,10.1,10.46,9.65,9.72,171417.0,164731737.0,9.99,10.35,9.54,9.61,True,贵广网络,False
2018-05-29,9.76,9.8,9.41,9.45,113978.0,106455452.0,9.65,9.69,9.3,9.34,True,贵广网络,False
2018-05-30,9.34,9.34,8.93,8.95,106745.0,94362580.0,9.23,9.23,8.82,8.84,True,贵广网络,False
2018-05-31,9.04,9.1,8.95,9.06,56549.0,50611354.99999999,8.93,8.99,8.84,8.95,True,贵广网络,False
2018-06-01,9.01,9.07,8.84,8.9,55902.0,49137857.99999999,8.9,8.96,8.73,8.79,True,贵广网络,False
2018-06-04,8.94,9.01,8.92,8.96,27230.0,24098550.0,8.83,8.9,8.81,8.85,True,贵广网络,False
2018-06-05,8.95,9.07,8.91,9.06,38433.0,34397535.0,8.84,8.96,8.8,8.95,True,贵广网络,False
2018-06-06,9.02,9.08,8.99,9.06,31713.0,28383135.0,8.91,8.97,8.88,8.95,True,贵广网络,False
2018-06-07,9.09,9.12,8.95,8.96,29760.0,26337600.0,8.98,9.01,8.84,8.85,True,贵广网络,False
2018-06-08,8.98,8.99,8.64,8.77,51843.0,44896038.0,8.87,8.88,8.53,8.66,True,贵广网络,False
2018-06-11,8.74,8.89,8.64,8.83,28460.0,24817120.0,8.63,8.78,8.53,8.72,True,贵广网络,False
2018-06-12,8.8,8.84,8.67,8.8,20648.0,17943112.0,8.69,8.73,8.56,8.69,True,贵广网络,False
2018-06-13,8.8,8.8,8.59,8.61,27192.0,23113200.0,8.69,8.69,8.48,8.5,True,贵广网络,False
2018-06-14,8.61,8.66,8.52,8.57,18256.0,15444576.000000002,8.5,8.55,8.41,8.46,True,贵广网络,False
2018-06-15,8.58,8.63,8.22,8.31,32753.0,26857460.0,8.47,8.52,8.11,8.2,True,贵广网络,False
2018-06-19,8.27,8.27,7.49,7.52,58967.0,43694547.0,8.16,8.16,7.38,7.41,True,贵广网络,False
2018-06-20,7.51,7.67,7.41,7.55,27693.0,20603592.0,7.4,7.56,7.3,7.44,True,贵广网络,False
2018-06-21,7.56,7.63,7.31,7.32,25987.0,18736627.0,7.45,7.52,7.2,7.21,True,贵广网络,False
2018-06-22,7.23,7.45,7.22,7.42,17772.0,12991332.0,7.12,7.34,7.11,7.31,True,贵广网络,False
2018-06-25,7.58,7.58,7.32,7.38,14659.0,10657093.0,7.47,7.47,7.21,7.27,True,贵广网络,False
2018-06-26,7.24,7.48,7.24,7.46,15214.0,11182290.0,7.13,7.37,7.13,7.35,True,贵广网络,False
2018-06-27,7.49,7.5,7.35,7.4,16454.0,11994966.0,7.38,7.39,7.24,7.29,True,贵广网络,False
2018-06-28,7.41,7.45,7.32,7.34,16002.0,11569446.0,7.3,7.34,7.21,7.23,True,贵广网络,False
2018-06-29,7.33,7.56,7.31,7.53,23471.0,17415482.0,7.22,7.45,7.2,7.42,True,贵广网络,False
2018-07-02,7.52,7.54,7.39,7.43,22583.0,16530756.0,7.41,7.43,7.28,7.32,True,贵广网络,False
2018-07-03,7.4,7.56,7.39,7.54,21819.0,16211517.0,7.29,7.45,7.28,7.43,True,贵广网络,False
2018-07-04,7.51,7.52,7.44,7.47,16718.0,12304448.0,7.4,7.41,7.33,7.36,True,贵广网络,False
2018-07-05,7.42,7.52,7.31,7.31,16270.0,11714400.0,7.31,7.41,7.2,7.2,True,贵广网络,False
2018-07-06,7.32,7.41,7.14,7.28,20968.0,15034056.0,7.21,7.3,7.03,7.17,True,贵广网络,False
2018-07-09,7.31,7.51,7.31,7.51,18286.0,13531640.0,7.2,7.4,7.2,7.4,True,贵广网络,False
2018-07-10,7.49,7.55,7.41,7.54,20256.0,15050208.0,7.38,7.44,7.3,7.43,True,贵广网络,False
2018-07-11,7.533,7.533,7.273,7.383,19138.0,13664532.0,7.29,7.29,7.03,7.14,True,贵广网络,False
2018-07-12,7.343,7.593,7.333,7.543,21457.0,15663610.0,7.1,7.35,7.09,7.3,True,贵广网络,False
2018-07-13,7.543,7.583,7.413,7.523,14638.0,10656464.0,7.3,7.34,7.17,7.28,True,贵广网络,False
2018-07-16,7.533,7.543,7.403,7.453,15705.0,11323305.0,7.29,7.3,7.16,7.21,True,贵广网络,False
2018-07-17,7.553,7.813,7.553,7.673,44420.0,33004060.0,7.31,7.57,7.31,7.43,True,贵广网络,False
2018-07-18,7.593,7.683,7.543,7.593,25027.0,18394845.0,7.35,7.44,7.3,7.35,True,贵广网络,False
2018-07-19,7.543,7.593,7.453,7.473,17273.0,12488379.0,7.3,7.35,7.21,7.23,True,贵广网络,False
2018-07-20,7.423,7.583,7.423,7.563,14748.0,10795536.0,7.18,7.34,7.18,7.32,True,贵广网络,False
2018-07-23,7.503,7.673,7.503,7.663,17973.0,13335966.0,7.26,7.43,7.26,7.42,True,贵广网络,False
2018-07-24,7.653,7.783,7.613,7.773,32404.0,24400212.0,7.41,7.54,7.37,7.53,True,贵广网络,False
2018-07-25,7.793,7.823,7.723,7.793,23891.0,18037705.0,7.55,7.58,7.48,7.55,True,贵广网络,False
2018-07-26,7.803,7.923,7.743,7.823,34290.0,25991820.0,7.56,7.68,7.5,7.58,True,贵广网络,False
2018-07-27,7.823,7.823,7.713,7.773,17910.0,13486230.0,7.58,7.58,7.47,7.53,True,贵广网络,False
2018-07-30,7.723,7.803,7.643,7.693,18196.0,13556020.0,7.48,7.56,7.4,7.45,True,贵广网络,False
2018-07-31,7.743,7.743,7.633,7.723,10220.0,7644560.0,7.5,7.5,7.39,7.48,True,贵广网络,False
2018-08-01,7.713,7.833,7.653,7.683,23007.0,17117208.0,7.47,7.59,7.41,7.44,True,贵广网络,False
2018-08-02,7.673,7.673,7.223,7.383,26765.0,19110210.0,7.43,7.43,6.98,7.14,True,贵广网络,False
2018-08-03,7.383,7.423,7.313,7.353,16005.0,11379555.0,7.14,7.18,7.07,7.11,True,贵广网络,False
2018-08-06,7.343,7.363,7.133,7.173,20046.0,13891878.0,7.1,7.12,6.89,6.93,True,贵广网络,False
2018-08-07,7.183,7.403,7.183,7.373,14468.0,10315684.0,6.94,7.16,6.94,7.13,True,贵广网络,False
2018-08-08,7.383,7.413,7.313,7.313,16743.0,11837301.0,7.14,7.17,7.07,7.07,True,贵广网络,False
2018-08-09,7.313,7.473,7.203,7.433,20110.0,14459090.0,7.07,7.23,6.96,7.19,True,贵广网络,False
2018-08-10,7.423,7.493,7.383,7.443,12887.0,9278640.0,7.18,7.25,7.14,7.2,True,贵广网络,False
2018-08-13,7.363,7.493,7.303,7.483,14682.0,10629768.0,7.12,7.25,7.06,7.24,True,贵广网络,False
2018-08-14,7.443,7.503,7.393,7.443,10580.0,7617600.0,7.2,7.26,7.15,7.2,True,贵广网络,False
2018-08-15,7.413,7.483,7.333,7.353,10530.0,7486830.0,7.17,7.24,7.09,7.11,True,贵广网络,False
2018-08-16,7.343,7.363,7.243,7.283,13480.0,9489920.0,7.1,7.12,7.0,7.04,True,贵广网络,False
2018-08-17,7.333,7.353,7.143,7.173,12774.0,8852382.0,7.09,7.11,6.9,6.93,True,贵广网络,False
2018-08-20,7.243,7.343,7.133,7.343,13480.0,9570800.0,7.0,7.1,6.89,7.1,True,贵广网络,False
2018-08-21,7.343,7.383,7.293,7.353,13667.0,9717237.0,7.1,7.14,7.05,7.11,True,贵广网络,False
2018-08-22,7.323,7.343,7.263,7.263,8024.0,5632848.0,7.08,7.1,7.02,7.02,True,贵广网络,False
2018-08-23,7.253,7.923,7.243,7.683,48418.0,36022992.0,7.01,7.68,7.0,7.44,True,贵广网络,False
2018-08-24,7.583,7.713,7.503,7.623,33834.0,24969492.0,7.34,7.47,7.26,7.38,True,贵广网络,False
2018-08-27,7.563,7.683,7.523,7.653,26150.0,19377150.0,7.32,7.44,7.28,7.41,True,贵广网络,False
2018-08-28,7.643,7.643,7.573,7.603,14543.0,10703648.0,7.4,7.4,7.33,7.36,True,贵广网络,False
2018-08-29,7.603,7.603,7.463,7.483,14020.0,10150480.0,7.36,7.36,7.22,7.24,True,贵广网络,False
2018-08-30,7.463,7.573,7.423,7.423,13091.0,9399338.0,7.22,7.33,7.18,7.18,True,贵广网络,False
2018-08-31,7.483,7.483,7.383,7.393,11352.0,8116680.0,7.24,7.24,7.14,7.15,True,贵广网络,False
2018-09-03,7.323,7.423,7.213,7.393,16610.0,11876150.0,7.08,7.18,6.97,7.15,True,贵广网络,False
2018-09-04,7.343,7.463,7.323,7.423,14800.0,10626400.0,7.1,7.22,7.08,7.18,True,贵广网络,False
2018-09-05,7.353,7.563,7.323,7.333,16156.0,11454604.0,7.11,7.32,7.08,7.09,True,贵广网络,False
2018-09-06,7.303,7.393,7.253,7.293,11268.0,7943940.0,7.06,7.15,7.01,7.05,True,贵广网络,False
2018-09-07,7.273,7.413,7.273,7.333,12172.0,8629948.0,7.03,7.17,7.03,7.09,True,贵广网络,False
2018-09-10,7.333,7.433,7.273,7.413,19855.0,14236035.0,7.09,7.19,7.03,7.17,True,贵广网络,False
2018-09-11,7.383,7.473,7.343,7.353,13191.0,9378801.0,7.14,7.23,7.1,7.11,True,贵广网络,False
2018-09-12,7.333,7.393,7.323,7.363,9793.0,6972616.0,7.09,7.15,7.08,7.12,True,贵广网络,False
2018-09-13,7.383,7.463,7.363,7.453,12277.0,8851717.0,7.14,7.22,7.12,7.21,True,贵广网络,False
2018-09-14,7.453,7.463,7.363,7.373,11815.0,8424095.0,7.21,7.22,7.12,7.13,True,贵广网络,False
2018-09-17,7.373,7.373,7.263,7.293,9111.0,6423255.0,7.13,7.13,7.02,7.05,True,贵广网络,False
2018-09-18,7.263,7.413,7.243,7.403,14561.0,10425676.0,7.02,7.17,7.0,7.16,True,贵广网络,False
2018-09-19,7.413,7.463,7.353,7.423,15357.0,11026326.0,7.17,7.22,7.11,7.18,True,贵广网络,False
2018-09-20,7.453,7.463,7.393,7.413,9726.0,6973542.0,7.21,7.22,7.15,7.17,True,贵广网络,False
2018-09-21,7.443,7.473,7.353,7.443,23490.0,16912800.0,7.2,7.23,7.11,7.2,True,贵广网络,False
2018-09-25,7.433,7.473,7.393,7.423,10095.0,7248210.0,7.19,7.23,7.15,7.18,True,贵广网络,False
2018-09-26,7.443,7.483,7.393,7.423,16545.0,11879310.0,7.2,7.24,7.15,7.18,True,贵广网络,False
2018-09-27,7.433,7.433,7.303,7.303,17542.0,12384652.0,7.19,7.19,7.06,7.06,True,贵广网络,False
2018-09-28,7.333,7.383,7.303,7.343,9631.0,6838010.0,7.09,7.14,7.06,7.1,True,贵广网络,False
2018-10-08,7.323,7.323,7.103,7.103,24213.0,16610118.0,7.08,7.08,6.86,6.86,True,贵广网络,False
2018-10-09,7.103,7.193,7.103,7.133,11083.0,7636187.0,6.86,6.95,6.86,6.89,True,贵广网络,False
2018-10-10,7.133,7.193,7.123,7.183,11024.0,7650656.0,6.89,6.95,6.88,6.94,True,贵广网络,False
2018-10-11,7.033,7.033,6.493,6.493,29090.0,18181250.0,6.79,6.79,6.25,6.25,True,贵广网络,False
2018-10-12,6.443,6.493,6.043,6.273,24566.0,14813298.0,6.2,6.25,5.8,6.03,True,贵广网络,False
2018-10-15,6.283,6.323,6.153,6.163,14709.0,8707728.0,6.04,6.08,5.91,5.92,True,贵广网络,False
2018-10-16,6.233,6.243,6.033,6.063,9949.0,5790318.0,5.99,6.0,5.79,5.82,True,贵广网络,False
2018-10-17,6.123,6.223,6.063,6.133,11128.0,6554392.0,5.88,5.98,5.82,5.89,True,贵广网络,False
2018-10-18,6.093,6.163,5.953,5.973,13341.0,7644393.000000001,5.85,5.92,5.71,5.73,True,贵广网络,False
2018-10-19,5.943,6.113,5.863,6.113,10415.0,6113605.0,5.7,5.87,5.62,5.87,True,贵广网络,False
2018-10-22,6.143,6.583,6.143,6.423,29402.0,18170436.0,5.9,6.34,5.9,6.18,True,贵广网络,False
2018-10-23,6.383,6.463,6.293,6.323,12336.0,7500288.0,6.14,6.22,6.05,6.08,True,贵广网络,False
2018-10-24,6.323,6.413,6.293,6.333,12709.0,7739781.0,6.08,6.17,6.05,6.09,True,贵广网络,False
2018-10-25,6.103,6.403,6.103,6.353,15978.0,9762558.0,5.86,6.16,5.86,6.11,True,贵广网络,False
2018-10-26,6.373,6.483,6.373,6.403,15975.0,9840600.0,6.13,6.24,6.13,6.16,True,贵广网络,False
2018-10-29,6.333,6.453,6.323,6.363,12334.0,7548408.0,6.09,6.21,6.08,6.12,True,贵广网络,False
2018-10-30,6.273,6.483,6.273,6.453,17509.0,10873089.0,6.03,6.24,6.03,6.21,True,贵广网络,False
2018-10-31,6.463,6.503,6.403,6.463,19700.0,12253400.0,6.22,6.26,6.16,6.22,True,贵广网络,False
2018-11-01,6.473,6.593,6.473,6.483,25347.0,15816528.0,6.23,6.35,6.23,6.24,True,贵广网络,False
2018-11-02,6.543,6.633,6.523,6.603,31214.0,19852104.0,6.3,6.39,6.28,6.36,True,贵广网络,False
2018-11-05,6.623,6.693,6.573,6.653,22400.0,14358400.0,6.38,6.45,6.33,6.41,True,贵广网络,False
2018-11-06,6.603,6.683,6.583,6.623,15634.0,9974492.0,6.36,6.44,6.34,6.38,True,贵广网络,False
2018-11-07,6.633,6.673,6.593,6.653,20476.0,13125116.0,6.39,6.43,6.35,6.41,True,贵广网络,False
2018-11-08,6.683,6.713,6.503,6.503,25850.0,16182100.0,6.44,6.47,6.26,6.26,True,贵广网络,False
2018-11-09,6.503,6.633,6.503,6.583,23580.0,14949720.0,6.26,6.39,6.26,6.34,True,贵广网络,False
2018-11-12,6.633,6.743,6.583,6.733,35713.0,23177737.0,6.39,6.5,6.34,6.49,True,贵广网络,False
2018-11-13,6.663,6.903,6.653,6.893,48783.0,32440695.0,6.42,6.66,6.41,6.65,True,贵广网络,False
2018-11-14,6.923,6.943,6.813,6.823,28153.0,18524674.0,6.68,6.7,6.57,6.58,True,贵广网络,False
2018-11-15,6.863,6.983,6.813,6.983,32615.0,21982510.0,6.62,6.74,6.57,6.74,True,贵广网络,False
2018-11-16,7.073,7.093,6.963,7.023,30565.0,20723070.0,6.83,6.85,6.72,6.78,True,贵广网络,False
2018-11-19,6.943,7.053,6.943,7.013,27959.0,18928243.0,6.7,6.81,6.7,6.77,True,贵广网络,False
2018-11-20,6.953,7.013,6.773,6.793,36636.0,23996580.0,6.71,6.77,6.53,6.55,True,贵广网络,False
2018-11-21,6.733,6.833,6.703,6.803,26719.0,17527664.0,6.49,6.59,6.46,6.56,True,贵广网络,False
2018-11-22,6.813,6.943,6.813,6.903,31199.0,20778534.0,6.57,6.7,6.57,6.66,True,贵广网络,False
2018-11-23,6.913,6.923,6.513,6.523,31405.0,19722340.0,6.67,6.68,6.27,6.28,True,贵广网络,False
2018-11-26,6.543,6.643,6.493,6.533,22062.0,13876998.0,6.3,6.4,6.25,6.29,True,贵广网络,False
2018-11-27,6.563,6.863,6.543,6.693,38785.0,25016325.0,6.32,6.62,6.3,6.45,True,贵广网络,False
2018-11-28,6.793,7.343,6.713,7.343,190587.0,135316770.0,6.55,7.1,6.47,7.1,True,贵广网络,False
2018-11-29,8.053,8.053,7.323,7.353,398712.0,283484232.0,7.81,7.81,7.08,7.11,True,贵广网络,False
2018-11-30,6.943,7.093,6.683,6.923,280745.0,187537660.0,6.7,6.85,6.44,6.68,True,贵广网络,False
2018-12-03,6.993,7.383,6.903,7.213,199418.0,138994346.0,6.75,7.14,6.66,6.97,True,贵广网络,False
2018-12-04,7.123,7.153,6.973,7.113,122211.0,83958957.0,6.88,6.91,6.73,6.87,True,贵广网络,False
2018-12-05,6.893,7.213,6.853,7.063,100432.0,68494624.0,6.65,6.97,6.61,6.82,True,贵广网络,False
2018-12-06,6.963,7.043,6.803,6.823,72200.0,47507600.0,6.72,6.8,6.56,6.58,True,贵广网络,False
2018-12-07,6.793,6.883,6.643,6.683,84849.0,54642756.0,6.55,6.64,6.4,6.44,True,贵广网络,False
2018-12-10,6.653,6.683,6.563,6.573,39243.0,24840819.0,6.41,6.44,6.32,6.33,True,贵广网络,False
2018-12-11,6.613,6.883,6.593,6.763,78415.0,51126580.0,6.37,6.64,6.35,6.52,True,贵广网络,False
2018-12-12,6.763,6.783,6.673,6.703,45031.0,29090026.0,6.52,6.54,6.43,6.46,True,贵广网络,False
2018-12-13,6.753,6.773,6.663,6.733,33229.0,21565621.0,6.51,6.53,6.42,6.49,True,贵广网络,False
2018-12-14,6.703,6.743,6.463,6.493,40710.0,25443750.0,6.46,6.5,6.22,6.25,True,贵广网络,False
2018-12-17,6.493,6.583,6.423,6.493,21912.0,13695000.0,6.25,6.34,6.18,6.25,True,贵广网络,False
2018-12-18,6.473,6.523,6.333,6.383,32654.0,20049556.0,6.23,6.28,6.09,6.14,True,贵广网络,False
2018-12-19,6.413,6.413,6.263,6.293,25703.0,15550315.0,6.17,6.17,6.02,6.05,True,贵广网络,False
2018-12-20,6.333,6.393,6.263,6.343,27737.0,16919570.0,6.09,6.15,6.02,6.1,True,贵广网络,False
2018-12-21,6.353,6.543,6.323,6.453,55472.0,34448112.0,6.11,6.3,6.08,6.21,True,贵广网络,False
2018-12-24,6.383,6.723,6.353,6.603,61632.0,39197952.0,6.14,6.48,6.11,6.36,True,贵广网络,False
2018-12-25,6.493,6.583,6.293,6.543,58704.0,36983520.0,6.25,6.34,6.05,6.3,True,贵广网络,False
2018-12-26,6.543,6.963,6.483,6.713,106527.0,68922969.0,6.3,6.72,6.24,6.47,True,贵广网络,False
2018-12-27,6.743,6.933,6.653,6.733,99839.0,64795511.0,6.5,6.69,6.41,6.49,True,贵广网络,False
2018-12-28,6.693,6.793,6.593,6.603,52675.0,33501300.0,6.45,6.55,6.35,6.36,True,贵广网络,False
2019-01-02,6.603,6.763,6.473,6.703,55384.0,35778064.0,6.36,6.52,6.23,6.46,True,贵广网络,False
2019-01-03,6.703,6.743,6.503,6.533,48599.0,30568771.0,6.46,6.5,6.26,6.29,True,贵广网络,False
2019-01-04,6.473,6.703,6.443,6.673,47142.0,30312306.0,6.23,6.46,6.2,6.43,True,贵广网络,False
2019-01-07,6.793,7.313,6.793,7.313,153489.0,108516723.0,6.55,7.07,6.55,7.07,True,贵广网络,False
2019-01-08,7.493,7.783,7.203,7.203,258087.0,179628552.0,7.25,7.54,6.96,6.96,True,贵广网络,False
2019-01-09,7.253,7.623,7.183,7.333,193885.0,137464465.0,7.01,7.38,6.94,7.09,True,贵广网络,False
2019-01-10,7.333,7.433,7.143,7.143,115153.0,79455570.0,7.09,7.19,6.9,6.9,True,贵广网络,False
2019-01-11,7.193,7.463,7.173,7.203,92232.0,64193472.0,6.95,7.22,6.93,6.96,True,贵广网络,False
2019-01-14,7.303,7.383,7.163,7.223,77928.0,54393744.0,7.06,7.14,6.92,6.98,True,贵广网络,False
2019-01-15,7.143,7.263,7.093,7.223,76414.0,53336972.0,6.9,7.02,6.85,6.98,True,贵广网络,False
2019-01-16,7.223,7.323,7.143,7.153,60948.0,42115068.0,6.98,7.08,6.9,6.91,True,贵广网络,False
2019-01-17,7.163,7.183,6.993,6.993,57703.0,38949525.0,6.92,6.94,6.75,6.75,True,贵广网络,False
2019-01-18,7.063,7.083,6.943,7.043,44623.0,30343640.0,6.82,6.84,6.7,6.8,True,贵广网络,False
2019-01-21,7.023,7.153,6.993,7.033,44533.0,30237907.0,6.78,6.91,6.75,6.79,True,贵广网络,False
2019-01-22,7.003,7.033,6.873,6.923,38733.0,25873644.0,6.76,6.79,6.63,6.68,True,贵广网络,False
2019-01-23,6.923,6.973,6.843,6.893,28266.0,18796890.0,6.68,6.73,6.6,6.65,True,贵广网络,False
2019-01-24,6.893,6.983,6.843,6.943,36178.0,24239260.0,6.65,6.74,6.6,6.7,True,贵广网络,False
2019-01-25,6.913,7.013,6.853,6.933,46723.0,31257687.0,6.67,6.77,6.61,6.69,True,贵广网络,False
2019-01-28,6.943,6.983,6.843,6.883,41944.0,27850816.0,6.7,6.74,6.6,6.64,True,贵广网络,False
2019-01-29,6.883,6.883,6.573,6.773,50341.0,32872673.0,6.64,6.64,6.33,6.53,True,贵广网络,False
2019-01-30,6.753,6.823,6.663,6.673,20316.0,13063188.0,6.51,6.58,6.42,6.43,True,贵广网络,False
2019-01-31,6.713,6.853,6.623,6.623,32765.0,20904070.0,6.47,6.61,6.38,6.38,True,贵广网络,False
2019-02-01,6.663,6.963,6.663,6.943,50354.0,33737180.0,6.42,6.72,6.42,6.7,True,贵广网络,False
2019-02-11,6.963,7.033,6.893,7.033,35053.0,23800987.0,6.72,6.79,6.65,6.79,True,贵广网络,False
2019-02-12,7.043,7.103,6.993,7.063,40710.0,27764220.0,6.8,6.86,6.75,6.82,True,贵广网络,False
2019-02-13,7.063,7.213,7.003,7.193,72452.0,50354140.0,6.82,6.97,6.76,6.95,True,贵广网络,False
2019-02-14,7.193,7.223,7.103,7.153,52674.0,36397734.0,6.95,6.98,6.86,6.91,True,贵广网络,False
2019-02-15,7.163,7.393,7.143,7.263,94972.0,66670343.99999999,6.92,7.15,6.9,7.02,True,贵广网络,False
2019-02-18,7.313,7.373,7.203,7.373,72811.0,51914243.0,7.07,7.13,6.96,7.13,True,贵广网络,False
2019-02-19,7.373,7.523,7.203,7.463,101885.0,73560970.0,7.13,7.28,6.96,7.22,True,贵广网络,False
2019-02-20,7.523,7.803,7.293,7.683,183865.0,136795560.0,7.28,7.56,7.05,7.44,True,贵广网络,False
2019-02-21,7.593,7.703,7.473,7.523,139205.0,101341240.0,7.35,7.46,7.23,7.28,True,贵广网络,False
2019-02-22,7.593,7.873,7.463,7.833,158271.0,120127689.0,7.35,7.63,7.22,7.59,True,贵广网络,False
2019-02-25,7.943,8.503,7.943,8.223,180699.0,144197802.0,7.7,8.26,7.7,7.98,True,贵广网络,False
2019-02-26,8.203,8.943,8.113,8.543,236544.0,196331520.00000003,7.96,8.7,7.87,8.3,True,贵广网络,False
2019-02-27,8.473,8.763,8.243,8.393,134148.0,109330620.0,8.23,8.52,8.0,8.15,True,贵广网络,False
2019-02-28,8.343,8.503,8.263,8.343,64044.0,51875640.0,8.1,8.26,8.02,8.1,True,贵广网络,False
2019-03-01,8.473,8.523,8.173,8.343,68064.0,55131840.0,8.23,8.28,7.93,8.1,True,贵广网络,False
2019-03-04,9.153,9.153,8.793,8.903,334129.0,289355714.0,8.91,8.91,8.55,8.66,True,贵广网络,False
2019-03-05,8.793,9.113,8.663,9.003,264590.0,231780840.0,8.55,8.87,8.42,8.76,True,贵广网络,False
2019-03-06,8.913,8.973,8.743,8.923,196296.0,170384928.0,8.67,8.73,8.5,8.68,True,贵广网络,False
2019-03-07,8.883,9.793,8.883,9.793,307199.0,293375045.0,8.64,9.55,8.64,9.55,True,贵广网络,False
2019-03-08,9.503,10.703,9.333,10.383,325146.0,329698044.0,9.26,10.46,9.09,10.14,True,贵广网络,False
2019-03-11,11.243,11.393,10.633,11.113,277893.0,302069691.0,11.0,11.15,10.39,10.87,True,贵广网络,False
2019-03-12,10.843,12.123,10.753,11.383,316782.0,352895148.0,10.6,11.88,10.51,11.14,True,贵广网络,False
2019-03-13,11.303,11.603,10.643,10.643,230410.0,239626400.0,11.06,11.36,10.4,10.4,True,贵广网络,False
2019-03-14,10.813,10.893,10.043,10.363,201649.0,204068788.0,10.57,10.65,9.8,10.12,True,贵广网络,False
2019-03-15,10.443,10.593,10.153,10.393,137251.0,139309765.0,10.2,10.35,9.91,10.15,True,贵广网络,False
2019-03-18,10.433,10.833,10.293,10.653,159697.0,166244577.0,10.19,10.59,10.05,10.41,True,贵广网络,False
2019-03-19,10.573,11.453,10.463,11.403,243077.0,271273932.0,10.33,11.21,10.22,11.16,True,贵广网络,False
2019-03-20,11.233,12.193,10.923,11.723,331971.0,381102708.0,10.99,11.95,10.68,11.48,True,贵广网络,False
2019-03-21,11.483,12.873,11.483,12.873,355829.0,449412027.0,11.24,12.63,11.24,12.63,True,贵广网络,False
2019-03-22,13.273,13.723,12.063,12.243,435096.0,522115200.0,13.03,13.48,11.82,12.0,True,贵广网络,False
2019-03-25,11.453,11.963,11.143,11.463,242751.0,272366622.0,11.21,11.72,10.9,11.22,True,贵广网络,False
2019-03-26,11.523,11.593,10.473,10.603,197645.0,204760220.0,11.28,11.35,10.23,10.36,True,贵广网络,False
2019-03-27,10.523,10.803,10.433,10.633,121435.0,126170965.0,10.28,10.56,10.19,10.39,True,贵广网络,False
2019-03-28,10.613,10.613,10.103,10.103,141836.0,139850296.0,10.37,10.37,9.86,9.86,True,贵广网络,False
2019-03-29,10.323,10.523,10.053,10.493,139677.0,143168925.0,10.08,10.28,9.81,10.25,True,贵广网络,False
2019-04-01,10.623,11.523,10.493,11.523,238146.0,268628688.0,10.38,11.28,10.25,11.28,True,贵广网络,False
2019-04-02,11.733,12.043,11.433,11.493,271972.0,305968500.0,11.49,11.8,11.19,11.25,True,贵广网络,False
2019-04-03,11.323,11.493,11.063,11.303,165855.0,183435630.0,11.08,11.25,10.82,11.06,True,贵广网络,False
2019-04-04,11.243,11.433,11.043,11.223,164153.0,180239994.0,11.0,11.19,10.8,10.98,True,贵广网络,False
2019-04-08,11.243,11.373,10.573,10.843,127112.0,134738720.0,11.0,11.13,10.33,10.6,True,贵广网络,False
2019-04-09,10.723,11.333,10.723,11.153,138243.0,150823113.0,10.48,11.09,10.48,10.91,True,贵广网络,False
2019-04-10,11.023,11.043,10.833,10.913,83445.0,89035815.0,10.78,10.8,10.59,10.67,True,贵广网络,False
2019-04-11,10.953,10.973,10.433,10.503,108030.0,110838780.0,10.71,10.73,10.19,10.26,True,贵广网络,False
2019-04-12,10.623,10.883,10.493,10.593,81999.0,84868965.0,10.38,10.64,10.25,10.35,True,贵广网络,False
2019-04-15,10.753,10.953,10.393,10.433,89289.0,90985491.0,10.51,10.71,10.15,10.19,True,贵广网络,False
2019-04-16,10.463,11.103,10.273,10.893,117464.0,125099160.0,10.22,10.86,10.03,10.65,True,贵广网络,False
2019-04-17,10.873,11.303,10.843,10.943,146794.0,157069580.0,10.63,11.06,10.6,10.7,True,贵广网络,False
2019-04-18,10.873,11.073,10.673,10.683,85751.0,89524044.0,10.63,10.83,10.43,10.44,True,贵广网络,False
2019-04-19,10.713,11.083,10.653,10.843,101612.0,107708720.0,10.47,10.84,10.41,10.6,True,贵广网络,False
2019-04-22,10.903,11.723,10.843,11.343,214118.0,237670980.0,10.66,11.48,10.6,11.1,True,贵广网络,False
2019-04-23,11.293,12.453,11.283,11.733,265997.0,305630553.0,11.05,12.21,11.04,11.49,True,贵广网络,False
2019-04-24,11.783,11.903,10.943,11.373,190856.0,212422728.00000003,11.54,11.66,10.7,11.13,True,贵广网络,False
2019-04-25,11.343,12.333,11.223,11.663,350738.0,400542796.0,11.1,12.09,10.98,11.42,True,贵广网络,False
2019-04-26,11.703,12.093,10.823,11.473,280301.0,314778023.0,11.46,11.85,10.58,11.23,True,贵广网络,False
2019-04-29,11.083,11.173,10.353,10.353,183648.0,185668128.0,10.84,10.93,10.11,10.11,True,贵广网络,False
2019-04-30,9.893,10.093,9.343,9.403,187199.0,171474284.0,9.65,9.85,9.1,9.16,True,贵广网络,False
2019-05-06,8.893,8.903,8.483,8.483,181345.0,149428280.0,8.65,8.66,8.24,8.24,True,贵广网络,False
2019-05-07,8.523,8.673,8.273,8.613,125354.0,104921298.0,8.28,8.43,8.03,8.37,True,贵广网络,False
2019-05-08,8.393,8.823,8.293,8.603,107572.0,89930192.0,8.15,8.58,8.05,8.36,True,贵广网络,False
2019-05-09,8.543,8.873,8.453,8.723,114957.0,97483536.0,8.3,8.63,8.21,8.48,True,贵广网络,False
2019-05-10,8.813,9.113,8.413,8.973,166138.0,145038474.0,8.57,8.87,8.17,8.73,True,贵广网络,False
2019-05-13,8.873,9.143,8.743,9.003,117992.0,103360992.0,8.63,8.9,8.5,8.76,True,贵广网络,False
2019-05-14,8.773,9.843,8.753,9.283,214068.0,193517472.0,8.53,9.6,8.51,9.04,True,贵广网络,False
2019-05-15,9.383,9.683,9.203,9.503,157940.0,146252440.0,9.14,9.44,8.96,9.26,True,贵广网络,False
2019-05-16,9.503,9.503,9.243,9.283,96702.0,87418607.99999999,9.26,9.26,9.0,9.04,True,贵广网络,False
2019-05-17,9.433,9.523,8.743,8.903,110156.0,95395096.0,9.19,9.28,8.5,8.66,True,贵广网络,False
2019-05-20,8.973,9.773,8.693,9.553,326692.0,304150252.0,8.73,9.53,8.45,9.31,True,贵广网络,False
2019-05-21,9.443,9.443,9.033,9.343,251685.0,229033350.0,9.2,9.2,8.79,9.1,True,贵广网络,False
2019-05-22,9.353,9.653,9.323,9.353,194381.0,177081091.0,9.11,9.41,9.08,9.11,True,贵广网络,False
2019-05-23,9.123,9.193,8.863,8.993,134236.0,117456500.0,8.88,8.95,8.62,8.75,True,贵广网络,False
2019-05-24,8.933,9.103,8.703,8.743,97925.0,83236250.0,8.69,8.86,8.46,8.5,True,贵广网络,False
2019-05-27,8.943,9.193,8.773,9.073,139194.0,122908302.0,8.7,8.95,8.53,8.83,True,贵广网络,False
2019-05-28,9.043,9.683,8.943,9.403,239700.0,219565200.0,8.8,9.44,8.7,9.16,True,贵广网络,False
2019-05-29,9.303,9.903,9.263,9.533,185919.0,172718750.99999997,9.06,9.66,9.02,9.29,True,贵广网络,False
2019-05-30,9.443,9.663,9.393,9.573,144320.0,134650560.0,9.2,9.42,9.15,9.33,True,贵广网络,False
2019-05-31,9.553,10.403,9.363,10.183,370900.0,368674600.0,9.31,10.16,9.12,9.94,True,贵广网络,False
2019-06-03,9.993,11.063,9.883,10.393,334675.0,339695125.0,9.75,10.82,9.64,10.15,True,贵广网络,False
2019-06-04,10.493,10.843,9.753,9.943,298755.0,289792350.0,10.25,10.6,9.51,9.7,True,贵广网络,False
2019-06-05,10.083,10.603,9.953,10.393,307670.0,312285050.0,9.84,10.36,9.71,10.15,True,贵广网络,False
2019-06-06,10.143,10.143,9.383,9.383,273946.0,250386644.00000003,9.9,9.9,9.14,9.14,True,贵广网络,False
2019-06-10,9.343,9.443,8.993,9.123,183279.0,162751752.0,9.1,9.2,8.75,8.88,True,贵广网络,False
2019-06-11,9.243,9.463,9.083,9.463,170203.0,156927166.0,9.0,9.22,8.84,9.22,True,贵广网络,False
2019-06-12,9.473,10.003,9.353,9.633,249366.0,234154674.0,9.23,9.76,9.11,9.39,True,贵广网络,False
2019-06-13,9.563,9.743,9.473,9.723,160267.0,151933116.0,9.32,9.5,9.23,9.48,True,贵广网络,False
2019-06-14,9.703,9.703,9.193,9.303,114496.0,103733376.0,9.46,9.46,8.95,9.06,True,贵广网络,False
2019-06-17,9.273,10.213,8.993,10.213,465996.0,464598012.0,9.03,9.97,8.75,9.97,True,贵广网络,False
2019-06-18,10.303,10.913,9.913,10.403,656050.0,666546800.0,10.06,10.67,9.67,10.16,True,贵广网络,False
2019-06-19,10.713,10.923,10.363,10.413,454625.0,462353625.0,10.47,10.68,10.12,10.17,True,贵广网络,False
2019-06-20,10.383,10.553,10.123,10.423,316496.0,322192928.0,10.14,10.31,9.88,10.18,True,贵广网络,False
2019-06-21,10.393,10.603,10.263,10.403,299314.0,304103024.0,10.15,10.36,10.02,10.16,True,贵广网络,False
2019-06-24,10.333,10.783,10.183,10.683,307798.0,321341112.0,10.09,10.54,9.94,10.44,True,贵广网络,False
2019-06-25,10.563,10.623,10.163,10.323,203855.0,205485840.0,10.32,10.38,9.92,10.08,True,贵广网络,False
2019-06-26,10.243,11.053,10.163,10.683,314696.0,328542624.0,10.0,10.81,9.92,10.44,True,贵广网络,False
2019-06-27,10.673,11.523,10.573,11.263,465425.0,512898350.0,10.43,11.28,10.33,11.02,True,贵广网络,False
2019-06-28,11.143,11.173,10.823,11.023,232549.0,250687822.0,10.9,10.93,10.58,10.78,True,贵广网络,False
2019-07-01,11.293,11.483,11.053,11.243,280679.0,308746900.0,11.05,11.24,10.81,11.0,True,贵广网络,False
2019-07-02,11.143,11.173,10.843,10.883,203786.0,216828304.0,10.9,10.93,10.6,10.64,True,贵广网络,False
2019-07-03,10.903,10.903,10.443,10.623,164108.0,170344104.0,10.66,10.66,10.2,10.38,True,贵广网络,False
2019-07-04,10.623,10.673,10.373,10.513,109493.0,112449311.0,10.38,10.43,10.13,10.27,True,贵广网络,False
2019-07-05,10.533,10.673,10.423,10.533,103174.0,106166046.0,10.29,10.43,10.18,10.29,True,贵广网络,False
2019-07-08,10.423,10.493,9.773,9.873,168287.0,162060381.0,10.18,10.25,9.53,9.63,True,贵广网络,False
2019-07-09,9.863,9.953,9.673,9.853,83368.0,80116648.0,9.62,9.71,9.43,9.61,True,贵广网络,False
2019-07-10,9.943,9.943,9.613,9.733,85195.0,80850055.0,9.7,9.7,9.37,9.49,True,贵广网络,False
2019-07-11,9.693,9.893,9.543,9.633,81099.0,76151961.0,9.45,9.65,9.3,9.39,True,贵广网络,False
2019-07-12,9.663,10.183,9.553,10.063,170735.0,167661770.0,9.42,9.94,9.31,9.82,True,贵广网络,False
2019-07-15,10.143,10.733,9.883,10.463,154164.0,157555608.0,9.9,10.49,9.64,10.22,True,贵广网络,False
2019-07-16,10.353,10.503,10.263,10.343,88574.0,88662574.0,10.02,10.17,9.93,10.01,True,贵广网络,False
2019-07-17,10.283,10.443,10.203,10.223,72859.0,72057551.0,9.95,10.11,9.87,9.89,True,贵广网络,False
2019-07-18,10.133,10.133,9.873,9.873,70687.0,67435398.0,9.8,9.8,9.54,9.54,True,贵广网络,False
2019-07-19,9.953,10.103,9.853,9.903,60894.0,58275558.0,9.62,9.77,9.52,9.57,True,贵广网络,False
2019-07-22,9.903,9.973,9.553,9.593,60532.0,56052632.0,9.57,9.64,9.22,9.26,True,贵广网络,False
2019-07-23,9.553,9.783,9.553,9.783,41331.0,39057795.0,9.22,9.45,9.22,9.45,True,贵广网络,False
2019-07-24,9.793,10.133,9.733,9.963,73743.0,71014509.0,9.46,9.8,9.4,9.63,True,贵广网络,False
2019-07-25,9.933,10.133,9.893,9.953,68708.0,66097095.99999999,9.6,9.8,9.56,9.62,True,贵广网络,False
2019-07-26,9.933,10.153,9.863,10.033,69625.0,67536250.0,9.6,9.82,9.53,9.7,True,贵广网络,False
2019-07-29,9.973,10.273,9.943,10.263,98816.0,98124288.0,9.64,9.94,9.61,9.93,True,贵广网络,False
2019-07-30,10.203,10.493,10.143,10.353,116291.0,116523582.0,9.87,10.16,9.81,10.02,True,贵广网络,False
2019-07-31,10.383,10.383,10.043,10.053,86358.0,83939976.0,10.05,10.05,9.71,9.72,True,贵广网络,False
2019-08-01,10.033,10.173,9.923,9.973,77377.0,74591428.0,9.7,9.84,9.59,9.64,True,贵广网络,False
2019-08-02,9.663,9.803,9.553,9.703,73503.0,68872311.0,9.33,9.47,9.22,9.37,True,贵广网络,False
2019-08-05,9.673,9.893,9.653,9.693,57605.0,53918280.0,9.34,9.56,9.32,9.36,True,贵广网络,False
2019-08-06,9.513,9.513,8.913,9.143,133769.0,117850489.0,9.18,9.18,8.58,8.81,True,贵广网络,False
2019-08-07,9.233,9.413,9.093,9.093,69739.0,61091364.0,8.9,9.08,8.76,8.76,True,贵广网络,False
2019-08-08,9.043,9.273,9.023,9.133,58296.0,51300480.00000001,8.71,8.94,8.69,8.8,True,贵广网络,False
2019-08-09,9.213,9.233,8.843,8.863,65524.0,55891971.99999999,8.88,8.9,8.51,8.53,True,贵广网络,False
2019-08-12,8.843,9.003,8.783,8.933,87534.0,75279240.0,8.51,8.67,8.45,8.6,True,贵广网络,False
2019-08-13,8.853,8.953,8.673,8.873,74567.0,63680217.99999999,8.52,8.62,8.34,8.54,True,贵广网络,False
2019-08-14,9.003,9.093,8.833,8.943,104640.0,90095040.0,8.67,8.76,8.5,8.61,True,贵广网络,False
2019-08-15,8.603,8.913,8.533,8.863,82270.0,70176310.0,8.27,8.58,8.2,8.53,True,贵广网络,False
2019-08-16,8.873,9.033,8.813,8.943,80740.0,69517140.0,8.54,8.7,8.48,8.61,True,贵广网络,False
2019-08-19,8.993,9.273,8.953,9.253,101183.0,90255236.0,8.66,8.94,8.62,8.92,True,贵广网络,False
2019-08-20,9.693,9.913,9.403,9.463,213431.0,194862503.00000003,9.36,9.58,9.07,9.13,True,贵广网络,False
2019-08-21,9.393,9.523,9.293,9.393,90925.0,82378050.0,9.06,9.19,8.96,9.06,True,贵广网络,False
2019-08-22,9.413,9.483,9.263,9.423,60843.0,55306287.0,9.08,9.15,8.93,9.09,True,贵广网络,False
2019-08-23,9.473,9.473,9.233,9.283,59317.0,53088714.99999999,9.14,9.14,8.9,8.95,True,贵广网络,False
2019-08-26,8.933,9.153,8.923,9.073,55272.0,48307728.0,8.6,8.82,8.59,8.74,True,贵广网络,False
2019-08-27,9.133,9.323,9.133,9.223,55688.0,49506632.0,8.8,8.99,8.8,8.89,True,贵广网络,False
2019-08-28,9.233,9.503,9.153,9.403,86786.0,78714902.0,8.9,9.17,8.82,9.07,True,贵广网络,False
2019-08-29,9.373,10.153,9.333,10.063,268879.0,261619267.0,9.04,9.82,9.0,9.73,True,贵广网络,False
2019-08-30,10.123,10.493,9.853,9.953,243581.0,234324922.0,9.79,10.16,9.52,9.62,True,贵广网络,False
2019-09-02,10.163,10.383,9.793,10.293,161041.0,160396836.0,9.83,10.05,9.46,9.96,True,贵广网络,False
2019-09-03,10.223,10.583,10.153,10.373,152125.0,152733500.0,9.89,10.25,9.82,10.04,True,贵广网络,False
2019-09-04,10.343,10.383,9.993,10.233,146610.0,145143900.0,10.01,10.05,9.66,9.9,True,贵广网络,False
2019-09-05,10.313,10.783,10.263,10.463,296209.0,300059717.0,9.98,10.45,9.93,10.13,True,贵广网络,False
2019-09-06,10.623,10.913,10.453,10.463,225606.0,228538878.00000003,10.29,10.58,10.12,10.13,True,贵广网络,False
2019-09-09,10.663,11.473,10.513,11.473,348990.0,388774860.0,10.33,11.14,10.18,11.14,True,贵广网络,False
2019-09-10,11.733,11.783,10.813,11.103,388577.0,418497429.0,11.4,11.45,10.48,10.77,True,贵广网络,False
2019-09-11,11.093,11.093,10.723,10.783,208520.0,217903400.0,10.76,10.76,10.39,10.45,True,贵广网络,False
2019-09-12,10.833,11.023,10.663,10.973,181593.0,193214952.0,10.5,10.69,10.33,10.64,True,贵广网络,False
2019-09-16,10.843,10.923,10.693,10.833,160805.0,168845250.0,10.51,10.59,10.36,10.5,True,贵广网络,False
2019-09-17,10.633,10.653,10.123,10.233,237042.0,234671580.0,10.3,10.32,9.79,9.9,True,贵广网络,False
2019-09-18,10.263,10.293,10.113,10.113,92297.0,90266466.0,9.93,9.96,9.78,9.78,True,贵广网络,False
2019-09-19,10.133,10.353,10.093,10.333,106555.0,106555000.0,9.8,10.02,9.76,10.0,True,贵广网络,False
2019-09-20,10.363,10.533,10.253,10.423,107745.0,108714705.0,10.03,10.2,9.92,10.09,True,贵广网络,False
2019-09-23,10.303,10.333,9.963,10.153,159065.0,156201830.0,9.97,10.0,9.63,9.82,True,贵广网络,False
2019-09-24,10.153,10.363,10.043,10.143,124534.0,122167854.0,9.82,10.03,9.71,9.81,True,贵广网络,False
2019-09-25,10.113,10.293,9.813,9.873,106681.0,101773674.0,9.78,9.96,9.48,9.54,True,贵广网络,False
2019-09-26,9.943,9.973,9.333,9.433,129939.0,118244490.0,9.61,9.64,9.0,9.1,True,贵广网络,False
2019-09-27,9.513,9.813,9.443,9.713,87819.0,82374222.0,9.18,9.48,9.11,9.38,True,贵广网络,False
2019-09-30,9.733,9.873,9.513,9.513,70364.0,64594152.0,9.4,9.54,9.18,9.18,True,贵广网络,False
2019-10-08,9.513,9.803,9.413,9.603,78889.0,73130103.0,9.18,9.47,9.08,9.27,True,贵广网络,False
2019-10-09,9.483,9.493,9.263,9.433,92027.0,83744570.0,9.15,9.16,8.93,9.1,True,贵广网络,False
2019-10-10,9.413,9.513,9.363,9.503,75943.0,69639731.0,9.08,9.18,9.03,9.17,True,贵广网络,False
2019-10-11,9.493,9.513,9.313,9.393,75951.0,68811606.0,9.16,9.18,8.98,9.06,True,贵广网络,False
2019-10-14,9.513,9.683,9.473,9.653,83631.0,77944092.0,9.18,9.35,9.14,9.32,True,贵广网络,False
2019-10-15,9.643,9.643,9.373,9.413,63688.0,57828704.0,9.31,9.31,9.04,9.08,True,贵广网络,False
2019-10-16,9.483,9.503,9.213,9.243,78626.0,70055766.0,9.15,9.17,8.88,8.91,True,贵广网络,False
2019-10-17,9.273,9.413,9.193,9.313,44043.0,39550614.0,8.94,9.08,8.86,8.98,True,贵广网络,False
2019-10-18,9.313,9.353,9.063,9.173,62400.0,55161600.0,8.98,9.02,8.73,8.84,True,贵广网络,False
2019-10-21,9.173,9.223,8.983,9.123,57603.0,50633036.99999999,8.84,8.89,8.65,8.79,True,贵广网络,False
2019-10-22,9.113,9.303,9.113,9.283,46840.0,41921800.0,8.78,8.97,8.78,8.95,True,贵广网络,False
2019-10-23,9.403,9.473,9.293,9.323,58086.0,52219314.0,9.07,9.14,8.96,8.99,True,贵广网络,False
2019-10-24,9.323,9.333,9.123,9.193,44445.0,39378270.0,8.99,9.0,8.79,8.86,True,贵广网络,False
2019-10-25,9.163,9.463,9.123,9.353,61426.0,55406252.0,8.83,9.13,8.79,9.02,True,贵广网络,False
2019-10-28,9.293,9.683,9.293,9.613,102512.0,95131136.0,8.96,9.35,8.96,9.28,True,贵广网络,False
2019-10-29,9.593,9.603,9.383,9.393,69064.0,62571984.0,9.26,9.27,9.05,9.06,True,贵广网络,False
2019-10-30,9.343,9.423,9.213,9.313,56825.0,51028850.0,9.01,9.09,8.88,8.98,True,贵广网络,False
2019-10-31,9.263,9.313,9.003,9.073,62589.0,54702786.0,8.93,8.98,8.67,8.74,True,贵广网络,False
2019-11-01,9.073,9.183,9.013,9.113,34483.0,30276074.0,8.74,8.85,8.68,8.78,True,贵广网络,False
2019-11-04,9.113,9.233,9.063,9.073,43958.0,38419292.0,8.78,8.9,8.73,8.74,True,贵广网络,False
2019-11-05,9.123,9.223,9.103,9.203,46738.0,41456606.0,8.79,8.89,8.77,8.87,True,贵广网络,False
2019-11-06,9.173,9.173,8.993,9.023,53584.0,46564496.0,8.84,8.84,8.66,8.69,True,贵广网络,False
2019-11-07,9.023,9.073,8.963,9.013,25309.0,21968212.0,8.69,8.74,8.63,8.68,True,贵广网络,False
2019-11-08,9.083,9.103,9.013,9.013,32327.0,28059836.0,8.75,8.77,8.68,8.68,True,贵广网络,False
2019-11-11,9.023,9.033,8.493,8.583,96453.0,79573725.0,8.69,8.7,8.16,8.25,True,贵广网络,False
2019-11-12,8.513,8.623,8.433,8.573,33112.0,27284288.0,8.18,8.29,8.1,8.24,True,贵广网络,False
2019-11-13,8.603,8.603,8.303,8.363,65114.0,52286541.99999999,8.27,8.27,7.97,8.03,True,贵广网络,False
2019-11-14,8.363,8.633,8.283,8.503,52744.0,43091848.0,8.03,8.3,7.95,8.17,True,贵广网络,False
2019-11-15,8.583,8.583,8.353,8.353,34306.0,27513412.0,8.25,8.25,8.02,8.02,True,贵广网络,False
2019-11-18,8.343,8.483,8.343,8.413,32455.0,26223640.0,8.01,8.15,8.01,8.08,True,贵广网络,False
2019-11-19,8.413,8.703,8.383,8.583,70617.0,58259025.0,8.08,8.37,8.05,8.25,True,贵广网络,False
2019-11-20,8.583,8.623,8.443,8.503,48259.0,39427603.0,8.25,8.29,8.11,8.17,True,贵广网络,False
2019-11-21,8.553,8.803,8.473,8.743,73866.0,62121306.0,8.22,8.47,8.14,8.41,True,贵广网络,False
2019-11-22,8.573,8.733,8.413,8.453,76220.0,61890639.99999999,8.24,8.4,8.08,8.12,True,贵广网络,False
2019-11-25,8.493,8.493,8.253,8.293,49932.0,39745872.0,8.16,8.16,7.92,7.96,True,贵广网络,False
2019-11-26,8.273,8.333,8.083,8.113,66586.0,51803908.0,7.94,8.0,7.75,7.78,True,贵广网络,False
2019-11-27,8.113,8.213,8.103,8.133,31042.0,24212760.0,7.78,7.88,7.77,7.8,True,贵广网络,False
2019-11-28,8.133,8.163,8.023,8.043,35829.0,27624159.0,7.8,7.83,7.69,7.71,True,贵广网络,False
2019-11-29,8.013,8.083,7.983,8.063,22930.0,17724890.0,7.68,7.75,7.65,7.73,True,贵广网络,False
2019-12-02,8.063,8.113,8.033,8.053,23107.0,17838604.0,7.73,7.78,7.7,7.72,True,贵广网络,False
2019-12-03,8.053,8.063,7.823,7.903,66282.0,50175474.0,7.72,7.73,7.49,7.57,True,贵广网络,False
2019-12-04,7.893,7.933,7.803,7.893,41909.0,31683204.0,7.56,7.6,7.47,7.56,True,贵广网络,False
2019-12-05,7.893,8.003,7.893,7.973,39791.0,30400324.0,7.56,7.67,7.56,7.64,True,贵广网络,False
2019-12-06,7.993,8.133,7.953,8.113,55100.0,42867800.0,7.66,7.8,7.62,7.78,True,贵广网络,False
2019-12-09,8.153,8.193,8.063,8.173,40893.0,32060112.0,7.82,7.86,7.73,7.84,True,贵广网络,False
2019-12-10,8.113,8.343,8.063,8.263,57247.0,45396871.0,7.78,8.01,7.73,7.93,True,贵广网络,False
2019-12-11,8.203,8.383,8.143,8.353,64053.0,51370506.0,7.87,8.05,7.81,8.02,True,贵广网络,False
2019-12-12,8.453,8.503,8.263,8.333,92346.0,73876800.0,8.12,8.17,7.93,8.0,True,贵广网络,False
2019-12-13,8.313,8.393,8.273,8.353,65495.0,52526990.0,7.98,8.06,7.94,8.02,True,贵广网络,False
2019-12-16,8.353,8.463,8.293,8.433,54303.0,43985430.0,8.02,8.13,7.96,8.1,True,贵广网络,False
2019-12-17,8.463,8.793,8.443,8.753,148097.0,124697674.0,8.13,8.46,8.11,8.42,True,贵广网络,False
2019-12-18,8.663,9.013,8.643,8.903,157975.0,135384575.0,8.33,8.68,8.31,8.57,True,贵广网络,False
2019-12-19,9.123,9.203,8.783,8.823,148727.0,126269223.0,8.79,8.87,8.45,8.49,True,贵广网络,False
2019-12-20,8.783,8.813,8.513,8.523,111520.0,91334880.0,8.45,8.48,8.18,8.19,True,贵广网络,False
2019-12-23,8.513,8.513,8.183,8.183,89905.0,70575425.0,8.18,8.18,7.85,7.85,True,贵广网络,False
2019-12-24,8.203,8.303,8.193,8.273,37640.0,29886160.0,7.87,7.97,7.86,7.94,True,贵广网络,False
2019-12-25,8.283,8.423,8.233,8.353,46684.0,37440568.0,7.95,8.09,7.9,8.02,True,贵广网络,False
2019-12-26,8.343,8.403,8.263,8.393,49530.0,39921180.0,8.01,8.07,7.93,8.06,True,贵广网络,False
2019-12-27,8.403,8.483,8.253,8.253,62981.0,49880952.0,8.07,8.15,7.92,7.92,True,贵广网络,False
2019-12-30,8.263,8.383,8.093,8.373,53350.0,42893399.99999999,7.93,8.05,7.76,8.04,True,贵广网络,False
2019-12-31,8.363,8.413,8.303,8.383,37537.0,30217285.000000004,8.03,8.08,7.97,8.05,True,贵广网络,False
2020-01-02,8.433,8.613,8.433,8.563,76553.0,63003119.0,8.1,8.28,8.1,8.23,True,贵广网络,False
2020-01-03,8.583,8.683,8.533,8.603,70628.0,58409356.0,8.25,8.35,8.2,8.27,True,贵广网络,False
2020-01-06,8.573,8.763,8.483,8.683,93841.0,78357235.0,8.24,8.43,8.15,8.35,True,贵广网络,False
2020-01-07,8.683,9.193,8.643,9.123,220479.0,193801041.0,8.35,8.86,8.31,8.79,True,贵广网络,False
2020-01-08,9.033,9.113,8.773,8.803,140915.0,119355005.0,8.7,8.78,8.44,8.47,True,贵广网络,False
2020-01-09,8.913,9.073,8.853,8.933,102142.0,87842120.0,8.58,8.74,8.52,8.6,True,贵广网络,False
2020-01-10,8.983,9.013,8.753,8.803,70043.0,59326421.00000001,8.65,8.68,8.42,8.47,True,贵广网络,False
2020-01-13,8.803,8.863,8.683,8.843,79139.0,67347289.0,8.47,8.53,8.35,8.51,True,贵广网络,False
2020-01-14,8.833,9.693,8.833,9.693,525610.0,491970960.0,8.5,9.36,8.5,9.36,True,贵广网络,False
2020-01-15,9.833,9.863,9.323,9.513,402249.0,369264582.0,9.5,9.53,8.99,9.18,True,贵广网络,False
2020-01-16,9.423,9.593,9.363,9.413,206032.0,187077056.0,9.09,9.26,9.03,9.08,True,贵广网络,False
2020-01-17,9.383,9.513,9.133,9.233,184129.0,163874810.0,9.05,9.18,8.8,8.9,True,贵广网络,False
2020-01-20,9.233,9.353,9.103,9.353,166019.0,149749138.0,8.9,9.02,8.77,9.02,True,贵广网络,False
2020-01-21,9.273,9.293,8.943,8.973,138695.0,119832480.0,8.94,8.96,8.61,8.64,True,贵广网络,False
2020-01-22,8.923,9.123,8.773,9.123,116166.0,102109914.0,8.59,8.79,8.44,8.79,True,贵广网络,False
2020-01-23,8.993,9.083,8.423,8.563,131841.0,108505143.0,8.66,8.75,8.09,8.23,True,贵广网络,False
2020-02-03,7.743,7.743,7.743,7.743,21117.0,15647697.0,7.41,7.41,7.41,7.41,True,贵广网络,False
2020-02-04,7.003,7.443,7.003,7.353,243610.0,171014220.0,6.67,7.11,6.67,7.02,True,贵广网络,False
2020-02-05,7.353,8.053,7.353,7.733,195482.0,144656680.0,7.02,7.72,7.02,7.4,True,贵广网络,False
2020-02-06,7.743,8.023,7.643,7.963,139872.0,106722336.0,7.41,7.69,7.31,7.63,True,贵广网络,False
2020-02-07,8.533,8.533,8.033,8.283,175064.0,139175880.0,8.2,8.2,7.7,7.95,True,贵广网络,False
2020-02-10,8.213,8.503,8.153,8.393,160348.0,129240488.0,7.88,8.17,7.82,8.06,True,贵广网络,False
2020-02-11,8.473,8.983,8.373,8.523,218804.0,179200476.0,8.14,8.65,8.04,8.19,True,贵广网络,False
2020-02-12,8.493,8.683,8.363,8.653,155875.0,129688000.0,8.16,8.35,8.03,8.32,True,贵广网络,False
2020-02-13,8.633,8.953,8.553,8.743,187358.0,157568078.0,8.3,8.62,8.22,8.41,True,贵广网络,False
2020-02-14,8.743,8.813,8.543,8.623,118753.0,98446237.0,8.41,8.48,8.21,8.29,True,贵广网络,False
2020-02-17,8.583,9.083,8.553,8.933,172150.0,148049000.0,8.25,8.75,8.22,8.6,True,贵广网络,False
2020-02-18,8.923,9.463,8.883,9.283,282122.0,252499190.0,8.59,9.13,8.55,8.95,True,贵广网络,False
2020-02-19,9.193,9.713,9.033,9.573,428945.0,396345180.0,8.86,9.38,8.7,9.24,True,贵广网络,False
2020-02-20,9.553,10.033,9.533,10.033,513984.0,498564480.0,9.22,9.7,9.2,9.7,True,贵广网络,False
2020-02-21,10.123,10.983,9.533,9.673,536768.0,501341312.0,9.79,10.65,9.2,9.34,True,贵广网络,False
2020-02-24,9.993,10.603,9.753,10.603,504692.0,518318684.0,9.66,10.27,9.42,10.27,True,贵广网络,False
2020-02-25,10.173,10.983,9.993,10.743,468542.0,487752222.0,9.84,10.65,9.66,10.41,True,贵广网络,False
2020-02-26,11.633,11.633,10.133,10.183,543806.0,535648910.0,11.3,11.3,9.8,9.85,True,贵广网络,False
2020-02-27,9.903,10.043,9.203,9.553,346037.0,319046114.0,9.57,9.71,8.87,9.22,True,贵广网络,False
2020-02-28,9.043,9.213,8.643,8.693,270035.0,225749260.0,8.71,8.88,8.31,8.36,True,贵广网络,False
2020-03-02,8.683,9.253,8.663,9.143,296842.0,261517802.0,8.35,8.92,8.33,8.81,True,贵广网络,False
2020-03-03,9.333,9.763,9.223,9.413,363430.0,329994440.0,9.0,9.43,8.89,9.08,True,贵广网络,False
2020-03-04,9.223,9.423,9.083,9.343,211830.0,190858830.0,8.89,9.09,8.75,9.01,True,贵广网络,False
2020-03-05,9.493,9.553,9.263,9.433,176593.0,160699630.0,9.16,9.22,8.93,9.1,True,贵广网络,False
2020-03-06,9.263,9.333,9.143,9.173,121315.0,107242460.0,8.93,9.0,8.81,8.84,True,贵广网络,False
2020-03-09,8.853,9.013,8.733,8.763,147583.0,124412469.0,8.52,8.68,8.4,8.43,True,贵广网络,False
2020-03-10,8.553,9.023,8.553,8.983,150825.0,130463625.0,8.22,8.69,8.22,8.65,True,贵广网络,False
2020-03-11,8.983,9.223,8.983,9.023,154851.0,134565519.0,8.65,8.89,8.65,8.69,True,贵广网络,False
2020-03-12,8.933,9.013,8.693,8.783,97145.0,82087525.0,8.6,8.68,8.36,8.45,True,贵广网络,False
2020-03-13,8.363,8.813,8.283,8.723,127760.0,107190640.0,8.03,8.48,7.95,8.39,True,贵广网络,False
2020-03-16,8.833,8.853,8.243,8.243,131311.0,103867001.0,8.5,8.52,7.91,7.91,True,贵广网络,False
2020-03-17,8.313,8.463,7.893,8.163,90199.0,70625817.0,7.98,8.13,7.56,7.83,True,贵广网络,False
2020-03-18,8.253,8.373,8.053,8.063,74665.0,57716045.0,7.92,8.04,7.72,7.73,True,贵广网络,False
2020-03-19,7.893,8.293,7.893,8.213,81598.0,64299224.0,7.56,7.96,7.56,7.88,True,贵广网络,False
2020-03-20,8.343,8.373,8.133,8.343,62295.0,49898295.0,8.01,8.04,7.8,8.01,True,贵广网络,False
2020-03-23,8.093,8.223,8.013,8.033,60360.0,46477200.0,7.76,7.89,7.68,7.7,True,贵广网络,False
2020-03-24,8.153,8.193,7.963,8.183,53524.0,42016340.0,7.82,7.86,7.63,7.85,True,贵广网络,False
2020-03-25,8.303,8.513,8.303,8.373,80306.0,64566023.99999999,7.97,8.18,7.97,8.04,True,贵广网络,False
2020-03-26,8.303,8.363,8.203,8.243,56039.0,44326849.0,7.97,8.03,7.87,7.91,True,贵广网络,False
2020-03-27,8.313,8.373,8.183,8.203,44494.0,35016778.0,7.98,8.04,7.85,7.87,True,贵广网络,False
2020-03-30,8.133,8.153,7.933,8.023,39912.0,30692328.0,7.8,7.82,7.6,7.69,True,贵广网络,False
2020-03-31,8.103,8.133,7.993,8.013,30851.0,23693568.0,7.77,7.8,7.66,7.68,True,贵广网络,False
2020-04-01,7.963,8.133,7.943,7.983,34330.0,26262450.0,7.63,7.8,7.61,7.65,True,贵广网络,False
2020-04-02,7.973,8.173,7.933,8.173,46849.0,36729616.0,7.64,7.84,7.6,7.84,True,贵广网络,False
2020-04-03,8.173,8.183,8.043,8.053,41014.0,31662808.0,7.84,7.85,7.71,7.72,True,贵广网络,False
2020-04-07,8.223,8.303,8.133,8.263,59671.0,47319103.0,7.89,7.97,7.8,7.93,True,贵广网络,False
2020-04-08,8.263,8.443,8.223,8.363,66857.0,53686170.99999999,7.93,8.11,7.89,8.03,True,贵广网络,False
2020-04-09,8.433,8.583,8.353,8.543,77546.0,63665266.00000001,8.1,8.25,8.02,8.21,True,贵广网络,False
2020-04-10,8.523,8.523,8.253,8.273,54772.0,43488968.0,8.19,8.19,7.92,7.94,True,贵广网络,False
2020-04-13,8.283,8.283,8.043,8.063,47918.0,37040614.0,7.95,7.95,7.71,7.73,True,贵广网络,False
2020-04-14,8.073,8.163,8.073,8.153,31973.0,25002886.0,7.74,7.83,7.74,7.82,True,贵广网络,False
2020-04-15,8.163,8.193,8.063,8.073,38775.0,30011850.0,7.83,7.86,7.73,7.74,True,贵广网络,False
2020-04-16,8.043,8.123,7.963,8.083,33502.0,25964050.0,7.71,7.79,7.63,7.75,True,贵广网络,False
2020-04-17,8.133,8.313,8.113,8.143,51726.0,40398006.0,7.8,7.98,7.78,7.81,True,贵广网络,False
2020-04-20,8.143,8.173,8.093,8.153,35834.0,28022188.0,7.81,7.84,7.76,7.82,True,贵广网络,False
2020-04-21,8.153,8.203,8.033,8.153,50228.0,39278296.0,7.82,7.87,7.7,7.82,True,贵广网络,False
2020-04-22,8.013,8.143,8.013,8.113,37013.0,28796114.0,7.68,7.81,7.68,7.78,True,贵广网络,False
2020-04-23,8.163,8.163,8.043,8.083,40445.0,31344875.0,7.83,7.83,7.71,7.75,True,贵广网络,False
2020-04-24,8.093,8.123,7.843,7.863,49556.0,37315668.0,7.76,7.79,7.51,7.53,True,贵广网络,False
2020-04-27,7.873,7.973,7.783,7.803,37382.0,27924354.0,7.54,7.64,7.45,7.47,True,贵广网络,False
2020-04-28,7.863,7.863,7.323,7.503,59126.0,42393342.0,7.53,7.53,6.99,7.17,True,贵广网络,False
2020-04-29,7.473,7.533,7.233,7.263,65024.0,45061632.0,7.14,7.2,6.9,6.93,True,贵广网络,False
2020-04-30,7.263,7.503,7.263,7.453,40795.0,29046040.0,6.93,7.17,6.93,7.12,True,贵广网络,False
2020-05-06,7.393,7.693,7.363,7.673,39692.0,29133928.0,7.06,7.36,7.03,7.34,True,贵广网络,False
2020-05-07,7.723,7.773,7.643,7.683,37573.0,27616155.0,7.39,7.44,7.31,7.35,True,贵广网络,False
2020-05-08,7.683,7.773,7.633,7.693,46024.0,33873664.0,7.35,7.44,7.3,7.36,True,贵广网络,False
2020-05-11,7.753,7.803,7.593,7.633,39010.0,28477300.0,7.42,7.47,7.26,7.3,True,贵广网络,False
2020-05-12,7.693,7.703,7.403,7.483,60006.0,42904290.0,7.36,7.37,7.07,7.15,True,贵广网络,False
2020-05-13,7.473,7.473,7.143,7.313,134611.0,93958478.0,7.14,7.14,6.81,6.98,True,贵广网络,False
2020-05-14,7.223,7.503,7.213,7.393,79801.0,56339506.0,6.89,7.17,6.88,7.06,True,贵广网络,False
2020-05-15,7.373,7.433,7.283,7.343,49968.0,35027568.0,7.04,7.1,6.95,7.01,True,贵广网络,False
2020-05-18,7.333,7.363,7.133,7.143,68952.0,46956312.0,7.0,7.03,6.8,6.81,True,贵广网络,False
2020-05-19,7.203,7.243,7.143,7.173,37125.0,25393500.0,6.87,6.91,6.81,6.84,True,贵广网络,False
2020-05-20,7.163,7.363,7.153,7.203,62856.0,43182072.0,6.83,7.03,6.82,6.87,True,贵广网络,False
2020-05-21,7.343,7.893,7.303,7.733,296500.0,219410000.0,7.01,7.56,6.97,7.4,True,贵广网络,False
2020-05-22,7.533,8.113,7.293,7.803,300487.0,224463789.0,7.2,7.78,6.96,7.47,True,贵广网络,False
2020-05-25,7.533,7.653,7.453,7.493,112246.0,80368136.0,7.2,7.32,7.12,7.16,True,贵广网络,False
2020-05-26,7.503,7.633,7.423,7.523,85304.0,61333576.0,7.17,7.3,7.09,7.19,True,贵广网络,False
2020-05-27,7.503,7.513,7.343,7.383,75440.0,53185200.0,7.17,7.18,7.01,7.05,True,贵广网络,False
2020-05-28,7.483,7.893,7.483,7.553,129645.0,93603690.0,7.15,7.56,7.15,7.22,True,贵广网络,False
2020-05-29,7.923,8.263,7.783,8.133,314935.0,245649300.0,7.59,7.93,7.45,7.8,True,贵广网络,False
2020-06-01,8.143,8.453,8.053,8.353,280728.0,225143856.0,7.81,8.12,7.72,8.02,True,贵广网络,False
2020-06-02,8.393,8.783,8.113,8.143,237202.0,185254762.0,8.06,8.45,7.78,7.81,True,贵广网络,False
2020-06-03,8.133,8.403,7.953,8.293,198281.0,157831676.0,7.8,8.07,7.62,7.96,True,贵广网络,False
2020-06-04,8.133,8.303,8.013,8.113,167553.0,130356234.0,7.8,7.97,7.68,7.78,True,贵广网络,False
2020-06-05,8.033,8.383,8.033,8.263,163596.0,129731628.0,7.7,8.05,7.7,7.93,True,贵广网络,False
2020-06-08,8.133,8.203,7.983,7.993,141423.0,108330018.0,7.8,7.87,7.65,7.66,True,贵广网络,False
2020-06-09,7.993,7.993,7.833,7.863,101891.0,76723923.0,7.66,7.66,7.5,7.53,True,贵广网络,False
2020-06-10,7.843,7.863,7.743,7.773,61041.0,45414504.0,7.51,7.53,7.41,7.44,True,贵广网络,False
2020-06-11,7.783,7.953,7.703,7.723,85764.0,63379596.0,7.45,7.62,7.37,7.39,True,贵广网络,False
2020-06-12,7.533,7.803,7.533,7.763,72092.0,53564356.0,7.2,7.47,7.2,7.43,True,贵广网络,False
2020-06-15,7.763,7.923,7.703,7.743,79568.0,58959888.0,7.43,7.59,7.37,7.41,True,贵广网络,False
2020-06-16,7.813,7.923,7.773,7.813,61542.0,46033416.0,7.48,7.59,7.44,7.48,True,贵广网络,False
2020-06-17,7.813,7.853,7.743,7.823,62566.0,46861934.0,7.48,7.52,7.41,7.49,True,贵广网络,False
2020-06-18,7.823,7.873,7.733,7.773,50815.0,37806360.0,7.49,7.54,7.4,7.44,True,贵广网络,False
2020-06-19,7.773,7.823,7.723,7.823,58412.0,43750588.0,7.44,7.49,7.39,7.49,True,贵广网络,False
2020-06-22,7.813,7.843,7.733,7.743,44460.0,32944860.0,7.48,7.51,7.4,7.41,True,贵广网络,False
2020-06-23,7.743,7.763,7.533,7.633,64497.0,47082810.0,7.41,7.43,7.2,7.3,True,贵广网络,False
2020-06-24,7.673,7.673,7.573,7.583,35967.0,26076075.0,7.34,7.34,7.24,7.25,True,贵广网络,False
2020-06-29,7.573,7.573,7.403,7.433,45436.0,32259560.0,7.24,7.24,7.07,7.1,True,贵广网络,False
2020-06-30,7.483,7.503,7.443,7.463,31872.0,22724736.0,7.15,7.17,7.11,7.13,True,贵广网络,False
2020-07-01,7.503,7.533,7.403,7.463,43033.0,30682529.0,7.17,7.2,7.07,7.13,True,贵广网络,False
2020-07-02,7.443,7.673,7.413,7.643,91734.0,67057554.0,7.11,7.34,7.08,7.31,True,贵广网络,False
2020-07-03,7.643,7.923,7.603,7.863,127463.0,95979639.0,7.31,7.59,7.27,7.53,True,贵广网络,False
2020-07-06,7.883,8.193,7.833,8.113,144994.0,112805332.0,7.55,7.86,7.5,7.78,True,贵广网络,False
2020-07-07,8.133,8.253,8.043,8.113,151179.0,117617262.0,7.8,7.92,7.71,7.78,True,贵广网络,False
2020-07-08,8.253,8.443,8.133,8.263,131912.0,104606216.0,7.92,8.11,7.8,7.93,True,贵广网络,False
2020-07-09,8.283,8.453,8.233,8.373,135204.0,108704016.0,7.95,8.12,7.9,8.04,True,贵广网络,False
2020-07-10,8.333,8.533,8.233,8.283,158598.0,126085410.0,8.0,8.2,7.9,7.95,True,贵广网络,False
2020-07-13,8.323,8.593,8.243,8.513,132044.0,108011992.0,7.99,8.26,7.91,8.18,True,贵广网络,False
2020-07-14,8.573,8.603,8.293,8.433,141596.0,114692760.0,8.24,8.27,7.96,8.1,True,贵广网络,False
2020-07-15,8.513,8.583,8.163,8.163,116774.0,91434042.0,8.18,8.25,7.83,7.83,True,贵广网络,False
2020-07-16,8.203,8.293,7.853,7.893,93490.0,70678440.0,7.87,7.96,7.52,7.56,True,贵广网络,False
2020-07-17,7.953,7.983,7.703,7.743,79257.0,57936867.0,7.52,7.55,7.27,7.31,True,贵广网络,False
2020-07-20,7.753,7.963,7.743,7.953,68472.0,51490944.0,7.32,7.53,7.31,7.52,True,贵广网络,False
2020-07-21,7.953,8.093,7.903,7.983,56470.0,42634850.0,7.52,7.66,7.47,7.55,True,贵广网络,False
2020-07-22,7.913,8.093,7.893,7.983,64287.0,48536685.0,7.48,7.66,7.46,7.55,True,贵广网络,False
2020-07-23,7.933,7.973,7.663,7.893,77306.0,57670276.0,7.5,7.54,7.23,7.46,True,贵广网络,False
2020-07-24,7.813,7.953,7.593,7.613,67387.0,48383866.0,7.38,7.52,7.16,7.18,True,贵广网络,False
2020-07-27,7.613,7.693,7.503,7.613,43042.0,30904156.0,7.18,7.26,7.07,7.18,True,贵广网络,False
2020-07-28,7.623,7.703,7.593,7.673,38438.0,27829112.0,7.19,7.27,7.16,7.24,True,贵广网络,False
2020-07-29,7.673,7.813,7.573,7.813,42793.0,31581234.0,7.24,7.38,7.14,7.38,True,贵广网络,False
2020-07-30,7.803,7.853,7.713,7.743,40295.0,29455645.0,7.37,7.42,7.28,7.31,True,贵广网络,False
2020-07-31,7.733,7.843,7.673,7.783,45430.0,33391050.0,7.3,7.41,7.24,7.35,True,贵广网络,False
2020-08-03,7.783,7.983,7.783,7.953,62189.0,46766128.0,7.35,7.55,7.35,7.52,True,贵广网络,False
2020-08-04,7.953,7.983,7.863,7.903,50254.0,37539738.0,7.52,7.55,7.43,7.47,True,贵广网络,False
2020-08-05,7.903,7.933,7.763,7.843,44837.0,33224217.0,7.47,7.5,7.33,7.41,True,贵广网络,False
2020-08-06,7.843,7.883,7.693,7.773,50910.0,37367940.0,7.41,7.45,7.26,7.34,True,贵广网络,False
2020-08-07,7.773,8.183,7.593,8.073,164600.0,125754400.0,7.34,7.75,7.16,7.64,True,贵广网络,False
2020-08-10,8.183,8.543,8.113,8.283,242748.0,190557180.0,7.75,8.11,7.68,7.85,True,贵广网络,False
2020-08-11,8.243,8.243,7.873,7.893,158298.0,118090308.0,7.81,7.81,7.44,7.46,True,贵广网络,False
2020-08-12,7.873,8.573,7.763,8.433,269994.0,215995200.0,7.44,8.14,7.33,8.0,True,贵广网络,False
2020-08-13,8.363,8.413,8.183,8.243,139200.0,108715200.0,7.93,7.98,7.75,7.81,True,贵广网络,False
2020-08-14,8.253,8.553,8.223,8.373,150169.0,119234186.0,7.82,8.12,7.79,7.94,True,贵广网络,False
2020-08-17,8.393,8.513,8.183,8.343,137575.0,108821825.0,7.96,8.08,7.75,7.91,True,贵广网络,False
2020-08-18,8.313,8.353,8.173,8.223,82971.0,64634409.0,7.88,7.92,7.74,7.79,True,贵广网络,False
2020-08-19,8.223,8.393,8.083,8.313,137497.0,108347636.0,7.79,7.96,7.65,7.88,True,贵广网络,False
2020-08-20,8.243,8.713,8.183,8.523,226513.0,183249017.0,7.81,8.28,7.75,8.09,True,贵广网络,False
2020-08-21,8.493,8.663,8.423,8.483,124232.0,100006760.0,8.06,8.23,7.99,8.05,True,贵广网络,False
2020-08-24,8.433,8.473,8.243,8.293,76665.0,60258690.0,8.0,8.04,7.81,7.86,True,贵广网络,False
2020-08-25,8.333,8.333,8.153,8.183,64331.0,49856525.0,7.9,7.9,7.72,7.75,True,贵广网络,False
2020-08-26,8.213,8.253,8.033,8.133,76748.0,59095960.0,7.78,7.82,7.6,7.7,True,贵广网络,False
2020-08-27,8.483,8.703,8.243,8.243,248816.0,194325296.0,8.05,8.27,7.81,7.81,True,贵广网络,False
2020-08-28,8.173,8.193,7.953,8.043,144364.0,109861004.0,7.74,7.76,7.52,7.61,True,贵广网络,False
2020-08-31,8.053,8.403,8.053,8.223,163883.0,127664857.0,7.62,7.97,7.62,7.79,True,贵广网络,False
2020-09-01,8.213,8.223,8.033,8.073,123166.0,94098824.0,7.78,7.79,7.6,7.64,True,贵广网络,False
2020-09-02,8.083,8.143,8.033,8.073,94429.0,72143756.0,7.65,7.71,7.6,7.64,True,贵广网络,False
2020-09-03,8.063,8.083,7.953,7.983,75974.0,57360370.0,7.63,7.65,7.52,7.55,True,贵广网络,False
2020-09-04,7.873,7.973,7.843,7.943,71389.0,53613139.0,7.44,7.54,7.41,7.51,True,贵广网络,False
2020-09-07,7.903,8.033,7.793,7.813,67545.0,49848210.0,7.47,7.6,7.36,7.38,True,贵广网络,False
2020-09-08,7.823,7.923,7.773,7.883,64286.0,47893070.0,7.39,7.49,7.34,7.45,True,贵广网络,False
2020-09-09,7.823,7.923,7.793,7.823,65481.0,48390459.0,7.39,7.49,7.36,7.39,True,贵广网络,False
2020-09-10,7.883,7.893,7.573,7.573,82528.0,58924992.0,7.45,7.46,7.14,7.14,True,贵广网络,False
2020-09-11,7.473,7.703,7.473,7.673,50981.0,36910244.0,7.04,7.27,7.04,7.24,True,贵广网络,False
2020-09-14,7.703,7.773,7.643,7.703,34314.0,24946278.0,7.27,7.34,7.21,7.27,True,贵广网络,False
2020-09-15,7.673,7.833,7.653,7.733,37315.0,27239950.0,7.24,7.4,7.22,7.3,True,贵广网络,False
2020-09-16,7.713,7.743,7.603,7.653,33744.0,24363168.0,7.28,7.31,7.17,7.22,True,贵广网络,False
2020-09-17,7.653,7.703,7.573,7.633,46056.0,33160320.0,7.22,7.27,7.14,7.2,True,贵广网络,False
2020-09-18,7.663,7.683,7.593,7.643,75098.0,54145658.0,7.23,7.25,7.16,7.21,True,贵广网络,False
2020-09-21,7.653,7.713,7.633,7.663,40225.0,29082675.0,7.22,7.28,7.2,7.23,True,贵广网络,False
2020-09-22,7.613,7.643,7.513,7.523,42982.0,30474238.0,7.18,7.21,7.08,7.09,True,贵广网络,False
2020-09-23,7.503,7.593,7.503,7.543,23709.0,16857099.0,7.07,7.16,7.07,7.11,True,贵广网络,False
2020-09-24,7.563,7.563,7.463,7.463,42991.0,30222673.0,7.13,7.13,7.03,7.03,True,贵广网络,False
2020-09-25,7.463,7.513,7.333,7.483,44247.0,31194135.0,7.03,7.08,6.9,7.05,True,贵广网络,False
2020-09-28,7.523,7.603,7.423,7.483,44788.0,31575540.0,7.09,7.17,6.99,7.05,True,贵广网络,False
2020-09-29,7.493,7.573,7.463,7.543,30254.0,21510594.0,7.06,7.14,7.03,7.11,True,贵广网络,False
2020-09-30,7.583,7.583,7.433,7.463,38462.0,27038786.0,7.15,7.15,7.0,7.03,True,贵广网络,False
2020-10-09,7.523,7.673,7.523,7.653,46772.0,33769384.0,7.09,7.24,7.09,7.22,True,贵广网络,False
2020-10-12,7.653,7.893,7.653,7.853,68192.0,50598464.0,7.22,7.46,7.22,7.42,True,贵广网络,False
2020-10-13,7.853,7.863,7.713,7.753,32602.0,23864664.0,7.42,7.43,7.28,7.32,True,贵广网络,False
2020-10-14,7.753,7.763,7.653,7.693,27862.0,20227812.0,7.32,7.33,7.22,7.26,True,贵广网络,False
2020-10-15,7.683,7.743,7.633,7.673,37821.0,27382404.0,7.25,7.31,7.2,7.24,True,贵广网络,False
2020-10-16,7.663,7.723,7.603,7.643,25435.0,18338635.0,7.23,7.29,7.17,7.21,True,贵广网络,False
2020-10-19,7.673,7.753,7.603,7.613,35363.0,25390634.0,7.24,7.32,7.17,7.18,True,贵广网络,False
2020-10-20,7.623,7.643,7.543,7.633,33334.0,24000480.0,7.19,7.21,7.11,7.2,True,贵广网络,False
2020-10-21,7.663,7.683,7.583,7.653,33904.0,24478688.0,7.23,7.25,7.15,7.22,True,贵广网络,False
2020-10-22,7.633,7.673,7.503,7.623,25883.0,18609877.0,7.2,7.24,7.07,7.19,True,贵广网络,False
2020-10-23,7.623,7.643,7.463,7.483,43266.0,30502530.0,7.19,7.21,7.03,7.05,True,贵广网络,False
2020-10-26,7.473,7.543,7.433,7.503,20380.0,14408660.0,7.04,7.11,7.0,7.07,True,贵广网络,False
2020-10-27,7.463,7.493,7.333,7.333,49404.0,34088760.0,7.03,7.06,6.9,6.9,True,贵广网络,False
2020-10-28,7.383,7.383,7.113,7.203,67059.0,45398943.0,6.95,6.95,6.68,6.77,True,贵广网络,False
2020-10-29,7.193,7.303,7.113,7.273,40562.0,27744408.0,6.76,6.87,6.68,6.84,True,贵广网络,False
2020-10-30,7.233,7.273,6.983,7.003,61112.0,40150584.0,6.8,6.84,6.55,6.57,True,贵广网络,False
2020-11-02,6.983,7.023,6.613,6.713,110196.0,69203088.0,6.55,6.59,6.18,6.28,True,贵广网络,False
2020-11-03,6.663,6.803,6.663,6.753,58754.0,37132528.0,6.23,6.37,6.23,6.32,True,贵广网络,False
2020-11-04,6.743,6.763,6.633,6.653,38108.0,23703176.0,6.31,6.33,6.2,6.22,True,贵广网络,False
2020-11-05,6.713,6.763,6.653,6.753,40753.0,25755896.0,6.28,6.33,6.22,6.32,True,贵广网络,False
2020-11-06,6.763,6.843,6.693,6.713,36618.0,22996104.0,6.33,6.41,6.26,6.28,True,贵广网络,False
2020-11-09,6.733,6.843,6.733,6.813,52285.0,33357830.0,6.3,6.41,6.3,6.38,True,贵广网络,False
2020-11-10,6.853,6.863,6.733,6.753,47702.0,30147664.0,6.42,6.43,6.3,6.32,True,贵广网络,False
2020-11-11,6.743,6.773,6.673,6.713,29004.0,18214512.0,6.31,6.34,6.24,6.28,True,贵广网络,False
2020-11-12,6.713,6.833,6.713,6.753,31900.0,20160800.0,6.28,6.4,6.28,6.32,True,贵广网络,False
2020-11-13,6.733,6.773,6.633,6.713,35809.0,22488052.0,6.3,6.34,6.2,6.28,True,贵广网络,False
2020-11-16,6.793,6.813,6.683,6.803,31887.0,20312019.0,6.36,6.38,6.25,6.37,True,贵广网络,False
2020-11-17,6.803,6.813,6.713,6.773,34304.0,21748736.0,6.37,6.38,6.28,6.34,True,贵广网络,False
2020-11-18,6.773,6.833,6.723,6.773,47171.0,29906414.0,6.34,6.4,6.29,6.34,True,贵广网络,False
2020-11-19,6.773,6.783,6.703,6.743,37605.0,23728755.0,6.34,6.35,6.27,6.31,True,贵广网络,False
2020-11-20,6.743,6.773,6.693,6.713,46257.0,29049396.0,6.31,6.34,6.26,6.28,True,贵广网络,False
2020-11-23,6.733,6.763,6.683,6.713,62648.0,39342944.0,6.3,6.33,6.25,6.28,True,贵广网络,False
2020-11-24,6.713,6.773,6.683,6.683,57338.0,35836250.0,6.28,6.34,6.25,6.25,True,贵广网络,False
2020-11-25,6.693,6.763,6.683,6.703,68082.0,42687414.0,6.26,6.33,6.25,6.27,True,贵广网络,False
2020-11-26,6.703,6.773,6.653,6.713,53101.0,33347428.0,6.27,6.34,6.22,6.28,True,贵广网络,False
2020-11-27,6.703,6.753,6.673,6.713,55173.0,34648644.0,6.27,6.32,6.24,6.28,True,贵广网络,False
2020-11-30,6.733,6.813,6.693,6.733,64920.0,40899600.0,6.3,6.38,6.26,6.3,True,贵广网络,False
2020-12-01,6.733,6.793,6.713,6.763,55178.0,34927674.0,6.3,6.36,6.28,6.33,True,贵广网络,False
2020-12-02,6.773,6.783,6.713,6.733,53864.0,33934320.0,6.34,6.35,6.28,6.3,True,贵广网络,False
2020-12-03,6.713,6.823,6.683,6.763,79674.0,50433642.0,6.28,6.39,6.25,6.33,True,贵广网络,False
2020-12-04,6.753,6.763,6.693,6.743,41876.0,26423756.0,6.32,6.33,6.26,6.31,True,贵广网络,False
2020-12-07,6.733,6.743,6.693,6.693,33279.0,20832654.0,6.3,6.31,6.26,6.26,True,贵广网络,False
2020-12-08,6.723,6.753,6.633,6.643,49513.0,30747573.0,6.29,6.32,6.2,6.21,True,贵广网络,False
2020-12-09,6.643,6.653,6.343,6.363,129236.0,76636948.0,6.21,6.22,5.91,5.93,True,贵广网络,False
2020-12-10,6.343,6.353,6.263,6.293,48549.0,28449714.0,5.91,5.92,5.83,5.86,True,贵广网络,False
2020-12-11,6.303,6.333,6.063,6.153,78216.0,44739552.0,5.87,5.9,5.63,5.72,True,贵广网络,False
2020-12-14,6.113,6.173,6.093,6.163,32715.0,18745695.0,5.68,5.74,5.66,5.73,True,贵广网络,False
2020-12-15,6.133,6.173,6.113,6.143,24559.0,14023189.0,5.7,5.74,5.68,5.71,True,贵广网络,False
2020-12-16,6.143,6.153,6.053,6.053,31650.0,17787300.0,5.71,5.72,5.62,5.62,True,贵广网络,False
2020-12-17,6.033,6.123,5.953,6.093,36467.0,20640322.0,5.6,5.69,5.52,5.66,True,贵广网络,False
2020-12-18,6.103,6.133,6.053,6.053,31018.0,17432116.0,5.67,5.7,5.62,5.62,True,贵广网络,False
2020-12-21,6.033,6.113,5.993,6.053,22619.0,12711878.0,5.6,5.68,5.56,5.62,True,贵广网络,False
2020-12-22,6.033,6.073,5.943,5.953,30557.0,16867464.0,5.6,5.64,5.51,5.52,True,贵广网络,False
2020-12-23,5.933,6.023,5.923,5.933,33308.0,18319400.0,5.5,5.59,5.49,5.5,True,贵广网络,False
2020-12-24,5.923,5.933,5.753,5.753,42111.0,22403052.0,5.49,5.5,5.32,5.32,True,贵广网络,False
2020-12-25,5.743,5.803,5.693,5.783,25726.0,13763410.0,5.31,5.37,5.26,5.35,True,贵广网络,False
2020-12-28,5.743,5.793,5.693,5.713,29231.0,15433968.0,5.31,5.36,5.26,5.28,True,贵广网络,False
2020-12-29,5.713,5.933,5.713,5.813,37766.0,20318108.0,5.28,5.5,5.28,5.38,True,贵广网络,False
2020-12-30,5.813,5.883,5.783,5.853,26557.0,14393894.0,5.38,5.45,5.35,5.42,True,贵广网络,False
2020-12-31,5.853,5.933,5.793,5.893,29547.0,16132662.0,5.42,5.5,5.36,5.46,True,贵广网络,False
2021-01-04,5.863,5.933,5.863,5.903,32647.0,17857909.0,5.43,5.5,5.43,5.47,True,贵广网络,False
2021-01-05,5.883,5.913,5.813,5.843,42775.0,23141275.0,5.45,5.48,5.38,5.41,True,贵广网络,False
2021-01-06,5.853,5.863,5.713,5.723,43603.0,23065987.0,5.42,5.43,5.28,5.29,True,贵广网络,False
2021-01-07,5.733,5.733,5.443,5.493,69809.0,35323354.0,5.3,5.3,5.01,5.06,True,贵广网络,False
2021-01-08,5.493,5.633,5.423,5.583,46133.0,23758495.0,5.06,5.2,4.99,5.15,True,贵广网络,False
2021-01-11,5.573,5.683,5.523,5.573,55257.0,28402098.0,5.14,5.25,5.09,5.14,True,贵广网络,False
2021-01-12,5.563,5.613,5.503,5.553,29183.0,14941696.0,5.13,5.18,5.07,5.12,True,贵广网络,False
2021-01-13,5.533,5.543,5.383,5.463,47803.0,24044909.0,5.1,5.11,4.95,5.03,True,贵广网络,False
2021-01-14,5.443,5.643,5.423,5.583,48931.0,25199465.0,5.01,5.21,4.99,5.15,True,贵广网络,False
2021-01-15,5.583,5.703,5.553,5.633,42839.0,22276280.0,5.15,5.27,5.12,5.2,True,贵广网络,False
2021-01-18,5.603,5.713,5.603,5.623,41731.0,21658389.0,5.17,5.28,5.17,5.19,True,贵广网络,False
2021-01-19,5.623,5.773,5.573,5.713,72023.0,38028144.0,5.19,5.34,5.14,5.28,True,贵广网络,False
2021-01-20,5.733,5.753,5.573,5.603,59985.0,31012245.0,5.3,5.32,5.14,5.17,True,贵广网络,False
2021-01-21,5.623,5.693,5.563,5.593,47976.0,24755616.0,5.19,5.26,5.13,5.16,True,贵广网络,False
2021-01-22,5.593,5.603,5.493,5.523,38195.0,19441255.0,5.16,5.17,5.06,5.09,True,贵广网络,False
2021-01-25,5.513,5.513,5.403,5.453,37517.0,18833534.0,5.08,5.08,4.97,5.02,True,贵广网络,False
2021-01-26,5.433,5.563,5.413,5.443,32692.0,16378692.0,5.0,5.13,4.98,5.01,True,贵广网络,False
2021-01-27,5.463,5.563,5.453,5.473,44066.0,22209264.0,5.03,5.13,5.02,5.04,True,贵广网络,False
2021-01-28,5.473,5.603,5.423,5.533,58505.0,29837550.0,5.04,5.17,4.99,5.1,True,贵广网络,False
2021-01-29,5.523,5.583,5.313,5.363,61241.0,30191813.0,5.09,5.15,4.88,4.93,True,贵广网络,False
2021-02-01,5.353,5.403,5.203,5.233,55801.0,26784480.0,4.92,4.97,4.77,4.8,True,贵广网络,False
2021-02-02,5.243,5.313,5.183,5.243,37025.0,17809025.0,4.81,4.88,4.75,4.81,True,贵广网络,False
2021-02-03,5.273,5.273,5.133,5.153,37203.0,17559816.0,4.84,4.84,4.7,4.72,True,贵广网络,False
2021-02-04,5.123,5.153,4.943,5.003,50214.0,22947798.0,4.69,4.72,4.51,4.57,True,贵广网络,False
2021-02-05,5.013,5.113,4.933,4.953,33825.0,15288899.999999998,4.58,4.68,4.5,4.52,True,贵广网络,False
2021-02-08,5.003,5.003,4.823,4.933,38203.0,17191350.0,4.57,4.57,4.39,4.5,True,贵广网络,False
2021-02-09,4.943,5.013,4.923,4.993,28523.0,13006487.999999998,4.51,4.58,4.49,4.56,True,贵广网络,False
2021-02-10,5.003,5.083,4.993,5.053,24216.0,11187792.0,4.57,4.65,4.56,4.62,True,贵广网络,False
2021-02-18,5.103,5.223,5.103,5.173,40542.0,19216908.0,4.67,4.79,4.67,4.74,True,贵广网络,False
2021-02-19,5.163,5.373,5.163,5.353,55046.0,27082632.0,4.73,4.94,4.73,4.92,True,贵广网络,False
2021-02-22,5.373,5.583,5.373,5.463,80984.0,40734952.0,4.94,5.15,4.94,5.03,True,贵广网络,False
2021-02-23,5.473,5.503,5.343,5.363,46511.0,22929923.0,5.04,5.07,4.91,4.93,True,贵广网络,False
2021-02-24,5.353,5.463,5.333,5.413,32105.0,15988290.000000002,4.92,5.03,4.9,4.98,True,贵广网络,False
2021-02-25,5.483,5.503,5.353,5.353,30290.0,14902680.0,5.05,5.07,4.92,4.92,True,贵广网络,False
2021-02-26,5.333,5.403,5.313,5.373,29472.0,14559168.000000002,4.9,4.97,4.88,4.94,True,贵广网络,False
2021-03-01,5.373,5.473,5.373,5.443,26095.0,13073595.0,4.94,5.04,4.94,5.01,True,贵广网络,False
2021-03-02,5.453,5.473,5.353,5.393,25314.0,12555744.0,5.02,5.04,4.92,4.96,True,贵广网络,False
2021-03-03,5.383,5.563,5.353,5.463,74280.0,37362840.0,4.95,5.13,4.92,5.03,True,贵广网络,False
2021-03-04,5.413,5.513,5.403,5.453,47403.0,23796306.0,4.98,5.08,4.97,5.02,True,贵广网络,False
2021-03-05,5.473,5.573,5.443,5.553,54233.0,27767296.0,5.04,5.14,5.01,5.12,True,贵广网络,False
2021-03-08,5.553,5.603,5.473,5.473,49273.0,24833592.0,5.12,5.17,5.04,5.04,True,贵广网络,False
2021-03-09,5.463,5.533,5.333,5.413,54131.0,26957238.000000004,5.03,5.1,4.9,4.98,True,贵广网络,False
2021-03-10,5.443,5.463,5.343,5.363,43088.0,21242384.0,5.01,5.03,4.91,4.93,True,贵广网络,False
2021-03-11,5.343,5.393,5.263,5.383,39154.0,19381230.0,4.91,4.96,4.83,4.95,True,贵广网络,False
2021-03-12,5.373,5.463,5.323,5.453,36047.0,18095594.0,4.94,5.03,4.89,5.02,True,贵广网络,False
2021-03-15,5.423,5.493,5.413,5.463,24534.0,12340602.0,4.99,5.06,4.98,5.03,True,贵广网络,False
2021-03-16,5.453,5.553,5.453,5.553,34066.0,17441792.0,5.02,5.12,5.02,5.12,True,贵广网络,False
2021-03-17,5.563,5.633,5.503,5.553,43041.0,22036992.0,5.13,5.2,5.07,5.12,True,贵广网络,False
2021-03-18,5.533,5.553,5.463,5.463,34452.0,17329356.0,5.1,5.12,5.03,5.03,True,贵广网络,False
2021-03-19,5.453,5.523,5.433,5.463,24022.0,12083066.0,5.02,5.09,5.0,5.03,True,贵广网络,False
2021-03-22,5.473,5.533,5.453,5.523,24090.0,12261810.0,5.04,5.1,5.02,5.09,True,贵广网络,False
2021-03-23,5.523,5.543,5.483,5.513,18601.0,9449308.0,5.09,5.11,5.05,5.08,True,贵广网络,False
2021-03-24,5.493,5.553,5.453,5.523,34355.0,17486695.0,5.06,5.12,5.02,5.09,True,贵广网络,False
2021-03-25,5.533,5.563,5.473,5.553,37568.0,19234816.0,5.1,5.13,5.04,5.12,True,贵广网络,False
2021-03-26,5.573,5.573,5.483,5.503,40738.0,20654166.0,5.14,5.14,5.05,5.07,True,贵广网络,False
2021-03-29,5.483,5.523,5.433,5.443,32866.0,16465866.0,5.05,5.09,5.0,5.01,True,贵广网络,False
2021-03-30,5.443,5.443,5.333,5.343,33529.0,16462739.0,5.01,5.01,4.9,4.91,True,贵广网络,False
2021-03-31,5.323,5.393,5.303,5.383,23677.0,11720115.0,4.89,4.96,4.87,4.95,True,贵广网络,False
2021-04-01,5.403,5.403,5.343,5.353,16576.0,8155392.0,4.97,4.97,4.91,4.92,True,贵广网络,False
2021-04-02,5.373,5.383,5.333,5.363,16283.0,8027519.0,4.94,4.95,4.9,4.93,True,贵广网络,False
2021-04-06,5.363,5.413,5.343,5.403,17693.0,8793421.0,4.93,4.98,4.91,4.97,True,贵广网络,False
2021-04-07,5.373,5.453,5.373,5.453,29044.0,14580087.999999998,4.94,5.02,4.94,5.02,True,贵广网络,False
2021-04-08,5.453,5.453,5.353,5.363,26949.0,13285857.0,5.02,5.02,4.92,4.93,True,贵广网络,False
2021-04-09,5.363,5.383,5.313,5.333,26264.0,12869360.000000002,4.93,4.95,4.88,4.9,True,贵广网络,False
2021-04-12,5.343,5.373,5.313,5.323,18522.0,9057258.0,4.91,4.94,4.88,4.89,True,贵广网络,False
2021-04-13,5.323,5.353,5.283,5.313,28504.0,13909952.0,4.89,4.92,4.85,4.88,True,贵广网络,False
2021-04-14,5.303,5.383,5.263,5.383,31920.0,15800400.0,4.87,4.95,4.83,4.95,True,贵广网络,False
2021-04-15,5.293,5.383,5.243,5.333,36723.0,17994270.0,4.86,4.95,4.81,4.9,True,贵广网络,False
2021-04-16,5.333,5.503,5.303,5.503,84491.0,42836937.0,4.9,5.07,4.87,5.07,True,贵广网络,False
2021-04-19,5.503,5.533,5.463,5.473,51557.0,25984728.0,5.07,5.1,5.03,5.04,True,贵广网络,False
2021-04-20,5.463,5.533,5.453,5.483,40415.0,20409575.0,5.03,5.1,5.02,5.05,True,贵广网络,False
2021-04-21,5.463,5.503,5.413,5.433,37560.0,18780000.0,5.03,5.07,4.98,5.0,True,贵广网络,False
2021-04-22,5.433,5.463,5.433,5.453,23984.0,12039967.999999998,5.0,5.03,5.0,5.02,True,贵广网络,False
2021-04-23,5.463,5.463,5.333,5.333,37571.0,18409790.0,5.03,5.03,4.9,4.9,True,贵广网络,False
2021-04-26,5.313,5.353,5.283,5.293,30902.0,15018372.000000002,4.88,4.92,4.85,4.86,True,贵广网络,False
2021-04-27,5.283,5.293,5.183,5.203,26156.0,12476411.999999998,4.85,4.86,4.75,4.77,True,贵广网络,False
2021-04-28,5.203,5.203,5.133,5.143,30607.0,14415897.0,4.77,4.77,4.7,4.71,True,贵广网络,False
2021-04-29,4.953,5.053,4.943,4.953,59070.0,26699640.0,4.52,4.62,4.51,4.52,True,贵广网络,False
2021-04-30,4.943,4.983,4.853,4.863,42172.0,18682196.0,4.51,4.55,4.42,4.43,True,贵广网络,False
2021-05-06,4.873,4.973,4.853,4.903,38291.0,17116077.0,4.44,4.54,4.42,4.47,True,贵广网络,False
2021-05-07,4.913,4.973,4.883,4.943,39019.0,17597569.0,4.48,4.54,4.45,4.51,True,贵广网络,False
2021-05-10,4.963,4.993,4.913,4.943,43070.0,19424570.0,4.53,4.56,4.48,4.51,True,贵广网络,False
2021-05-11,4.943,5.013,4.933,4.983,29638.0,13485290.0,4.51,4.58,4.5,4.55,True,贵广网络,False
2021-05-12,4.973,5.053,4.953,5.043,43134.0,19884774.0,4.54,4.62,4.52,4.61,True,贵广网络,False
2021-05-13,5.013,5.083,4.943,4.963,38584.0,17478552.0,4.58,4.65,4.51,4.53,True,贵广网络,False
2021-05-14,4.953,5.023,4.943,5.003,31339.0,14321923.0,4.52,4.59,4.51,4.57,True,贵广网络,False
2021-05-17,5.013,5.033,4.943,4.953,37208.0,16818016.0,4.58,4.6,4.51,4.52,True,贵广网络,False
2021-05-18,4.953,5.113,4.943,5.073,55398.0,25704672.0,4.52,4.68,4.51,4.64,True,贵广网络,False
2021-05-19,5.073,5.223,4.993,5.163,82525.0,39034325.0,4.64,4.79,4.56,4.73,True,贵广网络,False
2021-05-20,5.103,5.193,5.063,5.083,57476.0,26726340.000000004,4.67,4.76,4.63,4.65,True,贵广网络,False
2021-05-21,5.073,5.143,5.033,5.033,40335.0,18554100.0,4.64,4.71,4.6,4.6,True,贵广网络,False
2021-05-24,5.023,5.113,5.023,5.073,28161.0,13066704.0,4.59,4.68,4.59,4.64,True,贵广网络,False
2021-05-25,5.063,5.313,5.033,5.233,79125.0,37980000.0,4.63,4.88,4.6,4.8,True,贵广网络,False
2021-05-26,5.173,5.203,5.123,5.143,57072.0,26880912.0,4.74,4.77,4.69,4.71,True,贵广网络,False
2021-05-27,5.153,5.193,5.123,5.173,51987.0,24641838.0,4.72,4.76,4.69,4.74,True,贵广网络,False
2021-05-28,5.133,5.143,5.033,5.053,59803.0,27628986.0,4.7,4.71,4.6,4.62,True,贵广网络,False
2021-05-31,5.023,5.043,4.963,4.973,45374.0,20599796.0,4.59,4.61,4.53,4.54,True,贵广网络,False
2021-06-01,4.973,5.013,4.953,5.003,27026.0,12350882.0,4.54,4.58,4.52,4.57,True,贵广网络,False
2021-06-02,4.993,5.013,4.943,4.953,34908.0,15778415.999999998,4.56,4.58,4.51,4.52,True,贵广网络,False
2021-06-03,4.973,5.013,4.943,4.973,28211.0,12807794.0,4.54,4.58,4.51,4.54,True,贵广网络,False
2021-06-04,4.973,4.983,4.933,4.943,31256.0,14096456.0,4.54,4.55,4.5,4.51,True,贵广网络,False
2021-06-07,4.963,4.993,4.943,4.963,28736.0,13017408.0,4.53,4.56,4.51,4.53,True,贵广网络,False
2021-06-08,4.973,5.053,4.943,5.003,44022.0,20118054.0,4.54,4.62,4.51,4.57,True,贵广网络,False
2021-06-09,5.013,5.013,4.973,5.003,30832.0,14090224.0,4.58,4.58,4.54,4.57,True,贵广网络,False
2021-06-10,5.003,5.123,5.003,5.093,64160.0,29898560.0,4.57,4.69,4.57,4.66,True,贵广网络,False
2021-06-11,5.093,5.233,4.983,5.073,118529.0,54997455.99999999,4.66,4.8,4.55,4.64,True,贵广网络,False
2021-06-15,5.073,5.113,4.913,4.943,92154.0,41561454.0,4.64,4.68,4.48,4.51,True,贵广网络,False
2021-06-16,4.893,4.943,4.843,4.893,55224.0,24629904.0,4.46,4.51,4.41,4.46,True,贵广网络,False
2021-06-17,4.863,4.893,4.833,4.853,37399.0,16530358.0,4.43,4.46,4.4,4.42,True,贵广网络,False
2021-06-18,4.863,4.863,4.793,4.813,51301.0,22469838.0,4.43,4.43,4.36,4.38,True,贵广网络,False
2021-06-21,4.793,4.853,4.763,4.833,32002.0,14080880.000000002,4.36,4.42,4.33,4.4,True,贵广网络,False
2021-06-22,4.833,5.273,4.813,5.273,180933.0,87571572.0,4.4,4.84,4.38,4.84,True,贵广网络,False
2021-06-23,5.633,5.753,5.563,5.753,189902.0,101027864.0,5.2,5.32,5.13,5.32,True,贵广网络,False
2021-06-24,5.783,5.873,5.333,5.433,422207.0,211103500.0,5.35,5.44,4.9,5.0,True,贵广网络,False
2021-06-25,5.433,5.933,5.343,5.933,364179.0,200298450.0,5.0,5.5,4.91,5.5,True,贵广网络,False
2021-06-28,6.003,6.413,5.873,6.043,643433.0,360965913.0,5.57,5.98,5.44,5.61,True,贵广网络,False
2021-06-29,5.813,5.983,5.613,5.663,335446.0,175438258.0,5.38,5.55,5.18,5.23,True,贵广网络,False
2021-06-30,5.693,5.783,5.543,5.603,191120.0,98809040.0,5.26,5.35,5.11,5.17,True,贵广网络,False
2021-07-01,5.583,5.703,5.493,5.503,156486.0,79338402.0,5.15,5.27,5.06,5.07,True,贵广网络,False
2021-07-02,5.433,5.583,5.433,5.483,109810.0,55454050.0,5.0,5.15,5.0,5.05,True,贵广网络,False
2021-07-05,5.463,5.783,5.413,5.603,160305.0,82877685.0,5.03,5.35,4.98,5.17,True,贵广网络,False
2021-07-06,5.623,5.853,5.623,5.703,154386.0,81361422.0,5.19,5.42,5.19,5.27,True,贵广网络,False
2021-07-07,5.623,5.763,5.523,5.643,137417.0,71594257.0,5.19,5.33,5.09,5.21,True,贵广网络,False
2021-07-08,5.603,5.703,5.513,5.533,104737.0,53415870.0,5.17,5.27,5.08,5.1,True,贵广网络,False
2021-07-09,5.573,5.583,5.483,5.503,78484.0,39791388.0,5.14,5.15,5.05,5.07,True,贵广网络,False
2021-07-12,5.513,5.803,5.483,5.693,152852.0,80400152.0,5.08,5.37,5.05,5.26,True,贵广网络,False
2021-07-13,5.683,5.773,5.633,5.733,91757.0,48631210.0,5.25,5.34,5.2,5.3,True,贵广网络,False
2021-07-14,5.683,5.733,5.513,5.533,103533.0,52801830.0,5.25,5.3,5.08,5.1,True,贵广网络,False
2021-07-15,5.533,5.573,5.453,5.513,59195.0,30071060.0,5.1,5.14,5.02,5.08,True,贵广网络,False
2021-07-16,5.493,5.523,5.443,5.483,46092.0,23276460.0,5.06,5.09,5.01,5.05,True,贵广网络,False
2021-07-19,5.343,5.353,5.113,5.123,141093.0,66172617.00000001,4.91,4.92,4.68,4.69,True,贵广网络,False
2021-07-20,5.043,5.223,5.043,5.183,50065.0,23780875.0,4.61,4.79,4.61,4.75,True,贵广网络,False
2021-07-21,5.153,5.243,5.123,5.193,51294.0,24415944.0,4.72,4.81,4.69,4.76,True,贵广网络,False
2021-07-22,5.183,5.243,5.123,5.193,46916.0,22332016.0,4.75,4.81,4.69,4.76,True,贵广网络,False
2021-07-23,5.193,5.563,5.193,5.373,102034.0,50404796.00000001,4.76,5.13,4.76,4.94,True,贵广网络,False
2021-07-26,5.233,5.393,5.193,5.263,60599.0,29269317.0,4.8,4.96,4.76,4.83,True,贵广网络,False
2021-07-27,5.293,5.333,5.083,5.093,64417.0,30018322.0,4.86,4.9,4.65,4.66,True,贵广网络,False
2021-07-28,5.083,5.093,4.843,4.913,67474.0,30228352.000000004,4.65,4.66,4.41,4.48,True,贵广网络,False
2021-07-29,4.983,5.023,4.923,4.963,43294.0,19612182.0,4.55,4.59,4.49,4.53,True,贵广网络,False
2021-07-30,4.913,5.003,4.903,4.973,38455.0,17458570.0,4.48,4.57,4.47,4.54,True,贵广网络,False
2021-08-02,4.953,5.053,4.873,5.023,49583.0,22758597.0,4.52,4.62,4.44,4.59,True,贵广网络,False
2021-08-03,4.983,5.123,4.983,5.003,48973.0,22380661.0,4.55,4.69,4.55,4.57,True,贵广网络,False
2021-08-04,4.983,5.033,4.933,4.953,51632.0,23337664.0,4.55,4.6,4.5,4.52,True,贵广网络,False
2021-08-05,4.953,4.953,4.863,4.893,42606.0,19002276.0,4.52,4.52,4.43,4.46,True,贵广网络,False
2021-08-06,4.893,5.043,4.823,5.043,71588.0,33002068.000000004,4.46,4.61,4.39,4.61,True,贵广网络,False
2021-08-09,5.033,5.073,4.983,5.023,39884.0,18306756.0,4.6,4.64,4.55,4.59,True,贵广网络,False
2021-08-10,5.013,5.073,4.993,5.053,34531.0,15953322.0,4.58,4.64,4.56,4.62,True,贵广网络,False
2021-08-11,5.033,5.123,5.023,5.053,36414.0,16823268.0,4.6,4.69,4.59,4.62,True,贵广网络,False
2021-08-12,5.073,5.103,5.013,5.043,30554.0,14085394.000000002,4.64,4.67,4.58,4.61,True,贵广网络,False
2021-08-13,5.063,5.083,4.983,5.013,32418.0,14847444.0,4.63,4.65,4.55,4.58,True,贵广网络,False
2021-08-16,4.993,5.043,4.963,5.023,31159.0,14301981.0,4.56,4.61,4.53,4.59,True,贵广网络,False
2021-08-17,5.083,5.233,5.003,5.023,86609.0,39753531.0,4.65,4.8,4.57,4.59,True,贵广网络,False
2021-08-18,4.993,5.053,4.913,5.053,50241.0,23211342.0,4.56,4.62,4.48,4.62,True,贵广网络,False
2021-08-19,5.013,5.103,5.013,5.053,35820.0,16548840.0,4.58,4.67,4.58,4.62,True,贵广网络,False
2021-08-20,5.083,5.103,5.013,5.023,31593.0,14501187.0,4.65,4.67,4.58,4.59,True,贵广网络,False
2021-08-23,5.023,5.053,4.993,5.023,44059.0,20223081.0,4.59,4.62,4.56,4.59,True,贵广网络,False
2021-08-24,5.043,5.043,4.983,5.003,33520.0,15318640.000000002,4.61,4.61,4.55,4.57,True,贵广网络,False
2021-08-25,5.003,5.063,4.983,5.023,52568.0,24128712.0,4.57,4.63,4.55,4.59,True,贵广网络,False
2021-08-26,5.013,5.043,4.993,5.013,34172.0,15650776.0,4.58,4.61,4.56,4.58,True,贵广网络,False
2021-08-27,5.013,5.023,4.963,4.963,39429.0,17861337.0,4.58,4.59,4.53,4.53,True,贵广网络,False
2021-08-30,4.823,4.953,4.803,4.883,60236.0,26805020.0,4.39,4.52,4.37,4.45,True,贵广网络,False
2021-08-31,4.883,5.183,4.883,5.073,97101.0,45054864.0,4.45,4.75,4.45,4.64,True,贵广网络,False
2021-09-01,5.073,5.243,5.043,5.123,85207.0,39962083.0,4.64,4.81,4.61,4.69,True,贵广网络,False
2021-09-02,5.123,5.183,5.033,5.163,50386.0,23832578.000000004,4.69,4.75,4.6,4.73,True,贵广网络,False
2021-09-03,5.183,5.343,5.143,5.273,87028.0,42121552.0,4.75,4.91,4.71,4.84,True,贵广网络,False
2021-09-06,5.333,5.333,5.243,5.253,54300.0,26172600.0,4.9,4.9,4.81,4.82,True,贵广网络,False
2021-09-07,5.243,5.293,5.233,5.273,60382.0,29224888.0,4.81,4.86,4.8,4.84,True,贵广网络,False
2021-09-08,5.273,5.453,5.263,5.423,87827.0,43825673.0,4.84,5.02,4.83,4.99,True,贵广网络,False
2021-09-09,5.433,5.573,5.343,5.483,86912.0,43890560.0,5.0,5.14,4.91,5.05,True,贵广网络,False
2021-09-10,5.503,5.593,5.443,5.483,75282.0,38017410.0,5.07,5.16,5.01,5.05,True,贵广网络,False
2021-09-13,5.453,5.453,5.313,5.403,83331.0,41415507.0,5.02,5.02,4.88,4.97,True,贵广网络,False
2021-09-14,5.403,5.483,5.243,5.263,83623.0,40389909.0,4.97,5.05,4.81,4.83,True,贵广网络,False
2021-09-15,5.283,5.523,5.253,5.433,88888.0,44444000.0,4.85,5.09,4.82,5.0,True,贵广网络,False
2021-09-16,5.463,5.483,5.253,5.263,80773.0,39013359.0,5.03,5.05,4.82,4.83,True,贵广网络,False
2021-09-17,5.263,5.333,5.113,5.163,60675.0,28699275.000000004,4.83,4.9,4.68,4.73,True,贵广网络,False
2021-09-22,5.133,5.163,5.083,5.123,31829.0,14927801.000000002,4.7,4.73,4.65,4.69,True,贵广网络,False
2021-09-23,5.113,5.283,5.093,5.263,51827.0,25032441.0,4.68,4.85,4.66,4.83,True,贵广网络,False
2021-09-24,5.223,5.293,5.133,5.153,44086.0,20808592.0,4.79,4.86,4.7,4.72,True,贵广网络,False
2021-09-27,5.133,5.163,4.933,5.013,64048.0,29333984.0,4.7,4.73,4.5,4.58,True,贵广网络,False
2021-09-28,5.013,5.113,4.973,5.083,38006.0,17672790.0,4.58,4.68,4.54,4.65,True,贵广网络,False
2021-09-29,5.023,5.093,4.993,5.003,36872.0,16850504.0,4.59,4.66,4.56,4.57,True,贵广网络,False
2021-09-30,5.053,5.163,5.003,5.153,35857.0,16924504.0,4.62,4.73,4.57,4.72,True,贵广网络,False
2021-10-08,5.153,5.193,5.123,5.173,27315.0,12947310.0,4.72,4.76,4.69,4.74,True,贵广网络,False
2021-10-11,5.193,5.203,5.123,5.173,27446.0,13009404.0,4.76,4.77,4.69,4.74,True,贵广网络,False
2021-10-12,5.173,5.173,5.073,5.083,28569.0,13284585.000000002,4.74,4.74,4.64,4.65,True,贵广网络,False
2021-10-13,5.093,5.113,5.033,5.053,24587.0,11359194.0,4.66,4.68,4.6,4.62,True,贵广网络,False
2021-10-14,5.043,5.073,4.973,5.053,26152.0,12082224.0,4.61,4.64,4.54,4.62,True,贵广网络,False
2021-10-15,5.053,5.063,4.963,4.973,29481.0,13384374.0,4.62,4.63,4.53,4.54,True,贵广网络,False
2021-10-18,4.983,5.013,4.933,5.003,29782.0,13610374.0,4.55,4.58,4.5,4.57,True,贵广网络,False
2021-10-19,4.973,5.013,4.923,4.923,31071.0,13950879.0,4.54,4.58,4.49,4.49,True,贵广网络,False
2021-10-20,4.933,4.963,4.863,4.903,29096.0,13005912.0,4.5,4.53,4.43,4.47,True,贵广网络,False
2021-10-21,4.903,4.923,4.853,4.883,17380.0,7734100.0,4.47,4.49,4.42,4.45,True,贵广网络,False
2021-10-22,4.883,5.003,4.833,4.953,35085.0,15858419.999999998,4.45,4.57,4.4,4.52,True,贵广网络,False
2021-10-25,4.933,4.953,4.843,4.863,35657.0,15796050.999999998,4.5,4.52,4.41,4.43,True,贵广网络,False
2021-10-26,4.873,4.913,4.853,4.873,22751.0,10101444.0,4.44,4.48,4.42,4.44,True,贵广网络,False
2021-10-27,4.863,4.873,4.763,4.773,36414.0,15803676.0,4.43,4.44,4.33,4.34,True,贵广网络,False
2021-10-28,4.783,4.793,4.703,4.733,26826.0,11535180.0,4.35,4.36,4.27,4.3,True,贵广网络,False
2021-10-29,4.743,4.823,4.563,4.813,51798.0,22687524.0,4.31,4.39,4.13,4.38,True,贵广网络,False
2021-11-01,4.783,4.793,4.713,4.783,32801.0,14268434.999999998,4.35,4.36,4.28,4.35,True,贵广网络,False
2021-11-02,4.783,4.813,4.653,4.653,32190.0,13584180.0,4.35,4.38,4.22,4.22,True,贵广网络,False
2021-11-03,4.653,4.693,4.633,4.673,17741.0,7522184.0,4.22,4.26,4.2,4.24,True,贵广网络,False
2021-11-04,4.683,4.703,4.653,4.683,16925.0,7193125.0,4.25,4.27,4.22,4.25,True,贵广网络,False
2021-11-05,4.683,4.803,4.663,4.763,26385.0,11424705.0,4.25,4.37,4.23,4.33,True,贵广网络,False
2021-11-08,4.743,4.823,4.743,4.813,19116.0,8372808.0,4.31,4.39,4.31,4.38,True,贵广网络,False
2021-11-09,4.803,4.823,4.773,4.793,11836.0,5160496.0,4.37,4.39,4.34,4.36,True,贵广网络,False
2021-11-10,4.743,4.973,4.743,4.883,43779.0,19481655.0,4.31,4.54,4.31,4.45,True,贵广网络,False
2021-11-11,4.873,4.953,4.853,4.923,20623.0,9259727.0,4.44,4.52,4.42,4.49,True,贵广网络,False
2021-11-12,4.913,4.993,4.883,4.963,25111.0,11375283.0,4.48,4.56,4.45,4.53,True,贵广网络,False
2021-11-15,4.983,5.043,4.923,5.003,31646.0,14462222.0,4.55,4.61,4.49,4.57,True,贵广网络,False
2021-11-16,5.013,5.463,4.983,5.463,263024.0,132301072.0,4.58,5.03,4.55,5.03,True,贵广网络,False
2021-11-17,5.283,5.363,5.173,5.273,254825.0,123335300.0,4.85,4.93,4.74,4.84,True,贵广网络,False
2021-11-18,5.213,5.343,5.193,5.223,118690.0,56852510.0,4.78,4.91,4.76,4.79,True,贵广网络,False
2021-11-19,5.223,5.233,5.113,5.113,82998.0,38843064.0,4.79,4.8,4.68,4.68,True,贵广网络,False
2021-11-22,5.113,5.163,5.043,5.073,74667.0,34645488.0,4.68,4.73,4.61,4.64,True,贵广网络,False
2021-11-23,5.073,5.113,5.033,5.083,49468.0,23002620.0,4.64,4.68,4.6,4.65,True,贵广网络,False
2021-11-24,5.083,5.163,5.003,5.103,68737.0,32100179.0,4.65,4.73,4.57,4.67,True,贵广网络,False
2021-11-25,5.073,5.103,5.033,5.063,44849.0,20765087.0,4.64,4.67,4.6,4.63,True,贵广网络,False
2021-11-26,5.043,5.063,4.963,4.973,41796.0,18975384.0,4.61,4.63,4.53,4.54,True,贵广网络,False
2021-11-29,4.923,4.963,4.873,4.913,36915.0,16537920.000000002,4.49,4.53,4.44,4.48,True,贵广网络,False
2021-11-30,4.923,4.993,4.893,4.933,38538.0,17342100.0,4.49,4.56,4.46,4.5,True,贵广网络,False
2021-12-01,4.923,5.053,4.893,5.043,49199.0,22680739.0,4.49,4.62,4.46,4.61,True,贵广网络,False
2021-12-02,5.053,5.073,4.963,4.993,28910.0,13182959.999999998,4.62,4.64,4.53,4.56,True,贵广网络,False
2021-12-03,5.013,5.053,4.973,4.983,30549.0,13899795.0,4.58,4.62,4.54,4.55,True,贵广网络,False
2021-12-06,5.003,5.003,4.893,4.903,29313.0,13102911.0,4.57,4.57,4.46,4.47,True,贵广网络,False
2021-12-07,4.953,4.953,4.883,4.913,26671.0,11948608.000000002,4.52,4.52,4.45,4.48,True,贵广网络,False
2021-12-08,4.913,4.933,4.893,4.923,16056.0,7209144.0,4.48,4.5,4.46,4.49,True,贵广网络,False
2021-12-09,4.943,4.973,4.913,4.953,25440.0,11498879.999999998,4.51,4.54,4.48,4.52,True,贵广网络,False
2021-12-10,4.953,5.003,4.903,4.953,45537.0,20582724.0,4.52,4.57,4.47,4.52,True,贵广网络,False
2021-12-13,4.973,5.143,4.923,5.013,98855.0,45275590.0,4.54,4.71,4.49,4.58,True,贵广网络,False
2021-12-14,4.963,5.193,4.963,5.113,119466.0,55910088.0,4.53,4.76,4.53,4.68,True,贵广网络,False
2021-12-15,5.113,5.243,5.103,5.143,116502.0,54872442.0,4.68,4.81,4.67,4.71,True,贵广网络,False
2021-12-16,5.163,5.333,5.133,5.323,169356.0,82815084.0,4.73,4.9,4.7,4.89,True,贵广网络,False
2021-12-17,5.283,5.483,5.233,5.383,193171.0,95619645.0,4.85,5.05,4.8,4.95,True,贵广网络,False
2021-12-20,5.353,5.573,5.353,5.433,215700.0,107850000.0,4.92,5.14,4.92,5.0,True,贵广网络,False
2021-12-21,5.503,5.543,5.383,5.533,210092.0,107146920.0,5.07,5.11,4.95,5.1,True,贵广网络,False
2021-12-22,5.533,5.633,5.453,5.473,199173.0,100383192.0,5.1,5.2,5.02,5.04,True,贵广网络,False
2021-12-23,5.453,5.783,5.413,5.483,249166.0,125828830.0,5.02,5.35,4.98,5.05,True,贵广网络,False
2021-12-24,5.433,5.683,5.383,5.393,184716.0,91619136.0,5.0,5.25,4.95,4.96,True,贵广网络,False
2021-12-27,5.333,5.503,5.333,5.433,106891.0,53445500.0,4.9,5.07,4.9,5.0,True,贵广网络,False
2021-12-28,5.433,5.453,5.333,5.363,97497.0,48066021.0,5.0,5.02,4.9,4.93,True,贵广网络,False
2021-12-29,5.363,5.393,5.263,5.273,72387.0,35035308.0,4.93,4.96,4.83,4.84,True,贵广网络,False
2021-12-30,5.293,5.563,5.283,5.493,146155.0,73954430.0,4.86,5.13,4.85,5.06,True,贵广网络,False
2021-12-31,5.483,6.003,5.443,6.003,374177.0,208416589.0,5.05,5.57,5.01,5.57,True,贵广网络,False
2022-01-04,6.293,6.563,6.093,6.563,387091.0,237286783.0,5.86,6.13,5.66,6.13,True,贵广网络,False
2022-01-05,7.173,7.173,6.983,7.173,224293.0,151173482.0,6.74,6.74,6.55,6.74,True,贵广网络,False
2022-01-06,7.843,7.843,6.633,6.833,1062019.0,679692160.0,7.41,7.41,6.2,6.4,True,贵广网络,False
2022-01-07,6.463,7.333,6.463,7.013,944195.0,621280310.0,6.03,6.9,6.03,6.58,True,贵广网络,False
2022-01-10,6.623,6.773,6.353,6.383,652162.0,388036390.0,6.19,6.34,5.92,5.95,True,贵广网络,False
2022-01-11,6.283,6.633,6.273,6.513,440428.0,267780224.0,5.85,6.2,5.84,6.08,True,贵广网络,False
2022-01-12,6.373,7.113,6.193,6.823,594867.0,380120013.0,5.94,6.68,5.76,6.39,True,贵广网络,False
2022-01-13,6.833,7.033,6.603,6.653,474424.0,295091728.0,6.4,6.6,6.17,6.22,True,贵广网络,False
2022-01-14,6.603,6.733,6.373,6.443,371064.0,223009464.0,6.17,6.3,5.94,6.01,True,贵广网络,False
2022-01-17,6.383,6.813,6.383,6.713,394299.0,247619772.0,5.95,6.38,5.95,6.28,True,贵广网络,False
2022-01-18,6.713,7.343,6.703,7.343,649057.0,448498387.0,6.28,6.91,6.27,6.91,True,贵广网络,False
2022-01-19,8.033,8.033,7.533,8.033,783478.0,595443280.0,7.6,7.6,7.1,7.6,True,贵广网络,False
2022-01-20,8.293,8.633,7.643,7.963,1358459.0,1022919627.0,7.86,8.2,7.21,7.53,True,贵广网络,False
2022-01-21,7.693,7.843,7.213,7.213,821750.0,557146500.0,7.26,7.41,6.78,6.78,True,贵广网络,False
2022-01-24,7.013,7.293,6.803,6.973,595798.0,389651892.0,6.58,6.86,6.37,6.54,True,贵广网络,False
2022-01-25,6.893,6.963,6.333,6.373,488834.0,290367396.0,6.46,6.53,5.9,5.94,True,贵广网络,False
2022-01-26,6.433,6.603,6.343,6.453,394804.0,237672008.0,6.0,6.17,5.91,6.02,True,贵广网络,False
2022-01-27,7.053,7.053,7.053,7.053,86349.0,57163038.0,6.62,6.62,6.62,6.62,True,贵广网络,False
2022-01-28,7.433,7.713,7.153,7.713,644679.0,469326312.0,7.0,7.28,6.72,7.28,True,贵广网络,False
2022-02-07,7.623,8.153,7.123,7.153,815325.0,547898400.0,7.19,7.72,6.69,6.72,True,贵广网络,False
2022-02-08,7.143,7.783,6.943,7.433,716795.0,501756500.0,6.71,7.35,6.51,7.0,True,贵广网络,False
2022-02-09,7.413,7.683,7.193,7.573,684342.0,488620188.0,6.98,7.25,6.76,7.14,True,贵广网络,False
2022-02-10,7.503,7.743,7.243,7.423,547322.0,382578078.0,7.07,7.31,6.81,6.99,True,贵广网络,False
2022-02-11,7.303,8.123,7.213,8.123,690331.0,530864539.0,6.87,7.69,6.78,7.69,True,贵广网络,False
2022-02-14,7.933,8.813,7.723,8.303,1014374.0,798312338.0,7.5,8.38,7.29,7.87,True,贵广网络,False
2022-02-15,8.273,8.313,7.623,7.803,648024.0,477593688.0,7.84,7.88,7.19,7.37,True,贵广网络,False
2022-02-16,7.803,7.893,7.453,7.823,460310.0,340169090.0,7.37,7.46,7.02,7.39,True,贵广网络,False
2022-02-17,7.683,7.703,7.343,7.423,415980.0,290770020.0,7.25,7.27,6.91,6.99,True,贵广网络,False
2022-02-18,8.123,8.123,8.123,8.123,182560.0,140388640.0,7.69,7.69,7.69,7.69,True,贵广网络,False
2022-02-21,8.893,8.893,8.893,8.893,42703.0,36126738.0,8.46,8.46,8.46,8.46,True,贵广网络,False
2022-02-22,9.743,9.743,9.743,9.743,37721.0,35118251.0,9.31,9.31,9.31,9.31,True,贵广网络,False
2022-02-23,10.673,10.673,10.673,10.673,41880.0,42885120.0,10.24,10.24,10.24,10.24,True,贵广网络,False
2022-02-24,11.693,11.693,11.383,11.693,1843580.0,2075871080.0,11.26,11.26,10.95,11.26,True,贵广网络,False
2022-02-25,11.193,11.843,10.563,10.563,1643650.0,1665017450.0000002,10.76,11.41,10.13,10.13,True,贵广网络,False
2022-02-28,9.753,10.083,9.553,9.583,1339455.0,1225601325.0,9.32,9.65,9.12,9.15,True,贵广网络,False
2022-03-01,9.613,10.413,9.443,10.033,1306809.0,1254536640.0,9.18,9.98,9.01,9.6,True,贵广网络,False
2022-03-02,9.683,10.023,9.513,9.753,901139.0,839861548.0,9.25,9.59,9.08,9.32,True,贵广网络,False
2022-03-03,9.613,10.253,9.613,9.913,916209.0,868566132.0,9.18,9.82,9.18,9.48,True,贵广网络,False
2022-03-04,9.723,9.733,9.013,9.263,935546.0,826087118.0,9.29,9.3,8.58,8.83,True,贵广网络,False
2022-03-07,9.143,9.203,8.813,9.023,560836.0,481758124.0,8.71,8.77,8.38,8.59,True,贵广网络,False
2022-03-08,9.093,9.423,8.613,8.633,749284.0,614412880.0,8.66,8.99,8.18,8.2,True,贵广网络,False
2022-03-09,8.333,9.453,7.913,9.123,951344.0,826717936.0,7.9,9.02,7.48,8.69,True,贵广网络,False
2022-03-10,9.383,9.513,8.793,8.873,700383.0,591123252.0,8.95,9.08,8.36,8.44,True,贵广网络,False
2022-03-11,8.643,9.033,8.443,8.813,499310.0,418421780.00000006,8.21,8.6,8.01,8.38,True,贵广网络,False
2022-03-14,8.613,8.743,8.153,8.173,527194.0,408048156.0,8.18,8.31,7.72,7.74,True,贵广网络,False
2022-03-15,8.133,8.623,8.033,8.063,534548.0,407860124.0,7.7,8.19,7.6,7.63,True,贵广网络,False
2022-03-16,8.263,8.393,8.023,8.333,540315.0,426848850.0,7.83,7.96,7.59,7.9,True,贵广网络,False
2022-03-17,8.333,9.123,8.253,8.943,862292.0,733810492.0,7.9,8.69,7.82,8.51,True,贵广网络,False
2022-03-18,8.733,8.823,8.563,8.663,496572.0,408678756.0,8.3,8.39,8.13,8.23,True,贵广网络,False
2022-03-21,8.603,8.763,8.443,8.553,382633.0,310697995.99999994,8.17,8.33,8.01,8.12,True,贵广网络,False
2022-03-22,8.503,8.823,8.343,8.673,492473.0,405797752.0,8.07,8.39,7.91,8.24,True,贵广网络,False
2022-03-23,8.533,8.593,8.343,8.463,400610.0,321689830.0,8.1,8.16,7.91,8.03,True,贵广网络,False
2022-03-24,8.343,8.523,8.033,8.343,435651.0,344599941.0,7.91,8.09,7.6,7.91,True,贵广网络,False
2022-03-25,8.243,8.763,8.183,8.413,447608.0,357191184.0,7.81,8.33,7.75,7.98,True,贵广网络,False
2022-03-28,8.203,9.213,8.133,9.213,1056469.0,927579782.0,7.77,8.78,7.7,8.78,True,贵广网络,False
2022-03-29,9.213,9.593,8.653,8.783,1064984.0,889261640.0,8.78,9.16,8.22,8.35,True,贵广网络,False
2022-03-30,8.593,8.793,8.463,8.623,557782.0,456823458.0,8.16,8.36,8.03,8.19,True,贵广网络,False
2022-03-31,8.633,8.873,8.543,8.633,522920.0,428794400.0,8.2,8.44,8.11,8.2,True,贵广网络,False
2022-04-01,8.563,8.973,8.353,8.763,612304.0,510049232.0,8.13,8.54,7.92,8.33,True,贵广网络,False
2022-04-06,8.583,8.903,8.483,8.653,470496.0,386747712.00000006,8.15,8.47,8.05,8.22,True,贵广网络,False
2022-04-07,8.593,9.473,8.503,9.473,780789.0,705833255.9999999,8.16,9.04,8.07,9.04,True,贵广网络,False
2022-04-08,9.453,9.733,8.813,8.903,1184267.0,1003074149.0,9.02,9.3,8.38,8.47,True,贵广网络,False
2022-04-11,8.613,9.753,8.573,9.753,1109426.0,1033985032.0,8.18,9.32,8.14,9.32,True,贵广网络,False
2022-04-12,9.773,10.363,9.553,10.013,1320700.0,1265230600.0,9.34,9.93,9.12,9.58,True,贵广网络,False
2022-04-13,9.693,9.823,9.053,9.183,901884.0,789148500.0,9.26,9.39,8.62,8.75,True,贵广网络,False
2022-04-14,9.063,9.853,9.063,9.353,659782.0,588525544.0,8.63,9.42,8.63,8.92,True,贵广网络,False
2022-04-15,9.133,9.733,8.733,9.493,805855.0,730104630.0,8.7,9.3,8.3,9.06,True,贵广网络,False
2022-04-18,9.183,10.313,9.033,9.733,748506.0,696110580.0,8.75,9.88,8.6,9.3,True,贵广网络,False
2022-04-19,9.533,10.123,9.473,9.833,711864.0,669152160.0,9.1,9.69,9.04,9.4,True,贵广网络,False
2022-04-20,9.833,9.993,9.263,9.343,610217.0,543703347.0,9.4,9.56,8.83,8.91,True,贵广网络,False
2022-04-21,9.233,9.433,8.573,8.583,588591.0,479701665.0,8.8,9.0,8.14,8.15,True,贵广网络,False
2022-04-22,8.393,8.393,7.773,7.773,549370.0,403237580.0,7.96,7.96,7.34,7.34,True,贵广网络,False
2022-04-25,7.323,7.323,7.043,7.043,356820.0,235858020.0,6.89,6.89,6.61,6.61,True,贵广网络,False
2022-04-26,6.693,7.003,6.483,6.513,491344.0,298737152.0,6.26,6.57,6.05,6.08,True,贵广网络,False
2022-04-27,6.493,6.873,6.363,6.823,387208.0,247425912.0,6.06,6.44,5.93,6.39,True,贵广网络,False
2022-04-28,6.773,6.933,6.463,6.553,334270.0,204573240.0,6.34,6.5,6.03,6.12,True,贵广网络,False
2022-04-29,6.763,7.163,6.703,7.163,524443.0,352950139.0,6.33,6.73,6.27,6.73,True,贵广网络,False
2022-05-05,7.293,7.463,7.123,7.293,462487.0,317266082.0,6.86,7.03,6.69,6.86,True,贵广网络,False
2022-05-06,7.063,7.783,7.023,7.473,491139.0,345761856.0,6.63,7.35,6.59,7.04,True,贵广网络,False
2022-05-09,7.393,7.773,7.383,7.633,340573.0,245212560.0,6.96,7.34,6.95,7.2,True,贵广网络,False
2022-05-10,7.443,7.933,7.443,7.793,376684.0,277239424.0,7.01,7.5,7.01,7.36,True,贵广网络,False
2022-05-11,7.733,8.043,7.703,7.713,465089.0,338584792.0,7.3,7.61,7.27,7.28,True,贵广网络,False
2022-05-12,7.563,7.933,7.543,7.723,287892.0,209873268.0,7.13,7.5,7.11,7.29,True,贵广网络,False
2022-05-13,7.803,7.903,7.653,7.783,282568.0,207687480.0,7.37,7.47,7.22,7.35,True,贵广网络,False
2022-05-16,7.793,8.213,7.763,8.063,505519.0,385710997.0,7.36,7.78,7.33,7.63,True,贵广网络,False
2022-05-17,8.023,8.103,7.733,7.793,349623.0,257322528.0,7.59,7.67,7.3,7.36,True,贵广网络,False
2022-05-18,7.863,8.053,7.713,7.793,289702.0,213220672.0,7.43,7.62,7.28,7.36,True,贵广网络,False
2022-05-19,7.663,7.853,7.653,7.753,230926.0,169037832.0,7.23,7.42,7.22,7.32,True,贵广网络,False
2022-05-20,7.803,7.873,7.693,7.753,182576.0,133645632.0,7.37,7.44,7.26,7.32,True,贵广网络,False
2022-05-23,8.013,8.143,7.783,7.833,311647.0,230618780.0,7.58,7.71,7.35,7.4,True,贵广网络,False
2022-05-24,7.783,8.003,7.463,7.473,396694.0,279272576.0,7.35,7.57,7.03,7.04,True,贵广网络,False
2022-05-25,7.383,7.873,7.383,7.833,335658.0,248386920.0,6.95,7.44,6.95,7.4,True,贵广网络,False
2022-05-26,7.863,7.863,7.553,7.713,252229.0,183622712.0,7.43,7.43,7.12,7.28,True,贵广网络,False
2022-05-27,7.763,7.783,7.353,7.523,343330.0,243420970.0,7.33,7.35,6.92,7.09,True,贵广网络,False
2022-05-30,7.533,7.593,7.373,7.463,218262.0,153438186.0,7.1,7.16,6.94,7.03,True,贵广网络,False
2022-05-31,7.453,7.573,7.413,7.493,188545.0,133112770.0,7.02,7.14,6.98,7.06,True,贵广网络,False
2022-06-01,7.443,7.863,7.443,7.783,413882.0,304203270.0,7.01,7.43,7.01,7.35,True,贵广网络,False
2022-06-02,7.703,7.773,7.543,7.603,284452.0,203952084.0,7.27,7.34,7.11,7.17,True,贵广网络,False
2022-06-06,7.563,7.613,7.443,7.543,235885.0,167714235.0,7.13,7.18,7.01,7.11,True,贵广网络,False
2022-06-07,7.493,7.623,7.363,7.513,272250.0,192753000.0,7.06,7.19,6.93,7.08,True,贵广网络,False
2022-06-08,7.513,7.593,7.283,7.433,254895.0,178426500.0,7.08,7.16,6.85,7.0,True,贵广网络,False
2022-06-09,7.533,7.533,7.153,7.183,215939.0,145758825.0,7.1,7.1,6.72,6.75,True,贵广网络,False
2022-06-10,7.183,7.373,7.093,7.293,155829.0,106898694.0,6.75,6.94,6.66,6.86,True,贵广网络,False
2022-06-13,7.283,7.333,7.033,7.153,207669.0,139553568.0,6.85,6.9,6.6,6.72,True,贵广网络,False
2022-06-14,7.133,7.143,6.753,7.083,202507.0,134667155.0,6.7,6.71,6.32,6.65,True,贵广网络,False
2022-06-15,7.093,7.203,7.013,7.083,182309.0,121235485.0,6.66,6.77,6.58,6.65,True,贵广网络,False
2022-06-16,7.033,7.473,7.013,7.333,318236.0,219582840.0,6.6,7.04,6.58,6.9,True,贵广网络,False
2022-06-17,7.263,7.323,7.123,7.203,183509.0,124235593.0,6.83,6.89,6.69,6.77,True,贵广网络,False
2022-06-20,7.193,7.273,7.153,7.193,147264.0,99550464.0,6.76,6.84,6.72,6.76,True,贵广网络,False
2022-06-21,7.203,7.873,7.133,7.873,630530.0,469114320.0,6.77,7.44,6.7,7.44,True,贵广网络,False
2022-06-22,7.903,7.963,7.583,7.623,513941.0,369523579.0,7.47,7.53,7.15,7.19,True,贵广网络,False
2022-06-23,7.613,7.733,7.433,7.643,302882.0,218377922.0,7.18,7.3,7.0,7.21,True,贵广网络,False
2022-06-24,7.573,7.913,7.543,7.713,379595.0,276345160.0,7.14,7.48,7.11,7.28,True,贵广网络,False
2022-06-27,7.713,7.743,7.413,7.463,402523.0,282973669.0,7.28,7.31,6.98,7.03,True,贵广网络,False
2022-06-28,7.483,7.713,7.373,7.553,340789.0,242641768.0,7.05,7.28,6.94,7.12,True,贵广网络,False
2022-06-29,7.463,7.553,7.293,7.313,270395.0,186031760.0,7.03,7.12,6.86,6.88,True,贵广网络,False
2022-06-30,7.323,7.403,7.293,7.313,165247.0,113689936.0,6.89,6.97,6.86,6.88,True,贵广网络,False
2022-07-01,7.303,7.383,7.153,7.173,178673.0,120425602.0,6.87,6.95,6.72,6.74,True,贵广网络,False
2022-07-04,7.113,7.213,7.073,7.203,146743.0,99345011.0,6.68,6.78,6.64,6.77,True,贵广网络,False
2022-07-05,7.183,7.313,7.133,7.223,195609.0,132818511.0,6.75,6.88,6.7,6.79,True,贵广网络,False
2022-07-06,7.153,7.213,6.983,7.033,161973.0,106902180.0,6.72,6.78,6.55,6.6,True,贵广网络,False
2022-07-07,6.993,7.083,6.963,7.003,108269.0,71132733.0,6.56,6.65,6.53,6.57,True,贵广网络,False
2022-07-08,7.013,7.243,7.003,7.133,145741.0,97646470.0,6.58,6.81,6.57,6.7,True,贵广网络,False
2022-07-11,7.083,7.183,7.013,7.113,115224.0,76969632.0,6.65,6.75,6.58,6.68,True,贵广网络,False
2022-07-12,7.193,7.473,7.153,7.363,276553.0,191651229.0,6.76,7.04,6.72,6.93,True,贵广网络,False
2022-07-13,8.053,8.053,7.733,7.773,676609.0,496631006.0,7.62,7.62,7.3,7.34,True,贵广网络,False
2022-07-14,7.983,8.503,7.873,8.503,810121.0,653767647.0,7.55,8.07,7.44,8.07,True,贵广网络,False
2022-07-15,8.363,9.303,8.233,8.933,884871.0,752140350.0,7.93,8.87,7.8,8.5,True,贵广网络,False
2022-07-18,8.933,9.583,8.813,9.243,746455.0,657626855.0,8.5,9.15,8.38,8.81,True,贵广网络,False
2022-07-19,9.443,10.123,9.233,10.123,723062.0,700647078.0,9.01,9.69,8.8,9.69,True,贵广网络,False
2022-07-20,10.433,11.093,10.433,11.093,441918.0,471084588.0,10.0,10.66,10.0,10.66,True,贵广网络,False
2022-07-21,11.333,12.163,10.533,11.853,1636904.0,1869344368.0,10.9,11.73,10.1,11.42,True,贵广网络,False
2022-07-22,11.433,11.623,10.713,10.713,973304.0,1000556512.0,11.0,11.19,10.28,10.28,True,贵广网络,False
2022-07-25,10.523,11.743,10.463,11.743,1192533.0,1348754823.0,10.09,11.31,10.03,11.31,True,贵广网络,False
2022-07-26,11.493,11.883,11.113,11.443,977563.0,1076296863.0,11.06,11.45,10.68,11.01,True,贵广网络,False
2022-07-27,11.223,11.983,11.203,11.533,896947.0,995611170.0,10.79,11.55,10.77,11.1,True,贵广网络,False
2022-07-28,11.513,12.533,11.473,12.193,1103638.0,1297878288.0,11.08,12.1,11.04,11.76,True,贵广网络,False
2022-07-29,12.293,12.533,11.363,11.403,1102146.0,1209054162.0,11.86,12.1,10.93,10.97,True,贵广网络,False
2022-08-01,11.403,11.923,11.403,11.593,676007.0,754423812.0,10.97,11.49,10.97,11.16,True,贵广网络,False
2022-08-02,11.333,11.393,10.723,10.873,788347.0,823034268.0,10.9,10.96,10.29,10.44,True,贵广网络,False
2022-08-03,11.113,11.153,10.233,10.353,653239.0,648013088.0,10.68,10.72,9.8,9.92,True,贵广网络,False
2022-08-04,10.443,11.043,10.443,10.733,696540.0,717436200.0,10.01,10.61,10.01,10.3,True,贵广网络,False
2022-08-05,10.863,10.873,10.383,10.633,397020.0,404960400.0,10.43,10.44,9.95,10.2,True,贵广网络,False
2022-08-08,10.603,10.703,10.383,10.463,342423.0,343450269.0,10.17,10.27,9.95,10.03,True,贵广网络,False
2022-08-09,10.483,10.543,10.103,10.123,408700.0,396030300.0,10.05,10.11,9.67,9.69,True,贵广网络,False
2022-08-10,10.083,10.143,9.773,9.903,321819.0,304762593.0,9.65,9.71,9.34,9.47,True,贵广网络,False
2022-08-11,9.903,9.933,9.723,9.803,279732.0,262108884.0,9.47,9.5,9.29,9.37,True,贵广网络,False
2022-08-12,9.753,10.593,9.753,10.233,843499.0,826629020.0000001,9.32,10.16,9.32,9.8,True,贵广网络,False
2022-08-15,10.053,10.703,10.023,10.213,641450.0,627338100.0,9.62,10.27,9.59,9.78,True,贵广网络,False
2022-08-16,10.263,10.563,9.923,10.363,536270.0,532516110.0,9.83,10.13,9.49,9.93,True,贵广网络,False
2022-08-17,10.303,10.423,10.003,10.153,397057.0,385939404.0,9.87,9.99,9.57,9.72,True,贵广网络,False
2022-08-18,10.033,10.133,9.783,9.823,354728.0,333089592.0,9.6,9.7,9.35,9.39,True,贵广网络,False
2022-08-19,9.803,10.423,9.803,10.143,489077.0,474893767.00000006,9.37,9.99,9.37,9.71,True,贵广网络,False
2022-08-22,10.323,10.883,10.193,10.613,691950.0,704405100.0,9.89,10.45,9.76,10.18,True,贵广网络,False
2022-08-23,10.643,11.383,10.433,10.973,744940.0,785166759.9999999,10.21,10.95,10.0,10.54,True,贵广网络,False
2022-08-24,10.823,10.883,10.143,10.213,718038.0,702241164.0,10.39,10.45,9.71,9.78,True,贵广网络,False
2022-08-25,10.383,10.453,9.843,10.113,460161.0,445435848.0,9.95,10.02,9.41,9.68,True,贵广网络,False
2022-08-26,10.453,11.083,10.353,11.083,613189.0,653046285.0,10.02,10.65,9.92,10.65,True,贵广网络,False
2022-08-29,11.133,11.893,11.003,11.893,1054791.0,1208790486.0,10.7,11.46,10.57,11.46,True,贵广网络,False
2022-08-30,11.503,11.703,11.153,11.303,707249.0,768779663.0,11.07,11.27,10.72,10.87,True,贵广网络,False
2022-08-31,11.233,12.023,11.213,11.593,880773.0,982942668.0,10.8,11.59,10.78,11.16,True,贵广网络,False
2022-09-01,11.433,11.733,10.483,10.583,851825.0,864602375.0,11.0,11.3,10.05,10.15,True,贵广网络,False
2022-09-02,10.793,11.513,10.683,11.263,788626.0,854081958.0,10.36,11.08,10.25,10.83,True,贵广网络,False
2022-09-05,11.253,11.303,10.643,10.853,625317.0,651580314.0,10.82,10.87,10.21,10.42,True,贵广网络,False
2022-09-06,10.683,11.353,10.613,11.023,640474.0,678261966.0,10.25,10.92,10.18,10.59,True,贵广网络,False
2022-09-07,11.043,11.423,10.843,11.143,575512.0,616373352.0,10.61,10.99,10.41,10.71,True,贵广网络,False
2022-09-08,11.143,11.283,10.783,10.873,531326.0,554704344.0,10.71,10.85,10.35,10.44,True,贵广网络,False
2022-09-09,11.413,11.913,11.363,11.913,178537.0,204960476.0,10.98,11.48,10.93,11.48,True,贵广网络,False
2022-09-13,13.063,13.063,12.553,13.063,1300511.0,1642545393.0,12.63,12.63,12.12,12.63,True,贵广网络,False
2022-09-14,12.973,14.243,12.913,13.673,1620567.0,2145630708.0,12.54,13.81,12.48,13.24,True,贵广网络,False
2022-09-15,13.783,14.063,12.353,12.353,1130629.0,1347709768.0,13.35,13.63,11.92,11.92,True,贵广网络,False
2022-09-16,12.113,12.173,11.163,11.163,861266.0,924138418.0,11.68,11.74,10.73,10.73,True,贵广网络,False
2022-09-19,11.133,11.163,10.323,10.653,600325.0,613532150.0,10.7,10.73,9.89,10.22,True,贵广网络,False
2022-09-20,10.603,10.783,10.393,10.523,458495.0,462621455.0,10.17,10.35,9.96,10.09,True,贵广网络,False
2022-09-21,10.483,10.723,9.933,10.633,499311.0,509297220.0,10.05,10.29,9.5,10.2,True,贵广网络,False
2022-09-22,10.353,10.603,10.333,10.443,297322.0,297619322.0,9.92,10.17,9.9,10.01,True,贵广网络,False
2022-09-23,10.673,11.373,10.373,11.083,808480.0,861031200.0,10.24,10.94,9.94,10.65,True,贵广网络,False
2022-09-26,10.983,12.153,10.893,12.153,692905.0,812084660.0,10.55,11.72,10.46,11.72,True,贵广网络,False
2022-09-27,12.503,13.303,12.093,13.133,1215054.0,1543118580.0,12.07,12.87,11.66,12.7,True,贵广网络,False
2022-09-28,12.853,13.733,12.633,13.053,1140226.0,1438965212.0,12.42,13.3,12.2,12.62,True,贵广网络,False
2022-09-29,13.163,13.253,12.383,12.583,702911.0,854036865.0,12.73,12.82,11.95,12.15,True,贵广网络,False
2022-09-30,12.403,13.193,11.783,12.823,828685.0,1026740715.0,11.97,12.76,11.35,12.39,True,贵广网络,False
2022-10-10,12.363,12.673,12.033,12.243,524169.0,619043589.0,11.93,12.24,11.6,11.81,True,贵广网络,False
2022-10-11,12.253,12.563,11.813,12.033,561402.0,651226320.0,11.82,12.13,11.38,11.6,True,贵广网络,False
2022-10-12,12.073,12.133,11.303,11.833,512260.0,583976400.0,11.64,11.7,10.87,11.4,True,贵广网络,False
2022-10-13,11.733,12.973,11.653,12.973,629187.0,789000498.0,11.3,12.54,11.22,12.54,True,贵广网络,False
2022-10-14,13.273,13.383,12.443,12.593,928227.0,1128724032.0,12.84,12.95,12.01,12.16,True,贵广网络,False
2022-10-17,12.393,13.123,12.323,12.713,658876.0,809099728.0,11.96,12.69,11.89,12.28,True,贵广网络,False
2022-10-18,12.583,12.973,12.133,12.663,657613.0,804260699.0,12.15,12.54,11.7,12.23,True,贵广网络,False
2022-10-19,12.443,12.623,12.053,12.053,500508.0,581590296.0,12.01,12.19,11.62,11.62,True,贵广网络,False
2022-10-20,11.863,12.133,11.563,11.653,449176.0,503975472.0,11.43,11.7,11.13,11.22,True,贵广网络,False
2022-10-21,11.763,11.883,11.103,11.483,518238.0,572652990.0,11.33,11.45,10.67,11.05,True,贵广网络,False
2022-10-24,11.323,11.503,10.913,10.993,532088.0,561884928.0,10.89,11.07,10.48,10.56,True,贵广网络,False
2022-10-25,10.733,11.583,10.723,11.273,636787.0,690277108.0,10.3,11.15,10.29,10.84,True,贵广网络,False
2022-10-26,11.233,11.333,10.783,10.863,521393.0,543812899.0,10.8,10.9,10.35,10.43,True,贵广网络,False
2022-10-27,10.783,11.183,10.783,10.913,355348.0,372404704.0,10.35,10.75,10.35,10.48,True,贵广网络,False
2022-10-28,10.983,11.023,10.193,10.253,470202.0,461738364.0,10.55,10.59,9.76,9.82,True,贵广网络,False
2022-10-31,9.903,10.583,9.903,10.333,329850.0,326551500.0,9.47,10.15,9.47,9.9,True,贵广网络,False
2022-11-01,10.333,10.563,10.133,10.533,357998.0,361577980.0,9.9,10.13,9.7,10.1,True,贵广网络,False
2022-11-02,10.543,10.983,10.533,10.653,399677.0,408469894.0,10.11,10.55,10.1,10.22,True,贵广网络,False
2022-11-03,10.413,11.003,10.343,10.873,401420.0,419082480.0,9.98,10.57,9.91,10.44,True,贵广网络,False
2022-11-04,10.873,11.223,10.713,10.993,423220.0,446920320.0,10.44,10.79,10.28,10.56,True,贵广网络,False
2022-11-07,10.883,11.253,10.883,11.113,334205.0,356930940.0,10.45,10.82,10.45,10.68,True,贵广网络,False
2022-11-08,11.233,12.023,10.943,11.543,599784.0,666360024.0,10.8,11.59,10.51,11.11,True,贵广网络,False
2022-11-09,11.433,11.793,11.333,11.623,395919.0,443033361.0,11.0,11.36,10.9,11.19,True,贵广网络,False
2022-11-10,11.483,11.733,11.283,11.493,347176.0,383976656.0,11.05,11.3,10.85,11.06,True,贵广网络,False
2022-11-11,11.633,12.093,11.453,11.743,528857.0,598137267.0,11.2,11.66,11.02,11.31,True,贵广网络,False
2022-11-14,11.733,11.873,11.033,11.323,460843.0,501858027.0,11.3,11.44,10.6,10.89,True,贵广网络,False
2022-11-15,11.133,11.413,10.933,11.333,289134.0,315156060.0,10.7,10.98,10.5,10.9,True,贵广网络,False
2022-11-16,11.113,11.283,10.883,11.013,341883.0,361712214.0,10.68,10.85,10.45,10.58,True,贵广网络,False
2022-11-17,11.023,11.423,11.003,11.183,305077.0,327957775.0,10.59,10.99,10.57,10.75,True,贵广网络,False
2022-11-18,11.043,12.133,11.043,11.513,574513.0,636560404.0,10.61,11.7,10.61,11.08,True,贵广网络,False
2022-11-21,11.383,11.463,10.843,10.953,437127.0,459857604.0,10.95,11.03,10.41,10.52,True,贵广网络,False
2022-11-22,10.883,11.593,10.643,11.013,382651.0,404844758.0,10.45,11.16,10.21,10.58,True,贵广网络,False
2022-11-23,10.913,11.483,10.783,11.263,393001.0,425620083.0,10.48,11.05,10.35,10.83,True,贵广网络,False
2022-11-24,11.253,11.753,11.193,11.423,441237.0,484919463.0,10.82,11.32,10.76,10.99,True,贵广网络,False
2022-11-25,11.433,11.633,11.093,11.313,323161.0,351599168.0,11.0,11.2,10.66,10.88,True,贵广网络,False
2022-11-28,11.013,11.283,10.883,11.033,260903.0,276557180.0,10.58,10.85,10.45,10.6,True,贵广网络,False
2022-11-29,11.003,11.293,10.733,11.123,234317.0,250484873.0,10.57,10.86,10.3,10.69,True,贵广网络,False
2022-11-30,11.033,11.123,10.763,10.803,305155.0,316445735.0,10.6,10.69,10.33,10.37,True,贵广网络,False
2022-12-01,10.803,11.583,10.803,11.373,532410.0,582456540.0,10.37,11.15,10.37,10.94,True,贵广网络,False
2022-12-02,11.393,11.683,11.293,11.483,340680.0,376451400.0,10.96,11.25,10.86,11.05,True,贵广网络,False
2022-12-05,11.333,11.513,11.183,11.433,249486.0,274434600.0,10.9,11.08,10.75,11.0,True,贵广网络,False
2022-12-06,11.423,11.533,11.143,11.213,224241.0,241731798.0,10.99,11.1,10.71,10.78,True,贵广网络,False
2022-12-07,11.213,11.273,10.943,11.043,220940.0,234417340.0,10.78,10.84,10.51,10.61,True,贵广网络,False
2022-12-08,10.983,11.453,10.873,11.193,301112.0,323996512.0,10.55,11.02,10.44,10.76,True,贵广网络,False
2022-12-09,11.203,11.693,11.083,11.573,469981.0,523558834.0,10.77,11.26,10.65,11.14,True,贵广网络,False
2022-12-12,11.713,12.123,11.533,11.723,486311.0,549045119.0,11.28,11.69,11.1,11.29,True,贵广网络,False
2022-12-13,11.723,12.593,11.633,12.383,621243.0,742385385.0,11.29,12.16,11.2,11.95,True,贵广网络,False
2022-12-14,12.153,12.383,12.103,12.243,359693.0,424797433.0,11.72,11.95,11.67,11.81,True,贵广网络,False
2022-12-15,12.193,12.383,11.853,11.903,375303.0,430472541.0,11.76,11.95,11.42,11.47,True,贵广网络,False
2022-12-16,11.873,13.053,11.643,13.053,575499.0,726279738.0,11.44,12.62,11.21,12.62,True,贵广网络,False
2022-12-19,13.053,14.023,12.893,13.153,800483.0,1018214376.0,12.62,13.59,12.46,12.72,True,贵广网络,False
2022-12-20,13.003,13.553,12.593,12.703,550709.0,675719943.0,12.57,13.12,12.16,12.27,True,贵广网络,False
2022-12-21,12.773,12.873,12.083,12.383,464858.0,555505310.0,12.34,12.44,11.65,11.95,True,贵广网络,False
2022-12-22,12.433,12.483,11.873,12.103,379155.0,442473885.0,12.0,12.05,11.44,11.67,True,贵广网络,False
2022-12-23,11.993,13.273,11.943,13.273,687371.0,882584364.0,11.56,12.84,11.51,12.84,True,贵广网络,False
2022-12-26,13.133,14.553,12.913,13.983,1111505.0,1506089275.0,12.7,14.12,12.48,13.55,True,贵广网络,False
2022-12-27,13.743,13.863,13.293,13.473,691497.0,901712088.0,13.31,13.43,12.86,13.04,True,贵广网络,False
2022-12-28,13.433,14.433,13.393,14.103,815564.0,1114875988.0,13.0,14.0,12.96,13.67,True,贵广网络,False
2022-12-29,14.103,15.473,13.863,15.473,766061.0,1152155744.0,13.67,15.04,13.43,15.04,True,贵广网络,False
2022-12-30,15.443,16.553,14.943,15.323,1169578.0,1741501642.0,15.01,16.12,14.51,14.89,True,贵广网络,False
2023-01-03,15.033,16.813,14.913,16.483,1063604.0,1707084420.0,14.6,16.38,14.48,16.05,True,贵广网络,False
2023-01-04,16.293,17.463,15.933,16.333,1059805.0,1685089950.0,15.86,17.03,15.5,15.9,True,贵广网络,False
2023-01-05,16.283,17.023,16.153,16.603,745990.0,1206265830.0000002,15.85,16.59,15.72,16.17,True,贵广网络,False
2023-01-06,16.433,17.023,15.003,15.003,978070.0,1425047990.0,16.0,16.59,14.57,14.57,True,贵广网络,False
2023-01-09,15.253,16.463,15.253,16.463,800414.0,1283063642.0,14.82,16.03,14.82,16.03,True,贵广网络,False
2023-01-10,16.633,16.873,16.183,16.523,868019.0,1396642571.0,16.2,16.44,15.75,16.09,True,贵广网络,False
2023-01-11,16.493,16.583,15.433,16.063,598607.0,935622741.0,16.06,16.15,15.0,15.63,True,贵广网络,False
2023-01-12,16.323,16.393,15.463,15.603,494907.0,750773919.0,15.89,15.96,15.03,15.17,True,贵广网络,False
2023-01-13,15.643,15.793,15.093,15.623,417152.0,633653888.0,15.21,15.36,14.66,15.19,True,贵广网络,False
2023-01-16,15.393,15.633,15.113,15.173,368999.0,543904526.0,14.96,15.2,14.68,14.74,True,贵广网络,False
2023-01-17,15.173,15.373,15.053,15.103,256779.0,376694793.0,14.74,14.94,14.62,14.67,True,贵广网络,False
2023-01-18,15.213,15.883,15.123,15.553,388920.0,588047040.0,14.78,15.45,14.69,15.12,True,贵广网络,False
2023-01-19,15.483,15.833,15.193,15.243,279887.0,414512647.0,15.05,15.4,14.76,14.81,True,贵广网络,False
2023-01-20,15.413,16.233,15.363,15.853,387791.0,597973722.0,14.98,15.8,14.93,15.42,True,贵广网络,False
2023-01-30,15.643,16.023,15.413,15.723,340633.0,520827857.0,15.21,15.59,14.98,15.29,True,贵广网络,False
2023-01-31,15.893,16.233,15.633,15.783,318944.0,489579040.0,15.46,15.8,15.2,15.35,True,贵广网络,False
2023-02-01,15.583,15.623,15.193,15.313,441041.0,656269008.0,15.15,15.19,14.76,14.88,True,贵广网络,False
2023-02-02,15.103,15.113,14.123,14.333,532927.0,740768530.0,14.67,14.68,13.69,13.9,True,贵广网络,False
2023-02-03,14.203,14.883,14.183,14.763,372475.0,533756675.0,13.77,14.45,13.75,14.33,True,贵广网络,False
2023-02-06,14.503,14.913,14.373,14.553,233555.0,329779660.0,14.07,14.48,13.94,14.12,True,贵广网络,False
2023-02-07,14.523,14.823,14.443,14.603,218623.0,309788791.0,14.09,14.39,14.01,14.17,True,贵广网络,False
2023-02-08,14.533,14.903,14.293,14.643,296540.0,421383340.0,14.1,14.47,13.86,14.21,True,贵广网络,False
2023-02-09,14.613,15.273,14.563,15.123,382077.0,561271113.0,14.18,14.84,14.13,14.69,True,贵广网络,False
2023-02-10,15.033,15.903,15.033,15.773,480513.0,737106942.0,14.6,15.47,14.6,15.34,True,贵广网络,False
2023-02-13,15.773,15.773,15.333,15.583,305656.0,463068840.0,15.34,15.34,14.9,15.15,True,贵广网络,False
2023-02-14,15.473,15.773,15.363,15.613,246454.0,374117172.0,15.04,15.34,14.93,15.18,True,贵广网络,False
2023-02-15,15.813,16.153,15.663,15.693,290446.0,443220596.0,15.38,15.72,15.23,15.26,True,贵广网络,False
2023-02-16,15.233,15.653,15.053,15.153,409207.0,602352704.0,14.8,15.22,14.62,14.72,True,贵广网络,False
2023-02-17,15.203,15.583,15.103,15.243,277266.0,410630946.0,14.77,15.15,14.67,14.81,True,贵广网络,False
2023-02-20,15.303,15.323,14.683,15.253,255025.0,377947050.0,14.87,14.89,14.25,14.82,True,贵广网络,False
2023-02-21,15.313,15.493,15.073,15.123,218564.0,321070516.0,14.88,15.06,14.64,14.69,True,贵广网络,False
2023-02-22,14.913,15.363,14.893,15.293,208073.0,309196478.0,14.48,14.93,14.46,14.86,True,贵广网络,False
2023-02-23,15.273,15.473,15.053,15.223,169699.0,250984821.0,14.84,15.04,14.62,14.79,True,贵广网络,False
2023-02-24,15.283,15.483,15.083,15.213,187918.0,277742804.0,14.85,15.05,14.65,14.78,True,贵广网络,False
2023-02-27,14.983,15.053,14.533,14.553,271101.0,382794612.0,14.55,14.62,14.1,14.12,True,贵广网络,False
2023-02-28,14.713,15.033,14.573,14.743,161378.0,230931918.0,14.28,14.6,14.14,14.31,True,贵广网络,False
2023-03-01,14.723,15.063,14.653,15.003,226321.0,329749697.0,14.29,14.63,14.22,14.57,True,贵广网络,False
2023-03-02,14.933,15.273,14.913,15.233,213227.0,315575960.0,14.5,14.84,14.48,14.8,True,贵广网络,False
2023-03-03,15.273,15.283,14.983,15.223,163121.0,241255959.0,14.84,14.85,14.55,14.79,True,贵广网络,False
2023-03-06,15.003,15.023,14.633,14.813,203075.0,292021850.0,14.57,14.59,14.2,14.38,True,贵广网络,False
2023-03-07,14.733,14.883,14.353,14.353,235467.0,327770064.0,14.3,14.45,13.92,13.92,True,贵广网络,False
2023-03-08,14.183,14.613,14.183,14.603,146754.0,207950418.0,13.75,14.18,13.75,14.17,True,贵广网络,False
2023-03-09,14.603,14.603,14.083,14.313,187443.0,260170884.0,14.17,14.17,13.65,13.88,True,贵广网络,False
2023-03-10,14.113,14.253,13.823,13.913,179329.0,241735492.0,13.68,13.82,13.39,13.48,True,贵广网络,False
2023-03-13,13.673,14.113,13.563,14.073,194729.0,265610356.0,13.24,13.68,13.13,13.64,True,贵广网络,False
2023-03-14,13.983,14.183,13.463,13.593,204744.0,269443104.0,13.55,13.75,13.03,13.16,True,贵广网络,False
2023-03-15,13.633,13.933,13.603,13.723,159791.0,212362239.0,13.2,13.5,13.17,13.29,True,贵广网络,False
2023-03-16,13.613,13.933,13.523,13.713,146830.0,194990240.0,13.18,13.5,13.09,13.28,True,贵广网络,False
2023-03-17,13.883,13.913,13.713,13.883,145872.0,196197840.0,13.45,13.48,13.28,13.45,True,贵广网络,False
2023-03-20,13.433,13.633,13.083,13.373,279550.0,361737700.0,13.0,13.2,12.65,12.94,True,贵广网络,False
2023-03-21,13.413,13.693,13.273,13.673,165878.0,219622472.0,12.98,13.26,12.84,13.24,True,贵广网络,False
2023-03-22,13.633,13.753,13.533,13.733,124904.0,166122320.0,13.2,13.32,13.1,13.3,True,贵广网络,False
2023-03-23,13.633,13.743,13.483,13.733,132650.0,176424500.0,13.2,13.31,13.05,13.3,True,贵广网络,False
2023-03-24,13.713,13.963,13.543,13.723,190279.0,252880791.0,13.28,13.53,13.11,13.29,True,贵广网络,False
2023-03-27,13.603,13.763,13.383,13.533,164302.0,215235620.0,13.17,13.33,12.95,13.1,True,贵广网络,False
2023-03-28,13.463,13.473,13.113,13.133,224296.0,284855920.0,13.03,13.04,12.68,12.7,True,贵广网络,False
2023-03-29,13.103,13.223,12.833,13.053,207488.0,261849856.0,12.67,12.79,12.4,12.62,True,贵广网络,False
2023-03-30,13.113,13.113,12.533,12.593,208893.0,254013888.0,12.68,12.68,12.1,12.16,True,贵广网络,False
2023-03-31,12.633,13.393,12.583,13.283,291924.0,375122340.0,12.2,12.96,12.15,12.85,True,贵广网络,False
2023-04-03,13.193,13.193,12.793,12.983,231805.0,290915275.0,12.76,12.76,12.36,12.55,True,贵广网络,False
2023-04-04,13.353,14.243,13.323,13.773,643241.0,858083494.0,12.92,13.81,12.89,13.34,True,贵广网络,False
2023-04-06,13.483,13.493,13.053,13.123,397130.0,503957970.0,13.05,13.06,12.62,12.69,True,贵广网络,False
2023-04-07,13.003,13.323,12.973,13.103,204079.0,258568093.0,12.57,12.89,12.54,12.67,True,贵广网络,False
2023-04-10,12.833,12.983,12.323,12.343,342330.0,407715030.0,12.4,12.55,11.89,11.91,True,贵广网络,False
2023-04-11,12.413,12.983,12.023,12.573,334562.0,406158268.0,11.98,12.55,11.59,12.14,True,贵广网络,False
2023-04-12,12.343,12.753,12.333,12.633,247733.0,302234260.0,11.91,12.32,11.9,12.2,True,贵广网络,False
2023-04-13,12.603,12.783,12.533,12.583,193077.0,234588555.0,12.17,12.35,12.1,12.15,True,贵广网络,False
2023-04-14,12.563,12.653,12.183,12.323,203787.0,242302743.0,12.13,12.22,11.75,11.89,True,贵广网络,False
2023-04-17,12.273,12.283,11.903,12.013,185471.0,214775418.0,11.84,11.85,11.47,11.58,True,贵广网络,False
2023-04-18,11.923,12.023,11.773,11.933,160469.0,184539350.0,11.49,11.59,11.34,11.5,True,贵广网络,False
2023-04-19,11.903,12.173,11.893,11.923,164129.0,188584221.0,11.47,11.74,11.46,11.49,True,贵广网络,False
2023-04-20,11.863,12.173,11.833,12.173,174245.0,204563630.0,11.43,11.74,11.4,11.74,True,贵广网络,False
2023-04-21,12.163,12.183,11.423,11.453,261131.0,287766362.0,11.73,11.75,10.99,11.02,True,贵广网络,False
2023-04-24,11.293,11.573,11.193,11.443,166326.0,183124926.0,10.86,11.14,10.76,11.01,True,贵广网络,False
2023-04-25,11.383,11.493,11.023,11.203,205615.0,221447355.0,10.95,11.06,10.59,10.77,True,贵广网络,False
2023-04-26,11.203,11.553,11.173,11.413,210436.0,231058728.0,10.77,11.12,10.74,10.98,True,贵广网络,False
2023-04-27,11.323,11.623,11.243,11.413,165375.0,181581750.0,10.89,11.19,10.81,10.98,True,贵广网络,False
2023-04-28,11.633,11.973,11.573,11.833,248832.0,283668480.0,11.2,11.54,11.14,11.4,True,贵广网络,False
2023-05-04,11.583,11.873,11.583,11.793,195260.0,221815360.0,11.15,11.44,11.15,11.36,True,贵广网络,False
2023-05-05,11.853,11.853,11.583,11.733,154969.0,175114970.0,11.42,11.42,11.15,11.3,True,贵广网络,False
2023-05-08,11.583,11.823,11.513,11.753,168568.0,190818976.0,11.15,11.39,11.08,11.32,True,贵广网络,False
2023-05-09,11.753,11.973,11.603,11.623,208431.0,233234289.0,11.32,11.54,11.17,11.19,True,贵广网络,False
2023-05-10,11.533,11.793,11.523,11.653,151012.0,169435464.0,11.1,11.36,11.09,11.22,True,贵广网络,False
2023-05-11,11.683,12.103,11.683,11.903,261701.0,300171047.0,11.25,11.67,11.25,11.47,True,贵广网络,False
2023-05-12,11.853,11.853,11.453,11.453,198008.0,218204816.0,11.42,11.42,11.02,11.02,True,贵广网络,False
2023-05-15,11.403,11.473,11.083,11.323,173293.0,188716077.0,10.97,11.04,10.65,10.89,True,贵广网络,False
2023-05-16,11.393,11.403,10.883,10.943,174063.0,182940213.0,10.96,10.97,10.45,10.51,True,贵广网络,False
2023-05-17,11.383,11.993,11.283,11.353,493026.0,538384392.0,10.95,11.56,10.85,10.92,True,贵广网络,False
2023-05-18,11.113,11.993,10.733,11.493,603215.0,667155790.0,10.68,11.56,10.3,11.06,True,贵广网络,False
2023-05-19,11.343,11.523,11.053,11.123,295597.0,315993193.0,10.91,11.09,10.62,10.69,True,贵广网络,False
2023-05-22,11.033,11.093,10.803,10.833,183492.0,190831680.0,10.6,10.66,10.37,10.4,True,贵广网络,False
2023-05-23,10.833,10.863,10.493,10.503,176299.0,177533093.0,10.4,10.43,10.06,10.07,True,贵广网络,False
2023-05-24,10.423,10.723,10.213,10.523,281708.0,284243372.0,9.99,10.29,9.78,10.09,True,贵广网络,False
2023-05-25,10.793,10.863,10.313,10.443,211233.0,211444233.0,10.36,10.43,9.88,10.01,True,贵广网络,False
2023-05-26,10.323,10.433,10.183,10.323,162292.0,160506788.0,9.89,10.0,9.75,9.89,True,贵广网络,False
2023-05-29,10.293,10.363,10.023,10.073,193325.0,186365300.0,9.86,9.93,9.59,9.64,True,贵广网络,False
2023-05-30,10.033,10.183,9.903,10.173,158002.0,153893948.0,9.6,9.75,9.47,9.74,True,贵广网络,False
2023-05-31,10.133,10.263,10.093,10.103,111108.0,107441436.0,9.7,9.83,9.66,9.67,True,贵广网络,False
2023-06-01,10.123,10.513,10.013,10.363,256693.0,254896149.0,9.69,10.08,9.58,9.93,True,贵广网络,False
2023-06-02,10.353,10.543,10.323,10.483,149171.0,149916855.0,9.92,10.11,9.89,10.05,True,贵广网络,False
2023-06-05,10.413,10.663,10.363,10.513,167879.0,169222032.0,9.98,10.23,9.93,10.08,True,贵广网络,False
2023-06-06,10.573,10.643,10.243,10.293,167222.0,164880892.0,10.14,10.21,9.81,9.86,True,贵广网络,False
2023-06-07,10.273,10.703,10.143,10.493,185084.0,186194504.0,9.84,10.27,9.71,10.06,True,贵广网络,False
2023-06-08,10.453,10.543,10.273,10.463,142682.0,143110046.0,10.02,10.11,9.84,10.03,True,贵广网络,False
2023-06-09,10.603,10.753,10.493,10.663,216207.0,221179761.0,10.17,10.32,10.06,10.23,True,贵广网络,False
2023-06-12,10.693,10.783,10.513,10.523,153558.0,154940022.0,10.26,10.35,10.08,10.09,True,贵广网络,False
2023-06-13,10.563,11.113,10.523,10.833,333915.0,347271600.0,10.13,10.68,10.09,10.4,True,贵广网络,False
2023-06-14,10.963,11.613,10.883,11.433,553509.0,608859900.0,10.53,11.18,10.45,11.0,True,贵广网络,False
2023-06-15,11.233,11.313,11.023,11.043,319851.0,339361911.0,10.8,10.88,10.59,10.61,True,贵广网络,False
2023-06-16,11.003,11.143,10.823,11.053,198534.0,210843108.0,10.57,10.71,10.39,10.62,True,贵广网络,False
2023-06-19,10.923,11.233,10.853,10.863,202931.0,211657033.0,10.49,10.8,10.42,10.43,True,贵广网络,False
2023-06-20,10.833,11.053,10.723,10.773,165605.0,171235570.0,10.4,10.62,10.29,10.34,True,贵广网络,False
2023-06-21,10.763,10.783,10.403,10.443,181291.0,181472291.0,10.33,10.35,9.97,10.01,True,贵广网络,False
2023-06-26,10.303,10.403,9.963,9.993,176751.0,168973956.0,9.87,9.97,9.53,9.56,True,贵广网络,False
2023-06-27,10.013,10.453,9.973,10.273,159757.0,157200888.0,9.58,10.02,9.54,9.84,True,贵广网络,False
2023-06-28,10.313,10.333,9.993,10.153,144330.0,140288760.0,9.88,9.9,9.56,9.72,True,贵广网络,False
2023-06-29,10.083,10.193,10.063,10.113,91952.0,89009536.0,9.65,9.76,9.63,9.68,True,贵广网络,False
2023-06-30,10.083,10.273,10.053,10.253,119125.0,116980750.0,9.65,9.84,9.62,9.82,True,贵广网络,False
2023-07-03,10.203,10.343,10.143,10.263,116233.0,114257039.0,9.77,9.91,9.71,9.83,True,贵广网络,False
2023-07-04,10.273,10.293,10.163,10.213,86204.0,84307512.0,9.84,9.86,9.73,9.78,True,贵广网络,False
2023-07-05,10.223,10.733,10.033,10.523,271613.0,274057517.0,9.79,10.3,9.6,10.09,True,贵广网络,False
2023-07-06,10.423,10.483,10.263,10.263,151365.0,148791795.0,9.99,10.05,9.83,9.83,True,贵广网络,False
2023-07-07,10.163,10.603,10.093,10.443,199779.0,199978779.0,9.73,10.17,9.66,10.01,True,贵广网络,False
2023-07-10,10.353,10.533,10.323,10.383,116337.0,115755315.0,9.92,10.1,9.89,9.95,True,贵广网络,False
2023-07-11,10.383,10.523,10.273,10.413,107410.0,107195180.0,9.95,10.09,9.84,9.98,True,贵广网络,False
2023-07-12,10.393,10.543,10.343,10.433,133584.0,133584000.0,9.96,10.11,9.91,10.0,True,贵广网络,False
2023-07-13,10.433,10.593,10.433,10.523,161388.0,162840492.0,10.0,10.16,10.0,10.09,True,贵广网络,False
2023-07-14,10.513,10.583,10.453,10.563,139911.0,141729843.0,10.08,10.15,10.02,10.13,True,贵广网络,False
2023-07-17,10.363,10.363,10.043,10.223,142821.0,139821759.0,9.93,9.93,9.61,9.79,True,贵广网络,False
2023-07-18,10.283,10.313,10.103,10.133,97092.0,94179240.0,9.85,9.88,9.67,9.7,True,贵广网络,False
2023-07-19,10.083,10.283,10.083,10.163,86169.0,83842437.0,9.65,9.85,9.65,9.73,True,贵广网络,False
2023-07-20,10.173,10.263,10.113,10.113,91152.0,88235136.0,9.74,9.83,9.68,9.68,True,贵广网络,False
2023-07-21,10.133,10.413,10.083,10.283,150627.0,148367595.0,9.7,9.98,9.65,9.85,True,贵广网络,False
2023-07-24,10.193,10.823,10.113,10.593,245811.0,249743976.0,9.76,10.39,9.68,10.16,True,贵广网络,False
2023-07-25,10.543,10.703,10.493,10.573,191923.0,194609922.0,10.11,10.27,10.06,10.14,True,贵广网络,False
2023-07-26,10.623,11.093,10.463,10.793,338837.0,351035132.0,10.19,10.66,10.03,10.36,True,贵广网络,False
2023-07-27,10.683,10.963,10.603,10.653,206921.0,211473262.0,10.25,10.53,10.17,10.22,True,贵广网络,False
2023-07-28,10.653,10.663,10.443,10.543,157387.0,159118257.0,10.22,10.23,10.01,10.11,True,贵广网络,False
2023-07-31,10.533,10.633,10.433,10.543,146384.0,147994224.0,10.1,10.2,10.0,10.11,True,贵广网络,False
2023-08-01,10.583,10.743,10.443,10.613,192490.0,195954820.0,10.15,10.31,10.01,10.18,True,贵广网络,False
2023-08-02,10.613,10.773,10.483,10.513,128260.0,129286080.0,10.18,10.34,10.05,10.08,True,贵广网络,False
2023-08-03,10.443,11.083,10.323,10.683,263768.0,270362200.0,10.01,10.65,9.89,10.25,True,贵广网络,False
2023-08-04,10.593,11.083,10.563,10.803,332446.0,344746502.0,10.16,10.65,10.13,10.37,True,贵广网络,False
2023-08-07,10.733,10.933,10.713,10.833,193990.0,201749600.0,10.3,10.5,10.28,10.4,True,贵广网络,False
2023-08-08,11.093,11.863,11.093,11.323,646102.0,703605078.0,10.66,11.43,10.66,10.89,True,贵广网络,False
2023-08-09,11.263,11.543,11.043,11.103,340618.0,363439406.0,10.83,11.11,10.61,10.67,True,贵广网络,False
2023-08-10,11.113,11.973,10.913,11.663,551617.0,619465891.0,10.68,11.54,10.48,11.23,True,贵广网络,False
2023-08-11,11.573,12.033,11.403,11.833,481472.0,548878080.0,11.14,11.6,10.97,11.4,True,贵广网络,False
2023-08-14,11.543,12.103,11.533,11.833,381012.0,434353680.0,11.11,11.67,11.1,11.4,True,贵广网络,False
2023-08-15,11.833,11.833,11.213,11.253,347388.0,375873816.0,11.4,11.4,10.78,10.82,True,贵广网络,False
2023-08-16,11.253,11.713,11.113,11.453,287290.0,316593580.0,10.82,11.28,10.68,11.02,True,贵广网络,False
2023-08-17,11.393,12.423,11.163,12.013,459038.0,531566004.0,10.96,11.99,10.73,11.58,True,贵广网络,False
2023-08-18,11.883,12.323,11.833,11.913,449721.0,516279708.0,11.45,11.89,11.4,11.48,True,贵广网络,False
2023-08-21,11.743,12.183,11.683,11.803,242470.0,275688390.0,11.31,11.75,11.25,11.37,True,贵广网络,False
2023-08-22,11.733,12.063,11.603,12.013,339363.0,392982354.0,11.3,11.63,11.17,11.58,True,贵广网络,False
2023-08-23,11.953,12.383,11.863,12.153,407632.0,477744704.0,11.52,11.95,11.43,11.72,True,贵广网络,False
2023-08-24,12.033,12.403,11.543,11.563,425498.0,473579274.00000006,11.6,11.97,11.11,11.13,True,贵广网络,False
2023-08-25,11.413,11.703,11.063,11.193,317934.0,342096984.0,10.98,11.27,10.63,10.76,True,贵广网络,False
2023-08-28,11.583,11.693,10.713,10.763,371452.0,383709916.0,11.15,11.26,10.28,10.33,True,贵广网络,False
2023-08-29,10.633,11.023,10.583,10.973,227741.0,240039014.0,10.2,10.59,10.15,10.54,True,贵广网络,False
2023-08-30,10.933,11.073,10.823,10.863,171723.0,179107089.0,10.5,10.64,10.39,10.43,True,贵广网络,False
2023-08-31,10.793,10.833,10.613,10.693,144708.0,148470408.0,10.36,10.4,10.18,10.26,True,贵广网络,False
2023-09-01,10.763,11.033,10.703,10.883,153498.0,160405410.0,10.33,10.6,10.27,10.45,True,贵广网络,False
2023-09-04,10.883,11.143,10.643,10.973,210388.0,221748952.0,10.45,10.71,10.21,10.54,True,贵广网络,False
2023-09-05,10.953,10.953,10.703,10.713,157465.0,161874020.0,10.52,10.52,10.27,10.28,True,贵广网络,False
2023-09-06,10.653,10.713,10.553,10.603,114138.0,116078346.0,10.22,10.28,10.12,10.17,True,贵广网络,False
2023-09-07,10.593,10.773,10.553,10.613,105758.0,107661644.0,10.16,10.34,10.12,10.18,True,贵广网络,False
2023-09-08,10.563,10.723,10.543,10.603,97233.0,98885961.0,10.13,10.29,10.11,10.17,True,贵广网络,False
2023-09-11,10.543,10.543,10.293,10.443,153721.0,153874721.0,10.11,10.11,9.86,10.01,True,贵广网络,False
2023-09-12,10.363,10.463,10.313,10.423,95137.0,95041863.0,9.93,10.03,9.88,9.99,True,贵广网络,False
2023-09-13,10.383,10.393,10.193,10.243,124079.0,121721499.0,9.95,9.96,9.76,9.81,True,贵广网络,False
2023-09-14,10.353,10.633,10.273,10.543,205869.0,208133559.0,9.92,10.2,9.84,10.11,True,贵广网络,False
2023-09-15,10.553,10.553,10.433,10.543,96391.0,97451301.0,10.12,10.12,10.0,10.11,True,贵广网络,False
2023-09-18,10.393,10.503,10.313,10.433,86652.0,86652000.0,9.96,10.07,9.88,10.0,True,贵广网络,False
2023-09-19,10.423,11.433,10.363,11.433,262698.0,288967800.0,9.99,11.0,9.93,11.0,True,贵广网络,False
2023-09-20,11.273,12.003,11.163,11.453,581699.0,641032298.0,10.84,11.57,10.73,11.02,True,贵广网络,False
2023-09-21,11.383,11.833,11.343,11.503,373171.0,413100297.0,10.95,11.4,10.91,11.07,True,贵广网络,False
2023-09-22,11.433,11.613,11.243,11.443,290119.0,319421019.0,11.0,11.18,10.81,11.01,True,贵广网络,False
2023-09-25,11.373,11.933,11.333,11.763,406014.0,460013862.0,10.94,11.5,10.9,11.33,True,贵广网络,False
2023-09-26,11.643,11.703,11.313,11.333,262726.0,286371340.0,11.21,11.27,10.88,10.9,True,贵广网络,False
2023-09-27,11.333,11.923,11.313,11.593,327115.0,365060340.0,10.9,11.49,10.88,11.16,True,贵广网络,False
2023-09-28,11.643,11.913,11.543,11.663,269166.0,302273418.0,11.21,11.48,11.11,11.23,True,贵广网络,False
2023-10-09,11.473,11.503,11.133,11.193,264344.0,284434144.0,11.04,11.07,10.7,10.76,True,贵广网络,False
2023-10-10,11.213,11.393,11.113,11.153,177016.0,189761152.0,10.78,10.96,10.68,10.72,True,贵广网络,False
2023-10-11,11.063,11.213,10.993,11.033,189767.0,201153020.0,10.63,10.78,10.56,10.6,True,贵广网络,False
2023-10-12,11.083,11.183,10.733,10.793,203238.0,210554568.0,10.65,10.75,10.3,10.36,True,贵广网络,False
2023-10-13,10.793,10.933,10.733,10.733,132611.0,136589330.0,10.36,10.5,10.3,10.3,True,贵广网络,False
2023-10-16,10.693,11.133,10.543,10.843,251876.0,262202916.0,10.26,10.7,10.11,10.41,True,贵广网络,False
2023-10-17,10.833,10.853,10.563,10.613,181537.0,184804666.0,10.4,10.42,10.13,10.18,True,贵广网络,False
2023-10-18,10.533,10.793,10.433,10.643,154875.0,158127375.0,10.1,10.36,10.0,10.21,True,贵广网络,False
2023-10-19,10.593,11.033,10.523,10.733,244241.0,251568230.00000003,10.16,10.6,10.09,10.3,True,贵广网络,False
2023-10-20,10.533,10.923,10.493,10.763,178999.0,184905967.0,10.1,10.49,10.06,10.33,True,贵广网络,False
2023-10-23,10.593,10.983,10.593,10.653,190547.0,194739034.0,10.16,10.55,10.16,10.22,True,贵广网络,False
2023-10-24,10.623,10.813,10.183,10.643,226624.0,231383104.00000003,10.19,10.38,9.75,10.21,True,贵广网络,False
2023-10-25,10.673,10.923,10.643,10.843,224538.0,233744058.0,10.24,10.49,10.21,10.41,True,贵广网络,False
2023-10-26,10.783,10.823,10.533,10.583,195609.0,198543135.0,10.35,10.39,10.1,10.15,True,贵广网络,False
2023-10-27,10.513,10.713,10.513,10.663,139467.0,142674741.0,10.08,10.28,10.08,10.23,True,贵广网络,False
2023-10-30,10.543,10.843,10.493,10.803,183880.0,190683560.0,10.11,10.41,10.06,10.37,True,贵广网络,False
2023-10-31,10.803,10.933,10.663,10.743,137247.0,141501657.0,10.37,10.5,10.23,10.31,True,贵广网络,False
2023-11-01,10.913,11.033,10.713,10.773,165079.0,170691686.0,10.48,10.6,10.28,10.34,True,贵广网络,False
2023-11-02,10.793,10.933,10.733,10.813,170968.0,177464784.0,10.36,10.5,10.3,10.38,True,贵广网络,False
2023-11-03,10.743,11.083,10.533,10.993,279185.0,294819360.0,10.31,10.65,10.1,10.56,True,贵广网络,False
2023-11-06,10.903,11.403,10.853,11.363,377337.0,412429341.0,10.47,10.97,10.42,10.93,True,贵广网络,False
2023-11-07,11.363,11.523,11.323,11.413,358993.0,394174314.0,10.93,11.09,10.89,10.98,True,贵广网络,False
2023-11-08,11.323,11.763,11.263,11.583,380692.0,424471580.0,10.89,11.33,10.83,11.15,True,贵广网络,False
2023-11-09,11.613,11.633,11.383,11.413,268713.0,295046874.0,11.18,11.2,10.95,10.98,True,贵广网络,False
2023-11-10,11.193,11.363,11.143,11.293,213658.0,232032588.0,10.76,10.93,10.71,10.86,True,贵广网络,False
2023-11-13,11.323,11.353,11.203,11.223,141649.0,152839271.0,10.89,10.92,10.77,10.79,True,贵广网络,False
2023-11-14,11.153,11.293,11.083,11.223,166612.0,179774348.0,10.72,10.86,10.65,10.79,True,贵广网络,False
2023-11-15,11.223,11.313,11.153,11.233,161226.0,174124080.0,10.79,10.88,10.72,10.8,True,贵广网络,False
2023-11-16,11.153,11.423,11.113,11.253,184837.0,199993634.0,10.72,10.99,10.68,10.82,True,贵广网络,False
2023-11-17,11.233,11.493,11.203,11.413,206926.0,227204748.0,10.8,11.06,10.77,10.98,True,贵广网络,False
2023-11-20,11.363,11.503,11.223,11.243,188854.0,204151174.0,10.93,11.07,10.79,10.81,True,贵广网络,False
2023-11-21,11.233,11.483,11.173,11.283,237879.0,258098715.0,10.8,11.05,10.74,10.85,True,贵广网络,False
2023-11-22,11.243,11.653,11.243,11.393,292423.0,320495608.0,10.81,11.22,10.81,10.96,True,贵广网络,False
2023-11-23,11.343,11.393,11.113,11.183,176613.0,189858975.0,10.91,10.96,10.68,10.75,True,贵广网络,False
2023-11-24,11.133,11.363,10.943,11.043,184584.0,195843624.0,10.7,10.93,10.51,10.61,True,贵广网络,False
2023-11-27,10.943,11.043,10.793,10.813,140555.0,145896090.0,10.51,10.61,10.36,10.38,True,贵广网络,False
2023-11-28,10.903,10.923,10.693,10.813,109092.0,113237496.0,10.47,10.49,10.26,10.38,True,贵广网络,False
2023-11-29,10.773,10.843,10.703,10.733,75336.0,77596080.0,10.34,10.41,10.27,10.3,True,贵广网络,False
2023-11-30,10.713,10.803,10.643,10.713,90167.0,92691676.0,10.28,10.37,10.21,10.28,True,贵广网络,False
2023-12-01,10.753,10.943,10.733,10.923,125649.0,131805801.0,10.32,10.51,10.3,10.49,True,贵广网络,False
2023-12-04,10.843,10.973,10.843,10.843,104779.0,109074939.0,10.41,10.54,10.41,10.41,True,贵广网络,False
2023-12-05,10.913,10.913,10.553,10.553,113987.0,115354844.0,10.48,10.48,10.12,10.12,True,贵广网络,False
2023-12-06,10.553,10.733,10.433,10.653,107052.0,109407144.0,10.12,10.3,10.0,10.22,True,贵广网络,False
2023-12-07,10.693,10.823,10.563,10.803,133387.0,138322319.0,10.26,10.39,10.13,10.37,True,贵广网络,False
2023-12-08,10.793,10.803,10.583,10.593,105414.0,107100624.0,10.36,10.37,10.15,10.16,True,贵广网络,False
2023-12-11,10.513,10.823,10.483,10.803,171415.0,177757355.0,10.08,10.39,10.05,10.37,True,贵广网络,False
2023-12-12,10.753,10.903,10.733,10.813,90268.0,93698184.0,10.32,10.47,10.3,10.38,True,贵广网络,False
2023-12-13,10.813,10.913,10.703,10.703,108498.0,111427446.0,10.38,10.48,10.27,10.27,True,贵广网络,False
2023-12-14,10.733,10.983,10.713,10.833,174003.0,180963120.0,10.3,10.55,10.28,10.4,True,贵广网络,False
2023-12-15,10.813,10.893,10.693,10.753,121466.0,125352912.0,10.38,10.46,10.26,10.32,True,贵广网络,False
2023-12-18,10.713,10.733,10.373,10.383,156915.0,156130425.0,10.28,10.3,9.94,9.95,True,贵广网络,False
2023-12-19,10.373,10.503,10.303,10.383,96194.0,95713030.0,9.94,10.07,9.87,9.95,True,贵广网络,False
2023-12-20,10.393,10.443,10.083,10.083,126363.0,121940295.0,9.96,10.01,9.65,9.65,True,贵广网络,False
2023-12-21,10.033,10.173,10.003,10.043,100349.0,96435389.0,9.6,9.74,9.57,9.61,True,贵广网络,False
2023-12-22,10.033,10.053,9.523,9.583,241077.0,220585455.0,9.6,9.62,9.09,9.15,True,贵广网络,False
2023-12-25,9.583,9.653,9.243,9.273,174554.0,154305736.0,9.15,9.22,8.81,8.84,True,贵广网络,False
2023-12-26,9.393,9.413,9.013,9.033,143626.0,123518360.0,8.96,8.98,8.58,8.6,True,贵广网络,False
2023-12-27,9.033,9.613,9.003,9.263,204054.0,180179682.0,8.6,9.18,8.57,8.83,True,贵广网络,False
2023-12-28,9.233,9.383,9.113,9.293,139032.0,123182352.0,8.8,8.95,8.68,8.86,True,贵广网络,False
2023-12-29,9.303,9.443,9.283,9.393,110134.0,98680064.0,8.87,9.01,8.85,8.96,True,贵广网络,False
2024-01-02,9.333,9.453,9.313,9.333,83187.0,74036430.0,8.9,9.02,8.88,8.9,True,贵广网络,False
2024-01-03,9.303,9.583,9.253,9.533,155699.0,141686090.0,8.87,9.15,8.82,9.1,True,贵广网络,False
2024-01-04,9.453,9.483,9.333,9.373,90515.0,80920410.0,9.02,9.05,8.9,8.94,True,贵广网络,False
2024-01-05,9.333,9.353,9.133,9.173,82089.0,71745786.0,8.9,8.92,8.7,8.74,True,贵广网络,False
2024-01-08,9.133,9.243,9.103,9.123,66350.0,57658150.0,8.7,8.81,8.67,8.69,True,贵广网络,False
2024-01-09,9.143,9.183,9.013,9.053,72012.0,62074343.99999999,8.71,8.75,8.58,8.62,True,贵广网络,False
2024-01-10,9.053,9.053,8.773,8.793,121797.0,101822292.0,8.62,8.62,8.34,8.36,True,贵广网络,False
2024-01-11,8.793,8.933,8.753,8.903,83183.0,70456001.0,8.36,8.5,8.32,8.47,True,贵广网络,False
2024-01-12,8.913,8.963,8.813,8.823,68811.0,57732429.00000001,8.48,8.53,8.38,8.39,True,贵广网络,False
2024-01-15,8.743,8.813,8.603,8.613,92213.0,75430234.0,8.31,8.38,8.17,8.18,True,贵广网络,False
2024-01-16,8.613,8.633,8.303,8.463,172846.0,138795338.0,8.18,8.2,7.87,8.03,True,贵广网络,False
2024-01-17,8.453,8.453,8.133,8.163,111736.0,86371928.0,8.02,8.02,7.7,7.73,True,贵广网络,False
2024-01-18,8.053,8.143,7.803,8.123,211538.0,162672722.0,7.62,7.71,7.37,7.69,True,贵广网络,False
2024-01-19,8.123,8.323,8.093,8.173,138781.0,107416494.0,7.69,7.89,7.66,7.74,True,贵广网络,False
2024-01-22,8.173,8.213,7.623,7.663,151081.0,109231563.0,7.74,7.78,7.19,7.23,True,贵广网络,False
2024-01-23,7.593,7.883,7.543,7.823,139673.0,103218347.0,7.16,7.45,7.11,7.39,True,贵广网络,False
2024-01-24,7.823,7.923,7.633,7.903,119310.0,89124570.0,7.39,7.49,7.2,7.47,True,贵广网络,False
2024-01-25,7.903,8.343,7.833,8.323,164127.0,129496203.0,7.47,7.91,7.4,7.89,True,贵广网络,False
2024-01-26,8.333,8.513,8.293,8.393,125084.0,99566864.0,7.9,8.08,7.86,7.96,True,贵广网络,False
2024-01-29,8.443,8.643,8.203,8.263,190631.0,149264073.0,8.01,8.21,7.77,7.83,True,贵广网络,False
2024-01-30,8.103,8.243,7.863,7.943,111295.0,83582545.0,7.67,7.81,7.43,7.51,True,贵广网络,False
2024-01-31,7.703,7.923,7.423,7.463,175366.0,123282298.0,7.27,7.49,6.99,7.03,True,贵广网络,False
2024-02-01,7.373,7.913,7.283,7.503,179518.0,126919226.0,6.94,7.48,6.85,7.07,True,贵广网络,False
2024-02-02,7.533,7.713,6.873,7.173,189394.0,127651556.0,7.1,7.28,6.44,6.74,True,贵广网络,False
2024-02-05,7.113,7.113,6.503,6.503,200722.0,121838254.0,6.68,6.68,6.07,6.07,True,贵广网络,False
2024-02-06,6.273,6.983,6.043,6.773,233611.0,148109374.0,5.84,6.55,5.61,6.34,True,贵广网络,False
2024-02-07,6.773,7.343,6.713,7.083,268804.0,178754660.0,6.34,6.91,6.28,6.65,True,贵广网络,False
2024-02-08,7.133,7.573,7.133,7.543,237703.0,169006833.0,6.7,7.14,6.7,7.11,True,贵广网络,False
2024-02-19,7.583,7.723,7.513,7.653,174223.0,125789006.0,7.15,7.29,7.08,7.22,True,贵广网络,False
2024-02-20,7.693,7.713,7.513,7.673,148766.0,107706584.0,7.26,7.28,7.08,7.24,True,贵广网络,False
2024-02-21,7.643,7.973,7.533,7.773,171183.0,125648322.0,7.21,7.54,7.1,7.34,True,贵广网络,False
2024-02-22,7.913,8.503,7.833,8.263,401435.0,314323605.0,7.48,8.07,7.4,7.83,True,贵广网络,False
2024-02-23,8.303,8.353,8.103,8.293,267570.0,210310020.0,7.87,7.92,7.67,7.86,True,贵广网络,False
2024-02-26,8.283,8.413,8.193,8.283,175267.0,137584595.0,7.85,7.98,7.76,7.85,True,贵广网络,False
2024-02-27,8.283,8.493,8.203,8.493,153825.0,123982950.0,7.85,8.06,7.77,8.06,True,贵广网络,False
2024-02-28,8.493,8.693,8.033,8.033,241553.0,183580280.0,8.06,8.26,7.6,7.6,True,贵广网络,False
2024-02-29,8.083,8.393,8.033,8.373,154701.0,122832594.0,7.65,7.96,7.6,7.94,True,贵广网络,False
2024-03-01,8.793,9.163,8.793,8.993,479491.0,410444296.0,8.36,8.73,8.36,8.56,True,贵广网络,False
2024-03-04,8.903,9.343,8.613,9.323,490740.0,436267860.0,8.47,8.91,8.18,8.89,True,贵广网络,False
2024-03-05,9.143,9.483,9.003,9.093,326341.0,282611306.0,8.71,9.05,8.57,8.66,True,贵广网络,False
2024-03-06,8.933,9.273,8.733,8.903,257002.0,217680694.00000003,8.5,8.84,8.3,8.47,True,贵广网络,False
2024-03-07,8.893,8.983,8.713,8.713,137570.0,113907960.0,8.46,8.55,8.28,8.28,True,贵广网络,False
2024-03-08,8.683,8.873,8.573,8.793,136865.0,114419140.0,8.25,8.44,8.14,8.36,True,贵广网络,False
2024-03-11,8.713,8.983,8.693,8.923,131793.0,111892257.0,8.28,8.55,8.26,8.49,True,贵广网络,False
2024-03-12,8.873,8.943,8.733,8.843,140560.0,118210960.0,8.44,8.51,8.3,8.41,True,贵广网络,False
2024-03-13,8.873,8.893,8.743,8.813,148373.0,124336574.0,8.44,8.46,8.31,8.38,True,贵广网络,False
2024-03-14,8.833,8.833,8.543,8.653,124800.0,102585600.0,8.4,8.4,8.11,8.22,True,贵广网络,False
2024-03-15,8.663,8.883,8.603,8.783,126550.0,105669250.0,8.23,8.45,8.17,8.35,True,贵广网络,False
2024-03-18,8.883,8.883,8.663,8.803,124474.0,104184738.0,8.45,8.45,8.23,8.37,True,贵广网络,False
2024-03-19,8.823,8.943,8.763,8.763,142284.0,118522572.0,8.39,8.51,8.33,8.33,True,贵广网络,False
2024-03-20,8.763,8.923,8.763,8.873,120002.0,101281688.0,8.33,8.49,8.33,8.44,True,贵广网络,False
2024-03-21,8.853,8.973,8.753,8.793,145423.0,121573628.0,8.42,8.54,8.32,8.36,True,贵广网络,False
2024-03-22,8.753,8.943,8.633,8.853,206866.0,174181172.0,8.32,8.51,8.2,8.42,True,贵广网络,False
2024-03-25,8.783,8.853,8.413,8.413,178934.0,142789332.0,8.35,8.42,7.98,7.98,True,贵广网络,False
2024-03-26,8.293,8.513,8.133,8.233,130722.0,101963160.0,7.86,8.08,7.7,7.8,True,贵广网络,False
2024-03-27,8.233,8.323,7.843,7.863,130883.0,97246069.0,7.8,7.89,7.41,7.43,True,贵广网络,False
2024-03-28,7.883,8.033,7.793,7.943,124187.0,93264437.0,7.45,7.6,7.36,7.51,True,贵广网络,False
2024-03-29,7.913,8.273,7.913,8.243,169736.0,132563816.0,7.48,7.84,7.48,7.81,True,贵广网络,False
2024-04-01,8.243,8.903,8.243,8.623,223561.0,183096459.0,7.81,8.47,7.81,8.19,True,贵广网络,False
2024-04-02,8.573,8.573,8.243,8.303,168720.0,132782640.0,8.14,8.14,7.81,7.87,True,贵广网络,False
2024-04-03,8.263,8.293,8.073,8.123,99823.0,76763887.0,7.83,7.86,7.64,7.69,True,贵广网络,False
2024-04-08,8.033,8.043,7.783,7.783,111652.0,82064220.0,7.6,7.61,7.35,7.35,True,贵广网络,False
2024-04-09,7.813,7.893,7.743,7.843,63524.0,47071284.0,7.38,7.46,7.31,7.41,True,贵广网络,False
2024-04-10,7.813,7.823,7.523,7.573,96299.0,68757486.0,7.38,7.39,7.09,7.14,True,贵广网络,False
2024-04-11,7.623,7.783,7.593,7.663,74670.0,53986410.0,7.19,7.35,7.16,7.23,True,贵广网络,False
2024-04-12,7.663,7.763,7.533,7.563,83940.0,59849220.0,7.23,7.33,7.1,7.13,True,贵广网络,False
2024-04-15,7.443,7.533,7.113,7.223,159812.0,108512348.0,7.01,7.1,6.68,6.79,True,贵广网络,False
2024-04-16,7.203,7.263,6.633,6.713,164160.0,103092480.0,6.77,6.83,6.2,6.28,True,贵广网络,False
2024-04-17,6.823,7.253,6.813,7.233,157130.0,106848400.0,6.39,6.82,6.38,6.8,True,贵广网络,False
2024-04-18,7.283,7.293,7.093,7.143,95766.0,64258986.0,6.85,6.86,6.66,6.71,True,贵广网络,False
2024-04-19,7.103,7.163,6.943,6.973,100136.0,65488944.0,6.67,6.73,6.51,6.54,True,贵广网络,False
2024-04-22,6.863,7.053,6.763,6.963,85796.0,56024788.0,6.43,6.62,6.33,6.53,True,贵广网络,False
2024-04-23,7.013,7.133,6.983,7.003,80998.0,53215686.0,6.58,6.7,6.55,6.57,True,贵广网络,False
2024-04-24,7.113,7.113,6.953,7.063,76859.0,50957517.0,6.68,6.68,6.52,6.63,True,贵广网络,False
2024-04-25,7.143,7.203,7.023,7.093,82648.0,55043568.0,6.71,6.77,6.59,6.66,True,贵广网络,False
2024-04-26,7.083,7.353,7.043,7.333,136315.0,94057350.0,6.65,6.92,6.61,6.9,True,贵广网络,False
2024-04-29,7.243,7.633,7.223,7.613,148603.0,106696954.0,6.81,7.2,6.79,7.18,True,贵广网络,False
2024-04-30,7.883,7.883,7.633,7.853,191705.0,142245110.0,7.45,7.45,7.2,7.42,True,贵广网络,False
2024-05-06,7.853,7.933,7.733,7.753,154098.0,112799736.0,7.42,7.5,7.3,7.32,True,贵广网络,False
2024-05-07,7.743,7.873,7.713,7.763,85937.0,62991821.0,7.31,7.44,7.28,7.33,True,贵广网络,False
2024-05-08,7.773,7.783,7.603,7.623,84850.0,61007150.0,7.34,7.35,7.17,7.19,True,贵广网络,False
2024-05-09,7.623,7.723,7.623,7.693,65486.0,47542836.0,7.19,7.29,7.19,7.26,True,贵广网络,False
2024-05-10,7.703,7.733,7.543,7.593,67976.0,48670816.0,7.27,7.3,7.11,7.16,True,贵广网络,False
2024-05-13,7.503,7.563,7.233,7.303,129593.0,89030391.0,7.07,7.13,6.8,6.87,True,贵广网络,False
2024-05-14,7.373,7.463,7.253,7.313,72435.0,49835280.0,6.94,7.03,6.82,6.88,True,贵广网络,False
2024-05-15,7.323,7.373,7.233,7.263,66807.0,45629181.0,6.89,6.94,6.8,6.83,True,贵广网络,False
2024-05-16,7.263,7.473,7.263,7.413,89635.0,62565230.00000001,6.83,7.04,6.83,6.98,True,贵广网络,False
2024-05-17,7.433,7.653,7.343,7.613,127517.0,91557206.0,7.0,7.22,6.91,7.18,True,贵广网络,False
2024-05-20,7.533,7.613,7.353,7.363,129918.0,90033174.0,7.1,7.18,6.92,6.93,True,贵广网络,False
2024-05-21,7.393,7.443,7.313,7.373,72084.0,50026296.0,6.96,7.01,6.88,6.94,True,贵广网络,False
2024-05-22,7.393,7.553,7.333,7.503,95478.0,67502946.0,6.96,7.12,6.9,7.07,True,贵广网络,False
2024-05-23,7.493,7.503,7.253,7.283,87397.0,59866945.0,7.06,7.07,6.82,6.85,True,贵广网络,False
2024-05-24,7.273,7.383,7.183,7.193,69019.0,46656844.0,6.84,6.95,6.75,6.76,True,贵广网络,False
2024-05-27,7.183,7.233,7.033,7.213,73726.0,49986228.0,6.75,6.8,6.6,6.78,True,贵广网络,False
2024-05-28,7.153,7.193,6.993,7.013,73378.0,48282724.0,6.72,6.76,6.56,6.58,True,贵广网络,False
2024-05-29,7.003,7.093,6.883,6.973,62172.0,40660488.0,6.57,6.66,6.45,6.54,True,贵广网络,False
2024-05-30,7.133,7.623,6.933,7.623,335052.0,240902388.0,6.7,7.19,6.5,7.19,True,贵广网络,False
2024-05-31,8.033,8.343,7.703,8.343,548337.0,433734567.0,7.6,7.91,7.27,7.91,True,贵广网络,False
2024-06-03,8.433,9.133,8.343,9.133,670164.0,583042680.0,8.0,8.7,7.91,8.7,True,贵广网络,False
2024-06-04,9.533,9.793,8.963,9.083,952645.0,824037925.0,9.1,9.36,8.53,8.65,True,贵广网络,False
2024-06-05,9.233,9.813,9.043,9.423,724056.0,650926344.0,8.8,9.38,8.61,8.99,True,贵广网络,False
2024-06-06,9.313,9.683,9.053,9.193,573483.0,502371108.0,8.88,9.25,8.62,8.76,True,贵广网络,False
2024-06-07,9.233,9.673,8.803,9.443,684475.0,616711975.0,8.8,9.24,8.37,9.01,True,贵广网络,False
2024-06-11,9.143,9.403,8.943,9.033,456910.0,392942600.0,8.71,8.97,8.51,8.6,True,贵广网络,False
2024-06-12,9.013,9.193,8.933,9.063,282436.0,243742268.00000003,8.58,8.76,8.5,8.63,True,贵广网络,False
2024-06-13,8.803,8.913,8.363,8.443,431629.0,345734829.0,8.37,8.48,7.93,8.01,True,贵广网络,False
2024-06-14,8.393,9.233,8.343,8.993,510567.0,437045352.0,7.96,8.8,7.91,8.56,True,贵广网络,False
2024-06-17,8.903,8.973,8.723,8.813,264006.0,221237028.00000003,8.47,8.54,8.29,8.38,True,贵广网络,False
2024-06-18,8.833,9.043,8.713,8.753,217082.0,180612224.0,8.4,8.61,8.28,8.32,True,贵广网络,False
2024-06-19,8.793,8.933,8.583,8.633,216234.0,177311879.99999997,8.36,8.5,8.15,8.2,True,贵广网络,False
2024-06-20,8.613,8.653,8.313,8.313,218081.0,171847828.0,8.18,8.22,7.88,7.88,True,贵广网络,False
2024-06-21,8.253,8.383,8.153,8.173,144519.0,111857706.0,7.82,7.95,7.72,7.74,True,贵广网络,False
2024-06-24,8.043,8.073,7.733,7.793,193616.0,142501376.0,7.61,7.64,7.3,7.36,True,贵广网络,False
2024-06-25,7.823,8.493,7.723,8.333,332095.0,262355050.0,7.39,8.06,7.29,7.9,True,贵广网络,False
2024-06-26,8.303,8.313,8.053,8.223,225512.0,175673848.0,7.87,7.88,7.62,7.79,True,贵广网络,False
2024-06-27,8.193,8.383,8.123,8.123,157440.0,121071360.0,7.76,7.95,7.69,7.69,True,贵广网络,False
2024-06-28,8.073,8.293,8.063,8.113,139487.0,107126016.0,7.64,7.86,7.63,7.68,True,贵广网络,False
2024-07-01,7.983,8.133,7.903,8.103,144018.0,110461806.0,7.55,7.7,7.47,7.67,True,贵广网络,False
2024-07-02,8.123,8.643,8.103,8.343,277421.0,219440011.0,7.69,8.21,7.67,7.91,True,贵广网络,False
2024-07-03,8.333,8.353,8.133,8.133,136528.0,105126560.0,7.9,7.92,7.7,7.7,True,贵广网络,False
2024-07-04,8.153,8.383,8.123,8.143,152730.0,117754830.0,7.72,7.95,7.69,7.71,True,贵广网络,False
2024-07-05,8.133,8.243,8.023,8.113,111965.0,85989120.0,7.7,7.81,7.59,7.68,True,贵广网络,False
2024-07-08,8.013,8.073,7.763,7.763,150887.0,110600171.0,7.58,7.64,7.33,7.33,True,贵广网络,False
2024-07-09,7.753,7.873,7.553,7.833,153216.0,113379840.0,7.32,7.44,7.12,7.4,True,贵广网络,False
2024-07-10,7.753,7.903,7.723,7.753,94441.0,69130812.0,7.32,7.47,7.29,7.32,True,贵广网络,False
2024-07-11,7.853,8.213,7.773,7.953,148782.0,111884064.0,7.42,7.78,7.34,7.52,True,贵广网络,False
2024-07-12,7.963,8.283,7.923,8.073,144872.0,110682208.0,7.53,7.85,7.49,7.64,True,贵广网络,False
2024-07-15,8.023,8.033,7.813,7.833,106659.0,78927660.0,7.59,7.6,7.38,7.4,True,贵广网络,False
2024-07-16,7.843,8.043,7.723,7.943,104553.0,78519303.0,7.41,7.61,7.29,7.51,True,贵广网络,False
2024-07-17,7.883,8.193,7.863,7.963,134111.0,100985583.0,7.45,7.76,7.43,7.53,True,贵广网络,False
2024-07-18,7.933,7.933,7.673,7.773,110390.0,81026260.0,7.5,7.5,7.24,7.34,True,贵广网络,False
2024-07-19,7.693,7.953,7.663,7.803,91165.0,67188605.0,7.26,7.52,7.23,7.37,True,贵广网络,False
2024-07-22,7.733,8.013,7.733,7.903,104256.0,77879232.0,7.3,7.58,7.3,7.47,True,贵广网络,False
2024-07-23,7.923,8.083,7.803,7.803,95081.0,70074697.0,7.49,7.65,7.37,7.37,True,贵广网络,False
2024-07-24,7.773,7.863,7.613,7.613,96693.0,69425574.0,7.34,7.43,7.18,7.18,True,贵广网络,False
2024-07-25,7.613,7.693,7.493,7.593,75596.0,54126736.0,7.18,7.26,7.06,7.16,True,贵广网络,False
2024-07-26,7.583,7.793,7.583,7.753,85115.0,62304180.0,7.15,7.36,7.15,7.32,True,贵广网络,False
2024-07-29,7.753,7.883,7.643,7.733,97156.0,70923880.0,7.32,7.45,7.21,7.3,True,贵广网络,False
2024-07-30,7.673,8.063,7.623,7.933,137894.0,103420500.0,7.24,7.63,7.19,7.5,True,贵广网络,False
2024-07-31,7.843,8.113,7.833,8.113,140476.0,107885568.0,7.41,7.68,7.4,7.68,True,贵广网络,False
2024-08-01,8.103,8.393,8.073,8.253,159371.0,124628122.0,7.67,7.96,7.64,7.82,True,贵广网络,False
2024-08-02,8.173,8.383,8.093,8.223,133465.0,103969235.0,7.74,7.95,7.66,7.79,True,贵广网络,False
2024-08-05,8.133,8.303,7.923,7.943,130135.0,97731385.0,7.7,7.87,7.49,7.51,True,贵广网络,False
2024-08-06,8.033,8.153,7.913,8.023,79483.0,60327597.0,7.6,7.72,7.48,7.59,True,贵广网络,False
2024-08-07,8.083,8.543,8.043,8.323,229185.0,180826965.0,7.65,8.11,7.61,7.89,True,贵广网络,False
2024-08-08,8.213,8.273,8.033,8.213,132734.0,103267052.0,7.78,7.84,7.6,7.78,True,贵广网络,False
2024-08-09,8.233,8.353,8.113,8.133,90998.0,70068460.0,7.8,7.92,7.68,7.7,True,贵广网络,False
2024-08-12,8.033,8.083,7.853,7.883,93864.0,69928680.0,7.6,7.65,7.42,7.45,True,贵广网络,False
2024-08-13,7.893,8.083,7.823,8.013,82660.0,62656280.0,7.46,7.65,7.39,7.58,True,贵广网络,False
2024-08-14,8.013,8.113,7.983,8.043,61851.0,47068611.0,7.58,7.68,7.55,7.61,True,贵广网络,False
2024-08-15,7.983,8.313,7.983,8.283,128966.0,101238310.0,7.55,7.88,7.55,7.85,True,贵广网络,False
2024-08-16,8.243,8.383,8.223,8.273,85454.0,66995936.0,7.81,7.95,7.79,7.84,True,贵广网络,False
2024-08-19,8.203,8.253,8.053,8.073,87337.0,66725468.0,7.77,7.82,7.62,7.64,True,贵广网络,False
2024-08-20,8.053,8.173,7.953,7.993,75246.0,56885976.0,7.62,7.74,7.52,7.56,True,贵广网络,False
2024-08-21,8.003,8.113,7.883,7.983,89656.0,67690280.0,7.57,7.68,7.45,7.55,True,贵广网络,False
2024-08-22,8.003,8.173,7.843,8.103,135891.0,104228397.0,7.57,7.74,7.41,7.67,True,贵广网络,False
2024-08-23,8.003,8.223,8.003,8.203,93950.0,72999150.0,7.57,7.79,7.57,7.77,True,贵广网络,False
2024-08-26,8.143,8.193,7.943,7.973,83873.0,63240242.0,7.71,7.76,7.51,7.54,True,贵广网络,False
2024-08-27,7.883,7.943,7.783,7.853,73756.0,54726952.0,7.45,7.51,7.35,7.42,True,贵广网络,False
2024-08-28,7.863,8.433,7.813,8.033,186761.0,141938360.0,7.43,8.0,7.38,7.6,True,贵广网络,False
2024-08-29,7.953,8.083,7.873,7.903,146949.0,109770903.0,7.52,7.65,7.44,7.47,True,贵广网络,False
2024-08-30,7.883,8.233,7.883,8.183,168592.0,130658800.0,7.45,7.8,7.45,7.75,True,贵广网络,False
2024-09-02,8.143,8.183,7.843,7.853,132886.0,98601412.0,7.71,7.75,7.41,7.42,True,贵广网络,False
2024-09-03,7.823,7.943,7.763,7.873,88259.0,65664696.0,7.39,7.51,7.33,7.44,True,贵广网络,False
2024-09-04,7.813,7.973,7.713,7.823,73538.0,54344582.0,7.38,7.54,7.28,7.39,True,贵广网络,False
2024-09-05,7.823,8.223,7.823,8.013,144535.0,109557530.0,7.39,7.79,7.39,7.58,True,贵广网络,False
2024-09-06,8.003,8.033,7.913,7.923,67998.0,50930502.0,7.57,7.6,7.48,7.49,True,贵广网络,False
2024-09-09,7.883,8.003,7.813,7.843,71931.0,53300871.0,7.45,7.57,7.38,7.41,True,贵广网络,False
2024-09-10,7.873,7.913,7.683,7.823,78277.0,57846703.0,7.44,7.48,7.25,7.39,True,贵广网络,False
2024-09-11,7.803,7.833,7.723,7.773,44314.0,32526476.0,7.37,7.4,7.29,7.34,True,贵广网络,False
2024-09-12,7.793,7.963,7.793,7.853,78201.0,58025142.0,7.36,7.53,7.36,7.42,True,贵广网络,False
2024-09-13,7.873,8.173,7.823,8.003,159372.0,120644604.0,7.44,7.74,7.39,7.57,True,贵广网络,False
2024-09-18,7.923,7.953,7.793,7.843,82182.0,60896862.0,7.49,7.52,7.36,7.41,True,贵广网络,False
2024-09-19,7.883,7.983,7.823,7.933,93328.0,69996000.0,7.45,7.55,7.39,7.5,True,贵广网络,False
2024-09-20,7.933,8.183,7.903,8.003,113586.0,85984602.0,7.5,7.75,7.47,7.57,True,贵广网络,False
2024-09-23,7.913,8.053,7.913,7.943,74407.0,55879657.0,7.48,7.62,7.48,7.51,True,贵广网络,False
2024-09-24,8.003,8.233,7.973,8.233,185810.0,144931800.0,7.57,7.8,7.54,7.8,True,贵广网络,False
2024-09-25,8.273,8.483,8.273,8.293,186981.0,146967066.0,7.84,8.05,7.84,7.86,True,贵广网络,False
2024-09-26,8.293,8.683,8.243,8.673,201169.0,165763256.0,7.86,8.25,7.81,8.24,True,贵广网络,False
2024-09-27,8.733,8.923,8.603,8.913,175464.0,148793472.0,8.3,8.49,8.17,8.48,True,贵广网络,False
2024-09-30,9.233,9.633,8.993,9.623,389697.0,358131543.0,8.8,9.2,8.56,9.19,True,贵广网络,False
2024-10-08,10.523,10.523,9.593,9.963,447934.0,426881102.0,10.09,10.09,9.16,9.53,True,贵广网络,False
2024-10-09,9.793,9.803,9.013,9.013,352959.0,302838822.0,9.36,9.37,8.58,8.58,True,贵广网络,False
2024-10-10,8.773,9.323,8.773,9.033,305121.0,262404060.0,8.34,8.89,8.34,8.6,True,贵广网络,False
2024-10-11,9.183,9.363,8.783,8.973,229111.0,195660794.0,8.75,8.93,8.35,8.54,True,贵广网络,False
2024-10-14,8.733,8.993,8.663,8.913,207023.0,175555504.0,8.3,8.56,8.23,8.48,True,贵广网络,False
2024-10-15,8.833,9.393,8.763,9.013,292029.0,250560882.0,8.4,8.96,8.33,8.58,True,贵广网络,False
2024-10-16,8.893,9.373,8.803,9.113,225969.0,196141092.0,8.46,8.94,8.37,8.68,True,贵广网络,False
2024-10-17,9.103,9.323,9.033,9.083,230113.0,199047745.0,8.67,8.89,8.6,8.65,True,贵广网络,False
2024-10-18,8.973,9.333,8.933,9.223,257724.0,226539396.0,8.54,8.9,8.5,8.79,True,贵广网络,False
2024-10-21,9.133,9.413,9.133,9.233,251536.0,221351680.00000003,8.7,8.98,8.7,8.8,True,贵广网络,False
2024-10-22,9.153,9.373,9.153,9.203,211450.0,185441650.0,8.72,8.94,8.72,8.77,True,贵广网络,False
2024-10-23,9.173,9.403,9.103,9.313,254350.0,225862800.00000003,8.74,8.97,8.67,8.88,True,贵广网络,False
2024-10-24,9.233,9.663,9.233,9.553,324644.0,296075328.0,8.8,9.23,8.8,9.12,True,贵广网络,False
2024-10-25,9.533,10.463,9.533,10.253,689232.0,676825824.0,9.1,10.03,9.1,9.82,True,贵广网络,False
2024-10-28,10.083,10.253,9.943,10.183,420601.0,410085975.0,9.65,9.82,9.51,9.75,True,贵广网络,False
2024-10-29,10.133,10.213,9.773,9.853,310686.0,292666212.0,9.7,9.78,9.34,9.42,True,贵广网络,False
2024-10-30,9.763,10.593,9.623,10.383,505176.0,502650120.0,9.33,10.16,9.19,9.95,True,贵广网络,False
2024-10-31,10.333,10.663,10.203,10.373,363356.0,361175864.0,9.9,10.23,9.77,9.94,True,贵广网络,False
2024-11-01,10.513,11.023,10.153,10.153,444827.0,432371844.0,10.08,10.59,9.72,9.72,True,贵广网络,False
2024-11-04,9.893,10.393,9.833,10.283,237916.0,234347260.0,9.46,9.96,9.4,9.85,True,贵广网络,False
2024-11-05,10.213,10.643,10.213,10.543,286401.0,289551411.0,9.78,10.21,9.78,10.11,True,贵广网络,False
2024-11-06,10.483,11.173,10.483,10.903,380295.0,398168865.0,10.05,10.74,10.05,10.47,True,贵广网络,False
2024-11-07,10.823,11.083,10.723,10.903,271509.0,284269923.0,10.39,10.65,10.29,10.47,True,贵广网络,False
2024-11-08,10.913,11.273,10.893,11.123,291833.0,311969477.0,10.48,10.84,10.46,10.69,True,贵广网络,False
2024-11-11,11.033,11.123,10.793,11.023,272921.0,289023339.0,10.6,10.69,10.36,10.59,True,贵广网络,False
2024-11-12,11.003,11.143,10.683,10.823,246529.0,256143631.0,10.57,10.71,10.25,10.39,True,贵广网络,False
2024-11-13,10.773,11.003,10.733,10.943,190847.0,200580197.0,10.34,10.57,10.3,10.51,True,贵广网络,False
2024-11-14,11.003,11.083,10.593,10.613,186594.0,189952692.0,10.57,10.65,10.16,10.18,True,贵广网络,False
2024-11-15,10.503,10.733,10.223,10.243,235769.0,231289389.0,10.07,10.3,9.79,9.81,True,贵广网络,False
2024-11-18,10.303,10.323,9.563,9.653,292572.0,269751384.0,9.87,9.89,9.13,9.22,True,贵广网络,False
2024-11-19,9.673,9.763,9.423,9.713,207075.0,192165600.0,9.24,9.33,8.99,9.28,True,贵广网络,False
2024-11-20,9.683,10.263,9.653,10.153,266785.0,259315020.00000003,9.25,9.83,9.22,9.72,True,贵广网络,False
2024-11-21,10.103,10.413,10.053,10.243,214216.0,210145896.0,9.67,9.98,9.62,9.81,True,贵广网络,False
2024-11-22,10.173,10.503,9.913,9.953,221163.0,210547176.0,9.74,10.07,9.48,9.52,True,贵广网络,False
2024-11-25,9.933,10.103,9.643,10.013,154372.0,147888376.0,9.5,9.67,9.21,9.58,True,贵广网络,False
2024-11-26,10.103,10.213,9.833,9.873,124087.0,117138128.0,9.67,9.78,9.4,9.44,True,贵广网络,False
2024-11-27,9.843,10.133,9.643,10.123,162220.0,157191180.0,9.41,9.7,9.21,9.69,True,贵广网络,False
2024-11-28,10.143,10.363,10.083,10.103,154510.0,149411170.0,9.71,9.93,9.65,9.67,True,贵广网络,False
2024-11-29,10.113,10.333,10.033,10.273,185512.0,182543808.0,9.68,9.9,9.6,9.84,True,贵广网络,False
2024-12-02,10.223,10.373,10.163,10.253,137431.0,134957242.0,9.79,9.94,9.73,9.82,True,贵广网络,False
2024-12-03,10.283,10.393,10.133,10.253,134805.0,132378510.0,9.85,9.96,9.7,9.82,True,贵广网络,False
2024-12-04,10.253,10.273,9.883,9.963,142212.0,135528036.0,9.82,9.84,9.45,9.53,True,贵广网络,False
2024-12-05,9.963,10.173,9.913,10.153,123467.0,120009924.0,9.53,9.74,9.48,9.72,True,贵广网络,False
2024-12-06,10.173,10.913,10.083,10.713,373893.0,384362004.0,9.74,10.48,9.65,10.28,True,贵广网络,False
2024-12-09,10.533,10.613,10.293,10.383,213923.0,212853385.0,10.1,10.18,9.86,9.95,True,贵广网络,False
2024-12-10,10.593,10.633,10.343,10.343,180348.0,178724868.0,10.16,10.2,9.91,9.91,True,贵广网络,False
2024-12-11,10.353,10.613,10.313,10.563,184913.0,187316869.0,9.92,10.18,9.88,10.13,True,贵广网络,False
2024-12-12,10.613,10.673,10.453,10.643,173154.0,176790234.0,10.18,10.24,10.02,10.21,True,贵广网络,False
2024-12-13,10.533,10.983,10.513,10.683,250905.0,257177625.0,10.1,10.55,10.08,10.25,True,贵广网络,False
2024-12-16,10.533,10.713,10.333,10.413,182798.0,182432404.0,10.1,10.28,9.9,9.98,True,贵广网络,False
2024-12-17,10.393,10.433,9.953,9.983,176932.0,168970060.0,9.96,10.0,9.52,9.55,True,贵广网络,False
2024-12-18,10.033,10.183,9.863,10.053,119577.0,115033074.0,9.6,9.75,9.43,9.62,True,贵广网络,False
2024-12-19,9.933,10.193,9.843,10.163,127315.0,123877495.0,9.5,9.76,9.41,9.73,True,贵广网络,False
2024-12-20,10.133,10.573,10.033,10.283,213991.0,210781135.0,9.7,10.14,9.6,9.85,True,贵广网络,False
2024-12-23,10.133,10.133,9.453,9.503,247346.0,224342822.0,9.7,9.7,9.02,9.07,True,贵广网络,False
2024-12-24,9.543,9.583,9.213,9.353,211855.0,188974660.0,9.11,9.15,8.78,8.92,True,贵广网络,False
2024-12-25,9.343,9.363,8.923,9.183,145478.0,127293250.0,8.91,8.93,8.49,8.75,True,贵广网络,False
2024-12-26,9.213,9.333,9.153,9.243,83381.0,73458661.0,8.78,8.9,8.72,8.81,True,贵广网络,False
2024-12-27,9.243,9.453,9.143,9.253,111619.0,98447958.0,8.81,9.02,8.71,8.82,True,贵广网络,False
2024-12-30,9.173,9.233,8.913,9.083,118380.0,102398700.0,8.74,8.8,8.48,8.65,True,贵广网络,False
2024-12-31,9.083,9.243,8.963,8.983,118279.0,101128545.0,8.65,8.81,8.53,8.55,True,贵广网络,False
2025-01-02,9.023,9.033,8.533,8.643,159969.0,131334549.0,8.59,8.6,8.1,8.21,True,贵广网络,False
2025-01-03,8.703,8.743,8.313,8.353,185400.0,146836800.0,8.27,8.31,7.88,7.92,True,贵广网络,False
2025-01-06,8.363,8.383,8.083,8.193,131609.0,102128584.0,7.93,7.95,7.65,7.76,True,贵广网络,False
2025-01-07,8.213,8.493,8.143,8.463,146723.0,117818569.0,7.78,8.06,7.71,8.03,True,贵广网络,False
2025-01-08,8.443,8.473,8.133,8.293,131782.0,103580652.0,8.01,8.04,7.7,7.86,True,贵广网络,False
2025-01-09,8.283,8.353,8.213,8.273,86904.0,68132736.0,7.85,7.92,7.78,7.84,True,贵广网络,False
2025-01-10,8.303,8.423,8.063,8.083,107576.0,82295640.0,7.87,7.99,7.63,7.65,True,贵广网络,False
2025-01-13,7.933,8.103,7.753,8.053,105555.0,80432910.0,7.5,7.67,7.32,7.62,True,贵广网络,False
2025-01-14,8.113,8.633,8.073,8.513,171431.0,138516248.0,7.68,8.2,7.64,8.08,True,贵广网络,False
2025-01-15,8.383,8.533,8.243,8.413,130712.0,104308176.0,7.95,8.1,7.81,7.98,True,贵广网络,False
2025-01-16,8.633,8.883,8.533,8.553,177916.0,144467792.0,8.2,8.45,8.1,8.12,True,贵广网络,False
2025-01-17,8.553,8.603,8.393,8.443,95329.0,76358529.0,8.12,8.17,7.96,8.01,True,贵广网络,False
2025-01-20,8.423,8.803,8.423,8.593,140330.0,114509280.0,7.99,8.37,7.99,8.16,True,贵广网络,False
2025-01-21,8.743,8.823,8.513,8.613,106066.0,86761988.0,8.31,8.39,8.08,8.18,True,贵广网络,False
2025-01-22,8.563,8.633,8.413,8.473,96991.0,77980763.99999999,8.13,8.2,7.98,8.04,True,贵广网络,False
2025-01-23,8.553,8.703,8.403,8.413,123966.0,98924868.0,8.12,8.27,7.97,7.98,True,贵广网络,False
2025-01-24,8.483,8.553,8.353,8.513,102347.0,82696376.0,8.05,8.12,7.92,8.08,True,贵广网络,False
2025-01-27,8.553,8.693,8.483,8.503,113038.0,91221666.0,8.12,8.26,8.05,8.07,True,贵广网络,False
2025-02-05,8.503,8.693,8.493,8.603,112112.0,91595504.0,8.07,8.26,8.06,8.17,True,贵广网络,False
2025-02-06,8.613,8.683,8.503,8.633,138863.0,113867660.0,8.18,8.25,8.07,8.2,True,贵广网络,False
2025-02-07,8.633,8.933,8.623,8.843,218620.0,183859420.0,8.2,8.5,8.19,8.41,True,贵广网络,False
2025-02-10,8.893,9.683,8.813,9.683,339533.0,314068025.0,8.46,9.25,8.38,9.25,True,贵广网络,False
2025-02-11,9.633,9.763,9.333,9.513,315985.0,286914380.0,9.2,9.33,8.9,9.08,True,贵广网络,False
2025-02-12,9.683,10.423,9.683,10.303,632972.0,624743364.0,9.25,9.99,9.25,9.87,True,贵广网络,False
2025-02-13,10.133,10.163,9.823,9.913,425781.0,403640388.0,9.7,9.73,9.39,9.48,True,贵广网络,False
2025-02-14,10.053,10.083,9.733,9.943,240845.0,229043595.0,9.62,9.65,9.3,9.51,True,贵广网络,False
2025-02-17,9.973,10.163,9.743,9.793,247390.0,231557040.0,9.54,9.73,9.31,9.36,True,贵广网络,False
2025-02-18,9.733,9.823,9.343,9.373,204087.0,182453778.0,9.3,9.39,8.91,8.94,True,贵广网络,False
2025-02-19,9.433,9.443,9.263,9.373,147623.0,131974962.0,9.0,9.01,8.83,8.94,True,贵广网络,False
2025-02-20,9.313,9.723,9.253,9.623,232758.0,213904602.0,8.88,9.29,8.82,9.19,True,贵广网络,False
2025-02-21,10.243,10.523,9.863,9.903,425930.0,403355710.0,9.81,10.09,9.43,9.47,True,贵广网络,False
2025-02-24,9.833,9.883,9.483,9.523,284875.0,258951375.0,9.4,9.45,9.05,9.09,True,贵广网络,False
2025-02-25,9.413,10.433,9.323,10.433,407753.0,407753000.0,8.98,10.0,8.89,10.0,True,贵广网络,False
2025-02-26,10.403,10.633,10.123,10.263,619503.0,608971449.0,9.97,10.2,9.69,9.83,True,贵广网络,False
2025-02-27,10.273,10.483,10.093,10.103,405210.0,391838070.0,9.84,10.05,9.66,9.67,True,贵广网络,False
2025-02-28,10.053,10.193,9.843,9.913,266455.0,252599340.0,9.62,9.76,9.41,9.48,True,贵广网络,False
2025-03-03,9.963,10.293,9.653,10.153,333193.0,323863596.0,9.53,9.86,9.22,9.72,True,贵广网络,False
2025-03-04,10.023,10.283,9.843,10.093,213540.0,206279640.0,9.59,9.85,9.41,9.66,True,贵广网络,False
2025-03-05,10.093,10.263,10.033,10.153,228743.0,222338196.0,9.66,9.83,9.6,9.72,True,贵广网络,False
2025-03-06,10.153,10.353,10.093,10.203,247397.0,241706869.0,9.72,9.92,9.66,9.77,True,贵广网络,False
2025-03-07,10.193,10.923,10.103,10.493,454592.0,457319552.0,9.76,10.49,9.67,10.06,True,贵广网络,False
2025-03-10,10.303,10.393,10.053,10.073,247473.0,238563972.0,9.87,9.96,9.62,9.64,True,贵广网络,False
2025-03-11,9.923,10.503,9.893,10.243,259230.0,254304630.0,9.49,10.07,9.46,9.81,True,贵广网络,False
2025-03-12,10.923,11.223,10.643,11.223,383233.0,413508407.0,10.49,10.79,10.21,10.79,True,贵广网络,False
2025-03-13,11.123,11.123,10.533,10.593,552333.0,561170328.0,10.69,10.69,10.1,10.16,True,贵广网络,False
2025-03-14,10.563,10.903,10.563,10.723,347643.0,357724647.0,10.13,10.47,10.13,10.29,True,贵广网络,False
2025-03-17,10.713,10.943,10.543,10.833,308128.0,320453120.0,10.28,10.51,10.11,10.4,True,贵广网络,False
2025-03-18,10.833,11.633,10.743,11.163,469247.0,503502031.0,10.4,11.2,10.31,10.73,True,贵广网络,False
2025-03-19,10.983,11.323,10.723,10.823,329335.0,342179065.0,10.55,10.89,10.29,10.39,True,贵广网络,False
2025-03-20,10.793,10.973,10.393,10.473,315639.0,316901556.0,10.36,10.54,9.96,10.04,True,贵广网络,False
2025-03-21,10.503,10.673,10.203,10.303,252271.0,248991477.0,10.07,10.24,9.77,9.87,True,贵广网络,False
2025-03-24,10.233,10.383,9.833,10.023,206807.0,198327913.0,9.8,9.95,9.4,9.59,True,贵广网络,False
2025-03-25,10.023,10.313,9.843,10.183,233912.0,228064200.0,9.59,9.88,9.41,9.75,True,贵广网络,False
2025-03-26,10.073,10.193,10.033,10.063,126227.0,121556601.0,9.64,9.76,9.6,9.63,True,贵广网络,False
2025-03-27,10.063,10.363,9.853,10.253,223059.0,219043938.0,9.63,9.93,9.42,9.82,True,贵广网络,False
2025-03-28,10.153,10.523,10.083,10.233,218221.0,213856580.00000003,9.72,10.09,9.65,9.8,True,贵广网络,False
2025-03-31,10.043,10.163,9.933,10.083,132217.0,127589405.0,9.61,9.73,9.5,9.65,True,贵广网络,False
2025-04-01,10.213,10.253,9.983,10.033,100800.0,96768000.0,9.78,9.82,9.55,9.6,True,贵广网络,False
2025-04-02,9.973,10.123,9.973,10.063,93998.0,90520074.0,9.54,9.69,9.54,9.63,True,贵广网络,False
2025-04-03,9.923,10.273,9.883,10.053,118791.0,114276942.0,9.49,9.84,9.45,9.62,True,贵广网络,False
2025-04-07,9.433,9.633,9.093,9.093,162961.0,141124226.0,9.0,9.2,8.66,8.66,True,贵广网络,False
2025-04-08,8.813,9.143,8.363,8.693,268024.0,221387824.0,8.38,8.71,7.93,8.26,True,贵广网络,False
2025-04-09,8.503,8.833,7.993,8.783,260072.0,217160120.0,8.07,8.4,7.56,8.35,True,贵广网络,False
2025-04-10,8.833,9.113,8.833,8.953,193568.0,164919936.0,8.4,8.68,8.4,8.52,True,贵广网络,False
2025-04-11,8.943,9.263,8.873,9.053,146783.0,126526946.0,8.51,8.83,8.44,8.62,True,贵广网络,False
2025-04-14,9.193,9.313,9.053,9.253,151901.0,133976682.0,8.76,8.88,8.62,8.82,True,贵广网络,False
2025-04-15,9.223,9.393,9.193,9.223,103740.0,91187460.0,8.79,8.96,8.76,8.79,True,贵广网络,False
2025-04-16,9.223,9.303,8.943,9.133,127652.0,111057240.0,8.79,8.87,8.51,8.7,True,贵广网络,False
2025-04-17,9.063,9.163,9.063,9.073,74325.0,64216800.00000001,8.63,8.73,8.63,8.64,True,贵广网络,False
2025-04-18,9.113,9.163,8.983,9.163,81607.0,71242911.0,8.68,8.73,8.55,8.73,True,贵广网络,False
2025-04-21,9.123,9.223,9.063,9.173,81539.0,71265086.0,8.69,8.79,8.63,8.74,True,贵广网络,False
2025-04-22,9.153,9.203,9.103,9.133,81176.0,70623120.0,8.72,8.77,8.67,8.7,True,贵广网络,False
2025-04-23,9.133,9.223,9.083,9.093,75966.0,65786556.0,8.7,8.79,8.65,8.66,True,贵广网络,False
2025-04-24,9.093,9.103,8.713,8.723,142458.0,118097682.0,8.66,8.67,8.28,8.29,True,贵广网络,False
2025-04-25,8.653,8.743,8.443,8.643,151163.0,124104823.0,8.22,8.31,8.01,8.21,True,贵广网络,False
2025-04-28,8.613,8.793,8.563,8.663,98030.0,80678690.0,8.18,8.36,8.13,8.23,True,贵广网络,False
2025-04-29,8.653,8.923,8.583,8.883,112279.0,94875755.0,8.22,8.49,8.15,8.45,True,贵广网络,False
2025-04-30,8.883,9.123,8.873,8.993,119120.0,101966720.0,8.45,8.69,8.44,8.56,True,贵广网络,False
2025-05-06,8.993,9.563,8.993,9.373,193917.0,173361798.0,8.56,9.13,8.56,8.94,True,贵广网络,False
2025-05-07,9.373,9.433,9.183,9.263,152005.0,134220415.0,8.94,9.0,8.75,8.83,True,贵广网络,False
2025-05-08,9.263,9.333,9.223,9.313,83035.0,73735080.0,8.83,8.9,8.79,8.88,True,贵广网络,False
2025-05-09,9.313,9.373,9.123,9.153,89715.0,78231480.0,8.88,8.94,8.69,8.72,True,贵广网络,False
2025-05-12,9.223,9.253,9.113,9.193,89485.0,78388860.0,8.79,8.82,8.68,8.76,True,贵广网络,False
2025-05-13,9.283,9.323,9.083,9.093,86460.0,74874360.0,8.85,8.89,8.65,8.66,True,贵广网络,False
2025-05-14,9.093,9.203,9.003,9.093,95311.0,82539326.0,8.66,8.77,8.57,8.66,True,贵广网络,False
2025-05-15,9.083,9.263,8.883,8.943,119517.0,101708967.0,8.65,8.83,8.45,8.51,True,贵广网络,False
2025-05-16,8.953,9.213,8.883,9.083,107572.0,93049780.0,8.52,8.78,8.45,8.65,True,贵广网络,False
2025-05-19,9.233,9.393,9.143,9.273,168768.0,149190912.0,8.8,8.96,8.71,8.84,True,贵广网络,False
2025-05-20,9.313,9.313,9.143,9.243,104133.0,91741173.0,8.88,8.88,8.71,8.81,True,贵广网络,False
2025-05-21,9.223,9.303,9.093,9.123,109087.0,94796603.0,8.79,8.87,8.66,8.69,True,贵广网络,False
2025-05-22,9.103,9.153,8.903,8.913,100336.0,85084928.0,8.67,8.72,8.47,8.48,True,贵广网络,False
2025-05-23,8.883,9.123,8.623,8.623,169230.0,138599370.0,8.45,8.69,8.19,8.19,True,贵广网络,False
2025-05-26,8.613,8.843,8.613,8.783,109786.0,91671310.0,8.18,8.41,8.18,8.35,True,贵广网络,False
2025-05-27,8.793,8.803,8.633,8.743,66139.0,54961509.0,8.36,8.37,8.2,8.31,True,贵广网络,False
2025-05-28,8.733,9.053,8.633,8.673,188361.0,155209464.0,8.3,8.62,8.2,8.24,True,贵广网络,False
2025-05-29,8.593,8.903,8.583,8.863,146267.0,123303081.0,8.16,8.47,8.15,8.43,True,贵广网络,False
2025-05-30,8.883,9.093,8.753,8.823,176165.0,147802435.0,8.45,8.66,8.32,8.39,True,贵广网络,False
2025-06-03,8.683,8.883,8.633,8.693,124492.0,102830392.0,8.25,8.45,8.2,8.26,True,贵广网络,False
2025-06-04,8.653,9.113,8.653,8.803,223339.0,186934743.0,8.22,8.68,8.22,8.37,True,贵广网络,False
2025-06-05,8.803,9.193,8.793,8.953,170201.0,145011252.0,8.37,8.76,8.36,8.52,True,贵广网络,False
2025-06-06,8.943,9.073,8.863,8.983,114364.0,97781220.0,8.51,8.64,8.43,8.55,True,贵广网络,False
2025-06-09,8.943,9.033,8.913,8.993,95879.0,82072424.0,8.51,8.6,8.48,8.56,True,贵广网络,False
2025-06-10,9.023,9.023,8.723,8.843,150684.0,126725244.0,8.59,8.59,8.29,8.41,True,贵广网络,False
2025-06-11,8.833,8.983,8.803,8.843,99083.0,83328803.0,8.4,8.55,8.37,8.41,True,贵广网络,False
2025-06-12,8.863,8.963,8.753,8.943,127367.0,108389317.0,8.43,8.53,8.32,8.51,True,贵广网络,False
2025-06-13,8.913,8.913,8.713,8.713,167966.0,139075848.0,8.48,8.48,8.28,8.28,True,贵广网络,False
2025-06-16,8.633,8.833,8.633,8.703,115260.0,95320020.0,8.2,8.4,8.2,8.27,True,贵广网络,False
2025-06-17,8.703,8.813,8.593,8.633,105651.0,86633819.99999999,8.27,8.38,8.16,8.2,True,贵广网络,False
2025-06-18,8.633,8.653,8.463,8.573,139445.0,113508230.0,8.2,8.22,8.03,8.14,True,贵广网络,False
2025-06-19,8.543,8.653,8.483,8.503,114814.0,92654898.0,8.11,8.22,8.05,8.07,True,贵广网络,False
2025-06-20,8.443,8.553,8.393,8.523,97138.0,78584642.0,8.01,8.12,7.96,8.09,True,贵广网络,False
2025-06-23,8.453,8.543,8.333,8.453,111797.0,89661194.0,8.02,8.11,7.9,8.02,True,贵广网络,False
2025-06-24,8.483,8.753,8.463,8.713,162091.0,134211348.0,8.05,8.32,8.03,8.28,True,贵广网络,False
2025-06-25,8.713,8.753,8.603,8.723,120787.0,100132423.0,8.28,8.32,8.17,8.29,True,贵广网络,False
2025-06-26,8.723,8.793,8.643,8.653,135215.0,111146730.0,8.29,8.36,8.21,8.22,True,贵广网络,False
2025-06-27,8.653,8.773,8.613,8.673,125007.0,103005768.0,8.22,8.34,8.18,8.24,True,贵广网络,False
2025-06-30,8.673,8.913,8.643,8.773,178961.0,149253474.0,8.24,8.48,8.21,8.34,True,贵广网络,False
2025-07-01,8.823,8.893,8.683,8.713,149429.0,123727212.0,8.39,8.46,8.25,8.28,True,贵广网络,False
2025-07-02,8.663,8.813,8.593,8.703,178714.0,147796478.0,8.23,8.38,8.16,8.27,True,贵广网络,False
2025-07-03,8.683,8.763,8.593,8.613,142223.0,116338414.0,8.25,8.33,8.16,8.18,True,贵广网络,False
2025-07-04,8.623,8.733,8.553,8.583,134624.0,109718560.0,8.19,8.3,8.12,8.15,True,贵广网络,False
2025-07-07,8.533,8.623,8.383,8.593,126267.0,103033872.0,8.1,8.19,7.95,8.16,True,贵广网络,False
2025-07-08,8.593,9.183,8.553,8.963,323749.0,276157897.0,8.16,8.75,8.12,8.53,True,贵广网络,False
2025-07-09,8.973,9.303,8.953,9.033,252686.0,217309960.0,8.54,8.87,8.52,8.6,True,贵广网络,False
2025-07-10,8.983,9.033,8.803,8.863,147869.0,124653567.0,8.55,8.6,8.37,8.43,True,贵广网络,False
2025-07-11,8.833,8.863,8.713,8.783,122084.0,101940140.0,8.4,8.43,8.28,8.35,True,贵广网络,False
2025-07-14,8.773,8.833,8.703,8.763,119768.0,99766744.0,8.34,8.4,8.27,8.33,True,贵广网络,False
2025-07-15,8.733,8.753,8.543,8.603,166018.0,135636706.0,8.3,8.32,8.11,8.17,True,贵广网络,False
2025-07-16,8.613,8.703,8.583,8.613,103938.0,85021284.0,8.18,8.27,8.15,8.18,True,贵广网络,False
2025-07-17,8.613,8.653,8.583,8.633,99351.0,81467820.0,8.18,8.22,8.15,8.2,True,贵广网络,False
2025-07-18,8.663,8.703,8.613,8.643,91056.0,74756976.00000001,8.23,8.27,8.18,8.21,True,贵广网络,False
2025-07-21,8.643,8.703,8.583,8.703,126510.0,104623770.0,8.21,8.27,8.15,8.27,True,贵广网络,False
2025-07-22,8.703,8.733,8.673,8.703,122768.0,101529136.0,8.27,8.3,8.24,8.27,True,贵广网络,False
2025-07-23,8.683,8.733,8.573,8.583,147630.0,120318450.0,8.25,8.3,8.14,8.15,True,贵广网络,False
2025-07-24,8.613,8.683,8.583,8.683,116277.0,95928525.0,8.18,8.25,8.15,8.25,True,贵广网络,False
2025-07-25,8.693,8.923,8.653,8.773,224095.0,186895230.0,8.26,8.49,8.22,8.34,True,贵广网络,False
2025-07-28,8.773,8.823,8.653,8.663,142479.0,117260217.0,8.34,8.39,8.22,8.23,True,贵广网络,False
2025-07-29,8.643,8.683,8.563,8.633,136015.0,111532300.0,8.21,8.25,8.13,8.2,True,贵广网络,False
2025-07-30,8.623,8.643,8.483,8.553,125459.0,101872708.0,8.19,8.21,8.05,8.12,True,贵广网络,False
2025-07-31,8.543,9.033,8.483,8.683,352611.0,290904075.0,8.11,8.6,8.05,8.25,True,贵广网络,False
2025-08-01,8.683,8.753,8.553,8.633,168921.0,138515220.0,8.25,8.32,8.12,8.2,True,贵广网络,False
2025-08-04,8.543,8.663,8.503,8.663,128552.0,105798296.0,8.11,8.23,8.07,8.23,True,贵广网络,False
2025-08-05,8.633,8.783,8.583,8.693,143778.0,118760628.0,8.2,8.35,8.15,8.26,True,贵广网络,False
2025-08-06,8.683,8.703,8.603,8.663,143129.0,117795167.0,8.25,8.27,8.17,8.23,True,贵广网络,False
2025-08-07,8.693,8.813,8.653,8.673,188625.0,155427000.0,8.26,8.38,8.22,8.24,True,贵广网络,False
2025-08-08,8.693,8.963,8.563,8.933,287497.0,244372450.0,8.26,8.53,8.13,8.5,True,贵广网络,False
2025-08-11,8.763,9.003,8.703,8.823,268542.0,225306738.00000003,8.33,8.57,8.27,8.39,True,贵广网络,False
2025-08-12,8.833,8.963,8.763,8.783,158551.0,132390085.0,8.4,8.53,8.33,8.35,True,贵广网络,False
2025-08-13,8.793,9.053,8.753,8.873,272451.0,229948644.0,8.36,8.62,8.32,8.44,True,贵广网络,False
2025-08-14,8.893,8.903,8.623,8.673,242725.0,200005400.0,8.46,8.47,8.19,8.24,True,贵广网络,False
2025-08-15,8.673,9.303,8.643,9.023,405809.0,348589931.0,8.24,8.87,8.21,8.59,True,贵广网络,False
2025-08-18,8.943,9.183,8.933,9.003,289397.0,248013229.0,8.51,8.75,8.5,8.57,True,贵广网络,False
2025-08-19,9.023,9.163,8.933,9.003,203441.0,174348937.0,8.59,8.73,8.5,8.57,True,贵广网络,False
2025-08-20,9.003,9.043,8.863,8.963,199967.0,170571851.0,8.57,8.61,8.43,8.53,True,贵广网络,False
2025-08-21,8.963,9.003,8.873,8.913,185448.0,157259904.0,8.53,8.57,8.44,8.48,True,贵广网络,False
2025-08-22,8.923,9.073,8.883,9.003,243360.0,208559520.0,8.49,8.64,8.45,8.57,True,贵广网络,False
2025-08-25,9.043,9.303,9.003,9.133,321377.0,279597990.0,8.61,8.87,8.57,8.7,True,贵广网络,False
2025-08-26,9.093,9.373,9.063,9.353,342401.0,305421692.0,8.66,8.94,8.63,8.92,True,贵广网络,False
2025-08-27,9.353,9.423,9.033,9.063,312983.0,270104329.0,8.92,8.99,8.6,8.63,True,贵广网络,False
2025-08-28,9.033,9.323,8.863,9.073,316171.0,273171744.0,8.6,8.89,8.43,8.64,True,贵广网络,False
2025-08-29,9.073,9.093,8.813,8.843,250714.0,210850474.0,8.64,8.66,8.38,8.41,True,贵广网络,False
2025-09-01,8.783,8.963,8.783,8.933,216445.0,183978250.0,8.35,8.53,8.35,8.5,True,贵广网络,False
2025-09-02,8.903,8.913,8.583,8.673,260774.0,214877776.0,8.47,8.48,8.15,8.24,True,贵广网络,False
2025-09-03,8.673,8.793,8.563,8.613,174916.0,143081288.0,8.24,8.36,8.13,8.18,True,贵广网络,False
2025-09-04,8.623,8.873,8.523,8.623,248813.0,203777847.0,8.19,8.44,8.09,8.19,True,贵广网络,False
2025-09-05,8.643,8.683,8.503,8.663,165514.0,136218022.0,8.21,8.25,8.07,8.23,True,贵广网络,False
2025-09-08,8.603,8.853,8.593,8.803,234615.0,196372755.0,8.17,8.42,8.16,8.37,True,贵广网络,False
2025-09-09,8.733,8.783,8.633,8.673,166889.0,137516536.0,8.3,8.35,8.2,8.24,True,贵广网络,False
2025-09-10,8.673,8.723,8.613,8.663,146272.0,120381856.0,8.24,8.29,8.18,8.23,True,贵广网络,False
2025-09-11,8.633,8.813,8.523,8.713,208039.0,172256292.0,8.2,8.38,8.09,8.28,True,贵广网络,False
2025-09-12,8.703,8.753,8.643,8.683,134326.0,110818950.0,8.27,8.32,8.21,8.25,True,贵广网络,False
2025-09-15,8.613,9.073,8.553,8.763,388097.0,323284801.0,8.18,8.64,8.12,8.33,True,贵广网络,False
2025-09-16,8.703,8.783,8.613,8.713,206978.0,171377784.0,8.27,8.35,8.18,8.28,True,贵广网络,False
2025-09-17,8.683,8.763,8.663,8.703,140393.0,116105011.0,8.25,8.33,8.23,8.27,True,贵广网络,False
2025-09-18,8.713,8.763,8.563,8.603,206422.0,168646774.0,8.28,8.33,8.13,8.17,True,贵广网络,False
2025-09-19,8.823,9.423,8.823,9.423,677860.0,609396140.0,8.39,8.99,8.39,8.99,True,贵广网络,False
2025-09-22,9.763,10.323,9.613,10.323,530113.0,524281757.00000006,9.33,9.89,9.18,9.89,True,贵广网络,False
2025-09-23,11.313,11.313,10.943,11.313,765304.0,832650752.0000001,10.88,10.88,10.51,10.88,True,贵广网络,False
2025-09-24,11.233,11.313,10.223,10.223,1117904.0,1094428016.0,10.8,10.88,9.79,9.79,True,贵广网络,False
2025-09-25,9.983,10.913,9.833,10.433,1012217.0,1012217000.0,9.55,10.48,9.4,10.0,True,贵广网络,False
2025-09-26,10.143,10.283,9.673,9.723,690858.0,641807082.0,9.71,9.85,9.24,9.29,True,贵广网络,False
2025-09-29,9.733,9.963,9.463,9.733,415605.0,386512650.0,9.3,9.53,9.03,9.3,True,贵广网络,False
2025-09-30,9.783,10.553,9.653,10.223,568912.0,556964848.0,9.35,10.12,9.22,9.79,True,贵广网络,False
2025-10-09,10.383,10.423,10.053,10.203,367203.0,358757331.0,9.95,9.99,9.62,9.77,True,贵广网络,False
2025-10-10,10.233,10.263,9.953,10.123,288726.0,279775494.0,9.8,9.83,9.52,9.69,True,贵广网络,False
2025-10-13,9.803,9.963,9.633,9.883,279873.0,264479985.0,9.37,9.53,9.2,9.45,True,贵广网络,False
2025-10-14,9.973,9.993,9.603,9.623,298313.0,274149647.0,9.54,9.56,9.17,9.19,True,贵广网络,False
2025-10-15,9.643,9.883,9.583,9.753,196008.0,182679456.0,9.21,9.45,9.15,9.32,True,贵广网络,False
2025-10-16,9.693,10.453,9.693,10.123,471784.0,457158696.0,9.26,10.02,9.26,9.69,True,贵广网络,False
2025-10-17,10.123,10.163,9.803,9.813,283759.0,266165942.00000003,9.69,9.73,9.37,9.38,True,贵广网络,False
2025-10-20,9.883,10.423,9.733,10.233,420791.0,412375180.00000006,9.45,9.99,9.3,9.8,True,贵广网络,False
2025-10-21,10.163,10.313,10.003,10.223,283359.0,277408461.0,9.73,9.88,9.57,9.79,True,贵广网络,False
2025-10-22,10.133,10.303,10.013,10.043,218084.0,209578724.0,9.7,9.87,9.58,9.61,True,贵广网络,False
2025-10-23,10.183,10.273,9.783,9.883,244324.0,230886180.0,9.75,9.84,9.35,9.45,True,贵广网络,False
2025-10-24,9.883,10.173,9.843,10.113,288228.0,279004704.0,9.45,9.74,9.41,9.68,True,贵广网络,False
2025-10-27,10.183,10.383,10.053,10.203,323580.0,316137660.0,9.75,9.95,9.62,9.77,True,贵广网络,False
2025-10-28,10.143,10.223,10.053,10.083,175259.0,169124935.0,9.71,9.79,9.62,9.65,True,贵广网络,False
2025-10-29,10.033,10.243,9.903,10.013,184921.0,177154318.0,9.6,9.81,9.47,9.58,True,贵广网络,False
2025-10-30,9.973,10.133,9.903,10.033,173414.0,166477440.0,9.54,9.7,9.47,9.6,True,贵广网络,False
2025-10-31,10.033,10.263,10.033,10.203,242775.0,237191175.0,9.6,9.83,9.6,9.77,True,贵广网络,False
2025-11-03,10.153,10.613,10.083,10.453,345760.0,346451520.0,9.72,10.18,9.65,10.02,True,贵广网络,False
2025-11-04,10.413,10.413,10.123,10.223,216208.0,211667632.0,9.98,9.98,9.69,9.79,True,贵广网络,False
2025-11-05,10.133,10.403,10.093,10.233,191609.0,187776820.0,9.7,9.97,9.66,9.8,True,贵广网络,False
2025-11-06,10.243,10.303,10.093,10.133,182939.0,177450830.0,9.81,9.87,9.66,9.7,True,贵广网络,False
2025-11-07,10.123,10.413,9.983,10.093,273294.0,264002004.0,9.69,9.98,9.55,9.66,True,贵广网络,False
2025-11-10,10.093,10.173,9.783,9.793,262251.0,245466936.0,9.66,9.74,9.35,9.36,True,贵广网络,False
2025-11-11,9.783,9.843,9.653,9.663,161776.0,149319248.0,9.35,9.41,9.22,9.23,True,贵广网络,False
2025-11-12,9.663,10.583,9.623,10.293,737747.0,727418542.0,9.23,10.15,9.19,9.86,True,贵广网络,False
2025-11-13,10.283,10.703,10.283,10.413,522028.0,520983944.0,9.85,10.27,9.85,9.98,True,贵广网络,False
2025-11-14,10.393,10.483,10.193,10.283,319564.0,314770540.0,9.96,10.05,9.76,9.85,True,贵广网络,False
2025-11-17,10.203,10.473,10.203,10.453,278163.0,278719326.0,9.77,10.04,9.77,10.02,True,贵广网络,False
2025-11-18,10.463,10.613,10.313,10.473,260941.0,261984764.0,10.03,10.18,9.88,10.04,True,贵广网络,False
2025-11-19,10.433,10.453,9.923,9.993,272562.0,260569272.0,10.0,10.02,9.49,9.56,True,贵广网络,False
2025-11-20,10.153,10.953,9.983,10.953,485776.0,511036352.0,9.72,10.52,9.55,10.52,True,贵广网络,False
2025-11-21,10.933,12.003,10.843,12.003,1164302.0,1347097414.0,10.5,11.57,10.41,11.57,True,贵广网络,False
2025-11-24,12.563,12.623,10.963,11.613,1160375.0,1297299250.0,12.13,12.19,10.53,11.18,True,贵广网络,False
2025-11-25,11.593,12.313,11.333,12.033,951327.0,1103539320.0,11.16,11.88,10.9,11.6,True,贵广网络,False
2025-11-26,11.713,12.403,11.663,12.183,784482.0,921766350.0,11.28,11.97,11.23,11.75,True,贵广网络,False
2025-11-27,12.003,13.353,12.003,13.033,1004381.0,1265520060.0,11.57,12.92,11.57,12.6,True,贵广网络,False
2025-11-28,12.813,13.123,12.463,12.543,648672.0,785541792.0,12.38,12.69,12.03,12.11,True,贵广网络,False
2025-12-01,12.533,12.963,12.313,12.313,515457.0,612362916.0,12.1,12.53,11.88,11.88,True,贵广网络,False
2025-12-02,12.333,12.503,12.183,12.353,350939.0,418319288.0,11.9,12.07,11.75,11.92,True,贵广网络,False
2025-12-03,12.413,12.433,11.683,11.763,446245.0,505595585.0,11.98,12.0,11.25,11.33,True,贵广网络,False
2025-12-04,11.833,11.913,11.383,11.413,352069.0,386571762.0,11.4,11.48,10.95,10.98,True,贵广网络,False
2025-12-05,11.533,12.163,11.463,11.933,438152.0,503874800.0,11.1,11.73,11.03,11.5,True,贵广网络,False
2025-12-08,12.033,12.153,11.703,11.753,278331.0,315070692.0,11.6,11.72,11.27,11.32,True,贵广网络,False
2025-12-09,11.653,12.123,11.653,11.803,243307.0,276640059.0,11.22,11.69,11.22,11.37,True,贵广网络,False
2025-12-10,11.883,11.963,11.623,11.733,212745.0,240401850.00000003,11.45,11.53,11.19,11.3,True,贵广网络,False
2025-12-11,11.743,12.033,11.613,11.633,244551.0,273897120.0,11.31,11.6,11.18,11.2,True,贵广网络,False
2025-12-12,11.633,11.743,11.463,11.583,187720.0,209307800.0,11.2,11.31,11.03,11.15,True,贵广网络,False
2025-12-15,11.583,11.643,11.233,11.393,201616.0,220971136.00000003,11.15,11.21,10.8,10.96,True,贵广网络,False
2025-12-16,11.343,11.423,10.823,10.883,316600.0,330847000.0,10.91,10.99,10.39,10.45,True,贵广网络,False
2025-12-17,10.893,10.923,10.613,10.773,206231.0,213242854.0,10.46,10.49,10.18,10.34,True,贵广网络,False
2025-12-18,10.683,10.883,10.573,10.583,159272.0,161661080.0,10.25,10.45,10.14,10.15,True,贵广网络,False
2025-12-19,10.683,10.963,10.573,10.853,256554.0,267329268.0,10.25,10.53,10.14,10.42,True,贵广网络,False
2025-12-22,10.803,10.983,10.723,10.953,213730.0,224843960.0,10.37,10.55,10.29,10.52,True,贵广网络,False
2025-12-23,10.933,11.083,10.743,10.793,179273.0,185726828.0,10.5,10.65,10.31,10.36,True,贵广网络,False
2025-12-24,10.753,11.263,10.753,11.093,241378.0,257308948.0,10.32,10.83,10.32,10.66,True,贵广网络,False
2025-12-25,11.093,11.693,11.053,11.373,291006.0,318360564.0,10.66,11.26,10.62,10.94,True,贵广网络,False
2025-12-26,11.423,11.583,11.053,11.173,234980.0,252368520.0,10.99,11.15,10.62,10.74,True,贵广网络,False
2025-12-29,11.163,11.383,10.743,10.753,271202.0,279880464.0,10.73,10.95,10.31,10.32,True,贵广网络,False
2025-12-30,10.753,10.893,10.303,10.373,291980.0,290228120.0,10.32,10.46,9.87,9.94,True,贵广网络,False
2025-12-31,10.433,10.743,10.183,10.473,265579.0,266641316.0,10.0,10.31,9.75,10.04,True,贵广网络,False
2026-01-05,10.433,10.473,10.223,10.353,268006.0,265861952.0,10.0,10.04,9.79,9.92,True,贵广网络,False
2026-01-06,10.413,10.613,10.313,10.393,231397.0,230471412.00000003,9.98,10.18,9.88,9.96,True,贵广网络,False
2026-01-07,10.313,10.503,10.223,10.303,200078.0,197476986.0,9.88,10.07,9.79,9.87,True,贵广网络,False
2026-01-08,10.293,10.683,10.293,10.483,301734.0,303242670.0,9.86,10.25,9.86,10.05,True,贵广网络,False
2026-01-09,10.573,10.803,10.503,10.653,305324.0,312041128.0,10.14,10.37,10.07,10.22,True,贵广网络,False
2026-01-12,10.763,10.833,10.513,10.733,402687.0,414767610.0,10.33,10.4,10.08,10.3,True,贵广网络,False
2026-01-13,10.763,10.833,10.453,10.483,411906.0,413965530.0,10.33,10.4,10.02,10.05,True,贵广网络,False
2026-01-14,10.483,10.783,10.413,10.583,412734.0,418925010.0,10.05,10.35,9.98,10.15,True,贵广网络,False
2026-01-15,10.563,10.563,10.133,10.243,326991.0,320778171.0,10.13,10.13,9.7,9.81,True,贵广网络,False
2026-01-16,10.243,10.383,9.953,10.063,309764.0,298302732.0,9.81,9.95,9.52,9.63,True,贵广网络,False
2026-01-19,9.833,9.983,9.533,9.903,244181.0,231239407.00000003,9.4,9.55,9.1,9.47,True,贵广网络,False
2026-01-20,9.933,10.103,9.603,9.843,286387.0,269490167.0,9.5,9.67,9.17,9.41,True,贵广网络,False
2026-01-21,9.803,10.383,9.753,9.913,461720.0,437710560.0,9.37,9.95,9.32,9.48,True,贵广网络,False
2026-01-22,9.893,9.983,9.813,9.913,238959.0,226533132.0,9.46,9.55,9.38,9.48,True,贵广网络,False
2026-01-23,9.923,10.283,9.893,9.993,305713.0,292261628.0,9.49,9.85,9.46,9.56,True,贵广网络,False
2026-01-26,9.933,9.983,9.433,9.593,401320.0,367609120.0,9.5,9.55,9.0,9.16,True,贵广网络,False
2026-01-27,9.693,9.693,9.273,9.393,274754.0,246179584.00000003,9.26,9.26,8.84,8.96,True,贵广网络,False
2026-01-28,9.393,9.463,9.203,9.273,207077.0,183056068.0,8.96,9.03,8.77,8.84,True,贵广网络,False
2026-01-29,9.233,9.413,9.093,9.273,246610.0,218003240.0,8.8,8.98,8.66,8.84,True,贵广网络,False
2026-01-30,9.273,9.703,9.233,9.273,328275.0,290195100.0,8.84,9.27,8.8,8.84,True,贵广网络,False
2026-02-02,9.233,9.473,9.143,9.183,269986.0,236237750.0,8.8,9.04,8.71,8.75,True,贵广网络,False
2026-02-03,9.223,9.323,9.173,9.313,184010.0,163400880.0,8.79,8.89,8.74,8.88,True,贵广网络,False
2026-02-04,9.303,9.443,9.233,9.373,180844.0,161674536.0,8.87,9.01,8.8,8.94,True,贵广网络,False
2026-02-05,9.313,9.443,9.273,9.323,178982.0,159114998.0,8.88,9.01,8.84,8.89,True,贵广网络,False
2026-02-06,9.243,9.383,9.123,9.263,171368.0,151317944.0,8.81,8.95,8.69,8.83,True,贵广网络,False
2026-02-09,9.413,9.663,9.403,9.563,267106.0,243867778.00000003,8.98,9.23,8.97,9.13,True,贵广网络,False
2026-02-10,9.583,10.053,9.563,9.933,461202.0,438141900.0,9.15,9.62,9.13,9.5,True,贵广网络,False
2026-02-11,9.833,9.833,9.613,9.673,250629.0,231581196.0,9.4,9.4,9.18,9.24,True,贵广网络,False
2026-02-12,9.673,9.693,9.403,9.533,220483.0,200639530.0,9.24,9.26,8.97,9.1,True,贵广网络,False
2026-02-13,9.513,9.623,9.453,9.453,141814.0,127916228.0,9.08,9.19,9.02,9.02,True,贵广网络,False
2026-02-24,9.523,9.533,9.163,9.203,215420.0,188923340.0,9.09,9.1,8.73,8.77,True,贵广网络,False
2026-02-25,9.183,9.293,9.143,9.193,150818.0,132116568.0,8.75,8.86,8.71,8.76,True,贵广网络,False
2026-02-26,9.203,9.233,8.913,8.963,240995.0,205568735.0,8.77,8.8,8.48,8.53,True,贵广网络,False
2026-02-27,8.973,9.153,8.933,9.073,178759.0,154447776.0,8.54,8.72,8.5,8.64,True,贵广网络,False
2026-03-02,8.913,8.923,8.633,8.693,239541.0,197860866.0,8.48,8.49,8.2,8.26,True,贵广网络,False
2026-03-03,8.693,8.713,8.283,8.313,277014.0,218287032.0,8.26,8.28,7.85,7.88,True,贵广网络,False
2026-03-04,8.283,8.363,8.133,8.223,191134.0,148893386.0,7.85,7.93,7.7,7.79,True,贵广网络,False
2026-03-05,8.313,8.723,8.293,8.493,290199.0,233900394.0,7.88,8.29,7.86,8.06,True,贵广网络,False
2026-03-06,8.513,8.633,8.433,8.563,155215.0,126189795.0,8.08,8.2,8.0,8.13,True,贵广网络,False
2026-03-09,8.543,8.583,8.293,8.563,207942.0,169056846.00000003,8.11,8.15,7.86,8.13,True,贵广网络,False
2026-03-10,8.623,8.943,8.613,8.703,286474.0,236913998.0,8.19,8.51,8.18,8.27,True,贵广网络,False
2026-03-11,8.753,8.813,8.623,8.733,217399.0,180441170.00000003,8.32,8.38,8.19,8.3,True,贵广网络,False
2026-03-12,8.723,8.753,8.423,8.533,195447.0,158312070.0,8.29,8.32,7.99,8.1,True,贵广网络,False
2026-03-13,8.543,8.663,8.503,8.563,157186.0,127792218.0,8.11,8.23,8.07,8.13,True,贵广网络,False
2026-03-16,8.533,9.373,8.483,9.083,661358.0,572074670.0,8.1,8.94,8.05,8.65,True,贵广网络,False
2026-03-17,8.803,9.013,8.693,8.703,377525.0,312213175.0,8.37,8.58,8.26,8.27,True,贵广网络,False
2026-03-18,8.703,9.353,8.563,9.073,440536.0,380623104.0,8.27,8.92,8.13,8.64,True,贵广网络,False
2026-03-19,8.963,9.933,8.963,9.933,739535.0,702558250.0,8.53,9.5,8.53,9.5,True,贵广网络,False
2026-03-20,9.823,10.133,9.733,9.743,867975.0,808084725.0,9.39,9.7,9.3,9.31,True,贵广网络,False
2026-03-23,9.533,10.093,9.313,9.673,661756.0,611462544.0,9.1,9.66,8.88,9.24,True,贵广网络,False
2026-03-24,9.803,9.923,9.543,9.803,513498.0,481147626.0,9.37,9.49,9.11,9.37,True,贵广网络,False
2026-03-25,9.783,10.053,9.733,10.003,574369.0,549671133.0,9.35,9.62,9.3,9.57,True,贵广网络,False
2026-03-26,9.863,9.863,9.493,9.543,417551.0,380388961.0,9.43,9.43,9.06,9.11,True,贵广网络,False
2026-03-27,10.453,10.453,10.453,10.453,161639.0,161962278.0,10.02,10.02,10.02,10.02,True,贵广网络,False
2026-03-30,10.633,11.453,10.453,11.453,1009149.0,1112082198.0,10.2,11.02,10.02,11.02,True,贵广网络,False
2026-03-31,10.933,11.533,10.743,10.773,1092105.0,1129236570.0,10.5,11.1,10.31,10.34,True,贵广网络,False
2026-04-01,10.813,11.323,10.473,10.703,926478.0,951492906.0,10.38,10.89,10.04,10.27,True,贵广网络,False
2026-04-02,10.433,10.563,9.683,10.053,877868.0,844509015.9999999,10.0,10.13,9.25,9.62,True,贵广网络,False
2026-04-03,10.053,10.363,9.733,9.863,538834.0,508120462.0,9.62,9.93,9.3,9.43,True,贵广网络,False
2026-04-07,9.663,9.923,9.423,9.783,476706.0,445720110.0,9.23,9.49,8.99,9.35,True,贵广网络,False
2026-04-08,9.923,10.233,9.873,10.073,510745.0,492358180.0,9.49,9.8,9.44,9.64,True,贵广网络,False
2026-04-09,9.913,10.073,9.773,9.843,394307.0,371042887.0,9.48,9.64,9.34,9.41,True,贵广网络,False
2026-04-10,9.883,9.913,9.703,9.703,312244.0,289450188.0,9.45,9.48,9.27,9.27,True,贵广网络,False
2026-04-13,9.553,9.913,9.543,9.783,234187.0,218964845.0,9.12,9.48,9.11,9.35,True,贵广网络,False
2026-04-14,9.883,10.033,9.543,9.683,351338.0,324987650.0,9.45,9.6,9.11,9.25,True,贵广网络,False
2026-04-15,9.703,9.853,9.513,9.573,267734.0,244708876.00000003,9.27,9.42,9.08,9.14,True,贵广网络,False
2026-04-16,9.563,10.013,9.543,9.873,471150.0,444765600.0,9.13,9.58,9.11,9.44,True,贵广网络,False
2026-04-17,10.233,10.263,9.593,9.833,595432.0,559706080.0,9.8,9.83,9.16,9.4,True,贵广网络,False
2026-04-20,9.713,9.763,9.503,9.513,477483.0,433554564.0,9.28,9.33,9.07,9.08,True,贵广网络,False
2026-04-21,9.373,9.373,9.013,9.103,406198.0,352173666.0,8.94,8.94,8.58,8.67,True,贵广网络,False
2026-04-22,9.073,9.123,8.873,9.093,302577.0,262031682.0,8.64,8.69,8.44,8.66,True,贵广网络,False
2026-04-23,9.073,9.143,8.923,9.013,202066.0,173372628.0,8.64,8.71,8.49,8.58,True,贵广网络,False
2026-04-24,8.973,9.023,8.763,8.813,227526.0,190666788.00000003,8.54,8.59,8.33,8.38,True,贵广网络,False
2026-04-27,8.743,9.063,8.723,8.863,216140.0,182206020.0,8.31,8.63,8.29,8.43,True,贵广网络,False
2026-04-28,8.833,8.933,8.583,8.633,199048.0,163219360.0,8.4,8.5,8.15,8.2,True,贵广网络,False
2026-04-29,8.633,9.203,8.603,8.813,414104.0,347019152.00000006,8.2,8.77,8.17,8.38,True,贵广网络,False
2026-04-30,8.883,9.213,8.863,8.883,271914.0,229767330.0,8.45,8.78,8.43,8.45,True,贵广网络,False
2026-05-06,8.953,9.313,8.953,9.183,333043.0,291412625.0,8.52,8.88,8.52,8.75,True,贵广网络,False
2026-05-07,9.203,9.273,9.113,9.163,235694.0,205760862.0,8.77,8.84,8.68,8.73,True,贵广网络,False
2026-05-08,9.163,9.453,9.063,9.323,317460.0,282221940.0,8.73,9.02,8.63,8.89,True,贵广网络,False
2026-05-11,9.273,9.273,8.913,8.963,379905.0,324058965.0,8.84,8.84,8.48,8.53,True,贵广网络,False
2026-05-12,8.963,8.973,8.753,8.833,230070.0,193258800.0,8.53,8.54,8.32,8.4,True,贵广网络,False
2026-05-13,8.833,8.963,8.733,8.873,220881.0,186423564.0,8.4,8.53,8.3,8.44,True,贵广网络,False
2026-05-14,8.903,9.003,8.723,8.803,285606.0,239052222.0,8.47,8.57,8.29,8.37,True,贵广网络,False
2026-05-15,8.823,8.953,8.643,8.703,244243.0,201988961.0,8.39,8.52,8.21,8.27,True,贵广网络,False
2026-05-18,8.703,9.533,8.703,9.533,373464.0,339852240.0,8.27,9.1,8.27,9.1,True,贵广网络,False
2026-05-19,9.623,10.323,9.483,9.993,1087971.0,1040100276.0,9.19,9.89,9.05,9.56,True,贵广网络,False
2026-05-20,9.803,9.863,9.583,9.603,624605.0,572762785.0,9.37,9.43,9.15,9.17,True,贵广网络,False
2026-05-21,9.533,9.783,9.233,9.323,512380.0,455505820.0,9.1,9.35,8.8,8.89,True,贵广网络,False
2026-05-22,9.393,9.453,9.053,9.183,393117.0,343977375.0,8.96,9.02,8.62,8.75,True,贵广网络,False
2026-05-25,9.083,10.063,9.083,10.063,462794.0,445670622.00000006,8.65,9.63,8.65,9.63,True,贵广网络,False
2026-05-26,9.913,10.223,9.653,9.943,844372.0,802997772.0,9.48,9.79,9.22,9.51,True,贵广网络,False
2026-05-27,9.953,10.123,9.803,9.843,539262.0,507445542.0,9.52,9.69,9.37,9.41,True,贵广网络,False
2026-05-28,9.993,10.293,9.633,9.843,540468.0,508580388.0,9.56,9.86,9.2,9.41,True,贵广网络,False
2026-05-29,9.813,9.893,9.513,9.683,436392.0,403662600.0,9.38,9.46,9.08,9.25,True,贵广网络,False
2026-06-01,9.603,9.903,9.513,9.873,518468.0,489433792.0,9.17,9.47,9.08,9.44,True,贵广网络,False
2026-06-02,9.783,9.783,9.353,9.513,400112.0,363301696.0,9.35,9.35,8.92,9.08,True,贵广网络,False
2026-06-03,9.433,9.573,8.933,9.183,437948.0,383204500.0,9.0,9.14,8.5,8.75,True,贵广网络,False
2026-06-04,9.123,9.303,8.903,8.963,316485.0,269961705.0,8.69,8.87,8.47,8.53,True,贵广网络,False
2026-06-05,8.973,9.813,8.813,9.813,566988.0,531834744.00000006,8.54,9.38,8.38,9.38,True,贵广网络,False
2026-06-08,9.703,10.073,9.333,9.373,559339.0,500049066.0,9.27,9.64,8.9,8.94,True,贵广网络,False
2026-06-09,9.453,9.613,9.153,9.263,402757.0,355634431.0,9.02,9.18,8.72,8.83,True,贵广网络,False
2026-06-10,9.263,9.373,8.953,9.293,355201.0,314708086.0,8.83,8.94,8.52,8.86,True,贵广网络,False
2026-06-11,9.133,9.453,8.933,9.233,364384.0,320657920.0,8.7,9.02,8.5,8.8,True,贵广网络,False
2026-06-12,9.243,9.573,9.133,9.293,384193.0,340394998.0,8.81,9.14,8.7,8.86,True,贵广网络,False
2026-06-15,9.233,9.573,9.213,9.463,340223.0,307221369.0,8.8,9.14,8.78,9.03,True,贵广网络,False
2026-06-16,9.333,10.353,9.083,10.013,719364.0,689150712.0,8.9,9.92,8.65,9.58,True,贵广网络,False
2026-06-17,9.913,10.373,9.903,10.083,640995.0,618560175.0,9.48,9.94,9.47,9.65,True,贵广网络,False
2026-06-18,10.083,10.353,9.373,9.423,644077.0,579025223.0,9.65,9.92,8.94,8.99,True,贵广网络,False
2026-06-22,9.433,9.573,8.913,9.143,503004.0,438116484.00000006,9.0,9.14,8.48,8.71,True,贵广网络,False
2026-06-23,9.043,9.743,8.983,9.253,472067.0,416363094.0,8.61,9.31,8.55,8.82,True,贵广网络,False
2026-06-24,9.173,9.243,8.973,9.073,342742.0,296129088.0,8.74,8.81,8.54,8.64,True,贵广网络,False
2026-06-25,8.993,9.373,8.793,9.253,387720.0,341969040.0,8.56,8.94,8.36,8.82,True,贵广网络,False
2026-06-26,9.153,9.223,8.833,8.843,297192.0,249938472.0,8.72,8.79,8.4,8.41,True,贵广网络,False
2026-06-29,8.873,8.873,8.003,8.003,388538.0,294123266.0,8.44,8.44,7.57,7.57,True,贵广网络,False
2026-06-30,7.723,7.823,7.253,7.373,517981.0,359478814.0,7.29,7.39,6.82,6.94,True,贵广网络,False
2026-07-01,7.283,7.363,7.063,7.193,382979.0,258893804.0,6.85,6.93,6.63,6.76,True,贵广网络,False
2026-07-02,7.193,7.303,6.883,6.913,409780.0,265537440.00000003,6.76,6.87,6.45,6.48,True,贵广网络,False
2026-07-03,6.983,7.283,6.793,7.163,395441.0,266131793.00000003,6.55,6.85,6.36,6.73,True,贵广网络,False
2026-07-06,7.113,7.373,6.573,6.663,386169.0,240583287.00000003,6.68,6.94,6.14,6.23,True,贵广网络,False
2026-07-07,6.723,6.753,6.473,6.533,228531.0,139403910.0,6.29,6.32,6.04,6.1,True,贵广网络,False
2026-07-08,6.533,6.553,6.343,6.413,204134.0,122072132.0,6.1,6.12,5.91,5.98,True,贵广网络,False
2026-07-09,6.433,6.553,6.383,6.493,203492.0,123316152.0,6.0,6.12,5.95,6.06,True,贵广网络,False
2026-07-10,6.513,7.083,6.393,6.903,443027.0,286638469.0,6.08,6.65,5.96,6.47,True,贵广网络,False
2026-07-13,6.893,7.133,6.803,6.903,387897.0,250969359.0,6.46,6.7,6.37,6.47,True,贵广网络,False
2026-07-14,6.893,6.893,6.613,6.843,226885.0,145433285.0,6.46,6.46,6.18,6.41,True,贵广网络,False
2026-07-15,6.783,6.963,6.773,6.863,173397.0,111494271.0,6.35,6.53,6.34,6.43,True,贵广网络,False
2026-07-16,6.803,7.083,6.773,7.063,248443.0,164717709.0,6.37,6.65,6.34,6.63,True,贵广网络,False
2026-07-17,7.043,7.173,6.603,6.643,263248.0,163477008.0,6.61,6.74,6.17,6.21,True,贵广网络,False
2026-07-20,6.703,6.863,6.563,6.673,214505.0,133851120.0,6.27,6.43,6.13,6.24,True,贵广网络,False
2026-07-21,6.673,6.743,6.443,6.643,230353.0,143049213.0,6.24,6.31,6.01,6.21,True,贵广网络,False
2026-07-22,6.613,6.893,6.573,6.623,192863.0,119382197.0,6.18,6.46,6.14,6.19,True,贵广网络,False
2026-07-23,6.613,6.763,6.583,6.753,188499.0,119131368.0,6.18,6.33,6.15,6.32,True,贵广网络,False
2026-07-24,6.703,6.833,6.663,6.703,132563.0,83117001.0,6.27,6.4,6.23,6.27,True,贵广网络,False
2026-07-27,6.693,7.003,6.633,6.973,203170.0,132873180.0,6.26,6.57,6.2,6.54,True,贵广网络,False
2026-07-28,6.923,7.153,6.923,7.013,190225.0,125168050.0,6.49,6.72,6.49,6.58,True,贵广网络,False
2026-07-29,7.003,7.153,6.933,7.113,190161.0,127027548.0,6.57,6.72,6.5,6.68,True,贵广网络,False
2026-07-30,7.093,7.273,7.033,7.063,176842.0,117246246.0,6.66,6.84,6.6,6.63,True,贵广网络,False
2026-07-31,7.043,7.243,7.043,7.183,223250.0,150693750.0,6.61,6.81,6.61,6.75,True,贵广网络,False
2026-08-03,7.233,7.523,7.183,7.483,226465.0,159657825.0,6.8,7.09,6.75,7.05,True,贵广网络,False
2026-08-04,7.483,7.613,7.443,7.553,190536.0,135661632.0,7.05,7.18,7.01,7.12,True,贵广网络,False
2026-08-05,7.483,7.603,7.443,7.573,216687.0,154714518.0,7.05,7.17,7.01,7.14,True,贵广网络,False
2026-08-06,7.543,7.713,7.483,7.573,186537.0,133187418.0,7.11,7.28,7.05,7.14,True,贵广网络,False
2026-08-07,7.613,7.633,7.293,7.453,264470.0,185657940.0,7.18,7.2,6.86,7.02,True,贵广网络,False
2026-08-10,7.403,7.433,7.133,7.413,220075.0,153612350.0,6.97,7.0,6.7,6.98,True,贵广网络,False
2026-08-11,7.403,7.543,7.343,7.493,173401.0,122421106.0,6.97,7.11,6.91,7.06,True,贵广网络,False
2026-08-12,7.463,7.633,7.453,7.563,146676.0,104579988.0,7.03,7.2,7.02,7.13,True,贵广网络,False
2026-08-13,7.553,7.733,7.463,7.463,180832.0,127124896.0,7.12,7.3,7.03,7.03,True,贵广网络,False
2026-08-14,7.483,7.503,7.233,7.353,182273.0,126132916.0,7.05,7.07,6.8,6.92,True,贵广网络,False
2026-08-17,7.303,7.313,7.183,7.253,138337.0,94345834.0,6.87,6.88,6.75,6.82,True,贵广网络,False
2026-08-18,7.253,7.263,7.103,7.183,143090.0,96585750.0,6.82,6.83,6.67,6.75,True,贵广网络,False
2026-08-19,7.123,7.293,6.923,6.943,212905.0,138601155.0,6.69,6.86,6.49,6.51,True,贵广网络,False
2026-08-20,6.983,7.053,6.913,7.003,147930.0,97190010.0,6.55,6.62,6.48,6.57,True,贵广网络,False
2026-08-21,6.973,7.043,6.873,7.013,117406.0,77253148.0,6.54,6.61,6.44,6.58,True,贵广网络,False
2026-08-24,7.013,7.033,6.793,6.833,130815.0,83721600.0,6.58,6.6,6.36,6.4,True,贵广网络,False
2026-08-25,6.8436765625,7.3134453125,6.79029375,7.1212671875,309395.0,206680000.0,6.41,6.85,6.36,6.67,True,贵广网络,True
2026-08-27,7.206679687499999,7.3134453125,7.1426203125,7.238709375,128410.0,86850000.0,6.75,6.85,6.69,6.78,True,贵广网络,True
