date,open,high,low,close,volume,amount,raw_open,raw_high,raw_low,raw_close,tradable,name,provisional
2016-01-04,31.996,32.453,30.645,30.645,35171.0,59650016.0,17.73,17.99,16.96,16.96,True,国投中鲁,False
2016-01-05,29.153,30.47,29.153,29.153,35461.0,57127671.0,16.11,16.86,16.11,16.11,True,国投中鲁,False
2016-01-06,29.224,29.557,28.539,29.118,24234.0,38992506.0,16.15,16.34,15.76,16.09,True,国投中鲁,False
2016-01-07,29.118,29.118,27.714,27.714,3395.0,5190955.0,16.09,16.09,15.29,15.29,True,国投中鲁,False
2016-01-08,27.802,29.048,26.38,28.96,61577.0,98523200.0,15.34,16.05,14.53,16.0,True,国投中鲁,False
2016-01-11,28.293,29.311,27.556,27.556,23545.0,35788400.0,15.62,16.2,15.2,15.2,True,国投中鲁,False
2016-01-12,26.538,27.521,26.222,26.222,26297.0,37972868.0,14.62,15.18,14.44,14.44,True,国投中鲁,False
2016-01-13,26.082,26.819,24.959,24.959,22002.0,30186744.0,14.36,14.78,13.72,13.72,True,国投中鲁,False
2016-01-14,23.801,24.959,23.748,24.081,30326.0,40090972.0,13.06,13.72,13.03,13.22,True,国投中鲁,False
2016-01-15,24.538,24.573,22.923,22.976,22131.0,27862929.0,13.48,13.5,12.56,12.59,True,国投中鲁,False
2016-01-18,21.958,23.695,21.958,23.344,25255.0,32326400.0,12.01,13.0,12.01,12.8,True,国投中鲁,False
2016-01-19,23.45,24.467,23.151,24.467,26972.0,36250368.0,12.86,13.44,12.69,13.44,True,国投中鲁,False
2016-01-20,24.52,25.433,24.362,24.889,37243.0,50948424.0,13.47,13.99,13.38,13.68,True,国投中鲁,False
2016-01-21,24.573,26.047,24.099,24.994,32405.0,44524470.0,13.5,14.34,13.23,13.74,True,国投中鲁,False
2016-01-22,24.994,25.626,24.573,25.31,14535.0,20232720.0,13.74,14.1,13.5,13.92,True,国投中鲁,False
2016-01-25,25.38,26.31,25.275,25.889,19217.0,27384225.0,13.96,14.49,13.9,14.25,True,国投中鲁,False
2016-01-26,25.889,25.889,24.643,24.643,18508.0,25059832.0,14.25,14.25,13.54,13.54,True,国投中鲁,False
2016-01-27,23.748,24.222,23.45,23.45,23339.0,30013954.0,13.03,13.3,12.86,12.86,True,国投中鲁,False
2016-01-28,23.485,24.187,22.326,22.397,22888.0,28060688.0,12.88,13.28,12.22,12.26,True,国投中鲁,False
2016-01-29,22.361,23.257,21.677,22.818,17281.0,21601250.0,12.24,12.75,11.85,12.5,True,国投中鲁,False
2016-02-01,22.87,23.414,22.484,22.888,14482.0,18160428.0,12.53,12.84,12.31,12.54,True,国投中鲁,False
2016-02-02,22.888,23.748,22.888,23.678,14481.0,18810819.0,12.54,13.03,12.54,12.99,True,国投中鲁,False
2016-02-03,23.186,23.59,22.976,23.239,19313.0,24604762.0,12.71,12.94,12.59,12.74,True,国投中鲁,False
2016-02-04,23.555,24.362,23.344,24.362,36382.0,48679116.0,12.92,13.38,12.8,13.38,True,国投中鲁,False
2016-02-05,24.362,25.538,24.362,24.643,40066.0,54249364.0,13.38,14.05,13.38,13.54,True,国投中鲁,False
2016-02-15,23.906,24.257,23.45,24.081,29414.0,38885308.0,13.12,13.32,12.86,13.22,True,国投中鲁,False
2016-02-16,24.362,25.152,24.169,24.976,23633.0,32448109.0,13.38,13.83,13.27,13.73,True,国投中鲁,False
2016-02-17,24.801,25.626,24.696,25.538,25380.0,35658900.0,13.63,14.1,13.57,14.05,True,国投中鲁,False
2016-02-18,25.959,26.767,25.45,26.345,42217.0,61256867.0,14.29,14.75,14.0,14.51,True,国投中鲁,False
2016-02-19,26.117,26.293,25.45,26.187,31562.0,45512404.0,14.38,14.48,14.0,14.42,True,国投中鲁,False
2016-02-22,26.538,27.17,26.029,26.924,43550.0,64628200.0,14.62,14.98,14.33,14.84,True,国投中鲁,False
2016-02-23,26.819,26.942,25.977,26.538,27472.0,40164064.0,14.78,14.85,14.3,14.62,True,国投中鲁,False
2016-02-24,26.503,27.556,26.503,27.275,49307.0,74157728.0,14.6,15.2,14.6,15.04,True,国投中鲁,False
2016-02-25,27.118,27.135,25.959,25.959,31028.0,44339012.0,14.95,14.96,14.29,14.29,True,国投中鲁,False
2016-02-26,24.766,25.24,24.713,24.713,34823.0,47289634.0,13.61,13.88,13.58,13.58,True,国投中鲁,False
2016-02-29,24.362,24.573,23.52,23.52,13118.0,16922220.0,13.38,13.5,12.9,12.9,True,国投中鲁,False
2016-03-01,22.555,22.993,22.397,22.66,36951.0,45856191.0,12.35,12.6,12.26,12.41,True,国投中鲁,False
2016-03-02,22.572,23.748,22.379,23.748,33662.0,43861586.0,12.36,13.03,12.25,13.03,True,国投中鲁,False
2016-03-03,23.713,24.169,23.625,24.117,32014.0,42386536.0,13.01,13.27,12.96,13.24,True,国投中鲁,False
2016-03-04,23.748,24.397,23.169,23.257,29624.0,37770600.0,13.03,13.4,12.7,12.75,True,国投中鲁,False
2016-03-07,23.73,24.222,23.537,23.871,27870.0,36509700.0,13.02,13.3,12.91,13.1,True,国投中鲁,False
2016-03-08,23.906,23.959,22.906,23.941,19447.0,25553358.0,13.12,13.15,12.55,13.14,True,国投中鲁,False
2016-03-09,23.467,23.52,22.993,23.151,19358.0,24565302.0,12.87,12.9,12.6,12.69,True,国投中鲁,False
2016-03-10,23.063,23.414,22.379,22.467,21081.0,25929630.0,12.64,12.84,12.25,12.3,True,国投中鲁,False
2016-03-11,22.133,22.73,22.133,22.625,16530.0,20480670.0,12.11,12.45,12.11,12.39,True,国投中鲁,False
2016-03-14,22.923,23.713,22.818,23.45,36868.0,47412248.0,12.56,13.01,12.5,12.86,True,国投中鲁,False
2016-03-15,23.344,23.871,23.257,23.59,36626.0,47394044.0,12.8,13.1,12.75,12.94,True,国投中鲁,False
2016-03-16,24.099,24.625,23.836,24.081,59642.0,78846724.0,13.23,13.53,13.08,13.22,True,国投中鲁,False
2016-03-17,24.099,24.608,23.836,24.485,38169.0,51337305.0,13.23,13.52,13.08,13.45,True,国投中鲁,False
2016-03-18,24.661,25.169,24.485,24.994,34236.0,47040264.0,13.55,13.84,13.45,13.74,True,国投中鲁,False
2016-03-21,25.082,25.784,25.047,25.45,40171.0,56239400.0,13.79,14.19,13.77,14.0,True,国投中鲁,False
2016-03-22,25.169,25.801,24.941,25.485,29058.0,40739316.0,13.84,14.2,13.71,14.02,True,国投中鲁,False
2016-03-23,25.275,26.187,25.275,26.152,51026.0,73477440.0,13.9,14.42,13.9,14.4,True,国投中鲁,False
2016-03-24,25.977,26.696,25.801,26.24,35387.0,51134215.0,14.3,14.71,14.2,14.45,True,国投中鲁,False
2016-03-25,25.924,27.504,25.924,27.504,61722.0,93632274.0,14.27,15.17,14.27,15.17,True,国投中鲁,False
2016-03-28,27.697,28.03,26.714,26.907,51406.0,76235098.0,15.28,15.47,14.72,14.83,True,国投中鲁,False
2016-03-29,27.205,27.205,25.608,25.608,74559.0,105053631.0,15.0,15.0,14.09,14.09,True,国投中鲁,False
2016-03-30,25.801,26.837,25.503,26.661,57548.0,84538012.0,14.2,14.79,14.03,14.69,True,国投中鲁,False
2016-03-31,26.767,27.925,26.661,27.539,55624.0,84492856.0,14.75,15.41,14.69,15.19,True,国投中鲁,False
2016-04-01,27.24,28.855,27.24,28.767,62431.0,99202859.0,15.02,15.94,15.02,15.89,True,国投中鲁,False
2016-04-05,28.785,29.803,28.434,29.171,60337.0,97263244.0,15.9,16.48,15.7,16.12,True,国投中鲁,False
2016-04-07,29.171,29.75,27.205,28.03,145873.0,225665531.0,16.12,16.45,15.0,15.47,True,国投中鲁,False
2016-04-08,27.469,28.908,26.995,28.662,107775.0,170607825.0,15.15,15.97,14.88,15.83,True,国投中鲁,False
2016-04-11,29.048,30.101,28.434,29.575,103787.0,169691745.0,16.05,16.65,15.7,16.35,True,国投中鲁,False
2016-04-12,29.224,29.487,28.206,28.715,78434.0,124396324.0,16.15,16.3,15.57,15.86,True,国投中鲁,False
2016-04-13,29.136,29.89,28.574,28.715,57113.0,90581218.0,16.1,16.53,15.78,15.86,True,国投中鲁,False
2016-04-14,28.715,29.452,28.522,29.329,53548.0,86801308.0,15.86,16.28,15.75,16.21,True,国投中鲁,False
2016-04-15,29.399,29.399,28.75,29.294,48165.0,77979135.0,16.25,16.25,15.88,16.19,True,国投中鲁,False
2016-04-18,29.118,29.75,27.977,29.294,94739.0,153382441.0,16.09,16.45,15.44,16.19,True,国投中鲁,False
2016-04-19,28.978,31.049,28.978,30.592,101134.0,171219862.0,16.01,17.19,16.01,16.93,True,国投中鲁,False
2016-04-20,30.347,30.856,28.627,29.662,99579.0,163309560.0,16.79,17.08,15.81,16.4,True,国投中鲁,False
2016-04-21,29.434,29.838,28.82,28.925,63200.0,100993600.0,16.27,16.5,15.92,15.98,True,国投中鲁,False
2016-04-22,28.557,30.487,28.522,30.364,56040.0,94147200.0,15.77,16.87,15.75,16.8,True,国投中鲁,False
2016-04-25,29.908,30.54,29.697,30.312,50825.0,85233525.0,16.54,16.9,16.42,16.77,True,国投中鲁,False
2016-04-26,30.154,30.364,28.837,29.452,75404.0,122757712.0,16.68,16.8,15.93,16.28,True,国投中鲁,False
2016-04-27,29.504,30.171,28.943,29.03,45595.0,73134380.0,16.31,16.69,15.99,16.04,True,国投中鲁,False
2016-04-28,28.96,29.118,27.311,28.381,57477.0,90066459.0,16.0,16.09,15.06,15.67,True,国投中鲁,False
2016-04-29,28.223,28.434,27.907,28.03,32060.0,49596820.0,15.58,15.7,15.4,15.47,True,国投中鲁,False
2016-05-03,27.907,28.82,27.767,28.767,50019.0,79480191.0,15.4,15.92,15.32,15.89,True,国投中鲁,False
2016-05-04,28.697,29.627,28.364,29.224,69280.0,111887200.0,15.85,16.38,15.66,16.15,True,国投中鲁,False
2016-05-05,28.995,29.294,28.416,28.802,45319.0,72102529.0,16.02,16.19,15.69,15.91,True,国投中鲁,False
2016-05-06,28.609,29.311,26.17,26.328,76632.0,111116400.0,15.8,16.2,14.41,14.5,True,国投中鲁,False
2016-05-09,25.626,25.942,23.783,23.783,82880.0,108158400.0,14.1,14.28,13.05,13.05,True,国投中鲁,False
2016-05-10,23.871,24.046,23.204,23.73,69981.0,91115262.0,13.1,13.2,12.72,13.02,True,国投中鲁,False
2016-05-11,23.836,24.889,23.783,23.906,82126.0,107749312.0,13.08,13.68,13.05,13.12,True,国投中鲁,False
2016-05-12,23.257,24.134,22.642,23.783,64994.0,84817170.0,12.75,13.25,12.4,13.05,True,国投中鲁,False
2016-05-13,23.643,23.853,23.169,23.397,41699.0,53499817.0,12.97,13.09,12.7,12.83,True,国投中鲁,False
2016-05-16,23.467,24.345,23.45,24.292,65323.0,87140882.0,12.87,13.37,12.86,13.34,True,国投中鲁,False
2016-05-17,24.222,24.38,23.713,23.994,40690.0,53588730.0,13.3,13.39,13.01,13.17,True,国投中鲁,False
2016-05-18,23.643,23.643,21.94,22.116,48991.0,59279110.0,12.97,12.97,12.0,12.1,True,国投中鲁,False
2016-05-19,22.116,22.8,22.081,22.239,34995.0,42588915.0,12.1,12.49,12.08,12.17,True,国投中鲁,False
2016-05-20,22.01,22.976,21.905,22.853,55110.0,68997720.0,12.04,12.59,11.98,12.52,True,国投中鲁,False
2016-05-23,23.344,24.467,23.344,23.906,74077.0,97189024.0,12.8,13.44,12.8,13.12,True,国投中鲁,False
2016-05-24,23.572,25.24,23.45,24.818,81596.0,111296944.0,12.93,13.88,12.86,13.64,True,国投中鲁,False
2016-05-25,24.766,25.38,24.011,24.38,58439.0,78249821.0,13.61,13.96,13.18,13.39,True,国投中鲁,False
2016-05-26,23.888,24.432,23.221,24.345,62858.0,84041146.0,13.11,13.42,12.73,13.37,True,国投中鲁,False
2016-05-27,24.152,24.52,23.713,23.801,60310.0,78764860.0,13.26,13.47,13.01,13.06,True,国投中鲁,False
2016-05-30,23.274,24.38,23.028,23.836,45290.0,59239320.0,12.76,13.39,12.62,13.08,True,国投中鲁,False
2016-05-31,23.818,24.889,23.818,24.643,77311.0,104679094.0,13.07,13.68,13.07,13.54,True,国投中鲁,False
2016-06-01,24.643,25.415,24.432,25.029,85120.0,117125120.0,13.54,13.98,13.42,13.76,True,国投中鲁,False
2016-06-02,24.836,25.064,24.538,25.029,56503.0,77748128.0,13.65,13.78,13.48,13.76,True,国投中鲁,False
2016-06-03,25.099,25.643,24.678,25.363,63397.0,88438815.0,13.8,14.11,13.56,13.95,True,国投中鲁,False
2016-06-06,25.327,25.45,24.643,24.906,59001.0,80772369.0,13.93,14.0,13.54,13.69,True,国投中鲁,False
2016-06-07,24.889,24.906,24.397,24.625,45797.0,61963341.0,13.68,13.69,13.4,13.53,True,国投中鲁,False
2016-06-08,24.678,25.082,24.467,24.766,46293.0,63004773.0,13.56,13.79,13.44,13.61,True,国投中鲁,False
2016-06-13,24.362,24.538,22.958,23.028,49237.0,62137093.99999999,13.38,13.48,12.58,12.62,True,国投中鲁,False
2016-06-14,23.116,23.608,22.853,23.257,36869.0,47007975.0,12.67,12.95,12.52,12.75,True,国投中鲁,False
2016-06-15,22.923,24.099,22.923,24.011,40307.0,53124626.0,12.56,13.23,12.56,13.18,True,国投中鲁,False
2016-06-16,24.029,24.029,23.608,23.66,36320.0,47143360.0,13.19,13.19,12.95,12.98,True,国投中鲁,False
2016-06-17,23.871,24.169,23.643,23.888,40772.0,53452092.0,13.1,13.27,12.97,13.11,True,国投中鲁,False
2016-06-20,23.45,23.625,23.011,23.379,44968.0,57648976.0,12.86,12.96,12.61,12.82,True,国投中鲁,False
2016-06-21,23.432,23.678,23.257,23.485,31600.0,40700800.0,12.85,12.99,12.75,12.88,True,国投中鲁,False
2016-06-22,23.608,24.046,23.186,24.046,33576.0,44320320.0,12.95,13.2,12.71,13.2,True,国投中鲁,False
2016-06-23,23.976,24.046,23.695,23.765,29162.0,38027248.0,13.16,13.2,13.0,13.04,True,国投中鲁,False
2016-06-24,23.836,24.011,22.168,23.063,36237.0,45803568.0,13.08,13.18,12.13,12.64,True,国投中鲁,False
2016-06-27,23.046,23.959,22.818,23.801,49009.0,64005754.0,12.63,13.15,12.5,13.06,True,国投中鲁,False
2016-06-28,23.625,24.608,23.485,24.52,63686.0,85785042.0,12.96,13.52,12.88,13.47,True,国投中鲁,False
2016-06-29,24.748,25.31,24.503,24.555,70321.0,94863029.0,13.6,13.92,13.46,13.49,True,国投中鲁,False
2016-06-30,24.608,25.187,24.274,24.871,43726.0,59773442.0,13.52,13.85,13.33,13.67,True,国投中鲁,False
2016-07-01,24.836,24.906,24.485,24.59,30541.0,41260891.0,13.65,13.69,13.45,13.51,True,国投中鲁,False
2016-07-04,24.52,25.275,24.222,25.099,52716.0,72748080.0,13.47,13.9,13.3,13.8,True,国投中鲁,False
2016-07-05,25.889,27.521,25.889,27.521,127377.0,193358286.0,14.25,15.18,14.25,15.18,True,国投中鲁,False
2016-07-06,27.521,30.189,27.381,30.189,189908.0,317146360.0,15.18,16.7,15.1,16.7,True,国投中鲁,False
2016-07-07,31.856,31.856,29.487,30.873,248808.0,425212872.0,17.65,17.65,16.3,17.09,True,国投中鲁,False
2016-07-08,30.68,30.838,29.75,30.575,160888.0,272222496.0,16.98,17.07,16.45,16.92,True,国投中鲁,False
2016-07-11,30.417,31.417,30.189,30.294,159965.0,268101340.00000003,16.83,17.4,16.7,16.76,True,国投中鲁,False
2016-07-12,29.908,30.715,28.995,30.68,133484.0,226655832.0,16.54,17.0,16.02,16.98,True,国投中鲁,False
2016-07-13,30.241,31.119,29.926,30.522,87496.0,147780744.0,16.73,17.23,16.55,16.89,True,国投中鲁,False
2016-07-14,30.241,30.663,30.189,30.54,58331.0,98579390.0,16.73,16.97,16.7,16.9,True,国投中鲁,False
2016-07-15,31.733,33.014,30.364,30.487,118225.0,199445575.0,17.58,18.31,16.8,16.87,True,国投中鲁,False
2016-07-18,29.926,32.295,29.575,31.417,137002.0,238383480.0,16.55,17.9,16.35,17.4,True,国投中鲁,False
2016-07-19,31.154,31.154,30.329,30.522,65730.0,111017970.0,17.25,17.25,16.78,16.89,True,国投中鲁,False
2016-07-20,30.452,32.189,30.452,31.47,93063.0,162208809.0,16.85,17.84,16.85,17.43,True,国投中鲁,False
2016-07-21,31.242,31.944,30.873,31.277,77899.0,134921068.0,17.3,17.7,17.09,17.32,True,国投中鲁,False
2016-07-22,30.715,31.031,30.487,30.557,49109.0,83043319.0,17.0,17.18,16.87,16.91,True,国投中鲁,False
2016-07-25,30.522,32.032,30.522,31.716,85818.0,150782226.0,16.89,17.75,16.89,17.57,True,国投中鲁,False
2016-07-26,31.417,32.4,31.417,32.26,84684.0,151414992.0,17.4,17.96,17.4,17.88,True,国投中鲁,False
2016-07-27,32.453,33.523,29.855,30.628,135225.0,229206375.0,17.99,18.6,16.51,16.95,True,国投中鲁,False
2016-07-28,30.54,32.611,30.048,31.838,117604.0,207453456.0,16.9,18.08,16.62,17.64,True,国投中鲁,False
2016-07-29,31.716,32.119,29.943,30.119,91154.0,151862564.0,17.57,17.8,16.56,16.66,True,国投中鲁,False
2016-08-01,29.645,29.926,27.451,27.556,83405.0,126775600.0,16.39,16.55,15.14,15.2,True,国投中鲁,False
2016-08-02,27.872,28.434,27.644,28.171,46122.0,71719710.0,15.38,15.7,15.25,15.55,True,国投中鲁,False
2016-08-03,27.907,29.452,27.749,28.89,71855.0,114680580.0,15.4,16.28,15.31,15.96,True,国投中鲁,False
2016-08-04,28.89,29.101,28.451,28.82,47207.0,75153544.0,15.96,16.08,15.71,15.92,True,国投中鲁,False
2016-08-05,28.767,29.399,28.118,28.258,54553.0,85102680.0,15.89,16.25,15.52,15.6,True,国投中鲁,False
2016-08-08,28.048,29.03,28.048,28.978,46235.0,74022235.0,15.48,16.04,15.48,16.01,True,国投中鲁,False
2016-08-09,29.259,29.259,28.644,29.118,41299.0,66450091.0,16.17,16.17,15.82,16.09,True,国投中鲁,False
2016-08-10,29.083,29.329,28.451,28.539,41148.0,64849248.0,16.07,16.21,15.71,15.76,True,国投中鲁,False
2016-08-11,28.539,28.785,27.872,28.03,40120.0,62065640.0,15.76,15.9,15.38,15.47,True,国投中鲁,False
2016-08-12,27.89,28.539,27.767,28.469,33290.0,52331880.0,15.39,15.76,15.32,15.72,True,国投中鲁,False
2016-08-15,28.609,29.645,28.171,29.188,70023.0,112947099.0,15.8,16.39,15.55,16.13,True,国投中鲁,False
2016-08-16,29.294,29.364,28.873,29.048,47303.0,75921315.0,16.19,16.23,15.95,16.05,True,国投中鲁,False
2016-08-17,29.101,29.136,28.609,29.048,32579.0,52289295.0,16.08,16.1,15.8,16.05,True,国投中鲁,False
2016-08-18,28.995,29.048,28.381,28.592,47719.0,75348301.0,16.02,16.05,15.67,15.79,True,国投中鲁,False
2016-08-19,28.855,29.136,28.662,28.802,45864.0,72969624.0,15.94,16.1,15.83,15.91,True,国投中鲁,False
2016-08-22,28.592,28.679,27.82,28.048,37699.0,58358052.0,15.79,15.84,15.35,15.48,True,国投中鲁,False
2016-08-23,28.083,28.504,27.907,28.329,32936.0,51511904.0,15.5,15.74,15.4,15.64,True,国投中鲁,False
2016-08-24,28.329,28.346,27.486,27.767,41255.0,63202660.0,15.64,15.65,15.16,15.32,True,国投中鲁,False
2016-08-25,27.732,27.732,26.696,27.346,66237.0,99885396.0,15.3,15.3,14.71,15.08,True,国投中鲁,False
2016-08-26,27.24,29.136,27.223,28.311,66630.0,104142690.0,15.02,16.1,15.01,15.63,True,国投中鲁,False
2016-08-29,28.188,28.469,27.574,27.995,36910.0,57025950.0,15.56,15.72,15.21,15.45,True,国投中鲁,False
2016-08-30,28.03,28.329,27.574,27.767,36627.0,56112564.0,15.47,15.64,15.21,15.32,True,国投中鲁,False
2016-08-31,27.767,28.013,27.293,27.82,40387.0,61994045.0,15.32,15.46,15.05,15.35,True,国投中鲁,False
2016-09-01,27.802,27.855,27.469,27.662,25694.0,39209044.0,15.34,15.37,15.15,15.26,True,国投中鲁,False
2016-09-02,27.714,27.872,27.469,27.644,27332.0,41681300.0,15.29,15.38,15.15,15.25,True,国投中鲁,False
2016-09-05,27.749,27.89,27.556,27.855,30932.0,47542484.0,15.31,15.39,15.2,15.37,True,国投中鲁,False
2016-09-06,27.82,28.346,27.381,28.293,38423.0,60016726.0,15.35,15.65,15.1,15.62,True,国投中鲁,False
2016-09-07,28.276,28.644,27.837,27.872,41551.0,63905438.0,15.61,15.82,15.36,15.38,True,国投中鲁,False
2016-09-08,27.82,30.101,27.732,29.89,129548.0,214142844.0,15.35,16.65,15.3,16.53,True,国投中鲁,False
2016-09-09,29.224,29.627,28.908,28.925,83282.0,133084636.0,16.15,16.38,15.97,15.98,True,国投中鲁,False
2016-09-12,28.416,30.101,27.907,29.364,108939.0,176807997.0,15.69,16.65,15.4,16.23,True,国投中鲁,False
2016-09-13,28.96,30.61,28.96,30.119,134913.0,224765058.0,16.0,16.94,16.0,16.66,True,国投中鲁,False
2016-09-14,29.662,30.68,28.925,29.171,111021.0,178965852.0,16.4,16.98,15.98,16.12,True,国投中鲁,False
2016-09-19,29.153,29.592,28.89,29.469,64332.0,104796828.0,16.11,16.36,15.96,16.29,True,国投中鲁,False
2016-09-20,29.539,29.539,29.013,29.364,44800.0,72710400.0,16.33,16.33,16.03,16.23,True,国投中鲁,False
2016-09-21,29.241,29.329,28.96,29.153,38581.0,62153991.0,16.16,16.21,16.0,16.11,True,国投中鲁,False
2016-09-22,29.294,29.417,28.978,29.136,39439.0,63496790.00000001,16.19,16.26,16.01,16.1,True,国投中鲁,False
2016-09-23,29.171,29.241,28.644,28.873,38385.0,61224075.0,16.12,16.16,15.82,15.95,True,国投中鲁,False
2016-09-26,28.89,29.066,27.574,27.644,42259.0,64444975.0,15.96,16.06,15.21,15.25,True,国投中鲁,False
2016-09-27,27.609,28.1,27.416,27.96,33968.0,52412624.0,15.23,15.51,15.12,15.43,True,国投中鲁,False
2016-09-28,28.065,28.065,27.556,27.609,26301.0,40056423.0,15.49,15.49,15.2,15.23,True,国投中鲁,False
2016-09-29,27.591,27.89,27.416,27.609,22887.0,34856901.0,15.22,15.39,15.12,15.23,True,国投中鲁,False
2016-09-30,27.82,29.206,27.626,28.732,68004.0,107922348.0,15.35,16.14,15.24,15.87,True,国投中鲁,False
2016-10-10,28.978,29.662,28.522,29.662,69484.0,113953760.0,16.01,16.4,15.75,16.4,True,国投中鲁,False
2016-10-11,29.575,29.768,29.294,29.557,55609.0,90865106.0,16.35,16.46,16.19,16.34,True,国投中鲁,False
2016-10-12,29.434,30.101,29.311,29.733,63625.0,104599500.0,16.27,16.65,16.2,16.44,True,国投中鲁,False
2016-10-13,29.838,29.838,29.171,29.364,41086.0,66682578.0,16.5,16.5,16.12,16.23,True,国投中鲁,False
2016-10-14,29.364,29.75,28.96,29.557,42357.0,69211338.0,16.23,16.45,16.0,16.34,True,国投中鲁,False
2016-10-17,29.487,30.364,29.364,29.662,82197.0,134803080.0,16.3,16.8,16.23,16.4,True,国投中鲁,False
2016-10-18,29.627,30.891,29.504,30.768,96940.0,165088820.0,16.38,17.1,16.31,17.03,True,国投中鲁,False
2016-10-19,30.628,30.821,30.154,30.329,67225.0,112803550.0,16.95,17.06,16.68,16.78,True,国投中鲁,False
2016-10-20,30.364,30.803,30.119,30.399,46315.0,77901830.0,16.8,17.05,16.66,16.82,True,国投中鲁,False
2016-10-21,30.452,30.452,29.329,29.75,56545.0,93016525.0,16.85,16.85,16.21,16.45,True,国投中鲁,False
2016-10-24,29.645,30.189,29.487,29.996,40379.0,66988761.0,16.39,16.7,16.3,16.59,True,国投中鲁,False
2016-10-25,29.838,30.54,29.715,30.329,48954.0,82144812.0,16.5,16.9,16.43,16.78,True,国投中鲁,False
2016-10-26,30.522,30.54,29.838,29.89,31013.0,51264489.0,16.89,16.9,16.5,16.53,True,国投中鲁,False
2016-10-27,29.89,31.049,29.785,30.838,88560.0,151171920.0,16.53,17.19,16.47,17.07,True,国投中鲁,False
2016-10-28,30.803,30.838,29.75,29.785,61626.0,101498022.0,17.05,17.07,16.45,16.47,True,国投中鲁,False
2016-10-31,29.592,29.68,29.048,29.417,33800.0,54958800.00000001,16.36,16.41,16.05,16.26,True,国投中鲁,False
2016-11-01,29.452,29.89,29.346,29.82,36572.0,60307227.99999999,16.28,16.53,16.22,16.49,True,国投中鲁,False
2016-11-02,29.803,29.943,29.539,29.662,30323.0,49729719.99999999,16.48,16.56,16.33,16.4,True,国投中鲁,False
2016-11-03,29.452,30.54,29.346,30.329,72253.0,121240534.0,16.28,16.9,16.22,16.78,True,国投中鲁,False
2016-11-04,30.364,30.628,29.838,30.013,51325.0,85199500.0,16.8,16.95,16.5,16.6,True,国投中鲁,False
2016-11-07,30.101,30.101,29.645,29.733,38400.0,63129600.00000001,16.65,16.65,16.39,16.44,True,国投中鲁,False
2016-11-08,30.013,30.294,29.539,30.206,47300.0,79038300.0,16.6,16.76,16.33,16.71,True,国投中鲁,False
2016-11-09,30.171,30.856,29.838,30.628,87792.0,148807440.0,16.69,17.08,16.5,16.95,True,国投中鲁,False
2016-11-10,30.715,31.505,30.505,31.084,80130.0,137903730.0,17.0,17.45,16.88,17.21,True,国投中鲁,False
2016-11-11,31.049,31.242,30.628,31.101,53771.0,92593662.0,17.19,17.3,16.95,17.22,True,国投中鲁,False
2016-11-14,31.049,32.295,31.031,31.365,56532.0,98196084.0,17.19,17.9,17.18,17.37,True,国投中鲁,False
2016-11-15,31.207,33.26,30.908,32.172,102282.0,182368806.0,17.28,18.45,17.11,17.83,True,国投中鲁,False
2016-11-16,31.856,32.207,31.505,31.768,54998.0,96796480.0,17.65,17.85,17.45,17.6,True,国投中鲁,False
2016-11-17,31.751,31.874,31.031,31.505,52701.0,91963245.0,17.59,17.66,17.18,17.45,True,国投中鲁,False
2016-11-18,31.435,32.102,31.312,31.803,55397.0,97609514.0,17.41,17.79,17.34,17.62,True,国投中鲁,False
2016-11-21,31.733,31.909,30.785,31.136,62017.0,106917308.0,17.58,17.68,17.04,17.24,True,国投中鲁,False
2016-11-22,31.084,31.347,30.891,31.189,37788.0,65259876.0,17.21,17.36,17.1,17.27,True,国投中鲁,False
2016-11-23,31.066,31.716,30.505,30.715,57771.0,98210700.0,17.2,17.57,16.88,17.0,True,国投中鲁,False
2016-11-24,30.715,31.066,30.119,30.557,60229.0,101847239.0,17.0,17.2,16.66,16.91,True,国投中鲁,False
2016-11-25,30.557,31.066,30.206,30.979,41074.0,70441910.0,16.91,17.2,16.71,17.15,True,国投中鲁,False
2016-11-28,30.979,31.47,30.592,30.961,46960.0,80489440.0,17.15,17.43,16.93,17.14,True,国投中鲁,False
2016-11-29,30.768,30.943,29.68,29.733,54133.0,88994652.0,17.03,17.13,16.41,16.44,True,国投中鲁,False
2016-11-30,29.592,30.119,29.399,29.575,43150.0,70550250.0,16.36,16.66,16.25,16.35,True,国投中鲁,False
2016-12-01,29.662,29.838,29.487,29.592,31002.0,50719272.0,16.4,16.5,16.3,16.36,True,国投中鲁,False
2016-12-02,29.469,29.908,28.785,28.89,39405.0,62890380.0,16.29,16.54,15.9,15.96,True,国投中鲁,False
2016-12-05,28.609,29.118,28.135,28.908,30099.0,48068103.0,15.8,16.09,15.53,15.97,True,国投中鲁,False
2016-12-06,28.978,29.417,28.873,29.188,34297.0,55321061.0,16.01,16.26,15.95,16.13,True,国投中鲁,False
2016-12-07,29.241,29.61,29.066,29.487,27277.0,44461510.0,16.16,16.37,16.06,16.3,True,国投中鲁,False
2016-12-08,29.487,29.768,29.329,29.575,20768.0,33955680.0,16.3,16.46,16.21,16.35,True,国投中鲁,False
2016-12-09,29.487,29.557,29.329,29.417,17787.0,28921662.000000004,16.3,16.34,16.21,16.26,True,国投中鲁,False
2016-12-12,29.399,29.873,28.206,28.206,51828.0,80696196.0,16.25,16.52,15.57,15.57,True,国投中鲁,False
2016-12-13,27.89,29.662,27.24,29.592,67159.0,109872124.0,15.39,16.4,15.02,16.36,True,国投中鲁,False
2016-12-14,29.487,30.487,29.276,29.75,95939.0,157819655.0,16.3,16.87,16.18,16.45,True,国投中鲁,False
2016-12-15,29.346,30.645,29.276,30.557,86678.0,146572498.0,16.22,16.96,16.18,16.91,True,国投中鲁,False
2016-12-16,30.364,30.891,30.206,30.487,75708.0,127719396.0,16.8,17.1,16.71,16.87,True,国投中鲁,False
2016-12-19,30.277,31.277,30.206,30.645,56721.0,96198816.0,16.75,17.32,16.71,16.96,True,国投中鲁,False
2016-12-20,30.434,30.61,29.926,30.505,42774.0,72202512.0,16.84,16.94,16.55,16.88,True,国投中鲁,False
2016-12-21,30.505,31.4,30.364,31.242,80659.0,139540070.0,16.88,17.39,16.8,17.3,True,国投中鲁,False
2016-12-22,31.031,31.119,30.522,30.75,46381.0,78940462.0,17.18,17.23,16.89,17.02,True,国投中鲁,False
2016-12-23,30.768,31.066,30.382,30.522,59963.0,101277507.0,17.03,17.2,16.81,16.89,True,国投中鲁,False
2016-12-26,30.206,30.241,28.785,29.697,68911.0,113151862.0,16.71,16.73,15.9,16.42,True,国投中鲁,False
2016-12-27,29.715,32.576,29.522,32.576,76724.0,138563544.0,16.43,18.06,16.32,18.06,True,国投中鲁,False
2016-12-28,33.348,35.629,33.014,33.611,278197.0,518837405.0,18.5,19.8,18.31,18.65,True,国投中鲁,False
2016-12-29,33.26,36.893,32.944,36.893,272620.0,559416240.0,18.45,20.52,18.27,20.52,True,国投中鲁,False
2016-12-30,37.928,39.894,35.699,36.77,426650.0,872499250.0,21.11,22.23,19.84,20.45,True,国投中鲁,False
2017-01-03,36.472,39.122,35.629,38.192,343325.0,729908950.0,20.28,21.79,19.8,21.26,True,国投中鲁,False
2017-01-04,37.384,37.7,36.507,37.174,249301.0,515554468.0,20.8,20.98,20.3,20.68,True,国投中鲁,False
2017-01-05,36.858,37.472,36.472,37.121,193316.0,399197540.0,20.5,20.85,20.28,20.65,True,国投中鲁,False
2017-01-06,36.366,37.419,35.805,37.244,179566.0,372060752.0,20.22,20.82,19.9,20.72,True,国投中鲁,False
2017-01-09,36.788,36.946,35.875,36.507,145095.0,294542850.0,20.46,20.55,19.94,20.3,True,国投中鲁,False
2017-01-10,36.419,37.103,35.805,36.63,148444.0,302380428.0,20.25,20.64,19.9,20.37,True,国投中鲁,False
2017-01-11,36.349,36.349,34.102,34.436,194181.0,371274072.0,20.21,20.21,18.93,19.12,True,国投中鲁,False
2017-01-12,34.173,34.98,33.734,34.489,122934.0,235418610.0,18.97,19.43,18.72,19.15,True,国投中鲁,False
2017-01-13,34.646,34.822,32.47,32.628,125161.0,226416249.0,19.24,19.34,18.0,18.09,True,国投中鲁,False
2017-01-16,32.681,33.172,29.557,30.557,109147.0,184567577.0,18.12,18.4,16.34,16.91,True,国投中鲁,False
2017-01-17,30.364,31.242,30.066,31.136,81722.0,140888728.0,16.8,17.3,16.63,17.24,True,国投中鲁,False
2017-01-18,31.031,31.417,30.522,30.926,82186.0,140702432.0,17.18,17.4,16.89,17.12,True,国投中鲁,False
2017-01-19,30.592,31.347,30.399,30.733,65103.0,110740203.0,16.93,17.36,16.82,17.01,True,国投中鲁,False
2017-01-20,30.592,31.61,30.382,31.347,69742.0,121072112.0,16.93,17.51,16.81,17.36,True,国投中鲁,False
2017-01-23,31.119,31.909,31.119,31.347,59362.0,103052432.0,17.23,17.68,17.23,17.36,True,国投中鲁,False
2017-01-24,31.417,31.628,30.628,30.979,53424.0,91622160.0,17.4,17.52,16.95,17.15,True,国投中鲁,False
2017-01-25,31.049,31.347,30.715,31.172,46720.0,80638720.0,17.19,17.36,17.0,17.26,True,国投中鲁,False
2017-01-26,31.014,31.084,30.54,30.61,61124.0,103544056.0,17.17,17.21,16.9,16.94,True,国投中鲁,False
2017-02-03,30.61,30.891,30.364,30.75,34168.0,58153936.0,16.94,17.1,16.8,17.02,True,国投中鲁,False
2017-02-06,30.873,31.593,30.592,31.575,75310.0,131717190.0,17.09,17.5,16.93,17.49,True,国投中鲁,False
2017-02-07,31.4,32.628,31.33,31.961,99496.0,176207416.0,17.39,18.09,17.35,17.71,True,国投中鲁,False
2017-02-08,31.786,32.207,31.33,32.154,68745.0,122503590.0,17.61,17.85,17.35,17.82,True,国投中鲁,False
2017-02-09,31.996,32.821,31.891,32.558,80398.0,145118390.0,17.73,18.2,17.67,18.05,True,国投中鲁,False
2017-02-10,32.558,33.12,32.207,32.26,95672.0,171061536.0,18.05,18.37,17.85,17.88,True,国投中鲁,False
2017-02-13,31.996,32.769,31.733,32.628,68898.0,124636482.0,17.73,18.17,17.58,18.09,True,国投中鲁,False
2017-02-14,32.593,32.663,31.944,32.33,51813.0,92848896.0,18.07,18.11,17.7,17.92,True,国投中鲁,False
2017-02-15,32.154,32.786,31.944,32.172,57740.0,102950420.0,17.82,18.18,17.7,17.83,True,国投中鲁,False
2017-02-16,32.032,33.26,31.996,33.19,92494.0,170281454.0,17.75,18.45,17.73,18.41,True,国投中鲁,False
2017-02-17,33.049,33.049,31.751,31.803,91795.0,161742790.0,18.33,18.33,17.59,17.62,True,国投中鲁,False
2017-02-20,31.733,31.786,30.715,31.242,84671.0,146480830.0,17.58,17.61,17.0,17.3,True,国投中鲁,False
2017-02-21,31.136,31.698,31.084,31.505,51713.0,90239185.0,17.24,17.56,17.21,17.45,True,国投中鲁,False
2017-02-22,31.4,34.576,31.294,32.856,148538.0,270636236.0,17.39,19.2,17.33,18.22,True,国投中鲁,False
2017-02-23,32.663,32.909,32.172,32.821,75141.0,136756620.0,18.11,18.25,17.83,18.2,True,国投中鲁,False
2017-02-24,32.786,33.471,32.435,33.172,78507.0,144452880.0,18.18,18.57,17.98,18.4,True,国投中鲁,False
2017-02-27,33.225,33.383,32.365,32.646,57912.0,104820720.0,18.43,18.52,17.94,18.1,True,国投中鲁,False
2017-02-28,32.47,32.997,32.172,32.962,44029.0,80485012.0,18.0,18.3,17.83,18.28,True,国投中鲁,False
2017-03-01,32.786,33.558,32.786,33.436,94184.0,174711320.0,18.18,18.62,18.18,18.55,True,国投中鲁,False
2017-03-02,33.471,33.611,33.049,33.155,55776.0,102572064.0,18.57,18.65,18.33,18.39,True,国投中鲁,False
2017-03-03,32.909,32.909,32.453,32.769,40425.0,73452225.0,18.25,18.25,17.99,18.17,True,国投中鲁,False
2017-03-06,32.786,33.172,32.576,33.137,40121.0,73742398.0,18.18,18.4,18.06,18.38,True,国投中鲁,False
2017-03-07,33.155,33.313,32.681,33.014,51692.0,94648052.0,18.39,18.48,18.12,18.31,True,国投中鲁,False
2017-03-08,32.909,33.523,32.839,33.506,64699.0,120275441.0,18.25,18.6,18.21,18.59,True,国投中鲁,False
2017-03-09,33.471,33.839,32.997,33.172,67146.0,123548640.0,18.57,18.78,18.3,18.4,True,国投中鲁,False
2017-03-10,32.927,33.558,32.839,33.488,57093.0,106078794.0,18.26,18.62,18.21,18.58,True,国投中鲁,False
2017-03-13,33.348,33.471,33.049,33.313,39210.0,72460080.0,18.5,18.57,18.33,18.48,True,国投中鲁,False
2017-03-14,33.418,34.138,33.383,34.05,93350.0,176431500.0,18.54,18.95,18.52,18.9,True,国投中鲁,False
2017-03-15,33.857,34.313,33.26,33.734,57695.0,108005040.0,18.79,19.05,18.45,18.72,True,国投中鲁,False
2017-03-16,33.716,34.225,33.611,34.102,52412.0,99215916.0,18.71,19.0,18.65,18.93,True,国投中鲁,False
2017-03-17,34.12,34.436,33.699,33.804,54029.0,101358404.0,18.94,19.12,18.7,18.76,True,国投中鲁,False
2017-03-20,34.05,34.05,33.172,33.453,44545.0,82675520.0,18.9,18.9,18.4,18.56,True,国投中鲁,False
2017-03-21,33.348,33.436,33.014,33.418,35735.0,66252690.0,18.5,18.55,18.31,18.54,True,国投中鲁,False
2017-03-22,33.33,33.33,32.505,32.663,53338.0,96595118.0,18.49,18.49,18.02,18.11,True,国投中鲁,False
2017-03-23,32.891,32.891,31.838,32.137,47078.0,83845918.0,18.24,18.24,17.64,17.81,True,国投中鲁,False
2017-03-24,32.137,32.576,32.137,32.225,26165.0,46730690.0,17.81,18.06,17.81,17.86,True,国投中鲁,False
2017-03-27,32.47,32.997,32.47,32.593,32522.0,58767254.0,18.0,18.3,18.0,18.07,True,国投中鲁,False
2017-03-28,32.47,35.77,32.225,34.208,173243.0,328988457.0,18.0,19.88,17.86,18.99,True,国投中鲁,False
2017-03-29,33.593,34.015,33.19,33.646,97597.0,182213599.00000003,18.64,18.88,18.41,18.67,True,国投中鲁,False
2017-03-30,33.488,33.576,30.785,31.716,89615.0,157453555.0,18.58,18.63,17.04,17.57,True,国投中鲁,False
2017-03-31,31.593,32.032,31.242,31.4,37604.0,65393356.0,17.5,17.75,17.3,17.39,True,国投中鲁,False
2017-04-05,31.944,33.611,31.681,32.576,48086.0,86843316.0,17.7,18.65,17.55,18.06,True,国投中鲁,False
2017-04-06,32.734,33.014,32.067,32.33,38124.0,68318208.0,18.15,18.31,17.77,17.92,True,国投中鲁,False
2017-04-07,32.207,32.611,31.944,32.172,29112.0,51906695.99999999,17.85,18.08,17.7,17.83,True,国投中鲁,False
2017-04-10,32.154,32.997,31.61,32.804,53484.0,97287396.0,17.82,18.3,17.51,18.19,True,国投中鲁,False
2017-04-11,32.716,33.804,32.4,33.453,76019.0,141091264.0,18.14,18.76,17.96,18.56,True,国投中鲁,False
2017-04-12,33.172,33.33,32.628,32.646,47551.0,86067310.0,18.4,18.49,18.09,18.1,True,国投中鲁,False
2017-04-13,32.207,32.242,31.452,31.593,61665.0,107913750.0,17.85,17.87,17.42,17.5,True,国投中鲁,False
2017-04-14,31.61,31.874,31.101,31.259,32414.0,56108633.99999999,17.51,17.66,17.22,17.31,True,国投中鲁,False
2017-04-17,31.207,31.207,30.119,30.206,31772.0,53091012.0,17.28,17.28,16.66,16.71,True,国投中鲁,False
2017-04-18,30.206,30.452,28.925,29.048,46092.0,73977660.0,16.71,16.85,15.98,16.05,True,国投中鲁,False
2017-04-19,28.258,28.96,27.469,27.837,47271.0,72608256.0,15.6,16.0,15.15,15.36,True,国投中鲁,False
2017-04-20,27.977,28.329,27.328,27.539,39159.0,59482521.0,15.44,15.64,15.07,15.19,True,国投中鲁,False
2017-04-21,27.416,27.907,27.416,27.556,14664.0,22289280.0,15.12,15.4,15.12,15.2,True,国投中鲁,False
2017-04-24,27.24,27.679,24.889,24.889,53200.0,72777600.0,15.02,15.27,13.68,13.68,True,国投中鲁,False
2017-04-25,24.889,25.538,24.573,24.906,31411.0,43001659.0,13.68,14.05,13.5,13.69,True,国投中鲁,False
2017-04-26,24.994,25.187,24.661,24.871,17476.0,23889692.0,13.74,13.85,13.55,13.67,True,国投中鲁,False
2017-04-27,24.871,25.661,23.485,25.345,45460.0,63371240.0,13.67,14.12,12.88,13.94,True,国投中鲁,False
2017-04-28,25.012,25.942,25.012,25.433,25720.0,35982280.0,13.75,14.28,13.75,13.99,True,国投中鲁,False
2017-05-02,25.31,26.591,25.31,26.082,26513.0,38072668.0,13.92,14.65,13.92,14.36,True,国投中鲁,False
2017-05-03,26.082,27.153,25.714,26.626,33306.0,48859902.0,14.36,14.97,14.15,14.67,True,国投中鲁,False
2017-05-04,26.293,26.521,26.012,26.135,24378.0,35079942.0,14.48,14.61,14.32,14.39,True,国投中鲁,False
2017-05-05,26.222,26.433,25.942,26.258,20122.0,29096412.0,14.44,14.56,14.28,14.46,True,国投中鲁,False
2017-05-08,26.152,26.31,25.485,25.643,21487.0,30318157.0,14.4,14.49,14.02,14.11,True,国投中鲁,False
2017-05-09,25.556,25.959,24.801,25.345,17975.0,25057150.0,14.06,14.29,13.63,13.94,True,国投中鲁,False
2017-05-10,25.24,25.538,24.099,24.204,22290.0,29623410.0,13.88,14.05,13.23,13.29,True,国投中鲁,False
2017-05-11,24.222,25.099,23.695,24.748,30419.0,41369840.0,13.3,13.8,13.0,13.6,True,国投中鲁,False
2017-05-12,24.432,24.783,24.432,24.643,13275.0,17974350.0,13.42,13.62,13.42,13.54,True,国投中鲁,False
2017-05-15,24.643,25.117,24.38,24.678,15515.0,21038340.0,13.54,13.81,13.39,13.56,True,国投中鲁,False
2017-05-16,24.731,25.187,24.31,25.169,20571.0,28470264.0,13.59,13.85,13.35,13.84,True,国投中鲁,False
2017-05-17,25.257,25.836,25.134,25.433,27275.0,38157725.0,13.89,14.22,13.82,13.99,True,国投中鲁,False
2017-05-18,24.889,25.433,24.608,24.994,18115.0,24890010.0,13.68,13.99,13.52,13.74,True,国投中鲁,False
2017-05-19,24.713,25.222,24.713,25.152,11822.0,16349826.0,13.58,13.87,13.58,13.83,True,国投中鲁,False
2017-05-22,25.24,25.24,24.713,24.818,17663.0,24092332.0,13.88,13.88,13.58,13.64,True,国投中鲁,False
2017-05-23,24.836,24.959,24.222,24.397,22426.0,30050840.0,13.65,13.72,13.3,13.4,True,国投中鲁,False
2017-05-24,24.467,24.467,23.221,24.169,23766.0,31537482.0,13.44,13.44,12.73,13.27,True,国投中鲁,False
2017-05-25,24.081,24.52,23.59,24.31,20777.0,27737295.0,13.22,13.47,12.94,13.35,True,国投中鲁,False
2017-05-26,24.187,24.889,24.152,24.696,19826.0,26903882.0,13.28,13.68,13.26,13.57,True,国投中鲁,False
2017-05-31,24.766,24.994,23.959,24.169,15505.0,20575135.0,13.61,13.74,13.15,13.27,True,国投中鲁,False
2017-06-01,24.169,24.169,23.046,23.169,18411.0,23381970.0,13.27,13.27,12.63,12.7,True,国投中鲁,False
2017-06-02,23.134,23.134,21.695,22.87,30035.0,37633855.0,12.68,12.68,11.86,12.53,True,国投中鲁,False
2017-06-05,23.099,23.169,22.8,22.976,17964.0,22616676.0,12.66,12.7,12.49,12.59,True,国投中鲁,False
2017-06-06,22.993,23.221,22.695,23.116,18640.0,23616880.0,12.6,12.73,12.43,12.67,True,国投中鲁,False
2017-06-07,23.204,23.818,23.151,23.765,19063.0,24858152.0,12.72,13.07,12.69,13.04,True,国投中鲁,False
2017-06-08,23.66,25.24,23.572,24.836,33476.0,45694740.0,12.98,13.88,12.93,13.65,True,国投中鲁,False
2017-06-09,24.573,25.591,24.064,24.889,43746.0,59844528.0,13.5,14.08,13.21,13.68,True,国投中鲁,False
2017-06-12,24.45,25.152,23.888,23.976,31489.0,41439524.0,13.43,13.83,13.11,13.16,True,国投中鲁,False
2017-06-13,24.029,24.538,23.713,24.204,19834.0,26359386.0,13.19,13.48,13.01,13.29,True,国投中鲁,False
2017-06-14,23.994,24.801,23.871,24.467,24705.0,33203520.0,13.17,13.63,13.1,13.44,True,国投中鲁,False
2017-06-15,24.222,25.047,24.187,24.661,27266.0,36945430.0,13.3,13.77,13.28,13.55,True,国投中鲁,False
2017-06-16,24.643,25.047,24.625,24.748,19876.0,27031360.0,13.54,13.77,13.53,13.6,True,国投中鲁,False
2017-06-19,24.959,26.275,24.836,25.591,49810.0,70132480.0,13.72,14.47,13.65,14.08,True,国投中鲁,False
2017-06-20,25.485,25.608,24.924,25.152,37836.0,52327188.0,14.02,14.09,13.7,13.83,True,国投中鲁,False
2017-06-21,25.152,25.275,24.836,25.099,17660.0,24370800.0,13.83,13.9,13.65,13.8,True,国投中鲁,False
2017-06-22,25.064,25.257,24.573,24.608,21452.0,29003104.0,13.78,13.89,13.5,13.52,True,国投中鲁,False
2017-06-23,24.538,24.731,23.695,24.169,21319.0,28290313.0,13.48,13.59,13.0,13.27,True,国投中鲁,False
2017-06-26,24.099,24.467,23.871,24.432,23937.0,32123454.0,13.23,13.44,13.1,13.42,True,国投中鲁,False
2017-06-27,24.52,24.924,24.467,24.783,22194.0,30228228.0,13.47,13.7,13.44,13.62,True,国投中鲁,False
2017-06-28,24.836,25.415,24.257,24.801,35046.0,47767698.0,13.65,13.98,13.32,13.63,True,国投中鲁,False
2017-06-29,24.59,24.976,24.432,24.625,19556.0,26459268.0,13.51,13.73,13.42,13.53,True,国投中鲁,False
2017-06-30,24.573,24.906,24.52,24.783,14478.0,19719036.0,13.5,13.69,13.47,13.62,True,国投中鲁,False
2017-07-03,24.696,25.187,24.643,25.099,17014.0,23479320.0,13.57,13.85,13.54,13.8,True,国投中鲁,False
2017-07-04,25.064,25.275,24.731,24.783,13795.0,18788790.0,13.78,13.9,13.59,13.62,True,国投中鲁,False
2017-07-05,24.643,24.924,24.625,24.836,14846.0,20264790.0,13.54,13.7,13.53,13.65,True,国投中鲁,False
2017-07-06,24.836,25.363,24.713,25.222,32349.0,44868063.0,13.65,13.95,13.58,13.87,True,国投中鲁,False
2017-07-07,25.134,25.222,24.871,25.082,20723.0,28577017.0,13.82,13.87,13.67,13.79,True,国投中鲁,False
2017-07-10,24.818,25.591,24.818,25.556,32593.0,45825758.0,13.64,14.08,13.64,14.06,True,国投中鲁,False
2017-07-11,25.573,26.872,25.292,26.029,82493.0,118212469.0,14.07,14.81,13.91,14.33,True,国投中鲁,False
2017-07-12,25.819,26.135,25.099,25.556,37210.0,52317260.0,14.21,14.39,13.8,14.06,True,国投中鲁,False
2017-07-13,25.556,26.802,25.117,26.416,57388.0,83499540.0,14.06,14.77,13.81,14.55,True,国投中鲁,False
2017-07-14,26.451,27.188,25.994,27.17,79939.0,119748622.0,14.57,14.99,14.31,14.98,True,国投中鲁,False
2017-07-17,27.135,27.135,24.573,24.661,63626.0,86213230.0,14.96,14.96,13.5,13.55,True,国投中鲁,False
2017-07-18,24.573,25.24,23.783,24.994,45799.0,62927826.0,13.5,13.88,13.05,13.74,True,国投中鲁,False
2017-07-19,24.959,25.573,24.854,25.433,33707.0,47156093.0,13.72,14.07,13.66,13.99,True,国投中鲁,False
2017-07-20,25.31,25.889,25.117,25.327,39485.0,55002605.0,13.92,14.25,13.81,13.93,True,国投中鲁,False
2017-07-21,25.327,26.591,25.099,26.012,57185.0,81888920.0,13.93,14.65,13.8,14.32,True,国投中鲁,False
2017-07-24,25.907,26.661,25.608,26.275,52108.0,75400276.0,14.26,14.69,14.09,14.47,True,国投中鲁,False
2017-07-25,26.416,26.416,25.608,25.836,35323.0,50229306.0,14.55,14.55,14.09,14.22,True,国投中鲁,False
2017-07-26,25.819,25.819,25.064,25.205,37609.0,52126074.0,14.21,14.21,13.78,13.86,True,国投中鲁,False
2017-07-27,25.222,25.696,25.134,25.433,24969.0,34931631.0,13.87,14.14,13.82,13.99,True,国投中鲁,False
2017-07-28,25.327,25.696,24.766,24.783,32301.0,43993962.0,13.93,14.14,13.61,13.62,True,国投中鲁,False
2017-07-31,24.573,24.661,24.081,24.152,39773.0,52738998.0,13.5,13.55,13.22,13.26,True,国投中鲁,False
2017-08-01,24.239,24.783,24.081,24.397,27863.0,37336420.0,13.31,13.62,13.22,13.4,True,国投中鲁,False
2017-08-02,24.397,24.397,23.853,23.994,29002.0,38195634.0,13.4,13.4,13.09,13.17,True,国投中鲁,False
2017-08-03,23.994,24.31,23.888,24.029,12025.0,15860975.0,13.17,13.35,13.11,13.19,True,国投中鲁,False
2017-08-04,24.029,24.573,24.029,24.485,26152.0,35174440.0,13.19,13.5,13.19,13.45,True,国投中鲁,False
2017-08-07,24.485,24.573,24.274,24.52,14504.0,19536888.0,13.45,13.5,13.33,13.47,True,国投中鲁,False
2017-08-08,24.52,24.731,24.099,24.608,24906.0,33672912.0,13.47,13.59,13.23,13.52,True,国投中鲁,False
2017-08-09,24.485,24.555,24.187,24.292,16270.0,21704180.0,13.45,13.49,13.28,13.34,True,国投中鲁,False
2017-08-10,24.204,24.362,23.73,24.011,15308.0,20175944.0,13.29,13.38,13.02,13.18,True,国投中鲁,False
2017-08-11,23.871,24.081,23.537,23.608,15221.0,19711195.0,13.1,13.22,12.91,12.95,True,国投中鲁,False
2017-08-14,23.52,23.994,23.52,23.941,11677.0,15343578.0,12.9,13.17,12.9,13.14,True,国投中鲁,False
2017-08-15,23.801,24.081,23.748,24.029,13582.0,17914658.0,13.06,13.22,13.03,13.19,True,国投中鲁,False
2017-08-16,23.836,24.345,23.836,24.222,15923.0,21177590.0,13.08,13.37,13.08,13.3,True,国投中鲁,False
2017-08-17,24.397,25.099,24.38,24.889,33980.0,46484640.0,13.4,13.8,13.39,13.68,True,国投中鲁,False
2017-08-18,24.766,25.977,24.467,25.485,63719.0,89334038.0,13.61,14.3,13.44,14.02,True,国投中鲁,False
2017-08-21,25.889,25.889,25.099,25.24,43058.0,59764504.0,14.25,14.25,13.8,13.88,True,国投中鲁,False
2017-08-22,25.275,25.433,24.748,24.836,26721.0,36474165.0,13.9,13.99,13.6,13.65,True,国投中鲁,False
2017-08-23,24.854,25.169,24.731,24.889,16710.0,22859280.0,13.66,13.84,13.59,13.68,True,国投中鲁,False
2017-08-24,24.889,25.363,24.713,25.064,27110.0,37357580.0,13.68,13.95,13.58,13.78,True,国投中鲁,False
2017-08-25,24.854,25.257,24.854,24.941,19088.0,26169648.0,13.66,13.89,13.66,13.71,True,国投中鲁,False
2017-08-28,24.924,25.591,24.889,25.345,33370.0,46517780.0,13.7,14.08,13.68,13.94,True,国投中鲁,False
2017-08-29,25.45,25.643,25.187,25.45,30162.0,42226800.0,14.0,14.11,13.85,14.0,True,国投中鲁,False
2017-08-30,25.45,25.714,25.222,25.626,30430.0,42906300.0,14.0,14.15,13.87,14.1,True,国投中鲁,False
2017-08-31,25.591,25.643,25.205,25.398,25516.0,35645852.0,14.08,14.11,13.86,13.97,True,国投中鲁,False
2017-09-01,25.398,25.714,25.222,25.573,31025.0,43652175.0,13.97,14.15,13.87,14.07,True,国投中鲁,False
2017-09-04,25.538,25.556,25.187,25.38,30977.0,43243892.0,14.05,14.06,13.85,13.96,True,国投中鲁,False
2017-09-05,25.485,26.1,25.31,25.854,48526.0,69052498.0,14.02,14.37,13.92,14.23,True,国投中鲁,False
2017-09-06,25.696,25.854,25.485,25.749,27986.0,39656162.0,14.14,14.23,14.02,14.17,True,国投中鲁,False
2017-09-07,25.766,25.994,25.327,25.363,35645.0,49724775.0,14.18,14.31,13.93,13.95,True,国投中鲁,False
2017-09-08,25.152,25.924,25.152,25.468,32527.0,45570327.0,13.83,14.27,13.83,14.01,True,国投中鲁,False
2017-09-11,25.363,25.538,25.257,25.503,25329.0,35536587.0,13.95,14.05,13.89,14.03,True,国投中鲁,False
2017-09-12,25.503,25.573,25.169,25.345,25039.0,34904366.0,14.03,14.07,13.84,13.94,True,国投中鲁,False
2017-09-13,25.398,25.889,25.398,25.714,35985.0,50918775.0,13.97,14.25,13.97,14.15,True,国投中鲁,False
2017-09-14,25.678,25.942,25.45,25.819,35764.0,50820644.0,14.13,14.28,14.0,14.21,True,国投中鲁,False
2017-09-15,25.749,28.311,25.485,28.311,145943.0,228108909.0,14.17,15.63,14.02,15.63,True,国投中鲁,False
2017-09-18,27.89,28.083,27.223,27.644,113224.0,172666600.0,15.39,15.5,15.01,15.25,True,国投中鲁,False
2017-09-19,27.469,28.048,27.223,27.609,75021.0,114256983.0,15.15,15.48,15.01,15.23,True,国投中鲁,False
2017-09-20,27.381,28.171,27.328,27.609,60236.0,91739428.0,15.1,15.55,15.07,15.23,True,国投中鲁,False
2017-09-21,27.363,27.644,26.679,26.696,58536.0,86106456.0,15.09,15.25,14.7,14.71,True,国投中鲁,False
2017-09-22,26.679,26.802,26.135,26.398,35850.0,52125900.0,14.7,14.77,14.39,14.54,True,国投中鲁,False
2017-09-25,26.521,26.521,25.959,26.117,22622.0,32530436.0,14.61,14.61,14.29,14.38,True,国投中鲁,False
2017-09-26,26.117,26.468,25.819,26.416,20092.0,29233860.0,14.38,14.58,14.21,14.55,True,国投中鲁,False
2017-09-27,26.433,26.819,26.24,26.451,35071.0,51098447.0,14.56,14.78,14.45,14.57,True,国投中鲁,False
2017-09-28,26.574,26.574,25.714,25.766,32278.0,45770204.0,14.64,14.64,14.15,14.18,True,国投中鲁,False
2017-09-29,25.766,26.1,25.749,25.871,19752.0,28126848.0,14.18,14.37,14.17,14.24,True,国投中鲁,False
2017-10-09,26.1,26.258,25.871,25.924,20743.0,29600261.0,14.37,14.46,14.24,14.27,True,国投中鲁,False
2017-10-10,25.924,26.644,25.836,26.521,32962.0,48157482.0,14.27,14.68,14.22,14.61,True,国投中鲁,False
2017-10-11,26.38,27.188,26.363,26.854,42508.0,62911840.0,14.53,14.99,14.52,14.8,True,国投中鲁,False
2017-10-12,26.679,26.714,26.222,26.363,26789.0,38897628.0,14.7,14.72,14.44,14.52,True,国投中鲁,False
2017-10-13,26.187,26.679,26.187,26.574,19278.0,28222992.0,14.42,14.7,14.42,14.64,True,国投中鲁,False
2017-10-16,26.38,26.889,25.766,25.836,26937.0,38304414.0,14.53,14.82,14.18,14.22,True,国投中鲁,False
2017-10-17,25.942,25.942,25.31,25.468,21527.0,30159327.0,14.28,14.28,13.92,14.01,True,国投中鲁,False
2017-10-18,25.468,25.731,25.327,25.363,11689.0,16306155.0,14.01,14.16,13.93,13.95,True,国投中鲁,False
2017-10-19,25.275,25.714,24.678,24.748,19759.0,26872240.0,13.9,14.15,13.56,13.6,True,国投中鲁,False
2017-10-20,24.678,25.24,24.678,25.064,9267.0,12769926.0,13.56,13.88,13.56,13.78,True,国投中鲁,False
2017-10-23,25.169,25.169,24.766,24.994,10558.0,14506692.0,13.84,13.84,13.61,13.74,True,国投中鲁,False
2017-10-24,25.064,25.257,24.889,24.994,10331.0,14194794.0,13.78,13.89,13.68,13.74,True,国投中鲁,False
2017-10-25,25.012,25.082,24.748,24.959,9232.0,12666304.0,13.75,13.79,13.6,13.72,True,国投中鲁,False
2017-10-26,24.976,25.222,24.854,25.205,12416.0,17208576.0,13.73,13.87,13.66,13.86,True,国投中鲁,False
2017-10-27,25.064,25.626,24.941,25.152,12430.0,17190690.0,13.78,14.1,13.71,13.83,True,国投中鲁,False
2017-10-30,24.994,24.994,23.73,24.099,22009.0,29117907.0,13.74,13.74,13.02,13.23,True,国投中鲁,False
2017-10-31,24.029,24.38,23.976,24.152,10085.0,13372710.0,13.19,13.39,13.16,13.26,True,国投中鲁,False
2017-11-01,24.204,24.415,24.081,24.204,8485.0,11276565.0,13.29,13.41,13.22,13.29,True,国投中鲁,False
2017-11-02,24.169,24.467,23.344,23.45,21774.0,28001364.0,13.27,13.44,12.8,12.86,True,国投中鲁,False
2017-11-03,23.52,23.695,23.046,23.397,13193.0,16926619.0,12.9,13.0,12.63,12.83,True,国投中鲁,False
2017-11-06,23.397,23.625,23.257,23.608,7582.0,9818690.0,12.83,12.96,12.75,12.95,True,国投中鲁,False
2017-11-07,23.572,23.678,23.414,23.625,9882.0,12807072.0,12.93,12.99,12.84,12.96,True,国投中鲁,False
2017-11-08,23.678,23.818,23.608,23.695,10632.0,13821600.0,12.99,13.07,12.95,13.0,True,国投中鲁,False
2017-11-09,23.695,24.257,23.66,24.152,14974.0,19855524.0,13.0,13.32,12.98,13.26,True,国投中鲁,False
2017-11-10,24.152,24.152,23.836,23.959,9193.0,12088795.0,13.26,13.26,13.08,13.15,True,国投中鲁,False
2017-11-13,23.959,24.152,23.643,23.678,13189.0,17132511.0,13.15,13.26,12.97,12.99,True,国投中鲁,False
2017-11-14,23.66,24.011,23.134,23.432,15169.0,19492165.0,12.98,13.18,12.68,12.85,True,国投中鲁,False
2017-11-15,23.467,23.59,23.186,23.555,9258.0,11961336.0,12.87,12.94,12.71,12.92,True,国投中鲁,False
2017-11-16,23.397,23.941,23.397,23.73,10841.0,14114982.0,12.83,13.14,12.83,13.02,True,国投中鲁,False
2017-11-17,23.836,23.836,21.993,22.467,22711.0,27934530.0,13.08,13.08,12.03,12.3,True,国投中鲁,False
2017-11-20,22.379,22.818,21.607,22.625,19619.0,24307941.0,12.25,12.5,11.81,12.39,True,国投中鲁,False
2017-11-21,22.572,22.8,21.958,22.783,14061.0,17548128.0,12.36,12.49,12.01,12.48,True,国投中鲁,False
2017-11-22,22.66,22.993,22.432,22.818,10490.0,13112500.0,12.41,12.6,12.28,12.5,True,国投中鲁,False
2017-11-23,22.642,22.906,21.993,22.081,14717.0,17778136.0,12.4,12.55,12.03,12.08,True,国投中鲁,False
2017-11-24,22.186,22.783,21.94,22.274,12008.0,14637752.0,12.14,12.48,12.0,12.19,True,国投中鲁,False
2017-11-27,22.783,22.783,21.853,21.87,8601.0,10286796.0,12.48,12.48,11.95,11.96,True,国投中鲁,False
2017-11-28,21.87,21.975,21.168,21.835,19253.0,22988082.0,11.96,12.02,11.56,11.94,True,国投中鲁,False
2017-11-29,21.94,22.256,21.502,22.098,14124.0,17075916.0,12.0,12.18,11.75,12.09,True,国投中鲁,False
2017-11-30,21.712,22.116,21.607,22.081,17588.0,21246304.0,11.87,12.1,11.81,12.08,True,国投中鲁,False
2017-12-01,22.291,24.204,21.958,22.958,37449.0,47110842.0,12.2,13.29,12.01,12.58,True,国投中鲁,False
2017-12-04,22.958,23.046,22.204,22.677,31730.0,39408660.0,12.58,12.63,12.15,12.42,True,国投中鲁,False
2017-12-05,22.449,22.519,21.923,22.274,20569.0,25073611.0,12.29,12.33,11.99,12.19,True,国投中鲁,False
2017-12-06,22.414,22.783,22.133,22.712,11929.0,14839676.0,12.27,12.48,12.11,12.44,True,国投中鲁,False
2017-12-07,22.537,23.028,22.537,22.748,8789.0,10951094.0,12.34,12.62,12.34,12.46,True,国投中鲁,False
2017-12-08,22.835,22.941,22.642,22.695,8606.0,10697258.0,12.51,12.57,12.4,12.43,True,国投中鲁,False
2017-12-11,22.695,22.993,22.677,22.888,4879.0,6118266.0,12.43,12.6,12.42,12.54,True,国投中鲁,False
2017-12-12,22.958,23.028,22.414,22.59,10400.0,12864800.0,12.58,12.62,12.27,12.37,True,国投中鲁,False
2017-12-13,22.291,22.73,22.291,22.642,4577.0,5675480.0,12.2,12.45,12.2,12.4,True,国投中鲁,False
2017-12-14,22.642,22.888,22.379,22.87,7343.0,9200779.0,12.4,12.54,12.25,12.53,True,国投中鲁,False
2017-12-15,22.677,22.941,22.642,22.923,8628.0,10836768.0,12.42,12.57,12.4,12.56,True,国投中鲁,False
2017-12-18,22.66,22.66,21.045,21.186,37516.0,43406012.0,12.41,12.41,11.49,11.57,True,国投中鲁,False
2017-12-19,21.08,21.238,20.747,20.922,16615.0,18974330.0,11.51,11.6,11.32,11.42,True,国投中鲁,False
2017-12-20,20.94,21.028,20.554,20.589,9592.0,10771816.0,11.43,11.48,11.21,11.23,True,国投中鲁,False
2017-12-21,20.642,20.677,20.185,20.571,10371.0,11636262.0,11.26,11.28,11.0,11.22,True,国投中鲁,False
2017-12-22,20.712,20.712,19.975,19.992,18125.0,19738125.0,11.3,11.3,10.88,10.89,True,国投中鲁,False
2017-12-25,19.852,19.852,18.746,19.396,33462.0,35302410.0,10.81,10.81,10.18,10.55,True,国投中鲁,False
2017-12-26,19.378,19.659,18.781,19.536,17627.0,18737501.0,10.54,10.7,10.2,10.63,True,国投中鲁,False
2017-12-27,19.466,19.466,18.922,19.009,18433.0,19041289.0,10.59,10.59,10.28,10.33,True,国投中鲁,False
2017-12-28,19.009,19.115,18.694,18.711,16267.0,16527272.0,10.33,10.39,10.15,10.16,True,国投中鲁,False
2017-12-29,18.711,18.834,18.588,18.799,9993.0,10202853.0,10.16,10.23,10.09,10.21,True,国投中鲁,False
2018-01-02,18.869,19.167,18.588,19.062,12249.0,12689964.0,10.25,10.42,10.09,10.36,True,国投中鲁,False
2018-01-03,19.062,19.255,18.957,19.255,12074.0,12641478.0,10.36,10.47,10.3,10.47,True,国投中鲁,False
2018-01-04,19.273,19.571,19.132,19.29,11410.0,11969090.0,10.48,10.65,10.4,10.49,True,国投中鲁,False
2018-01-05,19.36,20.501,19.22,19.624,26825.0,28649100.0,10.53,11.18,10.45,10.68,True,国投中鲁,False
2018-01-08,19.624,19.624,19.009,19.202,15011.0,15671484.0,10.68,10.68,10.33,10.44,True,国投中鲁,False
2018-01-09,19.273,19.325,19.045,19.22,6413.0,6701585.0,10.48,10.51,10.35,10.45,True,国投中鲁,False
2018-01-10,19.29,19.29,18.746,18.834,11933.0,12207459.0,10.49,10.49,10.18,10.23,True,国投中鲁,False
2018-01-11,18.904,19.132,18.518,18.992,10169.0,10494408.0,10.27,10.4,10.05,10.32,True,国投中鲁,False
2018-01-12,18.974,19.115,18.746,18.974,10786.0,11120366.0,10.31,10.39,10.18,10.31,True,国投中鲁,False
2018-01-15,18.781,18.869,18.465,18.536,14100.0,14184600.0,10.2,10.25,10.02,10.06,True,国投中鲁,False
2018-01-16,18.448,18.729,18.395,18.676,8023.0,8135322.0,10.01,10.17,9.98,10.14,True,国投中鲁,False
2018-01-17,18.729,18.992,18.343,18.588,9543.0,9628887.0,10.17,10.32,9.95,10.09,True,国投中鲁,False
2018-01-18,18.588,18.992,18.5,18.764,10528.0,10728032.0,10.09,10.32,10.04,10.19,True,国投中鲁,False
2018-01-19,18.764,18.816,18.588,18.781,8619.0,8791380.0,10.19,10.22,10.09,10.2,True,国投中鲁,False
2018-01-22,18.781,18.834,18.43,18.606,9095.0,9185950.0,10.2,10.23,10.0,10.1,True,国投中鲁,False
2018-01-23,18.518,18.729,18.395,18.641,18055.0,18271660.0,10.05,10.17,9.98,10.12,True,国投中鲁,False
2018-01-24,18.571,18.623,18.29,18.448,14127.0,14141127.0,10.08,10.11,9.92,10.01,True,国投中鲁,False
2018-01-25,18.746,18.887,18.395,18.869,21099.0,21626475.0,10.18,10.26,9.98,10.25,True,国投中鲁,False
2018-01-26,18.816,19.396,18.816,18.887,17024.0,17466624.0,10.22,10.55,10.22,10.26,True,国投中鲁,False
2018-01-29,18.641,18.781,18.22,18.255,20443.0,20238570.0,10.12,10.2,9.88,9.9,True,国投中鲁,False
2018-01-30,18.255,18.255,18.097,18.167,8577.0,8448345.0,9.9,9.9,9.81,9.85,True,国投中鲁,False
2018-01-31,18.255,18.43,17.605,17.904,12980.0,12590600.0,9.9,10.0,9.53,9.7,True,国投中鲁,False
2018-02-01,17.834,18.167,16.693,16.886,15291.0,13945391.999999998,9.66,9.85,9.01,9.12,True,国投中鲁,False
2018-02-02,16.71,16.763,15.447,16.219,19712.0,17228288.0,9.02,9.05,8.3,8.74,True,国投中鲁,False
2018-02-05,16.131,16.5,15.657,16.289,11249.0,9876622.0,8.69,8.9,8.42,8.78,True,国投中鲁,False
2018-02-06,15.956,16.131,14.745,14.745,32208.0,25444320.0,8.59,8.69,7.9,7.9,True,国投中鲁,False
2018-02-07,14.903,15.026,13.358,14.148,44211.0,33423516.0,7.99,8.06,7.11,7.56,True,国投中鲁,False
2018-02-08,13.955,14.604,13.762,14.218,13963.0,10611880.0,7.45,7.82,7.34,7.6,True,国投中鲁,False
2018-02-09,13.867,14.201,13.551,14.06,21934.0,16472434.0,7.4,7.59,7.22,7.51,True,国投中鲁,False
2018-02-12,14.06,14.446,13.955,14.288,13478.0,10297192.0,7.51,7.73,7.45,7.64,True,国投中鲁,False
2018-02-13,14.288,14.833,14.288,14.394,16024.0,12338480.0,7.64,7.95,7.64,7.7,True,国投中鲁,False
2018-02-14,14.394,14.639,14.148,14.464,9876.0,7644024.0,7.7,7.84,7.56,7.74,True,国投中鲁,False
2018-02-22,14.464,14.71,14.429,14.622,10605.0,8303715.0,7.74,7.88,7.72,7.83,True,国投中鲁,False
2018-02-23,14.657,15.026,14.622,14.885,20020.0,15975960.0,7.85,8.06,7.83,7.98,True,国投中鲁,False
2018-02-26,14.955,16.289,14.938,15.535,48449.0,40454915.0,8.02,8.78,8.01,8.35,True,国投中鲁,False
2018-02-27,15.535,16.079,15.166,15.71,35878.0,30316910.0,8.35,8.66,8.14,8.45,True,国投中鲁,False
2018-02-28,15.447,15.57,15.342,15.359,20468.0,16886100.0,8.3,8.37,8.24,8.25,True,国投中鲁,False
2018-03-01,15.324,15.605,15.131,15.552,15839.0,13241404.0,8.23,8.39,8.12,8.36,True,国投中鲁,False
2018-03-02,15.552,15.868,15.447,15.57,15778.0,13206185.999999998,8.36,8.54,8.3,8.37,True,国投中鲁,False
2018-03-05,15.605,15.798,15.377,15.482,10350.0,8611200.0,8.39,8.5,8.26,8.32,True,国投中鲁,False
2018-03-06,15.535,15.728,15.377,15.657,12206.0,10277452.0,8.35,8.46,8.26,8.42,True,国投中鲁,False
2018-03-07,15.587,15.763,15.57,15.605,10396.0,8722244.0,8.38,8.48,8.37,8.39,True,国投中鲁,False
2018-03-08,15.692,15.815,15.464,15.798,11771.0,10005350.0,8.44,8.51,8.31,8.5,True,国投中鲁,False
2018-03-09,15.886,16.324,15.798,16.166,25310.0,22045010.000000004,8.55,8.8,8.5,8.71,True,国投中鲁,False
2018-03-12,15.973,16.272,15.938,16.184,19313.0,16840936.0,8.6,8.77,8.58,8.72,True,国投中鲁,False
2018-03-13,17.518,17.711,17.202,17.711,46294.0,44395946.0,9.48,9.59,9.3,9.59,True,国投中鲁,False
2018-03-14,17.798,19.378,17.746,18.694,155448.0,157779720.0,9.64,10.54,9.61,10.15,True,国投中鲁,False
2018-03-15,18.079,20.484,17.851,20.484,209616.0,234141072.0,9.8,11.17,9.67,11.17,True,国投中鲁,False
2018-03-19,20.852,22.449,20.291,22.449,226441.0,278295989.0,11.38,12.29,11.06,12.29,True,国投中鲁,False
2018-03-20,22.449,24.608,21.853,24.608,181667.0,245613784.0,12.29,13.52,11.95,13.52,True,国投中鲁,False
2018-03-26,23.748,26.977,22.309,25.678,355752.0,502677576.0,13.03,14.87,12.21,14.13,True,国投中鲁,False
2018-03-27,24.783,26.205,24.415,26.1,318933.0,458306721.0,13.62,14.43,13.41,14.37,True,国投中鲁,False
2018-03-28,25.117,26.152,23.572,23.572,267888.0,346379184.0,13.81,14.4,12.93,12.93,True,国投中鲁,False
2018-03-29,23.485,23.906,22.555,23.432,167890.0,215738650.0,12.88,13.12,12.35,12.85,True,国投中鲁,False
2018-03-30,23.362,23.853,23.063,23.608,151592.0,196311640.0,12.81,13.09,12.64,12.95,True,国投中鲁,False
2018-04-02,23.537,24.117,22.818,22.853,162728.0,203735456.0,12.91,13.24,12.5,12.52,True,国投中鲁,False
2018-04-03,22.168,23.59,21.94,23.485,160534.0,206767792.0,12.13,12.94,12.0,12.88,True,国投中鲁,False
2018-04-04,23.292,24.573,22.484,22.8,180131.0,224983619.0,12.77,13.5,12.31,12.49,True,国投中鲁,False
2018-04-09,22.116,22.432,21.238,21.624,116554.0,137766828.0,12.1,12.28,11.6,11.82,True,国投中鲁,False
2018-04-10,21.888,23.099,21.431,22.484,148863.0,183250353.0,11.97,12.66,11.71,12.31,True,国投中鲁,False
2018-04-11,22.116,22.432,21.817,22.01,99538.0,119843752.0,12.1,12.28,11.93,12.04,True,国投中鲁,False
2018-04-12,21.94,22.958,21.835,22.239,123817.0,150685289.0,12.0,12.58,11.94,12.17,True,国投中鲁,False
2018-04-13,22.397,22.414,20.8,21.01,116125.0,133195375.0,12.26,12.27,11.35,11.47,True,国投中鲁,False
2018-04-16,20.712,21.677,20.554,21.186,50013.0,57865041.0,11.3,11.85,11.21,11.57,True,国投中鲁,False
2018-04-17,21.273,21.677,20.378,20.571,49052.0,55036344.0,11.62,11.85,11.11,11.22,True,国投中鲁,False
2018-04-18,20.817,20.975,20.133,20.957,46985.0,53750840.0,11.36,11.45,10.97,11.44,True,国投中鲁,False
2018-04-19,21.063,21.309,20.712,21.151,51612.0,59611860.0,11.5,11.64,11.3,11.55,True,国投中鲁,False
2018-04-20,21.186,22.274,21.028,21.589,161035.0,190021300.0,11.57,12.19,11.48,11.8,True,国投中鲁,False
2018-04-23,21.168,21.712,19.975,20.554,84871.0,95140391.0,11.56,11.87,10.88,11.21,True,国投中鲁,False
2018-04-24,20.22,21.151,20.203,21.01,63070.0,72341290.0,11.02,11.55,11.01,11.47,True,国投中鲁,False
2018-04-25,21.098,21.817,20.624,20.694,92529.0,104465241.0,11.52,11.93,11.25,11.29,True,国投中鲁,False
2018-04-26,20.413,21.238,20.413,20.782,53124.0,60242616.0,11.13,11.6,11.13,11.34,True,国投中鲁,False
2018-04-27,20.536,21.203,19.518,19.904,52296.0,56688864.0,11.2,11.58,10.62,10.84,True,国投中鲁,False
2018-05-02,19.887,20.098,19.325,19.764,40479.0,43555404.0,10.83,10.95,10.51,10.76,True,国投中鲁,False
2018-05-03,19.764,20.378,19.483,20.343,41236.0,45730724.0,10.76,11.11,10.6,11.09,True,国投中鲁,False
2018-05-04,20.185,20.396,19.992,20.238,21110.0,23284330.0,11.0,11.12,10.89,11.03,True,国投中鲁,False
2018-05-07,20.203,20.835,20.203,20.782,42549.0,48250566.0,11.01,11.37,11.01,11.34,True,国投中鲁,False
2018-05-08,20.712,21.221,20.378,21.115,97637.0,112575461.0,11.3,11.59,11.11,11.53,True,国投中鲁,False
2018-05-09,20.712,20.87,20.361,20.677,52693.0,59437704.0,11.3,11.39,11.1,11.28,True,国投中鲁,False
2018-05-10,20.694,21.203,20.431,21.115,65752.0,75812056.0,11.29,11.58,11.14,11.53,True,国投中鲁,False
2018-05-11,21.063,21.203,20.01,20.045,50406.0,55043352.0,11.5,11.58,10.9,10.92,True,国投中鲁,False
2018-05-14,19.922,20.027,19.431,19.571,37930.0,40395450.0,10.85,10.91,10.57,10.65,True,国投中鲁,False
2018-05-15,19.659,20.133,19.518,20.027,29694.0,32396154.0,10.7,10.97,10.62,10.91,True,国投中鲁,False
2018-05-16,19.694,21.186,19.694,20.993,128280.0,147008880.0,10.72,11.57,10.72,11.46,True,国投中鲁,False
2018-05-17,20.887,21.589,20.642,21.186,106351.0,123048107.0,11.4,11.8,11.26,11.57,True,国投中鲁,False
2018-05-18,21.221,21.396,20.712,20.975,67609.0,77412305.0,11.59,11.69,11.3,11.45,True,国投中鲁,False
2018-05-21,21.08,21.203,20.536,21.186,71457.0,82675749.0,11.51,11.58,11.2,11.57,True,国投中鲁,False
2018-05-22,20.993,21.063,20.694,20.747,49257.0,55758924.0,11.46,11.5,11.29,11.32,True,国投中鲁,False
2018-05-23,20.396,20.677,19.94,19.975,59218.0,64429184.00000001,11.12,11.28,10.86,10.88,True,国投中鲁,False
2018-05-24,20.027,20.255,19.975,20.098,28177.0,30853815.0,10.91,11.04,10.88,10.95,True,国投中鲁,False
2018-05-25,20.185,20.273,18.606,18.764,58435.0,59545265.0,11.0,11.05,10.1,10.19,True,国投中鲁,False
2018-05-28,18.869,18.904,18.044,18.343,35983.0,35803085.0,10.25,10.27,9.78,9.95,True,国投中鲁,False
2018-05-29,18.255,18.676,18.22,18.465,22846.0,22891692.0,9.9,10.14,9.88,10.02,True,国投中鲁,False
2018-05-30,18.079,18.114,17.167,17.43,33919.0,31985617.0,9.8,9.82,9.28,9.43,True,国投中鲁,False
2018-05-31,17.798,18.079,17.447,17.992,31760.0,30966000.0,9.64,9.8,9.44,9.75,True,国投中鲁,False
2018-06-01,17.869,18.062,17.5,17.693,25906.0,24817948.0,9.68,9.79,9.47,9.58,True,国投中鲁,False
2018-06-04,17.763,19.36,17.763,18.518,74413.0,74785065.0,9.62,10.53,9.62,10.05,True,国投中鲁,False
2018-06-05,18.343,18.343,17.763,18.272,45254.0,44846714.0,9.95,9.95,9.62,9.91,True,国投中鲁,False
2018-06-06,18.272,18.343,17.886,18.027,28060.0,27414620.0,9.91,9.95,9.69,9.77,True,国投中鲁,False
2018-06-07,18.009,18.185,17.605,17.623,24907.0,23761278.0,9.76,9.86,9.53,9.54,True,国投中鲁,False
2018-06-08,17.658,17.939,17.447,17.728,17628.0,16922880.0,9.56,9.72,9.44,9.6,True,国投中鲁,False
2018-06-11,17.904,17.939,17.483,17.711,16653.0,15970227.0,9.7,9.72,9.46,9.59,True,国投中鲁,False
2018-06-12,17.465,17.904,17.465,17.728,17995.0,17275200.0,9.45,9.7,9.45,9.6,True,国投中鲁,False
2018-06-13,17.816,17.816,16.5,16.974,25643.0,23514631.0,9.65,9.65,8.9,9.17,True,国投中鲁,False
2018-06-14,16.781,18.062,16.781,17.518,44574.0,42256152.0,9.06,9.79,9.06,9.48,True,国投中鲁,False
2018-06-15,17.219,17.676,16.658,17.132,29421.0,27243846.0,9.31,9.57,8.99,9.26,True,国投中鲁,False
2018-06-19,16.939,16.939,15.499,15.535,41087.0,34307645.0,9.15,9.15,8.33,8.35,True,国投中鲁,False
2018-06-20,15.447,15.815,15.289,15.605,23478.0,19698042.0,8.3,8.51,8.21,8.39,True,国投中鲁,False
2018-06-21,15.605,15.886,14.552,14.955,31772.0,25481144.0,8.39,8.55,7.79,8.02,True,国投中鲁,False
2018-06-22,14.955,15.254,14.762,15.201,24248.0,19786368.0,8.02,8.19,7.91,8.16,True,国投中鲁,False
2018-06-25,15.254,15.763,15.254,15.412,21637.0,17915436.0,8.19,8.48,8.19,8.28,True,国投中鲁,False
2018-06-26,15.377,16.096,15.078,15.973,29348.0,25239280.0,8.26,8.67,8.09,8.6,True,国投中鲁,False
2018-06-27,15.78,16.552,15.71,15.78,27154.0,23053746.0,8.49,8.93,8.45,8.49,True,国投中鲁,False
2018-06-28,15.535,16.114,15.535,15.973,25218.0,21687480.0,8.35,8.68,8.35,8.6,True,国投中鲁,False
2018-06-29,15.991,16.324,15.552,16.219,32929.0,28779946.0,8.61,8.8,8.36,8.74,True,国投中鲁,False
2018-07-02,16.026,16.272,15.359,15.499,28143.0,23443119.0,8.63,8.77,8.25,8.33,True,国投中鲁,False
2018-07-03,15.517,16.517,15.517,15.973,35636.0,30646960.0,8.34,8.91,8.34,8.6,True,国投中鲁,False
2018-07-04,16.096,16.5,15.71,16.272,49429.0,43349233.0,8.67,8.9,8.45,8.77,True,国投中鲁,False
2018-07-05,16.149,16.184,14.85,15.236,53467.0,43736006.0,8.7,8.72,7.96,8.18,True,国投中鲁,False
2018-07-06,15.412,15.763,14.727,15.254,31666.0,25934454.0,8.28,8.48,7.89,8.19,True,国投中鲁,False
2018-07-09,15.148,15.64,15.148,15.57,19202.0,16072073.999999998,8.13,8.41,8.13,8.37,True,国投中鲁,False
2018-07-10,15.552,15.78,15.517,15.728,25736.0,21772656.000000004,8.36,8.49,8.34,8.46,True,国投中鲁,False
2018-07-11,15.605,15.605,14.657,15.306,32234.0,26496348.000000004,8.39,8.39,7.85,8.22,True,国投中鲁,False
2018-07-12,15.184,15.71,15.078,15.657,26489.0,22303738.0,8.15,8.45,8.09,8.42,True,国投中鲁,False
2018-07-13,15.728,16.272,15.57,15.728,32637.0,27610902.000000004,8.46,8.77,8.37,8.46,True,国投中鲁,False
2018-07-16,15.605,15.78,15.482,15.71,21873.0,18482685.0,8.39,8.49,8.32,8.45,True,国投中鲁,False
2018-07-17,15.815,15.815,15.306,15.64,23982.0,20168862.0,8.51,8.51,8.22,8.41,True,国投中鲁,False
2018-07-18,15.657,15.886,15.482,15.587,23778.0,19925964.0,8.42,8.55,8.32,8.38,True,国投中鲁,False
2018-07-19,15.482,15.517,14.92,14.955,26291.0,21085382.0,8.32,8.34,8.0,8.02,True,国投中鲁,False
2018-07-20,14.797,15.289,14.797,15.201,19179.0,15650064.0,7.93,8.21,7.93,8.16,True,国投中鲁,False
2018-07-23,15.324,15.833,15.096,15.675,38842.0,32743806.0,8.23,8.52,8.1,8.43,True,国投中鲁,False
2018-07-24,15.535,15.973,15.499,15.833,37425.0,31886100.0,8.35,8.6,8.33,8.52,True,国投中鲁,False
2018-07-25,16.184,17.202,16.008,16.535,79739.0,71127188.0,8.72,9.3,8.62,8.92,True,国投中鲁,False
2018-07-26,16.342,16.342,15.956,16.043,41395.0,35765280.0,8.81,8.81,8.59,8.64,True,国投中鲁,False
2018-07-27,16.588,17.553,16.588,17.553,126382.0,120062900.0,8.95,9.5,8.95,9.5,True,国投中鲁,False
2018-07-30,17.904,19.22,17.641,17.816,181994.0,175624210.0,9.7,10.45,9.55,9.65,True,国投中鲁,False
2018-07-31,17.132,19.518,16.272,18.851,151431.0,155065344.0,9.26,10.62,8.77,10.24,True,国投中鲁,False
2018-08-01,18.027,19.571,17.746,18.237,158037.0,156298593.0,9.77,10.65,9.61,9.89,True,国投中鲁,False
2018-08-02,18.079,18.114,17.009,17.693,95689.0,91670062.0,9.8,9.82,9.19,9.58,True,国投中鲁,False
2018-08-03,17.623,17.992,16.868,17.044,60161.0,55408281.00000001,9.54,9.75,9.11,9.21,True,国投中鲁,False
2018-08-06,16.921,17.202,15.973,16.043,73691.0,63669024.00000001,9.14,9.3,8.6,8.64,True,国投中鲁,False
2018-08-07,16.026,16.289,15.587,16.254,53081.0,46498956.0,8.63,8.78,8.38,8.76,True,国投中鲁,False
2018-08-08,16.272,16.5,15.622,16.149,63729.0,55444229.99999999,8.77,8.9,8.4,8.7,True,国投中鲁,False
2018-08-09,15.973,16.307,15.798,16.131,48110.0,41807590.0,8.6,8.79,8.5,8.69,True,国投中鲁,False
2018-08-10,16.131,16.57,16.026,16.237,35610.0,31158750.0,8.69,8.94,8.63,8.75,True,国投中鲁,False
2018-08-13,15.973,16.096,15.447,15.938,38663.0,33172854.0,8.6,8.67,8.3,8.58,True,国投中鲁,False
2018-08-14,15.745,16.342,15.71,16.149,36237.0,31526190.0,8.47,8.81,8.45,8.7,True,国投中鲁,False
2018-08-15,16.289,17.553,16.289,17.079,120608.0,111321184.0,8.78,9.5,8.78,9.23,True,国投中鲁,False
2018-08-16,16.71,17.254,16.658,16.798,60497.0,54870779.0,9.02,9.33,8.99,9.07,True,国投中鲁,False
2018-08-17,16.991,17.079,15.64,15.71,55421.0,46830744.99999999,9.18,9.23,8.41,8.45,True,国投中鲁,False
2018-08-20,15.587,15.692,15.096,15.552,31792.0,26578112.0,8.38,8.44,8.1,8.36,True,国投中鲁,False
2018-08-21,15.605,16.675,15.464,16.201,44662.0,38989926.0,8.39,9.0,8.31,8.73,True,国投中鲁,False
2018-08-22,16.079,16.43,15.868,16.061,36707.0,31751555.0,8.66,8.86,8.54,8.65,True,国投中鲁,False
2018-08-23,15.938,16.184,15.728,15.973,21900.0,18834000.0,8.58,8.72,8.46,8.6,True,国投中鲁,False
2018-08-24,15.973,16.184,15.64,15.815,16083.0,13686633.0,8.6,8.72,8.41,8.51,True,国投中鲁,False
2018-08-27,15.815,16.131,15.815,16.026,25782.0,22249866.000000004,8.51,8.69,8.51,8.63,True,国投中鲁,False
2018-08-28,15.868,16.324,15.798,16.149,33444.0,29096280.0,8.54,8.8,8.5,8.7,True,国投中鲁,False
2018-08-29,16.166,16.956,16.008,16.886,61356.0,55956671.99999999,8.71,9.16,8.62,9.12,True,国投中鲁,False
2018-08-30,16.675,17.29,16.377,16.781,60146.0,54492276.0,9.0,9.35,8.83,9.06,True,国投中鲁,False
2018-08-31,16.588,17.009,16.535,16.535,37049.0,33047708.0,8.95,9.19,8.92,8.92,True,国投中鲁,False
2018-09-03,16.535,16.535,15.657,15.886,28382.0,24266610.000000004,8.92,8.92,8.42,8.55,True,国投中鲁,False
2018-09-04,15.903,16.096,15.78,15.991,23248.0,20016528.0,8.56,8.67,8.49,8.61,True,国投中鲁,False
2018-09-05,15.921,16.043,15.482,15.499,23687.0,19731271.0,8.57,8.64,8.32,8.33,True,国投中鲁,False
2018-09-06,15.605,15.692,15.359,15.517,15708.0,13100472.0,8.39,8.44,8.25,8.34,True,国投中鲁,False
2018-09-07,15.517,15.657,15.306,15.482,16641.0,13845312.0,8.34,8.42,8.22,8.32,True,国投中鲁,False
2018-09-10,15.359,15.464,15.061,15.271,20162.0,16532839.999999998,8.25,8.31,8.08,8.2,True,国投中鲁,False
2018-09-11,15.254,15.324,15.113,15.306,12191.0,10021002.0,8.19,8.23,8.11,8.22,True,国投中鲁,False
2018-09-12,15.289,15.359,15.184,15.254,8114.0,6645366.0,8.21,8.25,8.15,8.19,True,国投中鲁,False
2018-09-13,15.447,15.622,15.148,15.412,12558.0,10398024.0,8.3,8.4,8.13,8.28,True,国投中鲁,False
2018-09-14,15.412,15.692,15.377,15.552,20206.0,16892216.0,8.28,8.44,8.26,8.36,True,国投中鲁,False
2018-09-17,15.447,15.605,15.184,15.412,12015.0,9948420.0,8.3,8.39,8.15,8.28,True,国投中鲁,False
2018-09-18,15.289,15.605,15.148,15.57,13837.0,11581568.999999998,8.21,8.39,8.13,8.37,True,国投中鲁,False
2018-09-19,15.71,16.061,15.535,15.815,25688.0,21860488.0,8.45,8.65,8.35,8.51,True,国投中鲁,False
2018-09-20,15.763,16.061,15.675,15.78,22962.0,19494738.0,8.48,8.65,8.43,8.49,True,国投中鲁,False
2018-09-21,15.78,15.921,15.535,15.886,25504.0,21805920.0,8.49,8.57,8.35,8.55,True,国投中鲁,False
2018-09-25,15.886,15.886,15.64,15.728,13122.0,11101212.000000002,8.55,8.55,8.41,8.46,True,国投中鲁,False
2018-09-26,15.728,15.815,15.64,15.71,12557.0,10610665.0,8.46,8.51,8.41,8.45,True,国投中鲁,False
2018-09-27,15.657,15.763,15.148,15.148,23207.0,18867291.0,8.42,8.48,8.13,8.13,True,国投中鲁,False
2018-09-28,15.096,15.377,15.096,15.289,13342.0,10953782.000000002,8.1,8.26,8.1,8.21,True,国投中鲁,False
2018-10-08,15.096,15.201,14.973,15.166,12778.0,10401292.0,8.1,8.16,8.03,8.14,True,国投中鲁,False
2018-10-09,15.236,15.271,15.043,15.184,11730.0,9559950.0,8.18,8.2,8.07,8.15,True,国投中鲁,False
2018-10-10,15.394,15.517,15.184,15.324,9008.0,7413584.0,8.27,8.34,8.15,8.23,True,国投中鲁,False
2018-10-11,14.71,14.71,13.885,14.517,30052.0,23350404.0,7.88,7.88,7.41,7.77,True,国投中鲁,False
2018-10-12,14.218,14.552,13.516,14.008,15896.0,11890208.0,7.6,7.79,7.2,7.48,True,国投中鲁,False
2018-10-15,14.008,14.131,13.446,13.481,9762.0,7009116.0,7.48,7.55,7.16,7.18,True,国投中鲁,False
2018-10-16,13.499,13.674,13.025,13.148,10552.0,7375848.0,7.19,7.29,6.92,6.99,True,国投中鲁,False
2018-10-17,13.253,13.323,12.656,13.165,12012.0,8408400.0,7.05,7.09,6.71,7.0,True,国投中鲁,False
2018-10-18,13.113,13.113,12.656,12.709,8828.0,5950072.0,6.97,6.97,6.71,6.74,True,国投中鲁,False
2018-10-19,12.709,13.078,11.638,12.814,16286.0,11074480.0,6.74,6.95,6.13,6.8,True,国投中鲁,False
2018-10-22,12.99,13.622,12.99,13.516,20646.0,14865120.0,6.9,7.26,6.9,7.2,True,国投中鲁,False
2018-10-23,13.499,13.832,13.341,13.499,19547.0,14054293.0,7.19,7.38,7.1,7.19,True,国投中鲁,False
2018-10-24,13.341,14.762,13.288,14.762,50360.0,39834760.0,7.1,7.91,7.07,7.91,True,国投中鲁,False
2018-10-25,14.043,15.412,14.043,14.727,65831.0,51940659.0,7.5,8.28,7.5,7.89,True,国投中鲁,False
2018-10-26,14.446,15.394,14.429,14.692,40893.0,32182791.0,7.73,8.27,7.72,7.87,True,国投中鲁,False
2018-10-29,14.218,14.657,13.744,14.06,28890.0,21696390.0,7.6,7.85,7.33,7.51,True,国投中鲁,False
2018-10-30,14.078,14.306,13.815,14.043,20989.0,15741750.0,7.52,7.65,7.37,7.5,True,国投中鲁,False
2018-10-31,14.095,14.639,14.078,14.411,24182.0,18644322.0,7.53,7.84,7.52,7.71,True,国投中鲁,False
2018-11-01,14.517,14.587,14.218,14.376,24633.0,18942777.0,7.77,7.81,7.6,7.69,True,国投中鲁,False
2018-11-02,14.517,14.762,14.394,14.622,31494.0,24659802.0,7.77,7.91,7.7,7.83,True,国投中鲁,False
2018-11-05,14.482,14.85,14.482,14.815,29300.0,23264200.0,7.75,7.96,7.75,7.94,True,国投中鲁,False
2018-11-06,14.657,15.78,14.324,15.131,53915.0,43778979.99999999,7.85,8.49,7.66,8.12,True,国投中鲁,False
2018-11-07,14.973,15.078,14.639,14.727,35674.0,28146786.0,8.03,8.09,7.84,7.89,True,国投中鲁,False
2018-11-08,14.815,15.113,14.657,14.657,26533.0,20828405.0,7.94,8.11,7.85,7.85,True,国投中鲁,False
2018-11-09,14.692,14.815,14.376,14.604,20039.0,15670498.0,7.87,7.94,7.69,7.82,True,国投中鲁,False
2018-11-12,14.604,15.061,14.534,15.026,32926.0,26538356.0,7.82,8.08,7.78,8.06,True,国投中鲁,False
2018-11-13,14.85,15.342,14.762,15.219,34521.0,28203657.0,7.96,8.24,7.91,8.17,True,国投中鲁,False
2018-11-14,15.184,16.447,15.166,15.464,54301.0,45124131.0,8.15,8.87,8.14,8.31,True,国投中鲁,False
2018-11-15,15.429,15.938,15.377,15.798,45697.0,38842450.0,8.29,8.58,8.26,8.5,True,国投中鲁,False
2018-11-16,15.657,16.008,15.499,15.692,35228.0,29732432.0,8.42,8.62,8.33,8.44,True,国投中鲁,False
2018-11-19,15.657,17.167,15.64,17.167,52694.0,48900032.0,8.42,9.28,8.41,9.28,True,国投中鲁,False
2018-11-20,17.588,18.079,15.535,16.184,83966.0,73218352.0,9.52,9.8,8.35,8.72,True,国投中鲁,False
2018-11-21,16.114,17.377,15.728,16.605,65447.0,58640512.00000001,8.68,9.4,8.46,8.96,True,国投中鲁,False
2018-11-22,16.237,16.552,15.973,16.184,43635.0,38049720.0,8.75,8.93,8.6,8.72,True,国投中鲁,False
2018-11-23,16.131,16.447,15.236,15.236,43901.0,35911018.0,8.69,8.87,8.18,8.18,True,国投中鲁,False
2018-11-26,15.184,15.798,15.026,15.359,34685.0,28615125.0,8.15,8.5,8.06,8.25,True,国投中鲁,False
2018-11-27,15.306,15.622,15.289,15.482,23269.0,19359808.0,8.22,8.4,8.21,8.32,True,国投中鲁,False
2018-11-28,15.377,15.64,14.85,15.482,36168.0,30091776.0,8.26,8.41,7.96,8.32,True,国投中鲁,False
2018-11-29,15.464,15.657,14.938,15.061,29836.0,24107488.0,8.31,8.42,8.01,8.08,True,国投中鲁,False
2018-11-30,14.955,15.236,14.622,15.008,23559.0,18964995.0,8.02,8.18,7.83,8.05,True,国投中鲁,False
2018-12-03,15.184,15.815,15.184,15.745,37533.0,31790451.000000004,8.15,8.51,8.15,8.47,True,国投中鲁,False
2018-12-04,15.71,16.079,15.517,15.833,34360.0,29274720.0,8.45,8.66,8.34,8.52,True,国投中鲁,False
2018-12-05,15.622,16.131,15.412,15.657,28245.0,23782290.0,8.4,8.69,8.28,8.42,True,国投中鲁,False
2018-12-06,15.605,15.833,15.447,15.552,25798.0,21567128.0,8.39,8.52,8.3,8.36,True,国投中鲁,False
2018-12-07,15.482,15.833,15.394,15.675,26872.0,22653096.0,8.32,8.52,8.27,8.43,True,国投中鲁,False
2018-12-10,15.552,15.973,15.359,15.921,38548.0,33035636.0,8.36,8.6,8.25,8.57,True,国投中鲁,False
2018-12-11,15.938,15.956,15.622,15.85,31856.0,27173168.0,8.58,8.59,8.4,8.53,True,国投中鲁,False
2018-12-12,15.85,15.956,15.552,15.587,22089.0,18510582.0,8.53,8.59,8.36,8.38,True,国投中鲁,False
2018-12-13,15.552,15.78,15.394,15.622,22358.0,18780720.0,8.36,8.49,8.27,8.4,True,国投中鲁,False
2018-12-14,15.587,15.833,15.078,15.184,32867.0,26786605.0,8.38,8.52,8.09,8.15,True,国投中鲁,False
2018-12-17,15.096,15.482,15.078,15.447,25252.0,20959160.0,8.1,8.32,8.09,8.3,True,国投中鲁,False
2018-12-18,15.394,15.429,14.71,14.833,33434.0,26580030.0,8.27,8.29,7.88,7.95,True,国投中鲁,False
2018-12-19,15.061,15.219,14.622,14.692,16809.0,13228683.0,8.08,8.17,7.83,7.87,True,国投中鲁,False
2018-12-20,14.692,14.85,14.429,14.622,16425.0,12860775.0,7.87,7.96,7.72,7.83,True,国投中鲁,False
2018-12-21,14.815,14.815,14.306,14.429,11672.0,9010784.0,7.94,7.94,7.65,7.72,True,国投中鲁,False
2018-12-24,14.429,14.534,14.288,14.482,11532.0,8937300.0,7.72,7.78,7.64,7.75,True,国投中鲁,False
2018-12-25,14.482,14.482,13.639,14.043,20178.0,15133500.0,7.75,7.75,7.27,7.5,True,国投中鲁,False
2018-12-26,14.06,14.166,13.85,13.85,13158.0,9723762.0,7.51,7.57,7.39,7.39,True,国投中鲁,False
2018-12-27,14.113,14.201,13.727,13.727,15447.0,11307204.0,7.54,7.59,7.32,7.32,True,国投中鲁,False
2018-12-28,13.692,13.867,13.604,13.744,11481.0,8415573.0,7.3,7.4,7.25,7.33,True,国投中鲁,False
2019-01-02,13.744,13.902,13.639,13.78,10652.0,7829220.0,7.33,7.42,7.27,7.35,True,国投中鲁,False
2019-01-03,13.867,13.99,13.657,13.832,13000.0,9594000.0,7.4,7.47,7.28,7.38,True,国投中鲁,False
2019-01-04,13.674,14.166,13.622,14.113,14274.0,10762596.0,7.29,7.57,7.26,7.54,True,国投中鲁,False
2019-01-07,14.288,14.446,14.201,14.376,18941.0,14565629.0,7.64,7.73,7.59,7.69,True,国投中鲁,False
2019-01-08,14.271,14.833,14.271,14.429,26164.0,20198608.0,7.63,7.95,7.63,7.72,True,国投中鲁,False
2019-01-09,14.429,14.71,14.394,14.446,20567.0,15898291.0,7.72,7.88,7.7,7.73,True,国投中鲁,False
2019-01-10,14.324,14.78,14.324,14.534,19606.0,15253468.0,7.66,7.92,7.66,7.78,True,国投中鲁,False
2019-01-11,14.359,15.078,14.359,15.026,32416.0,26127296.0,7.68,8.09,7.68,8.06,True,国投中鲁,False
2019-01-14,14.99,15.956,14.833,15.061,48875.0,39491000.0,8.04,8.59,7.95,8.08,True,国投中鲁,False
2019-01-15,14.955,15.692,14.903,15.57,51077.0,42751448.99999999,8.02,8.44,7.99,8.37,True,国投中鲁,False
2019-01-16,15.57,15.622,15.148,15.324,33671.0,27711233.0,8.37,8.4,8.13,8.23,True,国投中鲁,False
2019-01-17,15.201,15.289,14.797,14.92,24479.0,19583200.0,8.16,8.21,7.93,8.0,True,国投中鲁,False
2019-01-18,14.955,15.201,14.815,15.043,23271.0,18779697.0,8.02,8.16,7.94,8.07,True,国投中鲁,False
2019-01-21,15.043,15.184,14.92,15.131,13943.0,11321715.999999998,8.07,8.15,8.0,8.12,True,国投中鲁,False
2019-01-22,15.166,15.166,14.78,14.868,18814.0,14994758.0,8.14,8.14,7.92,7.97,True,国投中鲁,False
2019-01-23,14.868,15.096,14.657,15.026,15439.0,12443834.0,7.97,8.1,7.85,8.06,True,国投中鲁,False
2019-01-24,15.008,15.342,15.008,15.289,25645.0,21054545.000000004,8.05,8.24,8.05,8.21,True,国投中鲁,False
2019-01-25,15.289,15.412,14.885,14.903,21523.0,17196877.0,8.21,8.28,7.98,7.99,True,国投中鲁,False
2019-01-28,14.92,15.131,14.885,14.885,11185.0,8925630.0,8.0,8.12,7.98,7.98,True,国投中鲁,False
2019-01-29,14.797,14.85,13.481,14.218,19443.0,14776680.0,7.93,7.96,7.18,7.6,True,国投中鲁,False
2019-01-30,14.253,14.745,14.253,14.429,16636.0,12842992.0,7.62,7.9,7.62,7.72,True,国投中鲁,False
2019-01-31,14.446,14.569,13.85,13.867,17335.0,12827900.0,7.73,7.8,7.39,7.4,True,国投中鲁,False
2019-02-01,14.008,14.394,13.955,14.271,11890.0,9072070.0,7.48,7.7,7.45,7.63,True,国投中鲁,False
2019-02-11,14.464,14.587,14.253,14.569,19729.0,15388620.0,7.74,7.81,7.62,7.8,True,国投中鲁,False
2019-02-12,14.534,14.762,14.499,14.675,14775.0,11613150.0,7.78,7.91,7.76,7.86,True,国投中鲁,False
2019-02-13,14.657,14.99,14.552,14.92,27311.0,21848800.0,7.85,8.04,7.79,8.0,True,国投中鲁,False
2019-02-14,14.885,15.096,14.762,14.938,32101.0,25712901.0,7.98,8.1,7.91,8.01,True,国投中鲁,False
2019-02-15,14.85,15.131,14.797,14.85,22390.0,17822440.0,7.96,8.12,7.93,7.96,True,国投中鲁,False
2019-02-18,14.903,15.271,14.903,15.219,31995.0,26139915.0,7.99,8.2,7.99,8.17,True,国投中鲁,False
2019-02-19,15.324,15.886,15.201,15.447,50775.0,42143250.0,8.23,8.55,8.16,8.3,True,国投中鲁,False
2019-02-20,15.517,16.184,15.166,15.763,57539.0,48793072.0,8.34,8.72,8.14,8.48,True,国投中鲁,False
2019-02-21,15.728,15.921,15.271,15.289,62517.0,51326457.00000001,8.46,8.57,8.2,8.21,True,国投中鲁,False
2019-02-22,15.289,15.622,15.201,15.587,37525.0,31445950.000000004,8.21,8.4,8.16,8.38,True,国投中鲁,False
2019-02-25,15.657,16.43,15.605,16.289,62878.0,55206883.99999999,8.42,8.86,8.39,8.78,True,国投中鲁,False
2019-02-26,16.237,16.693,15.938,16.201,74669.0,65186037.0,8.75,9.01,8.58,8.73,True,国投中鲁,False
2019-02-27,16.289,16.816,15.973,16.237,66201.0,57925875.0,8.78,9.08,8.6,8.75,True,国投中鲁,False
2019-02-28,16.447,17.641,16.342,16.71,73646.0,66428692.0,8.87,9.55,8.81,9.02,True,国投中鲁,False
2019-03-01,16.658,17.834,16.342,17.605,106527.0,101520231.0,8.99,9.66,8.81,9.53,True,国投中鲁,False
2019-03-04,17.465,19.273,17.219,19.273,223228.0,233942944.0,9.45,10.48,9.31,10.48,True,国投中鲁,False
2019-03-05,19.027,20.782,18.746,19.764,256823.0,276341548.0,10.34,11.34,10.18,10.76,True,国投中鲁,False
2019-03-06,19.308,20.519,18.851,19.711,193568.0,207698464.0,10.5,11.19,10.24,10.73,True,国投中鲁,False
2019-03-07,19.308,19.834,18.904,19.413,145780.0,153943680.0,10.5,10.8,10.27,10.56,True,国投中鲁,False
2019-03-08,18.904,18.939,17.746,17.904,119664.0,116074080.0,10.27,10.29,9.61,9.7,True,国投中鲁,False
2019-03-11,18.167,18.43,18.044,18.413,74038.0,73963962.0,9.85,10.0,9.78,9.99,True,国投中鲁,False
2019-03-12,18.413,18.746,18.255,18.343,91327.0,90870365.0,9.99,10.18,9.9,9.95,True,国投中鲁,False
2019-03-13,18.307,18.325,17.641,17.798,67627.0,65192428.00000001,9.93,9.94,9.55,9.64,True,国投中鲁,False
2019-03-14,17.798,18.272,17.29,17.518,52408.0,49682784.0,9.64,9.91,9.35,9.48,True,国投中鲁,False
2019-03-15,17.641,18.167,17.553,17.904,58669.0,56908929.99999999,9.55,9.85,9.5,9.7,True,国投中鲁,False
2019-03-18,18.079,18.378,17.921,18.343,66532.0,66199339.99999999,9.8,9.97,9.71,9.95,True,国投中鲁,False
2019-03-19,18.325,18.378,17.781,18.079,54310.0,53223800.00000001,9.94,9.97,9.63,9.8,True,国投中鲁,False
2019-03-20,18.079,18.255,17.781,18.202,52622.0,51937913.99999999,9.8,9.9,9.63,9.87,True,国投中鲁,False
2019-03-21,18.079,18.606,18.027,18.343,74736.0,74362320.0,9.8,10.1,9.77,9.95,True,国投中鲁,False
2019-03-22,18.343,19.308,18.22,19.255,129878.0,135982266.0,9.95,10.5,9.88,10.47,True,国投中鲁,False
2019-03-25,18.764,19.922,18.43,19.097,105739.0,109757082.0,10.19,10.85,10.0,10.38,True,国投中鲁,False
2019-03-26,19.132,19.132,17.395,17.693,87746.0,84060668.0,10.4,10.4,9.41,9.58,True,国投中鲁,False
2019-03-27,17.693,17.816,17.167,17.5,54164.0,51293308.0,9.58,9.65,9.28,9.47,True,国投中鲁,False
2019-03-28,17.711,17.992,17.219,17.36,41931.0,39373209.0,9.59,9.75,9.31,9.39,True,国投中鲁,False
2019-03-29,17.202,17.676,17.114,17.588,53013.0,50468376.0,9.3,9.57,9.25,9.52,True,国投中鲁,False
2019-04-01,17.816,18.114,17.57,18.114,53180.0,52222760.0,9.65,9.82,9.51,9.82,True,国投中鲁,False
2019-04-02,18.395,19.834,18.343,19.834,61707.0,66643560.00000001,9.98,10.8,9.95,10.8,True,国投中鲁,False
2019-04-03,20.536,20.887,19.202,20.413,241111.0,268356543.00000003,11.2,11.4,10.44,11.13,True,国投中鲁,False
2019-04-04,19.834,20.045,19.483,19.659,117429.0,125649030.0,10.8,10.92,10.6,10.7,True,国投中鲁,False
2019-04-08,19.834,19.975,18.869,19.36,82223.0,86580819.0,10.8,10.88,10.25,10.53,True,国投中鲁,False
2019-04-09,19.641,21.203,19.483,21.203,208675.0,241645650.0,10.69,11.58,10.6,11.58,True,国投中鲁,False
2019-04-10,21.203,22.151,20.571,20.852,261833.0,297965954.0,11.58,12.12,11.22,11.38,True,国投中鲁,False
2019-04-11,20.273,22.853,20.185,21.642,262885.0,310992955.0,11.05,12.52,11.0,11.83,True,国投中鲁,False
2019-04-12,21.326,22.712,21.326,21.94,213235.0,255882000.0,11.65,12.44,11.65,12.0,True,国投中鲁,False
2019-04-15,21.853,22.783,21.449,21.589,184172.0,217322960.0,11.95,12.48,11.72,11.8,True,国投中鲁,False
2019-04-16,21.063,21.361,20.22,20.975,139881.0,160163745.0,11.5,11.67,11.02,11.45,True,国投中鲁,False
2019-04-17,20.8,22.379,20.764,21.431,142583.0,166964693.0,11.35,12.25,11.33,11.71,True,国投中鲁,False
2019-04-18,21.291,21.309,20.413,20.501,110170.0,123170060.0,11.63,11.64,11.13,11.18,True,国投中鲁,False
2019-04-19,20.449,20.764,20.027,20.519,69133.0,77359827.0,11.15,11.33,10.91,11.19,True,国投中鲁,False
2019-04-22,20.8,20.87,20.133,20.15,64268.0,70566264.0,11.35,11.39,10.97,10.98,True,国投中鲁,False
2019-04-23,20.273,20.378,19.747,19.975,55460.0,60340480.00000001,11.05,11.11,10.75,10.88,True,国投中鲁,False
2019-04-24,20.01,20.255,19.554,20.238,50407.0,55598921.0,10.9,11.04,10.64,11.03,True,国投中鲁,False
2019-04-25,20.133,20.185,18.483,18.536,85592.0,86105552.0,10.97,11.0,10.03,10.06,True,国投中鲁,False
2019-04-26,18.465,18.799,18.22,18.43,48436.0,48436000.0,10.02,10.21,9.88,10.0,True,国投中鲁,False
2019-04-29,18.606,19.466,18.29,18.465,69046.0,69184092.0,10.1,10.59,9.92,10.02,True,国投中鲁,False
2019-04-30,18.43,19.15,18.202,18.553,51877.0,52240139.0,10.0,10.41,9.87,10.07,True,国投中鲁,False
2019-05-06,18.009,18.009,16.781,16.781,54470.0,49349820.0,9.76,9.76,9.06,9.06,True,国投中鲁,False
2019-05-07,16.798,17.079,16.552,16.991,46768.0,42933024.0,9.07,9.23,8.93,9.18,True,国投中鲁,False
2019-05-08,16.693,17.114,16.342,16.851,42963.0,39096330.0,9.01,9.25,8.81,9.1,True,国投中鲁,False
2019-05-09,16.588,16.816,16.254,16.254,35301.0,30923676.0,8.95,9.08,8.76,8.76,True,国投中鲁,False
2019-05-10,16.482,16.974,15.956,16.921,57280.0,52353920.0,8.89,9.17,8.59,9.14,True,国投中鲁,False
2019-05-13,17.202,17.535,16.991,17.342,67685.0,63488530.00000001,9.3,9.49,9.18,9.38,True,国投中鲁,False
2019-05-14,17.026,17.342,16.851,16.903,46994.0,42905522.0,9.2,9.38,9.1,9.13,True,国投中鲁,False
2019-05-15,17.167,17.641,16.903,17.535,54561.0,51778389.0,9.28,9.55,9.13,9.49,True,国投中鲁,False
2019-05-16,17.535,17.535,17.219,17.342,45393.0,42578634.0,9.49,9.49,9.31,9.38,True,国投中鲁,False
2019-05-17,17.377,17.728,16.728,16.781,64572.0,58502232.0,9.4,9.6,9.03,9.06,True,国投中鲁,False
2019-05-20,16.535,16.745,15.815,16.289,51340.0,45076520.0,8.92,9.04,8.51,8.78,True,国投中鲁,False
2019-05-21,16.219,17.184,16.219,17.167,55746.0,51732288.0,8.74,9.29,8.74,9.28,True,国投中鲁,False
2019-05-22,17.167,17.605,16.956,17.097,40571.0,37487604.0,9.28,9.53,9.16,9.24,True,国投中鲁,False
2019-05-23,16.903,17.465,16.71,16.939,66223.0,60594045.0,9.13,9.45,9.02,9.15,True,国投中鲁,False
2019-05-24,16.816,17.097,16.324,16.465,41442.0,36800496.0,9.08,9.24,8.8,8.88,True,国投中鲁,False
2019-05-27,16.623,16.921,16.237,16.903,38784.0,35409792.0,8.97,9.14,8.75,9.13,True,国投中鲁,False
2019-05-28,16.903,17.167,16.816,16.939,39861.0,36472815.0,9.13,9.28,9.08,9.15,True,国投中鲁,False
2019-05-29,16.903,17.307,16.851,17.097,35902.0,33173448.0,9.13,9.36,9.1,9.24,True,国投中鲁,False
2019-05-30,17.009,17.43,16.868,17.219,33061.0,30779791.0,9.19,9.43,9.11,9.31,True,国投中鲁,False
2019-05-31,17.377,17.553,17.061,17.202,32495.0,30220350.000000004,9.4,9.5,9.22,9.3,True,国投中鲁,False
2019-06-03,17.202,17.342,16.763,17.026,33584.0,30897280.0,9.3,9.38,9.05,9.2,True,国投中鲁,False
2019-06-04,16.991,17.009,16.307,16.412,33739.0,29859015.0,9.18,9.19,8.79,8.85,True,国投中鲁,False
2019-06-05,16.623,17.026,16.342,16.517,30327.0,27021357.0,8.97,9.2,8.81,8.91,True,国投中鲁,False
2019-06-06,16.412,16.447,15.886,15.938,24347.0,20889726.0,8.85,8.87,8.55,8.58,True,国投中鲁,False
2019-06-10,15.938,16.237,15.833,16.061,19917.0,17228205.0,8.58,8.75,8.52,8.65,True,国投中鲁,False
2019-06-11,16.237,16.903,16.061,16.781,33472.0,30325632.0,8.75,9.13,8.65,9.06,True,国投中鲁,False
2019-06-12,16.588,17.588,16.535,17.36,62034.0,58249926.0,8.95,9.52,8.92,9.39,True,国投中鲁,False
2019-06-13,17.202,17.272,16.921,17.114,36141.0,33430425.0,9.3,9.34,9.14,9.25,True,国投中鲁,False
2019-06-14,17.114,17.167,16.57,16.57,26645.0,23820630.0,9.25,9.28,8.94,8.94,True,国投中鲁,False
2019-06-17,16.465,16.851,16.465,16.728,18108.0,16351523.999999998,8.88,9.1,8.88,9.03,True,国投中鲁,False
2019-06-18,16.745,16.903,16.57,16.675,13980.0,12582000.0,9.04,9.13,8.94,9.0,True,国投中鲁,False
2019-06-19,17.026,17.079,16.868,16.886,24018.0,21904416.0,9.2,9.23,9.11,9.12,True,国投中鲁,False
2019-06-20,16.851,17.237,16.71,17.149,36918.0,34222986.0,9.1,9.32,9.02,9.27,True,国投中鲁,False
2019-06-21,17.307,17.518,17.202,17.395,45724.0,43026284.0,9.36,9.48,9.3,9.41,True,国投中鲁,False
2019-06-24,17.395,17.535,17.061,17.43,39466.0,37216438.0,9.41,9.49,9.22,9.43,True,国投中鲁,False
2019-06-25,17.29,17.535,16.991,17.202,31611.0,29398230.000000004,9.35,9.49,9.18,9.3,True,国投中鲁,False
2019-06-26,17.184,17.307,17.044,17.167,19177.0,17796256.0,9.29,9.36,9.21,9.28,True,国投中鲁,False
2019-06-27,17.184,17.43,17.149,17.254,24815.0,23152395.0,9.29,9.43,9.27,9.33,True,国投中鲁,False
2019-06-28,17.237,17.237,16.623,16.921,27520.0,25153280.0,9.32,9.32,8.97,9.14,True,国投中鲁,False
2019-07-01,17.114,17.325,17.009,17.325,32753.0,30689561.0,9.25,9.37,9.19,9.37,True,国投中鲁,False
2019-07-02,17.377,17.693,17.307,17.658,50801.0,48565756.0,9.4,9.58,9.36,9.56,True,国投中鲁,False
2019-07-03,17.658,18.676,17.307,17.992,91425.0,89139375.0,9.56,10.14,9.36,9.75,True,国投中鲁,False
2019-07-04,17.763,18.079,17.447,17.869,62205.0,60214440.0,9.62,9.8,9.44,9.68,True,国投中鲁,False
2019-07-05,17.746,17.834,17.5,17.588,33487.0,31879624.0,9.61,9.66,9.47,9.52,True,国投中鲁,False
2019-07-08,17.553,17.553,16.71,16.851,42360.0,38547600.0,9.5,9.5,9.02,9.1,True,国投中鲁,False
2019-07-09,16.781,17.009,16.658,16.903,18640.0,17018320.0,9.06,9.19,8.99,9.13,True,国投中鲁,False
2019-07-10,16.903,17.079,16.728,16.956,14405.0,13194980.0,9.13,9.23,9.03,9.16,True,国投中鲁,False
2019-07-11,17.061,17.149,16.868,16.868,16859.0,15358548.999999998,9.22,9.27,9.11,9.11,True,国投中鲁,False
2019-07-12,16.781,16.903,16.517,16.605,27792.0,24901632.000000004,9.06,9.13,8.91,8.96,True,国投中鲁,False
2019-07-15,16.675,16.763,16.377,16.675,18979.0,17081100.0,9.0,9.05,8.83,9.0,True,国投中鲁,False
2019-07-16,16.57,16.745,16.5,16.535,17220.0,15360240.0,8.94,9.04,8.9,8.92,True,国投中鲁,False
2019-07-17,17.202,17.254,16.798,16.816,27571.0,25034468.0,9.3,9.33,9.07,9.08,True,国投中鲁,False
2019-07-18,16.588,16.763,16.482,16.517,17718.0,15786738.0,8.95,9.05,8.89,8.91,True,国投中鲁,False
2019-07-19,16.5,16.798,16.5,16.57,13169.0,11773086.0,8.9,9.07,8.9,8.94,True,国投中鲁,False
2019-07-22,16.623,16.658,15.973,16.061,19607.0,16960055.0,8.97,8.99,8.6,8.65,True,国投中鲁,False
2019-07-23,16.043,16.254,15.991,16.254,13031.0,11415156.0,8.64,8.76,8.61,8.76,True,国投中鲁,False
2019-07-24,16.254,16.552,16.201,16.412,20366.0,18023910.0,8.76,8.93,8.73,8.85,True,国投中鲁,False
2019-07-25,16.412,16.482,16.254,16.394,14625.0,12928500.0,8.85,8.89,8.76,8.84,True,国投中鲁,False
2019-07-26,16.377,16.482,16.307,16.465,13039.0,11578632.000000002,8.83,8.89,8.79,8.88,True,国投中鲁,False
2019-07-29,16.447,16.658,16.359,16.535,14668.0,13083856.0,8.87,8.99,8.82,8.92,True,国投中鲁,False
2019-07-30,16.728,16.763,15.991,16.605,17207.0,15417472.000000002,9.03,9.05,8.61,8.96,True,国投中鲁,False
2019-07-31,16.605,16.605,16.359,16.394,12150.0,10740600.0,8.96,8.96,8.82,8.84,True,国投中鲁,False
2019-08-01,16.394,16.623,16.324,16.377,12832.0,11330656.0,8.84,8.97,8.8,8.83,True,国投中鲁,False
2019-08-02,15.973,16.324,15.868,16.026,17214.0,14855682.000000002,8.6,8.8,8.54,8.63,True,国投中鲁,False
2019-08-05,16.026,16.079,15.657,15.71,13859.0,11710854.999999998,8.63,8.66,8.42,8.45,True,国投中鲁,False
2019-08-06,15.447,15.447,14.587,14.92,31063.0,24850400.0,8.3,8.3,7.81,8.0,True,国投中鲁,False
2019-08-07,14.903,15.008,14.762,14.797,12040.0,9547720.0,7.99,8.05,7.91,7.93,True,国投中鲁,False
2019-08-08,14.955,15.061,14.797,14.85,10243.0,8153428.0,8.02,8.08,7.93,7.96,True,国投中鲁,False
2019-08-09,14.85,15.166,14.569,14.604,13826.0,10811932.0,7.96,8.14,7.8,7.82,True,国投中鲁,False
2019-08-12,14.85,14.85,14.569,14.797,14482.0,11484226.0,7.96,7.96,7.8,7.93,True,国投中鲁,False
2019-08-13,14.762,14.833,14.569,14.71,8944.0,7047872.0,7.91,7.95,7.8,7.88,True,国投中鲁,False
2019-08-14,14.868,14.955,14.745,14.762,12299.0,9728509.0,7.97,8.02,7.9,7.91,True,国投中鲁,False
2019-08-15,15.008,15.008,14.622,14.938,15111.0,12103911.0,8.05,8.05,7.83,8.01,True,国投中鲁,False
2019-08-16,14.868,14.973,14.675,14.903,15657.0,12509943.0,7.97,8.03,7.86,7.99,True,国投中鲁,False
2019-08-19,14.955,15.394,14.885,15.236,23758.0,19434044.0,8.02,8.27,7.98,8.18,True,国投中鲁,False
2019-08-20,15.289,16.166,15.078,15.763,61723.0,52341104.0,8.21,8.71,8.09,8.48,True,国投中鲁,False
2019-08-21,15.359,15.675,15.359,15.447,30708.0,25487640.000000004,8.25,8.43,8.25,8.3,True,国投中鲁,False
2019-08-22,15.587,15.622,15.359,15.499,19258.0,16041914.0,8.38,8.4,8.25,8.33,True,国投中鲁,False
2019-08-23,15.499,15.499,15.236,15.254,14657.0,12004083.0,8.33,8.33,8.18,8.19,True,国投中鲁,False
2019-08-26,14.868,15.236,14.833,15.131,16669.0,13535227.999999998,7.97,8.18,7.95,8.12,True,国投中鲁,False
2019-08-27,15.236,15.57,15.148,15.377,14970.0,12365220.0,8.18,8.37,8.13,8.26,True,国投中鲁,False
2019-08-28,15.359,15.833,15.342,15.622,31597.0,26541480.0,8.25,8.52,8.24,8.4,True,国投中鲁,False
2019-08-29,15.622,15.71,15.464,15.535,13032.0,10881720.0,8.4,8.45,8.31,8.35,True,国投中鲁,False
2019-08-30,15.587,15.745,15.306,15.57,19071.0,15962426.999999998,8.38,8.47,8.22,8.37,True,国投中鲁,False
2019-09-02,15.412,15.798,15.412,15.728,30393.0,25712478.000000004,8.28,8.5,8.28,8.46,True,国投中鲁,False
2019-09-03,15.763,15.833,15.535,15.78,24059.0,20426091.0,8.48,8.52,8.35,8.49,True,国投中鲁,False
2019-09-04,15.763,15.886,15.657,15.85,22696.0,19359688.0,8.48,8.55,8.42,8.53,True,国投中鲁,False
2019-09-05,15.85,16.184,15.85,15.973,36972.0,31795920.0,8.53,8.72,8.53,8.6,True,国投中鲁,False
2019-09-06,16.026,16.114,15.868,15.991,19924.0,17154564.0,8.63,8.68,8.54,8.61,True,国投中鲁,False
2019-09-09,16.043,16.219,16.043,16.184,24261.0,21155592.0,8.64,8.74,8.64,8.72,True,国投中鲁,False
2019-09-10,16.166,16.289,16.043,16.201,22087.0,19281951.0,8.71,8.78,8.64,8.73,True,国投中鲁,False
2019-09-11,16.307,16.307,16.079,16.079,18654.0,16154364.0,8.79,8.79,8.66,8.66,True,国投中鲁,False
2019-09-12,16.079,16.272,16.079,16.201,16698.0,14577354.0,8.66,8.77,8.66,8.73,True,国投中鲁,False
2019-09-16,16.219,16.43,16.219,16.412,20007.0,17706195.0,8.74,8.86,8.74,8.85,True,国投中鲁,False
2019-09-17,16.465,16.465,15.815,15.921,24964.0,21394148.0,8.88,8.88,8.51,8.57,True,国投中鲁,False
2019-09-18,15.938,16.289,15.921,16.026,16251.0,14024613.000000002,8.58,8.78,8.57,8.63,True,国投中鲁,False
2019-09-19,16.026,16.166,15.886,16.166,15074.0,13129454.000000002,8.63,8.71,8.55,8.71,True,国投中鲁,False
2019-09-20,16.201,16.377,16.114,16.201,19669.0,17171037.0,8.73,8.83,8.68,8.73,True,国投中鲁,False
2019-09-23,16.201,16.201,15.798,15.956,17400.0,14946600.0,8.73,8.73,8.5,8.59,True,国投中鲁,False
2019-09-24,16.096,16.675,15.956,16.465,45554.0,40451952.0,8.67,9.0,8.59,8.88,True,国投中鲁,False
2019-09-25,16.482,16.482,15.956,16.061,30862.0,26695630.0,8.89,8.89,8.59,8.65,True,国投中鲁,False
2019-09-26,16.061,16.061,14.955,15.254,42701.0,34972119.0,8.65,8.65,8.02,8.19,True,国投中鲁,False
2019-09-27,15.289,15.447,15.148,15.394,15607.0,12906989.0,8.21,8.3,8.13,8.27,True,国投中鲁,False
2019-09-30,15.447,15.605,15.201,15.306,10306.0,8471532.0,8.3,8.39,8.16,8.22,True,国投中鲁,False
2019-10-08,15.306,15.535,15.043,15.061,13573.0,10966984.0,8.22,8.35,8.07,8.08,True,国投中鲁,False
2019-10-09,15.148,15.394,14.973,15.271,16493.0,13524259.999999998,8.13,8.27,8.03,8.2,True,国投中鲁,False
2019-10-10,15.324,15.447,15.254,15.359,12381.0,10214325.0,8.23,8.3,8.19,8.25,True,国投中鲁,False
2019-10-11,15.359,15.482,15.166,15.271,15227.0,12486139.999999998,8.25,8.32,8.14,8.2,True,国投中鲁,False
2019-10-14,15.324,15.499,15.289,15.394,20465.0,16924555.0,8.23,8.33,8.21,8.27,True,国投中鲁,False
2019-10-15,15.394,15.412,15.096,15.131,15120.0,12277439.999999998,8.27,8.28,8.1,8.12,True,国投中鲁,False
2019-10-16,15.166,15.236,15.026,15.078,12094.0,9784046.0,8.14,8.18,8.06,8.09,True,国投中鲁,False
2019-10-17,15.043,15.219,14.92,15.096,17019.0,13785390.0,8.07,8.17,8.0,8.1,True,国投中鲁,False
2019-10-18,15.061,15.394,14.973,15.026,19251.0,15516306.000000002,8.08,8.27,8.03,8.06,True,国投中鲁,False
2019-10-21,15.043,15.043,14.394,14.71,25264.0,19908032.0,8.07,8.07,7.7,7.88,True,国投中鲁,False
2019-10-22,14.71,15.043,14.639,14.955,23355.0,18730710.0,7.88,8.07,7.84,8.02,True,国投中鲁,False
2019-10-23,14.868,14.99,14.71,14.78,23488.0,18602496.0,7.97,8.04,7.88,7.92,True,国投中鲁,False
2019-10-24,14.745,14.955,14.622,14.762,18633.0,14738703.0,7.9,8.02,7.83,7.91,True,国投中鲁,False
2019-10-25,14.92,14.973,14.675,14.92,16653.0,13322400.0,8.0,8.03,7.86,8.0,True,国投中鲁,False
2019-10-28,14.885,15.342,14.833,15.148,24885.0,20231505.000000004,7.98,8.24,7.95,8.13,True,国投中鲁,False
2019-10-29,15.236,15.306,14.815,14.903,23326.0,18637474.0,8.18,8.22,7.94,7.99,True,国投中鲁,False
2019-10-30,15.096,15.148,14.85,15.026,23232.0,18724992.0,8.1,8.13,7.96,8.06,True,国投中鲁,False
2019-10-31,14.868,15.043,14.534,14.604,22429.0,17539478.0,7.97,8.07,7.78,7.82,True,国投中鲁,False
2019-11-01,14.517,14.71,14.446,14.604,14893.0,11646326.0,7.77,7.88,7.73,7.82,True,国投中鲁,False
2019-11-04,14.604,14.85,14.534,14.604,13379.0,10462378.0,7.82,7.96,7.78,7.82,True,国投中鲁,False
2019-11-05,14.622,14.85,14.464,14.78,16363.0,12959496.0,7.83,7.96,7.74,7.92,True,国投中鲁,False
2019-11-06,15.096,15.096,14.482,14.517,33333.0,25899741.0,8.1,8.1,7.75,7.77,True,国投中鲁,False
2019-11-07,14.464,14.569,14.394,14.464,17717.0,13712958.0,7.74,7.8,7.7,7.74,True,国投中鲁,False
2019-11-08,14.517,14.675,14.394,14.446,15233.0,11775109.0,7.77,7.86,7.7,7.73,True,国投中鲁,False
2019-11-11,14.341,14.482,13.99,14.043,18009.0,13506750.0,7.67,7.75,7.47,7.5,True,国投中鲁,False
2019-11-12,13.99,14.92,13.885,14.376,21336.0,16407384.0,7.47,8.0,7.41,7.69,True,国投中鲁,False
2019-11-13,14.324,14.71,14.218,14.429,25643.0,19796396.0,7.66,7.88,7.6,7.72,True,国投中鲁,False
2019-11-14,14.271,14.394,14.095,14.288,19685.0,15039340.0,7.63,7.7,7.53,7.64,True,国投中鲁,False
2019-11-15,14.306,14.411,13.92,14.166,23133.0,17511681.0,7.65,7.71,7.43,7.57,True,国投中鲁,False
2019-11-18,14.06,14.113,13.902,14.008,14938.0,11173624.0,7.51,7.54,7.42,7.48,True,国投中鲁,False
2019-11-19,14.008,14.131,13.938,14.113,15476.0,11668904.0,7.48,7.55,7.44,7.54,True,国投中鲁,False
2019-11-20,14.113,14.113,13.955,13.973,10815.0,8067990.0,7.54,7.54,7.45,7.46,True,国投中鲁,False
2019-11-21,13.973,14.025,13.85,13.92,9976.0,7412168.0,7.46,7.49,7.39,7.43,True,国投中鲁,False
2019-11-22,13.92,14.043,13.797,13.885,11861.0,8789001.0,7.43,7.5,7.36,7.41,True,国投中鲁,False
2019-11-25,13.797,14.043,13.709,13.902,15342.0,11383764.0,7.36,7.5,7.31,7.42,True,国投中鲁,False
2019-11-26,13.902,13.92,13.797,13.85,6926.0,5118314.0,7.42,7.43,7.36,7.39,True,国投中鲁,False
2019-11-27,13.762,13.938,13.727,13.832,10532.0,7772616.0,7.34,7.44,7.32,7.38,True,国投中鲁,False
2019-11-28,13.85,13.92,13.727,13.832,9866.0,7281108.0,7.39,7.43,7.32,7.38,True,国投中鲁,False
2019-11-29,13.832,13.938,13.727,13.902,7114.0,5278588.0,7.38,7.44,7.32,7.42,True,国投中鲁,False
2019-12-02,13.973,13.973,13.797,13.815,11464.0,8448968.0,7.46,7.46,7.36,7.37,True,国投中鲁,False
2019-12-03,13.85,13.867,13.674,13.867,8296.0,6139040.0,7.39,7.4,7.29,7.4,True,国投中鲁,False
2019-12-04,13.78,13.92,13.78,13.867,9089.0,6725860.0,7.35,7.43,7.35,7.4,True,国投中鲁,False
2019-12-05,13.832,14.008,13.832,13.973,12469.0,9301874.0,7.38,7.48,7.38,7.46,True,国投中鲁,False
2019-12-06,13.973,14.148,13.955,14.113,13993.0,10550722.0,7.46,7.56,7.45,7.54,True,国投中鲁,False
2019-12-09,14.113,14.218,14.043,14.166,12599.0,9537443.0,7.54,7.6,7.5,7.57,True,国投中鲁,False
2019-12-10,14.113,14.271,14.078,14.236,11847.0,9015567.0,7.54,7.63,7.52,7.61,True,国投中鲁,False
2019-12-11,14.271,14.324,14.131,14.166,11156.0,8445092.0,7.63,7.66,7.55,7.57,True,国投中鲁,False
2019-12-12,14.236,14.253,14.025,14.043,15553.0,11664750.0,7.61,7.62,7.49,7.5,True,国投中鲁,False
2019-12-13,14.253,14.288,14.078,14.288,16422.0,12546408.0,7.62,7.64,7.52,7.64,True,国投中鲁,False
2019-12-16,14.253,14.394,14.095,14.376,20481.0,15749889.0,7.62,7.7,7.53,7.69,True,国投中鲁,False
2019-12-17,14.727,14.885,14.517,14.745,45627.0,36045330.0,7.89,7.98,7.77,7.9,True,国投中鲁,False
2019-12-18,14.745,15.131,14.745,14.92,38839.0,31071200.0,7.9,8.12,7.9,8.0,True,国投中鲁,False
2019-12-19,15.078,15.078,14.797,15.008,20415.0,16434075.000000002,8.09,8.09,7.93,8.05,True,国投中鲁,False
2019-12-20,15.008,15.622,14.868,15.306,48538.0,39898236.0,8.05,8.4,7.97,8.22,True,国投中鲁,False
2019-12-23,15.096,15.166,14.622,14.639,31191.0,24453744.0,8.1,8.14,7.83,7.84,True,国投中鲁,False
2019-12-24,14.569,14.762,14.534,14.745,13153.0,10390870.0,7.8,7.91,7.78,7.9,True,国投中鲁,False
2019-12-25,14.762,14.868,14.622,14.675,10628.0,8353608.0,7.91,7.97,7.83,7.86,True,国投中鲁,False
2019-12-26,14.92,15.447,14.71,15.096,49586.0,40164660.0,8.0,8.3,7.88,8.1,True,国投中鲁,False
2019-12-27,15.008,15.254,14.973,15.078,34312.0,27758408.0,8.05,8.19,8.03,8.09,True,国投中鲁,False
2019-12-30,14.955,15.605,14.833,15.377,47457.0,39199482.0,8.02,8.39,7.95,8.26,True,国投中鲁,False
2019-12-31,15.289,15.535,15.043,15.236,32695.0,26744510.0,8.21,8.35,8.07,8.18,True,国投中鲁,False
2020-01-02,15.271,15.71,15.219,15.57,41574.0,34797438.0,8.2,8.45,8.17,8.37,True,国投中鲁,False
2020-01-03,15.535,15.605,15.342,15.394,27843.0,23026161.0,8.35,8.39,8.24,8.27,True,国投中鲁,False
2020-01-06,15.359,15.447,15.113,15.342,23173.0,19094552.0,8.25,8.3,8.11,8.24,True,国投中鲁,False
2020-01-07,15.412,15.57,15.359,15.499,22078.0,18390974.0,8.28,8.37,8.25,8.33,True,国投中鲁,False
2020-01-08,15.464,15.464,15.078,15.166,27233.0,22167662.0,8.31,8.31,8.09,8.14,True,国投中鲁,False
2020-01-09,15.254,15.552,15.148,15.412,34782.0,28799496.0,8.19,8.36,8.13,8.28,True,国投中鲁,False
2020-01-10,15.412,15.499,15.254,15.254,14001.0,11466819.0,8.28,8.33,8.19,8.19,True,国投中鲁,False
2020-01-13,15.429,15.464,15.201,15.429,19890.0,16488809.999999998,8.29,8.31,8.16,8.29,True,国投中鲁,False
2020-01-14,15.429,15.535,15.359,15.377,13666.0,11288116.0,8.29,8.35,8.25,8.26,True,国投中鲁,False
2020-01-15,15.359,15.394,15.184,15.271,18152.0,14884639.999999998,8.25,8.27,8.15,8.2,True,国投中鲁,False
2020-01-16,15.377,15.429,15.201,15.219,11907.0,9728019.0,8.26,8.29,8.16,8.17,True,国投中鲁,False
2020-01-17,15.254,15.412,15.148,15.254,16010.0,13112190.0,8.19,8.28,8.13,8.19,True,国投中鲁,False
2020-01-20,15.148,15.324,15.078,15.271,14696.0,12050719.999999998,8.13,8.23,8.09,8.2,True,国投中鲁,False
2020-01-21,15.184,15.254,14.99,15.008,14495.0,11668475.000000002,8.15,8.19,8.04,8.05,True,国投中鲁,False
2020-01-22,14.99,15.148,14.727,14.99,19732.0,15864527.999999998,8.04,8.13,7.89,8.04,True,国投中鲁,False
2020-01-23,14.973,15.078,14.341,14.622,23736.0,18585288.0,8.03,8.09,7.67,7.83,True,国投中鲁,False
2020-02-03,13.253,13.306,13.253,13.253,5818.0,4101690.0,7.05,7.08,7.05,7.05,True,国投中鲁,False
2020-02-04,12.147,13.253,12.147,12.867,42903.0,29302749.0,6.42,7.05,6.42,6.83,True,国投中鲁,False
2020-02-05,12.814,13.218,12.762,12.972,21597.0,14880333.0,6.8,7.03,6.77,6.89,True,国投中鲁,False
2020-02-06,13.095,13.236,12.937,13.148,22908.0,16012692.0,6.96,7.04,6.87,6.99,True,国投中鲁,False
2020-02-07,13.148,13.393,12.99,13.2,23007.0,16150913.999999998,6.99,7.13,6.9,7.02,True,国投中鲁,False
2020-02-10,13.148,13.516,13.078,13.464,25501.0,18284217.0,6.99,7.2,6.95,7.17,True,国投中鲁,False
2020-02-11,13.516,13.78,13.393,13.411,38737.0,27658218.0,7.2,7.35,7.13,7.14,True,国投中鲁,False
2020-02-12,13.376,13.464,13.288,13.446,22297.0,15964652.0,7.12,7.17,7.07,7.16,True,国投中鲁,False
2020-02-13,13.446,13.534,13.253,13.288,25772.0,18220804.0,7.16,7.21,7.05,7.07,True,国投中鲁,False
2020-02-14,13.236,13.464,13.148,13.236,16822.0,11842688.0,7.04,7.17,6.99,7.04,True,国投中鲁,False
2020-02-17,13.271,13.604,13.236,13.586,30774.0,22280376.0,7.06,7.25,7.04,7.24,True,国投中鲁,False
2020-02-18,13.604,13.797,13.534,13.762,30827.0,22627018.0,7.25,7.36,7.21,7.34,True,国投中鲁,False
2020-02-19,13.727,13.99,13.657,13.78,29382.0,21595770.0,7.32,7.47,7.28,7.35,True,国投中鲁,False
2020-02-20,13.797,14.078,13.674,14.06,33867.0,25434117.0,7.36,7.52,7.29,7.51,True,国投中鲁,False
2020-02-21,13.99,14.183,13.938,14.131,34660.0,26168300.0,7.47,7.58,7.44,7.55,True,国投中鲁,False
2020-02-24,14.025,14.06,13.692,13.938,31407.0,23366808.0,7.49,7.51,7.3,7.44,True,国投中鲁,False
2020-02-25,13.78,13.78,13.306,13.604,36871.0,26731475.0,7.35,7.35,7.08,7.25,True,国投中鲁,False
2020-02-26,13.604,13.815,13.411,13.569,33490.0,24213270.0,7.25,7.37,7.14,7.23,True,国投中鲁,False
2020-02-27,13.586,13.832,13.551,13.639,24385.0,17727895.0,7.24,7.38,7.22,7.27,True,国投中鲁,False
2020-02-28,13.341,13.481,12.849,12.92,42588.0,29215368.0,7.1,7.18,6.82,6.86,True,国投中鲁,False
2020-03-02,13.078,13.376,12.99,13.323,25894.0,18358846.0,6.95,7.12,6.9,7.09,True,国投中鲁,False
2020-03-03,13.516,13.622,13.341,13.446,30271.0,21674036.0,7.2,7.26,7.1,7.16,True,国投中鲁,False
2020-03-04,13.341,13.622,13.2,13.604,36005.0,26103625.0,7.1,7.26,7.02,7.25,True,国投中鲁,False
2020-03-05,13.744,14.218,13.639,13.99,49482.0,36963054.0,7.33,7.6,7.27,7.47,True,国投中鲁,False
2020-03-06,13.832,14.464,13.744,14.148,51037.0,38583972.0,7.38,7.74,7.33,7.56,True,国投中鲁,False
2020-03-09,13.92,14.025,13.569,13.586,41335.0,29926540.0,7.43,7.49,7.23,7.24,True,国投中鲁,False
2020-03-10,13.253,13.762,13.13,13.692,39811.0,29062030.0,7.05,7.34,6.98,7.3,True,国投中鲁,False
2020-03-11,13.78,14.973,13.78,14.973,45975.0,36917925.0,7.35,8.03,7.35,8.03,True,国投中鲁,False
2020-03-12,15.166,16.377,14.657,15.605,230066.0,193025374.0,8.14,8.83,7.85,8.39,True,国投中鲁,False
2020-03-13,14.482,15.184,14.131,14.938,143578.0,115005978.0,7.75,8.15,7.55,8.01,True,国投中鲁,False
2020-03-16,14.797,15.692,14.569,14.569,135510.0,105697800.0,7.93,8.44,7.8,7.8,True,国投中鲁,False
2020-03-17,14.411,14.833,13.657,14.06,88342.0,66344842.0,7.71,7.95,7.28,7.51,True,国投中鲁,False
2020-03-18,14.201,14.394,13.446,13.481,76012.0,54576616.0,7.59,7.7,7.16,7.18,True,国投中鲁,False
2020-03-19,13.376,14.095,13.358,13.709,56998.0,41665538.0,7.12,7.53,7.11,7.31,True,国投中鲁,False
2020-03-20,13.867,13.938,13.446,13.727,44887.0,32857284.0,7.4,7.44,7.16,7.32,True,国投中鲁,False
2020-03-23,13.341,13.551,12.99,13.165,32237.0,22565900.0,7.1,7.22,6.9,7.0,True,国投中鲁,False
2020-03-24,13.411,13.639,13.165,13.622,37013.0,26871438.0,7.14,7.27,7.0,7.26,True,国投中鲁,False
2020-03-25,13.815,14.008,13.674,13.85,39752.0,29376728.0,7.37,7.48,7.29,7.39,True,国投中鲁,False
2020-03-26,13.797,14.833,13.692,14.236,66020.0,50241220.0,7.36,7.95,7.3,7.61,True,国投中鲁,False
2020-03-27,14.482,14.71,14.06,14.078,49475.0,37205200.0,7.75,7.88,7.51,7.52,True,国投中鲁,False
2020-03-30,13.867,14.727,13.744,14.727,73291.0,57826599.0,7.4,7.89,7.33,7.89,True,国投中鲁,False
2020-03-31,14.604,15.57,14.464,14.833,123194.0,97939230.0,7.82,8.37,7.74,7.95,True,国投中鲁,False
2020-04-01,14.727,14.727,14.06,14.183,80257.0,60834806.0,7.89,7.89,7.51,7.58,True,国投中鲁,False
2020-04-02,14.148,14.148,13.429,13.727,68164.0,49896048.0,7.56,7.56,7.15,7.32,True,国投中鲁,False
2020-04-03,13.657,15.008,13.534,15.008,89207.0,71811635.0,7.28,8.05,7.21,8.05,True,国投中鲁,False
2020-04-07,15.429,15.956,15.008,15.359,200670.0,165552750.0,8.29,8.59,8.05,8.25,True,国投中鲁,False
2020-04-08,15.377,16.377,15.131,15.675,192709.0,162453687.0,8.26,8.83,8.12,8.43,True,国投中鲁,False
2020-04-09,15.499,15.657,15.096,15.219,116439.0,95130663.0,8.33,8.42,8.1,8.17,True,国投中鲁,False
2020-04-10,15.148,15.306,14.587,14.833,79621.0,63298695.0,8.13,8.22,7.81,7.95,True,国投中鲁,False
2020-04-13,14.692,14.745,14.446,14.604,50135.0,39205570.0,7.87,7.9,7.73,7.82,True,国投中鲁,False
2020-04-14,14.657,14.973,14.517,14.797,49491.0,39246363.0,7.85,8.03,7.77,7.93,True,国投中鲁,False
2020-04-15,14.92,15.289,14.446,15.166,86582.0,70477748.0,8.0,8.21,7.73,8.14,True,国投中鲁,False
2020-04-16,14.938,15.043,14.534,14.587,63529.0,49616149.0,8.01,8.07,7.78,7.81,True,国投中鲁,False
2020-04-17,14.552,14.78,14.394,14.464,39009.0,30192966.0,7.79,7.92,7.7,7.74,True,国投中鲁,False
2020-04-20,14.534,15.815,14.482,15.815,106858.0,90936158.0,7.78,8.51,7.75,8.51,True,国投中鲁,False
2020-04-21,15.745,16.307,15.394,15.921,174844.0,149841308.0,8.47,8.79,8.27,8.57,True,国投中鲁,False
2020-04-22,15.692,16.903,15.517,16.079,173049.0,149860434.0,8.44,9.13,8.34,8.66,True,国投中鲁,False
2020-04-23,16.114,16.886,15.833,16.465,176994.0,157170672.0,8.68,9.12,8.52,8.88,True,国投中鲁,False
2020-04-24,16.324,16.324,15.605,15.973,112021.0,96338060.0,8.8,8.8,8.39,8.6,True,国投中鲁,False
2020-04-27,15.868,16.166,15.57,16.026,74684.0,64452292.00000001,8.54,8.71,8.37,8.63,True,国投中鲁,False
2020-04-28,15.886,15.886,14.517,14.885,101993.0,81390414.0,8.55,8.55,7.77,7.98,True,国投中鲁,False
2020-04-29,14.622,15.026,14.429,14.639,57403.0,45003952.0,7.83,8.06,7.72,7.84,True,国投中鲁,False
2020-04-30,14.833,15.008,14.657,14.903,44517.0,35569083.0,7.95,8.05,7.85,7.99,True,国投中鲁,False
2020-05-06,14.78,15.236,14.71,15.201,54289.0,44299824.0,7.92,8.18,7.88,8.16,True,国投中鲁,False
2020-05-07,15.148,15.587,14.99,15.148,61310.0,49845030.00000001,8.13,8.38,8.04,8.13,True,国投中鲁,False
2020-05-08,15.219,15.833,15.113,15.587,100295.0,84047210.00000001,8.17,8.52,8.11,8.38,True,国投中鲁,False
2020-05-11,15.675,15.763,15.201,15.447,73572.0,61064760.00000001,8.43,8.48,8.16,8.3,True,国投中鲁,False
2020-05-12,15.535,16.219,15.464,15.85,117254.0,100017662.0,8.35,8.74,8.31,8.53,True,国投中鲁,False
2020-05-13,15.657,15.798,15.412,15.71,67535.0,57067074.99999999,8.42,8.5,8.28,8.45,True,国投中鲁,False
2020-05-14,15.605,15.64,14.938,15.271,72153.0,59165459.99999999,8.39,8.41,8.01,8.2,True,国投中鲁,False
2020-05-15,15.342,16.71,15.236,16.71,70128.0,63255456.0,8.24,9.02,8.18,9.02,True,国投中鲁,False
2020-05-18,17.026,17.114,16.289,16.535,185629.0,165581068.0,9.2,9.25,8.78,8.92,True,国投中鲁,False
2020-05-19,16.675,17.465,16.237,16.886,193274.0,176265887.99999997,9.0,9.45,8.75,9.12,True,国投中鲁,False
2020-05-20,16.763,17.026,16.324,16.324,122920.0,108169600.0,9.05,9.2,8.8,8.8,True,国投中鲁,False
2020-05-21,16.377,16.64,16.061,16.588,91165.0,81592675.0,8.83,8.98,8.65,8.95,True,国投中鲁,False
2020-05-22,16.342,16.482,15.85,15.956,75605.0,64944695.0,8.81,8.89,8.53,8.59,True,国投中鲁,False
2020-05-25,15.85,17.254,15.622,16.588,116227.0,104023165.0,8.53,9.33,8.4,8.95,True,国投中鲁,False
2020-05-26,16.517,16.781,16.166,16.658,89393.0,80364307.0,8.91,9.06,8.71,8.99,True,国投中鲁,False
2020-05-27,16.535,17.114,16.254,16.465,102176.0,90732288.0,8.92,9.25,8.76,8.88,True,国投中鲁,False
2020-05-28,16.289,17.465,16.096,17.114,172645.0,159696625.0,8.78,9.45,8.67,9.25,True,国投中鲁,False
2020-05-29,16.886,17.202,16.763,17.097,121929.0,112662396.0,9.12,9.3,9.05,9.24,True,国投中鲁,False
2020-06-01,17.114,17.412,16.939,17.412,127463.0,120070146.0,9.25,9.42,9.15,9.42,True,国投中鲁,False
2020-06-02,17.272,18.43,17.132,17.307,171852.0,160853472.0,9.34,10.0,9.26,9.36,True,国投中鲁,False
2020-06-03,16.991,17.114,16.745,16.939,110702.0,101292330.0,9.18,9.25,9.04,9.15,True,国投中鲁,False
2020-06-04,16.886,18.149,16.886,17.816,136906.0,132114290.0,9.12,9.84,9.12,9.65,True,国投中鲁,False
2020-06-05,17.693,17.816,17.237,17.325,87241.0,81744817.0,9.58,9.65,9.32,9.37,True,国投中鲁,False
2020-06-08,17.342,17.518,16.991,17.5,69669.0,65976543.00000001,9.38,9.48,9.18,9.47,True,国投中鲁,False
2020-06-09,17.483,17.746,17.202,17.272,57256.0,53477104.0,9.46,9.61,9.3,9.34,True,国投中鲁,False
2020-06-10,17.307,17.325,16.868,17.061,66387.0,61208814.00000001,9.36,9.37,9.11,9.22,True,国投中鲁,False
2020-06-11,17.009,17.184,16.763,16.781,55396.0,50188776.0,9.19,9.29,9.05,9.06,True,国投中鲁,False
2020-06-12,16.465,17.132,16.324,16.851,50693.0,46130630.0,8.88,9.26,8.8,9.1,True,国投中鲁,False
2020-06-15,16.781,17.465,16.71,17.009,58290.0,53568510.0,9.06,9.45,9.02,9.19,True,国投中鲁,False
2020-06-16,17.097,17.465,16.903,17.272,54747.0,51133698.0,9.24,9.45,9.13,9.34,True,国投中鲁,False
2020-06-17,17.132,17.29,16.903,17.061,42714.0,39382308.0,9.26,9.35,9.13,9.22,True,国投中鲁,False
2020-06-18,17.237,17.325,16.886,16.903,48518.0,44296934.00000001,9.32,9.37,9.12,9.13,True,国投中鲁,False
2020-06-19,16.939,17.202,16.745,16.886,51084.0,46588607.99999999,9.15,9.3,9.04,9.12,True,国投中鲁,False
2020-06-22,16.851,17.009,16.57,16.64,53727.0,48246846.0,9.1,9.19,8.94,8.98,True,国投中鲁,False
2020-06-23,16.675,16.71,16.219,16.377,55832.0,49299656.0,9.0,9.02,8.74,8.83,True,国投中鲁,False
2020-06-24,16.307,16.5,16.114,16.237,40157.0,35137375.0,8.79,8.9,8.68,8.75,True,国投中鲁,False
2020-06-29,16.079,16.254,15.886,16.114,34125.0,29620500.0,8.66,8.76,8.55,8.68,True,国投中鲁,False
2020-06-30,16.289,16.5,16.131,16.219,35860.0,31341640.0,8.78,8.9,8.69,8.74,True,国投中鲁,False
2020-07-01,16.5,16.816,16.307,16.412,57265.0,50679525.0,8.9,9.08,8.79,8.85,True,国投中鲁,False
2020-07-02,16.342,16.447,16.201,16.412,52719.0,46656315.0,8.81,8.87,8.73,8.85,True,国投中鲁,False
2020-07-03,16.359,16.57,16.272,16.5,53446.0,47566940.0,8.82,8.94,8.77,8.9,True,国投中鲁,False
2020-07-06,16.535,17.026,16.5,16.939,83622.0,76514130.0,8.92,9.2,8.9,9.15,True,国投中鲁,False
2020-07-07,17.114,17.36,16.693,17.29,107598.0,100604130.0,9.25,9.39,9.01,9.35,True,国投中鲁,False
2020-07-08,17.254,17.29,16.921,17.219,78922.0,73476382.0,9.33,9.35,9.14,9.31,True,国投中鲁,False
2020-07-09,17.254,17.605,17.009,17.553,119238.0,113276100.0,9.33,9.53,9.19,9.5,True,国投中鲁,False
2020-07-10,17.5,17.781,17.026,17.377,95348.0,89627120.0,9.47,9.63,9.2,9.4,True,国投中鲁,False
2020-07-13,17.237,18.009,17.184,17.956,113081.0,110027813.0,9.32,9.76,9.29,9.73,True,国投中鲁,False
2020-07-14,17.939,18.185,17.447,17.974,113003.0,110064922.0,9.72,9.86,9.44,9.74,True,国投中鲁,False
2020-07-15,17.939,18.097,17.079,17.237,79026.0,73652232.0,9.72,9.81,9.23,9.32,True,国投中鲁,False
2020-07-16,17.237,17.518,16.289,16.412,68683.0,60784455.0,9.32,9.48,8.78,8.85,True,国投中鲁,False
2020-07-17,16.5,16.675,16.026,16.184,57321.0,49983912.0,8.9,9.0,8.63,8.72,True,国投中鲁,False
2020-07-20,16.377,17.518,16.254,17.377,79039.0,74296660.0,8.83,9.48,8.76,9.4,True,国投中鲁,False
2020-07-21,17.36,17.763,17.272,17.307,66735.0,62463959.99999999,9.39,9.62,9.34,9.36,True,国投中鲁,False
2020-07-22,17.325,17.447,17.079,17.36,62380.0,58574820.0,9.37,9.44,9.23,9.39,True,国投中鲁,False
2020-07-23,17.325,17.325,16.465,16.903,55606.0,50768278.00000001,9.37,9.37,8.88,9.13,True,国投中鲁,False
2020-07-24,16.903,17.132,15.973,16.096,55438.0,48064746.0,9.13,9.26,8.6,8.67,True,国投中鲁,False
2020-07-27,16.254,16.254,15.499,15.745,47519.0,40248593.0,8.76,8.76,8.33,8.47,True,国投中鲁,False
2020-07-28,15.745,16.096,15.71,15.991,34753.0,29922333.0,8.47,8.67,8.45,8.61,True,国投中鲁,False
2020-07-29,15.798,16.254,15.71,16.219,43877.0,38348498.0,8.5,8.76,8.45,8.74,True,国投中鲁,False
2020-07-30,16.201,16.394,16.114,16.114,33244.0,28855792.0,8.73,8.84,8.68,8.68,True,国投中鲁,False
2020-07-31,16.131,16.272,15.903,16.254,34575.0,30287700.0,8.69,8.77,8.56,8.76,True,国投中鲁,False
2020-08-03,16.254,16.57,16.254,16.552,53389.0,47676377.0,8.76,8.94,8.76,8.93,True,国投中鲁,False
2020-08-04,16.552,17.026,16.5,16.605,63666.0,57044736.00000001,8.93,9.2,8.9,8.96,True,国投中鲁,False
2020-08-05,16.552,16.798,16.272,16.728,51260.0,46287780.0,8.93,9.07,8.77,9.03,True,国投中鲁,False
2020-08-06,16.693,16.903,16.237,16.675,50325.0,45292500.0,9.01,9.13,8.75,9.0,True,国投中鲁,False
2020-08-07,16.535,16.64,16.061,16.342,40247.0,35457607.0,8.92,8.98,8.65,8.81,True,国投中鲁,False
2020-08-10,16.377,17.202,16.096,16.693,68553.0,61766253.0,8.83,9.3,8.67,9.01,True,国投中鲁,False
2020-08-11,17.026,17.605,16.658,17.132,146414.0,135579364.0,9.2,9.53,8.99,9.26,True,国投中鲁,False
2020-08-12,16.868,18.044,16.798,17.816,136219.0,131451335.0,9.11,9.78,9.07,9.65,True,国投中鲁,False
2020-08-13,17.728,18.887,17.43,17.974,176999.0,172397026.0,9.6,10.26,9.43,9.74,True,国投中鲁,False
2020-08-14,17.921,18.781,17.254,18.606,176433.0,178197330.0,9.71,10.2,9.33,10.1,True,国投中鲁,False
2020-08-17,18.43,18.694,18.167,18.483,114834.0,115178502.0,10.0,10.15,9.85,10.03,True,国投中鲁,False
2020-08-18,18.483,19.413,18.29,18.711,124509.0,126501144.0,10.03,10.56,9.92,10.16,True,国投中鲁,False
2020-08-19,18.606,19.413,18.36,18.746,135176.0,137609168.0,10.1,10.56,9.96,10.18,True,国投中鲁,False
2020-08-20,18.676,19.308,18.079,18.255,142394.0,140970060.0,10.14,10.5,9.8,9.9,True,国投中鲁,False
2020-08-21,18.483,19.992,18.255,19.992,109801.0,119573289.0,10.03,10.89,9.9,10.89,True,国投中鲁,False
2020-08-24,20.185,20.642,19.273,19.887,229414.0,248455362.0,11.0,11.26,10.48,10.83,True,国投中鲁,False
2020-08-25,19.887,20.01,18.623,18.746,157821.0,160661778.0,10.83,10.9,10.11,10.18,True,国投中鲁,False
2020-08-26,18.606,18.606,17.36,17.465,129741.0,122605245.0,10.1,10.1,9.39,9.45,True,国投中鲁,False
2020-08-27,17.377,17.658,17.026,17.5,72425.0,68586475.0,9.4,9.56,9.2,9.47,True,国投中鲁,False
2020-08-28,17.395,17.588,16.939,17.483,57468.0,54364728.00000001,9.41,9.52,9.15,9.46,True,国投中鲁,False
2020-08-31,17.465,17.623,17.29,17.535,60534.0,57446766.0,9.45,9.54,9.35,9.49,True,国投中鲁,False
2020-09-01,17.553,17.553,16.921,17.097,66814.0,61736136.0,9.5,9.5,9.14,9.24,True,国投中鲁,False
2020-09-02,17.167,17.412,16.939,17.044,43429.0,39998109.0,9.28,9.42,9.15,9.21,True,国投中鲁,False
2020-09-03,17.044,17.044,16.535,16.57,62858.0,56195052.0,9.21,9.21,8.92,8.94,True,国投中鲁,False
2020-09-04,16.114,16.71,16.079,16.64,41117.0,36923066.0,8.68,9.02,8.66,8.98,True,国投中鲁,False
2020-09-07,16.482,16.728,16.184,16.289,42089.0,36954142.0,8.89,9.03,8.72,8.78,True,国投中鲁,False
2020-09-08,16.307,16.535,16.079,16.517,36993.0,32960763.0,8.79,8.92,8.66,8.91,True,国投中鲁,False
2020-09-09,16.324,16.588,15.956,15.956,42586.0,36581374.0,8.8,8.95,8.59,8.59,True,国投中鲁,False
2020-09-10,16.026,16.131,15.447,15.57,38333.0,32084721.0,8.63,8.69,8.3,8.37,True,国投中鲁,False
2020-09-11,15.587,16.131,15.271,16.079,35990.0,31167340.0,8.38,8.69,8.2,8.66,True,国投中鲁,False
2020-09-14,16.149,17.026,16.008,16.658,84872.0,76299928.0,8.7,9.2,8.62,8.99,True,国投中鲁,False
2020-09-15,16.64,16.64,16.061,16.201,51802.0,45223146.0,8.98,8.98,8.65,8.73,True,国投中鲁,False
2020-09-16,16.219,16.254,15.903,15.973,25464.0,21899040.0,8.74,8.76,8.56,8.6,True,国投中鲁,False
2020-09-17,15.903,15.991,15.657,15.833,24164.0,20587728.0,8.56,8.61,8.42,8.52,True,国投中鲁,False
2020-09-18,15.886,16.061,15.675,16.026,33375.0,28802625.000000004,8.55,8.65,8.43,8.63,True,国投中鲁,False
2020-09-21,16.008,16.114,15.798,15.85,28453.0,24270409.0,8.62,8.68,8.5,8.53,True,国投中鲁,False
2020-09-22,15.71,15.763,15.447,15.552,25798.0,21567128.0,8.45,8.48,8.3,8.36,True,国投中鲁,False
2020-09-23,15.57,15.692,15.482,15.64,17751.0,14928591.0,8.37,8.44,8.32,8.41,True,国投中鲁,False
2020-09-24,15.622,15.763,15.359,15.412,17290.0,14316119.999999998,8.4,8.48,8.25,8.28,True,国投中鲁,False
2020-09-25,15.429,15.605,15.131,15.289,18127.0,14882267.000000002,8.29,8.39,8.12,8.21,True,国投中鲁,False
2020-09-28,15.377,15.956,15.219,15.587,34180.0,28642840.000000004,8.26,8.59,8.17,8.38,True,国投中鲁,False
2020-09-29,15.78,15.78,15.394,15.622,22438.0,18847920.0,8.49,8.49,8.27,8.4,True,国投中鲁,False
2020-09-30,15.622,15.675,15.324,15.429,16420.0,13612179.999999998,8.4,8.43,8.23,8.29,True,国投中鲁,False
2020-10-09,15.57,16.061,15.517,15.815,25366.0,21586466.0,8.37,8.65,8.34,8.51,True,国投中鲁,False
2020-10-12,15.833,16.465,15.763,16.201,40520.0,35373960.0,8.52,8.88,8.48,8.73,True,国投中鲁,False
2020-10-13,16.377,16.377,16.043,16.149,30922.0,26902140.0,8.83,8.83,8.64,8.7,True,国投中鲁,False
2020-10-14,16.061,16.254,15.938,16.079,22283.0,19297078.0,8.65,8.76,8.58,8.66,True,国投中鲁,False
2020-10-15,16.096,16.096,15.78,15.798,19931.0,16941350.0,8.67,8.67,8.49,8.5,True,国投中鲁,False
2020-10-16,15.78,15.85,15.517,15.622,21570.0,18118800.0,8.49,8.53,8.34,8.4,True,国投中鲁,False
2020-10-19,15.64,15.815,15.429,15.429,21615.0,17918835.0,8.41,8.51,8.29,8.29,True,国投中鲁,False
2020-10-20,15.447,15.64,15.359,15.605,18299.0,15352861.000000002,8.3,8.41,8.25,8.39,True,国投中鲁,False
2020-10-21,15.605,15.657,15.342,15.359,19142.0,15792150.0,8.39,8.42,8.24,8.25,True,国投中鲁,False
2020-10-22,15.342,15.464,15.219,15.377,15655.0,12931030.0,8.24,8.31,8.17,8.26,True,国投中鲁,False
2020-10-23,15.377,15.482,15.201,15.219,15800.0,12908600.0,8.26,8.32,8.16,8.17,True,国投中鲁,False
2020-10-26,15.166,15.166,14.815,14.868,24326.0,19387822.0,8.14,8.14,7.94,7.97,True,国投中鲁,False
2020-10-27,15.096,15.096,14.762,14.815,14227.0,11296238.0,8.1,8.1,7.91,7.94,True,国投中鲁,False
2020-10-28,14.745,14.885,14.552,14.833,17894.0,14225730.0,7.9,7.98,7.79,7.95,True,国投中鲁,False
2020-10-29,14.569,15.254,14.534,15.236,30524.0,24968632.0,7.8,8.19,7.78,8.18,True,国投中鲁,False
2020-10-30,15.342,15.359,14.569,14.745,35443.0,27999970.0,8.24,8.25,7.8,7.9,True,国投中鲁,False
2020-11-02,14.657,14.762,14.078,14.236,30448.0,23170928.0,7.85,7.91,7.52,7.61,True,国投中鲁,False
2020-11-03,14.236,14.517,14.095,14.464,13448.0,10408752.0,7.61,7.77,7.53,7.74,True,国投中鲁,False
2020-11-04,14.411,14.499,14.078,14.183,19426.0,14724908.0,7.71,7.76,7.52,7.58,True,国投中鲁,False
2020-11-05,14.306,14.534,14.253,14.429,20439.0,15778908.0,7.65,7.78,7.62,7.72,True,国投中鲁,False
2020-11-06,14.446,14.569,14.236,14.359,14668.0,11265024.0,7.73,7.8,7.61,7.68,True,国投中鲁,False
2020-11-09,14.394,14.692,14.376,14.552,19769.0,15400051.0,7.7,7.87,7.69,7.79,True,国投中鲁,False
2020-11-10,14.657,14.99,14.394,14.833,30973.0,24623535.0,7.85,8.04,7.7,7.95,True,国投中鲁,False
2020-11-11,14.833,15.043,14.692,14.938,28125.0,22528125.0,7.95,8.07,7.87,8.01,True,国投中鲁,False
2020-11-12,15.184,15.394,14.938,15.342,50460.0,41579040.0,8.15,8.27,8.01,8.24,True,国投中鲁,False
2020-11-13,15.359,15.429,14.973,15.061,40084.0,32387872.0,8.25,8.29,8.03,8.08,True,国投中鲁,False
2020-11-16,15.096,15.184,14.903,15.043,22132.0,17860524.0,8.1,8.15,7.99,8.07,True,国投中鲁,False
2020-11-17,15.043,15.219,14.938,15.008,26071.0,20987155.0,8.07,8.17,8.01,8.05,True,国投中鲁,False
2020-11-18,15.008,15.131,14.92,14.973,20650.0,16581949.999999998,8.05,8.12,8.0,8.03,True,国投中鲁,False
2020-11-19,14.973,15.219,14.92,15.078,21448.0,17351432.0,8.03,8.17,8.0,8.09,True,国投中鲁,False
2020-11-20,15.043,15.622,14.955,15.429,40461.0,33542169.0,8.07,8.4,8.02,8.29,True,国投中鲁,False
2020-11-23,15.429,15.605,15.184,15.254,32345.0,26490555.0,8.29,8.39,8.15,8.19,True,国投中鲁,False
2020-11-24,15.271,15.289,15.078,15.078,20767.0,16800503.0,8.2,8.21,8.09,8.09,True,国投中鲁,False
2020-11-25,15.078,15.148,14.675,14.745,21967.0,17353930.0,8.09,8.13,7.86,7.9,True,国投中鲁,False
2020-11-26,14.762,14.868,14.569,14.815,21140.0,16785160.0,7.91,7.97,7.8,7.94,True,国投中鲁,False
2020-11-27,14.762,14.78,14.569,14.727,18811.0,14841879.0,7.91,7.92,7.8,7.89,True,国投中鲁,False
2020-11-30,14.815,14.868,14.411,14.569,25720.0,20061600.0,7.94,7.97,7.71,7.8,True,国投中鲁,False
2020-12-01,14.499,14.797,14.446,14.71,14721.0,11600148.0,7.76,7.93,7.73,7.88,True,国投中鲁,False
2020-12-02,14.71,14.85,14.639,14.85,14715.0,11713140.0,7.88,7.96,7.84,7.96,True,国投中鲁,False
2020-12-03,14.833,14.955,14.727,14.903,22923.0,18315477.0,7.95,8.02,7.89,7.99,True,国投中鲁,False
2020-12-04,14.85,15.201,14.833,15.061,22842.0,18456336.0,7.96,8.16,7.95,8.08,True,国投中鲁,False
2020-12-07,15.043,15.394,14.903,15.271,35078.0,28763960.0,8.07,8.27,7.99,8.2,True,国投中鲁,False
2020-12-08,15.236,15.412,15.043,15.219,25798.0,21076966.0,8.18,8.28,8.07,8.17,True,国投中鲁,False
2020-12-09,15.306,15.359,14.71,14.745,33136.0,26177440.0,8.22,8.25,7.88,7.9,True,国投中鲁,False
2020-12-10,14.815,16.131,14.657,16.131,56913.0,49457397.0,7.94,8.69,7.85,8.69,True,国投中鲁,False
2020-12-11,16.237,16.939,15.447,16.412,175282.0,155124570.0,8.75,9.15,8.3,8.85,True,国投中鲁,False
2020-12-14,15.991,16.307,15.85,16.289,97616.0,85706848.0,8.61,8.79,8.53,8.78,True,国投中鲁,False
2020-12-15,16.149,16.166,15.71,15.85,67439.0,57525466.99999999,8.7,8.71,8.45,8.53,True,国投中鲁,False
2020-12-16,15.78,17.149,15.78,16.939,156180.0,142904700.0,8.49,9.27,8.49,9.15,True,国投中鲁,False
2020-12-17,16.64,16.658,16.166,16.552,103196.0,92154028.0,8.98,8.99,8.71,8.93,True,国投中鲁,False
2020-12-18,16.377,16.886,16.061,16.342,85647.0,75455007.0,8.83,9.12,8.65,8.81,True,国投中鲁,False
2020-12-21,16.166,16.816,15.886,16.5,86448.0,76938720.0,8.71,9.08,8.55,8.9,True,国投中鲁,False
2020-12-22,16.272,17.605,16.219,16.991,147306.0,135226908.0,8.77,9.53,8.74,9.18,True,国投中鲁,False
2020-12-23,16.833,17.43,16.693,17.009,145953.0,134130807.0,9.09,9.43,9.01,9.19,True,国投中鲁,False
2020-12-24,16.781,16.781,15.798,16.114,103255.0,89625340.0,9.06,9.06,8.5,8.68,True,国投中鲁,False
2020-12-25,16.061,16.079,15.64,15.903,55411.0,47431816.0,8.65,8.66,8.41,8.56,True,国投中鲁,False
2020-12-28,15.938,17.412,15.85,17.412,150657.0,141918894.0,8.58,9.42,8.53,9.42,True,国投中鲁,False
2020-12-29,17.851,18.588,17.342,17.395,292624.0,275359184.0,9.67,10.09,9.38,9.41,True,国投中鲁,False
2020-12-30,16.991,17.992,16.991,17.693,193757.0,185619206.0,9.18,9.75,9.18,9.58,True,国投中鲁,False
2020-12-31,17.518,17.641,17.009,17.009,128721.0,118294599.0,9.48,9.55,9.19,9.19,True,国投中鲁,False
2021-01-04,16.974,17.535,16.956,17.29,104152.0,97382120.0,9.17,9.49,9.16,9.35,True,国投中鲁,False
2021-01-05,17.132,17.992,17.026,17.711,122726.0,117694234.0,9.26,9.75,9.2,9.59,True,国投中鲁,False
2021-01-06,17.5,17.605,16.675,16.903,95251.0,86964163.0,9.47,9.53,9.0,9.13,True,国投中鲁,False
2021-01-07,16.781,18.5,16.745,17.518,201427.0,190952796.0,9.06,10.04,9.04,9.48,True,国投中鲁,False
2021-01-08,16.974,17.079,15.85,15.886,176512.0,150917760.0,9.17,9.23,8.53,8.55,True,国投中鲁,False
2021-01-11,15.447,15.57,14.429,14.604,94596.0,73974072.0,8.3,8.37,7.72,7.82,True,国投中鲁,False
2021-01-12,14.657,14.92,14.411,14.622,44772.0,35056476.0,7.85,8.0,7.71,7.83,True,国投中鲁,False
2021-01-13,14.569,14.569,13.815,13.955,66873.0,49820385.0,7.8,7.8,7.37,7.45,True,国投中鲁,False
2021-01-14,13.955,14.253,13.604,13.902,44509.0,33025678.0,7.45,7.62,7.25,7.42,True,国投中鲁,False
2021-01-15,13.727,14.113,13.727,14.078,30577.0,22993904.0,7.32,7.54,7.32,7.52,True,国投中鲁,False
2021-01-18,14.113,14.587,14.113,14.394,42157.0,32460890.0,7.54,7.81,7.54,7.7,True,国投中鲁,False
2021-01-19,14.394,14.552,14.271,14.306,46169.0,35319285.0,7.7,7.79,7.63,7.65,True,国投中鲁,False
2021-01-20,14.288,14.288,13.902,14.06,34113.0,25618863.0,7.64,7.64,7.42,7.51,True,国投中鲁,False
2021-01-21,14.06,14.359,13.92,14.166,29078.0,22012046.0,7.51,7.68,7.43,7.57,True,国投中鲁,False
2021-01-22,14.113,14.113,13.709,13.832,32108.0,23695704.0,7.54,7.54,7.31,7.38,True,国投中鲁,False
2021-01-25,13.78,13.938,13.534,13.657,29630.0,21570640.0,7.35,7.44,7.21,7.28,True,国投中鲁,False
2021-01-26,13.657,13.744,13.2,13.358,29861.0,21231171.0,7.28,7.33,7.02,7.11,True,国投中鲁,False
2021-01-27,13.464,13.639,13.253,13.464,20839.0,14941563.0,7.17,7.27,7.05,7.17,True,国投中鲁,False
2021-01-28,13.551,13.727,13.288,13.288,20206.0,14285642.0,7.22,7.32,7.07,7.07,True,国投中鲁,False
2021-01-29,13.288,13.586,13.13,13.253,21145.0,14907225.0,7.07,7.24,6.98,7.05,True,国投中鲁,False
2021-02-01,12.2,12.955,12.2,12.569,41640.0,27732240.0,6.45,6.88,6.45,6.66,True,国投中鲁,False
2021-02-02,12.586,12.744,12.376,12.411,22229.0,14604453.0,6.67,6.76,6.55,6.57,True,国投中鲁,False
2021-02-03,12.533,12.551,12.182,12.393,19662.0,12898272.0,6.64,6.65,6.44,6.56,True,国投中鲁,False
2021-02-04,12.376,12.428,11.814,12.305,33076.0,21532476.0,6.55,6.58,6.23,6.51,True,国投中鲁,False
2021-02-05,12.305,12.551,12.025,12.095,14528.0,9283392.0,6.51,6.65,6.35,6.39,True,国投中鲁,False
2021-02-08,12.165,12.182,11.726,11.814,19449.0,12116727.0,6.43,6.44,6.18,6.23,True,国投中鲁,False
2021-02-09,11.832,12.165,11.814,12.112,20275.0,12976000.0,6.24,6.43,6.23,6.4,True,国投中鲁,False
2021-02-10,12.13,12.288,12.095,12.253,15906.0,10307088.0,6.41,6.5,6.39,6.48,True,国投中鲁,False
2021-02-18,12.744,12.744,12.358,12.481,23101.0,15269761.0,6.76,6.76,6.54,6.61,True,国投中鲁,False
2021-02-19,12.569,12.972,12.481,12.902,27790.0,19036150.0,6.66,6.89,6.61,6.85,True,国投中鲁,False
2021-02-22,12.955,13.622,12.955,13.429,31942.0,22838530.0,6.88,7.26,6.88,7.15,True,国投中鲁,False
2021-02-23,13.358,14.183,13.218,14.095,58554.0,44091162.0,7.11,7.58,7.03,7.53,True,国投中鲁,False
2021-02-24,13.78,13.867,13.411,13.464,36602.0,26243634.0,7.35,7.4,7.14,7.17,True,国投中鲁,False
2021-02-25,13.516,13.622,13.095,13.165,26593.0,18615100.0,7.2,7.26,6.96,7.0,True,国投中鲁,False
2021-02-26,12.972,13.306,12.972,13.236,12157.0,8558528.0,6.89,7.08,6.89,7.04,True,国投中鲁,False
2021-03-01,13.165,13.534,13.165,13.516,16360.0,11779200.0,7.0,7.21,7.0,7.2,True,国投中鲁,False
2021-03-02,13.516,13.604,13.376,13.429,10283.0,7352345.0,7.2,7.25,7.12,7.15,True,国投中鲁,False
2021-03-03,13.516,13.692,13.411,13.622,19290.0,14004540.0,7.2,7.3,7.14,7.26,True,国投中鲁,False
2021-03-04,13.516,13.815,13.481,13.709,21225.0,15515475.0,7.2,7.37,7.18,7.31,True,国投中鲁,False
2021-03-05,13.639,13.797,13.586,13.709,15950.0,11659450.0,7.27,7.36,7.24,7.31,True,国投中鲁,False
2021-03-08,13.692,13.815,13.411,13.499,21393.0,15381567.0,7.3,7.37,7.14,7.19,True,国投中鲁,False
2021-03-09,13.499,13.534,13.007,13.148,20324.0,14206476.0,7.19,7.21,6.91,6.99,True,国投中鲁,False
2021-03-10,13.148,13.429,13.078,13.253,12889.0,9086745.0,6.99,7.15,6.95,7.05,True,国投中鲁,False
2021-03-11,13.236,13.323,13.078,13.306,13902.0,9842616.0,7.04,7.09,6.95,7.08,True,国投中鲁,False
2021-03-12,13.306,13.429,13.148,13.393,15952.0,11373776.0,7.08,7.15,6.99,7.13,True,国投中鲁,False
2021-03-15,13.393,13.411,13.236,13.306,8877.0,6284916.0,7.13,7.14,7.04,7.08,True,国投中鲁,False
2021-03-16,13.358,13.411,13.271,13.376,11274.0,8027088.0,7.11,7.14,7.06,7.12,True,国投中鲁,False
2021-03-17,13.376,13.516,13.323,13.446,13396.0,9591536.0,7.12,7.2,7.09,7.16,True,国投中鲁,False
2021-03-18,13.464,13.604,13.358,13.481,14459.0,10381562.0,7.17,7.25,7.11,7.18,True,国投中鲁,False
2021-03-19,13.464,13.727,13.411,13.727,21791.0,15951012.0,7.17,7.32,7.14,7.32,True,国投中鲁,False
2021-03-22,13.709,13.744,13.534,13.639,16562.0,12040574.0,7.31,7.33,7.21,7.27,True,国投中鲁,False
2021-03-23,13.639,13.639,13.376,13.499,13404.0,9637476.0,7.27,7.27,7.12,7.19,True,国投中鲁,False
2021-03-24,13.411,13.762,13.393,13.639,18430.0,13398610.0,7.14,7.34,7.13,7.27,True,国投中鲁,False
2021-03-25,13.639,13.727,13.499,13.516,13498.0,9718560.0,7.27,7.32,7.19,7.2,True,国投中鲁,False
2021-03-26,13.534,13.762,13.446,13.657,15506.0,11288368.0,7.21,7.34,7.16,7.28,True,国投中鲁,False
2021-03-29,13.762,14.095,13.586,13.832,23932.0,17661816.0,7.34,7.53,7.24,7.38,True,国投中鲁,False
2021-03-30,13.885,14.218,13.727,14.113,34312.0,25871248.0,7.41,7.6,7.32,7.54,True,国投中鲁,False
2021-03-31,14.201,14.201,13.657,13.727,31525.0,23076300.0,7.59,7.59,7.28,7.32,True,国投中鲁,False
2021-04-01,13.744,15.008,13.744,14.464,111116.0,86003784.0,7.33,8.05,7.33,7.74,True,国投中鲁,False
2021-04-02,14.043,14.043,13.586,13.902,72327.0,53666634.0,7.5,7.5,7.24,7.42,True,国投中鲁,False
2021-04-06,13.832,13.832,13.639,13.727,28019.0,20509908.0,7.38,7.38,7.27,7.32,True,国投中鲁,False
2021-04-07,13.744,13.85,13.481,13.657,30995.0,22564360.0,7.33,7.39,7.18,7.28,True,国投中鲁,False
2021-04-08,13.674,13.692,13.288,13.306,34377.0,24338916.0,7.29,7.3,7.07,7.08,True,国投中鲁,False
2021-04-09,13.323,13.429,13.2,13.376,15260.0,10865120.0,7.09,7.15,7.02,7.12,True,国投中鲁,False
2021-04-12,13.393,13.569,13.323,13.358,13663.0,9714393.0,7.13,7.23,7.09,7.11,True,国投中鲁,False
2021-04-13,13.306,13.306,13.078,13.148,17099.0,11952201.0,7.08,7.08,6.95,6.99,True,国投中鲁,False
2021-04-14,13.042,13.376,12.972,13.323,15030.0,10656270.0,6.93,7.12,6.89,7.09,True,国投中鲁,False
2021-04-15,13.288,13.393,13.165,13.271,11974.0,8453644.0,7.07,7.13,7.0,7.06,True,国投中鲁,False
2021-04-16,13.218,13.516,13.218,13.429,19383.0,13858845.0,7.03,7.2,7.03,7.15,True,国投中鲁,False
2021-04-19,13.341,13.92,13.306,13.832,33408.0,24655104.0,7.1,7.43,7.08,7.38,True,国投中鲁,False
2021-04-20,13.674,13.938,13.657,13.762,33289.0,24434126.0,7.29,7.44,7.28,7.34,True,国投中鲁,False
2021-04-21,13.744,13.832,13.569,13.762,19020.0,13960680.0,7.33,7.38,7.23,7.34,True,国投中鲁,False
2021-04-22,13.744,13.973,13.639,13.902,24165.0,17930430.0,7.33,7.46,7.27,7.42,True,国投中鲁,False
2021-04-23,13.797,14.043,13.762,13.78,25566.0,18791010.0,7.36,7.5,7.34,7.35,True,国投中鲁,False
2021-04-26,13.692,13.692,13.358,13.429,19786.0,14146990.0,7.3,7.3,7.11,7.15,True,国投中鲁,False
2021-04-27,13.411,13.657,13.341,13.516,11960.0,8611200.0,7.14,7.28,7.1,7.2,True,国投中鲁,False
2021-04-28,13.569,14.131,13.446,13.955,29303.0,21830735.0,7.23,7.55,7.16,7.45,True,国投中鲁,False
2021-04-29,13.744,14.008,13.516,13.534,43266.0,31194786.0,7.33,7.48,7.2,7.21,True,国投中鲁,False
2021-04-30,13.586,14.043,13.253,13.938,50301.0,37423944.0,7.24,7.5,7.05,7.44,True,国投中鲁,False
2021-05-06,13.832,14.394,13.569,14.306,62568.0,47864520.0,7.38,7.7,7.23,7.65,True,国投中鲁,False
2021-05-07,14.078,15.061,13.762,14.587,64124.0,50080844.0,7.52,8.08,7.34,7.81,True,国投中鲁,False
2021-05-10,14.218,14.534,13.885,14.306,65618.0,50197770.0,7.6,7.78,7.41,7.65,True,国投中鲁,False
2021-05-11,14.271,14.85,14.06,14.657,75278.0,59093230.0,7.63,7.96,7.51,7.85,True,国投中鲁,False
2021-05-12,14.482,14.639,14.183,14.517,50612.0,39325524.0,7.75,7.84,7.58,7.77,True,国投中鲁,False
2021-05-13,14.411,14.552,14.183,14.201,30730.0,23324070.0,7.71,7.79,7.58,7.59,True,国投中鲁,False
2021-05-14,14.288,15.359,14.236,14.727,70633.0,55729437.0,7.64,8.25,7.61,7.89,True,国投中鲁,False
2021-05-17,14.833,15.008,14.359,14.727,58141.0,45873249.0,7.95,8.05,7.68,7.89,True,国投中鲁,False
2021-05-18,14.604,14.762,14.359,14.675,34604.0,27198744.0,7.82,7.91,7.68,7.86,True,国投中鲁,False
2021-05-19,14.622,15.921,14.552,15.219,109849.0,89746633.0,7.83,8.57,7.79,8.17,True,国投中鲁,False
2021-05-20,14.92,15.412,14.762,15.026,76884.0,61968504.00000001,8.0,8.28,7.91,8.06,True,国投中鲁,False
2021-05-21,14.903,15.184,14.762,14.78,44490.0,35236080.0,7.99,8.15,7.91,7.92,True,国投中鲁,False
2021-05-24,14.71,15.008,14.429,14.938,47032.0,37672632.0,7.88,8.05,7.72,8.01,True,国投中鲁,False
2021-05-25,14.938,15.026,14.552,14.675,41885.0,32921610.0,8.01,8.06,7.79,7.86,True,国投中鲁,False
2021-05-26,14.534,14.727,14.499,14.622,29085.0,22773555.0,7.78,7.89,7.76,7.83,True,国投中鲁,False
2021-05-27,14.622,15.412,14.604,14.885,55434.0,44236332.0,7.83,8.28,7.82,7.98,True,国投中鲁,False
2021-05-28,14.868,14.973,14.569,14.657,38536.0,30250760.0,7.97,8.03,7.8,7.85,True,国投中鲁,False
2021-05-31,14.71,14.71,14.324,14.394,44557.0,34308890.0,7.88,7.88,7.66,7.7,True,国投中鲁,False
2021-06-01,14.341,14.517,14.183,14.464,29115.0,22535010.0,7.67,7.77,7.58,7.74,True,国投中鲁,False
2021-06-02,14.464,14.833,14.376,14.727,49403.0,38978967.0,7.74,7.95,7.69,7.89,True,国投中鲁,False
2021-06-03,14.762,15.026,14.569,14.622,45023.0,35253009.0,7.91,8.06,7.8,7.83,True,国投中鲁,False
2021-06-04,14.622,14.833,14.517,14.727,28203.0,22252167.0,7.83,7.95,7.77,7.89,True,国投中鲁,False
2021-06-07,14.71,15.324,14.587,15.201,68365.0,55785840.0,7.88,8.23,7.81,8.16,True,国投中鲁,False
2021-06-08,15.148,15.148,14.569,14.604,58570.0,45801740.0,8.13,8.13,7.8,7.82,True,国投中鲁,False
2021-06-09,14.622,14.833,14.499,14.762,25437.0,20120667.0,7.83,7.95,7.76,7.91,True,国投中鲁,False
2021-06-10,14.762,14.78,14.446,14.534,26136.0,20333808.0,7.91,7.92,7.73,7.78,True,国投中鲁,False
2021-06-11,14.517,14.517,14.183,14.236,27103.0,20625383.0,7.77,7.77,7.58,7.61,True,国投中鲁,False
2021-06-15,14.201,14.499,13.867,14.306,26768.0,20477520.0,7.59,7.76,7.4,7.65,True,国投中鲁,False
2021-06-16,14.236,14.482,14.148,14.271,17004.0,12974052.0,7.61,7.75,7.56,7.63,True,国投中鲁,False
2021-06-17,14.201,14.517,14.183,14.411,16467.0,12696057.0,7.59,7.77,7.58,7.71,True,国投中鲁,False
2021-06-18,14.411,15.148,14.271,14.797,49888.0,39561184.0,7.71,8.13,7.63,7.93,True,国投中鲁,False
2021-06-21,14.727,14.955,14.657,14.762,27634.0,21858494.0,7.89,8.02,7.85,7.91,True,国投中鲁,False
2021-06-22,14.762,14.938,14.745,14.885,26330.0,21011340.0,7.91,8.01,7.9,7.98,True,国投中鲁,False
2021-06-23,14.938,15.026,14.692,14.938,32457.0,25998057.0,8.01,8.06,7.87,8.01,True,国投中鲁,False
2021-06-24,14.903,15.026,14.78,14.92,20226.0,16180800.0,7.99,8.06,7.92,8.0,True,国投中鲁,False
2021-06-25,14.903,14.938,14.657,14.762,24438.0,19330458.0,7.99,8.01,7.85,7.91,True,国投中鲁,False
2021-06-28,14.745,15.131,14.745,15.026,39689.0,31989334.000000004,7.9,8.12,7.9,8.06,True,国投中鲁,False
2021-06-29,15.026,15.078,14.815,14.955,23724.0,19026648.0,8.06,8.09,7.94,8.02,True,国投中鲁,False
2021-06-30,14.955,14.973,14.517,14.569,32717.0,25519260.0,8.02,8.03,7.77,7.8,True,国投中鲁,False
2021-07-01,14.587,14.78,14.394,14.464,17132.0,13260168.0,7.81,7.92,7.7,7.74,True,国投中鲁,False
2021-07-02,14.446,14.639,14.271,14.288,18545.0,14168380.0,7.73,7.84,7.63,7.64,True,国投中鲁,False
2021-07-05,14.359,14.534,14.166,14.517,14338.0,11140626.0,7.68,7.78,7.57,7.77,True,国投中鲁,False
2021-07-06,14.622,14.622,14.183,14.271,18992.0,14490896.0,7.83,7.83,7.58,7.63,True,国投中鲁,False
2021-07-07,14.253,14.482,14.236,14.394,15609.0,12018930.0,7.62,7.75,7.61,7.7,True,国投中鲁,False
2021-07-08,14.324,14.376,14.078,14.183,20451.0,15501858.0,7.66,7.69,7.52,7.58,True,国投中鲁,False
2021-07-09,14.131,14.236,14.043,14.183,11709.0,8875422.0,7.55,7.61,7.5,7.58,True,国投中鲁,False
2021-07-12,14.218,14.359,14.183,14.201,19947.0,15139773.0,7.6,7.68,7.58,7.59,True,国投中鲁,False
2021-07-13,14.201,14.359,14.131,14.201,17316.0,13142844.0,7.59,7.68,7.55,7.59,True,国投中鲁,False
2021-07-14,14.183,14.201,13.902,13.938,21239.0,15801816.0,7.58,7.59,7.42,7.44,True,国投中鲁,False
2021-07-15,13.92,13.92,13.534,13.586,22545.0,16322580.0,7.43,7.43,7.21,7.24,True,国投中鲁,False
2021-07-16,13.639,13.639,13.429,13.534,15198.0,10957758.0,7.27,7.27,7.15,7.21,True,国投中鲁,False
2021-07-19,13.534,13.867,13.341,13.551,18620.0,13443640.0,7.21,7.4,7.1,7.22,True,国投中鲁,False
2021-07-20,13.499,13.709,13.464,13.622,11707.0,8499282.0,7.19,7.31,7.17,7.26,True,国投中鲁,False
2021-07-21,13.622,14.095,13.604,14.025,30826.0,23088674.0,7.26,7.53,7.25,7.49,True,国投中鲁,False
2021-07-22,14.06,14.078,13.85,13.938,16089.0,11970216.0,7.51,7.52,7.39,7.44,True,国投中鲁,False
2021-07-23,13.92,13.99,13.657,13.99,20392.0,15232824.0,7.43,7.47,7.28,7.47,True,国投中鲁,False
2021-07-26,14.008,14.183,13.692,13.867,20995.0,15536300.0,7.48,7.58,7.3,7.4,True,国投中鲁,False
2021-07-27,13.867,13.955,13.288,13.288,22799.0,16118893.0,7.4,7.45,7.07,7.07,True,国投中鲁,False
2021-07-28,13.218,13.306,12.569,12.849,22896.0,15615072.0,7.03,7.08,6.66,6.82,True,国投中鲁,False
2021-07-29,12.92,13.113,12.902,13.007,10247.0,7080677.0,6.86,6.97,6.85,6.91,True,国投中鲁,False
2021-07-30,13.078,13.393,12.972,13.358,15326.0,10896786.0,6.95,7.13,6.89,7.11,True,国投中鲁,False
2021-08-02,13.393,13.674,13.183,13.639,18218.0,13244486.0,7.13,7.29,7.01,7.27,True,国投中鲁,False
2021-08-03,13.516,13.744,13.499,13.622,13670.0,9924420.0,7.2,7.33,7.19,7.26,True,国投中鲁,False
2021-08-04,13.674,13.709,13.569,13.604,9958.0,7219550.0,7.29,7.31,7.23,7.25,True,国投中鲁,False
2021-08-05,13.639,13.639,13.393,13.481,12273.0,8812014.0,7.27,7.27,7.13,7.18,True,国投中鲁,False
2021-08-06,13.464,13.481,13.271,13.341,10861.0,7711310.0,7.17,7.18,7.06,7.1,True,国投中鲁,False
2021-08-09,13.253,13.727,13.253,13.604,19139.0,13875775.0,7.05,7.32,7.05,7.25,True,国投中鲁,False
2021-08-10,13.534,13.99,13.516,13.92,26170.0,19444310.0,7.21,7.47,7.2,7.43,True,国投中鲁,False
2021-08-11,13.902,13.938,13.762,13.797,13037.0,9595232.0,7.42,7.44,7.34,7.36,True,国投中鲁,False
2021-08-12,13.762,14.06,13.727,13.955,23997.0,17877765.0,7.34,7.51,7.32,7.45,True,国投中鲁,False
2021-08-13,13.902,14.025,13.78,13.885,15820.0,11722620.0,7.42,7.49,7.35,7.41,True,国投中鲁,False
2021-08-16,13.867,14.008,13.832,13.85,13599.0,10049661.0,7.4,7.48,7.38,7.39,True,国投中鲁,False
2021-08-17,13.867,13.885,13.446,13.516,23154.0,16670880.0,7.4,7.41,7.16,7.2,True,国投中鲁,False
2021-08-18,13.516,13.709,13.429,13.657,11284.0,8214752.0,7.2,7.31,7.15,7.28,True,国投中鲁,False
2021-08-19,13.657,13.657,13.481,13.551,11595.0,8371590.0,7.28,7.28,7.18,7.22,True,国投中鲁,False
2021-08-20,13.551,13.551,13.183,13.341,15289.0,10855190.0,7.22,7.22,7.01,7.1,True,国投中鲁,False
2021-08-23,13.323,13.551,13.288,13.516,9967.0,7176240.0,7.09,7.22,7.07,7.2,True,国投中鲁,False
2021-08-24,13.481,13.604,13.481,13.551,11858.0,8561476.0,7.18,7.25,7.18,7.22,True,国投中鲁,False
2021-08-25,13.569,13.973,13.534,13.85,21908.0,16190012.0,7.23,7.46,7.21,7.39,True,国投中鲁,False
2021-08-26,13.832,14.043,13.727,13.973,18837.0,14052402.0,7.38,7.5,7.32,7.46,True,国投中鲁,False
2021-08-27,13.99,14.043,13.832,13.938,14803.0,11013432.0,7.47,7.5,7.38,7.44,True,国投中鲁,False
2021-08-30,13.885,14.095,13.867,13.973,18322.0,13668212.0,7.41,7.53,7.4,7.46,True,国投中鲁,False
2021-08-31,13.99,14.359,13.92,14.183,36925.0,27989150.0,7.47,7.68,7.43,7.58,True,国投中鲁,False
2021-09-01,14.183,14.604,14.148,14.359,35878.0,27554304.0,7.58,7.82,7.56,7.68,True,国投中鲁,False
2021-09-02,14.271,14.604,14.218,14.464,30534.0,23633316.0,7.63,7.82,7.6,7.74,True,国投中鲁,False
2021-09-03,14.534,14.622,14.359,14.464,26165.0,20251710.0,7.78,7.83,7.68,7.74,True,国投中鲁,False
2021-09-06,14.464,14.938,14.394,14.727,44746.0,35304594.0,7.74,8.01,7.7,7.89,True,国投中鲁,False
2021-09-07,14.71,15.728,14.675,15.131,81294.0,66010727.99999999,7.88,8.46,7.86,8.12,True,国投中鲁,False
2021-09-08,15.271,15.306,14.955,15.254,39974.0,32738706.0,8.2,8.22,8.02,8.19,True,国投中鲁,False
2021-09-09,15.254,15.587,15.184,15.377,29338.0,24233188.0,8.19,8.38,8.15,8.26,True,国投中鲁,False
2021-09-10,15.359,15.605,15.184,15.394,36286.0,30008522.0,8.25,8.39,8.15,8.27,True,国投中鲁,False
2021-09-13,15.517,16.131,15.271,16.114,46419.0,40291692.0,8.34,8.69,8.2,8.68,True,国投中鲁,False
2021-09-14,16.026,16.781,15.833,16.219,65392.0,57152608.0,8.63,9.06,8.52,8.74,True,国投中鲁,False
2021-09-15,16.254,16.64,16.237,16.588,46557.0,41668515.0,8.76,8.98,8.75,8.95,True,国投中鲁,False
2021-09-16,16.64,17.377,16.588,16.816,72010.0,65385080.0,8.98,9.4,8.95,9.08,True,国投中鲁,False
2021-09-17,16.816,17.114,16.359,16.675,50559.0,45503100.0,9.08,9.25,8.82,9.0,True,国投中鲁,False
2021-09-22,16.517,16.693,16.166,16.605,38469.0,34468224.0,8.91,9.01,8.71,8.96,True,国投中鲁,False
2021-09-23,16.675,16.833,16.43,16.675,35486.0,31937400.0,9.0,9.09,8.86,9.0,True,国投中鲁,False
2021-09-24,16.588,17.886,16.552,17.219,91604.0,85283324.0,8.95,9.69,8.93,9.31,True,国投中鲁,False
2021-09-27,17.009,17.009,16.008,16.149,82094.0,71421780.0,9.19,9.19,8.62,8.7,True,国投中鲁,False
2021-09-28,16.254,16.394,15.447,16.359,55130.0,48624660.0,8.76,8.84,8.3,8.82,True,国投中鲁,False
2021-09-29,16.272,16.307,15.728,15.886,39283.0,33586965.0,8.77,8.79,8.46,8.55,True,国投中鲁,False
2021-09-30,16.307,16.605,16.008,16.605,33395.0,29921920.000000004,8.79,8.96,8.62,8.96,True,国投中鲁,False
2021-10-08,16.728,17.184,16.728,17.097,38501.0,35574924.0,9.03,9.29,9.03,9.24,True,国投中鲁,False
2021-10-11,16.974,17.167,16.482,16.816,35190.0,31952520.0,9.17,9.28,8.89,9.08,True,国投中鲁,False
2021-10-12,16.763,17.553,16.658,16.956,47854.0,43834264.0,9.05,9.5,8.99,9.16,True,国投中鲁,False
2021-10-13,16.991,17.026,16.149,16.482,38695.0,34399855.0,9.18,9.2,8.7,8.89,True,国投中鲁,False
2021-10-14,16.658,16.728,16.237,16.447,24428.0,21667636.0,8.99,9.03,8.75,8.87,True,国投中鲁,False
2021-10-15,16.377,16.517,15.798,15.85,35974.0,30685822.0,8.83,8.91,8.5,8.53,True,国投中鲁,False
2021-10-18,15.728,17.114,15.71,16.991,63973.0,58727214.0,8.46,9.25,8.45,9.18,True,国投中鲁,False
2021-10-19,16.991,17.061,16.517,16.658,31991.0,28759909.0,9.18,9.22,8.91,8.99,True,国投中鲁,False
2021-10-20,16.851,16.851,16.079,16.552,28691.0,25621063.0,9.1,9.1,8.66,8.93,True,国投中鲁,False
2021-10-21,16.658,16.658,16.201,16.342,25586.0,22541266.0,8.99,8.99,8.73,8.81,True,国投中鲁,False
2021-10-22,16.359,16.517,16.026,16.219,27119.0,23702006.0,8.82,8.91,8.63,8.74,True,国投中鲁,False
2021-10-25,16.307,16.412,15.938,16.131,28597.0,24850793.0,8.79,8.85,8.58,8.69,True,国投中鲁,False
2021-10-26,16.114,16.903,15.868,16.254,45372.0,39745872.0,8.68,9.13,8.54,8.76,True,国投中鲁,False
2021-10-27,16.254,16.588,15.552,15.763,33975.0,28810800.0,8.76,8.95,8.36,8.48,True,国投中鲁,False
2021-10-28,15.886,16.307,15.535,15.938,34884.0,29930472.0,8.55,8.79,8.35,8.58,True,国投中鲁,False
2021-10-29,15.973,17.202,15.973,16.991,74045.0,67973310.0,8.6,9.3,8.6,9.18,True,国投中鲁,False
2021-11-01,16.781,17.061,15.552,15.622,96930.0,81421200.0,9.06,9.22,8.36,8.4,True,国投中鲁,False
2021-11-02,15.57,15.675,14.815,15.131,72190.0,58618279.99999999,8.37,8.43,7.94,8.12,True,国投中鲁,False
2021-11-03,15.148,15.587,14.92,15.429,32675.0,27087575.0,8.13,8.38,8.0,8.29,True,国投中鲁,False
2021-11-04,15.587,16.588,15.412,16.412,73029.0,64630665.0,8.38,8.95,8.28,8.85,True,国投中鲁,False
2021-11-05,16.412,16.693,16.061,16.131,48077.0,41778913.0,8.85,9.01,8.65,8.69,True,国投中鲁,False
2021-11-08,16.026,16.114,15.605,15.728,34575.0,29250450.000000004,8.63,8.68,8.39,8.46,True,国投中鲁,False
2021-11-09,15.728,15.956,15.675,15.833,21090.0,17968680.0,8.46,8.59,8.43,8.52,True,国投中鲁,False
2021-11-10,15.85,16.272,15.535,16.149,28343.0,24658410.0,8.53,8.77,8.35,8.7,True,国投中鲁,False
2021-11-11,16.061,17.377,16.026,16.693,64017.0,57679317.0,8.65,9.4,8.63,9.01,True,国投中鲁,False
2021-11-12,17.079,18.272,16.903,18.272,113727.0,112703457.0,9.23,9.91,9.13,9.91,True,国投中鲁,False
2021-11-15,18.185,19.22,18.009,19.08,154714.0,160438418.0,9.86,10.45,9.76,10.37,True,国投中鲁,False
2021-11-16,19.132,20.361,18.606,19.378,139630.0,147170020.0,10.4,11.1,10.1,10.54,True,国投中鲁,False
2021-11-17,19.325,19.413,18.553,18.851,78679.0,80567296.0,10.51,10.56,10.07,10.24,True,国投中鲁,False
2021-11-18,18.851,18.869,17.974,18.044,72815.0,71213070.0,10.24,10.25,9.74,9.78,True,国投中鲁,False
2021-11-19,18.202,18.272,17.605,17.992,65587.0,63947325.0,9.87,9.91,9.53,9.75,True,国投中鲁,False
2021-11-22,17.992,18.027,17.412,17.798,59411.0,57272204.0,9.75,9.77,9.42,9.64,True,国投中鲁,False
2021-11-23,17.658,17.974,17.465,17.939,61862.0,60129864.00000001,9.56,9.74,9.45,9.72,True,国投中鲁,False
2021-11-24,17.746,17.834,17.237,17.29,66350.0,62037250.0,9.61,9.66,9.32,9.35,True,国投中鲁,False
2021-11-25,17.325,17.623,17.114,17.43,47183.0,44493569.0,9.37,9.54,9.25,9.43,True,国投中鲁,False
2021-11-26,17.412,17.43,16.781,16.921,54141.0,49484874.0,9.42,9.43,9.06,9.14,True,国投中鲁,False
2021-11-29,16.675,16.974,16.5,16.623,48412.0,43425564.0,9.0,9.17,8.9,8.97,True,国投中鲁,False
2021-11-30,16.658,16.903,16.535,16.623,42636.0,38244492.0,8.99,9.13,8.92,8.97,True,国投中鲁,False
2021-12-01,16.623,18.044,16.535,17.781,107599.0,103617837.0,8.97,9.78,8.92,9.63,True,国投中鲁,False
2021-12-02,17.588,17.676,16.903,17.184,92087.0,85548822.99999999,9.52,9.57,9.13,9.29,True,国投中鲁,False
2021-12-03,17.202,18.816,17.184,18.43,155201.0,155201000.0,9.3,10.22,9.29,10.0,True,国投中鲁,False
2021-12-06,17.992,18.167,17.623,17.728,100844.0,96810240.0,9.75,9.85,9.54,9.6,True,国投中鲁,False
2021-12-07,17.904,17.992,17.079,17.132,63455.0,58759330.0,9.7,9.75,9.23,9.26,True,国投中鲁,False
2021-12-08,17.237,18.606,16.991,18.097,102229.0,100286649.0,9.32,10.1,9.18,9.81,True,国投中鲁,False
2021-12-09,18.395,18.413,17.869,18.132,69606.0,68422698.0,9.98,9.99,9.68,9.83,True,国投中鲁,False
2021-12-10,18.079,18.992,17.974,18.606,93402.0,94336020.0,9.8,10.32,9.74,10.1,True,国投中鲁,False
2021-12-13,19.009,19.097,18.079,18.378,68170.0,67965490.0,10.33,10.38,9.8,9.97,True,国投中鲁,False
2021-12-14,18.22,18.22,17.904,17.974,50184.0,48879216.0,9.88,9.88,9.7,9.74,True,国投中鲁,False
2021-12-15,17.956,18.378,17.886,18.079,42087.0,41245260.0,9.73,9.97,9.69,9.8,True,国投中鲁,False
2021-12-16,17.921,18.536,17.693,18.185,53054.0,52311244.0,9.71,10.06,9.58,9.86,True,国投中鲁,False
2021-12-17,18.167,19.009,17.992,18.887,95083.0,97555158.0,9.85,10.33,9.75,10.26,True,国投中鲁,False
2021-12-20,18.623,20.361,18.571,19.431,127488.0,134754816.0,10.11,11.1,10.08,10.57,True,国投中鲁,False
2021-12-21,19.659,21.203,19.448,20.027,112418.0,122648038.0,10.7,11.58,10.58,10.91,True,国投中鲁,False
2021-12-22,19.887,20.01,18.816,18.939,108341.0,111482889.0,10.83,10.9,10.22,10.29,True,国投中鲁,False
2021-12-23,19.045,19.097,18.623,18.781,52942.0,54000839.99999999,10.35,10.38,10.11,10.2,True,国投中鲁,False
2021-12-24,18.799,18.974,18.325,18.36,50167.0,49966332.00000001,10.21,10.31,9.94,9.96,True,国投中鲁,False
2021-12-27,18.255,18.729,17.869,18.36,52868.0,52656528.00000001,9.9,10.17,9.68,9.96,True,国投中鲁,False
2021-12-28,18.255,19.132,17.939,18.834,71602.0,73248846.0,9.9,10.4,9.72,10.23,True,国投中鲁,False
2021-12-29,18.834,19.466,18.5,18.816,76193.0,77869246.0,10.23,10.59,10.04,10.22,True,国投中鲁,False
2021-12-30,18.816,18.957,18.588,18.799,55779.0,56950359.00000001,10.22,10.3,10.09,10.21,True,国投中鲁,False
2021-12-31,18.799,19.975,18.658,19.501,88720.0,94131920.0,10.21,10.88,10.13,10.61,True,国投中鲁,False
2022-01-04,19.308,20.062,19.185,19.659,58038.0,62100659.99999999,10.5,10.93,10.43,10.7,True,国投中鲁,False
2022-01-05,19.782,21.151,19.483,20.343,145796.0,161687764.0,10.77,11.55,10.6,11.09,True,国投中鲁,False
2022-01-06,20.343,21.519,20.01,20.782,163395.0,185289930.0,11.09,11.76,10.9,11.34,True,国投中鲁,False
2022-01-07,20.782,20.782,19.22,19.396,141150.0,148913250.0,11.34,11.34,10.45,10.55,True,国投中鲁,False
2022-01-10,19.132,20.905,19.045,19.852,120870.0,130660470.0,10.4,11.41,10.35,10.81,True,国投中鲁,False
2022-01-11,19.694,19.834,18.676,18.781,108873.0,111050460.0,10.72,10.8,10.14,10.2,True,国投中鲁,False
2022-01-12,18.957,20.098,18.781,19.343,102469.0,107797388.0,10.3,10.95,10.2,10.52,True,国投中鲁,False
2022-01-13,19.238,20.133,19.202,19.448,97652.0,103315816.0,10.46,10.97,10.44,10.58,True,国投中鲁,False
2022-01-14,19.325,19.817,18.448,18.553,82035.0,82609245.0,10.51,10.79,10.01,10.07,True,国投中鲁,False
2022-01-17,18.448,18.781,18.22,18.536,67712.0,68118272.0,10.01,10.2,9.88,10.06,True,国投中鲁,False
2022-01-18,18.536,18.536,17.202,17.342,98863.0,92733494.0,10.06,10.06,9.3,9.38,True,国投中鲁,False
2022-01-19,17.342,17.395,16.991,17.167,45050.0,41806400.0,9.38,9.41,9.18,9.28,True,国投中鲁,False
2022-01-20,17.149,17.342,16.605,16.728,67149.0,60635546.99999999,9.27,9.38,8.96,9.03,True,国投中鲁,False
2022-01-21,16.535,17.114,16.342,17.009,51054.0,46918626.0,8.92,9.25,8.81,9.19,True,国投中鲁,False
2022-01-24,16.851,16.939,16.517,16.552,39675.0,35429775.0,9.1,9.15,8.91,8.93,True,国投中鲁,False
2022-01-25,16.658,16.658,15.587,15.587,60509.0,50706542.00000001,8.99,8.99,8.38,8.38,True,国投中鲁,False
2022-01-26,15.622,16.061,15.57,15.921,50850.0,43578450.0,8.4,8.65,8.37,8.57,True,国投中鲁,False
2022-01-27,15.956,16.061,15.499,15.499,43264.0,36038912.0,8.59,8.65,8.33,8.33,True,国投中鲁,False
2022-01-28,15.552,16.149,15.499,15.938,38687.0,33193446.0,8.36,8.7,8.33,8.58,True,国投中鲁,False
2022-02-07,15.973,16.184,15.675,16.061,42576.0,36828240.0,8.6,8.72,8.43,8.65,True,国投中鲁,False
2022-02-08,16.043,16.588,15.868,16.482,43451.0,38627939.0,8.64,8.95,8.54,8.89,True,国投中鲁,False
2022-02-09,16.588,16.886,16.377,16.57,31612.0,28261128.0,8.95,9.12,8.83,8.94,True,国投中鲁,False
2022-02-10,16.675,16.675,16.219,16.342,32580.0,28702980.0,9.0,9.0,8.74,8.81,True,国投中鲁,False
2022-02-11,16.237,16.272,15.886,15.956,28633.0,24595747.0,8.75,8.77,8.55,8.59,True,国投中鲁,False
2022-02-14,15.886,16.394,15.657,16.394,35302.0,31206968.0,8.55,8.84,8.42,8.84,True,国投中鲁,False
2022-02-15,16.272,16.552,15.991,16.184,40831.0,35604632.0,8.77,8.93,8.61,8.72,True,国投中鲁,False
2022-02-16,16.237,16.71,16.166,16.5,37441.0,33322490.0,8.75,9.02,8.71,8.9,True,国投中鲁,False
2022-02-17,16.447,16.868,16.394,16.588,34823.0,31166585.0,8.87,9.11,8.84,8.95,True,国投中鲁,False
2022-02-18,16.588,16.886,16.394,16.763,30553.0,27650465.000000004,8.95,9.12,8.84,9.05,True,国投中鲁,False
2022-02-21,16.763,17.026,16.623,16.921,26571.0,24285894.0,9.05,9.2,8.97,9.14,True,国投中鲁,False
2022-02-22,16.868,17.026,16.693,16.991,31556.0,28968408.0,9.11,9.2,9.01,9.18,True,国投中鲁,False
2022-02-23,17.026,17.29,16.833,17.219,33424.0,31117744.0,9.2,9.35,9.09,9.31,True,国投中鲁,False
2022-02-24,17.097,17.728,16.974,17.342,67472.0,63288736.00000001,9.24,9.6,9.17,9.38,True,国投中鲁,False
2022-02-25,17.483,18.588,17.377,18.483,96305.0,96593915.0,9.46,10.09,9.4,10.03,True,国投中鲁,False
2022-02-28,18.483,18.483,17.272,17.535,91536.0,86867664.0,10.03,10.03,9.34,9.49,True,国投中鲁,False
2022-03-01,17.676,18.202,17.5,17.746,54682.0,52549402.0,9.57,9.87,9.47,9.61,True,国投中鲁,False
2022-03-02,17.658,18.36,17.605,18.237,58829.0,58181881.0,9.56,9.96,9.53,9.89,True,国投中鲁,False
2022-03-03,18.29,19.045,18.062,18.764,77189.0,78655591.0,9.92,10.35,9.79,10.19,True,国投中鲁,False
2022-03-04,18.571,18.676,18.009,18.079,55461.0,54351780.00000001,10.08,10.14,9.76,9.8,True,国投中鲁,False
2022-03-07,18.079,18.325,17.535,17.676,37874.0,36245418.0,9.8,9.94,9.49,9.57,True,国投中鲁,False
2022-03-08,17.605,17.851,17.026,17.132,48546.0,44953596.0,9.53,9.67,9.2,9.26,True,国投中鲁,False
2022-03-09,17.202,17.676,16.552,17.307,52752.0,49375872.0,9.3,9.57,8.93,9.36,True,国投中鲁,False
2022-03-10,17.535,17.851,17.219,17.5,40808.0,38645176.0,9.49,9.67,9.31,9.47,True,国投中鲁,False
2022-03-11,17.43,18.044,17.149,17.939,47369.0,46042668.0,9.43,9.78,9.27,9.72,True,国投中鲁,False
2022-03-14,17.728,18.307,17.605,18.272,61513.0,60959383.0,9.6,9.93,9.53,9.91,True,国投中鲁,False
2022-03-15,18.132,18.694,17.588,17.974,96904.0,94384496.0,9.83,10.15,9.52,9.74,True,国投中鲁,False
2022-03-16,17.939,18.658,17.834,18.606,81550.0,82365500.0,9.72,10.13,9.66,10.1,True,国投中鲁,False
2022-03-17,18.658,18.729,18.132,18.36,59064.0,58827744.00000001,10.13,10.17,9.83,9.96,True,国投中鲁,False
2022-03-18,18.343,18.43,17.992,18.343,45771.0,45542145.0,9.95,10.0,9.75,9.95,True,国投中鲁,False
2022-03-21,18.272,18.5,18.167,18.29,42309.0,41970528.0,9.91,10.04,9.85,9.92,True,国投中鲁,False
2022-03-22,18.29,18.465,17.956,18.43,40078.0,40078000.0,9.92,10.02,9.73,10.0,True,国投中鲁,False
2022-03-23,18.395,18.553,17.921,17.956,40857.0,39753861.0,9.98,10.07,9.71,9.73,True,国投中鲁,False
2022-03-24,17.904,18.132,17.781,17.939,36451.0,35430372.0,9.7,9.83,9.63,9.72,True,国投中鲁,False
2022-03-25,17.886,18.887,17.851,18.851,85688.0,87744512.0,9.69,10.26,9.67,10.24,True,国投中鲁,False
2022-03-28,18.694,18.694,17.869,18.132,68991.0,67818153.0,10.15,10.15,9.68,9.83,True,国投中鲁,False
2022-03-29,18.097,19.22,18.009,18.465,75346.0,75496692.0,9.81,10.45,9.76,10.02,True,国投中鲁,False
2022-03-30,18.255,18.307,18.009,18.202,47301.0,46686087.0,9.9,9.93,9.76,9.87,True,国投中鲁,False
2022-03-31,18.202,18.307,17.904,18.132,43539.0,42798837.0,9.87,9.93,9.7,9.83,True,国投中鲁,False
2022-04-01,18.132,18.641,17.693,17.746,64837.0,62308357.0,9.83,10.12,9.58,9.61,True,国投中鲁,False
2022-04-06,17.693,18.658,17.553,18.623,91255.0,92258805.0,9.58,10.13,9.5,10.11,True,国投中鲁,False
2022-04-07,18.465,18.536,18.132,18.272,43043.0,42655613.0,10.02,10.06,9.83,9.91,True,国投中鲁,False
2022-04-08,18.325,18.658,17.992,18.536,53124.0,53442744.0,9.94,10.13,9.75,10.06,True,国投中鲁,False
2022-04-11,18.518,18.606,18.009,18.202,47625.0,47005875.0,10.05,10.1,9.76,9.87,True,国投中鲁,False
2022-04-12,17.956,18.834,17.816,18.746,74581.0,75923458.0,9.73,10.23,9.65,10.18,True,国投中鲁,False
2022-04-13,18.676,18.922,18.395,18.518,55073.0,55348365.00000001,10.14,10.28,9.98,10.05,True,国投中鲁,False
2022-04-14,18.588,18.623,18.097,18.202,53016.0,52326791.99999999,10.09,10.11,9.81,9.87,True,国投中鲁,False
2022-04-15,18.149,18.764,18.062,18.641,66878.0,67680536.0,9.84,10.19,9.79,10.12,True,国投中鲁,False
2022-04-18,18.465,19.747,18.202,19.29,88959.0,93317991.0,10.02,10.75,9.87,10.49,True,国投中鲁,False
2022-04-19,19.115,19.729,18.992,19.466,70626.0,74792934.0,10.39,10.74,10.32,10.59,True,国投中鲁,False
2022-04-20,19.975,21.238,19.413,19.501,142555.0,151250855.0,10.88,11.6,10.56,10.61,True,国投中鲁,False
2022-04-21,19.396,20.747,19.325,19.975,170715.0,185737920.0,10.55,11.32,10.51,10.88,True,国投中鲁,False
2022-04-22,18.957,19.659,18.062,18.062,149560.0,146419240.0,10.3,10.7,9.79,9.79,True,国投中鲁,False
2022-04-25,17.535,17.746,16.342,16.342,119298.0,105101538.0,9.49,9.61,8.81,8.81,True,国投中鲁,False
2022-04-26,16.008,16.324,14.797,14.92,100599.0,80479200.0,8.62,8.8,7.93,8.0,True,国投中鲁,False
2022-04-27,14.482,15.184,14.183,14.762,72156.0,57075396.0,7.75,8.15,7.58,7.91,True,国投中鲁,False
2022-04-28,14.71,15.429,14.569,14.762,59944.0,47415704.0,7.88,8.29,7.8,7.91,True,国投中鲁,False
2022-04-29,14.78,15.412,14.78,15.342,59934.0,49385616.0,7.92,8.28,7.92,8.24,True,国投中鲁,False
2022-05-05,15.342,16.57,15.201,16.254,71997.0,63069372.0,8.24,8.94,8.16,8.76,True,国投中鲁,False
2022-05-06,16.026,16.658,15.85,16.359,59643.0,52605126.0,8.63,8.99,8.53,8.82,True,国投中鲁,False
2022-05-09,16.342,17.412,16.272,17.202,50429.0,46898970.0,8.81,9.42,8.77,9.3,True,国投中鲁,False
2022-05-10,15.57,15.57,15.57,15.57,13797.0,11548088.999999998,8.37,8.37,8.37,8.37,True,国投中鲁,False
2022-05-11,15.412,15.956,15.026,15.377,185182.0,152960332.0,8.28,8.59,8.06,8.26,True,国投中鲁,False
2022-05-12,15.254,15.903,15.201,15.412,93141.0,77120748.0,8.19,8.56,8.16,8.28,True,国投中鲁,False
2022-05-13,15.587,16.079,15.447,15.728,64549.0,54608454.00000001,8.38,8.66,8.3,8.46,True,国投中鲁,False
2022-05-16,15.745,16.237,15.552,15.938,58007.0,49770006.0,8.47,8.75,8.36,8.58,True,国投中鲁,False
2022-05-17,15.973,16.131,15.289,15.447,69106.0,57357980.00000001,8.6,8.69,8.21,8.3,True,国投中鲁,False
2022-05-18,15.447,16.465,15.306,16.096,71313.0,61828371.0,8.3,8.88,8.22,8.67,True,国投中鲁,False
2022-05-19,15.938,17.623,15.938,17.623,74456.0,71031024.0,8.58,9.54,8.58,9.54,True,国投中鲁,False
2022-05-20,17.623,19.29,17.307,17.904,199140.0,193165800.0,9.54,10.49,9.36,9.7,True,国投中鲁,False
2022-05-23,17.746,18.483,17.746,18.413,133677.0,133543323.0,9.61,10.03,9.61,9.99,True,国投中鲁,False
2022-05-24,18.22,19.273,17.904,18.079,164634.0,161341320.0,9.88,10.48,9.7,9.8,True,国投中鲁,False
2022-05-25,18.009,19.571,18.009,18.939,173807.0,178847403.0,9.76,10.65,9.76,10.29,True,国投中鲁,False
2022-05-26,18.658,20.747,18.658,19.747,224731.0,241585825.0,10.13,11.32,10.13,10.75,True,国投中鲁,False
2022-05-27,19.641,21.642,19.483,21.642,114117.0,135000411.0,10.69,11.83,10.6,11.83,True,国投中鲁,False
2022-05-30,23.713,23.713,23.713,23.713,21891.0,28480191.0,13.01,13.01,13.01,13.01,True,国投中鲁,False
2022-05-31,25.433,25.994,23.485,24.345,561068.0,750147916.0,13.99,14.31,12.88,13.37,True,国投中鲁,False
2022-06-01,21.993,21.993,21.993,21.993,24486.0,29456658.0,12.03,12.03,12.03,12.03,True,国投中鲁,False
2022-06-02,19.887,24.099,19.887,22.467,485189.0,596782470.0,10.83,13.23,10.83,12.3,True,国投中鲁,False
2022-06-06,21.94,24.625,20.975,24.625,512524.0,693444972.0,12.0,13.53,11.45,13.53,True,国投中鲁,False
2022-06-07,23.748,23.906,22.256,22.256,394418.0,480401124.0,13.03,13.12,12.18,12.18,True,国投中鲁,False
2022-06-08,21.045,23.66,21.045,22.8,359518.0,449037982.0,11.49,12.98,11.49,12.49,True,国投中鲁,False
2022-06-09,22.379,22.818,20.624,20.835,248417.0,282450129.0,12.25,12.5,11.25,11.37,True,国投中鲁,False
2022-06-10,21.063,21.835,20.624,20.694,213694.0,241260526.0,11.5,11.94,11.25,11.29,True,国投中鲁,False
2022-06-13,20.554,21.168,20.115,20.536,173045.0,193810400.0,11.21,11.56,10.96,11.2,True,国投中鲁,False
2022-06-14,20.449,20.501,19.238,19.782,171539.0,184747503.0,11.15,11.18,10.46,10.77,True,国投中鲁,False
2022-06-15,19.711,19.922,19.15,19.273,139412.0,146103776.0,10.73,10.85,10.41,10.48,True,国投中鲁,False
2022-06-16,19.273,19.834,19.027,19.571,110954.0,118166010.0,10.48,10.8,10.34,10.65,True,国投中鲁,False
2022-06-17,19.589,19.659,18.851,19.22,104148.0,108834660.0,10.66,10.7,10.24,10.45,True,国投中鲁,False
2022-06-20,19.536,20.536,19.308,19.747,128504.0,138141800.0,10.63,11.2,10.5,10.75,True,国投中鲁,False
2022-06-21,19.747,19.834,18.939,19.185,85230.0,88894890.0,10.75,10.8,10.29,10.43,True,国投中鲁,False
2022-06-22,19.045,19.15,18.606,18.641,77307.0,78234684.0,10.35,10.41,10.1,10.12,True,国投中鲁,False
2022-06-23,18.676,18.887,18.518,18.816,55479.0,56699538.0,10.14,10.26,10.05,10.22,True,国投中鲁,False
2022-06-24,18.834,19.185,18.606,19.062,68121.0,70573356.0,10.23,10.43,10.1,10.36,True,国投中鲁,False
2022-06-27,19.027,19.22,18.746,18.922,59962.0,61640935.99999999,10.34,10.45,10.18,10.28,True,国投中鲁,False
2022-06-28,18.887,19.483,18.799,19.238,82926.0,86740596.0,10.26,10.6,10.21,10.46,True,国投中鲁,False
2022-06-29,19.097,19.624,18.711,18.711,78187.0,79437992.0,10.38,10.68,10.16,10.16,True,国投中鲁,False
2022-06-30,18.764,19.624,18.764,19.308,113690.0,119374500.0,10.19,10.68,10.19,10.5,True,国投中鲁,False
2022-07-01,19.132,21.151,19.045,21.151,179995.0,207894225.0,10.4,11.55,10.35,11.55,True,国投中鲁,False
2022-07-04,21.379,22.993,20.712,22.326,284622.0,347808084.0,11.68,12.6,11.3,12.22,True,国投中鲁,False
2022-07-05,21.73,22.116,21.115,21.414,158558.0,185512860.0,11.88,12.1,11.53,11.7,True,国投中鲁,False
2022-07-06,21.502,21.712,20.536,20.835,90312.0,102684744.0,11.75,11.87,11.2,11.37,True,国投中鲁,False
2022-07-07,20.922,21.888,20.677,21.642,92421.0,109334043.0,11.42,11.97,11.28,11.83,True,国投中鲁,False
2022-07-08,21.817,21.853,20.817,21.01,74522.0,85476734.0,11.93,11.95,11.36,11.47,True,国投中鲁,False
2022-07-11,21.01,21.028,20.291,20.642,64083.0,72157458.0,11.47,11.48,11.06,11.26,True,国投中鲁,False
2022-07-12,20.8,20.94,19.694,19.975,79606.0,86611328.0,11.35,11.43,10.72,10.88,True,国投中鲁,False
2022-07-13,19.992,20.326,19.817,20.238,36965.0,40772395.0,10.89,11.08,10.79,11.03,True,国投中鲁,False
2022-07-14,19.992,20.764,19.711,20.519,68683.0,76856277.0,10.89,11.33,10.73,11.19,True,国投中鲁,False
2022-07-15,20.589,20.677,19.483,19.589,69249.0,73819434.0,11.23,11.28,10.6,10.66,True,国投中鲁,False
2022-07-18,19.466,19.975,19.466,19.764,56657.0,60962932.0,10.59,10.88,10.59,10.76,True,国投中鲁,False
2022-07-19,19.764,20.361,19.501,20.203,59362.0,65357562.0,10.76,11.1,10.61,11.01,True,国投中鲁,False
2022-07-20,20.255,20.8,20.027,20.764,68276.0,77356708.0,11.04,11.35,10.91,11.33,True,国投中鲁,False
2022-07-21,20.554,21.151,20.203,20.361,73898.0,82026780.0,11.21,11.55,11.01,11.1,True,国投中鲁,False
2022-07-22,20.326,21.151,20.273,20.922,64088.0,73188496.0,11.08,11.55,11.05,11.42,True,国投中鲁,False
2022-07-25,20.764,20.782,20.291,20.396,51844.0,57650527.99999999,11.33,11.34,11.06,11.12,True,国投中鲁,False
2022-07-26,20.396,22.028,20.185,21.537,117210.0,137956170.0,11.12,12.05,11.0,11.77,True,国投中鲁,False
2022-07-27,21.484,21.624,21.115,21.379,68364.0,79849152.0,11.74,11.82,11.53,11.68,True,国投中鲁,False
2022-07-28,21.379,21.589,20.993,21.133,58565.0,67584010.0,11.68,11.8,11.46,11.54,True,国投中鲁,False
2022-07-29,21.115,22.361,20.852,22.01,140877.0,169615908.0,11.53,12.24,11.38,12.04,True,国投中鲁,False
2022-08-01,21.94,21.94,21.045,21.484,78761.0,92465414.0,12.0,12.0,11.49,11.74,True,国投中鲁,False
2022-08-02,21.256,21.484,20.203,20.536,96087.0,107617440.0,11.61,11.74,11.01,11.2,True,国投中鲁,False
2022-08-03,20.694,21.589,20.273,20.466,94243.0,105175188.0,11.29,11.8,11.05,11.16,True,国投中鲁,False
2022-08-04,20.589,21.414,20.115,20.694,68785.0,77658265.0,11.23,11.7,10.96,11.29,True,国投中鲁,False
2022-08-05,20.677,21.695,20.308,21.554,89478.0,105405084.0,11.28,11.86,11.07,11.78,True,国投中鲁,False
2022-08-08,21.677,22.239,21.221,21.905,76074.0,91136652.0,11.85,12.17,11.59,11.98,True,国投中鲁,False
2022-08-09,21.923,21.94,21.519,21.589,44290.0,52262200.0,11.99,12.0,11.76,11.8,True,国投中鲁,False
2022-08-10,21.589,22.028,21.326,21.765,49918.0,59402420.0,11.8,12.05,11.65,11.9,True,国投中鲁,False
2022-08-11,21.589,21.905,21.238,21.888,55021.0,65860137.0,11.8,11.98,11.6,11.97,True,国投中鲁,False
2022-08-12,21.87,22.274,21.449,21.73,61980.0,73632240.0,11.96,12.19,11.72,11.88,True,国投中鲁,False
2022-08-15,21.835,22.607,21.414,22.379,85363.0,104569675.0,11.94,12.38,11.7,12.25,True,国投中鲁,False
2022-08-16,22.484,22.748,22.116,22.555,50071.0,61837685.0,12.31,12.46,12.1,12.35,True,国投中鲁,False
2022-08-17,22.555,22.853,21.958,21.993,70319.0,84593757.0,12.35,12.52,12.01,12.03,True,国投中鲁,False
2022-08-18,22.133,22.204,21.642,21.765,42644.0,50746360.0,12.11,12.15,11.83,11.9,True,国投中鲁,False
2022-08-19,21.817,22.519,21.589,21.589,72061.0,85031980.0,11.93,12.33,11.8,11.8,True,国投中鲁,False
2022-08-22,21.537,22.151,21.186,21.94,58864.0,70636800.0,11.77,12.12,11.57,12.0,True,国投中鲁,False
2022-08-23,21.94,22.467,21.642,22.256,52018.0,63357924.0,12.0,12.3,11.83,12.18,True,国投中鲁,False
2022-08-24,22.274,22.976,21.747,22.555,95792.0,118303120.0,12.19,12.59,11.89,12.35,True,国投中鲁,False
2022-08-25,22.677,23.292,21.87,22.116,146864.0,177705440.0,12.42,12.77,11.96,12.1,True,国投中鲁,False
2022-08-26,21.554,22.221,21.396,21.8,67523.0,80487416.0,11.78,12.16,11.69,11.92,True,国投中鲁,False
2022-08-29,21.414,22.66,21.291,22.291,68696.0,83809120.0,11.7,12.41,11.63,12.2,True,国投中鲁,False
2022-08-30,22.432,22.66,21.888,22.116,46618.0,56407780.0,12.28,12.41,11.97,12.1,True,国投中鲁,False
2022-08-31,22.151,22.379,20.957,21.133,65787.0,75918198.0,12.12,12.25,11.44,11.54,True,国投中鲁,False
2022-09-01,21.256,22.221,21.063,21.484,53578.0,62900572.0,11.61,12.16,11.5,11.74,True,国投中鲁,False
2022-09-02,21.484,21.782,20.975,21.747,39906.0,47448234.0,11.74,11.91,11.45,11.89,True,国投中鲁,False
2022-09-05,21.765,22.221,21.309,21.695,51494.0,61071884.0,11.9,12.16,11.64,11.86,True,国投中鲁,False
2022-09-06,21.835,21.888,21.414,21.589,32395.0,38226100.0,11.94,11.97,11.7,11.8,True,国投中鲁,False
2022-09-07,21.572,21.607,21.08,21.379,34746.0,40583328.0,11.79,11.81,11.51,11.68,True,国投中鲁,False
2022-09-08,21.449,21.519,20.887,20.887,38213.0,43562820.0,11.72,11.76,11.4,11.4,True,国投中鲁,False
2022-09-09,20.887,21.063,20.361,20.677,34054.0,38412912.0,11.4,11.5,11.1,11.28,True,国投中鲁,False
2022-09-13,20.8,20.975,20.659,20.87,20597.0,23459983.0,11.35,11.45,11.27,11.39,True,国投中鲁,False
2022-09-14,20.694,20.694,19.94,20.273,41014.0,45320470.0,11.29,11.29,10.86,11.05,True,国投中鲁,False
2022-09-15,20.343,20.361,19.483,19.624,34353.0,36689004.0,11.09,11.1,10.6,10.68,True,国投中鲁,False
2022-09-16,19.554,20.098,19.448,19.747,33618.0,36139350.0,10.64,10.95,10.58,10.75,True,国投中鲁,False
2022-09-19,19.448,19.659,18.834,19.167,28832.0,30042944.0,10.58,10.7,10.23,10.42,True,国投中鲁,False
2022-09-20,19.167,19.641,19.167,19.483,21718.0,23021080.0,10.42,10.69,10.42,10.6,True,国投中鲁,False
2022-09-21,19.764,19.764,19.009,19.273,15445.0,16186360.0,10.76,10.76,10.33,10.48,True,国投中鲁,False
2022-09-22,19.167,19.782,19.062,19.185,22179.0,23132697.0,10.42,10.77,10.36,10.43,True,国投中鲁,False
2022-09-23,19.15,19.185,18.378,18.536,36073.0,36289438.0,10.41,10.43,9.97,10.06,True,国投中鲁,False
2022-09-26,18.36,18.623,17.746,17.781,41024.0,39506112.0,9.96,10.11,9.61,9.63,True,国投中鲁,False
2022-09-27,17.904,18.536,17.693,18.518,38124.0,38314620.0,9.7,10.06,9.58,10.05,True,国投中鲁,False
2022-09-28,18.518,18.641,17.605,17.851,50705.0,49031735.0,10.05,10.12,9.53,9.67,True,国投中鲁,False
2022-09-29,18.185,19.554,17.992,18.729,85794.0,87252498.0,9.86,10.64,9.75,10.17,True,国投中鲁,False
2022-09-30,18.43,19.659,18.22,18.764,59226.0,60351294.0,10.0,10.7,9.88,10.19,True,国投中鲁,False
2022-10-10,18.764,18.764,17.728,17.834,55024.0,53153184.0,10.19,10.19,9.6,9.66,True,国投中鲁,False
2022-10-11,17.939,19.536,17.798,18.851,56228.0,57577472.0,9.72,10.63,9.64,10.24,True,国投中鲁,False
2022-10-12,18.606,19.308,18.378,19.22,58915.0,61566174.99999999,10.1,10.5,9.97,10.45,True,国投中鲁,False
2022-10-13,19.273,19.799,18.957,19.396,43325.0,45707875.0,10.48,10.78,10.3,10.55,True,国投中鲁,False
2022-10-14,19.396,19.834,19.273,19.694,40020.0,42901440.0,10.55,10.8,10.48,10.72,True,国投中鲁,False
2022-10-17,19.589,20.133,19.448,19.975,30464.0,33144832.000000004,10.66,10.97,10.58,10.88,True,国投中鲁,False
2022-10-18,19.957,20.413,19.676,19.694,36706.0,39348832.0,10.87,11.13,10.71,10.72,True,国投中鲁,False
2022-10-19,19.887,20.501,19.641,19.869,54362.0,58819684.0,10.83,11.18,10.69,10.82,True,国投中鲁,False
2022-10-20,19.659,20.062,19.448,19.747,46014.0,49465050.0,10.7,10.93,10.58,10.75,True,国投中鲁,False
2022-10-21,19.676,19.852,19.396,19.413,21526.0,22731456.0,10.71,10.81,10.55,10.56,True,国投中鲁,False
2022-10-24,19.554,19.659,19.062,19.167,29944.0,31201648.0,10.64,10.7,10.36,10.42,True,国投中鲁,False
2022-10-25,18.974,19.396,18.536,18.904,25206.0,25886562.0,10.31,10.55,10.06,10.27,True,国投中鲁,False
2022-10-26,18.992,20.326,18.992,19.992,66281.0,72180009.0,10.32,11.08,10.32,10.89,True,国投中鲁,False
2022-10-27,19.975,21.554,19.852,20.852,79400.0,90357200.0,10.88,11.78,10.81,11.38,True,国投中鲁,False
2022-10-28,20.922,21.028,19.676,19.834,46397.0,50108760.0,11.42,11.48,10.71,10.8,True,国投中鲁,False
2022-10-31,19.589,20.501,19.483,20.203,41265.0,45432765.0,10.66,11.18,10.6,11.01,True,国投中鲁,False
2022-11-01,20.396,21.045,20.291,20.571,40263.0,45175086.0,11.12,11.49,11.06,11.22,True,国投中鲁,False
2022-11-02,20.571,20.817,20.291,20.571,28217.0,31659474.0,11.22,11.36,11.06,11.22,True,国投中鲁,False
2022-11-03,20.887,21.537,20.308,21.256,62557.0,72628677.0,11.4,11.77,11.07,11.61,True,国投中鲁,False
2022-11-04,21.291,21.905,20.993,21.466,54627.0,64077471.0,11.63,11.98,11.46,11.73,True,国投中鲁,False
2022-11-07,21.466,21.73,20.94,21.238,37384.0,43365440.0,11.73,11.88,11.43,11.6,True,国投中鲁,False
2022-11-08,21.273,21.519,21.115,21.344,26630.0,31050580.0,11.62,11.76,11.53,11.66,True,国投中鲁,False
2022-11-09,21.238,21.414,21.151,21.238,21427.0,24855320.0,11.6,11.7,11.55,11.6,True,国投中鲁,False
2022-11-10,21.063,21.291,21.01,21.098,18407.0,21204864.0,11.5,11.63,11.47,11.52,True,国投中鲁,False
2022-11-11,21.396,21.589,21.045,21.291,34245.0,39826935.0,11.69,11.8,11.49,11.63,True,国投中鲁,False
2022-11-14,21.203,21.309,20.589,20.694,25433.0,28713857.0,11.58,11.64,11.23,11.29,True,国投中鲁,False
2022-11-15,20.694,20.975,20.571,20.905,25582.0,29189062.0,11.29,11.45,11.22,11.41,True,国投中鲁,False
2022-11-16,21.028,21.186,20.729,21.045,23714.0,27247386.0,11.48,11.57,11.31,11.49,True,国投中鲁,False
2022-11-17,21.028,21.256,20.852,21.08,19016.0,21887416.0,11.48,11.61,11.38,11.51,True,国投中鲁,False
2022-11-18,21.01,23.099,20.817,23.099,114704.0,145215264.0,11.47,12.66,11.36,12.66,True,国投中鲁,False
2022-11-21,22.976,22.976,22.116,22.555,95169.0,117533715.0,12.59,12.59,12.1,12.35,True,国投中鲁,False
2022-11-22,22.712,24.731,22.239,23.52,157495.0,203168550.0,12.44,13.59,12.17,12.9,True,国投中鲁,False
2022-11-23,23.713,24.713,22.941,23.432,150634.0,193564690.0,13.01,13.58,12.57,12.85,True,国投中鲁,False
2022-11-24,22.993,23.555,22.467,22.8,87898.0,109784602.0,12.6,12.92,12.3,12.49,True,国投中鲁,False
2022-11-25,22.765,23.818,22.555,22.958,81827.0,102938366.0,12.47,13.07,12.35,12.58,True,国投中鲁,False
2022-11-28,22.695,23.608,22.361,22.712,70914.0,88217016.0,12.43,12.95,12.24,12.44,True,国投中鲁,False
2022-11-29,22.625,22.976,22.467,22.923,59676.0,74953056.0,12.39,12.59,12.3,12.56,True,国投中鲁,False
2022-11-30,22.748,23.221,22.326,23.099,64616.0,81803856.0,12.46,12.73,12.22,12.66,True,国投中鲁,False
2022-12-01,23.274,24.152,22.835,23.608,85514.0,110740630.0,12.76,13.26,12.51,12.95,True,国投中鲁,False
2022-12-02,23.695,23.73,23.046,23.221,54416.0,69271568.0,13.0,13.02,12.63,12.73,True,国投中鲁,False
2022-12-05,23.52,24.573,23.45,24.081,90503.0,119644966.0,12.9,13.5,12.86,13.22,True,国投中鲁,False
2022-12-06,23.713,24.362,23.186,23.66,72745.0,94423010.0,13.01,13.38,12.71,12.98,True,国投中鲁,False
2022-12-07,23.186,23.66,22.906,23.608,56410.0,73050950.0,12.71,12.98,12.55,12.95,True,国投中鲁,False
2022-12-08,23.572,24.099,23.081,23.923,59546.0,78183898.0,12.93,13.23,12.65,13.13,True,国投中鲁,False
2022-12-09,23.923,26.222,23.695,26.222,110052.0,158915088.0,13.13,14.44,13.0,14.44,True,国投中鲁,False
2022-12-12,26.258,27.082,25.468,25.661,161214.0,227634168.0,14.46,14.93,14.01,14.12,True,国投中鲁,False
2022-12-13,25.538,25.924,25.134,25.731,91910.0,130144560.0,14.05,14.27,13.82,14.16,True,国投中鲁,False
2022-12-14,25.433,26.029,24.836,25.696,82284.0,116349576.0,13.99,14.33,13.65,14.14,True,国投中鲁,False
2022-12-15,25.45,25.714,24.941,25.187,53469.0,74054565.0,14.0,14.15,13.71,13.85,True,国投中鲁,False
2022-12-16,25.205,26.328,24.924,25.907,88645.0,126407770.0,13.86,14.5,13.7,14.26,True,国投中鲁,False
2022-12-19,25.608,26.679,25.117,26.082,77962.0,111953432.0,14.09,14.7,13.81,14.36,True,国投中鲁,False
2022-12-20,25.661,26.503,25.398,26.416,74465.0,108346575.0,14.12,14.6,13.97,14.55,True,国投中鲁,False
2022-12-21,26.398,27.539,24.941,25.117,103534.0,142980454.0,14.54,15.19,13.71,13.81,True,国投中鲁,False
2022-12-22,25.485,25.573,23.432,23.871,88649.0,116130190.0,14.02,14.07,12.85,13.1,True,国投中鲁,False
2022-12-23,24.239,24.45,23.327,23.678,57856.0,75154944.0,13.31,13.43,12.79,12.99,True,国投中鲁,False
2022-12-26,23.783,24.204,23.344,23.906,39369.0,51652128.0,13.05,13.29,12.8,13.12,True,国投中鲁,False
2022-12-27,23.906,24.222,22.888,23.292,51830.0,66186910.0,13.12,13.3,12.54,12.77,True,国投中鲁,False
2022-12-28,23.116,23.257,22.59,22.835,43617.0,54564867.0,12.67,12.75,12.37,12.51,True,国投中鲁,False
2022-12-29,22.818,23.379,22.379,23.257,39367.0,50192925.0,12.5,12.82,12.25,12.75,True,国投中鲁,False
2022-12-30,23.274,24.152,22.818,24.011,52346.0,68992028.0,12.76,13.26,12.5,13.18,True,国投中鲁,False
2023-01-03,23.818,23.976,23.204,23.625,39548.0,51254208.0,13.07,13.16,12.72,12.96,True,国投中鲁,False
2023-01-04,23.765,24.362,23.502,23.906,44181.0,57965472.0,13.04,13.38,12.89,13.12,True,国投中鲁,False
2023-01-05,23.959,24.222,23.572,23.836,29082.0,38039256.0,13.15,13.3,12.93,13.08,True,国投中鲁,False
2023-01-06,24.029,24.152,23.52,23.994,39719.0,52309923.0,13.19,13.26,12.9,13.17,True,国投中鲁,False
2023-01-09,23.783,23.994,23.379,23.66,26964.0,34999272.0,13.05,13.17,12.82,12.98,True,国投中鲁,False
2023-01-10,23.818,24.099,23.555,23.713,28407.0,36957507.0,13.07,13.23,12.92,13.01,True,国投中鲁,False
2023-01-11,23.643,24.169,23.485,23.783,25232.0,32927760.0,12.97,13.27,12.88,13.05,True,国投中鲁,False
2023-01-12,24.011,25.977,23.309,24.959,69245.0,95004140.0,13.18,14.3,12.78,13.72,True,国投中鲁,False
2023-01-13,24.941,25.643,24.52,25.257,55314.0,76831146.0,13.71,14.11,13.47,13.89,True,国投中鲁,False
2023-01-16,24.889,25.398,24.625,24.924,35862.0,49130940.0,13.68,13.97,13.53,13.7,True,国投中鲁,False
2023-01-17,24.713,25.012,24.292,24.415,22160.0,29716560.0,13.58,13.75,13.34,13.41,True,国投中鲁,False
2023-01-18,24.415,24.485,24.257,24.362,15532.0,20781816.0,13.41,13.45,13.32,13.38,True,国投中鲁,False
2023-01-19,25.398,25.398,24.046,24.362,45876.0,61382088.0,13.97,13.97,13.2,13.38,True,国投中鲁,False
2023-01-20,24.52,26.293,24.52,25.52,73735.0,103523940.0,13.47,14.48,13.47,14.04,True,国投中鲁,False
2023-01-30,25.573,26.029,25.24,25.907,57976.0,82673776.0,14.07,14.33,13.88,14.26,True,国投中鲁,False
2023-01-31,25.731,26.187,25.363,25.731,36641.0,51883656.0,14.16,14.42,13.95,14.16,True,国投中鲁,False
2023-02-01,25.854,26.486,25.731,26.275,38003.0,54990341.0,14.23,14.59,14.16,14.47,True,国投中鲁,False
2023-02-02,26.152,26.644,26.029,26.591,43641.0,63934065.0,14.4,14.68,14.33,14.65,True,国投中鲁,False
2023-02-03,26.416,26.503,25.801,26.363,33783.0,49052916.0,14.55,14.6,14.2,14.52,True,国投中鲁,False
2023-02-06,26.24,26.503,25.854,25.959,25896.0,37005384.0,14.45,14.6,14.23,14.29,True,国投中鲁,False
2023-02-07,25.959,26.135,25.626,25.854,24568.0,34960264.0,14.29,14.39,14.1,14.23,True,国投中鲁,False
2023-02-08,25.836,25.836,24.976,25.187,42283.0,58561955.0,14.22,14.22,13.73,13.85,True,国投中鲁,False
2023-02-09,25.064,25.415,25.012,25.345,24914.0,34730116.0,13.78,13.98,13.75,13.94,True,国投中鲁,False
2023-02-10,25.275,25.714,25.24,25.626,20045.0,28263450.0,13.9,14.15,13.88,14.1,True,国投中鲁,False
2023-02-13,25.468,26.433,25.468,26.152,32570.0,46900800.0,14.01,14.56,14.01,14.4,True,国投中鲁,False
2023-02-14,26.31,26.31,25.678,25.784,26547.0,37670193.0,14.49,14.49,14.13,14.19,True,国投中鲁,False
2023-02-15,25.801,26.012,25.275,25.45,28445.0,39823000.0,14.2,14.32,13.9,14.0,True,国投中鲁,False
2023-02-16,25.433,25.626,24.52,24.661,39655.0,53732525.0,13.99,14.1,13.47,13.55,True,国投中鲁,False
2023-02-17,24.555,25.169,24.52,24.713,22692.0,30815736.0,13.49,13.84,13.47,13.58,True,国投中鲁,False
2023-02-20,24.713,24.994,24.397,24.818,20691.0,28222524.0,13.58,13.74,13.4,13.64,True,国投中鲁,False
2023-02-21,24.854,25.485,24.713,25.117,29213.0,40343153.0,13.66,14.02,13.58,13.81,True,国投中鲁,False
2023-02-22,25.099,25.205,24.748,24.889,18891.0,25842888.0,13.8,13.86,13.6,13.68,True,国投中鲁,False
2023-02-23,24.959,25.31,24.766,24.801,19076.0,26000588.0,13.72,13.92,13.61,13.63,True,国投中鲁,False
2023-02-24,24.783,24.959,24.625,24.959,13945.0,19132540.0,13.62,13.72,13.53,13.72,True,国投中鲁,False
2023-02-27,24.836,25.959,23.695,25.398,36428.0,50889916.0,13.65,14.29,13.0,13.97,True,国投中鲁,False
2023-02-28,25.433,25.766,25.064,25.608,28411.0,40031099.0,13.99,14.18,13.78,14.09,True,国投中鲁,False
2023-03-01,25.766,26.117,25.433,26.082,27727.0,39815972.0,14.18,14.38,13.99,14.36,True,国投中鲁,False
2023-03-02,26.065,26.17,25.766,25.889,28133.0,40089525.0,14.35,14.41,14.18,14.25,True,国投中鲁,False
2023-03-03,25.889,26.749,25.749,25.924,50896.0,72628592.0,14.25,14.74,14.17,14.27,True,国投中鲁,False
2023-03-06,26.187,27.328,25.801,26.591,68021.0,99650765.0,14.42,15.07,14.2,14.65,True,国投中鲁,False
2023-03-07,26.591,27.486,26.258,26.345,66289.0,96185339.0,14.65,15.16,14.46,14.51,True,国投中鲁,False
2023-03-08,26.345,26.574,25.942,26.24,31186.0,45063770.0,14.51,14.64,14.28,14.45,True,国投中鲁,False
2023-03-09,26.258,26.345,25.819,25.977,24670.0,35278100.0,14.46,14.51,14.21,14.3,True,国投中鲁,False
2023-03-10,25.977,26.029,25.468,25.52,27336.0,38379744.0,14.3,14.33,14.01,14.04,True,国投中鲁,False
2023-03-13,25.485,25.661,25.152,25.626,21494.0,30306540.0,14.02,14.12,13.83,14.1,True,国投中鲁,False
2023-03-14,25.696,25.714,24.766,24.889,30703.0,42001704.0,14.14,14.15,13.61,13.68,True,国投中鲁,False
2023-03-15,25.099,25.503,24.959,25.292,17657.0,24560887.0,13.8,14.03,13.72,13.91,True,国投中鲁,False
2023-03-16,25.117,25.345,24.661,24.801,22612.0,30820156.0,13.81,13.94,13.55,13.63,True,国投中鲁,False
2023-03-17,24.941,25.468,24.941,25.363,22357.0,31188015.0,13.71,14.01,13.71,13.95,True,国投中鲁,False
2023-03-20,25.205,25.573,24.871,24.959,28607.0,39248804.0,13.86,14.07,13.67,13.72,True,国投中鲁,False
2023-03-21,25.029,25.433,24.766,25.152,21462.0,29681946.0,13.76,13.99,13.61,13.83,True,国投中鲁,False
2023-03-22,24.959,25.749,24.959,25.731,33009.0,46740744.0,13.72,14.17,13.72,14.16,True,国投中鲁,False
2023-03-23,25.714,25.714,25.222,25.327,25917.0,36102381.0,14.15,14.15,13.87,13.93,True,国投中鲁,False
2023-03-24,25.275,25.52,25.152,25.485,22949.0,32174498.0,13.9,14.04,13.83,14.02,True,国投中鲁,False
2023-03-27,25.222,25.556,24.889,25.45,25241.0,35337400.0,13.87,14.06,13.68,14.0,True,国投中鲁,False
2023-03-28,25.626,25.626,25.064,25.222,32810.0,45507470.0,14.1,14.1,13.78,13.87,True,国投中鲁,False
2023-03-29,25.327,25.345,24.731,24.801,28436.0,38758268.0,13.93,13.94,13.59,13.63,True,国投中鲁,False
2023-03-30,24.801,25.134,24.573,25.029,22638.0,31149888.0,13.63,13.82,13.5,13.76,True,国投中鲁,False
2023-03-31,26.117,27.451,25.678,26.784,155245.0,229141620.0,14.38,15.14,14.13,14.76,True,国投中鲁,False
2023-04-03,26.222,27.504,26.222,27.047,109562.0,163356942.0,14.44,15.17,14.44,14.91,True,国投中鲁,False
2023-04-04,27.065,27.995,26.767,26.942,78507.0,116582895.0,14.92,15.45,14.75,14.85,True,国投中鲁,False
2023-04-06,27.135,27.135,25.889,26.029,63860.0,91511380.0,14.96,14.96,14.25,14.33,True,国投中鲁,False
2023-04-07,26.187,26.275,25.538,25.626,45550.0,64225500.0,14.42,14.47,14.05,14.1,True,国投中鲁,False
2023-04-10,25.731,25.731,23.151,23.151,121747.0,154496943.0,14.16,14.16,12.69,12.69,True,国投中鲁,False
2023-04-11,23.116,23.327,22.502,22.818,57704.0,72130000.0,12.67,12.79,12.32,12.5,True,国投中鲁,False
2023-04-12,22.853,23.046,22.344,22.642,38779.0,48085960.0,12.52,12.63,12.23,12.4,True,国投中鲁,False
2023-04-13,22.642,22.853,22.502,22.572,29953.0,37021908.0,12.4,12.52,12.32,12.36,True,国投中鲁,False
2023-04-14,22.555,22.853,22.116,22.695,37744.0,46915792.0,12.35,12.52,12.1,12.43,True,国投中鲁,False
2023-04-17,22.502,22.993,22.344,22.888,34305.0,43018470.0,12.32,12.6,12.23,12.54,True,国投中鲁,False
2023-04-18,22.853,23.976,22.73,23.362,61452.0,78720012.0,12.52,13.16,12.45,12.81,True,国投中鲁,False
2023-04-19,23.186,23.959,23.169,23.801,42345.0,55302570.0,12.71,13.15,12.7,13.06,True,国投中鲁,False
2023-04-20,23.625,23.66,23.204,23.344,28552.0,36546560.0,12.96,12.98,12.72,12.8,True,国投中鲁,False
2023-04-21,23.221,23.537,22.572,22.66,34222.0,42469502.0,12.73,12.91,12.36,12.41,True,国投中鲁,False
2023-04-24,22.73,22.783,21.817,21.94,44511.0,53413200.0,12.45,12.48,11.93,12.0,True,国投中鲁,False
2023-04-25,21.94,22.397,21.379,21.659,40598.0,48068032.0,12.0,12.26,11.68,11.84,True,国投中鲁,False
2023-04-26,21.589,22.993,21.414,22.467,51503.0,63348690.0,11.8,12.6,11.7,12.3,True,国投中鲁,False
2023-04-27,21.712,21.817,20.642,20.957,76553.0,87576632.0,11.87,11.93,11.26,11.44,True,国投中鲁,False
2023-04-28,20.922,21.554,20.922,21.502,50743.0,59623025.0,11.42,11.78,11.42,11.75,True,国投中鲁,False
2023-05-04,21.326,21.554,20.922,21.291,33191.0,38601133.0,11.65,11.78,11.42,11.63,True,国投中鲁,False
2023-05-05,21.08,21.256,20.729,20.957,26748.0,30599712.0,11.51,11.61,11.31,11.44,True,国投中鲁,False
2023-05-08,20.922,21.344,20.887,21.273,27164.0,31564568.0,11.42,11.66,11.4,11.62,True,国投中鲁,False
2023-05-09,21.326,21.8,21.01,21.326,35955.0,41887575.0,11.65,11.92,11.47,11.65,True,国投中鲁,False
2023-05-10,21.326,21.344,20.8,20.887,31826.0,36281640.0,11.65,11.66,11.35,11.4,True,国投中鲁,False
2023-05-11,20.922,21.221,20.8,21.098,22074.0,25429248.0,11.42,11.59,11.35,11.52,True,国投中鲁,False
2023-05-12,20.975,21.221,20.764,20.817,19013.0,21598768.0,11.45,11.59,11.33,11.36,True,国投中鲁,False
2023-05-15,20.817,20.887,20.519,20.887,19482.0,22209480.0,11.36,11.4,11.19,11.4,True,国投中鲁,False
2023-05-16,20.957,21.607,20.642,21.08,35078.0,40374778.0,11.44,11.81,11.26,11.51,True,国投中鲁,False
2023-05-17,20.94,21.151,20.8,21.151,32887.0,37984485.0,11.43,11.55,11.35,11.55,True,国投中鲁,False
2023-05-18,21.115,22.168,21.115,21.484,47275.0,55500850.0,11.53,12.13,11.53,11.74,True,国投中鲁,False
2023-05-19,21.449,22.397,21.063,22.116,51572.0,62402120.0,11.72,12.26,11.5,12.1,True,国投中鲁,False
2023-05-22,22.098,22.537,22.028,22.133,37122.0,44954742.0,12.09,12.34,12.05,12.11,True,国投中鲁,False
2023-05-23,22.204,22.344,21.782,21.8,19942.0,23770864.0,12.15,12.23,11.91,11.92,True,国投中鲁,False
2023-05-24,21.642,22.116,21.642,21.888,16173.0,19359081.0,11.83,12.1,11.83,11.97,True,国投中鲁,False
2023-05-25,21.765,22.01,21.449,21.642,16161.0,19118463.0,11.9,12.04,11.72,11.83,True,国投中鲁,False
2023-05-26,21.642,21.923,21.361,21.73,14955.0,17766540.0,11.83,11.99,11.67,11.88,True,国投中鲁,False
2023-05-29,21.993,21.993,21.273,21.326,15574.0,18143710.0,12.03,12.03,11.62,11.65,True,国投中鲁,False
2023-05-30,21.326,21.554,21.115,21.344,13823.0,16117618.0,11.65,11.78,11.53,11.66,True,国投中鲁,False
2023-05-31,21.344,21.466,21.151,21.256,12628.0,14661108.0,11.66,11.73,11.55,11.61,True,国投中鲁,False
2023-06-01,21.151,21.677,21.115,21.642,20216.0,23915528.0,11.55,11.85,11.53,11.83,True,国投中鲁,False
2023-06-02,21.502,21.817,21.502,21.695,13555.0,16076230.0,11.75,11.93,11.75,11.86,True,国投中鲁,False
2023-06-05,21.695,21.993,21.431,21.554,16093.0,18957554.0,11.86,12.03,11.71,11.78,True,国投中鲁,False
2023-06-06,21.466,21.466,21.028,21.08,18083.0,20813533.0,11.73,11.73,11.48,11.51,True,国投中鲁,False
2023-06-07,21.08,21.151,20.887,20.94,14108.0,16125444.0,11.51,11.55,11.4,11.43,True,国投中鲁,False
2023-06-08,20.887,21.466,20.852,21.045,17743.0,20386707.0,11.4,11.73,11.38,11.49,True,国投中鲁,False
2023-06-09,20.922,21.168,20.87,21.115,16753.0,19316209.0,11.42,11.56,11.39,11.53,True,国投中鲁,False
2023-06-12,21.115,21.8,20.712,21.326,31583.0,36794195.0,11.53,11.92,11.3,11.65,True,国投中鲁,False
2023-06-13,21.326,21.466,20.993,21.063,23663.0,27212450.0,11.65,11.73,11.46,11.5,True,国投中鲁,False
2023-06-14,21.151,21.361,20.852,21.203,23740.0,27490920.0,11.55,11.67,11.38,11.58,True,国投中鲁,False
2023-06-15,21.203,21.203,20.677,20.957,20599.0,23565256.0,11.58,11.58,11.28,11.44,True,国投中鲁,False
2023-06-16,21.572,22.958,21.572,22.958,82256.0,103478048.0,11.79,12.58,11.79,12.58,True,国投中鲁,False
2023-06-19,22.783,23.099,22.344,22.87,83390.0,104487670.0,12.48,12.66,12.23,12.53,True,国投中鲁,False
2023-06-20,22.765,22.783,21.888,21.958,57697.0,69294097.0,12.47,12.48,11.97,12.01,True,国投中鲁,False
2023-06-21,22.028,22.765,21.607,21.923,89897.0,107786503.0,12.05,12.47,11.81,11.99,True,国投中鲁,False
2023-06-26,21.677,21.73,20.326,20.326,69204.0,76678032.0,11.85,11.88,11.08,11.08,True,国投中鲁,False
2023-06-27,20.185,21.238,20.185,21.168,49961.0,57754916.0,11.0,11.6,11.0,11.56,True,国投中鲁,False
2023-06-28,21.151,21.326,20.501,20.764,29712.0,33663696.0,11.55,11.65,11.18,11.33,True,国投中鲁,False
2023-06-29,20.887,21.642,20.712,21.309,36972.0,43035408.0,11.4,11.83,11.3,11.64,True,国投中鲁,False
2023-06-30,21.326,21.905,21.309,21.835,34072.0,40681968.0,11.65,11.98,11.64,11.94,True,国投中鲁,False
2023-07-03,21.782,22.028,21.589,21.765,28894.0,34383860.0,11.91,12.05,11.8,11.9,True,国投中鲁,False
2023-07-04,21.695,21.853,21.589,21.747,23970.0,28500330.0,11.86,11.95,11.8,11.89,True,国投中鲁,False
2023-07-05,21.747,21.782,21.414,21.449,17517.0,20529924.0,11.89,11.91,11.7,11.72,True,国投中鲁,False
2023-07-06,21.449,21.572,21.063,21.151,22693.0,26210415.0,11.72,11.79,11.5,11.55,True,国投中鲁,False
2023-07-07,21.151,21.414,20.975,21.414,22802.0,26678340.0,11.55,11.7,11.45,11.7,True,国投中鲁,False
2023-07-10,21.431,21.747,21.098,21.203,23315.0,26998770.0,11.71,11.89,11.52,11.58,True,国投中鲁,False
2023-07-11,21.203,21.203,20.764,21.028,20016.0,22978368.0,11.58,11.58,11.33,11.48,True,国投中鲁,False
2023-07-12,20.975,21.098,20.729,20.764,16143.0,18290019.0,11.45,11.52,11.31,11.33,True,国投中鲁,False
2023-07-13,20.764,21.203,20.764,21.203,20818.0,24107244.0,11.33,11.58,11.33,11.58,True,国投中鲁,False
2023-07-14,21.08,21.291,20.922,21.291,19359.0,22514517.0,11.51,11.63,11.42,11.63,True,国投中鲁,False
2023-07-17,21.466,21.466,21.115,21.344,27475.0,32035850.0,11.73,11.73,11.53,11.66,True,国投中鲁,False
2023-07-18,21.361,21.712,21.151,21.449,31432.0,36838304.0,11.67,11.87,11.55,11.72,True,国投中鲁,False
2023-07-19,21.449,21.835,21.396,21.554,24166.0,28467548.0,11.72,11.94,11.69,11.78,True,国投中鲁,False
2023-07-20,21.659,21.817,21.291,21.326,21026.0,24495290.0,11.84,11.93,11.63,11.65,True,国投中鲁,False
2023-07-21,21.361,21.747,21.326,21.589,22670.0,26750600.0,11.67,11.89,11.65,11.8,True,国投中鲁,False
2023-07-24,21.466,21.624,21.326,21.519,15924.0,18726624.0,11.73,11.82,11.65,11.76,True,国投中鲁,False
2023-07-25,21.607,21.782,21.572,21.765,24408.0,29045520.0,11.81,11.91,11.79,11.9,True,国投中鲁,False
2023-07-26,21.677,21.782,21.572,21.695,15705.0,18626130.0,11.85,11.91,11.79,11.86,True,国投中鲁,False
2023-07-27,21.695,21.835,21.484,21.554,17377.0,20470106.0,11.86,11.94,11.74,11.78,True,国投中鲁,False
2023-07-28,21.607,21.747,21.256,21.712,20595.0,24446265.0,11.81,11.89,11.61,11.87,True,国投中鲁,False
2023-07-31,21.765,22.256,21.624,22.168,38780.0,47040140.0,11.9,12.18,11.82,12.13,True,国投中鲁,False
2023-08-01,22.151,22.256,21.958,22.116,25149.0,30430290.0,12.12,12.18,12.01,12.1,True,国投中鲁,False
2023-08-02,22.151,22.274,21.853,21.993,22619.0,27210657.0,12.12,12.19,11.95,12.03,True,国投中鲁,False
2023-08-03,22.046,22.133,21.853,21.993,17833.0,21453099.0,12.06,12.11,11.95,12.03,True,国投中鲁,False
2023-08-04,22.081,22.204,21.782,21.905,22435.0,26877130.0,12.08,12.15,11.91,11.98,True,国投中鲁,False
2023-08-07,21.94,21.94,21.502,21.589,18990.0,22408200.0,12.0,12.0,11.75,11.8,True,国投中鲁,False
2023-08-08,21.589,21.712,21.431,21.431,27164.0,31809044.000000004,11.8,11.87,11.71,11.71,True,国投中鲁,False
2023-08-09,21.519,21.589,21.115,21.151,21422.0,24742410.0,11.76,11.8,11.53,11.55,True,国投中鲁,False
2023-08-10,21.186,21.361,21.133,21.273,15915.0,18493230.0,11.57,11.67,11.54,11.62,True,国投中鲁,False
2023-08-11,21.379,21.449,20.764,20.8,19132.0,21714820.0,11.68,11.72,11.33,11.35,True,国投中鲁,False
2023-08-14,20.8,20.993,20.361,20.94,18251.0,20860893.0,11.35,11.46,11.1,11.43,True,国投中鲁,False
2023-08-15,20.94,21.045,20.712,20.817,15554.0,17669344.0,11.43,11.49,11.3,11.36,True,国投中鲁,False
2023-08-16,20.817,20.957,20.466,20.694,10325.0,11656925.0,11.36,11.44,11.16,11.29,True,国投中鲁,False
2023-08-17,20.712,21.045,20.396,21.01,15097.0,17316259.0,11.3,11.49,11.12,11.47,True,国投中鲁,False
2023-08-18,20.817,21.115,20.624,20.624,14250.0,16031250.0,11.36,11.53,11.25,11.25,True,国投中鲁,False
2023-08-21,20.606,21.063,20.536,20.642,14751.0,16609626.0,11.24,11.5,11.2,11.26,True,国投中鲁,False
2023-08-22,20.694,20.747,20.133,20.519,20350.0,22771650.0,11.29,11.32,10.97,11.19,True,国投中鲁,False
2023-08-23,20.501,20.659,20.185,20.238,14631.0,16137992.999999998,11.18,11.27,11.0,11.03,True,国投中鲁,False
2023-08-24,20.343,20.835,20.238,20.694,22666.0,25589914.0,11.09,11.37,11.03,11.29,True,国投中鲁,False
2023-08-25,20.624,20.922,20.308,20.396,16403.0,18240136.0,11.25,11.42,11.07,11.12,True,国投中鲁,False
2023-08-28,21.344,21.484,20.326,20.413,31425.0,34976025.0,11.66,11.74,11.08,11.13,True,国投中鲁,False
2023-08-29,20.694,20.94,20.273,20.922,27602.0,31521484.0,11.29,11.43,11.05,11.42,True,国投中鲁,False
2023-08-30,20.87,21.554,20.87,21.133,25305.0,29201970.0,11.39,11.78,11.39,11.54,True,国投中鲁,False
2023-08-31,20.782,21.151,20.571,20.8,24179.0,27443165.0,11.34,11.55,11.22,11.35,True,国投中鲁,False
2023-09-01,20.887,21.309,20.8,21.063,21642.0,24888300.0,11.4,11.64,11.35,11.5,True,国投中鲁,False
2023-09-04,21.063,21.186,20.87,21.151,24588.0,28399140.0,11.5,11.57,11.39,11.55,True,国投中鲁,False
2023-09-05,21.063,21.151,20.817,20.957,19996.0,22875424.0,11.5,11.55,11.36,11.44,True,国投中鲁,False
2023-09-06,21.045,21.045,20.782,20.905,17630.0,20115830.0,11.49,11.49,11.34,11.41,True,国投中鲁,False
2023-09-07,20.94,20.94,20.431,20.431,17191.0,19150774.0,11.43,11.43,11.14,11.14,True,国投中鲁,False
2023-09-08,20.536,20.817,20.378,20.677,16205.0,18279240.0,11.2,11.36,11.11,11.28,True,国投中鲁,False
2023-09-11,20.8,20.87,20.501,20.554,22025.0,24690025.000000004,11.35,11.39,11.18,11.21,True,国投中鲁,False
2023-09-12,20.501,20.729,20.466,20.536,11838.0,13258560.0,11.18,11.31,11.16,11.2,True,国投中鲁,False
2023-09-13,20.624,20.624,20.01,20.273,19934.0,22027070.0,11.25,11.25,10.9,11.05,True,国投中鲁,False
2023-09-14,20.203,20.343,19.747,19.869,18782.0,20322124.0,11.01,11.09,10.75,10.82,True,国投中鲁,False
2023-09-15,19.869,20.045,19.817,19.94,14837.0,16112982.0,10.82,10.92,10.79,10.86,True,国投中鲁,False
2023-09-18,19.922,20.343,19.747,20.326,18951.0,20997708.0,10.85,11.09,10.75,11.08,True,国投中鲁,False
2023-09-19,20.326,20.8,20.045,20.168,31538.0,34660262.0,11.08,11.35,10.92,10.99,True,国投中鲁,False
2023-09-20,20.01,20.22,19.747,19.975,26194.0,28499072.000000004,10.9,11.02,10.75,10.88,True,国投中鲁,False
2023-09-21,19.975,19.975,19.448,19.536,24880.0,26447440.000000004,10.88,10.88,10.58,10.63,True,国投中鲁,False
2023-09-22,19.641,19.834,19.343,19.834,17479.0,18877320.0,10.69,10.8,10.52,10.8,True,国投中鲁,False
2023-09-25,19.834,19.922,19.554,19.606,11704.0,12488168.0,10.8,10.85,10.64,10.67,True,国投中鲁,False
2023-09-26,19.817,19.834,19.483,19.624,9922.0,10596696.0,10.79,10.8,10.6,10.68,True,国投中鲁,False
2023-09-27,19.676,19.817,19.448,19.729,13309.0,14293866.0,10.71,10.79,10.58,10.74,True,国投中鲁,False
2023-09-28,19.782,20.817,19.764,20.571,35305.0,39612210.0,10.77,11.36,10.76,11.22,True,国投中鲁,False
2023-10-09,20.484,20.484,19.869,20.01,28149.0,30682410.0,11.17,11.17,10.82,10.9,True,国投中鲁,False
2023-10-10,20.01,20.027,19.606,19.676,24098.0,25808958.000000004,10.9,10.91,10.67,10.71,True,国投中鲁,False
2023-10-11,19.729,19.852,19.466,19.501,19973.0,21191353.0,10.74,10.81,10.59,10.61,True,国投中鲁,False
2023-10-12,19.501,19.659,19.202,19.29,19477.0,20431373.0,10.61,10.7,10.44,10.49,True,国投中鲁,False
2023-10-13,19.29,19.29,18.764,18.816,27030.0,27624660.0,10.49,10.49,10.19,10.22,True,国投中鲁,False
2023-10-16,18.799,19.009,18.729,18.922,16719.0,17187132.0,10.21,10.33,10.17,10.28,True,国投中鲁,False
2023-10-17,19.045,19.097,18.887,18.974,12227.0,12606037.0,10.35,10.38,10.26,10.31,True,国投中鲁,False
2023-10-18,19.009,19.08,18.834,18.957,16297.0,16785910.0,10.33,10.37,10.23,10.3,True,国投中鲁,False
2023-10-19,18.957,18.974,18.536,18.606,17870.0,18048700.0,10.3,10.31,10.06,10.1,True,国投中鲁,False
2023-10-20,18.658,18.887,18.536,18.606,14741.0,14888410.0,10.13,10.26,10.06,10.1,True,国投中鲁,False
2023-10-23,18.729,18.746,18.185,18.255,19137.0,18945630.0,10.17,10.18,9.86,9.9,True,国投中鲁,False
2023-10-24,18.413,18.904,18.307,18.887,15169.0,15563394.0,9.99,10.27,9.93,10.26,True,国投中鲁,False
2023-10-25,18.887,19.167,18.887,19.062,16087.0,16666132.0,10.26,10.42,10.26,10.36,True,国投中鲁,False
2023-10-26,19.062,19.29,18.694,19.097,11581.0,12021078.0,10.36,10.49,10.15,10.38,True,国投中鲁,False
2023-10-27,18.957,19.501,18.887,19.483,15524.0,16455440.0,10.3,10.61,10.26,10.6,True,国投中鲁,False
2023-10-30,19.483,19.694,19.238,19.659,16453.0,17604710.0,10.6,10.72,10.46,10.7,True,国投中鲁,False
2023-10-31,19.659,19.729,19.413,19.501,15484.0,16428524.0,10.7,10.74,10.56,10.61,True,国投中鲁,False
2023-11-01,19.589,19.799,19.501,19.747,14857.0,15971275.0,10.66,10.78,10.61,10.75,True,国投中鲁,False
2023-11-02,19.641,20.01,19.571,19.571,13716.0,14607540.0,10.69,10.9,10.65,10.65,True,国投中鲁,False
2023-11-03,19.694,19.852,19.589,19.729,13746.0,14763204.0,10.72,10.81,10.66,10.74,True,国投中鲁,False
2023-11-06,19.834,19.904,19.501,19.764,26616.0,28638816.0,10.8,10.84,10.61,10.76,True,国投中鲁,False
2023-11-07,19.659,19.869,19.571,19.852,16152.0,17460312.0,10.7,10.82,10.65,10.81,True,国投中鲁,False
2023-11-08,19.834,21.747,19.747,21.747,109502.0,130197878.0,10.8,11.89,10.75,11.89,True,国投中鲁,False
2023-11-09,21.519,21.905,21.168,21.747,136932.0,162812148.0,11.76,11.98,11.56,11.89,True,国投中鲁,False
2023-11-10,21.502,22.923,21.256,22.87,136466.0,170991898.0,11.75,12.56,11.61,12.53,True,国投中鲁,False
2023-11-13,22.642,22.976,22.291,22.502,76871.0,94705072.0,12.4,12.59,12.2,12.32,True,国投中鲁,False
2023-11-14,22.484,22.941,22.256,22.923,58682.0,73704592.0,12.31,12.57,12.18,12.56,True,国投中鲁,False
2023-11-15,22.888,23.397,22.59,22.625,51187.0,63420693.0,12.54,12.83,12.37,12.39,True,国投中鲁,False
2023-11-16,22.818,23.186,22.502,22.748,55300.0,68903800.0,12.5,12.71,12.32,12.46,True,国投中鲁,False
2023-11-17,22.607,22.958,22.555,22.835,33961.0,42485211.0,12.38,12.58,12.35,12.51,True,国投中鲁,False
2023-11-20,22.73,23.169,22.484,23.011,36083.0,45500663.0,12.45,12.7,12.31,12.61,True,国投中鲁,False
2023-11-21,23.028,23.169,22.607,22.677,30686.0,38112012.0,12.62,12.7,12.38,12.42,True,国投中鲁,False
2023-11-22,22.555,22.73,22.221,22.256,40145.0,48896610.0,12.35,12.45,12.16,12.18,True,国投中鲁,False
2023-11-23,22.326,22.414,21.817,22.151,45636.0,55310832.0,12.22,12.27,11.93,12.12,True,国投中鲁,False
2023-11-24,22.256,22.484,21.87,22.256,31400.0,38245200.0,12.18,12.31,11.96,12.18,True,国投中鲁,False
2023-11-27,22.186,22.379,21.905,22.291,24573.0,29979060.0,12.14,12.25,11.98,12.2,True,国投中鲁,False
2023-11-28,22.309,22.642,22.046,22.467,21723.0,26719290.0,12.21,12.4,12.06,12.3,True,国投中鲁,False
2023-11-29,22.379,22.502,22.291,22.397,18565.0,22760690.0,12.25,12.32,12.2,12.26,True,国投中鲁,False
2023-11-30,22.221,22.59,22.186,22.397,24154.0,29612804.0,12.16,12.37,12.14,12.26,True,国投中鲁,False
2023-12-01,22.379,23.099,22.204,22.765,67582.0,84274754.0,12.25,12.66,12.15,12.47,True,国投中鲁,False
2023-12-04,22.519,23.695,21.958,23.59,99998.0,129397412.0,12.33,13.0,12.01,12.94,True,国投中鲁,False
2023-12-05,23.257,23.257,22.537,22.625,88473.0,109618047.0,12.75,12.75,12.34,12.39,True,国投中鲁,False
2023-12-06,22.326,23.537,22.221,22.8,79125.0,98827125.0,12.22,12.91,12.16,12.49,True,国投中鲁,False
2023-12-07,22.853,23.011,22.414,22.73,45568.0,56732160.0,12.52,12.61,12.27,12.45,True,国投中鲁,False
2023-12-08,22.642,22.765,22.063,22.133,45560.0,55173160.0,12.4,12.47,12.07,12.11,True,国投中鲁,False
2023-12-11,21.835,22.344,21.589,22.256,39907.0,48606726.0,11.94,12.23,11.8,12.18,True,国投中鲁,False
2023-12-12,22.239,22.818,22.116,22.484,40727.0,50134937.0,12.17,12.5,12.1,12.31,True,国投中鲁,False
2023-12-13,22.379,22.379,21.782,21.975,35039.0,42116878.0,12.25,12.25,11.91,12.02,True,国投中鲁,False
2023-12-14,21.94,23.344,21.782,22.414,77845.0,95515815.0,12.0,12.8,11.91,12.27,True,国投中鲁,False
2023-12-15,22.397,22.712,22.116,22.555,49673.0,61346155.0,12.26,12.44,12.1,12.35,True,国投中鲁,False
2023-12-18,22.414,22.502,21.73,21.853,37026.0,44246070.0,12.27,12.32,11.88,11.95,True,国投中鲁,False
2023-12-19,21.905,22.116,21.712,21.975,32075.0,38554150.0,11.98,12.1,11.87,12.02,True,国投中鲁,False
2023-12-20,21.958,22.116,21.589,21.624,22206.0,26247492.0,12.01,12.1,11.8,11.82,True,国投中鲁,False
2023-12-21,21.589,22.116,21.309,21.958,31099.0,37349899.0,11.8,12.1,11.64,12.01,True,国投中鲁,False
2023-12-22,22.063,22.081,21.431,21.624,25919.0,30636258.0,12.07,12.08,11.71,11.82,True,国投中鲁,False
2023-12-25,21.589,21.589,21.186,21.309,23006.0,26778984.0,11.8,11.8,11.57,11.64,True,国投中鲁,False
2023-12-26,21.309,21.554,21.098,21.186,22318.0,25821926.0,11.64,11.78,11.52,11.57,True,国投中鲁,False
2023-12-27,21.291,22.151,21.115,21.94,30247.0,36296400.0,11.63,12.12,11.53,12.0,True,国投中鲁,False
2023-12-28,21.8,21.975,21.344,21.396,35992.0,42074648.0,11.92,12.02,11.66,11.69,True,国投中鲁,False
2023-12-29,21.361,22.098,21.326,22.028,36403.0,43865615.0,11.67,12.09,11.65,12.05,True,国投中鲁,False
2024-01-02,22.046,22.098,21.765,21.993,25195.0,30309585.0,12.06,12.09,11.9,12.03,True,国投中鲁,False
2024-01-03,21.94,21.958,21.642,21.73,22061.0,26208468.0,12.0,12.01,11.83,11.88,True,国投中鲁,False
2024-01-04,21.8,21.958,21.659,21.782,17382.0,20701962.0,11.92,12.01,11.84,11.91,True,国投中鲁,False
2024-01-05,21.677,21.835,21.063,21.273,20566.0,23897692.0,11.85,11.94,11.5,11.62,True,国投中鲁,False
2024-01-08,21.291,21.554,20.835,20.835,19825.0,22541025.0,11.63,11.78,11.37,11.37,True,国投中鲁,False
2024-01-09,20.957,21.537,20.957,21.151,27069.0,31264695.000000004,11.44,11.77,11.44,11.55,True,国投中鲁,False
2024-01-10,21.326,21.379,20.887,21.151,18219.0,21042945.0,11.65,11.68,11.4,11.55,True,国投中鲁,False
2024-01-11,21.186,21.344,20.975,21.168,16729.0,19338724.0,11.57,11.66,11.45,11.56,True,国投中鲁,False
2024-01-12,21.063,21.537,20.957,20.993,21090.0,24169140.0,11.5,11.77,11.44,11.46,True,国投中鲁,False
2024-01-15,20.94,21.256,20.87,20.975,16415.0,18795175.0,11.43,11.61,11.39,11.45,True,国投中鲁,False
2024-01-16,20.87,21.186,20.554,20.852,17259.0,19640742.0,11.39,11.57,11.21,11.38,True,国投中鲁,False
2024-01-17,20.87,21.045,20.378,20.396,16407.0,18244584.0,11.39,11.49,11.11,11.12,True,国投中鲁,False
2024-01-18,20.22,20.361,19.396,19.904,29953.0,32469052.0,11.02,11.1,10.55,10.84,True,国投中鲁,False
2024-01-19,20.273,20.554,19.992,20.08,26718.0,29229492.0,11.05,11.21,10.89,10.94,True,国投中鲁,False
2024-01-22,20.08,20.08,18.799,18.939,39740.0,40892460.0,10.94,10.94,10.21,10.29,True,国投中鲁,False
2024-01-23,18.957,18.957,18.395,18.694,25496.0,25878440.0,10.3,10.3,9.98,10.15,True,国投中鲁,False
2024-01-24,18.746,20.273,18.606,19.869,67909.0,73477538.0,10.18,11.05,10.1,10.82,True,国投中鲁,False
2024-01-25,19.799,21.502,19.466,21.361,89369.0,104293623.0,10.78,11.75,10.59,11.67,True,国投中鲁,False
2024-01-26,21.712,22.976,21.238,22.555,139428.0,172193580.0,11.87,12.59,11.6,12.35,True,国投中鲁,False
2024-01-29,22.537,23.257,22.01,22.607,112296.0,139022448.0,12.34,12.75,12.04,12.38,True,国投中鲁,False
2024-01-30,22.361,22.361,20.887,21.133,70467.0,81318918.0,12.24,12.24,11.4,11.54,True,国投中鲁,False
2024-01-31,21.063,21.238,19.817,19.957,49121.0,53394526.99999999,11.5,11.6,10.79,10.87,True,国投中鲁,False
2024-02-01,19.747,19.799,18.606,18.781,48272.0,49237440.0,10.75,10.78,10.1,10.2,True,国投中鲁,False
2024-02-02,18.781,20.571,18.413,18.887,129957.0,133335882.0,10.2,11.22,9.99,10.26,True,国投中鲁,False
2024-02-05,18.448,18.448,17.079,17.079,69513.0,64160499.0,10.01,10.01,9.23,9.23,True,国投中鲁,False
2024-02-06,15.499,16.675,15.464,15.535,92305.0,77074675.0,8.33,9.0,8.31,8.35,True,国投中鲁,False
2024-02-07,15.587,15.745,14.078,14.675,91821.0,72171306.0,8.38,8.47,7.52,7.86,True,国投中鲁,False
2024-02-08,14.324,15.973,14.324,15.903,64620.0,55314720.0,7.66,8.6,7.66,8.56,True,国投中鲁,False
2024-02-19,16.237,16.465,15.956,16.254,48894.0,42831144.0,8.75,8.88,8.59,8.76,True,国投中鲁,False
2024-02-20,15.991,16.903,15.973,16.447,40973.0,36343051.0,8.61,9.13,8.6,8.87,True,国投中鲁,False
2024-02-21,16.324,17.395,16.166,16.921,45728.0,41795392.0,8.8,9.41,8.71,9.14,True,国投中鲁,False
2024-02-22,16.658,17.237,16.658,17.149,35442.0,32854734.0,8.99,9.32,8.99,9.27,True,国投中鲁,False
2024-02-23,17.307,17.641,16.991,17.535,42037.0,39893113.0,9.36,9.55,9.18,9.49,True,国投中鲁,False
2024-02-26,17.851,17.904,17.254,17.518,35813.0,33950724.0,9.67,9.7,9.33,9.48,True,国投中鲁,False
2024-02-27,17.518,17.834,17.395,17.746,26804.0,25758644.0,9.48,9.66,9.41,9.61,True,国投中鲁,False
2024-02-28,17.746,18.395,16.675,16.693,65173.0,58720873.0,9.61,9.98,9.0,9.01,True,国投中鲁,False
2024-02-29,16.675,17.219,16.675,17.079,39823.0,36756629.0,9.0,9.31,9.0,9.23,True,国投中鲁,False
2024-03-01,17.132,17.202,16.833,17.026,31686.0,29151120.0,9.26,9.3,9.09,9.2,True,国投中鲁,False
2024-03-04,17.044,17.184,16.693,16.833,28714.0,26101026.0,9.21,9.29,9.01,9.09,True,国投中鲁,False
2024-03-05,16.816,16.868,16.359,16.377,26912.0,23763296.0,9.08,9.11,8.82,8.83,True,国投中鲁,False
2024-03-06,16.307,16.64,16.289,16.5,26430.0,23522700.0,8.79,8.98,8.78,8.9,True,国投中鲁,False
2024-03-07,16.517,17.114,16.482,16.728,27741.0,25050123.0,8.91,9.25,8.89,9.03,True,国投中鲁,False
2024-03-08,16.64,16.851,16.377,16.517,21679.0,19315989.0,8.98,9.1,8.83,8.91,True,国投中鲁,False
2024-03-11,16.5,16.868,16.412,16.851,25829.0,23504390.0,8.9,9.11,8.85,9.1,True,国投中鲁,False
2024-03-12,16.868,17.097,16.816,17.097,28633.0,26456892.0,9.11,9.24,9.08,9.24,True,国投中鲁,False
2024-03-13,17.061,17.237,16.851,17.026,27091.0,24923720.0,9.22,9.32,9.1,9.2,True,国投中鲁,False
2024-03-14,16.939,17.184,16.658,16.833,28689.0,26078301.0,9.15,9.29,8.99,9.09,True,国投中鲁,False
2024-03-15,16.745,17.149,16.658,17.149,28979.0,26863533.0,9.04,9.27,8.99,9.27,True,国投中鲁,False
2024-03-18,17.184,17.447,17.026,17.412,29923.0,28187466.0,9.29,9.44,9.2,9.42,True,国投中鲁,False
2024-03-19,17.447,17.781,17.272,17.342,27971.0,26236798.000000004,9.44,9.63,9.34,9.38,True,国投中鲁,False
2024-03-20,17.412,17.763,17.29,17.693,30491.0,29210378.0,9.42,9.62,9.35,9.58,True,国投中鲁,False
2024-03-21,17.869,17.886,17.465,17.693,23983.0,22975714.0,9.68,9.69,9.45,9.58,True,国投中鲁,False
2024-03-22,17.711,17.798,17.29,17.447,23493.0,22177392.0,9.59,9.64,9.35,9.44,True,国投中鲁,False
2024-03-25,17.272,18.062,17.202,17.377,45490.0,42760600.0,9.34,9.79,9.3,9.4,True,国投中鲁,False
2024-03-26,17.377,19.009,17.377,18.343,78051.0,77660745.0,9.4,10.33,9.4,9.95,True,国投中鲁,False
2024-03-27,18.149,18.606,17.939,18.097,61160.0,59997960.0,9.84,10.1,9.72,9.81,True,国投中鲁,False
2024-03-28,17.992,18.255,17.641,17.816,48454.0,46758110.0,9.75,9.9,9.55,9.65,True,国投中鲁,False
2024-03-29,17.746,18.167,17.711,17.921,34669.0,33663599.0,9.61,9.85,9.59,9.71,True,国投中鲁,False
2024-04-01,17.921,18.746,17.851,18.29,51247.0,50837024.0,9.71,10.18,9.67,9.92,True,国投中鲁,False
2024-04-02,18.114,18.43,18.114,18.255,39892.0,39493080.0,9.82,10.0,9.82,9.9,True,国投中鲁,False
2024-04-03,18.202,19.641,18.044,18.799,57013.0,58210273.00000001,9.87,10.69,9.78,10.21,True,国投中鲁,False
2024-04-08,18.922,19.606,18.711,19.536,85783.0,91187329.0,10.28,10.67,10.16,10.63,True,国投中鲁,False
2024-04-09,19.22,19.255,18.448,18.922,57440.0,59048320.0,10.45,10.47,10.01,10.28,True,国投中鲁,False
2024-04-10,18.729,18.816,17.816,18.149,43363.0,42669192.0,10.17,10.22,9.65,9.84,True,国投中鲁,False
2024-04-11,17.904,18.5,17.869,18.079,32924.0,32265520.000000004,9.7,10.04,9.68,9.8,True,国投中鲁,False
2024-04-12,18.044,18.202,17.518,17.535,33048.0,31362552.0,9.78,9.87,9.48,9.49,True,国投中鲁,False
2024-04-15,17.553,17.623,16.008,16.693,50249.0,45274349.0,9.5,9.54,8.62,9.01,True,国投中鲁,False
2024-04-16,16.71,16.71,15.657,15.728,44876.0,37965096.00000001,9.02,9.02,8.42,8.46,True,国投中鲁,False
2024-04-17,16.026,16.833,15.973,16.781,31259.0,28320654.0,8.63,9.09,8.6,9.06,True,国投中鲁,False
2024-04-18,16.851,16.903,16.377,16.658,28984.0,26056616.0,9.1,9.13,8.83,8.99,True,国投中鲁,False
2024-04-19,16.465,16.763,16.394,16.693,26887.0,24225187.0,8.88,9.05,8.84,9.01,True,国投中鲁,False
2024-04-22,16.64,17.061,16.184,16.886,24824.0,22639488.0,8.98,9.22,8.72,9.12,True,国投中鲁,False
2024-04-23,16.868,17.026,16.5,16.939,18049.0,16514835.0,9.11,9.2,8.9,9.15,True,国投中鲁,False
2024-04-24,16.886,17.044,16.868,16.974,14117.0,12945289.0,9.12,9.21,9.11,9.17,True,国投中鲁,False
2024-04-25,17.044,17.307,16.886,17.202,15495.0,14410350.000000002,9.21,9.36,9.12,9.3,True,国投中鲁,False
2024-04-26,17.114,17.447,17.114,17.43,20358.0,19197594.0,9.25,9.44,9.25,9.43,True,国投中鲁,False
2024-04-29,17.43,18.062,17.342,18.062,26181.0,25631199.0,9.43,9.79,9.38,9.79,True,国投中鲁,False
2024-04-30,18.062,18.378,17.921,18.255,25764.0,25506360.0,9.79,9.97,9.71,9.9,True,国投中鲁,False
2024-05-06,18.518,18.571,18.167,18.255,28118.0,27836820.0,10.05,10.08,9.85,9.9,True,国投中鲁,False
2024-05-07,18.237,18.36,18.044,18.307,24042.0,23873706.0,9.89,9.96,9.78,9.93,True,国投中鲁,False
2024-05-08,18.325,18.36,18.167,18.29,19368.0,19213056.0,9.94,9.96,9.85,9.92,True,国投中鲁,False
2024-05-09,18.343,18.658,18.325,18.623,23057.0,23310627.0,9.95,10.13,9.94,10.11,True,国投中鲁,False
2024-05-10,18.658,18.729,18.343,18.378,17421.0,17368737.0,10.13,10.17,9.95,9.97,True,国投中鲁,False
2024-05-13,18.36,18.395,18.114,18.149,25471.0,25063464.0,9.96,9.98,9.82,9.84,True,国投中鲁,False
2024-05-14,18.237,18.974,18.167,18.799,41783.0,42660443.0,9.89,10.31,9.85,10.21,True,国投中鲁,False
2024-05-15,18.781,18.992,18.571,18.799,41760.0,42636960.0,10.2,10.32,10.08,10.21,True,国投中鲁,False
2024-05-16,18.799,19.097,18.711,18.957,29656.0,30545680.000000004,10.21,10.38,10.16,10.3,True,国投中鲁,False
2024-05-17,19.132,19.15,18.781,18.957,26967.0,27776010.000000004,10.4,10.41,10.2,10.3,True,国投中鲁,False
2024-05-20,18.957,19.097,18.658,18.816,31304.0,31992688.000000004,10.3,10.38,10.13,10.22,True,国投中鲁,False
2024-05-21,18.922,19.396,18.781,18.992,82594.0,85237008.0,10.28,10.55,10.2,10.32,True,国投中鲁,False
2024-05-22,19.009,20.8,19.009,20.396,143746.0,159845552.0,10.33,11.35,10.33,11.12,True,国投中鲁,False
2024-05-23,20.273,21.256,20.185,20.396,105253.0,117041336.0,11.05,11.61,11.0,11.12,True,国投中鲁,False
2024-05-24,20.045,21.063,20.01,20.431,76755.0,85505070.0,10.92,11.5,10.9,11.14,True,国投中鲁,False
2024-05-27,20.361,20.361,19.676,19.992,49137.0,53510193.0,11.1,11.1,10.71,10.89,True,国投中鲁,False
2024-05-28,19.852,21.466,19.659,20.413,79468.0,88447884.0,10.81,11.73,10.7,11.13,True,国投中鲁,False
2024-05-29,20.536,21.589,20.115,21.466,99790.0,117053670.0,11.2,11.8,10.96,11.73,True,国投中鲁,False
2024-05-30,21.151,21.589,20.8,20.887,52393.0,59728020.0,11.55,11.8,11.35,11.4,True,国投中鲁,False
2024-05-31,20.887,21.817,20.413,21.817,85991.0,102587263.0,11.4,11.93,11.13,11.93,True,国投中鲁,False
2024-06-03,21.431,22.87,21.151,22.484,102393.0,126045783.0,11.71,12.53,11.55,12.31,True,国投中鲁,False
2024-06-04,23.871,24.643,21.993,22.081,134406.0,162362448.0,13.1,13.54,12.03,12.08,True,国投中鲁,False
2024-06-05,21.624,23.801,21.291,22.783,117909.0,147150432.0,11.82,13.06,11.63,12.48,True,国投中鲁,False
2024-06-06,21.94,22.344,20.712,20.975,102971.0,117901795.0,12.0,12.23,11.3,11.45,True,国投中鲁,False
2024-06-07,21.203,21.431,20.729,21.344,49656.0,57898896.0,11.58,11.71,11.31,11.66,True,国投中鲁,False
2024-06-11,21.168,21.607,20.764,21.168,41650.0,48147400.0,11.56,11.81,11.33,11.56,True,国投中鲁,False
2024-06-12,21.309,21.309,20.8,20.957,39608.0,45311552.0,11.64,11.64,11.35,11.44,True,国投中鲁,False
2024-06-13,20.957,21.94,20.957,21.87,60779.0,72691684.0,11.44,12.0,11.44,11.96,True,国投中鲁,False
2024-06-14,21.817,22.046,21.554,21.975,28871.0,34702942.0,11.93,12.06,11.78,12.02,True,国投中鲁,False
2024-06-17,22.028,22.028,21.115,21.466,37600.0,44104800.0,12.05,12.05,11.53,11.73,True,国投中鲁,False
2024-06-18,21.589,21.817,21.431,21.677,19439.0,23035215.0,11.8,11.93,11.71,11.85,True,国投中鲁,False
2024-06-19,21.659,22.993,21.659,22.765,55279.0,68932913.0,11.84,12.6,11.84,12.47,True,国投中鲁,False
2024-06-20,22.607,22.625,22.133,22.151,32959.0,39946308.0,12.38,12.39,12.11,12.12,True,国投中鲁,False
2024-06-21,21.958,22.361,21.624,21.905,27606.0,33071988.0,12.01,12.24,11.82,11.98,True,国投中鲁,False
2024-06-24,21.537,21.677,20.975,21.238,35714.0,41428240.0,11.77,11.85,11.45,11.6,True,国投中鲁,False
2024-06-25,21.73,21.73,20.589,21.256,25723.0,29864403.0,11.88,11.88,11.23,11.61,True,国投中鲁,False
2024-06-26,21.238,21.519,20.922,21.519,12392.0,14572992.0,11.6,11.76,11.42,11.76,True,国投中鲁,False
2024-06-27,21.554,22.537,21.115,21.853,40882.0,48853990.0,11.78,12.34,11.53,11.95,True,国投中鲁,False
2024-06-28,22.151,22.467,21.712,21.87,30091.0,35988836.0,12.12,12.3,11.87,11.96,True,国投中鲁,False
2024-07-01,21.87,21.87,21.291,21.431,22271.0,26079341.000000004,11.96,11.96,11.63,11.71,True,国投中鲁,False
2024-07-02,21.326,21.853,21.028,21.782,27580.0,32847780.0,11.65,11.95,11.48,11.91,True,国投中鲁,False
2024-07-03,21.642,22.081,21.607,21.975,17905.0,21521810.0,11.83,12.08,11.81,12.02,True,国投中鲁,False
2024-07-04,21.94,21.975,21.484,21.502,15008.0,17634400.0,12.0,12.02,11.74,11.75,True,国投中鲁,False
2024-07-05,21.414,21.695,21.344,21.624,9919.0,11724258.0,11.7,11.86,11.66,11.82,True,国投中鲁,False
2024-07-08,21.642,21.8,20.782,21.063,17947.0,20639050.0,11.83,11.92,11.34,11.5,True,国投中鲁,False
2024-07-09,21.168,21.291,20.536,20.782,25196.0,28572264.0,11.56,11.63,11.2,11.34,True,国投中鲁,False
2024-07-10,20.133,21.449,19.483,21.08,35557.0,40926107.0,10.97,11.72,10.6,11.51,True,国投中鲁,False
2024-07-11,21.238,22.344,21.063,22.01,31487.0,37910348.0,11.6,12.23,11.5,12.04,True,国投中鲁,False
2024-07-12,21.905,22.361,21.677,21.923,27027.0,32405373.0,11.98,12.24,11.85,11.99,True,国投中鲁,False
2024-07-15,21.958,22.116,21.712,21.888,11736.0,14047992.0,12.01,12.1,11.87,11.97,True,国投中鲁,False
2024-07-16,21.888,21.923,20.8,20.975,23790.0,27239550.0,11.97,11.99,11.35,11.45,True,国投中鲁,False
2024-07-17,20.993,21.537,20.87,20.94,17326.0,19803618.0,11.46,11.77,11.39,11.43,True,国投中鲁,False
2024-07-18,20.8,21.063,20.378,20.852,18769.0,21359122.0,11.35,11.5,11.11,11.38,True,国投中鲁,False
2024-07-19,21.203,21.554,20.571,21.326,17343.0,20204595.0,11.58,11.78,11.22,11.65,True,国投中鲁,False
2024-07-22,21.326,21.712,20.993,21.449,15653.0,18345316.0,11.65,11.87,11.46,11.72,True,国投中鲁,False
2024-07-23,21.502,21.747,21.309,21.379,16066.0,18765088.0,11.75,11.89,11.64,11.68,True,国投中鲁,False
2024-07-24,21.642,22.186,21.238,21.975,35009.0,42080818.0,11.83,12.14,11.6,12.02,True,国投中鲁,False
2024-07-25,21.975,21.975,21.063,21.765,27551.0,32785690.0,12.02,12.02,11.5,11.9,True,国投中鲁,False
2024-07-26,21.677,23.59,21.677,23.52,71871.0,92713590.0,11.85,12.94,11.85,12.9,True,国投中鲁,False
2024-07-29,23.414,23.537,22.958,23.116,31603.0,40041001.0,12.84,12.91,12.58,12.67,True,国投中鲁,False
2024-07-30,22.923,23.695,22.853,23.643,31389.0,40711533.0,12.56,13.0,12.52,12.97,True,国投中鲁,False
2024-07-31,23.432,23.818,23.327,23.625,27425.0,35542800.0,12.85,13.07,12.79,12.96,True,国投中鲁,False
2024-08-01,23.608,24.362,23.397,23.871,31148.0,40803880.0,12.95,13.38,12.83,13.1,True,国投中鲁,False
2024-08-02,23.625,23.923,23.537,23.608,18328.0,23734760.0,12.96,13.13,12.91,12.95,True,国投中鲁,False
2024-08-05,23.485,23.485,21.765,21.853,47442.0,56693190.0,12.88,12.88,11.9,11.95,True,国投中鲁,False
2024-08-06,21.993,22.519,21.853,22.449,24790.0,30466910.0,12.03,12.33,11.95,12.29,True,国投中鲁,False
2024-08-07,22.309,23.011,22.256,22.8,15129.0,18896121.0,12.21,12.61,12.18,12.49,True,国投中鲁,False
2024-08-08,22.906,23.046,22.397,22.818,16551.0,20688750.0,12.55,12.63,12.26,12.5,True,国投中鲁,False
2024-08-09,22.748,23.66,22.695,23.327,24967.0,31932793.0,12.46,12.98,12.43,12.79,True,国投中鲁,False
2024-08-12,23.169,23.45,22.958,23.327,14277.0,18260283.0,12.7,12.86,12.58,12.79,True,国投中鲁,False
2024-08-13,23.397,24.046,23.151,23.608,23764.0,30774380.0,12.83,13.2,12.69,12.95,True,国投中鲁,False
2024-08-14,23.52,23.923,23.414,23.467,19844.0,25539228.0,12.9,13.13,12.84,12.87,True,国投中鲁,False
2024-08-15,23.555,24.274,23.485,24.152,29029.0,38492454.0,12.92,13.33,12.88,13.26,True,国投中鲁,False
2024-08-16,23.976,24.818,23.959,24.643,33115.0,44837710.0,13.16,13.64,13.15,13.54,True,国投中鲁,False
2024-08-19,24.661,24.661,23.169,23.309,41763.0,53373114.0,13.55,13.55,12.7,12.78,True,国投中鲁,False
2024-08-20,23.081,23.432,22.8,23.116,16897.0,21408499.0,12.65,12.85,12.49,12.67,True,国投中鲁,False
2024-08-21,23.116,23.257,22.818,23.116,13000.0,16471000.0,12.67,12.75,12.5,12.67,True,国投中鲁,False
2024-08-22,23.169,23.257,22.572,22.993,13526.0,17042760.0,12.7,12.75,12.36,12.6,True,国投中鲁,False
2024-08-23,22.993,23.414,22.309,22.326,21070.0,25747540.0,12.6,12.84,12.21,12.22,True,国投中鲁,False
2024-08-26,22.116,22.8,22.098,22.625,14322.0,17744958.0,12.1,12.49,12.09,12.39,True,国投中鲁,False
2024-08-27,22.467,22.923,22.326,22.748,8559.0,10664514.0,12.3,12.56,12.22,12.46,True,国投中鲁,False
2024-08-28,22.555,22.958,22.519,22.783,9718.0,12128064.0,12.35,12.58,12.33,12.48,True,国投中鲁,False
2024-08-29,22.73,22.941,22.116,22.818,11147.0,13933750.0,12.45,12.57,12.1,12.5,True,国投中鲁,False
2024-08-30,22.818,23.063,22.01,22.151,30362.0,36798744.0,12.5,12.64,12.04,12.12,True,国投中鲁,False
2024-09-02,22.081,22.73,21.993,22.221,24508.0,29801728.0,12.08,12.45,12.03,12.16,True,国投中鲁,False
2024-09-03,22.116,22.432,20.887,21.151,46187.0,53345985.0,12.1,12.28,11.4,11.55,True,国投中鲁,False
2024-09-04,21.045,21.326,20.133,20.273,40376.0,44615480.0,11.49,11.65,10.97,11.05,True,国投中鲁,False
2024-09-05,20.273,20.519,19.852,20.238,20230.0,22313690.0,11.05,11.19,10.81,11.03,True,国投中鲁,False
2024-09-06,20.238,20.449,19.834,19.904,20160.0,21853440.0,11.03,11.15,10.8,10.84,True,国投中鲁,False
2024-09-09,19.834,20.308,19.518,20.308,19557.0,21649599.0,10.8,11.07,10.62,11.07,True,国投中鲁,False
2024-09-10,20.291,20.624,19.589,19.834,19712.0,21288960.0,11.06,11.25,10.66,10.8,True,国投中鲁,False
2024-09-11,19.782,19.975,19.483,19.694,10116.0,10844352.0,10.77,10.88,10.6,10.72,True,国投中鲁,False
2024-09-12,19.589,20.326,19.589,19.834,13699.0,14794920.000000002,10.66,11.08,10.66,10.8,True,国投中鲁,False
2024-09-13,19.94,20.624,19.747,20.203,20319.0,22371219.0,10.86,11.25,10.75,11.01,True,国投中鲁,False
2024-09-18,20.22,20.291,19.694,20.01,13335.0,14535150.0,11.02,11.06,10.72,10.9,True,国投中鲁,False
2024-09-19,19.992,20.659,19.992,20.606,21187.0,23814188.0,10.89,11.27,10.89,11.24,True,国投中鲁,False
2024-09-20,20.501,21.238,20.413,21.151,23000.0,26565000.0,11.18,11.6,11.13,11.55,True,国投中鲁,False
2024-09-23,20.975,21.326,20.852,21.151,13686.0,15807330.000000002,11.45,11.65,11.38,11.55,True,国投中鲁,False
2024-09-24,21.221,21.958,20.887,21.87,24511.0,29315156.000000004,11.59,12.01,11.4,11.96,True,国投中鲁,False
2024-09-25,21.835,22.291,21.519,22.081,30890.0,37315120.0,11.94,12.2,11.76,12.08,True,国投中鲁,False
2024-09-26,21.888,22.607,21.888,22.467,21399.0,26320770.0,11.97,12.38,11.97,12.3,True,国投中鲁,False
2024-09-27,22.695,22.906,22.274,22.642,31826.0,39464240.0,12.43,12.55,12.19,12.4,True,国投中鲁,False
2024-09-30,22.818,24.696,22.818,24.538,80092.0,107964016.0,12.5,13.57,12.5,13.48,True,国投中鲁,False
2024-10-08,26.503,26.802,23.572,25.117,106263.0,146749203.0,14.6,14.77,12.93,13.81,True,国投中鲁,False
2024-10-09,25.099,26.802,24.011,26.626,130077.0,190822959.0,13.8,14.77,13.18,14.67,True,国投中鲁,False
2024-10-10,26.661,27.451,25.275,26.258,85614.0,123797844.0,14.69,15.14,13.9,14.46,True,国投中鲁,False
2024-10-11,25.924,26.802,25.257,25.45,60491.0,84687400.0,14.27,14.77,13.89,14.0,True,国投中鲁,False
2024-10-14,25.222,27.907,24.748,27.679,130972.0,199994244.0,13.87,15.4,13.6,15.27,True,国投中鲁,False
2024-10-15,27.469,28.943,27.205,27.995,92322.0,142637490.0,15.15,15.99,15.0,15.45,True,国投中鲁,False
2024-10-16,27.732,28.539,25.801,26.065,130227.0,186875745.0,15.3,15.76,14.2,14.35,True,国投中鲁,False
2024-10-17,26.696,28.592,26.416,28.223,120304.0,187433632.0,14.71,15.79,14.55,15.58,True,国投中鲁,False
2024-10-18,27.381,28.469,27.03,27.872,91461.0,140667018.0,15.1,15.72,14.9,15.38,True,国投中鲁,False
2024-10-21,27.82,29.715,27.469,28.539,92670.0,146047920.0,15.35,16.43,15.15,15.76,True,国投中鲁,False
2024-10-22,28.662,31.312,28.644,31.312,83039.0,143989626.0,15.83,17.34,15.82,17.34,True,国投中鲁,False
2024-10-23,32.47,34.05,30.645,33.102,149189.0,273911004.0,18.0,18.9,16.96,18.36,True,国投中鲁,False
2024-10-24,32.119,33.629,32.119,32.769,65792.0,119544064.0,17.8,18.66,17.8,18.17,True,国投中鲁,False
2024-10-25,32.734,33.734,31.751,32.277,80125.0,143343625.0,18.15,18.72,17.59,17.89,True,国投中鲁,False
2024-10-28,32.084,32.646,30.68,31.382,107020.0,186000760.0,17.78,18.1,16.98,17.38,True,国投中鲁,False
2024-10-29,31.242,31.838,30.733,30.996,62436.0,107140176.0,17.3,17.64,17.01,17.16,True,国投中鲁,False
2024-10-30,30.996,32.049,30.75,31.207,68017.0,117533376.0,17.16,17.76,17.02,17.28,True,国投中鲁,False
2024-10-31,30.856,32.523,30.856,31.733,55710.0,97938180.0,17.08,18.03,17.08,17.58,True,国投中鲁,False
2024-11-01,31.61,31.944,29.943,30.013,65501.0,108731660.0,17.51,17.7,16.56,16.6,True,国投中鲁,False
2024-11-04,29.943,30.277,29.522,30.171,46000.0,76774000.0,16.56,16.75,16.32,16.69,True,国投中鲁,False
2024-11-05,30.505,30.961,29.662,30.663,41181.0,69884157.0,16.88,17.14,16.4,16.97,True,国投中鲁,False
2024-11-06,30.663,31.277,30.154,30.399,35259.0,59305638.0,16.97,17.32,16.68,16.82,True,国投中鲁,False
2024-11-07,30.399,31.365,30.206,30.838,44296.0,75613272.0,16.82,17.37,16.71,17.07,True,国投中鲁,False
2024-11-08,31.084,31.242,29.136,29.592,82274.0,134600264.0,17.21,17.3,16.1,16.36,True,国投中鲁,False
2024-11-11,29.592,32.295,29.399,31.909,93918.0,166047024.0,16.36,17.9,16.25,17.68,True,国投中鲁,False
2024-11-12,31.838,33.067,31.189,32.383,72748.0,130582660.0,17.64,18.34,17.27,17.95,True,国投中鲁,False
2024-11-13,32.084,33.488,31.207,31.733,70720.0,124325760.0,17.78,18.58,17.28,17.58,True,国投中鲁,False
2024-11-14,31.716,31.926,30.557,30.663,34323.0,58246130.99999999,17.57,17.69,16.91,16.97,True,国投中鲁,False
2024-11-15,30.54,31.242,29.136,29.241,50713.0,81952208.0,16.9,17.3,16.1,16.16,True,国投中鲁,False
2024-11-18,29.487,29.943,28.048,28.732,45030.0,71462610.0,16.3,16.56,15.48,15.87,True,国投中鲁,False
2024-11-19,28.592,29.803,28.592,29.364,33693.0,54683739.0,15.79,16.48,15.79,16.23,True,国投中鲁,False
2024-11-20,29.469,30.312,28.908,30.013,36999.0,61418340.00000001,16.29,16.77,15.97,16.6,True,国投中鲁,False
2024-11-21,30.013,30.171,28.627,28.925,45349.0,72467702.0,16.6,16.69,15.81,15.98,True,国投中鲁,False
2024-11-22,29.259,29.645,28.293,28.399,42190.0,66153920.0,16.17,16.39,15.62,15.68,True,国投中鲁,False
2024-11-25,28.416,28.416,27.047,28.013,60509.0,93546914.0,15.69,15.69,14.91,15.46,True,国投中鲁,False
2024-11-26,27.995,29.276,27.767,28.276,41632.0,64987552.0,15.45,16.18,15.32,15.61,True,国投中鲁,False
2024-11-27,28.434,28.434,27.328,28.223,30046.0,46811668.0,15.7,15.7,15.07,15.58,True,国投中鲁,False
2024-11-28,28.258,29.013,27.767,28.118,31285.0,48554320.0,15.6,16.03,15.32,15.52,True,国投中鲁,False
2024-11-29,28.241,28.557,27.556,28.293,36794.0,57472228.0,15.59,15.77,15.2,15.62,True,国投中鲁,False
2024-12-02,28.118,29.346,28.118,28.873,43882.0,69991790.0,15.52,16.22,15.52,15.95,True,国投中鲁,False
2024-12-03,28.855,29.873,28.223,28.399,37313.0,58506784.0,15.94,16.52,15.58,15.68,True,国投中鲁,False
2024-12-04,28.399,28.469,27.223,27.363,39833.0,60107997.0,15.68,15.72,15.01,15.09,True,国投中鲁,False
2024-12-05,27.416,27.802,27.082,27.609,20167.0,30714341.0,15.12,15.34,14.93,15.23,True,国投中鲁,False
2024-12-06,27.609,27.855,27.24,27.679,22996.0,35114892.0,15.23,15.37,15.02,15.27,True,国投中鲁,False
2024-12-09,27.574,27.837,27.065,27.223,24907.0,37385407.0,15.21,15.36,14.92,15.01,True,国投中鲁,False
2024-12-10,27.872,28.065,26.96,27.047,40187.0,59918817.0,15.38,15.49,14.86,14.91,True,国投中鲁,False
2024-12-11,27.047,28.241,26.924,27.925,46498.0,71653418.0,14.91,15.59,14.84,15.41,True,国投中鲁,False
2024-12-12,27.942,29.013,27.749,28.96,51407.0,82251200.0,15.42,16.03,15.31,16.0,True,国投中鲁,False
2024-12-13,28.82,29.399,28.048,28.048,53474.0,82777752.0,15.92,16.25,15.48,15.48,True,国投中鲁,False
2024-12-16,28.048,28.557,27.205,27.609,36716.0,55918468.0,15.48,15.77,15.0,15.23,True,国投中鲁,False
2024-12-17,27.574,28.065,26.293,26.328,32985.0,47828250.0,15.21,15.49,14.48,14.5,True,国投中鲁,False
2024-12-18,26.767,27.802,26.363,27.012,34970.0,52070330.0,14.75,15.34,14.52,14.89,True,国投中鲁,False
2024-12-19,27.047,27.047,25.907,26.363,26968.0,39157536.0,14.91,14.91,14.26,14.52,True,国投中鲁,False
2024-12-20,26.503,26.942,26.152,26.486,25683.0,37471497.0,14.6,14.85,14.4,14.59,True,国投中鲁,False
2024-12-23,26.328,26.328,25.24,25.275,29005.0,40316950.0,14.5,14.5,13.88,13.9,True,国投中鲁,False
2024-12-24,25.608,25.626,25.029,25.292,27605.0,38398555.0,14.09,14.1,13.76,13.91,True,国投中鲁,False
2024-12-25,25.187,25.52,24.222,24.801,33106.0,45123478.0,13.85,14.04,13.3,13.63,True,国投中鲁,False
2024-12-26,24.555,25.047,24.503,24.608,25617.0,34634184.0,13.49,13.77,13.46,13.52,True,国投中鲁,False
2024-12-27,24.485,25.661,24.415,25.152,34573.0,47814459.0,13.45,14.12,13.41,13.83,True,国投中鲁,False
2024-12-30,25.152,25.152,24.362,24.397,23586.0,31605240.0,13.83,13.83,13.38,13.4,True,国投中鲁,False
2024-12-31,24.397,24.731,23.871,23.959,27753.0,36495195.0,13.4,13.59,13.1,13.15,True,国投中鲁,False
2025-01-02,23.853,24.555,23.432,23.713,31323.0,40751223.0,13.09,13.49,12.85,13.01,True,国投中鲁,False
2025-01-03,23.853,23.853,22.239,22.274,34288.0,41797072.0,13.09,13.09,12.17,12.19,True,国投中鲁,False
2025-01-06,22.484,22.59,21.133,22.01,25558.0,30771832.0,12.31,12.37,11.54,12.04,True,国投中鲁,False
2025-01-07,22.116,22.818,22.028,22.8,26368.0,32933632.0,12.1,12.5,12.05,12.49,True,国投中鲁,False
2025-01-08,22.8,22.993,21.888,22.59,27271.0,33734227.0,12.49,12.6,11.97,12.37,True,国投中鲁,False
2025-01-09,22.537,22.87,22.291,22.607,17255.0,21361690.0,12.34,12.53,12.2,12.38,True,国投中鲁,False
2025-01-10,22.519,22.572,21.73,21.765,29094.0,34621860.0,12.33,12.36,11.88,11.9,True,国投中鲁,False
2025-01-13,21.537,22.397,21.098,22.01,24386.0,29360744.0,11.77,12.26,11.52,12.04,True,国投中鲁,False
2025-01-14,22.133,22.818,22.133,22.677,28335.0,35192070.0,12.11,12.5,12.11,12.42,True,国投中鲁,False
2025-01-15,22.783,23.151,22.677,22.923,26228.0,32942368.0,12.48,12.69,12.42,12.56,True,国投中鲁,False
2025-01-16,23.046,25.134,22.625,25.134,65940.0,91129080.0,12.63,13.82,12.39,13.82,True,国投中鲁,False
2025-01-17,25.801,25.801,24.169,24.45,78424.0,105323432.0,14.2,14.2,13.27,13.43,True,国投中鲁,False
2025-01-20,24.432,25.099,24.187,24.397,40417.0,54158780.0,13.42,13.8,13.28,13.4,True,国投中鲁,False
2025-01-21,24.362,24.625,23.555,23.923,37956.0,49836228.0,13.38,13.53,12.92,13.13,True,国投中鲁,False
2025-01-22,23.713,24.046,23.134,23.274,31475.0,40162100.0,13.01,13.2,12.68,12.76,True,国投中鲁,False
2025-01-23,23.485,23.695,23.028,23.046,25130.0,31739190.000000004,12.88,13.0,12.62,12.63,True,国投中鲁,False
2025-01-24,23.063,23.695,22.87,23.45,29980.0,38554280.0,12.64,13.0,12.53,12.86,True,国投中鲁,False
2025-01-27,23.45,24.222,23.45,23.66,31737.0,41194626.0,12.86,13.3,12.86,12.98,True,国投中鲁,False
2025-02-05,23.66,23.853,23.116,23.397,19141.0,24557903.0,12.98,13.09,12.67,12.83,True,国投中鲁,False
2025-02-06,23.432,24.625,23.204,24.45,35454.0,47614722.0,12.85,13.53,12.72,13.43,True,国投中鲁,False
2025-02-07,24.31,24.871,24.011,24.31,29044.0,38773740.0,13.35,13.67,13.18,13.35,True,国投中鲁,False
2025-02-10,24.467,25.169,24.31,24.906,31484.0,43101596.0,13.44,13.84,13.35,13.69,True,国投中鲁,False
2025-02-11,24.889,25.257,24.397,24.573,27203.0,36724050.0,13.68,13.89,13.4,13.5,True,国投中鲁,False
2025-02-12,24.573,25.819,24.485,25.538,38960.0,54738800.0,13.5,14.21,13.45,14.05,True,国投中鲁,False
2025-02-13,25.538,25.538,24.783,24.801,27361.0,37293043.0,14.05,14.05,13.62,13.63,True,国投中鲁,False
2025-02-14,24.696,25.047,24.345,24.555,28643.0,38639407.0,13.57,13.77,13.37,13.49,True,国投中鲁,False
2025-02-17,24.731,24.889,24.432,24.748,23325.0,31722000.0,13.59,13.68,13.42,13.6,True,国投中鲁,False
2025-02-18,24.713,25.731,24.345,24.889,52173.0,71372664.0,13.58,14.16,13.37,13.68,True,国投中鲁,False
2025-02-19,24.748,25.45,24.678,25.222,30008.0,41621096.0,13.6,14.0,13.56,13.87,True,国投中鲁,False
2025-02-20,25.152,25.819,24.924,25.556,43009.0,60470654.0,13.83,14.21,13.7,14.06,True,国投中鲁,False
2025-02-21,25.766,25.766,24.748,24.976,36966.0,50754318.0,14.18,14.18,13.6,13.73,True,国投中鲁,False
2025-02-24,25.029,25.556,24.59,24.748,27005.0,36726800.0,13.76,14.06,13.51,13.6,True,国投中鲁,False
2025-02-25,24.625,24.889,24.38,24.432,24328.0,32648176.0,13.53,13.68,13.39,13.42,True,国投中鲁,False
2025-02-26,24.432,24.976,24.397,24.538,21614.0,29135672.0,13.42,13.73,13.4,13.48,True,国投中鲁,False
2025-02-27,24.573,25.24,24.397,24.871,28011.0,38291037.0,13.5,13.88,13.4,13.67,True,国投中鲁,False
2025-02-28,24.713,25.257,24.45,25.029,34369.0,47291744.0,13.58,13.89,13.43,13.76,True,国投中鲁,False
2025-03-03,24.871,25.24,24.345,24.538,30128.0,40612544.0,13.67,13.88,13.37,13.48,True,国投中鲁,False
2025-03-04,24.485,24.854,24.187,24.766,20549.0,27967189.0,13.45,13.66,13.28,13.61,True,国投中鲁,False
2025-03-05,24.696,24.994,24.345,24.696,19639.0,26650123.0,13.57,13.74,13.37,13.57,True,国投中鲁,False
2025-03-06,24.696,26.152,24.678,25.994,82843.0,118548333.0,13.57,14.4,13.56,14.31,True,国投中鲁,False
2025-03-07,25.942,26.275,24.994,25.415,47662.0,66631476.0,14.28,14.47,13.74,13.98,True,国投中鲁,False
2025-03-10,25.117,25.573,24.748,24.889,28856.0,39475008.0,13.81,14.07,13.6,13.68,True,国投中鲁,False
2025-03-11,24.766,25.099,24.503,24.976,21384.0,29360232.0,13.61,13.8,13.46,13.73,True,国投中鲁,False
2025-03-12,25.029,25.942,25.012,25.345,40140.0,55955160.0,13.76,14.28,13.75,13.94,True,国投中鲁,False
2025-03-13,25.24,25.573,24.748,25.082,23985.0,33075315.0,13.88,14.07,13.6,13.79,True,国投中鲁,False
2025-03-14,24.959,25.854,24.959,25.801,39896.0,56652320.0,13.72,14.23,13.72,14.2,True,国投中鲁,False
2025-03-17,25.854,25.959,25.45,25.678,30841.0,43578333.0,14.23,14.29,14.0,14.13,True,国投中鲁,False
2025-03-18,25.573,25.801,25.398,25.696,25144.0,35553616.0,14.07,14.2,13.97,14.14,True,国投中鲁,False
2025-03-19,25.573,25.766,25.169,25.257,25722.0,35727858.0,14.07,14.18,13.84,13.89,True,国投中鲁,False
2025-03-20,25.485,25.696,25.047,25.345,24219.0,33761286.0,14.02,14.14,13.77,13.94,True,国投中鲁,False
2025-03-21,25.363,25.363,24.713,24.818,18664.0,25457696.0,13.95,13.95,13.58,13.64,True,国投中鲁,False
2025-03-24,24.713,24.906,23.432,23.923,27979.0,36736427.0,13.58,13.69,12.85,13.13,True,国投中鲁,False
2025-03-25,24.029,24.029,23.485,23.871,26543.0,34771330.0,13.19,13.19,12.88,13.1,True,国投中鲁,False
2025-03-26,23.853,24.52,23.608,24.222,28499.0,37903670.0,13.09,13.47,12.95,13.3,True,国投中鲁,False
2025-03-27,24.204,24.292,23.678,23.941,24631.0,32365134.0,13.29,13.34,12.99,13.14,True,国投中鲁,False
2025-03-28,24.011,24.222,23.45,23.537,20179.0,26051089.0,13.18,13.3,12.86,12.91,True,国投中鲁,False
2025-03-31,23.204,23.818,22.695,23.134,40853.0,51801604.0,12.72,13.07,12.43,12.68,True,国投中鲁,False
2025-04-01,23.099,23.678,23.063,23.344,23498.0,30077440.0,12.66,12.99,12.64,12.8,True,国投中鲁,False
2025-04-02,23.344,24.064,23.274,23.502,25770.0,33217530.0,12.8,13.21,12.76,12.89,True,国投中鲁,False
2025-04-03,23.186,23.923,22.993,23.625,26558.0,34419168.0,12.71,13.13,12.6,12.96,True,国投中鲁,False
2025-04-07,22.677,22.8,21.344,21.344,34174.0,39846884.0,12.42,12.49,11.66,11.66,True,国投中鲁,False
2025-04-08,21.344,22.712,19.817,21.572,112258.0,132352182.0,11.66,12.44,10.79,11.79,True,国投中鲁,False
2025-04-09,21.063,22.204,19.852,22.063,97941.0,118214787.0,11.5,12.15,10.81,12.07,True,国投中鲁,False
2025-04-10,21.94,23.011,21.94,22.73,75827.0,94404615.0,12.0,12.61,12.0,12.45,True,国投中鲁,False
2025-04-11,22.432,22.835,22.397,22.449,35155.0,43205495.0,12.28,12.51,12.26,12.29,True,国投中鲁,False
2025-04-14,22.484,23.537,22.484,23.344,46537.0,59567360.0,12.31,12.91,12.31,12.8,True,国投中鲁,False
2025-04-15,23.344,24.134,22.993,23.783,71654.0,93508470.0,12.8,13.25,12.6,13.05,True,国投中鲁,False
2025-04-16,23.695,23.695,22.642,23.186,50993.0,64812103.00000001,13.0,13.0,12.4,12.71,True,国投中鲁,False
2025-04-17,23.046,24.625,22.976,24.415,76403.0,102456423.0,12.63,13.53,12.59,13.41,True,国投中鲁,False
2025-04-18,24.187,24.187,23.081,23.344,83707.0,107144960.0,13.28,13.28,12.65,12.8,True,国投中鲁,False
2025-04-21,23.134,24.467,22.923,24.467,87087.0,117044928.0,12.68,13.44,12.56,13.44,True,国投中鲁,False
2025-04-22,24.485,25.871,24.222,24.924,131819.0,180592030.0,13.45,14.24,13.3,13.7,True,国投中鲁,False
2025-04-23,24.889,27.328,24.713,26.924,261412.0,387935408.0,13.68,15.07,13.58,14.84,True,国投中鲁,False
2025-04-24,25.994,26.065,24.713,25.222,203752.0,282604024.0,14.31,14.35,13.58,13.87,True,国投中鲁,False
2025-04-25,25.099,25.503,24.222,24.766,105284.0,143291524.0,13.8,14.03,13.3,13.61,True,国投中鲁,False
2025-04-28,24.573,25.187,23.923,24.081,70708.0,93475976.0,13.5,13.85,13.13,13.22,True,国投中鲁,False
2025-04-29,23.801,24.485,23.695,23.923,53621.0,70404373.0,13.06,13.45,13.0,13.13,True,国投中鲁,False
2025-04-30,24.222,24.415,23.748,23.748,48237.0,62852811.0,13.3,13.41,13.03,13.03,True,国投中鲁,False
2025-05-06,24.099,25.871,23.994,25.731,118673.0,168040968.0,13.23,14.24,13.17,14.16,True,国投中鲁,False
2025-05-07,25.977,27.469,25.924,26.714,145299.0,213880128.0,14.3,15.15,14.27,14.72,True,国投中鲁,False
2025-05-08,26.854,27.03,26.275,26.275,76764.0,111077508.0,14.8,14.9,14.47,14.47,True,国投中鲁,False
2025-05-09,26.503,27.118,26.065,26.503,65421.0,95514660.0,14.6,14.95,14.35,14.6,True,国投中鲁,False
2025-05-12,26.416,26.556,25.608,25.749,65252.0,92462084.0,14.55,14.63,14.09,14.17,True,国投中鲁,False
2025-05-13,26.1,26.1,25.556,25.731,37758.0,53465328.0,14.37,14.37,14.06,14.16,True,国投中鲁,False
2025-05-14,25.731,26.082,25.45,25.801,40498.0,57507160.0,14.16,14.36,14.0,14.2,True,国投中鲁,False
2025-05-15,25.819,26.205,25.556,25.889,46796.0,66684300.0,14.21,14.43,14.06,14.25,True,国投中鲁,False
2025-05-16,25.924,26.047,25.503,25.714,40454.0,57242410.0,14.27,14.34,14.03,14.15,True,国投中鲁,False
2025-05-19,25.801,26.924,25.801,26.416,65945.0,95949975.0,14.2,14.84,14.2,14.55,True,国投中鲁,False
2025-05-20,26.398,27.205,26.152,26.977,59420.0,88357540.0,14.54,15.0,14.4,14.87,True,国投中鲁,False
2025-05-21,26.679,27.118,26.24,26.293,38672.0,55997056.0,14.7,14.95,14.45,14.48,True,国投中鲁,False
2025-05-22,25.994,26.293,25.696,25.714,31249.0,44217335.0,14.31,14.48,14.14,14.15,True,国投中鲁,False
2025-05-23,25.714,25.871,25.169,25.169,36781.0,50904904.0,14.15,14.24,13.84,13.84,True,国投中鲁,False
2025-05-26,25.275,25.924,25.169,25.819,37941.0,53914161.0,13.9,14.27,13.84,14.21,True,国投中鲁,False
2025-05-27,25.678,28.188,25.678,26.96,112098.0,166577628.0,14.13,15.56,14.13,14.86,True,国投中鲁,False
2025-05-28,26.977,27.82,26.714,27.223,116443.0,174780943.0,14.87,15.35,14.72,15.01,True,国投中鲁,False
2025-05-29,27.293,27.556,26.854,27.451,75108.0,113713512.0,15.05,15.2,14.8,15.14,True,国投中鲁,False
2025-05-30,27.521,27.644,26.714,26.819,48241.0,71300198.0,15.18,15.25,14.72,14.78,True,国投中鲁,False
2025-06-03,26.679,27.293,26.538,27.03,42522.0,63357780.0,14.7,15.05,14.62,14.9,True,国投中鲁,False
2025-06-04,27.03,27.732,26.854,27.609,66901.0,101890223.0,14.9,15.3,14.8,15.23,True,国投中鲁,False
2025-06-05,27.732,27.784,26.644,26.802,59456.0,87816512.0,15.3,15.33,14.68,14.77,True,国投中鲁,False
2025-06-06,26.679,26.784,26.205,26.538,42205.0,61703710.0,14.7,14.76,14.43,14.62,True,国投中鲁,False
2025-06-09,26.503,26.731,26.416,26.591,31796.0,46581140.0,14.6,14.73,14.55,14.65,True,国投中鲁,False
2025-06-10,26.661,26.679,25.696,26.1,39085.0,56165145.0,14.69,14.7,14.14,14.37,True,国投中鲁,False
2025-06-11,26.082,26.644,25.942,25.959,30503.0,43588787.0,14.36,14.68,14.28,14.29,True,国投中鲁,False
2025-06-12,26.065,26.17,25.801,25.942,26189.0,37397892.0,14.35,14.41,14.2,14.28,True,国投中鲁,False
2025-06-13,25.854,25.854,24.959,25.205,39382.0,54583452.0,14.23,14.23,13.72,13.86,True,国投中鲁,False
2025-06-16,25.327,25.538,25.187,25.24,24375.0,33832500.0,13.93,14.05,13.85,13.88,True,国投中鲁,False
2025-06-17,25.363,25.591,25.099,25.292,21956.0,30540796.0,13.95,14.08,13.8,13.91,True,国投中鲁,False
2025-06-18,25.205,25.538,25.047,25.415,22771.0,31833858.0,13.86,14.05,13.77,13.98,True,国投中鲁,False
2025-06-19,25.45,25.503,24.503,24.573,27340.0,36909000.0,14.0,14.03,13.46,13.5,True,国投中鲁,False
2025-06-20,24.503,24.924,24.397,24.45,24358.0,32712794.0,13.46,13.7,13.4,13.43,True,国投中鲁,False
2025-07-07,26.802,26.802,26.802,26.802,3987.0,5888799.0,14.77,14.77,14.77,14.77,True,国投中鲁,False
2025-07-08,29.399,29.399,29.399,29.399,1562.0,2538250.0,16.25,16.25,16.25,16.25,True,国投中鲁,False
2025-07-09,32.26,32.26,32.26,32.26,7729.0,13819452.0,17.88,17.88,17.88,17.88,True,国投中鲁,False
2025-07-10,35.401,35.401,35.401,35.401,18843.0,37064181.0,19.67,19.67,19.67,19.67,True,国投中鲁,False
2025-07-11,38.858,38.858,38.174,38.858,286615.0,620234860.0,21.64,21.64,21.25,21.64,True,国投中鲁,False
2025-07-14,39.947,41.21,37.911,38.262,417573.0,889430490.0,22.26,22.98,21.1,21.3,True,国投中鲁,False
2025-07-15,38.858,39.49,34.524,35.278,374926.0,734854960.0,21.64,22.0,19.17,19.6,True,国投中鲁,False
2025-07-16,34.752,38.472,34.752,37.384,330295.0,687013600.0,19.3,21.42,19.3,20.8,True,国投中鲁,False
2025-07-17,37.841,40.192,37.648,38.139,269897.0,572991331.0,21.06,22.4,20.95,21.23,True,国投中鲁,False
2025-07-18,38.507,39.122,37.191,37.911,221226.0,466786860.00000006,21.44,21.79,20.69,21.1,True,国投中鲁,False
2025-07-21,37.542,38.35,36.647,36.682,179490.0,366159600.0,20.89,21.35,20.38,20.4,True,国投中鲁,False
2025-07-22,36.7,36.963,35.559,35.682,168610.0,334353630.0,20.41,20.56,19.76,19.83,True,国投中鲁,False
2025-07-23,35.647,36.05,35.033,35.489,94167.0,185697324.0,19.81,20.04,19.46,19.72,True,国投中鲁,False
2025-07-24,35.348,35.717,34.752,35.155,97281.0,189989793.0,19.64,19.85,19.3,19.53,True,国投中鲁,False
2025-07-25,35.226,35.331,34.576,34.717,77560.0,149535680.0,19.57,19.63,19.2,19.28,True,国投中鲁,False
2025-07-28,34.91,34.997,34.243,34.524,73386.0,140680962.0,19.39,19.44,19.01,19.17,True,国投中鲁,False
2025-07-29,34.576,34.646,33.98,34.102,71562.0,135466866.0,19.2,19.24,18.86,18.93,True,国投中鲁,False
2025-07-30,34.366,35.577,34.173,34.752,162886.0,314369980.0,19.08,19.77,18.97,19.3,True,国投中鲁,False
2025-07-31,34.734,34.734,33.664,33.664,97934.0,182940712.0,19.29,19.29,18.68,18.68,True,国投中鲁,False
2025-08-01,33.593,34.366,33.541,34.19,66303.0,125843094.0,18.64,19.08,18.61,18.98,True,国投中鲁,False
2025-08-04,34.173,34.945,33.857,34.875,75333.0,145920021.0,18.97,19.41,18.79,19.37,True,国投中鲁,False
2025-08-05,34.927,34.962,34.471,34.699,51090.0,98450430.0,19.4,19.42,19.14,19.27,True,国投中鲁,False
2025-08-06,34.804,35.542,34.629,35.138,71102.0,138791104.0,19.33,19.75,19.23,19.52,True,国投中鲁,False
2025-08-07,35.033,35.454,34.822,35.155,59691.0,116576523.0,19.46,19.7,19.34,19.53,True,国投中鲁,False
2025-08-08,34.962,36.366,34.962,36.015,97792.0,195779584.0,19.42,20.22,19.42,20.02,True,国投中鲁,False
2025-08-11,35.805,38.613,35.647,37.174,107246.0,221784728.0,19.9,21.5,19.81,20.68,True,国投中鲁,False
2025-08-12,37.121,37.56,36.507,36.823,51864.0,106217472.0,20.65,20.9,20.3,20.48,True,国投中鲁,False
2025-08-13,36.946,37.367,36.472,36.858,60870.0,124783500.0,20.55,20.79,20.28,20.5,True,国投中鲁,False
2025-08-14,36.84,36.963,36.208,36.226,59884.0,120606376.0,20.49,20.56,20.13,20.14,True,国投中鲁,False
2025-08-15,36.665,37.191,36.331,36.507,50356.0,102222680.0,20.39,20.69,20.2,20.3,True,国投中鲁,False
2025-08-18,36.507,37.051,36.507,36.875,66996.0,137408796.0,20.3,20.61,20.3,20.51,True,国投中鲁,False
2025-08-19,37.121,37.507,36.7,37.332,83251.0,172912327.0,20.65,20.87,20.41,20.77,True,国投中鲁,False
2025-08-20,37.332,39.789,37.103,38.613,120053.0,258113950.0,20.77,22.17,20.64,21.5,True,国投中鲁,False
2025-08-21,39.139,42.386,38.999,42.386,91976.0,217523240.0,21.8,23.65,21.72,23.65,True,国投中鲁,False
2025-08-22,45.984,46.159,42.439,42.93,275222.0,659431912.0,25.7,25.8,23.68,23.96,True,国投中鲁,False
2025-08-25,42.965,44.72,41.824,42.105,218945.0,514301805.0,23.98,24.98,23.33,23.49,True,国投中鲁,False
2025-08-26,42.123,42.649,41.351,42.351,123116.0,290923108.0,23.5,23.8,23.06,23.63,True,国投中鲁,False
2025-08-27,41.947,43.579,41.315,41.315,131335.0,302595840.0,23.4,24.33,23.04,23.04,True,国投中鲁,False
2025-08-28,41.754,42.368,40.543,41.368,100604.0,232093428.0,23.29,23.64,22.6,23.07,True,国投中鲁,False
2025-08-29,41.228,41.456,40.333,40.456,79010.0,178167550.0,22.99,23.12,22.48,22.55,True,国投中鲁,False
2025-09-01,41.912,41.93,40.245,40.807,79760.0,181454000.0,23.38,23.39,22.43,22.75,True,国投中鲁,False
2025-09-02,40.42,41.122,39.683,39.964,71410.0,159030070.0,22.53,22.93,22.11,22.27,True,国投中鲁,False
2025-09-03,40.175,40.649,39.016,39.174,54780.0,119529960.0,22.39,22.66,21.73,21.82,True,国投中鲁,False
2025-09-04,39.245,39.789,38.279,38.981,56789.0,123288919.0,21.86,22.17,21.31,21.71,True,国投中鲁,False
2025-09-05,39.139,39.543,38.35,39.42,44539.0,97807644.0,21.8,22.03,21.35,21.96,True,国投中鲁,False
2025-09-08,39.49,39.806,38.964,39.227,43247.0,94494695.0,22.0,22.18,21.7,21.85,True,国投中鲁,False
2025-09-09,39.069,39.28,38.437,38.543,36130.0,77534980.0,21.76,21.88,21.4,21.46,True,国投中鲁,False
2025-09-10,38.56,39.543,38.367,38.858,38341.0,82969924.0,21.47,22.03,21.36,21.64,True,国投中鲁,False
2025-09-11,39.052,40.35,38.701,39.666,63933.0,141291930.0,21.75,22.49,21.55,22.1,True,国投中鲁,False
2025-09-12,39.771,40.017,39.227,39.754,53610.0,118746150.0,22.16,22.3,21.85,22.15,True,国投中鲁,False
2025-09-15,39.666,39.718,38.806,38.894,40993.0,88790838.0,22.1,22.13,21.61,21.66,True,国投中鲁,False
2025-09-16,39.052,39.227,38.367,38.665,36246.0,78037638.0,21.75,21.85,21.36,21.53,True,国投中鲁,False
2025-09-17,38.788,38.806,38.121,38.314,35424.0,75559392.0,21.6,21.61,21.22,21.33,True,国投中鲁,False
2025-09-18,38.35,39.403,37.297,37.542,62712.0,131005368.0,21.35,21.95,20.75,20.89,True,国投中鲁,False
2025-09-19,37.718,37.841,37.103,37.349,35384.0,73527952.0,20.99,21.06,20.64,20.78,True,国投中鲁,False
2025-09-22,37.472,37.788,36.998,37.735,32638.0,68539800.0,20.85,21.03,20.58,21.0,True,国投中鲁,False
2025-09-23,38.016,38.841,36.788,37.349,47021.0,97709638.0,21.16,21.63,20.46,20.78,True,国投中鲁,False
2025-09-24,37.261,38.49,36.91,38.192,50034.0,106372284.0,20.73,21.43,20.53,21.26,True,国投中鲁,False
2025-09-25,38.139,38.455,37.454,37.454,36919.0,76939196.0,21.23,21.41,20.84,20.84,True,国投中鲁,False
2025-09-26,37.454,38.174,37.279,37.419,29012.0,60402984.0,20.84,21.25,20.74,20.82,True,国投中鲁,False
2025-09-29,37.384,38.297,36.507,38.086,39780.0,84333600.0,20.8,21.32,20.3,21.2,True,国投中鲁,False
2025-09-30,38.314,39.016,37.981,38.507,33156.0,71086464.0,21.33,21.73,21.14,21.44,True,国投中鲁,False
2025-10-09,38.63,38.771,37.665,38.086,34926.0,74043120.0,21.51,21.59,20.96,21.2,True,国投中鲁,False
2025-10-10,38.016,38.701,37.911,38.42,35809.0,76595451.0,21.16,21.55,21.1,21.39,True,国投中鲁,False
2025-10-13,37.735,38.016,36.015,37.946,44127.0,93196224.0,21.0,21.16,20.02,21.12,True,国投中鲁,False
2025-10-14,37.946,38.385,37.367,38.051,44903.0,95104554.0,21.12,21.37,20.79,21.18,True,国投中鲁,False
2025-10-15,38.139,40.333,37.735,39.473,81755.0,179779245.0,21.23,22.48,21.0,21.99,True,国投中鲁,False
2025-10-16,39.754,39.754,38.279,38.367,45627.0,97459272.0,22.15,22.15,21.31,21.36,True,国投中鲁,False
2025-10-17,38.367,38.385,36.665,36.665,42037.0,85713443.0,21.36,21.37,20.39,20.39,True,国投中鲁,False
2025-10-20,36.77,37.612,36.77,37.261,27099.0,56176227.0,20.45,20.93,20.45,20.73,True,国投中鲁,False
2025-10-21,36.998,39.315,36.823,38.788,52548.0,113503680.0,20.58,21.9,20.48,21.6,True,国投中鲁,False
2025-10-22,38.964,38.964,38.156,38.455,27222.0,58282302.0,21.7,21.7,21.24,21.41,True,国投中鲁,False
2025-10-23,38.332,38.402,37.612,38.244,22311.0,47500119.0,21.34,21.38,20.93,21.29,True,国投中鲁,False
2025-10-24,38.35,38.736,37.876,38.174,21049.0,44729125.0,21.35,21.57,21.08,21.25,True,国投中鲁,False
2025-10-27,38.332,38.823,37.999,38.455,36549.0,78251409.0,21.34,21.62,21.15,21.41,True,国投中鲁,False
2025-10-28,38.578,39.069,38.051,38.314,28969.0,61790876.99999999,21.48,21.76,21.18,21.33,True,国投中鲁,False
2025-10-29,38.648,39.771,38.314,38.665,37043.0,79753579.0,21.52,22.16,21.33,21.53,True,国投中鲁,False
2025-10-30,38.665,39.49,38.455,38.788,44756.0,96672960.0,21.53,22.0,21.41,21.6,True,国投中鲁,False
2025-10-31,39.174,40.368,39.016,39.841,76194.0,169150680.0,21.82,22.5,21.73,22.2,True,国投中鲁,False
2025-11-03,39.982,39.982,38.016,38.876,65113.0,140969645.0,22.28,22.28,21.16,21.65,True,国投中鲁,False
2025-11-04,38.894,39.052,38.069,38.209,38163.0,81172701.0,21.66,21.75,21.19,21.27,True,国投中鲁,False
2025-11-05,38.262,38.894,37.841,38.648,28252.0,60798304.0,21.3,21.66,21.06,21.52,True,国投中鲁,False
2025-11-06,38.332,39.28,38.244,38.35,25850.0,55189750.0,21.34,21.88,21.29,21.35,True,国投中鲁,False
2025-11-07,38.314,38.314,37.595,37.893,28164.0,59397876.0,21.33,21.33,20.92,21.09,True,国投中鲁,False
2025-11-10,37.735,38.086,37.56,38.051,21445.0,45420510.0,21.0,21.2,20.9,21.18,True,国投中鲁,False
2025-11-11,38.086,38.788,37.7,37.946,25817.0,54525504.0,21.2,21.6,20.98,21.12,True,国投中鲁,False
2025-11-12,37.999,38.665,37.63,38.051,33796.0,71579928.0,21.15,21.53,20.94,21.18,True,国投中鲁,False
2025-11-13,38.209,38.314,37.805,38.086,29276.0,62065120.0,21.27,21.33,21.04,21.2,True,国投中鲁,False
2025-11-14,37.911,38.314,37.823,37.911,24446.0,51581060.0,21.1,21.33,21.05,21.1,True,国投中鲁,False
2025-11-17,37.911,38.385,37.437,37.963,31218.0,65963634.0,21.1,21.37,20.83,21.13,True,国投中鲁,False
2025-11-18,37.963,38.139,36.823,37.174,38673.0,79975764.0,21.13,21.23,20.48,20.68,True,国投中鲁,False
2025-11-19,37.209,37.297,36.05,36.156,31088.0,62486880.00000001,20.7,20.75,20.04,20.1,True,国投中鲁,False
2025-11-20,36.507,37.314,36.068,36.489,28574.0,57976646.0,20.3,20.76,20.05,20.29,True,国投中鲁,False
2025-11-21,36.419,36.752,35.12,35.348,31562.0,61987768.0,20.25,20.44,19.51,19.64,True,国投中鲁,False
2025-11-24,35.384,35.963,35.278,35.717,20759.0,41206615.0,19.66,19.99,19.6,19.85,True,国投中鲁,False
2025-11-25,35.717,36.314,35.559,35.945,17316.0,34597368.0,19.85,20.19,19.76,19.98,True,国投中鲁,False
2025-11-26,35.91,36.244,35.822,35.998,13299.0,26611299.000000004,19.96,20.15,19.91,20.01,True,国投中鲁,False
2025-11-27,35.857,37.103,35.857,36.454,22509.0,45625743.0,19.93,20.64,19.93,20.27,True,国投中鲁,False
2025-11-28,36.77,36.805,35.928,36.489,16712.0,33908648.0,20.45,20.47,19.97,20.29,True,国投中鲁,False
2025-12-01,36.507,36.665,36.226,36.366,16724.0,33815928.0,20.3,20.39,20.14,20.22,True,国投中鲁,False
2025-12-02,36.331,36.331,35.805,35.822,18639.0,37110249.0,20.2,20.2,19.9,19.91,True,国投中鲁,False
2025-12-03,35.928,36.086,35.348,35.559,21760.0,42997760.0,19.97,20.06,19.64,19.76,True,国投中鲁,False
2025-12-04,35.559,35.647,35.085,35.401,14602.0,28722134.000000004,19.76,19.81,19.49,19.67,True,国投中鲁,False
2025-12-05,35.436,35.893,35.208,35.699,19676.0,39037184.0,19.69,19.95,19.56,19.84,True,国投中鲁,False
2025-12-08,34.682,35.945,34.682,35.717,18518.0,36758230.0,19.26,19.98,19.26,19.85,True,国投中鲁,False
2025-12-09,35.664,36.033,35.577,35.664,16516.0,32734712.0,19.82,20.03,19.77,19.82,True,国投中鲁,False
2025-12-10,35.629,36.103,35.419,35.963,21989.0,43956011.0,19.8,20.07,19.68,19.99,True,国投中鲁,False
2025-12-11,35.77,36.244,35.629,35.629,16157.0,31990860.0,19.88,20.15,19.8,19.8,True,国投中鲁,False
2025-12-12,35.629,35.91,35.384,35.664,14379.0,28499178.0,19.8,19.96,19.66,19.82,True,国投中鲁,False
2025-12-15,35.542,36.507,35.278,36.033,25062.0,50199186.0,19.75,20.3,19.6,20.03,True,国投中鲁,False
2025-12-16,35.77,36.63,35.419,36.401,34046.0,68909104.0,19.88,20.37,19.68,20.24,True,国投中鲁,False
2025-12-17,36.314,36.314,35.331,35.805,26220.0,52177799.99999999,20.19,20.19,19.63,19.9,True,国投中鲁,False
2025-12-18,35.805,36.472,35.12,36.103,25242.0,50660694.0,19.9,20.28,19.51,20.07,True,国投中鲁,False
2025-12-19,35.928,36.595,35.928,36.595,24666.0,50195310.0,19.97,20.35,19.97,20.35,True,国投中鲁,False
2025-12-22,36.647,37.279,36.419,37.033,31576.0,65046560.00000001,20.38,20.74,20.25,20.6,True,国投中鲁,False
2025-12-23,37.261,39.104,36.963,38.262,69762.0,148593060.0,20.73,21.78,20.56,21.3,True,国投中鲁,False
2025-12-24,41.386,42.0,41.386,42.0,61105.0,143169015.0,23.08,23.43,23.08,23.43,True,国投中鲁,False
2025-12-25,44.966,45.141,40.894,41.403,188338.0,434872442.0,25.12,25.22,22.8,23.09,True,国投中鲁,False
2025-12-26,40.824,44.755,40.543,44.018,188453.0,463217474.0,22.76,25.0,22.6,24.58,True,国投中鲁,False
2025-12-29,44.018,45.598,43.544,43.597,105271.0,256229614.0,24.58,25.48,24.31,24.34,True,国投中鲁,False
2025-12-30,43.018,43.702,42.386,42.421,72648.0,171957816.0,24.01,24.4,23.65,23.67,True,国投中鲁,False
2025-12-31,42.807,42.965,38.262,39.367,231075.0,506747475.0,23.89,23.98,21.3,21.93,True,国投中鲁,False
2026-01-05,38.613,38.806,37.525,37.612,130683.0,273519519.0,21.5,21.61,20.88,20.93,True,国投中鲁,False
2026-01-06,37.753,38.472,37.244,37.981,98670.0,208588380.0,21.01,21.42,20.72,21.14,True,国投中鲁,False
2026-01-07,37.928,38.42,37.103,37.226,75509.0,156379139.0,21.11,21.39,20.64,20.71,True,国投中鲁,False
2026-01-08,36.875,37.349,36.647,36.998,54960.0,113107680.0,20.51,20.78,20.38,20.58,True,国投中鲁,False
2026-01-09,37.016,40.613,36.928,40.613,101393.0,229553752.0,20.59,22.64,20.54,22.64,True,国投中鲁,False
2026-01-12,41.228,44.562,40.034,44.229,239709.0,592081230.0,22.99,24.89,22.31,24.7,True,国投中鲁,False
2026-01-13,44.422,45.317,42.79,42.842,170373.0,407361843.0,24.81,25.32,23.88,23.91,True,国投中鲁,False
2026-01-14,43.018,43.211,40.982,41.438,114086.0,263652746.0,24.01,24.12,22.85,23.11,True,国投中鲁,False
2026-01-15,41.245,41.473,40.684,41.105,56245.0,128913540.0,23.0,23.13,22.68,22.92,True,国投中鲁,False
2026-01-16,41.122,43.106,41.122,42.913,98567.0,236067965.0,22.93,24.06,22.93,23.95,True,国投中鲁,False
2026-01-19,42.667,43.667,42.123,42.456,85521.0,202599249.0,23.81,24.38,23.5,23.69,True,国投中鲁,False
2026-01-20,42.86,44.387,42.316,42.737,71149.0,169690365.0,23.92,24.79,23.61,23.85,True,国投中鲁,False
2026-01-21,42.281,43.439,42.158,43.334,56548.0,136789612.0,23.59,24.25,23.52,24.19,True,国投中鲁,False
2026-01-22,44.755,45.334,42.298,42.474,107749.0,255365130.0,25.0,25.33,23.6,23.7,True,国投中鲁,False
2026-01-23,42.772,46.317,42.474,43.334,135448.0,327648712.0,23.87,25.89,23.7,24.19,True,国投中鲁,False
2026-01-26,43.316,44.615,42.614,43.0,85956.0,206294400.0,24.18,24.92,23.78,24.0,True,国投中鲁,False
2026-01-27,42.667,43.264,41.245,42.456,73238.0,173500822.0,23.81,24.15,23.0,23.69,True,国投中鲁,False
2026-01-28,42.351,43.246,41.579,42.035,43176.0,101247720.0,23.63,24.14,23.19,23.45,True,国投中鲁,False
2026-01-29,41.21,42.456,41.035,41.052,50382.0,115324398.0,22.98,23.69,22.88,22.89,True,国投中鲁,False
2026-01-30,41.193,42.456,40.859,41.544,64787.0,150111479.0,22.97,23.69,22.78,23.17,True,国投中鲁,False
2026-02-02,41.315,41.315,39.35,39.455,56873.0,125006854.0,23.04,23.04,21.92,21.98,True,国投中鲁,False
2026-02-03,39.876,40.508,39.631,40.157,36544.0,81785472.0,22.22,22.58,22.08,22.38,True,国投中鲁,False
2026-02-04,40.157,40.42,39.438,40.28,33287.0,74729315.0,22.38,22.53,21.97,22.45,True,国投中鲁,False
2026-02-05,39.508,40.842,39.508,40.017,33564.0,74847720.0,22.01,22.77,22.01,22.3,True,国投中鲁,False
2026-02-06,40.017,41.158,39.806,40.631,36184.0,81956760.0,22.3,22.95,22.18,22.65,True,国投中鲁,False
2026-02-09,40.912,42.0,40.736,41.544,45881.0,106306277.0,22.81,23.43,22.71,23.17,True,国投中鲁,False
2026-02-10,41.649,41.982,39.754,39.771,55932.0,123945312.0,23.23,23.42,22.15,22.16,True,国投中鲁,False
2026-02-11,39.964,40.017,39.385,39.648,28737.0,63480033.0,22.27,22.3,21.94,22.09,True,国投中鲁,False
2026-02-12,39.666,39.789,39.157,39.192,29346.0,64062317.99999999,22.1,22.17,21.81,21.83,True,国投中鲁,False
2026-02-13,39.192,40.456,39.034,39.174,43571.0,95071922.0,21.83,22.55,21.74,21.82,True,国投中鲁,False
2026-02-24,39.771,39.771,39.157,39.701,31734.0,70195608.0,22.16,22.16,21.81,22.12,True,国投中鲁,False
2026-02-25,39.718,39.806,39.192,39.403,33932.0,74480740.0,22.13,22.18,21.83,21.95,True,国投中鲁,False
2026-02-26,39.403,39.56,38.894,39.367,27949.0,61292157.0,21.95,22.04,21.66,21.93,True,国投中鲁,False
2026-02-27,39.543,40.017,39.139,39.35,31744.0,69582848.0,22.03,22.3,21.8,21.92,True,国投中鲁,False
2026-03-02,38.49,39.174,37.999,38.034,45745.0,96842165.0,21.43,21.82,21.15,21.17,True,国投中鲁,False
2026-03-03,38.086,38.42,36.893,36.981,37650.0,77446050.0,21.2,21.39,20.52,20.57,True,国投中鲁,False
2026-03-04,36.507,37.297,36.349,36.752,27972.0,57174768.0,20.3,20.75,20.21,20.44,True,国投中鲁,False
2026-03-05,37.297,37.525,36.858,36.946,24994.0,51362670.0,20.75,20.88,20.5,20.55,True,国投中鲁,False
2026-03-06,37.718,37.718,36.507,37.367,26085.0,54230715.0,20.99,20.99,20.3,20.79,True,国投中鲁,False
2026-03-09,36.7,37.332,36.296,36.805,29499.0,60384453.0,20.41,20.77,20.18,20.47,True,国投中鲁,False
2026-03-10,36.928,37.314,36.858,36.963,21512.0,44228672.0,20.54,20.76,20.5,20.56,True,国投中鲁,False
2026-03-11,36.998,37.209,36.454,36.682,20796.0,42423840.0,20.58,20.7,20.27,20.4,True,国投中鲁,False
2026-03-12,36.647,36.682,35.91,36.419,23306.0,47194650.0,20.38,20.4,19.96,20.25,True,国投中鲁,False
2026-03-13,36.419,37.876,36.068,36.735,46803.0,95618529.0,20.25,21.08,20.05,20.43,True,国投中鲁,False
2026-03-16,36.577,37.033,35.945,36.858,33036.0,67723800.0,20.34,20.6,19.98,20.5,True,国投中鲁,False
2026-03-17,36.858,37.033,36.138,36.138,20925.0,42038325.0,20.5,20.6,20.09,20.09,True,国投中鲁,False
2026-03-18,36.682,36.717,36.05,36.612,19107.0,38901852.0,20.4,20.42,20.04,20.36,True,国投中鲁,False
2026-03-19,36.068,36.507,35.542,35.629,24075.0,47668500.0,20.05,20.3,19.75,19.8,True,国投中鲁,False
2026-03-20,36.156,36.156,34.927,34.997,23710.0,46092240.0,20.1,20.1,19.4,19.44,True,国投中鲁,False
2026-03-23,34.664,34.664,32.4,32.681,49529.0,89746548.0,19.25,19.25,17.96,18.12,True,国投中鲁,False
2026-03-24,32.909,33.751,32.663,33.751,29781.0,55779813.0,18.25,18.73,18.11,18.73,True,国投中鲁,False
2026-03-25,33.751,34.489,33.751,34.436,21541.0,41186392.0,18.73,19.15,18.73,19.12,True,国投中鲁,False
2026-03-26,34.576,34.892,34.19,34.471,28178.0,53932692.0,19.2,19.38,18.98,19.14,True,国投中鲁,False
2026-03-27,34.26,35.542,33.611,35.542,24802.0,48983950.0,19.02,19.75,18.65,19.75,True,国投中鲁,False
2026-03-30,35.348,35.524,34.225,34.559,29456.0,56526064.00000001,19.64,19.74,19.0,19.19,True,国投中鲁,False
2026-03-31,34.436,34.682,33.892,34.015,20337.0,38396256.0,19.12,19.26,18.81,18.88,True,国投中鲁,False
2026-04-01,34.594,34.629,34.12,34.331,19149.0,36497994.0,19.21,19.23,18.94,19.06,True,国投中鲁,False
2026-04-02,34.331,34.506,33.4,33.962,17611.0,33196735.000000004,19.06,19.16,18.53,18.85,True,国投中鲁,False
2026-04-03,34.05,34.102,33.295,33.313,17651.0,32619048.0,18.9,18.93,18.47,18.48,True,国投中鲁,False
2026-04-07,33.295,33.681,33.032,33.225,17334.0,31946562.0,18.47,18.69,18.32,18.43,True,国投中鲁,False
2026-04-08,33.629,34.418,33.629,34.418,21882.0,41816502.0,18.66,19.11,18.66,19.11,True,国投中鲁,False
2026-04-09,34.26,34.26,33.699,33.839,17674.0,33191772.000000004,19.02,19.02,18.7,18.78,True,国投中鲁,False
2026-04-10,33.857,34.945,33.857,34.576,25433.0,48831360.0,18.79,19.41,18.79,19.2,True,国投中鲁,False
2026-04-13,34.401,34.804,34.138,34.734,20629.0,39793341.0,19.1,19.33,18.95,19.29,True,国投中鲁,False
2026-04-14,34.769,34.769,33.962,34.26,21717.0,41305734.0,19.31,19.31,18.85,19.02,True,国投中鲁,False
2026-04-15,34.524,34.576,33.488,33.541,28003.0,52113583.0,19.17,19.2,18.58,18.61,True,国投中鲁,False
2026-04-16,33.541,34.015,33.225,33.927,19670.0,37038610.0,18.61,18.88,18.43,18.83,True,国投中鲁,False
2026-04-17,33.699,37.226,33.523,37.226,79436.0,164511956.0,18.7,20.71,18.6,20.71,True,国投中鲁,False
2026-04-20,38.086,40.315,38.016,39.332,161116.0,353005156.0,21.2,22.47,21.16,21.91,True,国投中鲁,False
2026-04-21,39.297,39.543,38.262,38.841,71988.0,155710044.0,21.89,22.03,21.3,21.63,True,国投中鲁,False
2026-04-22,38.437,39.104,38.209,38.718,45039.0,97104084.0,21.4,21.78,21.27,21.56,True,国投中鲁,False
2026-04-23,38.455,39.455,38.262,38.858,49518.0,107156952.0,21.41,21.98,21.3,21.64,True,国投中鲁,False
2026-04-24,38.49,38.841,37.051,37.437,49081.0,102235723.0,21.43,21.63,20.61,20.83,True,国投中鲁,False
2026-04-27,37.349,37.893,36.858,37.384,31090.0,64667200.0,20.78,21.09,20.5,20.8,True,国投中鲁,False
2026-04-28,37.525,39.087,37.209,37.946,54033.0,114117696.0,20.88,21.77,20.7,21.12,True,国投中鲁,False
2026-04-29,37.297,39.174,37.297,38.683,53046.0,114261084.0,20.75,21.82,20.75,21.54,True,国投中鲁,False
2026-04-30,38.262,39.438,37.542,39.052,55153.0,119957775.0,21.3,21.97,20.89,21.75,True,国投中鲁,False
2026-05-06,39.49,39.824,39.052,39.385,51949.0,113976106.0,22.0,22.19,21.75,21.94,True,国投中鲁,False
2026-05-07,39.385,41.772,39.385,40.649,65169.0,147672954.0,21.94,23.3,21.94,22.66,True,国投中鲁,False
2026-05-08,40.456,42.298,40.28,41.807,61985.0,144549020.0,22.55,23.6,22.45,23.32,True,国投中鲁,False
2026-05-11,41.824,44.194,41.789,43.299,74878.0,180980126.0,23.33,24.68,23.31,24.17,True,国投中鲁,False
2026-05-12,43.0,43.878,42.702,43.79,57787.0,141289215.0,24.0,24.5,23.83,24.45,True,国投中鲁,False
2026-05-13,43.878,46.3,43.211,44.071,119629.0,294406969.0,24.5,25.88,24.12,24.61,True,国投中鲁,False
2026-05-14,44.545,45.089,42.825,42.895,103271.0,247230774.0,24.88,25.19,23.9,23.94,True,国投中鲁,False
2026-05-15,42.86,45.071,42.649,44.106,99905.0,246066015.0,23.92,25.18,23.8,24.63,True,国投中鲁,False
2026-05-18,44.123,45.633,44.123,45.527,85223.0,216807312.0,24.64,25.5,24.64,25.44,True,国投中鲁,False
2026-05-19,45.527,46.124,44.387,45.001,60589.0,152320746.0,25.44,25.78,24.79,25.14,True,国投中鲁,False
2026-05-20,44.632,49.406,44.632,49.406,101087.0,279505555.0,24.93,27.65,24.93,27.65,True,国投中鲁,False
2026-05-21,49.88,51.723,45.721,46.229,193780.0,500727520.0,27.92,28.97,25.55,25.84,True,国投中鲁,False
2026-05-22,46.229,47.616,44.755,47.142,116804.0,307895344.0,25.84,26.63,25.0,26.36,True,国投中鲁,False
2026-05-25,46.861,48.353,46.51,47.809,88754.0,237328196.0,26.2,27.05,26.0,26.74,True,国投中鲁,False
2026-05-26,47.195,47.739,45.001,45.949,95957.0,246417576.0,26.39,26.7,25.14,25.68,True,国投中鲁,False
2026-05-27,46.177,47.335,44.422,45.264,91688.0,231878952.0,25.81,26.47,24.81,25.29,True,国投中鲁,False
2026-05-28,44.404,46.229,44.404,45.949,50177.0,128854536.0,24.8,25.84,24.8,25.68,True,国投中鲁,False
2026-05-29,45.843,46.493,44.58,45.071,52347.0,131809746.0,25.62,25.99,24.9,25.18,True,国投中鲁,False
2026-06-01,45.194,47.37,45.159,45.914,65722.0,168642652.0,25.25,26.49,25.23,25.66,True,国投中鲁,False
2026-06-02,45.808,46.142,43.878,44.65,65617.0,163648798.0,25.6,25.79,24.5,24.94,True,国投中鲁,False
2026-06-03,44.65,45.492,43.878,44.141,47815.0,117863975.0,24.94,25.42,24.5,24.65,True,国投中鲁,False
2026-06-04,44.457,44.457,43.141,43.334,44501.0,107647919.0,24.83,24.83,24.08,24.19,True,国投中鲁,False
2026-06-05,43.702,43.843,42.123,43.351,41851.0,101279420.0,24.4,24.48,23.5,24.2,True,国投中鲁,False
2026-06-08,42.105,42.684,41.158,41.965,48119.0,112646579.0,23.49,23.82,22.95,23.41,True,国投中鲁,False
2026-06-09,42.298,44.369,41.789,44.211,55234.0,136372746.0,23.6,24.78,23.31,24.69,True,国投中鲁,False
2026-06-10,43.878,44.703,43.351,44.281,39084.0,96654732.0,24.5,24.97,24.2,24.73,True,国投中鲁,False
2026-06-11,43.772,44.545,42.158,42.702,39568.0,94290544.0,24.44,24.88,23.52,23.83,True,国投中鲁,False
2026-06-12,43.264,46.879,43.264,46.879,57938.0,151855498.0,24.15,26.21,24.15,26.21,True,国投中鲁,False
2026-06-15,47.774,47.774,44.632,45.914,109773.0,281677518.0,26.72,26.72,24.93,25.66,True,国投中鲁,False
2026-06-16,45.949,46.265,44.246,44.597,77803.0,193807273.0,25.68,25.86,24.71,24.91,True,国投中鲁,False
2026-06-17,43.281,47.388,42.965,45.65,91619.0,233720069.0,24.16,26.5,23.98,25.51,True,国投中鲁,False
2026-06-18,46.458,47.546,45.194,46.616,80789.0,210536134.0,25.97,26.59,25.25,26.06,True,国投中鲁,False
2026-06-22,46.686,46.686,44.773,45.563,67593.0,172091778.0,26.1,26.1,25.01,25.46,True,国投中鲁,False
2026-06-23,45.176,47.3,44.422,44.861,71530.0,179254180.0,25.24,26.45,24.81,25.06,True,国投中鲁,False
2026-06-24,44.738,44.738,41.719,42.93,87342.0,209271432.0,24.99,24.99,23.27,23.96,True,国投中鲁,False
2026-06-25,43.176,47.142,42.298,47.142,114021.0,300559356.0,24.1,26.36,23.6,26.36,True,国投中鲁,False
2026-06-26,48.897,51.775,48.09,51.775,98970.0,287013000.0,27.36,29.0,26.9,29.0,True,国投中鲁,False
2026-06-29,54.408,56.865,50.02,51.81,430069.0,1248060238.0,30.5,31.9,28.0,29.02,True,国投中鲁,False
2026-06-30,52.056,54.197,49.125,53.829,323060.0,974672020.0,29.16,30.38,27.49,30.17,True,国投中鲁,False
2026-07-01,51.266,55.9,49.178,52.39,316045.0,927592075.0,28.71,31.35,27.52,29.35,True,国投中鲁,False
2026-07-02,50.055,52.986,49.757,50.88,222271.0,633250079.0,28.02,29.69,27.85,28.49,True,国投中鲁,False
2026-07-03,50.88,50.915,48.002,48.265,145053.0,391643100.0,28.49,28.51,26.85,27.0,True,国投中鲁,False
2026-07-06,47.704,48.423,44.983,45.001,133222.0,334920108.0,26.68,27.09,25.13,25.14,True,国投中鲁,False
2026-07-07,45.282,45.914,43.474,44.387,70924.0,175820596.0,25.3,25.66,24.27,24.79,True,国投中鲁,False
2026-07-08,44.422,44.931,42.07,42.123,71636.0,168344600.0,24.81,25.1,23.47,23.5,True,国投中鲁,False
2026-07-09,43.404,43.404,40.368,42.281,71702.0,169145018.0,24.23,24.23,22.5,23.59,True,国投中鲁,False
2026-07-10,42.737,46.423,42.316,44.106,162648.0,400602024.0,23.85,25.95,23.61,24.63,True,国投中鲁,False
2026-07-13,43.141,47.212,43.141,45.282,154413.0,390664890.0,24.08,26.4,24.08,25.3,True,国投中鲁,False
2026-07-14,44.159,46.423,42.597,45.019,105956.0,266479340.0,24.66,25.95,23.77,25.15,True,国投中鲁,False
2026-07-15,45.019,46.984,43.72,45.896,91356.0,234328140.0,25.15,26.27,24.41,25.65,True,国投中鲁,False
2026-07-16,45.861,45.861,42.79,42.93,85512.0,204886752.0,25.63,25.63,23.88,23.96,True,国投中鲁,False
2026-07-17,42.456,42.948,38.753,39.525,91996.0,202575192.0,23.69,23.97,21.58,22.02,True,国投中鲁,False
2026-07-20,39.841,40.684,35.805,36.314,104915.0,211823385.0,22.2,22.68,19.9,20.19,True,国投中鲁,False
2026-07-21,36.823,37.648,34.05,37.402,99573.0,207211413.0,20.48,20.95,18.9,20.81,True,国投中鲁,False
2026-07-22,37.49,38.35,35.875,36.156,62562.0,125749620.0,20.86,21.35,19.94,20.1,True,国投中鲁,False
2026-07-23,37.735,39.683,37.507,39.683,28093.0,62113623.0,21.0,22.11,20.87,22.11,True,国投中鲁,False
2026-07-24,43.544,43.562,38.297,38.49,145125.0,311002875.0,24.31,24.32,21.32,21.43,True,国投中鲁,False
2026-07-27,38.367,42.246,38.367,42.246,81705.0,192578685.0,21.36,23.57,21.36,23.57,True,国投中鲁,False
2026-07-28,42.79,44.018,41.965,42.298,132447.0,312574920.0,23.88,24.58,23.41,23.6,True,国投中鲁,False
2026-07-29,42.298,44.404,41.772,42.965,81981.0,196590438.0,23.6,24.8,23.3,23.98,True,国投中鲁,False
2026-07-30,42.948,43.579,41.175,41.193,75296.0,172954912.0,23.97,24.33,22.96,22.97,True,国投中鲁,False
2026-07-31,43.615,43.86,42.175,43.597,83047.0,202136398.0,24.35,24.49,23.53,24.34,True,国投中鲁,False
2026-08-03,44.474,47.862,44.474,47.862,119132.0,318916364.0,24.84,26.77,24.84,26.77,True,国投中鲁,False
2026-08-04,48.704,49.634,47.23,49.336,118618.0,327504298.0,27.25,27.78,26.41,27.61,True,国投中鲁,False
2026-08-05,49.108,51.951,48.88,51.547,105982.0,305970034.0,27.48,29.1,27.35,28.87,True,国投中鲁,False
2026-08-06,51.635,56.619,51.565,54.425,214863.0,655547013.0,28.92,31.76,28.88,30.51,True,国投中鲁,False
2026-08-07,54.25,54.653,49.81,50.354,261802.0,738019838.0,30.41,30.64,27.88,28.19,True,国投中鲁,False
2026-08-10,51.758,51.758,47.388,50.284,171851.0,483760565.0,28.99,28.99,26.5,28.15,True,国投中鲁,False
2026-08-11,49.792,51.758,48.493,51.442,121070.0,348802670.0,27.87,28.99,27.13,28.81,True,国投中鲁,False
2026-08-12,53.513,53.548,49.406,49.897,138445.0,386676885.0,29.99,30.01,27.65,27.93,True,国投中鲁,False
2026-08-13,49.757,49.827,45.966,46.089,158664.0,408718464.0,27.85,27.89,25.69,25.76,True,国投中鲁,False
2026-08-14,45.949,46.475,45.001,46.054,83387.0,214638138.0,25.68,25.98,25.14,25.74,True,国投中鲁,False
2026-08-17,46.071891996892,47.16330380730381,45.17729215229216,47.07384382284382,80098.0,207200000.0,25.75,26.36,25.25,26.31,True,国投中鲁,True
2026-08-24,45.49934809634809,49.63239937839937,45.49934809634809,46.411839937839936,123654.0,326130000.0,25.43,27.74,25.43,25.94,True,国投中鲁,True
2026-08-25,45.80351204351204,46.680219891219885,44.568964257964254,46.55497591297591,68249.0,174670000.0,25.6,26.09,24.91,26.02,True,国投中鲁,True
2026-08-27,47.39589976689977,47.39589976689977,44.658424242424246,45.33832012432013,101321.0,256190000.0,26.49,26.49,24.96,25.34,True,国投中鲁,True
