date,open,high,low,close,volume,amount,raw_open,raw_high,raw_low,raw_close,tradable,name,provisional
2015-01-05,7.92,8.31,7.82,8.13,1380454.0,1102982746.0,7.78,8.17,7.68,7.99,True,中国西电,False
2015-01-06,8.2,8.7,8.05,8.34,1740637.0,1427322339.9999998,8.06,8.56,7.91,8.2,True,中国西电,False
2015-01-07,8.19,8.72,8.1,8.62,1845518.0,1564999264.0,8.05,8.58,7.96,8.48,True,中国西电,False
2015-01-08,8.54,8.67,8.09,8.1,1419482.0,1129907672.0,8.4,8.53,7.95,7.96,True,中国西电,False
2015-01-09,8.0,8.09,7.74,7.76,1425975.0,1086592950.0,7.86,7.95,7.6,7.62,True,中国西电,False
2015-01-12,7.54,7.58,7.22,7.26,1055006.0,751164272.0,7.4,7.44,7.08,7.12,True,中国西电,False
2015-01-13,7.26,7.42,7.17,7.26,581241.0,413843592.0,7.12,7.28,7.03,7.12,True,中国西电,False
2015-01-14,7.22,7.32,7.17,7.23,434315.0,307929335.0,7.08,7.18,7.03,7.09,True,中国西电,False
2015-01-15,7.26,7.45,7.25,7.44,543947.0,397081310.0,7.12,7.31,7.11,7.3,True,中国西电,False
2015-01-16,7.6,7.84,7.55,7.71,958886.0,725876702.0,7.46,7.7,7.41,7.57,True,中国西电,False
2015-01-19,7.45,7.8,6.95,7.08,1164230.0,807975620.0,7.31,7.66,6.81,6.94,True,中国西电,False
2015-01-20,7.12,7.35,7.12,7.26,691922.0,492648464.0,6.98,7.21,6.98,7.12,True,中国西电,False
2015-01-21,7.28,7.55,7.2,7.52,786877.0,580715226.0,7.14,7.41,7.06,7.38,True,中国西电,False
2015-01-22,7.53,7.57,7.34,7.5,646048.0,475491328.0,7.39,7.43,7.2,7.36,True,中国西电,False
2015-01-23,7.56,7.71,7.44,7.55,829621.0,614749161.0,7.42,7.57,7.3,7.41,True,中国西电,False
2015-01-26,7.49,7.6,7.47,7.59,506332.0,377217340.0,7.35,7.46,7.33,7.45,True,中国西电,False
2015-01-27,7.58,7.67,7.37,7.57,663631.0,493077833.0,7.44,7.53,7.23,7.43,True,中国西电,False
2015-01-28,7.48,7.51,7.32,7.35,514285.0,370799485.0,7.34,7.37,7.18,7.21,True,中国西电,False
2015-01-29,7.29,7.34,7.14,7.28,510443.0,364456302.0,7.15,7.2,7.0,7.14,True,中国西电,False
2015-01-30,7.32,7.4,7.19,7.2,492970.0,348036820.0,7.18,7.26,7.05,7.06,True,中国西电,False
2015-02-02,7.12,7.12,6.8,6.82,548303.0,366266404.0,6.98,6.98,6.66,6.68,True,中国西电,False
2015-02-03,6.86,6.97,6.78,6.94,432844.0,294333920.0,6.72,6.83,6.64,6.8,True,中国西电,False
2015-02-04,6.99,7.0,6.74,6.79,480722.0,319680130.0,6.85,6.86,6.6,6.65,True,中国西电,False
2015-02-05,6.91,6.94,6.54,6.55,591106.0,378898946.0,6.77,6.8,6.4,6.41,True,中国西电,False
2015-02-06,6.5,6.54,6.27,6.36,581528.0,361710416.0,6.36,6.4,6.13,6.22,True,中国西电,False
2015-02-09,6.31,6.44,6.23,6.35,414050.0,257125050.0,6.17,6.3,6.09,6.21,True,中国西电,False
2015-02-10,6.36,6.45,6.31,6.42,434742.0,273017976.0,6.22,6.31,6.17,6.28,True,中国西电,False
2015-02-11,6.45,6.55,6.4,6.54,340784.0,218101760.0,6.31,6.41,6.26,6.4,True,中国西电,False
2015-02-12,6.54,6.61,6.46,6.54,254906.0,163139840.0,6.4,6.47,6.32,6.4,True,中国西电,False
2015-02-13,6.56,6.72,6.56,6.62,383017.0,248195016.00000003,6.42,6.58,6.42,6.48,True,中国西电,False
2015-02-16,6.62,6.7,6.61,6.67,254922.0,166464066.0,6.48,6.56,6.47,6.53,True,中国西电,False
2015-02-17,6.72,6.74,6.65,6.68,285499.0,186716346.0,6.58,6.6,6.51,6.54,True,中国西电,False
2015-02-25,6.72,6.73,6.59,6.68,299406.0,195811524.0,6.58,6.59,6.45,6.54,True,中国西电,False
2015-02-26,6.66,7.32,6.64,7.15,942654.0,660800454.0,6.52,7.18,6.5,7.01,True,中国西电,False
2015-02-27,7.15,7.21,7.05,7.12,502546.0,350777108.0,7.01,7.07,6.91,6.98,True,中国西电,False
2015-03-02,7.23,7.24,7.07,7.2,511362.0,361021572.0,7.09,7.1,6.93,7.06,True,中国西电,False
2015-03-03,7.19,7.23,7.04,7.07,585541.0,405779913.0,7.05,7.09,6.9,6.93,True,中国西电,False
2015-03-04,7.12,7.17,7.01,7.1,333467.0,232093032.0,6.98,7.03,6.87,6.96,True,中国西电,False
2015-03-05,7.06,7.09,6.84,6.95,432922.0,294819882.0,6.92,6.95,6.7,6.81,True,中国西电,False
2015-03-06,6.97,7.0,6.87,6.89,291344.0,196657200.0,6.83,6.86,6.73,6.75,True,中国西电,False
2015-03-09,6.85,6.97,6.74,6.94,375575.0,255391000.0,6.71,6.83,6.6,6.8,True,中国西电,False
2015-03-10,6.91,7.03,6.9,6.94,318033.0,216262440.0,6.77,6.89,6.76,6.8,True,中国西电,False
2015-03-11,6.96,7.06,6.95,6.99,324443.0,222243455.0,6.82,6.92,6.81,6.85,True,中国西电,False
2015-03-12,7.02,7.04,6.96,7.03,347945.0,239734105.0,6.88,6.9,6.82,6.89,True,中国西电,False
2015-03-13,7.06,7.18,7.06,7.09,401027.0,278713765.0,6.92,7.04,6.92,6.95,True,中国西电,False
2015-03-16,7.14,7.18,7.08,7.17,505485.0,355355955.0,7.0,7.04,6.94,7.03,True,中国西电,False
2015-03-17,7.22,7.54,7.18,7.39,1019172.0,738899700.0,7.08,7.4,7.04,7.25,True,中国西电,False
2015-03-18,7.41,7.53,7.35,7.52,805016.0,594101808.0,7.27,7.39,7.21,7.38,True,中国西电,False
2015-03-19,7.56,7.85,7.45,7.73,1258100.0,954897900.0,7.42,7.71,7.31,7.59,True,中国西电,False
2015-03-20,7.89,8.03,7.72,7.79,1131505.0,865601325.0,7.75,7.89,7.58,7.65,True,中国西电,False
2015-03-23,7.76,7.98,7.74,7.94,1043053.0,813581340.0,7.62,7.84,7.6,7.8,True,中国西电,False
2015-03-24,7.95,7.98,7.57,7.76,1150323.0,876546126.0,7.81,7.84,7.43,7.62,True,中国西电,False
2015-03-25,7.75,7.75,7.51,7.58,806576.0,600092544.0,7.61,7.61,7.37,7.44,True,中国西电,False
2015-03-26,7.54,7.95,7.44,7.74,1039833.0,790273080.0,7.4,7.81,7.3,7.6,True,中国西电,False
2015-03-27,7.74,7.93,7.66,7.83,925249.89,711517165.4100001,7.6,7.79,7.52,7.69,True,中国西电,False
2015-03-30,7.93,8.45,7.93,8.36,1910480.0,1570414560.0000002,7.79,8.31,7.79,8.22,True,中国西电,False
2015-03-31,8.36,8.5,8.14,8.23,1394543.0,1128185287.0,8.22,8.36,8.0,8.09,True,中国西电,False
2015-04-01,8.23,9.03,8.16,8.78,2123602.0,1834792128.0,8.09,8.89,8.02,8.64,True,中国西电,False
2015-04-02,8.84,8.85,8.46,8.74,1729131.0,1487052660.0,8.7,8.71,8.32,8.6,True,中国西电,False
2015-04-03,8.64,8.74,8.45,8.6,998434.0,844675164.0000001,8.5,8.6,8.31,8.46,True,中国西电,False
2015-04-07,8.61,8.68,8.54,8.64,1041648.0,885400800.0,8.47,8.54,8.4,8.5,True,中国西电,False
2015-04-08,8.64,8.83,8.54,8.67,1315962.0,1122515586.0,8.5,8.69,8.4,8.53,True,中国西电,False
2015-04-09,8.65,8.65,8.07,8.2,1269625.0,1023317750.0,8.51,8.51,7.93,8.06,True,中国西电,False
2015-04-10,8.2,8.47,8.14,8.37,747602.0,615276446.0,8.06,8.33,8.0,8.23,True,中国西电,False
2015-04-13,8.37,8.52,8.35,8.43,885174.0,733809245.9999999,8.23,8.38,8.21,8.29,True,中国西电,False
2015-04-14,8.44,8.98,8.38,8.9,1907344.0,1670833344.0,8.3,8.84,8.24,8.76,True,中国西电,False
2015-04-15,8.92,9.33,8.57,9.04,2212530.0,1969151700.0,8.78,9.19,8.43,8.9,True,中国西电,False
2015-04-16,8.77,9.89,8.77,9.72,2419061.0,2317460438.0,8.63,9.75,8.63,9.58,True,中国西电,False
2015-04-17,9.79,10.33,9.76,9.92,2571231.0,2514663918.0,9.65,10.19,9.62,9.78,True,中国西电,False
2015-04-20,9.89,10.9,9.42,10.88,3142510.0,3375055740.0,9.75,10.76,9.28,10.74,True,中国西电,False
2015-04-21,10.84,11.42,10.54,10.78,2234547.0,2377558008.0,10.7,11.28,10.4,10.64,True,中国西电,False
2015-04-22,10.79,11.84,10.79,11.84,1409864.0,1649540880.0,10.65,11.7,10.65,11.7,True,中国西电,False
2015-04-23,12.13,13.0,11.94,12.42,2845491.0,3494262948.0,11.99,12.86,11.8,12.28,True,中国西电,False
2015-04-24,11.94,12.65,11.64,12.21,1796505.0,2168381535.0,11.8,12.51,11.5,12.07,True,中国西电,False
2015-04-27,12.21,12.79,12.03,12.75,2394027.0,3018868047.0,12.07,12.65,11.89,12.61,True,中国西电,False
2015-04-28,12.77,13.1,12.14,12.19,1965361.0,2368260005.0,12.63,12.96,12.0,12.05,True,中国西电,False
2015-04-29,11.84,11.94,11.25,11.58,1394387.0,1595178728.0,11.7,11.8,11.11,11.44,True,中国西电,False
2015-04-30,11.6,12.09,11.6,11.7,1245420.0,1439705520.0,11.46,11.95,11.46,11.56,True,中国西电,False
2015-05-04,11.54,12.09,11.16,11.7,1190298.0,1375984488.0,11.4,11.95,11.02,11.56,True,中国西电,False
2015-05-05,11.73,11.83,10.7,10.8,1227074.0,1308060884.0,11.59,11.69,10.56,10.66,True,中国西电,False
2015-05-06,10.8,11.02,10.06,10.25,1050322.0,1061875542.0,10.66,10.88,9.92,10.11,True,中国西电,False
2015-05-07,10.26,10.44,9.82,9.85,978794.0,950408974.0,10.12,10.3,9.68,9.71,True,中国西电,False
2015-05-08,9.99,10.18,9.82,10.13,841450.0,840608550.0,9.85,10.04,9.68,9.99,True,中国西电,False
2015-05-11,10.32,10.82,10.07,10.81,1091069.0,1164170623.0,10.18,10.68,9.93,10.67,True,中国西电,False
2015-05-12,10.91,11.88,10.83,11.88,1839321.0,2159362854.0,10.77,11.74,10.69,11.74,True,中国西电,False
2015-05-13,12.14,12.34,11.33,11.48,2192578.0,2486383452.0,12.0,12.2,11.19,11.34,True,中国西电,False
2015-05-14,11.4,12.14,11.16,11.66,1340609.0,1544381568.0,11.26,12.0,11.02,11.52,True,中国西电,False
2015-05-15,11.44,11.54,11.04,11.13,1011484.0,1111620916.0,11.3,11.4,10.9,10.99,True,中国西电,False
2015-05-18,11.09,11.48,10.92,11.0,891703.0,968389458.0,10.95,11.34,10.78,10.86,True,中国西电,False
2015-05-19,10.8,11.79,10.75,11.71,1397498.0,1616905186.0,10.66,11.65,10.61,11.57,True,中国西电,False
2015-05-20,11.74,12.04,11.52,11.68,1529215.0,1764714109.9999998,11.6,11.9,11.38,11.54,True,中国西电,False
2015-05-21,11.74,11.92,11.49,11.9,1267230.0,1490262480.0,11.6,11.78,11.35,11.76,True,中国西电,False
2015-05-22,11.96,12.32,11.75,12.15,1750776.0,2102681976.0,11.82,12.18,11.61,12.01,True,中国西电,False
2015-05-25,12.15,12.63,12.09,12.55,1796673.0,2229671193.0,12.01,12.49,11.95,12.41,True,中国西电,False
2015-05-26,12.64,13.02,12.27,12.64,1963819.0,2454773750.0,12.5,12.88,12.13,12.5,True,中国西电,False
2015-05-27,12.6,12.64,12.02,12.1,1986298.0,2375612408.0,12.46,12.5,11.88,11.96,True,中国西电,False
2015-05-28,12.04,12.33,10.95,10.97,1569333.0,1699587639.0,11.9,12.19,10.81,10.83,True,中国西电,False
2015-05-29,10.97,11.23,10.09,10.76,1158513.0,1230340806.0,10.83,11.09,9.95,10.62,True,中国西电,False
2015-06-01,10.79,11.72,10.79,11.6,1024259.0,1173800814.0,10.65,11.58,10.65,11.46,True,中国西电,False
2015-06-02,11.64,12.12,11.54,11.92,1064486.0,1253964508.0,11.5,11.98,11.4,11.78,True,中国西电,False
2015-06-03,11.92,12.02,11.61,11.82,934483.0,1091476144.0,11.78,11.88,11.47,11.68,True,中国西电,False
2015-06-04,12.21,12.99,11.35,12.99,2673563.0,3435528455.0,12.07,12.85,11.21,12.85,True,中国西电,False
2015-06-05,13.64,14.28,13.14,14.28,4682831.0,6621523034.0,13.5,14.14,13.0,14.14,True,中国西电,False
2015-06-08,14.25,14.34,13.25,13.69,3169706.0,4263254570.0,14.01,14.1,13.01,13.45,True,中国西电,False
2015-06-09,13.71,14.19,13.34,13.96,2226490.0,3054744280.0,13.47,13.95,13.1,13.72,True,中国西电,False
2015-06-10,13.69,13.85,13.26,13.55,1433622.0,1908150882.0,13.45,13.61,13.02,13.31,True,中国西电,False
2015-06-11,13.32,13.52,13.11,13.48,1334442.0,1766801208.0,13.08,13.28,12.87,13.24,True,中国西电,False
2015-06-12,13.53,13.86,13.32,13.61,1675972.0,2240774564.0,13.29,13.62,13.08,13.37,True,中国西电,False
2015-06-15,13.68,14.63,13.16,13.66,2258167.0,3030460114.0,13.44,14.39,12.92,13.42,True,中国西电,False
2015-06-16,13.55,14.12,12.32,12.42,2563054.0,3121799772.0,13.31,13.88,12.08,12.18,True,中国西电,False
2015-06-17,12.52,13.14,12.09,13.01,1700475.0,2171506575.0,12.28,12.9,11.85,12.77,True,中国西电,False
2015-06-18,13.01,13.02,12.32,12.4,1050413.0,1277302208.0,12.77,12.78,12.08,12.16,True,中国西电,False
2015-06-19,12.02,12.29,11.24,11.3,1207318.0,1335293708.0,11.78,12.05,11.0,11.06,True,中国西电,False
2015-06-23,11.3,11.59,10.24,11.55,1068039.0,1207952109.0,11.06,11.35,10.0,11.31,True,中国西电,False
2015-06-24,11.68,12.39,11.59,12.14,1468583.0,1747613770.0,11.44,12.15,11.35,11.9,True,中国西电,False
2015-06-25,12.2,12.29,11.32,11.63,1202085.0,1369174815.0,11.96,12.05,11.08,11.39,True,中国西电,False
2015-06-26,11.24,11.42,10.49,10.49,1101217.0,1128747425.0,11.0,11.18,10.25,10.25,True,中国西电,False
2015-06-29,10.87,10.92,9.47,9.6,1363452.0,1276191072.0,10.63,10.68,9.23,9.36,True,中国西电,False
2015-06-30,9.62,10.51,8.7,10.49,1416937.0,1452360425.0,9.38,10.27,8.46,10.25,True,中国西电,False
2015-07-01,10.24,10.9,9.69,9.82,1246112.0,1193775296.0,10.0,10.66,9.45,9.58,True,中国西电,False
2015-07-02,9.96,10.14,8.9,9.07,1152511.0,1017667213.0,9.72,9.9,8.66,8.83,True,中国西电,False
2015-07-03,8.86,9.51,8.19,8.22,1309690.0,1045132620.0,8.62,9.27,7.95,7.98,True,中国西电,False
2015-07-06,9.02,9.02,7.64,8.32,1415227.0,1143503416.0,8.78,8.78,7.4,8.08,True,中国西电,False
2015-07-07,8.04,8.31,7.51,7.76,1812990.0,1363368480.0,7.8,8.07,7.27,7.52,True,中国西电,False
2015-07-08,7.01,7.12,7.01,7.01,1021943.0,691855411.0,6.77,6.88,6.77,6.77,True,中国西电,False
2015-07-09,7.01,7.69,6.4,7.69,1581145.0,1177953025.0,6.77,7.45,6.16,7.45,True,中国西电,False
2015-07-10,8.04,8.44,7.7,8.44,1192755.0,978059100.0,7.8,8.2,7.46,8.2,True,中国西电,False
2015-07-13,8.8,9.26,8.52,9.26,1750501.0,1578951902.0,8.56,9.02,8.28,9.02,True,中国西电,False
2015-07-14,9.06,9.54,8.71,8.81,1692833.0,1450757881.0,8.82,9.3,8.47,8.57,True,中国西电,False
2015-07-15,8.54,8.64,7.95,7.95,1064188.0,820488948.0,8.3,8.4,7.71,7.71,True,中国西电,False
2015-07-16,7.95,8.44,7.44,8.19,884634.0,703284030.0,7.71,8.2,7.2,7.95,True,中国西电,False
2015-07-17,8.23,8.84,8.22,8.73,808234.0,686190666.0,7.99,8.6,7.98,8.49,True,中国西电,False
2015-07-20,8.9,9.58,8.73,9.49,1581838.0,1463200150.0,8.66,9.34,8.49,9.25,True,中国西电,False
2015-07-21,9.32,9.57,9.14,9.35,1212496.0,1104583856.0,9.08,9.33,8.9,9.11,True,中国西电,False
2015-07-22,9.32,9.41,8.92,9.25,1129546.0,1017720946.0,9.08,9.17,8.68,9.01,True,中国西电,False
2015-07-23,9.25,9.64,9.21,9.48,1148251.0,1060983924.0,9.01,9.4,8.97,9.24,True,中国西电,False
2015-07-24,9.49,9.8,9.11,9.25,1292808.0,1164820008.0,9.25,9.56,8.87,9.01,True,中国西电,False
2015-07-27,8.95,9.2,8.35,8.35,1078818.0,874921397.9999999,8.71,8.96,8.11,8.11,True,中国西电,False
2015-07-28,7.99,8.44,7.56,7.99,1185770.0,918971750.0,7.75,8.2,7.32,7.75,True,中国西电,False
2015-07-29,8.12,8.77,7.94,8.66,865312.0,728592704.0,7.88,8.53,7.7,8.42,True,中国西电,False
2015-07-30,8.82,9.07,8.48,8.64,999657.0,839711880.0,8.58,8.83,8.24,8.4,True,中国西电,False
2015-07-31,8.5,8.74,8.31,8.64,656176.0,551187840.0,8.26,8.5,8.07,8.4,True,中国西电,False
2015-08-03,8.45,9.0,8.44,8.96,888014.0,774348208.0,8.21,8.76,8.2,8.72,True,中国西电,False
2015-08-04,8.94,9.49,8.76,9.37,1016141.0,927736733.0,8.7,9.25,8.52,9.13,True,中国西电,False
2015-08-05,9.28,9.39,8.91,8.95,778982.0,678493322.0000001,9.04,9.15,8.67,8.71,True,中国西电,False
2015-08-06,8.77,8.99,8.67,8.75,472764.0,402322164.0,8.53,8.75,8.43,8.51,True,中国西电,False
2015-08-07,8.87,9.3,8.87,9.07,799550.0,706002650.0,8.63,9.06,8.63,8.83,True,中国西电,False
2015-08-10,9.22,9.74,9.15,9.63,1270966.0,1193437074.0,8.98,9.5,8.91,9.39,True,中国西电,False
2015-08-11,9.61,9.81,9.49,9.58,1085222.0,1013597348.0,9.37,9.57,9.25,9.34,True,中国西电,False
2015-08-12,9.76,10.09,9.59,9.64,1263438.0,1187631720.0,9.52,9.85,9.35,9.4,True,中国西电,False
2015-08-13,9.54,9.81,9.33,9.79,948918.0,906216690.0,9.3,9.57,9.09,9.55,True,中国西电,False
2015-08-14,9.79,9.94,9.56,9.61,911808.0,854364095.9999999,9.55,9.7,9.32,9.37,True,中国西电,False
2015-08-17,9.59,9.72,9.29,9.59,772015.0,721834025.0,9.35,9.48,9.05,9.35,True,中国西电,False
2015-08-18,9.58,9.7,8.66,8.66,916708.0,771868136.0,9.34,9.46,8.42,8.42,True,中国西电,False
2015-08-19,8.32,8.86,7.95,8.79,785416.0,671530680.0,8.08,8.62,7.71,8.55,True,中国西电,False
2015-08-20,8.72,8.72,8.22,8.26,509874.0,408918948.0,8.48,8.48,7.98,8.02,True,中国西电,False
2015-08-21,8.13,8.23,7.75,7.88,585387.0,447235668.0,7.89,7.99,7.51,7.64,True,中国西电,False
2015-08-24,7.59,7.62,7.12,7.12,582514.0,400769632.0,7.35,7.38,6.88,6.88,True,中国西电,False
2015-08-25,6.49,6.67,6.43,6.43,533700.0,330360300.0,6.25,6.43,6.19,6.19,True,中国西电,False
2015-08-26,6.54,6.69,5.83,5.98,776900.0,445940600.0,6.3,6.45,5.59,5.74,True,中国西电,False
2015-08-27,6.19,6.34,5.84,6.32,597697.0,363399776.0,5.95,6.1,5.6,6.08,True,中国西电,False
2015-08-28,6.42,6.93,6.32,6.93,802908.0,537145452.0,6.18,6.69,6.08,6.69,True,中国西电,False
2015-08-31,6.86,7.24,6.6,7.21,884268.0,616334796.0,6.62,7.0,6.36,6.97,True,中国西电,False
2015-09-01,7.04,7.26,6.57,7.19,987174.0,686085930.0,6.8,7.02,6.33,6.95,True,中国西电,False
2015-09-02,6.83,7.59,6.73,7.32,1090418.0,772015944.0,6.59,7.35,6.49,7.08,True,中国西电,False
2015-09-07,7.3,7.73,7.2,7.26,401861.0,282106422.0,7.06,7.49,6.96,7.02,True,中国西电,False
2015-09-08,7.26,7.54,6.92,7.43,337874.0,242931406.0,7.02,7.3,6.68,7.19,True,中国西电,False
2015-09-09,7.46,7.63,7.38,7.48,449868.0,325704432.0,7.22,7.39,7.14,7.24,True,中国西电,False
2015-09-10,7.38,7.54,7.2,7.21,304376.0,212150072.0,7.14,7.3,6.96,6.97,True,中国西电,False
2015-09-11,7.21,7.34,7.0,7.15,225418.0,155763838.0,6.97,7.1,6.76,6.91,True,中国西电,False
2015-09-14,7.29,7.36,6.48,6.58,360168.0,228346512.0,7.05,7.12,6.24,6.34,True,中国西电,False
2015-09-15,6.49,6.63,6.05,6.12,324011.0,190518468.0,6.25,6.39,5.81,5.88,True,中国西电,False
2015-09-16,6.19,6.71,6.15,6.65,402095.0,257742895.0,5.95,6.47,5.91,6.41,True,中国西电,False
2015-09-17,6.68,6.88,6.43,6.44,394277.0,244451740.0,6.44,6.64,6.19,6.2,True,中国西电,False
2015-09-18,6.53,6.62,6.39,6.55,251947.0,158978557.0,6.29,6.38,6.15,6.31,True,中国西电,False
2015-09-21,6.46,6.78,6.41,6.74,280884.0,182574600.0,6.22,6.54,6.17,6.5,True,中国西电,False
2015-09-22,6.88,6.93,6.74,6.81,310649.0,204096393.0,6.64,6.69,6.5,6.57,True,中国西电,False
2015-09-23,6.66,6.73,6.48,6.53,279417.0,175753293.0,6.42,6.49,6.24,6.29,True,中国西电,False
2015-09-24,6.6,6.66,6.5,6.6,165101.0,105004236.0,6.36,6.42,6.26,6.36,True,中国西电,False
2015-09-25,6.6,6.62,6.32,6.39,207914.0,127867110.0,6.36,6.38,6.08,6.15,True,中国西电,False
2015-09-28,6.4,6.44,6.28,6.42,120629.0,74548722.0,6.16,6.2,6.04,6.18,True,中国西电,False
2015-09-29,6.33,6.36,6.24,6.26,143777.0,86553754.0,6.09,6.12,6.0,6.02,True,中国西电,False
2015-09-30,6.32,6.35,6.26,6.31,101473.0,61594111.0,6.08,6.11,6.02,6.07,True,中国西电,False
2015-10-08,6.54,6.65,6.47,6.58,240728.0,152621552.0,6.3,6.41,6.23,6.34,True,中国西电,False
2015-10-09,6.52,6.73,6.52,6.69,262931.0,169590495.0,6.28,6.49,6.28,6.45,True,中国西电,False
2015-10-12,6.69,7.11,6.69,6.97,439702.0,295919446.0,6.45,6.87,6.45,6.73,True,中国西电,False
2015-10-13,6.94,7.11,6.83,7.06,425108.0,289923656.0,6.7,6.87,6.59,6.82,True,中国西电,False
2015-10-14,7.05,7.06,6.87,6.88,306439.0,203475496.0,6.81,6.82,6.63,6.64,True,中国西电,False
2015-10-15,6.85,7.13,6.82,7.09,403882.0,276659170.0,6.61,6.89,6.58,6.85,True,中国西电,False
2015-10-16,7.16,7.44,7.13,7.27,551683.0,387833149.0,6.92,7.2,6.89,7.03,True,中国西电,False
2015-10-19,7.34,7.42,7.07,7.18,447502.0,310566388.0,7.1,7.18,6.83,6.94,True,中国西电,False
2015-10-20,7.22,7.41,7.13,7.4,396202.0,283680632.0,6.98,7.17,6.89,7.16,True,中国西电,False
2015-10-21,7.37,7.6,6.84,6.94,651310.0,436377700.0,7.13,7.36,6.6,6.7,True,中国西电,False
2015-10-22,6.96,7.11,6.85,7.1,338447.0,232174642.0,6.72,6.87,6.61,6.86,True,中国西电,False
2015-10-23,7.11,7.21,7.0,7.17,344135.0,238485555.0,6.87,6.97,6.76,6.93,True,中国西电,False
2015-10-26,7.26,7.44,7.19,7.4,495788.0,354984208.0,7.02,7.2,6.95,7.16,True,中国西电,False
2015-10-27,7.34,7.34,6.96,7.23,381131.0,266410569.0,7.1,7.1,6.72,6.99,True,中国西电,False
2015-10-28,7.21,7.27,6.94,7.05,329257.0,224224017.0,6.97,7.03,6.7,6.81,True,中国西电,False
2015-10-29,7.05,7.12,7.0,7.05,226167.0,154019727.0,6.81,6.88,6.76,6.81,True,中国西电,False
2015-10-30,7.05,7.1,6.95,6.97,215700.0,145166100.0,6.81,6.86,6.71,6.73,True,中国西电,False
2015-11-02,6.92,6.98,6.69,6.71,260346.0,168443862.0,6.68,6.74,6.45,6.47,True,中国西电,False
2015-11-03,6.7,6.78,6.64,6.68,164037.0,105639828.0,6.46,6.54,6.4,6.44,True,中国西电,False
2015-11-04,6.72,7.15,6.71,7.07,352412.0,240697396.0,6.48,6.91,6.47,6.83,True,中国西电,False
2015-11-05,7.11,7.75,7.06,7.44,1160074.0,835253280.0,6.87,7.51,6.82,7.2,True,中国西电,False
2015-11-06,7.46,7.57,7.36,7.54,780239.0,569574470.0,7.22,7.33,7.12,7.3,True,中国西电,False
2015-11-09,7.47,7.87,7.47,7.62,850693.0,627811434.0,7.23,7.63,7.23,7.38,True,中国西电,False
2015-11-10,7.53,7.7,7.46,7.64,501157.0,370856180.0,7.29,7.46,7.22,7.4,True,中国西电,False
2015-11-11,7.61,7.66,7.48,7.58,377154.0,276831036.0,7.37,7.42,7.24,7.34,True,中国西电,False
2015-11-12,7.6,7.63,7.44,7.54,433105.0,316166650.0,7.36,7.39,7.2,7.3,True,中国西电,False
2015-11-13,7.47,7.7,7.43,7.49,454037.0,329176825.0,7.23,7.46,7.19,7.25,True,中国西电,False
2015-11-16,7.38,7.52,7.31,7.51,294981.0,214451187.0,7.14,7.28,7.07,7.27,True,中国西电,False
2015-11-17,7.54,7.74,7.52,7.55,603930.0,441472830.0,7.3,7.5,7.28,7.31,True,中国西电,False
2015-11-18,7.56,7.59,7.36,7.38,293876.0,209827464.0,7.32,7.35,7.12,7.14,True,中国西电,False
2015-11-19,7.44,7.49,7.36,7.48,191767.0,138839308.0,7.2,7.25,7.12,7.24,True,中国西电,False
2015-11-20,7.49,7.58,7.46,7.55,317528.0,232112968.0,7.25,7.34,7.22,7.31,True,中国西电,False
2015-11-23,7.54,7.6,7.43,7.45,298086.0,214920006.0,7.3,7.36,7.19,7.21,True,中国西电,False
2015-11-24,7.42,7.44,7.27,7.37,239554.0,170802002.0,7.18,7.2,7.03,7.13,True,中国西电,False
2015-11-25,7.33,7.38,7.31,7.38,208038.0,148539132.0,7.09,7.14,7.07,7.14,True,中国西电,False
2015-11-26,7.41,7.51,7.37,7.4,267621.0,191616636.0,7.17,7.27,7.13,7.16,True,中国西电,False
2015-11-27,7.34,7.38,6.71,6.82,386834.0,254536772.0,7.1,7.14,6.47,6.58,True,中国西电,False
2015-11-30,6.83,6.99,6.46,6.77,293818.0,191863154.0,6.59,6.75,6.22,6.53,True,中国西电,False
2015-12-01,6.8,6.92,6.78,6.88,193674.0,128599536.0,6.56,6.68,6.54,6.64,True,中国西电,False
2015-12-02,6.84,7.12,6.82,7.09,257880.0,176647800.0,6.6,6.88,6.58,6.85,True,中国西电,False
2015-12-03,7.05,7.14,6.98,7.11,179486.0,123306882.0,6.81,6.9,6.74,6.87,True,中国西电,False
2015-12-04,7.09,7.09,6.9,6.97,177802.0,119660746.0,6.85,6.85,6.66,6.73,True,中国西电,False
2015-12-07,6.97,7.02,6.83,6.92,167106.0,111626808.0,6.73,6.78,6.59,6.68,True,中国西电,False
2015-12-08,6.91,6.91,6.74,6.76,172887.0,112722324.0,6.67,6.67,6.5,6.52,True,中国西电,False
2015-12-09,6.74,6.83,6.69,6.75,110780.0,72117780.0,6.5,6.59,6.45,6.51,True,中国西电,False
2015-12-10,6.65,6.84,6.65,6.73,106812.0,69320988.0,6.41,6.6,6.41,6.49,True,中国西电,False
2015-12-11,6.76,6.76,6.57,6.73,159702.0,103646598.0,6.52,6.52,6.33,6.49,True,中国西电,False
2015-12-14,6.64,7.0,6.64,6.97,179664.0,120913872.0,6.4,6.76,6.4,6.73,True,中国西电,False
2015-12-15,6.94,6.98,6.84,6.88,162217.0,107712088.0,6.7,6.74,6.6,6.64,True,中国西电,False
2015-12-16,6.9,7.09,6.9,6.97,242531.0,163223363.0,6.66,6.85,6.66,6.73,True,中国西电,False
2015-12-17,7.04,7.16,7.04,7.09,322793.0,221113205.0,6.8,6.92,6.8,6.85,True,中国西电,False
2015-12-18,7.04,7.1,6.99,7.0,187333.0,126637108.0,6.8,6.86,6.75,6.76,True,中国西电,False
2015-12-21,6.99,7.13,6.94,7.09,245757.0,168343545.0,6.75,6.89,6.7,6.85,True,中国西电,False
2015-12-22,7.1,7.12,7.03,7.11,226698.0,155741526.0,6.86,6.88,6.79,6.87,True,中国西电,False
2015-12-23,7.74,7.8,7.35,7.39,1037486.0,741802490.0,7.5,7.56,7.11,7.15,True,中国西电,False
2015-12-24,7.31,7.34,7.15,7.24,398955.0,279268500.0,7.07,7.1,6.91,7.0,True,中国西电,False
2015-12-25,7.22,7.37,7.18,7.3,282751.0,199622206.0,6.98,7.13,6.94,7.06,True,中国西电,False
2015-12-28,7.32,7.39,7.12,7.12,275279.0,189391952.0,7.08,7.15,6.88,6.88,True,中国西电,False
2015-12-29,7.1,7.15,7.02,7.14,164086.0,113219340.0,6.86,6.91,6.78,6.9,True,中国西电,False
2015-12-30,7.14,7.17,7.07,7.11,149914.0,102990918.0,6.9,6.93,6.83,6.87,True,中国西电,False
2015-12-31,7.11,7.16,7.05,7.05,138439.0,94276959.0,6.87,6.92,6.81,6.81,True,中国西电,False
2016-01-04,7.06,7.07,6.44,6.47,188398.0,116806760.0,6.82,6.83,6.2,6.2,True,中国西电,False
2016-01-05,6.2,6.6,6.13,6.41,271098.0,167267466.0,5.96,6.36,5.89,6.17,True,中国西电,False
2016-01-06,6.44,6.57,6.41,6.55,244044.0,153991764.0,6.2,6.33,6.17,6.31,True,中国西电,False
2016-01-07,6.46,6.46,5.97,6.0,54548.0,31419648.0,6.22,6.22,5.73,5.76,True,中国西电,False
2016-01-08,6.17,6.29,5.92,6.17,248213.0,147190309.0,5.93,6.05,5.68,5.93,True,中国西电,False
2016-01-11,6.06,6.38,5.9,5.93,268264.0,152642216.0,5.82,6.14,5.66,5.69,True,中国西电,False
2016-01-12,5.95,6.1,5.83,6.0,204159.0,117595584.0,5.71,5.86,5.59,5.76,True,中国西电,False
2016-01-13,6.0,6.07,5.84,5.85,162265.0,91030665.0,5.76,5.83,5.6,5.61,True,中国西电,False
2016-01-14,5.7,5.98,5.59,5.93,159082.0,90517658.0,5.46,5.74,5.35,5.69,True,中国西电,False
2016-01-15,5.89,5.93,5.59,5.64,181842.0,98194680.0,5.65,5.69,5.35,5.4,True,中国西电,False
2016-01-18,5.59,5.73,5.54,5.64,126590.0,68358600.0,5.35,5.49,5.3,5.4,True,中国西电,False
2016-01-19,5.63,6.02,5.61,5.92,241540.0,137194720.0,5.39,5.78,5.37,5.68,True,中国西电,False
2016-01-20,5.9,6.06,5.85,5.92,258319.0,146725192.0,5.66,5.82,5.61,5.68,True,中国西电,False
2016-01-21,5.81,5.93,5.54,5.68,201724.0,109737856.0,5.57,5.69,5.3,5.44,True,中国西电,False
2016-01-22,5.76,5.82,5.61,5.74,128733.0,70803150.0,5.52,5.58,5.37,5.5,True,中国西电,False
2016-01-25,5.79,5.83,5.72,5.78,111963.0,62027502.0,5.55,5.59,5.48,5.54,True,中国西电,False
2016-01-26,5.73,5.85,5.52,5.57,234427.0,124949591.0,5.49,5.61,5.28,5.33,True,中国西电,False
2016-01-27,5.53,5.66,5.25,5.48,201993.0,105844332.0,5.29,5.42,5.01,5.24,True,中国西电,False
2016-01-28,5.55,5.55,5.25,5.28,133674.0,67371696.0,5.31,5.31,5.01,5.04,True,中国西电,False
2016-01-29,5.29,5.48,5.29,5.44,150124.0,78064480.0,5.05,5.24,5.05,5.2,True,中国西电,False
2016-02-01,5.41,5.41,5.23,5.3,127890.0,64712339.99999999,5.17,5.17,4.99,5.06,True,中国西电,False
2016-02-02,5.29,5.48,5.29,5.42,116646.0,60422628.0,5.05,5.24,5.05,5.18,True,中国西电,False
2016-02-03,5.35,5.55,5.29,5.48,156598.0,82057352.0,5.11,5.31,5.05,5.24,True,中国西电,False
2016-02-04,5.47,5.6,5.42,5.56,133154.0,70837928.0,5.23,5.36,5.18,5.32,True,中国西电,False
2016-02-05,5.62,5.64,5.5,5.51,88724.0,46757547.99999999,5.38,5.4,5.26,5.27,True,中国西电,False
2016-02-15,5.3,5.45,5.29,5.4,78676.0,40596816.0,5.06,5.21,5.05,5.16,True,中国西电,False
2016-02-16,5.44,5.6,5.43,5.57,135796.0,72379268.0,5.2,5.36,5.19,5.33,True,中国西电,False
2016-02-17,5.58,5.79,5.56,5.67,191632.0,104056176.0,5.34,5.55,5.32,5.43,True,中国西电,False
2016-02-18,5.7,5.72,5.61,5.63,129826.0,69976214.0,5.46,5.48,5.37,5.39,True,中国西电,False
2016-02-19,5.61,5.67,5.59,5.64,86383.0,46646820.0,5.37,5.43,5.35,5.4,True,中国西电,False
2016-02-22,5.68,5.77,5.68,5.75,178224.0,98201424.0,5.44,5.53,5.44,5.51,True,中国西电,False
2016-02-23,5.79,5.8,5.65,5.69,132160.0,72027200.0,5.55,5.56,5.41,5.45,True,中国西电,False
2016-02-24,5.67,5.86,5.65,5.84,235014.0,131607840.0,5.43,5.62,5.41,5.6,True,中国西电,False
2016-02-25,5.83,5.85,5.28,5.33,261809.0,133260781.0,5.59,5.61,5.04,5.09,True,中国西电,False
2016-02-26,5.39,5.43,5.33,5.42,130982.0,67848676.0,5.15,5.19,5.09,5.18,True,中国西电,False
2016-02-29,5.41,5.42,5.2,5.35,172321.0,88056031.0,5.17,5.18,4.96,5.11,True,中国西电,False
2016-03-01,5.35,5.43,5.28,5.4,152556.0,78718896.0,5.11,5.19,5.04,5.16,True,中国西电,False
2016-03-02,5.4,5.63,5.35,5.62,265354.0,142760452.0,5.16,5.39,5.11,5.38,True,中国西电,False
2016-03-03,5.59,5.68,5.56,5.64,206944.0,111749760.0,5.35,5.44,5.32,5.4,True,中国西电,False
2016-03-04,5.66,5.81,5.61,5.76,368167.0,203228184.0,5.42,5.57,5.37,5.52,True,中国西电,False
2016-03-07,5.75,5.87,5.7,5.77,162815.0,90036695.0,5.51,5.63,5.46,5.53,True,中国西电,False
2016-03-08,5.74,5.83,5.58,5.81,143745.0,80065965.0,5.5,5.59,5.34,5.57,True,中国西电,False
2016-03-09,5.73,5.82,5.64,5.82,125135.0,69825330.0,5.49,5.58,5.4,5.58,True,中国西电,False
2016-03-10,5.8,5.81,5.66,5.71,82946.0,45371462.0,5.56,5.57,5.42,5.47,True,中国西电,False
2016-03-11,5.64,5.7,5.61,5.64,71035.0,38358900.0,5.4,5.46,5.37,5.4,True,中国西电,False
2016-03-14,5.71,5.8,5.64,5.76,107763.0,59485175.99999999,5.47,5.56,5.4,5.52,True,中国西电,False
2016-03-15,5.76,5.77,5.65,5.72,97144.0,53234912.00000001,5.52,5.53,5.41,5.48,True,中国西电,False
2016-03-16,5.73,5.8,5.71,5.78,202962.0,112440948.0,5.49,5.56,5.47,5.54,True,中国西电,False
2016-03-17,5.79,5.83,5.73,5.82,140898.0,78621084.0,5.55,5.59,5.49,5.58,True,中国西电,False
2016-03-18,5.82,5.92,5.8,5.84,345581.0,193525360.0,5.58,5.68,5.56,5.6,True,中国西电,False
2016-03-21,5.88,6.01,5.85,5.92,324176.0,184131968.0,5.64,5.77,5.61,5.68,True,中国西电,False
2016-03-22,5.91,6.12,5.86,6.06,371541.0,216236862.0,5.67,5.88,5.62,5.82,True,中国西电,False
2016-03-23,6.02,6.06,5.93,5.99,203632.0,117088400.0,5.78,5.82,5.69,5.75,True,中国西电,False
2016-03-24,5.97,6.0,5.85,5.85,153217.0,85954737.0,5.73,5.76,5.61,5.61,True,中国西电,False
2016-03-25,5.84,5.89,5.8,5.86,120269.0,67591178.0,5.6,5.65,5.56,5.62,True,中国西电,False
2016-03-28,5.88,5.93,5.77,5.8,122032.0,67849792.0,5.64,5.69,5.53,5.56,True,中国西电,False
2016-03-29,5.8,5.83,5.7,5.73,106461.0,58447089.0,5.56,5.59,5.46,5.49,True,中国西电,False
2016-03-30,5.76,5.89,5.76,5.87,121407.0,68352141.0,5.52,5.65,5.52,5.63,True,中国西电,False
2016-03-31,5.91,5.94,5.85,5.86,137105.0,77053010.0,5.67,5.7,5.61,5.62,True,中国西电,False
2016-04-01,5.86,5.95,5.79,5.95,164113.0,93708523.0,5.62,5.71,5.55,5.71,True,中国西电,False
2016-04-05,5.95,6.07,5.92,6.01,289248.0,166896096.0,5.71,5.83,5.68,5.77,True,中国西电,False
2016-04-06,5.99,6.02,5.92,5.97,176638.0,101213574.0,5.75,5.78,5.68,5.73,True,中国西电,False
2016-04-07,5.98,6.0,5.81,5.83,177079.0,98987161.0,5.74,5.76,5.57,5.59,True,中国西电,False
2016-04-08,5.83,5.84,5.74,5.79,137415.0,76265325.0,5.59,5.6,5.5,5.55,True,中国西电,False
2016-04-11,5.83,5.95,5.8,5.89,136731.0,77253015.0,5.59,5.71,5.56,5.65,True,中国西电,False
2016-04-12,5.89,5.93,5.85,5.9,121804.0,68941064.0,5.65,5.69,5.61,5.66,True,中国西电,False
2016-04-13,5.98,6.06,5.93,5.99,293020.0,168486500.0,5.74,5.82,5.69,5.75,True,中国西电,False
2016-04-14,6.02,6.04,5.95,6.01,126270.0,72857790.0,5.78,5.8,5.71,5.77,True,中国西电,False
2016-04-15,6.0,6.04,5.96,6.01,127769.0,73722713.0,5.76,5.8,5.72,5.77,True,中国西电,False
2016-04-18,5.99,6.02,5.89,5.92,100259.0,56947112.0,5.75,5.78,5.65,5.68,True,中国西电,False
2016-04-19,5.93,5.97,5.88,5.93,92790.0,52797510.0,5.69,5.73,5.64,5.69,True,中国西电,False
2016-04-20,5.95,5.97,5.63,5.83,220990.0,123533410.0,5.71,5.73,5.39,5.59,True,中国西电,False
2016-04-21,5.77,5.84,5.74,5.76,94327.0,52068503.99999999,5.53,5.6,5.5,5.52,True,中国西电,False
2016-04-22,5.75,5.79,5.72,5.77,73814.0,40819142.0,5.51,5.55,5.48,5.53,True,中国西电,False
2016-04-25,5.77,5.82,5.68,5.77,89456.0,49469168.0,5.53,5.58,5.44,5.53,True,中国西电,False
2016-04-26,5.77,5.8,5.76,5.8,56482.0,31403992.0,5.53,5.56,5.52,5.56,True,中国西电,False
2016-04-27,5.82,5.84,5.78,5.79,84389.0,46835895.0,5.58,5.6,5.54,5.55,True,中国西电,False
2016-04-28,5.77,5.81,5.7,5.73,95051.0,52182999.0,5.53,5.57,5.46,5.49,True,中国西电,False
2016-04-29,5.72,5.74,5.68,5.69,80610.0,43932450.0,5.48,5.5,5.44,5.45,True,中国西电,False
2016-05-03,5.74,5.81,5.7,5.79,111876.0,62091180.0,5.5,5.57,5.46,5.55,True,中国西电,False
2016-05-04,5.82,5.86,5.77,5.84,124774.0,69873440.0,5.58,5.62,5.53,5.6,True,中国西电,False
2016-05-05,5.96,6.2,5.93,5.95,441627.0,252169017.0,5.72,5.96,5.69,5.71,True,中国西电,False
2016-05-06,5.9,6.0,5.74,5.76,281174.0,155208048.0,5.66,5.76,5.5,5.52,True,中国西电,False
2016-05-09,5.71,5.71,5.59,5.6,164688.0,88272768.0,5.47,5.47,5.35,5.36,True,中国西电,False
2016-05-10,5.57,5.66,5.52,5.58,112176.0,59901984.0,5.33,5.42,5.28,5.34,True,中国西电,False
2016-05-11,5.59,5.62,5.48,5.57,146323.0,77990159.0,5.35,5.38,5.24,5.33,True,中国西电,False
2016-05-12,5.5,5.55,5.42,5.53,130728.0,69155112.0,5.26,5.31,5.18,5.29,True,中国西电,False
2016-05-13,5.53,5.55,5.49,5.53,76950.0,40706550.0,5.29,5.31,5.25,5.29,True,中国西电,False
2016-05-16,5.5,5.56,5.47,5.55,111427.0,59167736.99999999,5.26,5.32,5.23,5.31,True,中国西电,False
2016-05-17,5.53,5.56,5.52,5.53,71512.0,37829848.0,5.29,5.32,5.28,5.29,True,中国西电,False
2016-05-18,5.53,5.53,5.38,5.5,116918.0,61498868.0,5.29,5.29,5.14,5.26,True,中国西电,False
2016-05-19,5.47,5.54,5.46,5.48,65392.0,34265408.0,5.23,5.3,5.22,5.24,True,中国西电,False
2016-05-20,5.48,5.57,5.46,5.56,71570.0,38075240.0,5.24,5.33,5.22,5.32,True,中国西电,False
2016-05-23,5.58,5.6,5.52,5.57,69130.0,36846290.0,5.34,5.36,5.28,5.33,True,中国西电,False
2016-05-24,5.56,5.56,5.49,5.5,49971.0,26284746.0,5.32,5.32,5.25,5.26,True,中国西电,False
2016-05-25,5.52,5.57,5.46,5.46,61430.0,32066460.0,5.28,5.33,5.22,5.22,True,中国西电,False
2016-05-26,5.48,5.5,5.41,5.47,51729.0,27054267.000000004,5.24,5.26,5.17,5.23,True,中国西电,False
2016-05-27,5.47,5.5,5.43,5.47,43560.0,22781880.0,5.23,5.26,5.19,5.23,True,中国西电,False
2016-05-30,5.47,5.51,5.42,5.46,39509.0,20623698.0,5.23,5.27,5.18,5.22,True,中国西电,False
2016-05-31,5.46,5.63,5.44,5.62,135732.0,73023816.0,5.22,5.39,5.2,5.38,True,中国西电,False
2016-06-01,5.63,5.64,5.58,5.59,107112.0,57304919.99999999,5.39,5.4,5.34,5.35,True,中国西电,False
2016-06-02,5.58,5.61,5.55,5.6,83074.0,44527664.0,5.34,5.37,5.31,5.36,True,中国西电,False
2016-06-03,5.62,5.65,5.6,5.64,104790.0,56586600.0,5.38,5.41,5.36,5.4,True,中国西电,False
2016-06-06,5.67,5.68,5.6,5.6,67796.0,36338656.0,5.43,5.44,5.36,5.36,True,中国西电,False
2016-06-07,5.62,5.63,5.59,5.62,46695.0,25121910.0,5.38,5.39,5.35,5.38,True,中国西电,False
2016-06-08,5.61,5.64,5.59,5.63,66365.0,35770735.0,5.37,5.4,5.35,5.39,True,中国西电,False
2016-06-13,5.6,5.66,5.51,5.53,97691.0,51678539.0,5.36,5.42,5.27,5.29,True,中国西电,False
2016-06-14,5.48,5.51,5.42,5.45,82252.0,41701764.0,5.1,5.13,5.04,5.07,True,中国西电,False
2016-06-15,5.4,5.55,5.39,5.53,79673.0,41031595.0,5.02,5.17,5.01,5.15,True,中国西电,False
2016-06-16,5.52,5.55,5.46,5.51,89476.0,45901188.0,5.14,5.17,5.08,5.13,True,中国西电,False
2016-06-17,5.51,5.56,5.46,5.49,105080.0,53695880.0,5.13,5.18,5.08,5.11,True,中国西电,False
2016-06-20,5.5,5.51,5.41,5.44,97484.0,49326903.99999999,5.12,5.13,5.03,5.06,True,中国西电,False
2016-06-21,5.46,5.49,5.4,5.42,107207.0,54032328.0,5.08,5.11,5.02,5.04,True,中国西电,False
2016-06-22,5.41,5.45,5.39,5.44,84196.0,42603176.0,5.03,5.07,5.01,5.06,True,中国西电,False
2016-06-23,5.44,5.45,5.38,5.41,119465.0,60090895.0,5.06,5.07,5.0,5.03,True,中国西电,False
2016-06-24,5.42,5.43,5.29,5.34,112112.0,55607552.0,5.04,5.05,4.91,4.96,True,中国西电,False
2016-06-27,5.34,5.4,5.32,5.39,62187.0,31155687.0,4.96,5.02,4.94,5.01,True,中国西电,False
2016-06-28,5.38,5.4,5.35,5.4,134521.0,67529542.0,5.0,5.02,4.97,5.02,True,中国西电,False
2016-06-29,5.39,5.54,5.39,5.47,163687.0,83316683.0,5.01,5.16,5.01,5.09,True,中国西电,False
2016-06-30,5.46,5.47,5.43,5.45,80220.0,40671540.0,5.08,5.09,5.05,5.07,True,中国西电,False
2016-07-01,5.45,5.48,5.43,5.44,82387.0,41687822.0,5.07,5.1,5.05,5.06,True,中国西电,False
2016-07-04,5.43,5.54,5.42,5.52,141507.0,72734598.0,5.05,5.16,5.04,5.14,True,中国西电,False
2016-07-05,5.52,5.74,5.51,5.64,291185.0,153163310.0,5.14,5.36,5.13,5.26,True,中国西电,False
2016-07-06,5.59,5.6,5.53,5.58,143192.0,74459840.0,5.21,5.22,5.15,5.2,True,中国西电,False
2016-07-07,5.58,5.6,5.54,5.57,87799.0,45567681.0,5.2,5.22,5.16,5.19,True,中国西电,False
2016-07-08,5.57,5.57,5.51,5.54,84095.0,43393020.0,5.19,5.19,5.13,5.16,True,中国西电,False
2016-07-11,5.55,5.59,5.53,5.53,108709.0,55985135.00000001,5.17,5.21,5.15,5.15,True,中国西电,False
2016-07-12,5.53,5.65,5.53,5.64,190656.0,100285056.0,5.15,5.27,5.15,5.26,True,中国西电,False
2016-07-13,5.66,5.79,5.64,5.72,294484.0,157254456.0,5.28,5.41,5.26,5.34,True,中国西电,False
2016-07-14,5.71,5.77,5.67,5.73,171990.0,92014650.0,5.33,5.39,5.29,5.35,True,中国西电,False
2016-07-15,5.76,5.77,5.69,5.73,106012.0,56716419.99999999,5.38,5.39,5.31,5.35,True,中国西电,False
2016-07-18,5.72,5.74,5.66,5.67,110863.0,58646527.0,5.34,5.36,5.28,5.29,True,中国西电,False
2016-07-19,5.68,5.71,5.64,5.69,85693.0,45502983.0,5.3,5.33,5.26,5.31,True,中国西电,False
2016-07-20,5.67,5.73,5.66,5.7,104118.0,55390776.0,5.29,5.35,5.28,5.32,True,中国西电,False
2016-07-21,5.69,5.76,5.69,5.73,110173.0,58942554.99999999,5.31,5.38,5.31,5.35,True,中国西电,False
2016-07-22,5.71,5.76,5.67,5.68,107480.0,56964400.0,5.33,5.38,5.29,5.3,True,中国西电,False
2016-07-25,5.68,5.72,5.65,5.67,62003.0,32799587.0,5.3,5.34,5.27,5.29,True,中国西电,False
2016-07-26,5.68,5.76,5.68,5.75,131452.0,70589724.0,5.3,5.38,5.3,5.37,True,中国西电,False
2016-07-27,5.76,5.78,5.53,5.66,204256.0,107847168.0,5.38,5.4,5.15,5.28,True,中国西电,False
2016-07-28,5.62,5.71,5.59,5.68,129403.0,68583590.0,5.24,5.33,5.21,5.3,True,中国西电,False
2016-07-29,5.66,5.71,5.61,5.63,101204.0,53132100.0,5.28,5.33,5.23,5.25,True,中国西电,False
2016-08-01,5.62,5.63,5.5,5.54,82701.0,42673716.0,5.24,5.25,5.12,5.16,True,中国西电,False
2016-08-02,5.54,5.63,5.52,5.58,76308.0,39680160.0,5.16,5.25,5.14,5.2,True,中国西电,False
2016-08-03,5.58,5.59,5.54,5.56,64571.0,33447778.0,5.2,5.21,5.16,5.18,True,中国西电,False
2016-08-04,5.56,5.57,5.52,5.55,60646.0,31353982.0,5.18,5.19,5.14,5.17,True,中国西电,False
2016-08-05,5.54,5.57,5.54,5.55,52044.0,26906748.0,5.16,5.19,5.16,5.17,True,中国西电,False
2016-08-08,5.54,5.59,5.52,5.58,94230.0,48999600.0,5.16,5.21,5.14,5.2,True,中国西电,False
2016-08-09,5.58,5.63,5.57,5.62,117083.0,61351492.0,5.2,5.25,5.19,5.24,True,中国西电,False
2016-08-10,5.61,5.66,5.6,5.63,117130.0,61493250.0,5.23,5.28,5.22,5.25,True,中国西电,False
2016-08-11,5.63,5.65,5.57,5.58,68720.0,35734400.0,5.25,5.27,5.19,5.2,True,中国西电,False
2016-08-12,5.58,5.74,5.56,5.7,150244.0,79929808.0,5.2,5.36,5.18,5.32,True,中国西电,False
2016-08-15,5.73,5.85,5.7,5.81,262737.0,142666191.0,5.35,5.47,5.32,5.43,True,中国西电,False
2016-08-16,5.81,5.88,5.77,5.81,161622.0,87760746.0,5.43,5.5,5.39,5.43,True,中国西电,False
2016-08-17,5.83,5.85,5.77,5.83,123372.0,67237740.0,5.45,5.47,5.39,5.45,True,中国西电,False
2016-08-18,5.84,5.87,5.77,5.79,137850.0,74576850.0,5.46,5.49,5.39,5.41,True,中国西电,False
2016-08-19,5.78,5.92,5.73,5.87,190166.0,104401134.0,5.4,5.54,5.35,5.49,True,中国西电,False
2016-08-22,5.84,5.85,5.74,5.74,115094.0,61690384.0,5.46,5.47,5.36,5.36,True,中国西电,False
2016-08-23,5.75,5.8,5.71,5.74,96930.0,51954480.0,5.37,5.42,5.33,5.36,True,中国西电,False
2016-08-24,5.75,5.76,5.66,5.71,93059.0,49600447.0,5.37,5.38,5.28,5.33,True,中国西电,False
2016-08-25,5.69,5.71,5.59,5.67,75286.0,39826294.0,5.31,5.33,5.21,5.29,True,中国西电,False
2016-08-26,5.67,5.71,5.66,5.67,60977.0,32256833.0,5.29,5.33,5.28,5.29,True,中国西电,False
2016-08-29,5.67,5.71,5.63,5.69,66464.0,35292384.0,5.29,5.33,5.25,5.31,True,中国西电,False
2016-08-30,5.67,5.71,5.66,5.67,69969.0,37013601.0,5.29,5.33,5.28,5.29,True,中国西电,False
2016-08-31,5.67,5.68,5.65,5.67,63876.0,33790404.0,5.29,5.3,5.27,5.29,True,中国西电,False
2016-09-01,5.66,5.68,5.62,5.63,79220.0,41590500.0,5.28,5.3,5.24,5.25,True,中国西电,False
2016-09-02,5.63,5.71,5.6,5.7,126626.0,67365032.0,5.25,5.33,5.22,5.32,True,中国西电,False
2016-09-05,5.68,5.71,5.67,5.67,71780.0,37971620.0,5.3,5.33,5.29,5.29,True,中国西电,False
2016-09-06,5.68,5.76,5.64,5.74,113977.0,61091672.0,5.3,5.38,5.26,5.36,True,中国西电,False
2016-09-07,5.73,5.79,5.72,5.75,106921.0,57416577.0,5.35,5.41,5.34,5.37,True,中国西电,False
2016-09-08,5.74,5.8,5.73,5.75,69838.0,37503006.0,5.36,5.42,5.35,5.37,True,中国西电,False
2016-09-09,5.76,5.78,5.71,5.72,89543.0,47815962.0,5.38,5.4,5.33,5.34,True,中国西电,False
2016-09-12,5.65,5.78,5.61,5.77,200892.0,108280788.0,5.27,5.4,5.23,5.39,True,中国西电,False
2016-09-13,5.75,5.78,5.72,5.76,99186.0,53362068.0,5.37,5.4,5.34,5.38,True,中国西电,False
2016-09-14,5.73,5.76,5.65,5.72,112640.0,60149760.0,5.35,5.38,5.27,5.34,True,中国西电,False
2016-09-19,5.71,5.8,5.69,5.8,116395.0,63086090.0,5.33,5.42,5.31,5.42,True,中国西电,False
2016-09-20,5.8,5.8,5.73,5.74,73548.0,39421728.0,5.42,5.42,5.35,5.36,True,中国西电,False
2016-09-21,5.77,5.77,5.71,5.72,66255.0,35380170.0,5.39,5.39,5.33,5.34,True,中国西电,False
2016-09-22,5.74,5.77,5.72,5.73,64264.0,34381240.0,5.36,5.39,5.34,5.35,True,中国西电,False
2016-09-23,5.73,5.75,5.69,5.7,45492.0,24201744.0,5.35,5.37,5.31,5.32,True,中国西电,False
2016-09-26,5.68,5.7,5.55,5.55,99728.0,51559376.0,5.3,5.32,5.17,5.17,True,中国西电,False
2016-09-27,5.56,5.59,5.53,5.58,75712.0,39370240.0,5.18,5.21,5.15,5.2,True,中国西电,False
2016-09-28,5.56,5.6,5.54,5.55,46212.0,23891604.0,5.18,5.22,5.16,5.17,True,中国西电,False
2016-09-29,5.55,5.59,5.54,5.54,65018.0,33549288.0,5.17,5.21,5.16,5.16,True,中国西电,False
2016-09-30,5.55,5.57,5.51,5.55,69865.0,36120205.0,5.17,5.19,5.13,5.17,True,中国西电,False
2016-10-10,5.58,5.63,5.57,5.62,75826.0,39732824.0,5.2,5.25,5.19,5.24,True,中国西电,False
2016-10-11,5.62,5.65,5.61,5.64,76208.0,40085408.0,5.24,5.27,5.23,5.26,True,中国西电,False
2016-10-12,5.63,5.68,5.62,5.66,68037.0,35923536.0,5.25,5.3,5.24,5.28,True,中国西电,False
2016-10-13,5.66,5.73,5.64,5.73,120043.0,64223004.99999999,5.28,5.35,5.26,5.35,True,中国西电,False
2016-10-14,5.72,5.79,5.69,5.77,179046.0,96505794.0,5.34,5.41,5.31,5.39,True,中国西电,False
2016-10-17,5.77,5.8,5.72,5.73,163548.0,87498180.0,5.39,5.42,5.34,5.35,True,中国西电,False
2016-10-18,5.73,5.88,5.7,5.85,216934.0,118662898.0,5.35,5.5,5.32,5.47,True,中国西电,False
2016-10-19,5.85,5.87,5.78,5.82,134856.0,73361664.0,5.47,5.49,5.4,5.44,True,中国西电,False
2016-10-20,5.81,5.84,5.76,5.77,115653.0,62336967.0,5.43,5.46,5.38,5.39,True,中国西电,False
2016-10-21,5.77,6.07,5.73,5.9,480360.0,265158720.0,5.39,5.69,5.35,5.52,True,中国西电,False
2016-10-24,5.87,6.14,5.86,6.01,479171.0,269773273.0,5.49,5.76,5.48,5.63,True,中国西电,False
2016-10-25,6.05,6.05,5.91,6.02,262508.0,148054512.0,5.67,5.67,5.53,5.64,True,中国西电,False
2016-10-26,5.99,6.03,5.95,5.97,156490.0,87477910.0,5.61,5.65,5.57,5.59,True,中国西电,False
2016-10-27,5.97,6.0,5.91,5.93,109592.0,60823560.0,5.59,5.62,5.53,5.55,True,中国西电,False
2016-10-28,5.93,5.98,5.83,5.83,135871.0,74049695.0,5.55,5.6,5.45,5.45,True,中国西电,False
2016-10-31,5.81,5.88,5.81,5.86,107902.0,59130296.00000001,5.43,5.5,5.43,5.48,True,中国西电,False
2016-11-01,5.86,5.89,5.83,5.87,96997.0,53251353.0,5.48,5.51,5.45,5.49,True,中国西电,False
2016-11-02,5.85,5.91,5.81,5.84,131225.0,71648850.0,5.47,5.53,5.43,5.46,True,中国西电,False
2016-11-03,5.86,6.02,5.82,5.95,240839.0,134147323.0,5.48,5.64,5.44,5.57,True,中国西电,False
2016-11-04,5.94,5.96,5.84,5.86,165633.0,90766884.0,5.56,5.58,5.46,5.48,True,中国西电,False
2016-11-07,5.84,5.87,5.8,5.84,130464.0,71233344.0,5.46,5.49,5.42,5.46,True,中国西电,False
2016-11-08,5.84,5.91,5.81,5.87,172522.0,94714578.0,5.46,5.53,5.43,5.49,True,中国西电,False
2016-11-09,5.86,5.86,5.73,5.79,209069.0,113106329.0,5.48,5.48,5.35,5.41,True,中国西电,False
2016-11-10,5.81,6.33,5.8,6.11,579108.0,331828884.0,5.43,5.95,5.42,5.73,True,中国西电,False
2016-11-11,6.11,6.28,6.03,6.15,712244.0,410964788.0,5.73,5.9,5.65,5.77,True,中国西电,False
2016-11-14,6.17,6.42,6.15,6.33,624803.0,371757785.0,5.79,6.04,5.77,5.95,True,中国西电,False
2016-11-15,6.3,6.32,6.24,6.29,254621.0,150481011.0,5.92,5.94,5.86,5.91,True,中国西电,False
2016-11-16,6.3,6.31,6.21,6.25,211766.0,124306642.0,5.92,5.93,5.83,5.87,True,中国西电,False
2016-11-17,6.22,6.43,6.16,6.37,354754.0,212497646.0,5.84,6.05,5.78,5.99,True,中国西电,False
2016-11-18,6.36,6.42,6.21,6.22,271471.0,158539064.0,5.98,6.04,5.83,5.84,True,中国西电,False
2016-11-21,6.19,6.43,6.19,6.31,370849.0,219913457.0,5.81,6.05,5.81,5.93,True,中国西电,False
2016-11-22,6.33,6.63,6.29,6.45,479209.0,290879863.0,5.95,6.25,5.91,6.07,True,中国西电,False
2016-11-23,6.45,6.52,6.35,6.38,298794.0,179276400.0,6.07,6.14,5.97,6.0,True,中国西电,False
2016-11-24,6.34,6.41,6.31,6.34,148756.0,88658576.0,5.96,6.03,5.93,5.96,True,中国西电,False
2016-11-25,6.33,6.41,6.2,6.4,203182.0,122315564.0,5.95,6.03,5.82,6.02,True,中国西电,False
2016-11-28,6.43,6.56,6.37,6.47,349916.0,213098844.0,6.05,6.18,5.99,6.09,True,中国西电,False
2016-11-29,6.41,6.83,6.38,6.68,831154.0,523627020.0,6.03,6.45,6.0,6.3,True,中国西电,False
2016-11-30,6.63,6.69,6.38,6.42,569491.0,343972564.0,6.25,6.31,6.0,6.04,True,中国西电,False
2016-12-01,6.44,6.55,6.4,6.53,357355.0,219773325.0,6.06,6.17,6.02,6.15,True,中国西电,False
2016-12-02,6.52,6.59,6.33,6.4,448791.0,270172182.0,6.14,6.21,5.95,6.02,True,中国西电,False
2016-12-05,6.22,6.31,6.16,6.22,406978.0,237675152.0,5.84,5.93,5.78,5.84,True,中国西电,False
2016-12-06,6.2,6.3,6.13,6.14,228659.0,131707584.0,5.82,5.92,5.75,5.76,True,中国西电,False
2016-12-07,6.12,6.19,6.08,6.16,223433.0,129144274.0,5.74,5.81,5.7,5.78,True,中国西电,False
2016-12-08,6.16,6.17,6.05,6.07,190712.0,108515128.0,5.78,5.79,5.67,5.69,True,中国西电,False
2016-12-09,6.07,6.14,6.04,6.09,341071.0,194751541.0,5.69,5.76,5.66,5.71,True,中国西电,False
2016-12-12,6.08,6.08,5.85,5.96,384759.0,214695522.0,5.7,5.7,5.47,5.58,True,中国西电,False
2016-12-13,5.93,6.03,5.89,6.02,181796.0,102532944.0,5.55,5.65,5.51,5.64,True,中国西电,False
2016-12-14,6.01,6.04,5.9,5.95,176894.0,98529958.0,5.63,5.66,5.52,5.57,True,中国西电,False
2016-12-15,5.92,6.14,5.92,6.03,267773.0,151291745.0,5.54,5.76,5.54,5.65,True,中国西电,False
2016-12-16,6.03,6.1,6.0,6.07,125035.0,71144915.0,5.65,5.72,5.62,5.69,True,中国西电,False
2016-12-19,6.06,6.12,5.96,6.0,142417.0,80038354.0,5.68,5.74,5.58,5.62,True,中国西电,False
2016-12-20,5.99,6.01,5.94,5.96,81885.0,45691830.0,5.61,5.63,5.56,5.58,True,中国西电,False
2016-12-21,5.99,6.12,5.96,6.08,196996.0,112287720.0,5.61,5.74,5.58,5.7,True,中国西电,False
2016-12-22,6.08,6.17,6.06,6.12,182083.0,104515642.0,5.7,5.79,5.68,5.74,True,中国西电,False
2016-12-23,6.12,6.12,6.03,6.04,119724.0,67763784.0,5.74,5.74,5.65,5.66,True,中国西电,False
2016-12-26,6.02,6.2,5.93,6.15,172511.0,99538847.0,5.64,5.82,5.55,5.77,True,中国西电,False
2016-12-27,6.14,6.17,6.08,6.1,131093.0,74985196.0,5.76,5.79,5.7,5.72,True,中国西电,False
2016-12-28,6.11,6.12,6.01,6.02,102345.0,57722580.0,5.73,5.74,5.63,5.64,True,中国西电,False
2016-12-29,6.01,6.07,5.98,6.02,79129.0,44628756.0,5.63,5.69,5.6,5.64,True,中国西电,False
2016-12-30,6.06,6.07,5.93,5.96,137184.0,76548672.0,5.68,5.69,5.55,5.58,True,中国西电,False
2017-01-03,5.96,6.03,5.95,6.02,81515.0,45974460.0,5.58,5.65,5.57,5.64,True,中国西电,False
2017-01-04,6.0,6.14,5.99,6.13,205791.0,118329825.0,5.62,5.76,5.61,5.75,True,中国西电,False
2017-01-05,6.11,6.16,6.09,6.12,127390.0,73121860.0,5.73,5.78,5.71,5.74,True,中国西电,False
2017-01-06,6.13,6.18,6.1,6.11,165492.0,94826916.0,5.75,5.8,5.72,5.73,True,中国西电,False
2017-01-09,6.11,6.22,6.1,6.22,221192.0,129176128.0,5.73,5.84,5.72,5.84,True,中国西电,False
2017-01-10,6.2,6.24,6.16,6.17,144068.0,83415372.0,5.82,5.86,5.78,5.79,True,中国西电,False
2017-01-11,6.18,6.25,6.14,6.2,209475.0,121914450.0,5.8,5.87,5.76,5.82,True,中国西电,False
2017-01-12,6.18,6.2,6.05,6.07,178361.0,101487409.0,5.8,5.82,5.67,5.69,True,中国西电,False
2017-01-13,6.05,6.16,5.99,6.13,156016.0,89709200.0,5.67,5.78,5.61,5.75,True,中国西电,False
2017-01-16,6.16,6.26,5.96,6.21,427835.0,249427805.0,5.78,5.88,5.58,5.83,True,中国西电,False
2017-01-17,6.17,6.23,6.14,6.22,119360.0,69706240.0,5.79,5.85,5.76,5.84,True,中国西电,False
2017-01-18,6.22,6.32,6.19,6.25,201493.0,118276391.0,5.84,5.94,5.81,5.87,True,中国西电,False
2017-01-19,6.23,6.32,6.19,6.2,129952.0,75632064.0,5.85,5.94,5.81,5.82,True,中国西电,False
2017-01-20,6.18,6.31,6.17,6.28,178613.0,105381670.0,5.8,5.93,5.79,5.9,True,中国西电,False
2017-01-23,6.28,6.35,6.26,6.33,166008.0,98774760.0,5.9,5.97,5.88,5.95,True,中国西电,False
2017-01-24,6.32,6.33,6.28,6.31,82728.0,49057704.0,5.94,5.95,5.9,5.93,True,中国西电,False
2017-01-25,6.29,6.33,6.27,6.29,84746.0,50084886.0,5.91,5.95,5.89,5.91,True,中国西电,False
2017-01-26,6.3,6.32,6.24,6.29,104020.0,61475820.0,5.92,5.94,5.86,5.91,True,中国西电,False
2017-02-03,6.29,6.3,6.25,6.27,61274.0,36090386.0,5.91,5.92,5.87,5.89,True,中国西电,False
2017-02-06,6.28,6.31,6.22,6.28,114414.0,67504260.0,5.9,5.93,5.84,5.9,True,中国西电,False
2017-02-07,6.28,6.29,6.21,6.26,104312.0,61335456.0,5.9,5.91,5.83,5.88,True,中国西电,False
2017-02-08,6.23,6.27,6.19,6.26,98852.0,58124976.0,5.85,5.89,5.81,5.88,True,中国西电,False
2017-02-09,6.26,6.32,6.24,6.29,230369.0,136148079.0,5.88,5.94,5.86,5.91,True,中国西电,False
2017-02-10,6.31,6.52,6.29,6.41,437598.0,263871594.0,5.93,6.14,5.91,6.03,True,中国西电,False
2017-02-13,6.43,6.49,6.36,6.44,405278.0,245598468.0,6.05,6.11,5.98,6.06,True,中国西电,False
2017-02-14,6.43,6.51,6.39,6.48,239243.0,145938230.0,6.05,6.13,6.01,6.1,True,中国西电,False
2017-02-15,6.47,6.53,6.39,6.42,335402.0,202582808.0,6.09,6.15,6.01,6.04,True,中国西电,False
2017-02-16,6.41,6.56,6.39,6.56,390745.0,241480410.0,6.03,6.18,6.01,6.18,True,中国西电,False
2017-02-17,6.58,6.6,6.48,6.49,384884.0,235164124.0,6.2,6.22,6.1,6.11,True,中国西电,False
2017-02-20,6.47,6.54,6.46,6.53,318529.0,195895335.0,6.09,6.16,6.08,6.15,True,中国西电,False
2017-02-21,6.53,6.56,6.48,6.51,174312.0,106853256.0,6.15,6.18,6.1,6.13,True,中国西电,False
2017-02-22,6.51,6.52,6.43,6.48,215092.0,131206120.0,6.13,6.14,6.05,6.1,True,中国西电,False
2017-02-23,6.48,6.5,6.42,6.43,155535.0,94098675.0,6.1,6.12,6.04,6.05,True,中国西电,False
2017-02-24,6.43,6.44,6.38,6.42,146825.0,88682300.0,6.05,6.06,6.0,6.04,True,中国西电,False
2017-02-27,6.42,6.46,6.38,6.39,142723.0,85776523.0,6.04,6.08,6.0,6.01,True,中国西电,False
2017-02-28,6.37,6.42,6.37,6.42,131719.0,79558276.0,5.99,6.04,5.99,6.04,True,中国西电,False
2017-03-01,6.4,6.45,6.39,6.43,131628.0,79634940.0,6.02,6.07,6.01,6.05,True,中国西电,False
2017-03-02,6.44,6.51,6.4,6.41,176661.0,106526583.0,6.06,6.13,6.02,6.03,True,中国西电,False
2017-03-03,6.39,6.41,6.29,6.31,199904.0,118543072.0,6.01,6.03,5.91,5.93,True,中国西电,False
2017-03-06,6.3,6.36,6.29,6.34,88345.0,52653620.0,5.92,5.98,5.91,5.96,True,中国西电,False
2017-03-07,6.32,6.39,6.32,6.38,127185.0,76311000.0,5.94,6.01,5.94,6.0,True,中国西电,False
2017-03-08,6.38,6.38,6.3,6.37,96692.0,57918508.0,6.0,6.0,5.92,5.99,True,中国西电,False
2017-03-09,6.35,6.36,6.28,6.29,99379.0,58732989.0,5.97,5.98,5.9,5.91,True,中国西电,False
2017-03-10,6.28,6.32,6.27,6.29,53749.0,31765659.0,5.9,5.94,5.89,5.91,True,中国西电,False
2017-03-13,6.28,6.32,6.23,6.31,134123.0,79534939.0,5.9,5.94,5.85,5.93,True,中国西电,False
2017-03-14,6.28,6.34,6.28,6.29,79586.0,47035326.0,5.9,5.96,5.9,5.91,True,中国西电,False
2017-03-15,6.29,6.32,6.26,6.3,96885.0,57355920.0,5.91,5.94,5.88,5.92,True,中国西电,False
2017-03-16,6.3,6.37,6.3,6.37,118657.0,71075543.0,5.92,5.99,5.92,5.99,True,中国西电,False
2017-03-17,6.38,6.39,6.28,6.29,123931.0,73243221.0,6.0,6.01,5.9,5.91,True,中国西电,False
2017-03-20,6.26,6.36,6.26,6.35,104063.0,62125611.0,5.88,5.98,5.88,5.97,True,中国西电,False
2017-03-21,6.33,6.43,6.33,6.43,183969.0,111301245.0,5.95,6.05,5.95,6.05,True,中国西电,False
2017-03-22,6.42,6.53,6.38,6.46,277390.0,168653120.0,6.04,6.15,6.0,6.08,True,中国西电,False
2017-03-23,6.47,6.53,6.41,6.48,210052.0,128131720.0,6.09,6.15,6.03,6.1,True,中国西电,False
2017-03-24,6.47,6.66,6.46,6.62,454721.0,283745904.0,6.09,6.28,6.08,6.24,True,中国西电,False
2017-03-27,6.62,6.65,6.53,6.54,314538.0,193755408.0,6.24,6.27,6.15,6.16,True,中国西电,False
2017-03-28,6.54,6.57,6.51,6.53,176144.0,108328560.0,6.16,6.19,6.13,6.15,True,中国西电,False
2017-03-29,6.53,6.67,6.48,6.56,411469.0,254287842.0,6.15,6.29,6.1,6.18,True,中国西电,False
2017-03-30,6.52,7.18,6.52,6.79,994222.0,637296302.0,6.14,6.8,6.14,6.41,True,中国西电,False
2017-03-31,6.7,6.86,6.66,6.75,586704.0,373730448.0,6.32,6.48,6.28,6.37,True,中国西电,False
2017-04-05,6.68,7.03,6.68,6.95,530680.0,348656760.0,6.3,6.65,6.3,6.57,True,中国西电,False
2017-04-06,6.91,7.11,6.88,6.94,530436.0,347966016.0,6.53,6.73,6.5,6.56,True,中国西电,False
2017-04-07,6.95,7.23,6.9,7.15,628793.0,425692861.0,6.57,6.85,6.52,6.77,True,中国西电,False
2017-04-10,7.1,7.26,7.03,7.06,431416.0,288185888.0,6.72,6.88,6.65,6.68,True,中国西电,False
2017-04-11,7.0,7.25,6.88,7.2,584227.0,398442814.0,6.62,6.87,6.5,6.82,True,中国西电,False
2017-04-12,7.15,7.15,6.89,6.94,399874.0,262317344.0,6.77,6.77,6.51,6.56,True,中国西电,False
2017-04-13,6.87,7.09,6.85,6.99,281987.0,186393407.0,6.49,6.71,6.47,6.61,True,中国西电,False
2017-04-14,6.93,7.09,6.83,6.89,302428.0,196880628.0,6.55,6.71,6.45,6.51,True,中国西电,False
2017-04-17,6.86,7.05,6.86,6.9,253591.0,165341332.0,6.48,6.67,6.48,6.52,True,中国西电,False
2017-04-18,6.97,6.97,6.85,6.86,232489.0,150652872.0,6.59,6.59,6.47,6.48,True,中国西电,False
2017-04-19,6.83,6.91,6.65,6.76,299706.0,191212428.0,6.45,6.53,6.27,6.38,True,中国西电,False
2017-04-20,6.75,6.85,6.68,6.85,244223.0,158012281.0,6.37,6.47,6.3,6.47,True,中国西电,False
2017-04-21,6.83,6.91,6.69,6.75,201378.0,128277786.0,6.45,6.53,6.31,6.37,True,中国西电,False
2017-04-24,6.76,6.77,6.34,6.36,361226.0,216013148.00000003,6.38,6.39,5.96,5.98,True,中国西电,False
2017-04-25,6.4,6.46,6.28,6.33,240768.0,143256960.0,6.02,6.08,5.9,5.95,True,中国西电,False
2017-04-26,6.31,6.39,6.29,6.35,127523.0,76131231.0,5.93,6.01,5.91,5.97,True,中国西电,False
2017-04-27,6.32,6.42,6.09,6.39,256001.0,153856601.0,5.94,6.04,5.71,6.01,True,中国西电,False
2017-04-28,6.36,6.46,6.3,6.45,188253.0,114269571.0,5.98,6.08,5.92,6.07,True,中国西电,False
2017-05-02,6.45,6.57,6.45,6.5,191442.0,117162504.0,6.07,6.19,6.07,6.12,True,中国西电,False
2017-05-03,6.49,6.54,6.38,6.43,171719.0,103889995.0,6.11,6.16,6.0,6.05,True,中国西电,False
2017-05-04,6.42,6.63,6.35,6.56,310612.0,191958216.0,6.04,6.25,5.97,6.18,True,中国西电,False
2017-05-05,6.52,6.59,6.44,6.52,280481.0,172215334.0,6.14,6.21,6.06,6.14,True,中国西电,False
2017-05-08,6.49,6.52,6.23,6.29,284387.0,168072717.0,6.11,6.14,5.85,5.91,True,中国西电,False
2017-05-09,6.27,6.46,6.14,6.42,210898.0,127382392.0,5.89,6.08,5.76,6.04,True,中国西电,False
2017-05-10,6.39,6.42,6.22,6.23,185635.0,108596475.0,6.01,6.04,5.84,5.85,True,中国西电,False
2017-05-11,6.19,6.26,5.98,6.17,228996.0,132588684.0,5.81,5.88,5.6,5.79,True,中国西电,False
2017-05-12,6.18,6.18,6.06,6.08,149921.0,85454970.0,5.8,5.8,5.68,5.7,True,中国西电,False
2017-05-15,6.13,6.15,5.98,6.03,149165.0,84278225.0,5.75,5.77,5.6,5.65,True,中国西电,False
2017-05-16,6.0,6.08,5.88,6.08,211898.0,120781860.0,5.62,5.7,5.5,5.7,True,中国西电,False
2017-05-17,6.06,6.13,6.04,6.09,128520.0,73384920.0,5.68,5.75,5.66,5.71,True,中国西电,False
2017-05-18,6.01,6.1,6.0,6.02,84858.0,47859912.0,5.63,5.72,5.62,5.64,True,中国西电,False
2017-05-19,6.0,6.05,5.96,5.97,96994.0,54219646.0,5.62,5.67,5.58,5.59,True,中国西电,False
2017-05-22,5.94,5.98,5.7,5.78,233831.0,126268740.0,5.56,5.6,5.32,5.4,True,中国西电,False
2017-05-23,5.73,5.79,5.56,5.6,191337.0,99877914.0,5.35,5.41,5.18,5.22,True,中国西电,False
2017-05-24,5.59,5.76,5.51,5.73,176655.0,94510425.0,5.21,5.38,5.13,5.35,True,中国西电,False
2017-05-25,5.73,5.78,5.59,5.73,204253.0,109275355.0,5.35,5.4,5.21,5.35,True,中国西电,False
2017-05-26,5.73,5.82,5.7,5.74,145407.0,77938152.0,5.35,5.44,5.32,5.36,True,中国西电,False
2017-05-31,5.79,5.83,5.68,5.72,225880.0,120619920.0,5.41,5.45,5.3,5.34,True,中国西电,False
2017-06-01,5.7,5.71,5.61,5.64,113238.0,59563188.0,5.32,5.33,5.23,5.26,True,中国西电,False
2017-06-02,5.62,5.73,5.61,5.71,105693.0,56334369.0,5.24,5.35,5.23,5.33,True,中国西电,False
2017-06-05,5.73,5.84,5.71,5.82,164440.0,89455360.0,5.35,5.46,5.33,5.44,True,中国西电,False
2017-06-06,5.81,5.86,5.78,5.83,105298.0,57387410.0,5.43,5.48,5.4,5.45,True,中国西电,False
2017-06-07,5.85,5.9,5.83,5.89,136660.0,75299660.0,5.47,5.52,5.45,5.51,True,中国西电,False
2017-06-08,5.89,5.9,5.83,5.84,129820.0,70881720.0,5.51,5.52,5.45,5.46,True,中国西电,False
2017-06-09,5.85,5.92,5.83,5.9,128682.0,71032464.0,5.47,5.54,5.45,5.52,True,中国西电,False
2017-06-12,5.9,5.92,5.84,5.88,137133.0,75423150.0,5.52,5.54,5.46,5.5,True,中国西电,False
2017-06-13,5.86,5.91,5.86,5.89,112397.0,61930747.0,5.48,5.53,5.48,5.51,True,中国西电,False
2017-06-14,5.89,5.94,5.88,5.9,121873.0,67273896.0,5.51,5.56,5.5,5.52,True,中国西电,False
2017-06-15,5.9,5.95,5.89,5.93,110703.0,61440165.0,5.52,5.57,5.51,5.55,True,中国西电,False
2017-06-16,5.93,5.94,5.81,5.86,109629.0,58980402.0,5.45,5.46,5.33,5.38,True,中国西电,False
2017-06-19,5.86,5.92,5.85,5.9,92047.0,49889474.0,5.38,5.44,5.37,5.42,True,中国西电,False
2017-06-20,5.91,5.92,5.84,5.91,91247.0,49547121.0,5.43,5.44,5.36,5.43,True,中国西电,False
2017-06-21,5.91,5.96,5.91,5.95,94742.0,51823874.0,5.43,5.48,5.43,5.47,True,中国西电,False
2017-06-22,5.94,6.0,5.94,5.95,134361.0,73495467.0,5.46,5.52,5.46,5.47,True,中国西电,False
2017-06-23,5.94,5.95,5.86,5.91,94748.0,51448164.0,5.46,5.47,5.38,5.43,True,中国西电,False
2017-06-26,5.93,6.02,5.9,6.01,130610.0,72227330.0,5.45,5.54,5.42,5.53,True,中国西电,False
2017-06-27,6.02,6.07,5.99,6.06,109833.0,61286814.0,5.54,5.59,5.51,5.58,True,中国西电,False
2017-06-28,6.05,6.1,6.01,6.06,85512.0,47715696.0,5.57,5.62,5.53,5.58,True,中国西电,False
2017-06-29,6.06,6.07,6.0,6.01,127446.0,70477638.0,5.58,5.59,5.52,5.53,True,中国西电,False
2017-06-30,5.99,6.06,5.97,6.04,108337.0,60235371.99999999,5.51,5.58,5.49,5.56,True,中国西电,False
2017-07-03,6.02,6.12,6.02,6.06,123650.0,68996700.0,5.54,5.64,5.54,5.58,True,中国西电,False
2017-07-04,6.07,6.1,6.02,6.02,124328.0,68877712.0,5.59,5.62,5.54,5.54,True,中国西电,False
2017-07-05,6.02,6.05,6.02,6.05,113075.0,62982775.0,5.54,5.57,5.54,5.57,True,中国西电,False
2017-07-06,6.06,6.06,5.97,6.02,140329.0,77742266.0,5.58,5.58,5.49,5.54,True,中国西电,False
2017-07-07,6.01,6.04,6.0,6.02,89448.0,49554192.0,5.53,5.56,5.52,5.54,True,中国西电,False
2017-07-10,6.0,6.08,6.0,6.06,123733.0,69043014.0,5.52,5.6,5.52,5.58,True,中国西电,False
2017-07-11,6.05,6.06,6.0,6.01,118022.0,65266166.0,5.57,5.58,5.52,5.53,True,中国西电,False
2017-07-12,6.0,6.02,5.95,5.98,126823.0,69752650.0,5.52,5.54,5.47,5.5,True,中国西电,False
2017-07-13,5.98,6.07,5.96,6.05,145116.0,80829612.0,5.5,5.59,5.48,5.57,True,中国西电,False
2017-07-14,6.04,6.05,5.99,6.02,100182.0,55500828.0,5.56,5.57,5.51,5.54,True,中国西电,False
2017-07-17,6.02,6.02,5.68,5.84,193006.0,103451216.0,5.54,5.54,5.2,5.36,True,中国西电,False
2017-07-18,5.82,5.89,5.79,5.88,110015.0,59408100.00000001,5.34,5.41,5.31,5.4,True,中国西电,False
2017-07-19,5.87,6.03,5.85,6.03,193121.0,107182155.0,5.39,5.55,5.37,5.55,True,中国西电,False
2017-07-20,6.03,6.09,6.01,6.04,191307.0,106366692.0,5.55,5.61,5.53,5.56,True,中国西电,False
2017-07-21,6.04,6.16,6.02,6.13,254254.0,143653510.0,5.56,5.68,5.54,5.65,True,中国西电,False
2017-07-24,6.11,6.3,6.1,6.18,282560.0,161059200.0,5.63,5.82,5.62,5.7,True,中国西电,False
2017-07-25,6.17,6.21,6.1,6.12,132612.0,74793168.0,5.69,5.73,5.62,5.64,True,中国西电,False
2017-07-26,6.15,6.17,6.09,6.14,119665.0,67730390.0,5.67,5.69,5.61,5.66,True,中国西电,False
2017-07-27,6.12,6.13,6.06,6.11,135652.0,76372076.0,5.64,5.65,5.58,5.63,True,中国西电,False
2017-07-28,6.11,6.15,6.08,6.12,101755.0,57389820.0,5.63,5.67,5.6,5.64,True,中国西电,False
2017-07-31,6.11,6.17,6.1,6.16,169314.0,96170352.0,5.63,5.69,5.62,5.68,True,中国西电,False
2017-08-01,6.15,6.22,6.14,6.15,148913.0,84433671.0,5.67,5.74,5.66,5.67,True,中国西电,False
2017-08-02,6.16,6.17,6.08,6.09,124710.0,69962310.0,5.68,5.69,5.6,5.61,True,中国西电,False
2017-08-03,6.08,6.15,6.07,6.13,110932.0,62676580.00000001,5.6,5.67,5.59,5.65,True,中国西电,False
2017-08-04,6.14,6.17,6.11,6.12,149272.0,84189408.0,5.66,5.69,5.63,5.64,True,中国西电,False
2017-08-07,6.11,6.16,6.07,6.16,105072.0,59680896.0,5.63,5.68,5.59,5.68,True,中国西电,False
2017-08-08,6.15,6.22,6.14,6.18,119729.0,68245530.0,5.67,5.74,5.66,5.7,True,中国西电,False
2017-08-09,6.18,6.35,6.16,6.32,270270.0,157837680.0,5.7,5.87,5.68,5.84,True,中国西电,False
2017-08-10,6.32,6.39,6.21,6.27,198126.0,114714954.0,5.84,5.91,5.73,5.79,True,中国西电,False
2017-08-11,6.22,6.24,6.07,6.1,195084.0,109637208.0,5.74,5.76,5.59,5.62,True,中国西电,False
2017-08-14,6.1,6.17,6.08,6.16,89307.0,50726376.0,5.62,5.69,5.6,5.68,True,中国西电,False
2017-08-15,6.13,6.18,6.06,6.07,133485.0,74618115.0,5.65,5.7,5.58,5.59,True,中国西电,False
2017-08-16,6.07,6.1,6.03,6.08,70716.0,39600960.0,5.59,5.62,5.55,5.6,True,中国西电,False
2017-08-17,6.08,6.17,6.08,6.15,101640.0,57629880.0,5.6,5.69,5.6,5.67,True,中国西电,False
2017-08-18,6.14,6.16,6.1,6.13,87173.0,49252745.0,5.66,5.68,5.62,5.65,True,中国西电,False
2017-08-21,6.15,6.22,6.13,6.19,90332.0,51579572.0,5.67,5.74,5.65,5.71,True,中国西电,False
2017-08-22,6.2,6.22,6.14,6.16,93096.0,52878528.0,5.72,5.74,5.66,5.68,True,中国西电,False
2017-08-23,6.17,6.17,6.11,6.11,58987.0,33209681.0,5.69,5.69,5.63,5.63,True,中国西电,False
2017-08-24,6.11,6.13,6.06,6.06,61862.0,34518996.0,5.63,5.65,5.58,5.58,True,中国西电,False
2017-08-25,6.06,6.17,6.06,6.15,89369.0,50672223.0,5.58,5.69,5.58,5.67,True,中国西电,False
2017-08-28,6.15,6.21,6.14,6.19,136209.0,77775339.0,5.67,5.73,5.66,5.71,True,中国西电,False
2017-08-29,6.2,6.21,6.13,6.15,94989.0,53858763.0,5.72,5.73,5.65,5.67,True,中国西电,False
2017-08-30,6.15,6.21,6.13,6.17,93587.0,53251003.0,5.67,5.73,5.65,5.69,True,中国西电,False
2017-08-31,6.18,6.24,6.16,6.21,118530.0,67917690.0,5.7,5.76,5.68,5.73,True,中国西电,False
2017-09-01,6.23,6.24,6.16,6.19,145475.0,83066225.0,5.75,5.76,5.68,5.71,True,中国西电,False
2017-09-04,6.18,6.2,6.15,6.19,108816.0,62133936.0,5.7,5.72,5.67,5.71,True,中国西电,False
2017-09-05,6.18,6.19,6.15,6.16,101849.0,57850232.0,5.7,5.71,5.67,5.68,True,中国西电,False
2017-09-06,6.14,6.41,6.13,6.32,352011.0,205574424.0,5.66,5.93,5.65,5.84,True,中国西电,False
2017-09-07,6.27,6.31,6.19,6.21,204932.0,117426036.0,5.79,5.83,5.71,5.73,True,中国西电,False
2017-09-08,6.21,6.22,6.15,6.16,115177.0,65420536.0,5.73,5.74,5.67,5.68,True,中国西电,False
2017-09-11,6.15,6.22,6.15,6.19,83247.0,47534037.0,5.67,5.74,5.67,5.71,True,中国西电,False
2017-09-12,6.19,6.22,6.16,6.18,107734.0,61408380.0,5.71,5.74,5.68,5.7,True,中国西电,False
2017-09-13,6.17,6.18,6.16,6.18,64294.0,36647580.0,5.69,5.7,5.68,5.7,True,中国西电,False
2017-09-14,6.18,6.21,6.15,6.17,92614.0,52697366.0,5.7,5.73,5.67,5.69,True,中国西电,False
2017-09-15,6.16,6.17,6.12,6.14,96242.0,54472972.0,5.68,5.69,5.64,5.66,True,中国西电,False
2017-09-18,6.13,6.16,6.12,6.14,83628.0,47333448.0,5.65,5.68,5.64,5.66,True,中国西电,False
2017-09-19,6.14,6.15,6.11,6.12,79183.0,44659212.0,5.66,5.67,5.63,5.64,True,中国西电,False
2017-09-20,6.13,6.14,6.1,6.13,59576.0,33660440.0,5.65,5.66,5.62,5.65,True,中国西电,False
2017-09-21,6.13,6.22,6.11,6.15,169994.0,96386598.0,5.65,5.74,5.63,5.67,True,中国西电,False
2017-09-22,6.17,6.17,6.06,6.09,103983.0,58334463.0,5.69,5.69,5.58,5.61,True,中国西电,False
2017-09-25,6.08,6.08,5.95,5.96,147892.0,81044816.0,5.6,5.6,5.47,5.48,True,中国西电,False
2017-09-26,5.98,6.01,5.95,5.96,67453.0,36964244.0,5.5,5.53,5.47,5.48,True,中国西电,False
2017-09-27,5.96,6.01,5.96,5.98,72705.0,39987750.0,5.48,5.53,5.48,5.5,True,中国西电,False
2017-09-28,5.99,6.0,5.9,5.92,91069.0,49541536.0,5.51,5.52,5.42,5.44,True,中国西电,False
2017-09-29,5.92,5.95,5.91,5.94,51502.0,28120092.0,5.44,5.47,5.43,5.46,True,中国西电,False
2017-10-09,5.99,6.0,5.94,5.96,92649.0,50771652.00000001,5.51,5.52,5.46,5.48,True,中国西电,False
2017-10-10,5.96,6.0,5.96,6.0,62260.0,34367520.0,5.48,5.52,5.48,5.52,True,中国西电,False
2017-10-11,6.0,6.01,5.98,5.99,65400.0,36035400.0,5.52,5.53,5.5,5.51,True,中国西电,False
2017-10-12,5.99,6.0,5.94,5.97,69322.0,38057778.0,5.51,5.52,5.46,5.49,True,中国西电,False
2017-10-13,5.97,6.01,5.96,6.0,57890.0,31955280.0,5.49,5.53,5.48,5.52,True,中国西电,False
2017-10-16,5.99,6.01,5.97,5.97,80423.0,44152227.0,5.51,5.53,5.49,5.49,True,中国西电,False
2017-10-17,5.99,5.99,5.94,5.96,47104.0,25812992.000000004,5.51,5.51,5.46,5.48,True,中国西电,False
2017-10-18,5.97,5.97,5.89,5.9,81670.0,44265140.0,5.49,5.49,5.41,5.42,True,中国西电,False
2017-10-19,5.91,5.91,5.77,5.78,80029.0,42415370.0,5.43,5.43,5.29,5.3,True,中国西电,False
2017-10-20,5.79,5.84,5.76,5.83,42256.0,22606960.0,5.31,5.36,5.28,5.35,True,中国西电,False
2017-10-23,5.83,5.85,5.81,5.85,44709.0,24008733.0,5.35,5.37,5.33,5.37,True,中国西电,False
2017-10-24,5.85,5.85,5.79,5.82,73242.0,39111228.0,5.37,5.37,5.31,5.34,True,中国西电,False
2017-10-25,5.81,5.84,5.79,5.84,54393.0,29154648.0,5.33,5.36,5.31,5.36,True,中国西电,False
2017-10-26,5.83,5.95,5.82,5.91,121649.0,66055407.0,5.35,5.47,5.34,5.43,True,中国西电,False
2017-10-27,5.9,5.94,5.88,5.89,62724.0,33933684.0,5.42,5.46,5.4,5.41,True,中国西电,False
2017-10-30,5.85,5.89,5.79,5.8,89734.0,47738488.0,5.37,5.41,5.31,5.32,True,中国西电,False
2017-10-31,5.75,5.76,5.65,5.7,154383.0,80587926.0,5.27,5.28,5.17,5.22,True,中国西电,False
2017-11-01,5.69,5.71,5.63,5.65,142429.0,73635793.0,5.21,5.23,5.15,5.17,True,中国西电,False
2017-11-02,5.66,5.66,5.52,5.55,187375.0,94999125.0,5.18,5.18,5.04,5.07,True,中国西电,False
2017-11-03,5.54,5.57,5.39,5.44,190252.0,94364992.0,5.06,5.09,4.91,4.96,True,中国西电,False
2017-11-06,5.44,5.48,5.43,5.47,114100.0,56935900.0,4.96,5.0,4.95,4.99,True,中国西电,False
2017-11-07,5.45,5.51,5.44,5.51,94324.0,47444972.0,4.97,5.03,4.96,5.03,True,中国西电,False
2017-11-08,5.51,5.54,5.49,5.52,113446.0,57176784.0,5.03,5.06,5.01,5.04,True,中国西电,False
2017-11-09,5.52,5.53,5.49,5.51,73449.0,36944847.0,5.04,5.05,5.01,5.03,True,中国西电,False
2017-11-10,5.49,5.52,5.43,5.52,156428.0,78839712.0,5.01,5.04,4.95,5.04,True,中国西电,False
2017-11-13,5.5,5.51,5.47,5.48,82056.0,41028000.0,5.02,5.03,4.99,5.0,True,中国西电,False
2017-11-14,5.49,5.49,5.41,5.43,94897.0,46974015.0,5.01,5.01,4.93,4.95,True,中国西电,False
2017-11-15,5.43,5.45,5.38,5.41,56948.0,28075364.0,4.95,4.97,4.9,4.93,True,中国西电,False
2017-11-16,5.41,5.43,5.3,5.32,135181.0,65427604.0,4.93,4.95,4.82,4.84,True,中国西电,False
2017-11-17,5.31,5.34,5.18,5.2,168816.0,79681152.0,4.83,4.86,4.7,4.72,True,中国西电,False
2017-11-20,5.18,5.19,5.04,5.18,106009.0,49824230.0,4.7,4.71,4.56,4.7,True,中国西电,False
2017-11-21,5.17,5.18,5.13,5.16,77109.0,36087012.0,4.69,4.7,4.65,4.68,True,中国西电,False
2017-11-22,5.16,5.22,5.13,5.19,109468.0,51559428.0,4.68,4.74,4.65,4.71,True,中国西电,False
2017-11-23,5.19,5.19,5.07,5.08,92325.0,42469500.0,4.71,4.71,4.59,4.6,True,中国西电,False
2017-11-24,5.06,5.08,5.04,5.08,56291.0,25893860.0,4.58,4.6,4.56,4.6,True,中国西电,False
2017-11-27,5.08,5.09,4.99,5.01,93711.0,42451083.0,4.6,4.61,4.51,4.53,True,中国西电,False
2017-11-28,5.01,5.04,4.98,5.03,76032.0,34594560.0,4.53,4.56,4.5,4.55,True,中国西电,False
2017-11-29,5.05,5.1,5.0,5.07,94527.0,43387893.0,4.57,4.62,4.52,4.59,True,中国西电,False
2017-11-30,5.06,5.06,5.0,5.0,62118.0,28077336.0,4.58,4.58,4.52,4.52,True,中国西电,False
2017-12-01,5.0,5.04,4.99,5.04,54455.0,24831480.0,4.52,4.56,4.51,4.56,True,中国西电,False
2017-12-04,5.04,5.05,4.96,4.98,66528.0,29937600.0,4.56,4.57,4.48,4.5,True,中国西电,False
2017-12-05,4.98,4.98,4.83,4.84,137074.0,59764264.00000001,4.5,4.5,4.35,4.36,True,中国西电,False
2017-12-06,4.83,4.86,4.79,4.85,76046.0,33232102.0,4.35,4.38,4.31,4.37,True,中国西电,False
2017-12-07,4.85,4.9,4.82,4.88,71253.0,31351320.000000004,4.37,4.42,4.34,4.4,True,中国西电,False
2017-12-08,4.87,4.91,4.85,4.9,56027.0,24763934.0,4.39,4.43,4.37,4.42,True,中国西电,False
2017-12-11,4.89,4.95,4.88,4.95,71218.0,31834446.0,4.41,4.47,4.4,4.47,True,中国西电,False
2017-12-12,4.94,4.94,4.85,4.86,51402.0,22514076.0,4.46,4.46,4.37,4.38,True,中国西电,False
2017-12-13,4.86,4.89,4.84,4.88,39313.0,17297720.0,4.38,4.41,4.36,4.4,True,中国西电,False
2017-12-14,4.88,4.94,4.86,4.92,73633.0,32693052.000000004,4.4,4.46,4.38,4.44,True,中国西电,False
2017-12-15,4.91,4.92,4.85,4.89,61579.0,27156339.0,4.43,4.44,4.37,4.41,True,中国西电,False
2017-12-18,4.89,4.9,4.83,4.86,64279.0,28154202.0,4.41,4.42,4.35,4.38,True,中国西电,False
2017-12-19,4.85,4.88,4.83,4.86,71627.0,31372626.0,4.37,4.4,4.35,4.38,True,中国西电,False
2017-12-20,4.86,4.86,4.82,4.83,47614.0,20712090.0,4.38,4.38,4.34,4.35,True,中国西电,False
2017-12-21,4.8,4.81,4.74,4.76,87546.0,37469688.0,4.32,4.33,4.26,4.28,True,中国西电,False
2017-12-22,4.76,4.79,4.75,4.78,39992.0,17196560.0,4.28,4.31,4.27,4.3,True,中国西电,False
2017-12-25,4.78,4.79,4.74,4.75,57518.0,24560186.0,4.3,4.31,4.26,4.27,True,中国西电,False
2017-12-26,4.75,4.83,4.73,4.82,76394.0,33154996.0,4.27,4.35,4.25,4.34,True,中国西电,False
2017-12-27,4.8,4.82,4.77,4.79,57094.0,24607514.0,4.32,4.34,4.29,4.31,True,中国西电,False
2017-12-28,4.77,4.82,4.76,4.8,55883.0,24141456.0,4.29,4.34,4.28,4.32,True,中国西电,False
2017-12-29,4.81,4.85,4.79,4.85,55325.0,24177025.0,4.33,4.37,4.31,4.37,True,中国西电,False
2018-01-02,4.85,4.91,4.83,4.9,71058.0,31407636.0,4.37,4.43,4.35,4.42,True,中国西电,False
2018-01-03,4.91,4.95,4.89,4.94,67579.0,30140234.0,4.43,4.47,4.41,4.46,True,中国西电,False
2018-01-04,4.94,5.07,4.91,4.99,164080.0,74000080.0,4.46,4.59,4.43,4.51,True,中国西电,False
2018-01-05,4.99,5.04,4.96,5.01,107819.0,48842007.0,4.51,4.56,4.48,4.53,True,中国西电,False
2018-01-08,5.02,5.04,4.98,4.99,79032.0,35643432.0,4.54,4.56,4.5,4.51,True,中国西电,False
2018-01-09,5.05,5.07,4.99,5.02,105050.0,47692700.0,4.57,4.59,4.51,4.54,True,中国西电,False
2018-01-10,5.0,5.01,4.94,4.97,103959.0,46677591.0,4.52,4.53,4.46,4.49,True,中国西电,False
2018-01-11,4.98,4.98,4.91,4.95,67527.0,30184569.0,4.5,4.5,4.43,4.47,True,中国西电,False
2018-01-12,4.96,4.97,4.93,4.95,51092.0,22838124.0,4.48,4.49,4.45,4.47,True,中国西电,False
2018-01-15,4.94,4.95,4.85,4.87,67553.0,29655767.0,4.46,4.47,4.37,4.39,True,中国西电,False
2018-01-16,4.89,4.91,4.88,4.91,42027.0,18617961.0,4.41,4.43,4.4,4.43,True,中国西电,False
2018-01-17,4.91,5.01,4.89,4.98,93468.0,42060600.0,4.43,4.53,4.41,4.5,True,中国西电,False
2018-01-18,4.96,5.07,4.96,5.04,134200.0,61195199.99999999,4.48,4.59,4.48,4.56,True,中国西电,False
2018-01-19,5.04,5.04,4.99,5.01,83467.0,37810551.0,4.56,4.56,4.51,4.53,True,中国西电,False
2018-01-22,4.97,5.07,4.97,5.02,77688.0,35270352.0,4.49,4.59,4.49,4.54,True,中国西电,False
2018-01-23,5.05,5.15,5.02,5.14,198980.0,92724680.0,4.57,4.67,4.54,4.66,True,中国西电,False
2018-01-24,5.15,5.26,5.13,5.15,197230.0,92106410.0,4.67,4.78,4.65,4.67,True,中国西电,False
2018-01-25,5.14,5.21,5.1,5.17,122671.0,57532699.00000001,4.66,4.73,4.62,4.69,True,中国西电,False
2018-01-26,5.16,5.21,5.15,5.17,73277.0,34366913.0,4.68,4.73,4.67,4.69,True,中国西电,False
2018-01-29,5.19,5.19,5.09,5.1,115510.0,53365620.0,4.71,4.71,4.61,4.62,True,中国西电,False
2018-01-30,5.08,5.14,5.07,5.1,69637.0,32172294.0,4.6,4.66,4.59,4.62,True,中国西电,False
2018-01-31,5.09,5.09,4.99,5.01,77923.0,35299119.0,4.61,4.61,4.51,4.53,True,中国西电,False
2018-02-01,5.03,5.03,4.86,4.87,96013.0,42149707.0,4.55,4.55,4.38,4.39,True,中国西电,False
2018-02-02,4.86,4.87,4.79,4.84,69946.0,30496456.000000004,4.38,4.39,4.31,4.36,True,中国西电,False
2018-02-05,4.84,4.88,4.8,4.87,57130.0,25080070.0,4.36,4.4,4.32,4.39,True,中国西电,False
2018-02-06,4.83,4.84,4.68,4.69,102766.0,43264486.0,4.35,4.36,4.2,4.21,True,中国西电,False
2018-02-07,4.75,4.77,4.68,4.71,69243.0,29289789.000000004,4.27,4.29,4.2,4.23,True,中国西电,False
2018-02-08,4.72,4.76,4.69,4.74,55474.0,23631924.0,4.24,4.28,4.21,4.26,True,中国西电,False
2018-02-09,4.68,4.68,4.45,4.51,148109.0,59687927.0,4.2,4.2,3.97,4.03,True,中国西电,False
2018-02-12,4.53,4.57,4.48,4.52,83466.0,33720264.0,4.05,4.09,4.0,4.04,True,中国西电,False
2018-02-13,4.54,4.57,4.5,4.52,67008.0,27071232.0,4.06,4.09,4.02,4.04,True,中国西电,False
2018-02-14,4.53,4.54,4.51,4.53,37063.0,15010515.0,4.05,4.06,4.03,4.05,True,中国西电,False
2018-02-22,4.55,4.58,4.53,4.58,48364.0,19829240.0,4.07,4.1,4.05,4.1,True,中国西电,False
2018-02-23,4.56,4.61,4.56,4.59,39044.0,16047084.000000002,4.08,4.13,4.08,4.11,True,中国西电,False
2018-02-26,4.61,4.66,4.59,4.66,64998.0,27169164.0,4.13,4.18,4.11,4.18,True,中国西电,False
2018-02-27,4.66,4.67,4.62,4.63,49873.0,20697295.0,4.18,4.19,4.14,4.15,True,中国西电,False
2018-02-28,4.62,4.66,4.59,4.64,61094.0,25415104.0,4.14,4.18,4.11,4.16,True,中国西电,False
2018-03-01,4.62,4.66,4.6,4.66,46264.0,19338352.0,4.14,4.18,4.12,4.18,True,中国西电,False
2018-03-02,4.63,4.7,4.63,4.68,46414.0,19493880.0,4.15,4.22,4.15,4.2,True,中国西电,False
2018-03-05,4.69,4.7,4.65,4.67,33436.0,14009684.000000002,4.21,4.22,4.17,4.19,True,中国西电,False
2018-03-06,4.67,4.71,4.66,4.71,42957.0,18170811.0,4.19,4.23,4.18,4.23,True,中国西电,False
2018-03-07,4.71,4.72,4.68,4.68,38668.0,16240560.0,4.23,4.24,4.2,4.2,True,中国西电,False
2018-03-08,4.68,4.71,4.66,4.69,29179.0,12284359.0,4.2,4.23,4.18,4.21,True,中国西电,False
2018-03-09,4.69,4.73,4.68,4.72,50964.0,21608736.0,4.21,4.25,4.2,4.24,True,中国西电,False
2018-03-12,4.73,4.78,4.72,4.77,60754.0,26063466.0,4.25,4.3,4.24,4.29,True,中国西电,False
2018-03-13,4.77,4.77,4.72,4.74,45065.0,19197690.0,4.29,4.29,4.24,4.26,True,中国西电,False
2018-03-14,4.73,4.73,4.69,4.69,34669.0,14595649.0,4.25,4.25,4.21,4.21,True,中国西电,False
2018-03-15,4.69,4.72,4.67,4.69,40787.0,17171327.0,4.21,4.24,4.19,4.21,True,中国西电,False
2018-03-16,4.68,4.7,4.66,4.67,43679.0,18301501.0,4.2,4.22,4.18,4.19,True,中国西电,False
2018-03-19,4.68,4.68,4.61,4.62,63324.0,26216136.0,4.2,4.2,4.13,4.14,True,中国西电,False
2018-03-20,4.59,4.6,4.55,4.58,72893.0,29886130.0,4.11,4.12,4.07,4.1,True,中国西电,False
2018-03-21,4.58,4.63,4.58,4.6,60204.0,24804048.0,4.1,4.15,4.1,4.12,True,中国西电,False
2018-03-22,4.6,4.74,4.56,4.67,94631.0,39650389.0,4.12,4.26,4.08,4.19,True,中国西电,False
2018-03-23,4.6,4.6,4.45,4.5,138959.0,55861517.99999999,4.12,4.12,3.97,4.02,True,中国西电,False
2018-03-26,4.46,4.49,4.39,4.49,70885.0,28424885.0,3.98,4.01,3.91,4.01,True,中国西电,False
2018-03-27,4.51,4.56,4.51,4.54,58771.0,23861026.0,4.03,4.08,4.03,4.06,True,中国西电,False
2018-03-28,4.51,4.54,4.49,4.53,44190.0,17896950.0,4.03,4.06,4.01,4.05,True,中国西电,False
2018-03-29,4.54,4.56,4.51,4.55,40617.0,16531119.000000002,4.06,4.08,4.03,4.07,True,中国西电,False
2018-03-30,4.55,4.65,4.55,4.65,99492.0,41488164.0,4.07,4.17,4.07,4.17,True,中国西电,False
2018-04-02,4.63,4.64,4.6,4.6,49973.0,20588876.0,4.15,4.16,4.12,4.12,True,中国西电,False
2018-04-03,4.57,4.57,4.52,4.55,46427.0,18895789.0,4.09,4.09,4.04,4.07,True,中国西电,False
2018-04-04,4.56,4.57,4.53,4.54,31677.0,12860861.999999998,4.08,4.09,4.05,4.06,True,中国西电,False
2018-04-09,4.51,4.52,4.46,4.5,62443.0,25102086.0,4.03,4.04,3.98,4.02,True,中国西电,False
2018-04-10,4.49,4.54,4.48,4.53,45137.0,18280485.0,4.01,4.06,4.0,4.05,True,中国西电,False
2018-04-11,4.53,4.56,4.52,4.54,54083.0,21957698.0,4.05,4.08,4.04,4.06,True,中国西电,False
2018-04-12,4.54,4.54,4.49,4.5,33519.0,13474637.999999998,4.06,4.06,4.01,4.02,True,中国西电,False
2018-04-13,4.52,4.52,4.49,4.49,28343.0,11365543.0,4.04,4.04,4.01,4.01,True,中国西电,False
2018-04-16,4.45,4.48,4.44,4.46,43267.0,17220266.0,3.97,4.0,3.96,3.98,True,中国西电,False
2018-04-17,4.45,4.48,4.41,4.42,56151.0,22123494.0,3.97,4.0,3.93,3.94,True,中国西电,False
2018-04-18,4.43,4.44,4.36,4.39,72967.0,28530097.0,3.95,3.96,3.88,3.91,True,中国西电,False
2018-04-19,4.4,4.42,4.39,4.41,72268.0,28401324.0,3.92,3.94,3.91,3.93,True,中国西电,False
2018-04-20,4.4,4.4,4.35,4.36,58300.0,22620400.0,3.92,3.92,3.87,3.88,True,中国西电,False
2018-04-23,4.35,4.4,4.34,4.37,54114.0,21050346.0,3.87,3.92,3.86,3.89,True,中国西电,False
2018-04-24,4.38,4.45,4.37,4.41,67847.0,26663871.0,3.9,3.97,3.89,3.93,True,中国西电,False
2018-04-25,4.4,4.42,4.39,4.4,29151.0,11427192.0,3.92,3.94,3.91,3.92,True,中国西电,False
2018-04-26,4.41,4.41,4.33,4.34,57203.0,22080358.0,3.93,3.93,3.85,3.86,True,中国西电,False
2018-04-27,4.36,4.36,4.31,4.33,48180.0,18549300.0,3.88,3.88,3.83,3.85,True,中国西电,False
2018-05-02,4.33,4.37,4.32,4.33,36748.0,14147980.0,3.85,3.89,3.84,3.85,True,中国西电,False
2018-05-03,4.33,4.36,4.31,4.35,31293.0,12110391.0,3.85,3.88,3.83,3.87,True,中国西电,False
2018-05-04,4.36,4.36,4.32,4.33,29899.0,11511115.0,3.88,3.88,3.84,3.85,True,中国西电,False
2018-05-07,4.33,4.39,4.32,4.38,49672.0,19372080.0,3.85,3.91,3.84,3.9,True,中国西电,False
2018-05-08,4.39,4.39,4.37,4.39,33390.0,13055490.0,3.91,3.91,3.89,3.91,True,中国西电,False
2018-05-09,4.4,4.43,4.38,4.4,57916.0,22703072.0,3.92,3.95,3.9,3.92,True,中国西电,False
2018-05-10,4.41,4.42,4.36,4.4,36544.0,14325248.0,3.93,3.94,3.88,3.92,True,中国西电,False
2018-05-11,4.4,4.4,4.36,4.37,32015.0,12453835.0,3.92,3.92,3.88,3.89,True,中国西电,False
2018-05-14,4.38,4.38,4.35,4.37,39725.0,15453025.0,3.9,3.9,3.87,3.89,True,中国西电,False
2018-05-15,4.36,4.38,4.34,4.37,40385.0,15709765.0,3.88,3.9,3.86,3.89,True,中国西电,False
2018-05-16,4.36,4.37,4.33,4.34,54242.0,20937412.0,3.88,3.89,3.85,3.86,True,中国西电,False
2018-05-17,4.34,4.35,4.32,4.35,28973.0,11212551.0,3.86,3.87,3.84,3.87,True,中国西电,False
2018-05-18,4.34,4.37,4.32,4.37,87139.0,33897071.0,3.86,3.89,3.84,3.89,True,中国西电,False
2018-05-21,4.37,4.43,4.37,4.42,89066.0,35092004.0,3.89,3.95,3.89,3.94,True,中国西电,False
2018-05-22,4.42,4.43,4.4,4.42,49365.0,19449810.0,3.94,3.95,3.92,3.94,True,中国西电,False
2018-05-23,4.41,4.42,4.39,4.4,41593.0,16304456.0,3.93,3.94,3.91,3.92,True,中国西电,False
2018-05-24,4.39,4.41,4.38,4.39,26539.0,10376749.0,3.91,3.93,3.9,3.91,True,中国西电,False
2018-05-25,4.39,4.39,4.33,4.34,40610.0,15675460.0,3.91,3.91,3.85,3.86,True,中国西电,False
2018-05-28,4.34,4.36,4.32,4.32,37836.0,14529024.0,3.86,3.88,3.84,3.84,True,中国西电,False
2018-05-29,4.32,4.33,4.31,4.31,45654.0,17485482.0,3.84,3.85,3.83,3.83,True,中国西电,False
2018-05-30,4.29,4.3,4.16,4.17,90952.0,33561288.0,3.81,3.82,3.68,3.69,True,中国西电,False
2018-05-31,4.19,4.23,4.18,4.21,48293.0,18013289.0,3.71,3.75,3.7,3.73,True,中国西电,False
2018-06-01,4.21,4.24,4.19,4.22,43107.0,16122018.0,3.73,3.76,3.71,3.74,True,中国西电,False
2018-06-04,4.23,4.26,4.22,4.23,28642.0,10740750.0,3.75,3.78,3.74,3.75,True,中国西电,False
2018-06-05,4.22,4.27,4.21,4.26,33734.0,12751452.0,3.74,3.79,3.73,3.78,True,中国西电,False
2018-06-06,4.26,4.43,4.24,4.34,81249.0,31362114.0,3.78,3.95,3.76,3.86,True,中国西电,False
2018-06-07,4.33,4.39,4.33,4.36,51963.0,20161644.0,3.85,3.91,3.85,3.88,True,中国西电,False
2018-06-08,4.35,4.41,4.3,4.39,83624.0,32696984.0,3.87,3.93,3.82,3.91,True,中国西电,False
2018-06-11,4.39,4.41,4.3,4.33,42245.0,16264325.0,3.91,3.93,3.82,3.85,True,中国西电,False
2018-06-12,4.33,4.39,4.33,4.34,44729.0,17265394.0,3.85,3.91,3.85,3.86,True,中国西电,False
2018-06-13,4.35,4.36,4.31,4.32,32158.0,12348672.0,3.87,3.88,3.83,3.84,True,中国西电,False
2018-06-14,4.34,4.35,4.26,4.27,46314.0,17553006.0,3.86,3.87,3.78,3.79,True,中国西电,False
2018-06-15,4.293,4.303,4.163,4.263,58169.0,21697037.0,3.76,3.77,3.63,3.73,True,中国西电,False
2018-06-19,4.193,4.223,3.933,3.993,82846.0,28664716.0,3.66,3.69,3.4,3.46,True,中国西电,False
2018-06-20,3.983,4.053,3.983,4.033,39552.0,13843200.0,3.45,3.52,3.45,3.5,True,中国西电,False
2018-06-21,4.043,4.053,3.953,3.983,46569.0,16066305.0,3.51,3.52,3.42,3.45,True,中国西电,False
2018-06-22,3.963,4.013,3.913,4.013,35115.0,12220020.0,3.43,3.48,3.38,3.48,True,中国西电,False
2018-06-25,4.003,4.033,3.913,3.953,42305.0,14468310.0,3.47,3.5,3.38,3.42,True,中国西电,False
2018-06-26,3.923,3.983,3.893,3.953,42064.0,14385888.0,3.39,3.45,3.36,3.42,True,中国西电,False
2018-06-27,3.953,4.003,3.913,3.933,39107.0,13296380.0,3.42,3.47,3.38,3.4,True,中国西电,False
2018-06-28,3.933,3.963,3.893,3.903,36193.0,12197041.0,3.4,3.43,3.36,3.37,True,中国西电,False
2018-06-29,3.923,3.963,3.903,3.953,55341.0,18926622.0,3.39,3.43,3.37,3.42,True,中国西电,False
2018-07-02,3.943,3.953,3.853,3.863,52604.0,17517132.0,3.41,3.42,3.32,3.33,True,中国西电,False
2018-07-03,3.873,3.923,3.853,3.913,52575.0,17770350.0,3.34,3.39,3.32,3.38,True,中国西电,False
2018-07-04,3.893,3.933,3.883,3.903,37319.0,12576503.0,3.36,3.4,3.35,3.37,True,中国西电,False
2018-07-05,3.893,3.923,3.863,3.863,38707.0,12889431.0,3.36,3.39,3.33,3.33,True,中国西电,False
2018-07-06,3.863,3.913,3.803,3.873,55879.0,18663586.0,3.33,3.38,3.27,3.34,True,中国西电,False
2018-07-09,3.893,3.933,3.873,3.933,22533.0,7661220.0,3.36,3.4,3.34,3.4,True,中国西电,False
2018-07-10,3.933,3.953,3.903,3.933,29346.0,9977640.0,3.4,3.42,3.37,3.4,True,中国西电,False
2018-07-11,3.913,3.943,3.873,3.903,54009.0,18201033.0,3.38,3.41,3.34,3.37,True,中国西电,False
2018-07-12,3.903,3.973,3.903,3.963,43835.0,15035405.0,3.37,3.44,3.37,3.43,True,中国西电,False
2018-07-13,3.973,3.983,3.953,3.973,30197.0,10387768.0,3.44,3.45,3.42,3.44,True,中国西电,False
2018-07-16,3.973,3.993,3.953,3.983,23503.0,8108535.0,3.44,3.46,3.42,3.45,True,中国西电,False
2018-07-17,3.983,3.993,3.913,3.943,47202.0,16095882.0,3.45,3.46,3.38,3.41,True,中国西电,False
2018-07-18,3.953,4.043,3.943,4.013,72510.0,25233480.0,3.42,3.51,3.41,3.48,True,中国西电,False
2018-07-19,3.993,4.013,3.963,3.983,36067.0,12443115.0,3.46,3.48,3.43,3.45,True,中国西电,False
2018-07-20,3.973,4.093,3.963,4.053,57596.0,20273792.0,3.44,3.56,3.43,3.52,True,中国西电,False
2018-07-23,4.063,4.173,4.033,4.143,138751.0,50089111.0,3.53,3.64,3.5,3.61,True,中国西电,False
2018-07-24,4.123,4.213,4.123,4.163,153512.0,55724856.0,3.59,3.68,3.59,3.63,True,中国西电,False
2018-07-25,4.143,4.153,4.093,4.103,79683.0,28446831.0,3.61,3.62,3.56,3.57,True,中国西电,False
2018-07-26,4.093,4.153,4.073,4.143,68685.0,24795285.0,3.56,3.62,3.54,3.61,True,中国西电,False
2018-07-27,4.133,4.143,4.093,4.103,35410.0,12641370.0,3.6,3.61,3.56,3.57,True,中国西电,False
2018-07-30,4.103,4.163,4.083,4.093,50903.0,18121468.0,3.57,3.63,3.55,3.56,True,中国西电,False
2018-07-31,4.093,4.133,4.073,4.133,42103.0,15157080.0,3.56,3.6,3.54,3.6,True,中国西电,False
2018-08-01,4.133,4.163,4.033,4.053,74930.0,26375360.0,3.6,3.63,3.5,3.52,True,中国西电,False
2018-08-02,4.073,4.073,3.873,3.923,86886.0,29454354.0,3.54,3.54,3.34,3.39,True,中国西电,False
2018-08-03,3.913,3.953,3.893,3.913,31552.0,10664576.0,3.38,3.42,3.36,3.38,True,中国西电,False
2018-08-06,3.923,3.963,3.893,3.923,35629.0,12078231.0,3.39,3.43,3.36,3.39,True,中国西电,False
2018-08-07,3.923,4.043,3.903,4.033,63941.0,22379350.0,3.39,3.51,3.37,3.5,True,中国西电,False
2018-08-08,4.023,4.033,3.983,4.003,48362.0,16781614.0,3.49,3.5,3.45,3.47,True,中国西电,False
2018-08-09,3.993,4.083,3.983,4.053,53392.0,18793984.0,3.46,3.55,3.45,3.52,True,中国西电,False
2018-08-10,4.073,4.083,4.043,4.063,38039.0,13427767.0,3.54,3.55,3.51,3.53,True,中国西电,False
2018-08-13,4.053,4.093,4.023,4.083,56261.0,19972655.0,3.52,3.56,3.49,3.55,True,中国西电,False
2018-08-14,4.053,4.093,4.053,4.073,36789.0,13023306.0,3.52,3.56,3.52,3.54,True,中国西电,False
2018-08-15,4.073,4.103,4.013,4.023,39745.0,13871005.0,3.54,3.57,3.48,3.49,True,中国西电,False
2018-08-16,4.013,4.083,3.993,4.023,45118.0,15746182.000000002,3.48,3.55,3.46,3.49,True,中国西电,False
2018-08-17,4.033,4.063,3.943,3.953,41820.0,14302440.0,3.5,3.53,3.41,3.42,True,中国西电,False
2018-08-20,3.963,3.983,3.903,3.953,42015.0,14369130.0,3.43,3.45,3.37,3.42,True,中国西电,False
2018-08-21,3.953,4.023,3.943,4.003,37428.0,12987516.0,3.42,3.49,3.41,3.47,True,中国西电,False
2018-08-22,3.993,4.043,3.983,4.033,42926.0,15024100.0,3.46,3.51,3.45,3.5,True,中国西电,False
2018-08-23,4.033,4.073,4.003,4.033,47458.0,16610300.0,3.5,3.54,3.47,3.5,True,中国西电,False
2018-08-24,4.043,4.073,4.013,4.053,41980.0,14776960.0,3.51,3.54,3.48,3.52,True,中国西电,False
2018-08-27,4.063,4.083,4.033,4.073,68588.0,24280152.0,3.53,3.55,3.5,3.54,True,中国西电,False
2018-08-28,4.063,4.113,4.063,4.073,41114.0,14554356.0,3.53,3.58,3.53,3.54,True,中国西电,False
2018-08-29,4.083,4.093,4.033,4.073,48059.0,17012886.0,3.55,3.56,3.5,3.54,True,中国西电,False
2018-08-30,4.033,4.043,3.943,3.943,78606.0,26804646.0,3.5,3.51,3.41,3.41,True,中国西电,False
2018-08-31,3.953,3.963,3.923,3.933,47915.0,16291100.0,3.42,3.43,3.39,3.4,True,中国西电,False
2018-09-03,3.933,3.943,3.873,3.913,48503.0,16394014.0,3.4,3.41,3.34,3.38,True,中国西电,False
2018-09-04,3.903,3.963,3.903,3.943,31658.0,10795378.0,3.37,3.43,3.37,3.41,True,中国西电,False
2018-09-05,3.933,3.953,3.913,3.933,36600.0,12444000.0,3.4,3.42,3.38,3.4,True,中国西电,False
2018-09-06,3.913,3.933,3.883,3.903,24988.0,8420956.0,3.38,3.4,3.35,3.37,True,中国西电,False
2018-09-07,3.913,3.953,3.903,3.923,28068.0,9515052.0,3.38,3.42,3.37,3.39,True,中国西电,False
2018-09-10,4.143,4.183,3.993,4.013,147352.0,51278496.0,3.61,3.65,3.46,3.48,True,中国西电,False
2018-09-11,4.033,4.093,3.933,4.003,200068.0,69423596.0,3.5,3.56,3.4,3.47,True,中国西电,False
2018-09-12,4.013,4.063,3.933,3.953,140618.0,48091356.0,3.48,3.53,3.4,3.42,True,中国西电,False
2018-09-13,3.973,4.003,3.943,3.993,122848.0,42505408.0,3.44,3.47,3.41,3.46,True,中国西电,False
2018-09-14,3.993,4.043,3.983,4.023,80225.0,27998525.0,3.46,3.51,3.45,3.49,True,中国西电,False
2018-09-17,4.013,4.043,3.983,4.013,64639.0,22494372.0,3.48,3.51,3.45,3.48,True,中国西电,False
2018-09-18,3.983,4.103,3.983,4.093,115857.0,41245092.0,3.45,3.57,3.45,3.56,True,中国西电,False
2018-09-19,4.093,4.123,4.043,4.063,167992.0,59301176.0,3.56,3.59,3.51,3.53,True,中国西电,False
2018-09-20,4.073,4.083,4.043,4.063,52116.0,18396948.0,3.54,3.55,3.51,3.53,True,中国西电,False
2018-09-21,4.073,4.103,4.003,4.093,119948.0,42701488.0,3.54,3.57,3.47,3.56,True,中国西电,False
2018-09-25,4.073,4.083,4.043,4.063,49569.0,17497857.0,3.54,3.55,3.51,3.53,True,中国西电,False
2018-09-26,4.083,4.303,4.053,4.193,336361.0,123108126.0,3.55,3.77,3.52,3.66,True,中国西电,False
2018-09-27,4.193,4.223,4.143,4.183,141075.0,51492375.0,3.66,3.69,3.61,3.65,True,中国西电,False
2018-09-28,4.203,4.223,4.163,4.193,137911.0,50475426.0,3.67,3.69,3.63,3.66,True,中国西电,False
2018-10-08,4.113,4.153,4.043,4.073,103616.0,36680064.0,3.58,3.62,3.51,3.54,True,中国西电,False
2018-10-09,4.073,4.093,4.043,4.063,67549.0,23844797.0,3.54,3.56,3.51,3.53,True,中国西电,False
2018-10-10,4.053,4.103,4.053,4.103,66015.0,23567355.0,3.52,3.57,3.52,3.57,True,中国西电,False
2018-10-11,4.033,4.033,3.753,3.783,163345.0,53087125.0,3.5,3.5,3.22,3.25,True,中国西电,False
2018-10-12,3.783,3.803,3.683,3.763,85926.0,27754098.0,3.25,3.27,3.15,3.23,True,中国西电,False
2018-10-15,3.773,3.803,3.673,3.683,86416.0,27221040.0,3.24,3.27,3.14,3.15,True,中国西电,False
2018-10-16,3.683,3.723,3.643,3.653,48980.0,15281760.0,3.15,3.19,3.11,3.12,True,中国西电,False
2018-10-17,3.673,3.703,3.623,3.693,46114.0,14572024.0,3.14,3.17,3.09,3.16,True,中国西电,False
2018-10-18,3.683,3.703,3.643,3.663,46615.0,14590495.0,3.15,3.17,3.11,3.13,True,中国西电,False
2018-10-19,3.643,3.743,3.633,3.733,46114.0,14756480.0,3.11,3.21,3.1,3.2,True,中国西电,False
2018-10-22,3.763,3.923,3.763,3.873,93934.0,31373956.0,3.23,3.39,3.23,3.34,True,中国西电,False
2018-10-23,3.893,3.893,3.803,3.823,46255.0,15217895.0,3.36,3.36,3.27,3.29,True,中国西电,False
2018-10-24,3.823,3.883,3.803,3.853,32772.0,10880304.0,3.29,3.35,3.27,3.32,True,中国西电,False
2018-10-25,3.823,3.863,3.783,3.853,49408.0,16403456.0,3.29,3.33,3.25,3.32,True,中国西电,False
2018-10-26,3.843,3.903,3.843,3.883,53662.0,17976770.0,3.31,3.37,3.31,3.35,True,中国西电,False
2018-10-29,3.893,3.933,3.813,3.833,53173.0,17547090.0,3.36,3.4,3.28,3.3,True,中国西电,False
2018-10-30,3.823,3.883,3.813,3.873,47720.0,15938480.0,3.29,3.35,3.28,3.34,True,中国西电,False
2018-10-31,3.863,3.973,3.853,3.953,66510.0,22746420.0,3.33,3.44,3.32,3.42,True,中国西电,False
2018-11-01,3.953,4.003,3.953,3.973,86732.0,29835808.0,3.42,3.47,3.42,3.44,True,中国西电,False
2018-11-02,4.023,4.123,4.013,4.083,113697.0,40362435.0,3.49,3.59,3.48,3.55,True,中国西电,False
2018-11-05,4.063,4.173,4.043,4.073,92773.0,32841642.0,3.53,3.64,3.51,3.54,True,中国西电,False
2018-11-06,4.063,4.123,4.053,4.083,53919.0,19141245.0,3.53,3.59,3.52,3.55,True,中国西电,False
2018-11-07,4.083,4.143,4.053,4.063,66397.0,23438141.0,3.55,3.61,3.52,3.53,True,中国西电,False
2018-11-08,4.123,4.123,4.033,4.033,53732.0,18806200.0,3.59,3.59,3.5,3.5,True,中国西电,False
2018-11-09,4.033,4.073,4.003,4.023,44079.0,15383571.000000002,3.5,3.54,3.47,3.49,True,中国西电,False
2018-11-12,4.013,4.093,3.983,4.083,67265.0,23879075.0,3.48,3.56,3.45,3.55,True,中国西电,False
2018-11-13,4.053,4.173,4.033,4.123,89939.0,32288101.0,3.52,3.64,3.5,3.59,True,中国西电,False
2018-11-14,4.113,4.163,4.093,4.113,77372.0,27699176.0,3.58,3.63,3.56,3.58,True,中国西电,False
2018-11-15,4.113,4.213,4.083,4.203,110327.0,40490009.0,3.58,3.68,3.55,3.67,True,中国西电,False
2018-11-16,4.203,4.223,4.143,4.153,88785.0,32140170.0,3.67,3.69,3.61,3.62,True,中国西电,False
2018-11-19,4.143,4.183,4.103,4.163,78532.0,28507116.0,3.61,3.65,3.57,3.63,True,中国西电,False
2018-11-20,4.133,4.143,4.043,4.063,94831.0,33475343.0,3.6,3.61,3.51,3.53,True,中国西电,False
2018-11-21,4.033,4.073,4.023,4.043,53888.0,18914688.0,3.5,3.54,3.49,3.51,True,中国西电,False
2018-11-22,4.043,4.073,4.003,4.033,49218.0,17226300.0,3.51,3.54,3.47,3.5,True,中国西电,False
2018-11-23,4.013,4.033,3.893,3.913,76511.0,25860718.0,3.48,3.5,3.36,3.38,True,中国西电,False
2018-11-26,3.923,3.953,3.893,3.893,40831.0,13719216.0,3.39,3.42,3.36,3.36,True,中国西电,False
2018-11-27,3.913,3.983,3.913,3.953,67775.0,23179050.0,3.38,3.45,3.38,3.42,True,中国西电,False
2018-11-28,3.953,4.053,3.903,3.993,69464.0,24034544.0,3.42,3.52,3.37,3.46,True,中国西电,False
2018-11-29,4.023,4.083,4.003,4.013,90692.0,31560816.0,3.49,3.55,3.47,3.48,True,中国西电,False
2018-11-30,4.013,4.073,3.993,4.013,63785.0,22197180.0,3.48,3.54,3.46,3.48,True,中国西电,False
2018-12-03,4.083,4.123,4.053,4.073,104403.0,36958662.0,3.55,3.59,3.52,3.54,True,中国西电,False
2018-12-04,4.063,4.113,4.053,4.093,70654.0,25152824.0,3.53,3.58,3.52,3.56,True,中国西电,False
2018-12-05,4.053,4.093,4.043,4.063,47696.0,16836688.0,3.52,3.56,3.51,3.53,True,中国西电,False
2018-12-06,4.063,4.143,4.023,4.093,120731.0,42980236.0,3.53,3.61,3.49,3.56,True,中国西电,False
2018-12-07,4.073,4.123,4.053,4.103,77067.0,27512919.0,3.54,3.59,3.52,3.57,True,中国西电,False
2018-12-10,4.083,4.123,4.033,4.083,68911.0,24463405.0,3.55,3.59,3.5,3.55,True,中国西电,False
2018-12-11,4.093,4.113,4.063,4.093,38035.0,13540460.0,3.56,3.58,3.53,3.56,True,中国西电,False
2018-12-12,4.083,4.103,4.063,4.083,48664.0,17275720.0,3.55,3.57,3.53,3.55,True,中国西电,False
2018-12-13,4.083,4.173,4.073,4.123,94641.0,33976119.0,3.55,3.64,3.54,3.59,True,中国西电,False
2018-12-14,4.153,4.173,4.043,4.063,93445.0,32986085.0,3.62,3.64,3.51,3.53,True,中国西电,False
2018-12-17,4.043,4.103,4.003,4.083,82355.0,29236025.0,3.51,3.57,3.47,3.55,True,中国西电,False
2018-12-18,4.093,4.123,4.073,4.083,89038.0,31608490.0,3.56,3.59,3.54,3.55,True,中国西电,False
2018-12-19,4.073,4.093,4.013,4.043,75878.0,26633178.0,3.54,3.56,3.48,3.51,True,中国西电,False
2018-12-20,4.033,4.053,3.943,3.973,67543.0,23234792.0,3.5,3.52,3.41,3.44,True,中国西电,False
2018-12-21,3.953,3.993,3.883,3.933,76775.0,26103500.0,3.42,3.46,3.35,3.4,True,中国西电,False
2018-12-24,3.913,3.963,3.893,3.923,53267.0,18057513.0,3.38,3.43,3.36,3.39,True,中国西电,False
2018-12-25,3.923,3.923,3.833,3.893,72146.0,24241056.0,3.39,3.39,3.3,3.36,True,中国西电,False
2018-12-26,3.933,4.053,3.933,3.983,105854.0,36519630.0,3.4,3.52,3.4,3.45,True,中国西电,False
2018-12-27,4.003,4.033,3.923,3.933,67924.0,23094160.0,3.47,3.5,3.39,3.4,True,中国西电,False
2018-12-28,3.933,3.933,3.883,3.893,64645.0,21720720.0,3.4,3.4,3.35,3.36,True,中国西电,False
2019-01-02,3.903,3.943,3.863,3.903,57590.0,19407830.0,3.37,3.41,3.33,3.37,True,中国西电,False
2019-01-03,3.893,3.993,3.883,3.963,75344.0,25842992.0,3.36,3.46,3.35,3.43,True,中国西电,False
2019-01-04,3.963,4.163,3.943,4.123,229330.0,82329470.0,3.43,3.63,3.41,3.59,True,中国西电,False
2019-01-07,4.173,4.383,4.133,4.313,349020.0,131929560.0,3.64,3.85,3.6,3.78,True,中国西电,False
2019-01-08,4.313,4.373,4.243,4.323,263167.0,99740293.0,3.78,3.84,3.71,3.79,True,中国西电,False
2019-01-09,4.363,4.403,4.283,4.293,229826.0,86414576.0,3.83,3.87,3.75,3.76,True,中国西电,False
2019-01-10,4.373,4.533,4.333,4.373,345570.0,132698880.0,3.84,4.0,3.8,3.84,True,中国西电,False
2019-01-11,4.403,4.503,4.353,4.393,155162.0,59892532.0,3.87,3.97,3.82,3.86,True,中国西电,False
2019-01-14,4.423,4.453,4.353,4.373,116907.0,44892288.0,3.89,3.92,3.82,3.84,True,中国西电,False
2019-01-15,4.413,4.433,4.323,4.393,140884.0,54381224.0,3.88,3.9,3.79,3.86,True,中国西电,False
2019-01-16,4.423,4.513,4.343,4.353,140023.0,53488786.0,3.89,3.98,3.81,3.82,True,中国西电,False
2019-01-17,4.363,4.413,4.323,4.323,106318.0,40294522.0,3.83,3.88,3.79,3.79,True,中国西电,False
2019-01-18,4.343,4.353,4.273,4.313,99447.0,37590966.0,3.81,3.82,3.74,3.78,True,中国西电,False
2019-01-21,4.323,4.353,4.303,4.303,75193.0,28347761.0,3.79,3.82,3.77,3.77,True,中国西电,False
2019-01-22,4.333,4.333,4.273,4.273,74361.0,27811014.0,3.8,3.8,3.74,3.74,True,中国西电,False
2019-01-23,4.253,4.303,4.233,4.273,71716.0,26821784.0,3.72,3.77,3.7,3.74,True,中国西电,False
2019-01-24,4.273,4.323,4.243,4.283,87956.0,32983500.0,3.74,3.79,3.71,3.75,True,中国西电,False
2019-01-25,4.283,4.293,4.233,4.253,75667.0,28148124.0,3.75,3.76,3.7,3.72,True,中国西电,False
2019-01-28,4.283,4.353,4.243,4.253,87741.0,32639652.0,3.75,3.82,3.71,3.72,True,中国西电,False
2019-01-29,4.243,4.253,4.113,4.203,186454.0,68428618.0,3.71,3.72,3.58,3.67,True,中国西电,False
2019-01-30,4.163,4.253,4.163,4.243,80086.0,29711906.0,3.63,3.72,3.63,3.71,True,中国西电,False
2019-01-31,4.263,4.263,4.173,4.173,69769.0,25395916.0,3.73,3.73,3.64,3.64,True,中国西电,False
2019-02-01,4.193,4.333,4.193,4.333,119846.0,45541480.0,3.66,3.8,3.66,3.8,True,中国西电,False
2019-02-11,4.363,4.403,4.333,4.373,123088.0,47265792.0,3.83,3.87,3.8,3.84,True,中国西电,False
2019-02-12,4.413,4.423,4.353,4.373,98509.0,37827456.0,3.88,3.89,3.82,3.84,True,中国西电,False
2019-02-13,4.363,4.453,4.353,4.433,175969.0,68627910.0,3.83,3.92,3.82,3.9,True,中国西电,False
2019-02-14,4.433,4.463,4.393,4.433,136598.0,53273220.0,3.9,3.93,3.86,3.9,True,中国西电,False
2019-02-15,4.423,4.433,4.363,4.363,90124.0,34517492.0,3.89,3.9,3.83,3.83,True,中国西电,False
2019-02-18,4.383,4.473,4.383,4.463,138602.0,54470586.0,3.85,3.94,3.85,3.93,True,中国西电,False
2019-02-19,4.483,4.493,4.383,4.413,124983.0,48493404.0,3.95,3.96,3.85,3.88,True,中国西电,False
2019-02-20,4.403,4.443,4.383,4.403,79247.0,30668589.0,3.87,3.91,3.85,3.87,True,中国西电,False
2019-02-21,4.403,4.443,4.353,4.373,128842.0,49475328.0,3.87,3.91,3.82,3.84,True,中国西电,False
2019-02-22,4.393,4.433,4.343,4.433,118724.0,46302360.0,3.86,3.9,3.81,3.9,True,中国西电,False
2019-02-25,4.463,4.823,4.433,4.713,390484.0,163222312.0,3.93,4.29,3.9,4.18,True,中国西电,False
2019-02-26,4.733,4.893,4.673,4.713,343817.0,143715506.0,4.2,4.36,4.14,4.18,True,中国西电,False
2019-02-27,4.733,4.853,4.713,4.753,284896.0,120226112.0,4.2,4.32,4.18,4.22,True,中国西电,False
2019-02-28,4.763,4.793,4.643,4.673,164720.0,68194080.0,4.23,4.26,4.11,4.14,True,中国西电,False
2019-03-01,4.703,4.733,4.613,4.723,175715.0,73624585.0,4.17,4.2,4.08,4.19,True,中国西电,False
2019-03-04,4.753,4.883,4.733,4.773,340933.0,144555592.0,4.22,4.35,4.2,4.24,True,中国西电,False
2019-03-05,4.753,4.863,4.743,4.843,228881.0,98647711.0,4.22,4.33,4.21,4.31,True,中国西电,False
2019-03-06,4.853,4.883,4.793,4.883,282589.0,122926215.0,4.32,4.35,4.26,4.35,True,中国西电,False
2019-03-07,4.883,4.973,4.843,4.883,338400.0,147204000.0,4.35,4.44,4.31,4.35,True,中国西电,False
2019-03-08,4.823,4.823,4.593,4.593,310994.0,126263564.0,4.29,4.29,4.06,4.06,True,中国西电,False
2019-03-11,4.563,5.003,4.563,5.003,609062.0,272250714.0,4.03,4.47,4.03,4.47,True,中国西电,False
2019-03-12,5.433,5.453,5.193,5.283,1376928.0,654040800.0,4.9,4.92,4.66,4.75,True,中国西电,False
2019-03-13,5.133,5.383,5.033,5.053,803885.0,363356020.0,4.6,4.85,4.5,4.52,True,中国西电,False
2019-03-14,4.983,5.033,4.773,4.783,488886.0,207776550.0,4.45,4.5,4.24,4.25,True,中国西电,False
2019-03-15,4.833,4.923,4.803,4.843,327272.0,141054232.0,4.3,4.39,4.27,4.31,True,中国西电,False
2019-03-18,4.833,4.953,4.763,4.933,281397.0,123814680.0,4.3,4.42,4.23,4.4,True,中国西电,False
2019-03-19,5.003,5.093,4.913,4.963,294101.0,130286743.0,4.47,4.56,4.38,4.43,True,中国西电,False
2019-03-20,4.933,4.943,4.813,4.923,243493.0,106893427.0,4.4,4.41,4.28,4.39,True,中国西电,False
2019-03-21,4.973,4.973,4.903,4.943,298758.0,131752278.0,4.44,4.44,4.37,4.41,True,中国西电,False
2019-03-22,4.923,4.943,4.833,4.913,294604.0,129036552.0,4.39,4.41,4.3,4.38,True,中国西电,False
2019-03-25,4.833,4.873,4.773,4.833,195349.0,84000070.0,4.3,4.34,4.24,4.3,True,中国西电,False
2019-03-26,4.833,4.853,4.673,4.683,227533.0,94426195.0,4.3,4.32,4.14,4.15,True,中国西电,False
2019-03-27,4.733,4.753,4.663,4.693,133077.0,55360032.0,4.2,4.22,4.13,4.16,True,中国西电,False
2019-03-28,4.703,4.713,4.613,4.623,148455.0,60718095.0,4.17,4.18,4.08,4.09,True,中国西电,False
2019-03-29,4.623,4.773,4.613,4.753,205682.0,86797804.0,4.09,4.24,4.08,4.22,True,中国西电,False
2019-04-01,4.783,4.933,4.763,4.893,321474.0,140162664.0,4.25,4.4,4.23,4.36,True,中国西电,False
2019-04-02,4.893,5.003,4.883,4.923,354040.0,155423560.0,4.36,4.47,4.35,4.39,True,中国西电,False
2019-04-03,4.923,5.093,4.883,5.083,365133.0,166135515.0,4.39,4.56,4.35,4.55,True,中国西电,False
2019-04-04,5.073,5.073,4.993,5.033,275112.0,123800400.0,4.54,4.54,4.46,4.5,True,中国西电,False
2019-04-08,5.073,5.083,4.913,4.983,211114.0,93945730.0,4.54,4.55,4.38,4.45,True,中国西电,False
2019-04-09,4.943,5.013,4.923,4.983,190860.0,84932700.0,4.41,4.48,4.39,4.45,True,中国西电,False
2019-04-10,4.953,4.983,4.893,4.963,194873.0,86328739.0,4.42,4.45,4.36,4.43,True,中国西电,False
2019-04-11,4.943,5.023,4.873,4.893,284860.0,124198960.0,4.41,4.49,4.34,4.36,True,中国西电,False
2019-04-12,4.893,4.923,4.843,4.883,158484.0,68940540.0,4.36,4.39,4.31,4.35,True,中国西电,False
2019-04-15,4.933,4.973,4.893,4.893,210425.0,91745300.0,4.4,4.44,4.36,4.36,True,中国西电,False
2019-04-16,4.913,4.943,4.783,4.943,173237.0,76397517.0,4.38,4.41,4.25,4.41,True,中国西电,False
2019-04-17,4.943,4.993,4.903,4.973,197389.0,87640716.00000001,4.41,4.46,4.37,4.44,True,中国西电,False
2019-04-18,4.963,4.963,4.913,4.923,113763.0,49941957.0,4.43,4.43,4.38,4.39,True,中国西电,False
2019-04-19,4.943,5.103,4.943,5.083,377051.0,171558205.0,4.41,4.57,4.41,4.55,True,中国西电,False
2019-04-22,5.143,5.173,4.973,5.023,254270.0,114167230.0,4.61,4.64,4.44,4.49,True,中国西电,False
2019-04-23,4.983,5.043,4.883,4.883,205044.0,89194140.0,4.45,4.51,4.35,4.35,True,中国西电,False
2019-04-24,4.883,4.933,4.843,4.913,162132.0,71013816.0,4.35,4.4,4.31,4.38,True,中国西电,False
2019-04-25,4.893,4.933,4.683,4.693,174659.0,72658144.0,4.36,4.4,4.15,4.16,True,中国西电,False
2019-04-26,4.683,4.753,4.673,4.693,117928.0,49058048.0,4.15,4.22,4.14,4.16,True,中国西电,False
2019-04-29,4.673,4.683,4.483,4.513,208695.0,83060610.0,4.14,4.15,3.95,3.98,True,中国西电,False
2019-04-30,4.513,4.593,4.503,4.543,107097.0,42945897.0,3.98,4.06,3.97,4.01,True,中国西电,False
2019-05-06,4.433,4.433,4.213,4.283,226438.0,84914250.0,3.9,3.9,3.68,3.75,True,中国西电,False
2019-05-07,4.323,4.333,4.213,4.323,124471.0,47174509.0,3.79,3.8,3.68,3.79,True,中国西电,False
2019-05-08,4.223,4.313,4.213,4.273,107413.0,40172462.0,3.69,3.78,3.68,3.74,True,中国西电,False
2019-05-09,4.263,4.323,4.243,4.273,78340.0,29299160.0,3.73,3.79,3.71,3.74,True,中国西电,False
2019-05-10,4.263,4.373,4.253,4.353,132454.0,50597428.0,3.73,3.84,3.72,3.82,True,中国西电,False
2019-05-13,4.313,4.343,4.273,4.293,107292.0,40341792.0,3.78,3.81,3.74,3.76,True,中国西电,False
2019-05-14,4.233,4.313,4.233,4.283,62052.0,23269500.0,3.7,3.78,3.7,3.75,True,中国西电,False
2019-05-15,4.283,4.353,4.283,4.333,78129.0,29689020.0,3.75,3.82,3.75,3.8,True,中国西电,False
2019-05-16,4.323,4.353,4.313,4.343,77381.0,29482161.0,3.79,3.82,3.78,3.81,True,中国西电,False
2019-05-17,4.323,4.363,4.173,4.203,96784.0,35519728.0,3.79,3.83,3.64,3.67,True,中国西电,False
2019-05-20,4.233,4.293,4.183,4.263,62189.0,23196497.0,3.7,3.76,3.65,3.73,True,中国西电,False
2019-05-21,4.293,4.333,4.263,4.313,56299.0,21281022.0,3.76,3.8,3.73,3.78,True,中国西电,False
2019-05-22,4.313,4.323,4.253,4.293,63153.0,23745528.0,3.78,3.79,3.72,3.76,True,中国西电,False
2019-05-23,4.303,4.303,4.233,4.273,58465.0,21865910.0,3.77,3.77,3.7,3.74,True,中国西电,False
2019-05-24,4.283,4.303,4.243,4.263,39841.0,14860693.0,3.75,3.77,3.71,3.73,True,中国西电,False
2019-05-27,4.243,4.333,4.243,4.313,62319.0,23556582.0,3.71,3.8,3.71,3.78,True,中国西电,False
2019-05-28,4.303,4.363,4.293,4.313,71871.0,27167238.0,3.77,3.83,3.76,3.78,True,中国西电,False
2019-05-29,4.293,4.323,4.283,4.283,56006.0,21002250.0,3.76,3.79,3.75,3.75,True,中国西电,False
2019-05-30,4.263,4.283,4.213,4.263,61736.0,23027528.0,3.73,3.75,3.68,3.73,True,中国西电,False
2019-05-31,4.243,4.303,4.243,4.243,49938.0,18526998.0,3.71,3.77,3.71,3.71,True,中国西电,False
2019-06-03,4.253,4.303,4.223,4.233,48463.0,17931310.0,3.72,3.77,3.69,3.7,True,中国西电,False
2019-06-04,4.213,4.253,4.173,4.203,64230.0,23572410.0,3.68,3.72,3.64,3.67,True,中国西电,False
2019-06-05,4.233,4.243,4.183,4.183,44401.0,16206365.0,3.7,3.71,3.65,3.65,True,中国西电,False
2019-06-06,4.173,4.193,4.103,4.103,66072.0,23587704.0,3.64,3.66,3.57,3.57,True,中国西电,False
2019-06-10,4.103,4.223,4.083,4.203,79600.0,29213200.0,3.57,3.69,3.55,3.67,True,中国西电,False
2019-06-11,4.193,4.293,4.193,4.283,83599.0,31349625.0,3.66,3.76,3.66,3.75,True,中国西电,False
2019-06-12,4.293,4.323,4.223,4.233,92138.0,34091060.0,3.76,3.79,3.69,3.7,True,中国西电,False
2019-06-13,4.233,4.253,4.193,4.213,65775.0,24205200.0,3.7,3.72,3.66,3.68,True,中国西电,False
2019-06-14,4.213,4.253,4.153,4.163,66260.0,24052380.0,3.68,3.72,3.62,3.63,True,中国西电,False
2019-06-17,4.163,4.213,4.163,4.203,62790.0,23043930.0,3.63,3.68,3.63,3.67,True,中国西电,False
2019-06-18,4.163,4.223,4.163,4.193,58000.0,21228000.0,3.63,3.69,3.63,3.66,True,中国西电,False
2019-06-19,4.253,4.283,4.203,4.203,74961.0,27510687.0,3.72,3.75,3.67,3.67,True,中国西电,False
2019-06-20,4.213,4.303,4.193,4.273,93669.0,35032206.0,3.68,3.77,3.66,3.74,True,中国西电,False
2019-06-21,4.273,4.353,4.273,4.303,98949.0,37303773.0,3.74,3.82,3.74,3.77,True,中国西电,False
2019-06-24,4.303,4.323,4.263,4.283,71788.0,26920500.0,3.77,3.79,3.73,3.75,True,中国西电,False
2019-06-25,4.283,4.283,4.203,4.243,70397.0,26117287.0,3.75,3.75,3.67,3.71,True,中国西电,False
2019-06-26,4.243,4.273,4.233,4.273,45552.0,17036448.0,3.71,3.74,3.7,3.74,True,中国西电,False
2019-06-27,4.273,4.303,4.253,4.263,65892.0,24577716.0,3.74,3.77,3.72,3.73,True,中国西电,False
2019-06-28,4.253,4.263,4.223,4.233,48716.0,18024920.0,3.72,3.73,3.69,3.7,True,中国西电,False
2019-07-01,4.307,4.327,4.257,4.317,76032.0,28512000.0,3.74,3.76,3.69,3.75,True,中国西电,False
2019-07-02,4.317,4.327,4.287,4.287,63381.0,23577732.0,3.75,3.76,3.72,3.72,True,中国西电,False
2019-07-03,4.287,4.297,4.257,4.277,48171.0,17871441.0,3.72,3.73,3.69,3.71,True,中国西电,False
2019-07-04,4.257,4.307,4.257,4.287,52643.0,19583196.0,3.69,3.74,3.69,3.72,True,中国西电,False
2019-07-05,4.287,4.307,4.257,4.287,35317.0,13137924.0,3.72,3.74,3.69,3.72,True,中国西电,False
2019-07-08,4.277,4.287,4.177,4.177,77783.0,28079663.0,3.71,3.72,3.61,3.61,True,中国西电,False
2019-07-09,4.177,4.197,4.157,4.187,37819.0,13690478.0,3.61,3.63,3.59,3.62,True,中国西电,False
2019-07-10,4.177,4.197,4.167,4.167,29450.0,10602000.0,3.61,3.63,3.6,3.6,True,中国西电,False
2019-07-11,4.187,4.237,4.147,4.167,40676.0,14643360.0,3.62,3.67,3.58,3.6,True,中国西电,False
2019-07-12,4.167,4.207,4.157,4.177,33360.0,12042960.0,3.6,3.64,3.59,3.61,True,中国西电,False
2019-07-15,4.167,4.257,4.117,4.247,75740.0,27872320.0,3.6,3.69,3.55,3.68,True,中国西电,False
2019-07-16,4.227,4.257,4.217,4.227,25165.0,9210390.0,3.66,3.69,3.65,3.66,True,中国西电,False
2019-07-17,4.237,4.357,4.237,4.307,112851.0,42206274.0,3.67,3.79,3.67,3.74,True,中国西电,False
2019-07-18,4.307,4.307,4.247,4.247,58274.0,21444832.0,3.74,3.74,3.68,3.68,True,中国西电,False
2019-07-19,4.257,4.307,4.247,4.257,41329.0,15250401.0,3.69,3.74,3.68,3.69,True,中国西电,False
2019-07-22,4.247,4.277,4.197,4.207,51323.0,18681572.0,3.68,3.71,3.63,3.64,True,中国西电,False
2019-07-23,4.217,4.227,4.177,4.197,40097.0,14555211.0,3.65,3.66,3.61,3.63,True,中国西电,False
2019-07-24,4.207,4.247,4.207,4.227,37635.0,13774410.0,3.64,3.68,3.64,3.66,True,中国西电,False
2019-07-25,4.227,4.227,4.187,4.197,37701.0,13685463.0,3.66,3.66,3.62,3.63,True,中国西电,False
2019-07-26,4.197,4.217,4.177,4.207,33988.0,12371632.0,3.63,3.65,3.61,3.64,True,中国西电,False
2019-07-29,4.207,4.217,4.177,4.197,36269.0,13165647.0,3.64,3.65,3.61,3.63,True,中国西电,False
2019-07-30,4.197,4.247,4.197,4.227,40288.0,14745408.0,3.63,3.68,3.63,3.66,True,中国西电,False
2019-07-31,4.217,4.237,4.197,4.227,41242.0,15094572.0,3.65,3.67,3.63,3.66,True,中国西电,False
2019-08-01,4.197,4.227,4.187,4.197,29309.0,10639167.0,3.63,3.66,3.62,3.63,True,中国西电,False
2019-08-02,4.157,4.177,4.127,4.157,66774.0,23971866.0,3.59,3.61,3.56,3.59,True,中国西电,False
2019-08-05,4.147,4.157,4.097,4.117,55888.0,19840240.0,3.58,3.59,3.53,3.55,True,中国西电,False
2019-08-06,4.077,4.097,3.947,4.017,89074.0,30730530.0,3.51,3.53,3.38,3.45,True,中国西电,False
2019-08-07,4.027,4.037,3.977,3.987,37708.0,12896136.0,3.46,3.47,3.41,3.42,True,中国西电,False
2019-08-08,3.997,4.017,3.987,3.997,31485.0,10799355.0,3.43,3.45,3.42,3.43,True,中国西电,False
2019-08-09,3.997,4.027,3.967,3.977,26936.0,9185176.0,3.43,3.46,3.4,3.41,True,中国西电,False
2019-08-12,3.977,4.007,3.967,4.007,32757.0,11268408.0,3.41,3.44,3.4,3.44,True,中国西电,False
2019-08-13,3.987,3.997,3.957,3.977,20798.0,7092118.0,3.42,3.43,3.39,3.41,True,中国西电,False
2019-08-14,4.007,4.027,3.977,3.997,32832.0,11261376.0,3.44,3.46,3.41,3.43,True,中国西电,False
2019-08-15,3.947,3.997,3.937,3.977,45423.0,15489243.0,3.38,3.43,3.37,3.41,True,中国西电,False
2019-08-16,3.967,4.017,3.967,3.987,38757.0,13254894.0,3.4,3.45,3.4,3.42,True,中国西电,False
2019-08-19,4.017,4.067,3.987,4.057,64725.0,22589025.0,3.45,3.5,3.42,3.49,True,中国西电,False
2019-08-20,4.067,4.127,4.047,4.077,60883.0,21369933.0,3.5,3.56,3.48,3.51,True,中国西电,False
2019-08-21,4.097,4.097,4.057,4.067,25276.0,8846600.0,3.53,3.53,3.49,3.5,True,中国西电,False
2019-08-22,4.067,4.087,4.027,4.077,41191.0,14458041.0,3.5,3.52,3.46,3.51,True,中国西电,False
2019-08-23,4.077,4.087,4.037,4.047,27520.0,9576960.0,3.51,3.52,3.47,3.48,True,中国西电,False
2019-08-26,4.007,4.027,3.987,3.997,35901.0,12314043.0,3.44,3.46,3.42,3.43,True,中国西电,False
2019-08-27,4.027,4.127,4.007,4.077,75061.0,26346411.0,3.46,3.56,3.44,3.51,True,中国西电,False
2019-08-28,4.047,4.157,4.047,4.137,80170.0,28620690.0,3.48,3.59,3.48,3.57,True,中国西电,False
2019-08-29,4.147,4.147,4.087,4.117,48670.0,17277850.0,3.58,3.58,3.52,3.55,True,中国西电,False
2019-08-30,4.117,4.147,4.057,4.087,56858.0,20014016.0,3.55,3.58,3.49,3.52,True,中国西电,False
2019-09-02,4.067,4.227,4.067,4.217,108750.0,39693750.0,3.5,3.66,3.5,3.65,True,中国西电,False
2019-09-03,4.207,4.257,4.137,4.187,80088.0,28991856.0,3.64,3.69,3.57,3.62,True,中国西电,False
2019-09-04,4.157,4.247,4.157,4.237,72524.0,26616308.0,3.59,3.68,3.59,3.67,True,中国西电,False
2019-09-05,4.247,4.317,4.227,4.237,102985.0,37795495.0,3.68,3.75,3.66,3.67,True,中国西电,False
2019-09-06,4.237,4.287,4.207,4.237,58882.0,21609694.0,3.67,3.72,3.64,3.67,True,中国西电,False
2019-09-09,4.277,4.287,4.217,4.267,72834.0,26948580.0,3.71,3.72,3.65,3.7,True,中国西电,False
2019-09-10,4.267,4.297,4.217,4.237,107636.0,39502412.0,3.7,3.73,3.65,3.67,True,中国西电,False
2019-09-11,4.237,4.267,4.207,4.227,58871.0,21546786.0,3.67,3.7,3.64,3.66,True,中国西电,False
2019-09-12,4.227,4.247,4.207,4.247,60283.0,22184144.0,3.66,3.68,3.64,3.68,True,中国西电,False
2019-09-16,4.237,4.247,4.187,4.197,96324.0,34965612.0,3.67,3.68,3.62,3.63,True,中国西电,False
2019-09-17,4.197,4.207,4.097,4.117,95408.0,33869840.0,3.63,3.64,3.53,3.55,True,中国西电,False
2019-09-18,4.107,4.147,4.087,4.107,68306.0,24180324.0,3.54,3.58,3.52,3.54,True,中国西电,False
2019-09-19,4.107,4.117,4.047,4.097,60247.0,21267191.0,3.54,3.55,3.48,3.53,True,中国西电,False
2019-09-20,4.107,4.147,4.097,4.127,80089.0,28511684.0,3.54,3.58,3.53,3.56,True,中国西电,False
2019-09-23,4.127,4.187,4.057,4.177,115636.0,41744596.0,3.56,3.62,3.49,3.61,True,中国西电,False
2019-09-24,4.167,4.207,4.087,4.097,105738.0,37325514.0,3.6,3.64,3.52,3.53,True,中国西电,False
2019-09-25,4.087,4.097,4.047,4.047,61616.0,21442368.0,3.52,3.53,3.48,3.48,True,中国西电,False
2019-09-26,4.047,4.087,4.027,4.047,69141.0,24061068.0,3.48,3.52,3.46,3.48,True,中国西电,False
2019-09-27,4.027,4.077,4.017,4.027,57058.0,19742068.0,3.46,3.51,3.45,3.46,True,中国西电,False
2019-09-30,4.027,4.037,3.987,3.987,49186.0,16821612.0,3.46,3.47,3.42,3.42,True,中国西电,False
2019-10-08,4.007,4.027,3.987,3.997,56805.0,19484115.0,3.44,3.46,3.42,3.43,True,中国西电,False
2019-10-09,3.997,4.037,3.977,4.027,42088.0,14562448.0,3.43,3.47,3.41,3.46,True,中国西电,False
2019-10-10,4.057,4.057,4.017,4.047,47463.0,16517124.0,3.49,3.49,3.45,3.48,True,中国西电,False
2019-10-11,4.037,4.097,4.027,4.087,56542.0,19902784.0,3.47,3.53,3.46,3.52,True,中国西电,False
2019-10-14,4.107,4.207,4.097,4.147,105738.0,37854204.0,3.54,3.64,3.53,3.58,True,中国西电,False
2019-10-15,4.187,4.217,4.137,4.177,94815.0,34228215.0,3.62,3.65,3.57,3.61,True,中国西电,False
2019-10-16,4.177,4.237,4.177,4.187,99992.0,36197104.0,3.61,3.67,3.61,3.62,True,中国西电,False
2019-10-17,4.197,4.217,4.147,4.167,51030.0,18370800.0,3.63,3.65,3.58,3.6,True,中国西电,False
2019-10-18,4.187,4.197,4.077,4.097,54361.0,19189433.0,3.62,3.63,3.51,3.53,True,中国西电,False
2019-10-21,4.097,4.117,4.057,4.097,65369.0,23075257.0,3.53,3.55,3.49,3.53,True,中国西电,False
2019-10-22,4.077,4.107,4.047,4.087,52400.0,18444800.0,3.51,3.54,3.48,3.52,True,中国西电,False
2019-10-23,4.077,4.107,4.047,4.067,57931.0,20275850.0,3.51,3.54,3.48,3.5,True,中国西电,False
2019-10-24,4.047,4.077,4.037,4.077,49918.0,17521218.0,3.48,3.51,3.47,3.51,True,中国西电,False
2019-10-25,4.067,4.097,4.027,4.087,63122.0,22218944.0,3.5,3.53,3.46,3.52,True,中国西电,False
2019-10-28,4.067,4.117,4.067,4.117,76636.0,27205780.0,3.5,3.55,3.5,3.55,True,中国西电,False
2019-10-29,4.107,4.107,4.047,4.047,64149.0,22323852.0,3.54,3.54,3.48,3.48,True,中国西电,False
2019-10-30,4.047,4.077,4.017,4.077,69062.0,24240762.0,3.48,3.51,3.45,3.51,True,中国西电,False
2019-10-31,4.057,4.087,3.997,4.017,57813.0,19945485.0,3.49,3.52,3.43,3.45,True,中国西电,False
2019-11-01,3.997,4.067,3.997,4.057,54156.0,18900444.0,3.43,3.5,3.43,3.49,True,中国西电,False
2019-11-04,4.047,4.087,4.017,4.037,55796.0,19361212.0,3.48,3.52,3.45,3.47,True,中国西电,False
2019-11-05,4.047,4.077,4.007,4.047,58444.0,20338512.0,3.48,3.51,3.44,3.48,True,中国西电,False
2019-11-06,4.047,4.057,4.017,4.027,48730.0,16860580.0,3.48,3.49,3.45,3.46,True,中国西电,False
2019-11-07,4.017,4.057,4.017,4.037,43457.0,15079579.0,3.45,3.49,3.45,3.47,True,中国西电,False
2019-11-08,4.037,4.067,4.007,4.027,61186.0,21170356.0,3.47,3.5,3.44,3.46,True,中国西电,False
2019-11-11,4.017,4.027,3.967,3.977,65361.0,22288101.0,3.45,3.46,3.4,3.41,True,中国西电,False
2019-11-12,3.977,3.987,3.947,3.967,48614.0,16528760.0,3.41,3.42,3.38,3.4,True,中国西电,False
2019-11-13,3.957,3.967,3.927,3.947,53247.0,17997486.0,3.39,3.4,3.36,3.38,True,中国西电,False
2019-11-14,3.937,3.987,3.917,3.957,74108.0,25122612.0,3.37,3.42,3.35,3.39,True,中国西电,False
2019-11-15,3.947,3.997,3.937,3.937,61036.0,20569132.0,3.38,3.43,3.37,3.37,True,中国西电,False
2019-11-18,3.937,3.967,3.927,3.957,67867.0,23006913.0,3.37,3.4,3.36,3.39,True,中国西电,False
2019-11-19,3.937,3.987,3.937,3.987,52746.0,18039132.0,3.37,3.42,3.37,3.42,True,中国西电,False
2019-11-20,3.987,4.007,3.957,3.957,53472.0,18127008.0,3.42,3.44,3.39,3.39,True,中国西电,False
2019-11-21,3.977,3.997,3.937,3.997,50452.0,17305036.0,3.41,3.43,3.37,3.43,True,中国西电,False
2019-11-22,4.007,4.047,3.967,4.047,78828.0,27432144.0,3.44,3.48,3.4,3.48,True,中国西电,False
2019-11-25,4.037,4.077,4.007,4.077,71180.0,24984180.0,3.47,3.51,3.44,3.51,True,中国西电,False
2019-11-26,4.067,4.087,4.037,4.037,53092.0,18422924.0,3.5,3.52,3.47,3.47,True,中国西电,False
2019-11-27,4.077,4.097,3.997,4.067,92967.0,32538450.0,3.51,3.53,3.43,3.5,True,中国西电,False
2019-11-28,4.047,4.087,4.047,4.077,65283.0,22914333.0,3.48,3.52,3.48,3.51,True,中国西电,False
2019-11-29,4.077,4.117,4.067,4.117,55590.0,19734450.0,3.51,3.55,3.5,3.55,True,中国西电,False
2019-12-02,4.107,4.117,4.087,4.117,44113.0,15660115.0,3.54,3.55,3.52,3.55,True,中国西电,False
2019-12-03,4.117,4.117,4.077,4.107,38612.0,13668648.0,3.55,3.55,3.51,3.54,True,中国西电,False
2019-12-04,4.097,4.147,4.087,4.127,53044.0,18883664.0,3.53,3.58,3.52,3.56,True,中国西电,False
2019-12-05,4.147,4.167,4.137,4.147,56941.0,20384878.0,3.58,3.6,3.57,3.58,True,中国西电,False
2019-12-06,4.147,4.167,4.117,4.157,44648.0,16028632.0,3.58,3.6,3.55,3.59,True,中国西电,False
2019-12-09,4.147,4.187,4.137,4.187,58342.0,21119804.0,3.58,3.62,3.57,3.62,True,中国西电,False
2019-12-10,4.167,4.187,4.137,4.167,46538.0,16753680.0,3.6,3.62,3.57,3.6,True,中国西电,False
2019-12-11,4.157,4.177,4.107,4.137,48926.0,17466582.0,3.59,3.61,3.54,3.57,True,中国西电,False
2019-12-12,4.137,4.177,4.117,4.167,58254.0,20971440.0,3.57,3.61,3.55,3.6,True,中国西电,False
2019-12-13,4.157,4.217,4.157,4.187,74189.0,26856418.0,3.59,3.65,3.59,3.62,True,中国西电,False
2019-12-16,4.197,4.207,4.137,4.177,72172.0,26054092.0,3.63,3.64,3.57,3.61,True,中国西电,False
2019-12-17,4.167,4.217,4.157,4.197,81715.0,29662545.0,3.6,3.65,3.59,3.63,True,中国西电,False
2019-12-18,4.207,4.207,4.177,4.197,58707.0,21310641.0,3.64,3.64,3.61,3.63,True,中国西电,False
2019-12-19,4.177,4.207,4.167,4.197,56449.0,20490987.0,3.61,3.64,3.6,3.63,True,中国西电,False
2019-12-20,4.207,4.227,4.177,4.207,68314.0,24866296.0,3.64,3.66,3.61,3.64,True,中国西电,False
2019-12-23,4.187,4.197,4.097,4.107,86807.0,30729678.0,3.62,3.63,3.53,3.54,True,中国西电,False
2019-12-24,4.097,4.147,4.097,4.117,66570.0,23632350.0,3.53,3.58,3.53,3.55,True,中国西电,False
2019-12-25,4.127,4.137,4.087,4.107,72058.0,25508532.0,3.56,3.57,3.52,3.54,True,中国西电,False
2019-12-26,4.127,4.147,4.107,4.137,48775.0,17412675.0,3.56,3.58,3.54,3.57,True,中国西电,False
2019-12-27,4.137,4.207,4.127,4.187,73163.0,26485006.0,3.57,3.64,3.56,3.62,True,中国西电,False
2019-12-30,4.167,4.227,4.157,4.217,73085.0,26676025.0,3.6,3.66,3.59,3.65,True,中国西电,False
2019-12-31,4.197,4.227,4.187,4.207,43570.0,15859480.0,3.63,3.66,3.62,3.64,True,中国西电,False
2020-01-02,4.237,4.277,4.217,4.237,79673.0,29239991.0,3.67,3.71,3.65,3.67,True,中国西电,False
2020-01-03,4.237,4.257,4.207,4.227,63405.0,23206230.0,3.67,3.69,3.64,3.66,True,中国西电,False
2020-01-06,4.197,4.307,4.197,4.257,119610.0,44136090.0,3.63,3.74,3.63,3.69,True,中国西电,False
2020-01-07,4.247,4.317,4.247,4.297,71928.0,26829144.0,3.68,3.75,3.68,3.73,True,中国西电,False
2020-01-08,4.277,4.307,4.207,4.227,61666.0,22569756.0,3.71,3.74,3.64,3.66,True,中国西电,False
2020-01-09,4.247,4.277,4.227,4.247,48422.0,17819296.0,3.68,3.71,3.66,3.68,True,中国西电,False
2020-01-10,4.257,4.267,4.177,4.197,56039.0,20342157.0,3.69,3.7,3.61,3.63,True,中国西电,False
2020-01-13,4.207,4.297,4.167,4.297,90300.0,33681900.0,3.64,3.73,3.6,3.73,True,中国西电,False
2020-01-14,4.307,4.317,4.257,4.277,62568.0,23212728.0,3.74,3.75,3.69,3.71,True,中国西电,False
2020-01-15,4.277,4.287,4.207,4.207,51549.0,18763836.0,3.71,3.72,3.64,3.64,True,中国西电,False
2020-01-16,4.227,4.237,4.187,4.207,47032.0,17119648.0,3.66,3.67,3.62,3.64,True,中国西电,False
2020-01-17,4.197,4.237,4.167,4.177,55359.0,19984599.0,3.63,3.67,3.6,3.61,True,中国西电,False
2020-01-20,4.177,4.227,4.177,4.217,64466.0,23530090.0,3.61,3.66,3.61,3.65,True,中国西电,False
2020-01-21,4.217,4.237,4.127,4.157,83532.0,29987988.0,3.65,3.67,3.56,3.59,True,中国西电,False
2020-01-22,4.157,4.207,4.107,4.207,58042.0,21127288.0,3.59,3.64,3.54,3.64,True,中国西电,False
2020-01-23,4.187,4.197,4.057,4.087,98434.0,34648768.0,3.62,3.63,3.49,3.52,True,中国西电,False
2020-02-03,3.767,3.767,3.737,3.737,65597.0,20794249.0,3.2,3.2,3.17,3.17,True,中国西电,False
2020-02-04,3.657,3.727,3.597,3.697,173989.0,54458557.0,3.09,3.16,3.03,3.13,True,中国西电,False
2020-02-05,3.717,3.767,3.697,3.737,106697.0,33822949.0,3.15,3.2,3.13,3.17,True,中国西电,False
2020-02-06,3.747,3.797,3.717,3.777,110558.0,35489118.0,3.18,3.23,3.15,3.21,True,中国西电,False
2020-02-07,3.777,3.777,3.717,3.747,100067.0,31821306.0,3.21,3.21,3.15,3.18,True,中国西电,False
2020-02-10,3.757,3.817,3.737,3.787,142647.0,45932334.0,3.19,3.25,3.17,3.22,True,中国西电,False
2020-02-11,3.797,3.837,3.777,3.807,97659.0,31641516.000000004,3.23,3.27,3.21,3.24,True,中国西电,False
2020-02-12,3.817,3.847,3.807,3.837,71281.0,23308887.0,3.25,3.28,3.24,3.27,True,中国西电,False
2020-02-13,3.837,3.847,3.787,3.807,76572.0,24809328.0,3.27,3.28,3.22,3.24,True,中国西电,False
2020-02-14,3.807,3.827,3.767,3.797,78063.0,25214349.0,3.24,3.26,3.2,3.23,True,中国西电,False
2020-02-17,3.797,3.877,3.797,3.867,113725.0,37529250.0,3.23,3.31,3.23,3.3,True,中国西电,False
2020-02-18,3.867,3.897,3.857,3.887,108152.0,35906464.0,3.3,3.33,3.29,3.32,True,中国西电,False
2020-02-19,3.887,3.917,3.857,3.897,90185.0,30031605.0,3.32,3.35,3.29,3.33,True,中国西电,False
2020-02-20,3.897,3.947,3.867,3.937,85764.0,28902468.0,3.33,3.38,3.3,3.37,True,中国西电,False
2020-02-21,3.937,3.957,3.897,3.937,119617.0,40310929.0,3.37,3.39,3.33,3.37,True,中国西电,False
2020-02-24,3.917,3.937,3.867,3.917,131999.0,44219665.0,3.35,3.37,3.3,3.35,True,中国西电,False
2020-02-25,3.857,3.897,3.827,3.877,149539.0,49497409.0,3.29,3.33,3.26,3.31,True,中国西电,False
2020-02-26,3.857,3.987,3.827,3.957,214989.0,72881271.0,3.29,3.42,3.26,3.39,True,中国西电,False
2020-02-27,3.947,4.047,3.927,4.017,205306.0,70830570.0,3.38,3.48,3.36,3.45,True,中国西电,False
2020-02-28,3.937,4.017,3.867,3.877,186468.0,61720908.0,3.37,3.45,3.3,3.31,True,中国西电,False
2020-03-02,3.877,4.157,3.877,4.057,277166.0,96730934.0,3.31,3.59,3.31,3.49,True,中国西电,False
2020-03-03,4.117,4.147,3.997,4.027,224415.0,77647590.0,3.55,3.58,3.43,3.46,True,中国西电,False
2020-03-04,3.997,4.027,3.967,4.027,143187.0,49542702.0,3.43,3.46,3.4,3.46,True,中国西电,False
2020-03-05,4.117,4.377,4.117,4.377,460318.0,175381158.0,3.55,3.81,3.55,3.81,True,中国西电,False
2020-03-06,4.557,4.757,4.457,4.757,901064.0,377545816.00000006,3.99,4.19,3.89,4.19,True,中国西电,False
2020-03-09,4.847,5.147,4.647,4.987,1637846.0,723927932.0,4.28,4.58,4.08,4.42,True,中国西电,False
2020-03-10,4.727,5.007,4.547,4.887,1238271.0,534933072.00000006,4.16,4.44,3.98,4.32,True,中国西电,False
2020-03-11,4.807,5.047,4.687,4.767,849273.0,356694660.0,4.24,4.48,4.12,4.2,True,中国西电,False
2020-03-12,4.617,4.747,4.547,4.567,564015.0,225606000.0,4.05,4.18,3.98,4.0,True,中国西电,False
2020-03-13,4.387,4.967,4.377,4.967,992843.0,436850920.00000006,3.82,4.4,3.81,4.4,True,中国西电,False
2020-03-16,5.167,5.397,5.037,5.107,1888586.0,857418044.0,4.6,4.83,4.47,4.54,True,中国西电,False
2020-03-17,5.097,5.557,5.097,5.557,1338319.0,667821181.0,4.53,4.99,4.53,4.99,True,中国西电,False
2020-03-18,5.767,6.057,5.527,5.977,2990525.0,1617874025.0,5.2,5.49,4.96,5.41,True,中国西电,False
2020-03-19,5.747,6.007,5.437,5.697,2035487.0,1044204831.0,5.18,5.44,4.87,5.13,True,中国西电,False
2020-03-20,5.677,5.687,5.287,5.327,1389870.0,661578120.0,5.11,5.12,4.72,4.76,True,中国西电,False
2020-03-23,5.107,5.627,4.987,5.337,1241851.0,592362927.0,4.54,5.06,4.42,4.77,True,中国西电,False
2020-03-24,5.427,5.487,4.977,5.217,1102917.0,512856405.00000006,4.86,4.92,4.41,4.65,True,中国西电,False
2020-03-25,5.327,5.337,5.107,5.237,870540.0,406542180.0,4.76,4.77,4.54,4.67,True,中国西电,False
2020-03-26,5.107,5.157,4.957,5.017,865637.0,385208465.0,4.54,4.59,4.39,4.45,True,中国西电,False
2020-03-27,5.067,5.467,5.017,5.267,1416444.0,665728680.0,4.5,4.9,4.45,4.7,True,中国西电,False
2020-03-30,5.147,5.737,5.087,5.737,1816642.0,939203914.0,4.58,5.17,4.52,5.17,True,中国西电,False
2020-03-31,5.857,5.957,5.527,5.667,1959089.0,999135390.0,5.29,5.39,4.96,5.1,True,中国西电,False
2020-04-01,5.557,5.737,5.327,5.367,1461670.0,701601600.0,4.99,5.17,4.76,4.8,True,中国西电,False
2020-04-02,5.297,5.847,5.247,5.847,1787549.0,943825872.0,4.73,5.28,4.68,5.28,True,中国西电,False
2020-04-03,5.757,5.807,5.577,5.647,1450066.0,736633528.0,5.19,5.24,5.01,5.08,True,中国西电,False
2020-04-07,5.797,6.157,5.667,6.097,2387488.0,1320280864.0,5.23,5.59,5.1,5.53,True,中国西电,False
2020-04-08,5.957,6.057,5.837,5.997,1639676.0,890344068.0,5.39,5.49,5.27,5.43,True,中国西电,False
2020-04-09,6.067,6.537,5.957,6.537,1742376.0,1040198472.0,5.5,5.97,5.39,5.97,True,中国西电,False
2020-04-10,6.517,7.017,6.317,6.347,2618901.0,1513724778.0,5.95,6.45,5.75,5.78,True,中国西电,False
2020-04-13,6.177,6.617,6.007,6.527,1654873.0,986304308.0,5.61,6.05,5.44,5.96,True,中国西电,False
2020-04-14,6.417,6.987,6.377,6.767,1889636.0,1171574320.0,5.85,6.42,5.81,6.2,True,中国西电,False
2020-04-15,6.777,7.387,6.667,7.267,2849282.0,1909018940.0,6.21,6.82,6.1,6.7,True,中国西电,False
2020-04-16,7.087,7.937,7.067,7.937,1699270.0,1252361990.0,6.52,7.37,6.5,7.37,True,中国西电,False
2020-04-17,8.457,8.677,7.767,8.087,3717581.0,2795620912.0,7.89,8.11,7.2,7.52,True,中国西电,False
2020-04-20,8.017,8.227,7.737,7.897,2772131.0,2031972023.0,7.45,7.66,7.17,7.33,True,中国西电,False
2020-04-21,7.847,8.547,7.227,7.867,4203329.0,3068430170.0,7.28,7.98,6.66,7.3,True,中国西电,False
2020-04-22,7.367,7.837,7.367,7.527,2894607.0,2014646472.0,6.8,7.27,6.8,6.96,True,中国西电,False
2020-04-23,7.397,7.497,7.127,7.197,2407139.0,1595933157.0,6.83,6.93,6.56,6.63,True,中国西电,False
2020-04-24,7.087,7.467,7.047,7.197,1917225.0,1271120175.0,6.52,6.9,6.48,6.63,True,中国西电,False
2020-04-27,7.137,7.487,7.087,7.107,1642513.0,1074203502.0,6.57,6.92,6.52,6.54,True,中国西电,False
2020-04-28,6.967,7.007,6.467,6.567,2140341.0,1284204600.0,6.4,6.44,5.9,6.0,True,中国西电,False
2020-04-29,6.367,6.657,6.217,6.257,1687733.0,960320077.0,5.8,6.09,5.65,5.69,True,中国西电,False
2020-04-30,6.287,6.647,6.217,6.487,1717213.0,1016590096.0,5.72,6.08,5.65,5.92,True,中国西电,False
2020-05-06,6.347,6.857,6.297,6.667,1533876.0,935664360.0,5.78,6.29,5.73,6.1,True,中国西电,False
2020-05-07,6.667,6.727,6.517,6.607,1248999.0,754395396.0,6.1,6.16,5.95,6.04,True,中国西电,False
2020-05-08,6.647,6.917,6.577,6.737,1893767.0,1168454239.0,6.08,6.35,6.01,6.17,True,中国西电,False
2020-05-11,6.707,6.857,6.617,6.717,1466604.0,901961460.0,6.14,6.29,6.05,6.15,True,中国西电,False
2020-05-12,6.717,6.757,6.597,6.727,824240.0,507731840.0,6.15,6.19,6.03,6.16,True,中国西电,False
2020-05-13,6.687,7.007,6.627,6.807,1480960.0,924119040.0,6.12,6.44,6.06,6.24,True,中国西电,False
2020-05-14,6.717,6.887,6.657,6.717,1306748.0,803650020.0,6.15,6.32,6.09,6.15,True,中国西电,False
2020-05-15,6.697,6.817,6.627,6.647,1071967.0,651755936.0,6.13,6.25,6.06,6.08,True,中国西电,False
2020-05-18,6.827,6.917,6.647,6.777,1607849.0,998474229.0,6.26,6.35,6.08,6.21,True,中国西电,False
2020-05-19,6.807,6.817,6.677,6.727,977242.0,601981072.0,6.24,6.25,6.11,6.16,True,中国西电,False
2020-05-20,6.687,6.707,6.397,6.447,1656843.0,974223684.0,6.12,6.14,5.83,5.88,True,中国西电,False
2020-05-21,6.447,6.467,6.177,6.197,978101.0,550670863.0,5.88,5.9,5.61,5.63,True,中国西电,False
2020-05-22,6.167,6.247,6.007,6.017,850369.0,463451105.0,5.6,5.68,5.44,5.45,True,中国西电,False
2020-05-25,5.997,5.997,5.817,5.927,645211.0,345833096.0,5.43,5.43,5.25,5.36,True,中国西电,False
2020-05-26,5.967,6.027,5.907,6.007,740354.0,402752576.0,5.4,5.46,5.34,5.44,True,中国西电,False
2020-05-27,5.957,5.987,5.717,5.757,923836.0,479470884.00000006,5.39,5.42,5.15,5.19,True,中国西电,False
2020-05-28,5.787,5.837,5.627,5.737,713594.0,368928098.0,5.22,5.27,5.06,5.17,True,中国西电,False
2020-05-29,5.737,5.817,5.607,5.627,721010.0,364831060.0,5.17,5.25,5.04,5.06,True,中国西电,False
2020-06-01,5.637,5.877,5.627,5.817,914984.0,480366600.0,5.07,5.31,5.06,5.25,True,中国西电,False
2020-06-02,5.817,5.907,5.767,5.847,718692.0,379469376.0,5.25,5.34,5.2,5.28,True,中国西电,False
2020-06-03,5.887,5.927,5.777,5.777,815482.0,424866122.0,5.32,5.36,5.21,5.21,True,中国西电,False
2020-06-04,5.777,5.797,5.657,5.667,629003.0,320791530.0,5.21,5.23,5.09,5.1,True,中国西电,False
2020-06-05,5.647,5.687,5.607,5.687,433647.0,222027264.0,5.08,5.12,5.04,5.12,True,中国西电,False
2020-06-08,5.687,5.727,5.607,5.607,419033.0,211192632.0,5.12,5.16,5.04,5.04,True,中国西电,False
2020-06-09,5.617,5.787,5.577,5.727,875314.0,451662024.0,5.05,5.22,5.01,5.16,True,中国西电,False
2020-06-10,5.687,5.707,5.587,5.587,565413.0,283837326.0,5.12,5.14,5.02,5.02,True,中国西电,False
2020-06-11,5.587,5.647,5.517,5.527,593268.0,294260928.0,5.02,5.08,4.95,4.96,True,中国西电,False
2020-06-12,5.447,5.517,5.387,5.497,654243.0,322541799.0,4.88,4.95,4.82,4.93,True,中国西电,False
2020-06-15,5.447,5.537,5.397,5.397,617928.0,298459224.0,4.88,4.97,4.83,4.83,True,中国西电,False
2020-06-16,5.447,5.707,5.437,5.547,1073273.0,534489954.00000006,4.88,5.14,4.87,4.98,True,中国西电,False
2020-06-17,5.477,5.617,5.477,5.577,577230.0,289192230.0,4.91,5.05,4.91,5.01,True,中国西电,False
2020-06-18,5.577,5.737,5.527,5.727,1112314.0,573954024.0,5.01,5.17,4.96,5.16,True,中国西电,False
2020-06-19,5.697,5.717,5.627,5.647,626957.0,315359371.0,5.08,5.1,5.01,5.03,True,中国西电,False
2020-06-22,5.647,5.667,5.587,5.597,546860.0,272336280.0,5.03,5.05,4.97,4.98,True,中国西电,False
2020-06-23,5.597,5.717,5.567,5.647,599886.0,301742658.0,4.98,5.1,4.95,5.03,True,中国西电,False
2020-06-24,5.617,5.657,5.517,5.527,536743.0,263540813.0,5.0,5.04,4.9,4.91,True,中国西电,False
2020-06-29,5.497,5.497,5.387,5.427,455588.0,219137828.0,4.88,4.88,4.77,4.81,True,中国西电,False
2020-06-30,5.427,5.477,5.417,5.457,333441.0,161385444.0,4.81,4.86,4.8,4.84,True,中国西电,False
2020-07-01,5.437,5.697,5.427,5.607,967203.0,482634297.0,4.82,5.08,4.81,4.99,True,中国西电,False
2020-07-02,5.617,6.097,5.567,6.047,1922389.0,1043857227.0,5.0,5.48,4.95,5.43,True,中国西电,False
2020-07-03,5.967,6.257,5.947,6.067,1518912.0,827807040.0,5.35,5.64,5.33,5.45,True,中国西电,False
2020-07-06,6.097,6.447,6.087,6.297,1460547.0,829590696.0,5.48,5.83,5.47,5.68,True,中国西电,False
2020-07-07,6.307,6.467,6.127,6.237,1546074.0,868893588.0,5.69,5.85,5.51,5.62,True,中国西电,False
2020-07-08,6.167,6.687,6.137,6.677,1892363.0,1146771978.0,5.55,6.07,5.52,6.06,True,中国西电,False
2020-07-09,6.697,6.787,6.527,6.707,1425010.0,867831090.0,6.08,6.17,5.91,6.09,True,中国西电,False
2020-07-10,6.667,6.697,6.417,6.427,1104491.0,641709271.0,6.05,6.08,5.8,5.81,True,中国西电,False
2020-07-13,6.337,6.687,6.337,6.657,1244890.0,751913560.0,5.72,6.07,5.72,6.04,True,中国西电,False
2020-07-14,6.667,7.157,6.597,6.837,1551038.0,964745636.0,6.05,6.54,5.98,6.22,True,中国西电,False
2020-07-15,6.847,6.977,6.497,6.517,1044398.0,616194820.0,6.23,6.36,5.88,5.9,True,中国西电,False
2020-07-16,6.577,6.667,6.137,6.167,890493.0,494223615.0,5.96,6.05,5.52,5.55,True,中国西电,False
2020-07-17,6.137,6.317,6.127,6.257,604938.0,341185032.0,5.52,5.7,5.51,5.64,True,中国西电,False
2020-07-20,6.307,6.467,6.207,6.437,711444.0,414060408.0,5.69,5.85,5.59,5.82,True,中国西电,False
2020-07-21,6.417,6.807,6.377,6.587,1203497.0,718487709.0,5.8,6.19,5.76,5.97,True,中国西电,False
2020-07-22,6.547,6.707,6.477,6.597,965328.0,577266144.0,5.93,6.09,5.86,5.98,True,中国西电,False
2020-07-23,6.497,6.577,6.277,6.457,880347.0,514122648.0,5.88,5.96,5.66,5.84,True,中国西电,False
2020-07-24,6.437,6.497,5.977,6.087,876557.0,479476679.0,5.82,5.88,5.36,5.47,True,中国西电,False
2020-07-27,6.117,6.157,5.817,5.867,601171.0,315614775.0,5.5,5.54,5.2,5.25,True,中国西电,False
2020-07-28,5.897,5.967,5.817,5.937,391201.0,208118932.0,5.28,5.35,5.2,5.32,True,中国西电,False
2020-07-29,5.917,6.047,5.847,6.047,441095.0,239514585.0,5.3,5.43,5.23,5.43,True,中国西电,False
2020-07-30,6.047,6.177,5.997,6.017,503473.0,271875420.0,5.43,5.56,5.38,5.4,True,中国西电,False
2020-07-31,5.987,6.117,5.927,5.987,446213.0,239616381.0,5.37,5.5,5.31,5.37,True,中国西电,False
2020-08-03,6.047,6.177,5.997,6.157,557359.0,308776886.0,5.43,5.56,5.38,5.54,True,中国西电,False
2020-08-04,6.207,6.207,6.007,6.037,458221.0,248355782.0,5.59,5.59,5.39,5.42,True,中国西电,False
2020-08-05,6.007,6.067,5.857,6.007,440534.0,237447826.0,5.39,5.45,5.24,5.39,True,中国西电,False
2020-08-06,6.007,6.037,5.837,5.917,527523.0,279587190.0,5.39,5.42,5.22,5.3,True,中国西电,False
2020-08-07,5.907,5.987,5.827,5.907,445367.0,235599143.0,5.29,5.37,5.21,5.29,True,中国西电,False
2020-08-10,5.887,6.157,5.847,6.087,634991.0,347340077.0,5.27,5.54,5.23,5.47,True,中国西电,False
2020-08-11,6.097,6.097,5.887,5.887,464901.0,245002827.0,5.48,5.48,5.27,5.27,True,中国西电,False
2020-08-12,5.897,5.907,5.667,5.767,458973.0,236371095.00000003,5.28,5.29,5.05,5.15,True,中国西电,False
2020-08-13,5.787,5.847,5.757,5.777,243262.0,125523192.0,5.17,5.23,5.14,5.16,True,中国西电,False
2020-08-14,5.777,5.807,5.697,5.797,222050.0,115021900.0,5.16,5.19,5.08,5.18,True,中国西电,False
2020-08-17,5.817,5.887,5.777,5.867,325129.0,170692725.0,5.2,5.27,5.16,5.25,True,中国西电,False
2020-08-18,5.867,5.957,5.847,5.897,318266.0,168044448.0,5.25,5.34,5.23,5.28,True,中国西电,False
2020-08-19,5.897,5.997,5.797,5.857,454344.0,238076256.0,5.28,5.38,5.18,5.24,True,中国西电,False
2020-08-20,5.807,5.847,5.747,5.757,260591.0,133943774.0,5.19,5.23,5.13,5.14,True,中国西电,False
2020-08-21,5.777,5.807,5.717,5.747,203418.0,104353434.0,5.16,5.19,5.1,5.13,True,中国西电,False
2020-08-24,5.727,5.767,5.687,5.697,252370.0,128203960.0,5.11,5.15,5.07,5.08,True,中国西电,False
2020-08-25,5.707,5.717,5.607,5.637,321240.0,161262480.0,5.09,5.1,4.99,5.02,True,中国西电,False
2020-08-26,5.627,5.627,5.437,5.467,354941.0,172146385.0,5.01,5.01,4.82,4.85,True,中国西电,False
2020-08-27,5.467,5.577,5.457,5.537,208567.0,102614964.0,4.85,4.96,4.84,4.92,True,中国西电,False
2020-08-28,5.497,5.537,5.417,5.527,285098.0,139983118.0,4.88,4.92,4.8,4.91,True,中国西电,False
2020-08-31,5.537,5.577,5.447,5.447,264674.0,127837542.0,4.92,4.96,4.83,4.83,True,中国西电,False
2020-09-01,5.457,5.467,5.397,5.437,211144.0,101771408.0,4.84,4.85,4.78,4.82,True,中国西电,False
2020-09-02,5.447,5.467,5.377,5.397,235284.0,112465752.0,4.83,4.85,4.76,4.78,True,中国西电,False
2020-09-03,5.397,5.537,5.377,5.457,309799.0,149942716.0,4.78,4.92,4.76,4.84,True,中国西电,False
2020-09-04,5.407,5.547,5.377,5.547,242002.0,119306986.0,4.79,4.93,4.76,4.93,True,中国西电,False
2020-09-07,5.557,5.677,5.527,5.577,364261.0,180673456.0,4.94,5.06,4.91,4.96,True,中国西电,False
2020-09-08,5.577,5.637,5.537,5.547,252115.0,124292695.0,4.96,5.02,4.92,4.93,True,中国西电,False
2020-09-09,5.497,5.507,5.387,5.407,299813.0,143610427.0,4.88,4.89,4.77,4.79,True,中国西电,False
2020-09-10,5.417,5.457,5.297,5.307,226735.0,106338715.0,4.8,4.84,4.68,4.69,True,中国西电,False
2020-09-11,5.307,5.307,5.217,5.257,168465.0,78167760.0,4.69,4.69,4.6,4.64,True,中国西电,False
2020-09-14,5.297,5.327,5.227,5.247,172743.0,79980009.0,4.68,4.71,4.61,4.63,True,中国西电,False
2020-09-15,5.257,5.267,5.137,5.177,223195.0,101776920.0,4.64,4.65,4.52,4.56,True,中国西电,False
2020-09-16,5.167,5.357,5.087,5.317,477745.0,224540150.0,4.55,4.74,4.47,4.7,True,中国西电,False
2020-09-17,5.297,5.297,5.187,5.227,251402.0,115896322.0,4.68,4.68,4.57,4.61,True,中国西电,False
2020-09-18,5.227,5.327,5.197,5.307,292216.0,137049304.0,4.61,4.71,4.58,4.69,True,中国西电,False
2020-09-21,5.327,5.417,5.287,5.367,292696.0,139030600.0,4.71,4.8,4.67,4.75,True,中国西电,False
2020-09-22,5.317,5.327,5.257,5.257,180739.0,83862896.0,4.7,4.71,4.64,4.64,True,中国西电,False
2020-09-23,5.277,5.317,5.217,5.257,140897.0,65376207.99999999,4.66,4.7,4.6,4.64,True,中国西电,False
2020-09-24,5.227,5.237,5.157,5.177,144309.0,65804903.99999999,4.61,4.62,4.54,4.56,True,中国西电,False
2020-09-25,5.187,5.207,5.107,5.147,107732.0,48802596.0,4.57,4.59,4.49,4.53,True,中国西电,False
2020-09-28,5.177,5.197,5.067,5.077,99899.0,44554954.0,4.56,4.58,4.45,4.46,True,中国西电,False
2020-09-29,5.107,5.127,5.067,5.067,127556.0,56762420.0,4.49,4.51,4.45,4.45,True,中国西电,False
2020-09-30,5.077,5.087,4.927,4.947,213760.0,92558080.0,4.46,4.47,4.31,4.33,True,中国西电,False
2020-10-09,5.007,5.167,5.007,5.097,212011.0,94980928.0,4.39,4.55,4.39,4.48,True,中国西电,False
2020-10-12,5.157,5.547,5.147,5.547,611983.0,301707619.0,4.54,4.93,4.53,4.93,True,中国西电,False
2020-10-13,5.597,5.647,5.427,5.527,677604.0,332703564.0,4.98,5.03,4.81,4.91,True,中国西电,False
2020-10-14,5.557,5.627,5.477,5.547,410412.0,202333116.0,4.94,5.01,4.86,4.93,True,中国西电,False
2020-10-15,5.547,5.557,5.437,5.437,272333.0,131264506.0,4.93,4.94,4.82,4.82,True,中国西电,False
2020-10-16,5.427,5.447,5.307,5.357,218706.0,103666644.0,4.81,4.83,4.69,4.74,True,中国西电,False
2020-10-19,5.357,5.577,5.337,5.347,337625.0,159696625.0,4.74,4.96,4.72,4.73,True,中国西电,False
2020-10-20,5.367,5.467,5.267,5.457,208210.0,100773640.0,4.75,4.85,4.65,4.84,True,中国西电,False
2020-10-21,5.417,5.437,5.307,5.327,183862.0,86599002.0,4.8,4.82,4.69,4.71,True,中国西电,False
2020-10-22,5.297,5.307,5.227,5.277,135400.0,63096400.0,4.68,4.69,4.61,4.66,True,中国西电,False
2020-10-23,5.307,5.357,5.247,5.287,157300.0,73459100.0,4.69,4.74,4.63,4.67,True,中国西电,False
2020-10-26,5.297,5.337,5.197,5.247,133325.0,61729475.0,4.68,4.72,4.58,4.63,True,中国西电,False
2020-10-27,5.227,5.237,5.127,5.157,139903.0,63515962.0,4.61,4.62,4.51,4.54,True,中国西电,False
2020-10-28,5.127,5.207,5.077,5.167,163785.0,74522175.0,4.51,4.59,4.46,4.55,True,中国西电,False
2020-10-29,5.137,5.167,5.087,5.127,125263.0,56493613.0,4.52,4.55,4.47,4.51,True,中国西电,False
2020-10-30,5.117,5.167,5.007,5.037,201523.0,89073166.0,4.5,4.55,4.39,4.42,True,中国西电,False
2020-11-02,5.027,5.067,4.887,4.997,160668.0,70372584.0,4.41,4.45,4.27,4.38,True,中国西电,False
2020-11-03,5.007,5.067,4.997,5.037,191725.0,84742450.0,4.39,4.45,4.38,4.42,True,中国西电,False
2020-11-04,5.067,5.067,4.967,5.017,134346.0,59112240.00000001,4.45,4.45,4.35,4.4,True,中国西电,False
2020-11-05,5.057,5.127,5.027,5.087,186493.0,83362371.0,4.44,4.51,4.41,4.47,True,中国西电,False
2020-11-06,5.117,5.177,5.057,5.097,208471.0,93395008.0,4.5,4.56,4.44,4.48,True,中国西电,False
2020-11-09,5.137,5.167,5.097,5.147,241369.0,109340157.0,4.52,4.55,4.48,4.53,True,中国西电,False
2020-11-10,5.147,5.167,5.067,5.067,185622.0,82601790.0,4.53,4.55,4.45,4.45,True,中国西电,False
2020-11-11,5.067,5.067,4.987,5.017,139269.0,61278360.00000001,4.45,4.45,4.37,4.4,True,中国西电,False
2020-11-12,5.017,5.047,4.977,4.987,105888.0,46273056.0,4.4,4.43,4.36,4.37,True,中国西电,False
2020-11-13,4.947,5.017,4.927,4.997,136114.0,59617932.0,4.33,4.4,4.31,4.38,True,中国西电,False
2020-11-16,5.017,5.097,4.977,5.087,161460.0,72172620.0,4.4,4.48,4.36,4.47,True,中国西电,False
2020-11-17,5.087,5.097,5.017,5.047,109131.0,48345033.0,4.47,4.48,4.4,4.43,True,中国西电,False
2020-11-18,5.027,5.077,5.027,5.047,116113.0,51438059.0,4.41,4.46,4.41,4.43,True,中国西电,False
2020-11-19,5.037,5.047,4.987,5.007,107621.0,47245619.0,4.42,4.43,4.37,4.39,True,中国西电,False
2020-11-20,5.007,5.047,4.987,5.017,100274.0,44120560.0,4.39,4.43,4.37,4.4,True,中国西电,False
2020-11-23,5.027,5.147,5.007,5.107,275634.0,123759666.0,4.41,4.53,4.39,4.49,True,中国西电,False
2020-11-24,5.097,5.357,5.077,5.207,429789.0,197273151.0,4.48,4.74,4.46,4.59,True,中国西电,False
2020-11-25,5.207,5.257,5.097,5.097,286277.0,128252096.0,4.59,4.64,4.48,4.48,True,中国西电,False
2020-11-26,5.087,5.267,5.057,5.187,324357.0,148231149.0,4.47,4.65,4.44,4.57,True,中国西电,False
2020-11-27,5.167,5.217,5.137,5.217,184548.0,84892080.0,4.55,4.6,4.52,4.6,True,中国西电,False
2020-11-30,5.217,5.297,5.177,5.187,234300.0,107075100.0,4.6,4.68,4.56,4.57,True,中国西电,False
2020-12-01,5.167,5.207,5.107,5.167,223633.0,101753015.0,4.55,4.59,4.49,4.55,True,中国西电,False
2020-12-02,5.177,5.187,5.107,5.137,217139.0,98146828.0,4.56,4.57,4.49,4.52,True,中国西电,False
2020-12-03,5.147,5.227,5.087,5.177,286517.0,130651752.0,4.53,4.61,4.47,4.56,True,中国西电,False
2020-12-04,5.147,5.157,5.117,5.127,122834.0,55398134.0,4.53,4.54,4.5,4.51,True,中国西电,False
2020-12-07,5.117,5.157,5.057,5.057,134349.0,59650956.00000001,4.5,4.54,4.44,4.44,True,中国西电,False
2020-12-08,5.077,5.077,4.997,5.007,126048.0,55335071.99999999,4.46,4.46,4.38,4.39,True,中国西电,False
2020-12-09,4.987,5.027,4.967,4.977,124316.0,54201776.00000001,4.37,4.41,4.35,4.36,True,中国西电,False
2020-12-10,4.977,5.147,4.947,5.047,212407.0,94096301.0,4.36,4.53,4.33,4.43,True,中国西电,False
2020-12-11,5.037,5.037,4.847,4.867,302087.0,128386975.0,4.42,4.42,4.23,4.25,True,中国西电,False
2020-12-14,4.867,4.887,4.797,4.837,142029.0,59936238.0,4.25,4.27,4.18,4.22,True,中国西电,False
2020-12-15,4.827,4.907,4.807,4.847,109080.0,46140840.00000001,4.21,4.29,4.19,4.23,True,中国西电,False
2020-12-16,4.897,4.897,4.797,4.817,89366.0,37533720.0,4.28,4.28,4.18,4.2,True,中国西电,False
2020-12-17,4.827,4.827,4.697,4.787,171183.0,71383311.0,4.21,4.21,4.08,4.17,True,中国西电,False
2020-12-18,4.797,4.877,4.787,4.817,156909.0,65901780.0,4.18,4.26,4.17,4.2,True,中国西电,False
2020-12-21,4.837,4.967,4.827,4.917,244333.0,105063190.0,4.22,4.35,4.21,4.3,True,中国西电,False
2020-12-22,4.917,5.317,4.897,5.067,632583.0,281499435.0,4.3,4.7,4.28,4.45,True,中国西电,False
2020-12-23,4.937,5.147,4.937,5.107,430753.0,193408097.0,4.32,4.53,4.32,4.49,True,中国西电,False
2020-12-24,5.557,5.557,5.317,5.467,1342253.0,650992705.0,4.94,4.94,4.7,4.85,True,中国西电,False
2020-12-25,5.377,5.907,5.357,5.627,1311180.0,656901180.0,4.76,5.29,4.74,5.01,True,中国西电,False
2020-12-28,5.567,5.617,5.407,5.497,821331.0,400809528.0,4.95,5.0,4.79,4.88,True,中国西电,False
2020-12-29,5.497,5.497,5.217,5.227,698459.0,321989599.0,4.88,4.88,4.6,4.61,True,中国西电,False
2020-12-30,5.237,5.327,5.217,5.237,410566.0,189681492.0,4.62,4.71,4.6,4.62,True,中国西电,False
2020-12-31,5.267,5.277,5.157,5.227,440924.0,203265964.0,4.65,4.66,4.54,4.61,True,中国西电,False
2021-01-04,5.217,5.377,5.177,5.237,664190.0,306855780.0,4.6,4.76,4.56,4.62,True,中国西电,False
2021-01-05,5.227,5.357,5.137,5.297,688583.0,322256844.0,4.61,4.74,4.52,4.68,True,中国西电,False
2021-01-06,5.247,5.267,5.177,5.217,405688.0,186616480.0,4.63,4.65,4.56,4.6,True,中国西电,False
2021-01-07,5.207,5.287,5.147,5.177,452985.0,206561160.0,4.59,4.67,4.53,4.56,True,中国西电,False
2021-01-08,5.167,5.167,5.027,5.037,455322.0,201252324.0,4.55,4.55,4.41,4.42,True,中国西电,False
2021-01-11,5.027,5.027,4.827,4.857,409566.0,173655984.0,4.41,4.41,4.21,4.24,True,中国西电,False
2021-01-12,4.817,4.947,4.817,4.857,364568.0,154576832.0,4.2,4.33,4.2,4.24,True,中国西电,False
2021-01-13,4.847,5.277,4.777,5.187,923600.0,422085200.0,4.23,4.66,4.16,4.57,True,中国西电,False
2021-01-14,5.147,5.467,5.117,5.317,946334.0,444776980.0,4.53,4.85,4.5,4.7,True,中国西电,False
2021-01-15,5.257,5.357,5.137,5.167,534657.0,243268935.0,4.64,4.74,4.52,4.55,True,中国西电,False
2021-01-18,5.167,5.257,5.137,5.167,497719.0,226462145.0,4.55,4.64,4.52,4.55,True,中国西电,False
2021-01-19,5.177,5.187,5.017,5.017,417092.0,183520480.0,4.56,4.57,4.4,4.4,True,中国西电,False
2021-01-20,5.017,5.037,4.967,4.977,234748.0,102350128.0,4.4,4.42,4.35,4.36,True,中国西电,False
2021-01-21,5.007,5.027,4.957,4.977,348903.0,152121708.0,4.39,4.41,4.34,4.36,True,中国西电,False
2021-01-22,4.977,5.057,4.887,4.997,393914.0,172534332.0,4.36,4.44,4.27,4.38,True,中国西电,False
2021-01-25,4.997,4.997,4.877,4.887,279470.0,119333690.0,4.38,4.38,4.26,4.27,True,中国西电,False
2021-01-26,4.897,4.927,4.857,4.877,172917.0,73662642.0,4.28,4.31,4.24,4.26,True,中国西电,False
2021-01-27,4.907,4.977,4.897,4.937,194184.0,83887488.0,4.29,4.36,4.28,4.32,True,中国西电,False
2021-01-28,4.937,4.937,4.827,4.857,200239.0,84901336.0,4.32,4.32,4.21,4.24,True,中国西电,False
2021-01-29,4.877,4.877,4.727,4.787,221906.0,92534802.0,4.26,4.26,4.11,4.17,True,中国西电,False
2021-02-01,4.777,4.867,4.727,4.827,174599.0,73506179.0,4.16,4.25,4.11,4.21,True,中国西电,False
2021-02-02,4.827,4.847,4.757,4.777,143659.0,59762144.0,4.21,4.23,4.14,4.16,True,中国西电,False
2021-02-03,4.787,4.797,4.697,4.717,160460.0,65788599.99999999,4.17,4.18,4.08,4.1,True,中国西电,False
2021-02-04,4.707,4.747,4.617,4.617,236374.0,94549600.0,4.09,4.13,4.0,4.0,True,中国西电,False
2021-02-05,4.577,4.637,4.497,4.527,212898.0,83243118.0,3.96,4.02,3.88,3.91,True,中国西电,False
2021-02-08,4.517,4.557,4.427,4.507,157411.0,61232879.0,3.9,3.94,3.81,3.89,True,中国西电,False
2021-02-09,4.517,4.587,4.487,4.557,148995.0,58704030.0,3.9,3.97,3.87,3.94,True,中国西电,False
2021-02-10,4.557,4.577,4.527,4.567,161469.0,63780255.0,3.94,3.96,3.91,3.95,True,中国西电,False
2021-02-18,4.617,4.647,4.557,4.617,525620.0,210248000.0,4.0,4.03,3.94,4.0,True,中国西电,False
2021-02-19,4.597,4.777,4.587,4.767,409411.0,169905565.0,3.98,4.16,3.97,4.15,True,中国西电,False
2021-02-22,4.797,4.897,4.767,4.787,412761.0,172121337.0,4.18,4.28,4.15,4.17,True,中国西电,False
2021-02-23,4.797,4.867,4.737,4.767,261475.0,108512125.0,4.18,4.25,4.12,4.15,True,中国西电,False
2021-02-24,4.777,4.807,4.717,4.747,230448.0,95175024.0,4.16,4.19,4.1,4.13,True,中国西电,False
2021-02-25,4.777,4.807,4.697,4.707,269721.0,110315889.0,4.16,4.19,4.08,4.09,True,中国西电,False
2021-02-26,4.657,4.677,4.627,4.657,227372.0,91858288.0,4.04,4.06,4.01,4.04,True,中国西电,False
2021-03-01,4.667,4.697,4.647,4.667,225365.0,91272825.0,4.05,4.08,4.03,4.05,True,中国西电,False
2021-03-02,4.707,4.997,4.697,4.917,717190.0,308391700.0,4.09,4.38,4.08,4.3,True,中国西电,False
2021-03-03,4.917,5.007,4.807,4.967,557804.0,242644740.0,4.3,4.39,4.19,4.35,True,中国西电,False
2021-03-04,4.897,4.957,4.867,4.907,310327.0,133130283.0,4.28,4.34,4.25,4.29,True,中国西电,False
2021-03-05,4.877,4.977,4.877,4.927,298651.0,128718581.0,4.26,4.36,4.26,4.31,True,中国西电,False
2021-03-08,4.947,5.117,4.917,5.077,612642.0,273238332.0,4.33,4.5,4.3,4.46,True,中国西电,False
2021-03-09,5.047,5.047,4.807,4.907,455454.0,195389766.0,4.43,4.43,4.19,4.29,True,中国西电,False
2021-03-10,4.917,4.987,4.777,4.827,284556.0,119798076.0,4.3,4.37,4.16,4.21,True,中国西电,False
2021-03-11,4.827,4.867,4.737,4.867,283127.0,120328975.0,4.21,4.25,4.12,4.25,True,中国西电,False
2021-03-12,4.877,5.077,4.817,5.007,563232.0,247258848.0,4.26,4.46,4.2,4.39,True,中国西电,False
2021-03-15,4.977,5.167,4.957,5.067,563706.0,250849170.0,4.36,4.55,4.34,4.45,True,中国西电,False
2021-03-16,5.097,5.317,5.067,5.307,864353.0,405381557.00000006,4.48,4.7,4.45,4.69,True,中国西电,False
2021-03-17,5.277,5.277,5.127,5.157,584936.0,265560944.0,4.66,4.66,4.51,4.54,True,中国西电,False
2021-03-18,5.157,5.337,5.077,5.227,650444.0,299854684.0,4.54,4.72,4.46,4.61,True,中国西电,False
2021-03-19,5.107,5.367,5.087,5.237,640054.0,295704948.0,4.49,4.75,4.47,4.62,True,中国西电,False
2021-03-22,5.267,5.417,5.217,5.367,728310.0,345947250.0,4.65,4.8,4.6,4.75,True,中国西电,False
2021-03-23,5.357,5.367,5.137,5.177,615566.0,280698096.0,4.74,4.75,4.52,4.56,True,中国西电,False
2021-03-24,5.137,5.277,5.127,5.157,395257.0,179446678.0,4.52,4.66,4.51,4.54,True,中国西电,False
2021-03-25,5.127,5.157,5.017,5.027,358210.0,157970610.0,4.51,4.54,4.4,4.41,True,中国西电,False
2021-03-26,5.037,5.147,5.027,5.117,289595.0,130317750.0,4.42,4.53,4.41,4.5,True,中国西电,False
2021-03-29,5.117,5.167,5.037,5.077,252573.0,112647558.0,4.5,4.55,4.42,4.46,True,中国西电,False
2021-03-30,5.047,5.067,4.947,4.987,321205.0,140366585.0,4.43,4.45,4.33,4.37,True,中国西电,False
2021-03-31,4.977,5.057,4.947,5.037,201438.0,89035596.0,4.36,4.44,4.33,4.42,True,中国西电,False
2021-04-01,5.037,5.127,5.007,5.107,287036.0,128879164.0,4.42,4.51,4.39,4.49,True,中国西电,False
2021-04-02,5.087,5.107,4.997,5.027,225805.0,99580005.0,4.47,4.49,4.38,4.41,True,中国西电,False
2021-04-06,5.027,5.067,4.997,5.007,174999.0,76824561.0,4.41,4.45,4.38,4.39,True,中国西电,False
2021-04-07,5.017,5.047,4.957,5.027,192073.0,84704193.0,4.4,4.43,4.34,4.41,True,中国西电,False
2021-04-08,5.027,5.027,4.937,4.937,230819.0,99713808.0,4.41,4.41,4.32,4.32,True,中国西电,False
2021-04-09,4.927,4.987,4.887,4.947,156956.0,67961948.0,4.31,4.37,4.27,4.33,True,中国西电,False
2021-04-12,4.937,4.947,4.857,4.897,172011.0,73620708.0,4.32,4.33,4.24,4.28,True,中国西电,False
2021-04-13,4.867,4.897,4.797,4.807,173946.0,72883374.0,4.25,4.28,4.18,4.19,True,中国西电,False
2021-04-14,4.787,4.867,4.767,4.857,110940.0,47038560.0,4.17,4.25,4.15,4.24,True,中国西电,False
2021-04-15,4.837,4.847,4.787,4.807,119525.0,50080975.00000001,4.22,4.23,4.17,4.19,True,中国西电,False
2021-04-16,4.817,4.887,4.807,4.877,137093.0,58401618.0,4.2,4.27,4.19,4.26,True,中国西电,False
2021-04-19,4.877,4.907,4.857,4.887,145503.0,62129780.99999999,4.26,4.29,4.24,4.27,True,中国西电,False
2021-04-20,4.887,4.937,4.867,4.877,161068.0,68614968.0,4.27,4.32,4.25,4.26,True,中国西电,False
2021-04-21,4.857,4.877,4.797,4.817,157939.0,66334380.0,4.24,4.26,4.18,4.2,True,中国西电,False
2021-04-22,4.827,4.857,4.777,4.797,124419.0,52007142.0,4.21,4.24,4.16,4.18,True,中国西电,False
2021-04-23,4.817,4.827,4.707,4.717,259561.0,106420010.0,4.2,4.21,4.09,4.1,True,中国西电,False
2021-04-26,4.717,4.737,4.687,4.697,149191.0,60869928.0,4.1,4.12,4.07,4.08,True,中国西电,False
2021-04-27,4.697,4.737,4.627,4.637,166974.0,67123548.0,4.08,4.12,4.01,4.02,True,中国西电,False
2021-04-28,4.637,4.697,4.627,4.677,107460.0,43628759.99999999,4.02,4.08,4.01,4.06,True,中国西电,False
2021-04-29,4.687,4.737,4.657,4.707,111379.0,45554011.0,4.07,4.12,4.04,4.09,True,中国西电,False
2021-04-30,4.697,4.717,4.637,4.667,113574.0,45997470.0,4.08,4.1,4.02,4.05,True,中国西电,False
2021-05-06,4.687,4.727,4.677,4.707,138177.0,56514393.0,4.07,4.11,4.06,4.09,True,中国西电,False
2021-05-07,4.717,4.787,4.707,4.757,154826.0,64097963.99999999,4.1,4.17,4.09,4.14,True,中国西电,False
2021-05-10,4.757,4.777,4.697,4.737,133099.0,54836788.0,4.14,4.16,4.08,4.12,True,中国西电,False
2021-05-11,4.737,4.797,4.707,4.797,166129.0,69441922.0,4.12,4.18,4.09,4.18,True,中国西电,False
2021-05-12,4.777,4.817,4.747,4.787,137667.0,57407139.0,4.16,4.2,4.13,4.17,True,中国西电,False
2021-05-13,4.757,4.777,4.697,4.707,162179.0,66331211.0,4.14,4.16,4.08,4.09,True,中国西电,False
2021-05-14,4.717,4.787,4.717,4.787,139420.0,58138140.0,4.1,4.17,4.1,4.17,True,中国西电,False
2021-05-17,4.777,4.817,4.737,4.757,144544.0,59841215.99999999,4.16,4.2,4.12,4.14,True,中国西电,False
2021-05-18,4.767,4.767,4.727,4.757,100242.0,41500188.0,4.15,4.15,4.11,4.14,True,中国西电,False
2021-05-19,4.757,4.757,4.727,4.737,92667.0,38178804.0,4.14,4.14,4.11,4.12,True,中国西电,False
2021-05-20,4.727,4.767,4.697,4.737,130590.0,53803080.0,4.11,4.15,4.08,4.12,True,中国西电,False
2021-05-21,4.757,4.797,4.727,4.747,130016.0,53696608.0,4.14,4.18,4.11,4.13,True,中国西电,False
2021-05-24,4.747,4.797,4.727,4.767,114582.0,47551530.00000001,4.13,4.18,4.11,4.15,True,中国西电,False
2021-05-25,4.767,4.787,4.737,4.777,138257.0,57514912.0,4.15,4.17,4.12,4.16,True,中国西电,False
2021-05-26,4.787,4.967,4.767,4.897,463425.0,198345900.0,4.17,4.35,4.15,4.28,True,中国西电,False
2021-05-27,4.847,4.887,4.837,4.847,202322.0,85582206.00000001,4.23,4.27,4.22,4.23,True,中国西电,False
2021-05-28,4.857,4.877,4.837,4.847,120480.0,50963040.00000001,4.24,4.26,4.22,4.23,True,中国西电,False
2021-05-31,4.857,4.857,4.787,4.807,159058.0,66645302.00000001,4.24,4.24,4.17,4.19,True,中国西电,False
2021-06-01,4.797,4.797,4.747,4.777,194064.0,80730624.0,4.18,4.18,4.13,4.16,True,中国西电,False
2021-06-02,4.767,4.827,4.757,4.767,170874.0,70912710.0,4.15,4.21,4.14,4.15,True,中国西电,False
2021-06-03,4.767,4.787,4.727,4.747,191328.0,79018464.0,4.15,4.17,4.11,4.13,True,中国西电,False
2021-06-04,4.737,4.757,4.677,4.697,264247.0,107812776.0,4.12,4.14,4.06,4.08,True,中国西电,False
2021-06-07,4.707,4.737,4.677,4.727,170288.0,69988368.0,4.09,4.12,4.06,4.11,True,中国西电,False
2021-06-08,4.727,4.747,4.697,4.717,143047.0,58649269.99999999,4.11,4.13,4.08,4.1,True,中国西电,False
2021-06-09,4.727,4.727,4.687,4.697,145355.0,59304840.0,4.11,4.11,4.07,4.08,True,中国西电,False
2021-06-10,4.697,4.707,4.667,4.677,167737.0,68101222.0,4.08,4.09,4.05,4.06,True,中国西电,False
2021-06-11,4.687,4.697,4.657,4.667,272819.0,110491695.0,4.07,4.08,4.04,4.05,True,中国西电,False
2021-06-15,4.677,4.687,4.627,4.647,153038.0,61674314.00000001,4.06,4.07,4.01,4.03,True,中国西电,False
2021-06-16,4.647,4.677,4.627,4.677,122748.0,49835687.99999999,4.03,4.06,4.01,4.06,True,中国西电,False
2021-06-17,4.677,4.707,4.597,4.617,221787.0,88714800.0,4.06,4.09,3.98,4.0,True,中国西电,False
2021-06-18,4.627,4.637,4.597,4.637,156198.0,62791595.99999999,4.01,4.02,3.98,4.02,True,中国西电,False
2021-06-21,4.627,4.657,4.607,4.647,150930.0,60372000.0,3.98,4.01,3.96,4.0,True,中国西电,False
2021-06-22,4.657,4.697,4.627,4.657,151135.0,60605135.0,4.01,4.05,3.98,4.01,True,中国西电,False
2021-06-23,4.667,4.687,4.657,4.677,164849.0,66434147.00000001,4.02,4.04,4.01,4.03,True,中国西电,False
2021-06-24,4.667,4.767,4.657,4.737,329948.0,134948732.0,4.02,4.12,4.01,4.09,True,中国西电,False
2021-06-25,4.717,4.727,4.667,4.707,202064.0,82037983.99999999,4.07,4.08,4.02,4.06,True,中国西电,False
2021-06-28,4.717,4.737,4.687,4.697,139239.0,56391795.0,4.07,4.09,4.04,4.05,True,中国西电,False
2021-06-29,4.697,4.707,4.657,4.667,154466.0,62095331.99999999,4.05,4.06,4.01,4.02,True,中国西电,False
2021-06-30,4.667,4.797,4.647,4.767,293761.0,121029532.0,4.02,4.15,4.0,4.12,True,中国西电,False
2021-07-01,4.757,4.767,4.697,4.707,169309.0,68739454.0,4.11,4.12,4.05,4.06,True,中国西电,False
2021-07-02,4.697,4.727,4.677,4.687,113619.0,45902076.0,4.05,4.08,4.03,4.04,True,中国西电,False
2021-07-05,4.687,4.697,4.627,4.657,213092.0,85449892.0,4.04,4.05,3.98,4.01,True,中国西电,False
2021-07-06,4.637,4.657,4.607,4.637,182163.0,72683037.0,3.99,4.01,3.96,3.99,True,中国西电,False
2021-07-07,4.637,4.637,4.607,4.637,153069.0,61074531.0,3.99,3.99,3.96,3.99,True,中国西电,False
2021-07-08,4.637,4.647,4.587,4.597,161942.0,63967090.0,3.99,4.0,3.94,3.95,True,中国西电,False
2021-07-09,4.587,4.597,4.507,4.567,238264.0,93399488.0,3.94,3.95,3.86,3.92,True,中国西电,False
2021-07-12,4.567,4.637,4.567,4.587,223693.0,88135042.0,3.92,3.99,3.92,3.94,True,中国西电,False
2021-07-13,4.577,4.617,4.557,4.607,174423.0,69071508.0,3.93,3.97,3.91,3.96,True,中国西电,False
2021-07-14,4.617,4.617,4.547,4.567,176703.0,69267576.0,3.97,3.97,3.9,3.92,True,中国西电,False
2021-07-15,4.567,4.567,4.517,4.547,128641.0,50169990.0,3.92,3.92,3.87,3.9,True,中国西电,False
2021-07-16,4.557,4.577,4.527,4.577,164146.0,64509378.0,3.91,3.93,3.88,3.93,True,中国西电,False
2021-07-19,4.607,4.607,4.547,4.567,196465.0,77014280.0,3.96,3.96,3.9,3.92,True,中国西电,False
2021-07-20,4.547,4.577,4.527,4.557,155893.0,60954163.0,3.9,3.93,3.88,3.91,True,中国西电,False
2021-07-21,4.577,4.597,4.547,4.567,172433.0,67593736.0,3.93,3.95,3.9,3.92,True,中国西电,False
2021-07-22,4.567,4.617,4.537,4.587,220929.0,87046026.0,3.92,3.97,3.89,3.94,True,中国西电,False
2021-07-23,4.577,4.787,4.577,4.697,582236.0,235805580.0,3.93,4.14,3.93,4.05,True,中国西电,False
2021-07-26,4.707,5.107,4.647,5.107,1602372.0,714657912.0,4.06,4.46,4.0,4.46,True,中国西电,False
2021-07-27,5.207,5.257,4.957,4.977,1629173.0,705431909.0,4.56,4.61,4.31,4.33,True,中国西电,False
2021-07-28,5.017,5.407,4.987,5.197,1827103.0,831331865.0,4.37,4.76,4.34,4.55,True,中国西电,False
2021-07-29,5.147,5.287,5.087,5.227,1200519.0,549837702.0,4.5,4.64,4.44,4.58,True,中国西电,False
2021-07-30,5.157,5.407,5.067,5.237,1134877.0,520908543.0,4.51,4.76,4.42,4.59,True,中国西电,False
2021-08-02,5.227,5.317,5.107,5.227,880988.0,403492504.0,4.58,4.67,4.46,4.58,True,中国西电,False
2021-08-03,5.237,5.687,5.217,5.687,1609282.0,811078128.0,4.59,5.04,4.57,5.04,True,中国西电,False
2021-08-04,5.747,5.907,5.567,5.807,2020857.0,1042762212.0,5.1,5.26,4.92,5.16,True,中国西电,False
2021-08-05,5.697,5.787,5.637,5.647,1050681.0,525340500.0,5.05,5.14,4.99,5.0,True,中国西电,False
2021-08-06,5.607,5.697,5.567,5.667,721035.0,361959570.0,4.96,5.05,4.92,5.02,True,中国西电,False
2021-08-09,5.657,5.737,5.487,5.717,938462.0,475800234.0,5.01,5.09,4.84,5.07,True,中国西电,False
2021-08-10,5.657,6.147,5.627,5.787,1256044.0,645606616.0,5.01,5.5,4.98,5.14,True,中国西电,False
2021-08-11,5.947,6.087,5.787,5.987,1251007.0,668037738.0,5.3,5.44,5.14,5.34,True,中国西电,False
2021-08-12,5.987,6.177,5.897,5.967,942353.0,501331796.0,5.34,5.53,5.25,5.32,True,中国西电,False
2021-08-13,5.877,6.137,5.857,6.047,984438.0,531596520.00000006,5.23,5.49,5.21,5.4,True,中国西电,False
2021-08-16,6.137,6.157,5.867,5.887,869983.0,455871092.0,5.49,5.51,5.22,5.24,True,中国西电,False
2021-08-17,5.867,6.037,5.657,5.747,1001704.0,510869040.0,5.22,5.39,5.01,5.1,True,中国西电,False
2021-08-18,5.747,5.867,5.667,5.797,723223.0,372459845.0,5.1,5.22,5.02,5.15,True,中国西电,False
2021-08-19,5.717,5.837,5.567,5.767,740837.0,379308544.0,5.07,5.19,4.92,5.12,True,中国西电,False
2021-08-20,5.747,5.867,5.637,5.757,663222.0,338906442.0,5.1,5.22,4.99,5.11,True,中国西电,False
2021-08-23,5.757,5.877,5.717,5.867,777450.0,405828900.0,5.11,5.23,5.07,5.22,True,中国西电,False
2021-08-24,5.797,5.827,5.627,5.667,1017423.0,510746346.0,5.15,5.18,4.98,5.02,True,中国西电,False
2021-08-25,5.587,5.877,5.517,5.867,1140425.0,595301850.0,4.94,5.23,4.87,5.22,True,中国西电,False
2021-08-26,5.827,6.097,5.807,5.907,965177.0,507683102.0,5.18,5.45,5.16,5.26,True,中国西电,False
2021-08-27,5.857,5.977,5.827,5.907,639608.0,336433808.0,5.21,5.33,5.18,5.26,True,中国西电,False
2021-08-30,6.027,6.437,5.917,6.377,2313005.0,1325351865.0,5.38,5.79,5.27,5.73,True,中国西电,False
2021-08-31,6.287,6.427,6.157,6.317,1594544.0,904106448.0,5.64,5.78,5.51,5.67,True,中国西电,False
2021-09-01,6.417,6.707,6.207,6.297,1498228.0,846498820.0,5.77,6.06,5.56,5.65,True,中国西电,False
2021-09-02,6.247,6.867,6.247,6.867,2656668.0,1652447496.0,5.6,6.22,5.6,6.22,True,中国西电,False
2021-09-03,6.947,7.097,6.597,6.657,2819110.0,1694285110.0,6.3,6.45,5.95,6.01,True,中国西电,False
2021-09-06,6.647,6.757,6.387,6.567,1551231.0,918328752.0,6.0,6.11,5.74,5.92,True,中国西电,False
2021-09-07,6.497,6.947,6.477,6.817,1513942.0,934102214.0,5.85,6.3,5.83,6.17,True,中国西电,False
2021-09-08,6.897,7.137,6.757,6.877,1571461.0,979020203.0,6.25,6.49,6.11,6.23,True,中国西电,False
2021-09-09,6.817,6.997,6.727,6.837,1270254.0,786287226.0,6.17,6.35,6.08,6.19,True,中国西电,False
2021-09-10,7.217,7.457,7.097,7.347,3148312.0,2109369040.0,6.57,6.81,6.45,6.7,True,中国西电,False
2021-09-13,7.317,7.387,6.997,7.177,2483050.0,1621431650.0,6.67,6.74,6.35,6.53,True,中国西电,False
2021-09-14,7.087,7.207,6.867,6.877,1406902.0,876499946.0000001,6.44,6.56,6.22,6.23,True,中国西电,False
2021-09-15,7.027,7.447,6.947,7.287,2797576.0,1857590464.0,6.38,6.8,6.3,6.64,True,中国西电,False
2021-09-16,7.347,7.347,6.747,6.797,1809398.0,1112779770.0,6.7,6.7,6.1,6.15,True,中国西电,False
2021-09-17,6.797,7.057,6.687,6.867,1223503.0,761018866.0,6.15,6.41,6.04,6.22,True,中国西电,False
2021-09-22,6.757,7.487,6.707,7.447,2482187.0,1687887160.0,6.11,6.84,6.06,6.8,True,中国西电,False
2021-09-23,7.497,7.677,7.267,7.327,1891839.0,1263748452.0,6.85,7.03,6.62,6.68,True,中国西电,False
2021-09-24,7.337,7.467,7.007,7.057,1301293.0,834128813.0,6.69,6.82,6.36,6.41,True,中国西电,False
2021-09-27,7.477,7.487,6.657,6.777,1917714.0,1175558682.0,6.83,6.84,6.01,6.13,True,中国西电,False
2021-09-28,6.667,7.017,6.647,6.887,1127303.0,703437072.0,6.02,6.37,6.0,6.24,True,中国西电,False
2021-09-29,6.777,7.037,6.677,6.737,1031180.0,627988620.0,6.13,6.39,6.03,6.09,True,中国西电,False
2021-09-30,6.757,7.147,6.727,7.047,1479022.0,946574080.0,6.11,6.5,6.08,6.4,True,中国西电,False
2021-10-08,7.247,7.247,6.707,6.727,1173330.0,713384640.0,6.6,6.6,6.06,6.08,True,中国西电,False
2021-10-11,6.737,6.777,6.117,6.117,1420710.0,777128370.0,6.09,6.13,5.47,5.47,True,中国西电,False
2021-10-12,6.047,6.187,5.707,5.847,1308939.0,680648280.0,5.4,5.54,5.06,5.2,True,中国西电,False
2021-10-13,5.807,5.827,5.667,5.777,652187.0,334571931.0,5.16,5.18,5.02,5.13,True,中国西电,False
2021-10-14,5.767,5.867,5.557,5.767,822458.0,421098496.0,5.12,5.22,4.91,5.12,True,中国西电,False
2021-10-15,5.727,5.827,5.677,5.757,454358.0,232176938.0,5.08,5.18,5.03,5.11,True,中国西电,False
2021-10-18,5.767,5.887,5.737,5.857,569669.0,296797549.0,5.12,5.24,5.09,5.21,True,中国西电,False
2021-10-19,5.857,6.097,5.837,5.937,718358.0,380011382.0,5.21,5.45,5.19,5.29,True,中国西电,False
2021-10-20,5.867,6.117,5.847,6.097,856688.0,466894960.0,5.22,5.47,5.2,5.45,True,中国西电,False
2021-10-21,6.047,6.167,5.957,6.037,716212.0,386038268.0,5.4,5.52,5.31,5.39,True,中国西电,False
2021-10-22,6.017,6.107,5.877,5.907,552772.0,290758072.0,5.37,5.46,5.23,5.26,True,中国西电,False
2021-10-25,5.907,6.197,5.907,6.127,756328.0,414467744.00000006,5.26,5.55,5.26,5.48,True,中国西电,False
2021-10-26,6.147,6.347,6.097,6.157,808526.0,445497826.0,5.5,5.7,5.45,5.51,True,中国西电,False
2021-10-27,6.157,6.257,6.097,6.147,567330.0,312031500.0,5.51,5.61,5.45,5.5,True,中国西电,False
2021-10-28,6.117,6.277,6.017,6.127,661396.0,362445008.0,5.47,5.63,5.37,5.48,True,中国西电,False
2021-10-29,6.207,6.227,5.757,6.047,939358.0,507253320.00000006,5.56,5.58,5.11,5.4,True,中国西电,False
2021-11-01,6.047,6.147,5.887,5.897,699229.0,367095225.0,5.4,5.5,5.24,5.25,True,中国西电,False
2021-11-02,5.877,5.907,5.647,5.717,704341.0,357100887.0,5.23,5.26,5.0,5.07,True,中国西电,False
2021-11-03,5.737,5.787,5.637,5.717,526336.0,266852352.00000003,5.09,5.14,4.99,5.07,True,中国西电,False
2021-11-04,5.727,5.867,5.707,5.847,583082.0,303202640.0,5.08,5.22,5.06,5.2,True,中国西电,False
2021-11-05,5.827,5.837,5.547,5.567,741793.0,364962156.0,5.18,5.19,4.9,4.92,True,中国西电,False
2021-11-08,5.567,5.637,5.537,5.587,392887.0,194086178.00000003,4.92,4.99,4.89,4.94,True,中国西电,False
2021-11-09,5.607,5.707,5.547,5.577,464641.0,229068013.0,4.96,5.06,4.9,4.93,True,中国西电,False
2021-11-10,5.557,5.557,5.367,5.467,565257.0,272453874.0,4.91,4.91,4.72,4.82,True,中国西电,False
2021-11-11,5.457,5.497,5.407,5.427,365238.0,174583764.0,4.81,4.85,4.76,4.78,True,中国西电,False
2021-11-12,5.427,5.797,5.407,5.657,1008359.0,505187859.0,4.78,5.15,4.76,5.01,True,中国西电,False
2021-11-15,5.647,5.797,5.627,5.707,694160.0,351244960.0,5.0,5.15,4.98,5.06,True,中国西电,False
2021-11-16,5.717,5.737,5.617,5.627,427792.0,213040416.00000003,5.07,5.09,4.97,4.98,True,中国西电,False
2021-11-17,5.617,5.837,5.597,5.827,726140.0,376140520.0,4.97,5.19,4.95,5.18,True,中国西电,False
2021-11-18,5.777,6.197,5.767,6.017,1120127.0,601508199.0,5.13,5.55,5.12,5.37,True,中国西电,False
2021-11-19,6.047,6.077,5.897,5.987,625041.0,333771894.0,5.4,5.43,5.25,5.34,True,中国西电,False
2021-11-22,5.967,6.117,5.957,6.007,539172.0,288996192.0,5.32,5.47,5.31,5.36,True,中国西电,False
2021-11-23,5.997,6.177,5.967,6.067,616866.0,334341372.0,5.35,5.53,5.32,5.42,True,中国西电,False
2021-11-24,6.017,6.117,5.947,6.007,548742.0,294125712.0,5.37,5.47,5.3,5.36,True,中国西电,False
2021-11-25,6.057,6.397,5.997,6.307,1231745.0,697167670.0,5.41,5.75,5.35,5.66,True,中国西电,False
2021-11-26,6.267,6.297,6.107,6.187,827880.0,458645520.0,5.62,5.65,5.46,5.54,True,中国西电,False
2021-11-29,6.047,6.517,6.027,6.437,1134888.0,657100152.0,5.4,5.87,5.38,5.79,True,中国西电,False
2021-11-30,6.387,6.567,6.307,6.477,1096212.0,639091596.0,5.74,5.92,5.66,5.83,True,中国西电,False
2021-12-01,6.437,6.567,6.417,6.457,741598.0,430868438.0,5.79,5.92,5.77,5.81,True,中国西电,False
2021-12-02,6.437,6.517,6.317,6.347,705043.0,401874510.0,5.79,5.87,5.67,5.7,True,中国西电,False
2021-12-03,6.327,6.577,6.277,6.497,773720.0,452626200.0,5.68,5.93,5.63,5.85,True,中国西电,False
2021-12-06,6.507,6.567,6.347,6.357,576259.0,329043889.0,5.86,5.92,5.7,5.71,True,中国西电,False
2021-12-07,6.367,6.437,6.177,6.267,635676.0,357249912.0,5.72,5.79,5.53,5.62,True,中国西电,False
2021-12-08,6.267,6.467,6.267,6.327,549174.0,311930832.0,5.62,5.82,5.62,5.68,True,中国西电,False
2021-12-09,6.277,6.357,6.197,6.257,528580.0,296533380.0,5.63,5.71,5.55,5.61,True,中国西电,False
2021-12-10,6.247,6.257,6.097,6.177,503347.0,278350891.0,5.6,5.61,5.45,5.53,True,中国西电,False
2021-12-13,6.247,6.477,6.187,6.367,1005396.0,575086512.0,5.6,5.83,5.54,5.72,True,中国西电,False
2021-12-14,6.327,6.547,6.307,6.367,763179.0,436538388.0,5.68,5.9,5.66,5.72,True,中国西电,False
2021-12-15,6.357,6.877,6.317,6.637,1813688.0,1086399112.0,5.71,6.23,5.67,5.99,True,中国西电,False
2021-12-16,6.647,6.687,6.507,6.577,944204.0,559912972.0,6.0,6.04,5.86,5.93,True,中国西电,False
2021-12-17,6.567,6.907,6.517,6.677,1294371.0,780505713.0,5.92,6.26,5.87,6.03,True,中国西电,False
2021-12-20,6.627,6.737,6.407,6.427,972011.0,561822358.0,5.98,6.09,5.76,5.78,True,中国西电,False
2021-12-21,6.397,6.417,6.227,6.317,650772.0,368987724.0,5.75,5.77,5.58,5.67,True,中国西电,False
2021-12-22,6.337,6.387,6.237,6.267,554461.0,311607082.0,5.69,5.74,5.59,5.62,True,中国西电,False
2021-12-23,6.227,6.567,6.227,6.527,1047961.0,616201068.0,5.58,5.92,5.58,5.88,True,中国西电,False
2021-12-24,6.447,6.777,6.357,6.357,1042562.0,595302902.0,5.8,6.13,5.71,5.71,True,中国西电,False
2021-12-27,6.327,6.617,6.117,6.227,1038504.0,579485232.0,5.68,5.97,5.47,5.58,True,中国西电,False
2021-12-28,6.197,6.287,6.127,6.207,503137.0,279744172.0,5.55,5.64,5.48,5.56,True,中国西电,False
2021-12-29,6.197,6.227,6.097,6.187,549483.0,304413582.0,5.55,5.58,5.45,5.54,True,中国西电,False
2021-12-30,6.187,6.377,6.157,6.237,643685.0,359819915.0,5.54,5.73,5.51,5.59,True,中国西电,False
2021-12-31,6.277,6.397,6.187,6.197,600250.0,333138750.0,5.63,5.75,5.54,5.55,True,中国西电,False
2022-01-04,6.267,6.287,6.077,6.147,591252.0,325188600.0,5.62,5.64,5.43,5.5,True,中国西电,False
2022-01-05,6.147,6.177,5.857,5.907,830937.0,437072862.0,5.5,5.53,5.21,5.26,True,中国西电,False
2022-01-06,5.857,5.997,5.857,5.927,391530.0,206727840.0,5.21,5.35,5.21,5.28,True,中国西电,False
2022-01-07,5.917,5.977,5.867,5.917,437983.0,230817041.0,5.27,5.33,5.22,5.27,True,中国西电,False
2022-01-10,5.927,5.987,5.867,5.947,341747.0,181125910.0,5.28,5.34,5.22,5.3,True,中国西电,False
2022-01-11,5.947,6.017,5.807,5.817,518966.0,268305422.0,5.3,5.37,5.16,5.17,True,中国西电,False
2022-01-12,6.077,6.337,6.077,6.127,1328459.0,727995532.0,5.43,5.69,5.43,5.48,True,中国西电,False
2022-01-13,6.117,6.147,5.997,6.097,690311.0,376219495.0,5.47,5.5,5.35,5.45,True,中国西电,False
2022-01-14,6.087,6.147,6.007,6.007,429338.0,230125168.0,5.44,5.5,5.36,5.36,True,中国西电,False
2022-01-17,6.017,6.067,5.957,5.987,349797.0,186791598.0,5.37,5.42,5.31,5.34,True,中国西电,False
2022-01-18,5.987,6.137,5.937,6.087,788692.0,429048448.00000006,5.34,5.49,5.29,5.44,True,中国西电,False
2022-01-19,6.047,6.367,6.037,6.187,800515.0,443485310.0,5.4,5.72,5.39,5.54,True,中国西电,False
2022-01-20,6.187,6.197,5.967,6.057,551199.0,298198659.0,5.54,5.55,5.32,5.41,True,中国西电,False
2022-01-21,6.027,6.057,5.917,5.927,381830.0,201606240.0,5.38,5.41,5.27,5.28,True,中国西电,False
2022-01-24,5.867,5.967,5.817,5.847,308814.0,160583280.0,5.22,5.32,5.17,5.2,True,中国西电,False
2022-01-25,5.857,5.877,5.557,5.567,458631.0,225646452.0,5.21,5.23,4.91,4.92,True,中国西电,False
2022-01-26,5.747,5.997,5.727,5.937,943134.0,498917886.0,5.1,5.35,5.08,5.29,True,中国西电,False
2022-01-27,5.927,5.957,5.807,5.817,629787.0,325599879.0,5.28,5.31,5.16,5.17,True,中国西电,False
2022-01-28,5.877,5.897,5.527,5.697,627445.0,316859725.0,5.23,5.25,4.88,5.05,True,中国西电,False
2022-02-07,5.797,5.887,5.767,5.847,523133.0,272029160.0,5.15,5.24,5.12,5.2,True,中国西电,False
2022-02-08,5.857,5.917,5.767,5.917,417958.0,220263866.0,5.21,5.27,5.12,5.27,True,中国西电,False
2022-02-09,5.867,5.957,5.827,5.937,492463.0,260512927.0,5.22,5.31,5.18,5.29,True,中国西电,False
2022-02-10,5.897,6.107,5.887,5.997,591018.0,316194630.0,5.25,5.46,5.24,5.35,True,中国西电,False
2022-02-11,5.937,5.947,5.797,5.817,464982.0,240395694.0,5.29,5.3,5.15,5.17,True,中国西电,False
2022-02-14,5.757,5.857,5.737,5.797,273223.0,140709845.0,5.11,5.21,5.09,5.15,True,中国西电,False
2022-02-15,5.777,5.827,5.747,5.787,253336.0,130214704.0,5.13,5.18,5.1,5.14,True,中国西电,False
2022-02-16,5.787,5.837,5.767,5.777,235862.0,120997206.0,5.14,5.19,5.12,5.13,True,中国西电,False
2022-02-17,5.777,5.837,5.757,5.767,329844.0,168880128.0,5.13,5.19,5.11,5.12,True,中国西电,False
2022-02-18,5.727,5.777,5.707,5.767,263575.0,134950400.0,5.08,5.13,5.06,5.12,True,中国西电,False
2022-02-21,5.757,5.807,5.737,5.807,273324.0,141035184.0,5.11,5.16,5.09,5.16,True,中国西电,False
2022-02-22,5.767,5.767,5.647,5.687,412407.0,207853128.0,5.12,5.12,5.0,5.04,True,中国西电,False
2022-02-23,5.677,5.747,5.667,5.727,327675.0,166458900.0,5.03,5.1,5.02,5.08,True,中国西电,False
2022-02-24,5.717,5.897,5.667,5.757,752482.0,384518302.0,5.07,5.25,5.02,5.11,True,中国西电,False
2022-02-25,5.777,5.897,5.757,5.797,525318.0,270538770.0,5.13,5.25,5.11,5.15,True,中国西电,False
2022-02-28,5.827,5.827,5.707,5.777,295968.0,151831584.0,5.18,5.18,5.06,5.13,True,中国西电,False
2022-03-01,5.817,5.857,5.767,5.827,345837.0,179143566.0,5.17,5.21,5.12,5.18,True,中国西电,False
2022-03-02,5.797,5.907,5.717,5.897,538760.0,282849000.0,5.15,5.26,5.07,5.25,True,中国西电,False
2022-03-03,5.897,5.937,5.837,5.857,397342.0,207015182.0,5.25,5.29,5.19,5.21,True,中国西电,False
2022-03-04,5.817,5.867,5.757,5.767,300055.0,153628160.0,5.17,5.22,5.11,5.12,True,中国西电,False
2022-03-07,5.737,5.777,5.597,5.647,458705.0,229352500.0,5.09,5.13,4.95,5.0,True,中国西电,False
2022-03-08,5.637,5.657,5.317,5.347,696212.0,327219640.0,4.99,5.01,4.67,4.7,True,中国西电,False
2022-03-09,5.347,5.417,5.047,5.267,507320.0,234381840.0,4.7,4.77,4.4,4.62,True,中国西电,False
2022-03-10,5.377,5.427,5.297,5.377,455276.0,215345548.00000003,4.73,4.78,4.65,4.73,True,中国西电,False
2022-03-11,5.297,5.407,5.217,5.397,355426.0,168827350.0,4.65,4.76,4.57,4.75,True,中国西电,False
2022-03-14,5.377,5.397,5.227,5.227,284918.0,130492444.0,4.73,4.75,4.58,4.58,True,中国西电,False
2022-03-15,5.197,5.227,4.907,4.907,444092.0,189183192.0,4.55,4.58,4.26,4.26,True,中国西电,False
2022-03-16,4.997,5.037,4.777,5.037,427705.0,187762495.0,4.35,4.39,4.13,4.39,True,中国西电,False
2022-03-17,5.067,5.157,5.057,5.077,328908.0,145706244.0,4.42,4.51,4.41,4.43,True,中国西电,False
2022-03-18,5.067,5.127,5.037,5.127,258680.0,115888640.0,4.42,4.48,4.39,4.48,True,中国西电,False
2022-03-21,5.117,5.167,5.027,5.077,296449.0,131326907.0,4.47,4.52,4.38,4.43,True,中国西电,False
2022-03-22,5.077,5.107,5.047,5.057,213502.0,94154382.0,4.43,4.46,4.4,4.41,True,中国西电,False
2022-03-23,5.097,5.287,5.087,5.197,535810.0,243793550.0,4.45,4.64,4.44,4.55,True,中国西电,False
2022-03-24,5.147,5.187,5.097,5.097,298629.0,132889905.0,4.5,4.54,4.45,4.45,True,中国西电,False
2022-03-25,5.107,5.127,5.027,5.027,235105.0,102975990.0,4.46,4.48,4.38,4.38,True,中国西电,False
2022-03-28,4.957,5.097,4.917,5.057,247137.0,108987417.0,4.31,4.45,4.27,4.41,True,中国西电,False
2022-03-29,5.047,5.057,4.967,4.997,191071.0,83115885.0,4.4,4.41,4.32,4.35,True,中国西电,False
2022-03-30,5.037,5.297,5.027,5.177,587865.0,266302845.0,4.39,4.65,4.38,4.53,True,中国西电,False
2022-03-31,5.207,5.257,5.147,5.207,486624.0,221900544.0,4.56,4.61,4.5,4.56,True,中国西电,False
2022-04-01,5.157,5.247,5.147,5.197,284589.0,129487995.0,4.51,4.6,4.5,4.55,True,中国西电,False
2022-04-06,5.197,5.197,5.117,5.197,317187.0,144320085.0,4.55,4.55,4.47,4.55,True,中国西电,False
2022-04-07,5.157,5.187,5.067,5.077,273094.0,120980642.0,4.51,4.54,4.42,4.43,True,中国西电,False
2022-04-08,5.107,5.117,4.987,5.077,279639.0,123880077.0,4.46,4.47,4.34,4.43,True,中国西电,False
2022-04-11,5.117,5.157,4.907,4.957,409438.0,176467777.99999997,4.47,4.51,4.26,4.31,True,中国西电,False
2022-04-12,4.927,5.017,4.847,5.007,297764.0,129825104.0,4.28,4.37,4.2,4.36,True,中国西电,False
2022-04-13,4.977,4.977,4.907,4.917,251521.0,107399467.0,4.33,4.33,4.26,4.27,True,中国西电,False
2022-04-14,4.937,4.957,4.877,4.927,258455.0,110618740.0,4.29,4.31,4.23,4.28,True,中国西电,False
2022-04-15,4.907,4.917,4.807,4.877,363040.0,153565920.00000003,4.26,4.27,4.16,4.23,True,中国西电,False
2022-04-18,4.847,4.867,4.707,4.867,321534.0,135687348.0,4.2,4.22,4.06,4.22,True,中国西电,False
2022-04-19,4.847,4.937,4.837,4.907,257929.0,109877754.0,4.2,4.29,4.19,4.26,True,中国西电,False
2022-04-20,4.917,5.027,4.867,4.907,332980.0,141849480.0,4.27,4.38,4.22,4.26,True,中国西电,False
2022-04-21,4.887,4.907,4.697,4.707,296604.0,120421224.0,4.24,4.26,4.05,4.06,True,中国西电,False
2022-04-22,4.697,4.767,4.637,4.737,263088.0,107602992.0,4.05,4.12,3.99,4.09,True,中国西电,False
2022-04-25,4.647,4.677,4.437,4.437,406106.0,153914174.0,4.0,4.03,3.79,3.79,True,中国西电,False
2022-04-26,4.477,4.507,4.337,4.337,290261.0,107106309.0,3.83,3.86,3.69,3.69,True,中国西电,False
2022-04-27,4.347,4.667,4.337,4.657,552065.0,221378065.0,3.7,4.02,3.69,4.01,True,中国西电,False
2022-04-28,4.597,4.657,4.517,4.597,319451.0,126183145.0,3.95,4.01,3.87,3.95,True,中国西电,False
2022-04-29,4.627,4.727,4.577,4.687,384549.0,155357796.0,3.98,4.08,3.93,4.04,True,中国西电,False
2022-05-05,4.687,4.777,4.657,4.737,308109.0,126016581.0,4.04,4.13,4.01,4.09,True,中国西电,False
2022-05-06,4.647,4.727,4.627,4.687,260072.0,105069088.0,4.0,4.08,3.98,4.04,True,中国西电,False
2022-05-09,4.667,4.747,4.657,4.717,209264.0,85170448.0,4.02,4.1,4.01,4.07,True,中国西电,False
2022-05-10,4.687,4.857,4.677,4.817,315289.0,131475513.0,4.04,4.21,4.03,4.17,True,中国西电,False
2022-05-11,4.807,4.867,4.767,4.777,340445.0,140603785.0,4.16,4.22,4.12,4.13,True,中国西电,False
2022-05-12,4.747,4.857,4.747,4.807,220159.0,91586144.0,4.1,4.21,4.1,4.16,True,中国西电,False
2022-05-13,4.817,4.847,4.747,4.817,203527.0,84870759.0,4.17,4.2,4.1,4.17,True,中国西电,False
2022-05-16,4.827,4.857,4.777,4.787,193552.0,80130528.0,4.18,4.21,4.13,4.14,True,中国西电,False
2022-05-17,4.787,4.797,4.727,4.787,182095.0,75387330.0,4.14,4.15,4.08,4.14,True,中国西电,False
2022-05-18,4.787,4.837,4.757,4.807,187728.0,78094848.0,4.14,4.19,4.11,4.16,True,中国西电,False
2022-05-19,4.747,4.897,4.737,4.887,296743.0,125819032.0,4.1,4.25,4.09,4.24,True,中国西电,False
2022-05-20,4.897,5.017,4.847,4.987,537410.0,233235940.0,4.25,4.37,4.2,4.34,True,中国西电,False
2022-05-23,4.967,4.977,4.897,4.947,271100.0,116573000.0,4.32,4.33,4.25,4.3,True,中国西电,False
2022-05-24,4.927,4.967,4.757,4.757,409652.0,168366972.0,4.28,4.32,4.11,4.11,True,中国西电,False
2022-05-25,4.797,5.167,4.757,5.167,889977.0,402269604.0,4.15,4.52,4.11,4.52,True,中国西电,False
2022-05-26,5.207,5.297,5.087,5.207,1374362.0,626709072.0,4.56,4.65,4.44,4.56,True,中国西电,False
2022-05-27,5.187,5.247,5.107,5.147,766660.0,344997000.0,4.54,4.6,4.46,4.5,True,中国西电,False
2022-05-30,5.177,5.287,5.087,5.267,983446.0,454352052.0,4.53,4.64,4.44,4.62,True,中国西电,False
2022-05-31,5.297,5.727,5.257,5.557,2041963.0,1002603833.0,4.65,5.08,4.61,4.91,True,中国西电,False
2022-06-01,5.437,5.667,5.367,5.577,1482722.0,730981946.0,4.79,5.02,4.72,4.93,True,中国西电,False
2022-06-02,5.477,5.607,5.417,5.517,827627.0,403054349.0,4.83,4.96,4.77,4.87,True,中国西电,False
2022-06-06,5.537,5.627,5.507,5.617,770159.0,382769023.0,4.89,4.98,4.86,4.97,True,中国西电,False
2022-06-07,5.577,5.627,5.407,5.457,708070.0,340581670.0,4.93,4.98,4.76,4.81,True,中国西电,False
2022-06-08,5.457,5.517,5.317,5.437,609790.0,292089410.0,4.81,4.87,4.67,4.79,True,中国西电,False
2022-06-09,5.427,5.427,5.287,5.327,424318.0,198580824.0,4.78,4.78,4.64,4.68,True,中国西电,False
2022-06-10,5.297,5.377,5.277,5.357,434343.0,204575553.0,4.65,4.73,4.63,4.71,True,中国西电,False
2022-06-13,5.297,5.457,5.297,5.377,462926.0,218963998.00000003,4.65,4.81,4.65,4.73,True,中国西电,False
2022-06-14,5.307,5.377,5.197,5.377,432481.0,204563513.00000003,4.66,4.73,4.55,4.73,True,中国西电,False
2022-06-15,5.367,5.597,5.327,5.487,824156.0,398891504.0,4.72,4.95,4.68,4.84,True,中国西电,False
2022-06-16,5.457,5.517,5.407,5.417,507143.0,241907211.0,4.81,4.87,4.76,4.77,True,中国西电,False
2022-06-17,5.367,5.557,5.347,5.497,524885.0,254569225.0,4.72,4.91,4.7,4.85,True,中国西电,False
2022-06-20,5.527,5.577,5.477,5.487,427838.0,207073592.0,4.88,4.93,4.83,4.84,True,中国西电,False
2022-06-21,5.487,5.547,5.417,5.477,384685.0,185802855.0,4.84,4.9,4.77,4.83,True,中国西电,False
2022-06-22,5.467,5.577,5.427,5.447,458756.0,220202880.0,4.82,4.93,4.78,4.8,True,中国西电,False
2022-06-23,5.467,5.577,5.307,5.557,697190.0,342320290.0,4.82,4.93,4.66,4.91,True,中国西电,False
2022-06-24,5.559,5.569,5.469,5.539,429800.0,208882800.0,4.88,4.89,4.79,4.86,True,中国西电,False
2022-06-27,5.539,5.699,5.469,5.569,672325.0,328766925.0,4.86,5.02,4.79,4.89,True,中国西电,False
2022-06-28,5.529,5.629,5.479,5.609,641707.0,316361551.0,4.85,4.95,4.8,4.93,True,中国西电,False
2022-06-29,5.579,5.579,5.359,5.379,572010.0,268844700.0,4.9,4.9,4.68,4.7,True,中国西电,False
2022-06-30,5.379,5.429,5.349,5.359,437207.0,204612876.0,4.7,4.75,4.67,4.68,True,中国西电,False
2022-07-01,5.359,5.569,5.329,5.399,518960.0,244949120.0,4.68,4.89,4.65,4.72,True,中国西电,False
2022-07-04,5.439,5.569,5.349,5.499,514011.0,247753302.0,4.76,4.89,4.67,4.82,True,中国西电,False
2022-07-05,5.539,5.679,5.529,5.579,858939.0,420880110.00000006,4.86,5.0,4.85,4.9,True,中国西电,False
2022-07-06,5.569,5.629,5.459,5.489,406451.0,195502931.0,4.89,4.95,4.78,4.81,True,中国西电,False
2022-07-07,5.509,5.769,5.459,5.669,908197.0,453190303.0,4.83,5.09,4.78,4.99,True,中国西电,False
2022-07-08,5.729,5.829,5.569,5.579,735025.0,360162250.0,5.05,5.15,4.89,4.9,True,中国西电,False
2022-07-11,5.549,5.619,5.499,5.559,481424.0,234934912.0,4.87,4.94,4.82,4.88,True,中国西电,False
2022-07-12,5.529,5.729,5.489,5.669,773096.0,385774904.0,4.85,5.05,4.81,4.99,True,中国西电,False
2022-07-13,5.669,5.879,5.619,5.789,793205.0,405327755.0,4.99,5.2,4.94,5.11,True,中国西电,False
2022-07-14,5.789,5.879,5.709,5.799,747782.0,382864384.0,5.11,5.2,5.03,5.12,True,中国西电,False
2022-07-15,5.819,6.029,5.799,5.879,1202085.0,625084200.0,5.14,5.35,5.12,5.2,True,中国西电,False
2022-07-18,5.879,5.999,5.809,5.939,939384.0,494115984.0,5.2,5.32,5.13,5.26,True,中国西电,False
2022-07-19,5.909,5.929,5.729,5.799,850404.0,435406848.0,5.23,5.25,5.05,5.12,True,中国西电,False
2022-07-20,5.799,5.939,5.769,5.879,620797.0,322814440.0,5.12,5.26,5.09,5.2,True,中国西电,False
2022-07-21,5.829,5.879,5.759,5.769,479608.0,244120472.0,5.15,5.2,5.08,5.09,True,中国西电,False
2022-07-22,5.769,5.879,5.729,5.789,428433.0,218929263.0,5.09,5.2,5.05,5.11,True,中国西电,False
2022-07-25,5.789,5.799,5.579,5.619,501751.0,247864994.00000003,5.11,5.12,4.9,4.94,True,中国西电,False
2022-07-26,5.619,5.699,5.569,5.679,280234.0,140117000.0,4.94,5.02,4.89,5.0,True,中国西电,False
2022-07-27,5.679,5.679,5.579,5.669,332813.0,166073687.0,5.0,5.0,4.9,4.99,True,中国西电,False
2022-07-28,5.659,5.769,5.639,5.669,357403.0,178344097.0,4.98,5.09,4.96,4.99,True,中国西电,False
2022-07-29,5.769,5.979,5.729,5.739,886775.0,448708150.0,5.09,5.3,5.05,5.06,True,中国西电,False
2022-08-01,5.749,5.879,5.639,5.859,723115.0,374573570.0,5.07,5.2,4.96,5.18,True,中国西电,False
2022-08-02,5.779,5.799,5.489,5.569,698507.0,341569923.0,5.1,5.12,4.81,4.89,True,中国西电,False
2022-08-03,5.589,5.729,5.539,5.549,555350.0,270455450.0,4.91,5.05,4.86,4.87,True,中国西电,False
2022-08-04,5.649,5.849,5.639,5.749,847750.0,429809250.0,4.97,5.17,4.96,5.07,True,中国西电,False
2022-08-05,5.779,5.809,5.569,5.669,715191.0,356880309.0,5.1,5.13,4.89,4.99,True,中国西电,False
2022-08-08,5.649,5.779,5.569,5.739,651794.0,329807764.0,4.97,5.1,4.89,5.06,True,中国西电,False
2022-08-09,5.739,5.799,5.649,5.669,425529.0,212338971.0,5.06,5.12,4.97,4.99,True,中国西电,False
2022-08-10,5.659,5.689,5.599,5.669,345779.0,172543721.0,4.98,5.01,4.92,4.99,True,中国西电,False
2022-08-11,5.689,5.709,5.639,5.699,333370.0,167351740.0,5.01,5.03,4.96,5.02,True,中国西电,False
2022-08-12,5.719,5.769,5.659,5.659,354329.0,176455842.00000003,5.04,5.09,4.98,4.98,True,中国西电,False
2022-08-15,5.709,5.849,5.659,5.829,810537.0,417426555.0,5.03,5.17,4.98,5.15,True,中国西电,False
2022-08-16,5.809,5.969,5.809,5.939,792616.0,416916016.0,5.13,5.29,5.13,5.26,True,中国西电,False
2022-08-17,5.969,6.069,5.929,6.009,704902.0,375712766.0,5.29,5.39,5.25,5.33,True,中国西电,False
2022-08-18,6.009,6.009,5.909,5.949,468354.0,246822558.0,5.33,5.33,5.23,5.27,True,中国西电,False
2022-08-19,5.939,5.959,5.799,5.889,507302.0,264304342.0,5.26,5.28,5.12,5.21,True,中国西电,False
2022-08-22,5.909,5.959,5.839,5.889,378706.0,197305826.0,5.23,5.28,5.16,5.21,True,中国西电,False
2022-08-23,5.859,5.979,5.839,5.909,397306.0,207791038.00000003,5.18,5.3,5.16,5.23,True,中国西电,False
2022-08-24,5.909,5.949,5.729,5.739,558925.0,282816050.0,5.23,5.27,5.05,5.06,True,中国西电,False
2022-08-25,5.739,5.769,5.639,5.719,355036.0,178938144.0,5.06,5.09,4.96,5.04,True,中国西电,False
2022-08-26,5.729,5.789,5.699,5.729,326627.0,164946635.0,5.05,5.11,5.02,5.05,True,中国西电,False
2022-08-29,5.629,5.769,5.579,5.749,302627.0,153431889.0,4.95,5.09,4.9,5.07,True,中国西电,False
2022-08-30,5.759,5.789,5.619,5.659,342882.0,170755236.0,5.08,5.11,4.94,4.98,True,中国西电,False
2022-08-31,5.659,5.679,5.359,5.409,644953.0,305062769.0,4.98,5.0,4.68,4.73,True,中国西电,False
2022-09-01,5.409,5.519,5.369,5.429,407599.0,193609525.0,4.73,4.84,4.69,4.75,True,中国西电,False
2022-09-02,5.479,5.509,5.419,5.459,216948.0,103701144.0,4.8,4.83,4.74,4.78,True,中国西电,False
2022-09-05,5.439,5.489,5.379,5.419,269476.0,127731624.0,4.76,4.81,4.7,4.74,True,中国西电,False
2022-09-06,5.419,5.519,5.379,5.509,303767.0,146719461.0,4.74,4.84,4.7,4.83,True,中国西电,False
2022-09-07,5.479,5.589,5.459,5.579,330784.0,162084160.0,4.8,4.91,4.78,4.9,True,中国西电,False
2022-09-08,5.599,5.619,5.549,5.559,227636.0,111086368.0,4.92,4.94,4.87,4.88,True,中国西电,False
2022-09-09,5.549,5.569,5.499,5.549,173999.0,84737513.0,4.87,4.89,4.82,4.87,True,中国西电,False
2022-09-13,5.519,5.549,5.489,5.499,227835.0,109816470.0,4.84,4.87,4.81,4.82,True,中国西电,False
2022-09-14,5.429,5.489,5.399,5.449,192732.0,91933164.0,4.75,4.81,4.72,4.77,True,中国西电,False
2022-09-15,5.439,5.519,5.229,5.269,356882.0,163808838.0,4.76,4.84,4.55,4.59,True,中国西电,False
2022-09-16,5.269,5.269,5.099,5.109,284870.0,126197410.0,4.59,4.59,4.42,4.43,True,中国西电,False
2022-09-19,5.149,5.159,5.029,5.069,172520.0,75736280.0,4.47,4.48,4.35,4.39,True,中国西电,False
2022-09-20,5.089,5.189,5.089,5.159,162618.0,72852864.0,4.41,4.51,4.41,4.48,True,中国西电,False
2022-09-21,5.149,5.199,5.089,5.189,155780.0,70256780.0,4.47,4.52,4.41,4.51,True,中国西电,False
2022-09-22,5.119,5.229,5.119,5.189,129640.0,58467640.0,4.44,4.55,4.44,4.51,True,中国西电,False
2022-09-23,5.179,5.229,5.089,5.139,138245.0,61657270.0,4.5,4.55,4.41,4.46,True,中国西电,False
2022-09-26,5.069,5.119,4.989,4.999,150207.0,64889424.00000001,4.39,4.44,4.31,4.32,True,中国西电,False
2022-09-27,5.029,5.139,5.029,5.129,215298.0,95807610.0,4.35,4.46,4.35,4.45,True,中国西电,False
2022-09-28,5.129,5.139,4.979,4.989,183736.0,79190216.0,4.45,4.46,4.3,4.31,True,中国西电,False
2022-09-29,4.989,5.049,4.979,5.009,148888.0,64468504.0,4.31,4.37,4.3,4.33,True,中国西电,False
2022-09-30,4.989,5.019,4.909,4.919,142881.0,60581544.0,4.31,4.34,4.23,4.24,True,中国西电,False
2022-10-10,4.929,4.979,4.839,4.859,174386.0,72893348.0,4.25,4.3,4.16,4.18,True,中国西电,False
2022-10-11,4.849,4.959,4.829,4.939,157251.0,66988926.0,4.17,4.28,4.15,4.26,True,中国西电,False
2022-10-12,4.919,5.079,4.909,5.079,199135.0,87619400.0,4.24,4.4,4.23,4.4,True,中国西电,False
2022-10-13,5.029,5.129,5.029,5.099,166817.0,73733114.0,4.35,4.45,4.35,4.42,True,中国西电,False
2022-10-14,5.109,5.159,5.089,5.129,140581.0,62558545.0,4.43,4.48,4.41,4.45,True,中国西电,False
2022-10-17,5.129,5.229,5.109,5.209,168389.0,76280217.0,4.45,4.55,4.43,4.53,True,中国西电,False
2022-10-18,5.229,5.269,5.209,5.219,164276.0,74581304.0,4.55,4.59,4.53,4.54,True,中国西电,False
2022-10-19,5.219,5.269,5.199,5.209,124918.0,56587854.0,4.54,4.59,4.52,4.53,True,中国西电,False
2022-10-20,5.179,5.269,5.119,5.179,152921.0,68814450.0,4.5,4.59,4.44,4.5,True,中国西电,False
2022-10-21,5.179,5.279,5.159,5.249,169095.0,77276415.0,4.5,4.6,4.48,4.57,True,中国西电,False
2022-10-24,5.289,5.379,5.219,5.259,289847.0,132749926.0,4.61,4.7,4.54,4.58,True,中国西电,False
2022-10-25,5.209,5.279,5.169,5.249,159179.0,72744803.0,4.53,4.6,4.49,4.57,True,中国西电,False
2022-10-26,5.249,5.419,5.229,5.379,304108.0,142930760.0,4.57,4.74,4.55,4.7,True,中国西电,False
2022-10-27,5.339,5.449,5.279,5.289,265891.0,122575751.0,4.66,4.77,4.6,4.61,True,中国西电,False
2022-10-28,5.249,5.279,5.089,5.109,363895.0,161205485.0,4.57,4.6,4.41,4.43,True,中国西电,False
2022-10-31,5.079,5.089,4.959,5.009,258169.0,111787177.0,4.4,4.41,4.28,4.33,True,中国西电,False
2022-11-01,5.059,5.429,5.039,5.389,538065.0,253428615.0,4.38,4.75,4.36,4.71,True,中国西电,False
2022-11-02,5.339,5.379,5.279,5.349,372018.0,173732406.0,4.66,4.7,4.6,4.67,True,中国西电,False
2022-11-03,5.309,5.449,5.299,5.349,309256.0,144422552.0,4.63,4.77,4.62,4.67,True,中国西电,False
2022-11-04,5.359,5.629,5.359,5.549,547931.0,266842397.0,4.68,4.95,4.68,4.87,True,中国西电,False
2022-11-07,5.549,5.549,5.429,5.459,371232.0,177448896.0,4.87,4.87,4.75,4.78,True,中国西电,False
2022-11-08,5.439,5.459,5.359,5.409,198047.0,93676231.0,4.76,4.78,4.68,4.73,True,中国西电,False
2022-11-09,5.409,5.549,5.359,5.489,383270.0,184352870.0,4.73,4.87,4.68,4.81,True,中国西电,False
2022-11-10,5.439,5.509,5.409,5.429,320452.0,152214700.0,4.76,4.83,4.73,4.75,True,中国西电,False
2022-11-11,5.529,5.559,5.419,5.439,345201.0,164315676.0,4.85,4.88,4.74,4.76,True,中国西电,False
2022-11-14,5.439,5.489,5.339,5.349,281052.0,131251284.0,4.76,4.81,4.66,4.67,True,中国西电,False
2022-11-15,5.359,5.499,5.339,5.459,325330.0,155507740.0,4.68,4.82,4.66,4.78,True,中国西电,False
2022-11-16,5.469,5.489,5.379,5.429,277367.0,131749325.0,4.79,4.81,4.7,4.75,True,中国西电,False
2022-11-17,5.409,5.469,5.379,5.469,196268.0,94012372.0,4.73,4.79,4.7,4.79,True,中国西电,False
2022-11-18,5.459,5.759,5.449,5.649,733347.0,364473459.0,4.78,5.08,4.77,4.97,True,中国西电,False
2022-11-21,5.629,5.799,5.589,5.689,524600.0,262824600.0,4.95,5.12,4.91,5.01,True,中国西电,False
2022-11-22,5.639,5.969,5.539,5.769,919292.0,467919628.0,4.96,5.29,4.86,5.09,True,中国西电,False
2022-11-23,5.729,5.819,5.709,5.749,646490.0,327770430.0,5.05,5.14,5.03,5.07,True,中国西电,False
2022-11-24,5.739,5.749,5.649,5.669,370046.0,184652954.0,5.06,5.07,4.97,4.99,True,中国西电,False
2022-11-25,5.649,5.679,5.589,5.639,239326.0,118705696.0,4.97,5.0,4.91,4.96,True,中国西电,False
2022-11-28,5.579,5.699,5.559,5.659,257642.0,128305716.0,4.9,5.02,4.88,4.98,True,中国西电,False
2022-11-29,5.639,5.709,5.629,5.679,256674.0,128337000.0,4.96,5.03,4.95,5.0,True,中国西电,False
2022-11-30,5.679,5.689,5.589,5.609,258738.0,127557834.0,5.0,5.01,4.91,4.93,True,中国西电,False
2022-12-01,5.629,5.669,5.589,5.589,203213.0,99777583.0,4.95,4.99,4.91,4.91,True,中国西电,False
2022-12-02,5.599,5.629,5.549,5.559,261205.0,127468040.0,4.92,4.95,4.87,4.88,True,中国西电,False
2022-12-05,5.589,5.759,5.579,5.719,541572.0,272952288.0,4.91,5.08,4.9,5.04,True,中国西电,False
2022-12-06,5.709,5.709,5.609,5.619,320290.0,158223260.0,5.03,5.03,4.93,4.94,True,中国西电,False
2022-12-07,5.609,5.659,5.509,5.539,380717.0,185028462.0,4.93,4.98,4.83,4.86,True,中国西电,False
2022-12-08,5.529,5.569,5.489,5.529,216585.0,105043725.0,4.85,4.89,4.81,4.85,True,中国西电,False
2022-12-09,5.509,5.549,5.469,5.479,248362.0,119213760.0,4.83,4.87,4.79,4.8,True,中国西电,False
2022-12-12,5.499,5.499,5.429,5.439,168335.0,80127460.0,4.82,4.82,4.75,4.76,True,中国西电,False
2022-12-13,5.439,5.479,5.399,5.469,144847.0,69381713.0,4.76,4.8,4.72,4.79,True,中国西电,False
2022-12-14,5.489,5.499,5.409,5.429,134475.0,63875625.0,4.81,4.82,4.73,4.75,True,中国西电,False
2022-12-15,5.429,5.479,5.399,5.449,114154.0,54451457.99999999,4.75,4.8,4.72,4.77,True,中国西电,False
2022-12-16,5.459,5.469,5.389,5.449,152119.0,72560763.0,4.78,4.79,4.71,4.77,True,中国西电,False
2022-12-19,5.429,5.449,5.329,5.339,143726.0,66976316.0,4.75,4.77,4.65,4.66,True,中国西电,False
2022-12-20,5.349,5.389,5.299,5.349,111316.0,51984572.0,4.67,4.71,4.62,4.67,True,中国西电,False
2022-12-21,5.349,5.359,5.209,5.299,171550.0,79256100.0,4.67,4.68,4.53,4.62,True,中国西电,False
2022-12-22,5.279,5.299,5.219,5.249,111085.0,50765845.0,4.6,4.62,4.54,4.57,True,中国西电,False
2022-12-23,5.219,5.269,5.209,5.239,81661.0,37237416.0,4.54,4.59,4.53,4.56,True,中国西电,False
2022-12-26,5.249,5.359,5.229,5.339,168075.0,78322950.0,4.57,4.68,4.55,4.66,True,中国西电,False
2022-12-27,5.369,5.379,5.289,5.329,125803.0,58498395.00000001,4.69,4.7,4.61,4.65,True,中国西电,False
2022-12-28,5.329,5.359,5.289,5.309,92622.0,42883986.0,4.65,4.68,4.61,4.63,True,中国西电,False
2022-12-29,5.309,5.319,5.249,5.249,86722.0,39631954.0,4.63,4.64,4.57,4.57,True,中国西电,False
2022-12-30,5.259,5.309,5.259,5.289,72672.0,33501792.000000004,4.58,4.63,4.58,4.61,True,中国西电,False
2023-01-03,5.289,5.379,5.269,5.369,141569.0,66395861.00000001,4.61,4.7,4.59,4.69,True,中国西电,False
2023-01-04,5.359,5.369,5.299,5.329,149914.0,69710010.0,4.68,4.69,4.62,4.65,True,中国西电,False
2023-01-05,5.339,5.459,5.319,5.459,264840.0,126593520.0,4.66,4.78,4.64,4.78,True,中国西电,False
2023-01-06,5.429,5.499,5.429,5.449,164308.0,78374916.0,4.75,4.82,4.75,4.77,True,中国西电,False
2023-01-09,5.489,5.549,5.449,5.469,293666.0,140666014.0,4.81,4.87,4.77,4.79,True,中国西电,False
2023-01-10,5.469,5.479,5.399,5.429,152157.0,72274575.0,4.79,4.8,4.72,4.75,True,中国西电,False
2023-01-11,5.429,5.449,5.399,5.409,121447.0,57444431.00000001,4.75,4.77,4.72,4.73,True,中国西电,False
2023-01-12,5.429,5.469,5.409,5.439,124591.0,59305316.0,4.75,4.79,4.73,4.76,True,中国西电,False
2023-01-13,5.439,5.459,5.379,5.429,110609.0,52539275.0,4.76,4.78,4.7,4.75,True,中国西电,False
2023-01-16,5.439,5.519,5.429,5.459,248638.0,118848964.0,4.76,4.84,4.75,4.78,True,中国西电,False
2023-01-17,5.479,5.539,5.439,5.459,210328.0,100536784.0,4.8,4.86,4.76,4.78,True,中国西电,False
2023-01-18,5.449,5.529,5.439,5.519,212321.0,102763364.0,4.77,4.85,4.76,4.84,True,中国西电,False
2023-01-19,5.509,5.519,5.469,5.509,135951.0,65664333.0,4.83,4.84,4.79,4.83,True,中国西电,False
2023-01-20,5.519,5.569,5.509,5.559,241853.0,118024264.0,4.84,4.89,4.83,4.88,True,中国西电,False
2023-01-30,5.649,5.649,5.519,5.519,296691.0,143598444.0,4.97,4.97,4.84,4.84,True,中国西电,False
2023-01-31,5.529,5.549,5.479,5.519,184947.0,89514348.0,4.85,4.87,4.8,4.84,True,中国西电,False
2023-02-01,5.529,5.569,5.509,5.559,207458.0,101239504.0,4.85,4.89,4.83,4.88,True,中国西电,False
2023-02-02,5.569,5.569,5.519,5.529,203867.0,98875495.0,4.89,4.89,4.84,4.85,True,中国西电,False
2023-02-03,5.529,5.529,5.449,5.499,206351.0,99461182.0,4.85,4.85,4.77,4.82,True,中国西电,False
2023-02-06,5.489,5.549,5.469,5.489,184282.0,88639642.0,4.81,4.87,4.79,4.81,True,中国西电,False
2023-02-07,5.489,5.529,5.479,5.529,175152.0,84948720.0,4.81,4.85,4.8,4.85,True,中国西电,False
2023-02-08,5.519,5.559,5.499,5.519,159124.0,77016016.0,4.84,4.88,4.82,4.84,True,中国西电,False
2023-02-09,5.519,5.549,5.499,5.539,220392.0,107110512.0,4.84,4.87,4.82,4.86,True,中国西电,False
2023-02-10,5.529,5.549,5.479,5.529,187637.0,91003945.0,4.85,4.87,4.8,4.85,True,中国西电,False
2023-02-13,5.529,5.599,5.519,5.589,322379.0,158288089.0,4.85,4.92,4.84,4.91,True,中国西电,False
2023-02-14,5.589,5.739,5.559,5.709,621016.0,312371048.0,4.91,5.06,4.88,5.03,True,中国西电,False
2023-02-15,5.699,5.749,5.659,5.709,327627.0,164796381.0,5.02,5.07,4.98,5.03,True,中国西电,False
2023-02-16,5.709,5.729,5.549,5.589,345472.0,169626752.0,5.03,5.05,4.87,4.91,True,中国西电,False
2023-02-17,5.619,5.639,5.539,5.539,225227.0,109460322.0,4.94,4.96,4.86,4.86,True,中国西电,False
2023-02-20,5.539,5.609,5.509,5.609,193554.0,95422122.0,4.86,4.93,4.83,4.93,True,中国西电,False
2023-02-21,5.599,5.629,5.559,5.619,245939.0,121493866.0,4.92,4.95,4.88,4.94,True,中国西电,False
2023-02-22,5.589,5.639,5.569,5.589,179563.0,88165433.0,4.91,4.96,4.89,4.91,True,中国西电,False
2023-02-23,5.599,5.609,5.539,5.559,180138.0,87907344.0,4.92,4.93,4.86,4.88,True,中国西电,False
2023-02-24,5.569,5.599,5.559,5.569,130489.0,63809120.99999999,4.89,4.92,4.88,4.89,True,中国西电,False
2023-02-27,5.549,5.679,5.529,5.639,334086.0,165706656.0,4.87,5.0,4.85,4.96,True,中国西电,False
2023-02-28,5.629,5.699,5.609,5.679,241250.0,120625000.0,4.95,5.02,4.93,5.0,True,中国西电,False
2023-03-01,5.679,5.699,5.639,5.669,244401.0,121956099.0,5.0,5.02,4.96,4.99,True,中国西电,False
2023-03-02,5.669,5.769,5.659,5.709,443732.0,223197196.0,4.99,5.09,4.98,5.03,True,中国西电,False
2023-03-03,5.699,5.859,5.689,5.829,701172.0,361103580.0,5.02,5.18,5.01,5.15,True,中国西电,False
2023-03-06,5.849,5.879,5.799,5.849,465556.0,240692452.0,5.17,5.2,5.12,5.17,True,中国西电,False
2023-03-07,5.839,5.969,5.809,5.839,781204.0,403101264.0,5.16,5.29,5.13,5.16,True,中国西电,False
2023-03-08,5.839,5.839,5.709,5.759,471599.0,239572292.0,5.16,5.16,5.03,5.08,True,中国西电,False
2023-03-09,5.779,5.789,5.669,5.699,314941.0,158100382.0,5.1,5.11,4.99,5.02,True,中国西电,False
2023-03-10,5.659,5.679,5.579,5.589,330557.0,162303487.0,4.98,5.0,4.9,4.91,True,中国西电,False
2023-03-13,5.569,5.679,5.569,5.649,263769.0,131093193.0,4.89,5.0,4.89,4.97,True,中国西电,False
2023-03-14,5.639,5.639,5.509,5.579,279963.0,137181870.0,4.96,4.96,4.83,4.9,True,中国西电,False
2023-03-15,5.609,6.069,5.609,6.069,1082061.0,583230879.0,4.93,5.39,4.93,5.39,True,中国西电,False
2023-03-16,6.179,6.339,6.079,6.129,2876408.0,1567642360.0,5.5,5.66,5.4,5.45,True,中国西电,False
2023-03-17,6.129,6.549,6.029,6.379,2538655.0,1447033350.0,5.45,5.87,5.35,5.7,True,中国西电,False
2023-03-20,6.379,6.679,6.269,6.329,2093210.0,1182663650.0,5.7,6.0,5.59,5.65,True,中国西电,False
2023-03-21,6.349,6.359,6.129,6.189,1304683.0,718880333.0,5.67,5.68,5.45,5.51,True,中国西电,False
2023-03-22,6.169,6.219,6.089,6.169,867794.0,476418906.0,5.49,5.54,5.41,5.49,True,中国西电,False
2023-03-23,6.129,6.229,6.099,6.189,974953.0,537199103.0,5.45,5.55,5.42,5.51,True,中国西电,False
2023-03-24,6.159,6.209,6.079,6.139,752542.0,410887932.0,5.48,5.53,5.4,5.46,True,中国西电,False
2023-03-27,6.129,6.129,5.979,6.009,844741.0,450246953.0,5.45,5.45,5.3,5.33,True,中国西电,False
2023-03-28,6.069,6.129,6.009,6.039,750596.0,402319456.0,5.39,5.45,5.33,5.36,True,中国西电,False
2023-03-29,6.029,6.039,5.939,5.939,570100.0,299872600.0,5.35,5.36,5.26,5.26,True,中国西电,False
2023-03-30,5.939,5.969,5.849,5.919,488244.0,255839856.0,5.26,5.29,5.17,5.24,True,中国西电,False
2023-03-31,5.919,5.939,5.869,5.929,342987.0,180068175.0,5.24,5.26,5.19,5.25,True,中国西电,False
2023-04-03,5.909,5.999,5.909,5.979,582340.0,308640200.0,5.23,5.32,5.23,5.3,True,中国西电,False
2023-04-04,5.989,6.169,5.919,6.169,1294797.0,710843553.0,5.31,5.49,5.24,5.49,True,中国西电,False
2023-04-06,6.109,6.339,6.059,6.269,1059250.0,592120750.0,5.43,5.66,5.38,5.59,True,中国西电,False
2023-04-07,6.199,6.249,6.089,6.119,706335.0,384246240.0,5.52,5.57,5.41,5.44,True,中国西电,False
2023-04-10,6.109,6.259,6.059,6.149,597509.0,326837423.0,5.43,5.58,5.38,5.47,True,中国西电,False
2023-04-11,6.109,6.149,5.999,6.129,476861.0,259889245.0,5.43,5.47,5.32,5.45,True,中国西电,False
2023-04-12,6.089,6.219,6.059,6.139,509015.0,277922190.0,5.41,5.54,5.38,5.46,True,中国西电,False
2023-04-13,6.119,6.279,6.069,6.229,818690.0,454372950.0,5.44,5.6,5.39,5.55,True,中国西电,False
2023-04-14,6.199,6.399,6.179,6.369,1036346.0,589680874.0,5.52,5.72,5.5,5.69,True,中国西电,False
2023-04-17,6.399,6.619,6.329,6.369,1420498.0,808263362.0,5.72,5.94,5.65,5.69,True,中国西电,False
2023-04-18,6.329,6.409,6.189,6.249,873034.0,486279938.0,5.65,5.73,5.51,5.57,True,中国西电,False
2023-04-19,6.269,6.279,6.149,6.199,582689.0,321644328.0,5.59,5.6,5.47,5.52,True,中国西电,False
2023-04-20,6.219,6.269,6.139,6.209,640230.0,354047190.0,5.54,5.59,5.46,5.53,True,中国西电,False
2023-04-21,6.229,6.329,6.009,6.019,1102974.0,588988116.0,5.55,5.65,5.33,5.34,True,中国西电,False
2023-04-24,6.019,6.149,5.969,6.059,683461.0,367702018.0,5.34,5.47,5.29,5.38,True,中国西电,False
2023-04-25,6.069,6.099,5.849,5.949,571578.0,301221606.0,5.39,5.42,5.17,5.27,True,中国西电,False
2023-04-26,5.909,5.989,5.879,5.969,416891.0,220535339.0,5.23,5.31,5.2,5.29,True,中国西电,False
2023-04-27,5.969,6.089,5.829,6.059,638515.0,343521070.0,5.29,5.41,5.15,5.38,True,中国西电,False
2023-04-28,6.049,6.139,6.019,6.139,682250.0,372508500.0,5.37,5.46,5.34,5.46,True,中国西电,False
2023-05-04,6.129,6.369,6.109,6.299,1049667.0,589912854.0,5.45,5.69,5.43,5.62,True,中国西电,False
2023-05-05,6.309,6.359,6.239,6.299,641462.0,360501644.0,5.63,5.68,5.56,5.62,True,中国西电,False
2023-05-08,6.369,6.549,6.359,6.419,1560055.0,895471570.0,5.69,5.87,5.68,5.74,True,中国西电,False
2023-05-09,6.499,6.629,6.419,6.449,1506398.0,869191645.9999999,5.82,5.95,5.74,5.77,True,中国西电,False
2023-05-10,6.399,6.569,6.359,6.439,932849.0,537321024.0,5.72,5.89,5.68,5.76,True,中国西电,False
2023-05-11,6.469,6.489,6.299,6.339,691719.0,391512954.0,5.79,5.81,5.62,5.66,True,中国西电,False
2023-05-12,6.339,6.449,6.279,6.339,543684.0,307725144.0,5.66,5.77,5.6,5.66,True,中国西电,False
2023-05-15,6.349,6.879,6.279,6.719,1698530.0,1025912120.0,5.67,6.2,5.6,6.04,True,中国西电,False
2023-05-16,6.679,6.709,6.489,6.519,1321488.0,771748992.0,6.0,6.03,5.81,5.84,True,中国西电,False
2023-05-17,6.479,6.559,6.359,6.549,864666.0,507558942.0,5.8,5.88,5.68,5.87,True,中国西电,False
2023-05-18,6.569,6.599,6.369,6.399,903031.0,516533732.0,5.89,5.92,5.69,5.72,True,中国西电,False
2023-05-19,6.359,6.409,6.229,6.359,671236.0,381262048.0,5.68,5.73,5.55,5.68,True,中国西电,False
2023-05-22,6.329,6.479,6.299,6.349,739867.0,419504589.0,5.65,5.8,5.62,5.67,True,中国西电,False
2023-05-23,6.349,6.359,6.099,6.119,809950.0,440612800.00000006,5.67,5.68,5.42,5.44,True,中国西电,False
2023-05-24,6.089,6.169,6.059,6.069,439536.0,236909904.0,5.41,5.49,5.38,5.39,True,中国西电,False
2023-05-25,6.049,6.109,5.959,6.069,454465.0,244956635.0,5.37,5.43,5.28,5.39,True,中国西电,False
2023-05-26,6.069,6.069,5.939,6.009,368319.0,196314027.0,5.39,5.39,5.26,5.33,True,中国西电,False
2023-05-29,6.029,6.109,5.989,6.089,433407.0,234473187.0,5.35,5.43,5.31,5.41,True,中国西电,False
2023-05-30,6.169,6.259,6.099,6.209,751406.0,415527518.0,5.49,5.58,5.42,5.53,True,中国西电,False
2023-05-31,6.139,6.149,6.039,6.039,547495.0,293457320.0,5.46,5.47,5.36,5.36,True,中国西电,False
2023-06-01,5.999,6.089,5.989,6.009,388692.0,207172836.0,5.32,5.41,5.31,5.33,True,中国西电,False
2023-06-02,6.019,6.079,6.009,6.029,317406.0,169812210.0,5.34,5.4,5.33,5.35,True,中国西电,False
2023-06-05,6.049,6.059,5.939,6.029,360450.0,192840750.0,5.37,5.38,5.26,5.35,True,中国西电,False
2023-06-06,6.049,6.139,6.009,6.039,558675.0,299449800.0,5.37,5.46,5.33,5.36,True,中国西电,False
2023-06-07,6.029,6.039,5.849,5.869,537358.0,278888802.0,5.35,5.36,5.17,5.19,True,中国西电,False
2023-06-08,5.829,5.909,5.789,5.879,357703.0,186005560.0,5.15,5.23,5.11,5.2,True,中国西电,False
2023-06-09,5.869,5.919,5.849,5.909,256315.0,134052745.0,5.19,5.24,5.17,5.23,True,中国西电,False
2023-06-12,5.909,5.969,5.839,5.959,292432.0,154404096.0,5.23,5.29,5.16,5.28,True,中国西电,False
2023-06-13,5.949,6.019,5.929,5.959,239219.0,126307632.0,5.27,5.34,5.25,5.28,True,中国西电,False
2023-06-14,5.959,5.969,5.859,5.869,335001.0,173865519.0,5.28,5.29,5.18,5.19,True,中国西电,False
2023-06-15,5.889,5.959,5.869,5.959,244299.0,128989872.0,5.21,5.28,5.19,5.28,True,中国西电,False
2023-06-16,6.009,6.219,5.979,6.149,845981.0,462751607.0,5.33,5.54,5.3,5.47,True,中国西电,False
2023-06-19,6.139,6.279,6.089,6.149,525470.0,287432090.0,5.46,5.6,5.41,5.47,True,中国西电,False
2023-06-20,6.149,6.149,6.049,6.059,349573.0,188070274.0,5.47,5.47,5.37,5.38,True,中国西电,False
2023-06-21,6.039,6.089,5.989,5.999,284235.0,151213020.0,5.36,5.41,5.31,5.32,True,中国西电,False
2023-06-26,5.959,5.999,5.869,5.889,290135.0,151160335.0,5.28,5.32,5.19,5.21,True,中国西电,False
2023-06-27,5.919,6.019,5.889,5.999,296645.0,157815140.0,5.24,5.34,5.21,5.32,True,中国西电,False
2023-06-28,5.979,6.039,5.899,6.029,253709.0,135734315.0,5.3,5.36,5.22,5.35,True,中国西电,False
2023-06-29,5.999,6.059,5.979,6.039,255643.0,137024648.0,5.32,5.38,5.3,5.36,True,中国西电,False
2023-06-30,6.029,6.109,6.009,6.089,304958.0,164982278.0,5.35,5.43,5.33,5.41,True,中国西电,False
2023-07-03,6.089,6.209,6.059,6.179,364076.0,200241800.0,5.41,5.53,5.38,5.5,True,中国西电,False
2023-07-04,6.209,6.249,6.129,6.169,361326.0,198367974.0,5.53,5.57,5.45,5.49,True,中国西电,False
2023-07-05,6.179,6.219,6.149,6.169,293349.0,161048601.0,5.5,5.54,5.47,5.49,True,中国西电,False
2023-07-06,6.179,6.209,6.129,6.159,255839.0,140199772.0,5.5,5.53,5.45,5.48,True,中国西电,False
2023-07-07,6.139,6.189,6.089,6.139,211920.0,115708320.0,5.46,5.51,5.41,5.46,True,中国西电,False
2023-07-10,6.169,6.219,6.139,6.179,213543.0,117448650.0,5.49,5.54,5.46,5.5,True,中国西电,False
2023-07-11,6.204,6.244,6.144,6.224,286227.0,157424850.0,5.48,5.52,5.42,5.5,True,中国西电,False
2023-07-12,6.244,6.304,6.194,6.204,381706.0,209174888.00000003,5.52,5.58,5.47,5.48,True,中国西电,False
2023-07-13,6.224,6.274,6.214,6.274,296608.0,164617440.0,5.5,5.55,5.49,5.55,True,中国西电,False
2023-07-14,6.274,6.284,6.194,6.204,305143.0,167218364.0,5.55,5.56,5.47,5.48,True,中国西电,False
2023-07-17,6.194,6.284,6.154,6.284,330436.0,183722416.0,5.47,5.56,5.43,5.56,True,中国西电,False
2023-07-18,6.264,6.314,6.214,6.274,267709.0,148578495.0,5.54,5.59,5.49,5.55,True,中国西电,False
2023-07-19,6.274,6.294,6.174,6.214,234161.0,128554389.0,5.55,5.57,5.45,5.49,True,中国西电,False
2023-07-20,6.224,6.244,6.094,6.094,347323.0,186512451.0,5.5,5.52,5.37,5.37,True,中国西电,False
2023-07-21,6.074,6.104,6.004,6.024,263040.0,139411200.0,5.35,5.38,5.28,5.3,True,中国西电,False
2023-07-24,6.014,6.134,5.974,6.074,213454.0,114197890.0,5.29,5.41,5.25,5.35,True,中国西电,False
2023-07-25,6.124,6.164,6.094,6.154,204495.0,111040785.0,5.4,5.44,5.37,5.43,True,中国西电,False
2023-07-26,6.154,6.154,6.074,6.084,214160.0,114789760.0,5.43,5.43,5.35,5.36,True,中国西电,False
2023-07-27,6.084,6.144,6.064,6.084,188574.0,101075664.0,5.36,5.42,5.34,5.36,True,中国西电,False
2023-07-28,6.074,6.144,6.024,6.144,244840.0,132703280.0,5.35,5.42,5.3,5.42,True,中国西电,False
2023-07-31,6.144,6.254,6.124,6.244,354038.0,195428976.0,5.42,5.53,5.4,5.52,True,中国西电,False
2023-08-01,6.234,6.284,6.204,6.264,253601.0,140494954.0,5.51,5.56,5.48,5.54,True,中国西电,False
2023-08-02,6.274,6.304,6.194,6.224,242364.0,133300200.0,5.55,5.58,5.47,5.5,True,中国西电,False
2023-08-03,6.204,6.254,6.184,6.224,157869.0,86827950.0,5.48,5.53,5.46,5.5,True,中国西电,False
2023-08-04,6.254,6.274,6.204,6.204,303196.0,166151408.0,5.53,5.55,5.48,5.48,True,中国西电,False
2023-08-07,6.204,6.244,6.174,6.224,211859.0,116522450.0,5.48,5.52,5.45,5.5,True,中国西电,False
2023-08-08,6.204,6.224,6.134,6.154,176445.0,95809635.0,5.48,5.5,5.41,5.43,True,中国西电,False
2023-08-09,6.134,6.144,6.094,6.114,151444.0,81628316.0,5.41,5.42,5.37,5.39,True,中国西电,False
2023-08-10,6.104,6.144,6.094,6.104,139045.0,74806210.0,5.38,5.42,5.37,5.38,True,中国西电,False
2023-08-11,6.104,6.164,5.944,5.944,272961.0,142485642.0,5.38,5.44,5.22,5.22,True,中国西电,False
2023-08-14,5.904,5.994,5.864,5.984,184804.0,97206904.0,5.18,5.27,5.14,5.26,True,中国西电,False
2023-08-15,6.004,6.054,5.874,5.924,200369.0,104191880.0,5.28,5.33,5.15,5.2,True,中国西电,False
2023-08-16,5.914,5.924,5.844,5.884,166980.0,86161680.0,5.19,5.2,5.12,5.16,True,中国西电,False
2023-08-17,5.884,5.934,5.844,5.914,167755.0,87064845.0,5.16,5.21,5.12,5.19,True,中国西电,False
2023-08-18,5.914,5.974,5.854,5.854,172980.0,88738740.0,5.19,5.25,5.13,5.13,True,中国西电,False
2023-08-21,5.884,5.904,5.784,5.804,191468.0,97265744.0,5.16,5.18,5.06,5.08,True,中国西电,False
2023-08-22,5.804,5.844,5.724,5.804,222479.0,113019332.0,5.08,5.12,5.0,5.08,True,中国西电,False
2023-08-23,5.794,5.804,5.704,5.724,162550.0,81275000.0,5.07,5.08,4.98,5.0,True,中国西电,False
2023-08-24,5.734,5.754,5.624,5.644,216448.0,106492416.0,5.01,5.03,4.9,4.92,True,中国西电,False
2023-08-25,5.614,5.694,5.574,5.594,213271.0,103862977.0,4.89,4.97,4.85,4.87,True,中国西电,False
2023-08-28,5.824,5.874,5.654,5.674,282582.0,139878090.0,5.1,5.15,4.93,4.95,True,中国西电,False
2023-08-29,5.644,5.774,5.644,5.764,216329.0,109029816.0,4.92,5.05,4.92,5.04,True,中国西电,False
2023-08-30,5.764,5.784,5.614,5.634,389315.0,191153665.0,5.04,5.06,4.89,4.91,True,中国西电,False
2023-08-31,5.634,5.634,5.494,5.534,531652.0,255724612.0,4.91,4.91,4.77,4.81,True,中国西电,False
2023-09-01,5.514,5.524,5.464,5.514,211561.0,101337719.0,4.79,4.8,4.74,4.79,True,中国西电,False
2023-09-04,5.544,5.644,5.534,5.644,311064.0,153043488.0,4.82,4.92,4.81,4.92,True,中国西电,False
2023-09-05,5.624,5.644,5.584,5.634,167709.0,82345119.0,4.9,4.92,4.86,4.91,True,中国西电,False
2023-09-06,5.604,5.624,5.584,5.604,162684.0,79389792.0,4.88,4.9,4.86,4.88,True,中国西电,False
2023-09-07,5.604,5.634,5.544,5.554,175967.0,84992061.0,4.88,4.91,4.82,4.83,True,中国西电,False
2023-09-08,5.544,5.604,5.524,5.574,140050.0,67924250.0,4.82,4.88,4.8,4.85,True,中国西电,False
2023-09-11,5.604,5.654,5.574,5.634,223899.0,109934409.0,4.88,4.93,4.85,4.91,True,中国西电,False
2023-09-12,5.624,5.664,5.604,5.644,175031.0,86115252.0,4.9,4.94,4.88,4.92,True,中国西电,False
2023-09-13,5.644,5.664,5.544,5.584,156059.0,75844674.0,4.92,4.94,4.82,4.86,True,中国西电,False
2023-09-14,5.614,5.614,5.534,5.554,147959.0,71464197.0,4.89,4.89,4.81,4.83,True,中国西电,False
2023-09-15,5.554,5.634,5.524,5.634,233641.0,114717731.0,4.83,4.91,4.8,4.91,True,中国西电,False
2023-09-18,5.574,5.614,5.534,5.584,199319.0,96869034.0,4.85,4.89,4.81,4.86,True,中国西电,False
2023-09-19,5.564,5.594,5.544,5.564,129513.0,62684292.0,4.84,4.87,4.82,4.84,True,中国西电,False
2023-09-20,5.554,5.564,5.504,5.514,127911.0,61269369.0,4.83,4.84,4.78,4.79,True,中国西电,False
2023-09-21,5.494,5.534,5.484,5.504,124393.0,59459854.0,4.77,4.81,4.76,4.78,True,中国西电,False
2023-09-22,5.504,5.584,5.484,5.574,157973.0,76616905.0,4.78,4.86,4.76,4.85,True,中国西电,False
2023-09-25,5.564,5.584,5.544,5.554,113817.0,54973611.0,4.84,4.86,4.82,4.83,True,中国西电,False
2023-09-26,5.554,5.564,5.504,5.504,117604.0,56214712.0,4.83,4.84,4.78,4.78,True,中国西电,False
2023-09-27,5.494,5.584,5.494,5.554,129512.0,62554296.0,4.77,4.86,4.77,4.83,True,中国西电,False
2023-09-28,5.554,5.604,5.554,5.574,138551.0,67197235.0,4.83,4.88,4.83,4.85,True,中国西电,False
2023-10-09,5.574,5.584,5.514,5.554,138460.0,66876180.0,4.85,4.86,4.79,4.83,True,中国西电,False
2023-10-10,5.564,5.584,5.394,5.414,323494.0,151718686.0,4.84,4.86,4.67,4.69,True,中国西电,False
2023-10-11,5.414,5.504,5.404,5.434,197134.0,92850114.0,4.69,4.78,4.68,4.71,True,中国西电,False
2023-10-12,5.444,5.564,5.444,5.534,219918.0,105780558.0,4.72,4.84,4.72,4.81,True,中国西电,False
2023-10-13,5.524,5.534,5.404,5.424,237697.0,111717590.0,4.8,4.81,4.68,4.7,True,中国西电,False
2023-10-16,5.414,5.434,5.334,5.364,182533.0,84695312.0,4.69,4.71,4.61,4.64,True,中国西电,False
2023-10-17,5.354,5.404,5.344,5.374,184192.0,85649280.0,4.63,4.68,4.62,4.65,True,中国西电,False
2023-10-18,5.374,5.374,5.274,5.284,159580.0,72768480.0,4.65,4.65,4.55,4.56,True,中国西电,False
2023-10-19,5.254,5.324,5.254,5.254,114648.0,51935544.0,4.53,4.6,4.53,4.53,True,中国西电,False
2023-10-20,5.224,5.324,5.224,5.274,114689.0,52183495.0,4.5,4.6,4.5,4.55,True,中国西电,False
2023-10-23,5.264,5.264,5.134,5.154,144652.0,64080835.99999999,4.54,4.54,4.41,4.43,True,中国西电,False
2023-10-24,5.184,5.224,5.114,5.214,151976.0,68237224.0,4.46,4.5,4.39,4.49,True,中国西电,False
2023-10-25,5.264,5.304,5.254,5.264,127365.0,57823710.0,4.54,4.58,4.53,4.54,True,中国西电,False
2023-10-26,5.244,5.334,5.224,5.314,137904.0,63297936.0,4.52,4.61,4.5,4.59,True,中国西电,False
2023-10-27,5.294,5.374,5.274,5.354,158050.0,73177150.0,4.57,4.65,4.55,4.63,True,中国西电,False
2023-10-30,5.334,5.384,5.324,5.354,136805.0,63340715.0,4.61,4.66,4.6,4.63,True,中国西电,False
2023-10-31,5.364,5.384,5.314,5.344,98658.0,45579996.0,4.64,4.66,4.59,4.62,True,中国西电,False
2023-11-01,5.364,5.384,5.334,5.364,114718.0,53229152.0,4.64,4.66,4.61,4.64,True,中国西电,False
2023-11-02,5.354,5.394,5.324,5.324,97059.0,44647140.0,4.63,4.67,4.6,4.6,True,中国西电,False
2023-11-03,5.324,5.394,5.324,5.354,133432.0,61779016.0,4.6,4.67,4.6,4.63,True,中国西电,False
2023-11-06,5.394,5.424,5.364,5.404,159425.0,74610900.0,4.67,4.7,4.64,4.68,True,中国西电,False
2023-11-07,5.424,5.424,5.354,5.374,121240.0,56376600.00000001,4.7,4.7,4.63,4.65,True,中国西电,False
2023-11-08,5.394,5.394,5.314,5.324,169168.0,77817280.0,4.67,4.67,4.59,4.6,True,中国西电,False
2023-11-09,5.334,5.354,5.304,5.304,138742.0,63543836.0,4.61,4.63,4.58,4.58,True,中国西电,False
2023-11-10,5.314,5.324,5.264,5.314,126895.0,58244805.0,4.59,4.6,4.54,4.59,True,中国西电,False
2023-11-13,5.314,5.334,5.274,5.324,134765.0,61991899.99999999,4.59,4.61,4.55,4.6,True,中国西电,False
2023-11-14,5.334,5.354,5.304,5.314,125137.0,57437883.0,4.61,4.63,4.58,4.59,True,中国西电,False
2023-11-15,5.344,5.404,5.334,5.374,198007.0,92073255.0,4.62,4.68,4.61,4.65,True,中国西电,False
2023-11-16,5.364,5.374,5.324,5.324,117961.0,54262059.99999999,4.64,4.65,4.6,4.6,True,中国西电,False
2023-11-17,5.304,5.354,5.284,5.324,125186.0,57585559.99999999,4.58,4.63,4.56,4.6,True,中国西电,False
2023-11-20,5.334,5.364,5.304,5.354,147549.0,68315187.0,4.61,4.64,4.58,4.63,True,中国西电,False
2023-11-21,5.364,5.384,5.344,5.344,194149.0,89696838.0,4.64,4.66,4.62,4.62,True,中国西电,False
2023-11-22,5.344,5.354,5.264,5.264,169167.0,76801818.0,4.62,4.63,4.54,4.54,True,中国西电,False
2023-11-23,5.254,5.284,5.234,5.274,178904.0,81401320.0,4.53,4.56,4.51,4.55,True,中国西电,False
2023-11-24,5.274,5.274,5.214,5.224,141796.0,63808200.0,4.55,4.55,4.49,4.5,True,中国西电,False
2023-11-27,5.224,5.374,5.214,5.294,323454.0,147818478.0,4.5,4.65,4.49,4.57,True,中国西电,False
2023-11-28,5.274,5.324,5.264,5.304,155987.0,71442046.0,4.55,4.6,4.54,4.58,True,中国西电,False
2023-11-29,5.304,5.344,5.274,5.324,177404.0,81605840.0,4.58,4.62,4.55,4.6,True,中国西电,False
2023-11-30,5.294,5.344,5.284,5.334,137317.0,63303137.00000001,4.57,4.62,4.56,4.61,True,中国西电,False
2023-12-01,5.314,5.334,5.274,5.324,173789.0,79942940.0,4.59,4.61,4.55,4.6,True,中国西电,False
2023-12-04,5.324,5.394,5.314,5.374,243161.0,113069865.0,4.6,4.67,4.59,4.65,True,中国西电,False
2023-12-05,5.364,5.384,5.324,5.334,163380.0,75318180.0,4.64,4.66,4.6,4.61,True,中国西电,False
2023-12-06,5.294,5.324,5.264,5.274,166288.0,75661040.0,4.57,4.6,4.54,4.55,True,中国西电,False
2023-12-07,5.264,5.264,5.204,5.224,155263.0,69868350.0,4.54,4.54,4.48,4.5,True,中国西电,False
2023-12-08,5.234,5.284,5.174,5.194,230469.0,103019643.0,4.51,4.56,4.45,4.47,True,中国西电,False
2023-12-11,5.174,5.244,5.104,5.234,249883.0,112697233.0,4.45,4.52,4.38,4.51,True,中国西电,False
2023-12-12,5.224,5.264,5.204,5.254,134566.0,60958398.0,4.5,4.54,4.48,4.53,True,中国西电,False
2023-12-13,5.254,5.284,5.234,5.244,123427.0,55789003.99999999,4.53,4.56,4.51,4.52,True,中国西电,False
2023-12-14,5.264,5.374,5.244,5.304,267929.0,122711482.0,4.54,4.65,4.52,4.58,True,中国西电,False
2023-12-15,5.304,5.394,5.294,5.344,329244.0,152110728.0,4.58,4.67,4.57,4.62,True,中国西电,False
2023-12-18,5.394,5.394,5.304,5.344,255641.0,118106142.0,4.67,4.67,4.58,4.62,True,中国西电,False
2023-12-19,5.334,5.434,5.314,5.414,303469.0,142326961.0,4.61,4.71,4.59,4.69,True,中国西电,False
2023-12-20,5.414,5.554,5.414,5.514,489535.0,234487265.0,4.69,4.83,4.69,4.79,True,中国西电,False
2023-12-21,5.514,5.604,5.474,5.594,363232.0,176893984.0,4.79,4.88,4.75,4.87,True,中国西电,False
2023-12-22,5.604,5.654,5.574,5.634,405945.0,199318995.0,4.88,4.93,4.85,4.91,True,中国西电,False
2023-12-25,5.634,5.664,5.554,5.624,218348.0,106990520.0,4.91,4.94,4.83,4.9,True,中国西电,False
2023-12-26,5.604,5.654,5.544,5.564,197781.0,95726004.0,4.88,4.93,4.82,4.84,True,中国西电,False
2023-12-27,5.564,5.614,5.514,5.594,163747.0,79744789.0,4.84,4.89,4.79,4.87,True,中国西电,False
2023-12-28,5.594,5.644,5.564,5.614,168623.0,82456647.0,4.87,4.92,4.84,4.89,True,中国西电,False
2023-12-29,5.614,5.664,5.604,5.654,169989.0,83804577.0,4.89,4.94,4.88,4.93,True,中国西电,False
2024-01-02,5.644,5.734,5.634,5.714,217715.0,108639785.0,4.92,5.01,4.91,4.99,True,中国西电,False
2024-01-03,5.714,5.934,5.704,5.864,496528.0,255215392.0,4.99,5.21,4.98,5.14,True,中国西电,False
2024-01-04,5.844,5.924,5.804,5.824,235487.0,120098370.0,5.12,5.2,5.08,5.1,True,中国西电,False
2024-01-05,5.814,5.914,5.754,5.774,202936.0,102482680.0,5.09,5.19,5.03,5.05,True,中国西电,False
2024-01-08,5.774,5.844,5.724,5.794,251979.0,127753353.0,5.05,5.12,5.0,5.07,True,中国西电,False
2024-01-09,5.794,5.814,5.724,5.764,205241.0,103441464.0,5.07,5.09,5.0,5.04,True,中国西电,False
2024-01-10,5.774,5.794,5.694,5.734,161194.0,80758194.0,5.05,5.07,4.97,5.01,True,中国西电,False
2024-01-11,5.724,5.754,5.684,5.724,142520.0,71260000.0,5.0,5.03,4.96,5.0,True,中国西电,False
2024-01-12,5.724,5.854,5.714,5.804,187420.0,95209360.0,5.0,5.13,4.99,5.08,True,中国西电,False
2024-01-15,5.794,5.954,5.774,5.924,327664.0,170385280.0,5.07,5.23,5.05,5.2,True,中国西电,False
2024-01-16,5.924,5.974,5.864,5.934,220067.0,114654907.0,5.2,5.25,5.14,5.21,True,中国西电,False
2024-01-17,5.934,5.984,5.864,5.884,201168.0,103802688.0,5.21,5.26,5.14,5.16,True,中国西电,False
2024-01-18,5.864,5.864,5.654,5.804,324074.0,164629592.0,5.14,5.14,4.93,5.08,True,中国西电,False
2024-01-19,5.804,5.804,5.704,5.744,155616.0,78119232.0,5.08,5.08,4.98,5.02,True,中国西电,False
2024-01-22,5.724,5.754,5.494,5.544,282531.0,136179942.0,5.0,5.03,4.77,4.82,True,中国西电,False
2024-01-23,5.534,5.664,5.384,5.534,287290.0,138186490.0,4.81,4.94,4.66,4.81,True,中国西电,False
2024-01-24,5.564,5.764,5.524,5.754,348694.0,175393082.0,4.84,5.04,4.8,5.03,True,中国西电,False
2024-01-25,5.744,6.014,5.724,5.994,590323.0,311100221.0,5.02,5.29,5.0,5.27,True,中国西电,False
2024-01-26,5.984,5.984,5.904,5.954,254015.0,132849845.0,5.26,5.26,5.18,5.23,True,中国西电,False
2024-01-29,5.994,6.074,5.964,5.974,437318.0,229591950.0,5.27,5.35,5.24,5.25,True,中国西电,False
2024-01-30,5.944,5.984,5.854,5.864,246942.0,126928188.0,5.22,5.26,5.13,5.14,True,中国西电,False
2024-01-31,5.814,5.944,5.764,5.824,256194.0,130658940.0,5.09,5.22,5.04,5.1,True,中国西电,False
2024-02-01,5.774,5.804,5.624,5.644,350288.0,172341696.0,5.05,5.08,4.9,4.92,True,中国西电,False
2024-02-02,5.634,5.714,5.424,5.584,353034.0,171574524.0,4.91,4.99,4.7,4.86,True,中国西电,False
2024-02-05,5.524,5.584,5.174,5.444,514498.0,242843056.0,4.8,4.86,4.45,4.72,True,中国西电,False
2024-02-06,5.334,5.914,5.314,5.884,529883.0,273419628.0,4.61,5.19,4.59,5.16,True,中国西电,False
2024-02-07,5.964,6.064,5.884,6.054,715333.0,381272489.0,5.24,5.34,5.16,5.33,True,中国西电,False
2024-02-08,6.064,6.184,5.934,5.974,643067.0,337610175.0,5.34,5.46,5.21,5.25,True,中国西电,False
2024-02-19,6.054,6.054,5.864,5.974,440173.0,231090825.0,5.33,5.33,5.14,5.25,True,中国西电,False
2024-02-20,5.964,6.024,5.894,6.004,294989.0,155754192.0,5.24,5.3,5.17,5.28,True,中国西电,False
2024-02-21,5.994,6.074,5.934,5.954,456318.0,238654314.00000003,5.27,5.35,5.21,5.23,True,中国西电,False
2024-02-22,5.924,5.984,5.894,5.944,292440.0,152653680.0,5.2,5.26,5.17,5.22,True,中国西电,False
2024-02-23,5.974,6.074,5.924,5.994,335295.0,176700465.0,5.25,5.35,5.2,5.27,True,中国西电,False
2024-02-26,6.024,6.094,5.974,6.054,454051.0,242009183.0,5.3,5.37,5.25,5.33,True,中国西电,False
2024-02-27,5.994,6.084,5.994,6.084,286990.0,153826640.0,5.27,5.36,5.27,5.36,True,中国西电,False
2024-02-28,6.064,6.104,5.914,5.924,541302.0,281477040.0,5.34,5.38,5.19,5.2,True,中国西电,False
2024-02-29,5.894,6.094,5.894,6.094,370358.0,198882246.0,5.17,5.37,5.17,5.37,True,中国西电,False
2024-03-01,6.084,6.184,6.074,6.124,371144.0,200417760.0,5.36,5.46,5.35,5.4,True,中国西电,False
2024-03-04,6.144,6.394,6.124,6.334,751159.0,421400199.0,5.42,5.67,5.4,5.61,True,中国西电,False
2024-03-05,6.284,6.404,6.254,6.324,466260.0,261105600.0,5.56,5.68,5.53,5.6,True,中国西电,False
2024-03-06,6.334,6.574,6.284,6.454,746873.0,427958229.00000006,5.61,5.85,5.56,5.73,True,中国西电,False
2024-03-07,6.424,6.434,6.254,6.264,523579.0,290062766.0,5.7,5.71,5.53,5.54,True,中国西电,False
2024-03-08,6.314,6.344,6.244,6.314,339328.0,189684352.0,5.59,5.62,5.52,5.59,True,中国西电,False
2024-03-11,6.354,6.444,6.334,6.414,498904.0,283876376.0,5.63,5.72,5.61,5.69,True,中国西电,False
2024-03-12,6.434,6.444,6.194,6.224,535854.0,294719700.0,5.71,5.72,5.47,5.5,True,中国西电,False
2024-03-13,6.244,6.274,6.214,6.224,292370.0,160803500.0,5.52,5.55,5.49,5.5,True,中国西电,False
2024-03-14,6.204,6.234,6.164,6.204,313244.0,171657712.0,5.48,5.51,5.44,5.48,True,中国西电,False
2024-03-15,6.194,6.284,6.184,6.254,352105.0,194714065.0,5.47,5.56,5.46,5.53,True,中国西电,False
2024-03-18,6.284,6.464,6.274,6.404,479983.0,272630344.0,5.56,5.74,5.55,5.68,True,中国西电,False
2024-03-19,6.374,6.424,6.304,6.324,358177.0,200579120.0,5.65,5.7,5.58,5.6,True,中国西电,False
2024-03-20,6.324,6.364,6.244,6.264,329210.0,182382340.0,5.6,5.64,5.52,5.54,True,中国西电,False
2024-03-21,6.284,6.294,6.184,6.214,320797.0,176117553.0,5.56,5.57,5.46,5.49,True,中国西电,False
2024-03-22,6.214,6.224,6.144,6.164,229071.0,124614624.0,5.49,5.5,5.42,5.44,True,中国西电,False
2024-03-25,6.134,6.234,6.104,6.134,227843.0,123263063.0,5.41,5.51,5.38,5.41,True,中国西电,False
2024-03-26,6.134,6.164,6.084,6.124,223206.0,120531240.0,5.41,5.44,5.36,5.4,True,中国西电,False
2024-03-27,6.124,6.144,6.004,6.014,207432.0,109731528.0,5.4,5.42,5.28,5.29,True,中国西电,False
2024-03-28,6.004,6.144,6.004,6.094,259479.0,139340223.0,5.28,5.42,5.28,5.37,True,中国西电,False
2024-03-29,6.104,6.264,6.084,6.224,306721.0,168696550.0,5.38,5.54,5.36,5.5,True,中国西电,False
2024-04-01,6.224,6.254,6.154,6.214,313405.0,172059345.0,5.5,5.53,5.43,5.49,True,中国西电,False
2024-04-02,6.214,6.234,6.124,6.184,258147.0,140948262.0,5.49,5.51,5.4,5.46,True,中国西电,False
2024-04-03,6.184,6.184,6.124,6.134,189980.0,102779180.0,5.46,5.46,5.4,5.41,True,中国西电,False
2024-04-08,6.114,6.304,6.074,6.224,429419.0,236180450.0,5.39,5.58,5.35,5.5,True,中国西电,False
2024-04-09,6.224,6.234,6.114,6.164,274840.0,149512960.0,5.5,5.51,5.39,5.44,True,中国西电,False
2024-04-10,6.174,6.264,6.154,6.204,355880.0,195022240.00000003,5.45,5.54,5.43,5.48,True,中国西电,False
2024-04-11,6.404,6.754,6.404,6.754,1255829.0,757264887.0,5.68,6.03,5.68,6.03,True,中国西电,False
2024-04-12,6.974,7.354,6.884,7.354,3093188.0,2050783644.0,6.25,6.63,6.16,6.63,True,中国西电,False
2024-04-15,7.704,8.014,7.084,7.764,4464174.0,3142778496.0,6.98,7.29,6.36,7.04,True,中国西电,False
2024-04-16,7.534,8.454,7.484,8.224,4876325.0,3657243750.0,6.81,7.73,6.76,7.5,True,中国西电,False
2024-04-17,7.994,8.424,7.624,8.424,4152795.0,3197652150.0,7.27,7.7,6.9,7.7,True,中国西电,False
2024-04-18,8.254,9.194,8.244,8.954,4970066.0,4090364318.0,7.53,8.47,7.52,8.23,True,中国西电,False
2024-04-19,8.724,9.134,8.654,8.834,3831180.0,3107086980.0,8.0,8.41,7.93,8.11,True,中国西电,False
2024-04-22,8.894,9.174,8.434,8.554,3678034.0,2879900622.0,8.17,8.45,7.71,7.83,True,中国西电,False
2024-04-23,8.424,8.624,8.234,8.454,3483686.0,2692889278.0,7.7,7.9,7.51,7.73,True,中国西电,False
2024-04-24,8.624,8.624,8.174,8.394,3707740.0,2843836580.0,7.9,7.9,7.45,7.67,True,中国西电,False
2024-04-25,8.274,8.454,8.114,8.174,3126013.0,2328879685.0,7.55,7.73,7.39,7.45,True,中国西电,False
2024-04-26,8.134,8.344,8.084,8.204,3107695.0,2324555860.0,7.41,7.62,7.36,7.48,True,中国西电,False
2024-04-29,8.124,8.264,8.014,8.104,3202033.0,2363100354.0,7.4,7.54,7.29,7.38,True,中国西电,False
2024-04-30,8.104,8.314,7.714,7.794,3958170.0,2798426190.0,7.38,7.59,6.99,7.07,True,中国西电,False
2024-05-06,7.824,7.934,7.784,7.904,2485238.0,1784400884.0,7.1,7.21,7.06,7.18,True,中国西电,False
2024-05-07,7.844,8.024,7.844,7.914,2115546.0,1521077574.0,7.12,7.3,7.12,7.19,True,中国西电,False
2024-05-08,7.914,8.054,7.874,8.024,2551125.0,1862321250.0,7.19,7.33,7.15,7.3,True,中国西电,False
2024-05-09,8.024,8.094,7.804,7.904,2245520.0,1612283360.0,7.3,7.37,7.08,7.18,True,中国西电,False
2024-05-10,7.904,8.314,7.854,8.244,3779815.0,2842420880.0,7.18,7.59,7.13,7.52,True,中国西电,False
2024-05-13,8.264,8.774,8.114,8.734,4098782.0,3283124382.0,7.54,8.05,7.39,8.01,True,中国西电,False
2024-05-14,8.614,8.714,8.324,8.374,2967983.0,2270506995.0,7.89,7.99,7.6,7.65,True,中国西电,False
2024-05-15,8.274,8.304,7.684,7.724,3276669.0,2293668300.0,7.55,7.58,6.96,7.0,True,中国西电,False
2024-05-16,7.714,7.774,7.524,7.634,2120090.0,1464982190.0,6.99,7.05,6.8,6.91,True,中国西电,False
2024-05-17,7.574,7.694,7.484,7.574,1491853.0,1021919305.0,6.85,6.97,6.76,6.85,True,中国西电,False
2024-05-20,7.574,7.724,7.494,7.664,1542267.0,1070333298.0,6.85,7.0,6.77,6.94,True,中国西电,False
2024-05-21,7.664,7.724,7.584,7.624,1041666.0,718749540.0,6.94,7.0,6.86,6.9,True,中国西电,False
2024-05-22,7.614,7.654,7.524,7.554,920936.0,628999288.0,6.89,6.93,6.8,6.83,True,中国西电,False
2024-05-23,7.524,7.534,7.324,7.364,1233044.0,818741216.0,6.8,6.81,6.6,6.64,True,中国西电,False
2024-05-24,7.364,7.694,7.354,7.564,1847094.0,1263412296.0,6.64,6.97,6.63,6.84,True,中国西电,False
2024-05-27,7.534,7.804,7.524,7.694,1908371.0,1330134587.0,6.81,7.08,6.8,6.97,True,中国西电,False
2024-05-28,7.654,7.814,7.624,7.724,1470748.0,1029523600.0,6.93,7.09,6.9,7.0,True,中国西电,False
2024-05-29,7.634,7.774,7.544,7.664,1142306.0,792760364.0,6.91,7.05,6.82,6.94,True,中国西电,False
2024-05-30,7.804,7.804,7.504,7.534,951064.0,647674584.0,7.08,7.08,6.78,6.81,True,中国西电,False
2024-05-31,7.524,7.564,7.424,7.504,832173.0,564213294.0,6.8,6.84,6.7,6.78,True,中国西电,False
2024-06-03,7.504,7.554,7.374,7.504,698339.0,473473842.0,6.78,6.83,6.65,6.78,True,中国西电,False
2024-06-04,7.514,8.184,7.504,8.184,2287315.0,1706336990.0,6.79,7.46,6.78,7.46,True,中国西电,False
2024-06-05,8.324,8.414,8.154,8.184,2627510.0,1960122460.0,7.6,7.69,7.43,7.46,True,中国西电,False
2024-06-06,8.174,8.214,7.934,7.974,1769332.0,1282765700.0,7.45,7.49,7.21,7.25,True,中国西电,False
2024-06-07,8.014,8.064,7.864,7.984,1158855.0,841328730.0,7.29,7.34,7.14,7.26,True,中国西电,False
2024-06-11,7.984,8.054,7.754,7.824,995952.0,707125920.0,7.26,7.33,7.03,7.1,True,中国西电,False
2024-06-12,7.774,7.974,7.654,7.934,1184987.0,854375627.0,7.05,7.25,6.93,7.21,True,中国西电,False
2024-06-13,7.874,8.174,7.814,7.974,1471826.0,1067073850.0,7.15,7.45,7.09,7.25,True,中国西电,False
2024-06-14,7.984,8.184,7.944,8.134,1407552.0,1042996032.0,7.26,7.46,7.22,7.41,True,中国西电,False
2024-06-17,8.024,8.604,7.994,8.424,1672882.0,1288119140.0,7.3,7.88,7.27,7.7,True,中国西电,False
2024-06-18,8.344,8.604,8.244,8.524,1231816.0,960816480.0,7.62,7.88,7.52,7.8,True,中国西电,False
2024-06-19,8.534,8.584,8.274,8.304,1041637.0,789560846.0,7.81,7.86,7.55,7.58,True,中国西电,False
2024-06-20,8.244,8.474,8.204,8.364,899960.0,687569440.0,7.52,7.75,7.48,7.64,True,中国西电,False
2024-06-21,8.254,8.494,8.224,8.354,632048.0,482252624.0,7.53,7.77,7.5,7.63,True,中国西电,False
2024-06-24,8.284,8.444,8.244,8.254,695309.0,523567677.0,7.56,7.72,7.52,7.53,True,中国西电,False
2024-06-25,8.204,8.324,8.074,8.144,683919.0,507467898.0,7.48,7.6,7.35,7.42,True,中国西电,False
2024-06-26,8.134,8.254,8.004,8.214,617106.0,462212394.0,7.41,7.53,7.28,7.49,True,中国西电,False
2024-06-27,8.214,8.214,7.934,8.034,579135.0,423347685.0,7.49,7.49,7.21,7.31,True,中国西电,False
2024-06-28,8.004,8.764,7.984,8.764,2020797.0,1624720787.9999998,7.28,8.04,7.26,8.04,True,中国西电,False
2024-07-01,8.784,8.874,8.624,8.824,1497207.0,1212737670.0,8.06,8.15,7.9,8.1,True,中国西电,False
2024-07-02,8.784,8.824,8.424,8.564,1401777.0,1098993168.0,8.06,8.1,7.7,7.84,True,中国西电,False
2024-07-03,8.564,8.574,8.274,8.314,777655.0,590240145.0,7.84,7.85,7.55,7.59,True,中国西电,False
2024-07-04,8.314,8.774,8.304,8.594,1510672.0,1188898864.0,7.59,8.05,7.58,7.87,True,中国西电,False
2024-07-05,8.564,8.694,8.374,8.534,940166.0,734269646.0,7.84,7.97,7.65,7.81,True,中国西电,False
2024-07-08,8.524,8.774,8.384,8.504,1114997.0,867467666.0,7.8,8.05,7.66,7.78,True,中国西电,False
2024-07-09,8.474,8.774,8.354,8.774,1640020.0,1320216100.0,7.75,8.05,7.63,8.05,True,中国西电,False
2024-07-10,8.734,8.814,8.444,8.504,1345258.0,1046610724.0,8.01,8.09,7.72,7.78,True,中国西电,False
2024-07-11,8.56,8.6,8.3,8.53,1121795.0,868269330.0,7.77,7.81,7.51,7.74,True,中国西电,False
2024-07-12,8.41,8.5,8.31,8.34,726173.0,548260615.0,7.62,7.71,7.52,7.55,True,中国西电,False
2024-07-15,8.27,8.27,7.76,7.81,1440910.0,1011518820.0,7.48,7.48,6.97,7.02,True,中国西电,False
2024-07-16,7.73,7.88,7.58,7.82,1020553.0,717448759.0,6.94,7.09,6.79,7.03,True,中国西电,False
2024-07-17,7.76,7.76,7.56,7.56,870683.0,589452391.0,6.97,6.97,6.77,6.77,True,中国西电,False
2024-07-18,7.51,7.72,7.42,7.65,831671.0,570526306.0,6.72,6.93,6.63,6.86,True,中国西电,False
2024-07-19,7.62,7.7,7.54,7.58,589082.0,399986678.0,6.83,6.91,6.75,6.79,True,中国西电,False
2024-07-22,7.53,7.82,7.51,7.68,747662.0,515139118.0,6.74,7.03,6.72,6.89,True,中国西电,False
2024-07-23,7.64,7.91,7.55,7.59,826631.0,562109080.0,6.85,7.12,6.76,6.8,True,中国西电,False
2024-07-24,7.52,7.64,7.47,7.48,540105.0,361330245.0,6.73,6.85,6.68,6.69,True,中国西电,False
2024-07-25,7.45,7.56,7.26,7.48,682640.0,456686160.0,6.66,6.77,6.47,6.69,True,中国西电,False
2024-07-26,7.48,7.88,7.44,7.81,1159376.0,813881952.0,6.69,7.09,6.65,7.02,True,中国西电,False
2024-07-29,7.99,8.09,7.87,7.91,936439.0,666744568.0,7.2,7.3,7.08,7.12,True,中国西电,False
2024-07-30,7.95,8.0,7.72,7.85,624556.0,440936536.0,7.16,7.21,6.93,7.06,True,中国西电,False
2024-07-31,7.85,8.02,7.72,7.95,741118.0,530640488.0,7.06,7.23,6.93,7.16,True,中国西电,False
2024-08-01,7.93,8.09,7.89,7.98,566379.0,407226501.0,7.14,7.3,7.1,7.19,True,中国西电,False
2024-08-02,7.93,8.05,7.86,7.88,479022.0,339626598.0,7.14,7.26,7.07,7.09,True,中国西电,False
2024-08-05,7.86,7.92,7.64,7.65,522814.0,358650404.0,7.07,7.13,6.85,6.86,True,中国西电,False
2024-08-06,7.75,7.79,7.56,7.73,433382.0,300767108.0,6.96,7.0,6.77,6.94,True,中国西电,False
2024-08-07,7.75,8.18,7.74,8.02,1052965.0,761293695.0,6.96,7.39,6.95,7.23,True,中国西电,False
2024-08-08,7.97,8.0,7.75,7.78,652338.0,455984262.0,7.18,7.21,6.96,6.99,True,中国西电,False
2024-08-09,7.79,7.95,7.71,7.73,381155.0,264521570.0,7.0,7.16,6.92,6.94,True,中国西电,False
2024-08-12,7.8,7.88,7.73,7.85,472542.0,333614652.0,7.01,7.09,6.94,7.06,True,中国西电,False
2024-08-13,7.84,8.13,7.82,7.94,608770.0,435270550.0,7.05,7.34,7.03,7.15,True,中国西电,False
2024-08-14,7.95,8.03,7.82,7.82,441762.0,310558686.0,7.16,7.24,7.03,7.03,True,中国西电,False
2024-08-15,7.77,7.86,7.72,7.79,426024.0,298216800.0,6.98,7.07,6.93,7.0,True,中国西电,False
2024-08-16,7.78,7.79,7.56,7.64,572137.0,391913845.0,6.99,7.0,6.77,6.85,True,中国西电,False
2024-08-19,7.6,7.74,7.56,7.71,372294.0,257627448.0,6.81,6.95,6.77,6.92,True,中国西电,False
2024-08-20,7.69,7.72,7.44,7.51,407478.0,273825216.0,6.9,6.93,6.65,6.72,True,中国西电,False
2024-08-21,7.48,7.53,7.44,7.47,259730.0,173499640.0,6.69,6.74,6.65,6.68,True,中国西电,False
2024-08-22,7.52,7.64,7.46,7.54,354181.0,239072175.0,6.73,6.85,6.67,6.75,True,中国西电,False
2024-08-23,7.49,7.61,7.37,7.43,349888.0,232325632.0,6.7,6.82,6.58,6.64,True,中国西电,False
2024-08-26,7.42,7.49,7.33,7.46,286766.0,191272922.0,6.63,6.7,6.54,6.67,True,中国西电,False
2024-08-27,7.43,7.45,7.24,7.28,340459.0,220957891.0,6.64,6.66,6.45,6.49,True,中国西电,False
2024-08-28,7.27,7.37,7.19,7.21,293594.0,188487348.0,6.48,6.58,6.4,6.42,True,中国西电,False
2024-08-29,7.18,7.36,7.09,7.33,432150.0,282626100.0,6.39,6.57,6.3,6.54,True,中国西电,False
2024-08-30,7.4,7.88,7.37,7.7,998652.0,690068532.0,6.61,7.09,6.58,6.91,True,中国西电,False
2024-09-02,7.7,7.86,7.65,7.75,575135.0,400293960.0,6.91,7.07,6.86,6.96,True,中国西电,False
2024-09-03,7.78,8.02,7.76,7.97,745283.0,535113194.0,6.99,7.23,6.97,7.18,True,中国西电,False
2024-09-04,7.96,8.09,7.78,7.94,519151.0,371192965.0,7.17,7.3,6.99,7.15,True,中国西电,False
2024-09-05,7.94,7.99,7.77,7.78,381137.0,266414763.0,7.15,7.2,6.98,6.99,True,中国西电,False
2024-09-06,7.78,7.82,7.7,7.71,226401.0,156669492.0,6.99,7.03,6.91,6.92,True,中国西电,False
2024-09-09,7.7,7.77,7.64,7.68,231313.0,159374657.0,6.91,6.98,6.85,6.89,True,中国西电,False
2024-09-10,7.71,7.84,7.64,7.73,355978.0,247048732.0,6.92,7.05,6.85,6.94,True,中国西电,False
2024-09-11,7.69,7.83,7.63,7.65,308329.0,211513694.0,6.9,7.04,6.84,6.86,True,中国西电,False
2024-09-12,7.64,7.83,7.62,7.76,407045.0,283710365.0,6.85,7.04,6.83,6.97,True,中国西电,False
2024-09-13,7.76,7.98,7.67,7.88,593913.0,421084317.0,6.97,7.19,6.88,7.09,True,中国西电,False
2024-09-18,7.86,8.18,7.8,8.05,698457.0,507079782.0,7.07,7.39,7.01,7.26,True,中国西电,False
2024-09-19,8.01,8.11,7.92,8.07,499122.0,363360816.0,7.22,7.32,7.13,7.28,True,中国西电,False
2024-09-20,8.06,8.1,7.9,7.92,435586.0,310572818.0,7.27,7.31,7.11,7.13,True,中国西电,False
2024-09-23,7.91,8.07,7.9,7.92,332219.0,236872147.0,7.12,7.28,7.11,7.13,True,中国西电,False
2024-09-24,7.96,8.06,7.78,8.03,577169.0,417870356.0,7.17,7.27,6.99,7.24,True,中国西电,False
2024-09-25,8.08,8.48,8.02,8.24,799889.0,595917305.0,7.29,7.69,7.23,7.45,True,中国西电,False
2024-09-26,8.22,8.25,8.02,8.21,823199.0,610813658.0,7.43,7.46,7.23,7.42,True,中国西电,False
2024-09-27,8.21,8.95,8.21,8.92,953029.0,774812577.0000001,7.42,8.16,7.42,8.13,True,中国西电,False
2024-09-30,9.09,9.57,8.88,9.5,1616657.0,1408108247.0000002,8.3,8.78,8.09,8.71,True,中国西电,False
2024-10-08,10.29,10.33,8.91,9.28,2680837.0,2276030613.0,9.5,9.54,8.12,8.49,True,中国西电,False
2024-10-09,9.12,9.52,8.71,9.04,1612904.0,1330645800.0,8.33,8.73,7.92,8.25,True,中国西电,False
2024-10-10,9.07,9.58,8.84,9.26,1709354.0,1447822838.0,8.28,8.79,8.05,8.47,True,中国西电,False
2024-10-11,9.19,9.2,8.64,8.77,976021.0,778864758.0,8.4,8.41,7.85,7.98,True,中国西电,False
2024-10-14,8.78,8.96,8.61,8.86,863223.0,696620961.0,7.99,8.17,7.82,8.07,True,中国西电,False
2024-10-15,8.81,8.81,8.46,8.49,975050.0,750788500.0,8.02,8.02,7.67,7.7,True,中国西电,False
2024-10-16,8.39,8.58,8.31,8.38,719924.0,546422316.0,7.6,7.79,7.52,7.59,True,中国西电,False
2024-10-17,8.42,8.55,8.36,8.39,633596.0,481532960.0,7.63,7.76,7.57,7.6,True,中国西电,False
2024-10-18,8.34,8.89,8.29,8.76,1320977.0,1052818669.0,7.55,8.1,7.5,7.97,True,中国西电,False
2024-10-21,8.77,8.84,8.57,8.74,800416.0,636330720.0,7.98,8.05,7.78,7.95,True,中国西电,False
2024-10-22,8.69,8.94,8.66,8.9,756003.0,613118433.0,7.9,8.15,7.87,8.11,True,中国西电,False
2024-10-23,8.91,9.02,8.77,8.8,735773.0,589354173.0,8.12,8.23,7.98,8.01,True,中国西电,False
2024-10-24,8.75,8.87,8.64,8.76,457672.0,364764584.0,7.96,8.08,7.85,7.97,True,中国西电,False
2024-10-25,8.745,8.805,8.575,8.625,659681.0,514551180.0,7.92,7.98,7.75,7.8,True,中国西电,False
2024-10-28,8.575,8.795,8.515,8.685,554839.0,436103454.0,7.75,7.97,7.69,7.86,True,中国西电,False
2024-10-29,8.695,8.915,8.685,8.715,654064.0,516056496.0,7.87,8.09,7.86,7.89,True,中国西电,False
2024-10-30,8.945,9.505,8.945,9.315,2427451.0,2060905899.0,8.12,8.68,8.12,8.49,True,中国西电,False
2024-10-31,9.275,9.275,8.885,9.075,2243874.0,1851196050.0,8.45,8.45,8.06,8.25,True,中国西电,False
2024-11-01,9.075,9.725,8.865,9.495,2282304.0,1978757568.0,8.25,8.9,8.04,8.67,True,中国西电,False
2024-11-04,9.515,9.775,9.385,9.505,1280182.0,1111197976.0,8.69,8.95,8.56,8.68,True,中国西电,False
2024-11-05,9.465,9.605,9.405,9.555,1227977.0,1072023921.0,8.64,8.78,8.58,8.73,True,中国西电,False
2024-11-06,9.565,9.655,9.325,9.475,1056077.0,913506605.0,8.74,8.83,8.5,8.65,True,中国西电,False
2024-11-07,9.415,9.675,9.375,9.625,1037174.0,912713120.0,8.59,8.85,8.55,8.8,True,中国西电,False
2024-11-08,9.615,10.075,9.615,9.835,1220609.0,1099768709.0,8.79,9.25,8.79,9.01,True,中国西电,False
2024-11-11,9.745,9.745,9.425,9.525,1131764.0,984634680.0,8.92,8.92,8.6,8.7,True,中国西电,False
2024-11-12,9.495,9.575,9.245,9.325,896122.0,761703700.0,8.67,8.75,8.42,8.5,True,中国西电,False
2024-11-13,9.235,9.505,9.215,9.445,726332.0,626098184.0,8.41,8.68,8.39,8.62,True,中国西电,False
2024-11-14,9.405,9.645,9.175,9.215,655463.0,549933457.0,8.58,8.82,8.35,8.39,True,中国西电,False
2024-11-15,9.175,9.215,8.985,8.995,595119.0,486212223.0,8.35,8.39,8.16,8.17,True,中国西电,False
2024-11-18,8.995,9.155,8.845,8.915,582156.0,470964204.0,8.17,8.33,8.02,8.09,True,中国西电,False
2024-11-19,8.925,8.985,8.785,8.925,476201.0,385722810.0,8.1,8.16,7.96,8.1,True,中国西电,False
2024-11-20,8.975,8.975,8.835,8.915,418644.0,338682996.0,8.15,8.15,8.01,8.09,True,中国西电,False
2024-11-21,8.925,9.025,8.865,8.915,478648.0,387226232.0,8.1,8.2,8.04,8.09,True,中国西电,False
2024-11-22,8.915,8.935,8.555,8.555,604126.0,466989398.0,8.09,8.11,7.73,7.73,True,中国西电,False
2024-11-25,8.555,8.595,8.355,8.435,454601.0,345951361.0,7.73,7.77,7.53,7.61,True,中国西电,False
2024-11-26,8.405,8.525,8.395,8.405,317355.0,240555090.0,7.58,7.7,7.57,7.58,True,中国西电,False
2024-11-27,8.435,8.535,8.315,8.535,445046.0,343130466.0,7.61,7.71,7.49,7.71,True,中国西电,False
2024-11-28,8.535,8.545,8.415,8.415,358978.0,272464302.0,7.71,7.72,7.59,7.59,True,中国西电,False
2024-11-29,8.415,8.525,8.335,8.385,511498.0,386692488.0,7.59,7.7,7.51,7.56,True,中国西电,False
2024-12-02,8.395,8.525,8.385,8.485,549571.0,420971386.0,7.57,7.7,7.56,7.66,True,中国西电,False
2024-12-03,8.505,8.785,8.495,8.695,854524.0,672510388.0,7.68,7.96,7.67,7.87,True,中国西电,False
2024-12-04,8.695,8.715,8.535,8.565,497687.0,385209738.0,7.87,7.89,7.71,7.74,True,中国西电,False
2024-12-05,8.565,8.625,8.405,8.505,516002.0,396289536.0,7.74,7.8,7.58,7.68,True,中国西电,False
2024-12-06,8.495,8.565,8.435,8.555,369213.0,285401649.0,7.67,7.74,7.61,7.73,True,中国西电,False
2024-12-09,8.545,8.745,8.505,8.635,601320.0,469630920.0,7.72,7.92,7.68,7.81,True,中国西电,False
2024-12-10,8.785,8.835,8.525,8.545,683885.0,527959220.0,7.96,8.01,7.7,7.72,True,中国西电,False
2024-12-11,8.555,8.625,8.515,8.555,345363.0,266965599.0,7.73,7.8,7.69,7.73,True,中国西电,False
2024-12-12,8.555,8.565,8.465,8.555,429082.0,331680386.0,7.73,7.74,7.64,7.73,True,中国西电,False
2024-12-13,8.515,8.595,8.455,8.465,566059.0,432469076.0,7.69,7.77,7.63,7.64,True,中国西电,False
2024-12-16,8.445,8.605,8.445,8.495,435053.0,333685651.0,7.62,7.78,7.62,7.67,True,中国西电,False
2024-12-17,8.505,8.645,8.465,8.525,603976.0,465061520.0,7.68,7.82,7.64,7.7,True,中国西电,False
2024-12-18,8.605,8.835,8.565,8.625,938787.0,732253860.0,7.78,8.01,7.74,7.8,True,中国西电,False
2024-12-19,8.585,8.585,8.365,8.495,661981.0,507739427.0,7.76,7.76,7.54,7.67,True,中国西电,False
2024-12-20,8.445,8.645,8.395,8.585,560019.0,434574744.0,7.62,7.82,7.57,7.76,True,中国西电,False
2024-12-23,8.575,8.745,8.555,8.595,633324.0,492092748.0,7.75,7.92,7.73,7.77,True,中国西电,False
2024-12-24,8.595,8.805,8.575,8.795,665849.0,530681653.0,7.77,7.98,7.75,7.97,True,中国西电,False
2024-12-25,8.805,8.845,8.685,8.715,375444.0,296225316.0,7.98,8.02,7.86,7.89,True,中国西电,False
2024-12-26,8.685,8.705,8.555,8.575,447047.0,346461425.0,7.86,7.88,7.73,7.75,True,中国西电,False
2024-12-27,8.555,8.765,8.545,8.705,495885.0,390757380.0,7.73,7.94,7.72,7.88,True,中国西电,False
2024-12-30,8.705,8.815,8.525,8.535,543241.0,418838811.0,7.88,7.99,7.7,7.71,True,中国西电,False
2024-12-31,8.525,8.565,8.385,8.415,406490.0,308525910.0,7.7,7.74,7.56,7.59,True,中国西电,False
2025-01-02,8.425,8.435,7.925,7.985,683479.0,489370964.0,7.6,7.61,7.1,7.16,True,中国西电,False
2025-01-03,7.955,8.045,7.825,7.855,411651.0,289390653.0,7.13,7.22,7.0,7.03,True,中国西电,False
2025-01-06,7.865,7.985,7.785,7.975,378147.0,270375105.0,7.04,7.16,6.96,7.15,True,中国西电,False
2025-01-07,7.985,8.015,7.825,7.925,319216.0,226643360.0,7.16,7.19,7.0,7.1,True,中国西电,False
2025-01-08,7.925,8.045,7.805,8.015,420271.0,302174849.0,7.1,7.22,6.98,7.19,True,中国西电,False
2025-01-09,7.985,8.025,7.935,7.955,228736.0,163088768.0,7.16,7.2,7.11,7.13,True,中国西电,False
2025-01-10,7.975,7.985,7.845,7.845,242107.0,169959114.0,7.15,7.16,7.02,7.02,True,中国西电,False
2025-01-13,7.795,7.855,7.705,7.725,293589.0,202576410.0,6.97,7.03,6.88,6.9,True,中国西电,False
2025-01-14,7.755,8.095,7.735,8.085,496316.0,360325416.0,6.93,7.27,6.91,7.26,True,中国西电,False
2025-01-15,8.065,8.085,7.945,7.975,278050.0,198805750.0,7.24,7.26,7.12,7.15,True,中国西电,False
2025-01-16,8.005,8.115,7.975,8.015,300651.0,216168069.0,7.18,7.29,7.15,7.19,True,中国西电,False
2025-01-17,7.985,8.125,7.955,8.095,263880.0,191840760.0,7.16,7.3,7.13,7.27,True,中国西电,False
2025-01-20,8.105,8.255,8.075,8.165,259198.0,190251332.0,7.28,7.43,7.25,7.34,True,中国西电,False
2025-01-21,8.195,8.205,8.075,8.105,210744.0,153421632.0,7.37,7.38,7.25,7.28,True,中国西电,False
2025-01-22,8.135,8.215,8.085,8.175,251264.0,184679040.0,7.31,7.39,7.26,7.35,True,中国西电,False
2025-01-23,8.301,8.311,8.141,8.151,271447.0,198156310.0,7.45,7.46,7.29,7.3,True,中国西电,False
2025-01-24,8.171,8.291,8.131,8.241,247927.0,183218053.0,7.32,7.44,7.28,7.39,True,中国西电,False
2025-01-27,8.241,8.291,8.131,8.131,212423.0,154643944.0,7.39,7.44,7.28,7.28,True,中国西电,False
2025-02-05,8.151,8.161,7.951,8.031,344673.0,247475214.0,7.3,7.31,7.1,7.18,True,中国西电,False
2025-02-06,8.001,8.041,7.881,8.011,386144.0,276479104.0,7.15,7.19,7.03,7.16,True,中国西电,False
2025-02-07,8.011,8.151,7.951,8.081,339469.0,245436087.0,7.16,7.3,7.1,7.23,True,中国西电,False
2025-02-10,8.081,8.111,7.971,7.991,412382.0,294440748.0,7.23,7.26,7.12,7.14,True,中国西电,False
2025-02-11,7.991,8.021,7.921,7.961,307791.0,218839401.0,7.14,7.17,7.07,7.11,True,中国西电,False
2025-02-12,7.971,8.101,7.961,8.071,373045.0,269338490.0,7.12,7.25,7.11,7.22,True,中国西电,False
2025-02-13,7.951,7.951,7.751,7.761,737900.0,509888900.0,7.1,7.1,6.9,6.91,True,中国西电,False
2025-02-14,7.731,7.871,7.731,7.831,434338.0,303167924.0,6.88,7.02,6.88,6.98,True,中国西电,False
2025-02-17,7.831,7.911,7.761,7.871,425552.0,298737504.0,6.98,7.06,6.91,7.02,True,中国西电,False
2025-02-18,7.851,7.901,7.731,7.751,382544.0,263955360.0,7.0,7.05,6.88,6.9,True,中国西电,False
2025-02-19,7.731,7.831,7.701,7.781,346072.0,239827896.0,6.88,6.98,6.85,6.93,True,中国西电,False
2025-02-20,7.751,7.761,7.651,7.661,464326.0,316206006.0,6.9,6.91,6.8,6.81,True,中国西电,False
2025-02-21,7.661,8.091,7.651,7.991,1070239.0,764150646.0,6.81,7.24,6.8,7.14,True,中国西电,False
2025-02-24,8.111,8.191,7.881,7.931,618980.0,438237840.0,7.26,7.34,7.03,7.08,True,中国西电,False
2025-02-25,7.851,7.861,7.691,7.711,645583.0,442869938.0,7.0,7.01,6.84,6.86,True,中国西电,False
2025-02-26,7.781,7.851,7.721,7.751,406675.0,280605750.0,6.93,7.0,6.87,6.9,True,中国西电,False
2025-02-27,7.761,7.771,7.621,7.691,434122.0,296939448.0,6.91,6.92,6.77,6.84,True,中国西电,False
2025-02-28,7.691,7.771,7.601,7.601,453664.0,306223200.0,6.84,6.92,6.75,6.75,True,中国西电,False
2025-03-03,7.581,7.721,7.551,7.581,401150.0,269973950.0,6.73,6.87,6.7,6.73,True,中国西电,False
2025-03-04,7.561,7.651,7.531,7.581,253324.0,170487052.0,6.71,6.8,6.68,6.73,True,中国西电,False
2025-03-05,7.571,7.611,7.481,7.531,312569.0,208796092.0,6.72,6.76,6.63,6.68,True,中国西电,False
2025-03-06,7.531,7.571,7.481,7.531,537961.0,359357948.0,6.68,6.72,6.63,6.68,True,中国西电,False
2025-03-07,7.521,7.521,7.431,7.451,510979.0,337246140.0,6.67,6.67,6.58,6.6,True,中国西电,False
2025-03-10,7.451,7.481,7.341,7.421,533192.0,350307144.0,6.6,6.63,6.49,6.57,True,中国西电,False
2025-03-11,7.371,7.441,7.321,7.431,389436.0,256248888.0,6.52,6.59,6.47,6.58,True,中国西电,False
2025-03-12,7.501,7.541,7.431,7.511,718847.0,478752102.0,6.65,6.69,6.58,6.66,True,中国西电,False
2025-03-13,7.511,7.671,7.501,7.541,766573.0,512837337.00000006,6.66,6.82,6.65,6.69,True,中国西电,False
2025-03-14,7.571,7.651,7.501,7.631,814264.0,552070992.0,6.72,6.8,6.65,6.78,True,中国西电,False
2025-03-17,7.641,7.671,7.561,7.571,568722.0,382181184.0,6.79,6.82,6.71,6.72,True,中国西电,False
2025-03-18,7.601,7.611,7.511,7.521,544686.0,363305562.0,6.75,6.76,6.66,6.67,True,中国西电,False
2025-03-19,7.541,7.601,7.531,7.541,465014.0,311094366.0,6.69,6.75,6.68,6.69,True,中国西电,False
2025-03-20,7.521,7.581,7.461,7.551,435509.0,291791030.0,6.67,6.73,6.61,6.7,True,中国西电,False
2025-03-21,7.541,7.671,7.481,7.511,764841.0,509384106.0,6.69,6.82,6.63,6.66,True,中国西电,False
2025-03-24,7.511,7.701,7.511,7.631,892930.0,605406540.0,6.66,6.85,6.66,6.78,True,中国西电,False
2025-03-25,7.631,7.831,7.591,7.771,1071718.0,741628856.0,6.78,6.98,6.74,6.92,True,中国西电,False
2025-03-26,7.751,7.761,7.661,7.701,599721.0,410808885.0,6.9,6.91,6.81,6.85,True,中国西电,False
2025-03-27,7.701,7.711,7.551,7.601,464952.0,313842600.0,6.85,6.86,6.7,6.75,True,中国西电,False
2025-03-28,7.601,7.621,7.521,7.571,395977.0,266096544.0,6.75,6.77,6.67,6.72,True,中国西电,False
2025-03-31,7.571,7.661,7.471,7.481,609147.0,403864461.0,6.72,6.81,6.62,6.63,True,中国西电,False
2025-04-01,7.471,7.631,7.461,7.621,599959.0,406172243.0,6.62,6.78,6.61,6.77,True,中国西电,False
2025-04-02,7.621,7.681,7.511,7.621,458022.0,310080894.0,6.77,6.83,6.66,6.77,True,中国西电,False
2025-04-03,7.561,7.711,7.551,7.651,471359.0,320524120.0,6.71,6.86,6.7,6.8,True,中国西电,False
2025-04-07,7.401,7.441,6.971,6.971,757940.0,463859280.0,6.55,6.59,6.12,6.12,True,中国西电,False
2025-04-08,6.961,7.201,6.931,7.161,923776.0,582902656.0,6.11,6.35,6.08,6.31,True,中国西电,False
2025-04-09,7.061,7.351,6.971,7.301,764057.0,492816765.0,6.21,6.5,6.12,6.45,True,中国西电,False
2025-04-10,7.351,7.431,7.211,7.271,720880.0,462804960.0,6.5,6.58,6.36,6.42,True,中国西电,False
2025-04-11,7.261,7.261,7.101,7.161,607739.0,383483309.0,6.41,6.41,6.25,6.31,True,中国西电,False
2025-04-14,7.231,7.251,7.171,7.211,478938.0,304604568.0,6.38,6.4,6.32,6.36,True,中国西电,False
2025-04-15,7.281,7.311,7.111,7.141,714431.0,449377099.0,6.43,6.46,6.26,6.29,True,中国西电,False
2025-04-16,7.151,7.151,6.961,7.031,682721.0,421921578.0,6.3,6.3,6.11,6.18,True,中国西电,False
2025-04-17,7.001,7.041,6.981,7.011,403811.0,248747576.0,6.15,6.19,6.13,6.16,True,中国西电,False
2025-04-18,6.991,7.131,6.981,7.101,566728.0,354205000.0,6.14,6.28,6.13,6.25,True,中国西电,False
2025-04-21,7.131,7.221,7.101,7.141,510293.0,320974297.0,6.28,6.37,6.25,6.29,True,中国西电,False
2025-04-22,7.121,7.121,7.051,7.061,421354.0,261660834.0,6.27,6.27,6.2,6.21,True,中国西电,False
2025-04-23,7.081,7.101,7.031,7.051,377232.0,233883840.0,6.23,6.25,6.18,6.2,True,中国西电,False
2025-04-24,7.061,7.311,7.041,7.191,1097573.0,695861282.0,6.21,6.46,6.19,6.34,True,中国西电,False
2025-04-25,7.201,7.241,7.111,7.191,693772.0,439851448.0,6.35,6.39,6.26,6.34,True,中国西电,False
2025-04-28,7.211,7.231,7.081,7.101,592948.0,370592500.0,6.36,6.38,6.23,6.25,True,中国西电,False
2025-04-29,7.121,7.201,7.051,7.111,511654.0,320295404.0,6.27,6.35,6.2,6.26,True,中国西电,False
2025-04-30,7.101,7.121,7.041,7.061,523731.0,325236951.0,6.25,6.27,6.19,6.21,True,中国西电,False
2025-05-06,7.091,7.201,7.051,7.201,806166.0,511915410.0,6.24,6.35,6.2,6.35,True,中国西电,False
2025-05-07,7.251,7.281,7.171,7.211,610443.0,388241748.0,6.4,6.43,6.32,6.36,True,中国西电,False
2025-05-08,7.201,7.251,7.171,7.221,453134.0,288646358.0,6.35,6.4,6.32,6.37,True,中国西电,False
2025-05-09,7.221,7.241,7.151,7.161,378997.0,239147107.0,6.37,6.39,6.3,6.31,True,中国西电,False
2025-05-12,7.201,7.231,7.181,7.211,359588.0,228697968.0,6.35,6.38,6.33,6.36,True,中国西电,False
2025-05-13,7.251,7.321,7.201,7.271,740206.0,475212252.0,6.4,6.47,6.35,6.42,True,中国西电,False
2025-05-14,7.231,7.271,7.161,7.251,594392.0,380410880.0,6.38,6.42,6.31,6.4,True,中国西电,False
2025-05-15,7.231,7.251,7.141,7.141,476342.0,299619118.0,6.38,6.4,6.29,6.29,True,中国西电,False
2025-05-16,7.141,7.211,7.121,7.131,419177.0,263243156.0,6.29,6.36,6.27,6.28,True,中国西电,False
2025-05-19,7.131,7.191,7.081,7.161,376092.0,237314052.0,6.28,6.34,6.23,6.31,True,中国西电,False
2025-05-20,7.161,7.201,7.131,7.181,331706.0,209969898.0,6.31,6.35,6.28,6.33,True,中国西电,False
2025-05-21,7.191,7.231,7.151,7.161,479642.0,302654102.0,6.34,6.38,6.3,6.31,True,中国西电,False
2025-05-22,7.151,7.161,7.071,7.081,462820.0,288336860.0,6.3,6.31,6.22,6.23,True,中国西电,False
2025-05-23,7.081,7.131,7.031,7.041,427615.0,264693685.00000003,6.23,6.28,6.18,6.19,True,中国西电,False
2025-05-26,7.031,7.171,7.021,7.161,673105.0,424729255.0,6.18,6.32,6.17,6.31,True,中国西电,False
2025-05-27,7.161,7.181,7.081,7.091,411358.0,256687392.0,6.31,6.33,6.23,6.24,True,中国西电,False
2025-05-28,7.091,7.251,7.091,7.221,965940.0,615303780.0,6.24,6.4,6.24,6.37,True,中国西电,False
2025-05-29,7.221,7.221,7.161,7.191,499330.0,316575220.0,6.37,6.37,6.31,6.34,True,中国西电,False
2025-05-30,7.181,7.191,7.081,7.081,549931.0,342607013.0,6.33,6.34,6.23,6.23,True,中国西电,False
2025-06-03,7.061,7.091,7.041,7.091,330366.0,206148384.0,6.21,6.24,6.19,6.24,True,中国西电,False
2025-06-04,7.091,7.101,7.061,7.091,360420.0,224902080.0,6.24,6.25,6.21,6.24,True,中国西电,False
2025-06-05,7.101,7.141,7.071,7.101,353832.0,221145000.0,6.25,6.29,6.22,6.25,True,中国西电,False
2025-06-06,7.101,7.201,7.071,7.131,590026.0,370536328.0,6.25,6.35,6.22,6.28,True,中国西电,False
2025-06-09,7.161,7.191,7.111,7.141,439429.0,276400841.0,6.31,6.34,6.26,6.29,True,中国西电,False
2025-06-10,7.141,7.151,7.041,7.081,509347.0,317323181.0,6.29,6.3,6.19,6.23,True,中国西电,False
2025-06-11,7.071,7.111,7.061,7.091,400464.0,249889536.0,6.22,6.26,6.21,6.24,True,中国西电,False
2025-06-12,7.081,7.091,7.041,7.051,371867.0,230557540.0,6.23,6.24,6.19,6.2,True,中国西电,False
2025-06-13,7.041,7.061,7.011,7.021,385504.0,237855968.0,6.19,6.21,6.16,6.17,True,中国西电,False
2025-06-16,7.011,7.021,6.981,7.021,325836.0,201040812.0,6.16,6.17,6.13,6.17,True,中国西电,False
2025-06-17,7.011,7.031,6.991,7.031,265517.0,164089506.0,6.16,6.18,6.14,6.18,True,中国西电,False
2025-06-18,7.011,7.031,6.981,6.991,306644.0,188279416.0,6.16,6.18,6.13,6.14,True,中国西电,False
2025-06-19,6.981,6.991,6.871,6.871,596056.0,358825712.0,6.13,6.14,6.02,6.02,True,中国西电,False
2025-06-20,6.861,6.891,6.811,6.821,346162.0,206658714.0,6.01,6.04,5.96,5.97,True,中国西电,False
2025-06-23,6.791,6.831,6.761,6.821,332281.0,198371757.0,5.94,5.98,5.91,5.97,True,中国西电,False
2025-06-24,6.831,6.911,6.831,6.901,358889.0,217127845.0,5.98,6.06,5.98,6.05,True,中国西电,False
2025-06-25,6.921,6.931,6.891,6.921,410003.0,248871821.0,6.07,6.08,6.04,6.07,True,中国西电,False
2025-06-26,6.931,7.001,6.901,6.911,472887.0,286569522.0,6.08,6.15,6.05,6.06,True,中国西电,False
2025-06-27,6.931,7.021,6.921,6.971,603265.0,369198180.0,6.08,6.17,6.07,6.12,True,中国西电,False
2025-06-30,6.971,7.001,6.951,6.991,394948.0,242498072.0,6.12,6.15,6.1,6.14,True,中国西电,False
2025-07-01,6.991,6.991,6.961,6.971,268848.0,164534976.0,6.14,6.14,6.11,6.12,True,中国西电,False
2025-07-02,6.961,7.021,6.961,7.001,408178.0,251029470.0,6.11,6.17,6.11,6.15,True,中国西电,False
2025-07-03,7.001,7.011,6.971,6.991,253531.0,155668034.0,6.15,6.16,6.12,6.14,True,中国西电,False
2025-07-04,6.991,7.031,6.971,6.991,336415.0,206558810.0,6.14,6.18,6.12,6.14,True,中国西电,False
2025-07-07,7.011,7.141,7.011,7.131,774476.0,486370928.0,6.16,6.29,6.16,6.28,True,中国西电,False
2025-07-08,7.141,7.211,7.091,7.171,723905.0,457507960.0,6.29,6.36,6.24,6.32,True,中国西电,False
2025-07-09,7.171,7.271,7.141,7.161,634173.0,400163163.0,6.32,6.42,6.29,6.31,True,中国西电,False
2025-07-10,7.161,7.201,7.121,7.161,458342.0,289213802.0,6.31,6.35,6.27,6.31,True,中国西电,False
2025-07-11,7.173,7.183,7.123,7.163,412960.0,259751840.0,6.3,6.31,6.25,6.29,True,中国西电,False
2025-07-14,7.153,7.413,7.153,7.323,1183409.0,763298805.0,6.28,6.54,6.28,6.45,True,中国西电,False
2025-07-15,7.303,7.313,7.173,7.223,733940.0,466051900.0,6.43,6.44,6.3,6.35,True,中国西电,False
2025-07-16,7.253,7.283,7.153,7.173,496118.0,312554340.0,6.38,6.41,6.28,6.3,True,中国西电,False
2025-07-17,7.173,7.203,7.153,7.183,357717.0,225719427.0,6.3,6.33,6.28,6.31,True,中国西电,False
2025-07-18,7.183,7.233,7.173,7.213,477246.0,302573964.0,6.31,6.36,6.3,6.34,True,中国西电,False
2025-07-21,7.463,7.843,7.333,7.843,2844648.0,1982719656.0,6.59,6.97,6.46,6.97,True,中国西电,False
2025-07-22,8.183,8.533,7.843,8.343,4615426.0,3447723222.0,7.31,7.66,6.97,7.47,True,中国西电,False
2025-07-23,8.383,8.433,7.873,7.883,2994083.0,2098852183.0,7.51,7.56,7.0,7.01,True,中国西电,False
2025-07-24,7.783,7.913,7.673,7.833,1682481.0,1171006776.0,6.91,7.04,6.8,6.96,True,中国西电,False
2025-07-25,7.773,7.793,7.633,7.643,1218944.0,825225088.0,6.9,6.92,6.76,6.77,True,中国西电,False
2025-07-28,7.603,7.633,7.543,7.593,725950.0,487838400.0,6.73,6.76,6.67,6.72,True,中国西电,False
2025-07-29,7.583,7.593,7.493,7.593,762945.0,512699040.0,6.71,6.72,6.62,6.72,True,中国西电,False
2025-07-30,7.573,7.623,7.493,7.533,591482.0,393927012.0,6.7,6.75,6.62,6.66,True,中国西电,False
2025-07-31,7.523,7.533,7.403,7.423,620130.0,406185150.0,6.65,6.66,6.53,6.55,True,中国西电,False
2025-08-01,7.413,7.443,7.363,7.373,416807.0,270924550.0,6.54,6.57,6.49,6.5,True,中国西电,False
2025-08-04,7.333,7.423,7.323,7.423,375993.0,246275415.0,6.46,6.55,6.45,6.55,True,中国西电,False
2025-08-05,7.403,7.463,7.403,7.423,387926.0,254091530.0,6.53,6.59,6.53,6.55,True,中国西电,False
2025-08-06,7.433,7.453,7.383,7.443,445969.0,293001633.0,6.56,6.58,6.51,6.57,True,中国西电,False
2025-08-07,7.443,7.453,7.363,7.393,428215.0,279196180.0,6.57,6.58,6.49,6.52,True,中国西电,False
2025-08-08,7.383,7.453,7.363,7.453,423255.0,278501790.0,6.51,6.58,6.49,6.58,True,中国西电,False
2025-08-11,7.453,7.493,7.423,7.473,495268.0,326876880.0,6.58,6.62,6.55,6.6,True,中国西电,False
2025-08-12,7.473,7.483,7.393,7.413,406656.0,265953024.0,6.6,6.61,6.52,6.54,True,中国西电,False
2025-08-13,7.413,7.453,7.403,7.423,554988.0,363517140.0,6.54,6.58,6.53,6.55,True,中国西电,False
2025-08-14,7.423,7.433,7.293,7.293,663163.0,425750646.0,6.55,6.56,6.42,6.42,True,中国西电,False
2025-08-15,7.293,7.413,7.273,7.363,576264.0,373995336.0,6.42,6.54,6.4,6.49,True,中国西电,False
2025-08-18,7.383,7.443,7.383,7.413,691760.0,452411040.0,6.51,6.57,6.51,6.54,True,中国西电,False
2025-08-19,7.433,7.593,7.423,7.533,1129320.0,752127120.0,6.56,6.72,6.55,6.66,True,中国西电,False
2025-08-20,7.543,7.593,7.473,7.583,796495.0,534448145.0,6.67,6.72,6.6,6.71,True,中国西电,False
2025-08-21,7.633,7.743,7.563,7.583,869755.0,583605605.0,6.76,6.87,6.69,6.71,True,中国西电,False
2025-08-22,7.573,7.623,7.523,7.613,676654.0,456064796.0,6.7,6.75,6.65,6.74,True,中国西电,False
2025-08-25,7.633,7.713,7.603,7.653,900172.0,610316616.0,6.76,6.84,6.73,6.78,True,中国西电,False
2025-08-26,7.663,7.693,7.593,7.643,695082.0,470570514.0,6.79,6.82,6.72,6.77,True,中国西电,False
2025-08-27,7.643,7.643,7.493,7.493,824722.0,545965964.0,6.77,6.77,6.62,6.62,True,中国西电,False
2025-08-28,7.493,7.543,7.333,7.503,718962.0,476671806.0,6.62,6.67,6.46,6.63,True,中国西电,False
2025-08-29,7.493,7.543,7.423,7.433,624507.0,409676592.0,6.62,6.67,6.55,6.56,True,中国西电,False
2025-09-01,7.453,7.463,7.403,7.433,523274.0,343267744.0,6.58,6.59,6.53,6.56,True,中国西电,False
2025-09-02,7.433,7.453,7.293,7.333,608827.0,393302242.0,6.56,6.58,6.42,6.46,True,中国西电,False
2025-09-03,7.343,7.343,7.203,7.223,522278.0,331646530.0,6.47,6.47,6.33,6.35,True,中国西电,False
2025-09-04,7.223,7.293,7.153,7.223,578396.0,367281460.0,6.35,6.42,6.28,6.35,True,中国西电,False
2025-09-05,7.223,7.293,7.193,7.293,522798.0,335636316.0,6.35,6.42,6.32,6.42,True,中国西电,False
2025-09-08,7.273,7.423,7.273,7.403,727549.0,475089497.0,6.4,6.55,6.4,6.53,True,中国西电,False
2025-09-09,7.403,7.433,7.343,7.383,404431.0,263284581.0,6.53,6.56,6.47,6.51,True,中国西电,False
2025-09-10,7.363,7.363,7.253,7.293,419486.0,269310012.0,6.49,6.49,6.38,6.42,True,中国西电,False
2025-09-11,7.283,7.353,7.243,7.343,409582.0,264999554.0,6.41,6.48,6.37,6.47,True,中国西电,False
2025-09-12,7.373,7.423,7.333,7.353,426732.0,276522336.0,6.5,6.55,6.46,6.48,True,中国西电,False
2025-09-15,7.353,7.393,7.303,7.313,307695.0,198155580.0,6.48,6.52,6.43,6.44,True,中国西电,False
2025-09-16,7.303,7.323,7.223,7.263,444538.0,284059782.0,6.43,6.45,6.35,6.39,True,中国西电,False
2025-09-17,7.283,7.423,7.263,7.413,734522.0,480377388.0,6.41,6.55,6.39,6.54,True,中国西电,False
2025-09-18,7.423,7.493,7.303,7.343,709635.0,459133845.0,6.55,6.62,6.43,6.47,True,中国西电,False
2025-09-19,7.333,7.453,7.313,7.433,644645.0,422887120.0,6.46,6.58,6.44,6.56,True,中国西电,False
2025-09-22,7.433,7.443,7.263,7.313,634952.0,408909088.0,6.56,6.57,6.39,6.44,True,中国西电,False
2025-09-23,7.32,7.41,7.21,7.37,599366.0,386591070.0,6.4,6.49,6.29,6.45,True,中国西电,False
2025-09-24,7.35,7.51,7.3,7.49,836482.0,549568674.0,6.43,6.59,6.38,6.57,True,中国西电,False
2025-09-25,7.5,7.57,7.45,7.53,722783.0,477759563.0,6.58,6.65,6.53,6.61,True,中国西电,False
2025-09-26,7.52,7.64,7.49,7.52,717645.0,473645700.0,6.6,6.72,6.57,6.6,True,中国西电,False
2025-09-29,7.51,7.58,7.43,7.56,607914.0,403654896.0,6.59,6.66,6.51,6.64,True,中国西电,False
2025-09-30,7.54,7.74,7.53,7.68,1099503.0,743264028.0,6.62,6.82,6.61,6.76,True,中国西电,False
2025-10-09,7.74,7.99,7.7,7.99,1457756.0,1030633492.0,6.82,7.07,6.78,7.07,True,中国西电,False
2025-10-10,8.0,8.26,7.92,8.1,1692848.0,1215464864.0,7.08,7.34,7.0,7.18,True,中国西电,False
2025-10-13,7.93,8.06,7.9,8.01,1220331.0,865214679.0,7.01,7.14,6.98,7.09,True,中国西电,False
2025-10-14,8.04,8.22,7.94,8.01,1167130.0,827495170.0,7.12,7.3,7.02,7.09,True,中国西电,False
2025-10-15,8.02,8.29,7.98,8.28,1703980.0,1254129280.0,7.1,7.37,7.06,7.36,True,中国西电,False
2025-10-16,8.46,8.48,8.22,8.29,1886119.0,1390069703.0,7.54,7.56,7.3,7.37,True,中国西电,False
2025-10-17,8.2,8.25,7.82,7.84,1771468.0,1225855856.0,7.28,7.33,6.9,6.92,True,中国西电,False
2025-10-20,7.95,8.17,7.91,8.01,1194292.0,846753028.0,7.03,7.25,6.99,7.09,True,中国西电,False
2025-10-21,8.02,8.27,7.99,8.19,1249060.0,908066620.0,7.1,7.35,7.07,7.27,True,中国西电,False
2025-10-22,8.03,8.04,7.86,7.95,1250678.0,879226634.0,7.11,7.12,6.94,7.03,True,中国西电,False
2025-10-23,7.92,7.95,7.73,7.94,964708.0,677225016.0,7.0,7.03,6.81,7.02,True,中国西电,False
2025-10-24,7.92,8.11,7.88,8.03,1092978.0,777107358.0,7.0,7.19,6.96,7.11,True,中国西电,False
2025-10-27,8.15,8.74,8.1,8.6,4010318.0,3079924224.0,7.23,7.82,7.18,7.68,True,中国西电,False
2025-10-28,8.42,8.56,8.29,8.33,2458261.0,1821571401.0,7.5,7.64,7.37,7.41,True,中国西电,False
2025-10-29,8.4,9.07,8.39,9.07,2710319.0,2208909985.0,7.48,8.15,7.47,8.15,True,中国西电,False
2025-10-30,9.09,9.09,8.8,8.82,3144083.0,2483825570.0,8.17,8.17,7.88,7.9,True,中国西电,False
2025-10-31,8.92,9.23,8.79,8.89,2851835.0,2272912495.0,8.0,8.31,7.87,7.97,True,中国西电,False
2025-11-03,9.08,9.57,8.97,9.35,3600102.0,3034885986.0,8.16,8.65,8.05,8.43,True,中国西电,False
2025-11-04,9.32,9.6,9.12,9.21,3028432.0,2510570127.9999995,8.4,8.68,8.2,8.29,True,中国西电,False
2025-11-05,8.96,10.04,8.95,9.81,5285454.0,4698768606.0,8.04,9.12,8.03,8.89,True,中国西电,False
2025-11-06,9.88,10.7,9.62,10.7,6944895.0,6792107310.0,8.96,9.78,8.7,9.78,True,中国西电,False
2025-11-07,10.42,11.54,10.34,11.0,6555204.0,6607645632.0,9.5,10.62,9.42,10.08,True,中国西电,False
2025-11-10,11.12,12.0,10.67,11.55,6230790.0,6623329770.000001,10.2,11.08,9.75,10.63,True,中国西电,False
2025-11-11,11.42,11.85,11.09,11.45,4816555.0,5071832415.0,10.5,10.93,10.17,10.53,True,中国西电,False
2025-11-12,11.22,11.47,10.7,10.7,4445007.0,4347216846.0,10.3,10.55,9.78,9.78,True,中国西电,False
2025-11-13,10.52,10.97,10.43,10.72,3647735.0,3574780300.0000005,9.6,10.05,9.51,9.8,True,中国西电,False
2025-11-14,10.52,10.62,10.24,10.24,3018957.0,2813667924.0,9.6,9.7,9.32,9.32,True,中国西电,False
2025-11-17,10.15,10.3,9.98,10.14,2294045.0,2115109490.0,9.23,9.38,9.06,9.22,True,中国西电,False
2025-11-18,10.11,10.19,9.85,9.92,1952209.0,1756988100.0,9.19,9.27,8.93,9.0,True,中国西电,False
2025-11-19,9.91,10.04,9.78,9.9,1677108.0,1506042984.0,8.99,9.12,8.86,8.98,True,中国西电,False
2025-11-20,10.01,10.08,9.74,9.76,2042179.0,1805286236.0,9.09,9.16,8.82,8.84,True,中国西电,False
2025-11-21,9.18,9.3,8.88,8.88,3095836.0,2464285456.0,8.26,8.38,7.96,7.96,True,中国西电,False
2025-11-24,8.88,9.09,8.88,9.05,1690159.0,1374099267.0000002,7.96,8.17,7.96,8.13,True,中国西电,False
2025-11-25,9.12,9.41,9.0,9.34,1894460.0,1595135320.0,8.2,8.49,8.08,8.42,True,中国西电,False
2025-11-26,9.31,9.31,9.14,9.19,1148414.0,949738378.0,8.39,8.39,8.22,8.27,True,中国西电,False
2025-11-27,9.16,9.28,9.07,9.08,1041970.0,850247520.0,8.24,8.36,8.15,8.16,True,中国西电,False
2025-11-28,9.05,9.3,9.0,9.25,1034937.0,862102521.0,8.13,8.38,8.08,8.33,True,中国西电,False
2025-12-01,9.33,9.43,9.23,9.29,944591.0,790622666.9999999,8.41,8.51,8.31,8.37,True,中国西电,False
2025-12-02,9.24,9.25,9.1,9.15,643817.0,529861391.0,8.32,8.33,8.18,8.23,True,中国西电,False
2025-12-03,9.14,9.18,9.02,9.05,656840.0,534010920.00000006,8.22,8.26,8.1,8.13,True,中国西电,False
2025-12-04,9.04,9.1,9.0,9.04,587763.0,477263556.0,8.12,8.18,8.08,8.12,True,中国西电,False
2025-12-05,9.04,9.45,9.0,9.4,1877204.0,1591868992.0,8.12,8.53,8.08,8.48,True,中国西电,False
2025-12-08,9.44,9.46,9.32,9.35,1137877.0,959230311.0,8.52,8.54,8.4,8.43,True,中国西电,False
2025-12-09,9.3,9.39,9.24,9.29,722777.0,604964349.0,8.38,8.47,8.32,8.37,True,中国西电,False
2025-12-10,9.27,9.27,9.09,9.2,694188.0,574787664.0,8.35,8.35,8.17,8.28,True,中国西电,False
2025-12-11,9.22,9.47,9.17,9.17,1227650.0,1012811250.0,8.3,8.55,8.25,8.25,True,中国西电,False
2025-12-12,9.18,10.0,9.18,10.0,2508602.0,2277810616.0,8.26,9.08,8.26,9.08,True,中国西电,False
2025-12-15,10.44,10.81,10.42,10.52,5457560.0,5239257600.0,9.52,9.89,9.5,9.6,True,中国西电,False
2025-12-16,10.39,10.53,10.09,10.16,2726804.0,2519566896.0,9.47,9.61,9.17,9.24,True,中国西电,False
2025-12-17,10.1,10.66,10.1,10.43,3119613.0,2966751963.0,9.18,9.74,9.18,9.51,True,中国西电,False
2025-12-18,10.22,10.23,9.88,9.92,2609903.0,2348912700.0,9.3,9.31,8.96,9.0,True,中国西电,False
2025-12-19,9.97,10.46,9.97,10.06,1960909.0,1792270826.0,9.05,9.54,9.05,9.14,True,中国西电,False
2025-12-22,10.02,10.35,9.99,10.24,2105983.0,1962776156.0,9.1,9.43,9.07,9.32,True,中国西电,False
2025-12-23,10.18,10.67,10.06,10.62,3413770.0,3311356899.9999995,9.26,9.75,9.14,9.7,True,中国西电,False
2025-12-24,10.53,10.57,10.27,10.48,2123662.0,2030220872.0,9.61,9.65,9.35,9.56,True,中国西电,False
2025-12-25,10.41,10.61,10.35,10.46,1697465.0,1619381609.9999998,9.49,9.69,9.43,9.54,True,中国西电,False
2025-12-26,10.39,10.62,10.17,10.43,2234745.0,2125242495.0,9.47,9.7,9.25,9.51,True,中国西电,False
2025-12-29,10.38,10.43,10.07,10.13,1674002.0,1541755842.0000002,9.46,9.51,9.15,9.21,True,中国西电,False
2025-12-30,10.07,10.14,10.0,10.03,1102050.0,1003967550.0,9.15,9.22,9.08,9.11,True,中国西电,False
2025-12-31,10.09,10.13,9.95,10.02,944294.0,859307540.0,9.17,9.21,9.03,9.1,True,中国西电,False
2026-01-05,10.14,10.42,10.13,10.37,1816993.0,1717058384.9999998,9.22,9.5,9.21,9.45,True,中国西电,False
2026-01-06,10.38,10.6,10.36,10.55,1897578.0,1827367614.0,9.46,9.68,9.44,9.63,True,中国西电,False
2026-01-07,10.65,11.51,10.62,11.51,1904938.0,2017329342.0,9.73,10.59,9.7,10.59,True,中国西电,False
2026-01-08,11.51,11.86,11.17,11.47,5347253.0,5641351915.0,10.59,10.94,10.25,10.55,True,中国西电,False
2026-01-09,11.45,12.1,11.43,11.78,3793237.0,4119455382.0,10.53,11.18,10.51,10.86,True,中国西电,False
2026-01-12,11.97,12.57,11.91,12.31,4043657.0,4605725323.0,11.05,11.65,10.99,11.39,True,中国西电,False
2026-01-13,12.32,13.45,11.72,13.32,5719673.0,7092394520.0,11.4,12.53,10.8,12.4,True,中国西电,False
2026-01-14,13.5,14.29,13.32,13.71,6187732.0,7914109227.999999,12.58,13.37,12.4,12.79,True,中国西电,False
2026-01-15,13.71,14.92,12.94,14.35,5189258.0,6969173494.0,12.79,14.0,12.02,13.43,True,中国西电,False
2026-01-16,15.42,15.46,13.92,13.97,5823255.0,7599347775.0,14.5,14.54,13.0,13.05,True,中国西电,False
2026-01-19,13.88,15.28,13.87,15.28,4502275.0,6465266900.0,12.96,14.36,12.95,14.36,True,中国西电,False
2026-01-20,15.92,16.72,15.72,16.55,7153554.0,11181004902.0,15.0,15.8,14.8,15.63,True,中国西电,False
2026-01-21,16.32,17.8,16.15,16.96,6561131.0,10524054124.0,15.4,16.88,15.23,16.04,True,中国西电,False
2026-01-22,16.72,17.92,16.18,16.38,6009321.0,9290410266.0,15.8,17.0,15.26,15.46,True,中国西电,False
2026-01-23,16.33,17.62,16.19,16.86,5975884.0,9525559096.0,15.41,16.7,15.27,15.94,True,中国西电,False
2026-01-26,16.54,17.84,16.42,17.07,5037165.0,8135021474.999999,15.62,16.92,15.5,16.15,True,中国西电,False
2026-01-27,16.62,16.99,15.77,16.31,4281223.0,6588802197.0,15.7,16.07,14.85,15.39,True,中国西电,False
2026-01-28,16.3,16.55,16.0,16.2,2879812.0,4400352736.0,15.38,15.63,15.08,15.28,True,中国西电,False
2026-01-29,15.92,16.49,15.63,15.92,2592346.0,3888519000.0,15.0,15.57,14.71,15.0,True,中国西电,False
2026-01-30,15.72,15.87,14.91,15.42,2658364.0,3854627800.0,14.8,14.95,13.99,14.5,True,中国西电,False
2026-02-02,16.12,16.87,15.94,16.52,5573292.0,8694335520.0,15.2,15.95,15.02,15.6,True,中国西电,False
2026-02-03,16.52,16.79,16.0,16.68,4500674.0,7093062224.0,15.6,15.87,15.08,15.76,True,中国西电,False
2026-02-04,16.62,16.94,16.17,16.46,2756747.0,4283984838.0,15.7,16.02,15.25,15.54,True,中国西电,False
2026-02-05,16.27,16.28,15.24,15.35,2851309.0,4114438887.0,15.35,15.36,14.32,14.43,True,中国西电,False
2026-02-06,15.05,16.0,15.02,15.6,2492044.0,3658320592.0,14.13,15.08,14.1,14.68,True,中国西电,False
2026-02-09,15.7,15.81,15.42,15.64,1826741.0,2688962752.0,14.78,14.89,14.5,14.72,True,中国西电,False
2026-02-10,15.52,15.62,15.27,15.42,1242991.0,1802336950.0,14.6,14.7,14.35,14.5,True,中国西电,False
2026-02-11,15.41,15.72,15.34,15.39,1331569.0,1926780343.0,14.49,14.8,14.42,14.47,True,中国西电,False
2026-02-12,15.61,16.2,15.42,15.77,2775587.0,4121746695.0,14.69,15.28,14.5,14.85,True,中国西电,False
2026-02-13,15.59,15.71,15.28,15.43,1542405.0,2238029655.0,14.67,14.79,14.36,14.51,True,中国西电,False
2026-02-24,15.6,16.57,15.58,16.3,2775688.0,4269008144.0,14.68,15.65,14.66,15.38,True,中国西电,False
2026-02-25,16.31,17.03,16.19,16.71,2762398.0,4361826442.0,15.39,16.11,15.27,15.79,True,中国西电,False
2026-02-26,16.71,17.17,16.42,16.99,2923078.0,4697386346.0,15.79,16.25,15.5,16.07,True,中国西电,False
2026-02-27,16.84,17.18,16.63,17.0,2462755.0,3960110040.0,15.92,16.26,15.71,16.08,True,中国西电,False
2026-03-02,16.74,17.7,16.72,17.08,3023105.0,4885337680.0,15.82,16.78,15.8,16.16,True,中国西电,False
2026-03-03,17.0,17.19,16.22,16.39,2397324.0,3708660228.0,16.08,16.27,15.3,15.47,True,中国西电,False
2026-03-04,16.06,17.8,16.02,17.38,3997070.0,6579177220.0,15.14,16.88,15.1,16.46,True,中国西电,False
2026-03-05,17.82,19.03,17.6,19.03,3247040.0,5880389440.0,16.9,18.11,16.68,18.11,True,中国西电,False
2026-03-06,19.52,20.5,19.24,20.22,5516589.0,10647016770.0,18.6,19.58,18.32,19.3,True,中国西电,False
2026-03-09,19.82,21.53,19.81,21.09,5344522.0,10779900874.0,18.9,20.61,18.89,20.17,True,中国西电,False
2026-03-10,20.92,21.57,20.5,20.91,4428440.0,8852451560.0,20.0,20.65,19.58,19.99,True,中国西电,False
2026-03-11,20.93,21.02,19.64,20.07,5387645.0,10317340175.0,20.01,20.1,18.72,19.15,True,中国西电,False
2026-03-12,19.72,20.26,19.25,19.56,3789451.0,7063536664.0,18.8,19.34,18.33,18.64,True,中国西电,False
2026-03-13,19.43,19.47,18.51,18.57,3225191.0,5692462115.0,18.51,18.55,17.59,17.65,True,中国西电,False
2026-03-16,18.82,18.87,18.07,18.26,2080698.0,3607930332.0,17.9,17.95,17.15,17.34,True,中国西电,False
2026-03-17,18.37,19.02,18.04,18.34,2961820.0,5159490440.000001,17.45,18.1,17.12,17.42,True,中国西电,False
2026-03-18,18.42,18.8,18.0,18.77,3012623.0,5377532055.0,17.5,17.88,17.08,17.85,True,中国西电,False
2026-03-19,18.37,18.59,17.79,18.03,2382484.0,4076430124.0,17.45,17.67,16.87,17.11,True,中国西电,False
2026-03-20,18.04,18.21,17.18,17.22,2512301.0,4095050630.0,17.12,17.29,16.26,16.3,True,中国西电,False
2026-03-23,16.66,17.76,16.65,16.99,2447483.0,3933105181.0,15.74,16.84,15.73,16.07,True,中国西电,False
2026-03-24,17.35,17.59,16.61,17.29,2291615.0,3751373755.0,16.43,16.67,15.69,16.37,True,中国西电,False
2026-03-25,17.32,17.9,17.32,17.61,2301006.0,3840379014.000001,16.4,16.98,16.4,16.69,True,中国西电,False
2026-03-26,17.54,17.54,16.77,16.86,1932620.0,3080596280.0,16.62,16.62,15.85,15.94,True,中国西电,False
2026-03-27,16.62,17.1,16.53,16.99,1338320.0,2150680240.0,15.7,16.18,15.61,16.07,True,中国西电,False
2026-03-30,16.73,16.81,16.29,16.72,1420695.0,2244698100.0,15.81,15.89,15.37,15.8,True,中国西电,False
2026-03-31,16.78,16.89,16.12,16.13,1535629.0,2335691709.0,15.86,15.97,15.2,15.21,True,中国西电,False
2026-04-01,16.51,16.77,16.4,16.56,1345485.0,2104338540.0,15.59,15.85,15.48,15.64,True,中国西电,False
2026-04-02,16.57,17.04,16.17,16.25,1558463.0,2389123779.0,15.65,16.12,15.25,15.33,True,中国西电,False
2026-04-03,16.44,16.6,15.93,15.97,1270143.0,1911565215.0,15.52,15.68,15.01,15.05,True,中国西电,False
2026-04-07,15.97,16.07,15.74,15.89,1085721.0,1625324337.0,15.05,15.15,14.82,14.97,True,中国西电,False
2026-04-08,16.27,16.94,16.27,16.93,2120006.0,3394129606.0000005,15.35,16.02,15.35,16.01,True,中国西电,False
2026-04-09,16.62,16.87,16.42,16.71,1379868.0,2178811572.0,15.7,15.95,15.5,15.79,True,中国西电,False
2026-04-10,16.92,17.2,16.69,17.0,1834404.0,2949721631.9999995,16.0,16.28,15.77,16.08,True,中国西电,False
2026-04-13,16.82,16.88,16.42,16.74,1575160.0,2491903120.0,15.9,15.96,15.5,15.82,True,中国西电,False
2026-04-14,16.92,17.17,16.75,17.12,2009791.0,3255861420.0,16.0,16.25,15.83,16.2,True,中国西电,False
2026-04-15,17.34,18.72,17.22,18.62,4449445.0,7875517650.0,16.42,17.8,16.3,17.7,True,中国西电,False
2026-04-16,18.61,18.61,17.91,18.36,3143911.0,5482980784.0,17.69,17.69,16.99,17.44,True,中国西电,False
2026-04-17,18.37,18.5,17.98,18.11,1932650.0,3322225350.0000005,17.45,17.58,17.06,17.19,True,中国西电,False
2026-04-20,18.1,19.32,17.68,19.14,3497737.0,6372876814.0,17.18,18.4,16.76,18.22,True,中国西电,False
2026-04-21,19.15,19.15,18.56,18.81,2182398.0,3904310022.0,18.23,18.23,17.64,17.89,True,中国西电,False
2026-04-22,18.82,19.12,18.68,18.87,2145174.0,3850587330.0,17.9,18.2,17.76,17.95,True,中国西电,False
2026-04-23,18.88,19.43,18.29,18.94,2774818.0,5000222036.0,17.96,18.51,17.37,18.02,True,中国西电,False
2026-04-24,18.63,18.86,18.12,18.13,2024336.0,3483882256.0,17.71,17.94,17.2,17.21,True,中国西电,False
2026-04-27,17.89,18.16,17.65,17.84,1376840.0,2329613280.0,16.97,17.24,16.73,16.92,True,中国西电,False
2026-04-28,17.83,18.42,17.43,18.12,2106943.0,3623941960.0,16.91,17.5,16.51,17.2,True,中国西电,False
2026-04-29,18.07,18.29,17.72,18.07,1461312.0,2506150080.0,17.15,17.37,16.8,17.15,True,中国西电,False
2026-04-30,18.07,18.14,17.72,17.84,1213409.0,2053088028.0,17.15,17.22,16.8,16.92,True,中国西电,False
2026-05-06,17.84,18.39,17.84,18.35,1908804.0,3327045372.0,16.92,17.47,16.92,17.43,True,中国西电,False
2026-05-07,18.47,18.62,18.17,18.42,1962315.0,3434051250.0,17.55,17.7,17.25,17.5,True,中国西电,False
2026-05-08,18.57,18.72,18.08,18.11,2095128.0,3601525032.0000005,17.65,17.8,17.16,17.19,True,中国西电,False
2026-05-11,18.12,19.26,18.12,19.02,3188643.0,5771443830.0,17.2,18.34,17.2,18.1,True,中国西电,False
2026-05-12,19.02,20.33,18.69,20.12,4524247.0,8686554240.0,18.1,19.41,17.77,19.2,True,中国西电,False
2026-05-13,20.23,20.81,19.64,19.94,4570786.0,8693634972.0,19.31,19.89,18.72,19.02,True,中国西电,False
2026-05-14,19.72,19.86,18.52,18.53,3542213.0,6237837093.0,18.8,18.94,17.6,17.61,True,中国西电,False
2026-05-15,18.47,18.65,17.75,18.06,2382969.0,4084408866.0,17.55,17.73,16.83,17.14,True,中国西电,False
2026-05-18,17.88,18.21,17.8,18.04,1395190.0,2388565280.0,16.96,17.29,16.88,17.12,True,中国西电,False
2026-05-19,18.18,18.61,17.8,18.52,1916505.0,3373048800.0000005,17.26,17.69,16.88,17.6,True,中国西电,False
2026-05-20,18.42,18.5,17.92,18.0,1475884.0,2520809871.9999995,17.5,17.58,17.0,17.08,True,中国西电,False
2026-05-21,17.93,17.93,17.02,17.04,2443883.0,3939539396.000001,17.01,17.01,16.1,16.12,True,中国西电,False
2026-05-22,16.97,17.27,16.82,17.17,1117104.0,1815294000.0,16.05,16.35,15.9,16.25,True,中国西电,False
2026-05-25,17.47,17.94,17.42,17.57,1456989.0,2425886685.0,16.55,17.02,16.5,16.65,True,中国西电,False
2026-05-26,17.42,17.43,16.94,17.1,1209857.0,1957548626.0,16.5,16.51,16.02,16.18,True,中国西电,False
2026-05-27,17.09,17.79,16.95,17.5,1835278.0,3042890923.9999995,16.17,16.87,16.03,16.58,True,中国西电,False
2026-05-28,17.53,17.75,17.14,17.47,1270248.0,2102260440.0,16.61,16.83,16.22,16.55,True,中国西电,False
2026-05-29,17.31,17.56,17.01,17.49,1344519.0,2227867983.0,16.39,16.64,16.09,16.57,True,中国西电,False
2026-06-01,17.22,18.19,17.12,17.92,1836475.0,3122007500.0,16.3,17.27,16.2,17.0,True,中国西电,False
2026-06-02,17.93,17.93,17.18,17.46,1347644.0,2229003176.0,17.01,17.01,16.26,16.54,True,中国西电,False
2026-06-03,17.27,17.52,17.07,17.34,1217879.0,1999757318.0,16.35,16.6,16.15,16.42,True,中国西电,False
2026-06-04,17.12,17.24,16.53,16.53,1814631.0,2832638991.0,16.2,16.32,15.61,15.61,True,中国西电,False
2026-06-05,16.42,16.45,15.92,15.95,1587171.0,2385518013.0,15.5,15.53,15.0,15.03,True,中国西电,False
2026-06-08,15.32,15.61,14.81,14.93,1534277.0,2149522077.0,14.4,14.69,13.89,14.01,True,中国西电,False
2026-06-09,15.17,15.22,14.91,15.21,1050040.0,1500507160.0,14.25,14.3,13.99,14.29,True,中国西电,False
2026-06-10,14.95,15.01,14.45,14.56,1392055.0,1898763020.0,14.03,14.09,13.53,13.64,True,中国西电,False
2026-06-11,14.42,14.61,14.3,14.38,894864.0,1204486944.0,13.5,13.69,13.38,13.46,True,中国西电,False
2026-06-12,14.63,14.71,14.3,14.39,1230387.0,1657331289.0,13.71,13.79,13.38,13.47,True,中国西电,False
2026-06-15,14.92,15.74,14.92,15.74,1877950.0,2783121900.0,14.0,14.82,14.0,14.82,True,中国西电,False
2026-06-16,16.43,17.22,16.31,17.22,2317980.0,3778307400.0,15.51,16.3,15.39,16.3,True,中国西电,False
2026-06-17,17.34,17.5,16.53,16.71,3475128.0,5487227112.0,16.42,16.58,15.61,15.79,True,中国西电,False
2026-06-18,16.6,16.61,16.02,16.18,2379121.0,3630538646.0,15.68,15.69,15.1,15.26,True,中国西电,False
2026-06-22,16.24,17.71,16.16,17.71,2592730.0,4353193670.0,15.32,16.79,15.24,16.79,True,中国西电,False
2026-06-23,17.42,17.92,16.87,17.11,3065910.0,4963708290.0,16.5,17.0,15.95,16.19,True,中国西电,False
2026-06-24,16.8,17.32,16.73,17.18,1760896.0,2863216896.0000005,15.88,16.4,15.81,16.26,True,中国西电,False
2026-06-25,17.134,17.374,16.704,17.064,1428016.0,2297677744.0,16.16,16.4,15.73,16.09,True,中国西电,False
2026-06-26,17.374,17.474,15.854,15.854,2469964.0,3675306432.0,16.4,16.5,14.88,14.88,True,中国西电,False
2026-06-29,15.804,16.454,15.564,15.974,1637449.0,2456173500.0,14.83,15.48,14.59,15.0,True,中国西电,False
2026-06-30,15.794,16.034,15.484,15.894,1199233.0,1789255636.0,14.82,15.06,14.51,14.92,True,中国西电,False
2026-07-01,15.894,15.904,15.274,15.474,1614559.0,2341110550.0,14.92,14.93,14.3,14.5,True,中国西电,False
2026-07-02,15.234,15.574,14.984,15.034,1224935.0,1722258610.0,14.26,14.6,14.01,14.06,True,中国西电,False
2026-07-03,15.034,15.514,14.974,15.264,1061861.0,1517399369.0,14.06,14.54,14.0,14.29,True,中国西电,False
2026-07-06,15.394,15.544,14.974,14.994,1039551.0,1457450502.0,14.42,14.57,14.0,14.02,True,中国西电,False
2026-07-07,15.104,15.154,14.484,14.554,918213.0,1246933254.0,14.13,14.18,13.51,13.58,True,中国西电,False
2026-07-08,14.514,14.604,14.194,14.244,847067.0,1124057909.0,13.54,13.63,13.22,13.27,True,中国西电,False
2026-07-09,14.224,14.324,13.584,14.284,1335212.0,1777167172.0,13.25,13.35,12.61,13.31,True,中国西电,False
2026-07-10,14.294,14.714,14.094,14.394,1237138.0,1660239196.0,13.32,13.74,13.12,13.42,True,中国西电,False
2026-07-13,14.244,14.244,13.354,13.364,1349726.0,1672310514.0,13.27,13.27,12.38,12.39,True,中国西电,False
2026-07-14,13.344,13.444,12.934,13.414,1109724.0,1380496656.0,12.37,12.47,11.96,12.44,True,中国西电,False
2026-07-15,13.534,13.534,13.004,13.064,920195.0,1112515755.0,12.56,12.56,12.03,12.09,True,中国西电,False
2026-07-16,12.974,13.084,12.624,12.674,1076872.0,1259940240.0,12.0,12.11,11.65,11.7,True,中国西电,False
2026-07-17,12.614,13.224,12.464,12.614,1519731.0,1768966884.0,11.64,12.25,11.49,11.64,True,中国西电,False
2026-07-20,12.724,13.374,12.654,13.304,2011185.0,2479791105.0,11.75,12.4,11.68,12.33,True,中国西电,False
2026-07-21,13.334,13.344,12.724,13.324,1892269.0,2336952215.0,12.36,12.37,11.75,12.35,True,中国西电,False
2026-07-22,13.174,13.694,13.054,13.384,1507850.0,1871241850.0,12.2,12.72,12.08,12.41,True,中国西电,False
2026-07-23,13.674,14.624,13.624,14.624,1828708.0,2496186420.0,12.7,13.65,12.65,13.65,True,中国西电,False
2026-07-24,14.984,15.454,14.504,14.524,3691072.0,5001402560.0,14.01,14.48,13.53,13.55,True,中国西电,False
2026-07-27,14.294,15.174,14.144,15.064,2818102.0,3970705718.0,13.32,14.2,13.17,14.09,True,中国西电,False
2026-07-28,14.744,14.754,14.274,14.414,2071605.0,2784237120.0,13.77,13.78,13.3,13.44,True,中国西电,False
2026-07-29,14.214,14.854,13.794,14.644,2142074.0,2928215158.0,13.24,13.88,12.82,13.67,True,中国西电,False
2026-07-30,14.384,14.624,14.084,14.094,1688888.0,2215821056.0,13.41,13.65,13.11,13.12,True,中国西电,False
2026-07-31,14.274,14.514,14.174,14.314,1446676.0,1929865784.0,13.3,13.54,13.2,13.34,True,中国西电,False
2026-08-03,14.534,15.134,14.534,14.884,2275188.0,3164786508.0,13.56,14.16,13.56,13.91,True,中国西电,False
2026-08-04,15.074,15.544,14.654,15.344,2864042.0,4115628354.0,14.1,14.57,13.68,14.37,True,中国西电,False
2026-08-05,15.104,15.524,14.994,15.384,2557695.0,3685638495.0,14.13,14.55,14.02,14.41,True,中国西电,False
2026-08-06,15.274,15.274,14.904,15.004,1872549.0,2627186247.0,14.3,14.3,13.93,14.03,True,中国西电,False
2026-08-07,14.894,15.074,14.784,15.044,1347206.0,1895518842.0,13.92,14.1,13.81,14.07,True,中国西电,False
2026-08-10,15.124,15.474,14.974,15.044,1670735.0,2350724145.0,14.15,14.5,14.0,14.07,True,中国西电,False
2026-08-11,14.824,15.024,14.774,14.774,1151093.0,1588508340.0,13.85,14.05,13.8,13.8,True,中国西电,False
2026-08-12,14.814,14.844,14.644,14.764,914322.0,1260850038.0,13.84,13.87,13.67,13.79,True,中国西电,False
2026-08-13,14.764,15.044,14.654,14.824,1453893.0,2013641805.0,13.79,14.07,13.68,13.85,True,中国西电,False
2026-08-14,14.784,14.804,14.374,14.484,1218526.0,1646228626.0,13.81,13.83,13.4,13.51,True,中国西电,False
2026-08-17,14.474,15.134,14.274,14.924,1583413.0,2208861135.0,13.5,14.16,13.3,13.95,True,中国西电,False
2026-08-18,14.774,15.034,14.474,14.594,1235376.0,1682582112.0,13.8,14.06,13.5,13.62,True,中国西电,False
2026-08-19,14.414,14.424,13.974,13.974,1058667.0,1376267100.0,13.44,13.45,13.0,13.0,True,中国西电,False
2026-08-20,14.154,14.214,13.724,13.784,858073.0,1099191513.0,13.18,13.24,12.75,12.81,True,中国西电,False
2026-08-21,13.694,13.924,13.614,13.854,567419.0,730835672.0,12.72,12.95,12.64,12.88,True,中国西电,False
2026-08-24,13.864,13.874,13.534,13.704,624772.0,795334756.0,12.89,12.9,12.56,12.73,True,中国西电,False
2026-08-25,13.694,13.824,13.544,13.794,520029.0,666677178.0,12.72,12.85,12.57,12.82,True,中国西电,False
2026-08-26,13.774,14.014,13.744,13.954,644088.0,836026224.0,12.8,13.04,12.77,12.98,True,中国西电,False
2026-08-27,13.84649614791988,13.954,13.67448998459168,13.954,743353.0,955600000.0,12.88,12.98,12.72,12.98,True,中国西电,True
