date,open,high,low,close,volume,amount,raw_open,raw_high,raw_low,raw_close,tradable,name,provisional
2016-03-07,11.03,13.23,11.03,13.23,385.0,509355.0,11.03,13.23,11.03,13.23,True,千禾味业,False
2016-03-08,14.55,14.55,14.55,14.55,219.0,318645.0,14.55,14.55,14.55,14.55,True,千禾味业,False
2016-03-09,16.01,16.01,16.01,16.01,206.0,329806.00000000006,16.01,16.01,16.01,16.01,True,千禾味业,False
2016-03-10,17.61,17.61,17.61,17.61,375.0,660375.0,17.61,17.61,17.61,17.61,True,千禾味业,False
2016-03-11,19.37,19.37,19.37,19.37,2463.0,4770831.0,19.37,19.37,19.37,19.37,True,千禾味业,False
2016-03-14,21.31,21.31,21.31,21.31,2225.0,4741475.0,21.31,21.31,21.31,21.31,True,千禾味业,False
2016-03-15,23.44,23.44,23.44,23.44,1588.0,3722272.0,23.44,23.44,23.44,23.44,True,千禾味业,False
2016-03-16,25.78,25.78,25.78,25.78,6905.0,17801090.0,25.78,25.78,25.78,25.78,True,千禾味业,False
2016-03-17,28.35,28.36,26.81,28.36,205515.0,582840540.0,28.35,28.36,26.81,28.36,True,千禾味业,False
2016-03-18,29.0,30.99,28.65,29.21,278232.0,812715672.0,29.0,30.99,28.65,29.21,True,千禾味业,False
2016-03-21,28.61,31.55,28.18,30.19,222755.0,672497345.0,28.61,31.55,28.18,30.19,True,千禾味业,False
2016-03-22,29.34,30.1,28.8,29.0,147082.0,426537800.0,29.34,30.1,28.8,29.0,True,千禾味业,False
2016-03-23,28.35,28.66,27.7,28.4,109789.0,311800760.0,28.35,28.66,27.7,28.4,True,千禾味业,False
2016-03-24,28.44,31.24,28.2,31.24,164040.0,512460960.0,28.44,31.24,28.2,31.24,True,千禾味业,False
2016-03-25,32.0,33.27,29.18,29.86,187312.0,559313632.0,32.0,33.27,29.18,29.86,True,千禾味业,False
2016-03-28,30.3,30.39,27.8,28.31,134102.0,379642762.0,30.3,30.39,27.8,28.31,True,千禾味业,False
2016-03-29,28.1,28.1,26.77,27.24,86850.0,236579400.0,28.1,28.1,26.77,27.24,True,千禾味业,False
2016-03-30,27.61,28.24,27.25,28.18,83055.0,234048990.0,27.61,28.24,27.25,28.18,True,千禾味业,False
2016-03-31,28.28,28.35,27.6,27.7,73721.0,204207170.0,28.28,28.35,27.6,27.7,True,千禾味业,False
2016-04-01,27.55,28.18,27.05,27.97,63454.0,177480838.0,27.55,28.18,27.05,27.97,True,千禾味业,False
2016-04-05,27.76,28.36,27.06,28.19,84013.0,236832647.0,27.76,28.36,27.06,28.19,True,千禾味业,False
2016-04-06,28.0,28.44,27.67,27.91,60327.0,168372657.0,28.0,28.44,27.67,27.91,True,千禾味业,False
2016-04-07,27.81,28.59,27.81,27.88,70192.0,195695296.0,27.81,28.59,27.81,27.88,True,千禾味业,False
2016-04-08,27.62,27.94,27.16,27.91,49834.0,139086694.0,27.62,27.94,27.16,27.91,True,千禾味业,False
2016-04-11,28.3,29.93,28.13,29.44,113905.0,335336320.0,28.3,29.93,28.13,29.44,True,千禾味业,False
2016-04-12,29.0,30.51,28.81,29.52,108278.0,319636656.0,29.0,30.51,28.81,29.52,True,千禾味业,False
2016-04-13,29.36,30.18,29.1,29.59,94284.0,278986356.0,29.36,30.18,29.1,29.59,True,千禾味业,False
2016-04-14,29.7,32.55,29.65,32.55,126818.0,412792590.0,29.7,32.55,29.65,32.55,True,千禾味业,False
2016-04-15,33.22,33.95,31.47,31.89,186760.0,595577640.0,33.22,33.95,31.47,31.89,True,千禾味业,False
2016-04-18,30.7,30.87,29.59,30.55,103224.0,315349320.0,30.7,30.87,29.59,30.55,True,千禾味业,False
2016-04-19,30.7,31.55,30.26,30.56,78971.0,241335376.0,30.7,31.55,30.26,30.56,True,千禾味业,False
2016-04-20,30.41,31.5,28.01,29.18,104041.0,303591638.0,30.41,31.5,28.01,29.18,True,千禾味业,False
2016-04-21,28.9,29.39,28.3,28.49,68973.0,196504077.0,28.9,29.39,28.3,28.49,True,千禾味业,False
2016-04-22,28.01,28.7,27.88,28.67,45873.0,131517891.0,28.01,28.7,27.88,28.67,True,千禾味业,False
2016-04-25,28.39,28.39,27.4,28.02,43128.0,120844656.0,28.39,28.39,27.4,28.02,True,千禾味业,False
2016-04-26,27.99,28.57,27.88,28.51,34604.0,98656004.0,27.99,28.57,27.88,28.51,True,千禾味业,False
2016-04-27,28.51,29.27,28.43,28.74,52142.0,149856108.0,28.51,29.27,28.43,28.74,True,千禾味业,False
2016-04-28,28.9,28.98,27.6,28.19,50799.0,143202381.0,28.9,28.98,27.6,28.19,True,千禾味业,False
2016-04-29,27.98,28.4,27.82,28.07,27014.0,75828298.0,27.98,28.4,27.82,28.07,True,千禾味业,False
2016-05-03,28.1,29.77,28.06,29.51,62257.0,183720407.0,28.1,29.77,28.06,29.51,True,千禾味业,False
2016-05-04,29.4,30.85,29.3,30.01,77727.0,233258727.0,29.4,30.85,29.3,30.01,True,千禾味业,False
2016-05-05,30.01,30.61,29.8,30.3,58904.0,178479120.0,30.01,30.61,29.8,30.3,True,千禾味业,False
2016-05-06,30.5,31.66,28.79,28.97,88889.0,257511433.0,30.5,31.66,28.79,28.97,True,千禾味业,False
2016-05-09,28.2,28.39,27.61,27.77,56524.0,156967148.0,28.2,28.39,27.61,27.77,True,千禾味业,False
2016-05-10,27.8,28.59,27.7,28.36,42924.0,121732464.0,27.8,28.59,27.7,28.36,True,千禾味业,False
2016-05-11,28.45,30.31,28.31,29.47,88121.0,259692587.0,28.45,30.31,28.31,29.47,True,千禾味业,False
2016-05-12,28.5,28.5,27.2,27.99,62528.0,175015872.0,28.5,28.5,27.2,27.99,True,千禾味业,False
2016-05-13,27.85,28.58,27.5,27.77,39984.0,111035568.0,27.85,28.58,27.5,27.77,True,千禾味业,False
2016-05-16,27.77,28.66,27.52,28.64,39875.0,114202000.0,27.77,28.66,27.52,28.64,True,千禾味业,False
2016-05-17,28.55,28.61,27.88,27.99,39704.0,111131496.0,28.55,28.61,27.88,27.99,True,千禾味业,False
2016-05-18,27.7,27.7,26.3,26.91,47516.0,127865556.0,27.7,27.7,26.3,26.91,True,千禾味业,False
2016-05-19,26.88,27.37,26.8,26.92,29970.0,80679240.0,26.88,27.37,26.8,26.92,True,千禾味业,False
2016-05-20,26.3,27.22,26.08,27.21,30553.0,83134713.0,26.3,27.22,26.08,27.21,True,千禾味业,False
2016-05-23,27.3,28.33,27.2,28.0,41997.0,117591600.0,27.3,28.33,27.2,28.0,True,千禾味业,False
2016-05-24,27.92,27.92,27.23,27.53,27223.0,74944919.0,27.92,27.92,27.23,27.53,True,千禾味业,False
2016-05-25,27.88,28.12,27.5,27.64,25569.0,70672716.0,27.88,28.12,27.5,27.64,True,千禾味业,False
2016-05-26,27.67,27.99,26.8,27.97,30718.0,85918246.0,27.67,27.99,26.8,27.97,True,千禾味业,False
2016-05-27,28.2,30.51,28.14,29.42,99987.0,294161754.0,28.2,30.51,28.14,29.42,True,千禾味业,False
2016-05-30,28.85,29.5,28.0,29.12,54349.0,158264288.0,28.85,29.5,28.0,29.12,True,千禾味业,False
2016-05-31,29.0,31.03,29.0,30.53,86074.0,262783922.0,29.0,31.03,29.0,30.53,True,千禾味业,False
2016-06-01,30.39,31.59,30.15,30.52,86382.0,263637864.0,30.39,31.59,30.15,30.52,True,千禾味业,False
2016-06-02,30.55,32.85,30.5,32.04,98094.0,314293176.0,30.55,32.85,30.5,32.04,True,千禾味业,False
2016-06-03,31.78,33.87,31.11,32.71,120982.0,395732122.0,31.78,33.87,31.11,32.71,True,千禾味业,False
2016-06-06,32.51,33.75,31.83,33.27,92044.0,306230388.0,32.51,33.75,31.83,33.27,True,千禾味业,False
2016-06-07,33.37,35.2,32.88,34.59,114552.0,396235368.00000006,33.37,35.2,32.88,34.59,True,千禾味业,False
2016-06-08,34.55,34.55,32.76,32.81,86429.0,283573549.0,34.55,34.55,32.76,32.81,True,千禾味业,False
2016-06-13,31.83,32.0,29.54,29.57,84730.0,250546610.0,31.83,32.0,29.54,29.57,True,千禾味业,False
2016-06-14,29.63,31.3,29.57,30.74,61355.0,188605270.0,29.63,31.3,29.57,30.74,True,千禾味业,False
2016-06-15,30.3,33.33,30.02,32.38,75820.0,245505160.00000003,30.3,33.33,30.02,32.38,True,千禾味业,False
2016-06-16,32.26,33.17,31.59,32.02,53318.0,170724236.00000003,32.26,33.17,31.59,32.02,True,千禾味业,False
2016-06-17,32.38,33.13,31.8,33.09,61073.0,201479827.0,32.28,33.03,31.7,32.99,True,千禾味业,False
2016-06-20,33.15,35.29,32.1,34.27,95773.0,327256341.0,33.05,35.19,32.0,34.17,True,千禾味业,False
2016-06-21,34.2,35.35,33.36,33.42,87874.0,292796168.0,34.1,35.25,33.26,33.32,True,千禾味业,False
2016-06-22,33.1,35.09,32.8,34.83,83195.0,288936235.0,33.0,34.99,32.7,34.73,True,千禾味业,False
2016-06-23,34.65,35.87,33.97,35.0,80190.0,279863100.0,34.55,35.77,33.87,34.9,True,千禾味业,False
2016-06-24,34.68,35.2,32.7,33.75,71507.0,240621055.0,34.58,35.1,32.6,33.65,True,千禾味业,False
2016-06-27,33.68,36.15,33.45,35.81,80148.0,286208508.0,33.58,36.05,33.35,35.71,True,千禾味业,False
2016-06-28,35.43,36.79,35.0,35.74,76840.0,273857760.0,35.33,36.69,34.9,35.64,True,千禾味业,False
2016-06-29,35.78,37.98,35.16,37.51,92341.0,345447680.99999994,35.68,37.88,35.06,37.41,True,千禾味业,False
2016-06-30,36.6,36.84,35.26,35.37,77817.0,274460559.0,36.5,36.74,35.16,35.27,True,千禾味业,False
2016-07-01,35.8,36.5,35.26,35.71,44462.0,158329182.0,35.7,36.4,35.16,35.61,True,千禾味业,False
2016-07-04,35.41,37.35,35.41,37.15,57409.0,212700345.0,35.31,37.25,35.31,37.05,True,千禾味业,False
2016-07-05,37.1,38.6,37.1,38.17,74266.0,282730662.0,37.0,38.5,37.0,38.07,True,千禾味业,False
2016-07-06,38.18,39.18,37.26,38.46,66076.0,253467536.0,38.08,39.08,37.16,38.36,True,千禾味业,False
2016-07-07,38.55,38.88,37.6,38.54,49977.0,192111588.0,38.45,38.78,37.5,38.44,True,千禾味业,False
2016-07-08,38.65,40.05,38.27,39.19,61244.0,239402796.00000003,38.55,39.95,38.17,39.09,True,千禾味业,False
2016-07-11,38.88,39.98,37.57,38.0,65980.0,250064200.0,38.78,39.88,37.47,37.9,True,千禾味业,False
2016-07-12,37.7,39.9,36.97,39.75,65342.0,259081030.0,37.6,39.8,36.87,39.65,True,千禾味业,False
2016-07-13,39.76,40.1,38.1,39.05,50895.0,198236025.0,39.66,40.0,38.0,38.95,True,千禾味业,False
2016-07-14,39.1,40.58,38.76,40.49,70085.0,283073315.0,39.0,40.48,38.66,40.39,True,千禾味业,False
2016-07-15,40.58,40.65,39.75,40.06,47977.0,191716092.0,40.48,40.55,39.65,39.96,True,千禾味业,False
2016-07-18,39.76,39.89,38.9,39.08,44445.0,173246610.0,39.66,39.79,38.8,38.98,True,千禾味业,False
2016-07-19,38.8,39.48,37.81,38.53,39963.0,153577809.0,38.7,39.38,37.71,38.43,True,千禾味业,False
2016-07-20,38.59,38.78,38.0,38.33,26922.0,102922806.0,38.49,38.68,37.9,38.23,True,千禾味业,False
2016-07-21,38.19,38.76,37.6,37.82,31556.0,119029232.0,38.09,38.66,37.5,37.72,True,千禾味业,False
2016-07-22,37.48,37.9,35.85,36.15,57061.0,205704905.0,37.38,37.8,35.75,36.05,True,千禾味业,False
2016-07-25,35.6,36.7,35.53,36.19,29766.0,107425494.0,35.5,36.6,35.43,36.09,True,千禾味业,False
2016-07-26,36.18,36.71,35.91,36.53,25113.0,91486659.0,36.08,36.61,35.81,36.43,True,千禾味业,False
2016-07-27,36.6,36.83,33.18,34.09,48946.0,166367454.0,36.5,36.73,33.08,33.99,True,千禾味业,False
2016-07-28,33.8,34.3,33.09,34.06,27046.0,91848216.0,33.7,34.2,32.99,33.96,True,千禾味业,False
2016-07-29,34.2,34.59,33.78,33.89,19471.0,65792509.0,34.1,34.49,33.68,33.79,True,千禾味业,False
2016-08-01,33.1,33.56,31.41,32.3,23274.0,74942280.0,33.0,33.46,31.31,32.2,True,千禾味业,False
2016-08-02,32.3,33.1,32.11,33.08,19397.0,63971305.99999999,32.2,33.0,32.01,32.98,True,千禾味业,False
2016-08-03,32.89,34.4,32.6,34.07,30518.0,103669646.0,32.79,34.3,32.5,33.97,True,千禾味业,False
2016-08-04,33.9,34.42,33.55,33.93,17794.0,60197102.0,33.8,34.32,33.45,33.83,True,千禾味业,False
2016-08-05,33.83,34.4,33.83,33.92,20861.0,70551902.0,33.73,34.3,33.73,33.82,True,千禾味业,False
2016-08-08,33.7,33.96,32.92,33.82,16189.0,54589308.0,33.6,33.86,32.82,33.72,True,千禾味业,False
2016-08-09,33.61,34.55,33.55,34.5,20855.0,71741200.0,33.51,34.45,33.45,34.4,True,千禾味业,False
2016-08-10,34.5,34.89,34.17,34.57,19932.0,68705604.0,34.4,34.79,34.07,34.47,True,千禾味业,False
2016-08-11,34.28,34.59,33.28,33.32,20849.0,69260378.0,34.18,34.49,33.18,33.22,True,千禾味业,False
2016-08-12,33.1,33.77,33.1,33.65,13984.0,46916319.99999999,33.0,33.67,33.0,33.55,True,千禾味业,False
2016-08-15,34.1,37.01,33.81,37.01,74375.0,274518125.0,34.0,36.91,33.71,36.91,True,千禾味业,False
2016-08-16,37.9,40.59,37.43,39.23,112117.0,438713821.0,37.8,40.49,37.33,39.13,True,千禾味业,False
2016-08-17,38.82,38.92,37.62,38.35,67021.0,256355325.0,38.72,38.82,37.52,38.25,True,千禾味业,False
2016-08-18,38.36,39.09,37.4,38.74,71877.0,277732728.0,38.26,38.99,37.3,38.64,True,千禾味业,False
2016-08-19,38.26,39.2,37.6,38.06,52324.0,198621904.0,38.16,39.1,37.5,37.96,True,千禾味业,False
2016-08-22,37.86,38.39,36.5,36.67,41497.0,151754529.0,37.76,38.29,36.4,36.57,True,千禾味业,False
2016-08-23,36.7,37.26,36.28,36.59,28096.0,102522304.0,36.6,37.16,36.18,36.49,True,千禾味业,False
2016-08-24,36.6,37.45,36.34,36.87,27661.0,101709497.0,36.5,37.35,36.24,36.77,True,千禾味业,False
2016-08-25,36.5,36.5,34.91,36.03,37869.0,136063317.0,36.4,36.4,34.81,35.93,True,千禾味业,False
2016-08-26,36.6,37.41,36.1,36.16,29138.0,105071628.0,36.5,37.31,36.0,36.06,True,千禾味业,False
2016-08-29,36.07,36.09,35.17,35.65,19518.0,69386490.0,35.97,35.99,35.07,35.55,True,千禾味业,False
2016-08-30,35.58,36.86,35.43,36.74,32210.0,118017440.0,35.48,36.76,35.33,36.64,True,千禾味业,False
2016-08-31,36.7,36.7,35.67,36.47,29613.0,107702481.0,36.6,36.6,35.57,36.37,True,千禾味业,False
2016-09-01,36.38,36.97,36.03,36.1,25202.0,90727200.0,36.28,36.87,35.93,36.0,True,千禾味业,False
2016-09-02,36.1,36.29,35.2,35.51,23384.0,82802743.99999999,36.0,36.19,35.1,35.41,True,千禾味业,False
2016-09-05,35.33,35.87,35.25,35.33,13730.0,48370789.99999999,35.23,35.77,35.15,35.23,True,千禾味业,False
2016-09-06,35.35,35.88,34.6,35.79,20291.0,72418579.0,35.25,35.78,34.5,35.69,True,千禾味业,False
2016-09-07,35.58,36.1,35.54,35.64,16355.0,58125670.0,35.48,36.0,35.44,35.54,True,千禾味业,False
2016-09-08,35.7,35.96,35.62,35.92,13525.0,48446550.0,35.6,35.86,35.52,35.82,True,千禾味业,False
2016-09-09,35.9,36.06,35.1,35.16,16535.0,57971710.00000001,35.8,35.96,35.0,35.06,True,千禾味业,False
2016-09-12,34.31,34.5,33.48,33.64,21982.0,73727628.0,34.21,34.4,33.38,33.54,True,千禾味业,False
2016-09-13,33.82,34.1,33.45,33.66,10754.0,36090424.0,33.72,34.0,33.35,33.56,True,千禾味业,False
2016-09-14,33.61,33.92,33.35,33.53,10965.0,36655995.0,33.51,33.82,33.25,33.43,True,千禾味业,False
2016-09-19,33.72,34.1,33.71,34.06,9320.0,31650720.0,33.62,34.0,33.61,33.96,True,千禾味业,False
2016-09-20,34.1,34.43,33.9,34.1,7223.0,24558200.0,34.0,34.33,33.8,34.0,True,千禾味业,False
2016-09-21,33.93,34.18,33.41,34.09,13726.0,46654674.0,33.83,34.08,33.31,33.99,True,千禾味业,False
2016-09-22,34.35,34.58,33.99,34.13,13361.0,45467483.0,34.25,34.48,33.89,34.03,True,千禾味业,False
2016-09-23,34.39,34.39,33.7,33.73,10794.0,36300222.0,34.29,34.29,33.6,33.63,True,千禾味业,False
2016-09-26,33.73,33.9,31.9,32.07,20969.0,67037893.0,33.63,33.8,31.8,31.97,True,千禾味业,False
2016-09-27,31.95,32.51,31.77,32.47,12563.0,40666431.0,31.85,32.41,31.67,32.37,True,千禾味业,False
2016-09-28,32.36,32.64,32.21,32.32,7237.0,23317614.0,32.26,32.54,32.11,32.22,True,千禾味业,False
2016-09-29,32.54,32.88,32.33,32.5,8361.0,27089640.0,32.44,32.78,32.23,32.4,True,千禾味业,False
2016-09-30,32.5,32.79,32.41,32.6,5632.0,18304000.0,32.4,32.69,32.31,32.5,True,千禾味业,False
2016-10-10,32.94,34.1,32.82,33.83,14569.0,49141236.99999999,32.84,34.0,32.72,33.73,True,千禾味业,False
2016-10-11,34.17,34.55,33.86,34.37,15891.0,54458457.00000001,34.07,34.45,33.76,34.27,True,千禾味业,False
2016-10-12,34.11,34.98,34.01,34.59,19004.0,65544796.00000001,34.01,34.88,33.91,34.49,True,千禾味业,False
2016-10-13,34.48,34.69,34.25,34.47,11277.0,38759049.0,34.38,34.59,34.15,34.37,True,千禾味业,False
2016-10-14,34.21,34.89,34.2,34.82,14267.0,49535024.0,34.11,34.79,34.1,34.72,True,千禾味业,False
2016-10-17,34.77,35.09,33.9,34.15,14775.0,50308874.99999999,34.67,34.99,33.8,34.05,True,千禾味业,False
2016-10-18,34.3,34.96,34.15,34.87,18651.0,64849527.00000001,34.2,34.86,34.05,34.77,True,千禾味业,False
2016-10-19,34.97,35.58,34.95,35.09,22454.0,78566546.0,34.87,35.48,34.85,34.99,True,千禾味业,False
2016-10-20,35.35,35.46,34.93,35.29,17101.0,60178418.99999999,35.25,35.36,34.83,35.19,True,千禾味业,False
2016-10-21,35.45,35.45,34.62,35.37,19332.0,68183964.0,35.35,35.35,34.52,35.27,True,千禾味业,False
2016-10-24,35.4,36.07,35.08,35.71,24283.0,86471763.0,35.3,35.97,34.98,35.61,True,千禾味业,False
2016-10-25,35.71,36.1,35.45,35.88,20795.0,74404510.0,35.61,36.0,35.35,35.78,True,千禾味业,False
2016-10-26,35.86,35.86,35.25,35.39,17075.0,60257675.0,35.76,35.76,35.15,35.29,True,千禾味业,False
2016-10-27,35.7,35.8,35.4,35.67,14792.0,52615144.0,35.6,35.7,35.3,35.57,True,千禾味业,False
2016-10-28,35.7,36.25,35.43,35.77,25595.0,91297365.0,35.6,36.15,35.33,35.67,True,千禾味业,False
2016-10-31,35.46,35.88,34.98,35.67,23428.0,83333396.0,35.36,35.78,34.88,35.57,True,千禾味业,False
2016-11-01,35.6,38.58,35.6,37.71,56612.0,212917732.0,35.5,38.48,35.5,37.61,True,千禾味业,False
2016-11-02,37.25,37.65,36.78,36.88,48038.0,176683764.0,37.15,37.55,36.68,36.78,True,千禾味业,False
2016-11-03,36.6,38.28,36.59,37.39,45827.0,170888883.0,36.5,38.18,36.49,37.29,True,千禾味业,False
2016-11-04,37.11,39.24,37.11,38.68,62506.0,241148148.0,37.01,39.14,37.01,38.58,True,千禾味业,False
2016-11-07,39.17,39.67,37.91,38.4,44153.0,169105990.0,39.07,39.57,37.81,38.3,True,千禾味业,False
2016-11-08,38.48,39.76,38.3,39.49,52081.0,205147059.0,38.38,39.66,38.2,39.39,True,千禾味业,False
2016-11-09,39.2,39.41,38.0,38.86,52257.0,202548132.0,39.1,39.31,37.9,38.76,True,千禾味业,False
2016-11-10,39.25,40.97,39.25,40.34,66064.0,265841536.0,39.15,40.87,39.15,40.24,True,千禾味业,False
2016-11-11,39.93,42.59,39.91,40.07,72309.0,289019073.0,39.83,42.49,39.81,39.97,True,千禾味业,False
2016-11-14,39.91,40.79,39.26,40.71,59910.0,243294510.0,39.81,40.69,39.16,40.61,True,千禾味业,False
2016-11-15,40.8,43.89,40.53,42.71,79419.0,338404359.0,40.7,43.79,40.43,42.61,True,千禾味业,False
2016-11-16,42.14,42.57,41.05,41.13,43116.0,176904948.0,42.04,42.47,40.95,41.03,True,千禾味业,False
2016-11-17,40.99,40.99,39.4,40.07,45449.0,181659653.0,40.89,40.89,39.3,39.97,True,千禾味业,False
2016-11-18,40.08,42.76,40.08,41.89,56385.0,235632915.0,39.98,42.66,39.98,41.79,True,千禾味业,False
2016-11-21,41.9,46.07,41.46,44.63,96909.0,431535777.0,41.8,45.97,41.36,44.53,True,千禾味业,False
2016-11-22,44.31,45.77,43.8,44.57,68903.0,306411641.0,44.21,45.67,43.7,44.47,True,千禾味业,False
2016-11-23,44.1,44.6,43.16,43.73,35799.0,156191037.0,44.0,44.5,43.06,43.63,True,千禾味业,False
2016-11-24,43.45,45.36,42.54,43.09,48363.0,207912537.0,43.35,45.26,42.44,42.99,True,千禾味业,False
2016-11-25,42.65,43.4,41.44,43.06,39363.0,169103448.0,42.55,43.3,41.34,42.96,True,千禾味业,False
2016-11-28,42.7,43.29,41.22,41.51,33325.0,137998825.0,42.6,43.19,41.12,41.41,True,千禾味业,False
2016-11-29,41.21,41.98,39.86,39.99,32468.0,129514852.0,41.11,41.88,39.76,39.89,True,千禾味业,False
2016-11-30,39.99,40.89,39.58,40.51,27546.0,111313386.0,39.89,40.79,39.48,40.41,True,千禾味业,False
2016-12-01,40.81,40.81,39.97,40.27,20300.0,81545100.0,40.71,40.71,39.87,40.17,True,千禾味业,False
2016-12-02,40.02,40.23,39.3,39.55,24534.0,96786630.0,39.92,40.13,39.2,39.45,True,千禾味业,False
2016-12-05,40.0,40.58,39.05,40.07,22619.0,90408143.0,39.9,40.48,38.95,39.97,True,千禾味业,False
2016-12-06,39.56,40.37,39.56,39.83,15907.0,63198510.99999999,39.46,40.27,39.46,39.73,True,千禾味业,False
2016-12-07,39.88,40.15,39.08,40.1,22864.0,91456000.0,39.78,40.05,38.98,40.0,True,千禾味业,False
2016-12-08,40.6,41.8,40.18,41.41,45238.0,186878178.0,40.5,41.7,40.08,41.31,True,千禾味业,False
2016-12-09,41.1,41.12,40.11,40.21,24840.0,99633240.0,41.0,41.02,40.01,40.11,True,千禾味业,False
2016-12-12,40.09,40.3,38.0,38.26,36067.0,137631672.0,39.99,40.2,37.9,38.16,True,千禾味业,False
2016-12-13,38.11,38.88,37.9,38.57,18358.0,70623226.0,38.01,38.78,37.8,38.47,True,千禾味业,False
2016-12-14,38.31,38.92,38.31,38.78,10578.0,40915704.0,38.21,38.82,38.21,38.68,True,千禾味业,False
2016-12-15,38.98,40.7,38.68,40.18,32748.0,131253984.0,38.88,40.6,38.58,40.08,True,千禾味业,False
2016-12-16,40.17,40.69,39.92,40.36,24498.0,98628948.0,40.07,40.59,39.82,40.26,True,千禾味业,False
2016-12-19,40.39,42.7,40.3,41.88,43022.0,179745916.0,40.29,42.6,40.2,41.78,True,千禾味业,False
2016-12-20,41.8,43.6,41.6,43.39,48675.0,210714075.0,41.7,43.5,41.5,43.29,True,千禾味业,False
2016-12-21,43.8,43.95,42.8,43.49,35796.0,155318844.0,43.7,43.85,42.7,43.39,True,千禾味业,False
2016-12-22,43.3,43.39,42.5,42.92,24489.0,104861898.0,43.2,43.29,42.4,42.82,True,千禾味业,False
2016-12-23,42.61,44.3,42.52,42.83,25337.0,108265001.0,42.51,44.2,42.42,42.73,True,千禾味业,False
2016-12-26,42.62,43.46,42.19,42.85,18309.0,78270975.0,42.52,43.36,42.09,42.75,True,千禾味业,False
2016-12-27,42.79,43.28,42.0,42.12,20324.0,85401448.0,42.69,43.18,41.9,42.02,True,千禾味业,False
2016-12-28,42.25,42.8,41.91,42.19,18021.0,75850389.0,42.15,42.7,41.81,42.09,True,千禾味业,False
2016-12-29,42.4,44.7,42.1,44.19,42528.0,187505952.0,42.3,44.6,42.0,44.09,True,千禾味业,False
2016-12-30,44.21,45.15,43.43,45.07,45387.0,204105339.0,44.11,45.05,43.33,44.97,True,千禾味业,False
2017-01-03,45.12,46.63,45.1,45.22,49779.0,224602848.0,45.02,46.53,45.0,45.12,True,千禾味业,False
2017-01-04,44.9,45.76,44.5,45.09,27374.0,123155626.0,44.8,45.66,44.4,44.99,True,千禾味业,False
2017-01-05,45.2,45.38,43.9,44.83,26220.0,117282060.0,45.1,45.28,43.8,44.73,True,千禾味业,False
2017-01-06,45.1,46.98,44.98,46.77,48786.0,227684262.0,45.0,46.88,44.88,46.67,True,千禾味业,False
2017-01-09,46.98,49.6,45.9,49.01,80131.0,391920721.0,46.88,49.5,45.8,48.91,True,千禾味业,False
2017-01-10,48.1,49.62,47.61,47.81,54796.0,261431716.0,48.0,49.52,47.51,47.71,True,千禾味业,False
2017-01-11,47.62,47.98,47.14,47.44,24390.0,115462260.0,47.52,47.88,47.04,47.34,True,千禾味业,False
2017-01-12,47.4,47.58,42.71,46.55,47004.0,218333580.0,47.3,47.48,42.61,46.45,True,千禾味业,False
2017-01-13,46.04,46.25,44.8,45.46,26865.0,121859640.0,45.94,46.15,44.7,45.36,True,千禾味业,False
2017-01-16,45.5,49.98,40.92,40.92,88968.0,363167376.0,45.4,49.88,40.82,40.82,True,千禾味业,False
2017-01-17,38.9,40.9,36.84,39.31,107561.0,421746681.0,38.8,40.8,36.74,39.21,True,千禾味业,False
2017-01-18,38.18,39.87,35.55,36.34,77437.0,280631688.0,38.08,39.77,35.45,36.24,True,千禾味业,False
2017-01-19,36.34,37.25,34.16,36.61,58174.0,212393274.0,36.24,37.15,34.06,36.51,True,千禾味业,False
2017-01-20,36.1,36.93,35.71,36.1,43820.0,157752000.0,36.0,36.83,35.61,36.0,True,千禾味业,False
2017-01-23,36.1,36.9,35.9,36.2,25128.0,90712080.0,36.0,36.8,35.8,36.1,True,千禾味业,False
2017-01-24,36.11,36.69,36.0,36.36,20702.0,75065452.0,36.01,36.59,35.9,36.26,True,千禾味业,False
2017-01-25,36.15,36.2,35.6,35.71,24149.0,85994589.0,36.05,36.1,35.5,35.61,True,千禾味业,False
2017-01-26,35.75,35.84,34.97,35.34,20328.0,71635872.0,35.65,35.74,34.87,35.24,True,千禾味业,False
2017-02-03,35.5,35.57,34.76,34.83,13633.0,47347408.99999999,35.4,35.47,34.66,34.73,True,千禾味业,False
2017-02-06,34.79,35.7,34.68,35.54,22463.0,79608872.0,34.69,35.6,34.58,35.44,True,千禾味业,False
2017-02-07,35.54,35.68,34.87,35.59,26401.0,93697149.0,35.44,35.58,34.77,35.49,True,千禾味业,False
2017-02-08,35.56,36.59,35.18,36.27,34666.0,125386922.0,35.46,36.49,35.08,36.17,True,千禾味业,False
2017-02-09,36.27,36.9,36.02,36.86,36322.0,133519672.0,36.17,36.8,35.92,36.76,True,千禾味业,False
2017-02-10,36.79,37.04,36.31,36.7,34000.0,124440000.0,36.69,36.94,36.21,36.6,True,千禾味业,False
2017-02-13,36.6,36.93,36.22,36.63,29132.0,106419196.0,36.5,36.83,36.12,36.53,True,千禾味业,False
2017-02-14,36.76,36.76,36.0,36.3,29110.0,105378200.0,36.66,36.66,35.9,36.2,True,千禾味业,False
2017-02-15,36.03,36.28,35.4,35.46,24001.0,84867536.0,35.93,36.18,35.3,35.36,True,千禾味业,False
2017-02-16,35.26,35.55,34.93,35.16,22121.0,77556226.0,35.16,35.45,34.83,35.06,True,千禾味业,False
2017-02-17,35.2,35.59,34.3,34.68,28652.0,99078616.0,35.1,35.49,34.2,34.58,True,千禾味业,False
2017-02-20,34.49,35.07,33.4,33.83,32979.0,111238167.0,34.39,34.97,33.3,33.73,True,千禾味业,False
2017-02-21,33.83,34.58,33.28,34.55,39737.0,136893965.0,33.73,34.48,33.18,34.45,True,千禾味业,False
2017-02-22,34.35,34.53,34.12,34.34,22411.0,76735264.0,34.25,34.43,34.02,34.24,True,千禾味业,False
2017-02-23,34.34,35.25,33.86,35.22,43112.0,151409344.0,34.24,35.15,33.76,35.12,True,千禾味业,False
2017-02-24,35.0,35.27,34.78,35.08,25846.0,90409308.0,34.9,35.17,34.68,34.98,True,千禾味业,False
2017-02-27,35.05,35.76,34.6,35.14,29116.0,102022464.0,34.95,35.66,34.5,35.04,True,千禾味业,False
2017-02-28,34.99,35.32,34.78,35.04,17949.0,62713805.99999999,34.89,35.22,34.68,34.94,True,千禾味业,False
2017-03-01,34.92,35.09,34.46,34.5,34850.0,119884000.0,34.82,34.99,34.36,34.4,True,千禾味业,False
2017-03-02,34.2,35.0,33.78,34.43,34697.0,119114801.0,34.1,34.9,33.68,34.33,True,千禾味业,False
2017-03-03,34.1,34.78,33.88,34.46,22788.0,78299568.0,34.0,34.68,33.78,34.36,True,千禾味业,False
2017-03-06,34.44,35.29,34.12,35.15,36258.0,127084290.0,34.34,35.19,34.02,35.05,True,千禾味业,False
2017-03-07,35.09,37.05,35.06,36.65,75967.0,277659385.0,34.99,36.95,34.96,36.55,True,千禾味业,False
2017-03-08,36.65,36.65,36.09,36.22,36603.0,132210036.0,36.55,36.55,35.99,36.12,True,千禾味业,False
2017-03-09,36.1,36.64,35.72,36.38,37448.0,135861344.0,36.0,36.54,35.62,36.28,True,千禾味业,False
2017-03-10,36.33,37.59,36.2,37.07,46802.0,173026994.0,36.23,37.49,36.1,36.97,True,千禾味业,False
2017-03-13,37.02,37.62,36.31,37.59,43172.0,161851828.0,36.92,37.52,36.21,37.49,True,千禾味业,False
2017-03-14,37.52,37.58,36.88,36.99,32232.0,118903848.0,37.42,37.48,36.78,36.89,True,千禾味业,False
2017-03-15,36.88,37.75,36.4,37.64,40318.0,151353772.0,36.78,37.65,36.3,37.54,True,千禾味业,False
2017-03-16,37.6,39.35,37.6,38.48,60177.0,230959326.00000003,37.5,39.25,37.5,38.38,True,千禾味业,False
2017-03-17,38.65,39.35,38.2,38.34,36098.0,138038752.0,38.55,39.25,38.1,38.24,True,千禾味业,False
2017-03-20,38.42,39.21,37.93,38.66,36380.0,140281280.0,38.32,39.11,37.83,38.56,True,千禾味业,False
2017-03-21,38.6,39.29,38.28,39.2,37737.0,147551670.0,38.5,39.19,38.18,39.1,True,千禾味业,False
2017-03-23,40.51,41.97,38.28,38.43,103220.0,395642260.0,40.41,41.87,38.18,38.33,True,千禾味业,False
2017-03-24,37.6,37.89,36.45,37.16,75706.0,280566436.0,37.5,37.79,36.35,37.06,True,千禾味业,False
2017-03-27,37.1,37.5,36.62,36.8,38391.0,140894970.0,37.0,37.4,36.52,36.7,True,千禾味业,False
2017-03-28,36.61,36.9,35.73,36.07,32142.0,115614774.0,36.51,36.8,35.63,35.97,True,千禾味业,False
2017-03-29,36.09,36.28,35.18,35.34,32418.0,114241032.0,35.99,36.18,35.08,35.24,True,千禾味业,False
2017-03-30,35.02,35.09,34.2,34.32,31820.0,108888040.0,34.92,34.99,34.1,34.22,True,千禾味业,False
2017-03-31,34.29,35.3,34.21,34.8,22631.0,78529570.0,34.19,35.2,34.11,34.7,True,千禾味业,False
2017-04-05,35.1,35.69,34.6,35.66,24534.0,87242904.0,35.0,35.59,34.5,35.56,True,千禾味业,False
2017-04-06,35.65,36.28,35.41,35.78,24586.0,87722848.0,35.55,36.18,35.31,35.68,True,千禾味业,False
2017-04-07,35.67,35.81,35.3,35.31,16206.0,57061326.0,35.57,35.71,35.2,35.21,True,千禾味业,False
2017-04-10,35.11,35.31,34.15,34.28,31624.0,108090832.0,35.01,35.21,34.05,34.18,True,千禾味业,False
2017-04-11,34.3,35.07,34.13,35.05,15303.0,53483985.00000001,34.2,34.97,34.03,34.95,True,千禾味业,False
2017-04-12,35.1,35.8,34.94,35.42,17908.0,63251056.0,35.0,35.7,34.84,35.32,True,千禾味业,False
2017-04-13,35.28,35.59,34.87,34.92,12498.0,43518036.0,35.18,35.49,34.77,34.82,True,千禾味业,False
2017-04-14,34.88,34.88,34.2,34.39,11195.0,38387655.0,34.78,34.78,34.1,34.29,True,千禾味业,False
2017-04-17,33.94,34.67,33.6,34.24,12175.0,41565450.0,33.84,34.57,33.5,34.14,True,千禾味业,False
2017-04-18,34.41,34.83,34.09,34.45,12568.0,43171080.0,34.31,34.73,33.99,34.35,True,千禾味业,False
2017-04-19,34.11,35.08,34.11,35.07,13888.0,48566336.0,34.01,34.98,34.01,34.97,True,千禾味业,False
2017-04-20,35.1,36.5,34.91,36.42,41362.0,150226784.0,35.0,36.4,34.81,36.32,True,千禾味业,False
2017-04-21,36.55,36.55,35.85,35.97,17533.0,62890870.99999999,36.45,36.45,35.75,35.87,True,千禾味业,False
2017-04-24,35.91,36.35,35.4,35.51,15973.0,56560392.99999999,35.81,36.25,35.3,35.41,True,千禾味业,False
2017-04-25,35.56,35.87,35.0,35.2,13526.0,47476260.0,35.46,35.77,34.9,35.1,True,千禾味业,False
2017-04-26,36.6,37.4,36.01,37.33,43944.0,163603512.0,36.5,37.3,35.91,37.23,True,千禾味业,False
2017-04-27,36.86,37.96,36.66,37.89,33503.0,126607837.0,36.76,37.86,36.56,37.79,True,千禾味业,False
2017-04-28,37.4,37.95,37.15,37.55,15246.0,57096270.00000001,37.3,37.85,37.05,37.45,True,千禾味业,False
2017-05-02,37.47,37.82,37.2,37.31,16077.0,59822517.0,37.37,37.72,37.1,37.21,True,千禾味业,False
2017-05-03,37.46,37.6,36.95,37.41,13142.0,49032802.0,37.36,37.5,36.85,37.31,True,千禾味业,False
2017-05-04,37.39,37.39,36.7,36.84,16086.0,59099964.0,37.29,37.29,36.6,36.74,True,千禾味业,False
2017-05-05,36.7,37.55,36.54,36.96,17743.0,65400698.0,36.6,37.45,36.44,36.86,True,千禾味业,False
2017-05-08,36.77,36.95,36.24,36.36,11269.0,40861394.0,36.67,36.85,36.14,36.26,True,千禾味业,False
2017-05-09,36.01,36.6,35.81,36.54,10915.0,39774260.0,35.91,36.5,35.71,36.44,True,千禾味业,False
2017-05-10,36.28,36.99,35.85,36.2,14383.0,51922630.0,36.18,36.89,35.75,36.1,True,千禾味业,False
2017-05-11,35.78,35.78,34.6,35.59,20533.0,72871617.0,35.68,35.68,34.5,35.49,True,千禾味业,False
2017-05-12,35.59,35.85,35.27,35.46,9914.0,35055904.0,35.49,35.75,35.17,35.36,True,千禾味业,False
2017-05-15,35.74,35.89,35.35,35.45,7610.0,26901350.0,35.64,35.79,35.25,35.35,True,千禾味业,False
2017-05-16,35.45,36.59,34.76,36.58,16200.0,59097599.99999999,35.35,36.49,34.66,36.48,True,千禾味业,False
2017-05-17,35.75,36.66,35.62,36.53,18311.0,66706973.0,35.65,36.56,35.52,36.43,True,千禾味业,False
2017-05-18,36.13,36.55,36.1,36.34,9062.0,32840688.0,36.03,36.45,36.0,36.24,True,千禾味业,False
2017-05-19,36.33,36.54,35.18,35.37,13706.0,48341062.00000001,36.23,36.44,35.08,35.27,True,千禾味业,False
2017-05-22,35.13,35.36,33.67,33.72,24008.0,80714896.0,35.03,35.26,33.57,33.62,True,千禾味业,False
2017-05-23,33.62,33.85,32.11,32.51,18959.0,61446118.99999999,33.52,33.75,32.01,32.41,True,千禾味业,False
2017-05-24,32.25,32.34,30.75,31.12,30159.0,93553218.0,32.15,32.24,30.65,31.02,True,千禾味业,False
2017-05-25,31.19,31.87,30.7,31.64,13894.0,43821676.0,31.09,31.77,30.6,31.54,True,千禾味业,False
2017-05-26,31.6,31.97,31.18,31.31,21168.0,66065328.0,31.5,31.87,31.08,31.21,True,千禾味业,False
2017-05-31,32.18,33.35,31.89,32.19,17908.0,57466772.00000001,32.08,33.25,31.79,32.09,True,千禾味业,False
2017-06-01,32.3,32.4,31.2,31.23,10493.0,32664709.0,32.2,32.3,31.1,31.13,True,千禾味业,False
2017-06-02,31.45,32.27,30.62,32.18,9021.0,28939368.0,31.35,32.17,30.52,32.08,True,千禾味业,False
2017-06-05,32.41,33.08,32.2,32.94,11853.0,38925252.00000001,32.31,32.98,32.1,32.84,True,千禾味业,False
2017-06-06,32.92,33.69,32.51,33.31,12794.0,42488874.0,32.82,33.59,32.41,33.21,True,千禾味业,False
2017-06-07,33.468,36.068,33.288,34.688,29618.0,50942960.0,16.59,17.89,16.5,17.2,True,千禾味业,False
2017-06-08,34.208,36.188,34.068,35.588,70872.0,125089080.0,16.96,17.95,16.89,17.65,True,千禾味业,False
2017-06-09,35.448,35.688,34.688,35.408,33041.0,58019995.99999999,17.58,17.7,17.2,17.56,True,千禾味业,False
2017-06-12,35.228,35.728,34.728,34.788,21052.0,36314700.0,17.47,17.72,17.22,17.25,True,千禾味业,False
2017-06-13,34.688,35.588,34.688,35.288,19613.0,34322750.0,17.2,17.65,17.2,17.5,True,千禾味业,False
2017-06-14,35.148,36.428,35.128,35.688,32701.0,57880770.0,17.43,18.07,17.42,17.7,True,千禾味业,False
2017-06-15,35.688,36.288,35.468,35.928,22719.0,40485258.0,17.7,18.0,17.59,17.82,True,千禾味业,False
2017-06-16,36.088,36.188,34.848,35.108,27593.0,48039413.0,17.9,17.95,17.28,17.41,True,千禾味业,False
2017-06-19,35.088,35.388,34.728,35.068,26389.0,45890471.0,17.4,17.55,17.22,17.39,True,千禾味业,False
2017-06-20,35.368,35.368,34.828,34.868,16896.0,29213184.0,17.54,17.54,17.27,17.29,True,千禾味业,False
2017-06-21,35.168,35.368,34.908,35.148,19500.0,33988500.0,17.44,17.54,17.31,17.43,True,千禾味业,False
2017-06-22,35.088,35.848,35.068,35.128,27797.0,48422374.00000001,17.4,17.78,17.39,17.42,True,千禾味业,False
2017-06-23,35.188,35.848,34.348,35.768,28437.0,50447237.99999999,17.45,17.78,17.03,17.74,True,千禾味业,False
2017-06-26,35.768,36.648,35.428,36.568,38407.0,69670298.0,17.74,18.18,17.57,18.14,True,千禾味业,False
2017-06-27,36.488,37.348,36.248,37.168,34718.0,64019992.00000001,18.1,18.53,17.98,18.44,True,千禾味业,False
2017-06-28,36.888,37.508,36.288,36.488,29932.0,54176920.00000001,18.3,18.61,18.0,18.1,True,千禾味业,False
2017-06-29,36.628,37.828,36.588,37.488,35008.0,65114880.00000001,18.17,18.77,18.15,18.6,True,千禾味业,False
2017-06-30,37.508,37.648,36.868,37.268,20148.0,37253652.0,18.61,18.68,18.29,18.49,True,千禾味业,False
2017-07-03,37.468,37.468,36.808,37.448,17061.0,31699338.0,18.59,18.59,18.26,18.58,True,千禾味业,False
2017-07-04,37.388,37.828,37.188,37.568,20853.0,38869992.0,18.55,18.77,18.45,18.64,True,千禾味业,False
2017-07-05,37.588,37.728,37.328,37.648,20205.0,37742940.0,18.65,18.72,18.52,18.68,True,千禾味业,False
2017-07-06,37.488,37.648,37.048,37.208,16232.0,29964272.0,18.6,18.68,18.38,18.46,True,千禾味业,False
2017-07-07,37.248,37.388,36.868,37.028,15138.0,27808506.0,18.48,18.55,18.29,18.37,True,千禾味业,False
2017-07-10,37.048,37.508,36.808,36.988,16942.0,31088570.000000004,18.38,18.61,18.26,18.35,True,千禾味业,False
2017-07-11,36.888,36.988,35.988,36.148,24775.0,44421575.0,18.3,18.35,17.85,17.93,True,千禾味业,False
2017-07-12,36.148,36.688,35.728,36.608,16064.0,29172224.0,17.93,18.2,17.72,18.16,True,千禾味业,False
2017-07-13,36.688,36.728,35.848,35.908,15728.0,28011568.0,18.2,18.22,17.78,17.81,True,千禾味业,False
2017-07-14,36.228,36.268,35.688,35.988,10304.0,18392640.0,17.97,17.99,17.7,17.85,True,千禾味业,False
2017-07-17,35.708,35.888,33.648,34.808,26638.0,45977188.00000001,17.71,17.8,16.68,17.26,True,千禾味业,False
2017-07-18,34.468,35.048,33.268,33.588,36618.0,60968969.99999999,17.09,17.38,16.49,16.65,True,千禾味业,False
2017-07-19,33.688,34.788,33.528,34.428,18691.0,31905537.0,16.7,17.25,16.62,17.07,True,千禾味业,False
2017-07-20,34.408,34.948,33.888,34.508,21186.0,36249246.0,17.06,17.33,16.8,17.11,True,千禾味业,False
2017-07-21,34.388,34.528,33.868,34.028,15998.0,26988626.0,17.05,17.12,16.79,16.87,True,千禾味业,False
2017-07-24,33.888,34.148,33.488,33.868,21534.0,36155586.0,16.8,16.93,16.6,16.79,True,千禾味业,False
2017-07-25,33.828,34.528,33.568,34.248,12565.0,21335370.0,16.77,17.12,16.64,16.98,True,千禾味业,False
2017-07-26,33.968,34.588,33.968,34.208,9956.0,16885376.0,16.84,17.15,16.84,16.96,True,千禾味业,False
2017-07-27,34.288,35.028,33.708,34.868,17225.0,29782025.0,17.0,17.37,16.71,17.29,True,千禾味业,False
2017-07-28,34.828,35.928,34.488,35.488,21216.0,37340160.0,17.27,17.82,17.1,17.6,True,千禾味业,False
2017-07-31,35.328,35.708,35.128,35.688,12703.0,22484310.0,17.52,17.71,17.42,17.7,True,千禾味业,False
2017-08-01,35.888,35.888,34.748,34.968,17955.0,31133970.0,17.8,17.8,17.23,17.34,True,千禾味业,False
2017-08-02,35.068,35.388,34.788,35.188,11216.0,19571920.0,17.39,17.55,17.25,17.45,True,千禾味业,False
2017-08-03,34.968,35.628,34.948,35.328,10809.0,18937368.0,17.34,17.67,17.33,17.52,True,千禾味业,False
2017-08-04,35.788,35.788,31.888,34.048,25715.0,43406920.0,17.75,17.75,15.8,16.88,True,千禾味业,False
2017-08-07,34.068,34.508,33.888,34.408,8000.0,13647999.999999998,16.89,17.11,16.8,17.06,True,千禾味业,False
2017-08-08,34.288,34.548,33.888,33.968,18525.0,31196100.0,17.0,17.13,16.8,16.84,True,千禾味业,False
2017-08-09,33.988,34.588,33.708,34.248,13314.0,22607172.0,16.85,17.15,16.71,16.98,True,千禾味业,False
2017-08-10,34.428,34.848,34.048,34.668,18535.0,31861665.000000004,17.07,17.28,16.88,17.19,True,千禾味业,False
2017-08-11,34.368,35.428,34.048,35.008,18648.0,32372928.0,17.04,17.57,16.88,17.36,True,千禾味业,False
2017-08-14,35.288,35.748,34.748,35.468,18127.0,31885393.0,17.5,17.73,17.23,17.59,True,千禾味业,False
2017-08-15,35.468,38.908,35.288,38.348,88886.0,169150058.0,17.59,19.31,17.5,19.03,True,千禾味业,False
2017-08-16,37.868,38.488,37.468,38.128,48062.0,90933304.0,18.79,19.1,18.59,18.92,True,千禾味业,False
2017-08-17,38.068,38.248,37.308,37.928,33420.0,62896440.0,18.89,18.98,18.51,18.82,True,千禾味业,False
2017-08-18,38.048,38.048,37.488,37.888,16458.0,30941040.0,18.88,18.88,18.6,18.8,True,千禾味业,False
2017-08-21,37.928,38.668,37.888,37.908,20435.0,38438235.0,18.82,19.19,18.8,18.81,True,千禾味业,False
2017-08-22,37.748,40.028,37.308,39.708,58999.0,116287029.0,18.73,19.87,18.51,19.71,True,千禾味业,False
2017-08-23,39.288,39.428,38.508,38.828,31429.0,60563683.0,19.5,19.57,19.11,19.27,True,千禾味业,False
2017-08-24,38.268,38.548,36.788,36.968,44223.0,81104982.0,18.99,19.13,18.25,18.34,True,千禾味业,False
2017-08-25,37.668,37.968,36.928,37.008,26372.0,48418992.0,18.69,18.84,18.32,18.36,True,千禾味业,False
2017-08-28,37.308,38.368,36.948,38.248,33817.0,64184666.0,18.51,19.04,18.33,18.98,True,千禾味业,False
2017-08-29,38.368,38.448,37.608,37.728,18589.0,34798608.0,19.04,19.08,18.66,18.72,True,千禾味业,False
2017-08-30,37.728,38.048,37.528,37.648,14409.0,26916012.0,18.72,18.88,18.62,18.68,True,千禾味业,False
2017-08-31,37.888,38.008,37.288,37.648,17294.0,32305192.0,18.8,18.86,18.5,18.68,True,千禾味业,False
2017-09-01,37.448,37.768,36.988,37.148,23941.0,44123263.0,18.58,18.74,18.35,18.43,True,千禾味业,False
2017-09-04,37.388,38.588,37.308,38.528,41247.0,78864264.0,18.55,19.15,18.51,19.12,True,千禾味业,False
2017-09-05,38.288,39.488,38.108,39.428,48602.0,95114114.0,19.0,19.6,18.91,19.57,True,千禾味业,False
2017-09-06,39.608,39.988,39.068,39.328,29369.0,57328288.0,19.66,19.85,19.39,19.52,True,千禾味业,False
2017-09-07,39.128,39.748,38.828,39.108,25627.0,49742007.0,19.42,19.73,19.27,19.41,True,千禾味业,False
2017-09-08,39.288,41.168,39.248,40.868,53791.0,109141939.0,19.5,20.44,19.48,20.29,True,千禾味业,False
2017-09-11,40.828,43.548,40.428,43.268,66952.0,143879848.0,20.27,21.63,20.07,21.49,True,千禾味业,False
2017-09-12,42.648,43.788,42.008,42.188,54523.0,114225685.0,21.18,21.75,20.86,20.95,True,千禾味业,False
2017-09-13,42.008,42.668,41.788,42.408,28508.0,60037848.0,20.86,21.19,20.75,21.06,True,千禾味业,False
2017-09-14,42.748,43.568,41.608,41.828,41606.0,86415662.0,21.23,21.64,20.66,20.77,True,千禾味业,False
2017-09-15,41.988,43.208,41.228,42.428,34951.0,73641757.0,20.85,21.46,20.47,21.07,True,千禾味业,False
2017-09-18,42.488,43.068,42.068,42.328,32187.0,67657074.0,21.1,21.39,20.89,21.02,True,千禾味业,False
2017-09-19,42.288,42.968,41.508,41.648,27824.0,57540032.0,21.0,21.34,20.61,20.68,True,千禾味业,False
2017-09-20,41.388,42.628,41.388,42.268,32800.0,68847200.0,20.55,21.17,20.55,20.99,True,千禾味业,False
2017-09-21,41.828,44.008,41.688,43.448,48067.0,103728586.0,20.77,21.86,20.7,21.58,True,千禾味业,False
2017-09-22,43.088,43.588,42.388,42.528,28251.0,59666112.0,21.4,21.65,21.05,21.12,True,千禾味业,False
2017-09-25,42.328,44.588,42.328,44.168,56621.0,124226474.0,21.02,22.15,21.02,21.94,True,千禾味业,False
2017-09-26,44.268,46.248,43.808,45.988,65986.0,150778010.0,21.99,22.98,21.76,22.85,True,千禾味业,False
2017-09-27,45.368,46.868,45.288,45.908,40666.0,92759146.0,22.54,23.29,22.5,22.81,True,千禾味业,False
2017-09-28,45.488,46.608,45.288,45.728,28757.0,65335904.0,22.6,23.16,22.5,22.72,True,千禾味业,False
2017-09-29,45.748,47.408,45.748,46.728,36192.0,84037824.0,22.73,23.56,22.73,23.22,True,千禾味业,False
2017-10-09,47.288,47.288,45.808,46.028,38243.0,87461741.0,23.5,23.5,22.76,22.87,True,千禾味业,False
2017-10-10,46.068,46.088,45.008,45.808,28519.0,64909244.00000001,22.89,22.9,22.36,22.76,True,千禾味业,False
2017-10-11,45.788,47.208,45.208,46.788,48712.0,113255400.0,22.75,23.46,22.46,23.25,True,千禾味业,False
2017-10-12,46.588,47.808,46.208,47.568,37218.0,87983352.0,23.15,23.76,22.96,23.64,True,千禾味业,False
2017-10-13,47.548,48.308,47.008,47.788,31873.0,75698375.0,23.63,24.01,23.36,23.75,True,千禾味业,False
2017-10-16,47.808,47.988,45.588,46.468,38590.0,89104310.0,23.76,23.85,22.65,23.09,True,千禾味业,False
2017-10-17,45.788,46.688,45.288,46.048,27554.0,63043552.0,22.75,23.2,22.5,22.88,True,千禾味业,False
2017-10-18,46.048,46.268,44.688,45.108,24270.0,54389070.0,22.88,22.99,22.2,22.41,True,千禾味业,False
2017-10-19,44.888,45.888,43.508,43.548,39465.0,85362795.0,22.3,22.8,21.61,21.63,True,千禾味业,False
2017-10-20,43.508,45.148,43.448,45.088,26841.0,60123839.99999999,21.61,22.43,21.58,22.4,True,千禾味业,False
2017-10-23,45.088,45.568,43.148,43.568,55563.0,120238332.0,22.4,22.64,21.43,21.64,True,千禾味业,False
2017-10-24,43.688,44.188,42.608,44.048,29606.0,64777928.0,21.7,21.95,21.16,21.88,True,千禾味业,False
2017-10-25,44.168,46.588,43.928,45.268,70086.0,157623414.0,21.94,23.15,21.82,22.49,True,千禾味业,False
2017-10-26,43.768,43.768,42.108,43.468,98432.0,212514688.0,21.74,21.74,20.91,21.59,True,千禾味业,False
2017-10-27,43.148,43.188,42.388,42.888,56194.0,119693220.0,21.43,21.45,21.05,21.3,True,千禾味业,False
2017-10-30,42.888,42.928,40.348,41.168,55226.0,112881944.0,21.3,21.32,20.03,20.44,True,千禾味业,False
2017-10-31,41.288,41.968,40.888,41.668,26910.0,55676790.0,20.5,20.84,20.3,20.69,True,千禾味业,False
2017-11-01,41.488,43.788,41.408,43.368,53488.0,115213152.0,20.6,21.75,20.56,21.54,True,千禾味业,False
2017-11-02,43.288,43.988,42.968,43.088,29577.0,63294779.99999999,21.5,21.85,21.34,21.4,True,千禾味业,False
2017-11-03,42.988,44.048,42.908,43.308,31978.0,68784678.0,21.35,21.88,21.31,21.51,True,千禾味业,False
2017-11-06,43.788,45.288,42.928,45.028,43283.0,96824071.0,21.75,22.5,21.32,22.37,True,千禾味业,False
2017-11-07,44.868,45.868,44.788,45.148,42592.0,95533856.0,22.29,22.79,22.25,22.43,True,千禾味业,False
2017-11-08,45.088,45.088,43.928,44.028,35796.0,78285852.0,22.4,22.4,21.82,21.87,True,千禾味业,False
2017-11-09,43.688,44.648,43.548,43.868,22232.0,48443528.0,21.7,22.18,21.63,21.79,True,千禾味业,False
2017-11-10,43.868,44.448,43.528,44.268,27407.0,60267992.99999999,21.79,22.08,21.62,21.99,True,千禾味业,False
2017-11-13,43.728,44.128,42.908,43.328,44796.0,96400992.0,21.72,21.92,21.31,21.52,True,千禾味业,False
2017-11-14,43.348,43.488,42.108,42.268,28361.0,59529738.99999999,21.53,21.6,20.91,20.99,True,千禾味业,False
2017-11-15,42.088,42.728,41.488,42.408,24351.0,51283206.0,20.9,21.22,20.6,21.06,True,千禾味业,False
2017-11-16,42.388,42.848,41.908,42.468,15879.0,33488811.0,21.05,21.28,20.81,21.09,True,千禾味业,False
2017-11-17,42.308,43.228,41.228,41.308,29804.0,61128004.00000001,21.01,21.47,20.47,20.51,True,千禾味业,False
2017-11-20,41.108,42.268,37.208,41.748,23614.0,48951822.0,20.41,20.99,18.46,20.73,True,千禾味业,False
2017-11-21,41.348,43.108,41.348,42.388,25295.0,53245975.0,20.53,21.41,20.53,21.05,True,千禾味业,False
2017-11-22,42.368,42.388,40.928,41.248,33299.0,68196352.0,21.04,21.05,20.32,20.48,True,千禾味业,False
2017-11-23,41.248,41.628,38.328,38.908,57137.0,110331547.0,20.48,20.67,19.02,19.31,True,千禾味业,False
2017-11-24,38.888,39.368,37.908,38.828,19558.0,37688266.0,19.3,19.54,18.81,19.27,True,千禾味业,False
2017-11-27,38.688,38.888,38.048,38.148,12882.0,24385626.0,19.2,19.3,18.88,18.93,True,千禾味业,False
2017-11-28,36.208,37.168,35.288,36.788,40959.0,74750175.0,17.96,18.44,17.5,18.25,True,千禾味业,False
2017-11-29,36.808,37.608,35.508,37.488,35754.0,66502440.00000001,18.26,18.66,17.61,18.6,True,千禾味业,False
2017-11-30,37.168,37.648,36.728,36.828,16379.0,29924433.0,18.44,18.68,18.22,18.27,True,千禾味业,False
2017-12-01,36.688,37.868,36.368,37.588,13424.0,25035760.0,18.2,18.79,18.04,18.65,True,千禾味业,False
2017-12-04,37.688,37.808,37.088,37.408,11522.0,21384832.0,18.7,18.76,18.4,18.56,True,千禾味业,False
2017-12-05,37.388,38.028,37.088,37.568,16825.0,31361800.0,18.55,18.87,18.4,18.64,True,千禾味业,False
2017-12-06,37.448,38.088,36.688,37.368,8175.0,15156450.0,18.58,18.9,18.2,18.54,True,千禾味业,False
2017-12-07,37.388,37.488,37.048,37.448,5530.0,10274739.999999998,18.55,18.6,18.38,18.58,True,千禾味业,False
2017-12-08,37.668,38.688,37.288,38.368,15489.0,29491056.0,18.69,19.2,18.5,19.04,True,千禾味业,False
2017-12-11,38.368,41.948,38.368,40.868,43309.0,87873961.0,19.04,20.83,19.04,20.29,True,千禾味业,False
2017-12-12,40.868,41.028,39.688,39.748,18500.0,36500500.0,20.29,20.37,19.7,19.73,True,千禾味业,False
2017-12-13,39.888,40.468,39.648,40.008,10122.0,20102292.0,19.8,20.09,19.68,19.86,True,千禾味业,False
2017-12-14,39.908,40.008,38.848,39.228,16989.0,33077583.0,19.81,19.86,19.28,19.47,True,千禾味业,False
2017-12-15,38.848,39.208,38.388,38.568,12305.0,23551770.0,19.28,19.46,19.05,19.14,True,千禾味业,False
2017-12-18,38.608,39.928,37.948,39.748,29890.0,58972970.0,19.16,19.82,18.83,19.73,True,千禾味业,False
2017-12-19,39.688,40.388,39.308,39.728,11505.0,22687860.0,19.7,20.05,19.51,19.72,True,千禾味业,False
2017-12-20,39.628,39.948,38.948,39.568,18040.0,35430560.0,19.67,19.83,19.33,19.64,True,千禾味业,False
2017-12-21,39.608,39.668,38.708,38.908,18115.0,34980065.0,19.66,19.69,19.21,19.31,True,千禾味业,False
2017-12-22,39.088,39.388,38.548,38.588,24329.0,46590035.0,19.4,19.55,19.13,19.15,True,千禾味业,False
2017-12-25,38.608,39.168,37.288,37.668,21716.0,40587204.0,19.16,19.44,18.5,18.69,True,千禾味业,False
2017-12-26,37.668,37.768,35.688,36.208,56409.0,101310564.0,18.69,18.74,17.7,17.96,True,千禾味业,False
2017-12-27,36.368,36.828,36.048,36.228,20965.0,37674105.0,18.04,18.27,17.88,17.97,True,千禾味业,False
2017-12-28,36.048,36.388,35.728,36.088,15414.0,27591060.0,17.88,18.05,17.72,17.9,True,千禾味业,False
2017-12-29,36.388,36.768,36.028,36.268,16330.0,29377670.0,18.05,18.24,17.87,17.99,True,千禾味业,False
2018-01-02,36.448,37.448,36.268,37.288,21292.0,39390200.0,18.08,18.58,17.99,18.5,True,千禾味业,False
2018-01-03,37.288,39.188,37.108,38.808,35543.0,68455818.0,18.5,19.45,18.41,19.26,True,千禾味业,False
2018-01-04,38.808,39.128,38.508,38.908,16932.0,32695692.0,19.26,19.42,19.11,19.31,True,千禾味业,False
2018-01-05,38.928,39.388,38.648,39.048,14319.0,27750222.0,19.32,19.55,19.18,19.38,True,千禾味业,False
2018-01-08,39.048,39.488,38.168,38.788,11923.0,22951775.0,19.38,19.6,18.94,19.25,True,千禾味业,False
2018-01-09,38.708,39.488,38.688,39.308,14125.0,27557875.000000004,19.21,19.6,19.2,19.51,True,千禾味业,False
2018-01-10,39.448,39.748,38.528,38.908,13360.0,25798160.0,19.58,19.73,19.12,19.31,True,千禾味业,False
2018-01-11,38.908,38.908,38.308,38.428,12603.0,24033921.0,19.31,19.31,19.01,19.07,True,千禾味业,False
2018-01-12,38.428,38.988,37.928,38.868,19841.0,38273289.0,19.07,19.35,18.82,19.29,True,千禾味业,False
2018-01-15,38.328,38.808,37.448,37.988,24423.0,46037355.0,19.02,19.26,18.58,18.85,True,千禾味业,False
2018-01-16,37.948,38.288,37.348,37.688,15632.0,29231840.0,18.83,19.0,18.53,18.7,True,千禾味业,False
2018-01-17,37.288,38.008,37.188,37.888,16153.0,30367640.0,18.5,18.86,18.45,18.8,True,千禾味业,False
2018-01-18,37.708,37.948,36.728,36.828,20998.0,38363346.0,18.71,18.83,18.22,18.27,True,千禾味业,False
2018-01-19,36.888,37.108,36.348,36.428,14734.0,26624338.0,18.3,18.41,18.03,18.07,True,千禾味业,False
2018-01-22,36.508,36.828,36.128,36.748,19148.0,34906804.0,18.11,18.27,17.92,18.23,True,千禾味业,False
2018-01-23,36.848,37.048,35.688,36.068,35446.0,63412894.0,18.28,18.38,17.7,17.89,True,千禾味业,False
2018-01-24,36.448,36.988,36.128,36.768,28022.0,51112127.99999999,18.08,18.35,17.92,18.24,True,千禾味业,False
2018-01-25,36.628,36.928,36.288,36.528,19001.0,34429812.0,18.17,18.32,18.0,18.12,True,千禾味业,False
2018-01-26,36.528,36.828,36.228,36.708,17606.0,32060526.0,18.12,18.27,17.97,18.21,True,千禾味业,False
2018-01-29,36.488,37.588,36.488,37.288,24646.0,45595100.0,18.1,18.65,18.1,18.5,True,千禾味业,False
2018-01-30,37.288,37.688,37.088,37.308,15331.0,28377681.000000004,18.5,18.7,18.4,18.51,True,千禾味业,False
2018-01-31,37.288,37.688,35.908,36.368,19569.0,35302476.0,18.5,18.7,17.81,18.04,True,千禾味业,False
2018-02-01,36.288,36.488,34.068,34.248,25466.0,43241268.0,18.0,18.1,16.89,16.98,True,千禾味业,False
2018-02-02,34.248,34.768,33.768,34.548,14687.0,25158831.0,16.98,17.24,16.74,17.13,True,千禾味业,False
2018-02-05,34.288,34.488,33.228,33.528,17709.0,29432358.0,17.0,17.1,16.47,16.62,True,千禾味业,False
2018-02-06,32.868,32.868,30.288,31.508,31270.0,48812470.0,16.29,16.29,15.0,15.61,True,千禾味业,False
2018-02-07,32.288,32.808,30.788,31.888,13357.0,21104060.0,16.0,16.26,15.25,15.8,True,千禾味业,False
2018-02-08,31.768,32.908,31.528,32.728,11080.0,17971760.0,15.74,16.31,15.62,16.22,True,千禾味业,False
2018-02-09,32.088,33.688,31.688,33.388,31105.0,51478775.0,15.9,16.7,15.7,16.55,True,千禾味业,False
2018-02-12,33.288,34.488,33.168,33.848,11246.0,18870788.0,16.5,17.1,16.44,16.78,True,千禾味业,False
2018-02-13,34.048,34.888,33.708,33.848,12159.0,20402802.0,16.88,17.3,16.71,16.78,True,千禾味业,False
2018-02-14,33.708,33.988,33.688,33.868,4003.0,6721037.0,16.71,16.85,16.7,16.79,True,千禾味业,False
2018-02-22,34.008,34.888,34.008,34.708,10250.0,17640250.0,16.86,17.3,16.86,17.21,True,千禾味业,False
2018-02-23,34.628,34.868,33.088,33.568,20339.0,33844096.0,17.17,17.29,16.4,16.64,True,千禾味业,False
2018-02-26,33.848,34.628,33.588,34.508,19804.0,33884644.0,16.78,17.17,16.65,17.11,True,千禾味业,False
2018-02-27,34.688,34.788,34.328,34.568,12110.0,20756540.0,17.2,17.25,17.02,17.14,True,千禾味业,False
2018-02-28,34.688,36.048,34.328,35.828,24326.0,43227302.0,17.2,17.88,17.02,17.77,True,千禾味业,False
2018-03-01,35.648,36.148,35.468,35.948,13295.0,23704985.0,17.68,17.93,17.59,17.83,True,千禾味业,False
2018-03-02,35.988,35.988,35.408,35.568,8062.0,14221368.0,17.85,17.85,17.56,17.64,True,千禾味业,False
2018-03-05,35.568,35.568,34.788,35.068,12463.0,21673157.0,17.64,17.64,17.25,17.39,True,千禾味业,False
2018-03-06,35.068,35.588,34.788,35.408,11885.0,20870060.0,17.39,17.65,17.25,17.56,True,千禾味业,False
2018-03-07,35.688,36.648,35.568,35.988,17644.0,31494540.000000004,17.7,18.18,17.64,17.85,True,千禾味业,False
2018-03-08,35.968,36.708,35.568,36.488,14448.0,26150880.000000004,17.84,18.21,17.64,18.1,True,千禾味业,False
2018-03-09,36.528,36.708,36.208,36.708,12511.0,22782531.0,18.12,18.21,17.96,18.21,True,千禾味业,False
2018-03-12,36.488,37.068,36.408,36.928,14435.0,26444920.0,18.1,18.39,18.06,18.32,True,千禾味业,False
2018-03-13,36.948,36.988,36.108,36.168,13279.0,23822526.0,18.33,18.35,17.91,17.94,True,千禾味业,False
2018-03-14,36.168,36.368,35.728,36.048,10406.0,18605928.0,17.94,18.04,17.72,17.88,True,千禾味业,False
2018-03-15,36.048,36.248,35.588,36.028,7223.0,12907501.0,17.88,17.98,17.65,17.87,True,千禾味业,False
2018-03-16,36.028,36.268,35.368,35.428,10811.0,18994927.0,17.87,17.99,17.54,17.57,True,千禾味业,False
2018-03-19,35.288,36.028,35.288,35.928,9655.0,17205210.0,17.5,17.87,17.5,17.82,True,千禾味业,False
2018-03-20,36.088,37.028,35.688,36.868,22914.0,41909706.0,17.9,18.37,17.7,18.29,True,千禾味业,False
2018-03-21,36.988,37.088,36.508,36.508,11937.0,21617907.0,18.35,18.4,18.11,18.11,True,千禾味业,False
2018-03-22,36.408,36.868,35.788,35.848,16697.0,29687266.000000004,18.06,18.29,17.75,17.78,True,千禾味业,False
2018-03-23,34.908,34.908,33.448,33.928,26372.0,44357704.0,17.31,17.31,16.58,16.82,True,千禾味业,False
2018-03-26,33.388,34.928,33.308,34.788,17278.0,29804550.0,16.55,17.32,16.51,17.25,True,千禾味业,False
2018-03-27,34.988,36.088,34.968,35.608,13401.0,23666166.0,17.35,17.9,17.34,17.66,True,千禾味业,False
2018-03-28,35.468,36.028,35.188,35.588,13379.0,23613935.0,17.59,17.87,17.45,17.65,True,千禾味业,False
2018-03-29,35.588,36.368,35.468,35.708,12700.0,22491700.0,17.65,18.04,17.59,17.71,True,千禾味业,False
2018-03-30,35.808,37.288,35.748,37.208,31465.0,58084390.0,17.76,18.5,17.73,18.46,True,千禾味业,False
2018-04-02,37.228,38.728,37.208,38.068,38454.0,72639606.0,18.47,19.22,18.46,18.89,True,千禾味业,False
2018-04-03,37.468,40.208,37.268,39.648,57062.0,112298016.0,18.59,19.96,18.49,19.68,True,千禾味业,False
2018-04-04,39.108,40.208,39.108,39.268,33673.0,65628676.99999999,19.41,19.96,19.41,19.49,True,千禾味业,False
2018-04-09,39.128,39.328,38.128,39.148,22059.0,42860637.0,19.42,19.52,18.92,19.43,True,千禾味业,False
2018-04-10,39.148,40.348,39.148,40.268,39391.0,78742609.0,19.43,20.03,19.43,19.99,True,千禾味业,False
2018-04-11,40.268,41.468,40.088,40.628,39314.0,79296338.0,19.99,20.59,19.9,20.17,True,千禾味业,False
2018-04-12,40.348,41.288,39.908,40.648,31576.0,63720368.0,20.03,20.5,19.81,20.18,True,千禾味业,False
2018-04-13,40.608,41.228,39.908,40.048,22541.0,44811508.0,20.16,20.47,19.81,19.88,True,千禾味业,False
2018-04-16,40.188,40.848,39.528,40.128,35261.0,70239912.0,19.95,20.28,19.62,19.92,True,千禾味业,False
2018-04-17,40.128,40.588,39.128,39.448,26880.0,52631039.99999999,19.92,20.15,19.42,19.58,True,千禾味业,False
2018-04-18,39.388,40.788,38.548,40.588,32307.0,65098604.99999999,19.55,20.25,19.13,20.15,True,千禾味业,False
2018-04-19,40.868,40.868,39.988,40.408,20890.0,41905340.0,20.29,20.29,19.85,20.06,True,千禾味业,False
2018-04-20,40.468,40.608,38.888,39.308,21303.0,41562153.0,20.09,20.16,19.3,19.51,True,千禾味业,False
2018-04-23,38.968,39.568,37.468,37.728,38133.0,71384976.0,19.34,19.64,18.59,18.72,True,千禾味业,False
2018-04-24,37.788,41.468,37.788,41.468,55205.0,113667095.0,18.75,20.59,18.75,20.59,True,千禾味业,False
2018-04-25,42.408,43.288,41.088,42.908,70933.0,151158223.0,21.06,21.5,20.4,21.31,True,千禾味业,False
2018-04-26,40.514,41.694,38.674,38.674,82140.0,156558840.0,19.98,20.57,19.06,19.06,True,千禾味业,False
2018-04-27,37.554,37.634,36.154,37.074,85079.0,155354254.0,18.5,18.54,17.8,18.26,True,千禾味业,False
2018-05-02,37.094,38.114,36.554,37.974,44947.0,84095837.0,18.27,18.78,18.0,18.71,True,千禾味业,False
2018-05-03,38.034,38.034,36.854,37.534,24173.0,44695876.99999999,18.74,18.74,18.15,18.49,True,千禾味业,False
2018-05-04,37.534,37.834,37.174,37.734,17042.0,31681078.0,18.49,18.64,18.31,18.59,True,千禾味业,False
2018-05-07,37.754,39.894,37.274,39.814,46629.0,91532727.0,18.6,19.67,18.36,19.63,True,千禾味业,False
2018-05-08,39.794,40.154,39.334,39.734,34335.0,67262265.0,19.62,19.8,19.39,19.59,True,千禾味业,False
2018-05-09,39.654,41.154,39.474,40.554,45280.0,90560000.0,19.55,20.3,19.46,20.0,True,千禾味业,False
2018-05-10,40.254,41.714,40.254,41.554,45983.0,94265150.0,19.85,20.58,19.85,20.5,True,千禾味业,False
2018-05-11,41.534,41.754,40.554,41.074,34707.0,70316382.0,20.49,20.6,20.0,20.26,True,千禾味业,False
2018-05-14,40.454,41.734,40.454,41.274,31795.0,64734620.0,19.95,20.59,19.95,20.36,True,千禾味业,False
2018-05-15,41.394,45.354,41.394,45.354,137085.0,307070400.0,20.42,22.4,20.42,22.4,True,千禾味业,False
2018-05-16,45.014,46.434,44.174,44.794,140354.0,310463048.0,22.23,22.94,21.81,22.12,True,千禾味业,False
2018-05-17,44.874,46.154,43.954,44.874,117300.0,259936800.0,22.16,22.8,21.7,22.16,True,千禾味业,False
2018-05-18,44.694,45.914,43.714,45.154,83787.0,186845010.0,22.07,22.68,21.58,22.3,True,千禾味业,False
2018-05-21,45.554,45.754,44.054,45.054,72094.0,160409150.0,22.5,22.6,21.75,22.25,True,千禾味业,False
2018-05-22,44.654,47.554,44.554,46.754,97090.0,224277900.0,22.05,23.5,22.0,23.1,True,千禾味业,False
2018-05-23,46.154,47.854,45.894,46.974,86302.0,200306942.0,22.8,23.65,22.67,23.21,True,千禾味业,False
2018-05-24,46.654,47.214,45.414,45.574,56195.0,126494945.0,23.05,23.33,22.43,22.51,True,千禾味业,False
2018-05-25,45.594,46.334,44.574,44.814,54077.0,119672401.0,22.52,22.89,22.01,22.13,True,千禾味业,False
2018-05-28,44.934,47.934,44.354,47.194,75612.0,176327184.0,22.19,23.69,21.9,23.32,True,千禾味业,False
2018-05-29,47.194,48.274,45.654,46.174,77605.0,177017005.0,23.32,23.86,22.55,22.81,True,千禾味业,False
2018-05-30,45.154,47.654,44.754,46.634,86459.0,199201536.0,22.3,23.55,22.1,23.04,True,千禾味业,False
2018-05-31,47.214,50.494,46.694,50.134,148312.0,367665448.0,23.33,24.97,23.07,24.79,True,千禾味业,False
2018-06-01,49.354,52.914,49.214,51.114,146281.0,369798368.0,24.4,26.18,24.33,25.28,True,千禾味业,False
2018-06-04,50.554,52.454,49.774,52.034,95415.0,245598210.0,25.0,25.95,24.61,25.74,True,千禾味业,False
2018-06-05,51.554,54.014,50.774,53.574,97202.0,257682502.00000003,25.5,26.73,25.11,26.51,True,千禾味业,False
2018-06-06,53.154,54.334,52.354,53.094,78765.0,206915655.0,26.3,26.89,25.9,26.27,True,千禾味业,False
2018-06-07,53.154,53.214,50.994,51.834,78253.0,200640692.0,26.3,26.33,25.22,25.64,True,千禾味业,False
2018-06-08,51.814,53.074,51.494,51.954,66585.0,171123450.0,25.63,26.26,25.47,25.7,True,千禾味业,False
2018-06-11,51.534,51.534,48.254,49.414,92502.0,225982386.0,25.49,25.49,23.85,24.43,True,千禾味业,False
2018-06-12,49.794,54.294,49.114,54.294,132949.0,357233963.0,24.62,26.87,24.28,26.87,True,千禾味业,False
2018-06-13,54.014,55.534,52.334,53.034,109254.0,286682496.0,26.73,27.49,25.89,26.24,True,千禾味业,False
2018-06-14,52.714,53.514,50.914,52.974,69229.0,181449209.0,26.08,26.48,25.18,26.21,True,千禾味业,False
2018-06-15,52.514,53.754,51.354,51.474,64415.0,164000590.0,25.98,26.6,25.4,25.46,True,千禾味业,False
2018-06-19,48.554,50.754,46.854,48.834,91657.0,221259998.0,24.0,25.1,23.15,24.14,True,千禾味业,False
2018-06-20,48.514,51.394,48.154,50.534,71747.0,179295753.0,23.98,25.42,23.8,24.99,True,千禾味业,False
2018-06-21,50.154,51.314,49.354,49.614,57538.0,141140714.0,24.8,25.38,24.4,24.53,True,千禾味业,False
2018-06-22,48.574,48.894,47.194,48.494,73062.0,175129614.0,24.01,24.17,23.32,23.97,True,千禾味业,False
2018-06-25,48.734,51.454,48.554,49.774,85097.0,209423717.0,24.09,25.45,24.0,24.61,True,千禾味业,False
2018-06-26,48.554,50.894,48.174,49.434,53166.0,129937704.0,24.0,25.17,23.81,24.44,True,千禾味业,False
2018-06-27,49.334,49.694,46.074,46.574,77990.0,179454990.0,24.39,24.57,22.76,23.01,True,千禾味业,False
2018-06-28,45.954,46.554,44.754,44.914,67773.0,150320514.0,22.7,23.0,22.1,22.18,True,千禾味业,False
2018-06-29,45.334,46.354,43.954,45.874,85133.0,192911378.0,22.39,22.9,21.7,22.66,True,千禾味业,False
2018-07-02,45.494,47.514,45.254,46.034,78135.0,177678990.0,22.47,23.48,22.35,22.74,True,千禾味业,False
2018-07-03,45.954,46.354,41.494,43.454,118174.0,253483230.0,22.7,22.9,20.47,21.45,True,千禾味业,False
2018-07-04,42.574,43.474,42.354,42.634,57602.0,121194608.0,21.01,21.46,20.9,21.04,True,千禾味业,False
2018-07-05,42.354,43.114,40.034,40.194,85036.0,168541352.0,20.9,21.28,19.74,19.82,True,千禾味业,False
2018-07-06,40.574,42.454,40.114,41.354,71725.0,146319000.0,20.01,20.95,19.78,20.4,True,千禾味业,False
2018-07-09,41.854,43.274,41.474,43.214,65938.0,140645754.0,20.65,21.36,20.46,21.33,True,千禾味业,False
2018-07-10,42.974,44.254,42.754,43.634,57264.0,123346656.0,21.21,21.85,21.1,21.54,True,千禾味业,False
2018-07-11,42.754,42.774,41.254,42.454,64973.0,136118435.0,21.1,21.11,20.35,20.95,True,千禾味业,False
2018-07-12,42.134,46.514,42.134,45.514,95989.0,215783272.0,20.79,22.98,20.79,22.48,True,千禾味业,False
2018-07-13,45.434,47.714,44.914,47.234,100184.0,233829456.0,22.44,23.58,22.18,23.34,True,千禾味业,False
2018-07-16,46.694,48.034,46.434,47.174,67241.0,156738771.0,23.07,23.74,22.94,23.31,True,千禾味业,False
2018-07-17,47.014,47.874,45.914,47.834,62065.0,146721660.0,23.23,23.66,22.68,23.64,True,千禾味业,False
2018-07-18,47.554,48.114,46.294,46.354,52190.0,119515100.0,23.5,23.78,22.87,22.9,True,千禾味业,False
2018-07-19,46.294,47.314,45.914,46.814,51832.0,119887416.0,22.87,23.38,22.68,23.13,True,千禾味业,False
2018-07-20,46.874,47.234,45.974,46.694,43289.0,99867723.0,23.16,23.34,22.71,23.07,True,千禾味业,False
2018-07-23,46.254,46.694,43.554,45.434,77318.0,173501592.0,22.85,23.07,21.5,22.44,True,千禾味业,False
2018-07-24,44.934,47.314,44.814,47.214,79294.0,184992902.0,22.19,23.38,22.13,23.33,True,千禾味业,False
2018-07-25,47.554,47.554,46.354,46.774,57067.0,131881837.0,23.5,23.5,22.9,23.11,True,千禾味业,False
2018-07-26,46.754,46.814,44.594,45.054,51751.0,115145975.0,23.1,23.13,22.02,22.25,True,千禾味业,False
2018-07-27,44.594,45.994,44.554,45.374,38595.0,86491395.0,22.02,22.72,22.0,22.41,True,千禾味业,False
2018-07-30,45.534,45.994,42.614,43.134,65217.0,138846993.0,22.49,22.72,21.03,21.29,True,千禾味业,False
2018-07-31,43.034,44.154,42.954,43.834,33819.0,73184316.0,21.24,21.8,21.2,21.64,True,千禾味业,False
2018-08-01,43.994,44.314,42.374,42.594,41461.0,87151022.0,21.72,21.88,20.91,21.02,True,千禾味业,False
2018-08-02,42.514,42.934,41.054,42.414,49736.0,104097448.0,20.98,21.19,20.25,20.93,True,千禾味业,False
2018-08-03,42.154,42.394,38.254,38.754,101616.0,194086560.0,20.8,20.92,18.85,19.1,True,千禾味业,False
2018-08-06,38.434,38.434,36.614,37.054,59927.0,109366775.0,18.94,18.94,18.03,18.25,True,千禾味业,False
2018-08-07,37.314,38.194,36.334,37.974,76171.0,142515941.0,18.38,18.82,17.89,18.71,True,千禾味业,False
2018-08-08,37.914,37.914,35.854,35.974,63055.0,111670405.0,18.68,18.68,17.65,17.71,True,千禾味业,False
2018-08-09,35.994,37.694,35.734,37.254,62817.0,115269195.0,17.72,18.57,17.59,18.35,True,千禾味业,False
2018-08-10,37.434,38.734,37.294,38.294,64460.0,121636020.0,18.44,19.09,18.37,18.87,True,千禾味业,False
2018-08-13,37.754,38.194,36.894,38.134,52082.0,97862078.0,18.6,18.82,18.17,18.79,True,千禾味业,False
2018-08-14,38.254,38.654,37.374,37.594,40952.0,75843104.0,18.85,19.05,18.41,18.52,True,千禾味业,False
2018-08-15,37.394,37.754,36.154,36.234,38699.0,69039016.0,18.42,18.6,17.8,17.84,True,千禾味业,False
2018-08-16,35.514,37.254,34.574,36.534,42240.0,75989760.0,17.48,18.35,17.01,17.99,True,千禾味业,False
2018-08-17,37.094,37.454,34.954,35.174,40588.0,70257828.0,18.27,18.45,17.2,17.31,True,千禾味业,False
2018-08-20,35.194,35.974,34.594,35.814,30070.0,53013410.0,17.32,17.71,17.02,17.63,True,千禾味业,False
2018-08-21,35.814,38.114,35.274,38.074,78019.0,146363644.0,17.63,18.78,17.36,18.76,True,千禾味业,False
2018-08-22,35.954,36.654,34.314,34.394,173109.0,292900428.0,17.7,18.05,16.88,16.92,True,千禾味业,False
2018-08-23,33.494,33.794,32.174,32.994,136738.0,221789036.0,16.47,16.62,15.81,16.22,True,千禾味业,False
2018-08-24,32.874,32.934,32.394,32.534,56099.0,89702301.0,16.16,16.19,15.92,15.99,True,千禾味业,False
2018-08-27,32.674,33.554,32.154,33.334,77382.0,126829098.0,16.06,16.5,15.8,16.39,True,千禾味业,False
2018-08-28,33.454,33.634,32.714,32.934,55708.0,90191252.0,16.45,16.54,16.08,16.19,True,千禾味业,False
2018-08-29,33.194,33.234,32.654,32.754,36661.0,59024210.00000001,16.32,16.34,16.05,16.1,True,千禾味业,False
2018-08-30,32.934,32.934,31.774,31.954,47385.0,74394450.0,16.19,16.19,15.61,15.7,True,千禾味业,False
2018-08-31,31.874,31.874,30.954,31.114,43828.0,66969184.0,15.66,15.66,15.2,15.28,True,千禾味业,False
2018-09-03,30.934,31.854,30.734,31.854,40306.0,63078890.0,15.19,15.65,15.09,15.65,True,千禾味业,False
2018-09-04,31.954,32.754,31.754,32.134,54279.0,85706541.0,15.7,16.1,15.6,15.79,True,千禾味业,False
2018-09-05,32.054,32.054,31.314,31.334,34470.0,53049330.0,15.75,15.75,15.38,15.39,True,千禾味业,False
2018-09-06,31.034,31.514,30.914,30.994,23842.0,36287524.0,15.24,15.48,15.18,15.22,True,千禾味业,False
2018-09-07,31.094,31.694,31.074,31.654,32739.0,50909145.0,15.27,15.57,15.26,15.55,True,千禾味业,False
2018-09-10,31.474,31.634,30.714,30.914,27730.0,42094140.0,15.46,15.54,15.08,15.18,True,千禾味业,False
2018-09-11,30.914,31.534,30.714,31.194,23579.0,36123028.0,15.18,15.49,15.08,15.32,True,千禾味业,False
2018-09-12,31.274,31.394,30.914,31.254,22450.0,34460750.0,15.36,15.42,15.18,15.35,True,千禾味业,False
2018-09-13,31.454,32.114,31.234,32.054,39677.0,62491275.0,15.45,15.78,15.34,15.75,True,千禾味业,False
2018-09-14,32.074,32.074,31.354,31.534,31891.0,49399159.0,15.76,15.76,15.4,15.49,True,千禾味业,False
2018-09-17,31.534,31.534,30.834,30.914,20907.0,31736826.0,15.49,15.49,15.14,15.18,True,千禾味业,False
2018-09-18,30.794,31.514,30.694,31.434,29312.0,45257728.0,15.12,15.48,15.07,15.44,True,千禾味业,False
2018-09-19,31.454,32.494,31.234,32.174,59045.0,93350145.0,15.45,15.97,15.34,15.81,True,千禾味业,False
2018-09-20,32.054,32.454,31.934,32.214,34155.0,54067365.0,15.75,15.95,15.69,15.83,True,千禾味业,False
2018-09-21,32.534,33.634,32.514,33.354,80306.0,131701840.0,15.99,16.54,15.98,16.4,True,千禾味业,False
2018-09-25,32.954,33.454,32.614,33.234,38128.0,62301152.0,16.2,16.45,16.03,16.34,True,千禾味业,False
2018-09-26,33.254,35.914,33.214,35.274,125815.0,218414840.0,16.35,17.68,16.33,17.36,True,千禾味业,False
2018-09-27,34.814,35.974,34.574,35.514,91760.0,160396480.0,17.13,17.71,17.01,17.48,True,千禾味业,False
2018-09-28,35.454,36.034,34.854,35.954,82769.0,146501130.0,17.45,17.74,17.15,17.7,True,千禾味业,False
2018-10-08,34.774,35.494,33.794,34.354,69064.0,116718160.0,17.11,17.47,16.62,16.9,True,千禾味业,False
2018-10-09,34.554,34.834,33.754,34.554,48908.0,83143600.0,17.0,17.14,16.6,17.0,True,千禾味业,False
2018-10-10,34.454,34.714,33.854,34.174,38056.0,63972135.99999999,16.95,17.08,16.65,16.81,True,千禾味业,False
2018-10-11,32.594,33.314,31.374,32.494,66230.0,105769310.0,16.02,16.38,15.41,15.97,True,千禾味业,False
2018-10-12,32.054,32.914,30.774,32.734,59629.0,95943061.0,15.75,16.18,15.11,16.09,True,千禾味业,False
2018-10-15,32.434,32.834,31.814,32.514,46183.0,73800434.0,15.94,16.14,15.63,15.98,True,千禾味业,False
2018-10-16,32.114,32.814,31.814,32.274,37400.0,59316400.0,15.78,16.13,15.63,15.86,True,千禾味业,False
2018-10-17,32.794,32.954,30.574,31.754,54641.0,85239960.0,16.12,16.2,15.01,15.6,True,千禾味业,False
2018-10-18,31.194,31.794,30.594,31.354,26050.0,40117000.0,15.32,15.62,15.02,15.4,True,千禾味业,False
2018-10-19,30.554,32.714,30.494,32.354,46064.0,73241760.0,15.0,16.08,14.97,15.9,True,千禾味业,False
2018-10-22,32.954,34.554,32.654,33.994,68465.0,114473480.0,16.2,17.0,16.05,16.72,True,千禾味业,False
2018-10-23,33.954,33.954,32.914,33.034,50675.0,82296199.99999999,16.7,16.7,16.18,16.24,True,千禾味业,False
2018-10-24,32.894,33.274,31.654,32.514,40337.0,64458526.0,16.17,16.36,15.55,15.98,True,千禾味业,False
2018-10-25,31.554,32.154,30.974,31.894,29990.0,46994330.0,15.5,15.8,15.21,15.67,True,千禾味业,False
2018-10-26,31.954,32.294,30.974,31.274,40496.0,62201856.0,15.7,15.87,15.21,15.36,True,千禾味业,False
2018-10-29,30.954,31.254,30.654,31.094,26382.0,40285314.0,15.2,15.35,15.05,15.27,True,千禾味业,False
2018-10-30,30.954,31.834,30.754,31.454,30998.0,47891910.0,15.2,15.64,15.1,15.45,True,千禾味业,False
2018-10-31,31.554,32.314,31.434,31.954,33754.0,52993780.0,15.5,15.88,15.44,15.7,True,千禾味业,False
2018-11-01,32.374,32.834,31.754,31.834,51426.0,80430264.0,15.91,16.14,15.6,15.64,True,千禾味业,False
2018-11-02,32.394,33.254,32.154,33.074,74180.0,120616680.0,15.92,16.35,15.8,16.26,True,千禾味业,False
2018-11-05,32.954,33.854,32.654,33.174,48629.0,79313899.0,16.2,16.65,16.05,16.31,True,千禾味业,False
2018-11-06,33.154,33.154,32.554,32.994,23705.0,38449510.0,16.3,16.3,16.0,16.22,True,千禾味业,False
2018-11-07,33.014,33.654,32.914,33.134,40154.0,65410866.0,16.23,16.55,16.18,16.29,True,千禾味业,False
2018-11-08,33.474,34.254,33.274,33.694,51825.0,85874025.0,16.46,16.85,16.36,16.57,True,千禾味业,False
2018-11-09,33.374,33.814,33.374,33.694,28873.0,47842561.0,16.41,16.63,16.41,16.57,True,千禾味业,False
2018-11-12,33.434,34.054,33.294,33.974,32386.0,54117006.0,16.44,16.75,16.37,16.71,True,千禾味业,False
2018-11-13,33.574,34.034,33.274,33.914,48566.0,81008088.0,16.51,16.74,16.36,16.68,True,千禾味业,False
2018-11-14,33.854,34.434,33.354,33.714,35777.0,59318265.99999999,16.65,16.94,16.4,16.58,True,千禾味业,False
2018-11-15,33.654,33.854,33.174,33.854,35744.0,59513759.99999999,16.55,16.65,16.31,16.65,True,千禾味业,False
2018-11-16,33.834,34.894,33.674,34.414,65098.0,110210914.0,16.64,17.17,16.56,16.93,True,千禾味业,False
2018-11-19,34.194,34.414,33.694,33.954,38724.0,64669080.0,16.82,16.93,16.57,16.7,True,千禾味业,False
2018-11-20,33.574,33.754,32.774,32.774,30032.0,48381552.0,16.51,16.6,16.11,16.11,True,千禾味业,False
2018-11-21,32.294,33.994,31.874,33.774,61951.0,102900611.0,15.87,16.72,15.66,16.61,True,千禾味业,False
2018-11-22,33.734,34.314,32.654,34.154,66813.0,112245840.0,16.59,16.88,16.05,16.8,True,千禾味业,False
2018-11-23,33.754,33.914,33.014,33.194,32800.0,53529600.0,16.6,16.68,16.23,16.32,True,千禾味业,False
2018-11-26,33.054,33.354,32.514,33.134,22769.0,37090701.0,16.25,16.4,15.98,16.29,True,千禾味业,False
2018-11-27,33.214,33.334,32.914,33.174,13995.0,22825845.0,16.33,16.39,16.18,16.31,True,千禾味业,False
2018-11-28,33.054,33.514,32.394,33.254,25446.0,41604210.0,16.25,16.48,15.92,16.35,True,千禾味业,False
2018-11-29,33.454,33.734,32.754,32.774,20158.0,32474538.0,16.45,16.59,16.1,16.11,True,千禾味业,False
2018-11-30,32.354,32.874,32.354,32.794,23756.0,38294672.0,15.9,16.16,15.9,16.12,True,千禾味业,False
2018-12-03,33.354,33.794,32.994,33.494,69883.0,115097301.0,16.4,16.62,16.22,16.47,True,千禾味业,False
2018-12-04,33.494,33.734,33.274,33.594,39641.0,65486932.0,16.47,16.59,16.36,16.52,True,千禾味业,False
2018-12-05,33.054,33.474,32.874,33.194,30035.0,49017120.0,16.25,16.46,16.16,16.32,True,千禾味业,False
2018-12-06,33.054,33.194,32.294,32.554,31009.0,49614400.0,16.25,16.32,15.87,16.0,True,千禾味业,False
2018-12-07,32.594,32.714,32.294,32.494,16008.0,25564776.0,16.02,16.08,15.87,15.97,True,千禾味业,False
2018-12-10,32.234,32.814,32.074,32.494,16979.0,27115463.0,15.84,16.13,15.76,15.97,True,千禾味业,False
2018-12-11,32.494,33.034,32.494,32.934,19502.0,31573738.000000004,15.97,16.24,15.97,16.19,True,千禾味业,False
2018-12-12,32.994,33.274,32.554,32.574,14411.0,23072011.000000004,16.22,16.36,16.0,16.01,True,千禾味业,False
2018-12-13,32.854,33.634,32.554,33.454,43256.0,71156120.0,16.15,16.54,16.0,16.45,True,千禾味业,False
2018-12-14,33.454,33.914,33.174,33.294,45546.0,74558802.0,16.45,16.68,16.31,16.37,True,千禾味业,False
2018-12-17,32.974,33.214,31.574,32.554,48408.0,77452800.0,16.21,16.33,15.51,16.0,True,千禾味业,False
2018-12-18,32.114,32.714,32.034,32.354,20380.0,32404200.0,15.78,16.08,15.74,15.9,True,千禾味业,False
2018-12-19,32.494,32.674,31.934,31.994,12625.0,19846500.0,15.97,16.06,15.69,15.72,True,千禾味业,False
2018-12-20,31.954,32.274,31.754,32.074,10944.0,17247744.0,15.7,15.86,15.6,15.76,True,千禾味业,False
2018-12-21,32.074,32.094,31.554,31.754,14995.0,23392200.0,15.76,15.77,15.5,15.6,True,千禾味业,False
2018-12-24,31.614,32.314,31.354,32.114,13219.0,20859582.0,15.53,15.88,15.4,15.78,True,千禾味业,False
2018-12-25,31.794,32.294,31.554,32.114,16215.0,25587270.0,15.62,15.87,15.5,15.78,True,千禾味业,False
2018-12-26,32.114,32.214,31.734,31.734,8929.0,13920311.0,15.78,15.83,15.59,15.59,True,千禾味业,False
2018-12-27,32.094,32.194,31.234,31.274,15709.0,24129024.0,15.77,15.82,15.34,15.36,True,千禾味业,False
2018-12-28,31.534,31.554,30.994,31.314,11719.0,18023822.0,15.49,15.5,15.22,15.38,True,千禾味业,False
2019-01-02,31.334,31.594,30.854,30.934,12091.0,18366229.0,15.39,15.52,15.15,15.19,True,千禾味业,False
2019-01-03,30.914,31.194,30.774,30.774,10814.0,16339954.0,15.18,15.32,15.11,15.11,True,千禾味业,False
2019-01-04,30.614,31.554,30.614,31.394,13525.0,20855550.0,15.03,15.5,15.03,15.42,True,千禾味业,False
2019-01-07,31.834,31.854,31.394,31.734,16587.0,25859133.0,15.64,15.65,15.42,15.59,True,千禾味业,False
2019-01-08,31.594,31.814,30.814,31.114,19005.0,29039640.0,15.52,15.63,15.13,15.28,True,千禾味业,False
2019-01-09,31.114,31.874,31.114,31.234,23646.0,36272964.0,15.28,15.66,15.28,15.34,True,千禾味业,False
2019-01-10,31.154,31.354,30.974,31.014,12878.0,19613194.0,15.3,15.4,15.21,15.23,True,千禾味业,False
2019-01-11,31.214,31.214,30.774,31.114,11258.0,17202224.0,15.33,15.33,15.11,15.28,True,千禾味业,False
2019-01-14,31.254,31.254,30.974,31.074,11465.0,17495590.0,15.35,15.35,15.21,15.26,True,千禾味业,False
2019-01-15,30.994,31.934,30.854,31.934,29746.0,46671474.0,15.22,15.69,15.15,15.69,True,千禾味业,False
2019-01-16,32.514,32.514,31.654,31.754,24681.0,38502360.0,15.98,15.98,15.55,15.6,True,千禾味业,False
2019-01-17,31.754,32.854,31.654,32.634,47809.0,76685636.0,15.6,16.15,15.55,16.04,True,千禾味业,False
2019-01-18,32.634,33.874,32.594,33.434,71842.0,118108248.0,16.04,16.66,16.02,16.44,True,千禾味业,False
2019-01-21,35.554,36.534,34.614,36.154,163344.0,290752320.0,17.5,17.99,17.03,17.8,True,千禾味业,False
2019-01-22,35.974,36.254,35.094,35.974,76854.0,136108434.0,17.71,17.85,17.27,17.71,True,千禾味业,False
2019-01-23,35.854,37.214,35.634,36.914,81187.0,147597966.0,17.65,18.33,17.54,18.18,True,千禾味业,False
2019-01-24,36.914,37.154,36.394,36.554,44508.0,80114400.0,18.18,18.3,17.92,18.0,True,千禾味业,False
2019-01-25,36.694,37.854,36.694,37.454,62939.0,116122455.0,18.07,18.65,18.07,18.45,True,千禾味业,False
2019-01-28,37.354,39.334,37.154,37.934,62204.0,116259276.0,18.4,19.39,18.3,18.69,True,千禾味业,False
2019-01-29,38.354,38.794,36.854,37.994,63448.0,118774656.0,18.9,19.12,18.15,18.72,True,千禾味业,False
2019-01-30,37.854,38.394,37.814,37.954,42908.0,80237960.0,18.65,18.92,18.63,18.7,True,千禾味业,False
2019-01-31,37.934,38.234,36.914,37.254,46344.0,85041240.0,18.69,18.84,18.18,18.35,True,千禾味业,False
2019-02-01,37.394,38.514,37.174,37.554,49403.0,91395550.0,18.42,18.98,18.31,18.5,True,千禾味业,False
2019-02-11,37.674,39.494,37.674,39.154,47222.0,91138460.0,18.56,19.47,18.56,19.3,True,千禾味业,False
2019-02-12,39.074,39.114,38.394,38.794,48177.0,92114424.0,19.26,19.28,18.92,19.12,True,千禾味业,False
2019-02-13,38.814,38.954,38.294,38.794,40936.0,78269632.0,19.13,19.2,18.87,19.12,True,千禾味业,False
2019-02-14,38.554,38.754,38.054,38.374,41116.0,77750356.0,19.0,19.1,18.75,18.91,True,千禾味业,False
2019-02-15,38.394,38.554,37.394,37.594,43593.0,80734236.0,18.92,19.0,18.42,18.52,True,千禾味业,False
2019-02-18,37.774,38.854,37.654,38.714,57776.0,110236608.0,18.61,19.15,18.55,19.08,True,千禾味业,False
2019-02-19,38.834,39.094,37.574,38.374,45222.0,85514802.0,19.14,19.27,18.51,18.91,True,千禾味业,False
2019-02-20,38.374,38.494,37.774,38.034,22106.0,41426644.0,18.91,18.97,18.61,18.74,True,千禾味业,False
2019-02-21,38.114,38.714,37.694,37.874,36015.0,67203990.0,18.78,19.08,18.57,18.66,True,千禾味业,False
2019-02-22,37.654,38.114,36.614,37.154,61778.0,113053740.0,18.55,18.78,18.03,18.3,True,千禾味业,False
2019-02-25,36.954,38.854,36.774,38.794,85126.0,162760912.0,18.2,19.15,18.11,19.12,True,千禾味业,False
2019-02-26,38.594,38.594,37.554,37.594,72885.0,134983020.0,19.02,19.02,18.5,18.52,True,千禾味业,False
2019-02-27,37.534,38.454,37.174,38.194,47529.0,89449578.0,18.49,18.95,18.31,18.82,True,千禾味业,False
2019-02-28,37.994,38.654,37.414,38.254,47474.0,89488490.0,18.72,19.05,18.43,18.85,True,千禾味业,False
2019-03-01,38.514,40.954,38.494,40.754,95099.0,191148990.0,18.98,20.2,18.97,20.1,True,千禾味业,False
2019-03-04,40.414,41.554,39.514,40.434,120336.0,239949984.00000003,19.93,20.5,19.48,19.94,True,千禾味业,False
2019-03-05,40.314,40.554,39.574,40.514,67033.0,133931934.0,19.88,20.0,19.51,19.98,True,千禾味业,False
2019-03-06,40.114,40.754,40.034,40.314,57957.0,115218516.0,19.78,20.1,19.74,19.88,True,千禾味业,False
2019-03-07,40.534,41.414,39.914,40.134,56198.0,111215842.0,19.99,20.43,19.68,19.79,True,千禾味业,False
2019-03-08,39.094,39.334,37.734,37.734,66180.0,123028620.0,19.27,19.39,18.59,18.59,True,千禾味业,False
2019-03-11,37.714,38.954,37.574,38.854,57343.0,109811845.0,18.58,19.2,18.51,19.15,True,千禾味业,False
2019-03-12,39.134,39.174,38.354,38.994,67399.0,129540878.0,19.29,19.31,18.9,19.22,True,千禾味业,False
2019-03-13,38.854,41.254,38.434,40.214,88292.0,175083035.99999997,19.15,20.35,18.94,19.83,True,千禾味业,False
2019-03-14,40.034,40.874,39.374,40.654,59325.0,118946625.0,19.74,20.16,19.41,20.05,True,千禾味业,False
2019-03-15,41.014,43.514,41.014,43.214,93969.0,200435877.0,20.23,21.48,20.23,21.33,True,千禾味业,False
2019-03-18,42.754,46.414,42.754,44.794,92260.0,204079120.0,21.1,22.93,21.1,22.12,True,千禾味业,False
2019-03-19,44.974,45.594,43.934,45.254,53174.0,118843890.0,22.21,22.52,21.69,22.35,True,千禾味业,False
2019-03-20,45.334,45.394,43.794,44.514,42554.0,93533692.0,22.39,22.42,21.62,21.98,True,千禾味业,False
2019-03-21,44.494,45.574,43.914,44.974,50222.0,111543062.0,21.97,22.51,21.68,22.21,True,千禾味业,False
2019-03-22,45.114,46.134,44.334,45.154,41458.0,92451340.0,22.28,22.79,21.89,22.3,True,千禾味业,False
2019-03-25,44.294,48.154,43.974,45.294,82054.0,183554798.0,21.87,23.8,21.71,22.37,True,千禾味业,False
2019-03-26,45.954,47.454,45.074,45.154,79833.0,178027590.0,22.7,23.45,22.26,22.3,True,千禾味业,False
2019-03-27,45.934,49.554,43.774,48.514,115870.0,277856260.0,22.69,24.5,21.61,23.98,True,千禾味业,False
2019-03-28,47.794,49.414,47.174,47.414,75202.0,176198286.0,23.62,24.43,23.31,23.43,True,千禾味业,False
2019-03-29,47.414,49.474,47.154,48.894,77549.0,187435933.0,23.43,24.46,23.3,24.17,True,千禾味业,False
2019-04-01,48.554,49.594,48.294,49.574,82554.0,202339854.0,24.0,24.52,23.87,24.51,True,千禾味业,False
2019-04-02,49.654,49.654,48.534,48.774,45894.0,110650434.0,24.55,24.55,23.99,24.11,True,千禾味业,False
2019-04-03,47.974,48.494,47.374,47.974,46087.0,109272277.0,23.71,23.97,23.41,23.71,True,千禾味业,False
2019-04-04,47.914,48.314,47.454,47.994,38975.0,92448700.0,23.68,23.88,23.45,23.72,True,千禾味业,False
2019-04-08,48.274,48.434,45.854,46.614,65570.0,151007710.0,23.86,23.94,22.65,23.03,True,千禾味业,False
2019-04-09,46.814,47.694,45.994,47.334,35277.0,82512903.0,23.13,23.57,22.72,23.39,True,千禾味业,False
2019-04-10,47.054,48.054,46.414,47.734,35984.0,84886256.0,23.25,23.75,22.93,23.59,True,千禾味业,False
2019-04-11,47.554,47.594,45.254,45.374,51959.0,116440119.0,23.5,23.52,22.35,22.41,True,千禾味业,False
2019-04-12,45.154,45.954,44.514,45.774,34707.0,78472527.0,22.3,22.7,21.98,22.61,True,千禾味业,False
2019-04-15,46.354,46.354,44.354,44.674,38897.0,85806782.0,22.9,22.9,21.9,22.06,True,千禾味业,False
2019-04-16,44.354,45.654,43.974,45.534,30667.0,68970083.0,21.9,22.55,21.71,22.49,True,千禾味业,False
2019-04-17,45.954,46.454,44.314,44.874,47212.0,104621792.0,22.7,22.95,21.88,22.16,True,千禾味业,False
2019-04-18,44.754,45.354,44.534,45.074,37265.0,82951890.0,22.1,22.4,21.99,22.26,True,千禾味业,False
2019-04-19,46.514,46.514,45.294,45.774,48550.0,109771550.0,22.98,22.98,22.37,22.61,True,千禾味业,False
2019-04-22,45.914,48.154,45.554,47.754,70547.0,166490920.0,22.68,23.8,22.5,23.6,True,千禾味业,False
2019-04-23,47.414,50.274,47.154,48.974,78304.0,189573984.0,23.43,24.86,23.3,24.21,True,千禾味业,False
2019-04-24,48.954,50.134,48.214,49.374,58338.0,142403058.0,24.2,24.79,23.83,24.41,True,千禾味业,False
2019-04-25,47.354,48.434,44.514,44.514,151833.0,333728934.0,23.4,23.94,21.98,21.98,True,千禾味业,False
2019-04-26,43.634,44.994,43.634,44.154,41390.0,90230200.0,21.54,22.22,21.54,21.8,True,千禾味业,False
2019-04-29,44.234,47.554,44.234,47.034,85211.0,198030364.0,21.84,23.5,21.84,23.24,True,千禾味业,False
2019-04-30,47.214,48.534,46.514,46.894,45773.0,106056041.0,23.33,23.99,22.98,23.17,True,千禾味业,False
2019-05-06,45.354,47.534,44.374,45.594,75992.0,171133984.0,22.4,23.49,21.91,22.52,True,千禾味业,False
2019-05-07,45.754,48.294,44.594,46.874,69917.0,161927772.0,22.6,23.87,22.02,23.16,True,千禾味业,False
2019-05-08,45.954,48.414,45.354,47.334,65029.0,152102831.0,22.7,23.93,22.4,23.39,True,千禾味业,False
2019-05-09,46.294,46.694,44.654,44.854,57344.0,127016960.0,22.87,23.07,22.05,22.15,True,千禾味业,False
2019-05-10,45.294,46.554,44.494,46.514,48903.0,112379094.0,22.37,23.0,21.97,22.98,True,千禾味业,False
2019-05-13,45.794,48.674,45.794,48.354,71424.0,170703360.0,22.62,24.06,22.62,23.9,True,千禾味业,False
2019-05-14,47.934,49.234,47.374,48.734,63786.0,153660474.0,23.69,24.34,23.41,24.09,True,千禾味业,False
2019-05-15,48.854,50.554,48.374,49.954,77954.0,192546380.0,24.15,25.0,23.91,24.7,True,千禾味业,False
2019-05-16,49.774,51.554,49.394,50.874,60932.0,153304912.0,24.61,25.5,24.42,25.16,True,千禾味业,False
2019-05-17,50.954,52.554,50.414,50.674,79160.0,198374960.0,25.2,26.0,24.93,25.06,True,千禾味业,False
2019-05-20,50.754,51.254,48.034,49.694,66984.0,164579688.0,25.1,25.35,23.74,24.57,True,千禾味业,False
2019-05-21,50.054,50.454,49.174,49.474,50373.0,123212358.0,24.75,24.95,24.31,24.46,True,千禾味业,False
2019-05-22,49.134,50.774,48.514,50.474,55190.0,137754240.0,24.29,25.11,23.98,24.96,True,千禾味业,False
2019-05-23,50.248,51.9,49.492,49.912,47216.0,82486352.0,17.59,18.18,17.32,17.47,True,千禾味业,False
2019-05-24,49.212,49.716,48.148,48.26,65744.0,110975872.0,17.22,17.4,16.84,16.88,True,千禾味业,False
2019-05-27,47.784,48.596,47.168,48.232,66460.0,112118020.0,16.71,17.0,16.49,16.87,True,千禾味业,False
2019-05-28,48.232,49.94,48.232,48.82,71257.0,121706956.0,16.87,17.48,16.87,17.08,True,千禾味业,False
2019-05-29,48.372,49.156,48.26,48.372,46057.0,77928444.00000001,16.92,17.2,16.88,16.92,True,千禾味业,False
2019-05-30,48.344,49.324,48.036,49.212,66463.0,114449286.0,16.91,17.26,16.8,17.22,True,千禾味业,False
2019-05-31,49.156,50.78,48.596,50.5,66821.0,118139528.0,17.2,17.78,17.0,17.68,True,千禾味业,False
2019-06-03,50.556,52.768,50.08,51.564,116169.0,209801214.0,17.7,18.49,17.53,18.06,True,千禾味业,False
2019-06-04,51.424,52.096,49.716,49.884,95630.0,166969980.0,18.01,18.25,17.4,17.46,True,千禾味业,False
2019-06-05,50.444,51.312,50.024,50.612,61249.0,108533228.0,17.66,17.97,17.51,17.72,True,千禾味业,False
2019-06-06,50.472,51.48,49.66,50.948,65531.0,116907304.0,17.67,18.03,17.38,17.84,True,千禾味业,False
2019-06-10,50.752,52.74,49.912,52.46,85104.0,156421152.0,17.77,18.48,17.47,18.38,True,千禾味业,False
2019-06-11,52.096,54.952,51.956,54.364,142427.0,271465862.0,18.25,19.27,18.2,19.06,True,千禾味业,False
2019-06-12,54.196,55.12,53.636,54.196,80315.0,152598500.0,19.0,19.33,18.8,19.0,True,千禾味业,False
2019-06-13,54.056,59.292,53.776,57.668,129665.0,262441960.0,18.95,20.82,18.85,20.24,True,千禾味业,False
2019-06-14,57.332,61.084,57.052,58.676,152031.0,313183860.0,20.12,21.46,20.02,20.6,True,千禾味业,False
2019-06-17,58.956,60.86,56.716,57.612,153105.0,309578310.0,20.7,21.38,19.9,20.22,True,千禾味业,False
2019-06-18,57.696,58.564,56.856,57.556,100441.0,202890820.0,20.25,20.56,19.95,20.2,True,千禾味业,False
2019-06-19,58.172,59.236,56.744,57.22,126306.0,253622448.0,20.42,20.8,19.91,20.08,True,千禾味业,False
2019-06-20,56.968,60.804,56.744,59.656,148769.0,311671055.0,19.99,21.36,19.91,20.95,True,千禾味业,False
2019-06-21,59.46,59.516,58.312,58.732,94857.0,195595134.0,20.88,20.9,20.47,20.62,True,千禾味业,False
2019-06-24,58.34,59.32,57.836,59.012,72249.0,149699928.0,20.48,20.83,20.3,20.72,True,千禾味业,False
2019-06-25,58.62,61.7,58.48,61.56,130024.0,281241912.0,20.58,21.68,20.53,21.63,True,千禾味业,False
2019-06-26,60.636,65.312,60.468,63.66,165258.0,369847404.0,21.3,22.97,21.24,22.38,True,千禾味业,False
2019-06-27,63.38,65.368,62.932,64.276,129974.0,293741240.0,22.28,22.99,22.12,22.6,True,千禾味业,False
2019-06-28,63.744,67.86,63.38,67.832,132871.0,317163077.0,22.41,23.88,22.28,23.87,True,千禾味业,False
2019-07-01,68.42,74.524,66.936,74.524,212636.0,558382136.0,24.08,26.26,23.55,26.26,True,千禾味业,False
2019-07-02,73.46,75.196,71.416,72.256,225491.0,573874595.0,25.88,26.5,25.15,25.45,True,千禾味业,False
2019-07-03,71.276,75.14,68.252,69.904,265154.0,652543994.0,25.1,26.48,24.02,24.61,True,千禾味业,False
2019-07-04,69.036,69.792,65.592,66.18,255713.0,595299864.0,24.3,24.57,23.07,23.28,True,千禾味业,False
2019-07-05,66.516,67.636,65.116,66.74,168830.0,396412840.0,23.4,23.8,22.9,23.48,True,千禾味业,False
2019-07-08,65.984,66.124,63.436,64.276,148376.0,335329760.0,23.21,23.26,22.3,22.6,True,千禾味业,False
2019-07-09,63.996,65.368,63.296,64.276,106619.0,240958940.00000003,22.5,22.99,22.25,22.6,True,千禾味业,False
2019-07-10,64.304,64.892,62.456,62.456,111236.0,244163020.0,22.61,22.82,21.95,21.95,True,千禾味业,False
2019-07-11,63.016,63.856,62.288,62.596,87857.0,193285400.0,22.15,22.45,21.89,22.0,True,千禾味业,False
2019-07-12,62.736,64.024,61.476,63.128,112906.0,250538414.0,22.05,22.51,21.6,22.19,True,千禾味业,False
2019-07-15,62.904,63.352,61.532,63.352,87067.0,193898209.0,22.11,22.27,21.62,22.27,True,千禾味业,False
2019-07-16,63.408,63.408,61.196,61.42,99571.0,214874218.0,22.29,22.29,21.5,21.58,True,千禾味业,False
2019-07-17,60.608,61.616,59.88,60.468,114159.0,242473716.0,21.29,21.65,21.03,21.24,True,千禾味业,False
2019-07-18,60.608,61.112,58.984,58.984,93304.0,193232584.0,21.29,21.47,20.71,20.71,True,千禾味业,False
2019-07-19,59.432,60.3,58.648,58.956,108934.0,225493380.0,20.87,21.18,20.59,20.7,True,千禾味业,False
2019-07-22,59.516,59.516,57.304,58.284,87420.0,178861320.0,20.9,20.9,20.11,20.46,True,千禾味业,False
2019-07-23,57.92,59.096,57.92,58.956,67130.0,138959100.0,20.33,20.75,20.33,20.7,True,千禾味业,False
2019-07-24,58.9,59.656,57.78,58.34,100850.0,206540800.0,20.68,20.95,20.28,20.48,True,千禾味业,False
2019-07-25,58.592,60.356,57.304,60.356,116287.0,246528440.0,20.57,21.2,20.11,21.2,True,千禾味业,False
2019-07-26,60.02,61.308,59.544,61.028,107376.0,230214144.0,21.08,21.54,20.91,21.44,True,千禾味业,False
2019-07-29,60.636,61.14,59.88,60.58,69977.0,148911056.0,21.3,21.48,21.03,21.28,True,千禾味业,False
2019-07-30,60.356,60.776,59.236,59.376,72351.0,150851835.0,21.2,21.35,20.8,20.85,True,千禾味业,False
2019-07-31,58.956,58.956,56.884,56.996,105035.0,210070000.0,20.7,20.7,19.96,20.0,True,千禾味业,False
2019-08-01,56.408,56.94,54.756,56.156,121044.0,238456680.0,19.79,19.98,19.2,19.7,True,千禾味业,False
2019-08-02,54.756,57.36,54.7,56.94,83962.0,167756076.0,19.2,20.13,19.18,19.98,True,千禾味业,False
2019-08-05,56.38,56.884,55.008,55.008,65431.0,126216399.0,19.78,19.96,19.29,19.29,True,千禾味业,False
2019-08-06,54.14,55.876,52.684,55.736,126604.0,247510820.0,18.98,19.6,18.46,19.55,True,千禾味业,False
2019-08-07,55.624,56.072,54.252,54.392,66309.0,126451263.0,19.51,19.67,19.02,19.07,True,千禾味业,False
2019-08-08,54.784,55.344,54.28,54.504,44685.0,85393035.0,19.21,19.41,19.03,19.11,True,千禾味业,False
2019-08-09,55.092,56.128,53.636,53.804,74082.0,139718652.0,19.32,19.69,18.8,18.86,True,千禾味业,False
2019-08-12,53.888,54.476,52.936,54.476,58720.0,112155200.0,18.89,19.1,18.55,19.1,True,千禾味业,False
2019-08-13,53.776,55.12,53.776,54.364,45679.0,87064174.0,18.85,19.33,18.85,19.06,True,千禾味业,False
2019-08-14,55.484,56.968,54.504,56.436,103689.0,205304220.0,19.46,19.99,19.11,19.8,True,千禾味业,False
2019-08-15,55.316,60.328,55.064,60.16,164839.0,348304807.0,19.4,21.19,19.31,21.13,True,千禾味业,False
2019-08-16,60.16,61.112,59.544,60.44,102274.0,217127702.0,21.13,21.47,20.91,21.23,True,千禾味业,False
2019-08-19,60.552,61.924,59.74,61.084,99114.0,212698644.0,21.27,21.76,20.98,21.46,True,千禾味业,False
2019-08-20,60.636,60.86,59.852,60.104,67305.0,142080855.0,21.3,21.38,21.02,21.11,True,千禾味业,False
2019-08-21,60.16,60.636,59.124,59.236,66612.0,138552960.0,21.13,21.3,20.76,20.8,True,千禾味业,False
2019-08-22,59.516,59.74,58.592,59.04,54802.0,113604546.0,20.9,20.98,20.57,20.73,True,千禾味业,False
2019-08-23,58.732,61.112,58.396,61.028,107944.0,231431936.0,20.62,21.47,20.5,21.44,True,千禾味业,False
2019-08-26,59.796,60.636,58.452,58.76,84120.0,173539560.0,21.0,21.3,20.52,20.63,True,千禾味业,False
2019-08-27,60.496,63.828,60.16,63.324,166014.0,369547164.0,21.25,22.44,21.13,22.26,True,千禾味业,False
2019-08-28,63.24,64.36,62.036,63.156,93403.0,207354660.0,22.23,22.63,21.8,22.2,True,千禾味业,False
2019-08-29,63.436,64.276,62.316,63.436,67018.0,149450140.0,22.3,22.6,21.9,22.3,True,千禾味业,False
2019-08-30,63.856,67.244,63.38,64.976,139542.0,318853470.0,22.45,23.66,22.28,22.85,True,千禾味业,False
2019-09-02,64.584,65.956,63.716,64.5,127942.0,290172456.0,22.71,23.2,22.4,22.68,True,千禾味业,False
2019-09-03,64.5,64.5,62.204,63.072,115413.0,255870621.00000003,22.68,22.68,21.86,22.17,True,千禾味业,False
2019-09-04,62.652,63.296,62.064,62.848,59813.0,132126917.0,22.02,22.25,21.81,22.09,True,千禾味业,False
2019-09-05,63.212,63.576,62.316,62.652,97835.0,215432670.0,22.22,22.35,21.9,22.02,True,千禾味业,False
2019-09-06,62.792,62.792,61.448,62.12,68400.0,149317200.0,22.07,22.07,21.59,21.83,True,千禾味业,False
2019-09-09,62.736,63.352,62.232,62.596,63278.0,139211600.0,22.05,22.27,21.87,22.0,True,千禾味业,False
2019-09-10,62.596,65.844,62.064,65.508,150875.0,347616000.0,22.0,23.16,21.81,23.04,True,千禾味业,False
2019-09-11,65.396,65.396,63.716,63.744,77271.0,173164311.0,23.0,23.0,22.4,22.41,True,千禾味业,False
2019-09-12,63.688,64.556,62.876,63.716,45872.0,102753280.0,22.39,22.7,22.1,22.4,True,千禾味业,False
2019-09-16,63.632,63.632,62.288,62.456,51309.0,112623255.0,22.37,22.37,21.89,21.95,True,千禾味业,False
2019-09-17,61.56,62.26,60.468,60.804,64074.0,136862064.0,21.63,21.88,21.24,21.36,True,千禾味业,False
2019-09-18,60.804,63.1,60.804,61.924,75790.0,164919040.0,21.36,22.18,21.36,21.76,True,千禾味业,False
2019-09-19,62.036,62.456,61.196,62.092,40317.0,87971694.0,21.8,21.95,21.5,21.82,True,千禾味业,False
2019-09-20,62.064,63.94,61.756,63.576,73727.0,164779845.0,21.81,22.48,21.7,22.35,True,千禾味业,False
2019-09-23,63.604,63.604,61.336,62.036,59017.0,128657060.0,22.36,22.36,21.55,21.8,True,千禾味业,False
2019-09-24,61.98,62.764,61.392,62.092,44063.0,96145466.0,21.78,22.06,21.57,21.82,True,千禾味业,False
2019-09-25,61.616,63.604,61.616,62.932,63570.0,140616840.0,21.65,22.36,21.65,22.12,True,千禾味业,False
2019-09-26,63.156,64.136,62.428,62.568,65283.0,143557317.0,22.2,22.55,21.94,21.99,True,千禾味业,False
2019-09-27,62.568,63.016,61.588,61.896,41117.0,89429475.0,21.99,22.15,21.64,21.75,True,千禾味业,False
2019-09-30,61.868,62.54,61.336,61.42,33858.0,73065564.0,21.74,21.98,21.55,21.58,True,千禾味业,False
2019-10-08,61.756,62.204,60.972,61.14,30819.0,66199212.0,21.7,21.86,21.42,21.48,True,千禾味业,False
2019-10-09,61.084,61.588,60.888,61.42,23847.0,51461825.99999999,21.46,21.64,21.39,21.58,True,千禾味业,False
2019-10-10,61.588,64.164,61.56,63.996,83296.0,187416000.0,21.64,22.56,21.63,22.5,True,千禾味业,False
2019-10-11,63.996,65.34,63.464,64.528,81688.0,185350072.0,22.5,22.98,22.31,22.69,True,千禾味业,False
2019-10-14,64.864,65.116,63.716,64.08,68618.0,154596354.0,22.81,22.9,22.4,22.53,True,千禾味业,False
2019-10-15,64.108,66.46,63.632,65.592,89074.0,205493718.0,22.54,23.38,22.37,23.07,True,千禾味业,False
2019-10-16,65.564,67.86,64.892,67.496,103261.0,245244875.0,23.06,23.88,22.82,23.75,True,千禾味业,False
2019-10-17,67.468,68.14,66.628,67.86,61663.0,147251244.0,23.74,23.98,23.44,23.88,True,千禾味业,False
2019-10-18,67.272,67.86,64.584,64.836,94267.0,214928760.0,23.67,23.88,22.71,22.8,True,千禾味业,False
2019-10-21,65.06,66.46,62.932,64.22,79407.0,179301006.0,22.88,23.38,22.12,22.58,True,千禾味业,False
2019-10-22,64.164,64.64,63.632,63.884,50470.0,113355620.0,22.56,22.73,22.37,22.46,True,千禾味业,False
2019-10-23,64.024,65.34,62.988,63.324,54064.0,120346464.0,22.51,22.98,22.14,22.26,True,千禾味业,False
2019-10-24,62.68,63.044,60.076,60.58,104643.0,222680304.0,22.03,22.16,21.1,21.28,True,千禾味业,False
2019-10-25,60.468,62.316,59.852,61.56,58631.0,126818853.0,21.24,21.9,21.02,21.63,True,千禾味业,False
2019-10-28,62.148,64.584,62.148,63.716,79080.0,177139200.0,21.84,22.71,21.84,22.4,True,千禾味业,False
2019-10-29,63.716,64.696,63.296,63.632,62726.0,140318062.0,22.4,22.75,22.25,22.37,True,千禾味业,False
2019-10-30,64.136,64.752,62.876,64.416,51625.0,116930625.0,22.55,22.77,22.1,22.65,True,千禾味业,False
2019-10-31,64.528,64.752,63.744,64.08,48619.0,109538607.0,22.69,22.77,22.41,22.53,True,千禾味业,False
2019-11-01,63.744,66.124,63.744,65.788,76178.0,176275892.0,22.41,23.26,22.41,23.14,True,千禾味业,False
2019-11-04,66.152,67.86,65.592,67.048,79585.0,187741015.0,23.27,23.88,23.07,23.59,True,千禾味业,False
2019-11-05,67.076,69.428,66.348,69.036,95279.0,231527970.0,23.6,24.44,23.34,24.3,True,千禾味业,False
2019-11-06,68.476,69.54,67.272,67.44,71438.0,169522374.0,24.1,24.48,23.67,23.73,True,千禾味业,False
2019-11-07,67.608,68.644,67.048,67.972,45405.0,108608760.0,23.79,24.16,23.59,23.92,True,千禾味业,False
2019-11-08,68.14,69.176,67.076,67.16,65480.0,154729240.0,23.98,24.35,23.6,23.63,True,千禾味业,False
2019-11-11,66.852,68.448,66.348,66.572,60712.0,142187504.0,23.52,24.09,23.34,23.42,True,千禾味业,False
2019-11-12,66.572,67.496,65.928,67.496,47020.0,111672500.0,23.42,23.75,23.19,23.75,True,千禾味业,False
2019-11-13,67.328,68.084,66.852,67.916,44320.0,105924800.0,23.69,23.96,23.52,23.9,True,千禾味业,False
2019-11-14,67.86,68.28,66.656,67.188,48362.0,114327768.0,23.88,24.03,23.45,23.64,True,千禾味业,False
2019-11-15,67.104,67.188,65.06,66.012,62202.0,144433044.0,23.61,23.64,22.88,23.22,True,千禾味业,False
2019-11-18,65.676,66.936,65.564,66.572,33907.0,79410194.0,23.1,23.55,23.06,23.42,True,千禾味业,False
2019-11-19,66.656,66.768,65.536,66.18,51068.0,118886304.0,23.45,23.49,23.05,23.28,True,千禾味业,False
2019-11-20,65.872,66.152,64.108,64.892,68026.0,155235332.0,23.17,23.27,22.54,22.82,True,千禾味业,False
2019-11-21,64.696,64.836,63.66,63.856,44786.0,100544570.0,22.75,22.8,22.38,22.45,True,千禾味业,False
2019-11-22,63.828,64.556,61.588,62.12,83134.0,181481522.0,22.44,22.7,21.64,21.83,True,千禾味业,False
2019-11-25,61.896,62.484,60.916,62.008,40787.0,88874873.0,21.75,21.96,21.4,21.79,True,千禾味业,False
2019-11-26,62.176,62.764,61.756,62.148,34720.0,75828480.0,21.85,22.06,21.7,21.84,True,千禾味业,False
2019-11-27,61.7,62.4,61.476,61.868,31539.0,68565786.0,21.68,21.93,21.6,21.74,True,千禾味业,False
2019-11-28,62.288,62.288,60.328,60.58,49566.0,105476448.0,21.89,21.89,21.19,21.28,True,千禾味业,False
2019-11-29,60.636,61.252,60.02,60.3,42965.0,90999870.0,21.3,21.52,21.08,21.18,True,千禾味业,False
2019-12-02,60.384,60.72,58.2,59.572,71255.0,149065460.0,21.21,21.33,20.43,20.92,True,千禾味业,False
2019-12-03,59.208,59.572,58.676,59.544,29026.0,60693366.0,20.79,20.92,20.6,20.91,True,千禾味业,False
2019-12-04,59.152,60.216,58.928,59.208,31366.0,65209914.0,20.77,21.15,20.69,20.79,True,千禾味业,False
2019-12-05,59.236,60.776,59.236,60.216,39521.0,83586915.0,20.8,21.35,20.8,21.15,True,千禾味业,False
2019-12-06,60.3,60.58,59.936,60.356,31625.0,67045000.0,21.18,21.28,21.05,21.2,True,千禾味业,False
2019-12-09,60.608,61.112,59.964,60.132,28324.0,59820288.0,21.29,21.47,21.06,21.12,True,千禾味业,False
2019-12-10,59.908,59.908,58.844,59.348,37913.0,79010692.0,21.04,21.04,20.66,20.84,True,千禾味业,False
2019-12-11,59.348,59.74,58.928,59.6,24963.0,52247559.0,20.84,20.98,20.69,20.93,True,千禾味业,False
2019-12-12,59.516,59.516,58.928,59.068,20618.0,42761732.0,20.9,20.9,20.69,20.74,True,千禾味业,False
2019-12-13,59.628,60.972,59.432,60.776,49565.0,105821275.0,20.94,21.42,20.87,21.35,True,千禾味业,False
2019-12-16,58.704,59.32,58.34,59.236,81707.0,169950560.0,20.61,20.83,20.48,20.8,True,千禾味业,False
2019-12-17,59.264,59.74,58.872,59.684,47138.0,98801248.0,20.81,20.98,20.67,20.96,True,千禾味业,False
2019-12-18,59.824,61.644,59.404,60.496,64161.0,136342125.0,21.01,21.66,20.86,21.25,True,千禾味业,False
2019-12-19,60.496,60.776,59.656,60.02,46526.0,98076808.0,21.25,21.35,20.95,21.08,True,千禾味业,False
2019-12-20,60.188,60.3,58.76,58.984,41056.0,85026976.0,21.14,21.18,20.63,20.71,True,千禾味业,False
2019-12-23,58.844,59.376,58.536,58.984,27463.0,56875873.0,20.66,20.85,20.55,20.71,True,千禾味业,False
2019-12-24,59.208,60.58,58.704,60.216,44426.0,93960990.0,20.79,21.28,20.61,21.15,True,千禾味业,False
2019-12-25,60.216,60.496,59.488,60.188,28054.0,59306156.0,21.15,21.25,20.89,21.14,True,千禾味业,False
2019-12-26,60.076,60.356,59.684,60.244,20582.0,43551512.0,21.1,21.2,20.96,21.16,True,千禾味业,False
2019-12-27,60.328,61.084,59.768,60.384,41543.0,88112703.0,21.19,21.46,20.99,21.21,True,千禾味业,False
2019-12-30,60.44,60.608,59.684,60.216,35608.0,75310920.0,21.23,21.29,20.96,21.15,True,千禾味业,False
2019-12-31,60.02,60.58,59.852,60.524,33827.0,71916202.0,21.08,21.28,21.02,21.26,True,千禾味业,False
2020-01-02,60.776,61.336,60.356,60.664,63900.0,136170900.0,21.35,21.55,21.2,21.31,True,千禾味业,False
2020-01-03,60.636,60.636,59.74,60.132,42125.0,88968000.0,21.3,21.3,20.98,21.12,True,千禾味业,False
2020-01-06,59.796,59.852,58.816,59.04,67322.0,139558506.0,21.0,21.02,20.65,20.73,True,千禾味业,False
2020-01-07,58.9,59.88,58.676,59.516,45301.0,94679090.0,20.68,21.03,20.6,20.9,True,千禾味业,False
2020-01-08,59.236,59.908,58.788,58.984,36919.0,76459249.0,20.8,21.04,20.64,20.71,True,千禾味业,False
2020-01-09,59.18,59.796,58.928,59.796,53091.0,111491100.0,20.78,21.0,20.69,21.0,True,千禾味业,False
2020-01-10,60.076,60.356,59.264,59.516,43527.0,90971430.0,21.1,21.2,20.81,20.9,True,千禾味业,False
2020-01-13,59.432,61.336,59.376,61.28,87143.0,187618879.0,20.87,21.55,20.85,21.53,True,千禾味业,False
2020-01-14,61.28,61.7,60.44,60.496,56259.0,119550375.0,21.53,21.68,21.23,21.25,True,千禾味业,False
2020-01-15,60.468,61.616,60.216,60.72,43644.0,93092652.0,21.24,21.65,21.15,21.33,True,千禾味业,False
2020-01-16,60.832,62.4,60.636,62.344,79929.0,175124439.0,21.37,21.93,21.3,21.91,True,千禾味业,False
2020-01-17,62.316,62.82,61.504,61.924,48367.0,105246592.0,21.9,22.08,21.61,21.76,True,千禾味业,False
2020-01-20,61.756,61.784,60.804,61.588,49931.0,108050684.0,21.7,21.71,21.36,21.64,True,千禾味业,False
2020-01-21,61.7,62.036,60.44,60.496,47652.0,101260500.0,21.68,21.8,21.23,21.25,True,千禾味业,False
2020-01-22,59.516,59.712,58.816,59.6,54005.0,113032465.0,20.9,20.97,20.65,20.93,True,千禾味业,False
2020-01-23,58.956,59.404,56.52,57.36,61551.0,123902163.0,20.7,20.86,19.83,20.13,True,千禾味业,False
2020-02-03,51.732,52.768,51.732,51.732,121551.0,220250412.0,18.12,18.49,18.12,18.12,True,千禾味业,False
2020-02-04,51.396,56.8,51.396,56.52,103892.0,206017836.0,18.0,19.93,18.0,19.83,True,千禾味业,False
2020-02-05,56.716,57.36,55.68,56.632,53556.0,106415772.0,19.9,20.13,19.53,19.87,True,千禾味业,False
2020-02-06,56.632,57.92,55.68,57.024,50629.0,101308629.0,19.87,20.33,19.53,20.01,True,千禾味业,False
2020-02-07,56.912,58.956,56.044,58.48,74115.0,152158095.0,19.97,20.7,19.66,20.53,True,千禾味业,False
2020-02-10,58.004,61.896,57.948,61.112,75089.0,161216083.0,20.36,21.75,20.34,21.47,True,千禾味业,False
2020-02-11,60.916,61.756,60.356,60.944,46484.0,99522244.0,21.4,21.7,21.2,21.41,True,千禾味业,False
2020-02-12,60.832,62.176,60.58,61.56,61708.0,133474404.0,21.37,21.85,21.28,21.63,True,千禾味业,False
2020-02-13,61.868,62.456,61.056,61.588,35996.0,77895344.0,21.74,21.95,21.45,21.64,True,千禾味业,False
2020-02-14,61.28,64.136,61.28,62.372,67711.0,148422512.0,21.53,22.55,21.53,21.92,True,千禾味业,False
2020-02-17,62.316,63.772,61.924,63.044,62200.0,137835200.0,21.9,22.42,21.76,22.16,True,千禾味业,False
2020-02-18,62.764,63.408,62.036,62.344,47272.0,103572952.0,22.06,22.29,21.8,21.91,True,千禾味业,False
2020-02-19,61.924,63.072,61.532,61.84,52796.0,114725708.0,21.76,22.17,21.62,21.73,True,千禾味业,False
2020-02-20,62.064,64.836,62.008,64.332,72943.0,164997066.0,21.81,22.8,21.79,22.62,True,千禾味业,False
2020-02-21,63.968,66.824,63.912,65.9,108523.0,251556314.0,22.49,23.51,22.47,23.18,True,千禾味业,False
2020-02-24,65.34,66.684,64.948,65.2,70994.0,162789242.0,22.98,23.46,22.84,22.93,True,千禾味业,False
2020-02-25,64.332,65.144,63.184,65.088,54023.0,123658647.0,22.62,22.91,22.21,22.89,True,千禾味业,False
2020-02-26,63.968,64.752,62.904,63.408,48651.0,108443079.0,22.49,22.77,22.11,22.29,True,千禾味业,False
2020-02-27,63.548,69.344,63.548,68.196,118182.0,283636800.0,22.34,24.41,22.34,24.0,True,千禾味业,False
2020-02-28,65.396,68.952,65.088,65.396,79078.0,181879400.0,23.0,24.27,22.89,23.0,True,千禾味业,False
2020-03-02,66.628,69.176,65.536,67.524,73126.0,173747376.0,23.44,24.35,23.05,23.76,True,千禾味业,False
2020-03-03,67.86,71.864,67.636,71.36,100851.0,253438563.0,23.88,25.31,23.8,25.13,True,千禾味业,False
2020-03-04,70.912,74.216,70.436,73.712,78606.0,204139782.0,24.97,26.15,24.8,25.97,True,千禾味业,False
2020-03-05,73.516,74.804,72.396,73.376,63777.0,164863545.0,25.9,26.36,25.5,25.85,True,千禾味业,False
2020-03-06,72.676,73.656,71.416,72.676,48401.0,123906560.0,25.6,25.95,25.15,25.6,True,千禾味业,False
2020-03-09,71.332,72.256,69.596,69.596,67829.0,166181050.0,25.12,25.45,24.5,24.5,True,千禾味业,False
2020-03-10,69.792,71.052,67.552,69.512,61973.0,151647931.0,24.57,25.02,23.77,24.47,True,千禾味业,False
2020-03-11,69.82,70.772,69.232,69.232,38406.0,93595422.0,24.58,24.92,24.37,24.37,True,千禾味业,False
2020-03-12,68.476,68.98,66.376,67.076,52367.0,123586120.0,24.1,24.28,23.35,23.6,True,千禾味业,False
2020-03-13,64.556,68.728,63.436,67.748,56313.0,134250192.0,22.7,24.19,22.3,23.84,True,千禾味业,False
2020-03-16,68.196,68.812,64.78,65.116,52089.0,119283810.0,24.0,24.22,22.78,22.9,True,千禾味业,False
2020-03-17,65.676,67.636,61.196,66.012,57139.0,132676758.0,23.1,23.8,21.5,23.22,True,千禾味业,False
2020-03-18,66.488,67.076,63.436,63.884,46211.0,103789906.0,23.39,23.6,22.3,22.46,True,千禾味业,False
2020-03-19,63.996,64.556,61.196,63.296,38229.0,85059525.0,22.5,22.7,21.5,22.25,True,千禾味业,False
2020-03-20,64.136,66.124,63.436,65.956,37756.0,87593920.0,22.55,23.26,22.3,23.2,True,千禾味业,False
2020-03-23,64.276,65.9,63.548,65.06,31094.0,71143072.0,22.6,23.18,22.34,22.88,True,千禾味业,False
2020-03-24,66.796,68.756,65.088,68.588,66702.0,161018628.0,23.5,24.2,22.89,24.14,True,千禾味业,False
2020-03-25,69.624,72.956,69.036,70.604,81810.0,203379660.0,24.51,25.7,24.3,24.86,True,千禾味业,False
2020-03-26,70.128,72.396,70.1,71.696,50706.0,128032650.0,24.69,25.5,24.68,25.25,True,千禾味业,False
2020-03-27,72.032,73.32,70.912,71.164,39451.0,98864206.0,25.37,25.83,24.97,25.06,True,千禾味业,False
2020-03-30,71.164,71.836,69.176,69.68,49026.0,120260778.0,25.06,25.3,24.35,24.53,True,千禾味业,False
2020-03-31,70.38,74.496,69.596,73.656,74562.0,193488390.0,24.78,26.25,24.5,25.95,True,千禾味业,False
2020-04-01,73.6,74.104,71.808,72.452,56224.0,143483648.0,25.93,26.11,25.29,25.52,True,千禾味业,False
2020-04-02,72.956,72.956,70.744,71.892,27625.0,69946500.0,25.7,25.7,24.91,25.32,True,千禾味业,False
2020-04-03,71.752,77.856,71.164,76.568,83688.0,225873912.0,25.27,27.45,25.06,26.99,True,千禾味业,False
2020-04-07,77.996,78.864,76.064,77.716,94883.0,259979420.0,27.5,27.81,26.81,27.4,True,千禾味业,False
2020-04-08,76.316,77.576,75.476,75.98,48156.0,128961768.0,26.9,27.35,26.6,26.78,True,千禾味业,False
2020-04-09,76.568,78.416,75.84,77.912,60217.0,165416099.0,26.99,27.65,26.73,27.47,True,千禾味业,False
2020-04-10,77.884,78.976,75.14,75.7,68765.0,183465020.0,27.46,27.85,26.48,26.68,True,千禾味业,False
2020-04-13,75.336,75.616,73.796,75.196,32646.0,86511900.0,26.55,26.65,26.0,26.5,True,千禾味业,False
2020-04-14,74.804,76.876,74.412,76.036,36391.0,97527880.0,26.36,27.1,26.22,26.8,True,千禾味业,False
2020-04-15,76.036,76.568,74.468,74.86,32838.0,86626644.0,26.8,26.99,26.24,26.38,True,千禾味业,False
2020-04-16,74.804,77.016,74.104,77.016,52301.0,141997215.0,26.36,27.15,26.11,27.15,True,千禾味业,False
2020-04-17,77.296,82.028,77.296,80.796,107752.0,307093200.0,27.25,28.94,27.25,28.5,True,千禾味业,False
2020-04-20,79.368,80.656,77.632,79.984,115349.0,325399529.0,27.99,28.45,27.37,28.21,True,千禾味业,False
2020-04-21,80.208,83.848,79.172,83.456,80729.0,237746905.0,28.29,29.59,27.92,29.45,True,千禾味业,False
2020-04-22,82.952,85.192,82.196,84.324,67200.0,199987200.0,29.27,30.07,29.0,29.76,True,千禾味业,False
2020-04-23,83.876,85.976,83.596,85.22,51450.0,154761600.0,29.6,30.35,29.5,30.08,True,千禾味业,False
2020-04-24,83.96,87.068,83.876,84.436,71926.0,214339480.0,29.63,30.74,29.6,29.8,True,千禾味业,False
2020-04-27,87.46,92.78,84.632,88.944,162950.0,511825950.0,30.88,32.78,29.87,31.41,True,千禾味业,False
2020-04-28,90.092,92.808,88.916,92.612,112569.0,368325768.0,31.82,32.79,31.4,32.72,True,千禾味业,False
2020-04-29,91.492,91.94,86.844,87.544,108597.0,335673327.0,32.32,32.48,30.66,30.91,True,千禾味业,False
2020-04-30,87.628,88.72,86.2,86.9,61844.0,189737392.0,30.94,31.33,30.43,30.68,True,千禾味业,False
2020-05-06,86.312,92.696,86.172,92.164,96160.0,313096960.0,30.47,32.75,30.42,32.56,True,千禾味业,False
2020-05-07,92.584,97.596,91.156,95.636,81293.0,274770340.0,32.71,34.5,32.2,33.8,True,千禾味业,False
2020-05-08,95.216,96.728,93.48,94.852,64987.0,217836424.00000003,33.65,34.19,33.03,33.52,True,千禾味业,False
2020-05-11,95.272,95.3,92.22,93.396,61451.0,202788300.0,33.67,33.68,32.58,33.0,True,千禾味业,False
2020-05-12,93.956,98.1,93.704,97.988,83646.0,289749744.0,33.2,34.68,33.11,34.64,True,千禾味业,False
2020-05-13,96.196,99.78,95.636,97.988,79096.0,273988544.0,34.0,35.28,33.8,34.64,True,千禾味业,False
2020-05-14,97.904,98.632,96.364,97.596,57516.0,198430200.0,34.61,34.87,34.06,34.5,True,千禾味业,False
2020-05-15,97.596,104.316,97.176,103.728,97147.0,356432343.0,34.5,36.9,34.35,36.69,True,千禾味业,False
2020-05-18,103.168,107.228,102.216,105.8,88836.0,332513148.0,36.49,37.94,36.15,37.43,True,千禾味业,False
2020-05-19,105.632,106.612,103.84,105.996,63309.0,237408750.0,37.37,37.72,36.73,37.5,True,千禾味业,False
2020-05-20,104.876,106.836,103.644,105.996,74689.0,280083750.0,37.1,37.8,36.66,37.5,True,千禾味业,False
2020-05-21,105.296,105.856,102.72,104.316,64801.0,239115690.0,37.25,37.45,36.33,36.9,True,千禾味业,False
2020-05-22,102.86,104.26,100.424,101.124,78537.0,280848312.0,36.38,36.88,35.51,35.76,True,千禾味业,False
2020-05-25,102.104,106.976,99.836,105.156,98497.0,366408840.0,36.11,37.85,35.3,37.2,True,千禾味业,False
2020-05-26,105.184,108.74,104.596,108.292,82278.0,315289296.0,37.21,38.48,37.0,38.32,True,千禾味业,False
2020-05-27,107.676,109.972,105.66,107.48,70311.0,267392733.0,38.1,38.92,37.38,38.03,True,千禾味业,False
2020-05-28,107.116,107.116,103.644,106.052,68574.0,257289648.00000003,37.9,37.9,36.66,37.52,True,千禾味业,False
2020-05-29,105.716,109.356,105.156,108.544,61530.0,236336730.0,37.4,38.7,37.2,38.41,True,千禾味业,False
2020-06-01,108.74,109.86,106.584,107.62,86057.0,327705056.0,38.48,38.88,37.71,38.08,True,千禾味业,False
2020-06-02,107.144,107.564,101.768,102.636,123070.0,446744100.0,37.91,38.06,35.99,36.3,True,千禾味业,False
2020-06-03,102.636,104.4,100.592,103.14,60700.0,221433600.0,36.3,36.93,35.57,36.48,True,千禾味业,False
2020-06-04,103.644,104.988,102.104,104.232,48181.0,177643347.0,36.66,37.14,36.11,36.87,True,千禾味业,False
2020-06-05,104.456,104.456,102.384,103.728,37366.0,137095854.0,36.95,36.95,36.21,36.69,True,千禾味业,False
2020-06-08,104.316,105.268,100.62,101.516,70156.0,251860040.0,36.9,37.24,35.58,35.9,True,千禾味业,False
2020-06-09,102.636,104.316,101.516,104.036,60352.0,222095360.0,36.3,36.9,35.9,36.8,True,千禾味业,False
2020-06-10,104.148,111.036,103.392,110.084,107629.0,419322584.0,36.84,39.3,36.57,38.96,True,千禾味业,False
2020-06-11,110.879,113.702,107.9,109.076,107917.0,296555916.0,27.94,28.66,27.18,27.48,True,千禾味业,False
2020-06-12,106.293,110.252,106.293,109.468,79655.0,219688490.0,26.77,27.78,26.77,27.58,True,千禾味业,False
2020-06-15,109.468,112.094,105.822,105.901,95920.0,255818640.00000003,27.58,28.25,26.65,26.67,True,千禾味业,False
2020-06-16,106.685,114.29,106.018,113.427,146410.0,418586190.0,26.87,28.81,26.7,28.59,True,千禾味业,False
2020-06-17,113.427,114.25,111.31,113.466,84706.0,242259160.0,28.59,28.8,28.05,28.6,True,千禾味业,False
2020-06-18,113.388,113.388,108.292,109.938,100514.0,278423780.0,28.58,28.58,27.28,27.7,True,千禾味业,False
2020-06-19,110.958,112.408,109.154,110.683,90171.0,251486919.0,27.96,28.33,27.5,27.89,True,千禾味业,False
2020-06-22,111.82,112.996,110.174,111.585,70849.0,199227388.0,28.18,28.48,27.76,28.12,True,千禾味业,False
2020-06-23,111.898,114.446,110.526,112.918,89904.0,255866784.0,28.2,28.85,27.85,28.46,True,千禾味业,False
2020-06-24,113.114,114.486,110.762,111.82,73856.0,208126208.0,28.51,28.86,27.91,28.18,True,千禾味业,False
2020-06-29,111.859,121.502,111.075,121.424,155512.0,476333256.0,28.19,30.65,27.99,30.63,True,千禾味业,False
2020-06-30,121.306,127.97,120.052,125.148,133071.0,420238218.0,30.6,32.3,30.28,31.58,True,千禾味业,False
2020-07-01,126.598,136.163,125.226,131.224,127812.0,423441156.00000006,31.95,34.39,31.6,33.13,True,千禾味业,False
2020-07-02,131.459,133.654,126.834,127.539,131330.0,422751270.0,33.19,33.75,32.01,32.19,True,千禾味业,False
2020-07-03,127.108,129.852,123.345,128.362,117247.0,379880280.0,32.08,32.78,31.12,32.4,True,千禾味业,False
2020-07-06,126.794,128.754,125.187,127.343,126587.0,406850618.0,32.0,32.5,31.59,32.14,True,千禾味业,False
2020-07-07,127.108,131.498,125.226,128.754,145044.0,471393000.0,32.08,33.2,31.6,32.5,True,千禾味业,False
2020-07-08,129.499,134.242,129.146,132.674,114631.0,384013850.0,32.69,33.9,32.6,33.5,True,千禾味业,False
2020-07-09,131.106,133.184,129.656,132.792,124435.0,417230555.0,33.1,33.63,32.73,33.53,True,千禾味业,False
2020-07-10,132.674,136.79,130.91,134.83,104591.0,356132355.0,33.5,34.55,33.05,34.05,True,千禾味业,False
2020-07-13,133.537,145.493,133.537,140.358,131065.0,464756490.0,33.72,36.77,33.72,35.46,True,千禾味业,False
2020-07-14,139.338,142.788,135.222,138.829,113930.0,399552510.0,35.2,36.08,34.15,35.07,True,千禾味业,False
2020-07-15,138.554,151.098,138.437,147.414,141033.0,525488958.0,35.0,38.2,34.97,37.26,True,千禾味业,False
2020-07-16,147.414,151.059,132.792,132.792,204469.0,685584557.0,37.26,38.19,33.53,33.53,True,千禾味业,False
2020-07-17,128.754,137.77,125.187,132.87,152974.0,513227770.0,32.5,34.8,31.59,33.55,True,千禾味业,False
2020-07-20,134.87,136.006,121.346,129.813,181772.0,595666844.0,34.06,34.35,30.61,32.77,True,千禾味业,False
2020-07-21,124.05,132.282,124.05,128.754,144646.0,470099500.0,31.3,33.4,31.3,32.5,True,千禾味业,False
2020-07-22,126.402,132.596,126.206,130.009,118165.0,387817530.0,31.9,33.48,31.85,32.82,True,千禾味业,False
2020-07-23,129.146,134.242,128.362,133.38,136781.0,460678408.0,32.6,33.9,32.4,33.68,True,千禾味业,False
2020-07-24,132.322,132.792,122.13,124.756,176697.0,556242156.0,33.41,33.53,30.81,31.48,True,千禾味业,False
2020-07-27,124.834,127.657,123.698,126.402,107941.0,344331790.0,31.5,32.22,31.21,31.9,True,千禾味业,False
2020-07-28,126.912,138.907,126.794,138.907,272355.0,955693695.0,32.03,35.09,32.0,35.09,True,千禾味业,False
2020-07-29,138.907,140.083,136.908,138.515,170384.0,596173616.0,35.09,35.39,34.58,34.99,True,千禾味业,False
2020-07-30,135.379,138.476,133.733,135.81,149964.0,514376520.0,34.19,34.98,33.77,34.3,True,千禾味业,False
2020-07-31,135.066,138.084,133.537,137.535,126616.0,439863984.0,34.11,34.88,33.72,34.74,True,千禾味业,False
2020-08-03,137.378,138.437,135.066,136.947,107847.0,373042773.00000006,34.7,34.97,34.11,34.59,True,千禾味业,False
2020-08-04,136.634,139.338,134.83,135.497,91567.0,313342274.0,34.51,35.2,34.05,34.22,True,千禾味业,False
2020-08-05,133.85,137.77,131.498,136.751,94499.0,326399546.0,33.8,34.8,33.2,34.54,True,千禾味业,False
2020-08-06,135.732,136.751,132.674,134.046,78727.0,266490895.0,34.28,34.54,33.5,33.85,True,千禾味业,False
2020-08-07,133.341,137.574,128.754,130.793,121132.0,399977864.00000006,33.67,34.75,32.5,33.02,True,千禾味业,False
2020-08-10,129.695,131.851,128.166,130.91,82526.0,272748430.0,32.74,33.29,32.35,33.05,True,千禾味业,False
2020-08-11,128.99,139.378,128.99,133.89,149555.0,505645455.00000006,32.56,35.21,32.56,33.81,True,千禾味业,False
2020-08-12,133.929,135.732,126.99,130.91,101706.0,336138330.0,33.82,34.28,32.05,33.05,True,千禾味业,False
2020-08-13,132.635,141.142,131.538,139.574,184509.0,650578734.0,33.49,35.66,33.21,35.26,True,千禾味业,False
2020-08-14,139.574,141.142,136.555,138.554,87173.0,305105500.0,35.26,35.66,34.49,35.0,True,千禾味业,False
2020-08-17,152.274,152.274,144.552,152.274,245231.0,944139350.0,38.5,38.5,36.53,38.5,True,千禾味业,False
2020-08-18,154.47,162.074,154.47,158.625,255476.0,1024969712.0,39.06,41.0,39.06,40.12,True,千禾味业,False
2020-08-19,158.546,173.678,157.057,165.955,199526.0,837809674.0,40.1,43.96,39.72,41.99,True,千禾味业,False
2020-08-20,164.622,167.994,160.31,161.29,155939.0,636231120.0,41.65,42.51,40.55,40.8,True,千禾味业,False
2020-08-21,163.368,174.579,162.506,170.463,174773.0,753970722.0,41.33,44.19,41.11,43.14,True,千禾味业,False
2020-08-24,169.797,172.266,165.406,169.562,120363.0,516477633.0,42.97,43.6,41.85,42.91,True,千禾味业,False
2020-08-25,169.013,171.874,166.974,169.17,100015.0,428164215.0,42.77,43.5,42.25,42.81,True,千禾味业,False
2020-08-26,169.718,171.6,167.249,169.914,88881.0,382188300.0,42.95,43.43,42.32,43.0,True,千禾味业,False
2020-08-27,170.698,178.93,170.306,174.775,163627.0,723885848.0,43.2,45.3,43.1,44.24,True,千禾味业,False
2020-08-28,174.618,176.147,167.954,175.01,105719.0,468335170.0,44.2,44.59,42.5,44.3,True,千禾味业,False
2020-08-31,175.52,183.203,173.442,178.578,131964.0,596609244.0,44.43,46.39,43.9,45.21,True,千禾味业,False
2020-09-01,177.402,181.635,174.932,181.635,108104.0,497170296.0,44.91,45.99,44.28,45.99,True,千禾味业,False
2020-09-02,182.85,184.654,178.617,180.89,89136.0,408242880.0,46.3,46.76,45.22,45.8,True,千禾味业,False
2020-09-03,179.636,182.458,163.25,165.877,252660.0,1060414020.0,45.48,46.2,41.3,41.97,True,千禾味业,False
2020-09-04,159.252,162.466,152.902,155.41,210779.0,828361469.9999999,40.28,41.1,38.66,39.3,True,千禾味业,False
2020-09-07,156.194,156.782,145.218,146.002,193949.0,715671810.0,39.5,39.65,36.7,36.9,True,千禾味业,False
2020-09-08,147.218,151.02,143.18,146.002,160870.0,593610300.0,37.21,38.18,36.18,36.9,True,千禾味业,False
2020-09-09,143.65,144.63,137.614,137.77,137233.0,477570840.0,36.3,36.55,34.76,34.8,True,千禾味业,False
2020-09-10,139.73,148.237,139.26,142.788,178465.0,643901720.0,35.3,37.47,35.18,36.08,True,千禾味业,False
2020-09-11,142.396,148.354,141.808,147.1,108927.0,404990586.0,35.98,37.5,35.83,37.18,True,千禾味业,False
2020-09-14,148.707,148.903,140.514,144.513,118122.0,431381544.00000006,37.59,37.64,35.5,36.52,True,千禾味业,False
2020-09-15,145.062,154.901,144.513,153.45,131129.0,508780520.0,36.66,39.17,36.52,38.8,True,千禾味业,False
2020-09-16,151.647,154.47,148.864,150.706,105501.0,401958810.0,38.34,39.06,37.63,38.1,True,千禾味业,False
2020-09-17,148.864,149.844,139.73,145.14,148086.0,543179448.0,37.63,37.88,35.3,36.68,True,千禾味业,False
2020-09-18,143.807,146.159,141.886,146.042,90593.0,334378762.99999994,36.34,36.94,35.85,36.91,True,千禾味业,False
2020-09-21,144.317,145.767,141.69,144.003,62605.0,227819595.0,36.47,36.84,35.8,36.39,True,千禾味业,False
2020-09-22,142.474,145.062,141.377,142.474,55808.0,200908800.0,36.0,36.66,35.72,36.0,True,千禾味业,False
2020-09-23,142.278,144.983,141.22,144.356,67688.0,246925824.0,35.95,36.64,35.68,36.48,True,千禾味业,False
2020-09-24,143.258,146.394,141.494,142.553,57051.0,205497702.00000003,36.2,37.0,35.75,36.02,True,千禾味业,False
2020-09-25,142.082,143.337,140.554,141.455,43699.0,156180226.0,35.9,36.22,35.51,35.74,True,千禾味业,False
2020-09-28,142.239,145.924,142.239,143.023,56245.0,203269430.0,35.94,36.88,35.94,36.14,True,千禾味业,False
2020-09-29,143.18,145.493,140.514,144.63,66579.0,243346245.0,36.18,36.77,35.5,36.55,True,千禾味业,False
2020-09-30,144.826,151.451,144.434,148.276,83099.0,311455052.0,36.6,38.29,36.5,37.48,True,千禾味业,False
2020-10-09,151.765,151.804,147.649,149.648,62612.0,236861196.0,38.37,38.38,37.32,37.83,True,千禾味业,False
2020-10-12,149.726,156.351,149.726,155.254,81420.0,319654920.0,37.85,39.54,37.85,39.26,True,千禾味业,False
2020-10-13,155.41,157.41,153.45,156.939,60004.0,238155876.0,39.3,39.81,38.8,39.69,True,千禾味业,False
2020-10-14,155.802,162.466,154.705,159.958,70562.0,285493852.0,39.4,41.1,39.12,40.46,True,千禾味业,False
2020-10-15,159.291,161.486,158.311,160.702,40440.0,164388600.0,40.29,40.85,40.04,40.65,True,千禾味业,False
2020-10-16,159.958,161.682,156.234,158.311,50989.0,204159956.0,40.46,40.9,39.51,40.04,True,千禾味业,False
2020-10-19,158.272,161.29,156.939,157.919,48299.0,192906206.0,40.03,40.8,39.69,39.94,True,千禾味业,False
2020-10-20,157.919,164.818,156.351,163.917,81622.0,338486434.0,39.94,41.7,39.54,41.47,True,千禾味业,False
2020-10-21,164.034,166.974,162.702,166.582,60326.0,254274090.0,41.5,42.25,41.16,42.15,True,千禾味业,False
2020-10-22,167.445,168.268,162.074,166.073,60199.0,252956198.00000003,42.37,42.58,41.0,42.02,True,千禾味业,False
2020-10-23,165.642,167.954,153.725,155.45,99113.0,389613203.0,41.91,42.5,38.87,39.31,True,千禾味业,False
2020-10-26,153.45,154.156,147.61,152.078,67835.0,260825575.00000003,38.8,38.98,37.31,38.45,True,千禾味业,False
2020-10-27,152.118,158.899,151.294,157.41,58609.0,233322429.0,38.46,40.19,38.25,39.81,True,千禾味业,False
2020-10-28,157.998,162.819,156.194,161.8,56761.0,232322773.0,39.96,41.19,39.5,40.93,True,千禾味业,False
2020-10-29,160.702,168.856,159.33,167.602,76074.0,322629834.0,40.65,42.73,40.3,42.41,True,千禾味业,False
2020-10-30,158.154,160.075,150.981,150.981,244664.0,933882488.0,40.0,40.49,38.17,38.17,True,千禾味业,False
2020-11-02,150.589,152.902,147.1,149.138,97115.0,366123550.0,38.07,38.66,37.18,37.7,True,千禾味业,False
2020-11-03,149.687,150.275,146.002,150.236,87704.0,333099792.0,37.84,37.99,36.9,37.98,True,千禾味业,False
2020-11-04,151.059,152.784,149.962,151.294,52092.0,199251900.0,38.19,38.63,37.91,38.25,True,千禾味业,False
2020-11-05,151.334,155.998,151.216,155.45,77517.0,304719327.0,38.26,39.45,38.23,39.31,True,千禾味业,False
2020-11-06,155.606,156.194,152.196,153.999,64490.0,251124060.0,39.35,39.5,38.48,38.94,True,千禾味业,False
2020-11-09,152.745,155.332,150.275,152.902,115436.0,446275576.0,38.62,39.28,37.99,38.66,True,千禾味业,False
2020-11-10,149.138,149.138,140.554,146.394,125771.0,465352700.0,37.7,37.7,35.51,37.0,True,千禾味业,False
2020-11-11,146.002,151.412,145.022,146.786,65306.0,242285260.0,36.9,38.28,36.65,37.1,True,千禾味业,False
2020-11-12,146.316,149.334,144.434,145.258,61440.0,225546240.0,36.98,37.75,36.5,36.71,True,千禾味业,False
2020-11-13,144.434,145.885,141.573,145.414,45653.0,167774775.0,36.5,36.87,35.77,36.75,True,千禾味业,False
2020-11-16,147.453,150.314,146.512,147.845,66397.0,248125589.0,37.27,38.0,37.03,37.37,True,千禾味业,False
2020-11-17,147.139,147.57,142.514,143.533,80788.0,293018076.0,37.19,37.3,36.01,36.27,True,千禾味业,False
2020-11-18,143.572,144.826,142.278,143.18,36550.0,132237900.0,36.28,36.6,35.95,36.18,True,千禾味业,False
2020-11-19,142.474,144.67,141.298,143.886,37981.0,138098916.0,36.0,36.56,35.7,36.36,True,千禾味业,False
2020-11-20,144.082,147.061,144.042,146.042,49437.0,182471967.0,36.41,37.17,36.4,36.91,True,千禾味业,False
2020-11-23,146.394,147.139,143.258,146.394,49549.0,183331300.0,37.0,37.19,36.2,37.0,True,千禾味业,False
2020-11-24,146.434,146.786,144.042,145.493,43745.0,160850365.0,37.01,37.1,36.4,36.77,True,千禾味业,False
2020-11-25,145.924,145.924,141.69,142.357,47756.0,171778332.0,36.88,36.88,35.8,35.97,True,千禾味业,False
2020-11-26,141.612,143.376,140.24,142.239,34539.0,124133166.0,35.78,36.23,35.43,35.94,True,千禾味业,False
2020-11-27,142.161,142.945,140.593,142.827,27490.0,99211410.0,35.92,36.12,35.52,36.09,True,千禾味业,False
2020-11-30,142.788,142.827,140.279,140.318,50414.0,178717630.0,36.08,36.09,35.44,35.45,True,千禾味业,False
2020-12-01,140.671,145.022,140.671,143.846,44011.0,159979985.0,35.54,36.65,35.54,36.35,True,千禾味业,False
2020-12-02,143.572,145.101,142.161,142.318,45290.0,162862840.0,36.28,36.67,35.92,35.96,True,千禾味业,False
2020-12-03,140.554,144.826,140.554,144.434,47266.0,172520900.0,35.51,36.6,35.51,36.5,True,千禾味业,False
2020-12-04,143.729,152.549,143.376,150.589,142223.0,541442961.0,36.32,38.57,36.23,38.07,True,千禾味业,False
2020-12-07,150.197,153.058,149.53,150.706,88049.0,335466690.0,37.97,38.7,37.8,38.1,True,千禾味业,False
2020-12-08,149.844,151.726,148.002,150.118,62150.0,235859250.00000003,37.88,38.36,37.41,37.95,True,千禾味业,False
2020-12-09,150.824,152.588,149.53,149.687,68508.0,259234272.00000003,38.13,38.58,37.8,37.84,True,千禾味业,False
2020-12-10,149.609,154.666,148.55,153.49,119483.0,463713523.0,37.82,39.11,37.55,38.81,True,千禾味业,False
2020-12-11,153.45,156.194,151.804,152.078,103727.0,398830315.0,38.8,39.5,38.38,38.45,True,千禾味业,False
2020-12-14,152.078,157.762,151.882,156.861,133908.0,531213036.0,38.45,39.9,38.4,39.67,True,千禾味业,False
2020-12-15,156.586,162.074,154.274,161.682,128291.0,524710190.0,39.6,41.0,39.01,40.9,True,千禾味业,False
2020-12-16,161.055,163.211,160.154,161.957,90405.0,370389285.0,40.74,41.29,40.51,40.97,True,千禾味业,False
2020-12-17,160.702,163.956,157.449,161.996,119716.0,490596168.0,40.65,41.48,39.82,40.98,True,千禾味业,False
2020-12-18,158.821,158.821,152.706,155.41,139102.0,546670860.0,40.17,40.17,38.61,39.3,True,千禾味业,False
2020-12-21,153.842,156.077,152.706,153.882,75905.0,295346355.0,38.9,39.47,38.61,38.91,True,千禾味业,False
2020-12-22,152.902,154.822,149.726,149.805,88601.0,335531987.0,38.66,39.15,37.85,37.87,True,千禾味业,False
2020-12-23,150.354,153.725,149.57,151.334,82291.0,314845366.0,38.01,38.87,37.81,38.26,True,千禾味业,False
2020-12-24,150.902,152.353,149.021,149.295,59763.0,225545562.0,38.15,38.52,37.67,37.74,True,千禾味业,False
2020-12-25,149.099,152.235,148.394,152.0,51760.0,198913680.0,37.69,38.49,37.51,38.43,True,千禾味业,False
2020-12-28,151.804,154.234,148.354,149.217,82970.0,312962840.0,38.38,39.0,37.5,37.72,True,千禾味业,False
2020-12-29,148.354,151.451,148.276,149.256,50139.0,189174447.0,37.5,38.29,37.48,37.73,True,千禾味业,False
2020-12-30,148.786,152.627,148.433,151.177,58799.0,224729778.0,37.61,38.59,37.52,38.22,True,千禾味业,False
2020-12-31,149.844,151.922,145.61,147.884,127210.0,475510980.00000006,37.88,38.41,36.8,37.38,True,千禾味业,False
2021-01-04,147.962,153.882,146.512,152.0,137309.0,527678487.0,37.4,38.91,37.03,38.43,True,千禾味业,False
2021-01-05,152.588,161.878,152.274,161.212,177931.0,725602618.0,38.58,40.95,38.5,40.78,True,千禾味业,False
2021-01-06,158.899,160.702,156.939,159.487,115323.0,465212982.00000006,40.19,40.65,39.69,40.34,True,千禾味业,False
2021-01-07,159.566,163.838,159.056,162.466,138678.0,569966580.0,40.36,41.45,40.23,41.1,True,千禾味业,False
2021-01-08,162.702,166.778,155.724,156.273,133339.0,526955728.00000006,41.16,42.2,39.38,39.52,True,千禾味业,False
2021-01-11,155.567,157.174,150.981,153.45,96693.0,375168840.0,39.34,39.75,38.17,38.8,True,千禾味业,False
2021-01-12,152.666,159.017,152.196,158.037,100446.0,401482662.0,38.6,40.22,38.48,39.97,True,千禾味业,False
2021-01-13,159.33,160.898,153.45,156.077,96377.0,380400019.0,40.3,40.7,38.8,39.47,True,千禾味业,False
2021-01-14,155.41,171.561,154.156,170.659,259441.0,1120525679.0,39.3,43.42,38.98,43.19,True,千禾味业,False
2021-01-15,169.836,174.187,158.154,172.933,259807.0,1137175239.0,42.98,44.09,40.0,43.77,True,千禾味业,False
2021-01-18,170.071,179.714,168.974,175.794,132563.0,589905350.0,43.04,45.5,42.76,44.5,True,千禾味业,False
2021-01-19,174.854,178.734,170.228,171.012,90170.0,390255760.0,44.26,45.25,43.08,43.28,True,千禾味业,False
2021-01-20,170.346,173.011,167.954,170.816,61933.0,267736359.0,43.11,43.79,42.5,43.23,True,千禾味业,False
2021-01-21,171.286,184.732,171.286,183.83,143818.0,669472790.0,43.35,46.78,43.35,46.55,True,千禾味业,False
2021-01-22,182.615,187.711,180.538,183.634,97106.0,451542900.0,46.24,47.54,45.71,46.5,True,千禾味业,False
2021-01-25,183.242,187.554,181.282,184.693,103326.0,483255702.00000006,46.4,47.5,45.9,46.77,True,千禾味业,False
2021-01-26,187.554,201.627,187.319,196.845,158556.0,790718772.0,47.5,51.09,47.44,49.87,True,千禾味业,False
2021-01-27,196.766,198.766,181.282,190.22,160705.0,774276690.0,49.85,50.36,45.9,48.18,True,千禾味业,False
2021-01-28,188.848,191.827,181.674,182.419,96154.0,444135326.0,47.83,48.59,46.0,46.19,True,千禾味业,False
2021-01-29,171.09,185.594,171.09,181.831,149373.0,687713292.0,43.3,47.0,43.3,46.04,True,千禾味业,False
2021-02-01,179.675,184.418,175.912,177.99,97232.0,438127392.0,45.49,46.7,44.53,45.06,True,千禾味业,False
2021-02-02,180.89,191.318,178.734,189.985,97263.0,468029556.0,45.8,48.46,45.25,48.12,True,千禾味业,False
2021-02-03,189.828,193.356,186.457,190.769,76772.0,370962304.0,48.08,48.98,47.22,48.32,True,千禾味业,False
2021-02-04,191.866,199.667,190.769,195.786,103344.0,512586240.0,48.6,50.59,48.32,49.6,True,千禾味业,False
2021-02-05,195.982,199.981,190.808,192.376,82095.0,400048935.0,49.65,50.67,48.33,48.73,True,千禾味业,False
2021-02-08,192.023,194.963,186.888,193.434,77590.0,380191000.0,48.64,49.39,47.33,49.0,True,千禾味业,False
2021-02-09,193.395,195.198,188.966,194.101,81427.0,400376559.0,48.99,49.45,47.86,49.17,True,千禾味业,False
2021-02-10,193.317,202.725,192.298,196.845,102181.0,509576647.0,48.97,51.37,48.71,49.87,True,千禾味业,False
2021-02-18,197.786,201.627,186.065,187.75,118988.0,565787940.0,50.11,51.09,47.12,47.55,True,千禾味业,False
2021-02-19,188.142,189.867,179.362,187.476,102673.0,487491404.0,47.65,48.09,45.41,47.48,True,千禾味业,False
2021-02-22,187.398,187.946,170.659,173.913,146744.0,645967088.0,47.46,47.6,43.19,44.02,True,千禾味业,False
2021-02-23,172.11,175.873,168.66,169.914,103619.0,445561700.0,43.56,44.52,42.68,43.0,True,千禾味业,False
2021-02-24,170.11,171.012,158.468,161.526,146606.0,599032116.0,43.05,43.28,40.08,40.86,True,千禾味业,False
2021-02-25,164.858,164.858,157.41,159.134,101404.0,408151100.0,41.71,41.71,39.81,40.25,True,千禾味业,False
2021-02-26,155.842,157.41,152.235,154.274,93581.0,365059481.0,39.41,39.81,38.49,39.01,True,千禾味业,False
2021-03-01,155.763,155.998,151.726,154.666,87410.0,341860510.0,39.39,39.45,38.36,39.11,True,千禾味业,False
2021-03-02,155.763,159.291,153.45,156.978,92304.0,366446880.0,39.39,40.29,38.8,39.7,True,千禾味业,False
2021-03-03,156.586,156.586,152.274,154.47,99496.0,388631376.0,39.6,39.6,38.5,39.06,True,千禾味业,False
2021-03-04,153.058,153.49,142.474,143.141,155806.0,563550302.0,38.7,38.81,36.0,36.17,True,千禾味业,False
2021-03-05,138.75,146.002,137.77,143.964,103954.0,378184652.0,35.05,36.9,34.8,36.38,True,千禾味业,False
2021-03-08,144.042,147.884,137.065,137.378,92448.0,320794560.0,36.4,37.38,34.62,34.7,True,千禾味业,False
2021-03-09,136.202,139.142,129.382,132.714,106848.0,358047648.0,34.4,35.15,32.66,33.51,True,千禾味业,False
2021-03-10,135.222,137.222,133.106,133.654,76634.0,258639750.0,34.15,34.66,33.61,33.75,True,千禾味业,False
2021-03-11,134.36,139.338,132.714,138.554,82973.0,290405500.0,33.93,35.2,33.51,35.0,True,千禾味业,False
2021-03-12,138.907,141.808,136.516,141.455,87132.0,311409768.0,35.09,35.83,34.48,35.74,True,千禾味业,False
2021-03-15,140.75,142.043,134.987,136.438,79623.0,274380858.0,35.56,35.89,34.09,34.46,True,千禾味业,False
2021-03-16,137.339,141.534,136.986,141.534,58066.0,207644016.0,34.69,35.76,34.6,35.76,True,千禾味业,False
2021-03-17,140.906,148.158,138.986,145.571,76769.0,282433151.0,35.6,37.45,35.11,36.79,True,千禾味业,False
2021-03-18,145.571,151.804,144.474,149.099,81386.0,306743834.0,36.79,38.38,36.51,37.69,True,千禾味业,False
2021-03-19,146.081,150.51,144.866,148.511,61006.0,229016524.0,36.92,38.05,36.61,37.54,True,千禾味业,False
2021-03-22,146.59,148.315,142.788,144.434,67672.0,247002800.0,37.05,37.49,36.08,36.5,True,千禾味业,False
2021-03-23,144.434,145.414,139.338,141.024,80397.0,286454511.0,36.5,36.75,35.2,35.63,True,千禾味业,False
2021-03-24,140.789,142.866,136.986,137.77,52292.0,181976160.0,35.57,36.1,34.6,34.8,True,千禾味业,False
2021-03-25,137.261,142.866,136.398,141.847,56673.0,203116032.00000003,34.67,36.1,34.45,35.84,True,千禾味业,False
2021-03-26,142.082,147.139,140.162,144.944,67993.0,249058359.00000003,35.9,37.19,35.41,36.63,True,千禾味业,False
2021-03-29,145.14,149.687,144.238,147.1,67549.0,251147182.0,36.68,37.84,36.45,37.18,True,千禾味业,False
2021-03-30,147.1,149.805,146.434,147.453,44133.0,164483691.0,37.18,37.87,37.01,37.27,True,千禾味业,False
2021-03-31,147.766,148.55,144.238,146.394,35723.0,132175100.0,37.35,37.55,36.45,37.0,True,千禾味业,False
2021-04-01,145.963,147.845,145.65,146.355,35110.0,129871890.0,36.89,37.37,36.81,36.99,True,千禾味业,False
2021-04-02,148.158,151.647,146.943,147.962,67941.0,254099340.0,37.45,38.34,37.14,37.4,True,千禾味业,False
2021-04-06,147.962,148.59,143.69,144.552,61140.0,223344420.0,37.4,37.56,36.31,36.53,True,千禾味业,False
2021-04-07,146.434,149.021,143.376,145.375,70675.0,259659950.0,37.01,37.67,36.23,36.74,True,千禾味业,False
2021-04-08,144.434,153.45,143.18,151.412,95853.0,366925284.0,36.5,38.8,36.18,38.28,True,千禾味业,False
2021-04-09,151.49,152.235,143.65,144.042,109798.0,399664720.0,38.3,38.49,36.3,36.4,True,千禾味业,False
2021-04-12,142.514,145.101,138.633,140.906,56190.0,200036400.0,36.01,36.67,35.02,35.6,True,千禾味业,False
2021-04-13,141.024,148.668,141.024,142.788,83918.0,302776144.0,35.63,37.58,35.63,36.08,True,千禾味业,False
2021-04-14,143.18,146.12,141.455,144.042,50165.0,182600600.0,36.18,36.93,35.74,36.4,True,千禾味业,False
2021-04-15,143.611,145.062,140.554,142.474,51947.0,187009200.0,36.29,36.66,35.51,36.0,True,千禾味业,False
2021-04-16,133.145,139.534,132.008,139.025,104830.0,368162960.0,33.62,35.25,33.33,35.12,True,千禾味业,False
2021-04-19,136.634,140.005,135.066,138.633,81398.0,285055796.0,34.51,35.37,34.11,35.02,True,千禾味业,False
2021-04-20,138.476,139.73,133.262,134.086,122780.0,415733080.0,34.98,35.3,33.65,33.86,True,千禾味业,False
2021-04-21,132.557,140.397,131.42,140.044,116005.0,410425690.0,33.47,35.47,33.18,35.38,True,千禾味业,False
2021-04-22,134.634,136.986,131.146,132.478,170951.0,571831095.0,34.0,34.6,33.11,33.45,True,千禾味业,False
2021-04-23,131.42,134.086,129.93,132.008,97056.0,323487648.0,33.18,33.86,32.8,33.33,True,千禾味业,False
2021-04-26,131.498,135.379,130.714,131.498,92486.0,307053520.0,33.2,34.19,33.0,33.2,True,千禾味业,False
2021-04-27,131.106,132.674,125.893,126.912,110605.0,354267815.0,33.1,33.5,31.77,32.03,True,千禾味业,False
2021-04-28,125.932,127.186,122.914,127.186,84161.0,270156810.0,31.78,32.1,31.01,32.1,True,千禾味业,False
2021-04-29,126.01,130.675,124.874,128.049,57170.0,184773440.0,31.8,32.99,31.51,32.32,True,千禾味业,False
2021-04-30,128.049,131.42,127.657,130.322,59246.0,194919340.0,32.32,33.18,32.22,32.9,True,千禾味业,False
2021-05-06,130.714,130.714,125.03,126.951,54303.0,173986812.0,33.0,33.0,31.55,32.04,True,千禾味业,False
2021-05-07,126.794,126.794,118.994,119.464,85387.0,257271031.0,32.0,32.0,30.01,30.13,True,千禾味业,False
2021-05-10,118.954,120.797,115.505,119.542,49790.0,150116850.0,30.0,30.47,29.12,30.15,True,千禾味业,False
2021-05-11,119.542,124.638,118.21,122.953,69034.0,214143468.0,30.15,31.45,29.81,31.02,True,千禾味业,False
2021-05-12,123.462,124.403,122.09,123.188,40056.0,124494048.0,31.15,31.39,30.8,31.08,True,千禾味业,False
2021-05-13,121.777,127.97,121.738,127.578,67316.0,216757520.00000003,30.72,32.3,30.71,32.2,True,千禾味业,False
2021-05-14,127.186,130.009,126.01,128.754,66393.0,215777250.0,32.1,32.82,31.8,32.5,True,千禾味业,False
2021-05-17,130.126,131.381,127.5,128.206,65036.0,210456496.0,32.85,33.17,32.18,32.36,True,千禾味业,False
2021-05-18,127.539,128.206,126.01,127.226,39715.0,127524865.0,32.19,32.36,31.8,32.11,True,千禾味业,False
2021-05-19,126.794,126.99,124.246,125.658,37248.0,118113408.0,32.0,32.05,31.35,31.71,True,千禾味业,False
2021-05-20,126.598,133.302,125.109,130.871,82087.0,271215448.0,31.95,33.66,31.57,33.04,True,千禾味业,False
2021-05-21,131.89,132.047,125.226,126.01,78288.0,248955840.0,33.3,33.34,31.6,31.8,True,千禾味业,False
2021-05-24,125.501,128.323,124.521,126.99,46213.0,148112665.0,31.67,32.39,31.42,32.05,True,千禾味业,False
2021-05-25,126.951,129.029,126.324,128.284,61934.0,200542292.00000003,32.04,32.57,31.88,32.38,True,千禾味业,False
2021-05-26,128.245,129.421,125.226,126.402,75307.0,240229330.0,32.37,32.67,31.6,31.9,True,千禾味业,False
2021-05-27,126.402,128.99,126.01,126.755,72576.0,232170624.0,31.9,32.56,31.8,31.99,True,千禾味业,False
2021-05-28,127.539,127.657,124.325,124.874,60500.0,190635500.0,32.19,32.22,31.37,31.51,True,千禾味业,False
2021-05-31,124.521,126.402,122.482,126.089,62525.0,198954550.0,31.42,31.9,30.9,31.82,True,千禾味业,False
2021-06-01,126.755,128.754,124.168,125.736,56174.0,178240102.0,31.99,32.5,31.33,31.73,True,千禾味业,False
2021-06-02,124.756,125.618,119.778,119.934,83844.0,253628100.0,31.48,31.7,30.21,30.25,True,千禾味业,False
2021-06-03,119.386,125.07,119.19,122.247,78071.0,240770964.0,30.11,31.56,30.06,30.84,True,千禾味业,False
2021-06-04,122.247,122.561,118.641,118.837,103379.0,309826863.0,30.84,30.92,29.92,29.97,True,千禾味业,False
2021-06-07,118.719,120.562,116.014,117.7,91028.0,270171104.0,29.94,30.41,29.25,29.68,True,千禾味业,False
2021-06-08,118.21,118.68,114.956,115.426,71797.0,208929270.0,29.81,29.93,28.98,29.1,True,千禾味业,False
2021-06-09,115.426,116.21,114.094,114.603,59528.0,171976392.0,29.1,29.3,28.76,28.89,True,千禾味业,False
2021-06-10,114.094,115.23,112.643,112.8,77596.0,220605428.0,28.76,29.05,28.39,28.43,True,千禾味业,False
2021-06-11,112.8,113.819,111.898,112.134,57759.0,163226934.0,28.43,28.69,28.2,28.26,True,千禾味业,False
2021-06-15,111.938,113.466,108.684,108.88,81499.0,223551757.0,28.21,28.6,27.38,27.43,True,千禾味业,False
2021-06-16,109.311,110.918,108.135,108.214,57474.0,156674124.0,27.54,27.95,27.24,27.26,True,千禾味业,False
2021-06-17,108.214,110.644,106.018,110.644,78942.0,220090296.0,27.26,27.88,26.7,27.88,True,千禾味业,False
2021-06-18,111.322,114.991,109.064,114.286,84523.0,202263539.0,23.3,24.08,22.82,23.93,True,千禾味业,False
2021-06-21,112.78,113.439,110.993,111.887,75052.0,175771784.0,23.61,23.75,23.23,23.42,True,千禾味业,False
2021-06-22,111.934,113.298,109.911,111.275,71506.0,166537474.0,23.43,23.72,23.0,23.29,True,千禾味业,False
2021-06-23,110.664,111.793,109.064,109.299,74094.0,169452978.0,23.16,23.4,22.82,22.87,True,千禾味业,False
2021-06-24,108.97,120.072,107.982,120.072,195475.0,491815100.0,22.8,25.16,22.59,25.16,True,千禾味业,False
2021-06-25,120.73,125.434,119.601,121.154,223179.0,566651481.0,25.3,26.3,25.06,25.39,True,千禾味业,False
2021-06-28,122.141,126.281,118.896,124.729,178139.0,465833485.0,25.6,26.48,24.91,26.15,True,千禾味业,False
2021-06-29,123.553,126.704,122.33,124.729,125856.0,329113440.0,25.9,26.57,25.64,26.15,True,千禾味业,False
2021-06-30,123.317,125.669,121.436,125.387,110441.0,290349389.0,25.85,26.35,25.45,26.29,True,千禾味业,False
2021-07-01,125.905,137.759,125.905,137.476,397839.0,1148163354.0,26.4,28.92,26.4,28.86,True,千禾味业,False
2021-07-02,133.572,147.355,133.572,138.37,389009.0,1130071145.0,28.03,30.96,28.03,29.05,True,千禾味业,False
2021-07-05,138.37,144.532,135.313,139.781,251981.0,739564235.0,29.05,30.36,28.4,29.35,True,千禾味业,False
2021-07-06,142.369,143.074,130.844,141.71,273220.0,813102720.0,29.9,30.05,27.45,29.76,True,千禾味业,False
2021-07-07,138.229,141.428,136.583,137.194,145282.0,418412160.0,29.02,29.7,28.67,28.8,True,千禾味业,False
2021-07-08,136.724,141.663,133.619,138.323,159839.0,464172456.0,28.7,29.75,28.04,29.04,True,千禾味业,False
2021-07-09,137.429,138.605,129.997,130.609,183381.0,502463940.0,28.85,29.1,27.27,27.4,True,千禾味业,False
2021-07-12,131.079,134.278,128.304,132.208,127029.0,352378446.0,27.5,28.18,26.91,27.74,True,千禾味业,False
2021-07-13,133.525,138.841,131.173,137.571,144221.0,416510248.0,28.02,29.15,27.52,28.88,True,千禾味业,False
2021-07-14,137.476,140.111,134.748,135.501,118679.0,337523076.0,28.86,29.42,28.28,28.44,True,千禾味业,False
2021-07-15,134.137,134.372,130.42,130.891,139425.0,382861050.0,28.15,28.2,27.36,27.46,True,千禾味业,False
2021-07-16,131.361,132.49,128.115,130.844,102232.0,280626840.0,27.56,27.8,26.87,27.45,True,千禾味业,False
2021-07-19,129.197,130.42,121.389,124.305,180573.0,470573238.0,27.1,27.36,25.44,26.06,True,千禾味业,False
2021-07-20,123.27,125.387,118.707,120.401,177412.0,447610476.0,25.84,26.29,24.87,25.23,True,千禾味业,False
2021-07-21,120.589,122.988,119.319,121.671,122078.0,311298900.0,25.27,25.78,25.0,25.5,True,千禾味业,False
2021-07-22,120.683,121.389,116.967,118.849,140663.0,350250870.0,25.29,25.44,24.5,24.9,True,千禾味业,False
2021-07-23,118.849,119.225,114.286,115.085,141295.0,340520950.0,24.9,24.98,23.93,24.1,True,千禾味业,False
2021-07-26,114.944,117.437,111.793,113.11,136573.0,323404864.0,24.07,24.6,23.4,23.68,True,千禾味业,False
2021-07-27,113.721,115.085,109.347,109.347,121788.0,278650944.0,23.81,24.1,22.88,22.88,True,千禾味业,False
2021-07-28,108.829,111.087,106.148,110.287,118696.0,273950368.0,22.77,23.25,22.2,23.08,True,千禾味业,False
2021-07-29,111.793,113.298,108.876,109.535,103467.0,237146364.00000003,23.4,23.72,22.78,22.92,True,千禾味业,False
2021-07-30,109.347,115.556,107.136,114.662,146657.0,352123457.0,22.88,24.2,22.41,24.01,True,千禾味业,False
2021-08-02,112.922,122.471,111.557,121.577,211860.0,539819280.0,23.64,25.67,23.35,25.48,True,千禾味业,False
2021-08-03,119.695,121.201,118.613,119.695,94302.0,236509416.0,25.08,25.4,24.85,25.08,True,千禾味业,False
2021-08-04,120.025,121.248,117.908,118.943,66005.0,164484460.0,25.15,25.41,24.7,24.92,True,千禾味业,False
2021-08-05,118.143,120.636,117.061,117.531,80098.0,197201276.0,24.75,25.28,24.52,24.62,True,千禾味业,False
2021-08-06,116.967,116.967,113.204,114.662,79444.0,190745044.0,24.5,24.5,23.7,24.01,True,千禾味业,False
2021-08-09,116.591,125.858,113.956,123.364,190839.0,493509654.0,24.42,26.39,23.86,25.86,True,千禾味业,False
2021-08-10,122.283,128.962,119.789,127.786,194140.0,520295200.0,25.63,27.05,25.1,26.8,True,千禾味业,False
2021-08-11,125.858,129.856,124.023,125.528,136487.0,359233784.0,26.39,27.24,26.0,26.32,True,千禾味业,False
2021-08-12,124.258,127.128,122.847,122.941,101019.0,260325963.0,26.05,26.66,25.75,25.77,True,千禾味业,False
2021-08-13,122.8,125.434,120.73,123.788,89325.0,231798375.0,25.74,26.3,25.3,25.95,True,千禾味业,False
2021-08-16,121.812,127.504,121.577,125.716,115150.0,303535400.0,25.53,26.74,25.48,26.36,True,千禾味业,False
2021-08-17,125.434,125.669,116.026,117.908,137335.0,339217450.0,26.3,26.35,24.3,24.7,True,千禾味业,False
2021-08-18,106.289,106.289,106.289,106.289,70184.0,156019032.0,22.23,22.23,22.23,22.23,True,千禾味业,False
2021-08-19,95.893,101.867,95.893,98.292,338161.0,694244533.0,20.02,21.29,20.02,20.53,True,千禾味业,False
2021-08-20,98.151,98.198,88.649,88.884,351296.0,650951488.0,20.5,20.51,18.48,18.53,True,千禾味业,False
2021-08-23,88.978,89.449,87.097,87.379,162047.0,295087587.0,18.55,18.65,18.15,18.21,True,千禾味业,False
2021-08-24,87.332,89.496,86.767,88.555,140421.0,259217166.0,18.2,18.66,18.08,18.46,True,千禾味业,False
2021-08-25,88.414,91.942,87.379,90.389,148308.0,279560580.0,18.43,19.18,18.21,18.85,True,千禾味业,False
2021-08-26,89.731,89.966,87.379,87.52,105132.0,191760768.0,18.71,18.76,18.21,18.24,True,千禾味业,False
2021-08-27,86.908,88.367,82.863,84.698,162481.0,286616484.0,18.11,18.42,17.25,17.64,True,千禾味业,False
2021-08-30,84.274,84.368,81.217,81.64,171941.0,292127759.0,17.55,17.57,16.9,16.99,True,千禾味业,False
2021-08-31,81.687,83.333,78.959,80.088,152413.0,253920058.0,17.0,17.35,16.42,16.66,True,千禾味业,False
2021-09-01,80.37,85.638,78.865,83.569,200902.0,349569480.0,16.72,17.84,16.4,17.4,True,千禾味业,False
2021-09-02,83.569,83.663,80.417,81.781,124063.0,211155226.0,17.4,17.42,16.73,17.02,True,千禾味业,False
2021-09-03,81.64,83.851,80.793,82.487,102291.0,175633647.00000003,16.99,17.46,16.81,17.17,True,千禾味业,False
2021-09-06,82.628,86.156,81.828,84.603,123905.0,218320610.0,17.2,17.95,17.03,17.62,True,千禾味业,False
2021-09-07,84.18,85.779,84.039,84.933,92081.0,162891289.0,17.53,17.87,17.5,17.69,True,千禾味业,False
2021-09-08,85.027,85.827,84.18,84.98,82316.0,145699320.0,17.71,17.88,17.53,17.7,True,千禾味业,False
2021-09-09,85.027,87.473,84.556,85.779,103552.0,185047424.0,17.71,18.23,17.61,17.87,True,千禾味业,False
2021-09-10,85.45,86.626,84.792,85.497,80982.0,144228942.0,17.8,18.05,17.66,17.81,True,千禾味业,False
2021-09-13,85.544,85.544,83.38,84.039,77376.0,135408000.0,17.82,17.82,17.36,17.5,True,千禾味业,False
2021-09-14,84.086,87.285,83.945,84.415,80465.0,141457470.0,17.51,18.19,17.48,17.58,True,千禾味业,False
2021-09-15,84.415,84.415,81.734,82.157,77881.0,133176510.0,17.58,17.58,17.01,17.1,True,千禾味业,False
2021-09-16,82.157,83.333,81.546,82.11,74886.0,127980174.0,17.1,17.35,16.97,17.09,True,千禾味业,False
2021-09-17,81.687,83.38,80.276,82.863,85521.0,147523725.0,17.0,17.36,16.7,17.25,True,千禾味业,False
2021-09-22,81.499,82.063,81.028,81.311,50587.0,85593204.00000001,16.96,17.08,16.86,16.92,True,千禾味业,False
2021-09-23,82.11,84.792,81.64,83.051,95441.0,165017489.0,17.09,17.66,16.99,17.29,True,千禾味业,False
2021-09-24,86.391,91.189,86.391,91.189,255850.0,486626700.0,18.0,19.02,18.0,19.02,True,千禾味业,False
2021-09-27,92.553,99.092,88.743,98.01,483404.0,989527988.0,19.31,20.7,18.5,20.47,True,千禾味业,False
2021-09-28,95.799,99.092,90.813,97.681,264776.0,540143040.0,20.0,20.7,18.94,20.4,True,千禾味业,False
2021-09-29,95.799,97.869,93.353,94.011,160479.0,314859798.0,20.0,20.44,19.48,19.62,True,千禾味业,False
2021-09-30,93.682,96.411,92.506,94.153,144773.0,284478945.0,19.55,20.13,19.3,19.65,True,千禾味业,False
2021-10-08,94.106,98.057,92.553,96.411,158858.0,319781154.0,19.64,20.48,19.31,20.13,True,千禾味业,False
2021-10-11,97.069,97.492,93.964,96.316,132677.0,266813447.0,20.27,20.36,19.61,20.11,True,千禾味业,False
2021-10-12,95.799,105.113,94.764,101.162,286284.0,605204376.0,20.0,21.98,19.78,21.14,True,千禾味业,False
2021-10-13,103.278,106.336,101.491,104.36,263153.0,574199846.0,21.59,22.24,21.21,21.82,True,千禾味业,False
2021-10-14,103.796,105.913,102.243,104.925,136635.0,299777190.0,21.7,22.15,21.37,21.94,True,千禾味业,False
2021-10-15,103.325,107.465,101.867,103.561,165555.0,358426575.0,21.6,22.48,21.29,21.65,True,千禾味业,False
2021-10-18,103.984,104.266,96.74,100.456,161590.0,339177410.0,21.74,21.8,20.2,20.99,True,千禾味业,False
2021-10-19,100.268,101.632,98.574,99.609,101873.0,211997713.0,20.95,21.24,20.59,20.81,True,千禾味业,False
2021-10-20,99.092,100.973,96.975,98.81,101500.0,209496000.0,20.7,21.1,20.25,20.64,True,千禾味业,False
2021-10-21,98.151,102.62,97.492,102.102,136162.0,290569708.0,20.5,21.45,20.36,21.34,True,千禾味业,False
2021-10-22,101.679,102.761,98.339,101.162,116699.0,246701686.0,21.25,21.48,20.54,21.14,True,千禾味业,False
2021-10-25,100.785,101.914,98.951,101.397,107366.0,227508554.0,21.06,21.3,20.67,21.19,True,千禾味业,False
2021-10-26,99.986,104.972,99.844,102.996,144547.0,311209691.0,20.89,21.95,20.86,21.53,True,千禾味业,False
2021-10-27,101.82,104.548,100.503,101.82,106382.0,226380896.0,21.28,21.86,21.0,21.28,True,千禾味业,False
2021-10-28,106.195,111.84,106.195,111.84,212936.0,498483176.0,22.21,23.41,22.21,23.41,True,千禾味业,False
2021-10-29,111.228,120.072,109.629,117.202,373693.0,917416315.0,23.28,25.16,22.94,24.55,True,千禾味业,False
2021-11-01,117.814,118.002,112.357,113.11,247172.0,585303296.0,24.68,24.72,23.52,23.68,True,千禾味业,False
2021-11-02,112.545,124.258,112.545,124.258,255128.0,664608440.0,23.56,26.05,23.56,26.05,True,千禾味业,False
2021-11-03,125.011,126.704,121.012,124.446,273026.0,712324834.0,26.21,26.57,25.36,26.09,True,千禾味业,False
2021-11-04,124.446,134.231,122.0,125.669,364992.0,961753920.0,26.09,28.17,25.57,26.35,True,千禾味业,False
2021-11-05,125.811,128.821,122.612,124.635,212091.0,554193783.0,26.38,27.02,25.7,26.13,True,千禾味业,False
2021-11-08,124.635,125.858,120.448,121.718,166599.0,424994049.0,26.13,26.39,25.24,25.51,True,千禾味业,False
2021-11-09,121.671,124.117,119.084,123.223,152630.0,394243290.0,25.5,26.02,24.95,25.83,True,千禾味业,False
2021-11-10,122.612,123.835,117.202,118.002,169584.0,419211648.0,25.7,25.96,24.55,24.72,True,千禾味业,False
2021-11-11,117.437,127.081,116.873,125.199,242057.0,635399625.0,24.6,26.65,24.48,26.25,True,千禾味业,False
2021-11-12,124.964,127.034,122.377,125.811,143406.0,378305028.0,26.2,26.64,25.65,26.38,True,千禾味业,False
2021-11-15,125.199,134.184,124.211,131.455,260392.0,718161136.0,26.25,28.16,26.04,27.58,True,千禾味业,False
2021-11-16,130.844,134.043,127.41,132.443,188217.0,523055043.0,27.45,28.13,26.72,27.79,True,千禾味业,False
2021-11-17,131.502,132.02,126.422,129.009,126719.0,342901614.0,27.59,27.7,26.51,27.06,True,千禾味业,False
2021-11-18,131.079,131.832,126.375,128.257,125739.0,338237910.0,27.5,27.66,26.5,26.9,True,千禾味业,False
2021-11-19,128.257,129.527,122.471,124.682,156883.0,410092162.0,26.9,27.17,25.67,26.14,True,千禾味业,False
2021-11-22,124.493,126.328,121.859,125.481,144167.0,379303377.0,26.1,26.49,25.54,26.31,True,千禾味业,False
2021-11-23,124.07,124.587,122.235,123.647,89896.0,233010432.00000003,26.01,26.12,25.62,25.92,True,千禾味业,False
2021-11-24,122.377,123.223,117.673,119.225,175645.0,438761210.0,25.65,25.83,24.65,24.98,True,千禾味业,False
2021-11-25,119.084,120.213,116.45,116.544,114199.0,278759759.0,24.95,25.19,24.39,24.41,True,千禾味业,False
2021-11-26,116.45,117.861,114.145,114.474,100024.0,239757528.0,24.39,24.69,23.9,23.97,True,千禾味业,False
2021-11-29,112.592,117.202,111.699,116.026,99811.0,242540730.0,23.57,24.55,23.38,24.3,True,千禾味业,False
2021-11-30,115.979,117.437,114.85,115.227,98685.0,238126905.0,24.29,24.6,24.05,24.13,True,千禾味业,False
2021-12-01,116.403,119.742,114.897,115.556,75479.0,182659180.0,24.38,25.09,24.06,24.2,True,千禾味业,False
2021-12-02,115.085,117.249,112.263,112.404,99436.0,233972908.0,24.1,24.56,23.5,23.53,True,千禾味业,False
2021-12-03,112.216,114.85,111.463,114.709,97229.0,233544058.0,23.49,24.05,23.33,24.02,True,千禾味业,False
2021-12-06,114.709,114.991,111.369,112.31,95066.0,223500166.0,24.02,24.08,23.31,23.51,True,千禾味业,False
2021-12-07,112.875,121.012,112.357,119.554,204935.0,513362175.0,23.63,25.36,23.52,25.05,True,千禾味业,False
2021-12-08,119.319,124.493,117.908,122.471,178341.0,457801347.00000006,25.0,26.1,24.7,25.67,True,千禾味业,False
2021-12-09,122.141,128.163,121.577,125.669,215096.0,566777960.0,25.6,26.88,25.48,26.35,True,千禾味业,False
2021-12-10,123.6,126.281,122.141,122.894,130873.0,337128848.0,25.91,26.48,25.6,25.76,True,千禾味业,False
2021-12-13,122.471,126.751,122.188,124.352,108955.0,284045685.0,25.67,26.58,25.61,26.07,True,千禾味业,False
2021-12-14,124.352,125.199,122.283,124.258,83016.0,216256680.0,26.07,26.25,25.63,26.05,True,千禾味业,False
2021-12-15,124.258,125.011,120.26,121.483,114593.0,291753778.0,26.05,26.21,25.2,25.46,True,千禾味业,False
2021-12-16,121.248,122.377,118.896,120.636,89632.0,226589696.0,25.41,25.65,24.91,25.28,True,千禾味业,False
2021-12-17,120.636,120.73,117.108,117.39,74162.0,182364358.0,25.28,25.3,24.53,24.59,True,千禾味业,False
2021-12-20,116.873,119.836,115.885,116.026,76466.0,185812380.0,24.48,25.11,24.27,24.3,True,千禾味业,False
2021-12-21,114.803,118.613,114.051,114.85,105845.0,254557225.0,24.04,24.85,23.88,24.05,True,千禾味业,False
2021-12-22,114.944,116.685,113.204,115.038,123151.0,296670759.0,24.07,24.44,23.7,24.09,True,千禾味业,False
2021-12-23,114.709,116.732,113.862,116.732,94263.0,230473035.0,24.02,24.45,23.84,24.45,True,千禾味业,False
2021-12-24,117.437,121.577,116.544,120.495,133587.0,337307175.0,24.6,25.48,24.41,25.25,True,千禾味业,False
2021-12-27,119.319,123.459,118.002,123.317,110502.0,285647670.0,25.0,25.88,24.72,25.85,True,千禾味业,False
2021-12-28,122.424,122.424,118.849,119.695,125362.0,314407896.0,25.66,25.66,24.9,25.08,True,千禾味业,False
2021-12-29,119.319,121.012,113.909,113.956,150604.0,359341144.0,25.0,25.36,23.85,23.86,True,千禾味业,False
2021-12-30,113.439,115.085,112.31,113.392,96531.0,229164594.0,23.75,24.1,23.51,23.74,True,千禾味业,False
2021-12-31,114.145,116.967,112.78,114.991,93692.0,225610336.0,23.9,24.5,23.61,24.08,True,千禾味业,False
2022-01-04,116.026,116.167,112.733,115.697,80936.0,196107928.0,24.3,24.33,23.6,24.23,True,千禾味业,False
2022-01-05,115.556,118.143,114.192,114.615,105858.0,254059200.0,24.2,24.75,23.91,24.0,True,千禾味业,False
2022-01-06,114.615,115.65,112.169,113.627,84441.0,200885139.0,24.0,24.22,23.48,23.79,True,千禾味业,False
2022-01-07,113.815,115.556,112.263,112.686,96855.0,228480945.0,23.83,24.2,23.5,23.59,True,千禾味业,False
2022-01-10,113.204,113.204,102.149,105.866,229904.0,509007456.0,23.7,23.7,21.35,22.14,True,千禾味业,False
2022-01-11,102.855,109.911,102.761,104.501,155267.0,339258395.0,21.5,23.0,21.48,21.85,True,千禾味业,False
2022-01-12,104.454,109.205,103.655,108.453,113927.0,258500363.0,21.84,22.85,21.67,22.69,True,千禾味业,False
2022-01-13,108.171,109.347,105.677,105.771,79906.0,176752072.0,22.63,22.88,22.1,22.12,True,千禾味业,False
2022-01-14,105.113,106.9,103.231,103.561,70400.0,152416000.0,21.98,22.36,21.58,21.65,True,千禾味业,False
2022-01-17,103.325,103.561,101.35,102.526,63078.0,135176154.0,21.6,21.65,21.18,21.43,True,千禾味业,False
2022-01-18,102.432,103.984,98.998,99.562,172008.0,357776640.0,21.41,21.74,20.68,20.8,True,千禾味业,False
2022-01-19,99.421,99.421,96.175,97.587,117717.0,239907246.0,20.77,20.77,20.08,20.38,True,千禾味业,False
2022-01-20,96.269,98.621,95.611,96.034,112504.0,225570520.0,20.1,20.6,19.96,20.05,True,千禾味业,False
2022-01-21,96.175,97.445,94.341,94.764,124872.0,246996816.0,20.08,20.35,19.69,19.78,True,千禾味业,False
2022-01-24,94.2,96.646,93.776,94.952,118037.0,233949334.0,19.66,20.18,19.57,19.82,True,千禾味业,False
2022-01-25,94.858,94.905,91.471,91.754,119140.0,228033960.0,19.8,19.81,19.08,19.14,True,千禾味业,False
2022-01-26,91.801,92.835,89.731,91.283,82718.0,157495072.0,19.15,19.37,18.71,19.04,True,千禾味业,False
2022-01-27,91.565,91.989,88.79,88.79,89383.0,165447933.0,19.1,19.19,18.51,18.51,True,千禾味业,False
2022-01-28,90.107,92.036,89.072,90.766,110729.0,209609997.0,18.79,19.2,18.57,18.93,True,千禾味业,False
2022-02-07,92.036,94.717,91.989,92.977,119722.0,232260680.0,19.2,19.77,19.19,19.4,True,千禾味业,False
2022-02-08,93.071,93.447,90.813,92.177,81287.0,156314901.0,19.42,19.5,18.94,19.23,True,千禾味业,False
2022-02-09,92.177,94.247,91.659,93.917,77805.0,152497800.0,19.23,19.67,19.12,19.6,True,千禾味业,False
2022-02-10,93.964,95.47,92.741,94.011,75897.0,148909914.0,19.61,19.93,19.35,19.62,True,千禾味业,False
2022-02-11,93.494,93.494,91.518,92.036,66362.0,127415040.0,19.51,19.51,19.09,19.2,True,千禾味业,False
2022-02-14,91.518,92.788,90.436,91.848,62014.0,118818824.0,19.09,19.36,18.86,19.16,True,千禾味业,False
2022-02-15,92.412,93.447,91.565,92.741,56707.0,109728045.0,19.28,19.5,19.1,19.35,True,千禾味业,False
2022-02-16,93.353,97.163,92.647,96.269,148978.0,299445780.0,19.48,20.29,19.33,20.1,True,千禾味业,False
2022-02-17,96.175,96.74,93.729,94.341,99224.0,195372056.0,20.08,20.2,19.56,19.69,True,千禾味业,False
2022-02-18,93.353,93.917,91.33,91.989,110906.0,212828614.0,19.48,19.6,19.05,19.19,True,千禾味业,False
2022-02-21,91.848,95.187,91.565,93.4,101279.0,197392771.0,19.16,19.87,19.1,19.49,True,千禾味业,False
2022-02-22,93.071,93.212,90.389,90.766,89715.0,169830495.0,19.42,19.45,18.85,18.93,True,千禾味业,False
2022-02-23,90.86,95.705,90.86,94.2,148058.0,291082028.0,18.95,19.98,18.95,19.66,True,千禾味业,False
2022-02-24,102.008,102.996,97.869,100.644,450932.0,948309996.0,21.32,21.53,20.44,21.03,True,千禾味业,False
2022-02-25,99.75,101.162,98.433,99.656,168131.0,350048742.0,20.84,21.14,20.56,20.82,True,千禾味业,False
2022-02-28,100.033,100.174,97.21,98.386,116718.0,239855490.0,20.9,20.93,20.3,20.55,True,千禾味业,False
2022-03-01,98.433,100.456,98.433,98.81,86767.0,179087088.0,20.56,20.99,20.56,20.64,True,千禾味业,False
2022-03-02,98.151,98.857,96.599,97.822,59691.0,121948713.0,20.5,20.65,20.17,20.43,True,千禾味业,False
2022-03-03,97.916,98.104,95.799,96.034,64650.0,129623250.0,20.45,20.49,20.0,20.05,True,千禾味业,False
2022-03-04,96.034,97.022,95.046,95.799,55994.0,111988000.0,20.05,20.26,19.84,20.0,True,千禾味业,False
2022-03-07,95.611,95.658,90.342,91.377,107237.0,204393722.0,19.96,19.97,18.84,19.06,True,千禾味业,False
2022-03-08,91.612,92.694,86.391,86.438,106195.0,191257195.00000003,19.11,19.34,18.0,18.01,True,千禾味业,False
2022-03-09,86.861,87.708,79.429,84.039,104491.0,182859250.0,18.1,18.28,16.52,17.5,True,千禾味业,False
2022-03-10,86.485,88.461,85.874,87.99,92241.0,169169994.0,18.02,18.44,17.89,18.34,True,千禾味业,False
2022-03-11,86.814,89.496,85.779,89.119,82840.0,153916720.0,18.09,18.66,17.87,18.58,True,千禾味业,False
2022-03-14,88.32,89.166,85.544,86.015,79217.0,141956864.0,18.41,18.59,17.82,17.92,True,千禾味业,False
2022-03-15,85.215,85.497,80.276,80.417,100197.0,167629581.0,17.75,17.81,16.7,16.73,True,千禾味业,False
2022-03-16,81.593,83.522,78.253,83.145,118809.0,205658379.0,16.98,17.39,16.27,17.31,True,千禾味业,False
2022-03-17,84.509,87.755,83.522,86.156,90045.0,161630775.0,17.6,18.29,17.39,17.95,True,千禾味业,False
2022-03-18,85.874,87.285,85.497,86.579,57176.0,103145504.0,17.89,18.19,17.81,18.04,True,千禾味业,False
2022-03-21,87.285,89.213,85.45,86.015,75627.0,135523584.0,18.19,18.6,17.8,17.92,True,千禾味业,False
2022-03-22,85.45,85.921,84.415,85.262,49806.0,88455456.00000001,17.8,17.9,17.58,17.76,True,千禾味业,False
2022-03-23,86.109,87.379,84.839,87.285,61485.0,111841215.0,17.94,18.21,17.67,18.19,True,千禾味业,False
2022-03-24,86.861,86.861,84.133,84.462,66727.0,117372793.0,18.1,18.1,17.52,17.59,True,千禾味业,False
2022-03-25,84.509,85.874,83.804,83.945,57346.0,100240808.0,17.6,17.89,17.45,17.48,True,千禾味业,False
2022-03-28,83.098,84.039,81.123,83.475,46761.0,81270618.0,17.3,17.5,16.88,17.38,True,千禾味业,False
2022-03-29,83.004,84.18,81.687,82.063,45589.0,77866011.99999999,17.28,17.53,17.0,17.08,True,千禾味业,False
2022-03-30,82.534,86.485,82.393,85.779,80031.0,143015397.0,17.18,18.02,17.15,17.87,True,千禾味业,False
2022-03-31,84.792,85.685,83.616,83.898,60498.0,105690006.0,17.66,17.85,17.41,17.47,True,千禾味业,False
2022-04-01,83.286,85.027,81.969,84.039,73198.0,128096500.0,17.34,17.71,17.06,17.5,True,千禾味业,False
2022-04-06,83.945,83.945,81.687,81.922,84131.0,143443355.0,17.48,17.48,17.0,17.05,True,千禾味业,False
2022-04-07,81.781,83.004,80.511,80.887,70790.0,119139570.0,17.02,17.28,16.75,16.83,True,千禾味业,False
2022-04-08,80.746,80.84,78.818,79.241,69364.0,114311872.0,16.8,16.82,16.39,16.48,True,千禾味业,False
2022-04-11,79.241,81.123,78.253,79.947,112724.0,187460012.0,16.48,16.88,16.27,16.63,True,千禾味业,False
2022-04-12,79.805,81.123,76.371,81.075,135241.0,228151567.0,16.6,16.88,15.87,16.87,True,千禾味业,False
2022-04-13,80.746,81.687,77.312,78.159,162666.0,264332250.0,16.8,17.0,16.07,16.25,True,千禾味业,False
2022-04-14,78.206,83.522,77.924,82.722,178232.0,306915504.0,16.26,17.39,16.2,17.22,True,千禾味业,False
2022-04-15,81.781,85.732,81.217,83.851,140065.0,244553490.0,17.02,17.86,16.9,17.46,True,千禾味业,False
2022-04-18,82.44,87.755,82.346,85.779,131712.0,235369344.0,17.16,18.29,17.14,17.87,True,千禾味业,False
2022-04-19,85.827,88.131,84.227,86.908,110484.0,200086524.0,17.88,18.37,17.54,18.11,True,千禾味业,False
2022-04-20,86.626,93.071,85.45,90.625,226115.0,427357350.0,18.05,19.42,17.8,18.9,True,千禾味业,False
2022-04-21,90.672,91.754,87.191,87.802,171883.0,314545890.0,18.91,19.14,18.17,18.3,True,千禾味业,False
2022-04-22,86.861,88.696,84.509,87.849,146610.0,268442910.0,18.1,18.49,17.6,18.31,True,千禾味业,False
2022-04-25,85.921,85.968,80.229,80.229,143608.0,239681752.00000003,17.9,17.91,16.69,16.69,True,千禾味业,False
2022-04-26,81.687,88.084,81.028,86.767,254005.0,459241040.0,17.0,18.36,16.86,18.08,True,千禾味业,False
2022-04-27,84.039,86.391,80.652,85.638,311861.0,556360024.0,17.5,18.0,16.78,17.84,True,千禾味业,False
2022-04-28,83.851,88.037,82.628,84.133,193709.0,339378168.0,17.46,18.35,17.2,17.52,True,千禾味业,False
2022-04-29,84.039,86.156,82.581,84.839,206239.0,364424313.00000006,17.5,17.95,17.19,17.67,True,千禾味业,False
2022-05-05,84.839,88.179,83.051,87.426,238101.0,433820022.0,17.67,18.38,17.29,18.22,True,千禾味业,False
2022-05-06,85.074,85.074,81.828,82.063,212281.0,362575948.0,17.72,17.72,17.03,17.08,True,千禾味业,False
2022-05-09,80.934,83.098,79.617,81.123,137985.0,232918680.0,16.84,17.3,16.56,16.88,True,千禾味业,False
2022-05-10,79.758,84.556,78.959,83.239,177643.0,307855318.99999994,16.59,17.61,16.42,17.33,True,千禾味业,False
2022-05-11,83.239,84.509,82.204,82.487,171130.0,293830210.0,17.33,17.6,17.11,17.17,True,千禾味业,False
2022-05-12,82.157,84.509,81.217,82.346,123798.0,212189772.0,17.1,17.6,16.9,17.14,True,千禾味业,False
2022-05-13,82.722,83.569,79.947,80.934,134001.0,225657684.0,17.22,17.4,16.63,16.84,True,千禾味业,False
2022-05-16,81.028,82.204,80.37,81.311,99640.0,168590880.00000003,16.86,17.11,16.72,16.92,True,千禾味业,False
2022-05-17,81.311,81.64,78.818,80.229,114569.0,191215661.0,16.92,16.99,16.39,16.69,True,千禾味业,False
2022-05-18,80.605,80.981,79.711,80.464,69212.0,115860888.0,16.77,16.85,16.58,16.74,True,千禾味业,False
2022-05-19,79.147,79.335,77.877,78.771,111010.0,181834380.0,16.46,16.5,16.19,16.38,True,千禾味业,False
2022-05-20,79.335,82.91,78.912,82.816,209393.0,360993532.0,16.5,17.26,16.41,17.24,True,千禾味业,False
2022-05-23,83.098,83.71,82.299,83.192,104996.0,181853072.0,17.3,17.43,17.13,17.32,True,千禾味业,False
2022-05-24,83.38,83.569,80.088,80.182,121067.0,201939756.0,17.36,17.4,16.66,16.68,True,千禾味业,False
2022-05-25,80.135,81.452,79.335,80.699,79996.0,134313284.0,16.67,16.95,16.5,16.79,True,千禾味业,False
2022-05-26,80.417,80.934,78.629,80.699,106341.0,178546539.0,16.73,16.84,16.35,16.79,True,千禾味业,False
2022-05-27,81.217,81.875,79.006,79.758,102887.0,170689533.0,16.9,17.04,16.43,16.59,True,千禾味业,False
2022-05-30,80.135,82.769,79.711,81.969,159047.0,271334182.0,16.67,17.23,16.58,17.06,True,千禾味业,False
2022-05-31,82.063,84.839,81.311,84.509,193885.0,341237600.0,17.08,17.67,16.92,17.6,True,千禾味业,False
2022-06-01,85.827,87.003,84.462,85.074,174525.0,309258300.0,17.88,18.13,17.59,17.72,True,千禾味业,False
2022-06-02,85.074,85.921,83.569,84.274,94664.0,166135320.0,17.72,17.9,17.4,17.55,True,千禾味业,False
2022-06-06,84.462,85.779,83.522,85.497,107047.0,190650707.0,17.59,17.87,17.39,17.81,True,千禾味业,False
2022-06-07,85.45,89.543,85.027,87.99,193347.0,354598398.0,17.8,18.67,17.71,18.34,True,千禾味业,False
2022-06-08,87.238,89.213,86.391,87.849,176715.0,323565165.0,18.18,18.6,18.0,18.31,True,千禾味业,False
2022-06-09,88.461,89.025,84.509,84.98,152594.0,270091380.0,18.44,18.56,17.6,17.7,True,千禾味业,False
2022-06-10,84.98,85.921,84.039,85.732,141661.0,253006546.0,17.7,17.9,17.5,17.86,True,千禾味业,False
2022-06-13,83.945,85.403,83.757,84.698,85018.0,149971752.0,17.48,17.79,17.44,17.64,True,千禾味业,False
2022-06-14,83.333,88.508,82.487,87.379,174032.0,316912272.0,17.35,18.45,17.17,18.21,True,千禾味业,False
2022-06-15,86.391,89.449,86.203,87.003,214044.0,388061772.0,18.0,18.65,17.96,18.13,True,千禾味业,False
2022-06-16,87.755,91.377,87.755,89.684,217374.0,406489380.0,18.29,19.06,18.29,18.7,True,千禾味业,False
2022-06-17,89.684,91.236,88.226,90.154,148087.0,278403560.0,18.7,19.03,18.39,18.8,True,千禾味业,False
2022-06-20,89.825,93.4,89.825,91.942,162125.0,310955750.0,18.73,19.49,18.73,19.18,True,千禾味业,False
2022-06-21,91.142,92.459,88.508,89.449,143105.0,266890825.0,19.01,19.29,18.45,18.65,True,千禾味业,False
2022-06-22,91.302,92.149,88.762,89.383,158728.0,245393488.0,15.8,15.95,15.35,15.46,True,千禾味业,False
2022-06-23,88.48,89.383,87.181,88.931,167441.0,257524258.0,15.3,15.46,15.07,15.38,True,千禾味业,False
2022-06-24,88.762,93.56,88.649,93.334,244753.0,395520848.0,15.35,16.2,15.33,16.16,True,千禾味业,False
2022-06-27,95.084,100.672,94.011,97.906,360990.0,612600030.0,16.47,17.46,16.28,16.97,True,千禾味业,False
2022-06-28,97.794,98.076,95.592,96.947,180191.0,302720880.0,16.95,17.0,16.56,16.8,True,千禾味业,False
2022-06-29,98.076,99.713,95.648,95.931,235965.0,392173830.0,17.0,17.29,16.57,16.62,True,千禾味业,False
2022-06-30,96.439,100.842,96.382,99.769,267449.0,462686770.0,16.71,17.49,16.7,17.3,True,千禾味业,False
2022-07-01,99.939,100.729,98.64,99.487,142664.0,246095400.0,17.33,17.47,17.1,17.25,True,千禾味业,False
2022-07-04,100.164,100.164,98.64,99.713,136542.0,236081118.0,17.37,17.37,17.1,17.29,True,千禾味业,False
2022-07-05,100.108,100.221,95.874,97.003,191051.0,321156731.0,17.36,17.38,16.61,16.81,True,千禾味业,False
2022-07-06,97.06,97.06,93.955,94.689,142245.0,233281800.0,16.82,16.82,16.27,16.4,True,千禾味业,False
2022-07-07,94.463,94.576,92.318,93.56,150744.0,244205280.0,16.36,16.38,15.98,16.2,True,千禾味业,False
2022-07-08,94.124,95.14,92.939,93.221,115390.0,186239460.0,16.3,16.48,16.09,16.14,True,千禾味业,False
2022-07-11,92.77,92.77,89.609,91.302,163025.0,257579500.0,16.06,16.06,15.5,15.8,True,千禾味业,False
2022-07-12,91.302,91.471,89.609,90.117,107723.0,167940157.0,15.8,15.83,15.5,15.59,True,千禾味业,False
2022-07-13,90.117,91.02,89.891,90.399,107176.0,167623264.0,15.59,15.75,15.55,15.64,True,千禾味业,False
2022-07-14,90.681,91.584,89.044,89.721,131842.0,204618784.0,15.69,15.85,15.4,15.52,True,千禾味业,False
2022-07-15,92.205,95.705,90.286,92.995,278063.0,447681430.00000006,15.96,16.58,15.62,16.1,True,千禾味业,False
2022-07-18,93.955,94.407,91.697,93.729,144468.0,234471564.0,16.27,16.35,15.87,16.23,True,千禾味业,False
2022-07-19,93.56,98.019,93.108,96.721,226875.0,380242500.00000006,16.2,16.99,16.12,16.76,True,千禾味业,False
2022-07-20,96.665,98.358,95.705,96.157,165159.0,275154894.0,16.75,17.05,16.58,16.66,True,千禾味业,False
2022-07-21,95.648,96.439,93.673,93.673,139338.0,226006236.0,16.57,16.71,16.22,16.22,True,千禾味业,False
2022-07-22,93.56,95.197,91.866,93.278,111178.0,179552469.99999997,16.2,16.49,15.9,16.15,True,千禾味业,False
2022-07-25,93.391,96.552,92.431,94.52,127101.0,208064337.0,16.17,16.73,16.0,16.37,True,千禾味业,False
2022-07-26,94.52,96.044,93.616,94.632,89203.0,146203717.0,16.37,16.64,16.21,16.39,True,千禾味业,False
2022-07-27,93.899,94.915,92.6,93.221,83194.0,134275116.0,16.26,16.44,16.03,16.14,True,千禾味业,False
2022-07-28,93.56,94.971,93.278,93.673,99031.0,160628282.0,16.2,16.45,16.15,16.22,True,千禾味业,False
2022-07-29,93.278,93.673,90.06,90.286,203381.0,317681122.0,16.15,16.22,15.58,15.62,True,千禾味业,False
2022-08-01,90.229,92.713,89.157,91.415,115034.0,181983788.0,15.61,16.05,15.42,15.82,True,千禾味业,False
2022-08-02,90.963,91.302,88.028,88.818,126679.0,194578944.0,15.74,15.8,15.22,15.36,True,千禾味业,False
2022-08-03,89.044,90.173,87.407,87.746,94073.0,142708741.0,15.4,15.6,15.11,15.17,True,千禾味业,False
2022-08-04,88.197,89.326,87.125,89.326,92766.0,143323470.0,15.25,15.45,15.06,15.45,True,千禾味业,False
2022-08-05,89.609,90.963,89.157,90.907,96638.0,152011574.0,15.5,15.74,15.42,15.73,True,千禾味业,False
2022-08-08,90.229,92.149,89.721,90.625,90670.0,142170560.0,15.61,15.95,15.52,15.68,True,千禾味业,False
2022-08-09,90.625,90.625,89.044,89.27,76191.0,117638904.0,15.68,15.68,15.4,15.44,True,千禾味业,False
2022-08-10,89.496,89.496,87.464,88.084,100282.0,152729486.0,15.48,15.48,15.12,15.23,True,千禾味业,False
2022-08-11,88.931,89.947,88.084,89.947,103555.0,161131580.0,15.38,15.56,15.23,15.56,True,千禾味业,False
2022-08-12,89.834,90.455,89.044,89.834,86807.0,134898078.0,15.54,15.65,15.4,15.54,True,千禾味业,False
2022-08-15,89.213,90.06,88.367,88.762,90939.0,139591365.0,15.43,15.58,15.28,15.35,True,千禾味业,False
2022-08-16,88.818,89.27,87.972,88.141,100307.0,152867868.0,15.36,15.44,15.21,15.24,True,千禾味业,False
2022-08-17,88.197,89.157,87.633,88.762,91433.0,140349655.0,15.25,15.42,15.15,15.35,True,千禾味业,False
2022-08-18,88.762,88.818,87.464,87.576,103295.0,156388630.0,15.35,15.36,15.12,15.14,True,千禾味业,False
2022-08-19,87.689,88.197,86.955,87.012,113495.0,170696480.0,15.16,15.25,15.03,15.04,True,千禾味业,False
2022-08-22,86.673,87.746,85.375,87.746,111001.0,168388517.0,14.98,15.17,14.75,15.17,True,千禾味业,False
2022-08-23,87.633,87.633,85.601,85.939,130550.0,193866750.0,15.15,15.15,14.79,14.85,True,千禾味业,False
2022-08-24,85.939,85.996,83.343,83.512,129699.0,187025958.0,14.85,14.86,14.39,14.42,True,千禾味业,False
2022-08-25,83.851,85.431,83.399,85.093,95426.0,140276220.0,14.48,14.76,14.4,14.7,True,千禾味业,False
2022-08-26,84.923,87.802,84.698,86.222,139193.0,207397570.0,14.67,15.18,14.63,14.9,True,千禾味业,False
2022-08-29,85.149,87.464,84.81,87.125,99478.0,149813868.0,14.71,15.12,14.65,15.06,True,千禾味业,False
2022-08-30,87.972,89.439,87.125,88.931,191579.0,294648502.0,15.21,15.47,15.06,15.38,True,千禾味业,False
2022-08-31,89.044,91.246,88.48,89.947,198107.0,308254492.0,15.4,15.79,15.3,15.56,True,千禾味业,False
2022-09-01,89.609,90.738,88.254,88.536,131047.0,200632957.0,15.5,15.7,15.26,15.31,True,千禾味业,False
2022-09-02,88.367,89.157,87.012,87.802,99713.0,151364334.0,15.28,15.42,15.04,15.18,True,千禾味业,False
2022-09-05,87.859,87.859,84.641,85.657,127842.0,189206160.0,15.19,15.19,14.62,14.8,True,千禾味业,False
2022-09-06,85.657,86.109,84.98,86.109,78255.0,116443440.0,14.8,14.88,14.68,14.88,True,千禾味业,False
2022-09-07,85.657,85.883,84.698,84.98,97085.0,142520780.0,14.8,14.84,14.63,14.68,True,千禾味业,False
2022-09-08,84.98,85.601,84.133,84.415,76865.0,112069170.0,14.68,14.79,14.53,14.58,True,千禾味业,False
2022-09-09,84.246,85.657,83.682,85.488,92779.0,137034583.0,14.55,14.8,14.45,14.77,True,千禾味业,False
2022-09-13,85.657,86.335,85.431,85.657,98273.0,145444040.0,14.8,14.92,14.76,14.8,True,千禾味业,False
2022-09-14,84.359,85.262,84.077,84.98,75168.0,110346624.0,14.57,14.73,14.52,14.68,True,千禾味业,False
2022-09-15,85.375,87.351,84.528,85.714,157754.0,233633674.0,14.75,15.1,14.6,14.81,True,千禾味业,False
2022-09-16,85.318,86.786,81.819,82.327,167148.0,237517308.0,14.74,15.0,14.12,14.21,True,千禾味业,False
2022-09-19,81.085,83.286,79.222,82.722,112518.0,160675704.0,13.99,14.38,13.66,14.28,True,千禾味业,False
2022-09-20,83.004,84.585,82.383,84.02,106978.0,155225078.0,14.33,14.61,14.22,14.51,True,千禾味业,False
2022-09-21,83.794,83.794,81.424,82.496,82130.0,116953120.0,14.47,14.47,14.05,14.24,True,千禾味业,False
2022-09-22,82.27,82.665,80.859,80.972,76949.0,107497753.0,14.2,14.27,13.95,13.97,True,千禾味业,False
2022-09-23,81.141,81.48,78.883,79.73,88111.0,121152625.0,14.0,14.06,13.6,13.75,True,千禾味业,False
2022-09-26,81.141,82.27,80.182,80.69,106401.0,148110192.0,14.0,14.2,13.83,13.92,True,千禾味业,False
2022-09-27,81.028,87.294,80.69,87.012,289237.0,435012448.0,13.98,15.09,13.92,15.04,True,千禾味业,False
2022-09-28,87.181,89.609,86.335,87.351,324837.0,490503870.0,15.07,15.5,14.92,15.1,True,千禾味业,False
2022-09-29,90.794,91.641,87.125,88.084,281247.0,428339181.0,15.71,15.86,15.06,15.23,True,千禾味业,False
2022-09-30,89.044,90.06,86.56,87.238,184928.0,278871424.0,15.4,15.58,14.96,15.08,True,千禾味业,False
2022-10-10,95.761,95.761,94.689,95.761,558144.0,925960896.0,16.59,16.59,16.4,16.59,True,千禾味业,False
2022-10-11,96.1,102.253,92.092,97.455,1097247.0,1853250183.0,16.65,17.74,15.94,16.89,True,千禾味业,False
2022-10-12,96.213,99.318,93.729,98.414,672130.0,1146653780.0,16.67,17.22,16.23,17.06,True,千禾味业,False
2022-10-13,97.511,98.866,95.479,96.721,421973.0,707226748.0000001,16.9,17.14,16.54,16.76,True,千禾味业,False
2022-10-14,96.382,97.511,94.689,96.044,365832.0,608744448.0,16.7,16.9,16.4,16.64,True,千禾味业,False
2022-10-17,94.971,96.044,93.052,95.197,283503.0,467496447.0,16.45,16.64,16.11,16.49,True,千禾味业,False
2022-10-18,95.028,97.85,94.237,95.197,305040.0,503010960.0,16.46,16.96,16.32,16.49,True,千禾味业,False
2022-10-19,95.197,95.423,91.979,91.979,251992.0,401171264.0,16.49,16.53,15.92,15.92,True,千禾味业,False
2022-10-20,91.641,93.616,90.907,91.866,233469.0,371215710.0,15.86,16.21,15.73,15.9,True,千禾味业,False
2022-10-21,90.963,92.713,90.173,90.738,160200.0,251514000.0,15.74,16.05,15.6,15.7,True,千禾味业,False
2022-10-24,91.02,92.431,88.875,89.383,209484.0,323862264.0,15.75,16.0,15.37,15.46,True,千禾味业,False
2022-10-25,88.48,89.891,87.294,88.762,177614.0,272637490.0,15.3,15.55,15.09,15.35,True,千禾味业,False
2022-10-26,89.044,92.657,89.044,91.302,240031.0,379248980.0,15.4,16.04,15.4,15.8,True,千禾味业,False
2022-10-27,91.415,93.052,89.609,91.979,208593.0,332080056.0,15.82,16.11,15.5,15.92,True,千禾味业,False
2022-10-28,91.358,93.108,88.367,88.931,257389.0,395864282.0,15.81,16.12,15.28,15.38,True,千禾味业,False
2022-10-31,88.367,91.979,87.689,90.173,150273.0,234425880.0,15.28,15.92,15.16,15.6,True,千禾味业,False
2022-11-01,90.738,94.689,90.06,94.632,252105.0,413200095.0,15.7,16.4,15.58,16.39,True,千禾味业,False
2022-11-02,94.52,97.511,93.56,96.89,291391.0,489245489.0,16.37,16.9,16.2,16.79,True,千禾味业,False
2022-11-03,95.705,99.543,95.479,98.302,255017.0,434548968.0,16.58,17.26,16.54,17.04,True,千禾味业,False
2022-11-04,98.076,103.721,97.681,102.027,308482.0,546013140.0,17.0,18.0,16.93,17.7,True,千禾味业,False
2022-11-07,101.801,102.987,100.221,101.067,202218.0,354488154.0,17.66,17.87,17.38,17.53,True,千禾味业,False
2022-11-08,100.955,103.438,100.447,101.576,176159.0,310392158.0,17.51,17.95,17.42,17.62,True,千禾味业,False
2022-11-09,101.688,102.704,99.374,99.543,143031.0,246871506.00000003,17.64,17.82,17.23,17.26,True,千禾味业,False
2022-11-10,98.414,100.672,98.132,100.221,178262.0,309819356.0,17.06,17.46,17.01,17.38,True,千禾味业,False
2022-11-11,102.874,104.285,99.656,99.995,173793.0,301357062.0,17.85,18.1,17.28,17.34,True,千禾味业,False
2022-11-14,100.108,102.592,99.995,100.447,196210.0,341797820.00000006,17.36,17.8,17.34,17.42,True,千禾味业,False
2022-11-15,100.616,101.914,99.43,101.463,144433.0,254202080.00000003,17.45,17.68,17.24,17.6,True,千禾味业,False
2022-11-16,103.495,109.365,102.93,107.051,356747.0,663192673.0,17.96,19.0,17.86,18.59,True,千禾味业,False
2022-11-17,106.712,111.397,106.035,110.325,288193.0,552465981.0,18.53,19.36,18.41,19.17,True,千禾味业,False
2022-11-18,110.325,110.833,107.39,107.954,179367.0,336313125.0,19.17,19.26,18.65,18.75,True,千禾味业,False
2022-11-21,107.107,108.011,104.341,105.019,205458.0,374549934.0,18.6,18.76,18.11,18.23,True,千禾味业,False
2022-11-22,104.454,105.696,103.156,103.664,131811.0,237127989.0,18.13,18.35,17.9,17.99,True,千禾味业,False
2022-11-23,103.721,104.737,102.253,103.156,130648.0,233859920.0,18.0,18.18,17.74,17.9,True,千禾味业,False
2022-11-24,103.438,105.583,102.874,103.946,141206.0,254735624.0,17.95,18.33,17.85,18.04,True,千禾味业,False
2022-11-25,103.946,104.567,102.084,103.325,85602.0,153484386.0,18.04,18.15,17.71,17.93,True,千禾味业,False
2022-11-28,101.745,106.486,100.447,106.486,212062.0,392102638.0,17.65,18.49,17.42,18.49,True,千禾味业,False
2022-11-29,106.148,108.632,105.414,108.067,182042.0,341692834.0,18.43,18.87,18.3,18.77,True,千禾味业,False
2022-11-30,107.559,109.365,106.543,108.123,145678.0,273583284.0,18.68,19.0,18.5,18.78,True,千禾味业,False
2022-12-01,109.365,112.075,105.978,106.769,281919.0,522677826.0,19.0,19.48,18.4,18.54,True,千禾味业,False
2022-12-02,112.188,117.212,111.793,117.212,485111.0,989141329.0,19.5,20.39,19.43,20.39,True,千禾味业,False
2022-12-05,114.728,119.526,114.671,117.833,349299.0,716062950.0,19.95,20.8,19.94,20.5,True,千禾味业,False
2022-12-06,117.663,123.477,117.042,120.203,293548.0,614102416.0,20.47,21.5,20.36,20.92,True,千禾味业,False
2022-12-07,120.09,122.235,118.171,120.994,250473.0,527496138.0,20.9,21.28,20.56,21.06,True,千禾味业,False
2022-12-08,120.711,122.235,118.962,120.203,156006.0,326364552.0,21.01,21.28,20.7,20.92,True,千禾味业,False
2022-12-09,119.018,122.405,117.268,122.123,187098.0,397770348.0,20.71,21.31,20.4,21.26,True,千禾味业,False
2022-12-12,121.727,125.735,119.695,120.542,186164.0,390572072.0,21.19,21.9,20.83,20.98,True,千禾味业,False
2022-12-13,120.09,124.268,118.679,122.518,166876.0,355946508.0,20.9,21.64,20.65,21.33,True,千禾味业,False
2022-12-14,121.219,125.171,120.655,124.098,159347.0,344348867.0,21.1,21.8,21.0,21.61,True,千禾味业,False
2022-12-15,123.534,124.493,121.219,121.727,118517.0,251137523.00000003,21.51,21.68,21.1,21.19,True,千禾味业,False
2022-12-16,120.373,124.324,120.09,122.461,128971.0,274966172.0,20.95,21.65,20.9,21.32,True,千禾味业,False
2022-12-19,123.703,124.324,120.655,121.897,124592.0,264384224.0,21.54,21.65,21.0,21.22,True,千禾味业,False
2022-12-20,122.8,122.913,118.679,119.526,147261.0,306302880.0,21.38,21.4,20.65,20.8,True,千禾味业,False
2022-12-21,119.582,121.107,118.115,119.865,133818.0,279144348.0,20.81,21.08,20.55,20.86,True,千禾味业,False
2022-12-22,121.05,123.76,119.639,120.881,153052.0,322021408.0,21.07,21.55,20.82,21.04,True,千禾味业,False
2022-12-23,120.429,122.123,119.526,120.373,104862.0,219685890.0,20.96,21.26,20.8,20.95,True,千禾味业,False
2022-12-26,120.147,122.969,119.413,120.203,86938.0,181874296.0,20.91,21.41,20.78,20.92,True,千禾味业,False
2022-12-27,120.203,123.985,120.09,122.744,116767.0,249531079.0,20.92,21.59,20.9,21.37,True,千禾味业,False
2022-12-28,122.856,122.856,117.833,118.51,196541.0,405267542.0,21.39,21.39,20.5,20.62,True,千禾味业,False
2022-12-29,117.833,120.655,117.268,119.3,127357.0,264393132.00000003,20.5,21.0,20.4,20.76,True,千禾味业,False
2022-12-30,120.486,120.824,116.083,119.413,189441.0,393658398.0,20.97,21.03,20.19,20.78,True,千禾味业,False
2023-01-03,121.727,122.235,112.978,114.163,324928.0,644982080.0,21.19,21.28,19.64,19.85,True,千禾味业,False
2023-01-04,113.881,115.575,113.147,114.333,179981.0,357802228.0,19.8,20.1,19.67,19.88,True,千禾味业,False
2023-01-05,114.728,118.905,113.881,117.099,157298.0,320416026.0,19.95,20.69,19.8,20.37,True,千禾味业,False
2023-01-06,116.647,118.228,115.97,117.72,101237.0,207333376.0,20.29,20.57,20.17,20.48,True,千禾味业,False
2023-01-09,117.833,120.711,117.212,119.357,108095.0,224513315.0,20.5,21.01,20.39,20.77,True,千禾味业,False
2023-01-10,118.849,122.405,118.736,121.502,104385.0,220774275.0,20.68,21.31,20.66,21.15,True,千禾味业,False
2023-01-11,121.502,122.235,119.074,121.558,89655.0,189709980.0,21.15,21.28,20.72,21.16,True,千禾味业,False
2023-01-12,120.655,122.687,118.736,118.792,84053.0,173737551.0,21.0,21.36,20.66,20.67,True,千禾味业,False
2023-01-13,118.849,127.824,118.849,126.695,234232.0,516950024.0,20.68,22.27,20.68,22.07,True,千禾味业,False
2023-01-16,126.695,129.235,125.227,125.397,152545.0,333158280.0,22.07,22.52,21.81,21.84,True,千禾味业,False
2023-01-17,125.453,125.961,123.195,123.985,94262.0,203511658.0,21.85,21.94,21.45,21.59,True,千禾味业,False
2023-01-18,123.985,125.453,122.518,122.744,94215.0,201337455.0,21.59,21.85,21.33,21.37,True,千禾味业,False
2023-01-19,122.179,132.509,121.332,130.025,244392.0,553792272.0,21.27,23.1,21.12,22.66,True,千禾味业,False
2023-01-20,130.082,134.259,127.88,128.332,176657.0,395005052.0,22.67,23.41,22.28,22.36,True,千禾味业,False
2023-01-30,128.445,130.985,125.679,126.582,183356.0,404299980.0,22.38,22.83,21.89,22.05,True,千禾味业,False
2023-01-31,130.59,136.799,128.219,128.671,363373.0,814682266.0000001,22.76,23.86,22.34,22.42,True,千禾味业,False
2023-02-01,129.404,132.227,127.993,130.138,155462.0,352587816.0,22.55,23.05,22.3,22.68,True,千禾味业,False
2023-02-02,131.888,133.92,128.896,132.904,181524.0,420591108.00000006,22.99,23.35,22.46,23.17,True,千禾味业,False
2023-02-03,132.791,133.074,128.388,131.775,145917.0,335171349.0,23.15,23.2,22.37,22.97,True,千禾味业,False
2023-02-06,130.759,132.509,129.291,129.743,100209.0,226572549.0,22.79,23.1,22.53,22.61,True,千禾味业,False
2023-02-07,130.477,131.662,126.864,128.163,104464.0,233268112.0,22.74,22.95,22.1,22.33,True,千禾味业,False
2023-02-08,128.84,130.138,127.711,129.122,91224.0,205254000.0,22.45,22.68,22.25,22.5,True,千禾味业,False
2023-02-09,128.445,133.299,127.993,132.057,116887.0,269073874.0,22.38,23.24,22.3,23.02,True,千禾味业,False
2023-02-10,132.057,135.219,131.154,134.202,113589.0,265798260.0,23.02,23.58,22.86,23.4,True,千禾味业,False
2023-02-13,134.09,139.17,133.92,138.267,170910.0,412234920.0,23.38,24.28,23.35,24.12,True,千禾味业,False
2023-02-14,138.775,141.258,137.759,140.581,136933.0,335896649.0,24.21,24.65,24.03,24.53,True,千禾味业,False
2023-02-15,140.017,141.992,139.226,139.847,112820.0,275280800.0,24.43,24.78,24.29,24.4,True,千禾味业,False
2023-02-16,139.396,143.855,139.001,140.017,148211.0,362079473.0,24.32,25.11,24.25,24.43,True,千禾味业,False
2023-02-17,140.017,147.524,139.904,146.057,247044.0,629962200.0,24.43,25.76,24.41,25.5,True,千禾味业,False
2023-02-20,146.226,149.556,144.25,146.057,184299.0,469962450.0,25.53,26.12,25.18,25.5,True,千禾味业,False
2023-02-21,144.815,148.484,144.25,147.75,135369.0,349252020.0,25.28,25.93,25.18,25.8,True,千禾味业,False
2023-02-22,146.677,148.258,143.799,144.25,143214.0,360612852.0,25.61,25.89,25.1,25.18,True,千禾味业,False
2023-02-23,143.855,146.282,143.629,145.21,102701.0,260347035.0,25.11,25.54,25.07,25.35,True,千禾味业,False
2023-02-24,144.928,144.928,139.847,142.331,210625.0,523192500.0,25.3,25.3,24.4,24.84,True,千禾味业,False
2023-02-27,140.863,144.815,139.452,143.291,125080.0,312825080.0,24.58,25.28,24.33,25.01,True,千禾味业,False
2023-02-28,144.024,144.928,141.089,142.105,103849.0,257545520.0,25.14,25.3,24.62,24.8,True,千禾味业,False
2023-03-01,142.162,143.912,140.412,142.895,121478.0,302966132.0,24.81,25.12,24.5,24.94,True,千禾味业,False
2023-03-02,142.895,147.919,141.992,147.411,174992.0,450429408.0,24.94,25.83,24.78,25.74,True,千禾味业,False
2023-03-03,146.057,147.129,141.541,141.766,180337.0,446153738.0,25.5,25.69,24.7,24.74,True,千禾味业,False
2023-03-06,141.823,146.282,140.468,144.589,146109.0,368779116.0,24.75,25.54,24.51,25.24,True,千禾味业,False
2023-03-07,143.855,144.645,141.258,141.371,82288.0,203004496.0,25.11,25.25,24.65,24.67,True,千禾味业,False
2023-03-08,140.525,141.541,138.605,139.621,107247.0,261253692.0,24.52,24.7,24.18,24.36,True,千禾味业,False
2023-03-09,140.186,141.371,138.154,139.226,93726.0,227660454.0,24.46,24.67,24.1,24.29,True,千禾味业,False
2023-03-10,138.38,139.96,137.138,137.533,84144.0,201861456.0,24.14,24.42,23.92,23.99,True,千禾味业,False
2023-03-13,137.307,144.928,136.968,143.686,144509.0,362428572.0,23.95,25.3,23.89,25.08,True,千禾味业,False
2023-03-14,143.234,143.912,139.396,140.863,103709.0,254916722.0,25.0,25.12,24.32,24.58,True,千禾味业,False
2023-03-15,140.976,142.613,138.549,139.339,80730.0,196254630.0,24.6,24.89,24.17,24.31,True,千禾味业,False
2023-03-16,139.283,139.396,136.404,137.589,80647.0,193552800.0,24.3,24.32,23.79,24.0,True,千禾味业,False
2023-03-17,139.057,139.565,133.469,134.202,198819.0,465236460.0,24.26,24.35,23.27,23.4,True,千禾味业,False
2023-03-20,134.202,134.654,128.445,129.066,278228.0,625734772.0,23.4,23.48,22.38,22.49,True,千禾味业,False
2023-03-21,129.969,133.92,129.179,132.509,140248.0,323972880.0,22.65,23.35,22.51,23.1,True,千禾味业,False
2023-03-22,133.017,134.993,130.251,131.211,119228.0,272674436.0,23.19,23.54,22.7,22.87,True,千禾味业,False
2023-03-23,130.533,134.202,130.308,132.227,111761.0,257609105.0,22.75,23.4,22.71,23.05,True,千禾味业,False
2023-03-24,132.227,136.347,132.057,132.678,94782.0,219230766.0,23.05,23.78,23.02,23.13,True,千禾味业,False
2023-03-27,131.832,132.904,130.477,130.477,91898.0,208976052.0,22.98,23.17,22.74,22.74,True,千禾味业,False
2023-03-28,130.703,135.162,130.42,132.961,102369.0,237291342.0,22.78,23.57,22.73,23.18,True,千禾味业,False
2023-03-29,133.017,137.42,133.017,134.372,113058.0,264894894.0,23.19,23.97,23.19,23.43,True,千禾味业,False
2023-03-30,134.428,135.614,132.791,134.88,80385.0,189065520.0,23.44,23.65,23.15,23.52,True,千禾味业,False
2023-03-31,134.88,138.718,134.598,137.251,102261.0,244812834.0,23.52,24.2,23.47,23.94,True,千禾味业,False
2023-04-03,138.041,139.847,135.331,135.727,136960.0,324184320.0,24.08,24.4,23.6,23.67,True,千禾味业,False
2023-04-04,135.783,138.097,134.09,137.251,122436.0,293111784.0,23.68,24.09,23.38,23.94,True,千禾味业,False
2023-04-06,136.63,136.912,124.889,127.654,276622.0,615207328.0,23.83,23.88,21.75,22.24,True,千禾味业,False
2023-04-07,126.3,132.283,126.3,130.308,165034.0,374792214.0,22.0,23.06,22.0,22.71,True,千禾味业,False
2023-04-10,134.485,137.307,130.646,132.114,243841.0,561565823.0,23.45,23.95,22.77,23.03,True,千禾味业,False
2023-04-11,132.453,133.751,129.574,130.082,141353.0,320447251.0,23.09,23.32,22.58,22.67,True,千禾味业,False
2023-04-12,131.211,131.324,125.453,126.356,176670.0,388850670.0,22.87,22.89,21.85,22.01,True,千禾味业,False
2023-04-13,126.582,129.122,124.606,127.88,113340.0,252521520.0,22.05,22.5,21.7,22.28,True,千禾味业,False
2023-04-14,128.558,130.251,126.921,129.291,123397.0,278013441.0,22.4,22.7,22.11,22.53,True,千禾味业,False
2023-04-17,129.461,132.565,128.275,130.985,119003.0,271683849.0,22.56,23.11,22.35,22.83,True,千禾味业,False
2023-04-18,131.267,133.751,129.179,132.283,114816.0,264765696.0,22.88,23.32,22.51,23.06,True,千禾味业,False
2023-04-19,131.719,132.565,128.896,129.856,95469.0,216046347.0,22.96,23.11,22.46,22.63,True,千禾味业,False
2023-04-20,129.8,131.041,127.598,128.275,72580.0,162216300.0,22.62,22.84,22.23,22.35,True,千禾味业,False
2023-04-21,129.404,130.251,126.921,128.614,87558.0,196217478.0,22.55,22.7,22.11,22.41,True,千禾味业,False
2023-04-24,128.275,129.235,126.638,128.953,94925.0,213296475.0,22.35,22.52,22.06,22.47,True,千禾味业,False
2023-04-25,127.429,133.807,127.203,132.453,172047.0,397256523.0,22.2,23.33,22.16,23.09,True,千禾味业,False
2023-04-26,132.622,133.017,129.687,132.17,132400.0,305049600.0,23.12,23.19,22.6,23.04,True,千禾味业,False
2023-04-27,131.606,136.009,131.324,134.485,110658.0,259493010.0,22.94,23.72,22.89,23.45,True,千禾味业,False
2023-04-28,135.783,138.605,133.412,136.235,139553.0,331577928.0,23.68,24.18,23.26,23.76,True,千禾味业,False
2023-05-04,143.291,149.669,143.291,149.443,380300.0,992583000.0,25.01,26.14,25.01,26.1,True,千禾味业,False
2023-05-05,149.726,150.234,144.928,146.452,200128.0,511727296.0,26.15,26.24,25.3,25.57,True,千禾味业,False
2023-05-08,146.847,147.863,141.992,143.403,151904.0,380215712.0,25.64,25.82,24.78,25.03,True,千禾味业,False
2023-05-09,143.234,144.363,140.468,140.807,106772.0,262338804.0,25.0,25.2,24.51,24.57,True,千禾味业,False
2023-05-10,140.186,141.258,138.662,140.017,88257.0,215611851.0,24.46,24.65,24.19,24.43,True,千禾味业,False
2023-05-11,140.242,141.315,137.646,138.662,86863.0,210121597.0,24.47,24.66,24.01,24.19,True,千禾味业,False
2023-05-12,138.775,140.299,136.799,136.912,55633.0,132851604.0,24.21,24.48,23.86,23.88,True,千禾味业,False
2023-05-15,137.928,137.984,135.557,137.759,64387.0,154721961.0,24.06,24.07,23.64,24.03,True,千禾味业,False
2023-05-16,138.267,138.267,133.469,133.92,102606.0,239585010.0,24.12,24.12,23.27,23.35,True,千禾味业,False
2023-05-17,133.638,133.92,128.614,129.291,167881.0,378235893.0,23.3,23.35,22.41,22.53,True,千禾味业,False
2023-05-18,129.009,129.8,126.187,127.203,135660.0,300622560.0,22.48,22.62,21.98,22.16,True,千禾味业,False
2023-05-19,126.413,130.816,125.397,129.009,119649.0,268970952.0,22.02,22.8,21.84,22.48,True,千禾味业,False
2023-05-22,129.179,132.114,127.203,130.759,130255.0,296851145.0,22.51,23.03,22.16,22.79,True,千禾味业,False
2023-05-23,130.816,131.945,129.574,129.743,83960.0,189833560.0,22.8,23.0,22.58,22.61,True,千禾味业,False
2023-05-24,129.461,129.574,125.453,125.622,109673.0,239964524.0,22.56,22.58,21.85,21.88,True,千禾味业,False
2023-05-25,125.171,125.848,123.139,124.832,95432.0,207469168.0,21.8,21.92,21.44,21.74,True,千禾味业,False
2023-05-26,124.55,126.243,123.647,125.114,58782.0,128085978.0,21.69,21.99,21.53,21.79,True,千禾味业,False
2023-05-29,125.735,125.735,118.962,120.824,176046.0,370224738.0,21.9,21.9,20.7,21.03,True,千禾味业,False
2023-05-30,120.994,122.179,119.413,121.671,93369.0,197755542.0,21.06,21.27,20.78,21.18,True,千禾味业,False
2023-05-31,121.219,121.953,119.413,120.655,74273.0,155973300.0,21.1,21.23,20.78,21.0,True,千禾味业,False
2023-06-01,119.921,123.252,119.808,121.219,82233.0,173511630.0,20.87,21.46,20.85,21.1,True,千禾味业,False
2023-06-02,122.348,123.477,120.429,122.179,91929.0,195532983.0,21.3,21.5,20.96,21.27,True,千禾味业,False
2023-06-05,122.179,122.348,118.002,118.453,170642.0,351693162.0,21.27,21.3,20.53,20.61,True,千禾味业,False
2023-06-06,118.171,120.316,117.72,118.566,94074.0,194074662.0,20.56,20.94,20.48,20.63,True,千禾味业,False
2023-06-07,119.131,122.574,118.623,119.921,113960.0,237834520.0,20.73,21.34,20.64,20.87,True,千禾味业,False
2023-06-08,119.865,122.348,118.566,119.808,127767.0,266394195.00000003,20.86,21.3,20.63,20.85,True,千禾味业,False
2023-06-09,119.131,120.09,116.986,118.341,108234.0,222853806.0,20.73,20.9,20.35,20.59,True,千禾味业,False
2023-06-12,117.889,122.461,116.478,120.994,138249.0,291152394.0,20.51,21.32,20.26,21.06,True,千禾味业,False
2023-06-13,120.429,123.082,120.429,121.219,96738.0,204117180.0,20.96,21.43,20.96,21.1,True,千禾味业,False
2023-06-14,121.107,124.324,120.824,123.308,97936.0,210268592.0,21.08,21.65,21.03,21.47,True,千禾味业,False
2023-06-15,123.252,126.751,122.348,126.469,130962.0,288509286.0,21.46,22.08,21.3,22.03,True,千禾味业,False
2023-06-16,127.146,127.203,123.477,124.324,95396.0,206532340.0,22.15,22.16,21.5,21.65,True,千禾味业,False
2023-06-19,124.437,126.074,123.364,123.929,92632.0,199899856.0,21.67,21.96,21.48,21.58,True,千禾味业,False
2023-06-20,124.031,124.877,122.676,122.958,73328.0,156188640.0,21.49,21.64,21.25,21.3,True,千禾味业,False
2023-06-21,122.168,123.974,120.7,120.757,93195.0,194870745.0,21.16,21.48,20.9,20.91,True,千禾味业,False
2023-06-26,119.628,120.474,117.765,119.289,86696.0,179027240.0,20.71,20.86,20.38,20.65,True,千禾味业,False
2023-06-27,119.063,120.982,118.781,120.305,79712.0,166040096.0,20.61,20.95,20.56,20.83,True,千禾味业,False
2023-06-28,120.136,123.635,119.458,122.845,92851.0,197586928.0,20.8,21.42,20.68,21.28,True,千禾味业,False
2023-06-29,122.845,123.353,120.136,121.265,76815.0,161311500.0,21.28,21.37,20.8,21.0,True,千禾味业,False
2023-06-30,121.265,123.014,120.249,121.942,71932.0,151920384.0,21.0,21.31,20.82,21.12,True,千禾味业,False
2023-07-03,122.676,125.216,121.603,124.313,88086.0,189737244.0,21.25,21.7,21.06,21.54,True,千禾味业,False
2023-07-04,123.635,124.651,122.506,123.805,62810.0,134727450.0,21.42,21.6,21.22,21.45,True,千禾味业,False
2023-07-05,123.805,124.087,119.91,120.361,74052.0,154324368.0,21.45,21.5,20.76,20.84,True,千禾味业,False
2023-07-06,119.571,121.265,118.16,118.95,76282.0,157064638.0,20.7,21.0,20.45,20.59,True,千禾味业,False
2023-07-07,117.878,119.515,117.313,118.781,48271.0,99245176.0,20.4,20.69,20.3,20.56,True,千禾味业,False
2023-07-10,119.458,119.797,117.595,118.612,49752.0,102140856.0,20.68,20.74,20.35,20.53,True,千禾味业,False
2023-07-11,118.837,119.289,116.579,117.765,61058.0,124436204.0,20.57,20.65,20.17,20.38,True,千禾味业,False
2023-07-12,118.724,126.684,118.555,122.45,241312.0,511822752.0,20.55,21.96,20.52,21.21,True,千禾味业,False
2023-07-13,122.337,125.555,120.757,123.297,149110.0,318498960.0,21.19,21.76,20.91,21.36,True,千禾味业,False
2023-07-14,123.635,126.232,123.071,124.934,159654.0,345650910.0,21.42,21.88,21.32,21.65,True,千禾味业,False
2023-07-17,123.748,123.748,113.136,115.394,289729.0,578299084.0,21.44,21.44,19.56,19.96,True,千禾味业,False
2023-07-18,115.055,115.394,108.564,109.241,295802.0,558178374.0,19.9,19.96,18.75,18.87,True,千禾味业,False
2023-07-19,108.733,109.298,106.757,107.717,155045.0,288383700.0,18.78,18.88,18.43,18.6,True,千禾味业,False
2023-07-20,108.338,109.072,107.153,107.491,146956.0,272750336.0,18.71,18.84,18.5,18.56,True,千禾味业,False
2023-07-21,107.491,111.894,107.322,110.427,162035.0,309162780.0,18.56,19.34,18.53,19.08,True,千禾味业,False
2023-07-24,109.975,109.975,107.04,107.265,133981.0,248132812.0,19.0,19.0,18.48,18.52,True,千禾味业,False
2023-07-25,108.338,110.765,107.604,109.298,136785.0,258250080.0,18.71,19.14,18.58,18.88,True,千禾味业,False
2023-07-26,109.015,109.919,108.62,109.806,76762.0,145617514.0,18.83,18.99,18.76,18.97,True,千禾味业,False
2023-07-27,109.693,111.668,109.128,110.257,109601.0,208789905.0,18.95,19.3,18.85,19.05,True,千禾味业,False
2023-07-28,109.298,111.556,108.564,111.33,108943.0,209606332.0,18.88,19.28,18.75,19.24,True,千禾味业,False
2023-07-31,111.612,113.813,111.443,112.402,135581.0,263433883.0,19.29,19.68,19.26,19.43,True,千禾味业,False
2023-08-01,112.402,113.136,111.104,111.499,77274.0,148906998.0,19.43,19.56,19.2,19.27,True,千禾味业,False
2023-08-02,111.047,111.894,110.37,110.765,65498.0,125363172.0,19.19,19.34,19.07,19.14,True,千禾味业,False
2023-08-03,110.539,112.741,110.314,112.289,87687.0,170200467.0,19.1,19.49,19.06,19.41,True,千禾味业,False
2023-08-04,112.233,113.023,110.652,110.765,97681.0,186961434.0,19.4,19.54,19.12,19.14,True,千禾味业,False
2023-08-07,108.846,109.298,107.153,108.62,105973.0,198805348.00000003,18.8,18.88,18.5,18.76,True,千禾味业,False
2023-08-08,108.733,109.693,108.225,109.298,55584.0,104942592.0,18.78,18.95,18.69,18.88,True,千禾味业,False
2023-08-09,108.846,109.185,107.491,108.112,64792.0,120966664.0,18.8,18.86,18.56,18.67,True,千禾味业,False
2023-08-10,107.661,108.564,107.209,108.056,58411.0,108994926.0,18.59,18.75,18.51,18.66,True,千禾味业,False
2023-08-11,108.169,108.507,105.911,105.967,74148.0,135616692.0,18.68,18.74,18.28,18.29,True,千禾味业,False
2023-08-14,105.403,105.403,102.975,105.233,109847.0,199482152.0,18.19,18.19,17.76,18.16,True,千禾味业,False
2023-08-15,104.951,105.403,102.975,103.822,71639.0,128305449.0,18.11,18.19,17.76,17.91,True,千禾味业,False
2023-08-16,103.766,105.008,102.975,103.822,57792.0,103505472.0,17.9,18.12,17.76,17.91,True,千禾味业,False
2023-08-17,103.483,105.741,102.242,105.516,70066.0,127590186.0,17.85,18.25,17.63,18.21,True,千禾味业,False
2023-08-18,105.572,106.024,104.443,104.725,65346.0,118080222.0,18.22,18.3,18.02,18.07,True,千禾味业,False
2023-08-21,104.387,105.459,103.653,103.709,58596.0,104828244.0,18.01,18.2,17.88,17.89,True,千禾味业,False
2023-08-22,104.161,104.782,101.113,102.637,92732.0,164135640.0,17.97,18.08,17.43,17.7,True,千禾味业,False
2023-08-23,103.088,103.088,101.169,101.338,42792.0,74757624.0,17.78,17.78,17.44,17.47,True,千禾味业,False
2023-08-24,101.621,105.572,100.605,104.782,104821.0,189516368.0,17.52,18.22,17.34,18.08,True,千禾味业,False
2023-08-25,104.838,105.29,103.483,104.048,74455.0,133646725.0,18.09,18.17,17.85,17.95,True,千禾味业,False
2023-08-28,109.919,109.919,100.492,100.943,254088.0,442113120.0,18.99,18.99,17.32,17.4,True,千禾味业,False
2023-08-29,100.209,102.919,99.758,101.903,151452.0,266101164.0,17.27,17.75,17.19,17.57,True,千禾味业,False
2023-08-30,101.338,103.766,101.226,102.467,105884.0,187097028.00000003,17.47,17.9,17.45,17.67,True,千禾味业,False
2023-08-31,102.355,103.427,101.621,102.919,76986.0,136650150.0,17.65,17.84,17.52,17.75,True,千禾味业,False
2023-09-01,103.596,104.782,102.919,103.653,84909.0,151817292.0,17.87,18.08,17.75,17.88,True,千禾味业,False
2023-09-04,104.104,106.249,103.879,105.233,116595.0,211736520.0,17.96,18.34,17.92,18.16,True,千禾味业,False
2023-09-05,105.29,105.741,103.483,103.596,87798.0,156895026.0,18.17,18.25,17.85,17.87,True,千禾味业,False
2023-09-06,103.201,103.483,101.846,102.637,85305.0,150989850.0,17.8,17.85,17.56,17.7,True,千禾味业,False
2023-09-07,102.637,103.088,100.605,100.718,62269.0,108098984.0,17.7,17.78,17.34,17.36,True,千禾味业,False
2023-09-08,100.718,100.718,98.911,99.758,55587.0,95554053.0,17.36,17.36,17.04,17.19,True,千禾味业,False
2023-09-11,99.645,101.734,98.855,101.508,107704.0,188482000.0,17.17,17.54,17.03,17.5,True,千禾味业,False
2023-09-12,101.056,103.201,100.548,101.395,80867.0,141355516.0,17.42,17.8,17.33,17.48,True,千禾味业,False
2023-09-13,101.395,102.129,100.097,100.661,57716.0,100137260.0,17.48,17.61,17.25,17.35,True,千禾味业,False
2023-09-14,100.605,100.943,99.363,99.871,45801.0,78823521.0,17.34,17.4,17.12,17.21,True,千禾味业,False
2023-09-15,100.266,101.338,99.589,100.209,62398.0,107761346.0,17.28,17.47,17.16,17.27,True,千禾味业,False
2023-09-18,99.193,101.169,98.855,101.056,69895.0,121757090.0,17.09,17.44,17.03,17.42,True,千禾味业,False
2023-09-19,100.83,100.83,96.823,98.742,122454.0,208294254.00000003,17.38,17.38,16.67,17.01,True,千禾味业,False
2023-09-20,98.347,99.927,97.952,98.46,59851.0,101507296.0,16.94,17.22,16.87,16.96,True,千禾味业,False
2023-09-21,98.008,98.685,96.653,96.653,74197.0,123463808.0,16.88,17.0,16.64,16.64,True,千禾味业,False
2023-09-22,96.935,98.29,96.258,98.234,78457.0,132749244.0,16.69,16.93,16.57,16.92,True,千禾味业,False
2023-09-25,98.29,98.516,97.331,97.556,47744.0,80209920.0,16.93,16.97,16.76,16.8,True,千禾味业,False
2023-09-26,97.274,98.008,96.371,96.427,52883.0,87785780.00000001,16.75,16.88,16.59,16.6,True,千禾味业,False
2023-09-27,96.484,101.79,96.484,100.266,221585.0,382898880.0,16.61,17.55,16.61,17.28,True,千禾味业,False
2023-09-28,100.322,103.483,100.209,100.548,170338.0,295195754.0,17.29,17.85,17.27,17.33,True,千禾味业,False
2023-10-09,100.492,102.693,100.492,100.943,128975.0,224416500.0,17.32,17.71,17.32,17.4,True,千禾味业,False
2023-10-10,101.056,101.79,98.911,99.25,103397.0,176808870.0,17.42,17.55,17.04,17.1,True,千禾味业,False
2023-10-11,99.701,103.653,99.081,101.903,204458.0,359232706.0,17.18,17.88,17.07,17.57,True,千禾味业,False
2023-10-12,102.298,103.201,97.839,98.685,250552.0,425938400.0,17.64,17.8,16.85,17.0,True,千禾味业,False
2023-10-13,97.782,97.895,94.17,94.96,232285.0,379553690.0,16.84,16.86,16.2,16.34,True,千禾味业,False
2023-10-16,94.96,95.186,92.645,93.887,153200.0,247418000.0,16.34,16.38,15.93,16.15,True,千禾味业,False
2023-10-17,93.436,94.226,92.476,94.113,106315.0,172123985.0,16.07,16.21,15.9,16.19,True,千禾味业,False
2023-10-18,92.984,94.0,92.42,92.476,83707.0,133094130.0,15.99,16.17,15.89,15.9,True,千禾味业,False
2023-10-19,92.476,92.589,91.178,91.291,94639.0,148488591.0,15.9,15.92,15.67,15.69,True,千禾味业,False
2023-10-20,90.557,91.686,90.218,90.613,83408.0,129866256.0,15.56,15.76,15.5,15.57,True,千禾味业,False
2023-10-23,90.613,90.952,89.315,89.654,103831.0,159899740.0,15.57,15.63,15.34,15.4,True,千禾味业,False
2023-10-24,89.823,91.855,89.089,90.726,112005.0,174615795.0,15.43,15.79,15.3,15.59,True,千禾味业,False
2023-10-25,92.081,94.565,91.121,93.379,154445.0,248038670.0,15.83,16.27,15.66,16.06,True,千禾味业,False
2023-10-26,92.815,95.299,92.758,95.129,118628.0,194194036.0,15.96,16.4,15.95,16.37,True,千禾味业,False
2023-10-27,94.79,99.984,94.339,99.589,220315.0,378060540.0,16.31,17.23,16.23,17.16,True,千禾味业,False
2023-10-30,98.968,100.492,98.685,100.322,132913.0,229806577.0,17.05,17.32,17.0,17.29,True,千禾味业,False
2023-10-31,103.653,106.645,102.467,102.863,294144.0,521811456.0,17.88,18.41,17.67,17.74,True,千禾味业,False
2023-11-01,104.274,104.612,101.338,101.677,139931.0,245299043.00000003,17.99,18.05,17.47,17.53,True,千禾味业,False
2023-11-02,101.677,102.185,99.645,99.984,105294.0,181421562.0,17.53,17.62,17.17,17.23,True,千禾味业,False
2023-11-03,99.137,103.201,99.137,102.637,149475.0,264570750.0,17.08,17.8,17.08,17.7,True,千禾味业,False
2023-11-06,103.879,105.12,102.185,104.951,174043.0,315191873.0,17.92,18.14,17.62,18.11,True,千禾味业,False
2023-11-07,104.951,104.951,103.427,103.54,89773.0,160334578.0,18.11,18.11,17.84,17.86,True,千禾味业,False
2023-11-08,103.258,104.048,102.467,103.145,81862.0,145632498.0,17.81,17.95,17.67,17.79,True,千禾味业,False
2023-11-09,102.75,103.766,102.355,103.145,77353.0,137610987.0,17.72,17.9,17.65,17.79,True,千禾味业,False
2023-11-10,103.258,103.766,101.564,103.258,67694.0,120563014.0,17.81,17.9,17.51,17.81,True,千禾味业,False
2023-11-13,103.54,104.104,101.79,102.75,71824.0,127272128.0,17.86,17.96,17.55,17.72,True,千禾味业,False
2023-11-14,102.524,103.145,101.451,102.072,53940.0,94934400.0,17.68,17.79,17.49,17.6,True,千禾味业,False
2023-11-15,102.806,103.314,101.508,101.846,67117.0,117857452.0,17.73,17.82,17.5,17.56,True,千禾味业,False
2023-11-16,101.395,101.959,100.266,100.379,64021.0,110756330.0,17.48,17.58,17.28,17.3,True,千禾味业,False
2023-11-17,100.266,101.056,99.476,100.04,58881.0,101510844.0,17.28,17.42,17.14,17.24,True,千禾味业,False
2023-11-20,100.661,101.395,99.024,101.338,76875.0,134300625.0,17.35,17.48,17.06,17.47,True,千禾味业,False
2023-11-21,101.903,103.314,101.338,101.734,100024.0,175442096.0,17.57,17.82,17.47,17.54,True,千禾味业,False
2023-11-22,102.072,102.185,100.492,100.774,66140.0,114885180.0,17.6,17.62,17.32,17.37,True,千禾味业,False
2023-11-23,101.0,101.621,99.758,100.774,70865.0,123092505.0,17.41,17.52,17.19,17.37,True,千禾味业,False
2023-11-24,100.83,101.226,99.758,100.379,65793.0,113821890.0,17.38,17.45,17.19,17.3,True,千禾味业,False
2023-11-27,100.097,100.435,99.137,100.322,62114.0,107395106.0,17.25,17.31,17.08,17.29,True,千禾味业,False
2023-11-28,99.476,100.83,98.968,100.605,64988.0,112689192.0,17.14,17.38,17.05,17.34,True,千禾味业,False
2023-11-29,100.605,102.863,99.758,101.395,91703.0,160296844.0,17.34,17.74,17.19,17.48,True,千禾味业,False
2023-11-30,100.943,102.919,100.209,101.621,100604.0,176258208.0,17.4,17.75,17.27,17.52,True,千禾味业,False
2023-12-01,101.79,102.016,98.008,99.081,138437.0,236311959.0,17.55,17.59,16.88,17.07,True,千禾味业,False
2023-12-04,98.855,99.081,96.653,97.5,96993.0,162851247.0,17.03,17.07,16.64,16.79,True,千禾味业,False
2023-12-05,97.556,97.782,96.032,96.032,75496.0,124794888.0,16.8,16.84,16.53,16.53,True,千禾味业,False
2023-12-06,95.581,96.879,95.242,95.919,56189.0,92768039.0,16.45,16.68,16.39,16.51,True,千禾味业,False
2023-12-07,95.75,96.032,94.0,95.016,67496.0,110355960.0,16.48,16.53,16.17,16.35,True,千禾味业,False
2023-12-08,95.129,96.427,94.395,94.734,66794.0,108874220.0,16.37,16.6,16.24,16.3,True,千禾味业,False
2023-12-11,94.226,94.678,92.42,94.226,102789.0,166620969.0,16.21,16.29,15.89,16.21,True,千禾味业,False
2023-12-12,94.226,95.581,93.718,95.299,81521.0,133694440.0,16.21,16.45,16.12,16.4,True,千禾味业,False
2023-12-13,94.734,95.242,92.476,92.476,95396.0,151679640.0,16.3,16.39,15.9,15.9,True,千禾味业,False
2023-12-14,93.041,94.057,91.686,91.855,64192.0,101359168.0,16.0,16.18,15.76,15.79,True,千禾味业,False
2023-12-15,91.968,92.758,91.516,91.686,49518.0,78040368.0,15.81,15.95,15.73,15.76,True,千禾味业,False
2023-12-18,91.121,91.742,89.936,90.388,72165.0,112072245.0,15.66,15.77,15.45,15.53,True,千禾味业,False
2023-12-19,90.67,90.839,89.428,90.275,54039.0,83814489.0,15.58,15.61,15.36,15.51,True,千禾味业,False
2023-12-20,90.783,90.896,88.299,88.299,69984.0,106095744.0,15.6,15.62,15.16,15.16,True,千禾味业,False
2023-12-21,87.96,90.388,87.565,89.936,83900.0,129625500.0,15.1,15.53,15.03,15.45,True,千禾味业,False
2023-12-22,89.879,90.388,88.638,89.089,76763.0,117447390.0,15.44,15.53,15.22,15.3,True,千禾味业,False
2023-12-25,89.033,90.444,88.863,90.388,67347.0,104589891.0,15.29,15.54,15.26,15.53,True,千禾味业,False
2023-12-26,90.331,90.331,88.638,89.71,53216.0,82005856.0,15.52,15.52,15.22,15.41,True,千禾味业,False
2023-12-27,89.597,90.896,88.525,90.726,59142.0,92202378.0,15.39,15.62,15.2,15.59,True,千禾味业,False
2023-12-28,90.726,94.565,90.162,94.282,165358.0,268210676.0,15.59,16.27,15.49,16.22,True,千禾味业,False
2023-12-29,94.057,94.903,93.605,94.0,102068.0,165043956.00000003,16.18,16.33,16.1,16.17,True,千禾味业,False
2024-01-02,94.0,94.0,91.629,92.42,85942.0,136561838.0,16.17,16.17,15.75,15.89,True,千禾味业,False
2024-01-03,92.25,92.758,90.839,91.629,76187.0,119994525.0,15.86,15.95,15.61,15.75,True,千禾味业,False
2024-01-04,91.912,91.968,89.428,89.879,85433.0,131908552.0,15.8,15.81,15.36,15.44,True,千禾味业,False
2024-01-05,89.597,90.726,88.13,88.525,77561.0,117892720.0,15.39,15.59,15.13,15.2,True,千禾味业,False
2024-01-08,88.525,88.638,85.872,85.872,113139.0,166653747.0,15.2,15.22,14.73,14.73,True,千禾味业,False
2024-01-09,85.928,87.622,85.42,86.831,82914.0,123541860.0,14.74,15.04,14.65,14.9,True,千禾味业,False
2024-01-10,86.718,90.275,85.815,89.597,121418.0,186862302.0,14.88,15.51,14.72,15.39,True,千禾味业,False
2024-01-11,89.089,90.726,88.694,89.767,74848.0,115415616.0,15.3,15.59,15.23,15.42,True,千禾味业,False
2024-01-12,89.767,91.46,89.315,90.218,75339.0,116775450.0,15.42,15.72,15.34,15.5,True,千禾味业,False
2024-01-15,89.654,90.444,89.371,89.597,45971.0,70749369.0,15.4,15.54,15.35,15.39,True,千禾味业,False
2024-01-16,89.089,90.557,88.807,90.557,55683.0,86642748.0,15.3,15.56,15.25,15.56,True,千禾味业,False
2024-01-17,90.5,90.5,87.452,87.509,72874.0,109456748.0,15.55,15.55,15.01,15.02,True,千禾味业,False
2024-01-18,86.888,88.807,85.702,88.694,99578.0,151657294.0,14.91,15.25,14.7,15.23,True,千禾味业,False
2024-01-19,88.694,89.089,87.96,88.299,49869.0,75601404.0,15.23,15.3,15.1,15.16,True,千禾味业,False
2024-01-22,87.565,88.017,82.598,83.332,121771.0,173888988.0,15.03,15.11,14.15,14.28,True,千禾味业,False
2024-01-23,83.332,84.63,81.751,83.896,94451.0,135820538.0,14.28,14.51,14.0,14.38,True,千禾味业,False
2024-01-24,84.912,87.226,82.372,85.251,100916.0,147539192.0,14.56,14.97,14.11,14.62,True,千禾味业,False
2024-01-25,84.517,87.001,83.614,86.775,113951.0,169673039.0,14.49,14.93,14.33,14.89,True,千禾味业,False
2024-01-26,87.452,89.202,86.606,87.622,134434.0,202188736.0,15.01,15.32,14.86,15.04,True,千禾味业,False
2024-01-29,87.678,88.243,85.081,86.097,110953.0,163877581.0,15.05,15.15,14.59,14.77,True,千禾味业,False
2024-01-30,85.138,85.589,82.485,82.598,91972.0,130140380.0,14.6,14.68,14.13,14.15,True,千禾味业,False
2024-01-31,82.09,83.557,81.074,81.695,90944.0,127230656.0,14.06,14.32,13.88,13.99,True,千禾味业,False
2024-02-01,81.638,82.823,80.114,81.187,86380.0,120068200.0,13.98,14.19,13.71,13.9,True,千禾味业,False
2024-02-02,81.243,83.614,78.929,81.412,119429.0,166484026.0,13.91,14.33,13.5,13.94,True,千禾味业,False
2024-02-05,81.187,82.485,75.88,80.058,154345.0,211452650.0,13.9,14.13,12.96,13.7,True,千禾味业,False
2024-02-06,78.364,85.985,78.364,85.589,172110.0,252657480.0,13.4,14.75,13.4,14.68,True,千禾味业,False
2024-02-07,85.194,90.388,85.138,89.428,172685.0,265244160.0,14.61,15.53,14.6,15.36,True,千禾味业,False
2024-02-08,89.71,92.645,88.412,89.089,159321.0,243761130.0,15.41,15.93,15.18,15.3,True,千禾味业,False
2024-02-19,90.105,90.557,87.509,88.468,152149.0,231114331.0,15.48,15.56,15.02,15.19,True,千禾味业,False
2024-02-20,87.734,88.581,86.154,87.339,160430.0,240484570.0,15.06,15.21,14.78,14.99,True,千禾味业,False
2024-02-21,86.662,92.871,85.985,90.839,253198.0,395242078.0,14.87,15.97,14.75,15.61,True,千禾味业,False
2024-02-22,90.049,91.234,89.428,91.008,139481.0,218148284.0,15.47,15.68,15.36,15.64,True,千禾味业,False
2024-02-23,90.726,91.629,89.767,90.839,127169.0,198510809.0,15.59,15.75,15.42,15.61,True,千禾味业,False
2024-02-26,90.557,93.436,89.089,91.686,157224.0,247785024.0,15.56,16.07,15.3,15.76,True,千禾味业,False
2024-02-27,90.613,92.194,90.331,92.194,155930.0,247149050.0,15.57,15.85,15.52,15.85,True,千禾味业,False
2024-02-28,92.25,95.016,90.388,90.67,211975.0,330257050.0,15.86,16.35,15.53,15.58,True,千禾味业,False
2024-02-29,90.331,92.081,90.218,92.025,125299.0,198223018.0,15.52,15.83,15.5,15.82,True,千禾味业,False
2024-03-01,91.855,92.363,90.67,91.912,133953.0,211645740.0,15.79,15.88,15.58,15.8,True,千禾味业,False
2024-03-04,92.928,92.928,90.5,91.404,119384.0,187552264.0,15.98,15.98,15.55,15.71,True,千禾味业,False
2024-03-05,90.613,91.573,89.992,91.234,96685.0,151602080.0,15.57,15.74,15.46,15.68,True,千禾味业,False
2024-03-06,90.952,91.46,89.484,89.767,92958.0,143341236.0,15.63,15.72,15.37,15.42,True,千禾味业,False
2024-03-07,89.936,90.5,88.412,88.412,76219.0,115700442.0,15.45,15.55,15.18,15.18,True,千禾味业,False
2024-03-08,88.186,88.863,86.888,87.847,80610.0,121559880.0,15.14,15.26,14.91,15.08,True,千禾味业,False
2024-03-11,87.847,91.291,87.396,91.234,153270.0,240327360.0,15.08,15.69,15.0,15.68,True,千禾味业,False
2024-03-12,91.912,95.186,91.008,94.96,237722.0,388437748.0,15.8,16.38,15.64,16.34,True,千禾味业,False
2024-03-13,94.678,95.919,93.436,93.774,145913.0,235357669.0,16.29,16.51,16.07,16.13,True,千禾味业,False
2024-03-14,94.0,95.976,93.718,94.113,123545.0,200019355.00000003,16.17,16.52,16.12,16.19,True,千禾味业,False
2024-03-15,93.831,95.919,93.605,94.79,138800.0,226382800.0,16.14,16.51,16.1,16.31,True,千禾味业,False
2024-03-18,95.299,99.024,93.718,98.742,212884.0,357858004.0,16.2,16.86,15.92,16.81,True,千禾味业,False
2024-03-19,98.572,99.701,97.669,98.855,127761.0,215021763.0,16.78,16.98,16.62,16.83,True,千禾味业,False
2024-03-20,98.798,100.605,98.403,100.097,118932.0,202779060.0,16.82,17.14,16.75,17.05,True,千禾味业,False
2024-03-21,100.435,103.145,99.814,101.846,166702.0,289394672.0,17.11,17.59,17.0,17.36,True,千禾味业,False
2024-03-22,101.79,101.79,98.29,98.968,184164.0,310316340.0,17.35,17.35,16.73,16.85,True,千禾味业,False
2024-03-25,97.613,100.661,97.613,99.024,105072.0,177151392.0,16.61,17.15,16.61,16.86,True,千禾味业,False
2024-03-26,99.024,101.734,98.403,101.169,126626.0,218303224.0,16.86,17.34,16.75,17.24,True,千禾味业,False
2024-03-27,101.226,103.371,99.645,99.701,147034.0,249663732.0,17.25,17.63,16.97,16.98,True,千禾味业,False
2024-03-28,99.814,100.661,98.46,99.193,107306.0,181239834.0,17.0,17.15,16.76,16.89,True,千禾味业,False
2024-03-29,99.024,100.435,98.347,99.645,67230.0,114089310.0,16.86,17.11,16.74,16.97,True,千禾味业,False
2024-04-01,99.645,101.903,99.589,100.943,88121.0,151568120.0,16.97,17.37,16.96,17.2,True,千禾味业,False
2024-04-02,100.661,101.508,99.193,100.379,91267.0,156066570.0,17.15,17.3,16.89,17.1,True,千禾味业,False
2024-04-03,100.379,102.467,99.814,102.072,98573.0,171517020.0,17.1,17.47,17.0,17.4,True,千禾味业,False
2024-04-08,101.79,101.79,98.911,98.968,114079.0,192223115.00000003,17.35,17.35,16.84,16.85,True,千禾味业,False
2024-04-09,98.855,100.097,97.444,99.701,63668.0,108108264.0,16.83,17.05,16.58,16.98,True,千禾味业,False
2024-04-10,99.476,100.322,98.121,98.798,64028.0,107695096.0,16.94,17.09,16.7,16.82,True,千禾味业,False
2024-04-11,98.234,99.419,97.444,97.782,81637.0,135843968.0,16.72,16.93,16.58,16.64,True,千禾味业,False
2024-04-12,97.726,99.589,96.992,97.444,70752.0,117306816.0,16.63,16.96,16.5,16.58,True,千禾味业,False
2024-04-15,97.5,99.419,96.484,97.782,100778.0,167694592.0,16.59,16.93,16.41,16.64,True,千禾味业,False
2024-04-16,98.008,98.629,95.919,96.823,109226.0,179895222.0,16.68,16.79,16.31,16.47,True,千禾味业,False
2024-04-17,97.556,98.403,95.073,96.315,124616.0,204121008.0,16.6,16.75,16.16,16.38,True,千禾味业,False
2024-04-18,95.355,97.895,94.226,96.258,127723.0,209082551.0,16.21,16.66,16.01,16.37,True,千禾味业,False
2024-04-19,95.581,96.597,94.96,96.54,64473.0,105864666.0,16.25,16.43,16.14,16.42,True,千禾味业,False
2024-04-22,96.879,100.548,96.54,99.927,156084.0,265654968.0,16.48,17.13,16.42,17.02,True,千禾味业,False
2024-04-23,99.814,100.379,98.347,98.911,87183.0,146816172.0,17.0,17.1,16.74,16.84,True,千禾味业,False
2024-04-24,100.209,100.379,94.226,97.161,179069.0,296001057.0,17.07,17.1,16.01,16.53,True,千禾味业,False
2024-04-25,96.315,97.161,95.355,95.863,82062.0,133761060.0,16.38,16.53,16.21,16.3,True,千禾味业,False
2024-04-26,95.411,97.444,95.073,96.54,107296.0,176180032.00000003,16.22,16.58,16.16,16.42,True,千禾味业,False
2024-04-29,96.597,99.363,96.145,99.306,146351.0,247479541.0,16.43,16.92,16.35,16.91,True,千禾味业,False
2024-04-30,94.79,95.411,90.275,91.291,488965.0,757406785.0,16.11,16.22,15.31,15.49,True,千禾味业,False
2024-05-06,91.742,96.992,91.742,96.202,368917.0,603548212.0,15.57,16.5,15.57,16.36,True,千禾味业,False
2024-05-07,98.121,101.79,97.895,101.113,317448.0,546962904.0,16.7,17.35,16.66,17.23,True,千禾味业,False
2024-05-08,101.395,101.677,98.968,98.968,131778.0,222045930.00000003,17.28,17.33,16.85,16.85,True,千禾味业,False
2024-05-09,98.685,101.113,98.234,100.153,117128.0,199820368.0,16.8,17.23,16.72,17.06,True,千禾味业,False
2024-05-10,100.379,101.056,98.685,99.419,94852.0,160584436.0,17.1,17.22,16.8,16.93,True,千禾味业,False
2024-05-13,98.742,98.968,96.766,96.935,115244.0,190037356.0,16.81,16.85,16.46,16.49,True,千禾味业,False
2024-05-14,97.5,97.726,95.581,96.71,114195.0,187850775.0,16.59,16.63,16.25,16.45,True,千禾味业,False
2024-05-15,96.71,96.71,94.96,95.129,77367.0,125102439.0,16.45,16.45,16.14,16.17,True,千禾味业,False
2024-05-16,95.186,95.694,92.871,95.242,125066.0,202481854.00000003,16.18,16.27,15.77,16.19,True,千禾味业,False
2024-05-17,94.734,96.597,94.282,96.597,100727.0,165494461.0,16.1,16.43,16.02,16.43,True,千禾味业,False
2024-05-20,96.653,98.911,96.484,98.347,146082.0,244541268.0,16.44,16.84,16.41,16.74,True,千禾味业,False
2024-05-21,98.403,99.363,96.71,97.556,85444.0,141837040.0,16.75,16.92,16.45,16.6,True,千禾味业,False
2024-05-22,97.613,98.008,95.919,96.54,92619.0,152080398.00000003,16.61,16.68,16.31,16.42,True,千禾味业,False
2024-05-23,96.315,96.315,93.944,94.339,80552.0,129124856.0,16.38,16.38,15.96,16.03,True,千禾味业,False
2024-05-24,93.887,94.282,92.815,92.815,70882.0,111710032.0,15.95,16.02,15.76,15.76,True,千禾味业,False
2024-05-27,92.476,93.436,91.855,93.266,66946.0,106042464.0,15.7,15.87,15.59,15.84,True,千禾味业,False
2024-05-28,93.21,93.379,91.347,91.573,66950.0,104040300.0,15.83,15.86,15.5,15.54,True,千禾味业,False
2024-05-29,91.573,92.137,90.613,91.121,54349.0,84023554.0,15.54,15.64,15.37,15.46,True,千禾味业,False
2024-05-30,91.008,91.065,89.371,89.767,58859.0,89583398.0,15.44,15.45,15.15,15.22,True,千禾味业,False
2024-05-31,89.823,90.613,89.823,90.275,38916.0,59580396.0,15.23,15.37,15.23,15.31,True,千禾味业,False
2024-06-03,90.105,90.162,87.396,88.13,116149.0,173410457.0,15.28,15.29,14.8,14.93,True,千禾味业,False
2024-06-04,88.073,91.234,87.565,91.121,109404.0,169138584.0,14.92,15.48,14.83,15.46,True,千禾味业,False
2024-06-05,91.178,91.912,89.767,89.992,67416.0,102876816.0,15.47,15.6,15.22,15.26,True,千禾味业,False
2024-06-06,89.823,90.5,88.412,88.807,59433.0,89446665.0,15.23,15.35,14.98,15.05,True,千禾味业,False
2024-06-07,89.371,89.597,86.267,87.396,105730.0,156480400.0,15.15,15.19,14.6,14.8,True,千禾味业,False
2024-06-11,87.396,88.525,86.549,88.412,64795.0,95119060.0,14.5,14.7,14.35,14.68,True,千禾味业,False
2024-06-12,88.243,88.976,87.509,87.734,50900.0,74110400.0,14.65,14.78,14.52,14.56,True,千禾味业,False
2024-06-13,88.017,88.186,86.662,87.734,59864.0,87161984.0,14.61,14.64,14.37,14.56,True,千禾味业,False
2024-06-14,87.509,88.694,86.944,88.468,57146.0,83947474.0,14.52,14.73,14.42,14.69,True,千禾味业,False
2024-06-17,87.678,88.751,87.452,88.468,36746.0,53979874.0,14.55,14.74,14.51,14.69,True,千禾味业,False
2024-06-18,88.412,89.71,88.017,88.299,70993.0,104075738.0,14.68,14.91,14.61,14.66,True,千禾味业,False
2024-06-19,88.468,88.694,86.38,86.436,73272.0,104998776.0,14.69,14.73,14.32,14.33,True,千禾味业,False
2024-06-20,86.21,86.662,84.686,84.969,68308.0,96109356.0,14.29,14.37,14.02,14.07,True,千禾味业,False
2024-06-21,84.404,85.364,83.727,84.404,59524.0,83155028.0,13.97,14.14,13.85,13.97,True,千禾味业,False
2024-06-24,83.444,84.856,82.598,83.557,66349.0,91694318.0,13.8,14.05,13.65,13.82,True,千禾味业,False
2024-06-25,83.501,84.46,82.88,83.444,67589.0,93272820.0,13.81,13.98,13.7,13.8,True,千禾味业,False
2024-06-26,82.936,85.364,82.767,85.251,82572.0,116591664.0,13.71,14.14,13.68,14.12,True,千禾味业,False
2024-06-27,84.517,84.799,81.751,82.541,99416.0,135603424.0,13.99,14.04,13.5,13.64,True,千禾味业,False
2024-06-28,82.315,82.823,80.17,80.622,139017.0,184892610.0,13.6,13.69,13.22,13.3,True,千禾味业,False
2024-07-01,80.058,82.767,79.832,82.033,103221.0,139864455.0,13.2,13.68,13.16,13.55,True,千禾味业,False
2024-07-02,82.033,82.033,80.904,81.187,68036.0,91168240.0,13.55,13.55,13.35,13.4,True,千禾味业,False
2024-07-03,81.243,81.751,80.678,80.904,47544.0,63471240.0,13.41,13.5,13.31,13.35,True,千禾味业,False
2024-07-04,80.848,81.13,78.985,79.267,65342.0,85336652.0,13.34,13.39,13.01,13.06,True,千禾味业,False
2024-07-05,79.098,80.001,78.421,79.662,53305.0,69989465.0,13.03,13.19,12.91,13.13,True,千禾味业,False
2024-07-08,79.38,79.606,76.953,77.009,104735.0,132594510.0,13.08,13.12,12.65,12.66,True,千禾味业,False
2024-07-09,77.292,78.646,76.727,78.195,72558.0,93382146.0,12.71,12.95,12.61,12.87,True,千禾味业,False
2024-07-10,77.856,79.041,76.953,78.308,68068.0,87739652.0,12.81,13.02,12.65,12.89,True,千禾味业,False
2024-07-11,79.211,80.735,78.929,80.566,97307.0,129321003.0,13.05,13.32,13.0,13.29,True,千禾味业,False
2024-07-12,80.791,81.356,80.114,81.074,59185.0,79189530.0,13.33,13.43,13.21,13.38,True,千禾味业,False
2024-07-15,81.074,81.074,79.945,80.34,44681.0,59202325.0,13.38,13.38,13.18,13.25,True,千禾味业,False
2024-07-16,80.058,80.622,79.775,80.058,38624.0,50983680.0,13.2,13.3,13.15,13.2,True,千禾味业,False
2024-07-17,80.283,82.767,79.662,82.372,101362.0,137953682.0,13.24,13.68,13.13,13.61,True,千禾味业,False
2024-07-18,81.92,82.88,81.582,82.146,75630.0,102629910.0,13.53,13.7,13.47,13.57,True,千禾味业,False
2024-07-19,81.751,85.081,81.356,84.573,122925.0,172095000.0,13.5,14.09,13.43,14.0,True,千禾味业,False
2024-07-22,84.573,84.573,82.428,82.88,88690.0,121505300.0,14.0,14.0,13.62,13.7,True,千禾味业,False
2024-07-23,82.88,82.936,79.493,79.55,98189.0,128725779.0,13.7,13.71,13.1,13.11,True,千禾味业,False
2024-07-24,79.38,80.058,78.59,78.816,62119.0,80630462.0,13.08,13.2,12.94,12.98,True,千禾味业,False
2024-07-25,78.477,80.17,78.138,79.437,63097.0,82593973.0,12.92,13.22,12.86,13.09,True,千禾味业,False
2024-07-26,79.775,81.751,79.437,81.412,67602.0,90857088.0,13.15,13.5,13.09,13.44,True,千禾味业,False
2024-07-29,81.243,81.582,79.662,79.719,58333.0,76649562.0,13.41,13.47,13.13,13.14,True,千禾味业,False
2024-07-30,79.493,80.283,78.816,79.38,53245.0,69644460.0,13.1,13.24,12.98,13.08,True,千禾味业,False
2024-07-31,79.38,83.219,78.703,82.993,126869.0,174064268.0,13.08,13.76,12.96,13.72,True,千禾味业,False
2024-08-01,82.88,83.332,81.582,81.92,61012.0,82549236.0,13.7,13.78,13.47,13.53,True,千禾味业,False
2024-08-02,81.243,83.332,81.074,82.09,66334.0,89948904.0,13.41,13.78,13.38,13.56,True,千禾味业,False
2024-08-05,81.92,85.251,81.582,83.444,173513.0,239447940.0,13.53,14.12,13.47,13.8,True,千禾味业,False
2024-08-06,83.952,85.928,83.727,84.856,105470.0,148185350.0,13.89,14.24,13.85,14.05,True,千禾味业,False
2024-08-07,84.573,84.686,83.162,84.065,72370.0,100666670.0,14.0,14.02,13.75,13.91,True,千禾味业,False
2024-08-08,83.952,86.944,83.219,85.928,109864.0,156446336.0,13.89,14.42,13.76,14.24,True,千禾味业,False
2024-08-09,85.985,86.21,84.348,84.348,77364.0,108000144.0,14.25,14.29,13.96,13.96,True,千禾味业,False
2024-08-12,84.291,84.969,83.557,83.896,46463.0,64490644.0,13.95,14.07,13.82,13.88,True,千禾味业,False
2024-08-13,84.63,84.969,82.315,83.275,49654.0,68373558.0,14.01,14.07,13.6,13.77,True,千禾味业,False
2024-08-14,82.88,82.88,81.638,82.598,41798.0,57054270.0,13.7,13.7,13.48,13.65,True,千禾味业,False
2024-08-15,82.033,83.952,81.864,83.106,50878.0,69906372.0,13.55,13.89,13.52,13.74,True,千禾味业,False
2024-08-16,82.598,83.557,81.977,82.88,43008.0,58920960.0,13.65,13.82,13.54,13.7,True,千禾味业,False
2024-08-19,82.823,84.404,82.033,82.315,43520.0,59187200.0,13.69,13.97,13.55,13.6,True,千禾味业,False
2024-08-20,81.864,82.428,80.678,81.074,39257.0,52525866.0,13.52,13.62,13.31,13.38,True,千禾味业,False
2024-08-21,80.622,81.469,80.34,80.622,28591.0,38026030.0,13.3,13.45,13.25,13.3,True,千禾味业,False
2024-08-22,80.848,81.017,78.929,79.211,56243.0,73397115.0,13.34,13.37,13.0,13.05,True,千禾味业,False
2024-08-23,79.098,79.945,78.533,79.041,41122.0,53540844.0,13.03,13.18,12.93,13.02,True,千禾味业,False
2024-08-26,79.324,79.437,77.63,78.364,56848.0,73333920.0,13.07,13.09,12.77,12.9,True,千禾味业,False
2024-08-27,78.251,78.59,77.292,78.138,45145.0,58056470.0,12.88,12.94,12.71,12.86,True,千禾味业,False
2024-08-28,78.138,78.195,77.292,77.8,35006.0,44807680.0,12.86,12.87,12.71,12.8,True,千禾味业,False
2024-08-29,77.687,79.662,77.461,78.477,66349.0,85722908.0,12.78,13.13,12.74,12.92,True,千禾味业,False
2024-08-30,78.477,82.203,77.8,81.582,147264.0,198364608.0,12.92,13.58,12.8,13.47,True,千禾味业,False
2024-09-02,77.009,77.235,73.961,74.356,376953.0,459505707.0,12.66,12.7,12.12,12.19,True,千禾味业,False
2024-09-03,73.002,73.566,71.477,72.494,250517.0,297113162.0,11.95,12.05,11.68,11.86,True,千禾味业,False
2024-09-04,71.873,72.155,68.429,69.276,255865.0,288871585.0,11.75,11.8,11.14,11.29,True,千禾味业,False
2024-09-05,69.163,70.066,68.655,69.332,155820.0,176076600.0,11.27,11.43,11.18,11.3,True,千禾味业,False
2024-09-06,69.332,69.389,67.978,67.978,110102.0,121772812.0,11.3,11.31,11.06,11.06,True,千禾味业,False
2024-09-09,67.357,67.357,65.042,66.51,229887.0,248277960.00000003,10.95,10.95,10.54,10.8,True,千禾味业,False
2024-09-10,66.228,66.566,64.929,65.607,121599.0,129381336.0,10.75,10.81,10.52,10.64,True,千禾味业,False
2024-09-11,65.381,66.228,64.817,65.72,107602.0,114703732.0,10.6,10.75,10.5,10.66,True,千禾味业,False
2024-09-12,65.72,66.171,63.405,63.405,173314.0,177646850.0,10.66,10.74,10.25,10.25,True,千禾味业,False
2024-09-13,63.236,63.518,61.43,61.768,186633.0,185886468.00000003,10.22,10.27,9.9,9.96,True,千禾味业,False
2024-09-18,61.43,62.164,61.147,61.486,116263.0,115216633.0,9.9,10.03,9.85,9.91,True,千禾味业,False
2024-09-19,61.881,65.607,61.881,65.042,284820.0,300200280.0,9.98,10.64,9.98,10.54,True,千禾味业,False
2024-09-20,64.534,66.284,63.857,65.55,195408.0,207718704.00000003,10.45,10.76,10.33,10.63,True,千禾味业,False
2024-09-23,65.55,66.171,64.817,65.212,86130.0,91039410.0,10.63,10.74,10.5,10.57,True,千禾味业,False
2024-09-24,65.776,67.526,64.76,67.47,222686.0,244286542.0,10.67,10.98,10.49,10.97,True,千禾味业,False
2024-09-25,68.034,68.824,66.397,66.679,250285.0,271058655.0,11.07,11.21,10.78,10.83,True,千禾味业,False
2024-09-26,66.679,72.776,66.397,72.776,399556.0,475871196.0,10.83,11.91,10.78,11.91,True,千禾味业,False
2024-09-27,75.203,78.251,74.243,77.461,315399.0,401818326.0,12.34,12.88,12.17,12.74,True,千禾味业,False
2024-09-30,82.259,84.63,80.058,84.63,446406.0,625414806.0,13.59,14.01,13.2,14.01,True,千禾味业,False
2024-10-08,92.533,92.533,82.203,86.662,618076.0,888175212.0,15.41,15.41,13.58,14.37,True,千禾味业,False
2024-10-09,84.573,84.573,78.533,78.533,412171.0,532937103.0,14.0,14.0,12.93,12.93,True,千禾味业,False
2024-10-10,78.421,83.727,78.421,81.243,375959.0,504161019.0,12.91,13.85,12.91,13.41,True,千禾味业,False
2024-10-11,81.469,81.525,77.348,78.985,224042.0,291478642.0,13.45,13.46,12.72,13.01,True,千禾味业,False
2024-10-14,78.872,79.945,76.05,79.154,212182.0,276685328.0,12.99,13.18,12.49,13.04,True,千禾味业,False
2024-10-15,79.211,79.606,76.163,76.332,160452.0,201206808.0,13.05,13.12,12.51,12.54,True,千禾味业,False
2024-10-16,75.542,76.84,74.808,75.824,123731.0,154045095.0,12.4,12.63,12.27,12.45,True,千禾味业,False
2024-10-17,75.824,76.953,73.735,73.961,168572.0,204309264.0,12.45,12.65,12.08,12.12,True,千禾味业,False
2024-10-18,73.961,77.292,73.002,75.88,264832.0,329980672.0,12.12,12.71,11.95,12.46,True,千禾味业,False
2024-10-21,75.993,76.727,74.864,76.05,191684.0,239413316.0,12.48,12.61,12.28,12.49,True,千禾味业,False
2024-10-22,75.993,77.63,75.542,77.574,183050.0,233571800.0,12.48,12.77,12.4,12.76,True,千禾味业,False
2024-10-23,77.235,78.082,76.388,77.517,162622.0,207343050.0,12.7,12.85,12.55,12.75,True,千禾味业,False
2024-10-24,76.953,77.743,75.598,75.824,197780.0,246236100.0,12.65,12.79,12.41,12.45,True,千禾味业,False
2024-10-25,75.824,77.687,75.542,76.501,142969.0,179712033.0,12.45,12.78,12.4,12.57,True,千禾味业,False
2024-10-28,77.009,78.872,75.711,78.364,209356.0,270069240.0,12.66,12.99,12.43,12.9,True,千禾味业,False
2024-10-29,78.364,78.816,75.655,75.655,198860.0,246984120.0,12.9,12.98,12.42,12.42,True,千禾味业,False
2024-10-30,75.372,76.332,74.3,74.921,141579.0,174000591.0,12.37,12.54,12.18,12.29,True,千禾味业,False
2024-10-31,73.34,75.429,73.34,75.147,150594.0,185682402.0,12.01,12.38,12.01,12.33,True,千禾味业,False
2024-11-01,74.864,75.767,73.453,74.074,147804.0,179434056.0,12.28,12.44,12.03,12.14,True,千禾味业,False
2024-11-04,74.074,75.711,74.018,75.542,121337.0,150457880.0,12.14,12.43,12.13,12.4,True,千禾味业,False
2024-11-05,75.485,77.969,74.977,77.8,235968.0,302039040.0,12.39,12.83,12.3,12.8,True,千禾味业,False
2024-11-06,78.025,79.267,76.953,78.421,236754.0,305649414.0,12.84,13.06,12.65,12.91,True,千禾味业,False
2024-11-07,77.8,85.702,77.687,85.025,580469.0,817300352.0,12.8,14.2,12.78,14.08,True,千禾味业,False
2024-11-08,86.662,87.847,82.203,82.598,400210.0,546286650.0,14.37,14.58,13.58,13.65,True,千禾味业,False
2024-11-11,81.751,83.162,80.34,82.372,279276.0,380094636.0,13.5,13.75,13.25,13.61,True,千禾味业,False
2024-11-12,82.372,83.783,80.904,81.751,203042.0,274106700.0,13.61,13.86,13.35,13.5,True,千禾味业,False
2024-11-13,81.525,81.864,80.001,81.412,175772.0,236237568.0,13.46,13.52,13.19,13.44,True,千禾味业,False
2024-11-14,81.187,81.751,79.606,79.775,143690.0,188952350.0,13.4,13.5,13.12,13.15,True,千禾味业,False
2024-11-15,79.493,80.961,79.041,79.098,123667.0,161138101.0,13.1,13.36,13.02,13.03,True,千禾味业,False
2024-11-18,79.662,80.001,75.767,76.332,184685.0,231594990.0,13.13,13.19,12.44,12.54,True,千禾味业,False
2024-11-19,76.05,77.348,75.316,77.235,119331.0,151550370.0,12.49,12.72,12.36,12.7,True,千禾味业,False
2024-11-20,77.235,77.574,76.388,77.404,106305.0,135326265.0,12.7,12.76,12.55,12.73,True,千禾味业,False
2024-11-21,77.404,77.574,76.276,76.671,101399.0,127762740.0,12.73,12.76,12.53,12.6,True,千禾味业,False
2024-11-22,76.558,76.614,73.622,73.735,134333.0,162274264.0,12.58,12.59,12.06,12.08,True,千禾味业,False
2024-11-25,73.735,74.413,73.114,74.413,107550.0,131211000.0,12.08,12.2,11.97,12.2,True,千禾味业,False
2024-11-26,74.131,75.259,74.018,74.639,78480.0,96059520.0,12.15,12.35,12.13,12.24,True,千禾味业,False
2024-11-27,74.639,76.106,73.284,76.05,106592.0,133133408.0,12.24,12.5,12.0,12.49,True,千禾味业,False
2024-11-28,75.824,76.163,75.034,75.09,67103.0,82670896.0,12.45,12.51,12.31,12.32,True,千禾味业,False
2024-11-29,75.034,78.364,75.034,77.404,186105.0,236911665.0,12.31,12.9,12.31,12.73,True,千禾味业,False
2024-12-02,77.461,79.041,77.235,78.533,164199.0,212309307.0,12.74,13.02,12.7,12.93,True,千禾味业,False
2024-12-03,78.477,78.59,77.348,78.421,102976.0,132942016.0,12.92,12.94,12.72,12.91,True,千禾味业,False
2024-12-04,77.969,78.929,77.066,77.461,98055.0,124922070.0,12.83,13.0,12.67,12.74,True,千禾味业,False
2024-12-05,76.896,77.235,76.219,76.614,94742.0,119280178.0,12.64,12.7,12.52,12.59,True,千禾味业,False
2024-12-06,76.727,77.517,75.824,77.009,140688.0,178111008.0,12.61,12.75,12.45,12.66,True,千禾味业,False
2024-12-09,77.066,77.348,75.372,75.711,139268.0,173110124.0,12.67,12.72,12.37,12.43,True,千禾味业,False
2024-12-10,78.703,82.598,78.477,78.646,415901.0,538591795.0,12.96,13.65,12.92,12.95,True,千禾味业,False
2024-12-11,77.574,81.187,77.574,80.791,296467.0,395190511.0,12.76,13.4,12.76,13.33,True,千禾味业,False
2024-12-12,80.509,82.711,79.775,82.428,343383.0,467687646.0,13.28,13.67,13.15,13.62,True,千禾味业,False
2024-12-13,82.428,82.711,80.17,80.622,249133.0,331346890.0,13.62,13.67,13.22,13.3,True,千禾味业,False
2024-12-16,80.058,80.791,79.098,79.662,166501.0,218615813.0,13.2,13.33,13.03,13.13,True,千禾味业,False
2024-12-17,79.324,79.888,77.913,78.364,142745.0,184141050.0,13.07,13.17,12.82,12.9,True,千禾味业,False
2024-12-18,78.421,78.759,77.404,77.743,118851.0,152010429.0,12.91,12.97,12.73,12.79,True,千禾味业,False
2024-12-19,77.235,77.969,76.106,77.517,121397.0,154781175.0,12.7,12.83,12.5,12.75,True,千禾味业,False
2024-12-20,77.517,79.098,77.517,78.138,137217.0,176461062.0,12.75,13.03,12.75,12.86,True,千禾味业,False
2024-12-23,78.138,78.646,76.558,76.671,127679.0,160875540.0,12.86,12.95,12.58,12.6,True,千禾味业,False
2024-12-24,76.671,78.138,76.671,77.687,96675.0,123550650.0,12.6,12.86,12.6,12.78,True,千禾味业,False
2024-12-25,77.687,78.025,76.671,77.856,88184.0,112963704.0,12.78,12.84,12.6,12.81,True,千禾味业,False
2024-12-26,78.082,78.251,77.066,77.404,87310.0,111145630.0,12.85,12.88,12.67,12.73,True,千禾味业,False
2024-12-27,77.009,77.8,76.671,76.671,105396.0,132798960.0,12.66,12.8,12.6,12.6,True,千禾味业,False
2024-12-30,76.219,76.727,74.977,75.372,126097.0,155981989.0,12.52,12.61,12.3,12.37,True,千禾味业,False
2024-12-31,75.372,75.88,73.848,73.905,139442.0,168864262.0,12.37,12.46,12.1,12.11,True,千禾味业,False
2025-01-02,73.905,74.808,72.268,73.114,154323.0,184724631.0,12.11,12.27,11.82,11.97,True,千禾味业,False
2025-01-03,73.227,73.453,70.574,70.687,172980.0,199618920.0,11.99,12.03,11.52,11.54,True,千禾味业,False
2025-01-06,70.687,70.857,68.373,69.05,152973.0,172094625.0,11.54,11.57,11.13,11.25,True,千禾味业,False
2025-01-07,69.05,69.615,68.034,69.558,110357.0,125144838.0,11.25,11.35,11.07,11.34,True,千禾味业,False
2025-01-08,69.502,69.502,67.413,68.599,107381.0,119944577.0,11.33,11.33,10.96,11.17,True,千禾味业,False
2025-01-09,68.316,68.824,67.583,67.865,115024.0,126986496.0,11.12,11.21,10.99,11.04,True,千禾味业,False
2025-01-10,67.808,67.808,66.341,66.341,110403.0,118904031.0,11.03,11.03,10.77,10.77,True,千禾味业,False
2025-01-13,66.002,67.131,65.494,67.131,85419.0,93192129.0,10.71,10.91,10.62,10.91,True,千禾味业,False
2025-01-14,67.131,68.486,67.018,68.316,173035.0,192414920.0,10.91,11.15,10.89,11.12,True,千禾味业,False
2025-01-15,68.26,68.881,67.639,68.542,120880.0,134902080.0,11.11,11.22,11.0,11.16,True,千禾味业,False
2025-01-16,68.599,70.236,68.429,68.994,110692.0,124417808.0,11.17,11.46,11.14,11.24,True,千禾味业,False
2025-01-17,68.994,73.566,68.542,72.098,307044.0,362004876.0,11.24,12.05,11.16,11.79,True,千禾味业,False
2025-01-20,72.663,73.51,72.098,72.437,140175.0,166107375.0,11.89,12.04,11.79,11.85,True,千禾味业,False
2025-01-21,72.945,73.058,70.8,71.421,95869.0,111879123.0,11.94,11.96,11.56,11.67,True,千禾味业,False
2025-01-22,71.477,71.59,69.784,70.236,84438.0,96765948.0,11.68,11.7,11.38,11.46,True,千禾味业,False
2025-01-23,70.744,71.252,69.671,69.784,90314.0,102777332.0,11.55,11.64,11.36,11.38,True,千禾味业,False
2025-01-24,69.728,71.195,69.332,71.082,114613.0,133065693.0,11.37,11.63,11.3,11.61,True,千禾味业,False
2025-01-27,71.082,71.985,70.631,71.139,72010.0,83675620.0,11.61,11.77,11.53,11.62,True,千禾味业,False
2025-02-05,71.308,71.76,70.179,70.518,67970.0,78233470.0,11.65,11.73,11.45,11.51,True,千禾味业,False
2025-02-06,70.292,70.8,69.445,70.687,93964.0,108434456.0,11.47,11.56,11.32,11.54,True,千禾味业,False
2025-02-07,70.631,71.365,69.897,70.461,177992.0,204690800.0,11.53,11.66,11.4,11.5,True,千禾味业,False
2025-02-10,70.687,72.155,70.01,71.985,179372.0,211120844.0,11.54,11.8,11.42,11.77,True,千禾味业,False
2025-02-11,71.929,72.268,70.574,70.969,95395.0,110562805.0,11.76,11.82,11.52,11.59,True,千禾味业,False
2025-02-12,70.969,71.365,70.348,71.082,88878.0,103187358.0,11.59,11.66,11.48,11.61,True,千禾味业,False
2025-02-13,71.252,72.719,70.913,71.985,159861.0,188156397.0,11.64,11.9,11.58,11.77,True,千禾味业,False
2025-02-14,71.703,72.437,71.365,71.873,92782.0,109018850.0,11.72,11.85,11.66,11.75,True,千禾味业,False
2025-02-17,71.873,72.098,70.969,71.195,96405.0,112119015.0,11.75,11.79,11.59,11.63,True,千禾味业,False
2025-02-18,71.252,71.308,69.784,70.01,114511.0,130771562.0,11.64,11.65,11.38,11.42,True,千禾味业,False
2025-02-19,69.897,70.01,69.22,69.671,113126.0,128511136.0,11.4,11.42,11.28,11.36,True,千禾味业,False
2025-02-20,69.671,70.8,69.332,70.01,100110.0,114325620.0,11.36,11.56,11.3,11.42,True,千禾味业,False
2025-02-21,70.179,70.8,69.22,69.953,104975.0,119776475.0,11.45,11.56,11.28,11.41,True,千禾味业,False
2025-02-24,69.784,70.913,69.445,69.728,107163.0,121844331.0,11.38,11.58,11.32,11.37,True,千禾味业,False
2025-02-25,69.502,69.502,68.711,68.768,94967.0,106363040.0,11.33,11.33,11.19,11.2,True,千禾味业,False
2025-02-26,69.05,70.405,68.824,70.405,134088.0,154067112.0,11.25,11.49,11.21,11.49,True,千禾味业,False
2025-02-27,70.179,73.002,70.01,72.042,245921.0,289694938.0,11.45,11.95,11.42,11.78,True,千禾味业,False
2025-02-28,72.042,72.55,70.461,70.631,148995.0,171791235.0,11.78,11.87,11.5,11.53,True,千禾味业,False
2025-03-03,70.518,71.985,69.897,70.518,141303.0,162639753.0,11.51,11.77,11.4,11.51,True,千禾味业,False
2025-03-04,70.518,70.631,69.728,70.461,75679.0,87030850.0,11.51,11.53,11.37,11.5,True,千禾味业,False
2025-03-05,70.518,70.518,69.389,69.671,104273.0,118454128.0,11.51,11.51,11.31,11.36,True,千禾味业,False
2025-03-06,69.897,70.518,69.389,70.518,93040.0,107089040.0,11.4,11.51,11.31,11.51,True,千禾味业,False
2025-03-07,70.236,71.026,69.84,70.461,90002.0,103502300.0,11.46,11.6,11.39,11.5,True,千禾味业,False
2025-03-10,69.897,70.913,69.897,70.913,71970.0,83341260.0,11.4,11.58,11.4,11.58,True,千禾味业,False
2025-03-11,70.461,73.227,70.123,73.227,214254.0,256890546.0,11.5,11.99,11.44,11.99,True,千禾味业,False
2025-03-12,73.227,73.679,72.155,72.211,112787.0,133201447.0,11.99,12.07,11.8,11.81,True,千禾味业,False
2025-03-13,72.211,75.542,72.098,73.114,263946.0,315943362.0,11.81,12.4,11.79,11.97,True,千禾味业,False
2025-03-14,73.453,76.276,73.397,75.88,292783.0,364807618.0,12.03,12.53,12.02,12.46,True,千禾味业,False
2025-03-17,76.953,77.066,75.429,75.824,201748.0,251176260.0,12.65,12.67,12.38,12.45,True,千禾味业,False
2025-03-18,75.767,76.106,74.977,75.259,111721.0,137975435.0,12.44,12.5,12.3,12.35,True,千禾味业,False
2025-03-19,75.203,75.767,74.469,74.695,90549.0,110922525.0,12.34,12.44,12.21,12.25,True,千禾味业,False
2025-03-20,73.453,73.51,71.929,72.155,223144.0,263309920.00000003,12.03,12.04,11.76,11.8,True,千禾味业,False
2025-03-21,70.461,70.744,68.711,69.558,359130.0,407253420.0,11.5,11.55,11.19,11.34,True,千禾味业,False
2025-03-24,70.461,72.381,70.292,71.026,340115.0,394533400.0,11.5,11.84,11.47,11.6,True,千禾味业,False
2025-03-25,71.026,72.042,69.953,71.082,186288.0,216280368.0,11.6,11.78,11.41,11.61,True,千禾味业,False
2025-03-26,70.913,70.969,70.236,70.292,138906.0,159325182.0,11.58,11.59,11.46,11.47,True,千禾味业,False
2025-03-27,70.405,70.8,69.558,70.631,122116.0,140799748.0,11.49,11.56,11.34,11.53,True,千禾味业,False
2025-03-28,70.574,70.631,68.937,68.937,187152.0,210171696.0,11.52,11.53,11.23,11.23,True,千禾味业,False
2025-03-31,68.768,69.276,68.147,68.599,107881.0,120503077.0,11.2,11.29,11.09,11.17,True,千禾味业,False
2025-04-01,68.655,69.502,68.486,69.445,90579.0,102535428.0,11.18,11.33,11.15,11.32,True,千禾味业,False
2025-04-02,69.332,70.461,68.994,70.01,120457.0,137561894.0,11.3,11.5,11.24,11.42,True,千禾味业,False
2025-04-03,69.445,70.405,69.163,70.066,84489.0,96570927.0,11.32,11.49,11.27,11.43,True,千禾味业,False
2025-04-07,67.695,68.937,63.631,64.252,254810.0,265002400.0,11.01,11.23,10.29,10.4,True,千禾味业,False
2025-04-08,64.252,67.639,64.252,67.583,239457.0,263163243.0,10.4,11.0,10.4,10.99,True,千禾味业,False
2025-04-09,66.962,70.405,66.171,69.784,230620.0,262445560.00000003,10.88,11.49,10.74,11.38,True,千禾味业,False
2025-04-10,69.84,70.179,68.937,69.502,178385.0,202110205.0,11.39,11.45,11.23,11.33,True,千禾味业,False
2025-04-11,68.937,69.163,68.203,68.655,108171.0,120935178.0,11.23,11.27,11.1,11.18,True,千禾味业,False
2025-04-14,68.711,69.558,68.711,69.163,93216.0,105054432.0,11.19,11.34,11.19,11.27,True,千禾味业,False
2025-04-15,68.824,70.123,68.542,69.784,130852.0,148909576.0,11.21,11.44,11.16,11.38,True,千禾味业,False
2025-04-16,70.913,72.776,70.461,71.985,314005.0,369583885.0,11.58,11.91,11.5,11.77,True,千禾味业,False
2025-04-17,71.477,73.961,71.139,73.227,258174.0,309550626.0,11.68,12.12,11.62,11.99,True,千禾味业,False
2025-04-18,72.889,73.961,71.647,71.929,197992.0,232838592.0,11.93,12.12,11.71,11.76,True,千禾味业,False
2025-04-21,71.59,72.381,71.026,71.308,123910.0,144355150.0,11.7,11.84,11.6,11.65,True,千禾味业,False
2025-04-22,71.139,71.534,70.8,71.195,105674.0,122898862.0,11.62,11.69,11.56,11.63,True,千禾味业,False
2025-04-23,71.308,71.308,70.461,70.631,135390.0,156104670.0,11.65,11.65,11.5,11.53,True,千禾味业,False
2025-04-24,70.348,70.8,70.01,70.292,92375.0,105954125.0,11.48,11.56,11.42,11.47,True,千禾味业,False
2025-04-25,70.236,70.631,69.953,70.179,79923.0,91511835.0,11.46,11.53,11.41,11.45,True,千禾味业,False
2025-04-28,70.01,70.123,68.994,69.107,89715.0,101019090.0,11.42,11.44,11.24,11.26,True,千禾味业,False
2025-04-29,69.107,69.615,68.994,69.445,53250.0,60279000.0,11.26,11.35,11.24,11.32,True,千禾味业,False
2025-04-30,69.502,70.01,69.05,69.107,83595.0,94127970.0,11.33,11.42,11.25,11.26,True,千禾味业,False
2025-05-06,69.445,70.066,69.22,70.01,85894.0,98090948.0,11.32,11.43,11.28,11.42,True,千禾味业,False
2025-05-07,70.461,70.857,69.784,70.179,80410.0,92069450.0,11.5,11.57,11.38,11.45,True,千禾味业,False
2025-05-08,70.01,70.292,69.671,70.123,59627.0,68213288.0,11.42,11.47,11.36,11.44,True,千禾味业,False
2025-05-09,70.348,70.461,69.784,70.348,69054.0,79273992.0,11.48,11.5,11.38,11.48,True,千禾味业,False
2025-05-12,70.687,71.703,69.953,71.703,146580.0,171791760.0,11.54,11.72,11.41,11.72,True,千禾味业,False
2025-05-13,71.816,72.719,71.195,72.381,155902.0,184587968.0,11.74,11.9,11.63,11.84,True,千禾味业,False
2025-05-14,72.155,72.324,71.026,71.76,93517.0,109695441.0,11.8,11.83,11.6,11.73,True,千禾味业,False
2025-05-15,71.59,72.042,71.308,71.365,61717.0,71962022.0,11.7,11.78,11.65,11.66,True,千禾味业,False
2025-05-16,71.308,71.308,70.405,70.631,73634.0,84900002.0,11.65,11.65,11.49,11.53,True,千禾味业,False
2025-05-19,70.631,72.268,70.461,71.873,116130.0,136452750.0,11.53,11.82,11.5,11.75,True,千禾味业,False
2025-05-20,71.703,73.058,71.59,72.211,126741.0,149681121.0,11.72,11.96,11.7,11.81,True,千禾味业,False
2025-05-21,72.042,72.719,71.703,71.929,93550.0,110014800.0,11.78,11.9,11.72,11.76,True,千禾味业,False
2025-05-22,71.929,72.211,70.969,71.026,80336.0,93189760.0,11.76,11.81,11.59,11.6,True,千禾味业,False
2025-05-23,71.026,71.873,70.857,70.913,85596.0,99120168.0,11.6,11.75,11.57,11.58,True,千禾味业,False
2025-05-26,70.913,71.985,70.8,71.703,89415.0,104794380.0,11.58,11.77,11.56,11.72,True,千禾味业,False
2025-05-27,71.59,73.002,71.365,72.098,105607.0,124510653.0,11.7,11.95,11.66,11.79,True,千禾味业,False
2025-05-28,72.098,73.961,71.76,73.848,208972.0,252856120.0,11.79,12.12,11.73,12.1,True,千禾味业,False
2025-05-29,73.622,74.131,72.776,72.945,166916.0,199297704.0,12.06,12.15,11.91,11.94,True,千禾味业,False
2025-05-30,73.227,73.679,72.437,72.55,112216.0,133200392.0,11.99,12.07,11.85,11.87,True,千禾味业,False
2025-06-03,72.042,73.114,71.985,73.002,91416.0,109242120.0,11.78,11.97,11.77,11.95,True,千禾味业,False
2025-06-04,72.776,73.284,72.55,73.058,77221.0,92356316.0,11.91,12.0,11.87,11.96,True,千禾味业,False
2025-06-05,73.002,73.227,72.211,72.437,90424.0,107152440.0,11.95,11.99,11.81,11.85,True,千禾味业,False
2025-06-06,72.606,72.606,71.59,71.703,90552.0,106126944.0,11.88,11.88,11.7,11.72,True,千禾味业,False
2025-06-09,71.703,71.985,71.082,71.252,155528.0,181034592.0,11.72,11.77,11.61,11.64,True,千禾味业,False
2025-06-10,71.252,71.308,70.292,71.195,148717.0,172957871.0,11.64,11.65,11.47,11.63,True,千禾味业,False
2025-06-11,71.082,71.534,70.8,71.252,98503.0,114657492.0,11.61,11.69,11.56,11.64,True,千禾味业,False
2025-06-12,71.365,71.873,70.8,71.59,110546.0,129338820.0,11.66,11.75,11.56,11.7,True,千禾味业,False
2025-06-13,71.421,71.59,70.292,70.461,117826.0,135499900.0,11.67,11.7,11.47,11.5,True,千禾味业,False
2025-06-16,69.615,70.348,69.615,70.179,72755.0,83304475.0,11.35,11.48,11.35,11.45,True,千禾味业,False
2025-06-17,70.348,70.857,70.236,70.518,57531.0,66218181.0,11.48,11.57,11.46,11.51,True,千禾味业,False
2025-06-18,70.518,70.8,70.236,70.405,55977.0,64317573.0,11.51,11.56,11.46,11.49,True,千禾味业,False
2025-06-19,70.292,70.574,69.615,69.84,76174.0,86762186.0,11.47,11.52,11.35,11.39,True,千禾味业,False
2025-06-20,69.784,70.461,69.728,69.784,62683.0,71333254.0,11.38,11.5,11.37,11.38,True,千禾味业,False
2025-06-23,69.615,70.405,69.332,70.236,54056.0,61948176.00000001,11.35,11.49,11.3,11.46,True,千禾味业,False
2025-06-24,70.292,70.969,70.292,70.969,68284.0,79141156.0,11.47,11.59,11.47,11.59,True,千禾味业,False
2025-06-25,71.139,71.365,70.744,71.252,69483.0,80878212.0,11.62,11.66,11.55,11.64,True,千禾味业,False
2025-06-26,71.308,71.421,70.913,71.195,64938.0,75522894.0,11.65,11.67,11.58,11.63,True,千禾味业,False
2025-06-27,71.082,71.59,70.969,71.082,53104.0,61653744.0,11.61,11.7,11.59,11.61,True,千禾味业,False
2025-06-30,71.082,71.308,70.857,71.082,62692.0,72785412.0,11.61,11.65,11.57,11.61,True,千禾味业,False
2025-07-01,71.139,71.308,70.687,70.969,70576.0,81797584.0,11.62,11.65,11.54,11.59,True,千禾味业,False
2025-07-02,70.8,71.082,70.348,70.574,81809.0,94243968.0,11.56,11.61,11.48,11.52,True,千禾味业,False
2025-07-03,70.461,70.969,70.348,70.857,60107.0,69543799.0,11.5,11.59,11.48,11.57,True,千禾味业,False
2025-07-04,70.857,70.857,70.405,70.631,43692.0,50376876.0,11.57,11.57,11.49,11.53,True,千禾味业,False
2025-07-07,70.744,70.744,70.405,70.461,40015.0,46017250.0,11.55,11.55,11.49,11.5,True,千禾味业,False
2025-07-08,70.405,70.913,70.405,70.857,53736.0,62172552.0,11.49,11.58,11.49,11.57,True,千禾味业,False
2025-07-09,70.8,71.534,70.687,71.252,95738.0,111439032.0,11.56,11.69,11.54,11.64,True,千禾味业,False
2025-07-10,71.026,71.534,70.969,71.534,65005.0,75990845.0,11.6,11.69,11.59,11.69,True,千禾味业,False
2025-07-11,71.59,72.268,71.477,71.76,103328.0,121203744.0,11.7,11.82,11.68,11.73,True,千禾味业,False
2025-07-14,71.76,71.985,71.308,71.816,82034.0,96307916.0,11.73,11.77,11.65,11.74,True,千禾味业,False
2025-07-15,71.816,73.171,71.703,72.042,161178.0,189867684.0,11.74,11.98,11.72,11.78,True,千禾味业,False
2025-07-16,72.042,72.437,71.195,71.873,97131.0,114128925.0,11.78,11.85,11.63,11.75,True,千禾味业,False
2025-07-17,71.816,72.381,71.816,71.985,80785.0,95083945.0,11.74,11.84,11.74,11.77,True,千禾味业,False
2025-07-18,72.324,72.324,71.929,72.098,63738.0,75147102.0,11.83,11.83,11.76,11.79,True,千禾味业,False
2025-07-21,72.155,72.889,72.155,72.606,119249.0,141667812.0,11.8,11.93,11.8,11.88,True,千禾味业,False
2025-07-22,72.606,73.622,72.55,73.397,169546.0,203794292.0,11.88,12.06,11.87,12.02,True,千禾味业,False
2025-07-23,73.622,74.695,73.453,73.848,189566.0,229374860.0,12.06,12.25,12.03,12.1,True,千禾味业,False
2025-07-24,74.356,75.598,74.018,75.598,186514.0,231463874.0,12.19,12.41,12.13,12.41,True,千禾味业,False
2025-07-25,75.88,76.219,74.921,74.977,163617.0,201248910.0,12.46,12.52,12.29,12.3,True,千禾味业,False
2025-07-28,74.977,75.993,74.413,75.767,143968.0,179096192.0,12.3,12.48,12.2,12.44,True,千禾味业,False
2025-07-29,75.767,76.106,74.751,76.05,150389.0,187835861.0,12.44,12.5,12.26,12.49,True,千禾味业,False
2025-07-30,75.542,76.84,74.131,76.558,198088.0,239290304.0,11.9,12.13,11.65,12.08,True,千禾味业,False
2025-07-31,76.219,76.501,74.921,75.372,137466.0,163172142.0,12.02,12.07,11.79,11.87,True,千禾味业,False
2025-08-01,75.316,75.993,75.09,75.485,81544.0,96955816.0,11.86,11.98,11.82,11.89,True,千禾味业,False
2025-08-04,75.147,75.429,74.751,74.977,78996.0,93215280.0,11.83,11.88,11.76,11.8,True,千禾味业,False
2025-08-05,74.977,75.259,74.751,75.034,74396.0,87861676.0,11.8,11.85,11.76,11.81,True,千禾味业,False
2025-08-06,75.09,75.09,74.074,74.639,111872.0,131337728.0,11.82,11.82,11.64,11.74,True,千禾味业,False
2025-08-07,74.582,75.034,74.413,74.639,93238.0,109461412.0,11.73,11.81,11.7,11.74,True,千禾味业,False
2025-08-08,74.695,75.203,74.469,74.977,78612.0,92762160.0,11.75,11.84,11.71,11.8,True,千禾味业,False
2025-08-11,75.09,75.372,75.034,75.147,90196.0,106701868.0,11.82,11.87,11.81,11.83,True,千禾味业,False
2025-08-12,74.977,75.88,74.921,75.485,111776.0,132901664.0,11.8,11.96,11.79,11.89,True,千禾味业,False
2025-08-13,75.485,75.88,75.147,75.655,103005.0,122781960.0,11.89,11.96,11.83,11.92,True,千禾味业,False
2025-08-14,75.824,77.517,75.485,76.219,211643.0,254394886.0,11.95,12.25,11.89,12.02,True,千禾味业,False
2025-08-15,76.05,76.671,75.88,76.671,133224.0,161201040.0,11.99,12.1,11.96,12.1,True,千禾味业,False
2025-08-18,76.671,77.517,76.614,77.235,150187.0,183228140.0,12.1,12.25,12.09,12.2,True,千禾味业,False
2025-08-19,77.348,77.63,76.671,76.784,120837.0,146454444.0,12.22,12.27,12.1,12.12,True,千禾味业,False
2025-08-20,76.727,78.646,76.163,78.421,189881.0,235642321.0,12.11,12.45,12.01,12.41,True,千禾味业,False
2025-08-21,78.533,79.267,77.687,78.477,149944.0,186230448.0,12.43,12.56,12.28,12.42,True,千禾味业,False
2025-08-22,78.308,78.759,77.179,77.8,160181.0,197022630.0,12.39,12.47,12.19,12.3,True,千禾味业,False
2025-08-25,78.082,81.525,77.8,80.848,313620.0,402688080.0,12.35,12.96,12.3,12.84,True,千禾味业,False
2025-08-26,81.187,83.162,80.735,81.92,277833.0,362016399.0,12.9,13.25,12.82,13.03,True,千禾味业,False
2025-08-27,81.807,81.807,79.324,79.324,217385.0,273252945.0,13.01,13.01,12.57,12.57,True,千禾味业,False
2025-08-28,77.235,78.138,75.542,76.784,398743.0,483276516.0,12.2,12.36,11.9,12.12,True,千禾味业,False
2025-08-29,76.953,79.775,76.784,77.969,292433.0,360569889.0,12.15,12.65,12.12,12.33,True,千禾味业,False
2025-09-01,78.025,78.421,76.614,76.953,191744.0,232968960.0,12.34,12.41,12.09,12.15,True,千禾味业,False
2025-09-02,76.727,77.122,75.655,76.276,158601.0,190797003.0,12.11,12.18,11.92,12.03,True,千禾味业,False
2025-09-03,76.276,76.84,74.751,74.921,140014.0,165076506.0,12.03,12.13,11.76,11.79,True,千禾味业,False
2025-09-04,74.921,75.937,74.695,75.711,117549.0,140235957.0,11.79,11.97,11.75,11.93,True,千禾味业,False
2025-09-05,75.711,75.824,74.921,75.655,99596.0,118718432.0,11.93,11.95,11.79,11.92,True,千禾味业,False
2025-09-08,75.598,76.896,75.485,76.671,160804.0,194572840.0,11.91,12.14,11.89,12.1,True,千禾味业,False
2025-09-09,76.614,77.348,76.05,76.671,99505.0,120401050.0,12.09,12.22,11.99,12.1,True,千禾味业,False
2025-09-10,76.614,76.896,76.219,76.671,73812.0,89312520.0,12.09,12.14,12.02,12.1,True,千禾味业,False
2025-09-11,76.332,76.614,75.598,76.445,121771.0,146855826.0,12.04,12.09,11.91,12.06,True,千禾味业,False
2025-09-12,76.276,76.727,75.372,75.429,118537.0,140821956.0,12.03,12.11,11.87,11.88,True,千禾味业,False
2025-09-15,75.429,75.655,74.864,75.034,92663.0,109435003.0,11.88,11.92,11.78,11.81,True,千禾味业,False
2025-09-16,75.259,75.316,74.469,74.921,75993.0,89595747.0,11.85,11.86,11.71,11.79,True,千禾味业,False
2025-09-17,74.864,75.203,74.582,74.977,62583.0,73847940.0,11.78,11.84,11.73,11.8,True,千禾味业,False
2025-09-18,75.034,75.034,73.735,73.961,106394.0,123629828.0,11.81,11.81,11.58,11.62,True,千禾味业,False
2025-09-19,73.848,74.187,73.34,74.187,71901.0,83836566.0,11.6,11.66,11.51,11.66,True,千禾味业,False
2025-09-22,74.187,74.3,73.566,73.735,57639.0,66745962.0,11.66,11.68,11.55,11.58,True,千禾味业,False
2025-09-23,73.792,73.961,72.155,72.437,121111.0,137460985.0,11.59,11.62,11.3,11.35,True,千禾味业,False
2025-09-24,72.437,72.945,72.098,72.437,83672.0,94967720.0,11.35,11.44,11.29,11.35,True,千禾味业,False
2025-09-25,72.55,72.606,71.647,71.703,89201.0,100083522.0,11.37,11.38,11.21,11.22,True,千禾味业,False
2025-09-26,71.703,72.55,71.421,72.268,81064.0,91764448.0,11.22,11.37,11.17,11.32,True,千禾味业,False
2025-09-29,72.211,72.606,71.59,72.268,106217.0,120237644.0,11.31,11.38,11.2,11.32,True,千禾味业,False
2025-09-30,72.268,73.058,71.929,72.889,80642.0,92173806.0,11.32,11.46,11.26,11.43,True,千禾味业,False
2025-10-09,73.002,73.284,72.098,73.227,102436.0,117698964.0,11.45,11.5,11.29,11.49,True,千禾味业,False
2025-10-10,73.227,74.131,73.002,73.905,89761.0,104212521.0,11.49,11.65,11.45,11.61,True,千禾味业,False
2025-10-13,72.606,73.284,72.324,73.227,74623.0,85741827.0,11.38,11.5,11.33,11.49,True,千禾味业,False
2025-10-14,73.397,73.792,73.058,73.397,77771.0,89592192.0,11.52,11.59,11.46,11.52,True,千禾味业,False
2025-10-15,73.397,74.018,72.945,73.792,68603.0,79510877.0,11.52,11.63,11.44,11.59,True,千禾味业,False
2025-10-16,74.074,74.469,73.848,74.413,73787.0,86330790.0,11.64,11.71,11.6,11.7,True,千禾味业,False
2025-10-17,74.131,74.864,73.961,74.187,109741.0,127958006.0,11.65,11.78,11.62,11.66,True,千禾味业,False
2025-10-20,74.243,74.695,73.171,73.453,74169.0,85516857.0,11.67,11.75,11.48,11.53,True,千禾味业,False
2025-10-21,73.453,73.905,73.397,73.848,59858.0,69435280.0,11.53,11.61,11.52,11.6,True,千禾味业,False
2025-10-22,73.566,74.187,73.453,73.453,62670.0,72258510.0,11.55,11.66,11.53,11.53,True,千禾味业,False
2025-10-23,73.51,74.537,73.51,74.39,111852.0,99771984.0,8.8,8.94,8.8,8.92,True,千禾味业,False
2025-10-24,74.61,74.61,73.803,74.317,90358.0,80508978.0,8.95,8.95,8.84,8.91,True,千禾味业,False
2025-10-27,74.243,74.243,73.803,74.023,79990.0,70951130.0,8.9,8.9,8.84,8.87,True,千禾味业,False
2025-10-28,74.317,74.61,73.803,73.95,54513.0,48298518.0,8.91,8.95,8.84,8.86,True,千禾味业,False
2025-10-29,73.95,74.097,73.216,73.73,75048.0,66267384.0,8.86,8.88,8.76,8.83,True,千禾味业,False
2025-10-30,73.803,74.097,73.216,73.216,85730.0,75099480.0,8.84,8.88,8.76,8.76,True,千禾味业,False
2025-10-31,73.656,77.032,73.363,76.959,404481.0,374953887.0,8.82,9.28,8.78,9.27,True,千禾味业,False
2025-11-03,76.959,78.573,76.812,78.426,261738.0,247865886.00000003,9.27,9.49,9.25,9.47,True,千禾味业,False
2025-11-04,78.279,79.747,77.766,79.013,256320.0,244785600.00000003,9.45,9.65,9.38,9.55,True,千禾味业,False
2025-11-05,79.087,79.087,77.913,78.353,166220.0,157244120.0,9.56,9.56,9.4,9.46,True,千禾味业,False
2025-11-06,78.426,80.334,78.206,79.307,182468.0,174986812.0,9.47,9.73,9.44,9.59,True,千禾味业,False
2025-11-07,79.16,82.242,79.087,80.481,306160.0,298506000.0,9.57,9.99,9.56,9.75,True,千禾味业,False
2025-11-10,81.141,82.242,80.408,81.435,222839.0,220164932.00000003,9.84,9.99,9.74,9.88,True,千禾味业,False
2025-11-11,81.435,81.435,80.187,81.068,170716.0,167813828.0,9.88,9.88,9.71,9.83,True,千禾味业,False
2025-11-12,81.068,82.536,80.995,81.215,167083.0,164576755.0,9.83,10.03,9.82,9.85,True,千禾味业,False
2025-11-13,81.215,82.315,80.261,82.095,187612.0,187049164.0,9.85,10.0,9.72,9.97,True,千禾味业,False
2025-11-14,82.242,82.903,80.921,81.068,168768.0,165898944.0,9.99,10.08,9.81,9.83,True,千禾味业,False
2025-11-17,81.068,81.582,79.6,81.288,198136.0,195362096.0,9.83,9.9,9.63,9.86,True,千禾味业,False
2025-11-18,81.288,81.728,80.334,80.995,129539.0,127207298.0,9.86,9.92,9.73,9.82,True,千禾味业,False
2025-11-19,80.995,81.508,79.6,80.041,121589.0,117819741.0,9.82,9.89,9.63,9.69,True,千禾味业,False
2025-11-20,80.114,80.334,78.793,79.6,125191.0,120558933.0,9.7,9.73,9.52,9.63,True,千禾味业,False
2025-11-21,79.527,80.041,77.986,78.279,157941.0,149254245.0,9.62,9.69,9.41,9.45,True,千禾味业,False
2025-11-24,78.279,79.6,77.986,78.133,100998.0,95241114.0,9.45,9.63,9.41,9.43,True,千禾味业,False
2025-11-25,79.087,79.087,77.986,78.353,106497.0,100746162.0,9.56,9.56,9.41,9.46,True,千禾味业,False
2025-11-26,78.573,79.967,78.353,79.454,180593.0,173549873.0,9.49,9.68,9.46,9.61,True,千禾味业,False
2025-11-27,79.454,79.82,78.573,79.013,98176.0,93758080.0,9.61,9.66,9.49,9.55,True,千禾味业,False
2025-11-28,78.646,79.454,78.133,79.16,87022.0,83280054.0,9.5,9.61,9.43,9.57,True,千禾味业,False
2025-12-01,79.013,79.967,78.793,79.82,102760.0,99266160.0,9.55,9.68,9.52,9.66,True,千禾味业,False
2025-12-02,79.967,81.361,79.454,80.261,87351.0,84905172.0,9.68,9.87,9.61,9.72,True,千禾味业,False
2025-12-03,79.967,80.334,78.279,78.573,99023.0,93972827.0,9.68,9.73,9.45,9.49,True,千禾味业,False
2025-12-04,78.279,78.72,76.445,77.252,170766.0,158983146.0,9.45,9.51,9.2,9.31,True,千禾味业,False
2025-12-05,77.692,78.206,76.885,77.766,78702.0,73822476.0,9.37,9.44,9.26,9.38,True,千禾味业,False
2025-12-08,77.913,78.279,76.592,76.665,105016.0,96929768.0,9.4,9.45,9.22,9.23,True,千禾味业,False
2025-12-09,76.812,76.812,75.638,76.225,102738.0,94210746.0,9.25,9.25,9.09,9.17,True,千禾味业,False
2025-12-10,76.151,76.738,75.858,75.931,59826.0,54621138.00000001,9.16,9.24,9.12,9.13,True,千禾味业,False
2025-12-11,75.784,77.032,75.418,76.005,119184.0,108934176.0,9.11,9.28,9.06,9.14,True,千禾味业,False
2025-12-12,76.298,76.812,75.418,76.445,134981.0,124182520.0,9.18,9.25,9.06,9.2,True,千禾味业,False
2025-12-15,76.959,77.032,76.151,76.445,80342.0,73914640.0,9.27,9.28,9.16,9.2,True,千禾味业,False
2025-12-16,76.445,77.986,76.225,77.325,171307.0,159658124.0,9.2,9.41,9.17,9.32,True,千禾味业,False
2025-12-17,77.325,78.059,76.518,77.913,147635.0,138776900.0,9.32,9.42,9.21,9.4,True,千禾味业,False
2025-12-18,77.692,79.82,77.252,79.307,189479.0,181710361.0,9.37,9.66,9.31,9.59,True,千禾味业,False
2025-12-19,79.38,82.682,77.986,82.315,364195.0,364195000.0,9.6,10.05,9.41,10.0,True,千禾味业,False
2025-12-22,81.582,84.003,81.215,82.976,312634.0,315447706.0,9.9,10.23,9.85,10.09,True,千禾味业,False
2025-12-23,82.903,83.563,81.875,82.095,170563.0,170051311.0,10.08,10.17,9.94,9.97,True,千禾味业,False
2025-12-24,82.095,82.242,80.701,80.774,144105.0,141078795.0,9.97,9.99,9.78,9.79,True,千禾味业,False
2025-12-25,80.921,81.582,80.481,80.921,94561.0,92764341.0,9.81,9.9,9.75,9.81,True,千禾味业,False
2025-12-26,80.921,81.435,80.481,80.554,75634.0,73818784.0,9.81,9.88,9.75,9.76,True,千禾味业,False
2025-12-29,80.481,81.582,79.82,80.701,116044.0,113491032.0,9.75,9.9,9.66,9.78,True,千禾味业,False
2025-12-30,80.408,81.949,80.187,80.701,129464.0,126615792.0,9.74,9.95,9.71,9.78,True,千禾味业,False
2025-12-31,80.848,81.582,80.628,81.068,93050.0,91468150.0,9.8,9.9,9.77,9.83,True,千禾味业,False
2026-01-05,81.215,82.682,80.261,82.536,183123.0,183672369.0,9.85,10.05,9.72,10.03,True,千禾味业,False
2026-01-06,82.536,84.884,82.169,84.81,233624.0,241567216.0,10.03,10.35,9.98,10.34,True,千禾味业,False
2026-01-07,84.59,85.398,83.783,84.15,147658.0,151349450.0,10.31,10.42,10.2,10.25,True,千禾味业,False
2026-01-08,84.15,84.297,83.049,83.196,127706.0,129238472.0,10.25,10.27,10.1,10.12,True,千禾味业,False
2026-01-09,83.049,85.251,82.976,84.003,131883.0,134916309.0,10.1,10.4,10.09,10.23,True,千禾味业,False
2026-01-12,83.856,85.911,83.196,85.471,197044.0,205516892.0,10.21,10.49,10.12,10.43,True,千禾味业,False
2026-01-13,85.251,85.764,83.563,83.636,147641.0,150298538.0,10.4,10.47,10.17,10.18,True,千禾味业,False
2026-01-14,83.71,84.444,82.022,82.829,176022.0,177254154.0,10.19,10.29,9.96,10.07,True,千禾味业,False
2026-01-15,82.095,83.269,82.095,82.536,111611.0,111945833.0,9.97,10.13,9.97,10.03,True,千禾味业,False
2026-01-16,82.756,82.756,80.628,80.774,160448.0,157078592.0,10.06,10.06,9.77,9.79,True,千禾味业,False
2026-01-19,80.554,84.297,80.481,83.71,220892.0,225088948.0,9.76,10.27,9.75,10.19,True,千禾味业,False
2026-01-20,83.71,84.884,83.123,84.223,141519.0,145198494.0,10.19,10.35,10.11,10.26,True,千禾味业,False
2026-01-21,84.223,84.737,82.903,83.71,117736.0,119972984.0,10.26,10.33,10.08,10.19,True,千禾味业,False
2026-01-22,83.563,84.884,82.903,83.783,124001.0,126481020.0,10.17,10.35,10.08,10.2,True,千禾味业,False
2026-01-23,84.37,84.517,83.343,83.416,114551.0,116269265.0,10.28,10.3,10.14,10.15,True,千禾味业,False
2026-01-26,83.416,84.37,81.508,83.343,190160.0,192822240.0,10.15,10.28,9.89,10.14,True,千禾味业,False
2026-01-27,83.049,83.343,80.554,81.508,206426.0,204155314.0,10.1,10.14,9.76,9.89,True,千禾味业,False
2026-01-28,81.215,81.582,80.554,81.068,92006.0,90441898.0,9.85,9.9,9.76,9.83,True,千禾味业,False
2026-01-29,80.701,84.15,80.554,83.71,200464.0,204272816.0,9.78,10.25,9.76,10.19,True,千禾味业,False
2026-01-30,83.563,83.636,82.242,83.123,112009.0,113241099.0,10.17,10.18,9.99,10.11,True,千禾味业,False
2026-02-02,83.049,84.737,82.169,82.242,145399.0,145253601.0,10.1,10.33,9.98,9.99,True,千禾味业,False
2026-02-03,82.389,85.104,82.389,85.031,238835.0,247671895.0,10.01,10.38,10.01,10.37,True,千禾味业,False
2026-02-04,84.664,85.251,84.15,85.251,128165.0,133291600.0,10.32,10.4,10.25,10.4,True,千禾味业,False
2026-02-05,85.324,91.855,85.104,90.461,509403.0,565946733.0,10.41,11.3,10.38,11.11,True,千禾味业,False
2026-02-06,90.828,92.075,89.507,89.58,354858.0,389988942.0,11.16,11.33,10.98,10.99,True,千禾味业,False
2026-02-09,89.58,90.534,88.333,88.92,192434.0,209753060.0,10.99,11.12,10.82,10.9,True,千禾味业,False
2026-02-10,88.993,89.36,86.718,87.379,164771.0,176140199.0,10.91,10.96,10.6,10.69,True,千禾味业,False
2026-02-11,87.305,87.599,86.645,87.012,111791.0,118945624.0,10.68,10.72,10.59,10.64,True,千禾味业,False
2026-02-12,87.085,87.085,85.398,86.058,118014.0,124032714.0,10.65,10.65,10.42,10.51,True,千禾味业,False
2026-02-13,86.351,86.645,84.517,84.59,106769.0,110078839.0,10.55,10.59,10.3,10.31,True,千禾味业,False
2026-02-24,85.177,85.838,82.903,83.416,189499.0,192341485.0,10.39,10.48,10.08,10.15,True,千禾味业,False
2026-02-25,83.636,84.59,83.416,83.71,125997.0,128390943.0,10.18,10.31,10.15,10.19,True,千禾味业,False
2026-02-26,83.93,84.003,81.802,82.169,176011.0,175658978.0,10.22,10.23,9.93,9.98,True,千禾味业,False
2026-02-27,82.242,83.636,82.242,82.609,105572.0,105994288.0,9.99,10.18,9.99,10.04,True,千禾味业,False
2026-03-02,81.215,82.756,80.187,80.628,178655.0,174545935.0,9.85,10.06,9.71,9.77,True,千禾味业,False
2026-03-03,80.774,81.361,79.307,79.674,182684.0,176107376.0,9.79,9.87,9.59,9.64,True,千禾味业,False
2026-03-04,79.307,79.82,77.619,77.692,148833.0,139456521.0,9.59,9.66,9.36,9.37,True,千禾味业,False
2026-03-05,78.573,78.72,77.032,77.399,130030.0,121317990.0,9.49,9.51,9.28,9.33,True,千禾味业,False
2026-03-06,77.252,78.866,77.105,78.72,105621.0,100445571.0,9.31,9.53,9.29,9.51,True,千禾味业,False
2026-03-09,78.353,79.307,77.766,78.646,114665.0,108931750.0,9.46,9.59,9.38,9.5,True,千禾味业,False
2026-03-10,78.793,79.747,78.426,79.233,103902.0,99538116.0,9.52,9.65,9.47,9.58,True,千禾味业,False
2026-03-11,79.087,79.233,77.913,78.426,126380.0,119681860.0,9.56,9.58,9.4,9.47,True,千禾味业,False
2026-03-12,78.059,79.013,77.913,78.353,91393.0,86457778.00000001,9.42,9.55,9.4,9.46,True,千禾味业,False
2026-03-13,78.353,80.261,78.133,78.866,151690.0,144560570.0,9.46,9.72,9.43,9.53,True,千禾味业,False
2026-03-16,79.013,80.187,78.94,80.114,133020.0,129029400.0,9.55,9.71,9.54,9.7,True,千禾味业,False
2026-03-17,81.949,85.691,81.949,83.416,475044.0,482169660.0,9.95,10.46,9.95,10.15,True,千禾味业,False
2026-03-18,83.123,83.343,78.72,79.16,363832.0,348187224.0,10.11,10.14,9.51,9.57,True,千禾味业,False
2026-03-19,78.646,78.866,76.812,77.032,196513.0,182364064.0,9.5,9.53,9.25,9.28,True,千禾味业,False
2026-03-20,76.959,77.839,76.151,76.151,121957.0,111712612.0,9.27,9.39,9.16,9.16,True,千禾味业,False
2026-03-23,75.711,75.711,73.363,73.876,173258.0,153333330.0,9.1,9.1,8.78,8.85,True,千禾味业,False
2026-03-24,74.61,75.051,73.51,74.977,104857.0,94371300.0,8.95,9.01,8.8,9.0,True,千禾味业,False
2026-03-25,74.977,75.858,74.464,75.344,100949.0,91358845.0,9.0,9.12,8.93,9.05,True,千禾味业,False
2026-03-26,75.344,76.078,74.83,74.977,75137.0,67623300.0,9.05,9.15,8.98,9.0,True,千禾味业,False
2026-03-27,74.61,80.187,74.537,79.307,285886.0,274164674.0,8.95,9.71,8.94,9.59,True,千禾味业,False
2026-03-30,77.913,78.793,77.399,78.206,130730.0,123409120.0,9.4,9.52,9.33,9.44,True,千禾味业,False
2026-03-31,78.94,79.233,77.252,77.472,114227.0,106688018.0,9.54,9.58,9.31,9.34,True,千禾味业,False
2026-04-01,78.573,78.793,77.619,78.5,105155.0,99686940.0,9.49,9.52,9.36,9.48,True,千禾味业,False
2026-04-02,78.573,79.894,78.059,79.38,115696.0,111068160.0,9.49,9.67,9.42,9.6,True,千禾味业,False
2026-04-03,79.307,79.307,76.812,77.105,123955.0,115154195.0,9.59,9.59,9.25,9.29,True,千禾味业,False
2026-04-07,77.179,78.573,76.665,78.353,88648.0,83861008.00000001,9.3,9.49,9.23,9.46,True,千禾味业,False
2026-04-08,79.527,79.6,77.766,78.573,162081.0,153814869.0,9.62,9.63,9.38,9.49,True,千禾味业,False
2026-04-09,78.133,78.793,77.179,78.646,165540.0,157263000.0,9.43,9.52,9.3,9.5,True,千禾味业,False
2026-04-10,78.793,82.022,78.426,81.655,287811.0,285220701.0,9.52,9.96,9.47,9.91,True,千禾味业,False
2026-04-13,81.582,81.582,78.5,78.866,208043.0,198264979.0,9.9,9.9,9.48,9.53,True,千禾味业,False
2026-04-14,79.013,79.233,77.325,77.986,147227.0,138540607.0,9.55,9.58,9.32,9.41,True,千禾味业,False
2026-04-15,78.206,78.793,77.399,78.573,98498.0,93474602.0,9.44,9.52,9.33,9.49,True,千禾味业,False
2026-04-16,78.5,79.307,78.279,79.013,93240.0,89044200.0,9.48,9.59,9.45,9.55,True,千禾味业,False
2026-04-17,78.72,79.013,77.692,78.426,86731.0,82134257.0,9.51,9.55,9.37,9.47,True,千禾味业,False
2026-04-20,78.279,79.894,78.279,79.16,122043.0,116795151.0,9.45,9.67,9.45,9.57,True,千禾味业,False
2026-04-21,79.087,80.774,79.087,80.187,137350.0,133366850.0,9.56,9.79,9.56,9.71,True,千禾味业,False
2026-04-22,80.041,80.187,77.692,78.353,176078.0,166569788.00000003,9.69,9.71,9.37,9.46,True,千禾味业,False
2026-04-23,78.133,78.573,77.105,78.5,131868.0,125010864.0,9.43,9.49,9.29,9.48,True,千禾味业,False
2026-04-24,77.913,80.334,77.839,79.307,173635.0,166515965.0,9.4,9.73,9.39,9.59,True,千禾味业,False
2026-04-27,78.646,80.041,78.5,78.573,98879.0,93836171.0,9.5,9.69,9.48,9.49,True,千禾味业,False
2026-04-28,79.454,80.334,78.72,79.674,145747.0,140500108.0,9.61,9.73,9.51,9.64,True,千禾味业,False
2026-04-29,79.674,83.343,79.38,83.049,381363.0,385176630.0,9.64,10.14,9.6,10.1,True,千禾味业,False
2026-04-30,79.087,79.087,75.638,76.078,707838.0,647671770.0,9.56,9.56,9.09,9.15,True,千禾味业,False
2026-05-06,75.784,76.665,75.271,75.638,286909.0,260800281.0,9.11,9.23,9.04,9.09,True,千禾味业,False
2026-05-07,75.711,75.858,73.803,74.243,314046.0,279500940.0,9.1,9.12,8.84,8.9,True,千禾味业,False
2026-05-08,74.243,74.61,73.803,74.317,130725.0,116475975.0,8.9,8.95,8.84,8.91,True,千禾味业,False
2026-05-11,74.317,74.317,73.51,73.876,147755.0,130763175.0,8.91,8.91,8.8,8.85,True,千禾味业,False
2026-05-12,73.876,73.876,72.776,72.849,182745.0,159170895.00000003,8.85,8.85,8.7,8.71,True,千禾味业,False
2026-05-13,72.923,73.069,71.381,71.675,225159.0,192510945.00000003,8.72,8.74,8.51,8.55,True,千禾味业,False
2026-05-14,71.675,71.822,70.721,70.868,158359.0,133654996.0,8.55,8.57,8.42,8.44,True,千禾味业,False
2026-05-15,70.721,71.455,69.987,70.428,139895.0,117232010.0,8.42,8.52,8.32,8.38,True,千禾味业,False
2026-05-18,70.428,70.648,68.52,68.74,159174.0,129726810.0,8.38,8.41,8.12,8.15,True,千禾味业,False
2026-05-19,68.813,69.547,68.52,68.96,103918.0,85004924.0,8.16,8.26,8.12,8.18,True,千禾味业,False
2026-05-20,69.033,69.253,68.593,68.96,89670.0,73350060.0,8.19,8.22,8.13,8.18,True,千禾味业,False
2026-05-21,69.033,69.4,67.272,67.419,168822.0,134551134.0,8.19,8.24,7.95,7.97,True,千禾味业,False
2026-05-22,67.566,68.079,65.364,66.098,210510.0,163987290.0,7.99,8.06,7.69,7.79,True,千禾味业,False
2026-05-25,65.438,66.245,65.364,65.731,128825.0,99710550.0,7.7,7.81,7.69,7.74,True,千禾味业,False
2026-05-26,65.658,66.538,65.291,65.584,136711.0,105540892.0,7.73,7.85,7.68,7.72,True,千禾味业,False
2026-05-27,65.658,65.658,63.603,64.85,243308.0,185400696.0,7.73,7.73,7.45,7.62,True,千禾味业,False
2026-05-28,64.704,65.071,63.676,64.41,134318.0,101544408.0,7.6,7.65,7.46,7.56,True,千禾味业,False
2026-05-29,64.41,66.758,64.117,65.291,239902.0,184244736.0,7.56,7.88,7.52,7.68,True,千禾味业,False
2026-06-01,65.364,66.979,64.924,66.832,163716.0,129171924.0,7.69,7.91,7.63,7.89,True,千禾味业,False
2026-06-02,66.979,67.199,65.584,65.878,167911.0,130298936.0,7.91,7.94,7.72,7.76,True,千禾味业,False
2026-06-03,65.878,66.465,64.41,66.171,158972.0,123998160.0,7.76,7.84,7.56,7.8,True,千禾味业,False
2026-06-04,66.245,66.538,64.704,65.071,111762.0,85497930.0,7.81,7.85,7.6,7.65,True,千禾味业,False
2026-06-05,64.997,66.318,64.85,65.804,103039.0,79855225.0,7.64,7.82,7.62,7.75,True,千禾味业,False
2026-06-08,65.804,66.098,64.85,65.584,111105.0,85773060.0,7.75,7.79,7.62,7.72,True,千禾味业,False
2026-06-09,65.584,66.245,65.071,65.511,110274.0,85021254.0,7.72,7.81,7.65,7.71,True,千禾味业,False
2026-06-10,65.217,65.951,65.217,65.878,103848.0,80586048.0,7.67,7.77,7.67,7.76,True,千禾味业,False
2026-06-11,65.804,66.979,65.584,66.538,124530.0,97756050.0,7.75,7.91,7.72,7.85,True,千禾味业,False
2026-06-12,66.465,68.006,66.171,67.272,188598.0,149935410.0,7.84,8.05,7.8,7.95,True,千禾味业,False
2026-06-15,67.272,68.006,66.979,67.639,141615.0,113292000.0,7.95,8.05,7.91,8.0,True,千禾味业,False
2026-06-16,67.639,67.712,65.658,66.538,149760.0,117561600.0,8.0,8.01,7.73,7.85,True,千禾味业,False
2026-06-17,66.465,66.685,65.731,65.731,80067.0,61971858.0,7.84,7.87,7.74,7.74,True,千禾味业,False
2026-06-18,65.804,65.804,63.97,64.41,129105.0,97603380.0,7.75,7.75,7.5,7.56,True,千禾味业,False
2026-06-22,64.043,64.63,61.768,64.41,186063.0,140663628.0,7.51,7.59,7.2,7.56,True,千禾味业,False
2026-06-23,64.41,66.171,64.263,64.41,133840.0,101183040.0,7.56,7.8,7.54,7.56,True,千禾味业,False
2026-06-24,64.997,65.364,63.236,63.53,120236.0,89455584.0,7.64,7.69,7.4,7.44,True,千禾味业,False
2026-06-25,62.943,63.603,62.135,62.796,113123.0,83032282.0,7.36,7.45,7.25,7.34,True,千禾味业,False
2026-06-26,62.429,62.869,60.814,61.035,151127.0,107300170.0,7.29,7.35,7.07,7.1,True,千禾味业,False
2026-06-29,61.035,62.355,59.273,61.768,209862.0,151100640.0,7.1,7.28,6.86,7.2,True,千禾味业,False
2026-06-30,61.842,61.842,59.787,60.081,154125.0,107425125.0,7.21,7.21,6.93,6.97,True,千禾味业,False
2026-07-01,60.154,61.401,59.494,61.328,168795.0,120519630.0,6.98,7.15,6.89,7.14,True,千禾味业,False
2026-07-02,61.255,62.429,60.301,60.668,188460.0,132864300.0,7.13,7.29,7.0,7.05,True,千禾味业,False
2026-07-03,61.108,61.622,60.594,60.961,127135.0,90138715.0,7.11,7.18,7.04,7.09,True,千禾味业,False
2026-07-06,60.961,61.695,60.741,61.401,127122.0,90892230.0,7.09,7.19,7.06,7.15,True,千禾味业,False
2026-07-07,61.548,61.548,59.494,59.714,153896.0,106496032.0,7.17,7.17,6.89,6.92,True,千禾味业,False
2026-07-08,59.714,62.576,59.273,61.915,236903.0,171043966.0,6.92,7.31,6.86,7.22,True,千禾味业,False
2026-07-09,61.842,62.135,60.301,60.521,168810.0,118673430.0,7.21,7.25,7.0,7.03,True,千禾味业,False
2026-07-10,60.448,61.401,59.567,60.521,158886.0,111696858.0,7.02,7.15,6.9,7.03,True,千禾味业,False
2026-07-13,60.448,61.915,60.081,61.622,226959.0,162956562.0,7.02,7.22,6.97,7.18,True,千禾味业,False
2026-07-14,61.622,63.163,61.475,62.649,209371.0,153259572.0,7.18,7.39,7.16,7.32,True,千禾味业,False
2026-07-15,62.649,64.63,62.135,64.337,195827.0,147849385.0,7.32,7.59,7.25,7.55,True,千禾味业,False
2026-07-16,64.337,64.704,63.53,64.19,151217.0,113866401.0,7.55,7.6,7.44,7.53,True,千禾味业,False
2026-07-17,64.41,64.997,62.355,62.502,203764.0,148747720.0,7.56,7.64,7.28,7.3,True,千禾味业,False
2026-07-20,62.502,63.75,62.209,63.236,177564.0,131397360.0,7.3,7.47,7.26,7.4,True,千禾味业,False
2026-07-21,63.236,64.117,62.355,62.869,188453.0,138512955.0,7.4,7.52,7.28,7.35,True,千禾味业,False
2026-07-22,62.355,62.796,61.622,62.722,182040.0,133435320.0,7.28,7.34,7.18,7.33,True,千禾味业,False
2026-07-23,62.576,63.309,62.502,63.163,106449.0,76749729.0,7.13,7.23,7.12,7.21,True,千禾味业,False
2026-07-24,63.016,63.383,62.062,62.062,96482.0,68116292.0,7.19,7.24,7.06,7.06,True,千禾味业,False
2026-07-27,62.062,63.016,61.622,62.796,115425.0,82644300.0,7.06,7.19,7.0,7.16,True,千禾味业,False
2026-07-28,62.649,64.484,62.355,64.337,176112.0,129794544.0,7.14,7.39,7.1,7.37,True,千禾味业,False
2026-07-29,64.484,68.006,64.337,67.419,340790.0,265475410.0,7.39,7.87,7.37,7.79,True,千禾味业,False
2026-07-30,67.345,69.914,67.272,68.593,347310.0,276111450.0,7.78,8.13,7.77,7.95,True,千禾味业,False
2026-07-31,67.492,68.96,67.419,68.299,199950.0,158160450.0,7.8,8.0,7.79,7.91,True,千禾味业,False
2026-08-03,68.226,69.4,68.153,68.593,120166.0,95531970.0,7.9,8.06,7.89,7.95,True,千禾味业,False
2026-08-04,68.446,68.593,66.979,67.199,147514.0,114470864.0,7.93,7.95,7.73,7.76,True,千禾味业,False
2026-08-05,67.272,67.492,65.804,66.318,180285.0,137737740.0,7.77,7.8,7.57,7.64,True,千禾味业,False
2026-08-06,66.465,66.538,65.071,65.584,133024.0,100300096.0,7.66,7.67,7.47,7.54,True,千禾味业,False
2026-08-07,65.438,65.511,63.97,65.071,215630.0,161075610.0,7.52,7.53,7.32,7.47,True,千禾味业,False
2026-08-10,64.924,66.832,64.63,66.025,211517.0,160752920.0,7.45,7.71,7.41,7.6,True,千禾味业,False
2026-08-11,66.025,66.318,64.484,64.63,204963.0,151877583.0,7.6,7.64,7.39,7.41,True,千禾味业,False
2026-08-12,64.85,65.217,63.896,64.997,151254.0,112835484.0,7.44,7.49,7.31,7.46,True,千禾味业,False
2026-08-13,64.997,65.291,64.557,64.85,119592.0,88976448.0,7.46,7.5,7.4,7.44,True,千禾味业,False
2026-08-14,64.924,64.997,63.603,63.896,143123.0,104622913.0,7.45,7.46,7.27,7.31,True,千禾味业,False
2026-08-17,63.896,64.19,63.309,64.19,96597.0,70998795.0,7.31,7.35,7.23,7.35,True,千禾味业,False
2026-08-18,64.043,64.704,63.823,64.263,113109.0,83248224.0,7.33,7.42,7.3,7.36,True,千禾味业,False
2026-08-19,64.263,64.557,63.163,63.53,127732.0,92733432.0,7.36,7.4,7.21,7.26,True,千禾味业,False
2026-08-20,63.676,64.337,63.53,64.19,103676.0,76201860.0,7.28,7.37,7.26,7.35,True,千禾味业,False
2026-08-21,64.19,64.263,62.943,63.236,119941.0,86597402.0,7.35,7.36,7.18,7.22,True,千禾味业,False
2026-08-24,63.236,63.456,62.722,63.236,77340.0,55839480.0,7.22,7.25,7.15,7.22,True,千禾味业,False
2026-08-25,63.236,64.63735180055401,63.236,64.46218282548477,103320.0,75630000.0,7.22,7.38,7.22,7.36,True,千禾味业,True
2026-08-27,64.72493628808866,64.81252077562328,63.06083102493076,63.411168975069266,171503.0,124810000.0,7.39,7.4,7.2,7.24,True,千禾味业,True
