date,open,high,low,close,volume,amount,raw_open,raw_high,raw_low,raw_close,tradable,name,provisional
2019-05-15,29.15,29.15,29.15,29.15,393.0,1145595.0,29.15,29.15,29.15,29.15,True,鸿远电子,False
2019-05-16,32.07,32.07,32.07,32.07,153.0,490671.0,32.07,32.07,32.07,32.07,True,鸿远电子,False
2019-05-17,35.28,35.28,35.28,35.28,523.0,1845144.0,35.28,35.28,35.28,35.28,True,鸿远电子,False
2019-05-20,38.81,38.81,38.81,38.81,1757.0,6818917.0,38.81,38.81,38.81,38.81,True,鸿远电子,False
2019-05-21,42.69,42.69,42.69,42.69,4880.0,20832720.0,42.69,42.69,42.69,42.69,True,鸿远电子,False
2019-05-22,46.0,46.86,43.6,44.63,248809.0,1110434567.0,46.0,46.86,43.6,44.63,True,鸿远电子,False
2019-05-23,43.0,45.29,42.5,44.57,167641.0,747175937.0,43.0,45.29,42.5,44.57,True,鸿远电子,False
2019-05-24,44.0,45.24,42.63,42.63,123783.0,527686929.00000006,44.0,45.24,42.63,42.63,True,鸿远电子,False
2019-05-27,41.91,44.7,41.12,43.58,124946.0,544514668.0,41.91,44.7,41.12,43.58,True,鸿远电子,False
2019-05-28,43.11,46.47,42.8,44.91,165008.0,741050928.0,43.11,46.47,42.8,44.91,True,鸿远电子,False
2019-05-29,44.68,47.47,44.5,45.11,165461.0,746394571.0,44.68,47.47,44.5,45.11,True,鸿远电子,False
2019-05-30,45.88,49.62,44.91,49.62,184084.0,913424808.0,45.88,49.62,44.91,49.62,True,鸿远电子,False
2019-05-31,50.08,54.58,50.0,51.5,239398.0,1232899700.0,50.08,54.58,50.0,51.5,True,鸿远电子,False
2019-06-03,51.04,52.52,46.35,46.35,180447.0,836371845.0,51.04,52.52,46.35,46.35,True,鸿远电子,False
2019-06-04,45.35,45.6,43.23,43.76,123188.0,539070688.0,45.35,45.6,43.23,43.76,True,鸿远电子,False
2019-06-05,44.3,44.75,43.0,43.0,82981.0,356818300.0,44.3,44.75,43.0,43.0,True,鸿远电子,False
2019-06-06,42.79,44.3,42.52,43.21,75422.0,325898462.0,42.79,44.3,42.52,43.21,True,鸿远电子,False
2019-06-10,43.19,45.15,42.6,44.63,74746.0,333591398.0,43.19,45.15,42.6,44.63,True,鸿远电子,False
2019-06-11,44.5,46.46,43.98,46.27,86646.0,400911042.0,44.5,46.46,43.98,46.27,True,鸿远电子,False
2019-06-12,45.89,46.99,44.6,44.61,82701.0,368929161.0,45.89,46.99,44.6,44.61,True,鸿远电子,False
2019-06-13,44.34,47.47,44.04,46.71,104237.0,486891027.0,44.34,47.47,44.04,46.71,True,鸿远电子,False
2019-06-14,46.21,47.28,43.34,43.47,88101.0,382975047.0,46.21,47.28,43.34,43.47,True,鸿远电子,False
2019-06-17,43.45,44.15,42.7,43.55,45297.0,197268435.0,43.45,44.15,42.7,43.55,True,鸿远电子,False
2019-06-18,43.64,46.5,43.12,45.39,80823.0,366855597.0,43.64,46.5,43.12,45.39,True,鸿远电子,False
2019-06-19,47.0,49.2,45.63,47.78,117658.0,562169924.0,47.0,49.2,45.63,47.78,True,鸿远电子,False
2019-06-20,46.39,48.87,46.27,47.8,106902.0,510991560.0,46.39,48.87,46.27,47.8,True,鸿远电子,False
2019-06-21,47.6,49.17,47.12,47.6,89094.0,424087440.0,47.6,49.17,47.12,47.6,True,鸿远电子,False
2019-06-24,47.77,49.65,47.18,48.25,89914.0,433835050.0,47.77,49.65,47.18,48.25,True,鸿远电子,False
2019-06-25,47.94,48.0,45.8,46.96,67691.0,317876936.0,47.94,48.0,45.8,46.96,True,鸿远电子,False
2019-06-26,46.61,48.6,46.61,48.37,65844.0,318487428.0,46.61,48.6,46.61,48.37,True,鸿远电子,False
2019-06-27,48.79,50.39,47.91,48.39,94198.0,455824122.0,48.79,50.39,47.91,48.39,True,鸿远电子,False
2019-06-28,48.46,50.79,48.18,49.14,96498.0,474191172.0,48.46,50.79,48.18,49.14,True,鸿远电子,False
2019-07-01,50.15,53.05,49.17,52.02,106343.0,553196286.0,50.15,53.05,49.17,52.02,True,鸿远电子,False
2019-07-02,51.65,51.65,49.83,50.6,87529.0,442896740.0,51.65,51.65,49.83,50.6,True,鸿远电子,False
2019-07-03,50.1,50.16,47.8,48.0,72369.0,347371200.0,50.1,50.16,47.8,48.0,True,鸿远电子,False
2019-07-04,48.29,48.99,47.97,48.47,48410.0,234643270.0,48.29,48.99,47.97,48.47,True,鸿远电子,False
2019-07-05,48.6,53.32,48.6,53.32,121282.0,646675624.0,48.6,53.32,48.6,53.32,True,鸿远电子,False
2019-07-08,52.25,52.25,49.01,49.33,114674.0,565686842.0,52.25,52.25,49.01,49.33,True,鸿远电子,False
2019-07-09,48.78,50.78,48.7,50.72,74446.0,377590112.0,48.78,50.78,48.7,50.72,True,鸿远电子,False
2019-07-10,50.59,51.51,49.54,50.06,66768.0,334240608.0,50.59,51.51,49.54,50.06,True,鸿远电子,False
2019-07-11,50.4,50.59,48.09,48.69,65257.0,317736333.0,50.4,50.59,48.09,48.69,True,鸿远电子,False
2019-07-12,48.24,48.42,46.0,46.2,71077.0,328375740.0,48.24,48.42,46.0,46.2,True,鸿远电子,False
2019-07-15,46.47,48.44,46.21,48.24,59017.0,284698008.0,46.47,48.44,46.21,48.24,True,鸿远电子,False
2019-07-16,47.92,49.46,47.51,48.88,57762.0,282340656.0,47.92,49.46,47.51,48.88,True,鸿远电子,False
2019-07-17,48.92,49.34,48.2,48.52,46719.0,226680588.0,48.92,49.34,48.2,48.52,True,鸿远电子,False
2019-07-18,48.34,48.4,46.76,46.76,45634.0,213384584.0,48.34,48.4,46.76,46.76,True,鸿远电子,False
2019-07-19,46.95,47.59,46.13,46.5,36146.0,168078900.0,46.95,47.59,46.13,46.5,True,鸿远电子,False
2019-07-22,47.01,47.35,44.05,44.36,46305.0,205408980.0,47.01,47.35,44.05,44.36,True,鸿远电子,False
2019-07-23,44.4,45.66,44.2,45.43,30062.0,136571666.0,44.4,45.66,44.2,45.43,True,鸿远电子,False
2019-07-24,45.59,48.48,45.48,47.06,52520.0,247159120.0,45.59,48.48,45.48,47.06,True,鸿远电子,False
2019-07-25,47.07,48.34,46.86,47.35,49671.0,235192185.0,47.07,48.34,46.86,47.35,True,鸿远电子,False
2019-07-26,47.07,47.95,46.64,47.67,38631.0,184153977.0,47.07,47.95,46.64,47.67,True,鸿远电子,False
2019-07-29,47.11,48.6,46.71,48.55,53008.0,257353840.0,47.11,48.6,46.71,48.55,True,鸿远电子,False
2019-07-30,48.29,48.57,47.4,47.6,45059.0,214480840.0,48.29,48.57,47.4,47.6,True,鸿远电子,False
2019-07-31,47.25,47.99,46.82,47.0,36032.0,169350400.0,47.25,47.99,46.82,47.0,True,鸿远电子,False
2019-08-01,46.51,47.37,46.45,47.16,35390.0,166899240.0,46.51,47.37,46.45,47.16,True,鸿远电子,False
2019-08-02,46.29,46.34,44.9,45.96,52042.0,239185032.0,46.29,46.34,44.9,45.96,True,鸿远电子,False
2019-08-05,45.88,47.78,45.77,46.51,49554.0,230475654.0,45.88,47.78,45.77,46.51,True,鸿远电子,False
2019-08-06,45.61,49.96,45.01,48.9,107722.0,526760580.0,45.61,49.96,45.01,48.9,True,鸿远电子,False
2019-08-07,48.8,49.38,47.75,48.19,61431.0,296035989.0,48.8,49.38,47.75,48.19,True,鸿远电子,False
2019-08-08,48.2,50.45,48.2,49.87,87903.0,438372261.0,48.2,50.45,48.2,49.87,True,鸿远电子,False
2019-08-09,49.96,51.4,48.58,48.79,76908.0,375234132.0,49.96,51.4,48.58,48.79,True,鸿远电子,False
2019-08-12,48.6,53.58,48.33,52.99,102706.0,544239094.0,48.6,53.58,48.33,52.99,True,鸿远电子,False
2019-08-13,51.83,53.48,51.5,53.08,75108.0,398673264.0,51.83,53.48,51.5,53.08,True,鸿远电子,False
2019-08-14,53.97,55.58,51.89,52.2,107003.0,558555660.0,53.97,55.58,51.89,52.2,True,鸿远电子,False
2019-08-15,50.0,52.49,49.62,52.24,67123.0,350650552.0,50.0,52.49,49.62,52.24,True,鸿远电子,False
2019-08-16,52.04,56.15,51.7,54.8,106013.0,580951240.0,52.04,56.15,51.7,54.8,True,鸿远电子,False
2019-08-19,54.89,57.15,54.39,55.8,84346.0,470650680.0,54.89,57.15,54.39,55.8,True,鸿远电子,False
2019-08-20,55.6,56.66,54.42,54.8,62454.0,342247920.0,55.6,56.66,54.42,54.8,True,鸿远电子,False
2019-08-21,54.82,56.2,54.6,55.22,49287.0,272162814.0,54.82,56.2,54.6,55.22,True,鸿远电子,False
2019-08-22,55.1,55.18,52.5,52.58,80778.0,424730724.0,55.1,55.18,52.5,52.58,True,鸿远电子,False
2019-08-23,52.61,53.0,51.18,52.68,56181.0,295961508.0,52.61,53.0,51.18,52.68,True,鸿远电子,False
2019-08-26,51.99,53.25,51.51,52.01,40774.0,212065574.0,51.99,53.25,51.51,52.01,True,鸿远电子,False
2019-08-27,53.7,54.87,53.27,54.81,71840.0,393755040.0,53.7,54.87,53.27,54.81,True,鸿远电子,False
2019-08-28,54.68,60.25,54.4,57.69,100582.0,580257558.0,54.68,60.25,54.4,57.69,True,鸿远电子,False
2019-08-29,57.39,58.74,56.56,58.52,71475.0,418271700.0,57.39,58.74,56.56,58.52,True,鸿远电子,False
2019-08-30,58.1,61.35,57.81,58.56,95025.0,556466400.0,58.1,61.35,57.81,58.56,True,鸿远电子,False
2019-09-02,58.71,63.2,58.71,62.35,85979.0,536079065.0,58.71,63.2,58.71,62.35,True,鸿远电子,False
2019-09-03,61.95,63.9,61.3,62.21,76762.0,477536402.0,61.95,63.9,61.3,62.21,True,鸿远电子,False
2019-09-04,61.56,63.29,60.6,62.21,68983.0,429143243.0,61.56,63.29,60.6,62.21,True,鸿远电子,False
2019-09-05,63.0,63.88,61.6,61.8,73062.0,451523160.0,63.0,63.88,61.6,61.8,True,鸿远电子,False
2019-09-06,61.86,63.46,60.66,62.25,60549.0,376917525.0,61.86,63.46,60.66,62.25,True,鸿远电子,False
2019-09-09,62.4,65.08,62.0,65.01,67290.0,437452290.00000006,62.4,65.08,62.0,65.01,True,鸿远电子,False
2019-09-10,64.76,64.93,61.75,62.0,64968.0,402801600.0,64.76,64.93,61.75,62.0,True,鸿远电子,False
2019-09-11,62.38,62.89,61.0,61.0,41194.0,251283400.0,62.38,62.89,61.0,61.0,True,鸿远电子,False
2019-09-12,61.05,61.88,60.5,61.41,29316.0,180029556.0,61.05,61.88,60.5,61.41,True,鸿远电子,False
2019-09-16,61.53,63.83,61.11,62.74,44038.0,276294412.0,61.53,63.83,61.11,62.74,True,鸿远电子,False
2019-09-17,62.8,62.8,60.6,61.05,36536.0,223052280.0,62.8,62.8,60.6,61.05,True,鸿远电子,False
2019-09-18,61.48,62.35,61.03,61.13,30816.0,188378208.0,61.48,62.35,61.03,61.13,True,鸿远电子,False
2019-09-19,61.2,63.38,60.35,63.3,45145.0,285767850.0,61.2,63.38,60.35,63.3,True,鸿远电子,False
2019-09-20,63.49,63.58,61.91,62.3,37894.0,236079620.0,63.49,63.58,61.91,62.3,True,鸿远电子,False
2019-09-23,62.04,62.38,60.58,61.86,31201.0,193009386.0,62.04,62.38,60.58,61.86,True,鸿远电子,False
2019-09-24,61.68,65.99,61.66,64.69,66753.0,431825157.0,61.68,65.99,61.66,64.69,True,鸿远电子,False
2019-09-25,64.18,65.35,61.5,62.31,51553.0,321226743.0,64.18,65.35,61.5,62.31,True,鸿远电子,False
2019-09-26,62.0,62.08,56.13,56.13,75521.0,420123323.0,61.5,61.58,55.63,55.63,True,鸿远电子,False
2019-09-27,55.4,56.47,54.68,55.58,35773.0,197037684.0,54.9,55.97,54.18,55.08,True,鸿远电子,False
2019-09-30,55.66,56.1,53.16,53.27,35077.0,185101329.0,55.16,55.6,52.66,52.77,True,鸿远电子,False
2019-10-08,53.5,53.79,51.21,51.56,26169.0,133618914.0,53.0,53.29,50.71,51.06,True,鸿远电子,False
2019-10-09,51.4,52.74,51.3,52.44,22692.0,117862248.0,50.9,52.24,50.8,51.94,True,鸿远电子,False
2019-10-10,52.75,53.93,51.95,53.45,32332.0,171197940.0,52.25,53.43,51.45,52.95,True,鸿远电子,False
2019-10-11,53.56,54.45,53.38,54.1,32730.0,175432800.0,53.06,53.95,52.88,53.6,True,鸿远电子,False
2019-10-14,54.65,54.95,54.11,54.51,27922.0,150806722.0,54.15,54.45,53.61,54.01,True,鸿远电子,False
2019-10-15,54.16,54.19,52.0,52.0,34335.0,176825250.0,53.66,53.69,51.5,51.5,True,鸿远电子,False
2019-10-16,52.08,52.95,52.08,52.24,21392.0,110682208.0,51.58,52.45,51.58,51.74,True,鸿远电子,False
2019-10-17,52.2,52.7,51.33,51.75,21370.0,109521250.0,51.7,52.2,50.83,51.25,True,鸿远电子,False
2019-10-18,51.93,52.7,51.21,51.31,23892.0,121395252.0,51.43,52.2,50.71,50.81,True,鸿远电子,False
2019-10-21,51.16,51.31,49.0,49.55,23083.0,113222115.0,50.66,50.81,48.5,49.05,True,鸿远电子,False
2019-10-22,49.96,51.0,49.87,50.94,19027.0,95972188.0,49.46,50.5,49.37,50.44,True,鸿远电子,False
2019-10-23,51.1,51.1,50.37,50.5,14625.0,73125000.0,50.6,50.6,49.87,50.0,True,鸿远电子,False
2019-10-24,50.21,51.8,49.52,51.64,23841.0,121922874.0,49.71,51.3,49.02,51.14,True,鸿远电子,False
2019-10-25,51.22,51.93,50.9,51.63,20371.0,104156923.0,50.72,51.43,50.4,51.13,True,鸿远电子,False
2019-10-28,51.79,53.05,51.52,52.84,28136.0,147263824.0,51.29,52.55,51.02,52.34,True,鸿远电子,False
2019-10-29,52.89,52.89,49.32,49.49,36431.0,178475469.0,52.39,52.39,48.82,48.99,True,鸿远电子,False
2019-10-30,47.01,49.37,47.01,47.98,31295.0,148588660.0,46.51,48.87,46.51,47.48,True,鸿远电子,False
2019-10-31,48.14,48.98,47.68,47.97,19543.0,92770621.0,47.64,48.48,47.18,47.47,True,鸿远电子,False
2019-11-01,47.97,48.36,47.21,48.1,17571.0,83637960.0,47.47,47.86,46.71,47.6,True,鸿远电子,False
2019-11-04,48.3,48.87,48.0,48.64,17415.0,83835810.0,47.8,48.37,47.5,48.14,True,鸿远电子,False
2019-11-05,48.58,48.62,47.51,47.89,20616.0,97699224.0,48.08,48.12,47.01,47.39,True,鸿远电子,False
2019-11-06,47.98,48.68,47.39,47.59,18383.0,86565547.0,47.48,48.18,46.89,47.09,True,鸿远电子,False
2019-11-07,47.32,47.57,46.08,47.08,26443.0,123171494.0,46.82,47.07,45.58,46.58,True,鸿远电子,False
2019-11-08,47.25,48.89,47.21,47.99,31331.0,148790919.0,46.75,48.39,46.71,47.49,True,鸿远电子,False
2019-11-11,47.55,47.78,46.85,47.35,18207.0,85299795.0,47.05,47.28,46.35,46.85,True,鸿远电子,False
2019-11-12,47.29,48.88,47.05,48.5,26800.0,128640000.0,46.79,48.38,46.55,48.0,True,鸿远电子,False
2019-11-13,48.26,48.6,47.81,48.3,19793.0,94610540.0,47.76,48.1,47.31,47.8,True,鸿远电子,False
2019-11-14,48.21,48.99,48.1,48.95,26884.0,130252980.0,47.71,48.49,47.6,48.45,True,鸿远电子,False
2019-11-15,48.55,48.78,47.1,47.1,29240.0,136258400.0,48.05,48.28,46.6,46.6,True,鸿远电子,False
2019-11-18,47.03,47.8,46.92,47.57,15543.0,73160901.0,46.53,47.3,46.42,47.07,True,鸿远电子,False
2019-11-19,47.79,49.74,47.59,49.62,38660.0,189897920.0,47.29,49.24,47.09,49.12,True,鸿远电子,False
2019-11-20,49.47,49.48,48.38,48.59,29472.0,141730848.0,48.97,48.98,47.88,48.09,True,鸿远电子,False
2019-11-21,48.58,49.29,48.02,48.65,20961.0,100927215.0,48.08,48.79,47.52,48.15,True,鸿远电子,False
2019-11-22,48.7,49.41,47.05,47.5,28263.0,132836100.0,48.2,48.91,46.55,47.0,True,鸿远电子,False
2019-11-25,47.53,47.54,44.29,44.35,40614.0,178092390.0,47.03,47.04,43.79,43.85,True,鸿远电子,False
2019-11-26,44.49,44.76,43.44,43.72,20575.0,88925150.0,43.99,44.26,42.94,43.22,True,鸿远电子,False
2019-11-27,43.68,44.18,43.15,43.92,13702.0,59494084.0,43.18,43.68,42.65,43.42,True,鸿远电子,False
2019-11-28,43.88,44.26,43.75,43.88,9794.0,42486372.0,43.38,43.76,43.25,43.38,True,鸿远电子,False
2019-11-29,43.7,44.19,43.58,44.06,9590.0,41774040.0,43.2,43.69,43.08,43.56,True,鸿远电子,False
2019-12-02,44.11,47.02,43.81,46.09,35757.0,163016163.0,43.61,46.52,43.31,45.59,True,鸿远电子,False
2019-12-03,45.48,46.0,45.06,46.0,20062.0,91282100.0,44.98,45.5,44.56,45.5,True,鸿远电子,False
2019-12-04,45.6,46.2,45.45,45.57,15495.0,69835965.0,45.1,45.7,44.95,45.07,True,鸿远电子,False
2019-12-05,46.1,46.95,45.72,46.65,28261.0,130424515.0,45.6,46.45,45.22,46.15,True,鸿远电子,False
2019-12-06,46.67,48.48,46.54,47.87,33141.0,156988917.0,46.17,47.98,46.04,47.37,True,鸿远电子,False
2019-12-09,48.16,48.78,47.64,47.9,22688.0,107541120.0,47.66,48.28,47.14,47.4,True,鸿远电子,False
2019-12-10,47.7,48.27,47.08,48.14,22600.0,107666400.0,47.2,47.77,46.58,47.64,True,鸿远电子,False
2019-12-11,48.08,48.1,47.11,47.34,18932.0,88677488.0,47.58,47.6,46.61,46.84,True,鸿远电子,False
2019-12-12,47.45,48.43,47.16,47.79,25781.0,121918349.0,46.95,47.93,46.66,47.29,True,鸿远电子,False
2019-12-13,48.1,48.53,47.86,48.3,20804.0,99443120.0,47.6,48.03,47.36,47.8,True,鸿远电子,False
2019-12-16,48.57,49.88,48.4,49.53,28193.0,138230279.0,48.07,49.38,47.9,49.03,True,鸿远电子,False
2019-12-17,49.7,49.7,49.05,49.43,27100.0,132600300.0,49.2,49.2,48.55,48.93,True,鸿远电子,False
2019-12-18,49.57,49.99,49.1,49.31,22905.0,111799305.0,49.07,49.49,48.6,48.81,True,鸿远电子,False
2019-12-19,49.49,49.77,48.9,49.35,17159.0,83821715.0,48.99,49.27,48.4,48.85,True,鸿远电子,False
2019-12-20,49.42,49.47,48.4,48.49,20312.0,97477288.0,48.92,48.97,47.9,47.99,True,鸿远电子,False
2019-12-23,48.39,48.98,47.28,47.29,19011.0,88952469.0,47.89,48.48,46.78,46.79,True,鸿远电子,False
2019-12-24,47.31,48.2,47.23,48.06,15486.0,73651416.0,46.81,47.7,46.73,47.56,True,鸿远电子,False
2019-12-25,48.2,50.48,48.0,49.74,44190.0,217591560.0,47.7,49.98,47.5,49.24,True,鸿远电子,False
2019-12-26,49.61,50.5,49.5,50.25,34784.0,173050400.0,49.11,50.0,49.0,49.75,True,鸿远电子,False
2019-12-27,50.4,50.98,49.72,50.47,35843.0,179107471.0,49.9,50.48,49.22,49.97,True,鸿远电子,False
2019-12-30,50.65,53.1,49.88,52.8,51288.0,268236240.0,50.15,52.6,49.38,52.3,True,鸿远电子,False
2019-12-31,52.45,52.79,51.56,51.81,33096.0,169815576.0,51.95,52.29,51.06,51.31,True,鸿远电子,False
2020-01-02,52.19,52.78,51.76,52.18,33684.0,174078912.0,51.69,52.28,51.26,51.68,True,鸿远电子,False
2020-01-03,52.47,54.0,52.21,53.47,39477.0,209109669.0,51.97,53.5,51.71,52.97,True,鸿远电子,False
2020-01-06,53.69,53.99,52.74,53.14,36743.0,193415152.0,53.19,53.49,52.24,52.64,True,鸿远电子,False
2020-01-07,52.94,53.7,52.01,52.86,38585.0,202031060.0,52.44,53.2,51.51,52.36,True,鸿远电子,False
2020-01-08,52.37,52.82,51.68,51.86,28718.0,147495648.0,51.87,52.32,51.18,51.36,True,鸿远电子,False
2020-01-09,52.23,52.95,52.07,52.57,23240.0,121010680.0,51.73,52.45,51.57,52.07,True,鸿远电子,False
2020-01-10,52.62,53.14,52.09,52.28,21336.0,110477808.0,52.12,52.64,51.59,51.78,True,鸿远电子,False
2020-01-13,52.1,54.45,51.82,54.14,40782.0,218754648.0,51.6,53.95,51.32,53.64,True,鸿远电子,False
2020-01-14,54.13,54.3,53.25,53.55,27024.0,143362320.0,53.63,53.8,52.75,53.05,True,鸿远电子,False
2020-01-15,53.89,54.74,53.31,54.68,28860.0,156363480.0,53.39,54.24,52.81,54.18,True,鸿远电子,False
2020-01-16,54.48,54.56,53.37,53.59,26258.0,139403722.0,53.98,54.06,52.87,53.09,True,鸿远电子,False
2020-01-17,53.55,53.85,53.23,53.36,16762.0,88603932.0,53.05,53.35,52.73,52.86,True,鸿远电子,False
2020-01-20,53.36,53.75,52.6,53.68,20772.0,110465496.0,52.86,53.25,52.1,53.18,True,鸿远电子,False
2020-01-21,53.61,53.82,52.0,52.0,24198.0,124619700.0,53.11,53.32,51.5,51.5,True,鸿远电子,False
2020-01-22,51.89,52.9,50.37,52.49,26306.0,136764894.0,51.39,52.4,49.87,51.99,True,鸿远电子,False
2020-01-23,51.5,53.0,49.48,50.12,29476.0,146259912.0,51.0,52.5,48.98,49.62,True,鸿远电子,False
2020-02-03,45.16,45.16,45.16,45.16,2911.0,13000525.999999998,44.66,44.66,44.66,44.66,True,鸿远电子,False
2020-02-04,41.1,44.3,41.1,43.88,34786.0,150901668.0,40.6,43.8,40.6,43.38,True,鸿远电子,False
2020-02-05,44.39,46.05,43.87,45.04,27230.0,121282420.0,43.89,45.55,43.37,44.54,True,鸿远电子,False
2020-02-06,44.96,49.49,44.51,49.3,40939.0,199782320.0,44.46,48.99,44.01,48.8,True,鸿远电子,False
2020-02-07,49.95,54.18,49.91,54.18,67644.0,363112992.0,49.45,53.68,49.41,53.68,True,鸿远电子,False
2020-02-10,59.55,59.55,56.38,57.72,114643.0,655987246.0,59.05,59.05,55.88,57.22,True,鸿远电子,False
2020-02-11,60.1,62.5,56.7,58.5,108119.0,627090200.0,59.6,62.0,56.2,58.0,True,鸿远电子,False
2020-02-12,58.52,63.87,58.52,62.72,108294.0,673805268.0,58.02,63.37,58.02,62.22,True,鸿远电子,False
2020-02-13,61.21,62.77,60.21,60.68,74970.0,451169460.0,60.71,62.27,59.71,60.18,True,鸿远电子,False
2020-02-14,61.19,62.43,60.5,62.04,59382.0,365436828.0,60.69,61.93,60.0,61.54,True,鸿远电子,False
2020-02-17,62.5,66.28,62.5,64.46,75121.0,480473916.0,62.0,65.78,62.0,63.96,True,鸿远电子,False
2020-02-18,64.1,68.2,63.5,67.03,77444.0,515234932.0,63.6,67.7,63.0,66.53,True,鸿远电子,False
2020-02-19,65.5,66.39,63.01,63.2,63005.0,395041350.0,65.0,65.89,62.51,62.7,True,鸿远电子,False
2020-02-20,64.15,66.06,62.82,65.2,54926.0,355371220.0,63.65,65.56,62.32,64.7,True,鸿远电子,False
2020-02-21,65.01,69.48,65.01,67.66,77157.0,518186412.0,64.51,68.98,64.51,67.16,True,鸿远电子,False
2020-02-24,68.3,74.0,67.7,71.7,69239.0,492981680.0,67.8,73.5,67.2,71.2,True,鸿远电子,False
2020-02-25,68.98,71.18,64.8,70.37,83160.0,581038920.0,68.48,70.68,64.3,69.87,True,鸿远电子,False
2020-02-26,70.01,72.02,65.37,65.69,64612.0,421205628.0,69.51,71.52,64.87,65.19,True,鸿远电子,False
2020-02-27,65.71,69.43,64.21,66.49,54064.0,356768336.0,65.21,68.93,63.71,65.99,True,鸿远电子,False
2020-02-28,62.38,64.93,62.0,63.11,46925.0,293797425.0,61.88,64.43,61.5,62.61,True,鸿远电子,False
2020-03-02,65.0,66.0,62.81,64.57,44827.0,287206588.99999994,64.5,65.5,62.31,64.07,True,鸿远电子,False
2020-03-03,65.5,66.9,62.38,63.22,57040.0,357754880.0,65.0,66.4,61.88,62.72,True,鸿远电子,False
2020-03-04,62.9,63.46,60.09,61.59,46026.0,281172834.0,62.4,62.96,59.59,61.09,True,鸿远电子,False
2020-03-05,63.02,63.3,60.68,62.18,38436.0,237073248.0,62.52,62.8,60.18,61.68,True,鸿远电子,False
2020-03-06,61.26,63.0,60.71,62.04,22517.0,138569618.0,60.76,62.5,60.21,61.54,True,鸿远电子,False
2020-03-09,60.6,61.89,57.29,57.31,35210.0,200028010.0,60.1,61.39,56.79,56.81,True,鸿远电子,False
2020-03-10,57.51,60.8,57.1,60.73,37440.0,225501120.0,57.01,60.3,56.6,60.23,True,鸿远电子,False
2020-03-11,60.81,62.89,59.3,59.3,36587.0,215131560.0,60.31,62.39,58.8,58.8,True,鸿远电子,False
2020-03-12,58.5,60.3,57.51,58.99,23905.0,139820345.0,58.0,59.8,57.01,58.49,True,鸿远电子,False
2020-03-13,56.3,60.45,55.85,59.9,33023.0,196156620.0,55.8,59.95,55.35,59.4,True,鸿远电子,False
2020-03-16,59.91,60.3,54.08,55.19,40657.0,222353133.0,59.41,59.8,53.58,54.69,True,鸿远电子,False
2020-03-17,55.51,56.88,51.51,54.13,44378.0,237999214.0,55.01,56.38,51.01,53.63,True,鸿远电子,False
2020-03-18,54.6,57.37,53.68,54.43,39669.0,213934917.0,54.1,56.87,53.18,53.93,True,鸿远电子,False
2020-03-19,54.99,56.79,54.23,56.75,31839.0,179094375.0,54.49,56.29,53.73,56.25,True,鸿远电子,False
2020-03-20,57.47,57.49,53.0,54.03,55625.0,297760625.0,56.97,56.99,52.5,53.53,True,鸿远电子,False
2020-03-23,52.09,52.1,48.68,48.68,48024.0,231379632.0,51.59,51.6,48.18,48.18,True,鸿远电子,False
2020-03-24,49.73,49.88,46.3,48.6,40175.0,193241750.0,49.23,49.38,45.8,48.1,True,鸿远电子,False
2020-03-25,49.65,50.75,49.1,49.65,28273.0,138961795.0,49.15,50.25,48.6,49.15,True,鸿远电子,False
2020-03-26,49.4,50.49,48.51,48.74,19057.0,91930968.0,48.9,49.99,48.01,48.24,True,鸿远电子,False
2020-03-27,49.51,49.8,48.0,48.14,19029.0,90654156.0,49.01,49.3,47.5,47.64,True,鸿远电子,False
2020-03-30,46.69,47.66,44.7,47.6,30165.0,142077150.0,46.19,47.16,44.2,47.1,True,鸿远电子,False
2020-03-31,47.85,48.26,47.1,47.33,16625.0,77854875.0,47.35,47.76,46.6,46.83,True,鸿远电子,False
2020-04-01,46.89,49.82,46.72,48.17,28603.0,136350501.0,46.39,49.32,46.22,47.67,True,鸿远电子,False
2020-04-02,47.82,49.88,47.61,49.8,24684.0,121692120.0,47.32,49.38,47.11,49.3,True,鸿远电子,False
2020-04-03,49.5,50.08,48.55,48.96,19419.0,94104474.0,49.0,49.58,48.05,48.46,True,鸿远电子,False
2020-04-07,50.8,51.01,49.55,50.18,32868.0,163288224.0,50.3,50.51,49.05,49.68,True,鸿远电子,False
2020-04-08,49.93,51.16,49.7,50.49,25643.0,128189357.0,49.43,50.66,49.2,49.99,True,鸿远电子,False
2020-04-09,50.64,50.8,49.98,50.02,18161.0,89933272.0,50.14,50.3,49.48,49.52,True,鸿远电子,False
2020-04-10,50.19,50.19,47.2,47.61,29104.0,137108944.0,49.69,49.69,46.7,47.11,True,鸿远电子,False
2020-04-13,47.18,47.33,46.42,46.81,12124.0,56146244.0,46.68,46.83,45.92,46.31,True,鸿远电子,False
2020-04-14,47.37,48.3,46.87,48.2,15748.0,75117960.0,46.87,47.8,46.37,47.7,True,鸿远电子,False
2020-04-15,48.62,48.98,48.0,48.02,17591.0,83592432.0,48.12,48.48,47.5,47.52,True,鸿远电子,False
2020-04-16,48.0,48.36,47.13,48.17,17251.0,82235517.0,47.5,47.86,46.63,47.67,True,鸿远电子,False
2020-04-17,48.65,49.79,48.18,48.4,28141.0,134795390.0,48.15,49.29,47.68,47.9,True,鸿远电子,False
2020-04-20,48.6,50.9,48.1,50.5,36101.0,180505000.0,48.1,50.4,47.6,50.0,True,鸿远电子,False
2020-04-21,50.26,52.0,49.76,51.55,37210.0,189957050.0,49.76,51.5,49.26,51.05,True,鸿远电子,False
2020-04-22,50.8,51.4,50.1,50.65,20394.0,102275910.0,50.3,50.9,49.6,50.15,True,鸿远电子,False
2020-04-23,50.55,51.18,49.84,50.2,18235.0,90627950.0,50.05,50.68,49.34,49.7,True,鸿远电子,False
2020-04-24,49.95,50.44,49.06,49.49,13776.0,67488624.0,49.45,49.94,48.56,48.99,True,鸿远电子,False
2020-04-27,49.1,49.69,47.51,47.7,16212.0,76520640.0,48.6,49.19,47.01,47.2,True,鸿远电子,False
2020-04-28,48.02,51.14,46.79,50.5,35462.0,177310000.0,47.52,50.64,46.29,50.0,True,鸿远电子,False
2020-04-29,49.95,51.68,49.7,50.83,24549.0,123555117.0,49.45,51.18,49.2,50.33,True,鸿远电子,False
2020-04-30,50.91,52.98,50.91,52.49,31515.0,163846485.0,50.41,52.48,50.41,51.99,True,鸿远电子,False
2020-05-06,51.98,54.0,51.5,53.42,32328.0,171079776.0,51.48,53.5,51.0,52.92,True,鸿远电子,False
2020-05-07,53.43,53.44,52.01,52.3,27047.0,140103460.0,52.93,52.94,51.51,51.8,True,鸿远电子,False
2020-05-08,52.5,53.45,52.5,52.74,24481.0,127888744.0,52.0,52.95,52.0,52.24,True,鸿远电子,False
2020-05-11,52.65,53.43,52.35,52.57,24349.0,126785243.0,52.15,52.93,51.85,52.07,True,鸿远电子,False
2020-05-12,52.49,52.49,50.88,51.73,21604.0,110677292.0,51.99,51.99,50.38,51.23,True,鸿远电子,False
2020-05-13,51.18,52.14,50.63,51.86,25266.0,129766176.0,50.68,51.64,50.13,51.36,True,鸿远电子,False
2020-05-14,51.5,56.46,51.12,55.6,63368.0,349157680.0,51.0,55.96,50.62,55.1,True,鸿远电子,False
2020-05-15,55.61,57.47,55.17,56.46,54295.0,303834820.0,55.11,56.97,54.67,55.96,True,鸿远电子,False
2020-05-18,56.4,58.53,55.61,57.19,43142.0,244571998.0,55.9,58.03,55.11,56.69,True,鸿远电子,False
2020-05-19,57.52,57.73,56.49,56.96,29048.0,164005008.0,57.02,57.23,55.99,56.46,True,鸿远电子,False
2020-05-20,57.2,57.2,54.7,55.22,32353.0,177035616.0,56.7,56.7,54.2,54.72,True,鸿远电子,False
2020-05-21,55.5,55.79,53.23,53.31,30503.0,161086343.0,55.0,55.29,52.73,52.81,True,鸿远电子,False
2020-05-22,53.17,53.87,51.25,51.63,30445.0,155665285.0,52.67,53.37,50.75,51.13,True,鸿远电子,False
2020-05-25,51.77,51.8,49.71,50.15,25032.0,124283880.0,51.27,51.3,49.21,49.65,True,鸿远电子,False
2020-05-26,50.2,52.01,50.2,51.83,23587.0,121072071.0,49.7,51.51,49.7,51.33,True,鸿远电子,False
2020-05-27,51.9,54.09,51.42,51.6,33005.0,168655550.0,51.4,53.59,50.92,51.1,True,鸿远电子,False
2020-05-28,51.97,52.7,50.3,51.67,19684.0,100723028.0,51.47,52.2,49.8,51.17,True,鸿远电子,False
2020-05-29,51.31,52.89,51.0,52.51,24617.0,128033017.0,50.81,52.39,50.5,52.01,True,鸿远电子,False
2020-06-01,52.75,54.69,52.75,54.68,39263.0,212726934.0,52.25,54.19,52.25,54.18,True,鸿远电子,False
2020-06-02,55.11,56.482,54.69,55.376,33580.0,131600020.0,39.0,39.98,38.7,39.19,True,鸿远电子,False
2020-06-03,55.012,55.894,54.046,54.592,48198.0,186188874.0,38.93,39.56,38.24,38.63,True,鸿远电子,False
2020-06-04,54.802,55.376,54.256,54.55,35612.0,137462320.0,38.78,39.19,38.39,38.6,True,鸿远电子,False
2020-06-05,54.55,55.012,54.34,54.718,30605.0,118502560.0,38.6,38.93,38.45,38.72,True,鸿远电子,False
2020-06-08,55.068,55.726,54.27,54.326,29265.0,112494660.0,38.97,39.44,38.4,38.44,True,鸿远电子,False
2020-06-09,54.326,54.774,53.92,54.494,25109.0,96820304.0,38.44,38.76,38.15,38.56,True,鸿远电子,False
2020-06-10,54.494,54.83,53.374,53.57,26758.0,101412820.0,38.56,38.8,37.76,37.9,True,鸿远电子,False
2020-06-11,53.388,54.522,53.01,53.64,29723.0,112798785.0,37.77,38.58,37.5,37.95,True,鸿远电子,False
2020-06-12,52.394,53.29,52.212,52.982,25358.0,95041784.0,37.06,37.7,36.93,37.48,True,鸿远电子,False
2020-06-15,52.632,53.878,52.324,53.262,24747.0,93246696.0,37.23,38.12,37.01,37.68,True,鸿远电子,False
2020-06-16,53.682,55.46,53.556,55.446,48402.0,189929448.0,37.98,39.25,37.89,39.24,True,鸿远电子,False
2020-06-17,55.656,56.328,54.914,55.978,44774.0,177394588.0,39.39,39.87,38.86,39.62,True,鸿远电子,False
2020-06-18,55.88,55.936,54.97,55.362,25515.0,99967770.0,39.55,39.59,38.9,39.18,True,鸿远电子,False
2020-06-19,55.362,55.6,54.788,55.152,33982.0,132631746.0,39.18,39.35,38.77,39.03,True,鸿远电子,False
2020-06-22,55.544,58.96,55.544,58.75,82588.0,343566080.0,39.31,41.75,39.31,41.6,True,鸿远电子,False
2020-06-23,58.736,59.912,58.33,59.492,53675.0,226132775.0,41.59,42.43,41.3,42.13,True,鸿远电子,False
2020-06-24,59.45,59.8,58.33,58.946,33050.0,137950700.0,42.1,42.35,41.3,41.74,True,鸿远电子,False
2020-06-29,58.33,61.732,57.35,60.766,65013.0,279815952.0,41.3,43.73,40.6,43.04,True,鸿远电子,False
2020-06-30,60.682,61.41,59.87,61.06,55854.0,241568550.0,42.98,43.5,42.4,43.25,True,鸿远电子,False
2020-07-01,60.99,62.74,59.38,60.22,64462.0,274930430.0,43.2,44.45,42.05,42.65,True,鸿远电子,False
2020-07-02,60.22,61.816,59.618,61.396,48207.0,209652243.0,42.65,43.79,42.22,43.49,True,鸿远电子,False
2020-07-03,61.634,62.614,60.92,62.068,44220.0,194435340.0,43.66,44.36,43.15,43.97,True,鸿远电子,False
2020-07-06,62.25,64.406,61.634,63.65,61256.0,276264560.0,44.1,45.64,43.66,45.1,True,鸿远电子,False
2020-07-07,63.72,65.302,63.51,63.622,53849.0,242751292.0,45.15,46.28,45.0,45.08,True,鸿远电子,False
2020-07-08,63.622,67.682,62.88,66.674,63687.0,300984762.0,45.08,47.98,44.55,47.26,True,鸿远电子,False
2020-07-09,66.73,69.894,66.394,68.2,64922.0,313897870.0,47.3,49.56,47.06,48.35,True,鸿远电子,False
2020-07-10,67.374,69.614,67.15,67.808,42282.0,203249574.0,47.76,49.36,47.6,48.07,True,鸿远电子,False
2020-07-13,67.864,68.886,67.08,68.648,53383.0,259815061.0,48.11,48.84,47.55,48.67,True,鸿远电子,False
2020-07-14,68.27,68.396,64.924,65.988,63015.0,294721155.0,48.4,48.49,46.01,46.77,True,鸿远电子,False
2020-07-15,66.702,67.99,64.21,64.672,54206.0,248426098.0,47.28,48.2,45.5,45.83,True,鸿远电子,False
2020-07-16,64.574,67.43,61.83,62.124,68652.0,302137452.0,45.76,47.8,43.8,44.01,True,鸿远电子,False
2020-07-17,62.082,63.202,61.13,62.46,30399.0,134515575.0,43.98,44.78,43.3,44.25,True,鸿远电子,False
2020-07-20,63.622,68.55,62.824,68.55,67194.0,326562840.0,45.08,48.6,44.51,48.6,True,鸿远电子,False
2020-07-21,69.194,71.112,68.536,69.18,70338.0,345007890.0,49.06,50.43,48.59,49.05,True,鸿远电子,False
2020-07-22,69.18,73.31,68.522,71.56,70413.0,357345975.0,49.05,52.0,48.58,50.75,True,鸿远电子,False
2020-07-23,71.21,73.17,69.656,72.554,61334.0,315624764.0,50.5,51.9,49.39,51.46,True,鸿远电子,False
2020-07-24,72.75,73.282,68.41,70.23,63822.0,317833560.0,51.6,51.98,48.5,49.8,True,鸿远电子,False
2020-07-27,70.062,71.826,68.536,69.068,44339.0,217128083.0,49.68,50.94,48.59,48.97,True,鸿远电子,False
2020-07-28,70.37,72.316,68.578,71.91,55785.0,284503500.0,49.9,51.29,48.62,51.0,True,鸿远电子,False
2020-07-29,71.49,77.622,71.21,76.936,60616.0,330902744.0,50.7,55.08,50.5,54.59,True,鸿远电子,False
2020-07-30,77.468,78.28,74.71,77.65,47210.0,260127100.0,54.97,55.55,53.0,55.1,True,鸿远电子,False
2020-07-31,76.824,78.014,74.15,76.67,57670.0,313724800.0,54.51,55.36,52.6,54.4,True,鸿远电子,False
2020-08-03,77.356,79.988,76.124,79.036,50994.0,286025346.0,54.89,56.77,54.01,56.09,True,鸿远电子,False
2020-08-04,78.784,78.91,74.794,77.09,55654.0,304427380.0,55.91,56.0,53.06,54.7,True,鸿远电子,False
2020-08-05,75.774,78.56,73.464,77.076,45050.0,246378450.0,53.76,55.75,52.11,54.69,True,鸿远电子,False
2020-08-06,78.686,84.734,78.686,84.734,63277.0,380674432.0,55.84,60.16,55.84,60.16,True,鸿远电子,False
2020-08-07,85.322,92.84,82.158,88.542,90473.0,568894224.0,60.58,65.95,58.32,62.88,True,鸿远电子,False
2020-08-10,92.252,97.348,90.502,93.218,95315.0,631175930.0,65.53,69.17,64.28,66.22,True,鸿远电子,False
2020-08-11,91.72,96.48,90.81,92.056,51118.0,334260602.0,65.15,68.55,64.5,65.39,True,鸿远电子,False
2020-08-12,92.042,92.042,82.9,83.754,79537.0,472927002.0,65.38,65.38,58.85,59.46,True,鸿远电子,False
2020-08-13,84.538,92.084,84.538,92.084,66409.0,434381269.0,60.02,65.41,60.02,65.41,True,鸿远电子,False
2020-08-14,92.084,94.674,90.53,91.426,52621.0,341720774.0,65.41,67.26,64.3,64.94,True,鸿远电子,False
2020-08-17,91.636,99.812,91.636,99.616,42171.0,298528509.0,65.09,70.93,65.09,70.79,True,鸿远电子,False
2020-08-18,98.608,105.51,97.53,101.1,57058.0,409961730.0,70.07,75.0,69.3,71.85,True,鸿远电子,False
2020-08-19,99.756,103.718,98.608,99.07,35519.0,250053760.00000003,70.89,73.72,70.07,70.4,True,鸿远电子,False
2020-08-20,98.132,103.914,97.81,102.01,39645.0,287426250.0,69.73,73.86,69.5,72.5,True,鸿远电子,False
2020-08-21,101.562,102.808,96.032,100.344,48941.0,348998271.0,72.18,73.07,68.23,71.31,True,鸿远电子,False
2020-08-24,100.47,106.168,100.47,102.57,40802.0,297446580.0,71.4,75.47,71.4,72.9,True,鸿远电子,False
2020-08-25,103.522,103.774,97.516,99.182,43531.0,306806488.0,73.58,73.76,69.29,70.48,True,鸿远电子,False
2020-08-26,99.042,100.61,93.764,95.01,41605.0,280833750.0,70.38,71.5,66.61,67.5,True,鸿远电子,False
2020-08-27,95.92,101.31,95.85,98.72,31719.0,222508785.00000003,68.15,72.0,68.1,70.15,True,鸿远电子,False
2020-08-28,98.902,102.85,98.356,101.198,23771.0,170961032.0,70.28,73.1,69.89,71.92,True,鸿远电子,False
2020-08-31,102.556,107.526,102.29,106.21,40219.0,303653450.0,72.89,76.44,72.7,75.5,True,鸿远电子,False
2020-09-01,104.81,107.89,103.242,105.65,30027.0,225502770.0,74.5,76.7,73.38,75.1,True,鸿远电子,False
2020-09-02,106.588,106.588,102.724,104.418,18499.0,137299578.0,75.77,75.77,73.01,74.22,True,鸿远电子,False
2020-09-03,105.188,108.03,103.564,104.656,22934.0,170606026.0,74.77,76.8,73.61,74.39,True,鸿远电子,False
2020-09-04,102.71,106.07,102.122,103.41,14579.0,107155650.0,73.0,75.4,72.58,73.5,True,鸿远电子,False
2020-09-07,103.27,104.124,99.14,100.4,19951.0,142350385.0,73.4,74.01,70.45,71.35,True,鸿远电子,False
2020-09-08,98.608,100.4,96.018,98.51,20730.0,145110000.0,70.07,71.35,68.22,70.0,True,鸿远电子,False
2020-09-09,98.23,99.14,94.954,96.256,16555.0,113219645.0,69.8,70.45,67.46,68.39,True,鸿远电子,False
2020-09-10,97.026,98.762,94.464,95.332,19261.0,130454753.0,68.94,70.18,67.11,67.73,True,鸿远电子,False
2020-09-11,96.816,97.922,94.072,96.536,13306.0,91265854.0,68.79,69.58,66.83,68.59,True,鸿远电子,False
2020-09-14,96.76,100.33,95.094,98.51,25710.0,179970000.0,68.75,71.3,67.56,70.0,True,鸿远电子,False
2020-09-15,98.51,98.804,96.27,98.454,18087.0,126536652.0,70.0,70.21,68.4,69.96,True,鸿远电子,False
2020-09-16,99.49,100.316,97.18,99.056,14113.0,99341407.0,70.7,71.29,69.05,70.39,True,鸿远电子,False
2020-09-17,99.364,106.84,98.16,106.014,37204.0,280369344.0,70.61,75.95,69.75,75.36,True,鸿远电子,False
2020-09-18,106.308,113.742,106.308,111.81,43028.0,342072600.0,75.57,80.88,75.57,79.5,True,鸿远电子,False
2020-09-21,110.13,118.222,110.116,114.61,36424.0,296855600.0,78.3,84.08,78.29,81.5,True,鸿远电子,False
2020-09-22,112.65,116.444,110.466,115.17,24185.0,198075150.0,80.1,82.81,78.54,81.9,True,鸿远电子,False
2020-09-23,114.372,116.71,113.21,116.164,14545.0,120156245.0,81.33,83.0,80.5,82.61,True,鸿远电子,False
2020-09-24,115.814,117.97,113.07,115.31,15800.0,129560000.0,82.36,83.9,80.4,82.0,True,鸿远电子,False
2020-09-25,115.884,116.668,112.37,113.35,11103.0,89490180.0,82.41,82.97,79.9,80.6,True,鸿远电子,False
2020-09-28,115.17,116.724,110.886,113.084,17315.0,139229915.0,81.9,83.01,78.84,80.41,True,鸿远电子,False
2020-09-29,114.792,119.23,111.81,117.214,21115.0,176014640.0,81.63,84.8,79.5,83.36,True,鸿远电子,False
2020-09-30,116.92,119.79,114.806,119.72,23104.0,196730560.0,83.15,85.2,81.64,85.15,True,鸿远电子,False
2020-10-09,120.91,122.772,116.668,120.616,25091.0,215255689.00000003,86.0,87.33,82.97,85.79,True,鸿远电子,False
2020-10-12,119.51,121.834,117.83,119.93,19775.0,168680750.0,85.0,86.66,83.8,85.3,True,鸿远电子,False
2020-10-13,119.566,121.722,117.41,118.544,20204.0,170339924.0,85.04,86.58,83.5,84.31,True,鸿远电子,False
2020-10-14,118.684,121.61,118.04,121.484,16974.0,146672334.0,84.41,86.5,83.95,86.41,True,鸿远电子,False
2020-10-15,121.498,125.39,120.616,121.89,19175.0,166247250.0,86.42,89.2,85.79,86.7,True,鸿远电子,False
2020-10-16,121.596,123.276,118.922,122.66,12894.0,112500150.0,86.49,87.69,84.58,87.25,True,鸿远电子,False
2020-10-19,123.206,123.206,113.35,116.01,26707.0,220332750.0,87.64,87.64,80.6,82.5,True,鸿远电子,False
2020-10-20,117.06,122.73,115.352,122.59,21389.0,186512080.0,83.25,87.3,82.03,87.2,True,鸿远电子,False
2020-10-21,122.59,126.23,117.144,118.334,25706.0,216341696.0,87.2,89.8,83.31,84.16,True,鸿远电子,False
2020-10-22,117.2,117.438,107.078,112.496,45305.0,362394695.0,83.35,83.52,76.12,79.99,True,鸿远电子,False
2020-10-23,111.81,113.714,106.84,108.1,28222.0,216886070.0,79.5,80.86,75.95,76.85,True,鸿远电子,False
2020-10-26,109.15,118.866,105.538,118.866,42327.0,357832458.0,77.6,84.54,75.02,84.54,True,鸿远电子,False
2020-10-27,122.24,123.304,115.562,119.216,39244.0,332749876.0,86.95,87.71,82.18,84.79,True,鸿远电子,False
2020-10-28,119.076,120.714,117.69,118.026,21349.0,179203506.0,84.69,85.86,83.7,83.94,True,鸿远电子,False
2020-10-29,116.01,121.596,115.17,120.812,26186.0,225016298.00000003,82.5,86.49,81.9,85.93,True,鸿远电子,False
2020-10-30,123.08,123.71,115.31,117.13,40489.0,337273370.0,87.55,88.0,82.0,83.3,True,鸿远电子,False
2020-11-02,116.08,119.832,114.316,118.628,19089.0,161053893.0,82.55,85.23,81.29,84.37,True,鸿远电子,False
2020-11-03,119.804,124.634,118.362,124.396,27860.0,246533140.0,85.21,88.66,84.18,88.49,True,鸿远电子,False
2020-11-04,124.382,134.98,122.632,132.432,44343.0,417844089.0,88.48,96.05,87.23,94.23,True,鸿远电子,False
2020-11-05,132.446,132.67,128.302,130.22,25841.0,239416865.0,94.24,94.4,91.28,92.65,True,鸿远电子,False
2020-11-06,129.03,129.982,126.02,128.89,21495.0,197109150.0,91.8,92.48,89.65,91.7,True,鸿远电子,False
2020-11-09,128.82,130.15,122.632,129.002,30908.0,283673624.0,91.65,92.6,87.23,91.78,True,鸿远电子,False
2020-11-10,126.79,127.196,122.576,123.85,22726.0,200216060.0,90.2,90.49,87.19,88.1,True,鸿远电子,False
2020-11-11,124.41,126.034,120.854,121.33,22699.0,195892370.0,88.5,89.66,85.96,86.3,True,鸿远电子,False
2020-11-12,120.63,123.29,120.63,122.296,8807.0,76612093.0,85.8,87.7,85.8,86.99,True,鸿远电子,False
2020-11-13,121.96,127.21,120.098,126.51,16894.0,152046000.0,86.75,90.5,85.42,90.0,True,鸿远电子,False
2020-11-16,126.566,129.142,124.13,128.358,20571.0,187854372.0,90.04,91.88,88.3,91.32,True,鸿远电子,False
2020-11-17,127.07,127.084,117.606,124.242,26966.0,238325508.0,90.4,90.41,83.64,88.38,True,鸿远电子,False
2020-11-18,122.66,125.236,120.896,121.582,12324.0,106577952.0,87.25,89.09,85.99,86.48,True,鸿远电子,False
2020-11-19,120.21,131.41,118.782,131.284,28352.0,264836032.0,85.5,93.5,84.48,93.41,True,鸿远电子,False
2020-11-20,132.502,137.654,130.584,134.77,34059.0,326625810.0,94.28,97.96,92.91,95.9,True,鸿远电子,False
2020-11-23,136.31,137.01,130.808,134.42,18524.0,177182060.0,97.0,97.5,93.07,95.65,True,鸿远电子,False
2020-11-24,136.73,136.73,131.032,134.56,11845.0,113415875.0,97.3,97.3,93.23,95.75,True,鸿远电子,False
2020-11-25,133.804,134.91,123.962,123.962,25401.0,223986018.00000003,95.21,96.0,88.18,88.18,True,鸿远电子,False
2020-11-26,123.85,126.748,120.7,126.09,19089.0,171228330.0,88.1,90.17,85.85,89.7,True,鸿远电子,False
2020-11-27,124.984,131.396,124.214,130.29,13665.0,126674550.0,88.91,93.49,88.36,92.7,True,鸿远电子,False
2020-11-30,130.29,136.464,128.89,132.348,25077.0,236150109.0,92.7,97.11,91.7,94.17,True,鸿远电子,False
2020-12-01,132.054,140.482,130.724,139.628,32801.0,325943537.0,93.96,99.98,93.01,99.37,True,鸿远电子,False
2020-12-02,139.67,145.97,138.438,144.01,31599.0,323889750.0,99.4,103.9,98.52,102.5,True,鸿远电子,False
2020-12-03,145.368,145.69,140.79,143.058,17178.0,174906396.0,103.47,103.7,100.2,101.82,True,鸿远电子,False
2020-12-04,142.008,146.81,139.698,146.432,18196.0,189656908.0,101.07,104.5,99.42,104.23,True,鸿远电子,False
2020-12-07,146.502,157.31,142.624,152.27,41750.0,452570000.0,104.28,112.0,101.51,108.4,True,鸿远电子,False
2020-12-08,153.488,156.54,151.71,153.81,21616.0,236695200.0,109.27,111.45,108.0,109.5,True,鸿远电子,False
2020-12-09,154.146,159.396,151.304,152.102,27033.0,292713324.0,109.74,113.49,107.71,108.28,True,鸿远电子,False
2020-12-10,153.586,163.19,150.73,156.876,29462.0,329061078.0,109.34,116.2,107.3,111.69,True,鸿远电子,False
2020-12-11,156.596,163.442,153.18,155.308,44638.0,493562366.0,111.49,116.38,109.05,110.57,True,鸿远电子,False
2020-12-14,157.226,163.61,155.938,163.19,27135.0,315308700.0,111.94,116.5,111.02,116.2,True,鸿远电子,False
2020-12-15,161.37,167.53,159.648,162.35,24321.0,281150760.0,114.9,119.3,113.67,115.6,True,鸿远电子,False
2020-12-16,162.364,168.342,160.11,168.034,23848.0,285365168.0,115.61,119.88,114.0,119.66,True,鸿远电子,False
2020-12-17,165.5,168.006,157.842,163.61,29204.0,340226600.0,117.85,119.64,112.38,116.5,True,鸿远电子,False
2020-12-18,163.918,166.97,161.356,165.99,20233.0,239154060.0,116.72,118.9,114.89,118.2,True,鸿远电子,False
2020-12-21,165.08,172.15,163.47,170.61,29927.0,363613050.0,117.55,122.6,116.4,121.5,True,鸿远电子,False
2020-12-22,168.51,172.71,164.128,167.95,25026.0,299310960.0,120.0,123.0,116.87,119.6,True,鸿远电子,False
2020-12-23,169.756,174.67,162.28,173.97,28908.0,358170120.0,120.89,124.4,115.55,123.9,True,鸿远电子,False
2020-12-24,173.41,179.374,169.238,173.984,26637.0,330059067.0,123.5,127.76,120.52,123.91,True,鸿远电子,False
2020-12-25,173.634,178.59,168.79,176.77,25037.0,315215830.0,123.66,127.2,120.2,125.9,True,鸿远电子,False
2020-12-28,178.59,179.29,173.41,176.42,17746.0,222978490.0,127.2,127.7,123.5,125.65,True,鸿远电子,False
2020-12-29,176.112,177.61,172.43,174.11,15228.0,188827200.0,125.43,126.5,122.8,124.0,True,鸿远电子,False
2020-12-30,173.55,177.89,172.584,175.23,19673.0,245519040.0,123.6,126.7,122.91,124.8,True,鸿远电子,False
2020-12-31,175.244,181.81,175.244,180.774,29800.0,383704800.0,124.81,129.5,124.81,128.76,True,鸿远电子,False
2021-01-04,184.89,198.806,184.89,198.806,35529.0,503232756.0,131.7,141.64,131.7,141.64,True,鸿远电子,False
2021-01-05,203.37,211.91,200.71,209.11,37500.0,558750000.0,144.9,151.0,143.0,149.0,True,鸿远电子,False
2021-01-06,207.01,209.95,198.89,207.122,28968.0,427509744.00000006,147.5,149.6,141.7,147.58,True,鸿远电子,False
2021-01-07,205.806,215.41,205.036,215.102,34488.0,528632064.0,146.64,153.5,146.09,153.28,True,鸿远电子,False
2021-01-08,212.792,219.722,208.214,209.138,29672.0,442172144.00000006,151.63,156.58,148.36,149.02,True,鸿远电子,False
2021-01-11,216.824,216.95,204.336,205.106,29230.0,427167220.0,154.51,154.6,145.59,146.14,True,鸿远电子,False
2021-01-12,205.876,213.968,203.958,209.11,32178.0,479452200.0,146.69,152.47,145.32,149.0,True,鸿远电子,False
2021-01-13,208.074,208.578,190.994,197.63,43384.0,610846720.0,148.26,148.62,136.06,140.8,True,鸿远电子,False
2021-01-14,196.37,197.35,182.328,185.03,57022.0,751549960.0000001,139.9,140.6,129.87,131.8,True,鸿远电子,False
2021-01-15,183.77,198.82,183.77,194.522,49740.0,689296920.0000001,130.9,141.65,130.9,138.58,True,鸿远电子,False
2021-01-18,196.51,207.836,191.414,199.94,33761.0,480925445.0,140.0,148.09,136.36,142.45,True,鸿远电子,False
2021-01-19,199.94,202.922,195.264,197.77,23720.0,334214800.0,142.45,144.58,139.11,140.9,True,鸿远电子,False
2021-01-20,196.888,211.63,195.922,209.348,26307.0,392421519.0,140.27,150.8,139.58,149.17,True,鸿远电子,False
2021-01-21,210.37,211.91,200.85,206.968,33737.0,497519539.0,149.9,151.0,143.1,147.47,True,鸿远电子,False
2021-01-22,203.51,207.78,196.51,206.24,32726.0,480908570.0,145.0,148.05,140.0,146.95,True,鸿远电子,False
2021-01-25,205.89,221.01,205.89,211.336,37817.0,569486203.0,146.7,157.5,146.7,150.59,True,鸿远电子,False
2021-01-26,220.38,220.38,199.464,206.296,46353.0,681342747.0,157.05,157.05,142.11,146.99,True,鸿远电子,False
2021-01-27,207.99,216.964,207.99,210.51,33108.0,496620000.0,148.2,154.61,148.2,150.0,True,鸿远电子,False
2021-01-28,210.216,219.722,200.43,200.99,35515.0,508574800.0,149.79,156.58,142.8,143.2,True,鸿远电子,False
2021-01-29,201.41,211.742,186.01,189.622,42805.0,578209940.0,143.5,150.88,132.5,135.08,True,鸿远电子,False
2021-02-01,191.036,193.99,188.362,192.366,22328.0,305982912.0,136.09,138.2,134.18,137.04,True,鸿远电子,False
2021-02-02,194.27,199.24,184.414,197.756,27025.0,380755225.0,138.4,141.95,131.36,140.89,True,鸿远电子,False
2021-02-03,198.106,199.87,183.742,187.452,34096.0,455283888.0,141.14,142.4,130.88,133.53,True,鸿远电子,False
2021-02-04,184.54,190.49,180.354,188.222,28272.0,379070976.00000006,131.45,135.7,128.46,134.08,True,鸿远电子,False
2021-02-05,191.736,193.01,181.838,182.006,26995.0,349963179.99999994,136.59,137.5,129.52,129.64,True,鸿远电子,False
2021-02-08,183.56,186.696,174.096,178.464,37012.0,470459532.0,130.75,132.99,123.99,127.11,True,鸿远电子,False
2021-02-09,185.128,196.258,178.618,196.258,32922.0,460315404.0,131.87,139.82,127.22,139.82,True,鸿远电子,False
2021-02-10,197.266,200.71,185.184,190.924,42118.0,572846918.0,140.54,143.0,131.91,136.01,True,鸿远电子,False
2021-02-18,191.344,195.39,179.878,182.538,32770.0,426075540.00000006,136.31,139.2,128.12,130.02,True,鸿远电子,False
2021-02-19,179.71,182.104,174.95,179.556,21710.0,277649190.0,128.0,129.71,124.6,127.89,True,鸿远电子,False
2021-02-22,178.506,179.766,168.79,168.79,28762.0,345719240.0,127.14,128.04,120.2,120.2,True,鸿远电子,False
2021-02-23,168.412,173.018,166.41,170.554,29311.0,356011406.0,119.93,123.22,118.5,121.46,True,鸿远电子,False
2021-02-24,170.96,179.08,170.96,175.986,27505.0,344747670.0,121.75,127.55,121.75,125.34,True,鸿远电子,False
2021-02-25,176.042,193.528,172.962,193.528,39805.0,548791535.0,125.38,137.87,123.18,137.87,True,鸿远电子,False
2021-02-26,187.55,188.95,174.25,174.404,37282.0,463079722.0,133.6,134.6,124.1,124.21,True,鸿远电子,False
2021-03-01,171.94,176.21,170.414,174.25,26642.0,330627220.0,122.45,125.5,121.36,124.1,True,鸿远电子,False
2021-03-02,175.51,179.696,168.622,173.914,28523.0,353285878.0,125.0,127.99,120.08,123.86,True,鸿远电子,False
2021-03-03,171.31,175.482,167.082,173.802,25776.0,319055328.0,122.0,124.98,118.98,123.78,True,鸿远电子,False
2021-03-04,173.536,176.14,164.548,171.87,26036.0,318680640.0,123.59,125.45,117.17,122.4,True,鸿远电子,False
2021-03-05,170.358,181.53,166.144,174.558,28781.0,357805392.0,121.32,129.3,118.31,124.32,True,鸿远电子,False
2021-03-08,176.742,178.716,161.51,163.05,33004.0,383176440.0,125.88,127.29,115.0,116.1,True,鸿远电子,False
2021-03-09,164.072,164.142,148.434,154.72,31749.0,349715235.0,116.83,116.88,105.66,110.15,True,鸿远电子,False
2021-03-10,160.11,163.82,157.674,161.09,17957.0,205966790.0,114.0,116.65,112.26,114.7,True,鸿远电子,False
2021-03-11,161.832,167.362,158.738,162.882,17478.0,202709844.0,115.23,119.18,113.02,115.98,True,鸿远电子,False
2021-03-12,163.274,165.64,158.724,160.18,13561.0,154663205.0,116.26,117.95,113.01,114.05,True,鸿远电子,False
2021-03-15,160.726,161.328,155.21,156.316,17179.0,191185091.0,114.44,114.87,110.5,111.29,True,鸿远电子,False
2021-03-16,156.554,162.42,154.356,158.92,18399.0,208184685.0,111.46,115.65,109.89,113.15,True,鸿远电子,False
2021-03-17,161.93,168.86,155.658,163.078,17783.0,206496196.0,115.3,120.25,110.82,116.12,True,鸿远电子,False
2021-03-18,164.002,170.61,161.58,167.894,18201.0,217611156.0,116.78,121.5,115.05,119.56,True,鸿远电子,False
2021-03-19,164.59,180.396,163.204,176.084,33343.0,418154563.0,117.2,128.49,116.21,125.41,True,鸿远电子,False
2021-03-22,174.838,179.71,173.41,174.74,19596.0,243872220.0,124.52,128.0,123.5,124.45,True,鸿远电子,False
2021-03-23,176.742,181.096,173.774,176.448,18611.0,233884437.0,125.88,128.99,123.76,125.67,True,鸿远电子,False
2021-03-24,175.076,180.396,172.724,178.016,18003.0,228260037.0,124.69,128.49,123.01,126.79,True,鸿远电子,False
2021-03-25,176.14,181.53,173.074,174.81,20397.0,253942650.0,125.45,129.3,123.26,124.5,True,鸿远电子,False
2021-03-26,174.054,182.09,163.134,174.11,45161.0,559996400.0,123.96,129.7,116.16,124.0,True,鸿远电子,False
2021-03-29,177.666,189.51,176.7,189.02,44662.0,601373830.0,126.54,135.0,125.85,134.65,True,鸿远电子,False
2021-03-30,186.71,196.93,186.136,193.556,45015.0,620711834.9999999,133.0,140.3,132.59,137.89,True,鸿远电子,False
2021-03-31,192.31,192.31,175.762,182.132,37167.0,482167491.0,137.0,137.0,125.18,129.73,True,鸿远电子,False
2021-04-01,181.138,189.468,180.41,188.558,21612.0,290292384.0,129.02,134.97,128.5,134.32,True,鸿远电子,False
2021-04-02,187.872,192.24,183.91,184.848,16152.0,212673384.0,133.83,136.95,131.0,131.67,True,鸿远电子,False
2021-04-06,184.568,188.082,177.33,183.35,20055.0,261918300.0,131.47,133.98,126.3,130.6,True,鸿远电子,False
2021-04-07,182.916,185.562,175.524,183.476,18535.0,242233915.0,130.29,132.18,125.01,130.69,True,鸿远电子,False
2021-04-08,184.904,186.136,180.004,182.832,11794.0,153593262.0,131.71,132.59,128.21,130.23,True,鸿远电子,False
2021-04-09,184.708,191.82,184.708,188.516,21695.0,291342155.0,131.57,136.65,131.57,134.29,True,鸿远电子,False
2021-04-12,189.188,189.314,176.77,177.372,22136.0,279644088.0,134.77,134.86,125.9,126.33,True,鸿远电子,False
2021-04-13,178.31,183.56,176.056,177.764,12933.0,163744713.0,127.0,130.75,125.39,126.61,True,鸿远电子,False
2021-04-14,176.812,180.592,173.788,179.066,18469.0,235553626.0,125.93,128.63,123.77,127.54,True,鸿远电子,False
2021-04-15,178.422,180.298,174.11,176.294,10334.0,129753704.0,127.08,128.42,124.0,125.56,True,鸿远电子,False
2021-04-16,177.582,178.254,172.01,173.48,11104.0,137189920.0,126.48,126.96,122.5,123.55,True,鸿远电子,False
2021-04-19,172.836,175.356,169.336,175.062,13334.0,166248312.0,123.09,124.89,120.59,124.68,True,鸿远电子,False
2021-04-20,178.31,178.31,171.394,172.248,12534.0,153754578.0,127.0,127.0,122.06,122.67,True,鸿远电子,False
2021-04-21,172.192,173.83,166.816,171.268,15507.0,189138879.0,122.63,123.8,118.79,121.97,True,鸿远电子,False
2021-04-22,171.31,174.81,170.358,171.17,7326.0,89303940.0,122.0,124.5,121.32,121.9,True,鸿远电子,False
2021-04-23,172.57,174.39,166.41,167.11,20617.0,245342300.0,122.9,124.2,118.5,119.0,True,鸿远电子,False
2021-04-26,166.466,177.442,166.466,173.13,22858.0,281839140.0,118.54,126.38,118.54,123.3,True,鸿远电子,False
2021-04-27,177.862,189.342,169.322,179.01,46929.0,598344750.0,126.68,134.88,120.58,127.5,True,鸿远电子,False
2021-04-28,179.01,181.11,171.436,176.35,34632.0,434977920.0,127.5,129.0,122.09,125.6,True,鸿远电子,False
2021-04-29,176.532,179.08,173.508,173.676,16674.0,205623768.0,125.36,127.18,123.2,123.32,True,鸿远电子,False
2021-04-30,174.628,175.132,160.432,164.828,48962.0,572855400.0,124.0,124.36,113.86,117.0,True,鸿远电子,False
2021-05-06,167.124,172.864,162.826,167.978,29037.0,346266225.0,118.64,122.74,115.57,119.25,True,鸿远电子,False
2021-05-07,166.382,167.992,159.48,159.62,28214.0,319608192.0,118.11,119.26,113.18,113.28,True,鸿远电子,False
2021-05-10,159.466,160.222,151.668,154.062,19296.0,210924576.0,113.17,113.71,107.6,109.31,True,鸿远电子,False
2021-05-11,154.944,155.28,146.026,152.648,36358.0,393757140.0,109.94,110.18,103.57,108.3,True,鸿远电子,False
2021-05-12,152.256,156.974,148.56,154.594,19326.0,211986894.0,108.02,111.39,105.38,109.69,True,鸿远电子,False
2021-05-13,152.494,153.376,147.664,150.674,14644.0,156529716.0,108.19,108.82,104.74,106.89,True,鸿远电子,False
2021-05-14,152.536,159.368,151.528,159.368,25763.0,291379530.0,108.22,113.1,107.5,113.1,True,鸿远电子,False
2021-05-17,163.428,165.948,159.522,162.266,21959.0,252901803.0,116.0,117.8,113.21,115.17,True,鸿远电子,False
2021-05-18,161.482,163.708,158.906,162.532,14838.0,171171168.0,114.61,116.2,112.77,115.36,True,鸿远电子,False
2021-05-19,163.05,168.328,160.18,166.214,15300.0,180524700.0,115.73,119.5,113.68,117.99,True,鸿远电子,False
2021-05-20,164.128,167.614,163.12,166.242,14437.0,170371037.0,116.5,118.99,115.78,118.01,True,鸿远电子,False
2021-05-21,166.13,168.608,159.368,165.346,22898.0,268753826.0,117.93,119.7,113.1,117.37,True,鸿远电子,False
2021-05-24,165.108,169.014,162.756,168.034,18069.0,215545101.0,117.2,119.99,115.52,119.29,True,鸿远电子,False
2021-05-25,169.728,178.548,168.608,177.008,29441.0,370073370.0,120.5,126.8,119.7,125.7,True,鸿远电子,False
2021-05-26,177.26,178.66,173.228,173.788,14706.0,181472040.0,125.88,126.88,123.0,123.4,True,鸿远电子,False
2021-05-27,174.852,176.028,170.036,176.028,25391.0,317387500.0,124.16,125.0,120.72,125.0,True,鸿远电子,False
2021-05-28,171.604,175.02,169.686,172.094,19391.0,236938629.0,121.84,124.28,120.47,122.19,True,鸿远电子,False
2021-05-31,171.772,181.46,171.772,181.222,30692.0,395036732.0,121.96,128.88,121.96,128.71,True,鸿远电子,False
2021-06-01,181.768,186.528,176.994,182.118,32118.0,415446330.0,129.1,132.5,125.69,129.35,True,鸿远电子,False
2021-06-02,180.9,183.49,177.414,178.45,15803.0,200271419.0,128.48,130.33,125.99,126.73,True,鸿远电子,False
2021-06-03,176.28,178.436,168.076,169.028,24152.0,289824000.0,125.18,126.72,119.32,120.0,True,鸿远电子,False
2021-06-04,171.114,171.114,157.072,165.164,38150.0,447270600.0,121.49,121.49,111.46,117.24,True,鸿远电子,False
2021-06-07,166.41,172.528,162.84,169.868,26986.0,325451160.0,118.13,122.5,115.58,120.6,True,鸿远电子,False
2021-06-08,171.464,172.15,165.598,168.496,16924.0,202444888.0,121.74,122.23,117.55,119.62,True,鸿远电子,False
2021-06-09,168.258,173.62,164.8,167.558,20327.0,241789665.0,119.45,123.28,116.98,118.95,True,鸿远电子,False
2021-06-10,167.096,168.132,163.652,166.354,19694.0,232566446.0,118.62,119.36,116.16,118.09,True,鸿远电子,False
2021-06-11,169.028,169.966,160.194,163.428,32256.0,374169600.0,120.0,120.67,113.69,116.0,True,鸿远电子,False
2021-06-15,162.854,164.45,156.33,159.284,32458.0,366905232.0,115.59,116.73,110.93,113.04,True,鸿远电子,False
2021-06-16,160.908,166.004,158.15,159.298,25832.0,292030760.0,114.2,117.84,112.23,113.05,True,鸿远电子,False
2021-06-17,159.228,161.944,158.01,160.166,20751.0,235876617.0,113.0,114.94,112.13,113.67,True,鸿远电子,False
2021-06-18,160.166,163.148,157.828,160.866,32367.0,369534039.0,113.67,115.8,112.0,114.17,True,鸿远电子,False
2021-06-21,159.242,170.47,156.428,169.448,46092.0,554486760.0,113.01,121.03,111.0,120.3,True,鸿远电子,False
2021-06-22,169.798,174.04,168.748,172.878,27553.0,338213075.0,120.55,123.58,119.8,122.75,True,鸿远电子,False
2021-06-23,172.528,175.454,166.522,170.498,27781.0,336289005.0,122.5,124.59,118.21,121.05,True,鸿远电子,False
2021-06-24,171.128,171.828,159.522,161.328,37673.0,431355850.0,121.5,122.0,113.21,114.5,True,鸿远电子,False
2021-06-25,159.928,165.038,159.648,163.862,39701.0,461762331.0,113.5,117.15,113.3,116.31,True,鸿远电子,False
2021-06-28,166.088,178.828,163.862,174.824,52908.0,656799912.0,117.9,127.0,116.31,124.14,True,鸿远电子,False
2021-06-29,174.628,178.142,166.242,175.972,47991.0,599695536.0,124.0,126.51,118.01,124.96,True,鸿远电子,False
2021-06-30,176.742,181.138,171.254,180.116,39225.0,501766200.0,125.51,128.65,121.59,127.92,True,鸿远电子,False
2021-07-01,180.228,182.412,174.572,174.824,31541.0,391549974.0,128.0,129.56,123.96,124.14,True,鸿远电子,False
2021-07-02,176.028,177.078,163.68,164.66,38404.0,448865952.0,125.0,125.75,116.18,116.88,True,鸿远电子,False
2021-07-05,166.228,166.228,160.656,164.226,29681.0,345991417.0,118.0,118.0,114.02,116.57,True,鸿远电子,False
2021-07-06,164.226,165.528,158.836,160.32,31627.0,359852006.0,116.57,117.5,112.72,113.78,True,鸿远电子,False
2021-07-07,158.808,175.846,158.808,174.95,52041.0,646505343.0,112.7,124.87,112.7,124.23,True,鸿远电子,False
2021-07-08,175.37,188.04,174.292,185.408,69412.0,914156040.0,124.53,133.58,123.76,131.7,True,鸿远电子,False
2021-07-09,185.394,193.668,183.028,188.782,58190.0,780386090.0000001,131.69,137.6,130.0,134.11,True,鸿远电子,False
2021-07-12,187.676,193.57,182.37,191.148,61102.0,829765160.0000001,133.32,137.53,129.53,135.8,True,鸿远电子,False
2021-07-13,188.992,199.534,188.628,191.246,39394.0,535246278.0,134.26,141.79,134.0,135.87,True,鸿远电子,False
2021-07-14,184.428,204.854,184.246,198.974,51978.0,734916941.9999999,131.0,145.59,130.87,141.39,True,鸿远电子,False
2021-07-15,197.742,202.614,191.54,200.486,38394.0,546999318.0,140.51,143.99,136.08,142.47,True,鸿远电子,False
2021-07-16,201.228,214.486,192.954,209.334,52898.0,787069342.0,143.0,152.47,137.09,148.79,True,鸿远电子,False
2021-07-19,208.228,215.718,195.628,199.478,48075.0,681463125.0,148.0,153.35,139.0,141.75,True,鸿远电子,False
2021-07-20,197.728,213.828,192.842,210.972,44538.0,667891848.0,140.5,152.0,137.01,149.96,True,鸿远电子,False
2021-07-21,207.402,212.414,205.708,209.628,35849.0,534150100.0,147.41,150.99,146.2,149.0,True,鸿远电子,False
2021-07-22,208.97,210.3,202.614,208.648,24481.0,363053230.0,148.53,149.48,143.99,148.3,True,鸿远电子,False
2021-07-23,209.404,213.828,205.428,212.106,35398.0,533695646.00000006,148.84,152.0,146.0,150.77,True,鸿远电子,False
2021-07-26,213.366,227.828,213.366,221.822,53485.0,843511935.0,151.67,162.0,151.67,157.71,True,鸿远电子,False
2021-07-27,221.822,223.6,199.744,206.828,74561.0,1096046700.0,157.71,158.98,141.94,147.0,True,鸿远电子,False
2021-07-28,197.966,203.328,190.168,198.12,34527.0,486071106.0,140.67,144.5,135.1,140.78,True,鸿远电子,False
2021-07-29,200.626,217.832,200.626,217.832,35168.0,544611648.0,142.57,154.86,142.57,154.86,True,鸿远电子,False
2021-07-30,223.18,230.152,218.252,223.11,40887.0,648590481.0,158.68,163.66,155.16,158.63,True,鸿远电子,False
2021-08-02,219.652,228.528,213.59,221.094,46256.0,727098064.0,156.16,162.5,151.83,157.19,True,鸿远电子,False
2021-08-03,221.094,222.928,204.028,205.498,41634.0,608064570.0,157.19,158.5,145.0,146.05,True,鸿远电子,False
2021-08-04,205.834,214.948,205.106,213.268,25692.0,389490720.0,146.29,152.8,145.77,151.6,True,鸿远电子,False
2021-08-05,211.574,220.114,209.628,216.782,30811.0,474828321.00000006,150.39,156.49,149.0,154.11,True,鸿远电子,False
2021-08-06,216.712,227.828,214.332,218.448,31377.0,487284810.00000006,154.06,162.0,152.36,155.3,True,鸿远电子,False
2021-08-09,218.434,219.428,209.698,213.786,38153.0,579811141.0,155.29,156.0,149.05,151.97,True,鸿远电子,False
2021-08-10,215.228,235.066,213.968,234.828,58880.0,983296000.0,153.0,167.17,152.1,167.0,True,鸿远电子,False
2021-08-11,227.828,234.128,223.194,233.428,54752.0,908883200.0,162.0,166.5,158.69,166.0,True,鸿远电子,False
2021-08-12,230.628,238.482,226.274,228.458,37069.0,602185905.0,164.0,169.61,160.89,162.45,True,鸿远电子,False
2021-08-13,227.73,232.728,225.028,227.016,24603.0,397141626.0,161.93,165.5,160.0,161.42,True,鸿远电子,False
2021-08-16,224.916,230.628,219.022,224.776,22421.0,358332422.0,159.92,164.0,155.71,159.82,True,鸿远电子,False
2021-08-17,223.628,227.086,216.222,218.308,26389.0,409557280.0,159.0,161.47,153.71,155.2,True,鸿远电子,False
2021-08-18,218.322,234.128,217.272,228.542,30374.0,493607874.0,155.21,166.5,154.46,162.51,True,鸿远电子,False
2021-08-19,227.828,240.26,223.46,237.04,33462.0,564102396.0,162.0,170.88,158.88,168.58,True,鸿远电子,False
2021-08-20,232.028,253.028,226.428,246.728,57593.0,1010757150.0,165.0,180.0,161.0,175.5,True,鸿远电子,False
2021-08-23,251.502,260.448,242.528,244.026,51731.0,897894967.0,178.91,185.3,172.5,173.57,True,鸿远电子,False
2021-08-24,237.04,237.04,219.722,227.828,93431.0,1513582200.0,168.58,168.58,156.21,162.0,True,鸿远电子,False
2021-08-25,225.728,227.1,215.228,223.152,50470.0,800757020.0,160.5,161.48,153.0,158.66,True,鸿远电子,False
2021-08-26,221.528,225.448,213.968,216.894,40412.0,623112628.0,157.5,160.3,152.1,154.19,True,鸿远电子,False
2021-08-27,216.614,216.614,201.004,203.916,65204.0,944936368.0,153.99,153.99,142.84,144.92,True,鸿远电子,False
2021-08-30,204.756,217.86,204.42,213.968,52814.0,803300940.0,145.52,154.88,145.28,152.1,True,鸿远电子,False
2021-08-31,215.928,215.928,207.57,214.948,31056.0,474535680.00000006,153.5,153.5,147.53,152.8,True,鸿远电子,False
2021-09-01,211.994,212.848,199.982,205.26,28017.0,408711996.0,150.69,151.3,142.11,145.88,True,鸿远电子,False
2021-09-02,203.972,207.528,201.242,204.028,15659.0,227055500.0,144.96,147.5,143.01,145.0,True,鸿远电子,False
2021-09-03,202.628,206.688,190.84,198.386,32808.0,462494376.0,144.0,146.9,135.58,140.97,True,鸿远电子,False
2021-09-06,194.48,204.252,190.252,202.628,24780.0,356832000.0,138.18,145.16,135.16,144.0,True,鸿远电子,False
2021-09-07,201.704,211.028,200.556,205.05,19078.0,278023694.0,143.34,150.0,142.52,145.73,True,鸿远电子,False
2021-09-08,204.448,211.238,200.528,207.444,22907.0,337740808.0,145.3,150.15,142.5,147.44,True,鸿远电子,False
2021-09-09,205.904,209.152,199.408,205.218,24029.0,350462965.0,146.34,148.66,141.7,145.85,True,鸿远电子,False
2021-09-10,206.086,207.668,200.668,205.176,20531.0,299383042.0,146.47,147.6,142.6,145.82,True,鸿远电子,False
2021-09-13,204.728,204.728,195.46,197.098,22270.0,311891350.0,145.5,145.5,138.88,140.05,True,鸿远电子,False
2021-09-14,195.194,204.028,194.928,196.048,20959.0,291958870.0,138.69,145.0,138.5,139.3,True,鸿远电子,False
2021-09-15,196.888,197.588,192.38,196.706,17891.0,250062507.00000003,139.9,140.4,136.68,139.77,True,鸿远电子,False
2021-09-16,195.46,199.128,189.44,190.854,19116.0,259193844.0,138.88,141.5,134.58,135.59,True,鸿远电子,False
2021-09-17,190.854,194.228,187.368,189.748,15242.0,205462160.00000003,135.59,138.0,133.1,134.8,True,鸿远电子,False
2021-09-22,188.628,193.64,185.632,191.932,16172.0,220521392.00000003,134.0,137.58,131.86,136.36,True,鸿远电子,False
2021-09-23,191.932,205.414,191.792,203.888,31603.0,457927470.0,136.36,145.99,136.26,144.9,True,鸿远电子,False
2021-09-24,203.986,209.894,201.018,206.016,19450.0,284786900.0,144.97,149.19,142.85,146.42,True,鸿远电子,False
2021-09-27,204.728,210.874,201.872,206.268,27349.0,400936340.0,145.5,149.89,143.46,146.6,True,鸿远电子,False
2021-09-28,207.78,222.228,203.748,217.552,37694.0,582975404.0,147.68,158.0,144.8,154.66,True,鸿远电子,False
2021-09-29,213.548,215.956,208.536,212.708,18284.0,276454080.0,151.8,153.52,148.22,151.2,True,鸿远电子,False
2021-09-30,211.644,216.908,210.846,212.428,13318.0,201101800.0,150.44,154.2,149.87,151.0,True,鸿远电子,False
2021-10-08,212.428,214.528,201.228,203.804,14260.0,206541840.0,151.0,152.5,143.0,144.84,True,鸿远电子,False
2021-10-11,203.384,216.04,201.816,214.01,19179.0,291770127.0,144.54,153.58,143.42,152.13,True,鸿远电子,False
2021-10-12,211.532,216.04,201.228,213.856,18842.0,286436084.0,150.36,153.58,143.0,152.02,True,鸿远电子,False
2021-10-13,206.17,215.438,202.852,210.86,15397.0,230770236.0,146.53,153.15,144.16,149.88,True,鸿远电子,False
2021-10-14,212.428,216.628,208.284,215.508,14144.0,216686080.0,151.0,154.0,148.04,153.2,True,鸿远电子,False
2021-10-15,214.626,217.37,211.042,215.48,11319.0,173384442.0,152.57,154.53,150.01,153.18,True,鸿远电子,False
2021-10-18,215.48,216.348,208.046,210.006,14673.0,219023871.00000003,153.18,153.8,147.87,149.27,True,鸿远电子,False
2021-10-19,209.278,217.86,209.278,213.842,22767.0,346081167.0,148.75,154.88,148.75,152.01,True,鸿远电子,False
2021-10-20,214.654,231.734,214.654,225.294,35079.0,561930501.0,152.59,164.79,152.59,160.19,True,鸿远电子,False
2021-10-21,225.896,227.828,213.828,219.092,23603.0,367640328.0,160.62,162.0,152.0,155.76,True,鸿远电子,False
2021-10-22,218.924,223.334,215.34,219.162,17853.0,278167593.0,155.64,158.79,153.08,155.81,True,鸿远电子,False
2021-10-25,219.428,224.076,217.216,220.268,15521.0,243058860.0,156.0,159.32,154.42,156.6,True,鸿远电子,False
2021-10-26,220.576,221.5,216.712,219.078,13523.0,210620725.0,156.82,157.48,154.06,155.75,True,鸿远电子,False
2021-10-27,219.218,227.828,217.328,226.946,22344.0,360565128.0,155.85,162.0,154.5,161.37,True,鸿远电子,False
2021-10-28,225.028,235.892,222.312,224.608,25150.0,401645500.0,160.0,167.76,158.06,159.7,True,鸿远电子,False
2021-10-29,224.608,230.922,218.182,227.828,22637.0,366719400.0,159.7,164.21,155.11,162.0,True,鸿远电子,False
2021-11-01,230.628,234.828,226.428,233.82,25916.0,430931248.0,164.0,167.0,161.0,166.28,True,鸿远电子,False
2021-11-02,234.296,240.26,232.882,234.072,20598.0,342874308.0,166.62,170.88,165.61,166.46,True,鸿远电子,False
2021-11-03,232.028,236.088,225.042,227.534,18223.0,294829917.0,165.0,167.9,160.01,161.79,True,鸿远电子,False
2021-11-04,227.772,229.928,221.528,225.532,24968.0,400386848.00000006,161.96,163.5,157.5,160.36,True,鸿远电子,False
2021-11-05,225.798,227.744,203.86,212.428,66440.0,1003244000.0,160.55,161.94,144.88,151.0,True,鸿远电子,False
2021-11-08,211.028,215.578,204.308,212.456,21461.0,324104022.0,150.0,153.25,145.2,151.02,True,鸿远电子,False
2021-11-09,215.634,222.578,212.134,220.408,23379.0,366348930.0,153.29,158.25,150.79,156.7,True,鸿远电子,False
2021-11-10,220.128,224.328,218.042,221.052,13944.0,219143904.0,156.5,159.5,155.01,157.16,True,鸿远电子,False
2021-11-11,219.96,224.328,216.264,222.634,12759.0,201962211.0,156.38,159.5,153.74,158.29,True,鸿远电子,False
2021-11-12,221.528,232.938,221.248,232.602,26830.0,443795030.0,157.5,165.65,157.3,165.41,True,鸿远电子,False
2021-11-15,233.414,234.408,220.24,223.46,31055.0,493401840.0,165.99,166.7,156.58,158.88,True,鸿远电子,False
2021-11-16,222.242,232.294,221.038,221.094,19857.0,312132183.0,158.01,165.19,157.15,157.19,True,鸿远电子,False
2021-11-17,222.172,225.476,214.528,224.846,14971.0,239341377.0,157.96,160.32,152.5,159.87,True,鸿远电子,False
2021-11-18,222.872,228.234,219.82,225.028,18208.0,291328000.0,158.46,162.29,156.28,160.0,True,鸿远电子,False
2021-11-19,226.232,229.592,222.452,224.048,12310.0,196098300.0,160.86,163.26,158.16,159.3,True,鸿远电子,False
2021-11-22,223.614,228.22,218.042,226.218,21160.0,340358600.0,158.99,162.28,155.01,160.85,True,鸿远电子,False
2021-11-23,225.924,231.216,222.242,229.228,20735.0,337980500.0,160.64,164.42,158.01,163.0,True,鸿远电子,False
2021-11-24,229.228,238.398,227.268,236.508,30170.0,507459400.0,163.0,169.55,161.6,168.2,True,鸿远电子,False
2021-11-25,236.368,255.604,234.828,252.902,44255.0,796191705.0,168.1,181.84,167.0,179.91,True,鸿远电子,False
2021-11-26,252.902,252.902,239.434,246.112,32074.0,561487444.0,179.91,179.91,170.29,175.06,True,鸿远电子,False
2021-11-29,246.07,261.4,244.628,254.204,43393.0,784719012.0,175.03,185.98,174.0,180.84,True,鸿远电子,False
2021-11-30,255.128,268.554,250.662,260.91,49664.0,921912832.0,181.5,191.09,178.31,185.63,True,鸿远电子,False
2021-12-01,257.018,260.98,246.182,250.648,24174.0,431022420.0,182.85,185.68,175.11,178.3,True,鸿远电子,False
2021-12-02,250.228,252.972,244.768,247.064,19775.0,347525850.0,178.0,179.96,174.1,175.74,True,鸿远电子,False
2021-12-03,247.428,253.84,246.308,248.548,18063.0,319353840.0,176.0,180.58,175.2,176.8,True,鸿远电子,False
2021-12-06,247.428,252.454,243.508,244.81,12237.0,213082881.0,176.0,179.59,173.2,174.13,True,鸿远电子,False
2021-12-07,246.028,247.232,235.808,240.428,18390.0,314469000.0,175.0,175.86,167.7,171.0,True,鸿远电子,False
2021-12-08,243.228,250.9,242.78,250.158,17864.0,317889880.0,173.0,178.48,172.68,177.95,True,鸿远电子,False
2021-12-09,249.024,253.658,243.452,252.58,19978.0,358964704.0,177.14,180.45,173.16,179.68,True,鸿远电子,False
2021-12-10,251.348,256.556,244.698,253.532,24664.0,444839904.00000006,178.8,182.52,174.05,180.36,True,鸿远电子,False
2021-12-13,253.098,255.24,248.548,250.816,16718.0,298282556.0,180.05,181.58,176.8,178.42,True,鸿远电子,False
2021-12-14,250.074,258.348,247.848,249.878,18650.0,331503750.0,177.89,183.8,176.3,177.75,True,鸿远电子,False
2021-12-15,248.072,252.16,244.628,249.36,22079.0,391637302.0,176.46,179.38,174.0,177.38,True,鸿远电子,False
2021-12-16,247.176,252.58,245.566,251.418,13494.0,241340190.0,175.82,179.68,174.67,178.85,True,鸿远电子,False
2021-12-17,250.914,251.978,240.428,244.586,17820.0,310014540.0,178.49,179.25,171.0,173.97,True,鸿远电子,False
2021-12-20,243.102,247.428,239.868,240.442,16008.0,273752808.0,172.91,176.0,170.6,171.01,True,鸿远电子,False
2021-12-21,239.952,244.152,233.428,237.068,16507.0,278308020.0,170.66,173.66,166.0,168.6,True,鸿远电子,False
2021-12-22,237.628,241.366,233.512,235.262,10510.0,175842810.0,169.0,171.67,166.06,167.31,True,鸿远电子,False
2021-12-23,233.89,248.646,233.61,241.758,16289.0,280089355.0,166.33,176.87,166.13,171.95,True,鸿远电子,False
2021-12-24,242.038,244.46,237.222,240.274,13226.0,226019114.0,172.15,173.88,168.71,170.89,True,鸿远电子,False
2021-12-27,237.572,242.528,234.142,238.286,12379.0,209786913.0,168.96,172.5,166.51,169.47,True,鸿远电子,False
2021-12-28,238.286,246.742,236.816,245.846,11084.0,193825908.0,169.47,175.51,168.42,174.87,True,鸿远电子,False
2021-12-29,246.532,250.088,244.628,246.028,12145.0,212537500.0,175.36,177.9,174.0,175.0,True,鸿远电子,False
2021-12-30,247.176,256.752,244.026,253.014,21398.0,385142602.0,175.82,182.66,173.57,179.99,True,鸿远电子,False
2021-12-31,253.014,256.598,250.368,252.244,14857.0,266594008.0,179.99,182.55,178.1,179.44,True,鸿远电子,False
2022-01-04,252.244,253.868,241.87,244.922,16298.0,283927458.0,179.44,180.6,172.03,174.21,True,鸿远电子,False
2022-01-05,244.348,245.72,227.142,232.028,37817.0,623980500.0,173.8,174.78,161.51,165.0,True,鸿远电子,False
2022-01-06,230.348,234.828,227.856,228.64,19550.0,317843900.0,163.8,167.0,162.02,162.58,True,鸿远电子,False
2022-01-07,227.828,229.746,219.974,222.9,21195.0,335898360.0,162.0,163.37,156.39,158.48,True,鸿远电子,False
2022-01-10,220.282,221.948,212.428,215.928,29972.0,460070200.0,156.61,157.8,151.0,153.5,True,鸿远电子,False
2022-01-11,215.228,221.528,213.814,215.606,17521.0,268544367.0,153.0,157.5,151.99,153.27,True,鸿远电子,False
2022-01-12,209.628,218.308,209.348,213.842,31837.0,483954237.0,149.0,155.2,148.8,152.01,True,鸿远电子,False
2022-01-13,214.864,215.83,202.6,214.15,41933.0,638346059.0,152.74,153.43,143.98,152.23,True,鸿远电子,False
2022-01-14,212.428,222.48,211.028,220.128,40958.0,640992700.0,151.0,158.18,150.0,156.5,True,鸿远电子,False
2022-01-17,216.25,234.352,216.25,233.652,29324.0,487247584.0,153.73,166.66,153.73,166.16,True,鸿远电子,False
2022-01-18,234.17,235.78,227.282,235.57,25387.0,425308411.0,166.53,167.68,161.61,167.53,True,鸿远电子,False
2022-01-19,230.754,235.374,227.94,230.628,22672.0,371820800.0,164.09,167.39,162.08,164.0,True,鸿远电子,False
2022-01-20,230.166,235.738,227.338,230.866,14362.0,235780954.0,163.67,167.65,161.65,164.17,True,鸿远电子,False
2022-01-21,228.934,232.0,218.308,229.242,19568.0,318977968.0,162.79,164.98,155.2,163.01,True,鸿远电子,False
2022-01-24,223.698,233.148,222.27,230.334,17355.0,284257545.0,159.05,165.8,158.03,163.79,True,鸿远电子,False
2022-01-25,230.992,242.318,229.9,233.904,22996.0,382515464.0,164.26,172.35,163.48,166.34,True,鸿远电子,False
2022-01-26,233.946,235.402,225.028,228.528,23919.0,388683750.0,166.37,167.41,160.0,162.5,True,鸿远电子,False
2022-01-27,229.228,234.352,225.7,225.7,16649.0,267183152.0,163.0,166.66,160.48,160.48,True,鸿远电子,False
2022-01-28,233.4,233.708,220.688,228.822,17167.0,279324257.0,165.98,166.2,156.9,162.71,True,鸿远电子,False
2022-02-07,230.418,232.028,221.64,222.676,12789.0,202475448.0,163.85,165.0,157.58,158.32,True,鸿远电子,False
2022-02-08,222.214,223.6,206.478,210.482,16324.0,244223364.00000003,157.99,158.98,146.75,149.61,True,鸿远电子,False
2022-02-09,211.546,221.052,206.758,220.548,15462.0,242444160.00000003,150.37,157.16,146.95,156.8,True,鸿远电子,False
2022-02-10,221.444,222.914,216.656,219.148,9006.0,140313480.0,157.44,158.49,154.02,155.8,True,鸿远电子,False
2022-02-11,215.578,219.274,211.812,215.312,10499.0,160697694.0,153.25,155.89,150.56,153.06,True,鸿远电子,False
2022-02-14,214.654,219.554,211.448,214.248,15516.0,236308680.00000003,152.59,156.09,150.3,152.3,True,鸿远电子,False
2022-02-15,213.492,220.884,212.022,219.484,11454.0,178728216.0,151.76,157.04,150.71,156.04,True,鸿远电子,False
2022-02-16,220.282,220.828,211.868,212.89,10923.0,165297759.0,156.61,157.0,150.6,151.33,True,鸿远电子,False
2022-02-17,212.302,213.716,210.048,211.588,9650.0,145136000.0,150.91,151.92,149.3,150.4,True,鸿远电子,False
2022-02-18,210.468,214.318,210.3,212.638,9875.0,149260625.0,149.6,152.35,149.48,151.15,True,鸿远电子,False
2022-02-21,213.772,220.66,209.768,214.962,19838.0,303144478.0,151.96,156.88,149.1,152.81,True,鸿远电子,False
2022-02-22,216.012,216.488,207.64,208.788,14180.0,210431200.0,153.56,153.9,147.58,148.4,True,鸿远电子,False
2022-02-23,208.088,224.356,208.088,222.634,21112.0,334181848.0,147.9,159.52,147.9,158.29,True,鸿远电子,False
2022-02-24,222.228,223.614,212.498,215.55,29709.0,455231007.0,158.0,158.99,151.05,153.23,True,鸿远电子,False
2022-02-25,216.544,218.952,213.828,214.78,11595.0,177032460.0,153.94,155.66,152.0,152.68,True,鸿远电子,False
2022-02-28,216.068,227.828,214.29,225.714,19158.0,307466742.0,153.6,162.0,152.33,160.49,True,鸿远电子,False
2022-03-01,225.574,239.14,225.574,234.94,37803.0,631612524.0,160.39,170.08,160.39,167.08,True,鸿远电子,False
2022-03-02,236.452,236.452,228.052,229.368,18961.0,309253910.0,168.16,168.16,162.16,163.1,True,鸿远电子,False
2022-03-03,230.642,230.642,220.842,223.082,26526.0,420728886.00000006,164.01,164.01,157.01,158.61,True,鸿远电子,False
2022-03-04,221.136,232.84,219.988,225.756,17953.0,288181556.0,157.22,165.58,156.4,160.52,True,鸿远电子,False
2022-03-07,223.712,230.6,222.648,224.622,21330.0,340661430.0,159.06,163.98,158.3,159.71,True,鸿远电子,False
2022-03-08,223.628,229.06,210.3,211.028,18816.0,282240000.0,159.0,162.88,149.48,150.0,True,鸿远电子,False
2022-03-09,210.65,213.394,195.628,204.588,20911.0,304045940.0,149.73,151.69,139.0,145.4,True,鸿远电子,False
2022-03-10,209.628,223.46,209.628,213.688,20744.0,315101360.0,149.0,158.88,149.0,151.9,True,鸿远电子,False
2022-03-11,210.972,213.66,200.052,207.864,21331.0,315144194.0,149.96,151.88,142.16,147.74,True,鸿远电子,False
2022-03-14,205.414,212.694,203.972,204.462,18078.0,262691418.0,145.99,151.19,144.96,145.31,True,鸿远电子,False
2022-03-15,204.42,209.824,198.162,199.94,24934.0,354262272.00000006,145.28,149.14,140.81,142.08,True,鸿远电子,False
2022-03-16,204.028,206.128,191.428,195.208,38851.0,538863370.0,145.0,146.5,136.0,138.7,True,鸿远电子,False
2022-03-17,194.228,204.938,194.046,200.052,32906.0,467791696.0,138.0,145.65,137.87,142.16,True,鸿远电子,False
2022-03-18,199.534,199.968,180.144,191.876,66790.0,910481280.0,141.79,142.1,127.94,136.32,True,鸿远电子,False
2022-03-21,187.928,194.858,184.428,193.85,27498.0,378729954.0,133.5,138.45,131.0,137.73,True,鸿远电子,False
2022-03-22,194.228,194.228,186.108,187.228,15463.0,205657900.0,138.0,138.0,132.2,133.0,True,鸿远电子,False
2022-03-23,186.906,194.872,186.696,191.918,18990.0,258928650.0,132.77,138.46,132.62,136.35,True,鸿远电子,False
2022-03-24,191.414,193.08,187.55,190.784,13861.0,187871994.0,135.99,137.18,133.23,135.54,True,鸿远电子,False
2022-03-25,188.81,192.716,184.442,184.442,12550.0,164417550.0,134.13,136.92,131.01,131.01,True,鸿远电子,False
2022-03-28,181.628,184.806,179.738,181.264,21177.0,272632698.0,129.0,131.27,127.65,128.74,True,鸿远电子,False
2022-03-29,180.606,190.028,180.452,180.76,18943.0,243190234.0,128.27,135.0,128.16,128.38,True,鸿远电子,False
2022-03-30,183.49,185.52,179.136,183.896,18893.0,246780366.0,130.33,131.78,127.22,130.62,True,鸿远电子,False
2022-03-31,184.106,185.128,177.274,180.872,22030.0,282997380.0,130.77,131.5,125.89,128.46,True,鸿远电子,False
2022-04-01,180.2,184.428,178.716,180.872,16540.0,212472840.0,127.98,131.0,126.92,128.46,True,鸿远电子,False
2022-04-06,180.872,181.068,173.69,174.628,17340.0,215016000.0,128.46,128.6,123.33,124.0,True,鸿远电子,False
2022-04-07,173.97,176.448,167.628,169.784,28312.0,341272848.0,123.53,125.3,119.0,120.54,True,鸿远电子,False
2022-04-08,169.7,173.844,168.58,171.268,16436.0,199861760.0,120.48,123.44,119.68,121.6,True,鸿远电子,False
2022-04-11,173.186,173.186,159.956,160.936,19389.0,221461158.0,122.97,122.97,113.52,114.22,True,鸿远电子,False
2022-04-12,157.968,162.854,157.968,162.182,18178.0,209246958.0,112.1,115.59,112.1,115.11,True,鸿远电子,False
2022-04-13,160.866,162.574,156.61,157.688,14732.0,164851080.0,114.17,115.39,111.13,111.9,True,鸿远电子,False
2022-04-14,158.682,159.928,154.16,155.182,9860.0,108568460.0,112.61,113.5,109.38,110.11,True,鸿远电子,False
2022-04-15,154.846,156.526,149.428,153.474,17695.0,192680855.0,109.87,111.07,106.0,108.89,True,鸿远电子,False
2022-04-18,151.78,167.74,151.556,162.168,24820.0,285678200.0,107.68,119.08,107.52,115.1,True,鸿远电子,False
2022-04-19,163.428,165.906,159.69,162.868,13339.0,154198840.0,116.0,117.77,113.33,115.6,True,鸿远电子,False
2022-04-20,163.064,163.708,159.06,160.124,12317.0,139970388.0,115.74,116.2,112.88,113.64,True,鸿远电子,False
2022-04-21,159.83,163.428,152.508,153.348,10754.0,117003520.0,113.43,116.0,108.2,108.8,True,鸿远电子,False
2022-04-22,154.874,158.794,149.82,156.708,22384.0,248910080.0,109.89,112.69,106.28,111.2,True,鸿远电子,False
2022-04-25,155.532,157.408,143.912,148.28,27433.0,288540294.0,110.36,111.7,102.06,105.18,True,鸿远电子,False
2022-04-26,146.628,151.64,141.728,143.408,24516.0,249327720.0,104.0,107.58,100.5,101.7,True,鸿远电子,False
2022-04-27,144.808,152.648,143.184,151.99,18716.0,201814628.0,102.7,108.3,101.54,107.83,True,鸿远电子,False
2022-04-28,150.996,155.028,149.288,153.614,15298.0,166732902.0,107.12,110.0,105.9,108.99,True,鸿远电子,False
2022-04-29,155.476,166.228,150.24,165.878,18336.0,215906400.0,110.32,118.0,106.58,117.75,True,鸿远电子,False
2022-05-05,165.528,179.528,160.628,172.892,17661.0,216806436.0,117.5,127.5,114.0,122.76,True,鸿远电子,False
2022-05-06,170.736,173.704,166.34,166.508,19988.0,236258160.0,121.22,123.34,118.08,118.2,True,鸿远电子,False
2022-05-09,166.396,169.168,164.828,167.628,15518.0,184664200.0,118.12,120.1,117.0,119.0,True,鸿远电子,False
2022-05-10,164.828,179.668,163.512,176.056,16210.0,202657420.0,117.0,127.6,116.06,125.02,True,鸿远电子,False
2022-05-11,176.07,179.948,173.704,174.852,11994.0,148917504.0,125.03,127.8,123.34,124.16,True,鸿远电子,False
2022-05-12,173.228,176.854,171.786,173.102,8923.0,109672593.0,123.0,125.59,121.97,122.91,True,鸿远电子,False
2022-05-13,174.628,181.264,173.074,177.582,11127.0,140322597.0,124.0,128.74,122.89,126.11,True,鸿远电子,False
2022-05-16,177.596,183.56,177.036,177.428,10549.0,132917400.0,126.12,130.38,125.72,126.0,True,鸿远电子,False
2022-05-17,176.896,181.432,174.782,180.032,7859.0,100485174.0,125.62,128.86,124.11,127.86,True,鸿远电子,False
2022-05-18,180.228,180.228,175.328,177.778,11841.0,149492625.0,128.0,128.0,124.5,126.25,True,鸿远电子,False
2022-05-19,174.698,177.134,171.828,176.938,8723.0,109604495.0,124.05,125.79,122.0,125.65,True,鸿远电子,False
2022-05-20,177.652,181.348,170.428,174.348,16526.0,204591880.0,126.16,128.8,121.0,123.8,True,鸿远电子,False
2022-05-23,176.07,176.448,171.688,173.634,8023.0,98915567.0,125.03,125.3,121.9,123.29,True,鸿远电子,False
2022-05-24,174.628,175.748,168.188,168.272,17927.0,214155942.0,124.0,124.8,119.4,119.46,True,鸿远电子,False
2022-05-25,167.768,171.128,164.366,166.55,8368.0,98934864.0,119.1,121.5,116.67,118.23,True,鸿远电子,False
2022-05-26,166.746,174.46,163.722,172.024,13627.0,166440178.0,118.37,123.88,116.21,122.14,True,鸿远电子,False
2022-05-27,173.046,177.89,171.828,176.532,12476.0,156399136.0,122.87,126.33,122.0,125.36,True,鸿远电子,False
2022-05-30,174.782,178.814,173.256,174.53,12627.0,156486411.0,124.11,126.99,123.02,123.93,True,鸿远电子,False
2022-05-31,174.53,178.562,171.38,177.848,13030.0,164568900.0,123.93,126.81,121.68,126.3,True,鸿远电子,False
2022-06-01,176.98,181.474,175.58,177.274,10286.0,129490454.0,125.68,128.89,124.68,125.89,True,鸿远电子,False
2022-06-02,178.17,183.0,176.028,182.902,14250.0,185121750.0,126.53,129.98,125.0,129.91,True,鸿远电子,False
2022-06-06,181.278,187.76,180.62,185.618,17782.0,234455670.0,128.75,133.38,128.28,131.85,True,鸿远电子,False
2022-06-07,185.534,185.534,179.668,181.586,12151.0,156711447.0,131.79,131.79,127.6,128.97,True,鸿远电子,False
2022-06-08,181.936,182.874,178.03,180.648,9228.0,118395240.0,129.22,129.89,126.43,128.3,True,鸿远电子,False
2022-06-09,179.373,180.759,172.051,173.213,16207.0,198697820.0,127.0,127.99,121.77,122.6,True,鸿远电子,False
2022-06-10,171.897,180.675,171.897,180.465,17245.0,220356610.0,121.66,127.93,121.66,127.78,True,鸿远电子,False
2022-06-13,180.465,181.277,175.229,181.025,17432.0,223443376.0,127.78,128.36,124.04,128.18,True,鸿远电子,False
2022-06-14,181.025,181.025,171.813,176.951,14257.0,178597439.0,128.18,128.18,121.6,125.27,True,鸿远电子,False
2022-06-15,176.335,181.837,175.691,179.037,15794.0,200204744.0,124.83,128.76,124.37,126.76,True,鸿远电子,False
2022-06-16,178.575,187.913,178.575,185.323,16168.0,212205000.0,126.43,133.1,126.43,131.25,True,鸿远电子,False
2022-06-17,183.307,189.229,182.327,187.997,16323.0,217357068.0,129.81,134.04,129.11,133.16,True,鸿远电子,False
2022-06-20,188.907,195.025,187.773,193.527,16939.0,232250629.00000003,133.81,138.18,133.0,137.11,True,鸿远电子,False
2022-06-21,196.145,196.145,186.695,187.353,8307.0,110233890.0,138.98,138.98,132.23,132.7,True,鸿远电子,False
2022-06-22,188.291,189.257,182.201,182.327,9180.0,118522980.0,133.37,134.06,129.02,129.11,True,鸿远电子,False
2022-06-23,183.293,191.007,181.473,190.811,15305.0,206877685.0,129.8,135.31,128.5,135.17,True,鸿远电子,False
2022-06-24,193.205,200.079,190.909,195.473,16991.0,235325350.0,136.88,141.79,135.24,138.5,True,鸿远电子,False
2022-06-27,196.635,197.559,191.273,194.675,13064.0,180191752.0,139.33,139.99,135.5,137.93,True,鸿远电子,False
2022-06-28,195.165,199.015,192.183,197.993,13723.0,192533690.00000003,138.28,141.03,136.15,140.3,True,鸿远电子,False
2022-06-29,197.685,198.693,192.449,192.841,10670.0,145773540.0,140.08,140.8,136.34,136.62,True,鸿远电子,False
2022-06-30,192.477,195.585,189.173,189.635,14554.0,195503882.00000003,136.36,138.58,134.0,134.33,True,鸿远电子,False
2022-07-01,189.845,194.003,189.635,189.649,9356.0,125688504.0,134.48,137.45,134.33,134.34,True,鸿远电子,False
2022-07-04,191.371,193.849,183.097,192.365,22809.0,310841052.0,135.57,137.34,129.66,136.28,True,鸿远电子,False
2022-07-05,191.875,192.701,181.697,186.345,24162.0,318890076.0,135.93,136.52,128.66,131.98,True,鸿远电子,False
2022-07-06,185.673,190.405,182.173,185.841,17963.0,236429006.0,131.5,134.88,129.0,131.62,True,鸿远电子,False
2022-07-07,184.973,188.053,183.573,185.463,14277.0,187528395.0,131.0,133.2,130.0,131.35,True,鸿远电子,False
2022-07-08,185.645,186.373,179.639,180.493,18448.0,235765440.0,131.48,132.0,127.19,127.8,True,鸿远电子,False
2022-07-11,179.877,180.619,174.585,177.553,16076.0,202075320.0,127.36,127.89,123.58,125.7,True,鸿远电子,False
2022-07-12,176.713,179.205,173.367,174.123,10734.0,132296550.0,125.1,126.88,122.71,123.25,True,鸿远电子,False
2022-07-13,173.787,175.173,166.703,166.885,21303.0,251545824.0,123.01,124.0,117.95,118.08,True,鸿远电子,False
2022-07-14,167.039,171.589,166.283,169.433,20844.0,249919560.0,118.19,121.44,117.65,119.9,True,鸿远电子,False
2022-07-15,169.517,171.477,166.773,166.773,12743.0,150367400.0,119.96,121.36,118.0,118.0,True,鸿远电子,False
2022-07-18,167.851,168.131,162.573,163.273,17958.0,207414900.0,118.77,118.97,115.0,115.5,True,鸿远电子,False
2022-07-19,163.483,164.085,158.443,160.809,22869.0,260112006.0,115.65,116.08,112.05,113.74,True,鸿远电子,False
2022-07-20,161.971,171.673,161.971,171.015,43098.0,521615094.0,114.57,121.5,114.57,121.03,True,鸿远电子,False
2022-07-21,170.987,174.865,166.367,168.089,30735.0,365562090.0,121.01,123.78,117.71,118.94,True,鸿远电子,False
2022-07-22,167.837,169.181,161.005,163.763,17520.0,202969200.0,118.76,119.72,113.88,115.85,True,鸿远电子,False
2022-07-25,166.241,166.255,159.773,161.159,19078.0,217470122.0,117.62,117.63,113.0,113.99,True,鸿远电子,False
2022-07-26,161.453,165.359,159.283,164.743,14434.0,168228270.0,114.2,116.99,112.65,116.55,True,鸿远电子,False
2022-07-27,163.567,170.231,162.755,169.573,17841.0,214092000.0,115.71,120.47,115.13,120.0,True,鸿远电子,False
2022-07-28,170.133,172.765,167.613,172.373,13084.0,159624800.0,120.4,122.28,118.6,122.0,True,鸿远电子,False
2022-07-29,173.773,173.773,167.445,168.173,14705.0,174989500.0,123.0,123.0,118.48,119.0,True,鸿远电子,False
2022-08-01,168.173,170.273,164.673,167.781,8447.0,100282784.0,119.0,120.5,116.5,118.72,True,鸿远电子,False
2022-08-02,170.273,174.613,167.053,169.867,22782.0,273862422.0,120.5,123.6,118.2,120.21,True,鸿远电子,False
2022-08-03,166.773,182.005,166.213,179.513,34841.0,442829110.0,118.0,128.88,117.6,127.1,True,鸿远电子,False
2022-08-04,182.173,182.425,173.815,175.229,22660.0,281074640.0,129.0,129.18,123.03,124.04,True,鸿远电子,False
2022-08-05,175.257,182.677,174.165,181.977,21082.0,271662652.0,124.06,129.36,123.28,128.86,True,鸿远电子,False
2022-08-08,182.019,189.005,179.835,186.303,21609.0,285130755.0,128.89,133.88,127.33,131.95,True,鸿远电子,False
2022-08-09,184.259,195.305,183.097,193.275,28059.0,384211887.0,130.49,138.38,129.66,136.93,True,鸿远电子,False
2022-08-10,192.323,194.045,188.053,189.103,13471.0,180444045.0,136.25,137.48,133.2,133.95,True,鸿远电子,False
2022-08-11,187.773,189.103,182.985,187.325,15683.0,208082044.0,133.0,133.95,129.58,132.68,True,鸿远电子,False
2022-08-12,186.373,186.373,181.697,182.103,17441.0,224901695.0,132.0,132.0,128.66,128.95,True,鸿远电子,False
2022-08-15,180.857,183.727,179.793,182.985,11658.0,151064364.0,128.06,130.11,127.3,129.58,True,鸿远电子,False
2022-08-16,183.573,188.039,180.801,185.043,11182.0,146540110.0,130.0,133.19,128.02,131.05,True,鸿远电子,False
2022-08-17,184.413,185.659,179.849,184.259,12001.0,156601049.0,130.6,131.49,127.34,130.49,True,鸿远电子,False
2022-08-18,182.355,184.693,181.991,183.419,12231.0,158868458.99999997,129.13,130.8,128.87,129.89,True,鸿远电子,False
2022-08-19,184.735,194.381,183.867,189.215,34853.0,467134759.0,130.83,137.72,130.21,134.03,True,鸿远电子,False
2022-08-22,188.949,188.949,182.187,184.665,20190.0,264044820.0,133.84,133.84,129.01,130.78,True,鸿远电子,False
2022-08-23,180.773,184.091,177.973,180.493,31081.0,397215180.0,128.0,130.37,126.0,127.8,True,鸿远电子,False
2022-08-24,179.849,180.325,169.797,170.833,24823.0,300110070.0,127.34,127.68,120.16,120.9,True,鸿远电子,False
2022-08-25,172.373,172.877,166.339,168.621,10412.0,124235984.0,122.0,122.36,117.69,119.32,True,鸿远电子,False
2022-08-26,168.817,169.853,164.435,164.911,10753.0,125455251.0,119.46,120.2,116.33,116.67,True,鸿远电子,False
2022-08-29,162.853,170.763,162.783,169.657,13800.0,165682800.0,115.2,120.85,115.15,120.06,True,鸿远电子,False
2022-08-30,169.545,169.587,164.715,166.031,7595.0,89218465.0,119.98,120.01,116.53,117.47,True,鸿远电子,False
2022-08-31,166.031,172.625,163.973,167.585,12592.0,149315936.0,117.47,122.18,116.0,118.58,True,鸿远电子,False
2022-09-01,167.585,169.573,163.973,164.057,7710.0,89482260.0,118.58,120.0,116.0,116.06,True,鸿远电子,False
2022-09-02,164.477,165.513,162.027,162.825,7253.0,83540054.0,116.36,117.1,114.61,115.18,True,鸿远电子,False
2022-09-05,162.111,162.335,155.629,160.039,16972.0,192106068.0,114.67,114.83,110.04,113.19,True,鸿远电子,False
2022-09-06,160.053,162.825,157.897,159.031,13872.0,156018384.0,113.2,115.18,111.66,112.47,True,鸿远电子,False
2022-09-07,158.373,166.353,156.273,166.143,19284.0,226683420.0,112.0,117.7,110.5,117.55,True,鸿远电子,False
2022-09-08,164.673,179.765,164.673,176.713,29523.0,369332730.0,116.5,127.28,116.5,125.1,True,鸿远电子,False
2022-09-09,175.901,178.715,173.829,177.273,15029.0,188613950.0,124.52,126.53,123.04,125.5,True,鸿远电子,False
2022-09-13,176.573,181.487,174.907,175.761,8800.0,109489600.0,125.0,128.51,123.81,124.42,True,鸿远电子,False
2022-09-14,174.613,181.949,173.493,179.807,22615.0,287911565.0,123.6,128.84,122.8,127.31,True,鸿远电子,False
2022-09-15,180.773,180.773,175.187,177.693,20990.0,264054200.0,128.0,128.0,124.01,125.8,True,鸿远电子,False
2022-09-16,178.869,188.473,177.693,183.853,31429.0,409205580.0,126.64,133.5,125.8,130.2,True,鸿远电子,False
2022-09-19,182.971,188.977,179.583,182.201,14426.0,186124252.0,129.57,133.86,127.15,129.02,True,鸿远电子,False
2022-09-20,183.545,183.545,176.573,176.923,13150.0,164703750.0,129.98,129.98,125.0,125.25,True,鸿远电子,False
2022-09-21,177.147,179.093,173.773,174.613,8994.0,111165840.0,125.41,126.8,123.0,123.6,True,鸿远电子,False
2022-09-22,173.213,188.557,172.975,181.207,18492.0,237270852.0,122.6,133.56,122.43,128.31,True,鸿远电子,False
2022-09-23,180.773,188.459,179.667,182.453,21446.0,277082320.0,128.0,133.49,127.21,129.2,True,鸿远电子,False
2022-09-26,180.493,183.573,175.033,175.943,21309.0,265403595.0,127.8,130.0,123.9,124.55,True,鸿远电子,False
2022-09-27,176.573,178.323,174.333,176.097,13022.0,162332252.0,125.0,126.25,123.4,124.66,True,鸿远电子,False
2022-09-28,176.097,179.345,169.573,171.463,11927.0,144734145.0,124.66,126.98,120.0,121.35,True,鸿远电子,False
2022-09-29,172.275,180.213,172.275,177.189,12687.0,159145728.0,121.93,127.6,121.93,125.44,True,鸿远电子,False
2022-09-30,176.531,179.093,172.793,174.095,8935.0,110106005.0,124.97,126.8,122.3,123.23,True,鸿远电子,False
2022-10-10,172.373,175.425,166.745,168.313,8518.0,101449380.0,122.0,124.18,117.98,119.1,True,鸿远电子,False
2022-10-11,166.451,175.635,166.451,174.865,12718.0,157423404.0,117.77,124.33,117.77,123.78,True,鸿远电子,False
2022-10-12,173.563,174.865,166.773,171.813,17028.0,207060480.0,122.85,123.78,118.0,121.6,True,鸿远电子,False
2022-10-13,170.931,170.931,157.673,160.823,32609.0,370927375.0,120.97,120.97,111.5,113.75,True,鸿远电子,False
2022-10-14,160.837,161.453,148.993,156.973,41196.0,457275600.0,113.76,114.2,105.3,111.0,True,鸿远电子,False
2022-10-17,155.573,159.773,149.973,154.047,32813.0,357366383.0,110.0,113.0,106.0,108.91,True,鸿远电子,False
2022-10-18,154.033,155.083,149.413,151.373,33325.0,356577500.0,108.9,109.65,105.6,107.0,True,鸿远电子,False
2022-10-19,150.449,153.473,149.357,150.883,17992.0,191884680.0,106.34,108.5,105.56,106.65,True,鸿远电子,False
2022-10-20,149.973,152.493,146.053,151.345,15966.0,170804268.0,106.0,107.8,103.2,106.98,True,鸿远电子,False
2022-10-21,149.833,154.579,147.313,153.823,20677.0,224862375.0,105.9,109.29,104.1,108.75,True,鸿远电子,False
2022-10-24,153.571,160.235,151.863,158.247,25215.0,282181065.0,108.57,113.33,107.35,111.91,True,鸿远电子,False
2022-10-25,157.547,159.073,152.073,156.931,18200.0,201965400.0,111.41,112.5,107.5,110.97,True,鸿远电子,False
2022-10-26,156.553,162.573,153.515,159.633,16445.0,185664050.0,110.7,115.0,108.53,112.9,True,鸿远电子,False
2022-10-27,160.305,160.585,154.425,154.817,12927.0,141498942.0,113.38,113.58,109.18,109.46,True,鸿远电子,False
2022-10-28,154.173,156.273,147.173,147.705,14909.0,155620142.0,109.0,110.5,104.0,104.38,True,鸿远电子,False
2022-10-31,149.973,162.321,144.373,162.321,33674.0,386644868.0,106.0,114.82,102.0,114.82,True,鸿远电子,False
2022-11-01,164.253,169.293,159.955,162.279,22598.0,259402442.0,116.2,119.8,113.13,114.79,True,鸿远电子,False
2022-11-02,162.013,166.773,160.487,164.141,14525.0,168664300.0,114.6,118.0,113.51,116.12,True,鸿远电子,False
2022-11-03,162.853,179.373,162.293,173.269,22843.0,280146552.0,115.2,127.0,114.8,122.64,True,鸿远电子,False
2022-11-04,176.601,178.533,172.555,175.173,17640.0,218736000.0,125.02,126.4,122.13,124.0,True,鸿远电子,False
2022-11-07,175.873,175.873,168.985,169.685,14434.0,173323472.0,124.5,124.5,119.58,120.08,True,鸿远电子,False
2022-11-08,170.385,170.385,165.961,166.997,11702.0,138270832.0,120.58,120.58,117.42,118.16,True,鸿远电子,False
2022-11-09,165.345,165.345,159.297,160.193,22543.0,255412190.0,116.98,116.98,112.66,113.3,True,鸿远电子,False
2022-11-10,159.773,162.769,159.451,161.873,9629.0,110252050.0,113.0,115.14,112.77,114.5,True,鸿远电子,False
2022-11-11,163.735,166.325,161.285,161.901,11953.0,136885756.0,115.83,117.68,114.08,114.52,True,鸿远电子,False
2022-11-14,160.613,162.993,155.461,155.853,11585.0,127666700.0,113.6,115.3,109.92,110.2,True,鸿远电子,False
2022-11-15,155.475,163.595,154.173,162.167,14400.0,165182400.0,109.93,115.73,109.0,114.71,True,鸿远电子,False
2022-11-16,162.419,164.897,159.773,160.557,6269.0,71190764.0,114.89,116.66,113.0,113.56,True,鸿远电子,False
2022-11-17,161.005,161.803,154.215,156.693,11945.0,132350600.0,113.88,114.45,109.03,110.8,True,鸿远电子,False
2022-11-18,156.973,157.743,153.473,154.383,9518.0,103888970.0,111.0,111.55,108.5,109.15,True,鸿远电子,False
2022-11-21,152.773,155.321,152.073,155.321,9408.0,103318656.0,108.0,109.82,107.5,109.82,True,鸿远电子,False
2022-11-22,154.873,156.259,151.513,153.249,10832.0,117353888.0,109.5,110.49,107.1,108.34,True,鸿远电子,False
2022-11-23,151.891,153.753,148.321,150.533,14427.0,153503280.0,107.37,108.7,104.82,106.4,True,鸿远电子,False
2022-11-24,150.911,151.947,148.839,149.007,6688.0,70431328.0,106.67,107.41,105.19,105.31,True,鸿远电子,False
2022-11-25,147.887,149.357,146.599,147.719,6276.0,65515164.0,104.51,105.56,103.59,104.39,True,鸿远电子,False
2022-11-28,146.557,147.173,143.393,144.345,12117.0,123569166.0,103.56,104.0,101.3,101.98,True,鸿远电子,False
2022-11-29,145.143,147.425,142.413,146.893,14035.0,145683300.0,102.55,104.18,100.6,103.8,True,鸿远电子,False
2022-11-30,147.999,147.999,144.387,146.459,9044.0,93596356.0,104.59,104.59,102.01,103.49,True,鸿远电子,False
2022-12-01,146.473,147.873,144.681,146.557,17077.0,176849412.0,103.5,104.5,102.22,103.56,True,鸿远电子,False
2022-12-02,146.557,148.083,144.373,144.653,14003.0,143110660.0,103.56,104.65,102.0,102.2,True,鸿远电子,False
2022-12-05,145.535,147.565,141.853,146.137,25849.0,266916774.0,102.83,104.28,100.2,103.26,True,鸿远电子,False
2022-12-06,145.955,154.173,144.863,152.339,22646.0,243874774.0,103.13,109.0,102.35,107.69,True,鸿远电子,False
2022-12-07,151.205,153.193,149.427,151.513,10229.0,109552590.0,106.88,108.3,105.61,107.1,True,鸿远电子,False
2022-12-08,150.547,152.423,148.013,148.083,9480.0,99208200.0,106.41,107.75,104.6,104.65,True,鸿远电子,False
2022-12-09,147.173,147.425,141.433,142.287,38023.0,382169173.0,104.0,104.18,99.9,100.51,True,鸿远电子,False
2022-12-12,141.139,143.701,139.165,142.693,15520.0,156441600.0,99.69,101.52,98.28,100.8,True,鸿远电子,False
2022-12-13,143.379,143.379,138.773,138.829,15927.0,156148308.0,101.29,101.29,98.0,98.04,True,鸿远电子,False
2022-12-14,139.165,139.893,133.873,136.239,24902.0,239532338.0,98.28,98.8,94.5,96.19,True,鸿远电子,False
2022-12-15,135.833,137.219,134.237,134.545,14701.0,139630098.0,95.9,96.89,94.76,94.98,True,鸿远电子,False
2022-12-16,133.285,133.873,131.255,132.753,17491.0,163890670.0,94.08,94.5,92.63,93.7,True,鸿远电子,False
2022-12-19,132.305,135.413,131.633,134.559,24661.0,234254839.0,93.38,95.6,92.9,94.99,True,鸿远电子,False
2022-12-20,133.537,135.497,131.003,131.003,14699.0,135892255.0,94.26,95.66,92.45,92.45,True,鸿远电子,False
2022-12-21,130.373,131.395,126.859,128.343,18679.0,169138345.0,92.0,92.73,89.49,90.55,True,鸿远电子,False
2022-12-22,128.273,133.733,126.313,133.061,25075.0,235504400.0,90.5,94.4,89.1,93.92,True,鸿远电子,False
2022-12-23,131.283,133.873,130.093,131.983,8165.0,76056975.0,92.65,94.5,91.8,93.15,True,鸿远电子,False
2022-12-26,132.151,137.737,132.151,136.155,15039.0,144569907.0,93.27,97.26,93.27,96.13,True,鸿远电子,False
2022-12-27,136.309,137.779,134.293,136.113,13854.0,133136940.0,96.24,97.29,94.8,96.1,True,鸿远电子,False
2022-12-28,134.853,137.303,134.097,135.287,15317.0,146292667.0,95.2,96.95,94.66,95.51,True,鸿远电子,False
2022-12-29,134.713,143.561,134.713,141.531,22018.0,220113946.0,95.1,101.42,95.1,99.97,True,鸿远电子,False
2022-12-30,141.503,145.073,141.503,143.197,13960.0,141219360.0,99.95,102.5,99.95,101.16,True,鸿远电子,False
2023-01-03,142.595,144.793,140.509,141.377,16003.0,159805958.0,100.73,102.3,99.24,99.86,True,鸿远电子,False
2023-01-04,141.461,142.819,139.613,141.153,8219.0,81943430.0,99.92,100.89,98.6,99.7,True,鸿远电子,False
2023-01-05,141.531,145.073,139.473,144.373,13059.0,133201800.0,99.97,102.5,98.5,102.0,True,鸿远电子,False
2023-01-06,143.757,146.473,142.525,143.323,10209.0,103366125.0,101.56,103.5,100.68,101.25,True,鸿远电子,False
2023-01-09,143.323,144.359,138.787,138.787,16750.0,164166750.0,101.25,101.99,98.01,98.01,True,鸿远电子,False
2023-01-10,139.067,139.711,136.897,138.759,12525.0,122732475.0,98.21,98.67,96.66,97.99,True,鸿远电子,False
2023-01-11,138.969,140.033,136.085,136.085,10893.0,104659944.0,98.14,98.9,96.08,96.08,True,鸿远电子,False
2023-01-12,137.373,138.773,136.127,136.981,7861.0,76031592.0,97.0,98.0,96.11,96.72,True,鸿远电子,False
2023-01-13,136.981,137.653,135.777,136.533,5490.0,52923600.0,96.72,97.2,95.86,96.4,True,鸿远电子,False
2023-01-16,136.463,140.943,135.973,140.453,10865.0,107780800.0,96.35,99.55,96.0,99.2,True,鸿远电子,False
2023-01-17,140.061,148.993,139.473,145.703,17312.0,178227040.0,98.92,105.3,98.5,102.95,True,鸿远电子,False
2023-01-18,146.389,146.977,143.281,146.081,11283.0,116463126.0,103.44,103.86,101.22,103.22,True,鸿远电子,False
2023-01-19,145.913,148.545,144.401,147.803,9154.0,95613530.0,103.1,104.98,102.02,104.45,True,鸿远电子,False
2023-01-20,147.789,148.909,145.927,147.523,8835.0,92104875.0,104.44,105.24,103.11,104.25,True,鸿远电子,False
2023-01-30,148.713,151.359,146.431,148.125,15259.0,159731212.0,105.1,106.99,103.47,104.68,True,鸿远电子,False
2023-01-31,148.265,150.323,146.291,147.747,12568.0,131222488.0,104.78,106.25,103.37,104.41,True,鸿远电子,False
2023-02-01,147.117,149.301,146.011,147.313,14466.0,150591060.0,103.96,105.52,103.17,104.1,True,鸿远电子,False
2023-02-02,148.853,149.273,143.645,143.995,19113.0,194436549.0,105.2,105.5,101.48,101.73,True,鸿远电子,False
2023-02-03,143.995,147.859,142.973,146.865,16497.0,171205866.0,101.73,104.49,101.0,103.78,True,鸿远电子,False
2023-02-06,146.767,148.293,143.743,145.773,11111.0,114443300.0,103.71,104.8,101.55,103.0,True,鸿远电子,False
2023-02-07,146.053,146.053,142.287,143.869,12077.0,122750628.0,103.2,103.2,100.51,101.64,True,鸿远电子,False
2023-02-08,143.967,144.037,140.873,141.335,11828.0,118078924.0,101.71,101.76,99.5,99.83,True,鸿远电子,False
2023-02-09,140.551,143.099,140.257,142.931,12973.0,130988381.0,99.27,101.09,99.06,100.97,True,鸿远电子,False
2023-02-10,143.001,145.115,137.933,140.873,21891.0,217815450.0,101.02,102.53,97.4,99.5,True,鸿远电子,False
2023-02-13,140.859,142.693,139.319,139.641,16895.0,166618490.0,99.49,100.8,98.39,98.62,True,鸿远电子,False
2023-02-14,139.781,140.173,136.981,137.793,17359.0,168903070.0,98.72,99.0,96.72,97.3,True,鸿远电子,False
2023-02-15,137.373,138.815,136.393,138.423,11599.0,113380225.0,97.0,98.03,96.3,97.75,True,鸿远电子,False
2023-02-16,138.269,138.997,134.573,135.413,13335.0,127482600.0,97.64,98.16,95.0,95.6,True,鸿远电子,False
2023-02-17,134.573,135.231,131.185,132.473,17660.0,165121000.0,95.0,95.47,92.58,93.5,True,鸿远电子,False
2023-02-20,132.865,133.159,129.463,130.387,19380.0,178315380.0,93.78,93.99,91.35,92.01,True,鸿远电子,False
2023-02-21,130.387,132.725,130.387,131.157,15517.0,143625352.0,92.01,93.68,92.01,92.56,True,鸿远电子,False
2023-02-22,131.157,132.333,128.987,129.981,18717.0,171672324.0,92.56,93.4,91.01,91.72,True,鸿远电子,False
2023-02-23,130.289,132.025,129.981,130.863,14430.0,133261050.0,91.94,93.18,91.72,92.35,True,鸿远电子,False
2023-02-24,131.325,134.531,130.863,131.451,21141.0,196125057.0,92.68,94.97,92.35,92.77,True,鸿远电子,False
2023-02-27,131.451,131.829,128.273,128.329,21561.0,195213294.0,92.77,93.04,90.5,90.54,True,鸿远电子,False
2023-02-28,128.735,129.953,127.251,127.615,21661.0,195013983.0,90.83,91.7,89.77,90.03,True,鸿远电子,False
2023-03-01,127.685,129.365,127.167,129.365,15357.0,140178696.0,90.08,91.28,89.71,91.28,True,鸿远电子,False
2023-03-02,128.973,131.087,127.293,127.601,18145.0,163341290.0,91.0,92.51,89.8,90.02,True,鸿远电子,False
2023-03-03,127.699,128.973,126.957,127.741,16378.0,147598536.0,90.09,91.0,89.56,90.12,True,鸿远电子,False
2023-03-06,128.273,130.653,127.965,129.953,23792.0,218172640.0,90.5,92.2,90.28,91.7,True,鸿远电子,False
2023-03-07,129.673,129.673,126.005,126.131,21617.0,192326449.0,91.5,91.5,88.88,88.97,True,鸿远电子,False
2023-03-08,125.277,129.183,125.039,128.035,14609.0,131963097.0,88.36,91.15,88.19,90.33,True,鸿远电子,False
2023-03-09,128.973,129.365,126.929,126.943,12689.0,113629995.0,91.0,91.28,89.54,89.55,True,鸿远电子,False
2023-03-10,126.173,126.845,124.983,125.025,10893.0,96054474.0,89.0,89.48,88.15,88.18,True,鸿远电子,False
2023-03-13,124.773,125.571,122.519,123.205,17579.0,152726352.0,88.0,88.57,86.39,86.88,True,鸿远电子,False
2023-03-14,123.961,124.031,121.245,122.813,14007.0,121300620.0,87.42,87.47,85.48,86.6,True,鸿远电子,False
2023-03-15,123.765,124.577,121.007,121.553,15325.0,131335250.0,87.28,87.86,85.31,85.7,True,鸿远电子,False
2023-03-16,121.693,122.519,119.159,119.509,16379.0,137976696.0,85.8,86.39,83.99,84.24,True,鸿远电子,False
2023-03-17,119.173,121.091,118.557,118.585,16792.0,140347536.0,84.0,85.37,83.56,83.58,True,鸿远电子,False
2023-03-20,118.053,118.179,112.439,114.063,33116.0,266087060.0,83.2,83.29,79.19,80.35,True,鸿远电子,False
2023-03-21,114.931,115.729,112.761,114.063,21015.0,168855525.0,80.97,81.54,79.42,80.35,True,鸿远电子,False
2023-03-22,114.091,114.805,112.327,112.831,18766.0,149133402.0,80.37,80.88,79.11,79.47,True,鸿远电子,False
2023-03-23,112.957,114.469,111.557,114.469,22762.0,183552768.0,79.56,80.64,78.56,80.64,True,鸿远电子,False
2023-03-24,114.609,114.959,112.439,112.523,21217.0,168144725.0,80.74,80.99,79.19,79.25,True,鸿远电子,False
2023-03-27,112.425,114.413,109.737,113.027,34480.0,274495280.0,79.18,80.6,77.26,79.61,True,鸿远电子,False
2023-03-28,112.565,112.943,110.297,110.941,22692.0,177269904.0,79.28,79.55,77.66,78.12,True,鸿远电子,False
2023-03-29,110.675,110.675,108.491,108.953,30315.0,232516050.0,77.93,77.93,76.37,76.7,True,鸿远电子,False
2023-03-30,109.597,111.053,108.449,110.297,29656.0,230308496.0,77.16,78.2,76.34,77.66,True,鸿远电子,False
2023-03-31,110.339,110.759,108.589,109.317,22507.0,173213872.0,77.69,77.99,76.44,76.96,True,鸿远电子,False
2023-04-03,110.059,112.901,109.359,111.641,33967.0,267048554.00000003,77.49,79.52,76.99,78.62,True,鸿远电子,False
2023-04-04,111.473,111.473,107.231,107.945,33847.0,257169506.0,78.5,78.5,75.47,75.98,True,鸿远电子,False
2023-04-06,107.133,111.403,107.133,110.997,32891.0,257076056.0,75.4,78.45,75.4,78.16,True,鸿远电子,False
2023-04-07,111.039,113.853,110.535,112.845,28713.0,228210924.0,78.19,80.2,77.83,79.48,True,鸿远电子,False
2023-04-10,113.013,114.371,111.697,112.481,20501.0,162408922.0,79.6,80.57,78.66,79.22,True,鸿远电子,False
2023-04-11,112.383,114.973,111.193,114.917,34869.0,282299424.0,79.15,81.0,78.3,80.96,True,鸿远电子,False
2023-04-12,114.525,116.653,111.249,111.613,41742.0,328092120.0,80.68,82.2,78.34,78.6,True,鸿远电子,False
2023-04-13,111.501,114.147,109.569,112.089,23912.0,188761328.0,78.52,80.41,77.14,78.94,True,鸿远电子,False
2023-04-14,111.529,112.341,109.793,111.725,20580.0,161923440.0,78.54,79.12,77.3,78.68,True,鸿远电子,False
2023-04-17,111.473,114.203,110.983,111.781,21382.0,168319104.0,78.5,80.45,78.15,78.72,True,鸿远电子,False
2023-04-18,111.599,111.921,110.451,110.535,17652.0,137385516.0,78.59,78.82,77.77,77.83,True,鸿远电子,False
2023-04-19,110.297,111.403,108.253,110.367,21799.0,169400029.0,77.66,78.45,76.2,77.71,True,鸿远电子,False
2023-04-20,110.031,110.493,107.273,107.287,15064.0,113748264.0,77.47,77.8,75.5,75.51,True,鸿远电子,False
2023-04-21,106.993,109.261,102.947,103.255,30482.0,221390766.0,75.3,76.92,72.41,72.63,True,鸿远电子,False
2023-04-24,103.297,103.745,101.337,101.855,19405.0,138998015.0,72.66,72.98,71.26,71.63,True,鸿远电子,False
2023-04-25,102.359,103.059,98.313,98.383,24108.0,166706820.0,71.99,72.49,69.1,69.15,True,鸿远电子,False
2023-04-26,99.545,101.631,98.383,100.133,26410.0,185926400.00000003,69.98,71.47,69.15,70.4,True,鸿远电子,False
2023-04-27,100.133,103.745,99.755,102.681,24987.0,180456114.0,70.4,72.98,70.13,72.22,True,鸿远电子,False
2023-04-28,100.651,102.513,99.713,100.693,31694.0,224393520.0,70.77,72.1,70.1,70.8,True,鸿远电子,False
2023-05-04,100.175,101.141,98.593,98.957,17787.0,123726372.0,70.43,71.12,69.3,69.56,True,鸿远电子,False
2023-05-05,98.551,98.957,96.129,96.745,19006.0,129202788.0,69.27,69.56,67.54,67.98,True,鸿远电子,False
2023-05-08,96.745,97.319,95.233,96.339,22916.0,155118404.0,67.98,68.39,66.9,67.69,True,鸿远电子,False
2023-05-09,96.689,96.689,93.105,93.119,25052.0,163815028.0,67.94,67.94,65.38,65.39,True,鸿远电子,False
2023-05-10,93.119,94.869,91.789,93.805,23980.0,157980240.0,65.39,66.64,64.44,65.88,True,鸿远电子,False
2023-05-11,93.805,96.185,93.357,95.135,14888.0,99496504.0,65.88,67.58,65.56,66.83,True,鸿远电子,False
2023-05-12,95.135,95.625,92.867,92.867,11213.0,73119973.0,66.83,67.18,65.21,65.21,True,鸿远电子,False
2023-05-15,92.881,95.121,92.419,95.023,19238.0,128413650.0,65.22,66.82,64.89,66.75,True,鸿远电子,False
2023-05-16,95.023,95.107,93.805,94.225,11144.0,73750992.00000001,66.75,66.81,65.88,66.18,True,鸿远电子,False
2023-05-17,93.987,95.807,93.693,95.261,14662.0,98118104.0,66.01,67.31,65.8,66.92,True,鸿远电子,False
2023-05-18,95.289,95.919,93.553,94.617,14381.0,95576126.0,66.94,67.39,65.7,66.46,True,鸿远电子,False
2023-05-19,94.323,95.779,94.323,95.205,13920.0,92581920.0,65.88,66.92,65.88,66.51,True,鸿远电子,False
2023-05-22,95.317,95.891,94.463,94.883,13604.0,90167312.0,66.59,67.0,65.98,66.28,True,鸿远电子,False
2023-05-23,94.869,95.051,93.091,93.091,19499.0,126743500.0,66.27,66.4,65.0,65.0,True,鸿远电子,False
2023-05-24,92.391,93.791,92.181,92.993,13460.0,87395780.00000001,64.5,65.5,64.35,64.93,True,鸿远电子,False
2023-05-25,92.895,94.631,91.565,92.685,19349.0,125207379.0,64.86,66.1,63.91,64.71,True,鸿远电子,False
2023-05-26,92.685,93.091,89.591,90.333,19050.0,120072150.0,64.71,65.0,62.5,63.03,True,鸿远电子,False
2023-05-29,90.711,91.271,88.975,89.675,26672.0,166860032.0,63.3,63.7,62.06,62.56,True,鸿远电子,False
2023-05-30,89.311,90.291,86.203,87.701,36083.0,220647545.0,62.3,63.0,60.08,61.15,True,鸿远电子,False
2023-05-31,87.701,88.723,86.861,87.365,39619.0,241319329.0,61.15,61.88,60.55,60.91,True,鸿远电子,False
2023-06-01,87.239,87.995,85.783,87.379,27463.0,167304596.0,60.82,61.36,59.78,60.92,True,鸿远电子,False
2023-06-02,87.435,88.723,87.043,88.023,18740.0,115026120.0,60.96,61.88,60.68,61.38,True,鸿远电子,False
2023-06-05,88.163,88.163,85.041,85.111,29184.0,173061120.0,61.48,61.48,59.25,59.3,True,鸿远电子,False
2023-06-06,85.517,85.517,82.451,82.689,32807.0,188869899.0,59.59,59.59,57.4,57.57,True,鸿远电子,False
2023-06-07,82.745,83.333,80.631,81.023,28610.0,161303180.0,57.61,58.03,56.1,56.38,True,鸿远电子,False
2023-06-08,80.911,81.261,78.335,78.629,35997.0,196795599.0,56.3,56.55,54.46,54.67,True,鸿远电子,False
2023-06-09,79.077,79.245,76.781,78.615,42337.0,231414042.0,54.99,55.11,53.35,54.66,True,鸿远电子,False
2023-06-12,78.573,79.231,77.243,78.797,30864.0,169103856.0,54.63,55.1,53.68,54.79,True,鸿远电子,False
2023-06-13,78.895,78.895,77.719,78.279,18394.0,100100148.0,54.86,54.86,54.02,54.42,True,鸿远电子,False
2023-06-14,78.433,78.433,77.005,77.131,23157.0,124121520.0,54.53,54.53,53.51,53.6,True,鸿远电子,False
2023-06-15,77.257,79.357,76.459,79.021,34383.0,188934585.0,53.69,55.19,53.12,54.95,True,鸿远电子,False
2023-06-16,79.679,80.785,79.105,80.533,34892.0,195499876.0,55.42,56.21,55.01,56.03,True,鸿远电子,False
2023-06-19,80.813,82.395,80.085,81.695,37282.0,211985452.0,56.23,57.36,55.71,56.86,True,鸿远电子,False
2023-06-20,81.485,89.661,81.051,89.661,100914.0,631217070.0,56.71,62.55,56.4,62.55,True,鸿远电子,False
2023-06-21,88.891,93.763,88.023,92.503,165606.0,1069483548.0,62.0,65.48,61.38,64.58,True,鸿远电子,False
2023-06-26,91.411,91.411,86.357,89.129,122303.0,760357751.0,63.8,63.8,60.19,62.17,True,鸿远电子,False
2023-06-27,88.933,90.683,86.105,87.911,90699.0,555984870.0,62.03,63.28,60.01,61.3,True,鸿远电子,False
2023-06-28,87.547,88.891,86.189,87.743,59402.0,363421436.0,61.04,62.0,60.07,61.18,True,鸿远电子,False
2023-06-29,87.701,90.543,86.805,88.191,67788.0,416896200.0,61.15,63.18,60.51,61.5,True,鸿远电子,False
2023-06-30,87.981,96.591,87.323,93.511,124884.0,815492520.0,61.35,67.5,60.88,65.3,True,鸿远电子,False
2023-07-03,93.777,97.837,93.105,96.591,114172.0,770661000.0,65.49,68.39,65.01,67.5,True,鸿远电子,False
2023-07-04,96.815,97.431,94.771,95.345,71459.0,475988399.0,67.66,68.1,66.2,66.61,True,鸿远电子,False
2023-07-05,95.303,100.077,94.351,98.691,91096.0,628562400.0,66.58,69.99,65.9,69.0,True,鸿远电子,False
2023-07-06,97.711,101.491,96.031,96.297,81855.0,550802295.0,68.3,71.0,67.1,67.29,True,鸿远电子,False
2023-07-07,96.199,96.199,91.831,91.859,67555.0,433162660.00000006,67.22,67.22,64.1,64.12,True,鸿远电子,False
2023-07-10,91.845,92.559,90.151,90.571,57814.0,365384480.0,64.11,64.62,62.9,63.2,True,鸿远电子,False
2023-07-11,91.089,94.337,91.061,92.377,55287.0,356545863.0,63.57,65.89,63.55,64.49,True,鸿远电子,False
2023-07-12,92.377,92.377,89.591,89.619,43750.0,273525000.0,64.49,64.49,62.5,62.52,True,鸿远电子,False
2023-07-13,89.633,91.551,89.633,90.963,34999.0,222173652.0,62.53,63.9,62.53,63.48,True,鸿远电子,False
2023-07-14,90.963,91.943,87.071,87.407,78689.0,479530766.0,63.48,64.18,60.7,60.94,True,鸿远电子,False
2023-07-17,85.391,88.597,83.291,88.541,54247.0,334975225.0,59.5,61.79,58.0,61.75,True,鸿远电子,False
2023-07-18,88.485,88.989,86.973,87.729,25342.0,155017014.0,61.71,62.07,60.63,61.17,True,鸿远电子,False
2023-07-19,87.351,87.771,86.091,86.805,21422.0,129624522.0,60.9,61.2,60.0,60.51,True,鸿远电子,False
2023-07-20,86.539,87.323,84.523,84.789,28700.0,169530900.0,60.32,60.88,58.88,59.07,True,鸿远电子,False
2023-07-21,84.607,86.539,84.131,84.915,23954.0,141711864.0,58.94,60.32,58.6,59.16,True,鸿远电子,False
2023-07-24,84.551,85.783,83.837,84.943,19519.0,115513442.0,58.9,59.78,58.39,59.18,True,鸿远电子,False
2023-07-25,86.077,86.175,83.711,84.677,32123.0,189493577.0,59.99,60.06,58.3,58.99,True,鸿远电子,False
2023-07-26,84.439,84.551,83.473,83.669,24278.0,141467906.0,58.82,58.9,58.13,58.27,True,鸿远电子,False
2023-07-27,84.047,84.411,81.975,82.381,31038.0,178002930.0,58.54,58.8,57.06,57.35,True,鸿远电子,False
2023-07-28,81.821,82.101,80.617,82.087,35792.0,204515488.0,56.95,57.15,56.09,57.14,True,鸿远电子,False
2023-07-31,82.101,85.671,82.101,84.271,45367.0,266304290.0,57.15,59.7,57.15,58.7,True,鸿远电子,False
2023-08-01,84.215,92.489,83.697,92.489,105275.0,679760674.9999999,58.66,64.57,58.29,64.57,True,鸿远电子,False
2023-08-02,92.559,93.609,90.473,90.865,111123.0,704630943.0,64.62,65.37,63.13,63.41,True,鸿远电子,False
2023-08-03,90.851,91.159,89.941,90.445,37719.0,238044609.0,63.4,63.62,62.75,63.11,True,鸿远电子,False
2023-08-04,90.991,93.595,90.221,92.853,75167.0,487307661.0,63.5,65.36,62.95,64.83,True,鸿远电子,False
2023-08-07,92.251,93.329,90.067,91.229,47955.0,305329485.0,64.4,65.17,62.84,63.67,True,鸿远电子,False
2023-08-08,90.781,90.781,88.233,89.129,47790.0,297110430.0,63.35,63.35,61.53,62.17,True,鸿远电子,False
2023-08-09,89.311,89.871,88.415,88.821,25206.0,156151170.0,62.3,62.7,61.66,61.95,True,鸿远电子,False
2023-08-10,88.681,89.423,87.827,88.177,27677.0,170185873.0,61.85,62.38,61.24,61.49,True,鸿远电子,False
2023-08-11,88.737,89.871,84.901,84.999,39803.0,235713366.0,61.89,62.7,59.15,59.22,True,鸿远电子,False
2023-08-14,83.655,84.985,82.605,84.341,32397.0,190332375.0,58.26,59.21,57.51,58.75,True,鸿远电子,False
2023-08-15,84.215,84.243,78.657,81.303,57294.0,324169452.0,58.66,58.68,54.69,56.58,True,鸿远电子,False
2023-08-16,79.903,81.863,79.035,79.119,32111.0,176674722.0,55.58,56.98,54.96,55.02,True,鸿远电子,False
2023-08-17,78.811,86.819,78.671,86.819,91605.0,554393460.0,54.8,60.52,54.7,60.52,True,鸿远电子,False
2023-08-18,87.491,90.431,86.483,86.511,97903.0,590355090.0,61.0,63.1,60.28,60.3,True,鸿远电子,False
2023-08-21,87.491,91.131,86.441,88.345,83019.0,511480059.0,61.0,63.6,60.25,61.61,True,鸿远电子,False
2023-08-22,87.491,90.963,87.449,90.529,77728.0,491007776.0,61.0,63.48,60.97,63.17,True,鸿远电子,False
2023-08-23,89.269,91.467,88.051,89.045,58736.0,364809296.0,62.27,63.84,61.4,62.11,True,鸿远电子,False
2023-08-24,89.619,90.991,87.393,88.639,46187.0,285528034.0,62.52,63.5,60.93,61.82,True,鸿远电子,False
2023-08-25,88.317,89.213,85.755,86.441,46739.0,281602475.0,61.59,62.23,59.76,60.25,True,鸿远电子,False
2023-08-28,91.691,91.691,82.717,83.739,58982.0,343983024.0,64.0,64.0,57.59,58.32,True,鸿远电子,False
2023-08-29,83.571,89.157,83.529,87.743,65937.0,403402566.0,58.2,62.19,58.17,61.18,True,鸿远电子,False
2023-08-30,87.631,89.829,86.931,88.023,50655.0,310920390.0,61.1,62.67,60.6,61.38,True,鸿远电子,False
2023-08-31,87.295,88.849,86.553,87.407,34627.0,211016938.0,60.86,61.97,60.33,60.94,True,鸿远电子,False
2023-09-01,87.407,87.743,85.783,87.155,23712.0,144074112.0,60.94,61.18,59.78,60.76,True,鸿远电子,False
2023-09-04,87.631,90.053,86.385,90.039,46381.0,291365442.0,61.1,62.83,60.21,62.82,True,鸿远电子,False
2023-09-05,89.913,94.589,89.241,91.971,89484.0,574487280.0,62.73,66.07,62.25,64.2,True,鸿远电子,False
2023-09-06,91.285,97.879,90.319,96.451,96986.0,653685640.0,63.71,68.42,63.02,67.4,True,鸿远电子,False
2023-09-07,96.437,98.831,94.883,95.065,81729.0,542762289.0,67.39,69.1,66.28,66.41,True,鸿远电子,False
2023-09-08,94.855,104.053,94.015,99.349,106006.0,736423682.0,66.26,72.83,65.66,69.47,True,鸿远电子,False
2023-09-11,99.391,99.923,95.611,96.843,75523.0,511139664.00000006,69.5,69.88,66.8,67.68,True,鸿远电子,False
2023-09-12,95.891,98.369,95.121,96.003,57548.0,386031984.0,67.0,68.77,66.45,67.08,True,鸿远电子,False
2023-09-13,95.891,95.891,92.391,94.701,55399.0,366464385.00000006,67.0,67.0,64.5,66.15,True,鸿远电子,False
2023-09-14,94.715,95.401,93.245,95.303,33514.0,223136212.0,66.16,66.65,65.11,66.58,True,鸿远电子,False
2023-09-15,95.303,96.227,93.651,94.589,30665.0,202603655.0,66.58,67.24,65.4,66.07,True,鸿远电子,False
2023-09-18,94.589,96.101,93.091,93.357,37191.0,242448129.0,66.07,67.15,65.0,65.19,True,鸿远电子,False
2023-09-19,93.077,93.399,90.921,91.579,39183.0,250457736.0,64.99,65.22,63.45,63.92,True,鸿远电子,False
2023-09-20,90.711,92.055,90.585,90.935,22237.0,141116002.0,63.3,64.26,63.21,63.46,True,鸿远电子,False
2023-09-21,90.767,93.091,90.319,91.411,23728.0,151384640.0,63.34,65.0,63.02,63.8,True,鸿远电子,False
2023-09-22,91.019,94.743,90.067,94.701,36563.0,241864245.00000003,63.52,66.18,62.84,66.15,True,鸿远电子,False
2023-09-25,94.659,96.563,93.511,94.351,32754.0,215848860.00000003,66.12,67.48,65.3,65.9,True,鸿远电子,False
2023-09-26,93.805,94.309,86.175,86.777,80189.0,485063261.0,65.51,65.87,60.06,60.49,True,鸿远电子,False
2023-09-27,86.091,87.281,84.523,85.951,40253.0,241115470.0,60.0,60.85,58.88,59.9,True,鸿远电子,False
2023-09-28,85.965,89.899,85.965,88.737,44670.0,276462630.0,59.91,62.72,59.91,61.89,True,鸿远电子,False
2023-10-09,89.045,89.591,85.811,86.371,33327.0,200628540.0,62.11,62.5,59.8,60.2,True,鸿远电子,False
2023-10-10,86.679,87.477,82.367,83.207,58347.0,338062518.0,60.42,60.99,57.34,57.94,True,鸿远电子,False
2023-10-11,83.375,84.383,81.177,81.905,50200.0,286190200.0,58.06,58.78,56.49,57.01,True,鸿远电子,False
2023-10-12,82.171,82.493,81.079,82.269,35152.0,201315504.0,57.2,57.43,56.42,57.27,True,鸿远电子,False
2023-10-13,82.381,82.437,79.539,80.533,47634.0,266893302.0,57.35,57.39,55.32,56.03,True,鸿远电子,False
2023-10-16,80.673,81.149,78.027,78.377,36849.0,200790201.0,56.13,56.47,54.24,54.49,True,鸿远电子,False
2023-10-17,78.027,79.259,77.229,79.161,29114.0,160272570.0,54.24,55.12,53.67,55.05,True,鸿远电子,False
2023-10-18,78.223,81.877,77.439,81.009,49458.0,278794746.0,54.38,56.99,53.82,56.37,True,鸿远电子,False
2023-10-19,80.421,81.681,79.567,79.819,30941.0,171784432.0,55.95,56.85,55.34,55.52,True,鸿远电子,False
2023-10-20,79.091,79.721,77.845,78.461,25536.0,139298880.0,55.0,55.45,54.11,54.55,True,鸿远电子,False
2023-10-23,77.845,80.743,77.313,78.783,34319.0,187999482.0,54.11,56.18,53.73,54.78,True,鸿远电子,False
2023-10-24,79.413,81.303,77.971,80.463,33894.0,189738612.0,55.23,56.58,54.2,55.98,True,鸿远电子,False
2023-10-25,80.463,81.975,79.119,79.357,33811.0,186602909.0,55.98,57.06,55.02,55.19,True,鸿远电子,False
2023-10-26,78.671,78.713,71.685,77.929,67582.0,366091694.0,54.7,54.73,49.71,54.17,True,鸿远电子,False
2023-10-27,77.663,79.301,75.199,78.265,37712.0,205190992.0,53.98,55.15,52.22,54.41,True,鸿远电子,False
2023-10-30,76.011,78.265,75.451,77.033,51015.0,273083295.0,52.8,54.41,52.4,53.53,True,鸿远电子,False
2023-10-31,76.851,83.991,76.585,79.231,88489.0,487574390.0,53.4,58.5,53.21,55.1,True,鸿远电子,False
2023-11-01,79.021,83.291,78.433,81.303,61460.0,347740680.0,54.95,58.0,54.53,56.58,True,鸿远电子,False
2023-11-02,80.631,81.219,79.245,79.539,28756.0,159078192.0,56.1,56.52,55.11,55.32,True,鸿远电子,False
2023-11-03,79.371,81.303,79.371,80.757,31195.0,175284705.0,55.2,56.58,55.2,56.19,True,鸿远电子,False
2023-11-06,80.855,82.801,80.855,82.129,31248.0,178644816.0,56.26,57.65,56.26,57.17,True,鸿远电子,False
2023-11-07,81.723,81.891,80.547,81.359,32310.0,182939220.0,56.88,57.0,56.04,56.62,True,鸿远电子,False
2023-11-08,80.547,81.401,79.945,80.589,28528.0,159956496.0,56.04,56.65,55.61,56.07,True,鸿远电子,False
2023-11-09,80.729,85.545,80.085,84.495,74743.0,439937298.0,56.17,59.61,55.71,58.86,True,鸿远电子,False
2023-11-10,84.495,85.755,82.913,84.733,37671.0,222371913.0,58.86,59.76,57.73,59.03,True,鸿远电子,False
2023-11-13,85.391,90.291,84.551,89.661,80205.0,501682275.0,59.5,63.0,58.9,62.55,True,鸿远电子,False
2023-11-14,92.097,93.763,88.233,88.933,75849.0,470491347.0,64.29,65.48,61.53,62.03,True,鸿远电子,False
2023-11-15,88.933,89.563,88.051,89.129,35010.0,217657170.0,62.03,62.48,61.4,62.17,True,鸿远电子,False
2023-11-16,88.247,88.877,87.603,88.051,21998.0,135067720.0,61.54,61.99,61.08,61.4,True,鸿远电子,False
2023-11-17,87.855,88.345,86.637,87.127,23288.0,141451312.0,61.26,61.61,60.39,60.74,True,鸿远电子,False
2023-11-20,87.127,89.507,86.231,88.835,31885.0,197559460.0,60.74,62.44,60.1,61.96,True,鸿远电子,False
2023-11-21,88.471,88.751,84.859,85.657,45146.0,269476474.0,61.7,61.9,59.12,59.69,True,鸿远电子,False
2023-11-22,85.265,86.651,83.333,83.333,31794.0,184500582.0,59.41,60.4,58.03,58.03,True,鸿远电子,False
2023-11-23,83.011,83.991,82.591,83.753,26543.0,154825319.0,57.8,58.5,57.5,58.33,True,鸿远电子,False
2023-11-24,83.571,83.571,80.575,80.631,31611.0,177337710.0,58.2,58.2,56.06,56.1,True,鸿远电子,False
2023-11-27,80.547,80.897,79.763,80.351,20264.0,113275760.0,56.04,56.29,55.48,55.9,True,鸿远电子,False
2023-11-28,80.491,83.221,80.351,82.087,30803.0,176008342.0,56.0,57.95,55.9,57.14,True,鸿远电子,False
2023-11-29,81.961,84.243,81.359,82.731,27744.0,159805440.0,57.05,58.68,56.62,57.6,True,鸿远电子,False
2023-11-30,82.451,82.451,79.469,80.211,27199.0,151770420.0,57.4,57.4,55.27,55.8,True,鸿远电子,False
2023-12-01,80.211,80.911,79.399,80.687,17182.0,96459748.0,55.8,56.3,55.22,56.14,True,鸿远电子,False
2023-12-04,80.687,82.031,80.211,81.317,21436.0,121306324.0,56.14,57.1,55.8,56.59,True,鸿远电子,False
2023-12-05,81.121,81.317,78.419,78.615,30742.0,168035772.0,56.45,56.59,54.52,54.66,True,鸿远电子,False
2023-12-06,78.615,79.707,77.551,77.859,22513.0,121840356.0,54.66,55.44,53.9,54.12,True,鸿远电子,False
2023-12-07,77.803,78.013,75.899,76.305,27965.0,148242465.0,54.08,54.23,52.72,53.01,True,鸿远电子,False
2023-12-08,76.599,76.921,74.191,75.073,28726.0,149748638.0,53.22,53.45,51.5,52.13,True,鸿远电子,False
2023-12-11,75.031,75.353,73.351,75.339,27484.0,143796288.0,52.1,52.33,50.9,52.32,True,鸿远电子,False
2023-12-12,75.591,77.271,75.563,75.997,30862.0,162920498.0,52.5,53.7,52.48,52.79,True,鸿远电子,False
2023-12-13,75.969,78.139,74.415,74.499,39072.0,202080384.0,52.77,54.32,51.66,51.72,True,鸿远电子,False
2023-12-14,75.045,76.445,74.261,74.261,20278.0,104533090.0,52.11,53.11,51.55,51.55,True,鸿远电子,False
2023-12-15,73.841,75.003,73.519,73.897,16202.0,83100058.0,51.25,52.08,51.02,51.29,True,鸿远电子,False
2023-12-18,73.491,73.491,69.501,69.963,51546.0,249895008.0,51.0,51.0,48.15,48.48,True,鸿远电子,False
2023-12-19,69.823,71.475,69.571,70.663,26914.0,131824772.0,48.38,49.56,48.2,48.98,True,鸿远电子,False
2023-12-20,70.859,70.943,68.311,68.339,31696.0,149985472.0,49.12,49.18,47.3,47.32,True,鸿远电子,False
2023-12-21,68.339,69.277,67.429,68.493,31035.0,147199005.0,47.32,47.99,46.67,47.43,True,鸿远电子,False
2023-12-22,69.011,71.601,68.409,70.999,45860.0,225722920.0,47.8,49.65,47.37,49.22,True,鸿远电子,False
2023-12-25,70.691,73.939,70.691,72.119,41919.0,209678838.0,49.0,51.32,49.0,50.02,True,鸿远电子,False
2023-12-26,71.951,71.951,69.151,69.795,30635.0,148150860.0,49.9,49.9,47.9,48.36,True,鸿远电子,False
2023-12-27,69.571,70.215,68.535,69.011,29245.0,139791100.0,48.2,48.66,47.46,47.8,True,鸿远电子,False
2023-12-28,69.249,72.273,68.731,71.881,38729.0,193064065.0,47.97,50.13,47.6,49.85,True,鸿远电子,False
2023-12-29,71.923,72.735,71.167,72.371,31445.0,157853900.0,49.88,50.46,49.34,50.2,True,鸿远电子,False
2024-01-02,72.441,75.115,72.441,74.303,50553.0,260752374.0,50.25,52.16,50.25,51.58,True,鸿远电子,False
2024-01-03,73.715,73.715,70.691,71.027,41430.0,204001320.0,51.16,51.16,49.0,49.24,True,鸿远电子,False
2024-01-04,71.013,71.923,70.271,70.285,20372.0,99232012.0,49.23,49.88,48.7,48.71,True,鸿远电子,False
2024-01-05,70.383,70.537,66.813,67.373,40228.0,187583164.0,48.78,48.89,46.23,46.63,True,鸿远电子,False
2024-01-08,67.051,67.359,63.649,63.859,47081.0,207721372.0,46.4,46.62,43.97,44.12,True,鸿远电子,False
2024-01-09,64.265,64.923,63.285,63.747,35364.0,155743056.0,44.41,44.88,43.71,44.04,True,鸿远电子,False
2024-01-10,63.663,64.573,60.723,62.991,33537.0,145885950.0,43.98,44.63,41.88,43.5,True,鸿远电子,False
2024-01-11,62.823,65.679,62.823,65.525,40369.0,182911939.0,43.38,45.42,43.38,45.31,True,鸿远电子,False
2024-01-12,65.231,65.497,64.377,64.839,23449.0,105098418.0,45.1,45.29,44.49,44.82,True,鸿远电子,False
2024-01-15,64.853,65.399,63.593,64.237,24235.0,107579165.0,44.83,45.22,43.93,44.39,True,鸿远电子,False
2024-01-16,64.447,64.475,62.165,63.565,35187.0,154506117.0,44.54,44.56,42.91,43.91,True,鸿远电子,False
2024-01-17,63.495,63.663,60.065,60.121,50588.0,209687260.0,43.86,43.98,41.41,41.45,True,鸿远电子,False
2024-01-18,60.051,60.905,58.091,59.995,57833.0,239197288.0,41.4,42.01,40.0,41.36,True,鸿远电子,False
2024-01-19,59.855,60.289,57.979,57.993,49711.0,198496023.0,41.26,41.57,39.92,39.93,True,鸿远电子,False
2024-01-22,57.951,58.511,54.913,55.025,66650.0,252003650.00000003,39.9,40.3,37.73,37.81,True,鸿远电子,False
2024-01-23,54.969,56.411,54.493,55.851,48150.0,184896000.0,37.77,38.8,37.43,38.4,True,鸿远电子,False
2024-01-24,56.159,56.355,53.723,56.075,40942.0,157872352.0,38.62,38.76,36.88,38.56,True,鸿远电子,False
2024-01-25,55.767,57.055,54.941,56.565,54578.0,212362998.0,38.34,39.26,37.75,38.91,True,鸿远电子,False
2024-01-26,56.523,56.733,54.731,54.759,38816.0,146025792.0,38.88,39.03,37.6,37.62,True,鸿远电子,False
2024-01-29,55.081,55.613,53.359,53.471,38968.0,143012560.0,37.85,38.23,36.62,36.7,True,鸿远电子,False
2024-01-30,53.317,53.877,51.665,51.693,33020.0,116989860.0,36.59,36.99,35.41,35.43,True,鸿远电子,False
2024-01-31,51.847,51.973,48.921,48.921,49428.0,165336660.0,35.54,35.63,33.45,33.45,True,鸿远电子,False
2024-02-01,48.767,51.007,48.431,49.635,48101.0,163350996.0,33.34,34.94,33.1,33.96,True,鸿远电子,False
2024-02-02,49.495,50.223,44.875,46.191,65185.0,205332750.0,33.86,34.38,30.56,31.5,True,鸿远电子,False
2024-02-05,46.051,46.821,41.977,43.433,70616.0,208529048.0,31.4,31.95,28.49,29.53,True,鸿远电子,False
2024-02-06,42.691,45.533,41.725,45.085,72911.0,223909681.0,29.0,31.03,28.31,30.71,True,鸿远电子,False
2024-02-07,45.085,49.383,45.085,49.383,41389.0,139812042.0,30.71,33.78,30.71,33.78,True,鸿远电子,False
2024-02-08,50.783,52.043,49.691,50.713,105685.0,367044005.0,34.78,35.68,34.0,34.73,True,鸿远电子,False
2024-02-19,50.713,51.105,48.823,50.391,78176.0,269707200.0,34.73,35.01,33.38,34.5,True,鸿远电子,False
2024-02-20,49.887,50.573,49.159,50.447,46110.0,159263940.0,34.14,34.63,33.62,34.54,True,鸿远电子,False
2024-02-21,49.901,51.973,49.425,50.545,57526.0,199097486.0,34.15,35.63,33.81,34.61,True,鸿远电子,False
2024-02-22,50.377,52.183,50.153,51.721,55477.0,196665965.00000003,34.49,35.78,34.33,35.45,True,鸿远电子,False
2024-02-23,51.721,52.911,51.203,52.911,65680.0,238418400.0,35.45,36.3,35.08,36.3,True,鸿远电子,False
2024-02-26,52.645,54.297,51.889,53.191,65827.0,240268550.0,36.11,37.29,35.57,36.5,True,鸿远电子,False
2024-02-27,53.331,55.599,52.589,55.599,67312.0,257266464.0,36.6,38.22,36.07,38.22,True,鸿远电子,False
2024-02-28,55.991,56.453,51.511,51.637,91254.0,322947906.0,38.5,38.83,35.3,35.39,True,鸿远电子,False
2024-02-29,50.657,54.059,50.643,53.877,62263.0,230310837.0,34.69,37.12,34.68,36.99,True,鸿远电子,False
2024-03-01,54.591,55.291,53.681,54.591,56103.0,210386250.0,37.5,38.0,36.85,37.5,True,鸿远电子,False
2024-03-04,54.605,55.025,53.527,53.709,43388.0,159971556.0,37.51,37.81,36.74,36.87,True,鸿远电子,False
2024-03-05,53.233,55.025,53.121,53.919,57486.0,212813172.00000003,36.53,37.81,36.45,37.02,True,鸿远电子,False
2024-03-06,53.401,54.661,52.645,54.073,45785.0,169999705.0,36.65,37.55,36.11,37.13,True,鸿远电子,False
2024-03-07,54.717,55.123,52.925,52.925,45398.0,164840138.0,37.59,37.88,36.31,36.31,True,鸿远电子,False
2024-03-08,53.149,53.625,52.169,53.373,39691.0,145388133.0,36.47,36.81,35.77,36.63,True,鸿远电子,False
2024-03-11,53.471,56.971,52.911,56.733,74491.0,290738373.0,36.7,39.2,36.3,39.03,True,鸿远电子,False
2024-03-12,56.467,57.531,56.005,57.055,52610.0,206546860.0,38.84,39.6,38.51,39.26,True,鸿远电子,False
2024-03-13,57.041,57.531,55.865,56.691,37891.0,147774900.0,39.25,39.6,38.41,39.0,True,鸿远电子,False
2024-03-14,56.173,56.411,54.507,55.249,45162.0,171480114.0,38.63,38.8,37.44,37.97,True,鸿远电子,False
2024-03-15,54.983,55.613,54.409,55.613,30661.0,117217003.0,37.78,38.23,37.37,38.23,True,鸿远电子,False
2024-03-18,55.851,56.117,55.011,55.991,41687.0,160494950.0,38.4,38.59,37.8,38.5,True,鸿远电子,False
2024-03-19,55.879,56.201,55.375,55.389,39305.0,149634135.0,38.42,38.65,38.06,38.07,True,鸿远电子,False
2024-03-20,55.417,55.655,54.423,55.221,37469.0,142194855.0,38.09,38.26,37.38,37.95,True,鸿远电子,False
2024-03-21,55.221,55.501,53.891,54.437,42940.0,160552660.0,37.95,38.15,37.0,37.39,True,鸿远电子,False
2024-03-22,54.199,54.535,52.603,53.009,40992.0,149087904.0,37.22,37.46,36.08,36.37,True,鸿远电子,False
2024-03-25,53.051,53.051,50.629,50.685,36721.0,127458591.0,36.4,36.4,34.67,34.71,True,鸿远电子,False
2024-03-26,50.769,52.449,50.573,51.147,44155.0,154719120.0,34.77,35.97,34.63,35.04,True,鸿远电子,False
2024-03-27,51.091,51.259,48.333,48.459,38690.0,128141280.0,35.0,35.12,33.03,33.12,True,鸿远电子,False
2024-03-28,48.711,50.349,48.585,49.691,39719.0,135044600.0,33.3,34.47,33.21,34.0,True,鸿远电子,False
2024-03-29,49.691,50.069,48.851,49.565,30129.0,102167439.0,34.0,34.27,33.4,33.91,True,鸿远电子,False
2024-04-01,49.859,51.441,49.817,51.287,33539.0,117856046.0,34.12,35.25,34.09,35.14,True,鸿远电子,False
2024-04-02,51.259,51.441,50.027,50.755,29451.0,102371676.0,35.12,35.25,34.24,34.76,True,鸿远电子,False
2024-04-03,50.951,51.091,49.579,49.593,26749.0,90759357.0,34.9,35.0,33.92,33.93,True,鸿远电子,False
2024-04-08,49.341,49.453,47.031,47.045,49995.0,160533945.0,33.75,33.83,32.1,32.11,True,鸿远电子,False
2024-04-09,46.821,48.557,46.821,48.417,32070.0,106119630.0,31.95,33.19,31.95,33.09,True,鸿远电子,False
2024-04-10,48.417,48.543,46.541,47.045,35310.0,113380410.0,33.09,33.18,31.75,32.11,True,鸿远电子,False
2024-04-11,46.723,47.017,46.023,46.163,31611.0,99511428.0,31.88,32.09,31.38,31.48,True,鸿远电子,False
2024-04-12,46.401,46.625,45.519,45.617,23904.0,74317536.0,31.65,31.81,31.02,31.09,True,鸿远电子,False
2024-04-15,45.491,46.611,44.371,45.771,47499.0,148196880.0,31.0,31.8,30.2,31.2,True,鸿远电子,False
2024-04-16,45.323,45.841,43.363,43.545,43549.0,128948589.0,30.88,31.25,29.48,29.61,True,鸿远电子,False
2024-04-17,44.007,45.631,43.951,45.589,43187.0,134182009.0,29.94,31.1,29.9,31.07,True,鸿远电子,False
2024-04-18,45.323,46.065,44.469,44.945,34631.0,106005491.0,30.88,31.41,30.27,30.61,True,鸿远电子,False
2024-04-19,44.693,45.001,43.951,44.385,29361.0,88699581.0,30.43,30.65,29.9,30.21,True,鸿远电子,False
2024-04-22,44.875,48.613,43.979,48.613,64299.0,213665577.0,30.56,33.23,29.92,33.23,True,鸿远电子,False
2024-04-23,48.837,49.173,47.213,47.983,88954.0,291591212.0,33.39,33.63,32.23,32.78,True,鸿远电子,False
2024-04-24,48.025,48.977,47.563,48.851,54458.0,181889720.0,32.81,33.49,32.48,33.4,True,鸿远电子,False
2024-04-25,48.277,48.627,47.521,47.731,46718.0,152300680.0,32.99,33.24,32.45,32.6,True,鸿远电子,False
2024-04-26,47.073,48.235,47.073,47.787,52768.0,172234752.0,32.13,32.96,32.13,32.64,True,鸿远电子,False
2024-04-29,48.011,50.769,48.011,50.587,83655.0,289780920.0,32.8,34.77,32.8,34.64,True,鸿远电子,False
2024-04-30,50.475,50.811,49.453,49.831,43143.0,147117630.0,34.56,34.8,33.83,34.1,True,鸿远电子,False
2024-05-06,50.629,51.217,50.293,50.531,47617.0,164754820.0,34.67,35.09,34.43,34.6,True,鸿远电子,False
2024-05-07,50.433,53.149,50.251,52.337,85275.0,306051975.0,34.53,36.47,34.4,35.89,True,鸿远电子,False
2024-05-08,52.071,52.197,50.881,50.951,45603.0,159154470.0,35.7,35.79,34.85,34.9,True,鸿远电子,False
2024-05-09,50.811,53.905,50.657,53.681,84442.0,311168770.0,34.8,37.01,34.69,36.85,True,鸿远电子,False
2024-05-10,53.611,53.863,52.365,52.743,58710.0,212412780.0,36.8,36.98,35.91,36.18,True,鸿远电子,False
2024-05-13,52.113,52.127,50.825,51.441,46046.0,162312150.0,35.73,35.74,34.81,35.25,True,鸿远电子,False
2024-05-14,51.469,51.819,50.181,50.391,45199.0,154354585.0,34.92,35.17,34.0,34.15,True,鸿远电子,False
2024-05-15,50.223,50.881,49.691,49.789,31803.0,107239716.0,34.03,34.5,33.65,33.72,True,鸿远电子,False
2024-05-16,49.551,50.853,49.551,49.915,31107.0,105172767.0,33.55,34.48,33.55,33.81,True,鸿远电子,False
2024-05-17,49.495,50.937,49.481,50.937,42023.0,145147442.0,33.51,34.54,33.5,34.54,True,鸿远电子,False
2024-05-20,51.007,53.121,50.685,51.903,55051.0,193944673.0,34.59,36.1,34.36,35.23,True,鸿远电子,False
2024-05-21,51.525,51.525,50.685,51.007,30863.0,106755117.0,34.96,34.96,34.36,34.59,True,鸿远电子,False
2024-05-22,50.713,51.791,50.503,51.721,33489.0,117546390.0,34.38,35.15,34.23,35.1,True,鸿远电子,False
2024-05-23,51.581,51.581,50.335,50.391,37240.0,127174600.0,35.0,35.0,34.11,34.15,True,鸿远电子,False
2024-05-24,50.083,50.755,48.921,48.977,36694.0,121603916.0,33.93,34.41,33.1,33.14,True,鸿远电子,False
2024-05-27,49.061,51.259,47.381,51.133,61572.0,213531696.0,33.2,34.77,32.0,34.68,True,鸿远电子,False
2024-05-28,51.021,51.259,49.551,49.901,49017.0,165677460.0,34.6,34.77,33.55,33.8,True,鸿远电子,False
2024-05-29,49.747,51.007,49.243,49.467,26465.0,88631285.0,33.69,34.59,33.33,33.49,True,鸿远电子,False
2024-05-30,49.467,52.127,48.641,51.231,71093.0,247048175.0,33.49,35.39,32.9,34.75,True,鸿远电子,False
2024-05-31,51.455,53.667,51.315,52.533,95358.0,340237344.0,34.91,36.49,34.81,35.68,True,鸿远电子,False
2024-06-03,53.527,53.807,51.245,51.805,72389.0,254519724.0,36.39,36.59,34.76,35.16,True,鸿远电子,False
2024-06-04,51.371,53.177,50.741,52.939,83632.0,300824304.0,34.85,36.14,34.4,35.97,True,鸿远电子,False
2024-06-05,52.701,55.487,52.645,53.583,120576.0,439258368.0,35.8,37.79,35.76,36.43,True,鸿远电子,False
2024-06-06,53.541,53.905,51.343,51.511,86120.0,300989400.0,36.4,36.66,34.83,34.95,True,鸿远电子,False
2024-06-07,51.987,52.071,50.223,51.343,68409.0,238268547.0,35.29,35.35,34.03,34.83,True,鸿远电子,False
2024-06-11,50.783,54.605,49.901,54.367,89880.0,332466120.0,34.43,37.16,33.8,36.99,True,鸿远电子,False
2024-06-12,54.101,55.473,53.695,54.437,85166.0,315454864.0,36.8,37.78,36.51,37.04,True,鸿远电子,False
2024-06-13,54.423,56.061,53.975,56.033,109379.0,417609022.0,37.03,38.2,36.71,38.18,True,鸿远电子,False
2024-06-14,55.599,55.963,54.521,55.641,95918.0,363529220.0,37.87,38.13,37.1,37.9,True,鸿远电子,False
2024-06-17,55.235,55.599,54.031,54.353,81007.0,299563886.0,37.61,37.87,36.75,36.98,True,鸿远电子,False
2024-06-18,54.101,54.983,53.863,54.269,60116.0,221948272.0,36.8,37.43,36.63,36.92,True,鸿远电子,False
2024-06-19,54.101,54.311,52.841,52.925,55174.0,198405704.0,36.8,36.95,35.9,35.96,True,鸿远电子,False
2024-06-20,52.827,53.737,51.483,51.497,51707.0,180664258.0,35.89,36.54,34.93,34.94,True,鸿远电子,False
2024-06-21,51.161,51.581,49.887,49.901,54145.0,183010100.0,34.7,35.0,33.79,33.8,True,鸿远电子,False
2024-06-24,49.859,49.873,47.311,47.675,58541.0,188560561.0,33.77,33.78,31.95,32.21,True,鸿远电子,False
2024-06-25,47.941,48.221,46.107,46.415,40888.0,128020328.0,32.4,32.6,31.09,31.31,True,鸿远电子,False
2024-06-26,46.359,47.997,45.701,47.717,44982.0,145021968.0,31.27,32.44,30.8,32.24,True,鸿远电子,False
2024-06-27,47.311,47.605,45.939,45.981,37126.0,115090600.0,31.95,32.16,30.97,31.0,True,鸿远电子,False
2024-06-28,46.009,50.321,45.953,50.321,92097.0,314050770.0,31.02,34.1,30.98,34.1,True,鸿远电子,False
2024-07-01,50.321,50.461,48.641,49.243,98873.0,329543709.0,34.1,34.2,32.9,33.33,True,鸿远电子,False
2024-07-02,49.117,51.399,49.033,50.307,84232.0,287146888.0,33.24,34.87,33.18,34.09,True,鸿远电子,False
2024-07-03,49.803,50.321,49.061,49.873,48494.0,163812732.0,33.73,34.1,33.2,33.78,True,鸿远电子,False
2024-07-04,50.041,50.909,48.991,49.313,49563.0,165441294.0,33.9,34.52,33.15,33.38,True,鸿远电子,False
2024-07-05,49.173,49.649,47.619,49.299,39775.0,132729175.0,33.28,33.62,32.17,33.37,True,鸿远电子,False
2024-07-08,49.285,49.565,47.017,47.423,47457.0,152004771.0,33.36,33.56,31.74,32.03,True,鸿远电子,False
2024-07-09,47.227,49.243,46.541,48.949,47211.0,156362832.0,31.89,33.33,31.4,33.12,True,鸿远电子,False
2024-07-10,48.795,49.467,48.221,49.061,42925.0,142511000.0,33.01,33.49,32.6,33.2,True,鸿远电子,False
2024-07-11,49.831,50.629,49.201,50.335,54235.0,184995585.0,33.75,34.32,33.3,34.11,True,鸿远电子,False
2024-07-12,50.363,51.553,49.761,50.993,53409.0,184688322.0,34.13,34.98,33.7,34.58,True,鸿远电子,False
2024-07-15,50.741,52.001,49.901,50.055,45184.0,153218943.99999997,34.4,35.3,33.8,33.91,True,鸿远电子,False
2024-07-16,49.761,52.897,49.481,52.785,81471.0,292155006.0,33.7,35.94,33.5,35.86,True,鸿远电子,False
2024-07-17,52.491,53.219,51.973,52.001,58765.0,207440450.0,35.65,36.17,35.28,35.3,True,鸿远电子,False
2024-07-18,51.385,54.199,51.035,54.087,97295.0,357948305.0,34.86,36.87,34.61,36.79,True,鸿远电子,False
2024-07-19,53.681,54.759,53.415,53.877,75600.0,276998400.0,36.5,37.27,36.31,36.64,True,鸿远电子,False
2024-07-22,53.345,54.283,52.841,53.359,60735.0,220285845.00000003,36.26,36.93,35.9,36.27,True,鸿远电子,False
2024-07-23,53.373,53.499,51.637,51.637,48389.0,169555056.0,36.28,36.37,35.04,35.04,True,鸿远电子,False
2024-07-24,51.441,52.911,51.315,51.511,52333.0,182903835.0,34.9,35.95,34.81,34.95,True,鸿远电子,False
2024-07-25,51.511,52.435,50.867,51.875,43523.0,153244483.0,34.95,35.61,34.49,35.21,True,鸿远电子,False
2024-07-26,51.889,54.731,51.511,54.619,108006.0,401458302.0,35.22,37.25,34.95,37.17,True,鸿远电子,False
2024-07-29,54.969,59.085,54.143,57.447,168581.0,660668939.0,37.42,40.36,36.83,39.19,True,鸿远电子,False
2024-07-30,57.013,58.581,56.341,57.265,119272.0,465876432.0,38.88,40.0,38.4,39.06,True,鸿远电子,False
2024-07-31,57.209,59.981,56.481,59.575,139637.0,568462227.0,39.02,41.0,38.5,40.71,True,鸿远电子,False
2024-08-01,59.491,61.997,58.301,58.329,136148.0,542141336.0,40.65,42.44,39.8,39.82,True,鸿远电子,False
2024-08-02,57.727,58.721,56.481,56.593,117909.0,454892922.0,39.39,40.1,38.5,38.58,True,鸿远电子,False
2024-08-05,56.439,58.567,55.403,55.599,101461.0,384232807.0,38.47,39.99,37.73,37.87,True,鸿远电子,False
2024-08-06,56.481,57.783,55.697,56.887,91148.0,353563092.0,38.5,39.43,37.94,38.79,True,鸿远电子,False
2024-08-07,56.397,58.371,56.271,58.371,91495.0,364607575.0,38.44,39.85,38.35,39.85,True,鸿远电子,False
2024-08-08,57.671,57.671,54.815,55.557,86264.0,326422976.0,39.35,39.35,37.31,37.84,True,鸿远电子,False
2024-08-09,56.089,56.425,54.535,54.549,63257.0,234809984.0,38.22,38.46,37.11,37.12,True,鸿远电子,False
2024-08-12,54.101,54.633,52.897,54.115,45102.0,166020462.0,36.8,37.18,35.94,36.81,True,鸿远电子,False
2024-08-13,54.073,54.857,53.877,54.773,36585.0,136388880.0,36.78,37.34,36.64,37.28,True,鸿远电子,False
2024-08-14,54.409,54.787,53.499,53.499,31693.0,115267441.0,37.02,37.29,36.37,36.37,True,鸿远电子,False
2024-08-15,53.345,55.389,53.009,54.633,49908.0,185557944.0,36.26,37.72,36.02,37.18,True,鸿远电子,False
2024-08-16,54.717,55.375,53.695,53.807,51214.0,187392026.00000003,37.24,37.71,36.51,36.59,True,鸿远电子,False
2024-08-19,53.751,54.129,52.701,52.953,39599.0,142477202.0,36.55,36.82,35.8,35.98,True,鸿远电子,False
2024-08-20,53.009,53.723,52.365,52.687,31666.0,113332614.0,36.02,36.53,35.56,35.79,True,鸿远电子,False
2024-08-21,52.449,54.059,52.393,53.163,40746.0,147215298.0,35.62,36.77,35.58,36.13,True,鸿远电子,False
2024-08-22,52.995,53.219,49.803,49.999,75466.0,255603342.0,36.01,36.17,33.73,33.87,True,鸿远电子,False
2024-08-23,49.929,51.021,49.551,50.027,38452.0,130313828.0,33.82,34.6,33.55,33.89,True,鸿远电子,False
2024-08-26,49.243,49.271,47.493,47.773,51289.0,165560892.0,33.33,33.35,32.08,32.28,True,鸿远电子,False
2024-08-27,47.521,47.661,46.149,46.275,39708.0,123928668.0,32.1,32.2,31.12,31.21,True,鸿远电子,False
2024-08-28,45.953,46.541,45.813,46.317,31189.0,97434436.0,30.98,31.4,30.88,31.24,True,鸿远电子,False
2024-08-29,46.261,48.263,45.967,47.703,48634.0,156747381.99999997,31.2,32.63,30.99,32.23,True,鸿远电子,False
2024-08-30,47.745,49.243,47.521,48.627,43642.0,143538538.0,32.26,33.33,32.1,32.89,True,鸿远电子,False
2024-09-02,48.613,48.991,47.521,47.521,32628.0,104735880.0,32.88,33.15,32.1,32.1,True,鸿远电子,False
2024-09-03,47.409,48.053,47.143,47.717,29488.0,95069312.0,32.02,32.48,31.83,32.24,True,鸿远电子,False
2024-09-04,47.101,47.577,46.513,46.625,31927.0,100442342.0,31.8,32.14,31.38,31.46,True,鸿远电子,False
2024-09-05,46.681,47.283,46.611,47.115,21266.0,67647146.0,31.5,31.93,31.45,31.81,True,鸿远电子,False
2024-09-06,47.241,47.325,45.869,45.869,25748.0,79612816.0,31.9,31.96,30.92,30.92,True,鸿远电子,False
2024-09-09,45.589,46.051,45.113,45.239,21063.0,64178961.0,30.72,31.05,30.38,30.47,True,鸿远电子,False
2024-09-10,45.449,45.477,44.315,45.421,25219.0,77170140.0,30.62,30.64,29.81,30.6,True,鸿远电子,False
2024-09-11,45.435,45.771,44.931,45.729,19822.0,61091404.0,30.61,30.85,30.25,30.82,True,鸿远电子,False
2024-09-12,45.687,46.191,44.791,44.791,22613.0,68178195.0,30.79,31.15,30.15,30.15,True,鸿远电子,False
2024-09-13,44.735,44.889,43.853,43.853,23234.0,68493832.0,30.11,30.22,29.48,29.48,True,鸿远电子,False
2024-09-18,43.321,44.259,42.481,43.223,26499.0,76926597.0,29.1,29.77,28.5,29.03,True,鸿远电子,False
2024-09-19,43.475,44.539,43.195,44.077,24693.0,73190052.0,29.21,29.97,29.01,29.64,True,鸿远电子,False
2024-09-20,44.147,44.483,43.349,43.755,20438.0,60108158.0,29.69,29.93,29.12,29.41,True,鸿远电子,False
2024-09-23,43.685,44.301,43.461,44.077,18286.0,54199704.0,29.36,29.8,29.2,29.64,True,鸿远电子,False
2024-09-24,44.413,45.967,44.105,45.967,42683.0,132274617.0,29.88,30.99,29.66,30.99,True,鸿远电子,False
2024-09-25,46.513,47.857,46.149,46.289,53672.0,167563984.0,31.38,32.34,31.12,31.22,True,鸿远电子,False
2024-09-26,46.471,48.123,46.107,48.095,52427.0,170440177.0,31.35,32.53,31.09,32.51,True,鸿远电子,False
2024-09-27,49.145,50.867,48.571,50.811,54757.0,188637865.00000003,33.26,34.49,32.85,34.45,True,鸿远电子,False
2024-09-30,53.023,55.641,52.421,55.641,112289.0,425575310.0,36.03,37.9,35.6,37.9,True,鸿远电子,False
2024-10-08,60.947,60.947,57.685,60.947,132420.0,552058980.0,41.69,41.69,39.36,41.69,True,鸿远电子,False
2024-10-09,60.821,62.781,56.551,57.419,130879.0,512653043.0,41.6,43.0,38.55,39.17,True,鸿远电子,False
2024-10-10,57.615,59.001,56.565,56.677,83214.0,321538896.0,39.31,40.3,38.56,38.64,True,鸿远电子,False
2024-10-11,55.921,56.327,52.799,53.597,73938.0,269430072.0,38.1,38.39,35.87,36.44,True,鸿远电子,False
2024-10-14,54.297,56.565,53.751,56.131,70582.0,269976150.0,36.94,38.56,36.55,38.25,True,鸿远电子,False
2024-10-15,55.781,58.105,54.899,55.781,71951.0,273413800.0,38.0,39.66,37.37,38.0,True,鸿远电子,False
2024-10-16,55.207,55.907,54.241,54.829,41266.0,154004712.0,37.59,38.09,36.9,37.32,True,鸿远电子,False
2024-10-17,55.123,59.393,55.123,58.147,124257.0,493176033.0,37.53,40.58,37.53,39.69,True,鸿远电子,False
2024-10-18,57.503,61.087,57.013,59.379,114279.0,463629903.0,39.23,41.79,38.88,40.57,True,鸿远电子,False
2024-10-21,60.149,65.063,60.149,65.063,112488.0,502033944.0,41.12,44.63,41.12,44.63,True,鸿远电子,False
2024-10-22,65.021,67.877,64.307,66.645,182534.0,835275584.0,44.6,46.64,44.09,45.76,True,鸿远电子,False
2024-10-23,65.595,69.753,65.595,66.253,155316.0,706377168.0,45.01,47.98,45.01,45.48,True,鸿远电子,False
2024-10-24,65.903,66.211,62.655,62.977,103117.0,444846738.0,45.23,45.45,42.91,43.14,True,鸿远电子,False
2024-10-25,63.173,64.461,63.005,63.383,65559.0,284722737.0,43.28,44.2,43.16,43.43,True,鸿远电子,False
2024-10-28,63.929,64.321,62.431,63.047,57686.0,249145834.0,43.82,44.1,42.75,43.19,True,鸿远电子,False
2024-10-29,63.369,64.111,61.815,61.969,61537.0,261039954.0,43.42,43.95,42.31,42.42,True,鸿远电子,False
2024-10-30,61.871,62.501,60.793,61.549,56660.0,238651920.0,42.35,42.8,41.58,42.12,True,鸿远电子,False
2024-10-31,60.345,61.549,59.617,61.297,72993.0,306132642.0,41.26,42.12,40.74,41.94,True,鸿远电子,False
2024-11-01,61.381,61.731,57.559,57.615,76946.0,302474726.0,42.0,42.25,39.27,39.31,True,鸿远电子,False
2024-11-04,57.881,59.701,57.615,58.875,44677.0,179646217.0,39.5,40.8,39.31,40.21,True,鸿远电子,False
2024-11-05,59.197,64.419,58.945,63.383,105626.0,458733718.0,40.44,44.17,40.26,43.43,True,鸿远电子,False
2024-11-06,64.069,64.139,62.109,62.851,73767.0,317566935.0,43.92,43.97,42.52,43.05,True,鸿远电子,False
2024-11-07,62.781,63.271,61.563,62.585,59752.0,256097072.0,43.0,43.35,42.13,42.86,True,鸿远电子,False
2024-11-08,63.341,66.589,62.781,65.707,130412.0,588027708.0,43.4,45.72,43.0,45.09,True,鸿远电子,False
2024-11-11,65.707,67.961,64.923,67.485,96691.0,448259476.0,45.09,46.7,44.53,46.36,True,鸿远电子,False
2024-11-12,67.611,67.611,64.027,65.021,83759.0,373565140.0,46.45,46.45,43.89,44.6,True,鸿远电子,False
2024-11-13,64.657,65.511,62.907,65.371,52061.0,233493585.0,44.34,44.95,43.09,44.85,True,鸿远电子,False
2024-11-14,65.441,65.525,62.221,62.445,48492.0,207351792.0,44.9,44.96,42.6,42.76,True,鸿远电子,False
2024-11-15,62.907,63.383,61.395,61.409,38641.0,162369482.0,43.09,43.43,42.01,42.02,True,鸿远电子,False
2024-11-18,61.381,62.081,58.903,59.379,46072.0,186914104.0,42.0,42.5,40.23,40.57,True,鸿远电子,False
2024-11-19,59.351,61.213,59.211,60.989,46990.0,196042280.0,40.55,41.88,40.45,41.72,True,鸿远电子,False
2024-11-20,60.681,61.661,59.995,60.975,44114.0,183999494.0,41.5,42.2,41.01,41.71,True,鸿远电子,False
2024-11-21,60.975,61.353,59.995,60.569,32001.0,132548142.0,41.71,41.98,41.01,41.42,True,鸿远电子,False
2024-11-22,60.359,60.723,57.755,57.811,41546.0,163898970.0,41.27,41.53,39.41,39.45,True,鸿远电子,False
2024-11-25,58.147,58.595,57.223,58.595,29877.0,119537877.0,39.69,40.01,39.03,40.01,True,鸿远电子,False
2024-11-26,58.581,59.813,58.385,58.581,27191.0,108764000.0,40.0,40.88,39.86,40.0,True,鸿远电子,False
2024-11-27,58.581,60.485,57.391,60.457,42585.0,176046390.0,40.0,41.36,39.15,41.34,True,鸿远电子,False
2024-11-28,60.709,63.355,60.709,61.745,67442.0,285009892.0,41.52,43.41,41.52,42.26,True,鸿远电子,False
2024-11-29,61.395,62.795,60.737,62.039,43982.0,186791554.0,42.01,43.01,41.54,42.47,True,鸿远电子,False
2024-12-02,61.647,62.459,61.381,62.221,33892.0,144379920.0,42.19,42.77,42.0,42.6,True,鸿远电子,False
2024-12-03,62.249,62.263,60.681,61.227,35626.0,149237314.0,42.62,42.63,41.5,41.89,True,鸿远电子,False
2024-12-04,60.961,61.493,59.771,60.037,28607.0,117403128.0,41.7,42.08,40.85,41.04,True,鸿远电子,False
2024-12-05,59.897,60.793,59.603,60.359,24606.0,101548962.0,40.94,41.58,40.73,41.27,True,鸿远电子,False
2024-12-06,60.191,61.311,59.337,60.919,30951.0,128972817.0,41.15,41.95,40.54,41.67,True,鸿远电子,False
2024-12-09,61.031,61.031,59.533,60.009,25604.0,105027608.0,41.75,41.75,40.68,41.02,True,鸿远电子,False
2024-12-10,61.465,62.179,60.555,61.199,48828.0,204442836.0,42.06,42.57,41.41,41.87,True,鸿远电子,False
2024-12-11,60.989,62.389,60.569,62.277,39437.0,168159368.0,41.72,42.72,41.42,42.64,True,鸿远电子,False
2024-12-12,62.277,63.901,61.955,63.089,49576.0,214267472.0,42.64,43.8,42.41,43.22,True,鸿远电子,False
2024-12-13,62.613,62.977,60.135,60.135,47626.0,195790486.0,42.88,43.14,41.11,41.11,True,鸿远电子,False
2024-12-16,59.953,60.261,58.861,59.113,30561.0,123405318.0,40.98,41.2,40.2,40.38,True,鸿远电子,False
2024-12-17,58.805,59.701,58.301,58.455,25481.0,101694671.0,40.16,40.8,39.8,39.91,True,鸿远电子,False
2024-12-18,58.483,59.337,58.049,58.413,20774.0,82846712.0,39.93,40.54,39.62,39.88,True,鸿远电子,False
2024-12-19,57.951,58.861,57.573,58.833,22164.0,89054952.0,39.55,40.2,39.28,40.18,True,鸿远电子,False
2024-12-20,58.847,59.701,58.301,58.987,26036.0,104899044.0,40.19,40.8,39.8,40.29,True,鸿远电子,False
2024-12-23,59.001,60.093,57.573,57.685,29956.0,117906816.0,40.3,41.08,39.28,39.36,True,鸿远电子,False
2024-12-24,57.797,58.469,57.349,58.245,19717.0,78394792.0,39.44,39.92,39.12,39.76,True,鸿远电子,False
2024-12-25,57.993,58.329,56.187,56.495,27887.0,107392837.0,39.58,39.82,38.29,38.51,True,鸿远电子,False
2024-12-26,56.621,57.727,56.495,57.293,21689.0,84760612.0,38.6,39.39,38.51,39.08,True,鸿远电子,False
2024-12-27,58.021,59.267,57.727,58.035,32902.0,130324822.0,39.6,40.49,39.39,39.61,True,鸿远电子,False
2024-12-30,57.811,58.091,56.565,56.663,29981.0,115816603.0,39.45,39.65,38.56,38.63,True,鸿远电子,False
2024-12-31,56.551,56.761,53.065,53.303,54090.0,195968070.0,38.55,38.7,36.06,36.23,True,鸿远电子,False
2025-01-02,53.093,53.121,50.391,51.063,46772.0,161971436.0,36.08,36.1,34.15,34.63,True,鸿远电子,False
2025-01-03,51.161,51.693,50.111,50.153,33948.0,115355304.0,34.7,35.08,33.95,33.98,True,鸿远电子,False
2025-01-06,50.181,50.769,49.047,49.481,31083.0,104128050.0,34.0,34.42,33.19,33.5,True,鸿远电子,False
2025-01-07,49.481,50.111,49.271,50.083,28782.0,97657326.0,33.5,33.95,33.35,33.93,True,鸿远电子,False
2025-01-08,49.957,50.139,47.997,49.565,34823.0,116865988.0,33.84,33.97,32.44,33.56,True,鸿远电子,False
2025-01-09,49.257,50.279,48.851,49.761,29072.0,97972640.0,33.34,34.07,33.05,33.7,True,鸿远电子,False
2025-01-10,49.579,50.727,48.487,48.487,26544.0,87037776.0,33.57,34.39,32.79,32.79,True,鸿远电子,False
2025-01-13,48.291,49.327,47.591,48.949,21263.0,70423056.0,32.65,33.39,32.15,33.12,True,鸿远电子,False
2025-01-14,49.873,50.881,48.809,50.755,31946.0,109926186.0,33.78,34.5,33.02,34.41,True,鸿远电子,False
2025-01-15,50.741,51.147,49.971,51.035,32548.0,112648628.0,34.4,34.69,33.85,34.61,True,鸿远电子,False
2025-01-16,51.245,52.393,50.391,50.811,26456.0,91140920.0,34.76,35.58,34.15,34.45,True,鸿远电子,False
2025-01-17,50.559,52.645,50.433,52.295,36565.0,129842315.0,34.27,35.76,34.18,35.51,True,鸿远电子,False
2025-01-20,51.581,54.563,51.483,54.059,54313.0,199708901.00000003,35.0,37.13,34.93,36.77,True,鸿远电子,False
2025-01-21,54.185,54.521,52.883,53.709,27074.0,98874248.0,36.86,37.1,35.93,36.52,True,鸿远电子,False
2025-01-22,53.261,53.583,52.225,52.589,18329.0,65471188.0,36.2,36.43,35.46,35.72,True,鸿远电子,False
2025-01-23,52.883,53.597,52.141,52.225,21889.0,77618394.0,35.93,36.44,35.4,35.46,True,鸿远电子,False
2025-01-24,52.155,52.855,51.833,52.855,18343.0,65869712.99999999,35.41,35.91,35.18,35.91,True,鸿远电子,False
2025-01-27,52.995,53.289,51.553,51.553,16107.0,56342285.99999999,36.01,36.22,34.98,34.98,True,鸿远电子,False
2025-02-05,51.805,52.421,51.539,51.847,19934.0,70147746.0,35.16,35.6,34.97,35.19,True,鸿远电子,False
2025-02-06,51.679,53.765,51.441,53.681,31966.0,116675900.0,35.07,36.56,34.9,36.5,True,鸿远电子,False
2025-02-07,53.835,54.479,53.051,53.793,28440.0,104033520.0,36.61,37.07,36.05,36.58,True,鸿远电子,False
2025-02-10,53.877,55.361,53.261,54.661,33751.0,125553720.0,36.64,37.7,36.2,37.2,True,鸿远电子,False
2025-02-11,54.661,54.661,53.611,53.835,22849.0,83650189.0,37.2,37.2,36.45,36.61,True,鸿远电子,False
2025-02-12,53.569,54.423,53.513,54.423,23292.0,86250276.0,36.42,37.03,36.38,37.03,True,鸿远电子,False
2025-02-13,54.241,54.311,53.009,53.079,27470.0,99084290.0,36.9,36.95,36.02,36.07,True,鸿远电子,False
2025-02-14,52.995,53.401,52.561,53.219,19881.0,71909577.0,36.01,36.3,35.7,36.17,True,鸿远电子,False
2025-02-17,53.275,53.639,52.687,52.967,21628.0,77839172.0,36.21,36.47,35.79,35.99,True,鸿远电子,False
2025-02-18,52.841,53.345,50.447,50.769,42116.0,144963272.0,35.9,36.26,34.19,34.42,True,鸿远电子,False
2025-02-19,50.755,52.701,50.699,52.603,32345.0,115568685.0,34.41,35.8,34.37,35.73,True,鸿远电子,False
2025-02-20,53.023,56.481,52.799,55.431,93820.0,354170500.0,36.03,38.5,35.87,37.75,True,鸿远电子,False
2025-02-21,55.109,55.991,54.395,55.921,48437.0,184544970.0,37.52,38.15,37.01,38.1,True,鸿远电子,False
2025-02-24,54.941,55.837,54.913,55.291,33045.0,124414425.0,37.4,38.04,37.38,37.65,True,鸿远电子,False
2025-02-25,54.661,55.739,54.115,55.221,30394.0,114281440.0,37.2,37.97,36.81,37.6,True,鸿远电子,False
2025-02-26,55.207,60.191,55.081,59.729,123859.0,505592438.0,37.59,41.15,37.5,40.82,True,鸿远电子,False
2025-02-27,59.267,60.261,58.623,60.121,80678.0,331586580.0,40.49,41.2,40.03,41.1,True,鸿远电子,False
2025-02-28,59.981,60.499,57.713,57.909,56859.0,224706768.00000003,41.0,41.37,39.38,39.52,True,鸿远电子,False
2025-03-03,57.881,59.981,57.881,58.861,55061.0,221345220.00000003,39.5,41.0,39.5,40.2,True,鸿远电子,False
2025-03-04,58.721,63.131,58.497,62.291,97386.0,415351290.0,40.1,43.25,39.94,42.65,True,鸿远电子,False
2025-03-05,61.913,63.481,61.493,61.703,47855.0,202091665.0,42.38,43.5,42.08,42.23,True,鸿远电子,False
2025-03-06,61.423,63.047,60.821,61.801,78320.0,331293600.0,42.03,43.19,41.6,42.3,True,鸿远电子,False
2025-03-07,61.479,64.405,61.479,63.355,78670.0,341506470.0,42.07,44.16,42.07,43.41,True,鸿远电子,False
2025-03-10,63.705,68.101,63.369,65.315,97143.0,435297783.0,43.66,46.8,43.42,44.81,True,鸿远电子,False
2025-03-11,64.699,71.587,64.181,71.587,196109.0,966621261.0,44.37,49.29,44.0,49.29,True,鸿远电子,False
2025-03-12,73.491,78.489,72.581,78.489,223117.0,1209740374.0,50.65,54.22,50.0,54.22,True,鸿远电子,False
2025-03-13,79.399,85.041,74.681,80.421,244444.0,1359108640.0,54.87,58.9,51.5,55.6,True,鸿远电子,False
2025-03-14,79.553,80.127,75.731,77.817,131497.0,706664878.0,54.98,55.39,52.25,53.74,True,鸿远电子,False
2025-03-17,77.439,84.411,76.739,78.111,182187.0,982898865.0,53.47,58.45,52.97,53.95,True,鸿远电子,False
2025-03-18,79.329,80.127,74.807,76.893,185617.0,985255036.0,54.82,55.39,51.59,53.08,True,鸿远电子,False
2025-03-19,76.137,77.005,74.107,76.305,117146.0,616890836.0,52.54,53.16,51.09,52.66,True,鸿远电子,False
2025-03-20,76.221,80.225,75.605,78.167,129052.0,696751748.0,52.6,55.46,52.16,53.99,True,鸿远电子,False
2025-03-21,77.621,79.301,75.899,78.139,98799.0,533218203.0,53.6,54.8,52.37,53.97,True,鸿远电子,False
2025-03-24,77.467,77.817,72.329,74.023,132393.0,675601479.0,53.49,53.74,49.82,51.03,True,鸿远电子,False
2025-03-25,73.981,81.163,72.581,81.163,120084.0,674031492.0,51.0,56.13,50.0,56.13,True,鸿远电子,False
2025-03-26,79.679,82.031,78.321,80.435,134902.0,750190022.0,55.07,56.75,54.1,55.61,True,鸿远电子,False
2025-03-27,80.281,80.617,75.843,76.361,115234.0,607283180.0,55.5,55.74,52.33,52.7,True,鸿远电子,False
2025-03-28,76.361,78.657,76.361,76.963,70791.0,376112583.0,52.7,54.34,52.7,53.13,True,鸿远电子,False
2025-03-31,77.117,77.201,73.561,75.171,73619.0,381714515.0,53.24,53.3,50.7,51.85,True,鸿远电子,False
2025-04-01,76.781,80.841,76.781,79.287,149788.0,820688452.0,53.0,55.9,53.0,54.79,True,鸿远电子,False
2025-04-02,79.385,83.081,79.021,80.715,107003.0,597183743.0,54.86,57.5,54.6,55.81,True,鸿远电子,False
2025-04-03,79.735,84.481,79.735,80.715,92886.0,518396766.0,55.11,58.5,55.11,55.81,True,鸿远电子,False
2025-04-07,76.781,80.701,72.903,74.989,129914.0,671915208.0,53.0,55.8,50.23,51.72,True,鸿远电子,False
2025-04-08,74.765,78.839,73.001,75.101,101691.0,526759380.0,51.56,54.47,50.3,51.8,True,鸿远电子,False
2025-04-09,74.653,82.353,73.001,82.353,106114.0,604637572.0,51.48,56.98,50.3,56.98,True,鸿远电子,False
2025-04-10,84.439,89.325,83.095,87.813,211053.0,1284890664.0,58.47,61.96,57.51,60.88,True,鸿远电子,False
2025-04-11,86.007,93.763,85.895,87.855,215524.0,1312756684.0,59.59,65.13,59.51,60.91,True,鸿远电子,False
2025-04-14,89.381,90.151,87.001,87.785,126061.0,767207246.0,62.0,62.55,60.3,60.86,True,鸿远电子,False
2025-04-15,87.785,88.359,82.073,83.991,173050.0,1006285750.0,60.86,61.27,56.78,58.15,True,鸿远电子,False
2025-04-16,83.417,84.201,80.841,82.479,99042.0,565232694.0,57.74,58.3,55.9,57.07,True,鸿远电子,False
2025-04-17,81.471,84.061,79.861,79.987,99502.0,550146558.0,56.35,58.2,55.2,55.29,True,鸿远电子,False
2025-04-18,79.581,80.533,76.053,76.627,128422.0,679223958.0,55.0,55.68,52.48,52.89,True,鸿远电子,False
2025-04-21,76.669,78.601,76.109,78.041,69836.0,376416040.0,52.92,54.3,52.52,53.9,True,鸿远电子,False
2025-04-22,77.495,79.203,76.599,77.467,60083.0,321383967.0,53.51,54.73,52.87,53.49,True,鸿远电子,False
2025-04-23,77.467,77.999,75.843,76.795,52698.0,279352098.0,53.49,53.87,52.33,53.01,True,鸿远电子,False
2025-04-24,73.351,77.551,73.351,76.459,76433.0,403336941.0,50.55,53.55,50.55,52.77,True,鸿远电子,False
2025-04-25,75.997,78.321,75.871,76.697,54689.0,289523566.0,52.44,54.1,52.35,52.94,True,鸿远电子,False
2025-04-28,76.697,78.531,76.109,77.131,56162.0,299062650.0,52.94,54.25,52.52,53.25,True,鸿远电子,False
2025-04-29,76.641,76.893,74.835,75.899,61062.0,319781694.0,52.9,53.08,51.61,52.37,True,鸿远电子,False
2025-04-30,75.409,77.565,75.339,75.535,48950.0,255078450.0,52.02,53.56,51.97,52.11,True,鸿远电子,False
2025-05-06,75.675,76.781,72.595,75.157,110427.0,572453568.0,52.21,53.0,50.01,51.84,True,鸿远电子,False
2025-05-07,75.647,79.511,75.647,78.083,144185.0,777589705.0,52.19,54.95,52.19,53.93,True,鸿远电子,False
2025-05-08,78.167,78.167,75.381,76.977,109596.0,582393144.0,53.99,53.99,52.0,53.14,True,鸿远电子,False
2025-05-09,77.159,77.411,73.841,74.121,74195.0,379136450.0,53.27,53.45,50.9,51.1,True,鸿远电子,False
2025-05-12,74.625,81.275,74.149,81.275,195886.0,1101075206.0,51.46,56.21,51.12,56.21,True,鸿远电子,False
2025-05-13,81.051,81.051,76.011,76.123,164319.0,863167707.0,56.05,56.05,52.45,52.53,True,鸿远电子,False
2025-05-14,76.333,76.837,74.653,75.101,89639.0,464330020.0,52.68,53.04,51.48,51.8,True,鸿远电子,False
2025-05-15,75.115,75.381,72.595,72.889,76290.0,383128380.0,51.81,52.0,50.01,50.22,True,鸿远电子,False
2025-05-16,72.161,72.819,69.039,70.411,108727.0,524933956.0,49.53,50.0,47.3,48.28,True,鸿远电子,False
2025-05-19,70.159,70.509,69.095,70.285,47177.0,227345963.0,48.1,48.35,47.34,48.19,True,鸿远电子,False
2025-05-20,70.201,70.691,69.109,70.439,48922.0,236293260.0,48.13,48.48,47.35,48.3,True,鸿远电子,False
2025-05-21,70.453,70.915,68.857,69.263,53782.0,255249372.0,48.31,48.64,47.17,47.46,True,鸿远电子,False
2025-05-22,68.913,70.719,68.129,68.339,73582.0,344363760.0,47.21,48.5,46.65,46.8,True,鸿远电子,False
2025-05-23,67.989,69.767,67.989,68.479,62779.0,294433510.0,46.55,47.82,46.55,46.9,True,鸿远电子,False
2025-05-26,68.423,69.389,68.199,69.347,45683.0,217085616.0,46.86,47.55,46.7,47.52,True,鸿远电子,False
2025-05-27,68.787,68.983,67.191,67.513,53276.0,246188396.0,47.12,47.26,45.98,46.21,True,鸿远电子,False
2025-05-28,67.527,67.835,66.659,66.883,37723.0,172620448.0,46.22,46.44,45.6,45.76,True,鸿远电子,False
2025-05-29,66.743,68.535,66.589,68.227,42594.0,198999168.0,45.66,46.94,45.55,46.72,True,鸿远电子,False
2025-05-30,68.395,68.661,67.527,67.849,37690.0,175070050.0,46.84,47.03,46.22,46.45,True,鸿远电子,False
2025-06-03,67.681,68.675,67.359,68.101,41155.0,191905765.0,46.33,47.04,46.1,46.63,True,鸿远电子,False
2025-06-04,67.877,68.619,67.723,68.479,35179.0,164989510.0,46.47,47.0,46.36,46.9,True,鸿远电子,False
2025-06-05,68.465,69.879,67.947,69.487,49518.0,235804716.0,46.89,47.9,46.52,47.62,True,鸿远电子,False
2025-06-06,69.487,70.425,68.367,68.479,43718.0,205037420.0,47.62,48.29,46.82,46.9,True,鸿远电子,False
2025-06-09,68.549,69.739,67.009,67.499,89630.0,414090600.0,46.95,47.8,45.85,46.2,True,鸿远电子,False
2025-06-10,66.743,66.911,64.699,65.693,81273.0,364997043.0,45.66,45.78,44.2,44.91,True,鸿远电子,False
2025-06-11,65.749,67.191,65.259,66.869,50583.0,231417225.0,44.95,45.98,44.6,45.75,True,鸿远电子,False
2025-06-12,66.519,67.527,66.085,66.715,30777.0,140466228.0,45.5,46.22,45.19,45.64,True,鸿远电子,False
2025-06-13,67.933,68.143,65.931,66.435,51001.0,231748544.0,46.51,46.66,45.08,45.44,True,鸿远电子,False
2025-06-16,66.365,67.359,65.973,66.351,35277.0,160087026.0,45.39,46.1,45.11,45.38,True,鸿远电子,False
2025-06-17,66.225,66.883,65.707,66.323,27024.0,122580864.0,45.29,45.76,44.92,45.36,True,鸿远电子,False
2025-06-18,66.239,67.359,66.071,66.827,36397.0,166407084.0,45.3,46.1,45.18,45.72,True,鸿远电子,False
2025-06-19,66.519,67.037,65.651,65.833,37624.0,169345624.0,45.5,45.87,44.88,45.01,True,鸿远电子,False
2025-06-20,65.679,65.945,64.881,64.937,27728.0,123029136.0,44.9,45.09,44.33,44.37,True,鸿远电子,False
2025-06-23,64.741,68.115,64.713,67.541,66943.0,309477489.0,44.23,46.64,44.21,46.23,True,鸿远电子,False
2025-06-24,67.219,68.731,66.589,68.339,66261.0,310101480.0,46.0,47.08,45.55,46.8,True,鸿远电子,False
2025-06-25,68.451,72.105,68.339,71.139,108080.0,527430400.0,46.88,49.49,46.8,48.8,True,鸿远电子,False
2025-06-26,71.153,72.119,70.229,70.509,68338.0,330414230.0,48.81,49.5,48.15,48.35,True,鸿远电子,False
2025-06-27,70.453,71.559,69.977,70.383,48057.0,231923082.0,48.31,49.1,47.97,48.26,True,鸿远电子,False
2025-06-30,70.383,73.911,70.383,73.197,91470.0,459819690.0,48.26,50.78,48.26,50.27,True,鸿远电子,False
2025-07-01,73.379,75.031,72.833,73.337,73979.0,372632223.0,50.4,51.58,50.01,50.37,True,鸿远电子,False
2025-07-02,73.211,73.211,71.111,71.531,56589.0,277738812.0,50.28,50.28,48.78,49.08,True,鸿远电子,False
2025-07-03,71.335,72.959,71.139,71.853,47589.0,234661359.0,48.94,50.1,48.8,49.31,True,鸿远电子,False
2025-07-04,71.433,72.091,70.551,71.195,34576.0,168869184.0,49.01,49.48,48.38,48.84,True,鸿远电子,False
2025-07-07,70.691,71.587,70.061,70.075,31115.0,149476460.0,48.48,49.12,48.03,48.04,True,鸿远电子,False
2025-07-08,70.019,72.077,69.879,71.475,44719.0,219301976.0,48.0,49.47,47.9,49.04,True,鸿远电子,False
2025-07-09,72.119,73.337,71.573,71.783,51896.0,255639696.0,49.5,50.37,49.11,49.26,True,鸿远电子,False
2025-07-10,71.769,73.435,71.265,72.259,47497.0,235585120.0,49.25,50.44,48.89,49.6,True,鸿远电子,False
2025-07-11,72.903,76.753,72.679,76.501,125087.0,658332881.0,50.06,52.81,49.9,52.63,True,鸿远电子,False
2025-07-14,76.739,77.299,74.093,74.611,88275.0,452674200.0,52.8,53.2,50.91,51.28,True,鸿远电子,False
2025-07-15,76.011,78.139,74.709,75.353,88238.0,457161078.0,52.28,53.8,51.35,51.81,True,鸿远电子,False
2025-07-16,75.465,76.151,74.751,75.241,57873.0,299377029.0,51.89,52.38,51.38,51.73,True,鸿远电子,False
2025-07-17,75.479,77.019,74.639,76.599,61603.0,324647810.0,51.9,53.0,51.3,52.7,True,鸿远电子,False
2025-07-18,76.291,77.005,75.493,75.941,40563.0,211860549.0,52.48,52.99,51.91,52.23,True,鸿远电子,False
2025-07-21,75.913,77.131,75.171,75.997,61969.0,323911963.0,52.21,53.08,51.68,52.27,True,鸿远电子,False
2025-07-22,75.969,78.209,75.521,77.229,67164.0,356976660.0,52.25,53.85,51.93,53.15,True,鸿远电子,False
2025-07-23,76.865,77.103,74.947,75.255,57211.0,296009714.0,52.89,53.06,51.52,51.74,True,鸿远电子,False
2025-07-24,75.059,76.193,74.933,75.577,43148.0,224240156.0,51.6,52.41,51.51,51.97,True,鸿远电子,False
2025-07-25,75.661,76.599,75.339,76.319,39296.0,206304000.0,52.03,52.7,51.8,52.5,True,鸿远电子,False
2025-07-28,76.991,80.435,76.753,79.399,83237.0,455306390.0,52.98,55.44,52.81,54.7,True,鸿远电子,False
2025-07-29,78.699,80.757,78.601,80.659,62035.0,344914600.0,54.2,55.67,54.13,55.6,True,鸿远电子,False
2025-07-30,80.631,81.485,78.489,79.567,60459.0,331436238.0,55.58,56.19,54.05,54.82,True,鸿远电子,False
2025-07-31,79.077,81.359,79.049,79.665,59907.0,328829523.0,54.47,56.1,54.45,54.89,True,鸿远电子,False
2025-08-01,79.679,79.819,76.739,77.425,57748.0,307739092.0,54.9,55.0,52.8,53.29,True,鸿远电子,False
2025-08-04,77.019,80.071,76.781,79.959,59478.0,327723780.0,53.0,55.18,52.83,55.1,True,鸿远电子,False
2025-08-05,79.819,81.009,79.175,79.749,44097.0,242313015.0,55.0,55.85,54.54,54.95,True,鸿远电子,False
2025-08-06,79.595,83.221,79.567,82.535,73639.0,419300466.0,54.84,57.43,54.82,56.94,True,鸿远电子,False
2025-08-07,82.535,82.801,80.841,82.283,55434.0,314643384.0,56.94,57.13,55.73,56.76,True,鸿远电子,False
2025-08-08,81.905,83.669,81.667,82.017,55626.0,314676282.0,56.49,57.75,56.32,56.57,True,鸿远电子,False
2025-08-11,82.437,85.559,82.437,84.971,68364.0,401159952.0,56.87,59.1,56.87,58.68,True,鸿远电子,False
2025-08-12,84.859,84.985,82.703,83.893,49215.0,285004065.0,58.6,58.69,57.06,57.91,True,鸿远电子,False
2025-08-13,84.019,85.377,83.949,84.621,46919.0,274147717.0,58.0,58.97,57.95,58.43,True,鸿远电子,False
2025-08-14,84.453,85.139,81.415,81.513,69294.0,389501574.0,58.31,58.8,56.14,56.21,True,鸿远电子,False
2025-08-15,81.233,81.919,80.547,81.905,55591.0,314033559.0,56.01,56.5,55.52,56.49,True,鸿远电子,False
2025-08-18,82.171,82.829,80.673,82.227,59852.0,339480544.0,56.68,57.15,55.61,56.72,True,鸿远电子,False
2025-08-19,82.241,82.549,79.819,81.863,57973.0,327315558.0,56.73,56.95,55.0,56.46,True,鸿远电子,False
2025-08-20,81.359,81.835,79.847,81.821,55133.0,311115519.0,56.1,56.44,55.02,56.43,True,鸿远电子,False
2025-08-21,81.555,83.669,81.331,82.661,55607.0,317126721.0,56.24,57.75,56.08,57.03,True,鸿远电子,False
2025-08-22,82.969,84.299,81.807,83.809,59738.0,345584330.0,57.25,58.2,56.42,57.85,True,鸿远电子,False
2025-08-25,85.419,90.641,85.027,89.199,130927.0,807819590.0,59.0,62.73,58.72,61.7,True,鸿远电子,False
2025-08-26,89.129,90.039,87.715,88.149,61066.0,372197270.0,61.65,62.3,60.64,60.95,True,鸿远电子,False
2025-08-27,87.673,88.569,84.663,84.887,74100.0,434374200.0,60.61,61.25,58.46,58.62,True,鸿远电子,False
2025-08-28,84.131,87.183,83.179,87.169,78254.0,471480350.0,58.08,60.26,57.4,60.25,True,鸿远电子,False
2025-08-29,87.183,87.617,84.733,85.391,63112.0,372234576.0,60.26,60.57,58.51,58.98,True,鸿远电子,False
2025-09-01,85.419,87.323,84.509,85.615,69551.0,411324614.0,59.0,60.36,58.35,59.14,True,鸿远电子,False
2025-09-02,84.831,85.881,80.939,81.835,72491.0,409139204.0,58.58,59.33,55.8,56.44,True,鸿远电子,False
2025-09-03,82.591,82.619,76.319,76.879,89921.0,475682090.0,56.98,57.0,52.5,52.9,True,鸿远电子,False
2025-09-04,77.019,78.727,74.989,75.857,69965.0,365007405.0,53.0,54.22,51.55,52.17,True,鸿远电子,False
2025-09-05,76.263,78.657,75.619,78.237,51539.0,277640593.0,52.46,54.17,52.0,53.87,True,鸿远电子,False
2025-09-08,79.119,79.119,76.739,78.055,46455.0,249649170.0,54.5,54.5,52.8,53.74,True,鸿远电子,False
2025-09-09,78.419,79.189,76.585,76.977,45616.0,241627952.0,54.0,54.55,52.69,52.97,True,鸿远电子,False
2025-09-10,77.215,77.649,76.151,76.501,34289.0,180463007.0,53.14,53.45,52.38,52.63,True,鸿远电子,False
2025-09-11,76.011,78.139,76.011,78.139,47812.0,257228560.0,52.28,53.8,52.28,53.8,True,鸿远电子,False
2025-09-12,78.153,81.835,77.873,79.931,72511.0,399390588.0,53.81,56.44,53.61,55.08,True,鸿远电子,False
2025-09-15,79.819,79.973,78.335,78.419,40678.0,219661200.0,55.0,55.11,53.94,54.0,True,鸿远电子,False
2025-09-16,78.419,79.119,77.523,78.615,27705.0,149994870.0,54.0,54.5,53.36,54.14,True,鸿远电子,False
2025-09-17,78.671,84.565,77.761,83.529,94336.0,543847040.0,54.18,58.39,53.53,57.65,True,鸿远电子,False
2025-09-18,82.899,86.791,82.787,84.033,105380.0,611309380.0,57.2,59.98,57.12,58.01,True,鸿远电子,False
2025-09-19,84.089,86.987,84.089,85.419,80170.0,473003000.0,58.05,60.12,58.05,59.0,True,鸿远电子,False
2025-09-22,85.419,85.755,82.759,83.683,78841.0,455385616.0,59.0,59.24,57.1,57.76,True,鸿远电子,False
2025-09-23,83.921,85.349,80.813,82.759,54396.0,310601160.0,57.93,58.95,55.71,57.1,True,鸿远电子,False
2025-09-24,82.199,83.809,81.387,83.263,44505.0,255725730.0,56.7,57.85,56.12,57.46,True,鸿远电子,False
2025-09-25,82.759,83.599,81.261,81.653,50929.0,286781199.0,57.1,57.7,56.03,56.31,True,鸿远电子,False
2025-09-26,81.345,84.005,79.679,80.561,60906.0,338211018.0,56.09,57.99,54.9,55.53,True,鸿远电子,False
2025-09-29,80.197,81.499,78.895,81.219,45971.0,257437600.0,55.27,56.2,54.34,56.0,True,鸿远电子,False
2025-09-30,81.569,86.469,81.359,84.943,86203.0,505666798.0,56.25,59.75,56.1,58.66,True,鸿远电子,False
2025-10-09,84.957,85.769,82.899,85.237,73007.0,429792209.0,58.67,59.25,57.2,58.87,True,鸿远电子,False
2025-10-10,85.419,85.531,83.207,84.439,53204.0,310179320.0,59.0,59.08,57.42,58.3,True,鸿远电子,False
2025-10-13,81.919,84.915,81.499,84.257,69003.0,401390451.0,56.5,58.64,56.2,58.17,True,鸿远电子,False
2025-10-14,84.635,86.147,81.037,81.401,70031.0,393084003.0,58.44,59.52,55.87,56.13,True,鸿远电子,False
2025-10-15,81.359,83.599,80.267,83.179,52503.0,301367220.0,56.1,57.7,55.32,57.4,True,鸿远电子,False
2025-10-16,83.179,84.607,81.289,82.409,56454.0,320940990.0,57.4,58.42,56.05,56.85,True,鸿远电子,False
2025-10-17,82.087,82.563,75.633,75.969,87447.0,456910575.0,56.62,56.96,52.01,52.25,True,鸿远电子,False
2025-10-20,76.879,78.461,76.235,76.893,48572.0,256994452.0,52.9,54.03,52.44,52.91,True,鸿远电子,False
2025-10-21,77.537,80.141,77.523,79.133,56864.0,309965664.0,53.37,55.23,53.36,54.51,True,鸿远电子,False
2025-10-22,78.419,78.839,76.053,76.179,42624.0,223349760.0,54.0,54.3,52.31,52.4,True,鸿远电子,False
2025-10-23,76.151,76.739,73.785,75.703,44569.0,232026214.0,52.38,52.8,50.69,52.06,True,鸿远电子,False
2025-10-24,75.689,80.183,75.689,78.629,56157.0,304090155.0,52.05,55.26,52.05,54.15,True,鸿远电子,False
2025-10-27,78.839,83.389,78.839,82.661,83878.0,478356234.0,54.3,57.55,54.3,57.03,True,鸿远电子,False
2025-10-28,82.339,86.539,81.387,85.209,95634.0,562806090.0,56.8,59.8,56.12,58.85,True,鸿远电子,False
2025-10-29,84.145,85.531,83.963,84.705,44431.0,259432609.0,57.99,58.98,57.86,58.39,True,鸿远电子,False
2025-10-30,83.739,83.739,81.219,81.345,65050.0,364214950.0,57.7,57.7,55.9,55.99,True,鸿远电子,False
2025-10-31,77.187,77.649,73.505,73.589,192296.0,970133320.0,53.02,53.35,50.39,50.45,True,鸿远电子,False
2025-11-03,73.379,73.379,71.433,72.595,100761.0,501185214.0,50.3,50.3,48.91,49.74,True,鸿远电子,False
2025-11-04,72.273,72.609,70.873,71.363,63150.0,308550900.0,49.51,49.75,48.51,48.86,True,鸿远电子,False
2025-11-05,70.187,71.209,70.089,70.999,42158.0,204887880.0,48.02,48.75,47.95,48.6,True,鸿远电子,False
2025-11-06,70.999,71.349,70.467,70.775,54733.0,265126652.0,48.6,48.85,48.22,48.44,True,鸿远电子,False
2025-11-07,70.719,70.719,69.571,70.047,56635.0,271394920.0,48.4,48.4,47.58,47.92,True,鸿远电子,False
2025-11-10,70.327,70.831,69.893,70.635,40008.0,193398672.0,48.12,48.48,47.81,48.34,True,鸿远电子,False
2025-11-11,70.691,71.363,70.173,70.327,43435.0,209009220.0,48.38,48.86,48.01,48.12,True,鸿远电子,False
2025-11-12,70.313,70.313,68.003,68.451,62299.0,291434722.0,48.11,48.11,46.46,46.78,True,鸿远电子,False
2025-11-13,68.213,69.011,67.919,68.633,43246.0,202866986.0,46.61,47.18,46.4,46.91,True,鸿远电子,False
2025-11-14,68.605,68.941,68.031,68.101,36638.0,170476614.0,46.89,47.13,46.48,46.53,True,鸿远电子,False
2025-11-17,68.227,69.291,68.227,68.591,34484.0,161660992.0,46.62,47.38,46.62,46.88,True,鸿远电子,False
2025-11-18,68.647,69.291,68.213,68.703,32634.0,153249264.0,46.92,47.38,46.61,46.96,True,鸿远电子,False
2025-11-19,68.297,68.899,67.415,68.185,34003.0,158419977.0,46.67,47.1,46.04,46.59,True,鸿远电子,False
2025-11-20,68.619,68.689,67.121,67.247,28990.0,133122080.0,46.9,46.95,45.83,45.92,True,鸿远电子,False
2025-11-21,66.715,67.485,65.259,65.441,43312.0,193301456.0,45.54,46.09,44.5,44.63,True,鸿远电子,False
2025-11-24,65.707,68.353,65.707,68.157,56331.0,262333467.0,44.82,46.71,44.82,46.57,True,鸿远电子,False
2025-11-25,68.619,68.829,67.751,68.199,44742.0,208497720.0,46.9,47.05,46.28,46.6,True,鸿远电子,False
2025-11-26,68.283,68.409,67.219,67.317,32293.0,148450921.0,46.66,46.75,45.9,45.97,True,鸿远电子,False
2025-11-27,67.317,67.723,66.841,66.911,24031.0,109773608.0,45.97,46.26,45.63,45.68,True,鸿远电子,False
2025-11-28,67.079,68.535,67.009,68.479,41098.0,192338640.0,45.8,46.84,45.75,46.8,True,鸿远电子,False
2025-12-01,68.549,69.879,68.549,69.515,46392.0,220547568.0,46.85,47.8,46.85,47.54,True,鸿远电子,False
2025-12-02,69.823,70.033,68.675,68.801,30302.0,142510306.0,47.76,47.91,46.94,47.03,True,鸿远电子,False
2025-12-03,69.025,69.725,67.653,68.815,38477.0,180995808.0,47.19,47.69,46.21,47.04,True,鸿远电子,False
2025-12-04,68.339,69.585,68.255,69.249,30263.0,143295305.0,46.7,47.59,46.64,47.35,True,鸿远电子,False
2025-12-05,69.249,70.467,68.857,70.243,44199.0,212420394.0,47.35,48.22,47.07,48.06,True,鸿远电子,False
2025-12-08,70.691,71.279,70.005,70.131,57072.0,273831456.0,48.38,48.8,47.89,47.98,True,鸿远电子,False
2025-12-09,69.683,71.363,69.641,70.439,52248.0,251835360.0,47.66,48.86,47.63,48.2,True,鸿远电子,False
2025-12-10,70.327,71.195,69.949,70.845,44007.0,213389943.0,48.12,48.74,47.85,48.49,True,鸿远电子,False
2025-12-11,71.083,74.079,71.083,71.181,77218.0,376283314.0,48.66,50.8,48.66,48.73,True,鸿远电子,False
2025-12-12,71.531,72.931,70.719,72.259,77591.0,384075450.0,48.98,49.98,48.4,49.5,True,鸿远电子,False
2025-12-15,71.671,72.623,71.251,71.391,54387.0,265843656.0,49.08,49.76,48.78,48.88,True,鸿远电子,False
2025-12-16,71.279,71.279,68.745,69.907,55826.0,266959932.0,48.8,48.8,46.99,47.82,True,鸿远电子,False
2025-12-17,69.711,70.383,67.919,69.739,58019.0,276750630.0,47.68,48.16,46.4,47.7,True,鸿远电子,False
2025-12-18,69.389,71.671,68.941,70.761,53043.0,256887249.0,47.45,49.08,47.13,48.43,True,鸿远电子,False
2025-12-19,71.223,72.189,70.551,70.817,49717.0,240978299.0,48.76,49.45,48.28,48.47,True,鸿远电子,False
2025-12-22,70.999,72.147,70.453,71.545,52515.0,257270985.0,48.6,49.42,48.21,48.99,True,鸿远电子,False
2025-12-23,71.699,72.665,71.111,71.769,60855.0,299102325.0,49.1,49.79,48.68,49.15,True,鸿远电子,False
2025-12-24,71.167,75.871,71.111,75.311,137239.0,709251152.0,48.72,52.08,48.68,51.68,True,鸿远电子,False
2025-12-25,75.101,75.829,74.359,75.451,80711.0,417921558.0,51.53,52.05,51.0,51.78,True,鸿远电子,False
2025-12-26,76.039,77.145,75.269,76.249,112268.0,587722980.0,52.2,52.99,51.65,52.35,True,鸿远电子,False
2025-12-29,77.019,77.439,75.465,76.193,99254.0,519197674.0,52.9,53.2,51.79,52.31,True,鸿远电子,False
2025-12-30,76.025,78.461,75.801,77.551,111116.0,592026048.0,52.19,53.93,52.03,53.28,True,鸿远电子,False
2025-12-31,77.159,79.721,76.949,79.161,104613.0,569408559.0,53.0,54.83,52.85,54.43,True,鸿远电子,False
2026-01-05,80.771,81.219,77.789,79.105,114014.0,620122146.0,55.58,55.9,53.45,54.39,True,鸿远电子,False
2026-01-06,78.839,79.917,77.173,79.567,122280.0,669116160.0,54.2,54.97,53.01,54.72,True,鸿远电子,False
2026-01-07,79.525,79.525,77.943,78.391,85142.0,458745096.0,54.69,54.69,53.56,53.88,True,鸿远电子,False
2026-01-08,78.055,81.191,77.747,80.743,108151.0,600886956.0,53.64,55.88,53.42,55.56,True,鸿远电子,False
2026-01-09,81.317,84.495,81.093,83.781,150484.0,868744132.0,55.97,58.24,55.81,57.73,True,鸿远电子,False
2026-01-12,85.713,88.233,84.299,86.959,169678.0,1018068000.0,59.11,60.91,58.1,60.0,True,鸿远电子,False
2026-01-13,86.091,86.091,81.443,81.723,158878.0,893847628.0,59.38,59.38,56.06,56.26,True,鸿远电子,False
2026-01-14,81.793,83.403,79.329,80.673,150629.0,836141579.0,56.31,57.46,54.55,55.51,True,鸿远电子,False
2026-01-15,79.861,80.617,78.853,79.791,74014.0,406188832.0,54.93,55.47,54.21,54.88,True,鸿远电子,False
2026-01-16,80.169,82.969,79.259,81.765,93908.0,528608132.0,55.15,57.15,54.5,56.29,True,鸿远电子,False
2026-01-19,81.359,85.769,81.177,84.159,114670.0,665086000.0,56.0,59.15,55.87,58.0,True,鸿远电子,False
2026-01-20,83.879,84.635,80.771,81.625,76887.0,432028053.0,57.8,58.34,55.58,56.19,True,鸿远电子,False
2026-01-21,81.107,83.431,80.939,81.919,65401.0,368861640.0,55.82,57.48,55.7,56.4,True,鸿远电子,False
2026-01-22,82.073,83.669,82.073,82.787,59343.0,338373786.0,56.51,57.65,56.51,57.02,True,鸿远电子,False
2026-01-23,83.081,87.239,83.039,86.609,121917.0,728454075.0,57.23,60.2,57.2,59.75,True,鸿远电子,False
2026-01-26,87.253,87.379,82.675,83.333,106741.0,612800081.0,60.21,60.3,56.94,57.41,True,鸿远电子,False
2026-01-27,82.423,88.359,81.359,88.247,146187.0,890571204.0,56.76,61.0,56.0,60.92,True,鸿远电子,False
2026-01-28,87.967,88.779,86.371,87.183,106734.0,642111744.0,60.72,61.3,59.58,60.16,True,鸿远电子,False
2026-01-29,84.691,85.349,79.637,79.707,192332.0,1054364024.0,58.38,58.85,54.77,54.82,True,鸿远电子,False
2026-01-30,79.707,80.435,76.879,79.301,92299.0,503306447.0,54.82,55.34,52.8,54.53,True,鸿远电子,False
2026-02-02,79.371,81.359,77.901,78.083,66542.0,357064372.0,54.58,56.0,53.53,53.66,True,鸿远电子,False
2026-02-03,79.273,80.589,78.405,80.183,66262.0,365501192.0,54.51,55.45,53.89,55.16,True,鸿远电子,False
2026-02-04,79.651,81.527,78.755,79.861,64092.0,352057356.0,54.78,56.12,54.14,54.93,True,鸿远电子,False
2026-02-05,79.119,82.605,78.853,81.569,81654.0,458487210.0,54.4,56.89,54.21,56.15,True,鸿远电子,False
2026-02-06,80.659,82.479,79.539,79.749,65346.0,358422810.0,55.5,56.8,54.7,54.85,True,鸿远电子,False
2026-02-09,81.191,82.731,80.491,81.387,73831.0,413601262.0,55.88,56.98,55.38,56.02,True,鸿远电子,False
2026-02-10,81.639,83.067,81.191,81.471,54442.0,305310736.0,56.2,57.22,55.88,56.08,True,鸿远电子,False
2026-02-11,81.191,82.423,80.449,80.603,40740.0,225944040.0,55.88,56.76,55.35,55.46,True,鸿远电子,False
2026-02-12,80.379,83.585,80.211,83.291,85934.0,493089292.0,55.3,57.59,55.18,57.38,True,鸿远电子,False
2026-02-13,82.549,83.543,81.793,81.891,52900.0,298250200.0,56.85,57.56,56.31,56.38,True,鸿远电子,False
2026-02-24,83.459,85.825,83.459,84.033,79806.0,462156546.0,57.5,59.19,57.5,57.91,True,鸿远电子,False
2026-02-25,85.013,86.119,83.977,85.489,89694.0,528746130.0,58.61,59.4,57.87,58.95,True,鸿远电子,False
2026-02-26,85.587,93.749,85.111,93.749,144175.0,934974875.0,59.02,64.85,58.68,64.85,True,鸿远电子,False
2026-02-27,95.359,98.971,92.559,96.493,264620.0,1767926220.0,66.0,68.58,64.0,66.81,True,鸿远电子,False
2026-03-02,96.759,98.159,93.973,94.603,211387.0,1383739301.9999998,67.0,68.0,65.01,65.46,True,鸿远电子,False
2026-03-03,94.911,95.331,85.979,86.525,209261.0,1249078909.0,65.68,65.98,59.3,59.69,True,鸿远电子,False
2026-03-04,85.797,89.185,85.559,87.295,115807.0,697621368.0,59.17,61.59,59.0,60.24,True,鸿远电子,False
2026-03-05,89.213,89.605,86.707,87.477,103300.0,623622100.0,61.61,61.89,59.82,60.37,True,鸿远电子,False
2026-03-06,86.259,88.583,85.601,86.903,94447.0,566304212.0,59.5,61.16,59.03,59.96,True,鸿远电子,False
2026-03-09,85.027,85.083,81.009,83.487,115810.0,666139120.0,58.62,58.66,55.75,57.52,True,鸿远电子,False
2026-03-10,84.929,87.211,84.719,86.609,85385.0,510175375.0,58.55,60.18,58.4,59.75,True,鸿远电子,False
2026-03-11,86.483,88.177,85.783,85.965,70585.0,418498465.0,59.66,60.87,59.16,59.29,True,鸿远电子,False
2026-03-12,85.559,85.951,82.605,83.235,75812.0,434706008.0,59.0,59.28,56.89,57.34,True,鸿远电子,False
2026-03-13,82.381,82.773,80.085,80.127,69686.0,384109232.0,56.73,57.01,55.09,55.12,True,鸿远电子,False
2026-03-16,80.127,80.799,78.769,80.799,59900.0,333044000.0,55.12,55.6,54.15,55.6,True,鸿远电子,False
2026-03-17,80.799,81.009,78.391,78.405,59159.0,318807851.0,55.6,55.75,53.88,53.89,True,鸿远电子,False
2026-03-18,79.889,79.931,78.069,79.721,45416.0,249015928.0,54.95,54.98,53.65,54.83,True,鸿远电子,False
2026-03-19,78.559,79.539,77.649,78.139,52295.0,280824150.0,54.0,54.7,53.35,53.7,True,鸿远电子,False
2026-03-20,78.489,79.189,76.599,76.599,66649.0,350573740.0,53.95,54.45,52.6,52.6,True,鸿远电子,False
2026-03-23,74.751,75.325,70.929,71.587,75561.0,370400022.0,51.28,51.69,48.55,49.02,True,鸿远电子,False
2026-03-24,72.861,73.379,70.859,73.351,67079.0,337273212.0,49.93,50.3,48.5,50.28,True,鸿远电子,False
2026-03-25,73.379,74.835,73.379,74.429,50933.0,260012965.0,50.3,51.34,50.3,51.05,True,鸿远电子,False
2026-03-26,74.331,74.919,72.749,73.449,42211.0,212532385.0,50.98,51.4,49.85,50.35,True,鸿远电子,False
2026-03-27,72.217,73.855,71.839,73.169,36020.0,180640300.0,49.47,50.64,49.2,50.15,True,鸿远电子,False
2026-03-30,72.259,73.295,71.279,73.001,40113.0,200685339.0,49.5,50.24,48.8,50.03,True,鸿远电子,False
2026-03-31,73.127,74.247,72.105,72.203,45395.0,224523670.0,50.12,50.92,49.39,49.46,True,鸿远电子,False
2026-04-01,73.505,73.799,72.763,73.253,37681.0,189196301.0,50.39,50.6,49.86,50.21,True,鸿远电子,False
2026-04-02,72.987,73.183,69.599,69.837,60217.0,287656609.0,50.02,50.16,47.6,47.77,True,鸿远电子,False
2026-04-03,70.383,70.397,68.479,68.843,34694.0,163269964.0,48.16,48.17,46.8,47.06,True,鸿远电子,False
2026-04-07,69.403,69.851,68.353,68.619,27550.0,129209500.0,47.46,47.78,46.71,46.9,True,鸿远电子,False
2026-04-08,70.299,72.959,70.201,72.945,60857.0,304224143.0,48.1,50.0,48.03,49.99,True,鸿远电子,False
2026-04-09,71.741,72.875,71.447,72.035,41593.0,205219862.0,49.13,49.94,48.92,49.34,True,鸿远电子,False
2026-04-10,72.385,73.603,72.385,72.889,46518.0,232357410.0,49.59,50.46,49.59,49.95,True,鸿远电子,False
2026-04-13,72.189,75.549,71.951,74.317,64074.0,326585178.0,49.45,51.85,49.28,50.97,True,鸿远电子,False
2026-04-14,75.269,76.053,74.849,76.053,59535.0,310832235.0,51.65,52.21,51.35,52.21,True,鸿远电子,False
2026-04-15,76.305,76.459,74.345,74.625,69023.0,353328737.0,52.39,52.5,50.99,51.19,True,鸿远电子,False
2026-04-16,74.625,75.479,74.275,74.961,41044.0,211089292.0,51.19,51.8,50.94,51.43,True,鸿远电子,False
2026-04-17,74.891,76.697,74.261,76.179,59644.0,311938120.0,51.38,52.67,50.93,52.3,True,鸿远电子,False
2026-04-20,76.039,77.957,75.899,77.901,69786.0,373564458.0,52.2,53.57,52.1,53.53,True,鸿远电子,False
2026-04-21,77.355,77.817,76.711,77.257,47087.0,249890709.0,53.14,53.47,52.68,53.07,True,鸿远电子,False
2026-04-22,76.879,78.027,76.683,77.929,55189.0,295537095.0,52.8,53.62,52.66,53.55,True,鸿远电子,False
2026-04-23,77.607,78.153,75.549,76.151,63963.0,334398564.0,53.32,53.71,51.85,52.28,True,鸿远电子,False
2026-04-24,75.969,76.529,74.919,75.311,48019.0,248162192.0,52.15,52.55,51.4,51.68,True,鸿远电子,False
2026-04-27,75.185,76.193,74.093,75.997,46797.0,244139949.0,51.59,52.31,50.81,52.17,True,鸿远电子,False
2026-04-28,75.619,77.677,74.513,76.459,73148.0,384027000.0,51.9,53.37,51.11,52.5,True,鸿远电子,False
2026-04-29,74.219,75.563,72.119,75.311,95592.0,494019456.0,50.9,51.86,49.4,51.68,True,鸿远电子,False
2026-04-30,75.311,77.117,75.059,76.977,76419.0,404027253.0,51.68,52.97,51.5,52.87,True,鸿远电子,False
2026-05-06,78.391,79.693,78.069,78.265,95327.0,512763933.0,53.88,54.81,53.65,53.79,True,鸿远电子,False
2026-05-07,78.265,79.581,77.341,79.413,81767.0,446529587.0,53.79,54.73,53.13,54.61,True,鸿远电子,False
2026-05-08,78.909,82.787,78.237,82.633,129896.0,739238136.0,54.25,57.02,53.77,56.91,True,鸿远电子,False
2026-05-11,82.759,85.321,82.353,83.221,142715.0,818185095.0,57.0,58.83,56.71,57.33,True,鸿远电子,False
2026-05-12,82.773,83.221,80.911,81.555,94026.0,527861964.0,57.01,57.33,55.68,56.14,True,鸿远电子,False
2026-05-13,81.219,84.971,80.491,84.369,111515.0,648459725.0,55.9,58.58,55.38,58.15,True,鸿远电子,False
2026-05-14,84.369,85.811,82.549,83.221,111562.0,639584946.0,58.15,59.18,56.85,57.33,True,鸿远电子,False
2026-05-15,82.773,83.851,80.715,81.513,88247.0,495153917.0,57.01,57.78,55.54,56.11,True,鸿远电子,False
2026-05-18,82.059,84.131,80.183,83.893,86234.0,498518754.0,56.5,57.98,55.16,57.81,True,鸿远电子,False
2026-05-19,84.215,87.841,82.423,87.309,143737.0,862422000.0,57.79,60.38,56.51,60.0,True,鸿远电子,False
2026-05-20,86.301,87.225,85.069,86.637,108922.0,648303744.0,59.28,59.94,58.4,59.52,True,鸿远电子,False
2026-05-21,87.295,89.633,85.209,85.895,141926.0,837221474.0,59.99,61.66,58.5,58.99,True,鸿远电子,False
2026-05-22,86.651,94.155,86.651,94.155,237103.0,1538561367.0,59.53,64.89,59.53,64.89,True,鸿远电子,False
2026-05-25,100.609,100.609,96.843,98.215,286360.0,1941234440.0,69.5,69.5,66.81,67.79,True,鸿远电子,False
2026-05-26,96.913,97.809,92.181,94.295,194431.0,1263607069.0,66.86,67.5,63.48,64.99,True,鸿远电子,False
2026-05-27,94.589,97.515,91.579,92.475,196230.0,1249788870.0,65.2,67.29,63.05,63.69,True,鸿远电子,False
2026-05-28,92.181,101.393,92.013,101.393,228334.0,1599708004.0,63.48,70.06,63.36,70.06,True,鸿远电子,False
2026-05-29,105.537,107.693,99.727,100.273,304638.0,2109922788.0,73.02,74.56,68.87,69.26,True,鸿远电子,False
2026-06-01,97.529,106.909,97.501,103.829,268924.0,1930874320.0,67.3,74.0,67.28,71.8,True,鸿远电子,False
2026-06-02,102.275,113.881,98.943,113.881,286626.0,2263772148.0,70.69,78.98,68.31,78.98,True,鸿远电子,False
2026-06-03,115.309,120.307,108.351,111.249,384463.0,2964209730.0,80.0,83.57,75.03,77.1,True,鸿远电子,False
2026-06-04,109.583,118.599,109.583,116.863,292363.0,2371356293.0,75.91,82.35,75.91,81.11,True,鸿远电子,False
2026-06-05,114.609,114.609,105.677,108.029,259588.0,1941718240.0,79.5,79.5,73.12,74.8,True,鸿远电子,False
2026-06-08,101.309,103.689,97.557,97.557,200048.0,1346723135.9999998,70.0,71.7,67.32,67.32,True,鸿远电子,False
2026-06-09,98.495,102.695,93.357,101.687,279058.0,1960940566.0,67.99,70.99,64.32,70.27,True,鸿远电子,False
2026-06-10,99.363,102.247,96.409,99.489,181261.0,1245263070.0,68.61,70.67,66.5,68.7,True,鸿远电子,False
2026-06-11,97.767,100.469,94.253,96.689,172756.0,1152282520.0,67.47,69.4,64.96,66.7,True,鸿远电子,False
2026-06-12,98.677,99.013,89.563,90.389,217825.0,1354871500.0,68.12,68.36,61.61,62.2,True,鸿远电子,False
2026-06-15,91.509,99.097,91.509,99.097,143982.0,985124844.0,63.0,68.42,63.0,68.42,True,鸿远电子,False
2026-06-16,103.171,105.789,102.289,104.431,270944.0,1957028512.0,71.33,73.2,70.7,72.23,True,鸿远电子,False
2026-06-17,103.199,108.869,103.199,108.309,247212.0,1854090000.0,71.35,75.4,71.35,75.0,True,鸿远电子,False
2026-06-18,106.909,111.417,106.321,110.227,207349.0,1583524313.0,74.0,77.22,73.58,76.37,True,鸿远电子,False
2026-06-22,111.389,111.627,105.523,109.191,203455.0,1538730165.0,77.2,77.37,73.01,75.63,True,鸿远电子,False
2026-06-23,108.309,108.309,102.149,104.053,132759.0,955333764.0,75.0,75.0,70.6,71.96,True,鸿远电子,False
2026-06-24,103.549,110.241,102.709,109.709,195823.0,1488254800.0,71.6,76.38,71.0,76.0,True,鸿远电子,False
2026-06-25,110.017,120.349,109.919,120.349,142344.0,1189995840.0,76.22,83.6,76.15,83.6,True,鸿远电子,False
2026-06-26,121.329,121.469,111.109,112.551,268632.0,2096135496.0,84.3,84.4,77.0,78.03,True,鸿远电子,False
2026-06-29,115.785,118.627,106.601,109.779,212774.0,1618146270.0,80.34,82.37,73.78,76.05,True,鸿远电子,False
2026-06-30,108.421,112.061,104.711,111.781,188488.0,1460405024.0,75.08,77.68,72.43,77.48,True,鸿远电子,False
2026-07-01,113.181,117.787,107.959,110.129,229921.0,1754297230.0,78.48,81.77,74.75,76.3,True,鸿远电子,False
2026-07-02,105.733,108.533,99.475,102.443,164408.0,1164173048.0,73.16,75.16,68.69,70.81,True,鸿远电子,False
2026-07-03,101.239,104.781,97.123,99.391,164263.0,1127336969.0,69.95,72.48,67.01,68.63,True,鸿远电子,False
2026-07-06,101.589,103.689,93.959,95.023,138736.0,908859536.0,70.2,71.7,64.75,65.51,True,鸿远电子,False
2026-07-07,94.309,96.493,92.615,93.049,101665.0,651672650.0,65.0,66.56,63.79,64.1,True,鸿远电子,False
2026-07-08,93.189,96.129,88.247,91.313,131866.0,828909676.0,64.2,66.3,60.67,62.86,True,鸿远电子,False
2026-07-09,92.769,93.231,86.665,91.313,151603.0,952976458.0,63.9,64.23,59.54,62.86,True,鸿远电子,False
2026-07-10,91.313,94.295,88.751,89.017,173927.0,1064781094.0,62.86,64.99,61.03,61.22,True,鸿远电子,False
2026-07-13,87.323,88.149,80.449,80.449,144443.0,795880930.0,60.01,60.6,55.1,55.1,True,鸿远电子,False
2026-07-14,80.057,83.193,77.929,82.843,119691.0,679964571.0,54.82,57.06,53.3,56.81,True,鸿远电子,False
2026-07-15,82.759,83.739,78.069,78.209,96026.0,513739100.0,56.75,57.45,53.4,53.5,True,鸿远电子,False
2026-07-16,77.943,78.615,74.275,74.569,91082.0,463607380.0,53.31,53.79,50.69,50.9,True,鸿远电子,False
2026-07-17,74.457,75.129,69.067,69.123,116409.0,547238709.0,50.82,51.3,46.97,47.01,True,鸿远电子,False
2026-07-20,71.713,71.713,62.669,64.195,129081.0,561373269.0,48.86,48.86,42.4,43.49,True,鸿远电子,False
2026-07-21,65.231,69.263,61.269,69.151,145472.0,684154816.0,44.23,47.11,41.4,47.03,True,鸿远电子,False
2026-07-22,68.241,69.935,66.757,67.121,108060.0,492537480.0,46.38,47.59,45.32,45.58,True,鸿远电子,False
2026-07-23,67.191,71.321,67.191,68.381,112281.0,521882088.0,45.63,48.58,45.63,46.48,True,鸿远电子,False
2026-07-24,66.953,68.535,66.085,66.309,65658.0,295461000.0,45.46,46.59,44.84,45.0,True,鸿远电子,False
2026-07-27,66.449,68.619,65.931,68.605,71104.0,331629056.0,45.1,46.65,44.73,46.64,True,鸿远电子,False
2026-07-28,67.429,68.353,66.127,66.393,63790.0,287437740.0,45.8,46.46,44.87,45.06,True,鸿远电子,False
2026-07-29,66.029,70.089,66.029,69.543,111858.0,529200198.0,44.8,47.7,44.8,47.31,True,鸿远电子,False
2026-07-30,69.515,76.081,67.639,73.967,183999.0,928642953.0,47.29,51.98,45.95,50.47,True,鸿远电子,False
2026-07-31,77.341,77.341,72.511,72.511,194432.0,961077376.0,52.88,52.88,49.43,49.43,True,鸿远电子,False
2026-08-03,71.013,73.925,70.089,72.665,110167.0,545767318.0,48.36,50.44,47.7,49.54,True,鸿远电子,False
2026-08-04,73.295,74.947,71.209,74.359,110680.0,561701000.0,49.99,51.17,48.5,50.75,True,鸿远电子,False
2026-08-05,73.211,78.391,73.127,76.375,143411.0,748462009.0,49.93,53.63,49.87,52.19,True,鸿远电子,False
2026-08-06,74.709,76.571,74.261,75.269,126686.0,651166040.0,51.0,52.33,50.68,51.4,True,鸿远电子,False
2026-08-07,74.779,76.809,73.085,75.969,116229.0,603228510.0,51.05,52.5,49.84,51.9,True,鸿远电子,False
2026-08-10,76.473,76.473,74.037,75.997,95575.0,496225400.0,52.26,52.26,50.52,51.92,True,鸿远电子,False
2026-08-11,75.129,79.343,75.059,77.271,146292.0,772860636.0,51.3,54.31,51.25,52.83,True,鸿远电子,False
2026-08-12,76.249,77.929,75.689,77.369,100973.0,534147170.0,52.1,53.3,51.7,52.9,True,鸿远电子,False
2026-08-13,77.523,79.623,76.963,77.173,129824.0,684951424.0,53.01,54.51,52.61,52.76,True,鸿远电子,False
2026-08-14,77.173,77.467,75.479,76.515,87262.0,456292998.0,52.76,52.97,51.55,52.29,True,鸿远电子,False
2026-08-17,76.515,77.719,75.941,77.565,84565.0,448532760.0,52.29,53.15,51.88,53.04,True,鸿远电子,False
2026-08-18,77.355,77.789,75.745,76.529,74756.0,390973880.0,52.89,53.2,51.74,52.3,True,鸿远电子,False
2026-08-19,75.409,75.479,71.489,71.741,96774.0,473031312.0,51.5,51.55,48.7,48.88,True,鸿远电子,False
2026-08-20,72.609,72.763,70.817,71.363,54698.0,265886978.0,49.5,49.61,48.22,48.61,True,鸿远电子,False
2026-08-21,70.369,72.525,69.879,72.175,51402.0,252846438.0,47.9,49.44,47.55,49.19,True,鸿远电子,False
2026-08-24,72.175,72.329,67.933,68.829,77374.0,362110320.0,49.19,49.3,46.16,46.8,True,鸿远电子,False
2026-08-25,67.93186987179487,70.22616987179487,66.4758717948718,69.62318076923077,57630.0,268860000.0,46.19,47.75,45.2,47.34,True,鸿远电子,True
2026-08-27,68.8584141025641,71.84394551282051,68.8584141025641,71.72628910256411,59119.0,284470000.0,46.82,48.85,46.82,48.77,True,鸿远电子,True
