date,rz_balance,rz_buy,rq_volume,rq_balance,rzrq_balance
2016-01-04,1255673817,68140546,4600,108652,1255782469
2016-01-05,1236022132,82417175,4600,114126,1236136258
2016-01-06,1243992203,87045209,4600,116932,1244109135
2016-01-07,1221603872,19827113,4600,105294,1221709166
2016-01-08,1183600383,58974017,4600,103960,1183704343
2016-01-11,1140281672,45275283,4600,93564,1140375236
2016-01-12,1127503580,37819494,4600,92322,1127595902
2016-01-13,1104700860,29026837,4600,85422,1104786282
2016-01-14,1086791211,38118846,4600,90528,1086881739
2016-01-15,1068597620,40369724,4600,89194,1068686814
2016-01-18,1065301713,33108030,4600,91264,1065392977
2016-01-19,1069313924,41186993,4600,95680,1069409604
2016-01-20,1066347915,34146158,4600,93380,1066441295
2016-01-21,1057358948,23186208,4600,86848,1057445796
2016-01-22,1056178659,22533910,4600,89424,1056268083
2016-01-25,1056480125,19007393,4600,90850,1056570975
2016-01-26,1045928471,24161927,4600,82294,1046010765
2016-01-27,1036732065,37197635,4600,85284,1036817349
2016-01-28,1033075197,21668234,4600,78890,1033154087
2016-01-29,1024846291,15419736,4600,82202,1024928493
2016-02-01,1021624434,16851153,4600,80960,1021705394
2016-02-02,1018233289,21298852,4600,89056,1018322345
2016-02-03,1020616903,64158739,4600,91080,1020707983
2016-02-04,1006029698,51149730,4600,91172,1006120870
2016-02-05,992263721,35836309,4600,91034,992354755
2016-02-15,1003435958,48399337,4600,92322,1003528280
2016-02-16,1021615433,68254950,4600,95680,1021711113
2016-02-17,999373907,57545345,4600,97980,999471887
2016-02-18,999398844,47256195,4600,95726,999494570
2016-02-19,1002978444,34265293,4600,96554,1003074998
2016-02-22,998466289,34437173,4600,98992,998565281
2016-02-23,1005488538,41153686,4600,97888,1005586426
2016-02-24,1003523892,45676583,4600,99590,1003623482
2016-02-25,1000759753,55825937,4600,89654,1000849407
2016-02-26,996449248,32544335,4600,89056,996538304
2016-02-29,987417417,32385141,4600,83260,987500677
2016-03-01,985582794,26553661,4600,86296,985669090
2016-03-02,995214613,46968698,4600,91770,995306383
2016-03-03,997134477,41070231,4600,91770,997226247
2016-03-04,1001292517,48620241,4600,90068,1001382585
2016-03-07,998976780,39430014,4600,91954,999068734
2016-03-08,995314187,35623389,4600,90712,995404899
2016-03-09,984748364,28205706,4600,89608,984837972
2016-03-10,983247877,19152727,4600,86894,983334771
2016-03-11,980289901,10854996,4600,87354,980377255
2016-03-14,996856238,42395061,4600,91080,996947318
2016-03-15,1002222040,23316261,4600,91080,1002313120
2016-03-16,1003612689,22523629,4600,89470,1003702159
2016-03-17,1012641067,53495937,4600,93426,1012734493
2016-03-18,1005437000,60559566,4600,96324,1005533324
2016-03-21,995937270,65869973,4600,99360,996036630
2016-03-22,1014637793,100130877,4600,100832,1014738625
2016-03-23,1012990964,41867973,4600,100418,1013091382
2016-03-24,1016591991,69358769,4600,98578,1016690569
2016-03-25,1024968644,41215192,4600,99728,1025068372
2016-03-28,1017335398,58786785,4600,100234,1017435632
2016-03-29,1008246550,55846741,4600,100878,1008347428
2016-03-30,1031315007,96582013,4600,105938,1031420945
2016-03-31,1032088384,67802381,4600,104788,1032193172
2016-04-01,1032416902,57158892,4600,106030,1032522932
2016-04-05,1048719884,83880633,4600,111228,1048831112
2016-04-06,1057497477,63277429,4600,111412,1057608889
2016-04-07,1063459004,63834382,4600,107180,1063566184
2016-04-08,1062758100,41937469,4600,108422,1062866522
2016-04-11,1058828701,54926617,4600,109940,1058938641
2016-04-12,1067201748,59986384,4600,106536,1067308284
2016-04-13,1066904048,54854712,4600,107410,1067011458
2016-04-14,1066336334,51766947,4600,108652,1066444986
2016-04-15,1082088719,81689307,4600,109710,1082198429
2016-04-18,1094073525,84916138,4600,112148,1094185673
2016-04-19,1080569487,51627138,4600,111136,1080680623
2016-04-20,1073742401,62142551,4600,105800,1073848201
2016-04-21,1082955752,58993116,4600,105616,1083061368
2016-04-22,1079850236,37632132,4600,105938,1079956174
2016-04-25,1086133336,35021935,4600,102994,1086236330
2016-04-26,1071477681,27974107,4600,104374,1071582055
2016-04-27,1079312133,27634552,4600,103500,1079415633
2016-04-28,1072551910,25813685,4600,103730,1072655640
2016-04-29,1070103651,19824261,4600,103224,1070206875
2016-05-03,1093472805,53404876,4600,106444,1093579249
2016-05-04,1097837493,32190153,4600,105478,1097942971
2016-05-05,1091165510,30595894,4600,106168,1091271678
2016-05-06,1058869693,45835313,4600,100188,1058969881
2016-05-09,1045311100,28496714,4600,93932,1045405032
2016-05-10,1036027160,18986898,4600,93656,1036120816
2016-05-11,1037435349,26765082,4600,91356,1037526705
2016-05-12,1034506341,20564002,4600,91724,1034598065
2016-05-13,1036583759,25889163,4600,91540,1036675299
2016-05-16,1040450411,23701280,4600,93426,1040543837
2016-05-17,1030286942,21554886,4600,93288,1030380230
2016-05-18,1025158426,21107949,4600,91310,1025249736
2016-05-19,1022911457,18932557,4600,91632,1023003089
2016-05-20,1019011102,28499234,4600,93610,1019104712
2016-05-23,1019532677,20605433,4600,94254,1019626931
2016-05-24,1017324110,21008310,4600,92276,1017416386
2016-05-25,1018186229,17994131,4600,91954,1018278183
2016-05-26,1010365063,18270786,4600,92230,1010457293
2016-05-27,999696788,19004210,4600,93794,999790582
2016-05-30,1000787496,15134908,4600,92460,1000879956
2016-05-31,998009510,27392040,4600,97290,998106800
2016-06-01,1001941981,39080230,4600,97796,1002039777
2016-06-02,1011217373,31774533,4600,99084,1011316457
2016-06-03,1010956820,33100821,4600,98440,1011055260
2016-06-06,1018669235,24188769,4600,98302,1018767537
2016-06-07,1020050417,19647868,4600,98532,1020148949
2016-06-08,1017335604,32344848,4600,98808,1017434412
2016-06-13,1011770612,47088787,4600,94806,1011865418
2016-06-14,1007796757,18836637,14600,298570,1008095327
2016-06-15,1012413554,32592869,17300,364857,1012778411
2016-06-16,998062345,29299426,14600,307476,998369821
2016-06-17,1002755703,40947381,4600,97750,1002853453
2016-06-20,1004590241,26257855,57836,1245787,1005836028
2016-06-21,1037546792,114978812,48936,1098613,1038645405
2016-06-22,1002029300,58091351,5236,118805,1002148105
2016-06-23,1029621708,141680337,87100,2114788,1031736496
2016-06-24,1003283949,114108645,11500,282325,1003566274
2016-06-27,1010340831,113182032,57266,1450548,1011791379
2016-06-28,1022198113,93474899,4600,114586,1022312699
2016-06-29,1025948830,84458328,14600,358722,1026307552
2016-07-01,1042444252,98282293,38501,941349,1043385601
2016-07-04,1087385577,150368259,47101,1201547,1088587124
2016-07-05,1083302654,153802610,28901,724837,1084027491
2016-07-06,1067097110,71382061,14600,365730,1067462840
2016-07-07,1064343154,58441716,27300,672945,1065016099
2016-07-08,1072826443,85349771,56200,1421860,1074248303
2016-07-11,1062379658,119490570,40700,1022791,1063402449
2016-07-12,1054258566,57174085,4600,116334,1054374900
2016-07-13,1052820276,59831802,22300,559730,1053380006
2016-07-14,1065772115,93501423,14600,371862,1066143977
2016-07-15,1050003505,60412261,4600,115046,1050118551
2016-07-18,1045712459,32875687,4600,113666,1045826125
2016-07-19,1035958745,41958688,4600,113712,1036072457
2016-07-20,1033369704,42763059,24100,601295,1033970999
2016-07-21,1053719015,61874126,24544,619000,1054338015
2016-07-22,1024921047,56167846,14600,365146,1025286193
2016-07-25,1038362361,49514612,37600,932856,1039295217
2016-07-26,1049072775,42174289,14600,367336,1049440111
2016-07-27,1029829265,110552087,22300,553486,1030382751
2016-07-28,1033201990,77515755,74800,1802680,1035004670
2016-07-29,1023047083,46134660,26600,616322,1023663405
2016-08-01,1013594179,29160589,44528,1026816,1014620995
2016-08-02,1002665864,12907038,4600,106812,1002772676
2016-08-03,1006667308,22576188,4600,105938,1006773246
2016-08-04,1013749603,25907165,11000,254430,1014004033
2016-08-05,1005579270,13206127,4600,105340,1005684610
2016-08-08,1006941864,34234602,88900,2129155,1009071019
2016-08-09,1001030679,21990535,46300,1103792,1002134471
2016-08-10,999521141,26303033,26300,626992,1000148133
2016-08-11,1003571363,20373272,17500,410900,1003982263
2016-08-12,1000043426,12935501,16600,394084,1000437510
2016-08-15,1001410375,51865410,14600,361350,1001771725
2016-08-16,1005281062,30114261,4600,113804,1005394866
2016-08-17,1017530191,44751564,62300,1545040,1019075231
2016-08-18,1010094146,32747557,4600,113298,1010207444
2016-08-19,997326010,16017071,32300,790704,998116714
2016-08-22,993640272,19048318,16600,401886,994042158
2016-08-23,990359396,10719119,16600,401886,990761282
2016-08-24,998687673,26624025,62700,1539285,1000226958
2016-08-25,1008937805,34143987,18900,466641,1009404446
2016-08-26,1011704763,31601138,28600,706134,1012410897
2016-08-29,1012229540,21793147,10000,245400,1012474940
2016-08-30,1009985035,23681690,42700,1055544,1011040579
2016-08-31,999391637,22518958,12000,291480,999683117
2016-09-01,981254767,21263873,12000,287880,981542647
2016-09-02,974123485,16836420,22000,526240,974649725
2016-09-05,971760297,14070562,12000,290760,972051057
2016-09-06,980172220,36643046,0,0,980172220
2016-09-07,990044840,52122258,54270,1354579,991399419
2016-09-08,985355300,28191239,6800,168096,985523396
2016-09-09,991440002,60420136,41579,1047791,992487793
2016-09-12,982602918,0,41579,1047791,983650709
2016-09-13,976181738,0,6800,171360,976353098
2016-09-14,967123101,0,6800,171360,967294461
2016-09-19,953320130,0,6800,171360,953491490
2016-09-20,949572247,0,6800,171360,949743607
2016-09-21,946205280,0,6800,171360,946376640
2016-09-22,944599195,0,6800,171360,944770555
2016-09-23,940127810,0,6800,171360,940299170
2016-09-26,931765556,0,6800,171360,931936916
2016-09-27,927275536,0,6800,171360,927446896
2016-09-28,925183444,0,6800,171360,925354804
2016-09-29,916947653,0,6800,171360,917119013
2016-09-30,912724614,0,6800,171360,912895974
2016-10-10,910473226,0,6800,171360,910644586
2016-10-11,906910925,0,6800,171360,907082285
2016-10-12,904555901,0,6800,171360,904727261
2016-10-13,901819663,0,6800,171360,901991023
2016-10-14,899658893,0,6800,171360,899830253
2016-10-17,896438816,0,6800,171360,896610176
2016-10-18,894729401,0,6800,171360,894900761
2016-10-19,888402981,0,6800,171360,888574341
2016-10-20,886563213,0,6800,171360,886734573
2016-10-21,879700714,0,6800,171360,879872074
2016-10-24,877700049,0,6800,171360,877871409
2016-10-25,876158181,0,6800,171360,876329541
2016-10-26,874700928,0,6800,171360,874872288
2016-10-27,870517330,0,6800,171360,870688690
2016-10-28,866995923,0,6800,171360,867167283
2016-10-31,865350898,0,6800,171360,865522258
2016-11-01,860107518,0,6800,171360,860278878
2016-11-02,857751877,0,6800,171360,857923237
2016-11-03,856978373,0,6800,171360,857149733
2016-11-04,853726688,0,6800,171360,853898048
2016-11-07,849577593,0,6800,171360,849748953
2016-11-08,846753625,0,6800,171360,846924985
2016-11-09,844933755,0,6800,171360,845105115
2016-11-10,841334498,0,6800,171360,841505858
2016-11-11,832075598,0,6800,171360,832246958
2016-11-14,825127539,0,6800,171360,825298899
2016-11-15,823837909,0,6800,171360,824009269
2016-11-16,823286926,0,6800,171360,823458286
2016-11-17,822338320,0,6800,171360,822509680
2016-11-18,820556747,0,6800,171360,820728107
2016-11-21,818201874,0,6800,171360,818373234
2016-11-22,816647957,0,6800,171360,816819317
2016-11-23,815800149,0,6800,171360,815971509
2016-11-24,812075667,0,6800,171360,812247027
2016-11-25,808004958,0,6800,171360,808176318
2016-11-28,805179557,0,6800,171360,805350917
2016-11-29,804101720,0,6800,171360,804273080
2016-11-30,802984919,0,6800,171360,803156279
2016-12-01,802305259,0,6800,171360,802476619
2016-12-02,801335768,0,6800,171360,801507128
2016-12-05,800651654,0,6800,171360,800823014
2016-12-06,799887871,0,6800,171360,800059231
2016-12-07,799588032,0,6800,171360,799759392
2016-12-08,798416251,0,6800,171360,798587611
2016-12-09,795198044,0,6800,171360,795369404
2016-12-12,790077494,0,6800,171360,790248854
2016-12-13,789873687,0,6800,171360,790045047
2016-12-14,789009373,0,6800,171360,789180733
2016-12-15,786516033,0,6800,171360,786687393
2016-12-16,785128227,0,6800,171360,785299587
2016-12-19,781739253,0,6800,171360,781910613
2016-12-20,781418732,0,6800,171360,781590092
2016-12-21,780289835,0,6800,171360,780461195
2016-12-22,779135468,0,6800,171360,779306828
2016-12-23,778462883,0,6800,171360,778634243
2016-12-26,777135507,0,6800,171360,777306867
2016-12-27,776802286,0,6800,171360,776973646
2016-12-28,776504309,0,6800,171360,776675669
2016-12-29,775932095,0,6800,171360,776103455
2016-12-30,775331458,0,6800,171360,775502818
2017-01-03,774262802,0,6800,171360,774434162
2017-01-04,774006450,0,6800,171360,774177810
2017-01-05,772859047,0,6800,171360,773030407
2017-01-06,770295966,0,6800,171360,770467326
2017-01-09,769958626,0,6800,171360,770129986
2017-01-10,767995794,0,6800,171360,768167154
2017-01-11,767354199,0,6800,171360,767525559
2017-01-12,766800343,0,6800,171360,766971703
2017-01-13,766340662,0,6800,171360,766512022
2017-01-16,765585382,0,6800,171360,765756742
2017-01-17,765147162,0,6800,171360,765318522
2017-01-18,764681386,0,6800,171360,764852746
2017-01-19,763728246,0,6800,171360,763899606
2017-01-20,761440084,0,6800,171360,761611444
2017-01-23,760487011,0,6800,171360,760658371
2017-01-24,758109639,0,6800,171360,758280999
2017-01-25,756736437,0,6800,171360,756907797
2017-01-26,754804441,0,6800,171360,754975801
2017-02-03,754567383,0,6800,171360,754738743
2017-02-06,753735693,0,6800,171360,753907053
2017-02-07,751482564,0,6800,171360,751653924
2017-02-08,750660971,0,6800,171360,750832331
2017-02-09,750433930,0,6800,171360,750605290
2017-02-10,749727431,0,6800,171360,749898791
2017-02-13,749107784,0,6800,171360,749279144
2017-02-14,747016583,0,6800,171360,747187943
2017-02-15,745955598,0,6800,171360,746126958
2017-02-16,745800537,0,6800,171360,745971897
2017-02-17,744772146,0,6800,171360,744943506
2017-02-20,744466435,0,6800,171360,744637795
2017-02-21,743203151,0,6800,171360,743374511
2017-02-22,740250190,0,6800,171360,740421550
2017-02-23,739845728,0,6800,171360,740017088
2017-02-24,738396728,0,6800,171360,738568088
2017-02-27,738098226,0,6800,171360,738269586
2017-02-28,737783852,0,6800,171360,737955212
2017-03-01,736647946,0,6800,171360,736819306
2017-03-02,736231906,0,6800,171360,736403266
2017-03-03,735001235,0,6800,171360,735172595
2017-03-06,733286414,0,6800,171360,733457774
2017-03-07,733036241,0,6800,171360,733207601
2017-03-08,732796855,0,6800,171360,732968215
2017-03-09,732153746,0,6800,171360,732325106
2017-03-10,726936135,0,6800,171360,727107495
2017-03-13,726913262,0,6800,171360,727084622
2017-03-14,726847783,0,6800,171360,727019143
2017-03-15,726486146,0,6800,171360,726657506
2017-03-16,726062307,0,6800,171360,726233667
2017-03-17,725888160,0,6800,171360,726059520
2017-03-20,725324330,0,6800,171360,725495690
2017-03-21,723625785,0,6800,171360,723797145
2017-03-22,723395758,0,6800,171360,723567118
2017-03-23,722853717,0,6800,171360,723025077
2017-03-24,722299407,0,6800,171360,722470767
2017-03-27,721627739,0,6800,171360,721799099
2017-03-28,721603391,0,6800,171360,721774751
2017-03-29,721413557,0,6800,171360,721584917
2017-03-30,721369728,0,6800,171360,721541088
2017-03-31,721322503,0,6800,171360,721493863
2017-04-05,721299172,0,6800,171360,721470532
2017-04-06,721190163,0,6800,171360,721361523
2017-04-07,720380726,0,0,0,720380726
2017-04-10,719977363,0,0,0,719977363
2017-04-11,719237968,0,0,0,719237968
2017-04-12,718714067,0,0,0,718714067
2017-04-13,717183136,0,0,0,717183136
2017-04-14,716021069,0,0,0,716021069
2017-04-17,715441190,0,0,0,715441190
2017-04-18,715397336,0,0,0,715397336
2017-04-19,715041894,0,0,0,715041894
2017-04-20,714869325,0,0,0,714869325
2017-04-21,713453209,0,0,0,713453209
2017-04-24,713189386,0,0,0,713189386
2017-04-25,713113923,0,0,0,713113923
2017-04-26,712508719,0,0,0,712508719
2017-04-27,712318008,0,0,0,712318008
2017-04-28,711239473,0,0,0,711239473
2017-05-02,710979820,0,0,0,710979820
2017-05-03,710871682,0,0,0,710871682
2017-05-04,710554874,0,0,0,710554874
2017-05-05,710389533,0,0,0,710389533
2017-05-08,709823236,0,0,0,709823236
2017-05-09,709796006,0,0,0,709796006
2017-05-10,709343576,0,0,0,709343576
2017-05-11,709181433,0,0,0,709181433
2017-05-12,709111201,0,0,0,709111201
2017-05-15,709059931,0,0,0,709059931
2017-05-16,708722307,0,0,0,708722307
2017-05-17,707762925,0,0,0,707762925
2017-05-18,707735238,0,0,0,707735238
2017-05-19,707459705,0,0,0,707459705
2017-05-22,707328759,0,0,0,707328759
2017-05-23,705773480,0,0,0,705773480
2017-05-24,704246526,0,0,0,704246526
2017-05-25,704087032,0,0,0,704087032
2017-05-26,703873988,0,0,0,703873988
2017-05-31,703695671,0,0,0,703695671
2017-06-01,703503199,0,0,0,703503199
2017-06-02,702841748,0,0,0,702841748
2017-06-05,702185871,0,0,0,702185871
2017-06-06,702085679,0,0,0,702085679
2017-06-07,702040016,0,0,0,702040016
2017-06-08,701559823,0,0,0,701559823
2017-06-09,701377708,0,0,0,701377708
2017-06-12,701332769,0,0,0,701332769
2017-06-13,700778424,0,0,0,700778424
2017-06-14,700618390,0,0,0,700618390
2017-06-15,699089096,0,0,0,699089096
2017-06-16,698840785,0,0,0,698840785
2017-06-19,697935016,0,0,0,697935016
2017-06-20,697202409,0,0,0,697202409
2017-06-21,697032455,0,0,0,697032455
2017-06-22,697000408,0,0,0,697000408
2017-06-23,696937693,0,0,0,696937693
2017-06-26,696483208,0,0,0,696483208
2017-06-27,696476768,0,0,0,696476768
2017-06-28,694745319,0,0,0,694745319
2017-06-29,694620948,0,0,0,694620948
2017-07-03,683813675,0,0,0,683813675
2017-07-04,684319591,5001842,0,0,684319591
2017-07-05,746888827,116716884,127000,2698750,749587577
2017-07-06,764215968,59665450,51,1082,764217050
2017-07-07,774255599,59915153,102599,2234606,776490205
2017-07-10,779708019,57577464,10000,212800,779920819
2017-07-11,789429993,32739728,39800,840576,790270569
2017-07-12,786385161,23095219,32800,683224,787068385
2017-07-13,784840207,17022508,27100,564764,785404971
2017-07-14,777228362,13080135,15100,315590,777543952
2017-07-17,777503578,42109881,85057,1633094,779136672
2017-07-18,775752756,15938446,25100,492964,776245720
2017-07-19,780098629,17964122,25100,497984,780596613
2017-07-20,777725666,18198521,31500,631575,778357241
2017-07-21,779515221,23495097,26500,536890,780052111
2017-07-24,782347009,23083829,70000,1445500,783792509
2017-07-25,787967857,25313210,60000,1228200,789196057
2017-07-26,786524349,17100344,45000,916200,787440549
2017-07-27,797176434,34813943,30000,623700,797800134
2017-07-28,802206245,26226674,10000,205500,802411745
2017-07-31,800621935,25737532,0,0,800621935
2017-08-01,796796161,15973586,5000,102100,796898261
2017-08-02,801997953,22009576,0,0,801997953
2017-08-03,799938996,10531780,0,0,799938996
2017-08-04,800437896,60967909,72000,1509120,801947016
2017-08-07,797010194,22190320,0,0,797010194
2017-08-08,802512690,26202239,10000,209600,802722290
2017-08-09,803635191,25051713,0,0,803635191
2017-08-10,804464799,31873195,25000,530500,804995299
2017-08-11,797295743,37939082,10000,209000,797504743
2017-08-14,792762789,23424127,17500,374150,793136939
2017-08-15,796795954,33741233,0,0,796795954
2017-08-16,798203535,28394120,27500,599500,798803035
2017-08-17,769811725,38104249,13200,288816,770100541
2017-08-18,784439929,35090013,0,0,784439929
2017-08-21,792090871,33458627,0,0,792090871
2017-08-22,796310938,28764880,0,0,796310938
2017-08-23,793485844,15691573,0,0,793485844
2017-08-24,791979870,13344059,18500,397935,792377805
2017-08-25,795629875,18706390,0,0,795629875
2017-08-28,798387912,30151139,0,0,798387912
2017-08-29,782185942,18020799,0,0,782185942
2017-08-30,774923542,10097941,0,0,774923542
2017-08-31,775110256,17938420,37500,813375,775923631
2017-09-01,776335284,19552544,0,0,776335284
2017-09-04,784289591,22934709,0,0,784289591
2017-09-05,788477113,22051490,0,0,788477113
2017-09-06,797641379,38410280,0,0,797641379
2017-09-07,806191441,36378744,0,0,806191441
2017-09-08,814703283,26265724,0,0,814703283
2017-09-11,804726097,12976339,0,0,804726097
2017-09-12,806559174,19185158,0,0,806559174
2017-09-13,813322319,13133594,0,0,813322319
2017-09-14,810971253,10469636,0,0,810971253
2017-09-15,816987213,30327007,10000,216400,817203613
2017-09-18,805799873,13595311,0,0,805799873
2017-09-19,812495271,23841624,0,0,812495271
2017-09-20,812447141,12152715,0,0,812447141
2017-09-21,808757147,7569659,0,0,808757147
2017-09-22,802759293,8325889,0,0,802759293
2017-09-25,806639239,16124791,0,0,806639239
2017-09-26,806871801,8134094,0,0,806871801
2017-09-27,805891675,15427776,0,0,805891675
2017-09-28,802471783,14989307,0,0,802471783
2017-09-29,784250275,12415094,0,0,784250275
2017-10-09,797431232,33512466,0,0,797431232
2017-10-10,806509792,22201541,0,0,806509792
2017-10-11,816470006,34009033,0,0,816470006
2017-10-12,808111051,48680550,17500,388150,808499201
2017-10-13,787222116,32578905,20000,457600,787679716
2017-10-16,783758402,35425333,0,0,783758402
2017-10-17,783595904,18628775,0,0,783595904
2017-10-18,807462167,36885563,14200,315098,807777265
2017-10-19,803810500,14755404,0,0,803810500
2017-10-20,801985867,15882642,0,0,801985867
2017-10-23,813666431,21461211,0,0,813666431
2017-10-24,815792772,20307228,0,0,815792772
2017-10-25,827502877,28866325,0,0,827502877
2017-10-26,824105217,22485303,0,0,824105217
2017-10-27,822031490,38842245,0,0,822031490
2017-10-30,827000291,21146400,0,0,827000291
2017-10-31,822185606,13463577,0,0,822185606
2017-11-01,826652902,12745941,0,0,826652902
2017-11-02,819096754,19604498,0,0,819096754
2017-11-03,802423648,4711410,0,0,802423648
2017-11-06,802664597,9048399,0,0,802664597
2017-11-07,804655050,11544123,10000,210900,804865950
2017-11-08,809270414,20498469,0,0,809270414
2017-11-09,815461584,15860809,5700,121125,815582709
2017-11-10,812175807,10522696,5700,121353,812297160
2017-11-13,815145774,17455898,5700,121296,815267070
2017-11-14,822718087,40507488,5700,122550,822840637
2017-11-15,825207556,17636574,5700,120327,825327883
2017-11-16,816520371,13751946,5700,117705,816638076
2017-11-17,804090199,20502714,5700,111948,804202147
2017-11-20,799019842,5388244,5700,114228,799134070
2017-11-21,794452530,10372706,5700,116394,794568924
2017-11-22,798024047,20744329,77700,1626261,799650308
2017-11-23,802491698,17566709,0,0,802491698
2017-11-24,799561741,10383427,0,0,799561741
2017-11-27,801299763,7688324,0,0,801299763
2017-11-28,800024482,5798806,0,0,800024482
2017-11-29,802150908,7844981,0,0,802150908
2017-11-30,803540196,9589351,0,0,803540196
2017-12-01,800289035,14040640,0,0,800289035
2017-12-04,807061499,16085179,0,0,807061499
2017-12-05,803860381,16781422,17500,348775,804209156
2017-12-06,807875991,13039209,0,0,807875991
2017-12-07,806198509,20242430,17500,357875,806556384
2017-12-08,802622693,7076477,0,0,802622693
2017-12-11,794351757,8493461,0,0,794351757
2017-12-12,790087672,6515345,0,0,790087672
2017-12-13,785706696,13156638,0,0,785706696
2017-12-14,781326092,8399006,0,0,781326092
2017-12-15,780705187,16750873,7300,156658,780861845
2017-12-18,775945073,6361763,0,0,775945073
2017-12-19,770723017,8421913,0,0,770723017
2017-12-20,769645095,9721483,0,0,769645095
2017-12-21,761220979,6855322,0,0,761220979
2017-12-22,763386017,29392923,0,0,763386017
2017-12-25,756621233,19408103,0,0,756621233
2017-12-26,758716059,20186270,9000,199710,758915769
2017-12-27,750371441,11543110,0,0,750371441
2017-12-28,760159678,20207789,30000,654600,760814278
2017-12-29,749285399,14041116,0,0,749285399
2018-01-02,728637109,16880190,30000,696600,729333709
2018-01-03,731619721,24050410,0,0,731619721
2018-01-04,711794405,26981172,46500,1116465,712910870
2018-01-05,718940318,26616094,0,0,718940318
2018-01-08,714990890,17050395,0,0,714990890
2018-01-09,709577331,15004474,0,0,709577331
2018-01-10,710852386,23975634,0,0,710852386
2018-01-11,715013055,19299163,0,0,715013055
2018-01-12,718641336,19971402,30000,684000,719325336
2018-01-15,721774825,18919379,0,0,721774825
2018-01-16,730393066,32066260,0,0,730393066
2018-01-17,727081729,22068669,7099,154758,727236487
2018-01-18,739147630,22865805,0,0,739147630
2018-01-19,748485132,43736651,30000,658800,749143932
2018-01-22,767202844,37537618,0,0,767202844
2018-01-23,764803995,20249025,0,0,764803995
2018-01-24,788898838,48708233,0,0,788898838
2018-01-25,756101416,23132781,0,0,756101416
2018-01-26,743928072,10599664,0,0,743928072
2018-01-29,746729116,17602818,0,0,746729116
2018-01-30,749069833,14575184,0,0,749069833
2018-01-31,749719845,10695325,0,0,749719845
2018-02-01,750274040,17325052,9000,191520,750465560
2018-02-02,745841519,8067179,0,0,745841519
2018-02-05,738876134,8847878,0,0,738876134
2018-02-06,738652250,14614242,11700,228969,738881219
2018-02-07,738455144,9377002,0,0,738455144
2018-02-08,733852681,5229332,0,0,733852681
2018-02-09,733549141,10885879,0,0,733549141
2018-02-12,729189738,6978530,0,0,729189738
2018-02-13,724463797,8678510,0,0,724463797
2018-02-14,721041510,8839367,0,0,721041510
2018-02-22,717636173,4785194,0,0,717636173
2018-02-23,726536107,14612044,23200,484184,727020291
2018-02-26,718152629,8309980,5700,125058,718277687
2018-02-27,711719080,17441958,18000,399240,712118320
2018-02-28,701914439,24552770,10900,246340,702160779
2018-03-01,712157032,41009686,0,0,712157032
2018-03-02,702949605,32145487,7000,159250,703108855
2018-03-05,694305065,20770303,7000,163450,694468515
2018-03-06,689666341,22057192,16000,373120,690039461
2018-03-07,691164558,13830558,7000,161140,691325698
2018-03-08,697525097,18507474,7000,161140,697686237
2018-03-09,700329606,29709048,0,0,700329606
2018-03-12,688154953,20963525,6100,144143,688299096
2018-03-13,689344087,18635520,0,0,689344087
2018-03-14,704468070,27206587,0,0,704468070
2018-03-15,705647753,14293644,21700,501921,706149674
2018-03-16,709693743,15460580,0,0,709693743
2018-03-19,706955325,28892246,10000,237600,707192925
2018-03-20,703501751,15307150,29000,690490,704192241
2018-03-21,695086696,34862146,18500,438450,695525146
2018-03-22,689326028,22289051,10000,238100,689564128
2018-03-23,679117651,26405709,17000,391680,679509331
2018-03-26,709172678,67812163,27000,665550,709838228
2018-03-27,702481286,52463012,17900,457882,702939168
2018-03-28,692829945,47041526,11800,308806,693138751
2018-03-29,718543176,66271185,27500,715550,719258726
2018-03-30,717661366,68647575,20000,528800,718190166
2018-04-02,698254258,36762942,4980,135556,698389814
2018-04-03,699373769,37698456,12480,344448,699718217
2018-04-04,710164047,47445853,9900,261855,710425902
2018-04-09,699005967,24331655,9800,265482,699271449
2018-04-10,718249272,47704441,21711,564486,718813758
2018-04-11,704028382,16870869,10800,286524,704314906
2018-04-12,711111677,29530102,4800,123792,711235469
2018-04-13,697961843,32764368,0,0,697961843
2018-04-16,683176216,33419722,25500,691815,683868031
2018-04-17,702119563,54838919,8300,215468,702335031
2018-04-18,708576872,36113049,0,0,708576872
2018-04-19,708282732,50274779,6000,162000,708444732
2018-04-20,702526496,27524566,0,0,702526496
2018-04-23,707479575,40095787,19200,477888,707957463
2018-04-24,683814367,54298642,68500,1875530,685689897
2018-04-25,706279303,72860044,12100,335291,706614594
2018-04-26,710479918,47435308,116800,3008768,713488686
2018-04-27,717413800,33763803,82500,2119425,719533225
2018-05-02,722211763,21386412,79700,2041914,724253677
2018-05-03,733847117,26127690,73600,1873856,735720973
2018-05-04,727867425,14837404,75300,1899066,729766491
2018-05-07,737963595,19326082,71700,1830501,739794096
2018-05-08,731989532,32036069,7700,198275,732187807
2018-05-09,754335952,44805171,12000,300120,754636072
2018-05-10,773540151,33739479,24000,600960,774141111
2018-05-11,772404144,22596807,6600,163680,772567824
2018-05-14,777860749,24080549,21000,518280,778379029
2018-05-15,777833675,17940092,0,0,777833675
2018-05-16,764306753,14542717,8000,202400,764509153
2018-05-17,772427925,21623525,8000,199600,772627525
2018-05-18,772022409,12784896,8000,197840,772220249
2018-05-21,778110594,20474396,3000,75270,778185864
2018-05-22,780100234,16246222,0,0,780100234
2018-05-23,775063922,13072635,0,0,775063922
2018-05-24,780047906,12295990,0,0,780047906
2018-05-25,787864304,34252446,0,0,787864304
2018-05-28,779754150,15862032,0,0,779754150
2018-05-29,775731596,11876519,0,0,775731596
2018-05-30,768844238,7856993,0,0,768844238
2018-05-31,753530888,7515165,0,0,753530888
2018-06-01,755438871,15339979,4100,93070,755531941
2018-06-04,748470187,3647506,0,0,748470187
2018-06-05,746953967,5559192,10000,235100,747189067
2018-06-06,747338383,5212681,0,0,747338383
2018-06-07,750260954,8846083,0,0,750260954
2018-06-08,743170414,3685020,0,0,743170414
2018-06-11,740800828,4507431,0,0,740800828
2018-06-12,736256294,5465126,700,16233,736272527
2018-06-13,727564874,3564422,0,0,727564874
2018-06-14,722826183,5996822,10000,222700,723048883
2018-06-15,711369008,5947318,0,0,711369008
2018-06-19,680831137,6721856,0,0,680831137
2018-06-20,681400220,8180820,100,2101,681402321
2018-06-21,674959295,2941672,100,2128,674961423
2018-06-22,671850931,4493886,6600,144870,671995801
2018-06-25,661211503,7431145,46100,1068137,662279640
2018-06-26,664053034,6840544,0,0,664053034
2018-06-27,664562711,7599986,0,0,664562711
2018-06-28,665526549,6730516,0,0,665526549
2018-06-29,662237650,6610991,6000,138600,662376250
2018-07-02,665587064,13198366,0,0,665587064
2018-07-03,668606366,15109802,5000,119250,668725616
2018-07-04,664323862,9217414,5000,117850,664441712
2018-07-05,663099592,6717692,5000,115900,663215492
2018-07-06,668078645,13461950,0,0,668078645
2018-07-09,666324555,7797967,0,0,666324555
2018-07-10,667030270,6532357,0,0,667030270
2018-07-11,659626563,5926900,0,0,659626563
2018-07-12,666660036,17146003,0,0,666660036
2018-07-13,663418819,6462869,0,0,663418819
2018-07-16,663209957,12894173,3800,93252,663303209
2018-07-17,657380849,6354584,0,0,657380849
2018-07-18,661512993,13928725,0,0,661512993
2018-07-19,663798654,8897010,0,0,663798654
2018-07-20,663796856,8814783,0,0,663796856
2018-07-23,647335617,13274774,42000,1089060,648424677
2018-07-24,654330119,22725695,0,0,654330119
2018-07-25,648208311,11250159,0,0,648208311
2018-07-26,652088640,13161354,0,0,652088640
2018-07-27,649071156,5931714,0,0,649071156
2018-07-30,652554952,10833866,10000,256200,652811152
2018-07-31,649092095,4982055,0,0,649092095
2018-08-01,652511671,13512545,0,0,652511671
2018-08-02,648991021,12075080,9300,226827,649217848
2018-08-03,641192450,7592140,37000,925000,642117450
2018-08-06,645015460,17015469,2700,62208,645077668
2018-08-07,641049277,9030564,7000,170940,641220217
2018-08-08,642839386,11052613,10000,234000,643073386
2018-08-09,643273349,13410784,10000,247900,643521249
2018-08-10,640209253,6342777,10000,251400,640460653
2018-08-13,642098787,14309831,10000,257000,642355787
2018-08-14,646622322,14093904,10000,252300,646874622
2018-08-15,652212653,22665521,10000,244000,652456653
2018-08-16,650303850,7058169,10000,240000,650543850
2018-08-17,651699126,8213015,10000,236900,651936026
2018-08-20,651562592,6661503,10000,238400,651800992
2018-08-21,649264425,9714562,10000,248600,649513025
2018-08-22,650495672,10290138,10800,267840,650763512
2018-08-23,651448644,14079385,10000,251300,651699944
2018-08-24,646854983,9104926,10000,252600,647107583
2018-08-27,643518304,11623842,31600,818440,644336744
2018-08-28,642018150,10529667,9900,258786,642276936
2018-08-29,641606052,6851351,3000,77970,641684022
2018-08-30,639178563,10123351,10000,256000,639434563
2018-08-31,643315676,10174108,8800,225280,643540956
2018-09-03,633630342,16153560,14800,394568,634024910
2018-09-04,629158103,16817123,52800,1439328,630597431
2018-09-05,629670129,10276875,16800,453600,630123729
2018-09-06,626738206,16209094,26500,728220,627466426
2018-09-07,615913494,17131919,16500,442365,616355859
2018-09-10,619594083,16842257,16400,432632,620026715
2018-09-11,608330418,14852212,16500,442365,608772783
2018-09-12,600857499,14816595,16500,458040,601315539
2018-09-13,595702517,20009681,26700,770295,596472812
2018-09-14,615952227,46996086,74900,2017057,617969284
2018-09-17,619119252,23426212,19200,504192,619623444
2018-09-18,616242287,16791750,22800,610356,616852643
2018-09-19,592216418,14515630,24700,686660,592903078
2018-09-20,599630423,28482805,22300,599424,600229847
2018-09-21,607340950,18744234,26200,704780,608045730
2018-09-25,605526766,19198616,31500,873495,606400261
2018-09-26,594956928,17892318,28200,783960,595740888
2018-09-27,593076119,15830037,27300,744471,593820590
2018-09-28,586986646,9961275,25396,695342,587681988
2018-10-08,595388652,29435983,32146,847369,596236021
2018-10-09,593966444,12727335,21246,555795,594522239
2018-10-10,588831062,10217608,40446,1056450,589887512
2018-10-11,591368353,17634805,53346,1294174,592662527
2018-10-12,583255894,6929319,47246,1216112,584472006
2018-10-15,584671825,8805160,31046,781738,585453563
2018-10-16,580089462,9520823,44332,1091011,581180473
2018-10-17,582916071,13760319,36932,895970,583812041
2018-10-18,581359116,7860034,78632,1836057,583195173
2018-10-19,570858298,8823200,30444,762927,571621225
2018-10-22,568913911,20330061,82900,2237471,571151382
2018-10-23,566941032,13597857,27700,740975,567682007
2018-10-24,572268169,13367505,28200,744480,573012649
2018-10-25,573208947,11341577,34000,890800,574099747
2018-10-26,586225632,36589599,107400,2729034,588954666
2018-10-29,589529435,13655187,28400,712840,590242275
2018-10-30,590442855,11388924,45872,1152763,591595618
2018-10-31,589771783,13814229,24971,636261,590408044
2018-11-01,596770190,18639564,57971,1458550,598228740
2018-11-02,597077141,16661951,28171,732728,597809869
2018-11-05,598141277,18835601,24271,647065,598788342
2018-11-06,602198024,15849070,31671,838648,603036672
2018-11-07,603560202,14247717,21971,576739,604136941
2018-11-08,602235797,8681981,29771,778214,603014011
2018-11-09,601599984,11440682,31971,850429,602450413
2018-11-12,605685233,17854713,30871,827343,606512576
2018-11-13,600513223,15498859,36971,993041,601506264
2018-11-14,606288154,17939115,34071,892660,607180814
2018-11-15,609939793,15144398,42071,1110674,611050467
2018-11-16,607633117,17435146,36870,962676,608595793
2018-11-19,618870543,29580651,44170,1122802,619993345
2018-11-20,609845951,11854061,37570,948643,610794594
2018-11-21,607017970,5999151,40770,1029035,608047005
2018-11-22,614027750,15047288,42970,1091009,615118759
2018-11-23,610350187,7967157,37673,926756,611276943
2018-11-26,616301212,10926873,43073,1039782,617340994
2018-11-27,613841861,4255897,41373,1014466,614856327
2018-11-28,611297851,5363641,34630,862979,612160830
2018-11-29,604286492,7464756,35528,878963,605165455
2018-11-30,604199438,8959085,35528,883226,605082664
2018-12-03,606541269,18338152,39458,1018805,607560074
2018-12-04,619290938,27631279,51058,1291767,620582705
2018-12-05,618165998,7954011,24901,620035,618786033
2018-12-06,622031260,11197882,27101,660994,622692254
2018-12-07,623411292,6266140,28201,688669,624099961
2018-12-10,625136866,6861626,32301,782331,625919197
2018-12-11,622709732,3942192,26301,642271,623352003
2018-12-12,622356545,5038836,34201,830743,623187288
2018-12-13,624478714,11869267,31201,778153,625256867
2018-12-14,619087915,4983692,31701,778893,619866808
2018-12-17,621219770,5351296,33501,821445,622041215
2018-12-18,617392885,10165779,31601,752420,618145305
2018-12-19,617572826,11094101,33401,760541,618333367
2018-12-20,621703140,10138546,32301,719666,622422806
2018-12-21,626855143,18297808,32501,698121,627553264
2018-12-24,626730934,9057624,32401,702453,627433387
2018-12-25,622094019,6872346,33601,734182,622828201
2018-12-26,623031684,9200471,34101,729079,623760763
2018-12-27,622926103,8908360,34201,730192,623656295
2018-12-28,618871969,5778376,31501,675067,619547036
2019-01-02,616792291,12335383,16571,360088,617152379
2019-01-03,620467042,15356392,15971,354396,620821438
2019-01-04,619086645,12160920,16571,374339,619460984
2019-01-07,612373075,13175765,16171,382768,612755843
2019-01-08,601419492,9843358,15971,387297,601806789
2019-01-09,605827578,21996435,15771,374561,606202139
2019-01-10,599560735,3598141,15471,370066,599930801
2019-01-11,594534951,6317954,14671,361640,594896591
2019-01-14,594108181,4111201,14671,358706,594466887
2019-01-15,592989937,5003383,14671,365895,593355832
2019-01-16,591277292,4849759,14671,364281,591641573
2019-01-17,591792352,5916847,14871,363745,592156097
2019-01-18,589246200,2698159,14971,369484,589615684
2019-01-21,589499271,5085330,15571,388652,589887923
2019-01-22,597596146,19551976,16771,410890,598007036
2019-01-23,593922532,4358662,16371,407474,594330006
2019-01-24,597807068,7895750,16771,413405,598220473
2019-01-25,597080269,6084778,16171,399909,597480178
2019-01-28,595288925,5156875,16171,399100,595688025
2019-01-29,596222733,7668794,14171,346481,596569214
2019-01-30,593304841,10110460,10500,264705,593569546
2019-01-31,592952421,10603561,9300,230919,593183340
2019-02-01,588540724,5675053,9000,225000,588765724
2019-02-11,590458808,12267069,8800,227744,590686552
2019-02-12,595080368,12044927,400,10388,595090756
2019-02-13,598232910,19454548,3600,95076,598327986
2019-02-14,594376151,7264896,4900,129409,594505560
2019-02-15,600157554,16702642,7400,190698,600348252
2019-02-18,602073084,19122954,7400,196840,602269924
2019-02-19,594904444,25836785,9200,241960,595146404
2019-02-20,596211483,13057163,9200,242512,596453995
2019-02-21,632288280,53453317,9200,239200,632527480
2019-02-22,619841032,25971798,9200,246560,620087592
2019-02-25,638534072,56759569,9200,255116,638789188
2019-02-26,655988389,51492984,9200,255024,656243413
2019-02-27,659346816,36638393,9200,258980,659605796
2019-02-28,660348391,20201319,9200,256404,660604795
2019-03-01,663236437,34829377,9400,260192,663496629
2019-03-04,693848906,71118081,9200,254748,694103654
2019-03-05,681146783,27833823,9400,266020,681412803
2019-03-06,690125530,49137247,9400,265080,690390610
2019-03-07,697552973,36823339,9500,263245,697816218
2019-03-08,706188023,53573911,9352,260827,706448850
2019-03-11,716881889,74688094,7952,232596,717114485
2019-03-12,742357619,86286883,9352,279625,742637244
2019-03-13,747142168,55286021,9352,268964,747411132
2019-03-14,737701197,22035019,9352,264100,737965297
2019-03-15,742595291,35505942,6652,187719,742783010
2019-03-18,753785934,35081086,9352,267187,754053121
2019-03-19,745076149,46337828,9352,265597,745341746
2019-03-20,763272680,42856270,9352,261950,763534630
2019-03-21,778578776,40188478,9352,261950,778840726
2019-03-22,760189961,23410816,9452,265696,760455657
2019-03-25,772397099,86639453,9552,279109,772676208
2019-03-26,764516172,44118791,10652,292610,764808782
2019-03-27,761664567,18308540,9452,255960,761920527
2019-03-28,755314557,12967125,9452,252652,755567209
2019-03-29,744322337,15402716,8352,231684,744554021
2019-04-01,743528825,26037767,9352,268122,743796947
2019-04-02,753639453,43410586,9261,267087,753906540
2019-04-03,755596658,21896190,8661,250130,755846788
2019-04-04,769269373,41685843,9661,277561,769546934
2019-04-08,775927654,30616825,9461,264435,776192089
2019-04-09,783750977,27004158,9561,267612,784018589
2019-04-10,787815471,20635791,8961,250729,788066200
2019-04-11,786128524,19474903,10161,278005,786406529
2019-04-12,790985626,17335021,12361,334983,791320609
2019-04-15,802571986,28721431,9761,265890,802837876
2019-04-16,816208679,38929649,9661,260847,816469526
2019-04-17,823865416,30358934,9661,259205,824124621
2019-04-18,833079492,29536476,9861,261317,833340809
2019-04-19,830334492,16711912,12361,329421,830663913
2019-04-22,836460636,23131117,9661,257466,836718102
2019-04-23,834166662,14962139,9661,253118,834419780
2019-04-24,837640582,19015990,7061,186481,837827063
2019-04-25,838815953,17647648,9861,253921,839069874
2019-04-26,832362692,12729066,9661,245872,832608564
2019-04-29,825201157,19421377,9661,251283,825452440
2019-04-30,821723936,18888759,9361,245913,821969849
2019-05-06,821842179,22440366,9661,237950,822080129
2019-05-07,811998594,6261967,10161,258089,812256683
2019-05-08,809536663,6908456,10461,266232,809802895
2019-05-09,805789944,9498220,9661,246452,806036396
2019-05-10,810990485,19385068,11061,289798,811280283
2019-05-13,806448880,12069488,12461,325232,806774112
2019-05-14,813806738,21243533,6261,163537,813970275
2019-05-15,807372115,23917781,5946,155845,807527960
2019-05-16,815851154,25512841,6100,159942,816011096
2019-05-17,814127823,21726918,9600,242112,814369935
2019-05-20,816528867,17982819,9553,242646,816771513
2019-05-21,819820668,12906287,9853,251646,820072314
2019-05-22,816671080,5887656,9553,242837,816913917
2019-05-23,820325729,16649182,9982,245457,820571186
2019-05-24,812609788,2582430,10182,249459,812859247
2019-05-27,820084206,14025357,9582,238209,820322415
2019-05-28,816647255,9190442,9582,236580,816883835
2019-05-29,819338381,10402686,9582,235430,819573811
2019-05-30,820959679,10112866,9641,235722,821195401
2019-05-31,823327824,9441338,9541,233755,823561579
2019-06-03,817732223,10521243,9541,229938,817962161
2019-06-04,815796042,6555388,9541,225072,816021114
2019-06-05,822035244,10216529,9541,226694,822261938
2019-06-06,821833154,7308462,9541,220111,822053265
2019-06-10,817588431,3528504,9541,225740,817814171
2019-06-11,822462960,14717528,9541,232610,822695570
2019-06-12,817946351,13001740,9741,234661,818181012
2019-06-13,810185544,16295449,9541,231465,810417009
2019-06-14,813578209,12866057,10641,255278,813833487
2019-06-17,811530665,9045799,9641,229456,811760121
2019-06-18,814557031,5777437,9641,229167,814786198
2019-06-19,821853423,16664285,9601,228888,822082311
2019-06-20,819093749,15091235,9501,231444,819325193
2019-06-21,805846552,12374440,9101,227070,806073622
2019-06-24,823193553,28320255,9231,232621,823426174
2019-06-25,823587261,13123280,9131,227362,823814623
2019-06-26,824964487,12182349,9191,228488,825192975
2019-06-27,824159398,16043812,9091,226003,824385401
2019-06-28,826177459,13908957,9091,221639,826399098
2019-07-01,827718129,30754731,9191,234095,827952224
2019-07-02,825647078,17289749,9391,239377,825886455
2019-07-03,818858720,16540829,10291,263450,819122170
2019-07-04,833021568,44710237,10291,265508,833287076
2019-07-05,836648188,24180810,10291,262626,836910814
2019-07-08,833912665,19349937,9291,235248,834147913
2019-07-09,836046362,14617739,9691,249156,836295518
2019-07-10,838717408,20091698,9891,252913,838970321
2019-07-11,845217112,17664917,10891,275216,845492328
2019-07-12,848266306,12446739,9891,249847,848516153
2019-07-15,844334859,21389509,10291,264993,844599852
2019-07-16,848723676,17713329,9291,239429,848963105
2019-07-17,829738329,24043873,11291,296163,830034492
2019-07-18,843306668,32313751,11291,288485,843595153
2019-07-19,846056469,13720990,10991,281370,846337839
2019-07-22,847013949,18293481,9591,236514,847250463
2019-07-23,841812237,10598184,9991,248476,842060713
2019-07-24,845247003,23715613,9991,253771,845500774
2019-07-25,843436451,14182890,9591,246489,843682940
2019-07-26,836786890,18512862,11491,297732,837084622
2019-07-29,825917566,23826502,9591,253682,826171248
2019-07-30,827952350,23589532,11491,303822,828256172
2019-07-31,832793998,20871269,10391,276920,833070918
2019-08-01,816451950,16193907,11391,304595,816756545
2019-08-02,815064849,23944224,11391,304823,815369672
2019-08-05,812630584,22019951,10491,278746,812909330
2019-08-06,810285201,30881214,10891,290245,810575446
2019-08-07,805851669,26587666,10641,283583,806135252
2019-08-08,810313593,27382051,11541,313800,810627393
2019-08-09,814795892,29619764,10541,282077,815077969
2019-08-12,804954149,19275084,11013,297902,805252051
2019-08-13,797650462,40997002,11413,315227,797965689
2019-08-14,792902148,29166116,10575,295148,793197296
2019-08-15,789872782,27422081,11375,320775,790193557
2019-08-16,775235576,29145596,11375,316111,775551687
2019-08-19,738329375,28222002,10575,307415,738636790
2019-08-20,755022276,57539288,10575,296946,755319222
2019-08-21,749416773,12615549,11375,318500,749735273
2019-08-22,748706709,18450335,10575,299167,749005876
2019-08-23,745980584,24873597,11425,318186,746298770
2019-08-26,757816570,24005596,10625,295481,758112051
2019-08-27,757524168,27971614,10825,307538,757831706
2019-08-28,753160621,26389223,11325,320384,753481005
2019-08-29,749868669,22925911,14025,392700,750261369
2019-08-30,749124290,39256553,11325,326160,749450450
2019-09-02,764874749,65275637,10825,322910,765197659
2019-09-03,752429937,36125400,10725,317782,752747719
2019-09-04,788268304,64078392,13725,397751,788666055
2019-09-05,798016552,77712105,10825,314575,798331127
2019-09-06,786357718,25791877,10825,315224,786672942
2019-09-09,790065904,35485249,10825,323776,790389680
2019-09-10,801230420,44812891,11025,321158,801551578
2019-09-11,808929368,43154852,10442,296553,809225921
2019-09-12,820778444,28922082,11442,326898,821105342
2019-09-16,838470307,38707169,12542,352179,838822486
2019-09-17,838722167,13992918,10545,291042,839013209
2019-09-18,840602473,14703302,9245,253868,840856341
2019-09-19,842491331,12589837,9845,273002,842764333
2019-09-20,844541897,22584803,9532,261367,844803264
2019-09-23,846405337,14101922,11532,312517,846717854
2019-09-24,846513076,15534541,10532,287102,846800178
2019-09-25,837531574,9390435,11532,316553,837848127
2019-09-26,833276940,14092292,12332,321865,833598805
2019-09-27,830889615,5365331,10532,275412,831165027
2019-09-30,822607216,5234617,13232,343503,822950719
2019-10-08,825992271,7931229,10632,275900,826268171
2019-10-09,825022571,8726605,11724,308107,825330678
2019-10-10,820072312,8867987,10524,277834,820350146
2019-10-11,815140169,5265456,7824,206162,815346331
2019-10-14,820405775,17194238,6424,170172,820575947
2019-10-15,813742480,8100277,11124,288000,814030480
2019-10-16,820068918,20823197,11824,301276,820370194
2019-10-17,813601781,7213488,10824,276012,813877793
2019-10-18,808989656,10048838,13024,325470,809315126
2019-10-21,803284417,5812580,7632,193090,803477507
2019-10-22,800089196,6525903,12932,328861,800418057
2019-10-23,801493741,8774371,12932,324593,801818334
2019-10-24,801617013,6269657,13532,337217,801954230
2019-10-25,800473453,8329194,13632,342981,800816434
2019-10-28,798358095,13773785,12632,324642,798682737
2019-10-29,799156485,9482605,13732,347282,799503767
2019-10-30,791928118,6796012,14032,355992,792284110
2019-10-31,788510811,4886822,13032,329710,788840521
2019-11-01,788307590,6391037,13132,333290,788640880
2019-11-04,789948797,11150371,10832,275891,790224688
2019-11-05,787837757,9033597,12732,322629,788160386
2019-11-06,785987212,12196199,13232,337681,786324893
2019-11-07,789628043,9843413,12732,322374,789950417
2019-11-08,793454663,15098933,10096,255328,793709991
2019-11-11,793319104,17331395,7000,171080,793490184
2019-11-12,793092910,8731365,4800,117744,793210654
2019-11-13,786868719,5999537,5700,139593,787008312
2019-11-14,785174630,8191760,6500,161850,785336480
2019-11-15,784830229,5804710,7800,191724,785021953
2019-11-18,786080613,5063603,7800,195624,786276237
2019-11-19,786172878,6633848,8300,211235,786384113
2019-11-20,786675212,6801755,7100,179133,786854345
2019-11-21,790131846,8734638,7100,178139,790309985
2019-11-22,791146562,8128990,8100,203715,791350277
2019-11-25,795090623,9837230,8100,204687,795295310
2019-11-26,796506654,5590065,7100,178494,796685148
2019-11-27,780832899,6936286,7027,173989,781006888
2019-11-28,780327824,4391522,11927,296624,780624448
2019-11-29,780903736,3604868,10727,267960,781171696
2019-12-02,779785507,5388739,12127,308026,780093533
2019-12-03,742430586,31683765,12127,301113,742731699
2019-12-04,729222021,9091244,11627,296489,729518510
2019-12-05,731579795,23096334,12527,328834,731908629
2019-12-06,724143573,9621904,12527,329335,724472908
2019-12-09,718200451,9065497,11027,287915,718488366
2019-12-10,723685803,13768138,9127,238306,723924109
2019-12-11,729689210,10487426,8227,212750,729901960
2019-12-12,740545945,20108851,11827,309513,740855458
2019-12-13,750532697,23631960,10927,285960,750818657
2019-12-16,744725000,18790039,10927,293827,745018827
2019-12-17,748857511,24409125,10627,285973,749143484
2019-12-18,756128442,19433946,11427,305101,756433543
2019-12-19,752341093,12114501,11227,299985,752641078
2019-12-20,756711558,12017472,12627,336762,757048320
2019-12-23,756510143,13979664,11227,297403,756807546
2019-12-24,755285211,8233711,11927,317616,755602827
2019-12-25,752474179,8793046,11727,311117,752785296
2019-12-26,758387562,17139920,9627,258100,758645662
2019-12-27,743697112,12853010,14027,373118,744070230
2019-12-30,745206258,14822152,8727,230044,745436302
2020-01-02,744854118,19565583,11927,319882,745174000
2020-01-03,746442827,29709283,11427,309786,746752613
2020-01-06,738481469,27919720,16227,444133,738925602
2020-01-07,729214334,13934730,14227,388824,729603158
2020-01-08,721279268,15843704,9227,252543,721531811
2020-01-09,721661481,19431172,14227,389535,722051016
2020-01-10,722677314,10117638,14227,384414,723061728
2020-01-13,720049889,10725977,8327,226161,720276050
2020-01-14,726820433,14662081,8127,218454,727038887
2020-01-15,726667630,10664808,10627,285335,726952965
2020-01-16,730149983,11206937,8327,222747,730372730
2020-01-17,722460796,9790295,9698,257482,722718278
2020-01-20,730326932,16620709,9398,249799,730576731
2020-01-21,731453766,18151131,9698,251178,731704944
2020-01-22,731359534,20052416,9698,253603,731613137
2020-01-23,723539053,21985551,8798,221709,723760762
2020-02-03,712438288,14868809,7598,172322,712610610
2020-02-04,698050630,20107811,7598,174450,698225080
2020-02-05,692501497,11128323,7598,178705,692680202
2020-02-06,688831858,21892714,7598,196560,689028418
2020-02-07,676646851,19706607,7598,200055,676846906
2020-02-10,674635242,23929555,12498,334696,674969938
2020-02-11,669741739,15437353,11571,303160,670044899
2020-02-12,674547759,20524940,11471,301114,674848873
2020-02-13,671207733,12561415,11971,306458,671514191
2020-02-14,667928845,7657485,13171,336782,668265627
2020-02-17,670905477,33231748,7571,204493,671109970
2020-02-18,670924861,33359086,11971,328125,671252986
2020-02-19,664140706,29012415,12471,332227,664472933
2020-02-20,675840621,31786370,11471,309832,676150453
2020-02-21,726752085,96254499,11571,323988,727076073
2020-02-24,748501797,67107315,8471,240068,748741865
2020-02-25,739987925,72363958,11371,315432,740303357
2020-02-26,741552963,57267807,8971,243383,741796346
2020-02-27,742568487,31108380,12071,321813,742890300
2020-02-28,743933568,54330308,11071,271350,744204918
2020-03-02,741778571,24278327,7771,197383,741975954
2020-03-03,742706547,33175561,9771,249942,742956489
2020-03-04,733993992,13767397,8771,224625,734218617
2020-03-05,742310363,24822645,11271,293610,742603973
2020-03-06,737229879,14331162,7271,186647,737416526
2020-03-09,743747283,27041168,7071,171260,743918543
2020-03-10,752576314,23073444,6571,163289,752739603
2020-03-11,737877120,26666307,9471,239995,738117115
2020-03-12,738152026,17276567,8971,221404,738373430
2020-03-13,735713494,19719143,8071,201452,735914946
2020-03-16,723162647,19535036,8471,201356,723364003
2020-03-17,726409383,16102580,6871,167652,726577035
2020-03-18,718654990,12212602,6771,164332,718819322
2020-03-19,717476285,15756557,9371,230245,717706530
2020-03-20,713902812,12903269,9671,240324,714143136
2020-03-23,711564079,11889356,9071,214257,711778336
2020-03-24,713505591,12150524,10071,241301,713746892
2020-03-25,710995605,14858983,9371,227434,711223039
2020-03-26,710797784,9602579,7971,191065,710988849
2020-03-27,703189113,12684377,8971,217098,703406211
2020-03-30,699993916,10444796,9471,226357,700220273
2020-03-31,697207633,6324651,9671,235102,697442735
2020-04-01,693725126,6540046,7471,179678,693904804
2020-04-02,695299080,7158652,11071,271461,695570541
2020-04-03,694691379,11426975,6471,156404,694847783
2020-04-07,705275115,38678985,5871,148536,705423651
2020-04-08,707664860,14919284,6871,173287,707838147
2020-04-09,707721944,14654565,6671,167976,707889920
2020-04-10,705250437,10401848,10971,271971,705522408
2020-04-13,704311169,7949637,10971,270216,704581385
2020-04-14,698194873,9064332,10971,278444,698473317
2020-04-15,694120543,11074457,6671,170111,694290654
2020-04-16,673285323,13648948,10971,286014,673571337
2020-04-17,668093994,11248204,11371,294509,668388503
2020-04-20,668744659,8923020,6271,164614,668909273
2020-04-21,666931608,13568202,11571,305359,667236967
2020-04-22,666049307,12025415,6471,171417,666220724
2020-04-23,668893218,14635059,12171,323627,669216845
2020-04-24,661913502,6710183,5871,155171,662068673
2020-04-27,665718889,20672387,8071,209039,665927928
2020-04-28,660757717,14187878,9571,246932,661004649
2020-04-29,660921597,12723912,9571,248655,661170252
2020-04-30,661293728,18268690,7071,189149,661482877
2020-05-06,651212706,19960726,7671,211106,651423812
2020-05-07,646742984,7641390,8171,224294,646967278
2020-05-08,643472936,11428188,8171,226255,643699191
2020-05-11,647238925,13315357,8871,243864,647482789
2020-05-12,652007363,15572568,5571,151141,652158504
2020-05-13,653713163,9216640,7171,194549,653907712
2020-05-14,659909532,22127088,7171,190175,660099707
2020-05-15,656046119,19100597,5871,154994,656201113
2020-05-18,652623346,29637296,7671,209418,652832764
2020-05-19,651111598,16935829,7071,192685,651304283
2020-05-20,657081700,26945714,7071,188866,657270566
2020-05-21,660163398,17820578,7071,183987,660347385
2020-05-22,653476057,9012276,6571,170255,653646312
2020-05-25,655999894,9810001,5571,144679,656144573
2020-05-26,650697457,27759936,6771,185187,650882644
2020-05-27,648233628,26592604,5771,158010,648391638
2020-05-28,638457998,23024066,6771,187286,638645284
2020-05-29,633523155,15689543,3271,91065,633614220
2020-06-01,627938828,31878655,2271,63702,628002530
2020-06-02,613762284,21265014,5871,163625,613925909
2020-06-03,611595413,9692742,5871,161218,611756631
2020-06-04,616308658,13095226,5871,161570,616470228
2020-06-05,615197803,14427771,5871,159926,615357729
2020-06-08,613189553,10276334,1971,53907,613243460
2020-06-09,617899293,15023194,2371,65819,617965112
2020-06-10,616669363,13845184,2371,65819,616735182
2020-06-11,614117739,9828524,6271,172076,614289815
2020-06-12,602554044,19164182,1871,53436,602607480
2020-06-15,607596794,21227174,5771,165916,607762710
2020-06-16,610285315,23919803,6771,193718,610479033
2020-06-17,602620595,20870589,7371,218550,602839145
2020-06-18,599067473,16133291,6971,204250,599271723
2020-06-19,593494463,64797892,114371,3686177,597180640
2020-06-22,653099769,124945686,143371,4853108,657952877
2020-06-23,656611479,67567446,118371,3986735,660598214
2020-06-24,647038652,58367200,123971,4215014,651253666
2020-06-29,647876114,82339759,182171,6632846,654508960
2020-07-01,663675304,82057348,224771,7844508,671519812
2020-07-02,629160552,30315048,231511,8149187,637309739
2020-07-03,628881949,36616046,232511,8184387,637066336
2020-07-06,653137048,90155802,227811,8128296,661265344
2020-07-07,661129826,94882466,226911,8536392,669666218
2020-07-08,653978858,69518643,230211,9417932,663396790
2020-07-09,650311896,116996718,252311,10175702,660487598
2020-07-10,685528893,99149289,251511,9884382,695413275
2020-07-13,661271775,41252089,139811,5718270,666990045
2020-07-14,651598243,46208286,141011,5891439,657489682
2020-07-15,640040909,38480512,140011,5629842,645670751
2020-07-16,636580568,34099515,136011,5316670,641897238
2020-07-17,660037590,61156512,136311,5452440,665490030
2020-07-20,382472721,149269590,136411,6002084,388474805
2020-07-21,358618639,91714903,76111,3271251,361889890
2020-07-22,342589980,46753181,100011,4510496,347100476
2020-07-23,343422502,71466990,110411,5203670,348626172
2020-07-24,373730785,121275027,281621,12926404,386657189
2020-07-27,359374946,31303020,196471,9145725,368520671
2020-07-28,315342013,22031949,219871,10098675,325440688
2020-07-29,326136839,36759393,242671,11235667,337372506
2020-07-30,323388880,53386859,240071,10726372,334115252
2020-07-31,306327889,37842406,240271,10987593,317315482
2020-08-03,328334702,70079288,243918,12269075,340603777
2020-08-04,339325346,41834345,218318,10682300,350007646
2020-08-05,306650422,63289612,225271,12112822,318763244
2020-08-06,326271557,70529253,234412,12852810,339124367
2020-08-07,339034424,85454232,262571,14575316,353609740
2020-08-10,315218369,67200579,245671,12701191,327919560
2020-08-11,295720822,33066083,239971,12641672,308362494
2020-08-12,298412254,33054876,218671,11254996,309667250
2020-08-13,333918823,74093127,283471,15222393,349141216
2020-08-14,338390307,51219630,269771,15037036,353427343
2020-08-17,319691580,34005372,216471,12317200,332008780
2020-08-18,315524881,38328792,163984,9502872,325027753
2020-08-19,325816170,44964330,122571,6678894,332495064
2020-08-20,311353905,25141239,112771,6027610,317381515
2020-08-21,309654252,33537385,115371,5985447,315639699
2020-08-24,311337560,21496493,114571,6185688,317523248
2020-08-25,295041620,30925539,161071,8161468,303203088
2020-08-26,288493004,31434643,161371,7544094,296037098
2020-08-27,295225600,21230821,169771,7962260,303187860
2020-08-28,304592067,30842375,163271,8037831,312629898
2020-08-31,333161545,43503829,171271,8311782,341473327
2020-09-01,318419849,25325328,195771,10191838,328611687
2020-09-02,329700283,33501115,197171,10079382,339779665
2020-09-03,326113621,19774183,220271,11064212,337177833
2020-09-04,308853159,10763987,175371,8654559,317507718
2020-09-07,299230158,11222029,163571,7851408,307081566
2020-09-08,293909925,10127690,195671,9400035,303309960
2020-09-09,286560796,14808249,213498,10013056,296573852
2020-09-10,274458356,6341761,175171,8080638,282538994
2020-09-11,271648956,5913842,205671,9757032,281405988
2020-09-14,274287399,9837216,190671,8959630,283247029
2020-09-15,273838181,5128597,210471,9898451,283736632
2020-09-16,272029016,5465226,132871,6274169,278303185
2020-09-17,270621293,5375579,121271,5756734,276378027
2020-09-18,271772601,16651419,120871,6042341,277814942
2020-09-21,277571258,30205337,132671,7056770,284628028
2020-09-22,283637258,20423442,111271,5734907,289372165
2020-09-23,284817498,8361222,112171,5776807,290594305
2020-09-24,284345658,6510417,111571,5638798,289984456
2020-09-25,285539247,8107765,111571,5636567,291175814
2020-09-28,284791667,6307237,111171,5542986,290334653
2020-09-29,276040970,26591266,110771,5867540,281908510
2020-09-30,268232330,9281477,107871,5708533,273940863
2020-10-09,278860722,22912934,107871,5629787,284490509
2020-10-12,290459186,42305894,100671,5280194,295739380
2020-10-13,293968288,21471482,100971,5368628,299336916
2020-10-14,296055094,21917043,116453,6020620,302075714
2020-10-15,297350447,23124412,118653,5895868,303246315
2020-10-16,281722239,12405091,117053,5550653,287272892
2020-10-19,289571103,20706684,118153,5417315,294988418
2020-10-20,290548070,9729401,118153,5445671,295993741
2020-10-21,278142481,12321988,117653,5201439,283343920
2020-10-22,277416410,5252935,123553,5337489,282753899
2020-10-23,279993771,14855792,121053,5160490,285154261
2020-10-26,271471942,6590958,121653,5407476,276879418
2020-10-27,262196641,7253109,119553,5544868,267741509
2020-10-28,267097575,15293898,144153,6534455,273632030
2020-10-29,264823924,6589133,135753,6160471,270984395
2020-10-30,263829234,17409445,136953,6235470,270064704
2020-11-02,241644558,5096908,137053,6229059,247873617
2020-11-03,240028073,9041089,148553,6906229,246934302
2020-11-04,268752043,47079974,151953,7384916,276136959
2020-11-05,275888456,27685841,151553,7266966,283155422
2020-11-06,277767769,14185152,149723,7026500,284794269
2020-11-09,283156405,21727530,129323,6078181,289234586
2020-11-10,280201655,5052270,130023,6111081,286312736
2020-11-11,278326462,6900231,130253,5978613,284305075
2020-11-12,256416537,5380342,130253,6128404,262544941
2020-11-13,250693579,12582227,128453,6229971,256923550
2020-11-16,251062631,9176830,129453,6407924,257470555
2020-11-17,249181984,7603005,128253,6240791,255422775
2020-11-18,240289303,5602251,128153,6278215,246567518
2020-11-19,259396696,31785200,125553,6340427,265737123
2020-11-20,271959849,39766859,111359,5729421,277689270
2020-11-23,275036529,20605375,111759,5903110,280939639
2020-11-24,281692507,17326254,111309,5887133,287579640
2020-11-25,298876149,34037764,110609,5623362,304499511
2020-11-26,306276842,17729263,99953,5099602,311376444
2020-11-27,294533065,19038436,97953,5107269,299640334
2020-11-30,311908214,38972301,85753,4595503,316503717
2020-12-01,311138669,27604567,98153,5393507,316532176
2020-12-02,312233001,14829312,99353,5389901,317622902
2020-12-03,317470007,22595622,98453,5208164,322678171
2020-12-04,325217518,20361950,113153,5998241,331215759
2020-12-07,332476618,19145594,99053,5214149,337690767
2020-12-08,324192644,12875758,98553,5224295,329416939
2020-12-09,319910673,16357831,94153,4767907,324678580
2020-12-10,317737013,7299674,85053,4380230,322117243
2020-12-11,314025015,13877665,85253,4289078,318314093
2020-12-14,301800098,8405193,84953,4459183,306259281
2020-12-15,296777883,19000450,84153,4497978,301275861
2020-12-16,296539097,6177527,125053,6596546,303135643
2020-12-17,293243072,11951262,144053,7594474,300837546
2020-12-18,295629218,14197792,145253,7669359,303298577
2020-12-21,292114028,29955350,149453,8308092,300422120
2020-12-22,279876874,23833417,150353,8206267,288083141
2020-12-23,302213155,44132302,149653,8425464,310638619
2020-12-24,303298623,46913447,164053,9255870,312554493
2020-12-25,318474164,57635238,167953,9833648,328307812
2020-12-28,323025093,38328616,169053,10136418,333161511
2020-12-29,330182205,37544912,188653,11092797,341275002
2020-12-30,318792448,34537079,194246,12095698,330888146
2021-01-04,324843620,61838640,185853,13214148,338057768
2021-01-05,345438375,77901039,189873,12911364,358349739
2021-01-06,345005424,51171471,161953,11127790,356133214
2021-01-07,354475364,55605336,128853,8956572,363431936
2021-01-08,354603351,57123756,125721,8121577,362724928
2021-01-11,356883444,40357768,108953,6648312,363531756
2021-01-12,346788490,25032371,132353,8444122,355232612
2021-01-13,325393533,15765031,115053,7257544,332651077
2021-01-14,317747193,22104196,139053,8261139,326008332
2021-01-15,324225612,22464467,138453,8213032,332438644
2021-01-18,325043393,20019690,145505,8951468,333994861
2021-01-19,326313744,9437936,149220,8911418,335225162
2021-01-20,329670439,11185199,148705,8895533,338565972
2021-01-21,344953951,35356195,139505,8544682,353498633
2021-01-22,341876104,39205420,131329,8285547,350161651
2021-01-25,335087765,40521613,132929,8467577,343555342
2021-01-26,321039225,27387956,165829,9506976,330546201
2021-01-27,310620912,14873089,133229,7801890,318422802
2021-01-28,308937706,9738257,142129,8062978,317000684
2021-01-29,290880354,21584010,157427,8606535,299486889
2021-02-01,285844926,7096260,108427,6006855,291851781
2021-02-02,295251877,34390355,123175,7370792,302622669
2021-02-03,290830968,9888445,135775,7941480,298772448
2021-02-04,294033100,17337386,150234,8545309,302578409
2021-02-05,285550231,11131305,146575,8162762,293712993
2021-02-08,286094088,7186950,147875,8034048,294128136
2021-02-09,289383745,13438985,149477,8787753,298171498
2021-02-10,299260498,28449318,140477,7993141,307253639
2021-02-18,322180880,34958986,140877,7704563,329885443
2021-02-19,315112943,14764824,134977,7381892,322494835
2021-02-22,313307007,23983178,135177,7054887,320361894
2021-02-23,318150049,21720609,146377,7755054,325905103
2021-02-24,292740557,7158311,145377,7652645,300393202
2021-02-25,278313180,10983932,142717,7856571,286169751
2021-02-26,277795332,11547133,131432,7186702,284982034
2021-03-01,284901490,19813086,132753,7359826,292261316
2021-03-02,283907634,11700659,129353,7084664,290992298
2021-03-03,282894417,12287615,126153,7039338,289933755
2021-03-04,288469469,12749066,136653,7436656,295906125
2021-03-05,287150068,9290086,127253,6722776,293872844
2021-03-08,276386085,17570968,136949,6511925,282898010
2021-03-09,272916015,13861680,138353,6135956,279051971
2021-03-10,265063724,3254711,137153,6160912,271224636
2021-03-11,263618021,6244768,141053,6527933,270145954
2021-03-12,259863117,4379204,153453,6975974,266839091
2021-03-15,259053160,7966816,159553,7216582,266269742
2021-03-16,256154859,4776445,160145,7126453,263281312
2021-03-17,244544276,2455165,151915,6810349,251354625
2021-03-18,243588961,3133095,156115,7048592,250637553
2021-03-19,243501815,8120250,157853,7127063,250628878
2021-03-22,241392757,5202181,149853,6968165,248360922
2021-03-23,245261155,7800476,148153,6794297,252055452
2021-03-24,246566712,5845070,153153,6845939,253412651
2021-03-25,239774461,3675280,152530,7008753,246783214
2021-03-26,236233534,5507369,141438,6687189,242920723
2021-03-29,234957770,5770559,142638,7034907,241992677
2021-03-30,233031748,6169154,159461,7899697,240931445
2021-03-31,251822330,22568709,161461,7598354,259420684
2021-04-01,254655750,5568549,165861,7833615,262489365
2021-04-02,255153689,6273742,150766,7214153,262367842
2021-04-06,239787151,3792873,151936,7376493,247163644
2021-04-07,242210229,6673866,156228,7428642,249638871
2021-04-08,244912729,5020328,158528,7457157,252369886
2021-04-09,237019956,10597843,158723,7850440,244870396
2021-04-12,239505490,15857727,157723,7278917,246784407
2021-04-13,241664959,12158852,162523,7472808,249137767
2021-04-14,244955031,7902815,161423,7354432,252309463
2021-04-15,245156940,4790936,156723,7074476,252231416
2021-04-16,245729299,4258182,173523,7763420,253492719
2021-04-19,253004205,13540504,151887,6854660,259858865
2021-04-20,249841826,7465734,145887,6458417,256300243
2021-04-21,256183420,15158239,153023,6599882,262783302
2021-04-22,259851581,10924385,164623,7039279,266890860
2021-04-23,260659876,12863650,165923,7051728,267711604
2021-04-26,259978420,9289354,165923,7136349,267114769
2021-04-27,262313613,10543066,140187,6000004,268313617
2021-04-28,261821448,8301615,149087,6506156,268327604
2021-04-29,256852252,7077119,150287,6699795,263552047
2021-04-30,256865314,8566083,150287,6645691,263511005
2021-05-06,257447243,16827371,148039,6718010,264165253
2021-05-07,258000661,5050087,127539,5597686,263598347
2021-05-10,255701011,5170744,136039,5942184,261643195
2021-05-11,269676186,19704929,128939,5791939,275468125
2021-05-12,285204859,19404718,136839,6072915,291277774
2021-05-13,285775797,4413470,135739,5992877,291768674
2021-05-14,301053627,34015005,144740,6820149,307873776
2021-05-17,301772352,14951200,145823,6817226,308589578
2021-05-18,302418758,18439771,131423,6334588,308753346
2021-05-19,294646054,13404109,94423,4466208,299112262
2021-05-20,301410705,14557148,133823,6233476,307644181
2021-05-21,303654088,8325153,132323,5984969,309639057
2021-05-24,300762784,7704457,125123,5825727,306588511
2021-05-25,284156903,9297040,96923,4760858,288917761
2021-05-26,280915051,8178538,99923,4940193,285855244
2021-05-27,285549854,14286901,108523,5380571,290930425
2021-05-28,285994215,7117605,102253,5080952,291075167
2021-05-31,276669935,15762926,102253,5434747,282104682
2021-06-01,278354242,20566652,102253,5271142,283625384
2021-06-02,281380623,10436674,101153,5129468,286510091
2021-06-03,278058132,12271850,104653,5190789,283248921
2021-06-04,265458135,6803032,119953,6020441,271478576
2021-06-07,262621128,6541833,146153,7481572,270102700
2021-06-08,259119104,13052779,146853,7555587,266674691
2021-06-09,278523697,31342251,157012,8222718,286746415
2021-06-10,282254249,21372761,158900,8389921,290644170
2021-06-11,315002765,40928686,164600,8277735,323280500
2021-06-15,295186214,5857079,157600,7753919,302940133
2021-06-16,291893105,12532505,146500,7048115,298941220
2021-06-17,262988333,6269370,124300,5978830,268967163
2021-06-18,257614578,7265953,123900,6195000,263809578
2021-06-21,258017473,11579742,123020,6383508,264400981
2021-06-22,267073376,19735203,125341,6555334,273628710
2021-06-23,288689248,29259786,156541,8202748,296891996
2021-06-24,290245484,16188628,146041,7503587,297749071
2021-06-25,301412070,19372983,147753,7609280,309021350
2021-06-28,299950723,6090873,148553,7634139,307584862
2021-06-29,296394755,10448863,139153,6871375,303266130
2021-07-01,267013904,6860079,132053,6440225,273454129
2021-07-02,250047232,11373277,189153,8873168,258920400
2021-07-05,261944034,16429118,200553,9309670,271253704
2021-07-06,253268360,6948607,191553,9098768,262367128
2021-07-07,250233759,8838725,189553,9515560,259749319
2021-07-08,223360974,6727846,191553,10577557,233938531
2021-07-09,217856494,24344492,190453,11067224,228923718
2021-07-12,210168677,17502241,192553,11462680,221631357
2021-07-13,224663628,31692780,192453,10873595,235537223
2021-07-14,216707442,21658267,187353,10349380,227056822
2021-07-15,231597594,32888406,170653,9245980,240843574
2021-07-16,251421410,34893761,145453,8015915,259437325
2021-07-19,251068134,18709732,149753,8279844,259347978
2021-07-20,253499816,15454583,149253,8122348,261622164
2021-07-21,262038471,21218424,129353,7217898,269256369
2021-07-22,272454487,25389376,132688,7536679,279991166
2021-07-23,274200121,28494475,134696,7631876,281831997
2021-07-26,270153623,52999920,135046,8114914,278268537
2021-07-27,233620574,26574919,157671,9425572,243046146
2021-07-28,228803299,26896954,162871,9461176,238264475
2021-07-29,216396449,8798105,131471,8052599,224449048
2021-07-30,217270178,27238566,135571,8486745,225756923
2021-08-02,212525690,21784534,134571,8650224,221175914
2021-08-03,213187779,19585428,130771,7986185,221173964
2021-08-04,212472551,17382026,124871,7835655,220308206
2021-08-05,210515885,25841031,109808,6921198,217437083
2021-08-06,213497979,21142356,125271,8001059,221499038
2021-08-09,222764169,29629807,127104,8285909,231050078
2021-08-10,245346937,65695942,127304,8599385,253946322
2021-08-11,271005230,42345615,122671,8151488,279156718
2021-08-12,295307433,39426857,137971,8968115,304275548
2021-08-13,282471074,23177566,126971,8082974,290554048
2021-08-16,291182647,22032893,129471,8081580,299264227
2021-08-17,293317682,17568017,148171,9139187,302456869
2021-08-18,287102074,31152960,149971,9850095,296952169
2021-08-19,267378164,21034550,169971,11515535,278893699
2021-08-20,272481980,27128272,175771,11553428,284035408
2021-08-23,258755097,24226685,175571,12128445,270883542
2021-08-24,263927444,31423302,205957,14250164,278177608
2021-08-25,269055673,18269994,207271,13903739,282959412
2021-08-26,280139711,46674929,223175,15097789,295237500
2021-08-27,282774730,15983454,214037,14143565,296918295
2021-08-30,272740661,25767701,222571,15199374,287940035
2021-08-31,269502376,12607547,214370,14506418,284008794
2021-09-01,310455467,60635024,199033,12525147,322980614
2021-09-02,303811863,6834138,192248,12057794,315869657
2021-09-03,302734962,22403084,119348,7392415,310127377
2021-09-06,297611117,7640039,134148,8531813,306142930
2021-09-07,267581885,5876772,137448,9224135,276806020
2021-09-08,298393487,35568867,123048,7882455,306275942
2021-09-09,283361980,14383129,124243,7936643,291298623
2021-09-10,280502740,10284669,145943,9325758,289828498
2021-09-13,291494705,14972698,150243,9381173,300875878
2021-09-14,286447523,7700265,153543,9673209,296120732
2021-09-15,286798094,9094572,146366,9399625,296197719
2021-09-16,284576600,9763566,125464,8067335,292643935
2021-09-17,275748460,10062672,189330,12306450,288054910
2021-09-22,277581696,8829087,206170,13401050,290982746
2021-09-23,282078895,15361695,203170,13275128,295354023
2021-09-24,272958978,15355240,223770,15066434,288025412
2021-09-27,283378282,23507641,203870,12931475,296309757
2021-09-28,279153773,6290119,255870,16585493,295739266
2021-09-29,283045397,14307595,272910,16505597,299550994
2021-09-30,274087652,5015596,234741,14506994,288594646
2021-10-08,273913381,9751806,232341,14051984,287965365
2021-10-11,272932225,4838728,250141,15408686,288340911
2021-10-12,275665165,7897005,283537,17182343,292847508
2021-10-13,274843645,14928794,272537,16910921,291754566
2021-10-14,276059767,9273274,249040,15243738,291303505
2021-10-15,281218288,12123394,237040,14649072,295867360
2021-10-18,276149218,5120479,253540,16216418,292365636
2021-10-19,284041529,21356576,251540,16501024,300542553
2021-10-20,290859837,33845136,262240,17609416,308469253
2021-10-21,321578399,42087060,260640,16941600,338519999
2021-10-22,325312039,9666179,244540,15821738,341133777
2021-10-25,330540668,25954066,256940,17071093,347611761
2021-10-26,317757045,8621675,261040,17374823,335131868
2021-10-27,319049342,10267541,288340,19474483,338523825
2021-10-28,310341477,6810994,291340,19694584,330036061
2021-10-29,333059536,47680103,312739,22295164,355354700
2021-11-01,341413575,43931276,328371,24348710,365762285
2021-11-02,364149140,46800520,329820,24406680,388555820
2021-11-03,357482631,46412270,322659,23928391,381411022
2021-11-04,369667101,27578838,298059,22354425,392021526
2021-11-05,370998605,22246922,288224,21270931,392269536
2021-11-08,376865024,23528127,301324,22991021,399856045
2021-11-09,370662391,39458158,312724,24858431,395520822
2021-11-10,396522033,48195768,317870,24911472,421433505
2021-11-11,416180925,57765878,320870,25412904,441593829
2021-11-12,443783746,49341657,353470,28461404,472245150
2021-11-15,439284586,34990323,352200,28975494,468260080
2021-11-16,488734494,104754856,359500,27023615,515758109
2021-11-17,483205401,29633211,333000,25214760,508420161
2021-11-18,484253597,53858225,283036,22368335,506621932
2021-11-19,481233363,21626796,291500,22681615,503914978
2021-11-22,448739883,13170313,281100,23457795,472197678
2021-11-23,465673156,35485855,295400,23475438,489148594
2021-11-24,453172042,27046266,321800,24801126,477973168
2021-11-25,466262604,44554022,300400,23413176,489675780
2021-11-26,463722319,12937145,327360,25468608,489190927
2021-11-29,427991344,10926071,311960,25259401,453250745
2021-11-30,442173235,40768043,267584,21920481,464093716
2021-12-01,423860589,16734987,280384,22343801,446204390
2021-12-02,432569338,21504443,310960,24357497,456926835
2021-12-03,434106556,24041218,314360,24560947,458667503
2021-12-06,434392934,36132438,314960,24941682,459334616
2021-12-07,421979793,19612596,318360,24297235,446277028
2021-12-08,412387389,16400367,303060,23778088,436165477
2021-12-09,389210606,39240081,274300,20610902,409821508
2021-12-10,377861472,21270608,267500,19835125,397696597
2021-12-13,374357677,26112955,268386,19686113,394043790
2021-12-14,342477255,17819484,236100,17778330,360255585
2021-12-15,314296844,4520398,238700,18172231,332469075
2021-12-16,301034016,4754946,242388,18911112,319945128
2021-12-17,295156630,9788352,220886,16687937,311844567
2021-12-20,277748721,6918286,238251,17987952,295736673
2021-12-21,274987916,9114764,259051,19889936,294877852
2021-12-22,278978922,9139550,255851,19726112,298705034
2021-12-23,271560184,7555268,258451,20117826,291678010
2021-12-24,269520826,10868419,260851,20531582,290052408
2021-12-27,269822028,11612319,260151,20471282,290293310
2021-12-28,269283830,16307683,265151,21238595,290522425
2021-12-29,261040757,7942970,280156,22586177,283626934
2021-12-30,267791662,48080050,273530,23118757,290910419
2021-12-31,299375444,46937835,272630,22887288,322262732
2022-01-04,303282239,31513815,267100,22062461,325344700
2022-01-05,259525911,44636992,312251,23231474,282757385
2022-01-06,268393299,15402691,299401,21913159,290306458
2022-01-07,275138763,20499306,294201,20782358,295921121
2022-01-10,269190604,15253882,281701,20203596,289394200
2022-01-11,274860879,15538935,304550,20922586,295783465
2022-01-12,264833263,17611160,302150,21691348,286524611
2022-01-13,275876290,21735599,295050,20385004,296261294
2022-01-14,254184815,9324279,311102,21966912,276151727
2022-01-17,248960060,8537385,297202,21567949,270528009
2022-01-18,287730998,45998881,308302,22715691,310446689
2022-01-19,349253412,70922580,288102,20167140,369420552
2022-01-20,350869399,20819954,307702,20886811,371756210
2022-01-21,345407493,8269030,301928,19927248,365334741
2022-01-24,355392917,16996863,288128,19471690,374864607
2022-01-25,356815599,19835396,272328,18216019,375031618
2022-01-26,358444344,7389762,265121,17588127,376032471
2022-01-27,356600774,3047669,262121,17195138,373795912
2022-01-28,344350557,2594688,233223,15213136,359563693
2022-02-07,348439117,8057009,242223,15865607,364304724
2022-02-08,347051769,8996088,268523,16825651,363877420
2022-02-09,351687619,9844856,291723,18571086,370258705
2022-02-10,347926413,11953184,281123,17724806,365651219
2022-02-11,341282608,5509293,301223,18672813,359955421
2022-02-14,345347367,9953174,300101,18297158,363644525
2022-02-15,328048455,2353458,296013,18971473,347019928
2022-02-16,336884007,13963564,299013,18553758,355437765
2022-02-17,332172777,4854115,303813,19334659,351507436
2022-02-18,331519425,3075834,283413,18098754,349618179
2022-02-21,336646441,8121348,252013,16106151,352752592
2022-02-22,280924306,5896990,310384,19523154,300447460
2022-02-23,309331260,46590337,222123,14711206,324042466
2022-02-24,330714013,42322019,200323,13301447,344015460
2022-02-25,319813974,5035129,204360,13947570,333761544
2022-02-28,299633745,6069487,397827,27442107,327075852
2022-03-01,301310403,9427966,389527,27052650,328363053
2022-03-02,311599576,16710839,319623,21638477,333238053
2022-03-03,302856937,11009848,345738,23904325,326761262
2022-03-04,309521908,17909854,364423,24562110,334084018
2022-03-07,306172290,3679944,280323,19061964,325234254
2022-03-08,303106534,9677037,288123,19151535,322258069
2022-03-09,288283024,7930099,310523,21075196,309358220
2022-03-10,276125830,4507202,310814,21113595,297239425
2022-03-11,276355262,10564444,334514,22308739,298664001
2022-03-14,279041706,14232450,317804,20247292,299288998
2022-03-15,252585011,4696893,201206,12694086,265279097
2022-03-16,247301719,9789500,227604,14589416,261891135
2022-03-17,264179096,26320592,238404,15257856,279436952
2022-03-18,270150558,21892463,229804,14523613,284674171
2022-03-21,275667292,18332593,321104,20216708,295884000
2022-03-22,274067893,3462013,236004,14750251,288818144
2022-03-23,277562820,14299530,234804,15323309,292886129
2022-03-24,279547516,8229824,245404,15612602,295160118
2022-03-25,272010934,4636091,252674,15991738,288002672
2022-03-28,272230280,4551842,257174,15947360,288177640
2022-03-29,268387675,5282394,253822,16358828,284746503
2022-03-30,268199313,11206751,296119,18862781,287062094
2022-03-31,269865885,5946016,289319,17801798,287667683
2022-04-01,273357204,6497236,271562,16418639,289775843
2022-04-06,268927991,1885352,232562,14076978,283004969
2022-04-07,265316013,3841536,211762,12616780,277932793
2022-04-08,271321024,10610839,222257,12786446,284107470
2022-04-11,272765156,7399241,225057,12243100,285008256
2022-04-12,259020687,5486555,216808,12579200,271599887
2022-04-13,253509156,2973811,214308,12266990,265776146
2022-04-14,254159965,6685728,288308,16638254,270798219
2022-04-15,252007909,4021909,290008,17203275,269211184
2022-04-18,254015738,14039510,280808,17264076,271279814
2022-04-19,254402783,9860500,287608,17641875,272044658
2022-04-20,252216596,2418040,316808,19223909,271440505
2022-04-21,253302880,4376211,313723,18663381,271966261
2022-04-22,256069760,7353755,320323,19142503,275212263
2022-04-25,253691961,4949079,304275,16799023,270490984
2022-04-26,248192688,9476696,267323,13900796,262093484
2022-04-27,251957656,20457312,257375,14644638,266602294
2022-04-28,248611990,3499839,268156,15241987,263853977
2022-04-29,251826614,10199961,276555,16283558,268110172
2022-05-05,275008113,45785959,293711,19023661,294031774
2022-05-06,269716492,17496302,292830,18726478,288442970
2022-05-09,267621393,8581527,309230,20062842,287684235
2022-05-10,271557081,15921542,291270,18944201,290501282
2022-05-11,272570278,10780847,294870,19157704,291727982
2022-05-12,274484729,8631639,293670,19073866,293558595
2022-05-13,271526018,12559678,294570,18884883,290410901
2022-05-16,268500136,5710011,280070,17893672,286393808
2022-05-17,268616796,7358768,285070,18458282,287075078
2022-05-18,260345918,5857167,238470,15741405,276087323
2022-05-19,260158888,7356770,246170,16237373,276396261
2022-05-20,257421870,6824606,289370,19098420,276520290
2022-05-23,257868494,5660091,285870,18624431,276492925
2022-05-24,258103757,7631859,285140,17949563,276053320
2022-05-25,260815929,10333030,272740,16708052,277523981
2022-05-26,260074000,26658510,242140,15811742,275885742
2022-05-27,261696897,18035539,196940,13047275,274744172
2022-05-30,265398150,10392425,233540,15593466,280991616
2022-05-31,266417903,11543892,228074,15132710,281550613
2022-06-01,277250274,31018313,212840,14866874,292117148
2022-06-02,279199606,17979839,221674,15583682,294783288
2022-06-06,274494705,22213363,227230,16301480,290796185
2022-06-07,273517331,17596751,278552,20273015,293790346
2022-06-08,277568534,18732610,304127,21593017,299161551
2022-06-09,294900822,28292297,289127,19657744,314558566
2022-06-10,280612390,5997650,311827,22149072,302761462
2022-06-13,287952385,17102175,282952,19701948,307654333
2022-06-14,288850320,9315297,288552,19506116,308356436
2022-06-15,286026797,5063776,265092,18182660,304209457
2022-06-16,310605507,35025979,274091,19205557,329811064
2022-06-17,320666403,23921367,240068,17013619,337680022
2022-06-20,325911695,8632739,252391,17753183,343664878
2022-06-21,325649989,5869078,252192,17383594,343033583
2022-06-22,324764061,4975621,254542,17461582,342225643
2022-06-23,315985509,5260294,264842,19174560,335160069
2022-06-24,317583627,14467575,281442,20094958,337678585
2022-06-27,328784170,19056462,265342,19104624,347888794
2022-06-28,327393108,13181691,257942,18819448,346212556
2022-06-29,331411860,16069366,261542,18485788,349897648
2022-06-30,335503539,13125552,279242,19496676,355000215
2022-07-01,334909379,13356118,262242,17926863,352836242
2022-07-04,327315131,12947418,239242,17170399,344485530
2022-07-05,342379317,27213098,242042,17395558,359774875
2022-07-06,395098037,61095074,249789,17410294,412508331
2022-07-07,417097463,45540051,235089,16989882,434087345
2022-07-08,424831134,18022762,251289,17504792,442335926
2022-07-11,448111487,30746034,226389,15915147,464026634
2022-07-12,473482254,41446093,252389,17682374,491164628
2022-07-13,483047621,19474548,268189,17762157,500809778
2022-07-14,464499930,8163014,274495,18325286,482825216
2022-07-15,445817186,5512292,276395,18490826,464308012
2022-07-18,478629371,47466403,276189,18477045,497106416
2022-07-19,474294089,7734564,276695,18535798,492829887
2022-07-20,470005349,4578187,296389,20406383,490411732
2022-07-21,469143680,4556373,298789,20550708,489694388
2022-07-22,477420276,19611129,302721,20433669,497853945
2022-07-25,475948871,8733791,280889,18830799,494779670
2022-07-26,456578056,19002435,279678,19700518,476278574
2022-07-27,446668379,3431652,266340,19043311,465711690
2022-07-28,440603959,10469252,313378,22914200,463518159
2022-07-29,436742188,13558495,253673,17861115,454603303
2022-08-01,447270604,16769995,270414,19188577,466459181
2022-08-02,428136319,9215258,311648,21918203,450054522
2022-08-03,433091065,33085623,323948,23677359,456768424
2022-08-04,378994299,7424281,360248,26121582,405115881
2022-08-05,364662148,10655594,362248,26527421,391189569
2022-08-08,353239397,19086258,387338,29042604,382282001
2022-08-09,323935393,18244172,394048,31448971,355384364
2022-08-10,376388113,71828311,393948,32071307,408459420
2022-08-11,387829734,41169469,377348,29814266,417644000
2022-08-12,392160654,16893384,401648,30649759,422810413
2022-08-15,368692482,7838671,422848,32170276,400862758
2022-08-16,361731243,7285878,452314,34778423,396509666
2022-08-17,356208131,9287686,451414,34149469,390357600
2022-08-18,346371192,5623423,461114,36059115,382430307
2022-08-19,336018781,8522966,459714,36276032,372294813
2022-08-22,319920795,5351660,441164,35734284,355655079
2022-08-23,318040886,9508821,507464,40850853,358891739
2022-08-24,320585698,11643139,512964,39241747,359827445
2022-08-25,316006510,8881146,530064,41318489,357324999
2022-08-26,317406512,10244160,571437,42943491,360350003
2022-08-29,317834588,7724375,590037,43603734,361438322
2022-08-30,319157301,9445218,606237,44946411,364103712
2022-08-31,308234883,16924107,702137,51586005,359820888
2022-09-01,303830046,2671487,697637,51032147,354862193
2022-09-02,291684061,3878961,635551,46681221,338365282
2022-09-05,290496416,6504318,700816,50830185,341326601
2022-09-06,284622608,12001976,632839,47829971,332452579
2022-09-07,279087536,5286891,614439,46273401,325360937
2022-09-08,281208880,7066850,643144,48557374,329766254
2022-09-09,278839316,5188830,643261,47768562,326607878
2022-09-13,278041909,3977055,646861,48081178,326123087
2022-09-14,269559620,6655615,564761,44017472,313577092
2022-09-15,273658982,13533541,631813,47758745,321417727
2022-09-16,268559835,7435214,651013,50160552,318720387
2022-09-19,257094636,7059405,686425,52003559,309098195
2022-09-20,253647950,5548664,675256,50083737,303731687
2022-09-21,251720090,3347001,677656,50173650,301893740
2022-09-22,247232068,5835060,670444,49673195,296905263
2022-09-23,232309332,15255644,670349,49364500,281673832
2022-09-26,233507896,6910175,635949,45762890,279270786
2022-09-27,225815890,3339640,614148,46214638,272030528
2022-09-28,226303789,6633799,593329,43615614,269919403
2022-09-29,213005280,2291640,520829,38650720,251656000
2022-09-30,210196516,3627689,569129,40977288,251173804
2022-10-10,208530810,7396697,539829,37534310,246065120
2022-10-11,209410779,5655261,538529,37767039,247177818
2022-10-12,205624812,3571245,527729,38619209,244244021
2022-10-13,204675589,3805297,450229,33285430,237961019
2022-10-14,203393734,5563827,433929,33156515,236550249
2022-10-17,209638769,13217126,440556,33949246,243588015
2022-10-18,213331519,8130647,485956,37219370,250550889
2022-10-19,207365586,14453810,456356,35837636,243203222
2022-10-20,221647511,23772014,499942,38545529,260193040
2022-10-21,219549655,5695794,507256,39200745,258750400
2022-10-24,234507130,45364641,448426,36241789,270748919
2022-10-25,260889344,40380909,451826,35802692,296692036
2022-10-26,274209765,28277410,415126,32724383,306934148
2022-10-27,274525367,7309018,429426,33581113,308106480
2022-10-28,270427034,12320914,457243,36318813,306745847
2022-10-31,270388173,15113961,443503,35648772,306036945
2022-11-01,276363191,11484253,434503,34004204,310367395
2022-11-02,269650065,5174997,417303,32420270,302070335
2022-11-03,265604727,8216694,391344,31150982,296755709
2022-11-04,279274947,21970734,411144,31575859,310850806
2022-11-07,409962660,162798133,383145,29674580,439637240
2022-11-08,382768923,16226127,441545,32877441,415646364
2022-11-09,384873224,14525339,469303,34681492,419554716
2022-11-10,371581785,4886677,475139,35583159,407164944
2022-11-11,360661553,14159767,468475,36156900,396818453
2022-11-14,310225622,8215247,478475,36426302,346651924
2022-11-15,237842012,21117086,412675,30764922,268606934
2022-11-16,240374524,12153792,418846,31078373,271452897
2022-11-17,234791638,9138610,457009,33315957,268107595
2022-11-18,226388091,2807720,443131,33013260,259401351
2022-11-21,223087026,3742480,401603,29650350,252737376
2022-11-22,224255038,13355717,440963,31528855,255783893
2022-11-23,226717019,11226958,446656,31127457,257844476
2022-11-24,228142441,6545513,416346,29190019,257332460
2022-11-25,222593713,4863983,412446,28293795,250887508
2022-11-28,211187544,3791571,421948,29549019,240736563
2022-11-29,213081890,14526849,377001,25820799,238902689
2022-11-30,208560800,5437195,381751,26134673,234695473
2022-12-01,211279445,9001223,397251,27291144,238570589
2022-12-02,208051260,7642121,343724,23586341,231637601
2022-12-05,208156456,15833896,317824,21370486,229526942
2022-12-06,214744672,22003109,327224,22139976,236884648
2022-12-07,209731498,5815941,337094,22612266,232343764
2022-12-08,202619787,2781895,352294,23494487,226114274
2022-12-09,200458874,5558142,326924,22132755,222591629
2022-12-12,201847731,13429895,329924,22213783,224061514
2022-12-13,200685534,3345907,385424,25746323,226431857
2022-12-14,207689980,12121806,389824,25358051,233048031
2022-12-15,204949827,2877413,372224,24399283,229349110
2022-12-16,202888824,4651482,406500,26333070,229221894
2022-12-19,202211717,4669522,407194,26137783,228349500
2022-12-20,196387346,4797192,468094,30454196,226841542
2022-12-21,205421744,12946155,473100,30018195,235439939
2022-12-22,202488392,4052648,418852,26094480,228582872
2022-12-23,201257168,4341176,422552,25986948,227244116
2022-12-26,194695978,3148552,434017,28128642,222824620
2022-12-27,187434147,2068996,415678,27605176,215039323
2022-12-28,189905585,6368471,498915,32579150,222484735
2022-12-29,188460074,3746677,442329,29304297,217764371
2022-12-30,187026564,5556036,394805,26155832,213182396
2023-01-03,195794929,12747435,417660,27269021,223063950
2023-01-04,193257563,5848241,401846,26043640,219301203
2023-01-05,185805221,4186835,418380,27487567,213292788
2023-01-06,197941009,19175521,444670,28405519,226346528
2023-01-09,206658555,17586781,438070,26893117,233551672
2023-01-10,214444150,20422689,437679,26422681,240866831
2023-01-11,214425829,7475413,466759,27949528,242375357
2023-01-12,212737289,6556015,489614,29572686,242309975
2023-01-13,214614919,6786698,483459,28664284,243279203
2023-01-16,197250012,9243710,453609,28486645,225736657
2023-01-17,193054801,6277756,443307,28061334,221116135
2023-01-18,193927194,6633527,450592,28265636,222192830
2023-01-19,184078774,2242447,408992,26649919,210728693
2023-01-20,182526782,5226898,409239,26498225,209025007
2023-01-30,183969874,8840692,392139,25547856,209517730
2023-01-31,181410501,3894149,411939,27225048,208635549
2023-02-01,186108994,11706315,435939,28689146,214798140
2023-02-02,185882845,6021233,431025,28124381,214007226
2023-02-03,178815239,3312417,429539,28723273,207538512
2023-02-06,177678181,4788447,429447,28824483,206502664
2023-02-07,177981659,3662256,438339,29395013,207376672
2023-02-08,183379831,8831588,414729,26874440,210254271
2023-02-09,182199589,5546448,425339,27872465,210072054
2023-02-10,185190157,5649745,415439,26787507,211977664
2023-02-13,190548448,15189449,391549,25019981,215568429
2023-02-14,191423248,10202954,388349,24194143,215617391
2023-02-15,194317510,6309688,427749,26327951,220645461
2023-02-16,192023820,9049176,402949,24978809,217002629
2023-02-17,201770306,13570544,441549,27146433,228916739
2023-02-20,198936901,5386979,432549,26882921,225819822
2023-02-21,197319363,4291971,426112,26951585,224270948
2023-02-22,197078268,4699425,421812,26531975,223610243
2023-02-23,194300430,2243678,425812,26949642,221250072
2023-02-24,189961071,6016050,422912,27138263,217099334
2023-02-27,185473534,3872149,409912,26705767,212179301
2023-02-28,188741335,5244735,417312,26833162,215574497
2023-03-01,189073708,4251700,392112,25302987,214376695
2023-03-02,191037933,6597692,391712,25026480,216064413
2023-03-03,191517785,7362563,394498,25713379,217231164
2023-03-06,182382920,8578824,373998,25199986,207582906
2023-03-07,183879602,5443996,352198,23315507,207195109
2023-03-08,184537281,6141672,323298,21696528,206233809
2023-03-09,189652162,8109641,317898,20634759,210286921
2023-03-10,188673211,3777141,320498,20742631,209415842
2023-03-13,187997839,4126399,281188,17939795,205937634
2023-03-14,188515071,4743811,222688,14069427,202584498
2023-03-15,194988236,18283291,221888,13535168,208523404
2023-03-16,195040133,6773064,219402,13126822,208166955
2023-03-17,204876974,15187844,226402,13294326,218171300
2023-03-20,207982632,9340738,224002,13081717,221064349
2023-03-21,212852814,11092723,225302,13067516,225920330
2023-03-22,211658370,5181211,220002,12870118,224528488
2023-03-23,231670272,28192512,238838,13539726,245209998
2023-03-24,217824914,7254831,228310,13130108,230955022
2023-03-27,225185939,16528152,267510,14983235,240169174
2023-03-28,233003336,12051282,289110,16028258,249031594
2023-03-29,231537500,7210097,268010,14579744,246117244
2023-03-30,213772893,9443302,258047,14822219,228595112
2023-03-31,215240666,8700523,244410,14051131,229291797
2023-04-03,204087876,9381953,259471,15594209,219682085
2023-04-04,202136089,5147699,276071,16837570,218973659
2023-04-06,200628797,6067907,278471,17047995,217676792
2023-04-07,193640363,2553519,272363,16654998,210295361
2023-04-10,192663000,5498281,284363,17641880,210304880
2023-04-11,188207163,2362566,280263,17177320,205384483
2023-04-12,182530099,2727981,264163,15907896,198437995
2023-04-13,179734103,3117120,273063,16749685,196483788
2023-04-14,185372095,10789900,264763,16619173,201991268
2023-04-17,188676444,6481776,265536,16295944,204972388
2023-04-18,190371700,3689201,262836,15980428,206352128
2023-04-19,183579410,4554280,281536,17548139,201127549
2023-04-20,185281316,5513438,259514,15830354,201111670
2023-04-21,184964915,7402466,287570,17794832,202759747
2023-04-24,199019459,16073744,273133,16573710,215593169
2023-04-25,195533370,7507653,274603,16780989,212314359
2023-04-26,206777038,21174437,278503,17470493,224247531
2023-04-27,238781934,66975400,316441,21093957,259875891
2023-04-28,253048384,22835557,341241,22184078,275232462
2023-05-04,259196250,11359085,347741,22519706,281715956
2023-05-05,264268289,11267653,338141,22131329,286399618
2023-05-08,278946254,19581301,353690,23371835,302318089
2023-05-09,273143951,4817789,348790,22650423,295794374
2023-05-10,279280663,14590008,354825,22868472,302149135
2023-05-11,271736995,12581982,353125,22765968,294502963
2023-05-12,248406894,2283599,345464,21916236,270323130
2023-05-15,252973596,16366251,349462,22711535,275685131
2023-05-16,250864211,9312843,345462,22513759,273377970
2023-05-17,244070472,3517164,323233,21129741,265200213
2023-05-18,240251570,2702772,318133,20917245,261168815
2023-05-19,220080796,2685058,279411,18287450,238368246
2023-05-22,207928344,2890361,268011,17409994,225338338
2023-05-23,201554246,5739023,270047,17077772,218632018
2023-05-24,191365343,1853065,267127,16978592,208343935
2023-05-25,182506513,1152893,288891,18705692,201212205
2023-05-26,182265132,2507969,284291,18214524,200479656
2023-05-29,179463727,2946660,286691,18460033,197923760
2023-05-30,170529505,6042880,280091,17827793,188357298
2023-05-31,169820790,1735089,259319,16474536,186295326
2023-06-01,171644082,4222841,263719,16424419,188068501
2023-06-02,171642802,11877040,242319,14279859,185922661
2023-06-05,169718795,2182513,234339,13654933,183373728
2023-06-06,170041709,2370766,222101,12810786,182852495
2023-06-07,171474176,4839273,202301,11405730,182879906
2023-06-08,172788534,4165770,196101,10960085,183748619
2023-06-09,171646613,2719616,219801,12409964,184056577
2023-06-12,174482805,6237655,225701,12643770,187126575
2023-06-13,172547600,1782914,212301,11933439,184481039
2023-06-14,196719969,28737601,222501,12571307,209291276
2023-06-15,171483023,9817431,227501,13402084,184885107
2023-06-16,175609356,9112618,239001,13900298,189509654
2023-06-19,176658183,4409718,254001,14909859,191568042
2023-06-20,189707738,31232367,290501,17749611,207457349
2023-06-21,189615565,10405373,262737,16145189,205760754
2023-06-26,189901714,6511086,233135,13946136,203847850
2023-06-27,190498462,5255213,232535,13921870,204420332
2023-06-28,187306606,6833095,252725,15365681,202672287
2023-06-29,172723994,3915838,266751,16797311,189521305
2023-06-30,169825174,6658095,281298,17946813,187771987
2023-07-03,169894311,5774180,283624,18012960,187907271
2023-07-04,162646121,2786757,281108,18131467,180777588
2023-07-05,165991038,5863431,289977,18109064,184100102
2023-07-06,170307390,6312262,261567,15984359,186291749
2023-07-07,168631789,3291089,276564,16795732,185427521
2023-07-10,168725185,3245127,284864,17604596,186329781
2023-07-11,167689209,2542044,271564,16812527,184501736
2023-07-12,166968010,2651467,263044,16000967,182968977
2023-07-13,167002818,2869312,263848,16216098,183218916
2023-07-14,166632635,3228093,262448,15941092,182573727
2023-07-17,166679575,3467104,262667,15917620,182597195
2023-07-18,167511727,2734204,259971,15858231,183369958
2023-07-19,168213034,3269946,274489,16524238,184737272
2023-07-20,168992130,2818562,284262,16919275,185911405
2023-07-21,169771205,2289149,278562,16577225,186348430
2023-07-24,169922606,2825604,263697,15631958,185554564
2023-07-25,173582019,6811727,260801,15309019,188891038
2023-07-26,173128326,2155526,255201,14980299,188108625
2023-07-27,181733889,12493086,257701,14688957,196422846
2023-07-28,186628803,10065525,224601,12808995,199437798
2023-07-31,186435632,9250934,232201,13161153,199596785
2023-08-01,174490619,5665234,210337,12340472,186831091
2023-08-02,171109526,2273995,210437,12436827,183546353
2023-08-03,170816395,1640743,229037,13428439,184244834
2023-08-04,173105321,4229745,229837,13339739,186445060
2023-08-07,170667805,1717273,238637,13917310,184585115
2023-08-08,169974956,2571130,233937,13657242,183632198
2023-08-09,171106599,2969145,232737,13377723,184484322
2023-08-10,171545513,1406486,227437,12982104,184527617
2023-08-11,168616210,1371323,232337,13373318,181989528
2023-08-14,169301182,2417997,246037,14218478,183519660
2023-08-15,167781911,2638253,233937,13636188,181418099
2023-08-16,170285883,5198786,223237,12666467,182952350
2023-08-17,163670268,2486309,227837,13528961,177199229
2023-08-18,164012151,3264721,222737,13165984,177178135
2023-08-21,170781285,8297177,223137,12779056,183560341
2023-08-22,165285686,10518466,202837,12316263,177601949
2023-08-23,171646406,11576438,215537,12770567,184416973
2023-08-24,170953441,3992544,231007,13740297,184693738
2023-08-25,170211112,2955431,227237,13295637,183506749
2023-08-28,172569181,7877171,278233,16435224,189004405
2023-08-29,169901060,4182491,295537,17933185,187834245
2023-08-30,171291799,5231173,298137,17888220,189180019
2023-08-31,171595431,2314453,288237,17380691,188976122
2023-09-01,175953531,6977239,306073,18088914,194042445
2023-09-04,179480998,7320258,318273,18755828,198236826
2023-09-05,181850013,5665154,311873,18213383,200063396
2023-09-06,178821872,7618574,298373,17738275,196560147
2023-09-07,175195134,4395947,282773,16878720,192073854
2023-09-08,165948230,5256366,302673,18705191,184653421
2023-09-11,182457581,24434558,260473,15589309,198046890
2023-09-12,184705826,7961301,251173,14796601,199502427
2023-09-13,185411167,3813008,238673,13905089,199316256
2023-09-14,190276725,9834054,267273,15528561,205805286
2023-09-15,188633205,3610167,274673,15917300,204550505
2023-09-18,192363115,7107853,263473,15131254,207494369
2023-09-19,191578224,2574539,293473,16830677,208408901
2023-09-20,189668258,1063871,308673,17696223,207364481
2023-09-21,190748834,4175224,338597,19201836,209950670
2023-09-22,189998207,3933913,400997,23117477,213115684
2023-09-25,190748642,4825305,374905,21313349,212061991
2023-09-26,196625869,9128703,395705,22123866,218749735
2023-09-27,195335912,3694138,374247,21178638,216514550
2023-09-28,188227873,1884470,353505,20163925,208391798
2023-10-09,208132532,29673037,413675,24133800,232266332
2023-10-10,219460933,26352743,387975,21862392,241323325
2023-10-11,222339116,23305235,362975,19959995,242299111
2023-10-12,228816360,31612434,289873,15653142,244469502
2023-10-13,230245597,13671925,314973,16586478,246832075
2023-10-16,246316360,25141905,287373,14710624,261026984
2023-10-17,243925283,5957634,266773,13816174,257741457
2023-10-18,239225780,2650382,252723,13096106,252321886
2023-10-19,239310791,6030128,283873,14406555,253717346
2023-10-20,236343935,4110426,271973,13604089,249948024
2023-10-23,230275616,4280553,265822,13463884,243739500
2023-10-24,235648155,10899908,280218,14047327,249695482
2023-10-25,232856037,4176424,253973,13000878,245856915
2023-10-26,235388279,6909827,231173,11928527,247316806
2023-10-27,226673124,4958174,268373,13925875,240598999
2023-10-30,234082000,14130852,239373,12428246,246510246
2023-10-31,232774069,4268924,237173,12261844,245035913
2023-11-01,231114659,3818952,237373,12219962,243334621
2023-11-02,233471544,7148450,223573,11281494,244753038
2023-11-03,227716770,4547706,229173,11813868,239530638
2023-11-06,220339389,3488320,223273,11695040,232034429
2023-11-07,218104841,1608644,222473,11628664,229733505
2023-11-08,226776866,15413377,225673,11712429,238489295
2023-11-09,236924214,15063073,211973,10740672,247664886
2023-11-10,234399276,4158837,199273,10133032,244532308
2023-11-13,218526086,13443582,226973,12197529,230723615
2023-11-14,207923358,11329071,232273,12635651,220559009
2023-11-15,206758390,7802046,231073,12535710,219294100
2023-11-16,213912593,10040473,225173,12015231,225927824
2023-11-17,211348913,3077772,238073,12729763,224078676
2023-11-20,210216883,18650933,243173,13296700,223513583
2023-11-21,207935216,8508766,234473,12616992,220552208
2023-11-22,205871105,2402233,340073,18285725,224156830
2023-11-23,198269864,2224769,356473,19499073,217768937
2023-11-24,205245604,12764383,348473,18653760,223899364
2023-11-27,203388743,3414704,329973,17980229,221368972
2023-11-28,195080342,5611631,310856,17006932,212087274
2023-11-29,202958606,11115427,230856,12355413,215314019
2023-11-30,207756084,8701912,245056,12742912,220498996
2023-12-01,212130211,7658052,207473,10610169,222740380
2023-12-04,214888336,7111079,197406,10176279,225064615
2023-12-05,214605004,6229610,194906,9840804,224445808
2023-12-06,210860117,2054018,214806,10901405,221761522
2023-12-07,210308375,3092486,224306,11340911,221649286
2023-12-08,218926152,14036277,200806,9652744,228578896
2023-12-11,213301670,3598860,177006,8685684,221987354
2023-12-12,211851904,3738889,181406,8916105,220768009
2023-12-13,215625825,7856076,174706,8553606,224179431
2023-12-14,217027473,5123320,188306,9185567,226213040
2023-12-15,222405451,9848510,204462,9783507,232188958
2023-12-18,222771277,5860443,187562,8657862,231429139
2023-12-19,225690576,7248377,226975,10202526,235893102
2023-12-20,216879221,7788289,231075,9950089,226829310
2023-12-21,218741661,10066738,241765,10589306,229330967
2023-12-22,208819181,3899558,269665,12307511,221126692
2023-12-25,208367927,6206817,280565,13251085,221619012
2023-12-26,206126776,4493058,223842,10565343,216692119
2023-12-27,204525077,2230787,235242,11091660,215616737
2023-12-28,208671668,9119018,226842,10772727,219444395
2023-12-29,205627125,3129207,251542,12079046,217706171
2024-01-02,208930476,9801649,270942,13005216,221935692
2024-01-03,201673956,6735575,265711,12727557,214401513
2024-01-04,206336293,9600285,255411,12068169,218404462
2024-01-05,209403224,12114502,250142,11268897,220672121
2024-01-08,205128861,7666784,233142,10125357,215254218
2024-01-09,206678114,8217336,256342,10950931,217629045
2024-01-10,201866922,2715885,291742,12343604,214210526
2024-01-11,202510678,4399113,318042,13526327,216037005
2024-01-12,206592773,6845148,339942,14321756,220914529
2024-01-15,204935323,2411419,326542,13587413,218522736
2024-01-16,205203816,2678031,332842,13706433,218910249
2024-01-17,203493759,3887358,342142,13579616,217073375
2024-01-18,205116300,4991535,330342,13309479,218425779
2024-01-19,204278869,2504915,318542,12454992,216733861
2024-01-22,199780743,4542050,366442,13697602,213478345
2024-01-23,200226969,4595355,403242,15161899,215388868
2024-01-24,200313621,2725385,387242,14908818,215222439
2024-01-25,210782554,20307889,399226,15833303,226615857
2024-01-26,207599308,5307566,427326,16934929,224534237
2024-01-29,203234229,8945720,392442,14912796,218147025
2024-01-30,199542330,1433045,442242,16539851,216082181
2024-01-31,197692009,4968803,428642,15259655,212951664
2024-02-01,193702313,4404874,416742,14710993,208413306
2024-02-02,184535580,3283856,443542,14996155,199531735
2024-02-05,169900763,4068728,473242,16000312,185901075
2024-02-06,169913855,5384964,394166,14264867,184178722
2024-02-07,164936039,4568272,295566,11290621,176226660
2024-02-08,160267657,4937553,282166,11393863,171661520
2024-02-19,167232262,14339426,279166,11015891,178248153
2024-02-20,167356091,5745270,270966,10903672,178259763
2024-02-21,177052096,19675912,267066,10562460,187614556
2024-02-22,178685042,11195618,253066,10016352,188701394
2024-02-23,190498896,21586496,224766,8786103,199284999
2024-02-26,197114117,19599186,216866,8455605,205569722
2024-02-27,204220179,27014894,212666,8623606,212843785
2024-02-28,198069065,19046261,213266,8466660,206535725
2024-02-29,204252509,19865209,209166,8471224,212723733
2024-03-01,198363000,16742069,195166,8027178,206390178
2024-03-04,196319385,25583692,201166,8338331,204657716
2024-03-05,205775704,27309666,176766,7348162,213123866
2024-03-06,209512568,17888213,158966,6554168,216066736
2024-03-07,219592562,25401958,201193,7927005,227519567
2024-03-08,210288220,14376279,151466,6028347,216316567
2024-03-11,206910331,9735112,147166,5961694,212872025
2024-03-12,206331459,16505049,152666,6294419,212625878
2024-03-13,206485039,17063531,179866,7455446,213940485
2024-03-14,212211645,24657701,172766,7185338,219396983
2024-03-15,223983154,31509651,140666,5815132,229798286
2024-03-18,251825394,57558636,157466,6637192,258462586
2024-03-19,268630822,45173930,169966,7174264,275805086
2024-03-20,285049945,47650570,161766,6794172,291844117
2024-03-21,274963207,20573143,159466,6715114,281678321
2024-03-22,268551168,14278050,176266,7330903,275882071
2024-03-25,265435871,22106586,200366,7948519,273384390
2024-03-26,262276343,17368033,195366,7515730,269792073
2024-03-27,259648264,11260738,200566,7438993,267087257
2024-03-28,256392318,10915707,158766,6045810,262438128
2024-03-29,259059008,10699861,163566,6192608,265251616
2024-04-01,264976948,22177457,163666,6353515,271330463
2024-04-02,264569856,11168606,170466,6525438,271095294
2024-04-03,265887799,16965512,175966,6639197,272526996
2024-04-08,269092423,12290388,199266,7291143,276383566
2024-04-09,270861754,6272862,198366,7335575,278197329
2024-04-10,266533681,5079876,207566,7704850,274238531
2024-04-11,269310658,11060845,210866,7713478,277024136
2024-04-12,263839500,6502364,215566,7937141,271776641
2024-04-15,255079278,11094906,261766,10125109,265204387
2024-04-16,257422981,15155125,252766,9615219,267038200
2024-04-17,267172208,27339499,254666,9868308,277040516
2024-04-18,270964438,24966528,230966,8788256,279752694
2024-04-19,267618478,14077250,243366,9135959,276754437
2024-04-22,263971053,21374200,228166,8757011,272728064
2024-04-23,269078505,19382469,223766,8585902,277664407
2024-04-24,270035692,30367461,212066,8472037,278507729
2024-04-25,276032300,26431255,206266,8069126,284101426
2024-04-26,266061730,28465032,198866,7932764,273994494
2024-04-29,251373947,22698801,190666,7737226,259111173
2024-04-30,236097533,12622760,213666,8668429,244765962
2024-05-06,242807833,23690767,203369,8299489,251107322
2024-05-07,217999143,32417758,218469,9407275,227406418
2024-05-08,216725127,19638146,252769,10937315,227662442
2024-05-09,204118813,23334671,272469,12511776,216630589
2024-05-10,198163241,19983372,333500,15371015,213534256
2024-05-13,205296568,30098960,390000,18166200,223462768
2024-05-14,202016426,27985769,385600,16912416,218928842
2024-05-15,206782404,16052545,380700,16545222,223327626
2024-05-16,209425208,15146859,345900,14956716,224381924
2024-05-17,204754860,12686039,320800,14237104,218991964
2024-05-20,199308295,15331820,337310,15465664,214773959
2024-05-21,206602007,20286175,333910,15259687,221861694
2024-05-22,206217201,8620450,344010,15786619,222003820
2024-05-23,205887624,10341932,341210,15248675,221136299
2024-05-24,225985885,33074631,329110,14569700,240555585
2024-05-27,231392448,25797362,319100,14353118,245745566
2024-05-28,217819089,13673953,293300,13433140,231252229
2024-05-29,230430926,41469516,326000,14376600,244807526
2024-05-30,232907101,18745627,300400,13292700,246199801
2024-05-31,237533285,27130636,250800,11253396,248786681
2024-06-03,240141461,34920514,263000,11674570,251816031
2024-06-04,218230910,18457440,233100,10913742,229144652
2024-06-05,218844661,41767690,260900,12601470,231446131
2024-06-06,218117004,34213046,252500,11991225,230108229
2024-06-07,206452365,17089015,230800,11184568,217636933
2024-06-11,221359827,36748643,241900,11942603,233302430
2024-06-12,253394303,53463370,261600,12831480,266225783
2024-06-13,252527910,18300421,274200,13463220,265991130
2024-06-14,253078878,18970948,261200,12950296,266029174
2024-06-17,271650732,36854656,279600,13753524,285404256
2024-06-18,292999144,46444616,283500,13590990,306590134
2024-06-19,284052103,14520012,275400,13111794,297163897
2024-06-20,265951834,6485372,261400,12460938,278412772
2024-06-21,258519298,17411498,254700,11988729,270508027
2024-06-24,253946207,19884902,226700,10534749,264480956
2024-06-25,258700446,16948224,229400,10373468,269073914
2024-06-26,229712597,10344508,224700,10450797,240163394
2024-06-27,204418379,8492509,226500,10237800,214656179
2024-06-28,203962019,13643450,220600,10231428,214193447
2024-07-01,197160367,12362261,218300,9985042,207145409
2024-07-02,204832518,19439828,217600,9661440,214493958
2024-07-03,204724582,10454554,234000,10363860,215088442
2024-07-04,193341469,11960824,225800,9743270,203084739
2024-07-05,183566311,5667840,226300,10025090,193591401
2024-07-08,179581690,6525811,229000,9755400,189337090
2024-07-09,189981971,17980534,229000,10055390,200037361
2024-07-10,189851358,9395737,228900,9833544,199684902
2024-07-11,198017648,15544421,226600,9863898,207881546
2024-07-12,196800937,5481343,225700,9696072,206497009
2024-07-15,199047585,5980122,215100,9122391,208169976
2024-07-16,191994619,12467665,212000,8859480,200854099
2024-07-17,179831392,3803455,206100,8631468,188462860
2024-07-18,175856909,14145568,210900,9191022,185047931
2024-07-19,167579339,8354622,207300,9361668,176941007
2024-07-22,165272178,10777605,188600,8602046,173874224
2024-07-23,163994658,3628185,195600,8657256,172651914
2024-07-24,161391285,11656170,217800,10018800,171410085
2024-07-25,156159899,6462386,224500,10452720,166612619
2024-07-26,158933556,13459705,222500,10666650,169600206
2024-07-29,157950380,8765436,150400,7112416,165062796
2024-07-30,153562457,9331662,158100,7519236,161081693
2024-07-31,150132242,7808841,137200,6574624,156706866
2024-08-01,152310127,17278237,149100,7126980,159437107
2024-08-02,158259133,20275976,117100,5610261,163869394
2024-08-05,147316624,8074081,118200,5478570,152795194
2024-08-06,146829374,6929019,118700,5713031,152542405
2024-08-07,150100079,18391541,145700,7081020,157181099
2024-08-08,152437473,9698241,104400,4865040,157302513
2024-08-09,150434301,5396736,104600,4842980,155277281
2024-08-12,147405366,5009346,94000,4266660,151672026
2024-08-13,148434319,3867656,94300,4313282,152747601
2024-08-14,150903526,4730412,80000,3567200,154470726
2024-08-15,150957920,3996516,74500,3337600,154295520
2024-08-16,151487232,3250412,66000,2952180,154439412
2024-08-19,152324807,4433920,62900,2817291,155142098
2024-08-20,151822247,6878509,64800,2833704,154655951
2024-08-21,151681913,2563119,70700,3093832,154775745
2024-08-22,151901602,7225815,74300,3180783,155082385
2024-08-23,147786938,3084932,71200,3115000,150901938
2024-08-26,148619502,4158086,65600,2858192,151477694
2024-08-27,145401351,3493586,73300,3187817,148589168
2024-08-28,138871048,5130664,86600,3889206,142760254
2024-08-29,135359081,5904858,95300,4379035,139738116
2024-08-30,133603565,6391449,82500,3815625,137419190
2024-09-02,128696671,4183236,84900,4006431,132703102
2024-09-03,129233050,2970757,86800,4084808,133317858
2024-09-04,129074517,1695465,85600,4014640,133089157
2024-09-05,129580469,2792078,87400,4088572,133669041
2024-09-06,127006443,1984123,86600,4031230,131037673
2024-09-09,128742347,6416112,88600,4159770,132902117
2024-09-10,126756375,5850632,75600,3553956,130310331
2024-09-11,129145971,5324853,73900,3428221,132574192
2024-09-12,129829453,5759682,72700,3307850,133137303
2024-09-13,128597633,3757120,76000,3348560,131946193
2024-09-18,130230986,4148770,80500,3485650,133716636
2024-09-19,130402671,5009292,89300,3954204,134356875
2024-09-20,126516640,3013618,90000,3974400,130491040
2024-09-23,126970442,3819431,95300,4222743,131193185
2024-09-24,127819616,10239026,102200,4689958,132509574
2024-09-25,125761643,10535277,100700,4768145,130529788
2024-09-26,118106624,6861618,92800,4665984,122772608
2024-09-27,121745084,11613913,88600,4504424,126249508
2024-09-30,125832853,17908712,59976,3353858,129186711
2024-10-08,142765436,44026164,46376,2797864,145563300
2024-10-09,142924647,18106230,40876,2264122,145188769
2024-10-10,145672764,12384329,37676,2080845,147753609
2024-10-11,142313843,8152111,40776,2152157,144466000
2024-10-14,148514689,21244342,51176,2844362,151359051
2024-10-15,142103154,11885700,49076,2712921,144816075
2024-10-16,137848836,8151010,44476,2494214,140343050
2024-10-17,130864125,9946327,84376,4894652,135758777
2024-10-18,135753016,17092629,84876,5084921,140837937
2024-10-21,137842473,26344243,78376,4882041,142724514
2024-10-22,136421874,13433016,85276,5437198,141859072
2024-10-23,140998205,19443054,81076,5041306,146039511
2024-10-24,144552121,17410761,75676,4472452,149024573
2024-10-25,153798332,24707720,54976,3232589,157030921
2024-10-28,141170632,15378767,57276,3448588,144619220
2024-10-29,140230561,8975949,57076,3396022,143626583
2024-10-30,141146036,12351892,41200,2441512,143587548
2024-10-31,148997365,23769949,38400,2172288,151169653
2024-11-01,159667776,21772345,38000,2060740,161728516
2024-11-04,149618857,6094513,38400,2147712,151766569
2024-11-05,153509091,22596103,47600,2790312,156299403
2024-11-06,155758332,26136076,45600,2626560,158384892
2024-11-07,158892438,26621634,45500,2620800,161513238
2024-11-08,152484783,23805931,66700,3973986,156458769
2024-11-11,163260218,29166770,86100,5188386,168448604
2024-11-12,167127935,20306453,88500,5221500,172349435
2024-11-13,171184124,16786078,80100,4628178,175812302
2024-11-14,174460735,15925563,80000,4424000,178884735
2024-11-15,183583616,19589151,80500,4298700,187882316
2024-11-18,194240034,18134663,80000,4320000,198560034
2024-11-19,202633102,14438033,81400,4441998,207075100
2024-11-20,215173298,20568948,88900,4918837,220092135
2024-11-21,216248504,10905905,77000,4173400,220421904
2024-11-22,207399981,10402637,59900,3115399,210515380
2024-11-25,204202622,10829682,51500,2636800,206839422
2024-11-26,203881454,9290288,59300,3094867,206976321
2024-11-27,197137812,10406892,92100,5010240,202148052
2024-11-28,163673388,13328863,93100,5286218,168959606
2024-11-29,146710051,9163110,116600,6633374,153343425
2024-12-02,149678945,9600302,115100,6489338,156168283
2024-12-03,151978149,6630051,103900,5798659,157776808
2024-12-04,155590084,11542919,101400,5577000,161167084
2024-12-05,152463795,5080996,96900,5410896,157874691
2024-12-06,157947820,14354247,87400,4988792,162936612
2024-12-09,153342737,8716748,78000,4454580,157797317
2024-12-10,157974700,14269811,81700,4646279,162620979
2024-12-11,161348690,11135448,89600,5031040,166379730
2024-12-12,157194428,21598797,88200,5165874,162360302
2024-12-13,158868785,13904334,89200,5076372,163945157
2024-12-16,162858897,16699122,87800,4737688,167596585
2024-12-17,156400019,6103743,85200,4662144,161062163
2024-12-18,149857274,5470261,91600,5106700,154963974
2024-12-19,156107697,14539152,97700,5285570,161393267
2024-12-20,155563220,5914408,94700,5108118,160671338
2024-12-23,160582133,16778344,96000,5095680,165677813
2024-12-24,171798379,21253113,97300,5117007,176915386
2024-12-25,170555792,12996369,93200,4910708,175466500
2024-12-26,174789316,23981755,92600,4861500,179650816
2024-12-27,193370928,38969290,77400,3968298,197339226
2024-12-30,210507712,27681635,85200,4196100,214703812
2024-12-31,213075275,15477511,69100,3355496,216430771
2025-01-02,212460797,24014343,73900,3428221,215889018
2025-01-03,207270451,5056565,67800,3133716,210404167
2025-01-06,206809309,6981098,52600,2457998,209267307
2025-01-07,199188986,5451231,85400,4068456,203257442
2025-01-08,196062101,5435091,87100,4160767,200222868
2025-01-09,189842923,14107787,91900,4530670,194373593
2025-01-10,177047365,6601428,110100,5427930,182475295
2025-01-13,184927560,13936189,129400,6237080,191164640
2025-01-14,193044761,16075742,129700,6373458,199418219
2025-01-15,206060631,41239457,151700,6709691,212770322
2025-01-16,188821741,18835848,128700,5817240,194638981
2025-01-17,175311808,11934173,117700,5594281,180906089
2025-01-20,177530507,6983925,98600,4654906,182185413
2025-01-21,185065925,13849761,113300,5229928,190295853
2025-01-22,186868278,8713842,116200,5224352,192092630
2025-01-23,195319995,21920393,97400,4298262,199618257
2025-01-24,187788471,10858769,101700,4598874,192387345
2025-01-27,181752733,9776071,48300,2207310,183960043
2025-02-05,188454491,22963614,46800,2101320,190555811
2025-02-06,212184341,41425590,68400,3173760,215358101
2025-02-07,235048797,35369939,79600,3682296,238731093
2025-02-10,229350029,20621710,83900,3935749,233285778
2025-02-11,241994655,19659635,83200,3826368,245821023
2025-02-12,234631117,11010416,83500,3820960,238452077
2025-02-13,227093429,14010383,61800,2775438,229868867
2025-02-14,209529751,18348818,61800,2717964,212247715
2025-02-17,214580104,18392253,65300,2896055,217476159
2025-02-18,212480804,11585909,59900,2597863,215078667
2025-02-19,196371462,10458406,64600,2905708,199277170
2025-02-20,197037822,36269883,53500,2647180,199685002
2025-02-21,209054185,42643859,77100,3739350,212793535
2025-02-24,207367181,38333126,94200,4478268,211845449
2025-02-25,205557201,31590568,99300,4941168,210498369
2025-02-26,225701175,68098526,131600,6964272,232665447
2025-02-27,207985906,32792577,141200,7517488,215503394
2025-02-28,213239591,28922889,147200,7602880,220842471
2025-03-03,204232440,16792050,148200,7636746,211869186
2025-03-04,216376488,42399291,147100,7865437,224241925
2025-03-05,205994882,31692565,154318,8226693,214221575
2025-03-06,184011327,27369346,147500,8006300,192017627
2025-03-07,167227297,25517239,140300,7976055,175203352
2025-03-10,165505079,24642420,144900,8375220,173880299
2025-03-11,197557347,51382576,130500,7888725,205446072
2025-03-12,174701975,33482523,133500,8070075,182772050
2025-03-13,173322006,39122496,114700,6968025,180290031
2025-03-14,205993106,65552671,111400,6447832,212440938
2025-03-17,181969598,18705514,124700,7233847,189203445
2025-03-18,176248864,11081302,126200,7294360,183543224
2025-03-19,169363314,8476429,112700,6485885,175849199
2025-03-20,169902865,19037236,131000,7643850,177546715
2025-03-21,172615561,22013675,124100,7029024,179644585
2025-03-24,171384234,13826053,122500,6796300,178180534
2025-03-25,230439825,82827846,126600,7254180,237694005
2025-03-26,225703536,17237813,122300,7061602,232765138
2025-03-27,212295380,8984742,120600,6901938,219197318
2025-03-28,212267408,5934045,122300,6924626,219192034
2025-03-31,216978797,12387103,125200,6961120,223939917
2025-04-01,162832525,14412708,126400,7170672,170003197
2025-04-02,167635788,17744601,127300,7007865,174643653
2025-04-03,154028846,8190992,127200,7212240,161241086
2025-04-07,150760158,12214122,136400,6991864,157752022
2025-04-08,145033512,6527006,130900,7102634,152136146
2025-04-09,146461018,15707613,133300,7432808,153893826
2025-04-10,149986298,12601380,135900,7428294,157414592
2025-04-11,146487677,11237980,133800,7530264,154017941
2025-04-14,152432545,20645907,133700,7590149,160022694
2025-04-15,160018657,18403625,136100,7417450,167436107
2025-04-16,161279194,7248439,135600,7376640,168655834
2025-04-17,162596866,7095930,139800,7482096,170078962
2025-04-18,155169969,11965217,127400,6703788,161873757
2025-04-21,161743173,15909677,127600,6789596,168532769
2025-04-22,161142988,14826230,127300,6698526,167841514
2025-04-23,155409542,6663665,127400,6736912,162146454
2025-04-24,157030991,13762504,126300,6571389,163602380
2025-04-25,151250252,8875755,121600,6456960,157707212
2025-04-28,147253532,4489387,131400,7090344,154343876
2025-04-29,150347682,8499135,130100,6873183,157220865
2025-04-30,169722158,26934073,124400,6344400,176066558
2025-05-06,174910403,15023936,123100,6335957,181246360
2025-05-07,170168751,17841302,119600,6274216,176442967
2025-05-08,182786687,30106145,117400,6239810,189026497
2025-05-09,191397961,21560058,107800,5508580,196906541
2025-05-12,238942737,76353518,91700,4804163,243746900
2025-05-13,243266114,19421289,91600,4649616,247915730
2025-05-14,249459185,20110073,96600,4818408,254277593
2025-05-15,245445935,15659974,92700,4562694,250008629
2025-05-16,225767623,3369597,87200,4319888,230087511
2025-05-19,226208770,5425191,90300,4498746,230707516
2025-05-20,224987628,11668192,103100,5110667,230098295
2025-05-21,225134223,7641416,104600,5210126,230344349
2025-05-22,224776688,9159814,104000,5200000,229976688
2025-05-23,235711937,20696601,102000,4893960,240605897
2025-05-26,225244506,11289051,96800,4823544,230068050
2025-05-27,229406821,11303543,92100,4511058,233917879
2025-05-28,233181123,8791924,91100,4380088,237561211
2025-05-29,222580717,9048226,95800,4799580,227380297
2025-05-30,217802879,6312941,79600,4018208,221821087
2025-06-03,216275108,5111486,81500,4112490,220387598
2025-06-04,218699954,6203856,84200,4221788,222921742
2025-06-05,207162239,11008325,95700,4757247,211919486
2025-06-06,203755936,7125363,96000,4804800,208560736
2025-06-09,228572066,35664565,94700,4643141,233215207
2025-06-10,233194628,14179375,95500,4627930,237822558
2025-06-11,229356650,8179874,85500,4171545,233528195
2025-06-12,227505067,31596846,90100,4261730,231766797
2025-06-13,232018634,21947619,89700,4190784,236209418
2025-06-16,238941061,17708282,90700,4249295,243190356
2025-06-17,251152286,26406169,85800,3941652,255093938
2025-06-18,237347293,16436711,86100,4046700,241393993
2025-06-19,231307926,11360625,84200,3906880,235214806
2025-06-20,237110580,13305325,82700,3779390,240889970
2025-06-23,226935744,10550907,81800,3844600,230780344
2025-06-24,237899030,34640441,86600,4148140,242047170
2025-06-25,226947355,12089795,90900,4585905,231533260
2025-06-26,227360311,13797203,86300,4268398,231628709
2025-06-27,219730228,21089650,140500,7003925,226734153
2025-06-30,217975021,23297142,125700,6462237,224437258
2025-07-01,222130748,22596551,112900,5784996,227915744
2025-07-02,219044843,9479279,109700,5510231,224555074
2025-07-03,217731995,11545492,65800,3282762,221014757
2025-07-04,213817271,10242276,60900,3009678,216826949
2025-07-07,220941835,13970645,62500,3046875,223988710
2025-07-08,226101310,19001705,64100,3140900,229242210
2025-07-09,231976523,15944655,76400,3702344,235678867
2025-07-10,242074419,23210921,62200,2993064,245067483
2025-07-11,240334980,19952251,61700,2980110,243315090
2025-07-14,239606376,19329278,77674,3771073,243377449
2025-07-15,229141246,19908441,75174,3721865,232863111
2025-07-16,226770123,13872744,91774,4571263,231341386
2025-07-17,229640800,16698287,101774,5073434,234714234
2025-07-18,249276953,34055088,96374,4723290,254000243
2025-07-21,251313808,17169785,89674,4385059,255698867
2025-07-22,243890753,20030673,85674,4228012,248118765
2025-07-23,242219193,24926406,80000,4008800,246227993
2025-07-24,246487707,16008241,84700,4260410,250748117
2025-07-25,250906985,16004235,88600,4473414,255380399
2025-07-28,238484622,26079633,84100,4481689,242966311
2025-07-29,241728108,28024171,100200,5270520,246998628
2025-07-30,233771072,19779292,102600,5324940,239096012
2025-07-31,230046990,12537003,96100,4985668,235032658
2025-08-01,230757255,17062184,116300,5976657,236733912
2025-08-04,226748463,15870535,133200,6989004,233737467
2025-08-05,234982791,19098822,123600,6467988,241450779
2025-08-06,245311699,28319003,122300,6396290,251707989
2025-08-07,251726147,31677335,119200,6066088,257792235
2025-08-08,260221676,26833730,119900,5978214,266199890
2025-08-11,264733153,21285630,112900,5719514,270452667
2025-08-12,261685689,13745913,112500,5674500,267360189
2025-08-13,276586710,37110457,111300,5585034,282171744
2025-08-14,283366796,29167543,92100,4562634,287929430
2025-08-15,282751923,28453074,95000,4724350,287476273
2025-08-18,258161533,27505940,96500,4970715,263132248
2025-08-19,258991084,21434251,85900,4374887,263365971
2025-08-20,259110539,20559421,113400,5766390,264876929
2025-08-21,259254436,26828040,122400,6277896,265532332
2025-08-22,261110498,36701940,110800,5645260,266755758
2025-08-25,229719864,67767435,139100,7330570,237050434
2025-08-26,226351462,30704986,131900,6806040,233157502
2025-08-27,248708728,75219812,163400,8552356,257261084
2025-08-28,240483015,47303109,155600,8377504,248860519
2025-08-29,228806750,35416973,167400,9073080,237879830
2025-09-01,230564230,23577141,163000,8678120,239242350
2025-09-02,212203824,23247545,150100,8094893,220298717
2025-09-03,228314911,30216985,162100,8320593,236635504
2025-09-04,226367153,16018686,166100,8221950,234589103
2025-09-05,212347498,7605462,150100,7477982,219825480
2025-09-08,217907044,14906052,147000,7245630,225152674
2025-09-09,216834791,9247839,152600,7463666,224298457
2025-09-10,219951420,18462745,172300,8270400,228221820
2025-09-11,220678971,15087036,147400,7250606,227929577
2025-09-12,218638041,12885811,138800,6822020,225460061
2025-09-15,218078235,8006297,131700,6486225,224564460
2025-09-16,212314369,8619169,143600,6990448,219304817
2025-09-17,206970160,17159659,144200,7371504,214341664
2025-09-18,200101096,27859074,176400,9081072,209182168
2025-09-19,195188139,10709015,171700,8724077,203912216
2025-09-22,201671678,21908415,171500,8617875,210289553
2025-09-23,197054494,9888642,152200,7766766,204821260
2025-09-24,201888036,13691456,137700,7008930,208896966
2025-09-25,203609011,22099513,133200,6574752,210183763
2025-09-26,203938719,14880312,118100,5789262,209727981
2025-09-29,203011973,9921249,112900,5551293,208563266
2025-09-30,189793467,16584813,114500,5874995,195668462
2025-10-09,214259607,41199450,124100,6201277,220460884
2025-10-10,238360810,34507136,118200,5824896,244185706
2025-10-13,252717741,35290342,122000,5925540,258643281
2025-10-14,268606867,40784911,121800,5724600,274331467
2025-10-15,263110447,13940658,139000,6546900,269657347
2025-10-16,272627856,19568565,158200,7370538,279998394
2025-10-17,278596760,15071996,167500,7691600,286288360
2025-10-20,278821497,6812480,172900,7918820,286740317
2025-10-21,293500572,22800378,171900,7823169,301323741
2025-10-22,300514435,31440412,170900,7564034,308078469
2025-10-23,305099113,16475207,168500,7393780,312492893
2025-10-24,302462146,23575119,138700,6224856,308687002
2025-10-27,308140451,25002963,115100,5178349,313318800
2025-10-28,318357391,25125395,82300,3691155,322048546
2025-10-29,326961106,34584107,80000,3596800,330557906
2025-10-30,352364617,53110604,77500,3460375,355824992
2025-10-31,346049313,15907367,74100,3318939,349368252
2025-11-03,349700216,18176976,72500,3243650,352943866
2025-11-04,367937820,31221008,81300,3625167,371562987
2025-11-05,372923047,17652847,86000,3794320,376717367
2025-11-06,379615771,19914034,92300,4059354,383675125
2025-11-07,381072461,18505352,96300,4194828,385267289
2025-11-10,395319276,29610758,97800,4255278,399574554
2025-11-11,395829944,18882854,112300,4868205,400698149
2025-11-12,398487024,17322225,122800,5384780,403871804
2025-11-13,384837047,23824782,126900,5559489,390396536
2025-11-14,386390114,16707100,132500,5778325,392168439
2025-11-17,389628440,27127564,128700,5660226,395288666
2025-11-18,397021956,20708695,129700,5626386,402648342
2025-11-19,397582237,12210721,144300,6222216,403804453
2025-11-20,403542120,27343921,137600,5825984,409368104
2025-11-21,397695712,20989356,126100,5236933,402932645
2025-11-24,405713755,22649793,129300,5530161,411243916
2025-11-25,405134529,16119711,101300,4311328,409445857
2025-11-26,436297216,48473467,98700,4064466,440361682
2025-11-27,431680093,23356691,88400,3576664,435256757
2025-11-28,446283682,36510008,81600,3352944,449636626
2025-12-01,472453448,75044820,81000,3338820,475792268
2025-12-02,493701391,90620309,84500,3599700,497301091
2025-12-03,511532471,82111075,98200,4106724,515639195
2025-12-04,513225652,84106480,145000,6335050,519560702
2025-12-05,508606661,89406240,187300,8428500,517035161
2025-12-08,520154308,161333425,193200,8539440,528693748
2025-12-09,555304082,125097369,191900,8549145,563853227
2025-12-10,586381842,136682385,183742,8400684,594782526
2025-12-11,606511867,101735279,190242,8524744,615036611
2025-12-12,641689158,112963326,197042,8926002,650615160
2025-12-15,684558743,153908530,215542,9996837,694555580
2025-12-16,717999076,187948198,210642,10005495,728004571
2025-12-17,729896195,136974380,206542,9482343,739378538
2025-12-18,756387292,187405749,169742,7799644,764186936
2025-12-19,749452058,188404762,196142,9387356,758839414
2025-12-22,768494661,168842594,201742,9435473,777930134
2025-12-23,772792670,180406264,212742,9518077,782310747
2025-12-24,765663500,123170866,197842,9088861,774752361
2025-12-25,800140959,294918097,172242,8245224,808386183
2025-12-26,821600908,272553293,146642,7208920,828809828
2025-12-29,834751099,209493935,149042,7353732,842104831
2025-12-30,876387718,315897991,167200,8119232,884506950
2025-12-31,974007040,308560896,163900,8216307,982223347
2026-01-05,982015572,472617413,185518,9587570,991603142
2026-01-06,1114761031,648408926,184900,10511565,1125272596
2026-01-07,1288747632,797064504,196200,11234412,1299982044
2026-01-08,1212426995,605362763,200400,12623196,1225050191
2026-01-09,1027798223,576893589,200600,13191456,1040989679
2026-01-12,1093849682,568733278,187100,13235454,1107085136
2026-01-13,1137567567,408201986,193100,12294677,1149862244
2026-01-14,1314186927,737462617,186900,11096253,1325283180
2026-01-15,1329465277,479715155,175000,9810500,1339275777
2026-01-16,1363173751,319377873,161400,8852790,1372026541
2026-01-19,1312464524,204220755,152500,8433250,1320897774
2026-01-20,1175860537,223882975,118800,6317784,1182178321
2026-01-21,1176254738,174347946,103000,5397200,1181651938
2026-01-22,1142405747,163347968,86500,4664945,1147070692
2026-01-23,1190081219,312828285,83700,4672971,1194754190
2026-01-26,1251860707,267998839,79400,4125624,1255986331
2026-01-27,1228377280,172529886,70600,3739682,1232116962
2026-01-28,1202705986,107563782,57800,3013114,1205719100
2026-01-29,1143901137,86040227,61200,3138336,1147039473
2026-01-30,1145647180,105829308,59000,2966520,1148613700
2026-02-02,1124206980,78302225,57800,2914854,1127121834
2026-02-03,1127411070,139719933,56700,3007368,1130418438
2026-02-04,1107428720,112615815,59900,3198061,1110626781
2026-02-05,1108594727,78011162,56800,2979160,1111573887
2026-02-06,1061193036,59007657,51400,2665090,1063858126
2026-02-09,1052238060,79016852,50500,2669430,1054907490
2026-02-10,1033872670,56226510,46700,2418593,1036291263
2026-02-11,999586586,57192677,27800,1425584,1001012170
2026-02-12,991120082,66912595,16400,848044,991968126
2026-02-13,956869051,48286461,16500,842490,957711541
2026-02-24,985775981,71086008,16400,842632,986618613
2026-02-25,1000943967,81490430,15300,793152,1001737119
2026-02-26,1007224723,103109029,16700,890444,1008115167
2026-02-27,1003127444,98042731,20600,1089328,1004216772
2026-03-02,1025090595,150979525,27300,1482663,1026573258
2026-03-03,1030976832,143471851,68900,3436043,1034412875
2026-03-04,1006412568,61465615,44500,2274395,1008686963
2026-03-05,1015949090,70502522,44100,2235870,1018184960
2026-03-06,958967012,64038316,28600,1486628,960453640
2026-03-09,956838719,60465770,33700,1716678,958555397
2026-03-10,938077674,228708757,119700,6706791,944784465
2026-03-11,993711323,352489525,145200,8202348,1001913671
2026-03-12,972027537,383471711,132600,7950696,979978233
2026-03-13,1035037100,279366727,123500,6780150,1041817250
2026-03-16,969813516,227204385,114300,6581394,976394910
2026-03-17,936333693,108197578,113600,6346832,942680525
2026-03-18,945654252,285594838,141400,8509452,954163704
2026-03-19,919474274,222673196,159500,9696005,929170279
2026-03-20,904636430,231429854,157300,9979112,914615542
2026-03-23,869756865,196702697,168000,10526880,880283745
2026-03-24,812755328,255592349,183000,12268320,825023648
2026-03-25,848338109,257372251,168700,10978996,859317105
2026-03-26,809869755,163487270,177600,11007648,820877403
2026-03-27,822772250,169413681,155300,9928329,832700579
2026-03-30,770789745,194752778,180500,11999640,782789385
2026-03-31,795102051,164939547,158900,9990043,805092094
2026-04-01,741005024,152834798,160400,10485348,751490372
2026-04-02,763944433,173090523,145500,8820210,772764643
2026-04-03,785546239,134627670,128700,7805655,793351894
2026-04-07,666147156,202063169,155400,10368288,676515444
2026-04-08,762159515,317397015,145700,10360727,772520242
2026-04-09,705148646,169167920,146700,11474874,716623520
2026-04-10,931885900,507562211,146500,11167695,943053595
2026-04-13,1023859884,343829520,148600,11495696,1035355580
2026-04-14,1001634229,324240184,151700,11935756,1013569985
2026-04-15,883333055,347143763,152700,12165609,895498664
2026-04-16,877600247,302319185,154300,11773090,889373337
2026-04-17,1098146587,550869207,152700,12179352,1110325939
2026-04-20,1312325695,510358984,141500,11385090,1323710785
2026-04-21,1065624169,268320470,144900,10767519,1076391688
2026-04-22,1037421760,213520260,122000,9326900,1046748660
2026-04-23,870675846,183053388,113000,8316800,878992646
2026-04-24,846081221,440331018,130100,9992981,856074202
2026-04-27,746546422,224168961,130900,9750741,756297163
2026-04-28,687620743,147742492,135700,9399939,697020682
2026-04-29,689007255,108250481,116300,7870021,696877276
2026-04-30,785466713,377602627,87800,6426082,791892795
2026-05-06,814671018,328910426,90600,6921840,821592858
2026-05-07,782271635,209394016,95200,7360864,789632499
2026-05-08,814105964,177032282,83000,6283100,820389064
2026-05-11,908601258,304911042,84900,6482964,915084222
2026-05-12,894708413,165484746,76000,5692400,900400813
2026-05-13,876665059,154068274,70500,5202195,881867254
2026-05-14,821918307,124090865,68400,4805784,826724091
2026-05-15,844032103,175695965,63200,4386712,848418815
2026-05-18,872451171,145409579,59700,4059600,876510771
2026-05-19,898032649,227237226,63100,4600621,902633270
2026-05-20,940763741,228840407,102800,7567108,948330849
2026-05-21,981463798,386088652,104500,7546990,989010788
2026-05-22,966566035,162002803,110900,8295320,974861355
2026-05-25,999489009,242573980,151200,11597040,1011086049
2026-05-26,1013367451,198194077,144700,10635450,1024002901
2026-05-27,892357611,160663539,141400,9825886,902183497
2026-05-28,934947061,156576985,89400,6303594,941250655
2026-05-29,863081642,134664948,49600,3231440,866313082
2026-06-01,737778370,68487425,48800,2997296,740775666
2026-06-02,759417457,89553182,41600,2527200,761944657
2026-06-03,808555022,193296812,56000,3653440,812208462
2026-06-04,774344985,162801818,34800,2363268,776708253
2026-06-05,766999577,137987756,31900,2067120,769066697
2026-06-08,741537678,198561050,33000,1969440,743507118
2026-06-09,709575322,65969694,39600,2429856,712005178
2026-06-10,702923402,98650005,29300,1828613,704752015
2026-06-11,716412752,193675596,33600,2219616,718632368
2026-06-12,705392453,136068458,45300,2901465,708293918
2026-06-15,712152001,93226902,35000,2305800,714457801
2026-06-16,704957757,122576673,37500,2367000,707324757
2026-06-17,710413732,89039889,37300,2364820,712778552
2026-06-18,702073266,88195572,33300,2115549,704188815
2026-06-22,696625150,114072053,31200,1877616,698502766
2026-06-23,700980116,123986651,26900,1628795,702608911
2026-06-24,651769430,38083507,29000,1931690,653701120
2026-06-25,714631745,323549519,71600,5246132,719877877
2026-06-26,692034920,224835944,56400,4086744,696121664
2026-06-29,694128208,148179285,88200,6328350,700456558
2026-06-30,754560357,234945464,95400,7271388,761831745
2026-07-01,738975932,219597357,93000,7458600,746434532
2026-07-02,763399272,255774587,120100,9980310,773379582
2026-07-03,777802957,252565525,132400,11081880,788884837
2026-07-06,815303642,231913693,125700,11573199,826876841
2026-07-07,956765237,358265892,120600,10872090,967637327
2026-07-08,978446372,276246015,130292,11244200,989690572
2026-07-09,860407853,214201100,123592,10352066,870759919
2026-07-10,827527021,350495584,114192,9054284,836581305
2026-07-13,800781223,215668218,85092,6466992,807248215
2026-07-14,774197609,150664698,92300,6864351,781061960
2026-07-15,731926280,72070790,45100,3173236,735099516
2026-07-16,698106198,97631601,56200,4050896,702157094
2026-07-17,627542294,95752572,50900,3296284,630838578
2026-07-20,592621238,92540604,66600,4234428,596855666
2026-07-21,581534945,78836678,50700,3395886,584930831
2026-07-22,588996012,121697449,74800,5202340,594198352
2026-07-23,592442850,117749845,133400,8823076,601265926
2026-07-24,579272040,56179822,126300,8323170,587595210
2026-07-27,589704351,69548473,124200,8412066,598116417
2026-07-28,602623189,76458603,139700,8608314,611231503
2026-07-29,606545947,58866697,71500,4367220,610913167
2026-07-30,576176593,67713774,77600,4435616,580612209
2026-07-31,598401948,122391540,88200,5412834,603814782
