date,rz_balance,rz_buy,rq_volume,rq_balance,rzrq_balance
2019-08-19,3778008,3991731,0,0.0,3778008.0
2019-08-20,3515635,3189786,0,0.0,3515635.0
2019-08-21,6715181,5153778,0,0.0,6715181.0
2019-08-22,8762658,5322755,0,0.0,8762658.0
2019-08-23,11111291,5702224,0,0.0,11111291.0
2019-08-26,15037995,6059628,0,0.0,15037995.0
2019-08-27,22360443,10220893,0,0.0,22360443.0
2019-08-28,25486552,5088355,0,0.0,25486552.0
2019-08-29,28041796,4246486,0,0.0,28041796.0
2019-08-30,29150887,4220094,0,0.0,29150887.0
2019-09-02,29617428,4387975,0,0.0,29617428.0
2019-09-03,25985554,1833008,0,0.0,25985554.0
2019-09-04,25923597,2770838,0,0.0,25923597.0
2019-09-05,27600899,5461670,0,0.0,27600899.0
2019-09-06,28957081,4394646,0,0.0,28957081.0
2019-09-09,22689165,3797233,0,0.0,22689165.0
2019-09-10,23535536,4309918,0,0.0,23535536.0
2019-09-11,23212503,4385666,0,0.0,23212503.0
2019-09-12,19765738,840923,0,0.0,19765738.0
2019-09-16,20251155,3287478,0,0.0,20251155.0
2019-09-17,21740615,3854121,500,25605.0,21766220.0
2019-09-18,21412494,2774823,3500,175700.0,21588194.0
2019-09-19,21951040,1552052,2600,132444.0,22083484.0
2019-09-20,21711701,1560102,100,5046.0,21716747.0
2019-09-23,20939682,3662856,0,0.0,20939682.0
2019-09-24,19033574,4933589,1000,52770.0,19086344.0
2019-09-25,17479909,2579470,0,0.0,17479909.0
2019-09-26,19892367,5415008,3000,153000.0,20045367.0
2019-09-27,18487331,1500002,3000,152100.0,18639431.0
2019-09-30,17115097,1959429,0,0.0,17115097.0
2019-10-08,19678470,3556346,900,45972.0,19724442.0
2019-10-09,19736956,1297618,1600,80224.0,19817180.0
2019-10-10,19775047,1490697,700,35567.0,19810614.0
2019-10-11,22820386,4743516,700,35252.0,22855638.0
2019-10-14,30168920,10786852,800,40576.0,30209496.0
2019-10-15,32516492,4565547,1300,64753.0,32581245.0
2019-10-16,31984971,1815230,1513,74666.55,32059637.55
2019-10-17,36123860,5538494,1413,67852.26,36191712.26
2019-10-18,34954667,1149575,2213,105427.32,35060094.32
2019-10-21,36298356,1743641,1113,52210.83,36350566.83
2019-10-22,34109659,211079,1213,58272.52,34167931.52
2019-10-23,32545145,1242013,1113,54314.4,32599459.4
2019-10-24,31214362,800130,2813,139637.32,31353999.32
2019-10-25,32258085,2084290,2813,139581.06,32397666.06
2019-10-28,28736780,1796093,8513,436716.9,29173496.9
2019-10-29,27434635,1297218,8213,425022.75,27859657.75
2019-10-30,24550216,5062397,20613,1096405.47,25646621.47
2019-10-31,22963951,1269729,20613,1109391.66,24073342.66
2019-11-01,25650890,5147045,32713,1771081.82,27421971.82
2019-11-04,24444623,2761228,32713,1782204.24,26226827.24
2019-11-05,26549934,9569596,36813,2159450.58,28709384.58
2019-11-06,55150380,131301238,39413,2443606.0,57593986.0
2019-11-07,79527009,50393210,103613,6154612.2,85681621.2
2019-11-08,78638940,19688715,135113,7847363.04,86486303.04
2019-11-11,80076501,12234623,106498,6102335.4,86178836.4
2019-11-12,81385833,11616751,125512,7003569.6,88389402.6
2019-11-13,65850200,3852848,138912,7805465.28,73655665.28
2019-11-14,64188485,6545606,168712,9768424.8,73956909.8
2019-11-15,60121850,11810462,196874,11129287.22,71251137.22
2019-11-18,55921645,3878859,213274,12502121.88,68423766.88
2019-11-19,55675873,12722907,140998,9037971.8,64713844.8
2019-11-20,60387340,13046544,141598,9077847.78,69465187.78
2019-11-21,49587185,5230843,146698,9818497.14,59405682.14
2019-11-22,87579009,51717643,140498,9655022.56,97234031.56
2019-11-25,93196641,23932511,149498,10538114.02,103734755.02
2019-11-26,86075837,26605227,155798,10857562.62,96933399.62
2019-11-27,86056872,22369248,135298,9592628.2,95649500.2
2019-11-28,89206641,9879350,127898,8876121.2,98082762.2
2019-11-29,101611545,21037294,129298,9063789.8,110675334.8
2019-12-02,101720487,11967110,130098,8936431.62,110656918.62
2019-12-03,105594977,13159147,106398,7192504.8,112787481.8
2019-12-04,105006305,9963920,36204,2482870.32,107489175.32
2019-12-05,120399274,28470167,28004,2031970.24,122431244.24
2019-12-06,126184919,21244736,36404,2627276.68,128812195.68
2019-12-09,122883695,14915293,51604,3599379.0,126483074.0
2019-12-10,118105736,18966543,51304,3548184.64,121653920.64
2019-12-11,109632325,13701209,46704,3209031.84,112841356.84
2019-12-12,105889473,4827470,46604,3184917.36,109074390.36
2019-12-13,112596044,29952587,43704,3285229.68,115881273.68
2019-12-16,140436458,38157947,41204,3164467.2,143600925.2
2019-12-17,144086621,32123487,40883,3188874.0,147275495.0
2019-12-18,141262788,27155055,35683,2733317.8,143996105.8
2019-12-19,129197139,27051035,26083,2023779.97,131220918.97
2019-12-20,134412612,25990355,26483,2051902.84,136464514.84
2019-12-23,140491075,27248225,26183,2056674.65,142547749.65
2019-12-24,147566468,40180243,36583,3040047.3,150606515.3
2019-12-25,150723377,43412025,35583,3070812.9,153794189.9
2019-12-26,160091291,34692012,37183,3132667.75,163223958.75
2019-12-27,167299968,34476145,62691,5141915.82,172441883.82
2019-12-30,177731477,45077790,97191,8348706.9,186080183.9
2020-01-02,184081519,38082695,70442,6023495.42,190105014.42
2020-01-03,203402271,58163205,70642,6150092.52,209552363.52
2020-01-06,214570039,51511544,73142,6571808.7,221141847.7
2020-01-07,232654744,45085865,81142,7055296.9,239710040.9
2020-01-08,230320742,31692214,78842,6700781.58,237021523.58
2020-01-09,221622097,22930777,81842,7054780.4,228676877.4
2020-01-10,210144267,28296936,77842,6733333.0,216877600.0
2020-01-13,212957906,31946523,82542,7301665.32,220259571.32
2020-01-14,211649350,22618623,83642,7245070.04,218894420.04
2020-01-15,190153919,23363738,79542,6718912.74,196872831.74
2020-01-16,189431105,22521320,81042,6718381.8,196149486.8
2020-01-17,204199005,27445487,83542,6796977.12,210995982.12
2020-01-20,224304349,51155625,85642,7253877.4,231558226.4
2020-01-21,219568781,29130350,85242,7213178.04,226781959.04
2020-01-22,231795267,58883640,72242,6717783.58,238513050.58
2020-01-23,218001752,50141179,65142,5826300.48,223828052.48
2020-02-03,186956911,49317836,65142,5589183.6,192546094.6
2020-02-04,231202208,82406244,62242,5874399.96,237076607.96
2020-02-05,222691854,110654065,59342,6052290.58,228744144.58
2020-02-06,262650852,98891403,61342,6373433.8,269024285.8
2020-02-07,230148577,58092498,59342,5842813.32,235991390.32
2020-02-10,257251766,88272023,63842,6390584.2,263642350.2
2020-02-11,228724516,27700034,64242,6354818.64,235079334.64
2020-02-12,208967392,25793707,69546,6969204.66,215936596.66
2020-02-13,199390413,37888357,70046,7155198.9,206545611.9
2020-02-14,200574484,45805969,71246,6994932.28,207569416.28
2020-02-17,195191300,25229424,69846,7152230.4,202343530.4
2020-02-18,195045869,31785808,65346,6716261.88,201762130.88
2020-02-19,178167018,29340111,70046,6991291.26,185158309.26
2020-02-20,163670572,35419686,74846,7439692.4,171110264.4
2020-02-21,175826895,46326270,78746,7764355.6,183591250.6
2020-02-24,181779138,29155437,83546,8199204.44,189978342.44
2020-02-25,202719216,56579372,91646,9439538.0,212158754.0
2020-02-26,211774451,49527028,86155,8046877.0,219821328.0
2020-02-27,213494243,40135360,90755,8208789.75,221703032.75
2020-02-28,143964964,18015836,86855,7212439.2,151177403.2
2020-03-02,167308225,48487561,88191,7142589.09,174450814.09
2020-03-03,169159486,35594132,102391,8403229.37,177562715.37
2020-03-04,166105377,28164140,101351,8158755.5,174264132.5
2020-03-05,160202851,13974908,98551,8023036.91,168225887.91
2020-03-06,149166746,13842115,100151,8147283.85,157314029.85
2020-03-09,150740470,21564613,100742,7637251.02,158377721.02
2020-03-10,147265348,21364704,97842,7721690.64,154987038.64
2020-03-11,149567888,16338788,117542,9156521.8,158724409.8
2020-03-12,148259480,9797487,124042,9599610.38,157859090.38
2020-03-13,150813889,15426499,112642,8550654.22,159364543.22
2020-03-16,154559230,20534632,110942,7850255.92,162409485.92
2020-03-17,150634625,19231417,107842,7462666.4,158097291.4
2020-03-18,162550781,33579928,105042,6908612.34,169459393.34
2020-03-19,155682527,17453014,120742,7968972.0,163651499.0
2020-03-20,161653645,30162560,118542,7764501.0,169418146.0
2020-03-23,158027787,17496786,101942,6009480.9,164037267.9
2020-03-24,160115123,22913365,147342,9063006.42,169178129.42
2020-03-25,168475585,30732214,150842,9703665.86,178179250.86
2020-03-26,160818670,14820055,163942,10541470.6,171360140.6
2020-03-27,158481360,16870530,159742,10030200.18,168511560.18
2020-03-30,165227011,23805068,158042,9779638.96,175006649.96
2020-03-31,170058702,18408073,153642,9218520.0,179277222.0
2020-04-01,185766103,47262792,159242,9857079.8,195623182.8
2020-04-02,170588911,24168915,159842,10488832.04,181077743.04
2020-04-03,166450073,21899484,146042,9590578.14,176040651.14
2020-04-07,169907854,23864826,147042,9997385.58,179905239.58
2020-04-08,175130020,24351845,165142,10948914.6,186078934.6
2020-04-09,179370130,26233050,169942,11306241.26,190676371.26
2020-04-10,178044914,16326207,183542,11946748.78,189991662.78
2020-04-13,176619899,21764103,182542,11481891.8,188101790.8
2020-04-14,168080987,29257260,165542,11329694.48,179410681.48
2020-04-15,151466413,23378798,157280,11019036.8,162485449.8
2020-04-16,166695485,46778544,139880,9869932.8,176565417.8
2020-04-17,213400892,77265286,140780,10009458.0,223410350.0
2020-04-20,197257525,22778528,136780,9664874.8,206922399.8
2020-04-21,191165537,18942207,147680,10209118.4,201374655.4
2020-04-22,183656509,13152191,170742,12020236.8,195676745.8
2020-04-23,177607047,6679951,163442,11552080.56,189159127.56
2020-04-24,172835688,12598723,195642,13647985.92,186483673.92
2020-04-27,160415973,5729694,193742,13837053.64,174253026.64
2020-04-28,162839528,18432129,180042,12891007.2,175730535.2
2020-04-29,157919037,5949079,194342,13934321.4,171853358.4
2020-04-30,143286311,16944245,192642,14891226.6,158177537.6
2020-05-06,175810861,47308787,220342,16900231.4,192711092.4
2020-05-07,167051712,26142564,292142,23245738.94,190297450.94
2020-05-08,169614439,23962405,301342,24318299.4,193932738.4
2020-05-11,175318436,24310757,328342,25774847.0,201093283.0
2020-05-12,174420644,11587010,321542,25231400.74,199652044.74
2020-05-13,175527509,15523881,346242,27515851.74,203043360.74
2020-05-14,172293332,8943980,360342,28420173.54,200713505.54
2020-05-15,168448462,20841503,351142,27792889.3,196241351.3
2020-05-18,165603487,8838154,347542,26649520.56,192253007.56
2020-05-19,157565362,11583724,305792,24224842.24,181790204.24
2020-05-20,170066936,60135781,305092,25871801.6,195938737.6
2020-05-21,165264889,28773811,279092,23800965.76,189065854.76
2020-05-22,181367528,40462878,279592,22062604.72,203430132.72
2020-05-25,187022243,21383970,267892,20828603.0,207850846.0
2020-05-26,160825206,15282622,250792,21036432.96,181861638.96
2020-05-27,132500412,20020868,269892,23356453.68,155856865.68
2020-05-28,135486680,15195710,261892,22287009.2,157773689.2
2020-05-29,134905274,14741609,262892,22871604.0,157776878.0
2020-06-01,163957862,43861758,256792,22446188.72,186404050.72
2020-06-02,148964787,11475170,319892,28911838.96,177876625.96
2020-06-03,139136210,9864303,363192,33326497.92,172462707.92
2020-06-04,138317528,26736043,399692,37994721.52,176312249.52
2020-06-05,140672086,12325525,441392,42024932.32,182697018.32
2020-06-08,137783458,12865287,402292,38583825.72,176367283.72
2020-06-09,145551307,21001978,321549,31772256.69,177323563.69
2020-06-10,157389993,21337182,324492,32514098.4,189904091.4
2020-06-11,157585020,35335076,306492,29285310.6,186870330.6
2020-06-12,161789055,35714279,251892,23017890.96,184806945.96
2020-06-15,149007943,17418611,222758,19936841.0,168944784.0
2020-06-16,140290730,13139911,231360,21400800.0,161691530.0
2020-06-17,152951872,27301580,202360,18252872.0,171204744.0
2020-06-18,141698070,22518362,254260,23890269.6,165588339.6
2020-06-19,126189212,17354504,295760,29505017.6,155694229.6
2020-06-22,115603063,12779833,313710,31490209.8,147093272.8
2020-06-23,113431948,15530489,318010,31835981.1,145267929.1
2020-06-24,109395816,15169909,285642,28841272.74,138237088.74
2020-06-29,108742749,12678393,284542,28738742.0,137481491.0
2020-07-01,114049581,17449772,292567,31427547.14,145477128.14
2020-07-02,107156892,13553432,319937,34543597.89,141700489.89
2020-07-03,102994821,9009944,322337,34618993.8,137613814.8
2020-07-06,98647035,24513588,306037,33452904.47,132099939.47
2020-07-07,95246423,20662291,287437,34561424.88,129807847.88
2020-07-08,94658936,15915485,283537,33916695.94,128575631.94
2020-07-09,93257564,16100076,263867,32521607.75,125779171.75
2020-07-10,99122840,23483476,227167,27021514.65,126144354.65
2020-07-13,115663925,38190878,190067,23188174.0,138852099.0
2020-07-14,107984311,21957424,194063,22656855.25,130641166.25
2020-07-15,109640583,27049130,173963,19831782.0,129472365.0
2020-07-16,112461889,28004511,179019,19079845.02,131541734.02
2020-07-17,113747121,22557366,155794,16545322.8,130292443.8
2020-07-20,134155525,47668868,183894,19180144.2,153335669.2
2020-07-21,142883796,30333925,213694,22893038.22,165776834.22
2020-07-22,162642699,41161148,219194,23466909.64,186109608.64
2020-07-23,164009517,27194366,218594,23824560.06,187834077.06
2020-07-24,159078360,34124407,240394,23943242.4,183021602.4
2020-07-27,158572655,12492413,241594,24159400.0,182732055.0
2020-07-28,151930250,10060677,246194,24922218.62,176852468.62
2020-07-29,170371796,32267262,239394,24731794.14,195103590.14
2020-07-30,185190682,28980079,307694,31280172.04,216470854.04
2020-07-31,188252649,40855226,294694,31352494.66,219605143.66
2020-08-03,175637827,18561955,327987,35783381.7,211421208.7
2020-08-04,150678950,17425794,320787,36284217.57,186963167.57
2020-08-05,144976023,16164620,398162,44992306.0,189968329.0
2020-08-06,132195896,8749471,387362,44058553.88,176254449.88
2020-08-07,127696126,14962733,384662,43005211.6,170701337.6
2020-08-10,128967555,12659613,379862,41530312.46,170497867.46
2020-08-11,134674148,17175681,381062,39862895.82,174537043.82
2020-08-12,138275922,22668258,389062,40824275.66,179100197.66
2020-08-13,141509001,13364285,426462,44919242.46,186428243.46
2020-08-14,140069095,11032717,430262,45969192.08,186038287.08
2020-08-17,157244710,36997120,441762,45479397.9,202724107.9
2020-08-18,169284835,38689951,444162,44549448.6,213834283.6
2020-08-19,179298100,31177890,427062,40323194.04,219621294.04
2020-08-20,190443028,19441750,422912,40185098.24,230628126.24
2020-08-21,197546005,29943649,301087,28804993.29,226350998.29
2020-08-24,200733804,26167751,297687,28967921.97,229701725.97
2020-08-25,193952486,14279544,288487,28020742.31,221973228.31
2020-08-26,180643080,6513921,298087,29135023.38,209778103.38
2020-08-27,171049695,7139125,279187,28010831.71,199060526.71
2020-08-28,186568546,29058513,281683,28416181.04,214984727.04
2020-08-31,183380768,16288445,280683,27798844.32,211179612.32
2020-09-01,182479809,28405135,281583,30149091.81,212628900.81
2020-09-02,177890819,19646176,280782,30526619.04,208417438.04
2020-09-03,178134271,12617516,304482,32579574.0,210713845.0
2020-09-04,177656047,12760370,316682,33508122.42,211164169.42
2020-09-07,162180885,13758285,312482,32501252.82,194682137.82
2020-09-08,169761537,22183735,263286,26328600.0,196090137.0
2020-09-09,175141357,25187886,272386,25495329.6,200636686.6
2020-09-10,168981442,9379977,252286,24219456.0,193200898.0
2020-09-11,169803508,14425596,252784,26153032.64,195956540.64
2020-09-14,169316707,13812028,252584,26708232.16,196024939.16
2020-09-15,145793779,6445217,266184,28880964.0,174674743.0
2020-09-16,145577924,11219611,272584,29602622.4,175180546.4
2020-09-17,159499448,29434570,271484,29808943.2,189308391.2
2020-09-18,154991954,10264446,271284,29890071.12,184882025.12
2020-09-21,188163133,63064466,277354,31060874.46,219224007.46
2020-09-22,186272231,19309951,273054,29967676.5,216239907.5
2020-09-23,178873936,8542710,291454,32030794.6,210904730.6
2020-09-24,183666932,19155616,288991,30286256.8,213953188.8
2020-09-25,167169320,17192633,297291,30796374.69,197965694.69
2020-09-28,146364534,10431671,290391,29985774.66,176350308.66
2020-09-29,154985933,27515462,272091,29317805.25,184303738.25
2020-09-30,159687340,25396577,277191,30100170.69,189787510.69
2020-10-09,175887550,33206395,270091,31314350.54,207201900.54
2020-10-12,193528000,42221870,280891,33378277.53,226906277.53
2020-10-13,205035204,33105784,262791,31805594.73,236840798.73
2020-10-14,205773841,20331983,266391,31697865.09,237471706.09
2020-10-15,183671446,45602291,254891,29067769.64,212739215.64
2020-10-16,171605515,43741054,405391,43583586.41,215189101.41
2020-10-19,183372071,39662656,548058,55847110.2,239219181.2
2020-10-20,202047179,43407745,691004,71173412.0,273220591.0
2020-10-21,206462171,20886046,700804,71587128.6,278049299.6
2020-10-22,205788987,17438272,797504,83339168.0,289128155.0
2020-10-23,203643755,19623973,798712,81700250.48,285344005.48
2020-10-26,198875743,12627358,901912,95494442.56,294370185.56
2020-10-27,204898687,15963474,876106,91535554.88,296434241.88
2020-10-28,206142529,20929062,824506,87438861.3,293581390.3
2020-10-29,205535315,15637545,719268,76170481.2,281705796.2
2020-10-30,212184623,43400879,848572,94573349.4,306757972.4
2020-11-02,222999654,35499786,936443,104413394.5,327413048.5
2020-11-03,236062416,42221773,902543,97212906.53,333275322.53
2020-11-04,238917722,30650922,907816,99405852.0,338323574.0
2020-11-05,250122018,58453664,1014263,119774317.67,369896335.67
2020-11-06,246172003,24945342,953063,110936533.2,357108536.2
2020-11-09,297847453,99636416,933351,106467348.57,404314801.57
2020-11-10,281159687,27667458,870525,97794778.5,378954465.5
2020-11-11,274196963,32248994,806970,88548818.1,362745781.1
2020-11-12,267775541,12991978,717048,79807442.4,347582983.4
2020-11-13,260760439,35061677,759885,87310786.5,348071225.5
2020-11-16,264243247,37159930,737385,86539503.6,350782750.6
2020-11-17,318430434,92098138,714785,78805046.25,397235480.25
2020-11-18,312718894,27316778,710315,75470968.75,388189862.75
2020-11-19,342264540,52396923,669465,69992565.75,412257105.75
2020-11-20,349082043,38661459,676865,69717095.0,418799138.0
2020-11-23,381409340,59426040,654165,67902327.0,449311667.0
2020-11-24,434068370,89960620,663865,69745656.9,503814026.9
2020-11-25,402897305,80244003,619751,60469105.07,463366410.07
2020-11-26,388778634,9203408,628251,62611494.66,451390128.66
2020-11-27,386586714,19128481,537863,53845464.93,440432178.93
2020-11-30,382523592,19852254,480900,48441057.0,430964649.0
2020-12-01,380935665,34597722,434251,42973478.96,423909143.96
2020-12-02,379787402,24499469,395934,38900515.5,418687917.5
2020-12-03,378381531,25273777,339384,33626166.72,412007697.72
2020-12-04,375112903,22998813,336231,34087098.78,409200001.78
2020-12-07,377372605,43593460,385031,40566866.16,417939471.16
2020-12-08,420674312,89941376,450156,50138375.28,470812687.28
2020-12-09,415830733,39369419,437766,47431946.1,463262679.1
2020-12-10,399317165,69620794,401958,40223937.06,439541102.06
2020-12-11,417717899,50375122,388658,38022412.14,455740311.14
2020-12-14,457736001,61637301,471510,47433906.0,505169907.0
2020-12-15,456507263,30486677,485510,49691948.5,506199211.5
2020-12-16,459528005,25017272,420810,42914203.8,502442208.8
2020-12-17,454151181,56342252,392210,40985945.0,495137126.0
2020-12-18,449455600,78543281,326610,36906930.0,486362530.0
2020-12-21,447216317,59796895,411897,48607964.97,495824281.97
2020-12-22,466146408,99312516,470797,56161374.13,522307782.13
2020-12-23,436953447,46614525,459902,55188240.0,492141687.0
2020-12-24,403108334,38925146,540041,62644756.0,465753090.0
2020-12-25,394750296,63743818,507083,58796273.85,453546569.85
2020-12-28,397966053,62248827,397789,46461755.2,444427808.2
2020-12-29,392787026,45985078,401297,43885839.92,436672865.92
2020-12-30,387422971,45522651,391827,43594672.02,431017643.02
2021-01-04,410492995,78532092,363192,44901426.96,455394421.96
2021-01-05,444354861,131206789,327246,42384901.92,486739762.92
2021-01-06,430262757,53756049,327708,43454080.8,473716837.8
2021-01-07,469204910,95812636,338108,43930372.44,513135282.44
2021-01-08,446165675,89782924,315408,37533552.0,483699227.0
2021-01-11,436064166,83152979,293518,31435777.8,467499943.8
2021-01-12,433664962,45186705,473415,50129914.35,483794876.35
2021-01-13,430545241,53570978,473339,49889930.6,480435171.6
2021-01-14,435430758,41207470,472839,47756739.0,483187497.0
2021-01-15,421009551,31918205,475039,49997854.75,471007405.75
2021-01-18,421024665,28667810,467966,48935204.62,469959869.62
2021-01-19,466866412,84957199,730666,73431933.0,540298345.0
2021-01-20,451234427,34792311,692917,71224938.43,522459365.43
2021-01-21,449437608,43086676,696217,73102785.0,522540393.0
2021-01-22,477860870,86946920,690614,75042117.24,552902987.24
2021-01-25,471949835,72135049,680117,70861390.23,542811225.23
2021-01-26,476025581,31567084,679017,68967756.69,544993337.69
2021-01-27,469761757,26522884,688417,70555858.33,540317615.33
2021-01-28,475567429,33289927,705017,70494649.83,546062078.83
2021-01-29,463798427,16687951,807668,80201432.4,543999859.4
2021-02-01,460573564,29910069,850668,88639605.6,549213169.6
2021-02-02,440039748,28109246,1058068,111573270.6,551613018.6
2021-02-03,437259519,39632429,1109068,112548220.64,549807739.64
2021-02-04,433420794,20625982,1113568,111869041.28,545289835.28
2021-02-05,433916257,18830604,1104517,110805145.44,544721402.44
2021-02-08,422646268,17813812,1156117,114270604.28,536916872.28
2021-02-09,414713347,26284972,1258217,128589777.4,543303124.4
2021-02-10,404323219,23241846,1255517,130674209.36,534997428.36
2021-02-18,427392664,54478604,1244217,123787149.33,551179813.33
2021-02-19,419140645,20429680,1256164,125013441.28,544154086.28
2021-02-22,404613886,19489724,1255117,126340077.22,530953963.22
2021-02-23,402440979,17469514,1271117,125459247.9,527900226.9
2021-02-24,389798317,16207082,1272117,123802426.44,513600743.44
2021-02-25,378127374,32180785,1275417,116394555.42,494521929.42
2021-02-26,367488649,10948756,1269617,111345410.9,478834059.9
2021-03-01,357082992,9399937,1269017,115480547.0,472563539.0
2021-03-02,356863917,9346693,1268454,114617503.44,471481420.44
2021-03-03,359336587,8878821,1265928,113920860.72,473257447.72
2021-03-04,354028988,13478803,1276266,115285107.78,469314095.78
2021-03-05,352072766,10897571,1276166,116641572.4,468714338.4
2021-03-08,348273966,6548909,1276566,112848434.4,461122400.4
2021-03-09,347572235,11653892,1293249,109874435.04,457446670.04
2021-03-10,353596778,14146451,1227653,104694247.84,458291025.84
2021-03-11,356314630,11995245,1323253,111206182.12,467520812.12
2021-03-12,356923787,10822112,1475278,122625107.36,479548894.36
2021-03-15,361939754,13411966,1488979,123704375.32,485644129.32
2021-03-16,341223910,4700412,1484279,128464347.45,469688257.45
2021-03-17,327459410,9051411,1475779,135284660.93,462744070.93
2021-03-18,325750783,11817802,1474579,136811439.62,462562222.62
2021-03-19,315966073,8628646,1486275,137064280.5,453030353.5
2021-03-22,325299736,15872801,1497475,135746108.75,461045844.75
2021-03-23,320198330,4905541,1505624,135506160.0,455704490.0
2021-03-24,322940341,10473680,1506075,130877917.5,453818258.5
2021-03-25,322773716,10200313,1505075,135757765.0,458531481.0
2021-03-26,324535023,9294920,1513275,138162007.5,462697030.5
2021-03-29,331736802,30192926,1439375,137805762.5,469542564.5
2021-03-30,331931005,9951739,1435475,137748181.0,469679186.0
2021-03-31,332170674,5496857,1458675,138574125.0,470744799.0
2021-04-01,326688368,8676857,1435775,135824315.0,462512683.0
2021-04-02,324339088,5925672,1426975,136989600.0,461328688.0
2021-04-06,319334628,10036742,1240978,123973702.2,443308330.2
2021-04-07,308380089,7995420,1263278,131380912.0,439761001.0
2021-04-08,309394441,19038629,1262778,128563428.18,437957869.18
2021-04-09,330171688,27872309,1308678,130710758.64,460882446.64
2021-04-12,346392705,41836579,1251278,125378055.6,471770760.6
2021-04-13,327073613,14735943,1256478,128788995.0,455862608.0
2021-04-14,313046475,18790345,1240778,134252179.6,447298654.6
2021-04-15,318209690,15071313,1242578,134173572.44,452383262.44
2021-04-16,318909878,12622336,1238578,133803581.34,452713459.34
2021-04-19,321417544,35598333,1246578,140215093.44,461632637.44
2021-04-20,304724778,24454251,1244478,140999357.4,445724135.4
2021-04-21,315704999,33412804,1242178,137260669.0,452965668.0
2021-04-22,312578849,18876052,1244778,138170358.0,450749207.0
2021-04-23,319124430,28413531,1245678,139453652.1,458578082.1
2021-04-26,321457975,38093920,1723550,132678879.0,454136854.0
2021-04-27,318166124,16982551,1675004,126998803.28,445164927.28
2021-04-28,320211475,19526491,1482933,116410240.5,436621715.5
2021-04-29,319394559,15471153,1477633,117397941.85,436792500.85
2021-04-30,319897795,30108257,1534623,124411886.61,444309681.61
2021-05-06,319290687,24850241,1656362,134281267.34,453571954.34
2021-05-07,337951622,29023365,1655323,128850342.32,466801964.32
2021-05-10,326510656,7708257,1638753,130936364.7,457447020.7
2021-05-11,324298405,7296286,1634093,128929937.7,453228342.7
2021-05-12,308355542,7561151,1650273,126823480.05,435179022.05
2021-05-13,304478134,4907449,1656133,125932353.32,430410487.32
2021-05-14,301867241,26283395,1667433,128475712.65,430342953.65
2021-05-17,296630544,17050349,1680533,134190560.05,430821104.05
2021-05-18,286680688,8473957,1598710,126585857.8,413266545.8
2021-05-19,281692609,28407421,1652873,141353698.96,423046307.96
2021-05-20,279571211,32607187,1654422,147260102.22,426831313.22
2021-05-21,267423812,23775243,1651702,144936850.5,412360662.5
2021-05-24,269063799,22590995,1643522,148557953.58,417621752.58
2021-05-25,266040673,17695263,1633422,150258489.78,416299162.78
2021-05-26,268236300,16641503,1276422,112810176.36,381046476.36
2021-05-27,265203803,10402742,1277222,113519491.36,378723294.36
2021-05-28,268803971,60044370,1371521,130541368.78,399345339.78
2021-05-31,309093225,119053973,1375921,142848118.22,451941343.22
2021-06-01,359690860,94841625,1374816,136106784.0,495797644.0
2021-06-02,394674965,68424200,1318001,134014341.68,528689306.68
2021-06-03,408194026,86046362,1669261,183618710.0,591812736.0
2021-06-04,460584165,117971705,1356868,149581128.32,610165293.32
2021-06-07,420461283,67426749,1081228,118167408.12,538628691.12
2021-06-08,374010666,28915096,829449,91919538.18,465930204.18
2021-06-09,381170573,32835186,787609,88314597.17,469485170.17
2021-06-10,372988968,73953346,785409,92764656.99,465753624.99
2021-06-11,377498971,56576190,800809,95920902.02,473419873.02
2021-06-15,350889362,15237167,801809,94292738.4,445182100.4
2021-06-16,332809833,19573919,790109,88018142.6,420827975.6
2021-06-17,339449202,31896910,794749,97356752.5,436805954.5
2021-06-18,326658004,48217724,426249,56154043.26,382812047.26
2021-06-21,342935460,56581035,436509,56117597.04,399053057.04
2021-06-22,352506003,28751897,170609,21878898.16,374384901.16
2021-06-23,341921488,31860055,174849,22448863.11,364370351.11
2021-06-24,344082590,26756906,122578,15692435.56,359775025.56
2021-06-25,341915301,39503038,96578,12131162.58,354046463.58
2021-06-28,338467401,41305414,108949,14326793.5,352794194.5
2021-06-29,337179784,26195198,107549,13959860.2,351139644.2
2021-07-01,335723715,43888653,117789,16310242.83,352033957.83
2021-07-02,349735421,41143732,114729,15741966.09,365477387.09
2021-07-05,354130245,29440218,79294,11021866.0,365152111.0
2021-07-06,349875012,35345953,78994,11221097.7,361096109.7
2021-07-07,387364876,88412814,89954,14022029.52,401386905.52
2021-07-08,374722421,67893964,87920,15075642.4,389798063.4
2021-07-09,401939181,156329480,89920,14319760.0,416258941.0
2021-07-12,343166082,67376823,83954,14707061.72,357873143.72
2021-07-13,395255764,116407807,105954,16704707.64,411960471.64
2021-07-14,352472507,56702474,149654,22774345.72,375246852.72
2021-07-15,342573682,30112247,147054,22730136.78,365303818.78
2021-07-16,358868306,62079086,152270,22079150.0,380947456.0
2021-07-19,381362467,77126148,157052,22185165.52,403547632.52
2021-07-20,353798082,34930001,168215,24709101.35,378507183.35
2021-07-21,373955487,67931874,165175,25314720.5,399270207.5
2021-07-22,402096706,71045365,168335,25198066.15,427294772.15
2021-07-23,429645613,88553634,158435,22041477.2,451687090.2
2021-07-26,424889364,43890550,134975,19136755.5,444026119.5
2021-07-27,436709638,81167656,132074,18091496.52,454801134.52
2021-07-28,444818983,46947808,230595,31822110.0,476641093.0
2021-07-29,483216650,114038467,238722,33421080.0,516637730.0
2021-07-30,538527463,178648435,232143,29709661.14,568237124.14
2021-08-02,504808304,113083038,225342,31723646.76,536531950.76
2021-08-03,496981262,56112932,222120,29824052.4,526805314.4
2021-08-04,499286104,81219135,296835,43842529.5,543128633.5
2021-08-05,549176505,126644432,287822,42885478.0,592061983.0
2021-08-06,511169387,136276123,285242,44899943.22,556069330.22
2021-08-09,570302387,114855322,280642,41268406.1,611570793.1
2021-08-10,562961829,76045644,264674,38457132.2,601418961.2
2021-08-11,583782006,86006843,245360,36114538.4,619896544.4
2021-08-12,564642757,58053516,270960,39912408.0,604555165.0
2021-08-13,575326695,114910941,258582,37235808.0,612562503.0
2021-08-16,580635896,83939029,267050,37432398.5,618068294.5
2021-08-17,542523355,38724247,268080,38469480.0,580992835.0
2021-08-18,478168327,46722779,275979,40130106.39,518298433.39
2021-08-19,503630288,115876105,287699,44875290.02,548505578.02
2021-08-20,450045444,63788142,296260,45944000.8,495989444.8
2021-08-23,465710732,75707475,305977,47625320.05,513336052.05
2021-08-24,460333372,80666590,320900,52306700.0,512640072.0
2021-08-25,475869468,59446067,316800,50688000.0,526557468.0
2021-08-26,463536559,48139544,339549,52052861.7,515589420.7
2021-08-27,490380202,73147252,349266,53542477.8,543922679.8
2021-08-30,544016564,120261644,369066,55359900.0,599376464.0
2021-08-31,531026219,36256095,365574,55932822.0,586959041.0
2021-09-01,517575189,45833709,362774,53019420.1,570594609.1
2021-09-02,503087676,16460926,385574,56602263.2,559689939.2
2021-09-03,487167619,41080238,349777,48356670.25,535524289.25
2021-09-06,487119356,35012158,365987,51230860.26,538350216.26
2021-09-07,453173927,40882628,378959,57097752.53,510271679.53
2021-09-08,446344494,41234053,352062,53045181.54,499389675.54
2021-09-09,427879400,46406992,380962,59563408.7,487442808.7
2021-09-10,444797093,42594619,370422,58834126.26,503631219.26
2021-09-13,442693175,58670191,376972,60413532.72,503106707.72
2021-09-14,560131229,184713622,384872,67849084.88,627980313.88
2021-09-15,642707684,252110171,401283,74157098.4,716864782.4
2021-09-16,608381931,145484720,455722,82982418.98,691364349.98
2021-09-17,530027459,145657739,332182,63460049.28,593487508.28
2021-09-22,598161766,137318512,361969,67738878.66,665900644.66
2021-09-23,540813488,51189224,340137,63398135.43,604211623.43
2021-09-24,520690145,64329831,386218,73601564.26,594291709.26
2021-09-27,486115085,53179601,325683,59261278.68,545376363.68
2021-09-28,476780059,37907134,298192,53078176.0,529858235.0
2021-09-29,465612818,28445496,316292,53137056.0,518749874.0
2021-09-30,471905604,60861361,273692,47075024.0,518980628.0
2021-10-08,478128325,43114084,277052,45713580.0,523841905.0
2021-10-11,437396025,24020539,276992,46130247.68,483526272.68
2021-10-12,434950930,23993064,294192,46570593.6,481521523.6
2021-10-13,440679923,37903563,341792,59516240.96,500196163.96
2021-10-14,457485001,45381415,373812,63622802.4,521107803.4
2021-10-15,449715868,36837049,375712,65956241.6,515672109.6
2021-10-18,480044259,65387858,379308,67137516.0,547181775.0
2021-10-19,509161195,60828660,377351,66794900.51,575956095.51
2021-10-20,510115882,44862381,364193,66126523.01,576242405.01
2021-10-21,503245671,59635039,390859,67438811.86,570684482.86
2021-10-22,481568604,20898639,320659,55329710.45,536898314.45
2021-10-25,480809491,61525451,358437,65052731.13,545862222.13
2021-10-26,501653839,56987175,348591,62728950.45,564382789.45
2021-10-27,530123314,120199284,371661,71173081.5,601296395.5
2021-10-28,552047322,69648685,350463,64415099.4,616462421.4
2021-10-29,560248498,76743789,394264,70096196.56,630344694.56
2021-11-01,586409211,59829923,356206,60362668.76,646771879.76
2021-11-02,573815045,46897208,399464,68456145.68,642271190.68
2021-11-03,558811362,16264963,355864,60785129.84,619596491.84
2021-11-04,551890215,60790633,353732,61726234.0,613616449.0
2021-11-05,541625507,40652087,282867,50118375.06,591743882.06
2021-11-08,591408039,128411631,294477,57393567.3,648801606.3
2021-11-09,520953019,46816088,267216,51839904.0,572792923.0
2021-11-10,485961125,30247601,329616,62953359.84,548914484.84
2021-11-11,500085778,38916835,397286,74371939.2,574457717.2
2021-11-12,509907854,41015469,304986,56571853.14,566479707.14
2021-11-15,518261650,37204291,289086,50590050.0,568851700.0
2021-11-16,529908435,30674180,308586,53079877.86,582988312.86
2021-11-17,561147949,53104833,372186,65277702.54,626425651.54
2021-11-18,564751659,40901201,368270,64274163.1,629025822.1
2021-11-19,531810945,43800075,364000,62560680.0,594371625.0
2021-11-22,568871447,84881922,373760,67650560.0,636522007.0
2021-11-23,570674716,42864539,385120,69506457.6,640181173.6
2021-11-24,612194481,81857671,397276,67703775.92,679898256.92
2021-11-25,607663800,36024173,372025,61759870.25,669423670.25
2021-11-26,640962550,182447016,400617,72972386.55,713934936.55
2021-11-29,586763055,264623453,400945,77703141.0,664466196.0
2021-11-30,512200605,89405173,354345,64490790.0,576691395.0
2021-12-01,549438879,61298960,367345,65332308.25,614771187.25
2021-12-02,554989471,45399516,365828,65589302.12,620578773.12
2021-12-03,570309731,36880748,366588,65692569.6,636002300.6
2021-12-06,525277572,28660555,366136,65249096.56,590526668.56
2021-12-07,519389287,23480929,377836,64798874.0,584188161.0
2021-12-08,500581259,22038286,383236,68718047.16,569299306.16
2021-12-09,537230904,66294223,373036,66672724.28,603903628.28
2021-12-10,527528136,32747768,366758,67666851.0,595194987.0
2021-12-13,641034442,179547621,445016,76453748.8,717488190.8
2021-12-14,617099557,43318290,418816,71140085.76,688239642.76
2021-12-15,611571802,34866886,401366,68063646.28,679635448.28
2021-12-16,602038212,20096980,365326,62112726.52,664150938.52
2021-12-17,587234091,65670131,358994,58875016.0,646109107.0
2021-12-20,568995567,28391271,368394,58648324.8,627643891.8
2021-12-21,588281210,42519110,342694,54077113.2,642358323.2
2021-12-22,598389357,36075362,348879,55576424.7,653965781.7
2021-12-23,627147323,62442701,324394,50443267.0,677590590.0
2021-12-24,618297338,38255438,333074,50027714.8,668325052.8
2021-12-27,630726681,29295001,321494,49008545.36,679735226.36
2021-12-28,608009456,19031538,335693,52626591.61,660636047.61
2021-12-29,598175116,19473612,336351,53210728.2,651385844.2
2021-12-30,614305807,31287604,313891,49965169.38,664270976.38
2021-12-31,610958527,13242539,290091,46591515.51,657550042.51
2022-01-04,587417954,11789986,298062,46944765.0,634362719.0
2022-01-05,557518715,16085711,266147,40294655.8,597813370.8
2022-01-06,537869487,18424900,260547,38639120.1,576508607.1
2022-01-07,531749672,13700804,258847,37268791.06,569018463.06
2022-01-10,540098353,27208889,263495,36507232.25,576605585.25
2022-01-11,525367183,10151010,270095,37959151.3,563326334.3
2022-01-12,565394308,52605957,274095,39834226.35,605228534.35
2022-01-13,556995318,32626901,275795,39438685.0,596434003.0
2022-01-14,545408094,33051156,285395,42715069.65,588123163.65
2022-01-17,551160358,30098505,263895,39980092.5,591140450.5
2022-01-18,538728747,11686506,261695,39853531.55,578582278.55
2022-01-19,559597484,36309291,269195,38979436.0,598576920.0
2022-01-20,555100660,12546574,267695,38657834.95,593758494.95
2022-01-21,552441970,16018883,272195,39813962.65,592255932.65
2022-01-24,557559091,22014359,262495,38552640.65,596111731.65
2022-01-25,541445956,12650575,259555,37505697.5,578951653.5
2022-01-26,538480543,16024073,252113,36551342.74,575031885.74
2022-01-27,530301774,11568030,240251,33779290.6,564081064.6
2022-01-28,518909526,14167164,248551,35368807.3,554278333.3
2022-02-07,529648460,21403629,273851,39409897.41,569058357.41
2022-02-08,529676950,18748093,282041,38301167.8,567978117.8
2022-02-09,505849681,14935145,293141,40028403.55,545878084.55
2022-02-10,479338349,15975627,307579,39320899.36,518659248.36
2022-02-11,466716444,15480233,313041,40529418.27,507245862.27
2022-02-14,460096578,9796694,332651,42579328.0,502675906.0
2022-02-15,458278272,14041142,334251,44776263.96,503054535.96
2022-02-16,450841627,8742238,325751,43650634.0,494492261.0
2022-02-17,454689017,19971342,319551,43458936.0,498147953.0
2022-02-18,454062722,14411001,326151,43051932.0,497114654.0
2022-02-21,446785853,10980232,325751,43282535.37,490068388.37
2022-02-22,449456570,8968511,320051,41888274.88,491344844.88
2022-02-23,439808174,19115628,346834,48740582.02,488548756.02
2022-02-24,436204761,24786323,324434,45213122.24,481417883.24
2022-02-25,401104135,16556697,325951,47099919.5,448204054.5
2022-02-28,409784674,19992816,316451,46037291.48,455821965.48
2022-03-01,408735579,26102718,311551,45551871.71,454287450.71
2022-03-02,410843216,17952016,308951,44241783.2,455084999.2
2022-03-03,412605233,13047881,306051,41800445.58,454405678.58
2022-03-04,397896702,10644829,311651,41019504.62,438916206.62
2022-03-07,405181138,19742319,300477,36850499.28,442031637.28
2022-03-08,405701695,13981395,305551,37426941.99,443128636.99
2022-03-09,409514818,17683540,302251,37040860.05,446555678.05
2022-03-10,403265901,30586957,302951,39989532.0,443255433.0
2022-03-11,396464333,20979026,299777,39183851.67,435648184.67
2022-03-14,400870143,18947085,301777,38627456.0,439497599.0
2022-03-15,386126554,23387244,304075,39195267.5,425321821.5
2022-03-16,392648288,26787026,321675,45066667.5,437714955.5
2022-03-17,388081453,19877363,318275,44746282.25,432827735.25
2022-03-18,392843089,12371605,311875,43197806.25,436040895.25
2022-03-21,389546557,14187014,315875,44854250.0,434400807.0
2022-03-22,409890392,31062664,311158,42955361.9,452845753.9
2022-03-23,408291581,33344784,323275,45568844.0,453860425.0
2022-03-24,398844081,17795387,334675,46469623.75,445313704.75
2022-03-25,399921998,14179259,340175,45311310.0,445233308.0
2022-03-28,406328871,15827292,346675,45105884.25,451434755.25
2022-03-29,410039026,49231346,349175,49582850.0,459621876.0
2022-03-30,414678605,41232675,343175,49451517.5,464130122.5
2022-03-31,416614172,43859232,352075,49480620.5,466094792.5
2022-04-01,404236935,16194489,348078,49635922.8,453872857.8
2022-04-06,411299174,20594771,320578,44755894.58,456055068.58
2022-04-07,405607488,16745288,325842,45481026.36,451088514.36
2022-04-08,387862468,18952571,327442,47020671.2,434883139.2
2022-04-11,387970244,17522220,319942,43192170.0,431162414.0
2022-04-12,392017990,19734741,323742,43899415.2,435917405.2
2022-04-13,393560577,10251903,320442,42157349.52,435717926.52
2022-04-14,395022655,16065727,319705,41305886.0,436328541.0
2022-04-15,396232241,14536109,278705,34832550.9,431064791.9
2022-04-18,392504437,8073515,274705,35601768.0,428106205.0
2022-04-19,392554047,7104361,267105,34154716.35,426708763.35
2022-04-20,392239075,10101432,274062,34033019.16,426272094.16
2022-04-21,390441244,16407476,275966,32619181.2,423060425.2
2022-04-22,383904160,11555454,272366,31550877.44,415455037.44
2022-04-25,380622244,13591734,267146,29118914.0,409741158.0
2022-04-26,382948327,16219892,296946,31149635.4,414097962.4
2022-04-27,374716492,14625878,208746,24087200.94,398803692.94
2022-04-28,361840287,8660254,221946,25619226.78,387459513.78
2022-04-29,370197927,33847737,211785,25147350.9,395345277.9
2022-05-05,370272256,16502989,223685,26616278.15,396888534.15
2022-05-06,366817580,15755615,237398,28843857.0,395661437.0
2022-05-09,368104475,8279989,263798,31457911.5,399562386.5
2022-05-10,372349087,18513645,268885,34317792.55,406666879.55
2022-05-11,383659096,35313475,229785,30269578.05,413928674.05
2022-05-12,378729640,12320753,223090,29003930.9,407733570.9
2022-05-13,403679886,40793166,221634,29865181.5,433545067.5
2022-05-16,407177331,12412050,225634,30162753.12,437340084.12
2022-05-17,399058529,12662953,244834,34080892.8,433139421.8
2022-05-18,378275811,18797707,210129,28957877.49,407233688.49
2022-05-19,373668562,13224001,213029,29579076.65,403247638.65
2022-05-20,390299964,35888804,221629,30584802.0,420884766.0
2022-05-23,406683425,32527577,220729,30019144.0,436702569.0
2022-05-24,420742140,24862275,213829,27904684.5,448646824.5
2022-05-25,440312497,32743687,216729,27589601.7,467902098.7
2022-05-26,432869770,24174838,242029,30064842.38,462934612.38
2022-05-27,417590050,13438184,229421,28718920.78,446308970.78
2022-05-30,417242140,17372247,206312,26407936.0,443650076.0
2022-05-31,430915425,26128042,198612,25541503.2,456456928.2
2022-06-01,414064060,14408335,333718,22515953.46,436580013.46
2022-06-02,404533955,30995790,347706,23289347.88,427823302.88
2022-06-06,399193627,34732635,333906,23754072.84,422947699.84
2022-06-07,402825349,69383035,324557,23001354.59,425826703.59
2022-06-08,405671156,23157012,311271,21932154.66,427603310.66
2022-06-09,426265283,39754526,310506,21393863.4,447659146.4
2022-06-10,417955264,20995148,301206,21316348.62,439271612.62
2022-06-13,410405979,22962130,309306,22455615.6,432861594.6
2022-06-14,405399143,36539575,306691,22811676.58,428210819.58
2022-06-15,412299262,39016027,303406,21845232.0,434144494.0
2022-06-16,413623264,37039536,312606,22835868.3,436459132.3
2022-06-17,403185977,40449001,329906,25775555.78,428961532.78
2022-06-20,426503667,83397359,336139,28131472.91,454635139.91
2022-06-21,421160556,50552036,352561,28751349.55,449911905.55
2022-06-22,458455917,82265851,380848,31103856.16,489559773.16
2022-06-23,487467920,68598949,358948,29397841.2,516865761.2
2022-06-24,481933391,73480665,378048,32784322.56,514717713.56
2022-06-27,471538474,61482354,397124,34533903.04,506072377.04
2022-06-28,440131755,48332288,413763,36742154.4,476873909.4
2022-06-29,457066958,72083834,410563,34130102.19,491197060.19
2022-06-30,446622615,26889561,378663,31959157.2,478581772.2
2022-07-01,453492425,45049133,375381,31160376.81,484652801.81
2022-07-04,423590701,34379707,376831,33586947.03,457177648.03
2022-07-05,450116065,59399782,323916,28297301.76,478413366.76
2022-07-06,456745194,38957922,328316,28556925.68,485302119.68
2022-07-07,487264329,67692977,329084,28656634.72,515920963.72
2022-07-08,468431040,31687076,335824,28306604.96,496737644.96
2022-07-11,441962078,29684098,310024,25282457.2,467244535.2
2022-07-12,428964519,27125058,330666,26492959.92,455457478.92
2022-07-13,418590158,24965615,326979,26155050.21,444745208.21
2022-07-14,424257008,28706569,348125,28546250.0,452803258.0
2022-07-15,427526382,27358948,358725,28787681.25,456314063.25
2022-07-18,426903243,31561253,372225,29707277.25,456610520.25
2022-07-19,440116796,31671083,401225,31616530.0,471733326.0
2022-07-20,438267154,21623889,439070,34712874.2,472980028.2
2022-07-21,433978585,18148868,434170,33535290.8,467513875.8
2022-07-22,430013372,11116724,425470,33101566.0,463114938.0
2022-07-25,429674448,21101182,434394,34056489.6,463730937.6
2022-07-26,443199503,33115521,434769,33716335.95,476915838.95
2022-07-27,438863642,22000723,434269,33438713.0,472302355.0
2022-07-28,467265879,64300727,453481,33457828.18,500723707.18
2022-07-29,498786383,84542664,455281,32252106.04,531038489.04
2022-08-01,456878996,34945808,469981,35182777.66,492061773.66
2022-08-02,432275911,35943141,476981,35492156.21,467768067.21
2022-08-03,443341817,42058873,483981,35185418.7,478527235.7
2022-08-04,443006875,32110746,464116,33597357.24,476604232.24
2022-08-05,438576269,36031288,463292,33843480.6,472419749.6
2022-08-08,449901559,28538120,488692,35136954.8,485038513.8
2022-08-09,438548072,22554015,452792,33135318.56,471683390.56
2022-08-10,457048650,38230606,466792,33356956.32,490405606.32
2022-08-11,451675762,35845328,449292,32793823.08,484469585.08
2022-08-12,469662371,35259644,465428,33059350.84,502721721.84
2022-08-15,479122133,31104357,441028,31837811.32,510959944.32
2022-08-16,457672268,39843368,455228,33554855.88,491227123.88
2022-08-17,484626451,52337268,449495,32768185.5,517394636.5
2022-08-18,565220872,120153036,469749,32511328.29,597732200.29
2022-08-19,594122441,69040812,458849,30467573.6,624590014.6
2022-08-22,552104684,34736732,450549,31065353.55,583170037.55
2022-08-23,538452817,18460710,447749,30755878.81,569208695.81
2022-08-24,532321501,20584424,482849,32423310.35,564744811.35
2022-08-25,522160937,13830823,494349,32631977.49,554792914.49
2022-08-26,522751541,13125745,499549,33000206.94,555751747.94
2022-08-29,519783109,10268539,480949,31545444.91,551328553.91
2022-08-30,521545756,12678283,452549,29216563.44,550762319.44
2022-08-31,518473100,17474920,490249,31071981.62,549545081.62
2022-09-01,512433805,12968174,489649,30887058.92,543320863.92
2022-09-02,507548216,10767290,483149,29998721.41,537546937.41
2022-09-05,505289456,6624804,492189,30609233.91,535898689.91
2022-09-06,500366291,15142982,471589,29379994.7,529746285.7
2022-09-07,522091580,36804907,463889,29480145.95,551571725.95
2022-09-08,517601956,11526572,478789,30168494.89,547770450.89
2022-09-09,518461239,12074570,456609,29085993.3,547547232.3
2022-09-13,525202753,21528715,452709,28774184.04,553976937.04
2022-09-14,517577175,7431863,466309,29349488.46,546926663.46
2022-09-15,523138163,21260455,486609,29220870.45,552359033.45
2022-09-16,515619880,6953979,501827,29893834.39,545513714.39
2022-09-19,499589067,8037163,487527,29071235.01,528660302.01
2022-09-20,491579940,13675660,470927,28519339.12,520099279.12
2022-09-21,493952967,10594829,471107,28200465.02,522153432.02
2022-09-22,496943359,11573748,484003,29088580.3,526031939.3
2022-09-23,492264991,11630329,442856,26801645.12,519066636.12
2022-09-26,491777063,19325988,446856,27709540.56,519486603.56
2022-09-27,500207462,20947173,467056,28817355.2,529024817.2
2022-09-28,501894397,26213909,445680,25524093.6,527418490.6
2022-09-29,488100939,12159944,442280,25696468.0,513797407.0
2022-09-30,491304010,17169338,407727,22751166.6,514055176.6
2022-10-10,482973592,5085374,352627,19926951.77,502900543.77
2022-10-11,486702610,15711812,388827,22435317.9,509137927.9
2022-10-12,497357640,25145103,386527,22511332.48,519868972.48
2022-10-13,499484957,38924465,401627,23993196.98,523478153.98
2022-10-14,539671859,72376887,386087,24049359.23,563721218.23
2022-10-17,598914891,110672920,388087,22462475.56,621377366.56
2022-10-18,614996054,47522394,380587,21944646.42,636940700.42
2022-10-19,625934574,70620305,395787,23026887.66,648961461.66
2022-10-20,648036952,67066841,406375,22216521.25,670253473.25
2022-10-21,640498464,16480905,394087,21619612.82,662118076.82
2022-10-24,630799488,28853201,381487,20287478.66,651086966.66
2022-10-25,631036617,16274729,371787,19816247.1,650852864.1
2022-10-26,601016485,23201821,354787,18821450.35,619837935.35
2022-10-27,601028861,24519208,380337,20005726.2,621034587.2
2022-10-28,598119226,24999433,400325,20236428.75,618355654.75
2022-10-31,604329944,18041933,394044,19666736.04,623996680.04
2022-11-01,590443450,28020028,402887,21103221.06,611546671.06
2022-11-02,582797622,23944860,405853,21774013.45,604571635.45
2022-11-03,574535043,12611562,392763,21173853.33,595708896.33
2022-11-04,555149492,55346779,382220,21836228.6,576985720.6
2022-11-07,584982408,55773728,389842,23137122.7,608119530.7
2022-11-08,576433773,23101874,422042,25132601.1,601566374.1
2022-11-09,558305854,23119868,416400,24026280.0,582332134.0
2022-11-10,550618197,35672404,415542,23399170.02,574017367.02
2022-11-11,532225236,15368524,400142,22832102.52,555057338.52
2022-11-14,534257460,18366046,413248,23096430.72,557353890.72
2022-11-15,523538349,29542698,423942,25440759.42,548979108.42
2022-11-16,540237122,37968564,404557,23225617.37,563462739.37
2022-11-17,557806619,39291344,418957,23143184.68,580949803.68
2022-11-18,565567379,30725346,394057,21901688.06,587469067.06
2022-11-21,562708363,17539490,688757,38467078.45,601175441.45
2022-11-22,559987454,10622717,622757,33940256.5,593927710.5
2022-11-23,558736420,14122354,632557,35018355.52,593754775.52
2022-11-24,554903010,15741658,641157,35815030.02,590718040.02
2022-11-25,544137758,6593264,471357,25910494.29,570048252.29
2022-11-28,545435990,13310426,566257,30492939.45,575928929.45
2022-11-29,542742434,11611238,740554,40012132.62,582754566.62
2022-11-30,545655564,20218102,736657,40884463.5,586540027.5
2022-12-01,540232658,32534033,1012357,57350024.05,597582682.05
2022-12-02,539968963,20628189,1020690,58434502.5,598403465.5
2022-12-05,542936977,24464627,990357,55588738.41,598525715.41
2022-12-06,531645775,41030310,1004457,58841091.06,590486866.06
2022-12-07,516084453,36557917,973819,58438878.19,574523331.19
2022-12-08,520151907,24841568,960719,57633532.81,577785439.81
2022-12-09,525982213,24676082,973719,57225465.63,583207678.63
2022-12-12,522177165,18342994,953724,56050359.48,578227524.48
2022-12-13,527645747,23060816,953757,55317906.0,582963653.0
2022-12-14,530680473,11887153,946057,54095539.26,584776012.26
2022-12-15,541869028,25435911,924457,54339582.46,596208610.46
2022-12-16,543621546,22352154,916784,53090961.44,596712507.44
2022-12-19,531618953,25480002,904157,52531521.7,584150474.7
2022-12-20,540158473,17028578,746957,42315114.05,582473587.05
2022-12-21,547470270,21229858,748757,42057680.69,589527950.69
2022-12-22,543174109,11325097,735357,41062334.88,584236443.88
2022-12-23,537256729,14211689,766457,41672267.09,578928996.09
2022-12-26,528617926,7855677,779357,43332249.2,571950175.2
2022-12-27,532533050,10778451,793557,43804346.4,576337396.4
2022-12-28,530830523,12255911,893534,48054258.52,578884781.52
2022-12-29,520608132,10094426,917734,49282315.8,569890447.8
2022-12-30,516974862,16375726,905040,46962525.6,563937387.6
2023-01-03,555240474,52845044,899434,46051020.8,601291494.8
2023-01-04,577932703,40899767,932134,46727877.42,624660580.42
2023-01-05,621613001,72461198,1045134,53552666.16,675165667.16
2023-01-06,604206293,27277067,1066959,55588563.9,659794856.9
2023-01-09,582017869,23164061,1046719,55088820.97,637106689.97
2023-01-10,570472792,20188261,1366219,73365960.3,643838752.3
2023-01-11,554036876,17025392,1552919,81683539.4,635720415.4
2023-01-12,560268273,28515478,1538219,81325638.53,641593911.53
2023-01-13,563395835,38383798,1501119,82126220.49,645522055.49
2023-01-16,656885246,119759461,1464719,77527576.67,734412822.67
2023-01-17,646934335,19642578,1439219,76321783.57,723256118.57
2023-01-18,643439322,26093192,1431019,76702618.4,720141940.4
2023-01-19,653757717,38440088,1433992,75815157.04,729572874.04
2023-01-20,614658349,20081413,1437792,78086483.52,692744832.52
2023-01-30,624544730,47404322,1447092,80024187.6,704568917.6
2023-01-31,637329335,38097419,1597692,88192598.4,725521933.4
2023-02-01,655305508,50231587,1590892,89137678.76,744443186.76
2023-02-02,662310170,53511979,1586792,89288785.84,751598955.84
2023-02-03,661235996,24497579,1586292,87706084.68,748942080.68
2023-02-06,657003326,22373736,1829292,99769585.68,756772911.68
2023-02-07,669842170,25907614,1847092,100389450.2,770231620.2
2023-02-08,690151861,35255795,1849792,99111855.36,789263716.36
2023-02-09,687657926,25983774,1868192,101442825.6,789100751.6
2023-02-10,690992777,30753941,1788092,94178805.64,785171582.64
2023-02-13,677796773,22135455,1690792,88563684.96,766360457.96
2023-02-14,678129611,21276874,1495692,78852882.24,756982493.24
2023-02-15,696861393,40126370,1293692,66858002.56,763719395.56
2023-02-16,721683785,51701316,1296592,66385510.4,788069295.4
2023-02-17,723481774,21715915,1289892,65165343.84,788647117.84
2023-02-20,733046195,26475211,1293092,65158905.88,798205100.88
2023-02-21,731098487,23747747,993492,50817115.8,781915602.8
2023-02-22,748321513,30493402,1002692,51107211.24,799428724.24
2023-02-23,767419404,30301187,1000492,50664914.88,818084318.88
2023-02-24,791968987,47287808,993392,50225899.52,842194886.52
2023-02-27,799830976,25429506,998992,49749801.6,849580777.6
2023-02-28,790070753,11605789,991192,49847045.68,839917798.68
2023-03-01,782226166,23502286,988292,50610433.32,832836599.32
2023-03-02,779204741,19450762,965192,48983494.0,828188235.0
2023-03-03,779631760,20922550,978092,49227370.36,828859130.36
2023-03-06,794432509,43595995,788419,39397297.43,833829806.43
2023-03-07,790339892,16659946,782719,38635009.84,828974901.84
2023-03-08,794035300,14182847,841119,41534456.22,835569756.22
2023-03-09,785824005,15244763,857719,42628634.3,828452639.3
2023-03-10,786656434,22258412,860719,42536732.98,829193166.98
2023-03-13,780015804,17734054,825419,40379497.48,820395301.48
2023-03-14,787203307,37805262,826219,39658512.0,826861819.0
2023-03-15,791065302,32161605,829019,39046794.9,830112096.9
2023-03-16,791088107,19522743,819919,38642782.47,829730889.47
2023-03-17,777089018,24535720,830319,39863615.19,816952633.19
2023-03-20,783034487,27860215,840059,39995208.99,823029695.99
2023-03-21,779666293,26023184,857359,41410439.7,821076732.7
2023-03-22,777205009,21019238,839159,40699211.5,817904220.5
2023-03-23,772499171,7755423,820192,39787513.92,812286684.92
2023-03-24,770913417,13867261,824392,39983012.0,810896429.0
2023-03-27,768132063,14454186,896992,43620720.96,811752783.96
2023-03-28,766820531,32849738,831892,40596329.6,807416860.6
2023-03-29,760035051,32361694,827492,40687781.64,800722832.64
2023-03-30,742698973,13287973,840892,41321432.88,784020405.88
2023-03-31,730379546,22290834,830892,41469819.72,771849365.72
2023-04-03,731320809,32093772,797692,39685177.0,771005986.0
2023-04-04,734247697,39922836,784192,38503827.2,772751524.2
2023-04-06,713277910,22318914,781592,39462580.08,752740490.08
2023-04-07,715788804,34619844,781292,40197473.4,755986277.4
2023-04-10,716327260,50061745,783592,41405001.28,757732261.28
2023-04-11,731674118,37151607,769467,40204650.75,771878768.75
2023-04-12,727236143,23444462,788892,40312381.2,767548524.2
2023-04-13,705496337,12430038,768292,39597769.68,745094106.68
2023-04-14,714438170,31711336,768392,40010171.44,754448341.44
2023-04-17,711177806,29240845,776992,41165036.16,752342842.16
2023-04-18,735433866,55393348,775492,41279439.16,776713305.16
2023-04-19,741493412,21151041,775292,40718335.84,782211747.84
2023-04-20,745768459,14867718,775792,40162751.84,785931210.84
2023-04-21,737376535,11054681,768592,39282737.12,776659272.12
2023-04-24,722548187,15519894,770080,38881339.2,761429526.2
2023-04-25,684595673,24027617,809880,39611230.8,724206903.8
2023-04-26,666925975,14655692,780980,39595686.0,706521661.0
2023-04-27,658877152,18808989,786680,41300700.0,700177852.0
2023-04-28,646316938,16278406,784592,40971394.24,687288332.24
2023-05-04,664208296,35122985,780592,39810192.0,704018488.0
2023-05-05,667539735,25440074,808584,40922436.24,708462171.24
2023-05-08,642017857,7336064,856027,43871383.75,685889240.75
2023-05-09,649637104,16666162,1236315,43085577.75,692722681.75
2023-05-10,620041157,24622177,1164077,42349121.26,662390278.26
2023-05-11,634423737,46582652,1093379,40640897.43,675064634.43
2023-05-12,609994435,25220563,1067814,39327589.62,649322024.62
2023-05-15,633578691,85360431,1083204,41508377.28,675087068.28
2023-05-16,631560216,11607434,1238163,47458787.79,679019003.79
2023-05-17,629586663,17877619,1252725,47528386.5,677115049.5
2023-05-18,628304026,28153459,1015634,37913617.22,666217643.22
2023-05-19,617315033,15909324,997481,37315764.21,654630797.21
2023-05-22,604531468,11830780,1256445,48297745.8,652829213.8
2023-05-23,567737670,12709810,1268217,48686850.63,616424520.63
2023-05-24,553877459,28725639,1279332,48934449.0,602811908.0
2023-05-25,545244007,10424282,1276137,48442160.52,593686167.52
2023-05-26,541261404,13948827,1117137,41669210.1,582930614.1
2023-05-29,512882575,17991846,1097833,40092861.16,552975436.16
2023-05-30,511313838,14636692,1307388,47065968.0,558379806.0
2023-05-31,523634955,19863592,1415078,50263570.56,573898525.56
2023-06-01,537180435,18622033,1526663,53723270.97,590903705.97
2023-06-02,534571432,21044911,1739638,61809338.14,596380770.14
2023-06-05,546568810,22019112,1719283,59727891.42,606296701.42
2023-06-06,537527849,9803636,1682533,57256597.99,594784446.99
2023-06-07,540506063,12236552,1533118,52141343.18,592647406.18
2023-06-08,542703337,11399001,1514003,51324701.7,594028038.7
2023-06-09,540382212,12706023,1510988,51282932.72,591665144.72
2023-06-12,545345510,12434310,1539993,52051763.4,597397273.4
2023-06-13,546564183,11505460,1795103,60620628.31,607184811.31
2023-06-14,540129195,9138584,1572033,52820308.8,592949503.8
2023-06-15,545293564,28564757,1709033,59764884.01,605058448.01
2023-06-16,545146218,16962424,2529323,88450425.31,633596643.31
2023-06-19,549824272,16074402,2327373,79852167.63,629676439.63
2023-06-20,549996493,11369572,2329173,78795922.59,628792415.59
2023-06-21,542515618,9278871,2330073,78989474.7,621505092.7
2023-06-26,537977294,10776608,2341868,81567262.44,619544556.44
2023-06-27,538235805,8316342,2371768,81849713.68,620085518.68
2023-06-28,499181669,7197720,2378768,84684140.8,583865809.8
2023-06-29,481417459,13353247,2397068,87996366.28,569413825.28
2023-06-30,448090232,8302827,2155885,82397924.7,530488156.7
2023-07-03,437584051,14792959,2152711,82577993.96,520162044.96
2023-07-04,431939308,11043135,2190461,84661317.65,516600625.65
2023-07-05,422675622,6652527,2598908,99512187.32,522187809.32
2023-07-06,420902557,13236038,2576003,97038033.01,517940590.01
2023-07-07,418834492,11660693,2579668,98569114.28,517403606.28
2023-07-10,430329765,24289078,2881933,112827676.95,543157441.95
2023-07-11,433454539,30900980,2961177,120460680.36,553915219.36
2023-07-12,437333095,14858978,2960577,119577705.03,556910800.03
2023-07-13,453671271,25585833,3350017,134034180.17,587705451.17
2023-07-14,454806753,8614260,3446532,136138014.0,590944767.0
2023-07-17,443869671,12793307,3434537,132195329.13,576065000.13
2023-07-18,460034757,22088171,3427292,132396289.96,592431046.96
2023-07-19,461225613,7934002,3510092,134541826.36,595767439.36
2023-07-20,467646423,11168779,3509300,132967377.0,600613800.0
2023-07-21,470264541,16698101,3425340,129203824.8,599468365.8
2023-07-24,469558775,5774884,3421440,127106496.0,596665271.0
2023-07-25,486262931,54832355,3353195,129433327.0,615696258.0
2023-07-26,545926144,75884090,3373550,134267290.0,680193434.0
2023-07-27,567932103,43691696,3524415,139566834.0,707498937.0
2023-07-28,579999305,17447647,3500015,136885586.65,716884891.65
2023-07-31,588307599,17899033,3504015,138023150.85,726330749.85
2023-08-01,583477619,11691900,3481745,138086006.7,721563625.7
2023-08-02,579152320,3094187,3143680,124238233.6,703390553.6
2023-08-03,580272229,10321982,3169680,125836296.0,706108525.0
2023-08-04,597622529,28694186,3154460,125389785.0,723012314.0
2023-08-07,593591488,13107842,3146460,124285170.0,717876658.0
2023-08-08,595391131,10559422,2870755,111672369.5,707063500.5
2023-08-09,595496559,3918160,2868355,111062705.6,706559264.6
2023-08-10,594508290,5182626,2865755,111391896.85,705900186.85
2023-08-11,598643088,10197588,2875475,109498088.0,708141176.0
2023-08-14,591598527,11670006,2846155,107470812.8,699069339.8
2023-08-15,592867688,3231168,2829545,106051346.6,698919034.6
2023-08-16,580942120,3767709,2849145,105560822.25,686502942.25
2023-08-17,582996494,6226764,2849145,105703279.5,688699773.5
2023-08-18,585562083,17370391,2869145,105584536.0,691146619.0
2023-08-21,559657953,2763114,2874545,102707492.85,662365445.85
2023-08-22,556080031,6437107,2873845,101705374.55,657785405.55
2023-08-23,558388056,7638046,2745645,95136599.25,653524655.25
2023-08-24,561098202,11803317,2734845,93969274.2,655067476.2
2023-08-25,568137445,12345507,2743645,93229057.1,661366502.1
2023-08-28,569940958,19143163,2724045,89103511.95,659044469.95
2023-08-29,577739771,14595378,2680490,87357169.1,665096940.1
2023-08-30,578306106,10506375,2629990,84685678.0,662991784.0
2023-08-31,598500387,29395417,2576868,84315120.96,682815507.96
2023-09-01,616514934,31410177,2591568,86143720.32,702658654.32
2023-09-04,628414315,34135210,2620968,87566540.88,715980855.88
2023-09-05,645045807,32513651,2605268,87953847.68,732999654.68
2023-09-06,660978319,50679732,2597468,88313912.0,749292231.0
2023-09-07,676299595,27964317,2575668,86928795.0,763228390.0
2023-09-08,690595366,39375752,2619943,86196124.7,776791490.7
2023-09-11,678172411,20141175,2564543,84604273.57,762776684.57
2023-09-12,681357008,14495018,2581043,85561575.45,766918583.45
2023-09-13,671387869,10521033,2579043,84076801.8,755464670.8
2023-09-14,677574165,23861776,2607023,82199435.19,759773600.19
2023-09-15,660118746,14175822,2684688,82419921.6,742538667.6
2023-09-18,649010643,7849775,2776288,84843361.28,733854004.28
2023-09-19,649430576,7264362,2866588,88634900.96,738065476.96
2023-09-20,637217845,11375839,3016588,92941076.28,730158921.28
2023-09-21,633683610,6928402,3034388,92275739.08,725959349.08
2023-09-22,638788569,14482664,3069973,93879774.34,732668343.34
2023-09-25,620166370,6219874,3105273,94089771.9,714256141.9
2023-09-26,615954380,8898771,3104873,92121581.91,708075961.91
2023-09-27,614599352,16052784,3109173,92404621.56,707003973.56
2023-09-28,637127409,33962199,3155173,92415017.17,729542426.17
2023-10-09,605883135,31084697,3186173,92399017.0,698282152.0
2023-10-10,593232586,23205869,3218373,91723630.5,684956216.5
2023-10-11,605677405,31473163,3612573,99887643.45,705565048.45
2023-10-12,610655068,34381407,4033563,113746476.6,724401544.6
2023-10-13,590761792,16562594,4306493,117610323.83,708372115.83
2023-10-16,588964342,9967000,3752908,99752294.64,688716636.64
2023-10-17,588901162,11309540,3801508,102070489.8,690971651.8
2023-10-18,583489256,4894444,3933728,103968431.04,687457687.04
2023-10-19,583162254,9253805,3933928,101810056.64,684972310.64
2023-10-20,594649662,22540448,1375381,35567352.66,630217014.66
2023-10-23,576534085,12751326,1390291,34409702.25,610943787.25
2023-10-24,574156197,13045407,1624091,40196252.25,614352449.25
2023-10-25,578162360,13325257,1073191,26132200.85,604294560.85
2023-10-26,578967947,18678347,1074642,26070814.92,605038761.92
2023-10-27,560501525,22244007,1051666,26964716.24,587466241.24
2023-10-30,567442353,19778230,1047166,26535186.44,593977539.44
2023-10-31,578867558,20612040,1021766,25544150.0,604411708.0
2023-11-01,580383655,9165185,1105466,27404502.14,607788157.14
2023-11-02,580236948,5798182,1066066,26033331.72,606270279.72
2023-11-03,574695230,5973508,1016511,25239968.13,599935198.13
2023-11-06,571146834,20162100,1021911,26058730.5,597205564.5
2023-11-07,568291879,11059521,1057696,26865478.4,595157357.4
2023-11-08,571572553,17549661,1083459,27790723.35,599363276.35
2023-11-09,577273439,16054117,1065459,27339677.94,604613116.94
2023-11-10,577702019,7927293,1010259,25599963.06,603301982.06
2023-11-13,579568208,13740637,1009996,25148900.4,604717108.4
2023-11-14,588079057,22433316,1015951,25002554.11,613081611.11
2023-11-15,593917858,21946056,1015433,25314744.69,619232602.69
2023-11-16,595585777,20085232,1033353,25182812.61,620768589.61
2023-11-17,588214186,10393655,973278,23991302.7,612205488.7
2023-11-20,593319741,19154671,965878,23741281.24,617061022.24
2023-11-21,597515824,18860649,989178,23888648.7,621404472.7
2023-11-22,592445016,12672400,1039078,24501459.24,616946475.24
2023-11-23,597007346,12267714,1086878,25889433.96,622896779.96
2023-11-24,603737399,16548011,984478,23036785.2,626774184.2
2023-11-27,606368788,13988856,996578,22662183.72,629030971.72
2023-11-28,603121876,8798505,1211378,27898035.34,631019911.34
2023-11-29,618638065,22277520,1474378,33792743.76,652430808.76
2023-11-30,616371618,6527666,1394348,32000286.6,648371904.6
2023-12-01,620003386,18341478,1345348,30391411.32,650394797.32
2023-12-04,629136440,18913928,1327248,29464905.6,658601345.6
2023-12-05,625453996,6820569,1326748,29029246.24,654483242.24
2023-12-06,628243475,14897571,1370448,30355423.2,658598898.2
2023-12-07,622437778,12621666,1405793,30547881.89,652985659.89
2023-12-08,622526246,9336915,1410693,30287578.71,652813824.71
2023-12-11,614797999,5620218,1450476,31373795.88,646171794.88
2023-12-12,614679233,5553828,1452791,31089727.4,645768960.4
2023-12-13,607817757,6391196,1408808,29120061.36,636937818.36
2023-12-14,595128201,8849265,1402308,28438806.24,623567007.24
2023-12-15,606057621,17185453,1454908,29490985.16,635548606.16
2023-12-18,588803801,8779729,1455608,28457136.4,617260937.4
2023-12-19,583226742,8383387,1411108,27643605.72,610870347.72
2023-12-20,580547797,3703885,1446918,27853171.5,608400968.5
2023-12-21,577560460,10925626,1126033,22194110.43,599754570.43
2023-12-22,573836958,12702888,1082333,21765716.63,595602674.63
2023-12-25,574073590,5736857,1068033,21627668.25,595701258.25
2023-12-26,575602623,9221312,1016368,20652597.76,596255220.76
2023-12-27,572208403,5209762,1059668,21235746.72,593444149.72
2023-12-28,576449522,32866139,1074468,22810955.64,599260477.64
2023-12-29,584855274,21741940,1060768,22201874.24,607057148.24
2024-01-02,582748304,9924104,1070068,21690278.36,604438582.36
2024-01-03,583934994,8780783,1059578,21424667.16,605359661.16
2024-01-04,576300503,5023651,1049598,20897496.18,597197999.18
2024-01-05,569764662,6130309,1065298,20528292.46,590292954.46
2024-01-08,570923046,7601635,1044725,19745302.5,590668348.5
2024-01-09,570532653,6699177,1046725,20159923.5,590692576.5
2024-01-10,569795876,4888610,1254325,24283732.0,594079608.0
2024-01-11,572401976,10113183,1013225,20183442.0,592585418.0
2024-01-12,570751385,16216110,788230,15945892.9,586697277.9
2024-01-15,570441456,11315275,768530,15301432.3,585742888.3
2024-01-16,569067115,7409585,766140,15460705.2,584527820.2
2024-01-17,566281379,6425973,969040,19090088.0,585371467.0
2024-01-18,566169469,10253890,956940,19196216.4,585365685.4
2024-01-19,561410036,8909107,955040,18642380.8,580052416.8
2024-01-22,554142853,5187316,959540,18106519.8,572249372.8
2024-01-23,553532837,6656202,979540,18395761.2,571928598.2
2024-01-24,554016688,9269661,980995,18275936.85,572292624.85
2024-01-25,557393823,9954933,980544,18463643.52,575857466.52
2024-01-26,559162338,10175083,989840,17827018.4,576989356.4
2024-01-29,536203218,4544487,1079640,18861310.8,555064528.8
2024-01-30,517997032,3557676,1261540,21345256.8,539342288.8
2024-01-31,504354958,6925755,1260840,20753426.4,525108384.4
2024-02-01,500069369,3930866,1306740,21365199.0,521434568.0
2024-02-02,478340041,5025029,1309540,20494301.0,498834342.0
2024-02-05,464608199,7023404,1319840,20259544.0,484867743.0
2024-02-06,462756600,7147986,1041740,17094953.4,479851553.4
2024-02-07,466582836,16091767,987440,16174267.2,482757103.2
2024-02-08,479025271,34558308,930715,15561554.8,494586825.8
2024-02-19,467977844,15467181,826595,13820668.4,481798512.4
2024-02-20,469634626,16358017,799495,13503470.55,483138096.55
2024-02-21,468256861,24439847,852395,14686765.85,482943626.85
2024-02-22,469184678,17802510,881495,15267493.4,484452171.4
2024-02-23,468604251,17295913,841195,14628381.05,483232632.05
2024-02-26,459563419,9186793,831295,14522723.65,474086142.65
2024-02-27,466582869,15747178,769195,13568599.8,480151468.8
2024-02-28,480121880,51050526,789695,14451418.5,494573298.5
2024-02-29,513372987,69862781,778995,14613946.2,527986933.2
2024-03-01,503350284,31383777,749195,13927535.05,517277819.05
2024-03-04,521602165,41815035,711695,13166357.5,534768522.5
2024-03-05,513762848,16322194,721495,12986910.0,526749758.0
2024-03-06,509589497,26545942,746595,13438710.0,523028207.0
2024-03-07,495607361,15435818,752795,13106160.95,508713521.95
2024-03-08,493906396,13440464,754795,13042857.6,506949253.6
2024-03-11,469887568,19114188,760095,14449405.95,484336973.95
2024-03-12,511973870,79076082,778095,15725299.95,527699169.95
2024-03-13,508281954,46536976,761595,15117660.75,523399614.75
2024-03-14,507173291,33065405,762195,14710363.5,521883654.5
2024-03-15,518493783,28624629,762395,14470257.1,532964040.1
2024-03-18,521575671,43377529,752195,15254514.6,536830185.6
2024-03-19,508633750,26392580,744895,15113919.55,523747669.55
2024-03-20,501245144,19298999,766995,15546988.65,516792132.65
2024-03-21,504176439,32017760,757495,14937801.4,519114240.4
2024-03-22,517826686,27406429,756295,14354479.1,532181165.1
2024-03-25,532458717,38933439,805995,14362830.9,546821547.9
2024-03-26,503957871,24022776,900195,17643822.0,521601693.0
2024-03-27,487749196,38493291,1061995,20124805.25,507874001.25
2024-03-28,508725993,45682048,1065195,20313268.65,529039261.65
2024-03-29,511955685,33992490,1095166,21114800.48,533070485.48
2024-04-01,509233938,47244931,1122966,22594075.92,531828013.92
2024-04-02,503114107,52829863,1273966,26116303.0,529230410.0
2024-04-03,495336333,49316321,1331566,27416943.94,522753276.94
2024-04-08,499614029,43278761,1426066,29277134.98,528891163.98
2024-04-09,520484004,92693514,1454666,32264491.88,552748495.88
2024-04-10,544958360,67838901,1492136,31797418.16,576755778.16
2024-04-11,532662442,41126444,1450536,30388729.2,563051171.2
2024-04-12,525163331,34934114,1396236,27924720.0,553088051.0
2024-04-15,511928963,37669105,1324865,27225975.75,539154938.75
2024-04-16,505510508,25229960,1362765,25783513.8,531294021.8
2024-04-17,525700480,38153257,1354065,26119913.85,551820393.85
2024-04-18,518696677,20084180,1363165,25900135.0,544596812.0
2024-04-19,511611051,20691943,1403365,25765781.4,537376832.4
2024-04-22,507672817,11080474,1329865,23791284.85,531464101.85
2024-04-23,507524514,6639774,1277965,22965031.05,530489545.05
2024-04-24,501397919,12760938,1417505,25529265.05,526927184.05
2024-04-25,508943517,25053977,1520105,27985133.05,536928650.05
2024-04-26,516071030,30731259,1584880,29177640.8,545248670.8
2024-04-29,512871249,46117518,1720935,32869858.5,545741107.5
2024-04-30,519387199,33664340,1704335,31547240.85,550934439.85
2024-05-06,603494152,157502795,1732435,34180942.55,637675094.55
2024-05-07,625642861,113620668,1660235,31743693.2,657386554.2
2024-05-08,641482312,49076263,1725335,32712351.6,674194663.6
2024-05-09,648482897,102053192,1698135,33724961.1,682207858.1
2024-05-10,654289238,54302235,1809860,34532128.8,688821366.8
2024-05-13,637244429,23483378,1776360,32649496.8,669893925.8
2024-05-14,636050820,15534306,1731360,31580006.4,667630826.4
2024-05-15,628748704,31457683,1721960,30427033.2,659175737.2
2024-05-16,603112809,15222865,1942960,34370962.4,637483771.4
2024-05-17,593296784,32387239,2527560,43954268.4,637251052.4
2024-05-20,599168358,38499679,1565990,27169926.5,626338284.5
2024-05-21,606704152,34956049,942380,16491650.0,623195802.0
2024-05-22,623797506,49373118,1091980,19240687.6,643038193.6
2024-05-23,627695202,40365553,1224780,20723277.6,648418479.6
2024-05-24,616820647,29818131,1263980,20691352.6,637511999.6
2024-05-27,613825320,23776773,1068040,17334289.2,631159609.2
2024-05-28,614431678,10792493,1037105,16521082.65,630952760.65
2024-05-29,614411485,29720624,838950,13901401.5,628312886.5
2024-05-30,603949196,19095348,895150,14617799.5,618566995.5
2024-05-31,604985747,17080843,953320,15548649.2,620534396.2
2024-06-03,599026066,10776898,1213620,19636371.6,618662437.6
2024-06-04,601637643,18618840,1284920,21201180.0,622838823.0
2024-06-05,570761793,68430338,1585820,27894573.8,598656366.8
2024-06-06,578763251,38901442,1694520,28806840.0,607570091.0
2024-06-07,586517901,28326550,1495720,24739208.8,611257109.8
2024-06-11,591046473,17282492,1792076,29623016.28,620669489.28
2024-06-12,600515392,25645241,1788076,29306565.64,629821957.64
2024-06-13,613513265,30705733,1800592,28449353.6,641962618.6
2024-06-14,612539599,17877586,1671092,26486808.2,639026407.2
2024-06-17,573356251,24421595,1491992,24752147.28,598108398.28
2024-06-18,601056207,45136082,1660192,26812100.8,627868307.8
2024-06-19,622514415,37739563,1735347,26967292.38,649481707.38
2024-06-20,616464895,24347132,1735847,26020346.53,642485241.53
2024-06-21,614556233,18775646,1632577,24325397.3,638881630.3
2024-06-24,611079201,21730228,1606177,22855898.71,633935099.71
2024-06-25,611451110,19970217,1576277,21862961.99,633314071.99
2024-06-26,592491866,14871200,1514743,22372754.11,614864620.11
2024-06-27,585806567,9015101,1636943,23539240.34,609345807.34
2024-06-28,594072442,23961086,1642843,23213371.59,617285813.59
2024-07-01,588276308,15621752,1701213,24140212.47,612416520.47
2024-07-02,595264523,14668194,2073913,28744434.18,624008957.18
2024-07-03,595554014,15741940,2096013,29323221.87,624877235.87
2024-07-04,607408279,31651434,2104513,29126459.92,636534738.92
2024-07-05,602140597,13128325,2185613,29658768.41,631799365.41
2024-07-08,584756328,10438111,2160913,28848188.55,613604516.55
2024-07-09,586226701,17657280,2314613,30946375.81,617173076.81
2024-07-10,592856391,26285586,2325413,31137280.07,623993671.07
2024-07-11,589704502,23183669,2246797,31365286.12,621069788.12
2024-07-12,605805317,26665390,2184997,29825209.05,635630526.05
2024-07-15,613888139,22373990,2250897,29734349.37,643622488.37
2024-07-16,618510775,16692370,2618427,34589420.67,653100195.67
2024-07-17,632835884,32858239,2560827,33879741.21,666715625.21
2024-07-18,627042410,16088120,2519427,33180853.59,660223263.59
2024-07-19,621092683,19745575,2412227,32179108.18,653271791.18
2024-07-22,608488443,18789400,2367927,31114560.78,639603003.78
2024-07-23,619385448,33431875,2241052,28394128.84,647779576.84
2024-07-24,636068222,29049452,1956422,24337889.68,660406111.68
2024-07-25,619858353,9244307,1731647,21749486.32,641607839.32
2024-07-26,612631226,9752147,1480847,18984458.54,631615684.54
2024-07-29,616645609,18077331,1385747,17113975.45,633759584.45
2024-07-30,617773373,12422090,1113312,13738270.08,631511643.08
2024-07-31,605208362,16657210,933207,12131691.0,617340053.0
2024-08-01,610248709,20862706,783507,9942703.83,620191412.83
2024-08-02,607060656,13338275,694207,8726181.99,615786837.99
2024-08-05,600850700,8805126,729807,9013116.45,609863816.45
2024-08-06,596111154,6737019,763307,9701631.97,605812785.97
2024-08-07,601920397,14507929,688007,8545046.94,610465443.94
2024-08-08,600453286,7692455,621907,7680551.45,608133837.45
2024-08-09,606579191,18419620,733107,8848601.49,615427792.49
2024-08-12,603200502,7721998,643607,7819825.05,611020327.05
2024-08-13,608507293,15553090,526707,6425825.4,614933118.4
2024-08-14,612367906,19222601,451207,5369363.3,617737269.3
2024-08-15,617567953,14286499,253707,3024187.44,620592140.44
2024-08-16,617504595,18659580,175407,2022442.71,619527037.71
2024-08-19,621213272,18860556,143607,1642864.08,622856136.08
2024-08-20,618079297,14135180,317910,3566950.2,621646247.2
2024-08-21,614115312,9973062,313710,3538648.8,617653960.8
2024-08-22,607713723,10264073,214210,2356310.0,610070033.0
2024-08-23,597904734,8603453,215510,2359834.5,600264568.5
2024-08-26,595098858,13199702,214210,2388441.5,597487299.5
2024-08-27,594097856,9719811,216310,2346963.5,596444819.5
2024-08-28,580011157,4159882,231910,2518542.6,582529699.6
2024-08-29,578540586,12883237,231610,2591715.9,581132301.9
2024-08-30,575745746,18053560,75310,869830.5,576615576.5
2024-09-02,576209921,11091815,42390,472224.6,576682145.6
2024-09-03,572297197,10228797,65190,750336.9,573047533.9
2024-09-04,577273796,22684584,52890,616168.5,577889964.5
2024-09-05,577561194,13808579,51390,601263.0,578162457.0
2024-09-06,576342970,12368025,55490,630366.4,576973336.4
2024-09-09,575545812,6159850,50790,569355.9,576115167.9
2024-09-10,577226323,11212450,117490,1305313.9,578531636.9
2024-09-11,572004258,19229498,130190,1511505.9,573515763.9
2024-09-12,572360704,14141903,113090,1279047.9,573639751.9
2024-09-13,576863847,15889652,113890,1236845.4,578100692.4
2024-09-18,573437216,13211945,107390,1139407.9,574576623.9
2024-09-19,571836522,10792335,211790,2293685.7,574130207.7
2024-09-20,574864841,18176787,273390,2876062.8,577740903.8
2024-09-23,571022162,15056396,271090,2892530.3,573914692.3
2024-09-24,555126183,19466662,170290,1971958.2,557098141.2
2024-09-25,558892050,34023684,166190,1956056.3,560848106.3
2024-09-26,556100166,26361022,168190,2102375.0,558202541.0
2024-09-27,540610133,39688005,166890,2268035.1,542878168.1
2024-09-30,533380320,88076795,26490,396025.5,533776345.5
2024-10-08,530417913,94493647,35090,576528.7,530994441.7
2024-10-09,546538425,80245864,129590,1916636.1,548455061.1
2024-10-10,534311911,47904182,46490,668991.1,534980902.1
2024-10-11,528850800,34062136,42690,580584.0,529431384.0
2024-10-14,580900398,83841036,119590,1670672.3,582571070.3
2024-10-15,571574082,20765886,149290,2019893.7,573593975.7
2024-10-16,564998538,24615043,73790,974028.0,565972566.0
2024-10-17,577027180,27215056,71890,941759.0,577968939.0
2024-10-18,523221356,50735814,115990,1643578.3,524864934.3
2024-10-21,531226370,46071287,99990,1422857.7,532649227.7
2024-10-22,564954799,73084101,101490,1511186.1,566465985.1
2024-10-23,587912661,59096320,43590,655593.6,588568254.6
2024-10-24,586020232,31918848,33790,490292.9,586510524.9
2024-10-25,660063327,153890427,54190,864872.4,660928199.4
2024-10-28,629239302,158719914,73190,1249353.3,630488655.3
2024-10-29,582905638,75491005,51990,856275.3,583761913.3
2024-10-30,583082924,71977344,46590,760814.7,583843738.7
2024-10-31,591229890,57596357,51890,872270.9,592102160.9
2024-11-01,592772681,55380932,40390,652298.5,593424979.5
2024-11-04,594488025,57559345,57090,971671.8,595459696.8
2024-11-05,605949806,111805343,51390,962020.8,606911826.8
2024-11-06,576045800,111539321,77390,1482018.5,577527818.5
2024-11-07,590299902,86720684,51190,968514.8,591268416.8
2024-11-08,603621467,104223220,83290,1579178.4,605200645.4
2024-11-11,578902283,85705202,88690,1850073.4,580752356.4
2024-11-12,572201672,98066370,88190,1810540.7,574012212.7
2024-11-13,577854559,79613536,86290,1733566.1,579588125.1
2024-11-14,582703041,73406208,86690,1729465.5,584432506.5
2024-11-15,596313588,86268697,80390,1479979.9,597793567.9
2024-11-18,579415388,51631091,76190,1380562.8,580795950.8
2024-11-19,598385172,84034791,75290,1429757.1,599814929.1
2024-11-20,602047248,68331713,46890,883876.5,602931124.5
2024-11-21,589243477,86229811,75890,1531460.2,590774937.2
2024-11-22,580817256,110168031,83490,1692342.3,582509598.3
2024-11-25,598957838,94276387,88890,1822245.0,600780083.0
2024-11-26,580071484,67917664,87290,1684697.0,581756181.0
2024-11-27,572879146,61458186,94990,1924497.4,574803643.4
2024-11-28,566301088,53027784,111690,2230449.3,568531537.3
2024-11-29,561187008,51054551,93390,1861262.7,563048270.7
2024-12-02,595190749,89820546,85890,1678290.6,596869039.6
2024-12-03,598640372,44700734,76390,1457521.2,600097893.2
2024-12-04,599649818,29281412,91990,1722972.7,601372790.7
2024-12-05,600228166,24534872,92490,1740661.8,601968827.8
2024-12-06,588903514,46415902,87490,1675433.5,590578947.5
2024-12-09,592597004,33397152,95390,1777115.7,594374119.7
2024-12-10,591952861,46137132,95290,1759053.4,593711914.4
2024-12-11,579378922,42232831,93390,1685689.5,581064611.5
2024-12-12,578297484,33281142,95090,1741097.9,580038581.9
2024-12-13,565469285,18252465,101290,1804987.8,567274272.8
2024-12-16,564451141,20711384,70890,1227814.8,565678955.8
2024-12-17,562543770,22153590,79390,1382973.8,563926743.8
2024-12-18,574908469,31243800,84490,1454917.8,576363386.8
2024-12-19,568800794,20019213,85290,1452488.7,570253282.7
2024-12-20,576239538,27071026,84290,1449788.0,577689326.0
2024-12-23,581098054,20328669,85790,1437840.4,582535894.4
2024-12-24,577597043,11504223,69090,1166239.2,578763282.2
2024-12-25,585101910,20626351,69390,1144241.1,586246151.1
2024-12-26,585460089,17320501,64490,1053121.7,586513210.7
2024-12-27,590640745,25642343,52990,872215.4,591512960.4
2024-12-30,595255014,18340740,48790,791861.7,596046875.7
2024-12-31,593822561,15212858,46490,739655.9,594562216.9
2025-01-02,588971221,24459318,59790,914189.1,589885410.1
2025-01-03,591136237,22318633,48090,710289.3,591846526.3
2025-01-06,591167236,16525033,48590,709414.0,591876650.0
2025-01-07,588927976,16385916,47090,700699.2,589628675.2
2025-01-08,586136377,15269055,70190,1040215.8,587176592.8
2025-01-09,595635074,32514326,50890,780143.7,596415217.7
2025-01-10,605970451,28241485,63890,958350.0,606928801.0
2025-01-13,604810956,14650722,59990,915447.4,605726403.4
2025-01-14,620524549,44728651,60690,944943.3,621469492.3
2025-01-15,625522243,30790886,61190,927028.5,626449271.5
2025-01-16,623886862,28696176,58490,894312.1,624781174.1
2025-01-17,619238545,14671795,52390,799995.3,620038540.3
2025-01-20,611616997,19476011,48890,751439.3,612368436.3
2025-01-21,611086736,35711930,51990,771011.7,611857747.7
2025-01-22,605883788,23108957,46490,670385.8,606554173.8
2025-01-23,599583326,19613711,49490,711171.3,600294497.3
2025-01-24,573701996,14104207,41890,617877.5,574319873.5
2025-01-27,557485022,7978536,18790,276776.7,557761798.7
2025-02-05,567598692,18741254,24090,353159.4,567951851.4
2025-02-06,573876512,36156930,18590,279593.6,574156105.6
2025-02-07,581835977,70870064,23090,366207.4,582202184.4
2025-02-10,601859149,61418147,15490,243038.1,602102187.1
2025-02-11,626654146,66603679,22290,339030.9,626993176.9
2025-02-12,603454068,46430653,15490,244277.3,603698345.3
2025-02-13,601771958,58981697,27990,445600.8,602217558.8
2025-02-14,593477159,44291373,43690,697292.4,594174451.4
2025-02-17,606434844,46383694,43290,680518.8,607115362.8
2025-02-18,611617591,68678009,46490,748489.0,612366080.0
2025-02-19,611392832,52416654,92190,1489790.4,612882622.4
2025-02-20,612916475,38149106,65490,1043910.6,613960385.6
2025-02-21,613429704,56701820,76690,1246979.4,614676683.4
2025-02-24,614697220,68432865,104190,1728512.1,616425732.1
2025-02-25,634365798,90032907,109990,1865430.4,636231228.4
2025-02-26,675641784,121044800,119990,2105824.5,677747608.5
2025-02-27,655602110,116951571,107790,1887402.9,657489512.9
2025-02-28,659595961,81789038,114890,1969214.6,661565175.6
2025-03-03,676685304,113972015,138190,2504002.8,679189306.8
2025-03-04,707026046,87181473,130890,2259161.4,709285207.4
2025-03-05,700754110,48403506,113390,1906085.9,702660195.9
2025-03-06,688380579,48694547,128790,2213900.1,690594479.1
2025-03-07,692209875,42269412,124690,2078582.3,694288457.3
2025-03-10,735751672,91069862,129590,2219876.7,737971548.7
2025-03-11,729734899,54598509,113190,1979693.1,731714592.1
2025-03-12,729690319,45189209,99090,1714257.0,731404576.0
2025-03-13,756049011,144618105,119890,2170009.0,758219020.0
2025-03-14,853772596,173043664,131790,2393306.4,856165902.4
2025-03-17,801447584,127914075,153490,2902495.9,804350079.9
2025-03-18,782470026,69614198,140090,2632291.1,785102317.1
2025-03-19,742532765,58204243,136090,2543522.1,745076287.1
2025-03-20,730457049,60338352,123390,2302457.4,732759506.4
2025-03-21,692068351,51977888,115190,2064204.8,694132555.8
2025-03-24,661770242,61928184,131990,2470852.8,664241094.8
2025-03-25,654518787,76665508,156790,3029182.8,657547969.8
2025-03-26,597190072,72345729,146390,2774090.5,599964162.5
2025-03-27,572376807,31479808,117690,2191387.8,574568194.8
2025-03-28,623727334,62874675,96090,1771899.6,625499233.6
2025-03-31,610761496,40573098,103590,1901912.4,612663408.4
2025-04-01,625208293,31467485,132190,2382063.8,627590356.8
2025-04-02,617748334,49320359,92290,1704596.3,619452930.3
2025-04-03,653843480,67903847,80090,1430407.4,655273887.4
2025-04-07,571300840,11827835,69290,1113490.3,572414330.3
2025-04-08,537750819,25802577,80990,1283691.5,539034510.5
2025-04-09,543589763,36022876,87190,1412478.0,545002241.0
2025-04-10,550644908,39430321,78390,1284028.2,551928936.2
2025-04-11,544267400,18626360,94490,1557195.2,545824595.2
2025-04-14,541725728,23223500,64490,1084721.8,542810449.8
2025-04-15,543233971,37787840,125890,2176638.1,545410609.1
2025-04-16,531371513,14735621,119490,2097049.5,533468562.5
2025-04-17,546262431,25279460,128290,2229680.2,548492111.2
2025-04-18,535407945,27136104,129590,2280784.0,537688729.0
2025-04-21,525544569,26914471,141790,2587667.5,528132236.5
2025-04-22,531243933,42265301,130490,2252257.4,533496190.4
2025-04-23,521317876,24151479,143890,2538219.6,523856095.6
2025-04-24,504212191,17383198,147790,2596670.3,506808861.3
2025-04-25,500639553,12517175,133890,2339058.3,502978611.3
2025-04-28,498688139,17612262,129990,2192931.3,500881070.3
2025-04-29,493575073,8116448,112990,1923089.8,495498162.8
2025-04-30,494374920,18429036,92290,1551394.9,495926314.9
2025-05-06,498983948,22363299,83690,1427751.4,500411699.4
2025-05-07,486028604,13734946,80490,1390062.3,487418666.3
2025-05-08,481100524,16821971,70790,1248735.6,482349259.6
2025-05-09,470330719,19467752,67790,1168699.6,471499418.6
2025-05-12,461327691,14909729,69590,1238006.1,462565697.1
2025-05-13,472570637,25222353,81390,1438975.2,474009612.2
2025-05-14,472309874,21760735,87290,1545033.0,473854907.0
2025-05-15,477637683,21196749,93190,1596344.7,479234027.7
2025-05-16,483749203,23367544,89390,1541083.6,485290286.6
2025-05-19,478301714,8519662,80490,1385232.9,479686946.9
2025-05-20,482574144,12731507,84890,1457561.3,484031705.3
2025-05-21,481527582,31946812,95390,1670278.9,483197860.9
2025-05-22,487477896,21625068,88090,1515148.0,488993044.0
2025-05-23,480877722,14529442,91690,1556896.2,482434618.2
2025-05-26,484080238,18793134,85590,1418226.3,485498464.3
2025-05-27,490306989,21699765,85990,1385298.9,491692287.9
2025-05-28,499970705,24549236,67090,1065389.2,501036094.2
2025-05-29,497476469,14623499,74690,1206990.4,498683459.4
2025-05-30,504142777,16460668,68590,1074119.4,505216896.4
2025-06-03,502436594,10634613,84090,1329462.9,503766056.9
2025-06-04,518395035,32088241,85990,1376699.9,519771734.9
2025-06-05,505272753,12861311,90290,1450960.3,506723713.3
2025-06-06,503050821,15356200,90390,1445336.1,504496157.1
2025-06-09,503568068,15901988,70090,1131953.5,504700021.5
2025-06-10,506746373,88163293,53290,912324.8,507658697.8
2025-06-11,525866293,62105259,54390,906681.3,526772974.3
2025-06-12,554900134,56433305,55090,915595.8,555815729.8
2025-06-13,559539335,47304382,59490,991103.4,560530438.4
2025-06-16,568915725,34036559,48890,795440.3,569711165.3
2025-06-17,571597511,67434820,46690,796064.5,572393575.5
2025-06-18,569183993,33956629,48490,833058.2,570017051.2
2025-06-19,603458465,78965720,56845,971481.05,604429946.05
2025-06-20,608803233,56537220,129045,2210540.85,611013773.85
2025-06-23,584513896,37716620,125045,2173282.1,586687178.1
2025-06-24,562384555,93417289,134145,2441439.0,564825994.0
2025-06-25,565912687,89478274,137545,2587221.45,568499908.45
2025-06-26,536221008,83370417,136845,2552159.25,538773167.25
2025-06-27,549095194,82459464,139545,2612282.4,551707476.4
2025-06-30,550381232,45633595,138345,2598119.1,552979351.1
2025-07-01,541869315,79111790,181345,3316800.05,545186115.05
2025-07-02,560385778,40979404,173545,3151577.2,563537355.2
2025-07-03,551911700,59918724,103645,1919505.4,553831205.4
2025-07-04,529868122,29218310,107945,1982949.65,531851071.65
2025-07-07,534855820,29226490,155545,2890026.1,537745846.1
2025-07-08,499044919,34999505,156145,2912104.25,501957023.25
2025-07-09,488950068,23920285,165145,3051879.6,492001947.6
2025-07-10,482983159,22783806,152345,2801624.55,485784783.55
2025-07-11,488470497,33632321,150645,2761322.85,491231819.85
2025-07-14,499544641,36236198,67645,1225050.95,500769691.95
2025-07-15,511725112,41264284,66845,1189841.0,512914953.0
2025-07-16,502806727,18729285,68890,1229686.5,504036413.5
2025-07-17,502958426,40396914,65390,1180289.5,504138715.5
2025-07-18,507523272,36253620,66290,1199186.1,508722458.1
2025-07-21,516034885,43585196,79590,1437395.4,517472280.4
2025-07-22,539100358,78250419,74490,1373595.6,540473953.6
2025-07-23,539708771,51122390,69190,1253722.8,540962493.8
2025-07-24,563931162,83203551,70090,1312084.8,565243246.8
2025-07-25,560390767,34637753,66490,1240703.4,561631470.4
2025-07-28,567919341,47006715,71590,1345892.0,569265233.0
2025-07-29,556171638,46079157,73490,1383081.8,557554719.8
2025-07-30,556614815,56900870,73490,1325759.6,557940574.6
2025-07-31,554787424,40307382,67290,1180939.5,555968363.5
2025-08-01,553232417,22314302,62390,1098064.0,554330481.0
2025-08-04,556356683,20197925,71190,1260063.0,557616746.0
2025-08-05,558203976,25340902,71190,1276436.7,559480412.7
2025-08-06,537891598,25543960,127590,2301723.6,540193321.6
2025-08-07,545240252,33157006,130190,2301759.2,547542011.2
2025-08-08,558290608,31515171,150090,2623573.2,560914181.2
2025-08-11,553599391,40381107,125790,2270509.5,555869900.5
2025-08-12,551895210,37965548,117090,2107620.0,554002830.0
2025-08-13,544013328,42056705,114690,2083917.3,546097245.3
2025-08-14,552628811,45482080,120790,2139190.9,554768001.9
2025-08-15,535140541,37014106,120090,2207254.2,537347795.2
2025-08-18,550952327,71450167,68590,1269600.9,552221927.9
2025-08-19,561253695,47465708,67990,1255775.3,562509470.3
2025-08-20,559978952,34469965,70490,1314638.5,561293590.5
2025-08-21,551655359,35380012,70290,1289821.5,552945180.5
2025-08-22,541983481,40762472,67090,1255253.9,543238734.9
2025-08-25,560285027,71384156,66390,1270704.6,561555731.6
2025-08-26,569895489,56157079,66390,1278671.4,571174160.4
2025-08-27,599535101,96842230,71090,1342890.1,600877991.1
2025-08-28,623878163,194362080,88590,1805464.2,625683627.2
2025-08-29,610954385,192123965,81490,1827005.8,612781390.8
2025-09-01,722930887,323750003,210690,5022849.6,727953736.6
2025-09-02,736206810,253588945,212490,5040262.8,741247072.8
2025-09-03,714891003,189017225,203690,4898744.5,719789747.5
2025-09-04,709841651,199065683,260090,6018482.6,715860133.6
2025-09-05,697920418,208806731,264090,6721090.5,704641508.5
2025-09-08,873042146,414707665,459090,12110794.2,885152940.2
2025-09-09,876938621,285609829,448790,12386604.0,889325225.0
2025-09-10,892707867,227480602,465590,12263640.6,904971507.6
2025-09-11,883826334,177744232,512690,13622173.3,897448507.3
2025-09-12,862626535,149899200,406290,10673238.3,873299773.3
2025-09-15,871420635,204200227,487690,12879892.9,884300527.9
2025-09-16,865011023,147302557,434190,11536428.3,876547451.3
2025-09-17,843753311,112843031,449190,11993373.0,855746684.0
2025-09-18,832163444,187031506,415890,11000290.5,843163734.5
2025-09-19,845435448,198797298,277845,7468473.6,852903921.6
2025-09-22,882664556,172940211,256245,6959614.2,889624170.2
2025-09-23,857396591,145911599,227690,6056554.0,863453145.0
2025-09-24,861006700,192179651,206190,5690844.0,866697544.0
2025-09-25,967381364,301614626,205590,5705122.5,973086486.5
2025-09-26,1036121174,320803698,233490,6540054.9,1042661228.9
2025-09-29,1075851982,297149646,233590,6727392.0,1082579374.0
2025-09-30,1126534618,371199153,288390,8917018.8,1135451636.8
2025-10-09,1167348757,332102291,309890,9541513.1,1176890270.1
2025-10-10,1238477521,324846982,436690,12100679.9,1250578200.9
2025-10-13,1207900008,146581216,329290,9055475.0,1216955483.0
2025-10-14,1200752871,161956371,293890,7729307.0,1208482178.0
2025-10-15,1158599836,78231100,206590,5553139.2,1164152975.2
2025-10-16,1127171896,57608089,181390,4883018.8,1132054914.8
2025-10-17,1128908717,121933772,178290,4703290.2,1133612007.2
2025-10-20,1127459896,115097895,186790,4893898.0,1132353794.0
2025-10-21,1085368722,54411020,165090,4373234.1,1089741956.1
2025-10-22,1081513684,55865860,162190,4236402.8,1085750086.8
2025-10-23,1057512336,49449164,158690,4219567.1,1061731903.1
2025-10-24,1063250941,71677666,149590,4023971.0,1067274912.0
2025-10-27,1155325992,210821818,149090,4096993.2,1159422985.2
2025-10-28,1055069156,143567697,150090,4155992.1,1059225148.1
2025-10-29,1087466418,183462142,235690,6740734.0,1094207152.0
2025-10-30,1071028566,167694383,264890,7562609.5,1078591175.5
2025-10-31,1044357623,249559529,278290,8134416.7,1052492039.7
2025-11-03,1004140754,118175083,270590,7844404.1,1011985158.1
2025-11-04,983858918,93958651,274390,7666456.6,991525374.6
2025-11-05,960943270,112051498,160190,4557405.5,965500675.5
2025-11-06,935329353,120983301,154790,4527607.5,939856960.5
2025-11-07,941742430,155955308,180590,5426729.5,947169159.5
2025-11-10,974399240,179258199,299590,8912802.5,983312042.5
2025-11-11,955774835,93333233,271790,7919960.6,963694795.6
2025-11-12,974339901,91564229,276390,7973851.5,982313752.5
2025-11-13,1091567554,385616309,271690,8487595.6,1100055149.6
2025-11-14,1074526242,156069539,268190,8131520.8,1082657762.8
2025-11-17,1060248074,211612020,279290,8831149.8,1069079223.8
2025-11-18,1041449105,228457381,486290,13839813.4,1055288918.4
2025-11-19,1016212084,92218429,304090,8809487.3,1025021571.3
2025-11-20,1019317405,105953991,262490,7412717.6,1026730122.6
2025-11-21,936696625,94788277,240290,6343656.0,943040281.0
2025-11-24,923578420,73016075,234590,6064151.5,929642571.5
2025-11-25,924776052,68485775,199490,5192724.7,929968776.7
2025-11-26,895214916,43589747,139690,3623558.6,898838474.6
2025-11-27,883038110,84534490,99090,2637775.8,885675885.8
2025-11-28,896723686,61562661,172090,4587919.4,901311605.4
2025-12-01,902815518,86925772,101090,2750658.9,905566176.9
2025-12-02,903479682,49422472,131890,3534652.0,907014334.0
2025-12-03,897180480,48561829,132090,3503026.8,900683506.8
2025-12-04,885030907,27395942,131890,3488490.5,888519397.5
2025-12-05,875223748,45293111,120590,3194429.1,878418177.1
2025-12-08,902357008,72712450,122090,3275674.7,905632682.7
2025-12-09,896683500,53163044,112990,3029261.9,899712761.9
2025-12-10,903825120,48366633,103990,2758854.7,906583974.7
2025-12-11,900146962,45101927,124390,3267725.3,903414687.3
2025-12-12,895713298,46208462,110390,2894425.8,898607723.8
2025-12-15,891946089,41933817,65990,1697922.7,893644011.7
2025-12-16,879246946,29373313,48590,1244875.8,880491821.8
2025-12-17,864181685,39518870,47190,1237793.7,865419478.7
2025-12-18,876598750,53128646,68590,1790199.0,878388949.0
2025-12-19,867323179,39655342,46990,1252283.5,868575462.5
2025-12-22,879231589,56855812,42290,1135909.4,880367498.4
2025-12-23,885959823,75126708,43390,1188452.1,887148275.1
2025-12-24,880324352,48258540,38490,1056165.6,881380517.6
2025-12-25,894898555,77821229,37990,1034847.6,895933402.6
2025-12-26,864232671,64689979,40790,1146199.0,865378870.0
2025-12-29,924556440,115491544,39990,1088127.9,925644567.9
2025-12-30,913543729,56151146,39790,1090246.0,914633975.0
2025-12-31,887193576,40472511,41290,1128868.6,888322444.6
2026-01-05,874403552,70860624,39890,1105750.8,875509302.8
2026-01-06,890070536,104686549,39190,1092617.2,891163153.2
2026-01-07,898279867,83776019,39090,1097647.2,899377514.2
2026-01-08,911237758,82639442,40490,1109426.0,912347184.0
2026-01-09,892191420,67298468,45690,1266069.9,893457489.9
2026-01-12,855132818,100322799,47290,1274465.5,856407283.5
2026-01-13,832745211,57333471,47590,1269701.2,834014912.2
2026-01-14,829403294,76373943,42590,1143967.4,830547261.4
2026-01-15,879796280,185969650,47790,1346722.2,881143002.2
2026-01-16,946327219,154486895,43990,1239198.3,947566417.3
2026-01-19,948605410,70549750,43590,1232289.3,949837699.3
2026-01-20,979920823,104727484,43590,1199596.8,981120419.8
2026-01-21,930456945,143307261,54190,1593727.9,932050672.9
2026-01-22,1008165759,162896532,45690,1317242.7,1009483001.7
2026-01-23,1028225726,145612585,42690,1281126.9,1029506852.9
2026-01-26,1096041808,186190350,39990,1171707.0,1097213515.0
2026-01-27,1092269504,118617300,40290,1157128.8,1093426632.8
2026-01-28,1058318951,87462581,40990,1165755.6,1059484706.6
2026-01-29,1016810497,78731292,40090,1114101.1,1017924598.1
2026-01-30,981848547,75139216,43490,1205107.9,983053654.9
2026-02-02,985265678,61055326,50290,1359338.7,986625016.7
2026-02-03,962674830,50982058,49290,1385049.0,964059879.0
2026-02-04,947016643,63528445,44690,1259364.2,948276007.2
2026-02-05,937604046,40915109,47490,1309774.2,938913820.2
2026-02-06,904431474,68606558,50290,1424715.7,905856189.7
2026-02-09,906411267,68928454,48690,1394968.5,907806235.5
2026-02-10,907023207,65593589,48990,1382007.9,908405214.9
2026-02-11,908788218,48917440,52090,1473105.2,910261323.2
2026-02-12,900783761,53363545,48590,1385786.8,902169547.8
2026-02-13,863381436,63638919,44390,1255349.2,864636785.2
2026-02-24,871571164,102085231,44390,1295744.1,872866908.1
2026-02-25,860747500,73543566,45790,1360420.9,862107920.9
2026-02-26,890499087,131701028,55390,1584154.0,892083241.0
2026-02-27,898667038,81326120,47090,1338297.8,900005335.8
2026-03-02,906452537,77590550,48990,1382497.8,907835034.8
2026-03-03,882003094,98226535,49690,1395792.1,883398886.1
2026-03-04,851615926,56205182,46690,1297982.0,852913908.0
2026-03-05,897493023,110212021,46990,1295044.4,898788067.4
2026-03-06,894098095,142137204,115690,3078510.9,897176605.9
2026-03-09,879449016,111728377,58090,1609093.0,881058109.0
2026-03-10,872452193,113323619,55890,1590629.4,874042822.4
2026-03-11,879296040,197854465,60690,1799458.5,881095498.5
2026-03-12,890482376,123055781,51390,1513949.4,891996325.4
2026-03-13,828314817,221337748,151190,4900067.9,833214884.9
2026-03-16,941359022,352452825,316390,10206741.4,951565763.4
2026-03-17,930466173,196497249,173390,5335210.3,935801383.3
2026-03-18,938922770,179532430,142890,4313849.1,943236619.1
2026-03-19,939431768,160256479,183490,5368917.4,944800685.4
2026-03-20,882670530,300965598,427490,13508684.0,896179214.0
2026-03-23,880238638,259404534,369790,11640989.2,891879627.2
2026-03-24,944950132,257428726,341190,10883961.0,955834093.0
2026-03-25,1053834380,313012708,383190,12396196.5,1066230576.5
2026-03-26,1107178387,383695175,516690,17655297.3,1124833684.3
2026-03-27,1175473719,384517430,647490,22208907.0,1197682626.0
2026-03-30,1194126380,265062777,719390,24178697.9,1218305077.9
2026-03-31,1140280583,191556800,716590,22916548.2,1163197131.2
2026-04-01,1142804897,198963191,624790,19693380.8,1162498277.8
2026-04-02,1154986812,154487499,622190,19412328.0,1174399140.0
2026-04-03,1107546916,165786980,578190,17282099.1,1124829015.1
2026-04-07,1095833920,113344126,585590,17719953.4,1113553873.4
2026-04-08,1145878345,203696842,587749,18514093.5,1164392438.5
2026-04-09,1170455764,181451988,631349,20146346.59,1190602110.59
2026-04-10,1153191734,260348304,694749,23378303.85,1176570037.85
2026-04-13,1117998527,215617276,555549,19238661.87,1137237188.87
2026-04-14,1143783274,241736768,520349,18295470.84,1162078744.84
2026-04-15,1068866813,175907225,478949,16710530.61,1085577343.61
2026-04-16,1030504870,194253216,194049,6954716.16,1037459586.16
2026-04-17,1014122585,163419726,131390,4718214.9,1018840799.9
2026-04-20,996210067,149335756,118690,4200439.1,1000410506.1
2026-04-21,1055163875,223403445,113290,4103363.8,1059267238.8
2026-04-22,1107154517,252128264,157881,5712134.58,1112866651.58
2026-04-23,1073399081,215050094,104990,3609556.2,1077008637.2
2026-04-24,1074650824,274931709,193690,7110359.9,1081761183.9
2026-04-27,1082683659,247583788,202190,7474964.3,1090158623.3
2026-04-28,1081372899,204579415,205890,7309095.0,1088681994.0
2026-04-29,1115122607,264122324,196990,7410763.8,1122533370.8
2026-04-30,1122770468,224680287,165590,6005949.3,1128776417.3
2026-05-06,1181665103,324810321,159990,5946828.3,1187611931.3
2026-05-07,1224027273,289593640,287990,10301402.3,1234328675.3
2026-05-08,1219689266,292247229,306590,10420994.1,1230110260.1
2026-05-11,1242296484,192518434,198590,6694468.9,1248990952.9
2026-05-12,1243910444,140133556,190790,6339951.7,1250250395.7
2026-05-13,1298188458,158419109,166290,5535794.1,1303724252.1
2026-05-14,1256005355,123376114,163690,5267544.2,1261272899.2
2026-05-15,1269068434,137114351,160490,5169382.9,1274237816.9
2026-05-18,1254838460,106540295,169690,5370688.5,1260209148.5
2026-05-19,1253112375,115436561,172190,5410209.8,1258522584.8
2026-05-20,1310922963,183942478,170190,5517559.8,1316440522.8
2026-05-21,1300578899,160664886,205090,6505454.8,1307084353.8
2026-05-22,1297331236,106037727,299190,9681788.4,1307013024.4
2026-05-25,1287449334,179591938,505990,15584492.0,1303033826.0
2026-05-26,1304271928,109047349,426290,13193675.5,1317465603.5
2026-05-27,1286540055,122240114,427890,13384399.2,1299924454.2
2026-05-28,1276356659,93179539,411690,12626532.3,1288983191.3
2026-05-29,1256409884,72399249,438822,13441117.86,1269851001.86
2026-06-01,1255394732,92290647,463622,14228559.18,1269623291.18
2026-06-02,1251400334,56976964,389922,12029093.7,1263429427.7
2026-06-03,1287250728,121753524,384322,11514287.12,1298765015.12
2026-06-04,1276137182,105613351,346422,9838384.8,1285975566.8
2026-06-05,1276620896,87973823,316622,8741933.42,1285362829.42
2026-06-08,1263095188,67723036,289922,7813397.9,1270908585.9
2026-06-09,1258411628,68632914,280022,7815414.02,1266227042.02
2026-06-10,1228605828,36866287,283922,7810694.22,1236416522.22
2026-06-11,1241405591,62676806,262722,7153920.06,1248559511.06
2026-06-12,1277729330,132686133,270022,7652423.48,1285381753.48
2026-06-15,1290986125,101854759,263022,7669721.52,1298655846.52
2026-06-16,1301324171,118479978,270222,8020188.96,1309344359.96
2026-06-17,1298180426,103918665,296822,8759217.22,1306939643.22
2026-06-18,1287622486,77579549,272922,8051199.0,1295673685.0
2026-06-22,1305643314,141977559,247122,7636069.8,1313279383.8
2026-06-23,1317426343,109888775,770422,22457801.3,1339884144.3
2026-06-24,1343835892,103862524,767522,22311864.54,1366147756.54
2026-06-25,1293570296,67672876,766722,21889913.1,1315460209.1
2026-06-26,1299718240,91232890,765722,20215060.8,1319933300.8
2026-06-29,1288149941,63704564,778922,21412565.78,1309562506.78
2026-06-30,1259671762,91997410,766622,22178374.46,1281850136.46
2026-07-01,1281868285,138151339,767522,21851351.34,1303719636.34
2026-07-02,1263390411,72565948,780422,21968879.3,1285359290.3
2026-07-03,1255774091,70192088,777922,21875166.64,1277649257.64
2026-07-06,1222551115,77671199,744022,20118354.88,1242669469.88
2026-07-07,1211122690,50287740,723522,19838973.24,1230961663.24
2026-07-08,1215238254,65226696,719322,18968521.14,1234206775.14
2026-07-09,1201352213,79510310,721122,18359766.12,1219711979.12
2026-07-10,1192425689,66373326,722022,17761741.2,1210187430.2
2026-07-13,1169112784,53010201,721422,16744204.62,1185856988.62
2026-07-14,1157706966,44864543,717822,17155945.8,1174862911.8
2026-07-15,1149265360,41421428,724622,16890938.82,1166156298.82
2026-07-16,1140598479,36538974,716622,16088163.9,1156686642.9
2026-07-17,1121393544,42322905,725322,15739487.4,1137133031.4
2026-07-20,1104201436,55208434,715022,15315771.24,1119517207.24
2026-07-21,1090345761,54800476,712522,16373755.56,1106719516.56
2026-07-22,1095826964,49783920,712522,16209875.5,1112036839.5
2026-07-23,1066339986,49844612,390922,9429038.64,1075769024.64
2026-07-24,1084095051,56375553,391022,9318054.26,1093413105.26
2026-07-27,1079096376,46627046,397222,9656466.82,1088752842.82
2026-07-28,1061393958,26917297,398122,9539003.12,1070932961.12
2026-07-29,1051142198,46335444,401622,9815641.68,1060957839.68
2026-07-30,1055145997,37589777,379322,9168212.74,1064314209.74
2026-07-31,1046689150,54561824,372622,8868403.6,1055557553.6
